ISO-10303-21;
HEADER;
FILE_DESCRIPTION (( 'STEP AP203' ),
    '1' );
FILE_NAME ('电路板尺寸图.STEP',
    '2025-06-11T06:43:15',
    ( 'Windows 用户' ),
    ( '' ),
    'SwSTEP 2.0',
    'SolidWorks 2018',
    '' );
FILE_SCHEMA (( 'CONFIG_CONTROL_DESIGN' ));
ENDSEC;

DATA;
#1 = ORIENTED_EDGE ( 'NONE', *, *, #666, .T. ) ;
#2 = EDGE_CURVE ( 'NONE', #683, #1650, #172, .T. ) ;
#3 = CARTESIAN_POINT ( 'NONE',  ( -36.90000000000000568, -10.03000000000000114, 1.199999999999999956 ) ) ;
#4 = ORIENTED_EDGE ( 'NONE', *, *, #777, .T. ) ;
#5 = CYLINDRICAL_SURFACE ( 'NONE', #662, 0.2500000000000002220 ) ;
#6 = ADVANCED_FACE ( 'NONE', ( #1720 ), #2061, .F. ) ;
#7 = VERTEX_POINT ( 'NONE', #715 ) ;
#8 = DIRECTION ( 'NONE',  ( 0.000000000000000000, 0.000000000000000000, 1.000000000000000000 ) ) ;
#9 = CARTESIAN_POINT ( 'NONE',  ( -43.00000000000001421, -10.03000000000000114, -8.800000000000000711 ) ) ;
#10 = ORIENTED_EDGE ( 'NONE', *, *, #767, .F. ) ;
#11 = VERTEX_POINT ( 'NONE', #1211 ) ;
#12 = EDGE_CURVE ( 'NONE', #1388, #2141, #1879, .T. ) ;
#13 = AXIS2_PLACEMENT_3D ( 'NONE', #1321, #1629, #1805 ) ;
#14 = CYLINDRICAL_SURFACE ( 'NONE', #1100, 1.000000000000000888 ) ;
#15 = EDGE_CURVE ( 'NONE', #1334, #1886, #350, .T. ) ;
#16 = CYLINDRICAL_SURFACE ( 'NONE', #808, 1.000000000000000888 ) ;
#17 = CARTESIAN_POINT ( 'NONE',  ( -30.50000000000000711, 24.00000000000000000, 0.000000000000000000 ) ) ;
#18 = DIRECTION ( 'NONE',  ( -1.387778780781445676E-16, 1.000000000000000000, 0.000000000000000000 ) ) ;
#19 = CARTESIAN_POINT ( 'NONE',  ( -36.90000000000000568, -5.980000000000001315, 1.199999999999999956 ) ) ;
#20 = ORIENTED_EDGE ( 'NONE', *, *, #2082, .F. ) ;
#21 = ADVANCED_FACE ( 'NONE', ( #542 ), #1066, .F. ) ;
#22 = DIRECTION ( 'NONE',  ( 1.000000000000000000, 0.000000000000000000, 0.000000000000000000 ) ) ;
#23 = VECTOR ( 'NONE', #1914, 1000.000000000000000 ) ;
#24 = VERTEX_POINT ( 'NONE', #1176 ) ;
#25 = CARTESIAN_POINT ( 'NONE',  ( -36.65000000000000568, -10.03000000000000114, 1.199999999999999956 ) ) ;
#26 = AXIS2_PLACEMENT_3D ( 'NONE', #1026, #1865, #1046 ) ;
#27 = EDGE_LOOP ( 'NONE', ( #1219, #1999, #1023, #963 ) ) ;
#28 = ORIENTED_EDGE ( 'NONE', *, *, #792, .F. ) ;
#29 = EDGE_CURVE ( 'NONE', #1604, #1921, #897, .T. ) ;
#30 = APPROVAL_DATE_TIME ( #822, #1073 ) ;
#31 = ADVANCED_FACE ( 'NONE', ( #723 ), #318, .F. ) ;
#32 = EDGE_LOOP ( 'NONE', ( #616, #1470, #1083, #1550, #1450 ) ) ;
#33 = EDGE_CURVE ( 'NONE', #1241, #1886, #870, .T. ) ;
#34 = CARTESIAN_POINT ( 'NONE',  ( 0.000000000000000000, -10.28000000000000114, 0.000000000000000000 ) ) ;
#35 = FACE_OUTER_BOUND ( 'NONE', #1185, .T. ) ;
#36 = AXIS2_PLACEMENT_3D ( 'NONE', #9, #1529, #2036 ) ;
#37 = EDGE_LOOP ( 'NONE', ( #671, #1074 ) ) ;
#38 = ORIENTED_EDGE ( 'NONE', *, *, #1335, .F. ) ;
#39 = CARTESIAN_POINT ( 'NONE',  ( -36.50000000000000711, -1.000000000000000888, 1.199999999999999956 ) ) ;
#40 = CARTESIAN_POINT ( 'NONE',  ( -43.00000000000001421, -5.980000000000001315, 1.199999999999999956 ) ) ;
#41 = CIRCLE ( 'NONE', #2022, 1.000000000000000888 ) ;
#42 = FACE_OUTER_BOUND ( 'NONE', #109, .T. ) ;
#43 = CARTESIAN_POINT ( 'NONE',  ( -41.15000000000001279, -14.75000000000000178, 1.199999999999999956 ) ) ;
#44 = EDGE_CURVE ( 'NONE', #1241, #635, #640, .T. ) ;
#45 = FACE_OUTER_BOUND ( 'NONE', #266, .T. ) ;
#46 = ORIENTED_EDGE ( 'NONE', *, *, #129, .F. ) ;
#47 = EDGE_CURVE ( 'NONE', #1626, #1151, #200, .T. ) ;
#48 = CARTESIAN_POINT ( 'NONE',  ( -37.80000000000000426, -10.28000000000000114, 0.000000000000000000 ) ) ;
#49 = EDGE_CURVE ( 'NONE', #300, #1741, #133, .T. ) ;
#50 = CYLINDRICAL_SURFACE ( 'NONE', #1274, 0.2500000000000002220 ) ;
#51 = DIRECTION ( 'NONE',  ( 1.000000000000000000, 0.000000000000000000, 0.000000000000000000 ) ) ;
#52 = ORIENTED_EDGE ( 'NONE', *, *, #827, .F. ) ;
#53 = VECTOR ( 'NONE', #881, 1000.000000000000000 ) ;
#54 = DIRECTION ( 'NONE',  ( -1.000000000000000000, 0.000000000000000000, 0.000000000000000000 ) ) ;
#55 = CARTESIAN_POINT ( 'NONE',  ( -28.50000000000000355, 21.00000000000000000, 0.000000000000000000 ) ) ;
#56 = ORIENTED_EDGE ( 'NONE', *, *, #674, .T. ) ;
#57 = DIRECTION ( 'NONE',  ( 1.000000000000000000, 0.000000000000000000, 0.000000000000000000 ) ) ;
#58 = VERTEX_POINT ( 'NONE', #2021 ) ;
#59 = VERTEX_POINT ( 'NONE', #2175 ) ;
#60 = CARTESIAN_POINT ( 'NONE',  ( -37.05000000000001137, -8.000000000000000000, 1.199999999999999956 ) ) ;
#61 = CARTESIAN_POINT ( 'NONE',  ( -37.80000000000000426, -10.28000000000000114, -8.800000000000000711 ) ) ;
#62 = VERTEX_POINT ( 'NONE', #701 ) ;
#63 = FACE_OUTER_BOUND ( 'NONE', #791, .T. ) ;
#64 = DIRECTION ( 'NONE',  ( 0.000000000000000000, 0.000000000000000000, -1.000000000000000000 ) ) ;
#65 = VERTEX_POINT ( 'NONE', #1869 ) ;
#66 = CARTESIAN_POINT ( 'NONE',  ( -43.95000000000000995, -14.46000000000000085, -8.800000000000000711 ) ) ;
#67 = LINE ( 'NONE', #340, #442 ) ;
#68 = ORIENTED_EDGE ( 'NONE', *, *, #381, .T. ) ;
#69 = FACE_BOUND ( 'NONE', #1348, .T. ) ;
#70 = VECTOR ( 'NONE', #1162, 1000.000000000000000 ) ;
#71 = VECTOR ( 'NONE', #452, 1000.000000000000000 ) ;
#72 = DIRECTION ( 'NONE',  ( 1.000000000000000000, 0.000000000000000000, 0.000000000000000000 ) ) ;
#73 = AXIS2_PLACEMENT_3D ( 'NONE', #1944, #796, #1136 ) ;
#74 = VERTEX_POINT ( 'NONE', #1198 ) ;
#75 = CARTESIAN_POINT ( 'NONE',  ( -43.37500000000001421, -14.46000000000000085, -8.800000000000000711 ) ) ;
#77 = ORIENTED_EDGE ( 'NONE', *, *, #1325, .T. ) ;
#76 = AXIS2_PLACEMENT_3D ( 'NONE', #1250, #1748, #915 ) ;
#78 = LINE ( 'NONE', #1187, #1716 ) ;
#79 = ORIENTED_EDGE ( 'NONE', *, *, #878, .T. ) ;
#80 = ORIENTED_EDGE ( 'NONE', *, *, #235, .F. ) ;
#81 = CARTESIAN_POINT ( 'NONE',  ( -43.90000000000001279, -10.28000000000000114, 1.199999999999999956 ) ) ;
#82 = CARTESIAN_POINT ( 'NONE',  ( -43.00000000000001421, -5.730000000000000426, 0.000000000000000000 ) ) ;
#83 = AXIS2_PLACEMENT_3D ( 'NONE', #1057, #1546, #737 ) ;
#84 = ORIENTED_EDGE ( 'NONE', *, *, #400, .T. ) ;
#85 = DIRECTION ( 'NONE',  ( 1.000000000000000000, 0.000000000000000000, 0.000000000000000000 ) ) ;
#86 = VECTOR ( 'NONE', #301, 1000.000000000000000 ) ;
#87 = EDGE_CURVE ( 'NONE', #404, #2172, #78, .T. ) ;
#88 = EDGE_CURVE ( 'NONE', #1151, #380, #252, .T. ) ;
#89 = ORIENTED_EDGE ( 'NONE', *, *, #571, .T. ) ;
#90 = EDGE_LOOP ( 'NONE', ( #231, #1722 ) ) ;
#91 = FACE_BOUND ( 'NONE', #289, .T. ) ;
#92 = DIRECTION ( 'NONE',  ( -0.000000000000000000, -0.000000000000000000, 1.000000000000000000 ) ) ;
#93 = FACE_OUTER_BOUND ( 'NONE', #383, .T. ) ;
#94 = EDGE_LOOP ( 'NONE', ( #1483, #787 ) ) ;
#95 = CIRCLE ( 'NONE', #1717, 0.5749999999999990674 ) ;
#96 = CARTESIAN_POINT ( 'NONE',  ( -31.50000000000000711, 12.00000000000000178, 1.199999999999999956 ) ) ;
#97 = VECTOR ( 'NONE', #966, 1000.000000000000000 ) ;
#98 = DIRECTION ( 'NONE',  ( -0.000000000000000000, -0.000000000000000000, -1.000000000000000000 ) ) ;
#99 = DIRECTION ( 'NONE',  ( -0.000000000000000000, -0.000000000000000000, 1.000000000000000000 ) ) ;
#100 = LINE ( 'NONE', #586, #1014 ) ;
#101 = ORIENTED_EDGE ( 'NONE', *, *, #2025, .T. ) ;
#102 = CARTESIAN_POINT ( 'NONE',  ( -36.90000000000000568, -5.980000000000001315, -8.800000000000000711 ) ) ;
#103 = EDGE_CURVE ( 'NONE', #1370, #2131, #1283, .T. ) ;
#104 = DIRECTION ( 'NONE',  ( 0.000000000000000000, 0.000000000000000000, 1.000000000000000000 ) ) ;
#105 = VERTEX_POINT ( 'NONE', #1689 ) ;
#106 = CARTESIAN_POINT ( 'NONE',  ( -37.80000000000000426, -5.730000000000000426, 0.000000000000000000 ) ) ;
#107 = ORIENTED_EDGE ( 'NONE', *, *, #1318, .T. ) ;
#108 = DIRECTION ( 'NONE',  ( -0.000000000000000000, 0.000000000000000000, 1.000000000000000000 ) ) ;
#109 = EDGE_LOOP ( 'NONE', ( #471, #941, #607, #460 ) ) ;
#110 = ORIENTED_EDGE ( 'NONE', *, *, #1665, .F. ) ;
#111 = EDGE_LOOP ( 'NONE', ( #1939, #1610, #1260, #141 ) ) ;
#112 = LOCAL_TIME ( 14, 43, 15.00000000000000000, #702 ) ;
#113 = DIRECTION ( 'NONE',  ( -0.000000000000000000, 0.000000000000000000, 1.000000000000000000 ) ) ;
#114 = ORIENTED_EDGE ( 'NONE', *, *, #649, .F. ) ;
#115 = CYLINDRICAL_SURFACE ( 'NONE', #1777, 0.5000000000000004441 ) ;
#116 = DIRECTION ( 'NONE',  ( 1.000000000000000000, 0.000000000000000000, 0.000000000000000000 ) ) ;
#117 = ORIENTED_EDGE ( 'NONE', *, *, #1547, .F. ) ;
#118 = DIRECTION ( 'NONE',  ( -0.000000000000000000, -0.000000000000000000, -1.000000000000000000 ) ) ;
#119 = ORIENTED_EDGE ( 'NONE', *, *, #1137, .F. ) ;
#120 = ORIENTED_EDGE ( 'NONE', *, *, #224, .T. ) ;
#121 = CARTESIAN_POINT ( 'NONE',  ( -43.90000000000001279, -9.780000000000001137, 1.199999999999999956 ) ) ;
#122 = DIRECTION ( 'NONE',  ( 1.000000000000000000, 0.000000000000000000, 0.000000000000000000 ) ) ;
#123 = CIRCLE ( 'NONE', #565, 1.000000000000000888 ) ;
#124 = ORIENTED_EDGE ( 'NONE', *, *, #1617, .F. ) ;
#125 = EDGE_CURVE ( 'NONE', #714, #1346, #1621, .T. ) ;
#126 = CIRCLE ( 'NONE', #1677, 1.000000000000000888 ) ;
#127 = CARTESIAN_POINT ( 'NONE',  ( 28.49999999999999289, 21.00000000000000000, 0.000000000000000000 ) ) ;
#128 = LINE ( 'NONE', #1133, #2090 ) ;
#129 = EDGE_CURVE ( 'NONE', #11, #24, #2071, .T. ) ;
#130 = ORIENTED_EDGE ( 'NONE', *, *, #1456, .F. ) ;
#131 = DIRECTION ( 'NONE',  ( 0.000000000000000000, -1.000000000000000000, 0.000000000000000000 ) ) ;
#132 = DIRECTION ( 'NONE',  ( 1.000000000000000000, 0.000000000000000000, 0.000000000000000000 ) ) ;
#133 = LINE ( 'NONE', #34, #749 ) ;
#134 = DIRECTION ( 'NONE',  ( 1.000000000000000000, 0.000000000000000000, 0.000000000000000000 ) ) ;
#135 = ORIENTED_EDGE ( 'NONE', *, *, #546, .F. ) ;
#136 = ORIENTED_EDGE ( 'NONE', *, *, #1415, .T. ) ;
#137 = DIRECTION ( 'NONE',  ( -0.000000000000000000, 0.000000000000000000, 1.000000000000000000 ) ) ;
#138 = VERTEX_POINT ( 'NONE', #359 ) ;
#139 = DIRECTION ( 'NONE',  ( 0.000000000000000000, 0.000000000000000000, 1.000000000000000000 ) ) ;
#140 = AXIS2_PLACEMENT_3D ( 'NONE', #1375, #1881, #375 ) ;
#141 = ORIENTED_EDGE ( 'NONE', *, *, #2, .T. ) ;
#142 = DIRECTION ( 'NONE',  ( -0.000000000000000000, 0.000000000000000000, 1.000000000000000000 ) ) ;
#143 = APPROVAL_PERSON_ORGANIZATION ( #1887, #1317, #1490 ) ;
#144 = DIRECTION ( 'NONE',  ( -0.000000000000000000, -0.000000000000000000, 1.000000000000000000 ) ) ;
#145 = EDGE_CURVE ( 'NONE', #1382, #1983, #2094, .T. ) ;
#146 = ORIENTED_EDGE ( 'NONE', *, *, #351, .F. ) ;
#147 = CARTESIAN_POINT ( 'NONE',  ( -43.90000000000001279, -9.780000000000001137, 1.199999999999999956 ) ) ;
#148 = DIRECTION ( 'NONE',  ( 0.000000000000000000, 0.000000000000000000, 1.000000000000000000 ) ) ;
#149 = ORIENTED_EDGE ( 'NONE', *, *, #1129, .F. ) ;
#150 = ADVANCED_FACE ( 'NONE', ( #962 ), #50, .F. ) ;
#151 = CARTESIAN_POINT ( 'NONE',  ( -45.10000000000000853, 1.540743955509788682E-30, 1.199999999999999956 ) ) ;
#152 = CARTESIAN_POINT ( 'NONE',  ( -0.000000000000000000, -5.730000000000000426, 0.000000000000000000 ) ) ;
#153 = DIRECTION ( 'NONE',  ( 1.000000000000000000, 0.000000000000000000, 0.000000000000000000 ) ) ;
#154 = FACE_BOUND ( 'NONE', #410, .T. ) ;
#155 = CIRCLE ( 'NONE', #801, 1.000000000000000888 ) ;
#156 = CIRCLE ( 'NONE', #1759, 0.2500000000000002220 ) ;
#157 = VECTOR ( 'NONE', #446, 1000.000000000000000 ) ;
#158 = DIRECTION ( 'NONE',  ( 1.000000000000000000, 0.000000000000000000, 0.000000000000000000 ) ) ;
#159 = DIRECTION ( 'NONE',  ( -0.000000000000000000, 1.000000000000000000, -0.000000000000000000 ) ) ;
#160 = CIRCLE ( 'NONE', #258, 0.3500000000000030864 ) ;
#161 = ORIENTED_EDGE ( 'NONE', *, *, #203, .T. ) ;
#162 = CARTESIAN_POINT ( 'NONE',  ( -37.80000000000000426, -10.28000000000000114, -8.800000000000000711 ) ) ;
#163 = DIRECTION ( 'NONE',  ( -0.000000000000000000, -0.000000000000000000, 1.000000000000000000 ) ) ;
#164 = ORIENTED_EDGE ( 'NONE', *, *, #898, .F. ) ;
#165 = ADVANCED_FACE ( 'NONE', ( #539 ), #1570, .F. ) ;
#166 = CARTESIAN_POINT ( 'NONE',  ( -27.50000000000000355, -21.00000000000000000, 1.199999999999999956 ) ) ;
#167 = CYLINDRICAL_SURFACE ( 'NONE', #1838, 0.3500000000000030864 ) ;
#168 = CARTESIAN_POINT ( 'NONE',  ( -26.50000000000000355, 21.00000000000000000, 1.199999999999999956 ) ) ;
#169 = VERTEX_POINT ( 'NONE', #25 ) ;
#170 = APPLICATION_PROTOCOL_DEFINITION ( 'international standard', 'config_control_design', 1994, #899 ) ;
#171 = CARTESIAN_POINT ( 'NONE',  ( -44.20000000000000995, -8.000000000000000000, 0.000000000000000000 ) ) ;
#172 = CIRCLE ( 'NONE', #1974, 0.3500000000000030864 ) ;
#173 = ORIENTED_EDGE ( 'NONE', *, *, #598, .T. ) ;
#174 = PERSON_AND_ORGANIZATION ( #912, #1524 ) ;
#175 = EDGE_LOOP ( 'NONE', ( #2063, #706, #790, #2044, #901, #1, #1409, #1714, #1372, #136, #967, #2073 ) ) ;
#176 = CARTESIAN_POINT ( 'NONE',  ( -37.80000000000000426, -5.730000000000000426, 1.199999999999999956 ) ) ;
#177 = ADVANCED_FACE ( 'NONE', ( #1332 ), #167, .F. ) ;
#178 = CARTESIAN_POINT ( 'NONE',  ( -40.15000000000001279, -19.25000000000000000, 1.199999999999999956 ) ) ;
#179 = LINE ( 'NONE', #1642, #1750 ) ;
#180 = EDGE_CURVE ( 'NONE', #1478, #1404, #670, .T. ) ;
#181 = APPROVAL_STATUS ( 'not_yet_approved' ) ;
#182 = CARTESIAN_POINT ( 'NONE',  ( -44.52500000000000568, -14.46000000000000085, 0.000000000000000000 ) ) ;
#183 = AXIS2_PLACEMENT_3D ( 'NONE', #2142, #322, #1487 ) ;
#184 = CARTESIAN_POINT ( 'NONE',  ( -38.11000000000001364, -20.15000000000000213, 0.000000000000000000 ) ) ;
#185 = DIRECTION ( 'NONE',  ( 1.000000000000000000, 0.000000000000000000, 0.000000000000000000 ) ) ;
#186 = VECTOR ( 'NONE', #1598, 1000.000000000000000 ) ;
#187 = ORIENTED_EDGE ( 'NONE', *, *, #2, .F. ) ;
#188 = CIRCLE ( 'NONE', #236, 0.2500000000000002220 ) ;
#189 = ADVANCED_FACE ( 'NONE', ( #299 ), #1698, .F. ) ;
#190 = DIRECTION ( 'NONE',  ( 1.000000000000000000, 0.000000000000000000, 0.000000000000000000 ) ) ;
#191 = CYLINDRICAL_SURFACE ( 'NONE', #2120, 0.2500000000000002220 ) ;
#192 = DIRECTION ( 'NONE',  ( -0.000000000000000000, 0.000000000000000000, 1.000000000000000000 ) ) ;
#193 = CARTESIAN_POINT ( 'NONE',  ( -38.11000000000001364, -20.15000000000000213, 1.199999999999999956 ) ) ;
#194 = CYLINDRICAL_SURFACE ( 'NONE', #902, 0.2500000000000002220 ) ;
#195 = CARTESIAN_POINT ( 'NONE',  ( -37.80000000000000426, -9.780000000000001137, 0.000000000000000000 ) ) ;
#196 = VECTOR ( 'NONE', #1246, 1000.000000000000000 ) ;
#197 = EDGE_LOOP ( 'NONE', ( #2006, #28, #161, #738 ) ) ;
#198 = CARTESIAN_POINT ( 'NONE',  ( -37.05000000000001137, -8.000000000000000000, 0.000000000000000000 ) ) ;
#199 = AXIS2_PLACEMENT_3D ( 'NONE', #1675, #502, #1331 ) ;
#200 = CIRCLE ( 'NONE', #759, 1.000000000000000888 ) ;
#201 = DIRECTION ( 'NONE',  ( 1.000000000000000000, 0.000000000000000000, 0.000000000000000000 ) ) ;
#202 = DIRECTION ( 'NONE',  ( -0.000000000000000000, -0.000000000000000000, 1.000000000000000000 ) ) ;
#203 = EDGE_CURVE ( 'NONE', #382, #1272, #453, .T. ) ;
#204 = ORIENTED_EDGE ( 'NONE', *, *, #1952, .F. ) ;
#205 = CARTESIAN_POINT ( 'NONE',  ( -45.10000000000000853, -24.00000000000000000, 1.199999999999999956 ) ) ;
#206 = CARTESIAN_POINT ( 'NONE',  ( -40.15000000000001279, -19.25000000000000000, -8.800000000000000711 ) ) ;
#207 = ORIENTED_EDGE ( 'NONE', *, *, #682, .F. ) ;
#208 = EDGE_CURVE ( 'NONE', #7, #1508, #1495, .T. ) ;
#209 = VERTEX_POINT ( 'NONE', #96 ) ;
#210 = EDGE_LOOP ( 'NONE', ( #831, #1103, #80, #1980 ) ) ;
#211 = DIRECTION ( 'NONE',  ( 0.000000000000000000, 0.000000000000000000, 1.000000000000000000 ) ) ;
#212 = DIRECTION ( 'NONE',  ( -0.000000000000000000, -0.000000000000000000, 1.000000000000000000 ) ) ;
#213 = DIRECTION ( 'NONE',  ( -0.000000000000000000, -0.000000000000000000, 1.000000000000000000 ) ) ;
#214 = ORIENTED_EDGE ( 'NONE', *, *, #1036, .T. ) ;
#215 = ADVANCED_FACE ( 'NONE', ( #1302 ), #2101, .F. ) ;
#216 = CARTESIAN_POINT ( 'NONE',  ( -38.61000000000001364, -20.15000000000000213, -8.800000000000000711 ) ) ;
#217 = FACE_BOUND ( 'NONE', #572, .T. ) ;
#218 = AXIS2_PLACEMENT_3D ( 'NONE', #1142, #108, #656 ) ;
#219 = EDGE_CURVE ( 'NONE', #729, #138, #2070, .T. ) ;
#220 = CARTESIAN_POINT ( 'NONE',  ( -43.00000000000001421, -9.780000000000001137, 0.000000000000000000 ) ) ;
#221 = CIRCLE ( 'NONE', #1042, 0.5000000000000004441 ) ;
#222 = CARTESIAN_POINT ( 'NONE',  ( -44.20000000000000995, -8.000000000000000000, 1.199999999999999956 ) ) ;
#223 = CARTESIAN_POINT ( 'NONE',  ( -36.90000000000000568, -10.03000000000000114, 1.199999999999999956 ) ) ;
#224 = EDGE_CURVE ( 'NONE', #829, #290, #986, .T. ) ;
#225 = LINE ( 'NONE', #1261, #1037 ) ;
#226 = EDGE_LOOP ( 'NONE', ( #1623, #943 ) ) ;
#227 = DIRECTION ( 'NONE',  ( 1.000000000000000000, 0.000000000000000000, 0.000000000000000000 ) ) ;
#228 = ORIENTED_EDGE ( 'NONE', *, *, #1912, .T. ) ;
#229 = EDGE_LOOP ( 'NONE', ( #2080, #904, #135, #911 ) ) ;
#230 = ORIENTED_EDGE ( 'NONE', *, *, #1480, .T. ) ;
#231 = ORIENTED_EDGE ( 'NONE', *, *, #1269, .T. ) ;
#232 = CARTESIAN_POINT ( 'NONE',  ( 31.49999999999999289, -24.00000000000000000, 1.199999999999999956 ) ) ;
#233 = EDGE_LOOP ( 'NONE', ( #1902, #1504, #435, #114 ) ) ;
#234 = VECTOR ( 'NONE', #1412, 1000.000000000000000 ) ;
#235 = EDGE_CURVE ( 'NONE', #893, #2131, #100, .T. ) ;
#236 = AXIS2_PLACEMENT_3D ( 'NONE', #678, #1008, #838 ) ;
#237 = ORIENTED_EDGE ( 'NONE', *, *, #1340, .F. ) ;
#238 = ORIENTED_EDGE ( 'NONE', *, *, #1834, .F. ) ;
#239 = ORIENTED_EDGE ( 'NONE', *, *, #268, .F. ) ;
#240 = AXIS2_PLACEMENT_3D ( 'NONE', #3, #1513, #1378 ) ;
#241 = ORIENTED_EDGE ( 'NONE', *, *, #1129, .T. ) ;
#242 = PRODUCT_RELATED_PRODUCT_CATEGORY ( 'detail', '', ( #1932 ) ) ;
#243 = AXIS2_PLACEMENT_3D ( 'NONE', #458, #956, #1282 ) ;
#244 = FACE_OUTER_BOUND ( 'NONE', #461, .T. ) ;
#245 = CARTESIAN_POINT ( 'NONE',  ( -40.65000000000001279, -19.25000000000000000, 0.000000000000000000 ) ) ;
#246 = EDGE_CURVE ( 'NONE', #512, #1153, #1065, .T. ) ;
#247 = AXIS2_PLACEMENT_3D ( 'NONE', #698, #858, #836 ) ;
#248 = VECTOR ( 'NONE', #1192, 1000.000000000000000 ) ;
#249 = EDGE_CURVE ( 'NONE', #24, #683, #478, .T. ) ;
#250 = CARTESIAN_POINT ( 'NONE',  ( -40.65000000000001279, -19.25000000000000000, -8.800000000000000711 ) ) ;
#251 = VECTOR ( 'NONE', #1095, 1000.000000000000000 ) ;
#252 = LINE ( 'NONE', #711, #1240 ) ;
#253 = ORIENTED_EDGE ( 'NONE', *, *, #1551, .F. ) ;
#254 = CARTESIAN_POINT ( 'NONE',  ( -43.50000000000001421, 12.00000000000000000, 0.000000000000000000 ) ) ;
#255 = AXIS2_PLACEMENT_3D ( 'NONE', #1837, #1831, #824 ) ;
#256 = LOCAL_TIME ( 14, 43, 15.00000000000000000, #990 ) ;
#257 = ORIENTED_EDGE ( 'NONE', *, *, #1987, .T. ) ;
#258 = AXIS2_PLACEMENT_3D ( 'NONE', #1685, #192, #1694 ) ;
#259 = APPROVAL_PERSON_ORGANIZATION ( #521, #2104, #1181 ) ;
#260 = DIRECTION ( 'NONE',  ( -0.000000000000000000, -0.000000000000000000, 1.000000000000000000 ) ) ;
#261 = ORIENTED_EDGE ( 'NONE', *, *, #451, .F. ) ;
#262 = DIRECTION ( 'NONE',  ( 1.000000000000000000, 0.000000000000000000, 0.000000000000000000 ) ) ;
#263 = VERTEX_POINT ( 'NONE', #751 ) ;
#264 = EDGE_CURVE ( 'NONE', #1904, #1370, #1122, .T. ) ;
#265 = ORIENTED_EDGE ( 'NONE', *, *, #1091, .T. ) ;
#266 = EDGE_LOOP ( 'NONE', ( #1020, #1002, #1217, #1175 ) ) ;
#267 = CARTESIAN_POINT ( 'NONE',  ( -43.95000000000000995, -19.54000000000000270, 0.000000000000000000 ) ) ;
#268 = EDGE_CURVE ( 'NONE', #1867, #1184, #1619, .T. ) ;
#269 = LINE ( 'NONE', #2091, #1735 ) ;
#270 = FACE_BOUND ( 'NONE', #339, .T. ) ;
#271 = DIRECTION ( 'NONE',  ( -0.000000000000000000, 0.000000000000000000, 1.000000000000000000 ) ) ;
#272 = CARTESIAN_POINT ( 'NONE',  ( -36.65000000000000568, -10.03000000000000114, 0.000000000000000000 ) ) ;
#273 = CIRCLE ( 'NONE', #991, 0.2500000000000002220 ) ;
#274 = FACE_OUTER_BOUND ( 'NONE', #1215, .T. ) ;
#275 = DIRECTION ( 'NONE',  ( 1.000000000000000000, 0.000000000000000000, 0.000000000000000000 ) ) ;
#276 = EDGE_CURVE ( 'NONE', #1467, #1315, #1039, .T. ) ;
#277 = LINE ( 'NONE', #216, #248 ) ;
#278 = ORIENTED_EDGE ( 'NONE', *, *, #488, .T. ) ;
#279 = DIRECTION ( 'NONE',  ( 1.000000000000000000, 0.000000000000000000, 0.000000000000000000 ) ) ;
#280 = CARTESIAN_POINT ( 'NONE',  ( -41.15000000000001279, -19.25000000000000000, 1.199999999999999956 ) ) ;
#281 = VECTOR ( 'NONE', #1496, 1000.000000000000000 ) ;
#282 = AXIS2_PLACEMENT_3D ( 'NONE', #2081, #419, #1662 ) ;
#283 = ORIENTED_EDGE ( 'NONE', *, *, #1368, .T. ) ;
#284 = ORIENTED_EDGE ( 'NONE', *, *, #246, .T. ) ;
#285 = DIRECTION ( 'NONE',  ( -0.000000000000000000, 0.000000000000000000, 1.000000000000000000 ) ) ;
#286 = DATE_AND_TIME ( #1312, #1128 ) ;
#287 = ORIENTED_EDGE ( 'NONE', *, *, #1429, .F. ) ;
#288 = AXIS2_PLACEMENT_3D ( 'NONE', #1877, #1228, #396 ) ;
#289 = EDGE_LOOP ( 'NONE', ( #939, #207 ) ) ;
#290 = VERTEX_POINT ( 'NONE', #1596 ) ;
#291 = CARTESIAN_POINT ( 'NONE',  ( -43.50000000000001421, 1.359479960743931572E-30, 0.000000000000000000 ) ) ;
#292 = CIRCLE ( 'NONE', #1441, 0.3500000000000030864 ) ;
#293 = ORIENTED_EDGE ( 'NONE', *, *, #590, .F. ) ;
#294 = AXIS2_PLACEMENT_3D ( 'NONE', #619, #1927, #2111 ) ;
#295 = LINE ( 'NONE', #2125, #2040 ) ;
#296 = CARTESIAN_POINT ( 'NONE',  ( -41.15000000000001279, -14.75000000000000178, -8.800000000000000711 ) ) ;
#297 = CIRCLE ( 'NONE', #1038, 0.5749999999999990674 ) ;
#298 = EDGE_CURVE ( 'NONE', #1666, #1449, #667, .T. ) ;
#299 = FACE_OUTER_BOUND ( 'NONE', #697, .T. ) ;
#300 = VERTEX_POINT ( 'NONE', #923 ) ;
#301 = DIRECTION ( 'NONE',  ( -0.000000000000000000, -0.000000000000000000, -1.000000000000000000 ) ) ;
#302 = DIRECTION ( 'NONE',  ( 1.000000000000000000, 0.000000000000000000, 0.000000000000000000 ) ) ;
#303 = ORIENTED_EDGE ( 'NONE', *, *, #455, .F. ) ;
#304 = APPROVAL_DATE_TIME ( #1794, #2104 ) ;
#305 = ORIENTED_EDGE ( 'NONE', *, *, #649, .T. ) ;
#306 = ORIENTED_EDGE ( 'NONE', *, *, #268, .T. ) ;
#307 = CARTESIAN_POINT ( 'NONE',  ( -27.50000000000000355, -21.00000000000000000, 1.199999999999999956 ) ) ;
#308 = VERTEX_POINT ( 'NONE', #756 ) ;
#309 = FACE_OUTER_BOUND ( 'NONE', #358, .T. ) ;
#310 = CARTESIAN_POINT ( 'NONE',  ( 0.000000000000000000, -6.230000000000001315, 0.000000000000000000 ) ) ;
#311 = AXIS2_PLACEMENT_3D ( 'NONE', #1113, #271, #625 ) ;
#312 = DIRECTION ( 'NONE',  ( 1.000000000000000000, 0.000000000000000000, 0.000000000000000000 ) ) ;
#313 = ORIENTED_EDGE ( 'NONE', *, *, #1394, .F. ) ;
#314 = AXIS2_PLACEMENT_3D ( 'NONE', #409, #1871, #1226 ) ;
#315 = CYLINDRICAL_SURFACE ( 'NONE', #2099, 0.2500000000000002220 ) ;
#316 = DIRECTION ( 'NONE',  ( 1.000000000000000000, 0.000000000000000000, 0.000000000000000000 ) ) ;
#317 = ORIENTED_EDGE ( 'NONE', *, *, #612, .F. ) ;
#318 = PLANE ( 'NONE',  #653 ) ;
#319 = DIRECTION ( 'NONE',  ( -0.000000000000000000, -0.000000000000000000, 1.000000000000000000 ) ) ;
#320 = DIRECTION ( 'NONE',  ( -0.000000000000000000, -0.000000000000000000, -1.000000000000000000 ) ) ;
#321 = CIRCLE ( 'NONE', #1885, 0.2500000000000002220 ) ;
#322 = DIRECTION ( 'NONE',  ( 0.000000000000000000, -0.000000000000000000, -1.000000000000000000 ) ) ;
#323 = VECTOR ( 'NONE', #807, 1000.000000000000000 ) ;
#324 = ORIENTED_EDGE ( 'NONE', *, *, #2098, .F. ) ;
#325 = VERTEX_POINT ( 'NONE', #611 ) ;
#326 = CARTESIAN_POINT ( 'NONE',  ( -43.37500000000001421, -19.54000000000000270, -8.800000000000000711 ) ) ;
#327 = EDGE_LOOP ( 'NONE', ( #306, #414, #1403, #1453 ) ) ;
#328 = ORIENTED_EDGE ( 'NONE', *, *, #1437, .F. ) ;
#329 = ORIENTED_EDGE ( 'NONE', *, *, #88, .T. ) ;
#330 = ADVANCED_FACE ( 'NONE', ( #1740 ), #346, .F. ) ;
#331 = ORIENTED_EDGE ( 'NONE', *, *, #1223, .F. ) ;
#332 = ORIENTED_EDGE ( 'NONE', *, *, #1097, .F. ) ;
#333 = ORIENTED_EDGE ( 'NONE', *, *, #659, .T. ) ;
#334 = ORIENTED_EDGE ( 'NONE', *, *, #2146, .T. ) ;
#335 = FACE_OUTER_BOUND ( 'NONE', #1827, .T. ) ;
#336 = DIRECTION ( 'NONE',  ( 1.000000000000000000, 0.000000000000000000, 0.000000000000000000 ) ) ;
#337 = DIRECTION ( 'NONE',  ( 0.000000000000000000, -0.000000000000000000, -1.000000000000000000 ) ) ;
#338 = CIRCLE ( 'NONE', #1799, 0.5000000000000004441 ) ;
#339 = EDGE_LOOP ( 'NONE', ( #1522, #1506 ) ) ;
#340 = CARTESIAN_POINT ( 'NONE',  ( -0.000000000000000000, -9.780000000000001137, 0.000000000000000000 ) ) ;
#341 = CIRCLE ( 'NONE', #1727, 11.99999999999999645 ) ;
#342 = CARTESIAN_POINT ( 'NONE',  ( -37.80000000000000426, -6.230000000000001315, -8.800000000000000711 ) ) ;
#343 = AXIS2_PLACEMENT_3D ( 'NONE', #356, #885, #72 ) ;
#344 = DATE_TIME_ROLE ( 'classification_date' ) ;
#345 = DIRECTION ( 'NONE',  ( -0.000000000000000000, -0.000000000000000000, 1.000000000000000000 ) ) ;
#346 = PLANE ( 'NONE',  #391 ) ;
#347 = CARTESIAN_POINT ( 'NONE',  ( -37.61000000000001364, -13.85000000000000142, 1.199999999999999956 ) ) ;
#348 = DIRECTION ( 'NONE',  ( 0.000000000000000000, 0.000000000000000000, -1.000000000000000000 ) ) ;
#349 = ADVANCED_FACE ( 'NONE', ( #1518 ), #745, .T. ) ;
#350 = LINE ( 'NONE', #672, #323 ) ;
#351 = EDGE_CURVE ( 'NONE', #1594, #7, #1712, .T. ) ;
#352 = DIRECTION ( 'NONE',  ( 0.000000000000000000, 0.000000000000000000, 1.000000000000000000 ) ) ;
#353 = AXIS2_PLACEMENT_3D ( 'NONE', #587, #896, #1054 ) ;
#354 = ORIENTED_EDGE ( 'NONE', *, *, #1055, .F. ) ;
#355 = EDGE_CURVE ( 'NONE', #169, #971, #1493, .T. ) ;
#356 = CARTESIAN_POINT ( 'NONE',  ( -27.50000000000000355, 21.00000000000000000, 0.000000000000000000 ) ) ;
#357 = CARTESIAN_POINT ( 'NONE',  ( 27.49999999999999645, -21.00000000000000000, 1.199999999999999956 ) ) ;
#358 = EDGE_LOOP ( 'NONE', ( #876, #1559, #730, #4 ) ) ;
#359 = CARTESIAN_POINT ( 'NONE',  ( 31.49999999999999289, 24.00000000000000000, 1.199999999999999956 ) ) ;
#360 = ORIENTED_EDGE ( 'NONE', *, *, #219, .T. ) ;
#361 = EDGE_CURVE ( 'NONE', #2087, #1233, #426, .T. ) ;
#362 =( GEOMETRIC_REPRESENTATION_CONTEXT ( 3 ) GLOBAL_UNCERTAINTY_ASSIGNED_CONTEXT ( ( #1363 ) ) GLOBAL_UNIT_ASSIGNED_CONTEXT ( ( #537, #862, #2027 ) ) REPRESENTATION_CONTEXT ( 'NONE', 'WORKASPACE' ) );
#363 = EDGE_CURVE ( 'NONE', #996, #1850, #1593, .T. ) ;
#364 = DIRECTION ( 'NONE',  ( 1.000000000000000000, 0.000000000000000000, 0.000000000000000000 ) ) ;
#365 = VERTEX_POINT ( 'NONE', #1701 ) ;
#366 = DIRECTION ( 'NONE',  ( 0.000000000000000000, 0.000000000000000000, 1.000000000000000000 ) ) ;
#367 = DIRECTION ( 'NONE',  ( 0.000000000000000000, 0.000000000000000000, 1.000000000000000000 ) ) ;
#368 = DIRECTION ( 'NONE',  ( 0.000000000000000000, 0.000000000000000000, 1.000000000000000000 ) ) ;
#369 = VECTOR ( 'NONE', #1030, 1000.000000000000000 ) ;
#370 = ORIENTED_EDGE ( 'NONE', *, *, #1990, .T. ) ;
#371 = DIRECTION ( 'NONE',  ( -0.000000000000000000, -0.000000000000000000, 1.000000000000000000 ) ) ;
#372 = DIRECTION ( 'NONE',  ( -0.000000000000000000, -0.000000000000000000, 1.000000000000000000 ) ) ;
#373 = LINE ( 'NONE', #1891, #814 ) ;
#374 = DIRECTION ( 'NONE',  ( 1.000000000000000000, 1.387778780781445676E-16, -0.000000000000000000 ) ) ;
#375 = DIRECTION ( 'NONE',  ( 1.000000000000000000, 0.000000000000000000, 0.000000000000000000 ) ) ;
#376 = AXIS2_PLACEMENT_3D ( 'NONE', #1857, #1193, #1161 ) ;
#377 = DIRECTION ( 'NONE',  ( -1.000000000000000000, 0.000000000000000000, 0.000000000000000000 ) ) ;
#378 = ORIENTED_EDGE ( 'NONE', *, *, #1721, .F. ) ;
#379 = CC_DESIGN_PERSON_AND_ORGANIZATION_ASSIGNMENT ( #728, #1338, ( #643 ) ) ;
#380 = VERTEX_POINT ( 'NONE', #538 ) ;
#381 = EDGE_CURVE ( 'NONE', #308, #105, #1258, .T. ) ;
#382 = VERTEX_POINT ( 'NONE', #863 ) ;
#383 = EDGE_LOOP ( 'NONE', ( #1749, #2030, #1941, #713 ) ) ;
#384 = VECTOR ( 'NONE', #2158, 1000.000000000000000 ) ;
#385 = CARTESIAN_POINT ( 'NONE',  ( -42.75000000000001421, -5.980000000000001315, 1.199999999999999956 ) ) ;
#386 = EDGE_CURVE ( 'NONE', #2151, #58, #277, .T. ) ;
#387 = VERTEX_POINT ( 'NONE', #1538 ) ;
#388 = CIRCLE ( 'NONE', #879, 1.000000000000000888 ) ;
#389 = ORIENTED_EDGE ( 'NONE', *, *, #883, .F. ) ;
#390 = DIRECTION ( 'NONE',  ( 1.000000000000000000, 0.000000000000000000, 0.000000000000000000 ) ) ;
#391 = AXIS2_PLACEMENT_3D ( 'NONE', #1158, #1502, #337 ) ;
#392 = ORIENTED_EDGE ( 'NONE', *, *, #1353, .F. ) ;
#393 = DIRECTION ( 'NONE',  ( -0.000000000000000000, -0.000000000000000000, 1.000000000000000000 ) ) ;
#394 = LINE ( 'NONE', #2136, #799 ) ;
#395 = ORIENTED_EDGE ( 'NONE', *, *, #1540, .T. ) ;
#396 = DIRECTION ( 'NONE',  ( 1.000000000000000000, 0.000000000000000000, 0.000000000000000000 ) ) ;
#397 = FACE_BOUND ( 'NONE', #1747, .T. ) ;
#398 = EDGE_CURVE ( 'NONE', #1309, #1983, #1516, .T. ) ;
#399 = CIRCLE ( 'NONE', #1503, 0.5000000000000004441 ) ;
#400 = EDGE_CURVE ( 'NONE', #1743, #1231, #1875, .T. ) ;
#401 = DIRECTION ( 'NONE',  ( -0.000000000000000000, -0.000000000000000000, 1.000000000000000000 ) ) ;
#402 = DIRECTION ( 'NONE',  ( 0.000000000000000000, 0.000000000000000000, -1.000000000000000000 ) ) ;
#403 = VECTOR ( 'NONE', #1069, 1000.000000000000000 ) ;
#404 = VERTEX_POINT ( 'NONE', #555 ) ;
#405 = VECTOR ( 'NONE', #99, 1000.000000000000000 ) ;
#406 = AXIS2_PLACEMENT_3D ( 'NONE', #1259, #1434, #1279 ) ;
#407 = AXIS2_PLACEMENT_3D ( 'NONE', #267, #1426, #1768 ) ;
#408 = DIRECTION ( 'NONE',  ( 1.000000000000000000, 0.000000000000000000, 0.000000000000000000 ) ) ;
#409 = CARTESIAN_POINT ( 'NONE',  ( 31.49999999999999289, 25.00000000000000000, 1.199999999999999956 ) ) ;
#410 = EDGE_LOOP ( 'NONE', ( #253, #844, #110, #1341, #392 ) ) ;
#411 = EDGE_CURVE ( 'NONE', #1854, #1135, #297, .T. ) ;
#412 = EDGE_LOOP ( 'NONE', ( #596, #644, #1098, #1586 ) ) ;
#413 = DIRECTION ( 'NONE',  ( -1.000000000000000000, 0.000000000000000000, 0.000000000000000000 ) ) ;
#414 = ORIENTED_EDGE ( 'NONE', *, *, #1711, .T. ) ;
#415 = ORIENTED_EDGE ( 'NONE', *, *, #125, .F. ) ;
#416 = CARTESIAN_POINT ( 'NONE',  ( -43.90000000000001279, -6.230000000000001315, 1.199999999999999956 ) ) ;
#417 = CIRCLE ( 'NONE', #2041, 1.000000000000000888 ) ;
#418 = DIRECTION ( 'NONE',  ( -0.000000000000000000, 0.000000000000000000, 1.000000000000000000 ) ) ;
#419 = DIRECTION ( 'NONE',  ( -0.000000000000000000, -0.000000000000000000, -1.000000000000000000 ) ) ;
#420 = CYLINDRICAL_SURFACE ( 'NONE', #247, 0.3500000000000030864 ) ;
#421 = CARTESIAN_POINT ( 'NONE',  ( -40.15000000000001279, -14.75000000000000178, -8.800000000000000711 ) ) ;
#422 = EDGE_CURVE ( 'NONE', #996, #1357, #1920, .T. ) ;
#423 = ORIENTED_EDGE ( 'NONE', *, *, #1139, .T. ) ;
#424 = AXIS2_PLACEMENT_3D ( 'NONE', #639, #1438, #631 ) ;
#425 = LINE ( 'NONE', #342, #1416 ) ;
#426 = LINE ( 'NONE', #1682, #841 ) ;
#427 = VERTEX_POINT ( 'NONE', #2067 ) ;
#428 = ORIENTED_EDGE ( 'NONE', *, *, #780, .T. ) ;
#429 = CARTESIAN_POINT ( 'NONE',  ( -31.50000000000000711, 24.00000000000000000, 1.199999999999999956 ) ) ;
#430 = CARTESIAN_POINT ( 'NONE',  ( -36.70000000000000995, -8.000000000000000000, -8.800000000000000711 ) ) ;
#431 = DIRECTION ( 'NONE',  ( -0.000000000000000000, -0.000000000000000000, 1.000000000000000000 ) ) ;
#432 = AXIS2_PLACEMENT_3D ( 'NONE', #2004, #368, #408 ) ;
#433 = ORIENTED_EDGE ( 'NONE', *, *, #704, .F. ) ;
#434 = CALENDAR_DATE ( 2025, 11, 6 ) ;
#435 = ORIENTED_EDGE ( 'NONE', *, *, #398, .F. ) ;
#436 = DIRECTION ( 'NONE',  ( -0.000000000000000000, -0.000000000000000000, -1.000000000000000000 ) ) ;
#437 = CARTESIAN_POINT ( 'NONE',  ( -43.90000000000001279, -5.730000000000000426, 0.000000000000000000 ) ) ;
#438 = ORIENTED_EDGE ( 'NONE', *, *, #276, .T. ) ;
#439 = EDGE_CURVE ( 'NONE', #850, #1382, #1835, .T. ) ;
#440 = DIRECTION ( 'NONE',  ( -1.000000000000000000, 0.000000000000000000, 0.000000000000000000 ) ) ;
#441 = CIRCLE ( 'NONE', #218, 0.2500000000000002220 ) ;
#442 = VECTOR ( 'NONE', #999, 1000.000000000000000 ) ;
#443 = CARTESIAN_POINT ( 'NONE',  ( 31.49999999999999289, 24.00000000000000000, 1.199999999999999956 ) ) ;
#444 = CIRCLE ( 'NONE', #140, 0.5749999999999990674 ) ;
#445 = ORIENTED_EDGE ( 'NONE', *, *, #843, .F. ) ;
#446 = DIRECTION ( 'NONE',  ( -0.000000000000000000, -0.000000000000000000, 1.000000000000000000 ) ) ;
#447 = CIRCLE ( 'NONE', #2064, 1.000000000000000888 ) ;
#448 = DIRECTION ( 'NONE',  ( 1.000000000000000000, 0.000000000000000000, 0.000000000000000000 ) ) ;
#449 = LINE ( 'NONE', #1366, #2166 ) ;
#450 = CARTESIAN_POINT ( 'NONE',  ( -35.50000000000000711, -1.000000000000000666, 2.000000000000000000 ) ) ;
#451 = EDGE_CURVE ( 'NONE', #1345, #2126, #373, .T. ) ;
#452 = DIRECTION ( 'NONE',  ( -0.000000000000000000, -0.000000000000000000, -1.000000000000000000 ) ) ;
#453 = LINE ( 'NONE', #75, #746 ) ;
#454 = VERTEX_POINT ( 'NONE', #562 ) ;
#455 = EDGE_CURVE ( 'NONE', #1124, #1153, #936, .T. ) ;
#456 = VECTOR ( 'NONE', #1855, 1000.000000000000000 ) ;
#457 = DIRECTION ( 'NONE',  ( 1.000000000000000000, 0.000000000000000000, 0.000000000000000000 ) ) ;
#458 = CARTESIAN_POINT ( 'NONE',  ( -43.95000000000000995, -19.54000000000000270, -8.800000000000000711 ) ) ;
#459 = VERTEX_POINT ( 'NONE', #1041 ) ;
#460 = ORIENTED_EDGE ( 'NONE', *, *, #381, .F. ) ;
#461 = EDGE_LOOP ( 'NONE', ( #1056, #107, #511, #1400 ) ) ;
#462 = DIRECTION ( 'NONE',  ( -0.000000000000000000, 0.000000000000000000, 1.000000000000000000 ) ) ;
#463 = CARTESIAN_POINT ( 'NONE',  ( -35.50000000000000711, -1.000000000000000666, 0.000000000000000000 ) ) ;
#464 = VECTOR ( 'NONE', #345, 1000.000000000000000 ) ;
#465 = CIRCLE ( 'NONE', #1627, 0.5749999999999990674 ) ;
#466 = DIRECTION ( 'NONE',  ( 1.000000000000000000, 0.000000000000000000, 0.000000000000000000 ) ) ;
#467 = DIRECTION ( 'NONE',  ( -1.000000000000000000, 0.000000000000000000, 0.000000000000000000 ) ) ;
#468 = EDGE_CURVE ( 'NONE', #308, #454, #567, .T. ) ;
#469 = EDGE_LOOP ( 'NONE', ( #2107, #1762 ) ) ;
#470 = DIRECTION ( 'NONE',  ( 0.000000000000000000, -0.000000000000000000, -1.000000000000000000 ) ) ;
#471 = ORIENTED_EDGE ( 'NONE', *, *, #468, .T. ) ;
#472 = CARTESIAN_POINT ( 'NONE',  ( -38.11000000000001364, -13.85000000000000142, -8.800000000000000711 ) ) ;
#473 = PLANE ( 'NONE',  #771 ) ;
#474 = FACE_OUTER_BOUND ( 'NONE', #412, .T. ) ;
#475 = FACE_OUTER_BOUND ( 'NONE', #1267, .T. ) ;
#476 = VECTOR ( 'NONE', #1351, 1000.000000000000000 ) ;
#477 = AXIS2_PLACEMENT_3D ( 'NONE', #1648, #470, #664 ) ;
#478 = LINE ( 'NONE', #430, #1742 ) ;
#479 = PLANE ( 'NONE',  #2133 ) ;
#480 = CARTESIAN_POINT ( 'NONE',  ( -43.90000000000001279, -10.03000000000000114, 1.199999999999999956 ) ) ;
#481 = ADVANCED_FACE ( 'NONE', ( #45 ), #614, .F. ) ;
#482 = DIRECTION ( 'NONE',  ( 1.000000000000000000, 0.000000000000000000, 0.000000000000000000 ) ) ;
#483 = EDGE_LOOP ( 'NONE', ( #1530, #331, #423, #1138 ) ) ;
#484 = CARTESIAN_POINT ( 'NONE',  ( -37.80000000000000426, -5.980000000000001315, 1.199999999999999956 ) ) ;
#485 = ORIENTED_EDGE ( 'NONE', *, *, #928, .T. ) ;
#486 = FACE_OUTER_BOUND ( 'NONE', #1982, .T. ) ;
#487 = ORIENTED_EDGE ( 'NONE', *, *, #1053, .T. ) ;
#488 = EDGE_CURVE ( 'NONE', #585, #2169, #225, .T. ) ;
#489 = LINE ( 'NONE', #1949, #1224 ) ;
#490 = LINE ( 'NONE', #2059, #234 ) ;
#491 = ADVANCED_FACE ( 'NONE', ( #1149 ), #1541, .T. ) ;
#492 = VERTEX_POINT ( 'NONE', #81 ) ;
#493 = ORIENTED_EDGE ( 'NONE', *, *, #740, .F. ) ;
#494 = CARTESIAN_POINT ( 'NONE',  ( -36.90000000000000568, -10.28000000000000114, 1.199999999999999956 ) ) ;
#495 = CARTESIAN_POINT ( 'NONE',  ( -31.50000000000000000, -25.00000000000000000, 1.199999999999999956 ) ) ;
#496 = CARTESIAN_POINT ( 'NONE',  ( -43.50000000000001421, 12.00000000000000000, 1.199999999999999956 ) ) ;
#497 = CIRCLE ( 'NONE', #669, 0.5000000000000004441 ) ;
#498 = FACE_BOUND ( 'NONE', #1408, .T. ) ;
#499 = VECTOR ( 'NONE', #1589, 1000.000000000000000 ) ;
#500 = CYLINDRICAL_SURFACE ( 'NONE', #1963, 1.000000000000000888 ) ;
#501 = PERSON_AND_ORGANIZATION_ROLE ( 'design_supplier' ) ;
#502 = DIRECTION ( 'NONE',  ( 0.000000000000000000, 0.000000000000000000, -1.000000000000000000 ) ) ;
#503 = VECTOR ( 'NONE', #732, 1000.000000000000000 ) ;
#504 = AXIS2_PLACEMENT_3D ( 'NONE', #166, #320, #1647 ) ;
#505 = PLANE ( 'NONE',  #1062 ) ;
#506 = AXIS2_PLACEMENT_3D ( 'NONE', #1494, #795, #302 ) ;
#507 = ADVANCED_FACE ( 'NONE', ( #1973 ), #473, .F. ) ;
#508 = CARTESIAN_POINT ( 'NONE',  ( 30.49999999999999289, -25.00000000000000000, 0.000000000000000000 ) ) ;
#509 = EDGE_CURVE ( 'NONE', #1979, #1049, #128, .T. ) ;
#510 = EDGE_LOOP ( 'NONE', ( #900, #1322, #317, #228 ) ) ;
#511 = ORIENTED_EDGE ( 'NONE', *, *, #1786, .T. ) ;
#512 = VERTEX_POINT ( 'NONE', #1622 ) ;
#513 = EDGE_CURVE ( 'NONE', #1741, #74, #321, .T. ) ;
#514 = CARTESIAN_POINT ( 'NONE',  ( -36.65000000000000568, -10.03000000000000114, -8.800000000000000711 ) ) ;
#515 = EDGE_LOOP ( 'NONE', ( #124, #278, #1471, #1222 ) ) ;
#516 = DIRECTION ( 'NONE',  ( 0.000000000000000000, -0.000000000000000000, 1.000000000000000000 ) ) ;
#517 = CARTESIAN_POINT ( 'NONE',  ( 28.49999999999999645, -21.00000000000000000, 0.000000000000000000 ) ) ;
#518 = VERTEX_POINT ( 'NONE', #976 ) ;
#519 = ORIENTED_EDGE ( 'NONE', *, *, #1318, .F. ) ;
#520 = DIRECTION ( 'NONE',  ( 1.000000000000000000, 0.000000000000000000, 0.000000000000000000 ) ) ;
#521 = PERSON_AND_ORGANIZATION ( #912, #1524 ) ;
#522 = ADVANCED_FACE ( 'NONE', ( #1760 ), #665, .F. ) ;
#523 = VERTEX_POINT ( 'NONE', #463 ) ;
#524 = AXIS2_PLACEMENT_3D ( 'NONE', #2096, #1090, #279 ) ;
#525 = EDGE_LOOP ( 'NONE', ( #1955, #1884, #1362, #768 ) ) ;
#526 = EDGE_LOOP ( 'NONE', ( #947, #1929, #173, #1376 ) ) ;
#527 = ORIENTED_EDGE ( 'NONE', *, *, #439, .F. ) ;
#528 = DIRECTION ( 'NONE',  ( -0.000000000000000000, 0.000000000000000000, 1.000000000000000000 ) ) ;
#529 = ORIENTED_EDGE ( 'NONE', *, *, #1715, .T. ) ;
#530 = EDGE_LOOP ( 'NONE', ( #950, #529 ) ) ;
#531 = ADVANCED_FACE ( 'NONE', ( #1299 ), #194, .F. ) ;
#532 = CARTESIAN_POINT ( 'NONE',  ( -43.00000000000001421, -5.980000000000001315, 0.000000000000000000 ) ) ;
#533 = VECTOR ( 'NONE', #534, 1000.000000000000000 ) ;
#534 = DIRECTION ( 'NONE',  ( 0.000000000000000000, 0.000000000000000000, 1.000000000000000000 ) ) ;
#535 = EDGE_CURVE ( 'NONE', #1357, #2149, #919, .T. ) ;
#536 = ORIENTED_EDGE ( 'NONE', *, *, #1093, .T. ) ;
#537 =( LENGTH_UNIT ( ) NAMED_UNIT ( * ) SI_UNIT ( .MILLI., .METRE. ) );
#538 = CARTESIAN_POINT ( 'NONE',  ( -30.50000000000000711, 25.00000000000000000, 1.199999999999999956 ) ) ;
#539 = FACE_OUTER_BOUND ( 'NONE', #1729, .T. ) ;
#540 = DIRECTION ( 'NONE',  ( 1.000000000000000000, 0.000000000000000000, 0.000000000000000000 ) ) ;
#541 = AXIS2_PLACEMENT_3D ( 'NONE', #1680, #1485, #336 ) ;
#542 = FACE_OUTER_BOUND ( 'NONE', #570, .T. ) ;
#543 = CARTESIAN_POINT ( 'NONE',  ( -43.90000000000001279, -5.980000000000001315, 0.000000000000000000 ) ) ;
#544 = DIRECTION ( 'NONE',  ( 0.000000000000000000, -0.000000000000000000, 1.000000000000000000 ) ) ;
#545 = ADVANCED_FACE ( 'NONE', ( #1465 ), #1918, .F. ) ;
#546 = EDGE_CURVE ( 'NONE', #871, #2085, #425, .T. ) ;
#547 = DIRECTION ( 'NONE',  ( -0.000000000000000000, -0.000000000000000000, -1.000000000000000000 ) ) ;
#548 = ORIENTED_EDGE ( 'NONE', *, *, #878, .F. ) ;
#549 = DATE_AND_TIME ( #1553, #112 ) ;
#550 = ORIENTED_EDGE ( 'NONE', *, *, #219, .F. ) ;
#551 = DIRECTION ( 'NONE',  ( -0.000000000000000000, 0.000000000000000000, 1.000000000000000000 ) ) ;
#552 = DIRECTION ( 'NONE',  ( 1.000000000000000000, 0.000000000000000000, 0.000000000000000000 ) ) ;
#553 = VECTOR ( 'NONE', #1455, 1000.000000000000000 ) ;
#554 = PRODUCT_DEFINITION ( '未知', '', #1652, #2160 ) ;
#555 = CARTESIAN_POINT ( 'NONE',  ( -42.75000000000001421, -5.980000000000001315, 0.000000000000000000 ) ) ;
#556 = AXIS2_PLACEMENT_3D ( 'NONE', #1131, #779, #316 ) ;
#557 = ORIENTED_EDGE ( 'NONE', *, *, #1565, .F. ) ;
#558 = VERTEX_POINT ( 'NONE', #291 ) ;
#559 = FACE_OUTER_BOUND ( 'NONE', #716, .T. ) ;
#560 = CARTESIAN_POINT ( 'NONE',  ( -31.50000000000000000, -25.00000000000000000, 1.199999999999999956 ) ) ;
#561 = CARTESIAN_POINT ( 'NONE',  ( -36.90000000000000568, -10.28000000000000114, -8.800000000000000711 ) ) ;
#562 = CARTESIAN_POINT ( 'NONE',  ( -26.50000000000000355, -21.00000000000000000, 1.199999999999999956 ) ) ;
#563 = LINE ( 'NONE', #151, #805 ) ;
#564 = LINE ( 'NONE', #725, #503 ) ;
#565 = AXIS2_PLACEMENT_3D ( 'NONE', #931, #1618, #1774 ) ;
#566 = DIRECTION ( 'NONE',  ( -1.000000000000000000, 0.000000000000000000, 0.000000000000000000 ) ) ;
#567 = CIRCLE ( 'NONE', #1425, 1.000000000000000888 ) ;
#568 = ORIENTED_EDGE ( 'NONE', *, *, #1808, .T. ) ;
#569 = CARTESIAN_POINT ( 'NONE',  ( -43.00000000000001421, -10.03000000000000114, 1.199999999999999956 ) ) ;
#570 = EDGE_LOOP ( 'NONE', ( #993, #1526, #1160, #1813 ) ) ;
#571 = EDGE_CURVE ( 'NONE', #380, #1339, #2137, .T. ) ;
#572 = EDGE_LOOP ( 'NONE', ( #354, #519 ) ) ;
#573 = CARTESIAN_POINT ( 'NONE',  ( -45.10000000000000853, 1.540743955509788682E-30, -28.45979620447062075 ) ) ;
#574 = EDGE_CURVE ( 'NONE', #1126, #1315, #812, .T. ) ;
#575 = ORIENTED_EDGE ( 'NONE', *, *, #1256, .F. ) ;
#576 = VERTEX_POINT ( 'NONE', #840 ) ;
#577 = AXIS2_PLACEMENT_3D ( 'NONE', #1663, #528, #1690 ) ;
#578 = CIRCLE ( 'NONE', #1183, 0.2500000000000002220 ) ;
#579 = DIRECTION ( 'NONE',  ( -0.000000000000000000, 0.000000000000000000, 1.000000000000000000 ) ) ;
#580 = LINE ( 'NONE', #722, #1249 ) ;
#581 = DIRECTION ( 'NONE',  ( 0.000000000000000000, 0.000000000000000000, 1.000000000000000000 ) ) ;
#582 = EDGE_LOOP ( 'NONE', ( #395, #1659 ) ) ;
#583 = CARTESIAN_POINT ( 'NONE',  ( -37.61000000000001364, -13.85000000000000142, 0.000000000000000000 ) ) ;
#584 = CIRCLE ( 'NONE', #353, 1.000000000000000888 ) ;
#585 = VERTEX_POINT ( 'NONE', #1155 ) ;
#586 = CARTESIAN_POINT ( 'NONE',  ( -43.90000000000001279, -5.730000000000000426, -8.800000000000000711 ) ) ;
#587 = CARTESIAN_POINT ( 'NONE',  ( 27.49999999999999289, 21.00000000000000000, 0.000000000000000000 ) ) ;
#588 = FACE_OUTER_BOUND ( 'NONE', #175, .T. ) ;
#589 = VECTOR ( 'NONE', #700, 1000.000000000000000 ) ;
#590 = EDGE_CURVE ( 'NONE', #2149, #169, #1210, .T. ) ;
#591 = DIRECTION ( 'NONE',  ( -0.000000000000000000, -0.000000000000000000, 1.000000000000000000 ) ) ;
#592 = DIRECTION ( 'NONE',  ( 1.000000000000000000, 0.000000000000000000, 0.000000000000000000 ) ) ;
#593 = CARTESIAN_POINT ( 'NONE',  ( -37.05000000000001137, -8.000000000000000000, 1.199999999999999956 ) ) ;
#594 = DIRECTION ( 'NONE',  ( 0.000000000000000000, 0.000000000000000000, 1.000000000000000000 ) ) ;
#595 = CARTESIAN_POINT ( 'NONE',  ( -43.00000000000001421, -10.28000000000000114, 0.000000000000000000 ) ) ;
#596 = ORIENTED_EDGE ( 'NONE', *, *, #1137, .T. ) ;
#597 = ORIENTED_EDGE ( 'NONE', *, *, #882, .T. ) ;
#598 = EDGE_CURVE ( 'NONE', #1996, #1272, #1781, .T. ) ;
#599 = CARTESIAN_POINT ( 'NONE',  ( 31.49999999999999289, -24.00000000000000000, 0.000000000000000000 ) ) ;
#600 = FACE_OUTER_BOUND ( 'NONE', #1379, .T. ) ;
#601 = VERTEX_POINT ( 'NONE', #1671 ) ;
#602 = ORIENTED_EDGE ( 'NONE', *, *, #44, .F. ) ;
#603 = LINE ( 'NONE', #450, #86 ) ;
#604 = ORIENTED_EDGE ( 'NONE', *, *, #2078, .T. ) ;
#605 = DIRECTION ( 'NONE',  ( -0.000000000000000000, -0.000000000000000000, 1.000000000000000000 ) ) ;
#606 = DIRECTION ( 'NONE',  ( -0.000000000000000000, -0.000000000000000000, 1.000000000000000000 ) ) ;
#607 = ORIENTED_EDGE ( 'NONE', *, *, #2072, .F. ) ;
#608 = CC_DESIGN_SECURITY_CLASSIFICATION ( #643, ( #1652 ) ) ;
#609 = CYLINDRICAL_SURFACE ( 'NONE', #930, 1.000000000000000888 ) ;
#610 = FACE_OUTER_BOUND ( 'NONE', #233, .T. ) ;
#611 = CARTESIAN_POINT ( 'NONE',  ( -43.90000000000001279, -9.780000000000001137, 0.000000000000000000 ) ) ;
#612 = EDGE_CURVE ( 'NONE', #1339, #209, #839, .T. ) ;
#613 = CARTESIAN_POINT ( 'NONE',  ( -44.10000000000000853, -24.00000000000000000, 1.199999999999999734 ) ) ;
#614 = CYLINDRICAL_SURFACE ( 'NONE', #744, 0.5000000000000004441 ) ;
#615 = AXIS2_PLACEMENT_3D ( 'NONE', #222, #352, #520 ) ;
#616 = ORIENTED_EDGE ( 'NONE', *, *, #1466, .T. ) ;
#617 = CARTESIAN_POINT ( 'NONE',  ( -44.10000000000000853, -24.00000000000000000, -28.45979620447062075 ) ) ;
#618 = ORIENTED_EDGE ( 'NONE', *, *, #1079, .F. ) ;
#619 = CARTESIAN_POINT ( 'NONE',  ( -40.65000000000001279, -19.25000000000000000, 0.000000000000000000 ) ) ;
#620 = CC_DESIGN_APPROVAL ( #1317, ( #554 ) ) ;
#621 = ADVANCED_FACE ( 'NONE', ( #1328 ), #1207, .F. ) ;
#622 = AXIS2_PLACEMENT_3D ( 'NONE', #1770, #763, #1638 ) ;
#623 = ORIENTED_EDGE ( 'NONE', *, *, #1787, .F. ) ;
#624 = CYLINDRICAL_SURFACE ( 'NONE', #243, 0.5749999999999990674 ) ;
#625 = DIRECTION ( 'NONE',  ( 1.000000000000000000, 0.000000000000000000, 0.000000000000000000 ) ) ;
#626 = LINE ( 'NONE', #416, #1636 ) ;
#627 = DIRECTION ( 'NONE',  ( 0.000000000000000000, 0.000000000000000000, 1.000000000000000000 ) ) ;
#628 = ADVANCED_FACE ( 'NONE', ( #935 ), #1355, .F. ) ;
#629 = ORIENTED_EDGE ( 'NONE', *, *, #1110, .F. ) ;
#630 = DIRECTION ( 'NONE',  ( -0.000000000000000000, -0.000000000000000000, -1.000000000000000000 ) ) ;
#631 = DIRECTION ( 'NONE',  ( -1.000000000000000000, 0.000000000000000000, 0.000000000000000000 ) ) ;
#632 = EDGE_CURVE ( 'NONE', #927, #380, #564, .T. ) ;
#633 = FACE_OUTER_BOUND ( 'NONE', #327, .T. ) ;
#634 = LINE ( 'NONE', #1657, #97 ) ;
#635 = VERTEX_POINT ( 'NONE', #205 ) ;
#636 = DIRECTION ( 'NONE',  ( -0.000000000000000000, -0.000000000000000000, 1.000000000000000000 ) ) ;
#637 = LINE ( 'NONE', #890, #533 ) ;
#638 = ORIENTED_EDGE ( 'NONE', *, *, #2146, .F. ) ;
#639 = CARTESIAN_POINT ( 'NONE',  ( 27.49999999999999645, -21.00000000000000000, 1.199999999999999956 ) ) ;
#640 = LINE ( 'NONE', #1481, #1123 ) ;
#641 = CARTESIAN_POINT ( 'NONE',  ( -40.65000000000001279, -14.75000000000000178, 0.000000000000000000 ) ) ;
#642 = ORIENTED_EDGE ( 'NONE', *, *, #1406, .F. ) ;
#643 = SECURITY_CLASSIFICATION ( '', '', #1324 ) ;
#644 = ORIENTED_EDGE ( 'NONE', *, *, #1942, .T. ) ;
#645 = DIRECTION ( 'NONE',  ( 1.000000000000000000, 0.000000000000000000, 0.000000000000000000 ) ) ;
#646 = ORIENTED_EDGE ( 'NONE', *, *, #1880, .T. ) ;
#647 = ORIENTED_EDGE ( 'NONE', *, *, #422, .T. ) ;
#648 = CIRCLE ( 'NONE', #1566, 0.2500000000000002220 ) ;
#649 = EDGE_CURVE ( 'NONE', #850, #1309, #449, .T. ) ;
#650 = ADVANCED_FACE ( 'NONE', ( #1034 ), #2056, .F. ) ;
#651 = CARTESIAN_POINT ( 'NONE',  ( -44.52500000000000568, -14.46000000000000085, 1.199999999999999956 ) ) ;
#652 = DIRECTION ( 'NONE',  ( 1.000000000000000000, 0.000000000000000000, 0.000000000000000000 ) ) ;
#653 = AXIS2_PLACEMENT_3D ( 'NONE', #162, #1323, #1995 ) ;
#654 = ORIENTED_EDGE ( 'NONE', *, *, #1645, .T. ) ;
#655 = ORIENTED_EDGE ( 'NONE', *, *, #12, .T. ) ;
#656 = DIRECTION ( 'NONE',  ( 1.000000000000000000, 0.000000000000000000, 0.000000000000000000 ) ) ;
#657 = ORIENTED_EDGE ( 'NONE', *, *, #1256, .T. ) ;
#658 = DIRECTION ( 'NONE',  ( -0.000000000000000000, -0.000000000000000000, 1.000000000000000000 ) ) ;
#659 = EDGE_CURVE ( 'NONE', #325, #1921, #1709, .T. ) ;
#660 = FACE_BOUND ( 'NONE', #1673, .T. ) ;
#661 = LINE ( 'NONE', #1417, #1085 ) ;
#662 = AXIS2_PLACEMENT_3D ( 'NONE', #2140, #2029, #1469 ) ;
#663 = CARTESIAN_POINT ( 'NONE',  ( -40.65000000000001279, -14.75000000000000178, 0.000000000000000000 ) ) ;
#664 = DIRECTION ( 'NONE',  ( 1.000000000000000000, 0.000000000000000000, 0.000000000000000000 ) ) ;
#665 = CYLINDRICAL_SURFACE ( 'NONE', #1086, 11.99999999999999645 ) ;
#666 = EDGE_CURVE ( 'NONE', #558, #978, #341, .T. ) ;
#667 = LINE ( 'NONE', #1088, #1120 ) ;
#668 = EDGE_CURVE ( 'NONE', #978, #209, #637, .T. ) ;
#669 = AXIS2_PLACEMENT_3D ( 'NONE', #929, #774, #1277 ) ;
#670 = CIRCLE ( 'NONE', #1769, 0.2500000000000002220 ) ;
#671 = ORIENTED_EDGE ( 'NONE', *, *, #704, .T. ) ;
#672 = CARTESIAN_POINT ( 'NONE',  ( -45.10000000000000853, -1.000000000000000000, 0.000000000000000000 ) ) ;
#673 = VERTEX_POINT ( 'NONE', #599 ) ;
#674 = EDGE_CURVE ( 'NONE', #1741, #1478, #1118, .T. ) ;
#675 = CARTESIAN_POINT ( 'NONE',  ( -43.00000000000001421, -10.03000000000000114, -8.800000000000000711 ) ) ;
#676 = CARTESIAN_POINT ( 'NONE',  ( -36.90000000000000568, -10.03000000000000114, 0.000000000000000000 ) ) ;
#677 = COORDINATED_UNIVERSAL_TIME_OFFSET ( 8, 0, .AHEAD. ) ;
#678 = CARTESIAN_POINT ( 'NONE',  ( -43.00000000000001421, -5.980000000000001315, 1.199999999999999956 ) ) ;
#679 = EDGE_LOOP ( 'NONE', ( #1600, #1251, #305, #445 ) ) ;
#680 = ORIENTED_EDGE ( 'NONE', *, *, #15, .F. ) ;
#681 = LINE ( 'NONE', #953, #1532 ) ;
#682 = EDGE_CURVE ( 'NONE', #733, #1666, #1359, .T. ) ;
#683 = VERTEX_POINT ( 'NONE', #1070 ) ;
#684 = DIRECTION ( 'NONE',  ( 1.000000000000000000, 0.000000000000000000, 0.000000000000000000 ) ) ;
#685 = ADVANCED_FACE ( 'NONE', ( #1010 ), #16, .T. ) ;
#686 = FACE_BOUND ( 'NONE', #1264, .T. ) ;
#687 = FACE_BOUND ( 'NONE', #2050, .T. ) ;
#688 = LINE ( 'NONE', #1140, #70 ) ;
#689 = CARTESIAN_POINT ( 'NONE',  ( -36.90000000000000568, -5.980000000000001315, -8.800000000000000711 ) ) ;
#690 = LINE ( 'NONE', #495, #1061 ) ;
#691 = CARTESIAN_POINT ( 'NONE',  ( -37.80000000000000426, -10.28000000000000114, 1.199999999999999956 ) ) ;
#692 = CARTESIAN_POINT ( 'NONE',  ( -44.10000000000000853, -1.000000000000000000, 1.199999999999999734 ) ) ;
#693 = EDGE_CURVE ( 'NONE', #427, #558, #958, .T. ) ;
#694 = ADVANCED_FACE ( 'NONE', ( #244 ), #918, .F. ) ;
#695 = APPROVAL_STATUS ( 'not_yet_approved' ) ;
#696 = EDGE_CURVE ( 'NONE', #673, #1049, #809, .T. ) ;
#697 = EDGE_LOOP ( 'NONE', ( #826, #1726, #2092, #1051 ) ) ;
#698 = CARTESIAN_POINT ( 'NONE',  ( -37.05000000000001137, -8.000000000000000000, -8.800000000000000711 ) ) ;
#699 = VERTEX_POINT ( 'NONE', #1928 ) ;
#700 = DIRECTION ( 'NONE',  ( -0.000000000000000000, -0.000000000000000000, 1.000000000000000000 ) ) ;
#701 = CARTESIAN_POINT ( 'NONE',  ( -41.15000000000001279, -14.75000000000000178, 0.000000000000000000 ) ) ;
#702 = COORDINATED_UNIVERSAL_TIME_OFFSET ( 8, 0, .AHEAD. ) ;
#703 = VERTEX_POINT ( 'NONE', #938 ) ;
#704 = EDGE_CURVE ( 'NONE', #1637, #585, #1146, .T. ) ;
#705 = AXIS2_PLACEMENT_3D ( 'NONE', #543, #551, #1391 ) ;
#706 = ORIENTED_EDGE ( 'NONE', *, *, #1406, .T. ) ;
#707 = DIRECTION ( 'NONE',  ( 1.000000000000000000, 0.000000000000000000, 0.000000000000000000 ) ) ;
#708 = VECTOR ( 'NONE', #2055, 1000.000000000000000 ) ;
#709 = EDGE_CURVE ( 'NONE', #1863, #601, #1033, .T. ) ;
#710 = CARTESIAN_POINT ( 'NONE',  ( -40.15000000000001279, -14.75000000000000178, 1.199999999999999956 ) ) ;
#711 = CARTESIAN_POINT ( 'NONE',  ( -30.50000000000000711, 25.00000000000000000, 1.199999999999999956 ) ) ;
#712 = EDGE_CURVE ( 'NONE', #74, #1199, #273, .T. ) ;
#713 = ORIENTED_EDGE ( 'NONE', *, *, #928, .F. ) ;
#714 = VERTEX_POINT ( 'NONE', #1916 ) ;
#715 = CARTESIAN_POINT ( 'NONE',  ( -37.50000000000000711, -1.000000000000000888, 1.199999999999999956 ) ) ;
#716 = EDGE_LOOP ( 'NONE', ( #1475, #79, #1764, #536, #857, #370, #1094, #89, #1683, #487, #1900, #1336 ) ) ;
#717 = FACE_BOUND ( 'NONE', #1859, .T. ) ;
#718 = DIRECTION ( 'NONE',  ( -0.000000000000000000, -0.000000000000000000, 1.000000000000000000 ) ) ;
#719 = CARTESIAN_POINT ( 'NONE',  ( -43.90000000000001279, -5.730000000000000426, 1.199999999999999956 ) ) ;
#720 = CARTESIAN_POINT ( 'NONE',  ( -44.20000000000000995, -8.000000000000000000, 0.000000000000000000 ) ) ;
#721 = ADVANCED_FACE ( 'NONE', ( #2066 ), #191, .F. ) ;
#722 = CARTESIAN_POINT ( 'NONE',  ( -37.80000000000000426, -9.780000000000001137, -8.800000000000000711 ) ) ;
#723 = FACE_OUTER_BOUND ( 'NONE', #1477, .T. ) ;
#724 = CARTESIAN_POINT ( 'NONE',  ( -37.61000000000001364, -20.15000000000000213, -8.800000000000000711 ) ) ;
#725 = CARTESIAN_POINT ( 'NONE',  ( -31.50000000000000711, 25.00000000000000000, 1.199999999999999956 ) ) ;
#726 = VERTEX_POINT ( 'NONE', #1105 ) ;
#727 = CARTESIAN_POINT ( 'NONE',  ( -27.50000000000000355, 21.00000000000000000, 1.199999999999999956 ) ) ;
#728 = PERSON_AND_ORGANIZATION ( #912, #1524 ) ;
#729 = VERTEX_POINT ( 'NONE', #1447 ) ;
#730 = ORIENTED_EDGE ( 'NONE', *, *, #208, .T. ) ;
#731 = DIRECTION ( 'NONE',  ( 1.000000000000000000, 0.000000000000000000, 0.000000000000000000 ) ) ;
#732 = DIRECTION ( 'NONE',  ( -1.000000000000000000, -0.000000000000000000, -0.000000000000000000 ) ) ;
#733 = VERTEX_POINT ( 'NONE', #2119 ) ;
#734 = DIRECTION ( 'NONE',  ( 1.000000000000000000, 0.000000000000000000, 0.000000000000000000 ) ) ;
#735 = CC_DESIGN_APPROVAL ( #2104, ( #1652 ) ) ;
#736 = ORIENTED_EDGE ( 'NONE', *, *, #1091, .F. ) ;
#737 = DIRECTION ( 'NONE',  ( 1.000000000000000000, 0.000000000000000000, 0.000000000000000000 ) ) ;
#738 = ORIENTED_EDGE ( 'NONE', *, *, #1429, .T. ) ;
#739 = DIRECTION ( 'NONE',  ( 0.000000000000000000, 0.000000000000000000, 1.000000000000000000 ) ) ;
#740 = EDGE_CURVE ( 'NONE', #387, #726, #690, .T. ) ;
#741 = ORIENTED_EDGE ( 'NONE', *, *, #693, .T. ) ;
#742 = EDGE_CURVE ( 'NONE', #2095, #1996, #295, .T. ) ;
#743 = FACE_BOUND ( 'NONE', #1910, .T. ) ;
#744 = AXIS2_PLACEMENT_3D ( 'NONE', #1084, #92, #85 ) ;
#745 = CYLINDRICAL_SURFACE ( 'NONE', #199, 1.000000000000000888 ) ;
#746 = VECTOR ( 'NONE', #1575, 1000.000000000000000 ) ;
#747 = ORIENTED_EDGE ( 'NONE', *, *, #1125, .F. ) ;
#748 = DIRECTION ( 'NONE',  ( -0.000000000000000000, -0.000000000000000000, 1.000000000000000000 ) ) ;
#749 = VECTOR ( 'NONE', #2014, 1000.000000000000000 ) ;
#750 = CYLINDRICAL_SURFACE ( 'NONE', #1474, 0.2500000000000002220 ) ;
#751 = CARTESIAN_POINT ( 'NONE',  ( -26.50000000000000355, -21.00000000000000000, 0.000000000000000000 ) ) ;
#752 = EDGE_LOOP ( 'NONE', ( #1791, #1591, #1733, #1303 ) ) ;
#753 = CARTESIAN_POINT ( 'NONE',  ( -36.65000000000000568, -5.980000000000001315, 0.000000000000000000 ) ) ;
#754 = CIRCLE ( 'NONE', #1713, 1.000000000000000888 ) ;
#755 = AXIS2_PLACEMENT_3D ( 'NONE', #1817, #1958, #2109 ) ;
#756 = CARTESIAN_POINT ( 'NONE',  ( -28.50000000000000355, -21.00000000000000000, 1.199999999999999956 ) ) ;
#757 = VECTOR ( 'NONE', #213, 1000.000000000000000 ) ;
#758 = FACE_OUTER_BOUND ( 'NONE', #1782, .T. ) ;
#759 = AXIS2_PLACEMENT_3D ( 'NONE', #17, #1000, #1849 ) ;
#760 = VECTOR ( 'NONE', #163, 1000.000000000000000 ) ;
#761 = CARTESIAN_POINT ( 'NONE',  ( -45.10000000000000853, -1.000000000000000000, 1.199999999999999956 ) ) ;
#762 = ORIENTED_EDGE ( 'NONE', *, *, #571, .F. ) ;
#763 = DIRECTION ( 'NONE',  ( 0.000000000000000000, 0.000000000000000000, 1.000000000000000000 ) ) ;
#764 = AXIS2_PLACEMENT_3D ( 'NONE', #40, #1243, #913 ) ;
#765 = EDGE_CURVE ( 'NONE', #1287, #1151, #1539, .T. ) ;
#766 = CARTESIAN_POINT ( 'NONE',  ( -31.50000000000000711, 24.00000000000000000, 0.000000000000000000 ) ) ;
#767 = EDGE_CURVE ( 'NONE', #733, #783, #1895, .T. ) ;
#768 = ORIENTED_EDGE ( 'NONE', *, *, #889, .T. ) ;
#769 = EDGE_LOOP ( 'NONE', ( #1186, #38, #485, #438 ) ) ;
#770 = FACE_OUTER_BOUND ( 'NONE', #515, .T. ) ;
#771 = AXIS2_PLACEMENT_3D ( 'NONE', #1969, #1293, #1117 ) ;
#772 = ADVANCED_FACE ( 'NONE', ( #1970, #660, #1235, #743, #2065, #1326, #803, #687, #982, #1562, #1006, #835, #2163, #588, #1703, #1392, #2115, #69 ), #1016, .F. ) ;
#773 = CIRCLE ( 'NONE', #288, 0.5000000000000004441 ) ;
#774 = DIRECTION ( 'NONE',  ( 0.000000000000000000, 0.000000000000000000, 1.000000000000000000 ) ) ;
#775 = EDGE_CURVE ( 'NONE', #58, #459, #1856, .T. ) ;
#776 = DIRECTION ( 'NONE',  ( -1.000000000000000000, 0.000000000000000000, 0.000000000000000000 ) ) ;
#777 = EDGE_CURVE ( 'NONE', #1508, #523, #126, .T. ) ;
#778 = CARTESIAN_POINT ( 'NONE',  ( -37.80000000000000426, -6.230000000000001315, 0.000000000000000000 ) ) ;
#779 = DIRECTION ( 'NONE',  ( -0.000000000000000000, 0.000000000000000000, 1.000000000000000000 ) ) ;
#780 = EDGE_CURVE ( 'NONE', #1145, #2017, #1806, .T. ) ;
#781 = ORIENTED_EDGE ( 'NONE', *, *, #994, .F. ) ;
#782 = CARTESIAN_POINT ( 'NONE',  ( -26.50000000000000355, 21.00000000000000000, 0.000000000000000000 ) ) ;
#783 = VERTEX_POINT ( 'NONE', #517 ) ;
#784 = DIRECTION ( 'NONE',  ( 1.000000000000000000, 0.000000000000000000, 0.000000000000000000 ) ) ;
#785 = ORIENTED_EDGE ( 'NONE', *, *, #1912, .F. ) ;
#786 = DIRECTION ( 'NONE',  ( 1.000000000000000000, 0.000000000000000000, 0.000000000000000000 ) ) ;
#787 = ORIENTED_EDGE ( 'NONE', *, *, #843, .T. ) ;
#788 = EDGE_CURVE ( 'NONE', #1666, #733, #1414, .T. ) ;
#789 = AXIS2_PLACEMENT_3D ( 'NONE', #573, #1212, #739 ) ;
#790 = ORIENTED_EDGE ( 'NONE', *, *, #33, .T. ) ;
#791 = EDGE_LOOP ( 'NONE', ( #46, #1635, #2145, #1699 ) ) ;
#792 = EDGE_CURVE ( 'NONE', #382, #2095, #95, .T. ) ;
#793 = CYLINDRICAL_SURFACE ( 'NONE', #504, 1.000000000000000888 ) ;
#794 = ORIENTED_EDGE ( 'NONE', *, *, #125, .T. ) ;
#795 = DIRECTION ( 'NONE',  ( 0.000000000000000000, 0.000000000000000000, 1.000000000000000000 ) ) ;
#796 = DIRECTION ( 'NONE',  ( -0.000000000000000000, 0.000000000000000000, 1.000000000000000000 ) ) ;
#797 = AXIS2_PLACEMENT_3D ( 'NONE', #1826, #148, #2147 ) ;
#798 = DIRECTION ( 'NONE',  ( 1.000000000000000000, 0.000000000000000000, 0.000000000000000000 ) ) ;
#799 = VECTOR ( 'NONE', #159, 1000.000000000000000 ) ;
#800 = CARTESIAN_POINT ( 'NONE',  ( -31.50000000000000711, 25.00000000000000000, 0.000000000000000000 ) ) ;
#801 = AXIS2_PLACEMENT_3D ( 'NONE', #692, #1811, #540 ) ;
#802 = ADVANCED_FACE ( 'NONE', ( #916 ), #420, .F. ) ;
#803 = FACE_BOUND ( 'NONE', #582, .T. ) ;
#804 = CARTESIAN_POINT ( 'NONE',  ( 27.49999999999999645, -21.00000000000000000, 0.000000000000000000 ) ) ;
#805 = VECTOR ( 'NONE', #131, 1000.000000000000000 ) ;
#806 = ORIENTED_EDGE ( 'NONE', *, *, #1223, .T. ) ;
#807 = DIRECTION ( 'NONE',  ( -0.000000000000000000, 0.000000000000000000, -1.000000000000000000 ) ) ;
#808 = AXIS2_PLACEMENT_3D ( 'NONE', #1583, #2103, #440 ) ;
#809 = CIRCLE ( 'NONE', #2093, 1.000000000000000888 ) ;
#810 = EDGE_CURVE ( 'NONE', #59, #1135, #1297, .T. ) ;
#811 = DIRECTION ( 'NONE',  ( 1.000000000000000000, -1.132899967286609351E-31, 0.000000000000000000 ) ) ;
#812 = LINE ( 'NONE', #1515, #760 ) ;
#813 = DIRECTION ( 'NONE',  ( 1.000000000000000000, 0.000000000000000000, 0.000000000000000000 ) ) ;
#814 = VECTOR ( 'NONE', #260, 1000.000000000000000 ) ;
#815 = EDGE_LOOP ( 'NONE', ( #328, #1989, #654, #894 ) ) ;
#816 = CARTESIAN_POINT ( 'NONE',  ( 26.49999999999999289, 21.00000000000000000, 0.000000000000000000 ) ) ;
#817 = CIRCLE ( 'NONE', #1369, 1.000000000000000888 ) ;
#818 = ADVANCED_FACE ( 'NONE', ( #1254 ), #1556, .T. ) ;
#819 = CARTESIAN_POINT ( 'NONE',  ( -37.80000000000000426, -6.230000000000001315, 1.199999999999999956 ) ) ;
#820 = ORIENTED_EDGE ( 'NONE', *, *, #1053, .F. ) ;
#821 = ORIENTED_EDGE ( 'NONE', *, *, #1558, .F. ) ;
#822 = DATE_AND_TIME ( #434, #256 ) ;
#823 = CIRCLE ( 'NONE', #255, 1.000000000000000888 ) ;
#824 = DIRECTION ( 'NONE',  ( 1.000000000000000000, 0.000000000000000000, 0.000000000000000000 ) ) ;
#825 = AXIS2_PLACEMENT_3D ( 'NONE', #1907, #2088, #275 ) ;
#826 = ORIENTED_EDGE ( 'NONE', *, *, #1079, .T. ) ;
#827 = EDGE_CURVE ( 'NONE', #1145, #1346, #933, .T. ) ;
#828 = ADVANCED_FACE ( 'NONE', ( #475 ), #609, .F. ) ;
#829 = VERTEX_POINT ( 'NONE', #1947 ) ;
#830 = FACE_BOUND ( 'NONE', #1984, .T. ) ;
#831 = ORIENTED_EDGE ( 'NONE', *, *, #264, .T. ) ;
#832 = CARTESIAN_POINT ( 'NONE',  ( -38.61000000000001364, -13.85000000000000142, 1.199999999999999956 ) ) ;
#833 = CC_DESIGN_PERSON_AND_ORGANIZATION_ASSIGNMENT ( #174, #1358, ( #1652 ) ) ;
#834 = DIRECTION ( 'NONE',  ( 1.000000000000000000, 0.000000000000000000, 0.000000000000000000 ) ) ;
#835 = FACE_BOUND ( 'NONE', #1746, .T. ) ;
#836 = DIRECTION ( 'NONE',  ( 1.000000000000000000, 0.000000000000000000, 0.000000000000000000 ) ) ;
#837 = AXIS2_PLACEMENT_3D ( 'NONE', #1670, #2012, #54 ) ;
#838 = DIRECTION ( 'NONE',  ( 1.000000000000000000, 0.000000000000000000, 0.000000000000000000 ) ) ;
#839 = LINE ( 'NONE', #1842, #1873 ) ;
#840 = CARTESIAN_POINT ( 'NONE',  ( 28.49999999999999289, 21.00000000000000000, 1.199999999999999956 ) ) ;
#841 = VECTOR ( 'NONE', #377, 1000.000000000000000 ) ;
#842 = DIRECTION ( 'NONE',  ( 1.000000000000000000, 0.000000000000000000, 0.000000000000000000 ) ) ;
#843 = EDGE_CURVE ( 'NONE', #1983, #1309, #41, .T. ) ;
#844 = ORIENTED_EDGE ( 'NONE', *, *, #29, .F. ) ;
#845 = CARTESIAN_POINT ( 'NONE',  ( -43.00000000000001421, -6.230000000000001315, 0.000000000000000000 ) ) ;
#846 = DIRECTION ( 'NONE',  ( 0.000000000000000000, 0.000000000000000000, 1.000000000000000000 ) ) ;
#847 = CARTESIAN_POINT ( 'NONE',  ( -36.90000000000000568, -10.28000000000000114, 0.000000000000000000 ) ) ;
#848 = DIRECTION ( 'NONE',  ( 1.000000000000000000, 0.000000000000000000, 0.000000000000000000 ) ) ;
#849 = DIRECTION ( 'NONE',  ( 0.000000000000000000, 0.000000000000000000, 1.000000000000000000 ) ) ;
#850 = VERTEX_POINT ( 'NONE', #1457 ) ;
#851 = CARTESIAN_POINT ( 'NONE',  ( -44.52500000000000568, -19.54000000000000270, -8.800000000000000711 ) ) ;
#852 = ADVANCED_FACE ( 'NONE', ( #1832 ), #1390, .F. ) ;
#853 = FACE_OUTER_BOUND ( 'NONE', #1043, .T. ) ;
#854 = EDGE_LOOP ( 'NONE', ( #642, #872, #548, #602 ) ) ;
#855 = DIRECTION ( 'NONE',  ( 0.000000000000000000, 0.000000000000000000, 1.000000000000000000 ) ) ;
#856 = ORIENTED_EDGE ( 'NONE', *, *, #224, .F. ) ;
#857 = ORIENTED_EDGE ( 'NONE', *, *, #1144, .T. ) ;
#858 = DIRECTION ( 'NONE',  ( -0.000000000000000000, -0.000000000000000000, 1.000000000000000000 ) ) ;
#859 = CARTESIAN_POINT ( 'NONE',  ( 31.49999999999999289, 25.00000000000000000, 1.199999999999999956 ) ) ;
#860 = CARTESIAN_POINT ( 'NONE',  ( -36.65000000000000568, -5.980000000000001315, 1.199999999999999956 ) ) ;
#861 = VECTOR ( 'NONE', #1707, 1000.000000000000000 ) ;
#862 =( NAMED_UNIT ( * ) PLANE_ANGLE_UNIT ( ) SI_UNIT ( $, .RADIAN. ) );
#863 = CARTESIAN_POINT ( 'NONE',  ( -43.37500000000001421, -14.46000000000000085, 0.000000000000000000 ) ) ;
#864 = DIRECTION ( 'NONE',  ( 1.000000000000000000, 0.000000000000000000, 0.000000000000000000 ) ) ;
#865 = DIRECTION ( 'NONE',  ( -1.000000000000000000, 0.000000000000000000, 0.000000000000000000 ) ) ;
#866 = CARTESIAN_POINT ( 'NONE',  ( -44.10000000000000853, -1.000000000000000000, -28.45979620447062075 ) ) ;
#867 = CARTESIAN_POINT ( 'NONE',  ( -43.90000000000001279, -10.03000000000000114, -8.800000000000000711 ) ) ;
#868 = CARTESIAN_POINT ( 'NONE',  ( -31.50000000000000711, 25.00000000000000000, 1.199999999999999956 ) ) ;
#869 = AXIS2_PLACEMENT_3D ( 'NONE', #1270, #285, #1780 ) ;
#870 = LINE ( 'NONE', #1488, #281 ) ;
#871 = VERTEX_POINT ( 'NONE', #778 ) ;
#872 = ORIENTED_EDGE ( 'NONE', *, *, #1674, .F. ) ;
#873 = ADVANCED_FACE ( 'NONE', ( #1641 ), #887, .T. ) ;
#874 = CARTESIAN_POINT ( 'NONE',  ( -45.10000000000000853, 1.540743955509788682E-30, 0.000000000000000000 ) ) ;
#875 = DIRECTION ( 'NONE',  ( -1.000000000000000000, 0.000000000000000000, 0.000000000000000000 ) ) ;
#876 = ORIENTED_EDGE ( 'NONE', *, *, #1942, .F. ) ;
#877 = CARTESIAN_POINT ( 'NONE',  ( -36.90000000000000568, -9.780000000000001137, 1.199999999999999956 ) ) ;
#878 = EDGE_CURVE ( 'NONE', #635, #387, #2112, .T. ) ;
#879 = AXIS2_PLACEMENT_3D ( 'NONE', #804, #627, #312 ) ;
#880 = ORIENTED_EDGE ( 'NONE', *, *, #88, .F. ) ;
#881 = DIRECTION ( 'NONE',  ( -1.000000000000000000, 1.132899967286609351E-31, -0.000000000000000000 ) ) ;
#882 = EDGE_CURVE ( 'NONE', #2095, #382, #1032, .T. ) ;
#883 = EDGE_CURVE ( 'NONE', #1315, #1467, #497, .T. ) ;
#884 = APPLICATION_CONTEXT ( 'configuration controlled 3d designs of mechanical parts and assemblies' ) ;
#885 = DIRECTION ( 'NONE',  ( 0.000000000000000000, 0.000000000000000000, 1.000000000000000000 ) ) ;
#886 = LINE ( 'NONE', #310, #1966 ) ;
#887 = CYLINDRICAL_SURFACE ( 'NONE', #1208, 1.000000000000000888 ) ;
#888 = CIRCLE ( 'NONE', #407, 0.5749999999999990674 ) ;
#889 = EDGE_CURVE ( 'NONE', #1346, #714, #292, .T. ) ;
#890 = CARTESIAN_POINT ( 'NONE',  ( -31.50000000000000711, 12.00000000000000178, 1.199999999999999956 ) ) ;
#891 = DIRECTION ( 'NONE',  ( -0.000000000000000000, -0.000000000000000000, 1.000000000000000000 ) ) ;
#892 = DIRECTION ( 'NONE',  ( 0.000000000000000000, -0.000000000000000000, 1.000000000000000000 ) ) ;
#893 = VERTEX_POINT ( 'NONE', #437 ) ;
#894 = ORIENTED_EDGE ( 'NONE', *, *, #264, .F. ) ;
#895 = CARTESIAN_POINT ( 'NONE',  ( -40.65000000000001279, -14.75000000000000178, -8.800000000000000711 ) ) ;
#896 = DIRECTION ( 'NONE',  ( 0.000000000000000000, 0.000000000000000000, 1.000000000000000000 ) ) ;
#897 = LINE ( 'NONE', #147, #1860 ) ;
#898 = EDGE_CURVE ( 'NONE', #1135, #1854, #444, .T. ) ;
#899 = APPLICATION_CONTEXT ( 'configuration controlled 3d designs of mechanical parts and assemblies' ) ;
#900 = ORIENTED_EDGE ( 'NONE', *, *, #1205, .T. ) ;
#901 = ORIENTED_EDGE ( 'NONE', *, *, #1498, .F. ) ;
#902 = AXIS2_PLACEMENT_3D ( 'NONE', #1956, #636, #786 ) ;
#903 = CARTESIAN_POINT ( 'NONE',  ( -43.37500000000001421, -14.46000000000000085, 1.199999999999999956 ) ) ;
#904 = ORIENTED_EDGE ( 'NONE', *, *, #2047, .T. ) ;
#905 = ORIENTED_EDGE ( 'NONE', *, *, #1097, .T. ) ;
#906 = FACE_OUTER_BOUND ( 'NONE', #197, .T. ) ;
#907 = DIRECTION ( 'NONE',  ( -0.000000000000000000, -0.000000000000000000, -1.000000000000000000 ) ) ;
#908 = CARTESIAN_POINT ( 'NONE',  ( -36.50000000000000711, -1.000000000000000888, 0.000000000000000000 ) ) ;
#909 = CARTESIAN_POINT ( 'NONE',  ( -43.00000000000001421, -10.28000000000000114, -8.800000000000000711 ) ) ;
#910 = LINE ( 'NONE', #874, #53 ) ;
#911 = ORIENTED_EDGE ( 'NONE', *, *, #1767, .F. ) ;
#912 = PERSON ( '未指定', '未指定', '未指定', ('未指定'), ('未指定'), ('未指定') ) ;
#913 = DIRECTION ( 'NONE',  ( 1.000000000000000000, 0.000000000000000000, 0.000000000000000000 ) ) ;
#914 = AXIS2_PLACEMENT_3D ( 'NONE', #1067, #606, #1420 ) ;
#915 = DIRECTION ( 'NONE',  ( 1.000000000000000000, 0.000000000000000000, 0.000000000000000000 ) ) ;
#916 = FACE_OUTER_BOUND ( 'NONE', #111, .T. ) ;
#917 = ORIENTED_EDGE ( 'NONE', *, *, #792, .T. ) ;
#918 = CYLINDRICAL_SURFACE ( 'NONE', #1064, 1.000000000000000888 ) ;
#919 = LINE ( 'NONE', #2144, #1810 ) ;
#920 = AXIS2_PLACEMENT_3D ( 'NONE', #1643, #855, #652 ) ;
#921 = DIRECTION ( 'NONE',  ( 0.000000000000000000, 0.000000000000000000, 1.000000000000000000 ) ) ;
#922 = ORIENTED_EDGE ( 'NONE', *, *, #411, .T. ) ;
#923 = CARTESIAN_POINT ( 'NONE',  ( -43.90000000000001279, -10.28000000000000114, 0.000000000000000000 ) ) ;
#924 = ORIENTED_EDGE ( 'NONE', *, *, #898, .T. ) ;
#925 = CC_DESIGN_DATE_AND_TIME_ASSIGNMENT ( #286, #344, ( #643 ) ) ;
#926 = CIRCLE ( 'NONE', #920, 1.000000000000000888 ) ;
#927 = VERTEX_POINT ( 'NONE', #1536 ) ;
#928 = EDGE_CURVE ( 'NONE', #65, #1467, #1971, .T. ) ;
#929 = CARTESIAN_POINT ( 'NONE',  ( -40.65000000000001279, -19.25000000000000000, 1.199999999999999956 ) ) ;
#930 = AXIS2_PLACEMENT_3D ( 'NONE', #1202, #1052, #1533 ) ;
#931 = CARTESIAN_POINT ( 'NONE',  ( 27.49999999999999289, 21.00000000000000000, 1.199999999999999956 ) ) ;
#932 = LINE ( 'NONE', #1446, #186 ) ;
#933 = LINE ( 'NONE', #1361, #499 ) ;
#934 = DIRECTION ( 'NONE',  ( 0.000000000000000000, 0.000000000000000000, -1.000000000000000000 ) ) ;
#935 = FACE_OUTER_BOUND ( 'NONE', #510, .T. ) ;
#936 = CIRCLE ( 'NONE', #2002, 0.5000000000000004441 ) ;
#937 = CARTESIAN_POINT ( 'NONE',  ( -43.90000000000001279, -6.230000000000001315, -8.800000000000000711 ) ) ;
#938 = CARTESIAN_POINT ( 'NONE',  ( -36.90000000000000568, -5.730000000000000426, 1.199999999999999956 ) ) ;
#939 = ORIENTED_EDGE ( 'NONE', *, *, #788, .F. ) ;
#940 = AXIS2_PLACEMENT_3D ( 'NONE', #908, #2089, #1077 ) ;
#941 = ORIENTED_EDGE ( 'NONE', *, *, #1952, .T. ) ;
#942 = DIRECTION ( 'NONE',  ( 1.000000000000000000, 0.000000000000000000, 0.000000000000000000 ) ) ;
#943 = ORIENTED_EDGE ( 'NONE', *, *, #1531, .F. ) ;
#944 = DIRECTION ( 'NONE',  ( 0.000000000000000000, -0.000000000000000000, -1.000000000000000000 ) ) ;
#945 = CARTESIAN_POINT ( 'NONE',  ( 31.49999999999999289, -24.00000000000000000, 1.199999999999999956 ) ) ;
#946 = FACE_OUTER_BOUND ( 'NONE', #1903, .T. ) ;
#947 = ORIENTED_EDGE ( 'NONE', *, *, #882, .F. ) ;
#948 = CARTESIAN_POINT ( 'NONE',  ( -44.55000000000001137, -8.000000000000000000, 0.000000000000000000 ) ) ;
#949 = CARTESIAN_POINT ( 'NONE',  ( -27.50000000000000355, 21.00000000000000000, 0.000000000000000000 ) ) ;
#950 = ORIENTED_EDGE ( 'NONE', *, *, #1535, .T. ) ;
#951 = AXIS2_PLACEMENT_3D ( 'NONE', #480, #1360, #798 ) ;
#952 = ORIENTED_EDGE ( 'NONE', *, *, #1535, .F. ) ;
#953 = CARTESIAN_POINT ( 'NONE',  ( 30.49999999999999289, -25.00000000000000000, 1.199999999999999956 ) ) ;
#954 = EDGE_CURVE ( 'NONE', #2017, #1145, #1147, .T. ) ;
#955 = CYLINDRICAL_SURFACE ( 'NONE', #13, 0.5000000000000004441 ) ;
#956 = DIRECTION ( 'NONE',  ( -0.000000000000000000, -0.000000000000000000, 1.000000000000000000 ) ) ;
#957 = CIRCLE ( 'NONE', #1639, 0.2500000000000002220 ) ;
#958 = LINE ( 'NONE', #1790, #71 ) ;
#959 = DIRECTION ( 'NONE',  ( -0.000000000000000000, 0.000000000000000000, 1.000000000000000000 ) ) ;
#960 = AXIS2_PLACEMENT_3D ( 'NONE', #2173, #1676, #2010 ) ;
#961 = ORIENTED_EDGE ( 'NONE', *, *, #810, .T. ) ;
#962 = FACE_OUTER_BOUND ( 'NONE', #1597, .T. ) ;
#963 = ORIENTED_EDGE ( 'NONE', *, *, #49, .F. ) ;
#964 = DIRECTION ( 'NONE',  ( 0.000000000000000000, -1.000000000000000000, 0.000000000000000000 ) ) ;
#965 = CARTESIAN_POINT ( 'NONE',  ( -44.10000000000000853, -1.000000000000000000, 0.000000000000000000 ) ) ;
#966 = DIRECTION ( 'NONE',  ( -0.000000000000000000, -0.000000000000000000, 1.000000000000000000 ) ) ;
#967 = ORIENTED_EDGE ( 'NONE', *, *, #1397, .F. ) ;
#968 = EDGE_LOOP ( 'NONE', ( #2077, #1116, #1821, #1163, #283 ) ) ;
#969 = DIRECTION ( 'NONE',  ( -0.000000000000000000, 0.000000000000000000, 1.000000000000000000 ) ) ;
#970 = CARTESIAN_POINT ( 'NONE',  ( 0.000000000000000000, -10.28000000000000114, 0.000000000000000000 ) ) ;
#971 = VERTEX_POINT ( 'NONE', #877 ) ;
#972 = CARTESIAN_POINT ( 'NONE',  ( -37.80000000000000426, -9.780000000000001137, 1.199999999999999956 ) ) ;
#973 = VERTEX_POINT ( 'NONE', #860 ) ;
#974 = ADVANCED_FACE ( 'NONE', ( #335 ), #315, .F. ) ;
#975 = ORIENTED_EDGE ( 'NONE', *, *, #954, .T. ) ;
#976 = CARTESIAN_POINT ( 'NONE',  ( -37.61000000000001364, -20.15000000000000213, 0.000000000000000000 ) ) ;
#977 = VECTOR ( 'NONE', #402, 1000.000000000000000 ) ;
#978 = VERTEX_POINT ( 'NONE', #2057 ) ;
#979 = CARTESIAN_POINT ( 'NONE',  ( -43.90000000000001279, -5.730000000000000426, 1.199999999999999956 ) ) ;
#980 = DIRECTION ( 'NONE',  ( 0.000000000000000000, 0.000000000000000000, 1.000000000000000000 ) ) ;
#981 = EDGE_CURVE ( 'NONE', #1850, #2149, #1489, .T. ) ;
#982 = FACE_BOUND ( 'NONE', #32, .T. ) ;
#983 = ADVANCED_FACE ( 'NONE', ( #274 ), #2037, .F. ) ;
#984 = DIRECTION ( 'NONE',  ( 1.000000000000000000, 0.000000000000000000, 0.000000000000000000 ) ) ;
#985 = DIRECTION ( 'NONE',  ( 1.000000000000000000, 0.000000000000000000, 0.000000000000000000 ) ) ;
#986 = LINE ( 'NONE', #1253, #251 ) ;
#987 = ORIENTED_EDGE ( 'NONE', *, *, #2078, .F. ) ;
#988 = CARTESIAN_POINT ( 'NONE',  ( 0.000000000000000000, 0.000000000000000000, 1.199999999999999956 ) ) ;
#989 = ORIENTED_EDGE ( 'NONE', *, *, #1587, .F. ) ;
#990 = COORDINATED_UNIVERSAL_TIME_OFFSET ( 8, 0, .AHEAD. ) ;
#991 = AXIS2_PLACEMENT_3D ( 'NONE', #1614, #1428, #116 ) ;
#992 = ORIENTED_EDGE ( 'NONE', *, *, #546, .T. ) ;
#993 = ORIENTED_EDGE ( 'NONE', *, *, #1055, .T. ) ;
#994 = EDGE_CURVE ( 'NONE', #927, #1287, #269, .T. ) ;
#995 = AXIS2_PLACEMENT_3D ( 'NONE', #613, #2110, #1111 ) ;
#996 = VERTEX_POINT ( 'NONE', #48 ) ;
#997 = DIRECTION ( 'NONE',  ( -0.000000000000000000, 0.000000000000000000, 1.000000000000000000 ) ) ;
#998 = ORIENTED_EDGE ( 'NONE', *, *, #513, .F. ) ;
#999 = DIRECTION ( 'NONE',  ( -1.000000000000000000, 0.000000000000000000, 0.000000000000000000 ) ) ;
#1000 = DIRECTION ( 'NONE',  ( 0.000000000000000000, -0.000000000000000000, -1.000000000000000000 ) ) ;
#1001 = ORIENTED_EDGE ( 'NONE', *, *, #693, .F. ) ;
#1002 = ORIENTED_EDGE ( 'NONE', *, *, #386, .T. ) ;
#1003 = ADVANCED_FACE ( 'NONE', ( #1174 ), #1917, .F. ) ;
#1004 = ORIENTED_EDGE ( 'NONE', *, *, #1563, .F. ) ;
#1005 = DIRECTION ( 'NONE',  ( -1.000000000000000000, -0.000000000000000000, -0.000000000000000000 ) ) ;
#1006 = FACE_BOUND ( 'NONE', #1572, .T. ) ;
#1007 = CIRCLE ( 'NONE', #1239, 1.000000000000000888 ) ;
#1008 = DIRECTION ( 'NONE',  ( 0.000000000000000000, 0.000000000000000000, 1.000000000000000000 ) ) ;
#1009 = CARTESIAN_POINT ( 'NONE',  ( -43.90000000000001279, -5.980000000000001315, 1.199999999999999956 ) ) ;
#1010 = FACE_OUTER_BOUND ( 'NONE', #1484, .T. ) ;
#1011 = EDGE_CURVE ( 'NONE', #1153, #1124, #221, .T. ) ;
#1012 = ORIENTED_EDGE ( 'NONE', *, *, #709, .F. ) ;
#1013 = EDGE_CURVE ( 'NONE', #290, #427, #661, .T. ) ;
#1014 = VECTOR ( 'NONE', #1919, 1000.000000000000000 ) ;
#1015 = CARTESIAN_POINT ( 'NONE',  ( -43.90000000000001279, -10.28000000000000114, 1.199999999999999956 ) ) ;
#1016 = PLANE ( 'NONE',  #2161 ) ;
#1017 = CARTESIAN_POINT ( 'NONE',  ( -31.50000000000000711, 25.00000000000000000, 0.000000000000000000 ) ) ;
#1018 = DIRECTION ( 'NONE',  ( 0.000000000000000000, 0.000000000000000000, 1.000000000000000000 ) ) ;
#1019 = ORIENTED_EDGE ( 'NONE', *, *, #1498, .T. ) ;
#1020 = ORIENTED_EDGE ( 'NONE', *, *, #1552, .F. ) ;
#1021 = AXIS2_PLACEMENT_3D ( 'NONE', #593, #921, #1423 ) ;
#1022 = DIRECTION ( 'NONE',  ( -0.000000000000000000, 0.000000000000000000, 1.000000000000000000 ) ) ;
#1023 = ORIENTED_EDGE ( 'NONE', *, *, #674, .F. ) ;
#1024 = CIRCLE ( 'NONE', #797, 1.000000000000000888 ) ;
#1025 = CARTESIAN_POINT ( 'NONE',  ( -27.50000000000000355, 21.00000000000000000, 1.199999999999999956 ) ) ;
#1026 = CARTESIAN_POINT ( 'NONE',  ( -43.90000000000001279, -5.730000000000000426, -8.800000000000000711 ) ) ;
#1027 = ORIENTED_EDGE ( 'NONE', *, *, #355, .F. ) ;
#1028 = CARTESIAN_POINT ( 'NONE',  ( -36.50000000000000711, -1.000000000000000888, 1.199999999999999956 ) ) ;
#1029 = FACE_BOUND ( 'NONE', #1862, .T. ) ;
#1030 = DIRECTION ( 'NONE',  ( -0.000000000000000000, -0.000000000000000000, 1.000000000000000000 ) ) ;
#1031 = DIRECTION ( 'NONE',  ( 1.000000000000000000, 0.000000000000000000, 0.000000000000000000 ) ) ;
#1032 = CIRCLE ( 'NONE', #869, 0.5749999999999990674 ) ;
#1033 = LINE ( 'NONE', #1938, #1298 ) ;
#1034 = FACE_OUTER_BOUND ( 'NONE', #210, .T. ) ;
#1035 = CARTESIAN_POINT ( 'NONE',  ( -38.11000000000001364, -20.15000000000000213, 0.000000000000000000 ) ) ;
#1036 = EDGE_CURVE ( 'NONE', #512, #62, #399, .T. ) ;
#1037 = VECTOR ( 'NONE', #1771, 1000.000000000000000 ) ;
#1038 = AXIS2_PLACEMENT_3D ( 'NONE', #1402, #1574, #592 ) ;
#1039 = CIRCLE ( 'NONE', #825, 0.5000000000000004441 ) ;
#1040 = EDGE_CURVE ( 'NONE', #1334, #635, #563, .T. ) ;
#1041 = CARTESIAN_POINT ( 'NONE',  ( -37.61000000000001364, -20.15000000000000213, 1.199999999999999956 ) ) ;
#1042 = AXIS2_PLACEMENT_3D ( 'NONE', #1236, #594, #1758 ) ;
#1043 = EDGE_LOOP ( 'NONE', ( #332, #998, #56, #1497 ) ) ;
#1044 = ORIENTED_EDGE ( 'NONE', *, *, #1368, .F. ) ;
#1045 = AXIS2_PLACEMENT_3D ( 'NONE', #1028, #1216, #201 ) ;
#1046 = DIRECTION ( 'NONE',  ( 0.000000000000000000, -0.000000000000000000, 1.000000000000000000 ) ) ;
#1047 = DIRECTION ( 'NONE',  ( 1.000000000000000000, 0.000000000000000000, 0.000000000000000000 ) ) ;
#1048 = CC_DESIGN_PERSON_AND_ORGANIZATION_ASSIGNMENT ( #1628, #1561, ( #1932 ) ) ;
#1049 = VERTEX_POINT ( 'NONE', #508 ) ;
#1050 = ORIENTED_EDGE ( 'NONE', *, *, #709, .T. ) ;
#1051 = ORIENTED_EDGE ( 'NONE', *, *, #1466, .F. ) ;
#1052 = DIRECTION ( 'NONE',  ( -0.000000000000000000, -0.000000000000000000, -1.000000000000000000 ) ) ;
#1053 = EDGE_CURVE ( 'NONE', #209, #427, #1115, .T. ) ;
#1054 = DIRECTION ( 'NONE',  ( 1.000000000000000000, 0.000000000000000000, 0.000000000000000000 ) ) ;
#1055 = EDGE_CURVE ( 'NONE', #365, #576, #1276, .T. ) ;
#1056 = ORIENTED_EDGE ( 'NONE', *, *, #1825, .F. ) ;
#1057 = CARTESIAN_POINT ( 'NONE',  ( -37.05000000000001137, -8.000000000000000000, -8.800000000000000711 ) ) ;
#1058 = VECTOR ( 'NONE', #413, 1000.000000000000000 ) ;
#1059 = ORIENTED_EDGE ( 'NONE', *, *, #590, .T. ) ;
#1060 = CARTESIAN_POINT ( 'NONE',  ( -40.65000000000001279, -19.25000000000000000, -8.800000000000000711 ) ) ;
#1061 = VECTOR ( 'NONE', #1804, 1000.000000000000000 ) ;
#1062 = AXIS2_PLACEMENT_3D ( 'NONE', #988, #1170, #2171 ) ;
#1063 = APPLICATION_PROTOCOL_DEFINITION ( 'international standard', 'config_control_design', 1994, #884 ) ;
#1064 = AXIS2_PLACEMENT_3D ( 'NONE', #1923, #98, #1948 ) ;
#1065 = LINE ( 'NONE', #421, #1678 ) ;
#1066 = CYLINDRICAL_SURFACE ( 'NONE', #282, 1.000000000000000888 ) ;
#1067 = CARTESIAN_POINT ( 'NONE',  ( -43.00000000000001421, -5.980000000000001315, -8.800000000000000711 ) ) ;
#1068 = VERTEX_POINT ( 'NONE', #272 ) ;
#1069 = DIRECTION ( 'NONE',  ( -0.000000000000000000, -0.000000000000000000, 1.000000000000000000 ) ) ;
#1070 = CARTESIAN_POINT ( 'NONE',  ( -36.70000000000000995, -8.000000000000000000, 1.199999999999999956 ) ) ;
#1071 = ORIENTED_EDGE ( 'NONE', *, *, #1715, .F. ) ;
#1072 = SHAPE_DEFINITION_REPRESENTATION ( #1227, #1203 ) ;
#1073 = APPROVAL ( #695, '未指定' ) ;
#1074 = ORIENTED_EDGE ( 'NONE', *, *, #1617, .T. ) ;
#1075 = VERTEX_POINT ( 'NONE', #816 ) ;
#1076 = DIRECTION ( 'NONE',  ( 0.000000000000000000, 0.000000000000000000, 1.000000000000000000 ) ) ;
#1077 = DIRECTION ( 'NONE',  ( -1.000000000000000000, 0.000000000000000000, 0.000000000000000000 ) ) ;
#1078 = EDGE_LOOP ( 'NONE', ( #2026, #2075, #239, #2069 ) ) ;
#1079 = EDGE_CURVE ( 'NONE', #1199, #1604, #634, .T. ) ;
#1080 = DIRECTION ( 'NONE',  ( 1.000000000000000000, -1.132899967286609351E-31, 0.000000000000000000 ) ) ;
#1081 = AXIS2_PLACEMENT_3D ( 'NONE', #689, #2165, #1507 ) ;
#1082 = LINE ( 'NONE', #176, #1756 ) ;
#1083 = ORIENTED_EDGE ( 'NONE', *, *, #49, .T. ) ;
#1084 = CARTESIAN_POINT ( 'NONE',  ( -38.11000000000001364, -20.15000000000000213, -8.800000000000000711 ) ) ;
#1085 = VECTOR ( 'NONE', #1080, 1000.000000000000000 ) ;
#1086 = AXIS2_PLACEMENT_3D ( 'NONE', #1633, #1306, #1482 ) ;
#1087 = VECTOR ( 'NONE', #1847, 1000.000000000000000 ) ;
#1088 = CARTESIAN_POINT ( 'NONE',  ( 26.49999999999999645, -21.00000000000000000, 1.199999999999999956 ) ) ;
#1089 = CIRCLE ( 'NONE', #940, 1.000000000000000888 ) ;
#1090 = DIRECTION ( 'NONE',  ( 0.000000000000000000, 0.000000000000000000, 1.000000000000000000 ) ) ;
#1091 = EDGE_CURVE ( 'NONE', #973, #703, #1945, .T. ) ;
#1092 = AXIS2_PLACEMENT_3D ( 'NONE', #1479, #462, #1464 ) ;
#1093 = EDGE_CURVE ( 'NONE', #726, #1800, #447, .T. ) ;
#1094 = ORIENTED_EDGE ( 'NONE', *, *, #632, .T. ) ;
#1095 = DIRECTION ( 'NONE',  ( 0.000000000000000000, 0.000000000000000000, 1.000000000000000000 ) ) ;
#1096 = CYLINDRICAL_SURFACE ( 'NONE', #837, 1.000000000000000888 ) ;
#1097 = EDGE_CURVE ( 'NONE', #74, #1404, #688, .T. ) ;
#1098 = ORIENTED_EDGE ( 'NONE', *, *, #1531, .T. ) ;
#1099 = COORDINATED_UNIVERSAL_TIME_OFFSET ( 8, 0, .AHEAD. ) ;
#1100 = AXIS2_PLACEMENT_3D ( 'NONE', #1534, #1221, #875 ) ;
#1101 = ORIENTED_EDGE ( 'NONE', *, *, #1238, .F. ) ;
#1102 = AXIS2_PLACEMENT_3D ( 'NONE', #1060, #1571, #1752 ) ;
#1103 = ORIENTED_EDGE ( 'NONE', *, *, #103, .T. ) ;
#1104 = DIRECTION ( 'NONE',  ( 0.000000000000000000, -0.000000000000000000, -1.000000000000000000 ) ) ;
#1105 = CARTESIAN_POINT ( 'NONE',  ( 30.49999999999999289, -25.00000000000000000, 1.199999999999999956 ) ) ;
#1106 = ORIENTED_EDGE ( 'NONE', *, *, #1606, .T. ) ;
#1107 = ORIENTED_EDGE ( 'NONE', *, *, #535, .F. ) ;
#1108 = LINE ( 'NONE', #972, #1892 ) ;
#1109 = ORIENTED_EDGE ( 'NONE', *, *, #1563, .T. ) ;
#1110 = EDGE_CURVE ( 'NONE', #2141, #2172, #188, .T. ) ;
#1111 = DIRECTION ( 'NONE',  ( 1.000000000000000000, 0.000000000000000000, 0.000000000000000000 ) ) ;
#1112 = CIRCLE ( 'NONE', #294, 0.5000000000000004441 ) ;
#1113 = CARTESIAN_POINT ( 'NONE',  ( -38.11000000000001364, -13.85000000000000142, 0.000000000000000000 ) ) ;
#1114 = DIRECTION ( 'NONE',  ( -0.000000000000000000, -0.000000000000000000, 1.000000000000000000 ) ) ;
#1115 = CIRCLE ( 'NONE', #2074, 11.99999999999999645 ) ;
#1116 = ORIENTED_EDGE ( 'NONE', *, *, #1745, .T. ) ;
#1117 = DIRECTION ( 'NONE',  ( 0.000000000000000000, -0.000000000000000000, -1.000000000000000000 ) ) ;
#1118 = LINE ( 'NONE', #909, #157 ) ;
#1119 = ADVANCED_FACE ( 'NONE', ( #1894 ), #2134, .F. ) ;
#1120 = VECTOR ( 'NONE', #436, 1000.000000000000000 ) ;
#1121 = ORIENTED_EDGE ( 'NONE', *, *, #981, .F. ) ;
#1122 = LINE ( 'NONE', #1257, #23 ) ;
#1123 = VECTOR ( 'NONE', #1165, 1000.000000000000000 ) ;
#1124 = VERTEX_POINT ( 'NONE', #43 ) ;
#1125 = EDGE_CURVE ( 'NONE', #1743, #973, #1327, .T. ) ;
#1126 = VERTEX_POINT ( 'NONE', #1896 ) ;
#1127 = MANIFOLD_SOLID_BREP ( '切除-拉伸3', #1554 ) ;
#1128 = LOCAL_TIME ( 14, 43, 15.00000000000000000, #1099 ) ;
#1129 = EDGE_CURVE ( 'NONE', #601, #973, #957, .T. ) ;
#1130 = CARTESIAN_POINT ( 'NONE',  ( 26.49999999999999645, -21.00000000000000000, 0.000000000000000000 ) ) ;
#1131 = CARTESIAN_POINT ( 'NONE',  ( -37.80000000000000426, -5.980000000000001315, 0.000000000000000000 ) ) ;
#1132 = ORIENTED_EDGE ( 'NONE', *, *, #411, .F. ) ;
#1133 = CARTESIAN_POINT ( 'NONE',  ( -31.50000000000000000, -25.00000000000000000, 0.000000000000000000 ) ) ;
#1134 = CIRCLE ( 'NONE', #1739, 0.2500000000000002220 ) ;
#1135 = VERTEX_POINT ( 'NONE', #1640 ) ;
#1136 = DIRECTION ( 'NONE',  ( 1.000000000000000000, 0.000000000000000000, 0.000000000000000000 ) ) ;
#1137 = EDGE_CURVE ( 'NONE', #7, #1594, #1007, .T. ) ;
#1138 = ORIENTED_EDGE ( 'NONE', *, *, #1738, .T. ) ;
#1139 = EDGE_CURVE ( 'NONE', #518, #459, #1463, .T. ) ;
#1140 = CARTESIAN_POINT ( 'NONE',  ( -42.75000000000001421, -10.03000000000000114, -8.800000000000000711 ) ) ;
#1141 = CARTESIAN_POINT ( 'NONE',  ( -42.75000000000001421, -10.03000000000000114, 1.199999999999999956 ) ) ;
#1142 = CARTESIAN_POINT ( 'NONE',  ( -37.80000000000000426, -10.03000000000000114, 0.000000000000000000 ) ) ;
#1143 = CIRCLE ( 'NONE', #1255, 0.2500000000000002220 ) ;
#1144 = EDGE_CURVE ( 'NONE', #1800, #138, #1234, .T. ) ;
#1145 = VERTEX_POINT ( 'NONE', #1549 ) ;
#1146 = CIRCLE ( 'NONE', #311, 0.5000000000000004441 ) ;
#1147 = CIRCLE ( 'NONE', #1976, 0.3500000000000030864 ) ;
#1148 = DIRECTION ( 'NONE',  ( 1.000000000000000000, 0.000000000000000000, 0.000000000000000000 ) ) ;
#1149 = FACE_OUTER_BOUND ( 'NONE', #854, .T. ) ;
#1150 = EDGE_LOOP ( 'NONE', ( #1262, #360, #1686, #1986 ) ) ;
#1151 = VERTEX_POINT ( 'NONE', #1718 ) ;
#1152 = CARTESIAN_POINT ( 'NONE',  ( -36.90000000000000568, -5.730000000000000426, -8.800000000000000711 ) ) ;
#1153 = VERTEX_POINT ( 'NONE', #710 ) ;
#1154 = ORIENTED_EDGE ( 'NONE', *, *, #1665, .T. ) ;
#1155 = CARTESIAN_POINT ( 'NONE',  ( -38.61000000000001364, -13.85000000000000142, 0.000000000000000000 ) ) ;
#1156 = ORIENTED_EDGE ( 'NONE', *, *, #1606, .F. ) ;
#1157 = CARTESIAN_POINT ( 'NONE',  ( -38.61000000000001364, -20.15000000000000213, 0.000000000000000000 ) ) ;
#1158 = CARTESIAN_POINT ( 'NONE',  ( -43.90000000000001279, -10.28000000000000114, -8.800000000000000711 ) ) ;
#1159 = ORIENTED_EDGE ( 'NONE', *, *, #954, .F. ) ;
#1160 = ORIENTED_EDGE ( 'NONE', *, *, #1269, .F. ) ;
#1161 = DIRECTION ( 'NONE',  ( -1.000000000000000000, 0.000000000000000000, 0.000000000000000000 ) ) ;
#1162 = DIRECTION ( 'NONE',  ( -0.000000000000000000, -0.000000000000000000, 1.000000000000000000 ) ) ;
#1163 = ORIENTED_EDGE ( 'NONE', *, *, #2052, .T. ) ;
#1164 = CYLINDRICAL_SURFACE ( 'NONE', #1655, 0.5000000000000004441 ) ;
#1165 = DIRECTION ( 'NONE',  ( 0.000000000000000000, -0.000000000000000000, 1.000000000000000000 ) ) ;
#1166 = ORIENTED_EDGE ( 'NONE', *, *, #535, .T. ) ;
#1167 = CIRCLE ( 'NONE', #1021, 0.3500000000000030864 ) ;
#1168 = ADVANCED_FACE ( 'NONE', ( #1356 ), #500, .T. ) ;
#1169 = EDGE_LOOP ( 'NONE', ( #623, #1200, #284, #1946 ) ) ;
#1170 = DIRECTION ( 'NONE',  ( -0.000000000000000000, 0.000000000000000000, 1.000000000000000000 ) ) ;
#1171 = FACE_BOUND ( 'NONE', #1595, .T. ) ;
#1172 = CARTESIAN_POINT ( 'NONE',  ( 28.49999999999999645, -21.00000000000000000, 1.199999999999999956 ) ) ;
#1173 = DIRECTION ( 'NONE',  ( 1.000000000000000000, 0.000000000000000000, 0.000000000000000000 ) ) ;
#1174 = FACE_OUTER_BOUND ( 'NONE', #815, .T. ) ;
#1175 = ORIENTED_EDGE ( 'NONE', *, *, #1139, .F. ) ;
#1176 = CARTESIAN_POINT ( 'NONE',  ( -36.70000000000000995, -8.000000000000000000, 0.000000000000000000 ) ) ;
#1177 = DATE_TIME_ROLE ( 'creation_date' ) ;
#1178 = CARTESIAN_POINT ( 'NONE',  ( -43.90000000000001279, -6.230000000000001315, 0.000000000000000000 ) ) ;
#1179 = VECTOR ( 'NONE', #22, 1000.000000000000000 ) ;
#1180 = ADVANCED_FACE ( 'NONE', ( #42 ), #14, .F. ) ;
#1181 = APPROVAL_ROLE ( '' ) ;
#1182 = CARTESIAN_POINT ( 'NONE',  ( -38.11000000000001364, -13.85000000000000142, 1.199999999999999956 ) ) ;
#1183 = AXIS2_PLACEMENT_3D ( 'NONE', #569, #1737, #734 ) ;
#1184 = VERTEX_POINT ( 'NONE', #1708 ) ;
#1185 = EDGE_LOOP ( 'NONE', ( #1071, #961, #924, #1754 ) ) ;
#1186 = ORIENTED_EDGE ( 'NONE', *, *, #574, .F. ) ;
#1187 = CARTESIAN_POINT ( 'NONE',  ( -42.75000000000001421, -5.980000000000001315, -8.800000000000000711 ) ) ;
#1188 = COORDINATED_UNIVERSAL_TIME_OFFSET ( 8, 0, .AHEAD. ) ;
#1189 = ORIENTED_EDGE ( 'NONE', *, *, #2072, .T. ) ;
#1190 = CYLINDRICAL_SURFACE ( 'NONE', #1081, 0.2500000000000002220 ) ;
#1191 = DIRECTION ( 'NONE',  ( 0.000000000000000000, 0.000000000000000000, 1.000000000000000000 ) ) ;
#1192 = DIRECTION ( 'NONE',  ( -0.000000000000000000, -0.000000000000000000, 1.000000000000000000 ) ) ;
#1193 = DIRECTION ( 'NONE',  ( -0.000000000000000000, -0.000000000000000000, -1.000000000000000000 ) ) ;
#1194 = CYLINDRICAL_SURFACE ( 'NONE', #83, 0.3500000000000030864 ) ;
#1195 = DIRECTION ( 'NONE',  ( -0.000000000000000000, -0.000000000000000000, -1.000000000000000000 ) ) ;
#1196 = EDGE_LOOP ( 'NONE', ( #1159, #1631, #794, #52 ) ) ;
#1197 = DIRECTION ( 'NONE',  ( 1.000000000000000000, 0.000000000000000000, 0.000000000000000000 ) ) ;
#1198 = CARTESIAN_POINT ( 'NONE',  ( -42.75000000000001421, -10.03000000000000114, 0.000000000000000000 ) ) ;
#1199 = VERTEX_POINT ( 'NONE', #220 ) ;
#1200 = ORIENTED_EDGE ( 'NONE', *, *, #1036, .F. ) ;
#1201 = CIRCLE ( 'NONE', #951, 0.2500000000000002220 ) ;
#1202 = CARTESIAN_POINT ( 'NONE',  ( 27.49999999999999645, -21.00000000000000000, 1.199999999999999956 ) ) ;
#1203 = ADVANCED_BREP_SHAPE_REPRESENTATION ( '电路板尺寸图', ( #1127, #432 ), #362 ) ;
#1204 = ADVANCED_FACE ( 'NONE', ( #2086 ), #2164, .F. ) ;
#1205 = EDGE_CURVE ( 'NONE', #1626, #978, #1393, .T. ) ;
#1206 = CARTESIAN_POINT ( 'NONE',  ( -44.20000000000000995, -8.000000000000000000, -8.800000000000000711 ) ) ;
#1207 = PLANE ( 'NONE',  #1329 ) ;
#1208 = AXIS2_PLACEMENT_3D ( 'NONE', #1607, #1785, #467 ) ;
#1209 = DIRECTION ( 'NONE',  ( 1.000000000000000000, 0.000000000000000000, 0.000000000000000000 ) ) ;
#1210 = CIRCLE ( 'NONE', #1801, 0.2500000000000002220 ) ;
#1211 = CARTESIAN_POINT ( 'NONE',  ( -37.40000000000001990, -8.000000000000000000, 0.000000000000000000 ) ) ;
#1212 = DIRECTION ( 'NONE',  ( -1.000000000000000000, 0.000000000000000000, 0.000000000000000000 ) ) ;
#1213 = DIRECTION ( 'NONE',  ( 0.000000000000000000, 0.000000000000000000, 1.000000000000000000 ) ) ;
#1214 = CARTESIAN_POINT ( 'NONE',  ( -45.10000000000000853, -24.00000000000000000, 0.000000000000000000 ) ) ;
#1215 = EDGE_LOOP ( 'NONE', ( #1371, #952, #2035, #922 ) ) ;
#1216 = DIRECTION ( 'NONE',  ( -0.000000000000000000, 0.000000000000000000, 1.000000000000000000 ) ) ;
#1217 = ORIENTED_EDGE ( 'NONE', *, *, #775, .T. ) ;
#1218 = AXIS2_PLACEMENT_3D ( 'NONE', #250, #1564, #1047 ) ;
#1219 = ORIENTED_EDGE ( 'NONE', *, *, #1340, .T. ) ;
#1220 = ORIENTED_EDGE ( 'NONE', *, *, #1990, .F. ) ;
#1221 = DIRECTION ( 'NONE',  ( -0.000000000000000000, -0.000000000000000000, -1.000000000000000000 ) ) ;
#1222 = ORIENTED_EDGE ( 'NONE', *, *, #1325, .F. ) ;
#1223 = EDGE_CURVE ( 'NONE', #518, #2151, #338, .T. ) ;
#1224 = VECTOR ( 'NONE', #1304, 1000.000000000000000 ) ;
#1225 = CARTESIAN_POINT ( 'NONE',  ( -37.40000000000001990, -8.000000000000000000, -8.800000000000000711 ) ) ;
#1226 = DIRECTION ( 'NONE',  ( 0.000000000000000000, 0.000000000000000000, 1.000000000000000000 ) ) ;
#1227 = PRODUCT_DEFINITION_SHAPE ( 'NONE', 'NONE',  #554 ) ;
#1228 = DIRECTION ( 'NONE',  ( -0.000000000000000000, 0.000000000000000000, 1.000000000000000000 ) ) ;
#1229 = ORIENTED_EDGE ( 'NONE', *, *, #1125, .T. ) ;
#1230 = DIRECTION ( 'NONE',  ( 1.000000000000000000, 0.000000000000000000, 0.000000000000000000 ) ) ;
#1231 = VERTEX_POINT ( 'NONE', #2042 ) ;
#1232 = LINE ( 'NONE', #1015, #2162 ) ;
#1233 = VERTEX_POINT ( 'NONE', #195 ) ;
#1234 = LINE ( 'NONE', #859, #476 ) ;
#1235 = FACE_BOUND ( 'NONE', #469, .T. ) ;
#1236 = CARTESIAN_POINT ( 'NONE',  ( -40.65000000000001279, -14.75000000000000178, 1.199999999999999956 ) ) ;
#1237 = CIRCLE ( 'NONE', #524, 0.5000000000000004441 ) ;
#1238 = EDGE_CURVE ( 'NONE', #1388, #404, #156, .T. ) ;
#1239 = AXIS2_PLACEMENT_3D ( 'NONE', #39, #1868, #1197 ) ;
#1240 = VECTOR ( 'NONE', #1864, 1000.000000000000000 ) ;
#1241 = VERTEX_POINT ( 'NONE', #1214 ) ;
#1242 = AXIS2_PLACEMENT_3D ( 'NONE', #676, #1839, #834 ) ;
#1243 = DIRECTION ( 'NONE',  ( 0.000000000000000000, 0.000000000000000000, 1.000000000000000000 ) ) ;
#1244 = EDGE_LOOP ( 'NONE', ( #2003, #1609, #1816, #378 ) ) ;
#1245 = DIRECTION ( 'NONE',  ( -0.000000000000000000, 0.000000000000000000, 1.000000000000000000 ) ) ;
#1246 = DIRECTION ( 'NONE',  ( -0.000000000000000000, -0.000000000000000000, 1.000000000000000000 ) ) ;
#1247 = ORIENTED_EDGE ( 'NONE', *, *, #2082, .T. ) ;
#1248 = CYLINDRICAL_SURFACE ( 'NONE', #1291, 0.5749999999999990674 ) ;
#1249 = VECTOR ( 'NONE', #371, 1000.000000000000000 ) ;
#1250 = CARTESIAN_POINT ( 'NONE',  ( -36.90000000000000568, -5.980000000000001315, 0.000000000000000000 ) ) ;
#1251 = ORIENTED_EDGE ( 'NONE', *, *, #1558, .T. ) ;
#1252 = CIRCLE ( 'NONE', #477, 1.000000000000000888 ) ;
#1253 = CARTESIAN_POINT ( 'NONE',  ( -44.10000000000000853, 1.427453958781127616E-30, 1.199999999999999734 ) ) ;
#1254 = FACE_OUTER_BOUND ( 'NONE', #1294, .T. ) ;
#1255 = AXIS2_PLACEMENT_3D ( 'NONE', #1954, #959, #2132 ) ;
#1256 = EDGE_CURVE ( 'NONE', #1231, #1345, #1998, .T. ) ;
#1257 = CARTESIAN_POINT ( 'NONE',  ( -43.00000000000001421, -5.730000000000000426, -8.800000000000000711 ) ) ;
#1258 = LINE ( 'NONE', #1861, #2043 ) ;
#1259 = CARTESIAN_POINT ( 'NONE',  ( 27.49999999999999645, -21.00000000000000000, 1.199999999999999956 ) ) ;
#1260 = ORIENTED_EDGE ( 'NONE', *, *, #249, .T. ) ;
#1261 = CARTESIAN_POINT ( 'NONE',  ( -38.61000000000001364, -13.85000000000000142, -8.800000000000000711 ) ) ;
#1262 = ORIENTED_EDGE ( 'NONE', *, *, #1397, .T. ) ;
#1263 = ORIENTED_EDGE ( 'NONE', *, *, #298, .T. ) ;
#1264 = EDGE_LOOP ( 'NONE', ( #1852, #303 ) ) ;
#1265 = ORIENTED_EDGE ( 'NONE', *, *, #355, .T. ) ;
#1266 = ORIENTED_EDGE ( 'NONE', *, *, #400, .F. ) ;
#1267 = EDGE_LOOP ( 'NONE', ( #10, #1430, #1263, #1004 ) ) ;
#1268 = DIRECTION ( 'NONE',  ( -0.000000000000000000, 1.000000000000000000, 0.000000000000000000 ) ) ;
#1269 = EDGE_CURVE ( 'NONE', #1075, #1796, #584, .T. ) ;
#1270 = CARTESIAN_POINT ( 'NONE',  ( -43.95000000000000995, -14.46000000000000085, 0.000000000000000000 ) ) ;
#1271 = PLANE ( 'NONE',  #1612 ) ;
#1272 = VERTEX_POINT ( 'NONE', #903 ) ;
#1273 = ORIENTED_EDGE ( 'NONE', *, *, #2098, .T. ) ;
#1274 = AXIS2_PLACEMENT_3D ( 'NONE', #867, #2045, #848 ) ;
#1275 = AXIS2_PLACEMENT_3D ( 'NONE', #1386, #1018, #552 ) ;
#1276 = CIRCLE ( 'NONE', #2127, 1.000000000000000888 ) ;
#1277 = DIRECTION ( 'NONE',  ( 1.000000000000000000, 0.000000000000000000, 0.000000000000000000 ) ) ;
#1278 = CARTESIAN_POINT ( 'NONE',  ( -31.50000000000000711, 24.00000000000000000, 1.199999999999999956 ) ) ;
#1279 = DIRECTION ( 'NONE',  ( 1.000000000000000000, 0.000000000000000000, 0.000000000000000000 ) ) ;
#1280 = VECTOR ( 'NONE', #1365, 1000.000000000000000 ) ;
#1281 = AXIS2_PLACEMENT_3D ( 'NONE', #357, #1520, #1696 ) ;
#1282 = DIRECTION ( 'NONE',  ( 1.000000000000000000, 0.000000000000000000, 0.000000000000000000 ) ) ;
#1283 = LINE ( 'NONE', #719, #456 ) ;
#1284 = ORIENTED_EDGE ( 'NONE', *, *, #2047, .F. ) ;
#1285 = ADVANCED_FACE ( 'NONE', ( #93 ), #1778, .F. ) ;
#1286 = DIRECTION ( 'NONE',  ( 1.000000000000000000, 0.000000000000000000, 0.000000000000000000 ) ) ;
#1287 = VERTEX_POINT ( 'NONE', #2097 ) ;
#1288 = CYLINDRICAL_SURFACE ( 'NONE', #1584, 1.000000000000000888 ) ;
#1289 = ORIENTED_EDGE ( 'NONE', *, *, #488, .F. ) ;
#1290 = CIRCLE ( 'NONE', #73, 1.000000000000000888 ) ;
#1291 = AXIS2_PLACEMENT_3D ( 'NONE', #66, #2155, #57 ) ;
#1292 = EDGE_LOOP ( 'NONE', ( #992, #257, #1012, #2105 ) ) ;
#1293 = DIRECTION ( 'NONE',  ( 0.000000000000000000, -1.000000000000000000, 0.000000000000000000 ) ) ;
#1294 = EDGE_LOOP ( 'NONE', ( #1568, #1649, #1798, #1693 ) ) ;
#1295 = VERTEX_POINT ( 'NONE', #1590 ) ;
#1296 = CIRCLE ( 'NONE', #183, 1.000000000000000888 ) ;
#1297 = LINE ( 'NONE', #851, #1672 ) ;
#1298 = VECTOR ( 'NONE', #605, 1000.000000000000000 ) ;
#1299 = FACE_OUTER_BOUND ( 'NONE', #1706, .T. ) ;
#1300 = CARTESIAN_POINT ( 'NONE',  ( -27.50000000000000355, 21.00000000000000000, 1.199999999999999956 ) ) ;
#1301 = CC_DESIGN_PERSON_AND_ORGANIZATION_ASSIGNMENT ( #2016, #501, ( #1652 ) ) ;
#1302 = FACE_OUTER_BOUND ( 'NONE', #1905, .T. ) ;
#1303 = ORIENTED_EDGE ( 'NONE', *, *, #298, .F. ) ;
#1304 = DIRECTION ( 'NONE',  ( -0.000000000000000000, -0.000000000000000000, -1.000000000000000000 ) ) ;
#1305 = DIRECTION ( 'NONE',  ( -1.000000000000000000, -0.000000000000000000, -0.000000000000000000 ) ) ;
#1306 = DIRECTION ( 'NONE',  ( 0.000000000000000000, 0.000000000000000000, -1.000000000000000000 ) ) ;
#1307 = EDGE_LOOP ( 'NONE', ( #527, #821 ) ) ;
#1308 = CARTESIAN_POINT ( 'NONE',  ( -43.90000000000001279, -9.780000000000001137, -8.800000000000000711 ) ) ;
#1309 = VERTEX_POINT ( 'NONE', #55 ) ;
#1310 = ORIENTED_EDGE ( 'NONE', *, *, #1552, .T. ) ;
#1311 = DIRECTION ( 'NONE',  ( 1.000000000000000000, 0.000000000000000000, 0.000000000000000000 ) ) ;
#1312 = CALENDAR_DATE ( 2025, 11, 6 ) ;
#1313 = ORIENTED_EDGE ( 'NONE', *, *, #1674, .T. ) ;
#1314 = VECTOR ( 'NONE', #1845, 1000.000000000000000 ) ;
#1315 = VERTEX_POINT ( 'NONE', #280 ) ;
#1316 = CARTESIAN_POINT ( 'NONE',  ( -43.00000000000001421, -6.230000000000001315, 1.199999999999999956 ) ) ;
#1317 = APPROVAL ( #1924, '未指定' ) ;
#1318 = EDGE_CURVE ( 'NONE', #576, #365, #123, .T. ) ;
#1319 = LINE ( 'NONE', #1814, #1451 ) ;
#1320 = AXIS2_PLACEMENT_3D ( 'NONE', #245, #1245, #262 ) ;
#1321 = CARTESIAN_POINT ( 'NONE',  ( -38.11000000000001364, -13.85000000000000142, -8.800000000000000711 ) ) ;
#1322 = ORIENTED_EDGE ( 'NONE', *, *, #668, .T. ) ;
#1323 = DIRECTION ( 'NONE',  ( 0.000000000000000000, -1.000000000000000000, 0.000000000000000000 ) ) ;
#1324 = SECURITY_CLASSIFICATION_LEVEL ( 'unclassified' ) ;
#1325 = EDGE_CURVE ( 'NONE', #1637, #1602, #932, .T. ) ;
#1326 = FACE_BOUND ( 'NONE', #530, .T. ) ;
#1327 = LINE ( 'NONE', #1525, #861 ) ;
#1328 = FACE_OUTER_BOUND ( 'NONE', #2039, .T. ) ;
#1329 = AXIS2_PLACEMENT_3D ( 'NONE', #560, #1725, #544 ) ;
#1330 = DIRECTION ( 'NONE',  ( 1.000000000000000000, 0.000000000000000000, 0.000000000000000000 ) ) ;
#1331 = DIRECTION ( 'NONE',  ( -1.000000000000000000, 0.000000000000000000, 0.000000000000000000 ) ) ;
#1332 = FACE_OUTER_BOUND ( 'NONE', #1196, .T. ) ;
#1333 = ORIENTED_EDGE ( 'NONE', *, *, #1415, .F. ) ;
#1334 = VERTEX_POINT ( 'NONE', #761 ) ;
#1335 = EDGE_CURVE ( 'NONE', #65, #1126, #1112, .T. ) ;
#1336 = ORIENTED_EDGE ( 'NONE', *, *, #1547, .T. ) ;
#1337 = ADVANCED_FACE ( 'NONE', ( #633 ), #1271, .F. ) ;
#1338 = PERSON_AND_ORGANIZATION_ROLE ( 'classification_officer' ) ;
#1339 = VERTEX_POINT ( 'NONE', #1278 ) ;
#1340 = EDGE_CURVE ( 'NONE', #300, #492, #1461, .T. ) ;
#1341 = ORIENTED_EDGE ( 'NONE', *, *, #180, .F. ) ;
#1342 = ORIENTED_EDGE ( 'NONE', *, *, #668, .F. ) ;
#1343 = DIRECTION ( 'NONE',  ( -0.000000000000000000, 0.000000000000000000, 1.000000000000000000 ) ) ;
#1344 = DIRECTION ( 'NONE',  ( -0.000000000000000000, -0.000000000000000000, 1.000000000000000000 ) ) ;
#1345 = VERTEX_POINT ( 'NONE', #106 ) ;
#1346 = VERTEX_POINT ( 'NONE', #1684 ) ;
#1347 = DIRECTION ( 'NONE',  ( -0.000000000000000000, 1.000000000000000000, 0.000000000000000000 ) ) ;
#1348 = EDGE_LOOP ( 'NONE', ( #1189, #604 ) ) ;
#1349 = DIRECTION ( 'NONE',  ( 1.000000000000000000, 0.000000000000000000, 0.000000000000000000 ) ) ;
#1350 = ADVANCED_FACE ( 'NONE', ( #758 ), #1937, .F. ) ;
#1351 = DIRECTION ( 'NONE',  ( -0.000000000000000000, 1.000000000000000000, -0.000000000000000000 ) ) ;
#1352 = LINE ( 'NONE', #1723, #2011 ) ;
#1353 = EDGE_CURVE ( 'NONE', #492, #1478, #1232, .T. ) ;
#1354 = DIRECTION ( 'NONE',  ( 1.000000000000000000, 0.000000000000000000, 0.000000000000000000 ) ) ;
#1355 = PLANE ( 'NONE',  #2118 ) ;
#1356 = FACE_OUTER_BOUND ( 'NONE', #2122, .T. ) ;
#1357 = VERTEX_POINT ( 'NONE', #691 ) ;
#1358 = PERSON_AND_ORGANIZATION_ROLE ( 'creator' ) ;
#1359 = CIRCLE ( 'NONE', #406, 1.000000000000000888 ) ;
#1360 = DIRECTION ( 'NONE',  ( 0.000000000000000000, 0.000000000000000000, 1.000000000000000000 ) ) ;
#1361 = CARTESIAN_POINT ( 'NONE',  ( -43.85000000000000853, -8.000000000000000000, -8.800000000000000711 ) ) ;
#1362 = ORIENTED_EDGE ( 'NONE', *, *, #827, .T. ) ;
#1363 = UNCERTAINTY_MEASURE_WITH_UNIT (LENGTH_MEASURE( 1.000000000000000082E-05 ), #537, 'distance_accuracy_value', 'NONE');
#1364 = ORIENTED_EDGE ( 'NONE', *, *, #1645, .F. ) ;
#1365 = DIRECTION ( 'NONE',  ( -0.000000000000000000, -0.000000000000000000, -1.000000000000000000 ) ) ;
#1366 = CARTESIAN_POINT ( 'NONE',  ( -28.50000000000000355, 21.00000000000000000, 1.199999999999999956 ) ) ;
#1367 = ADVANCED_FACE ( 'NONE', ( #610 ), #1736, .F. ) ;
#1368 = EDGE_CURVE ( 'NONE', #1068, #2087, #2038, .T. ) ;
#1369 = AXIS2_PLACEMENT_3D ( 'NONE', #1527, #1213, #390 ) ;
#1370 = VERTEX_POINT ( 'NONE', #1991 ) ;
#1371 = ORIENTED_EDGE ( 'NONE', *, *, #810, .F. ) ;
#1372 = ORIENTED_EDGE ( 'NONE', *, *, #765, .F. ) ;
#1373 = DIRECTION ( 'NONE',  ( 1.000000000000000000, 0.000000000000000000, 0.000000000000000000 ) ) ;
#1374 = APPROVAL_DATE_TIME ( #1448, #1317 ) ;
#1375 = CARTESIAN_POINT ( 'NONE',  ( -43.95000000000000995, -19.54000000000000270, 1.199999999999999956 ) ) ;
#1376 = ORIENTED_EDGE ( 'NONE', *, *, #203, .F. ) ;
#1377 = FACE_OUTER_BOUND ( 'NONE', #1957, .T. ) ;
#1378 = DIRECTION ( 'NONE',  ( 1.000000000000000000, 0.000000000000000000, 0.000000000000000000 ) ) ;
#1379 = EDGE_LOOP ( 'NONE', ( #204, #1908, #68, #987 ) ) ;
#1380 = FACE_OUTER_BOUND ( 'NONE', #2113, .T. ) ;
#1381 = ADVANCED_FACE ( 'NONE', ( #1585, #686, #498, #717, #270, #1968, #397, #1915, #154, #830, #1029, #2062, #2084, #217, #1776, #559, #91, #1171 ), #505, .T. ) ;
#1382 = VERTEX_POINT ( 'NONE', #168 ) ;
#1383 = CARTESIAN_POINT ( 'NONE',  ( -43.00000000000001421, -10.28000000000000114, 1.199999999999999956 ) ) ;
#1384 = DIRECTION ( 'NONE',  ( 1.387778780781445676E-16, -1.000000000000000000, 0.000000000000000000 ) ) ;
#1385 = DIRECTION ( 'NONE',  ( -0.000000000000000000, -0.000000000000000000, 1.000000000000000000 ) ) ;
#1386 = CARTESIAN_POINT ( 'NONE',  ( -43.95000000000000995, -14.46000000000000085, 1.199999999999999956 ) ) ;
#1387 = DIRECTION ( 'NONE',  ( -0.000000000000000000, 0.000000000000000000, 1.000000000000000000 ) ) ;
#1388 = VERTEX_POINT ( 'NONE', #845 ) ;
#1389 = FACE_OUTER_BOUND ( 'NONE', #2153, .T. ) ;
#1390 = CYLINDRICAL_SURFACE ( 'NONE', #424, 1.000000000000000888 ) ;
#1391 = DIRECTION ( 'NONE',  ( 1.000000000000000000, 0.000000000000000000, 0.000000000000000000 ) ) ;
#1392 = FACE_BOUND ( 'NONE', #1419, .T. ) ;
#1393 = LINE ( 'NONE', #1017, #1779 ) ;
#1394 = EDGE_CURVE ( 'NONE', #703, #2126, #1082, .T. ) ;
#1395 = DIRECTION ( 'NONE',  ( 1.387778780781445676E-16, -1.000000000000000000, 0.000000000000000000 ) ) ;
#1396 = DIRECTION ( 'NONE',  ( 1.000000000000000000, 0.000000000000000000, 0.000000000000000000 ) ) ;
#1397 = EDGE_CURVE ( 'NONE', #673, #729, #394, .T. ) ;
#1398 = FACE_OUTER_BOUND ( 'NONE', #1977, .T. ) ;
#1399 = CARTESIAN_POINT ( 'NONE',  ( -43.95000000000000995, -19.54000000000000270, -8.800000000000000711 ) ) ;
#1400 = ORIENTED_EDGE ( 'NONE', *, *, #1511, .F. ) ;
#1401 = MECHANICAL_CONTEXT ( 'NONE', #884, 'mechanical' ) ;
#1402 = CARTESIAN_POINT ( 'NONE',  ( -43.95000000000000995, -19.54000000000000270, 1.199999999999999956 ) ) ;
#1403 = ORIENTED_EDGE ( 'NONE', *, *, #12, .F. ) ;
#1404 = VERTEX_POINT ( 'NONE', #1141 ) ;
#1405 = ORIENTED_EDGE ( 'NONE', *, *, #1551, .T. ) ;
#1406 = EDGE_CURVE ( 'NONE', #1979, #1241, #1296, .T. ) ;
#1407 = CIRCLE ( 'NONE', #1092, 0.2500000000000002220 ) ;
#1408 = EDGE_LOOP ( 'NONE', ( #1664, #389 ) ) ;
#1409 = ORIENTED_EDGE ( 'NONE', *, *, #1205, .F. ) ;
#1410 = ORIENTED_EDGE ( 'NONE', *, *, #422, .F. ) ;
#1411 = VECTOR ( 'NONE', #2167, 1000.000000000000000 ) ;
#1412 = DIRECTION ( 'NONE',  ( 0.000000000000000000, -0.000000000000000000, -1.000000000000000000 ) ) ;
#1413 = AXIS2_PLACEMENT_3D ( 'NONE', #1009, #8, #1173 ) ;
#1414 = CIRCLE ( 'NONE', #1281, 1.000000000000000888 ) ;
#1415 = EDGE_CURVE ( 'NONE', #1287, #729, #1252, .T. ) ;
#1416 = VECTOR ( 'NONE', #1344, 1000.000000000000000 ) ;
#1417 = CARTESIAN_POINT ( 'NONE',  ( -45.10000000000000853, 1.540743955509788682E-30, 1.199999999999999956 ) ) ;
#1418 = ORIENTED_EDGE ( 'NONE', *, *, #1926, .F. ) ;
#1419 = EDGE_LOOP ( 'NONE', ( #568, #1109 ) ) ;
#1420 = DIRECTION ( 'NONE',  ( 1.000000000000000000, 0.000000000000000000, 0.000000000000000000 ) ) ;
#1421 = ORIENTED_EDGE ( 'NONE', *, *, #1439, .T. ) ;
#1422 = DIRECTION ( 'NONE',  ( 1.000000000000000000, 0.000000000000000000, 0.000000000000000000 ) ) ;
#1423 = DIRECTION ( 'NONE',  ( 1.000000000000000000, 0.000000000000000000, 0.000000000000000000 ) ) ;
#1424 = DIRECTION ( 'NONE',  ( -0.000000000000000000, -0.000000000000000000, 1.000000000000000000 ) ) ;
#1425 = AXIS2_PLACEMENT_3D ( 'NONE', #1431, #1076, #448 ) ;
#1426 = DIRECTION ( 'NONE',  ( -0.000000000000000000, 0.000000000000000000, 1.000000000000000000 ) ) ;
#1427 = LINE ( 'NONE', #429, #553 ) ;
#1428 = DIRECTION ( 'NONE',  ( -0.000000000000000000, 0.000000000000000000, 1.000000000000000000 ) ) ;
#1429 = EDGE_CURVE ( 'NONE', #1272, #1996, #1913, .T. ) ;
#1430 = ORIENTED_EDGE ( 'NONE', *, *, #682, .T. ) ;
#1431 = CARTESIAN_POINT ( 'NONE',  ( -27.50000000000000355, -21.00000000000000000, 1.199999999999999956 ) ) ;
#1432 = ORIENTED_EDGE ( 'NONE', *, *, #1238, .T. ) ;
#1433 = CARTESIAN_POINT ( 'NONE',  ( -37.50000000000000711, -1.000000000000000888, 2.000000000000000000 ) ) ;
#1434 = DIRECTION ( 'NONE',  ( 0.000000000000000000, 0.000000000000000000, 1.000000000000000000 ) ) ;
#1435 = CC_DESIGN_PERSON_AND_ORGANIZATION_ASSIGNMENT ( #1866, #1646, ( #554 ) ) ;
#1436 = AXIS2_PLACEMENT_3D ( 'NONE', #1630, #1114, #1286 ) ;
#1437 = EDGE_CURVE ( 'NONE', #404, #1904, #1143, .T. ) ;
#1438 = DIRECTION ( 'NONE',  ( -0.000000000000000000, -0.000000000000000000, -1.000000000000000000 ) ) ;
#1439 = EDGE_CURVE ( 'NONE', #1867, #1388, #886, .T. ) ;
#1440 = DIRECTION ( 'NONE',  ( 0.000000000000000000, -1.000000000000000000, 0.000000000000000000 ) ) ;
#1441 = AXIS2_PLACEMENT_3D ( 'NONE', #2051, #367, #1209 ) ;
#1442 = ORIENTED_EDGE ( 'NONE', *, *, #1745, .F. ) ;
#1443 = DIRECTION ( 'NONE',  ( 1.000000000000000000, 0.000000000000000000, 0.000000000000000000 ) ) ;
#1444 = ORIENTED_EDGE ( 'NONE', *, *, #2052, .F. ) ;
#1445 = PERSON_AND_ORGANIZATION ( #912, #1524 ) ;
#1446 = CARTESIAN_POINT ( 'NONE',  ( -37.61000000000001364, -13.85000000000000142, -8.800000000000000711 ) ) ;
#1447 = CARTESIAN_POINT ( 'NONE',  ( 31.49999999999999289, 24.00000000000000000, 0.000000000000000000 ) ) ;
#1448 = DATE_AND_TIME ( #1505, #1577 ) ;
#1449 = VERTEX_POINT ( 'NONE', #1130 ) ;
#1450 = ORIENTED_EDGE ( 'NONE', *, *, #712, .T. ) ;
#1451 = VECTOR ( 'NONE', #118, 1000.000000000000000 ) ;
#1452 = ADVANCED_FACE ( 'NONE', ( #1389 ), #955, .F. ) ;
#1453 = ORIENTED_EDGE ( 'NONE', *, *, #1439, .F. ) ;
#1454 = LINE ( 'NONE', #1225, #1730 ) ;
#1455 = DIRECTION ( 'NONE',  ( 0.000000000000000000, 0.000000000000000000, -1.000000000000000000 ) ) ;
#1456 = EDGE_CURVE ( 'NONE', #2131, #1184, #1829, .T. ) ;
#1457 = CARTESIAN_POINT ( 'NONE',  ( -28.50000000000000355, 21.00000000000000000, 1.199999999999999956 ) ) ;
#1458 = FACE_OUTER_BOUND ( 'NONE', #1078, .T. ) ;
#1459 = DIRECTION ( 'NONE',  ( 1.000000000000000000, 0.000000000000000000, 0.000000000000000000 ) ) ;
#1460 = AXIS2_PLACEMENT_3D ( 'NONE', #198, #1343, #1354 ) ;
#1461 = LINE ( 'NONE', #1922, #1411 ) ;
#1462 = PLANE ( 'NONE',  #1807 ) ;
#1463 = LINE ( 'NONE', #724, #589 ) ;
#1464 = DIRECTION ( 'NONE',  ( 1.000000000000000000, 0.000000000000000000, 0.000000000000000000 ) ) ;
#1465 = FACE_OUTER_BOUND ( 'NONE', #526, .T. ) ;
#1466 = EDGE_CURVE ( 'NONE', #1199, #325, #67, .T. ) ;
#1467 = VERTEX_POINT ( 'NONE', #178 ) ;
#1468 = CARTESIAN_POINT ( 'NONE',  ( -26.50000000000000355, -21.00000000000000000, 1.199999999999999956 ) ) ;
#1469 = DIRECTION ( 'NONE',  ( 1.000000000000000000, 0.000000000000000000, 0.000000000000000000 ) ) ;
#1470 = ORIENTED_EDGE ( 'NONE', *, *, #1834, .T. ) ;
#1471 = ORIENTED_EDGE ( 'NONE', *, *, #1537, .T. ) ;
#1472 = ORIENTED_EDGE ( 'NONE', *, *, #509, .T. ) ;
#1473 = ADVANCED_FACE ( 'NONE', ( #474 ), #1096, .F. ) ;
#1474 = AXIS2_PLACEMENT_3D ( 'NONE', #675, #658, #984 ) ;
#1475 = ORIENTED_EDGE ( 'NONE', *, *, #1040, .T. ) ;
#1476 = LINE ( 'NONE', #2139, #464 ) ;
#1477 = EDGE_LOOP ( 'NONE', ( #647, #1166, #1121, #1899 ) ) ;
#1478 = VERTEX_POINT ( 'NONE', #1383 ) ;
#1479 = CARTESIAN_POINT ( 'NONE',  ( -43.90000000000001279, -10.03000000000000114, 0.000000000000000000 ) ) ;
#1480 = EDGE_CURVE ( 'NONE', #893, #1867, #1668, .T. ) ;
#1481 = CARTESIAN_POINT ( 'NONE',  ( -45.10000000000000853, -24.00000000000000000, 1.199999999999999734 ) ) ;
#1482 = DIRECTION ( 'NONE',  ( -1.000000000000000000, 0.000000000000000000, 0.000000000000000000 ) ) ;
#1483 = ORIENTED_EDGE ( 'NONE', *, *, #398, .T. ) ;
#1484 = EDGE_LOOP ( 'NONE', ( #762, #880, #1950, #785 ) ) ;
#1485 = DIRECTION ( 'NONE',  ( 0.000000000000000000, 0.000000000000000000, 1.000000000000000000 ) ) ;
#1486 = DIRECTION ( 'NONE',  ( 0.000000000000000000, 0.000000000000000000, 1.000000000000000000 ) ) ;
#1487 = DIRECTION ( 'NONE',  ( 1.000000000000000000, 0.000000000000000000, 0.000000000000000000 ) ) ;
#1488 = CARTESIAN_POINT ( 'NONE',  ( -45.10000000000000853, 1.540743955509788682E-30, 0.000000000000000000 ) ) ;
#1489 = LINE ( 'NONE', #561, #1613 ) ;
#1490 = APPROVAL_ROLE ( '' ) ;
#1491 = DIRECTION ( 'NONE',  ( -0.000000000000000000, -0.000000000000000000, 1.000000000000000000 ) ) ;
#1492 = ORIENTED_EDGE ( 'NONE', *, *, #361, .F. ) ;
#1493 = CIRCLE ( 'NONE', #240, 0.2500000000000002220 ) ;
#1494 = CARTESIAN_POINT ( 'NONE',  ( -43.95000000000000995, -14.46000000000000085, 1.199999999999999956 ) ) ;
#1495 = LINE ( 'NONE', #1433, #1812 ) ;
#1496 = DIRECTION ( 'NONE',  ( 0.000000000000000000, 1.000000000000000000, 0.000000000000000000 ) ) ;
#1497 = ORIENTED_EDGE ( 'NONE', *, *, #180, .T. ) ;
#1498 = EDGE_CURVE ( 'NONE', #558, #829, #910, .T. ) ;
#1499 = ADVANCED_FACE ( 'NONE', ( #1763 ), #2034, .F. ) ;
#1500 = EDGE_CURVE ( 'NONE', #871, #1863, #1352, .T. ) ;
#1501 = CARTESIAN_POINT ( 'NONE',  ( -36.50000000000000711, -1.000000000000000888, 2.000000000000000000 ) ) ;
#1502 = DIRECTION ( 'NONE',  ( 0.000000000000000000, -1.000000000000000000, 0.000000000000000000 ) ) ;
#1503 = AXIS2_PLACEMENT_3D ( 'NONE', #663, #1978, #645 ) ;
#1504 = ORIENTED_EDGE ( 'NONE', *, *, #145, .T. ) ;
#1505 = CALENDAR_DATE ( 2025, 11, 6 ) ;
#1506 = ORIENTED_EDGE ( 'NONE', *, *, #1537, .F. ) ;
#1507 = DIRECTION ( 'NONE',  ( 1.000000000000000000, 0.000000000000000000, 0.000000000000000000 ) ) ;
#1508 = VERTEX_POINT ( 'NONE', #1872 ) ;
#1509 = EDGE_LOOP ( 'NONE', ( #747, #1418, #1050, #241 ) ) ;
#1510 = DIRECTION ( 'NONE',  ( -0.000000000000000000, 0.000000000000000000, 1.000000000000000000 ) ) ;
#1511 = EDGE_CURVE ( 'NONE', #1796, #1075, #817, .T. ) ;
#1512 = DIRECTION ( 'NONE',  ( -1.000000000000000000, 0.000000000000000000, 0.000000000000000000 ) ) ;
#1513 = DIRECTION ( 'NONE',  ( 0.000000000000000000, 0.000000000000000000, 1.000000000000000000 ) ) ;
#1514 = ORIENTED_EDGE ( 'NONE', *, *, #632, .F. ) ;
#1515 = CARTESIAN_POINT ( 'NONE',  ( -41.15000000000001279, -19.25000000000000000, -8.800000000000000711 ) ) ;
#1516 = CIRCLE ( 'NONE', #343, 1.000000000000000888 ) ;
#1517 = ADVANCED_FACE ( 'NONE', ( #1398 ), #1705, .F. ) ;
#1518 = FACE_OUTER_BOUND ( 'NONE', #2048, .T. ) ;
#1519 = AXIS2_PLACEMENT_3D ( 'NONE', #895, #718, #1548 ) ;
#1520 = DIRECTION ( 'NONE',  ( 0.000000000000000000, 0.000000000000000000, 1.000000000000000000 ) ) ;
#1521 = DIRECTION ( 'NONE',  ( -1.000000000000000000, 0.000000000000000000, 0.000000000000000000 ) ) ;
#1522 = ORIENTED_EDGE ( 'NONE', *, *, #2174, .F. ) ;
#1523 = ORIENTED_EDGE ( 'NONE', *, *, #765, .T. ) ;
#1524 = ORGANIZATION ( '未指定', '未指定', '' ) ;
#1525 = CARTESIAN_POINT ( 'NONE',  ( -36.65000000000000568, -5.980000000000001315, -8.800000000000000711 ) ) ;
#1526 = ORIENTED_EDGE ( 'NONE', *, *, #1825, .T. ) ;
#1527 = CARTESIAN_POINT ( 'NONE',  ( 27.49999999999999289, 21.00000000000000000, 0.000000000000000000 ) ) ;
#1528 = DIRECTION ( 'NONE',  ( 0.000000000000000000, 0.000000000000000000, -1.000000000000000000 ) ) ;
#1529 = DIRECTION ( 'NONE',  ( -0.000000000000000000, -0.000000000000000000, 1.000000000000000000 ) ) ;
#1530 = ORIENTED_EDGE ( 'NONE', *, *, #386, .F. ) ;
#1531 = EDGE_CURVE ( 'NONE', #523, #1508, #1089, .T. ) ;
#1532 = VECTOR ( 'NONE', #1620, 1000.000000000000000 ) ;
#1533 = DIRECTION ( 'NONE',  ( -1.000000000000000000, 0.000000000000000000, 0.000000000000000000 ) ) ;
#1534 = CARTESIAN_POINT ( 'NONE',  ( -27.50000000000000355, -21.00000000000000000, 1.199999999999999956 ) ) ;
#1535 = EDGE_CURVE ( 'NONE', #699, #59, #888, .T. ) ;
#1536 = CARTESIAN_POINT ( 'NONE',  ( 30.49999999999999289, 25.00000000000000000, 1.199999999999999956 ) ) ;
#1537 = EDGE_CURVE ( 'NONE', #2169, #1602, #1237, .T. ) ;
#1538 = CARTESIAN_POINT ( 'NONE',  ( -44.10000000000000853, -25.00000000000000000, 1.199999999999999956 ) ) ;
#1539 = LINE ( 'NONE', #800, #1087 ) ;
#1540 = EDGE_CURVE ( 'NONE', #24, #11, #160, .T. ) ;
#1541 = CYLINDRICAL_SURFACE ( 'NONE', #1784, 1.000000000000000888 ) ;
#1542 = AXIS2_PLACEMENT_3D ( 'NONE', #1815, #319, #153 ) ;
#1543 = DIRECTION ( 'NONE',  ( -0.000000000000000000, -0.000000000000000000, -1.000000000000000000 ) ) ;
#1544 = CC_DESIGN_DATE_AND_TIME_ASSIGNMENT ( #549, #1177, ( #554 ) ) ;
#1545 = ORIENTED_EDGE ( 'NONE', *, *, #712, .F. ) ;
#1546 = DIRECTION ( 'NONE',  ( -0.000000000000000000, -0.000000000000000000, 1.000000000000000000 ) ) ;
#1547 = EDGE_CURVE ( 'NONE', #290, #1334, #155, .T. ) ;
#1548 = DIRECTION ( 'NONE',  ( 1.000000000000000000, 0.000000000000000000, 0.000000000000000000 ) ) ;
#1549 = CARTESIAN_POINT ( 'NONE',  ( -43.85000000000000853, -8.000000000000000000, 0.000000000000000000 ) ) ;
#1550 = ORIENTED_EDGE ( 'NONE', *, *, #513, .T. ) ;
#1551 = EDGE_CURVE ( 'NONE', #1921, #492, #1201, .T. ) ;
#1552 = EDGE_CURVE ( 'NONE', #2151, #518, #2159, .T. ) ;
#1553 = CALENDAR_DATE ( 2025, 11, 6 ) ;
#1554 = CLOSED_SHELL ( 'NONE', ( #545, #1517, #1285, #481, #1841, #1931, #1624, #1003, #165, #974, #2031, #177, #1473, #1180, #21, #852, #1367, #1381, #772, #6, #1943, #628, #621, #1204, #828, #694, #2108, #818, #1964, #491, #1168, #349, #873, #685, #522, #2170, #1499, #1119, #215, #2015, #507, #531, #1350, #721, #31, #150, #189, #2135, #330, #1605, #650, #2001, #1337, #802, #983, #1452, #1851, #1688, #1819, #1656 ) ) ;
#1555 = CIRCLE ( 'NONE', #1320, 0.5000000000000004441 ) ;
#1556 = PLANE ( 'NONE',  #789 ) ;
#1557 = VECTOR ( 'NONE', #591, 1000.000000000000000 ) ;
#1558 = EDGE_CURVE ( 'NONE', #1382, #850, #417, .T. ) ;
#1559 = ORIENTED_EDGE ( 'NONE', *, *, #351, .T. ) ;
#1560 = DIRECTION ( 'NONE',  ( 1.000000000000000000, 0.000000000000000000, 0.000000000000000000 ) ) ;
#1561 = PERSON_AND_ORGANIZATION_ROLE ( 'design_owner' ) ;
#1562 = FACE_BOUND ( 'NONE', #968, .T. ) ;
#1563 = EDGE_CURVE ( 'NONE', #783, #1449, #926, .T. ) ;
#1564 = DIRECTION ( 'NONE',  ( -0.000000000000000000, -0.000000000000000000, 1.000000000000000000 ) ) ;
#1565 = EDGE_CURVE ( 'NONE', #454, #308, #754, .T. ) ;
#1566 = AXIS2_PLACEMENT_3D ( 'NONE', #1981, #969, #842 ) ;
#1567 = CARTESIAN_POINT ( 'NONE',  ( -43.00000000000001421, -6.230000000000001315, -8.800000000000000711 ) ) ;
#1568 = ORIENTED_EDGE ( 'NONE', *, *, #33, .F. ) ;
#1569 = CARTESIAN_POINT ( 'NONE',  ( -37.40000000000001990, -8.000000000000000000, 1.199999999999999956 ) ) ;
#1570 = CYLINDRICAL_SURFACE ( 'NONE', #36, 0.2500000000000002220 ) ;
#1571 = DIRECTION ( 'NONE',  ( -0.000000000000000000, -0.000000000000000000, 1.000000000000000000 ) ) ;
#1572 = EDGE_LOOP ( 'NONE', ( #657, #1988, #1824, #1576, #84 ) ) ;
#1573 = CARTESIAN_POINT ( 'NONE',  ( -44.55000000000001137, -8.000000000000000000, -8.800000000000000711 ) ) ;
#1574 = DIRECTION ( 'NONE',  ( 0.000000000000000000, 0.000000000000000000, 1.000000000000000000 ) ) ;
#1575 = DIRECTION ( 'NONE',  ( -0.000000000000000000, -0.000000000000000000, 1.000000000000000000 ) ) ;
#1576 = ORIENTED_EDGE ( 'NONE', *, *, #1926, .T. ) ;
#1577 = LOCAL_TIME ( 14, 43, 15.00000000000000000, #1188 ) ;
#1578 = DIRECTION ( 'NONE',  ( 1.000000000000000000, 0.000000000000000000, 0.000000000000000000 ) ) ;
#1579 = ORIENTED_EDGE ( 'NONE', *, *, #598, .F. ) ;
#1580 = AXIS2_PLACEMENT_3D ( 'NONE', #102, #1936, #1625 ) ;
#1581 = ORIENTED_EDGE ( 'NONE', *, *, #1738, .F. ) ;
#1582 = AXIS2_PLACEMENT_3D ( 'NONE', #1025, #1543, #1521 ) ;
#1583 = CARTESIAN_POINT ( 'NONE',  ( -30.50000000000000711, 24.00000000000000000, 1.199999999999999956 ) ) ;
#1584 = AXIS2_PLACEMENT_3D ( 'NONE', #1501, #1667, #1512 ) ;
#1585 = FACE_BOUND ( 'NONE', #1843, .T. ) ;
#1586 = ORIENTED_EDGE ( 'NONE', *, *, #208, .F. ) ;
#1587 = EDGE_CURVE ( 'NONE', #971, #1295, #1108, .T. ) ;
#1588 = CARTESIAN_POINT ( 'NONE',  ( -43.90000000000001279, -6.230000000000001315, -8.800000000000000711 ) ) ;
#1589 = DIRECTION ( 'NONE',  ( -0.000000000000000000, -0.000000000000000000, 1.000000000000000000 ) ) ;
#1590 = CARTESIAN_POINT ( 'NONE',  ( -37.80000000000000426, -9.780000000000001137, 1.199999999999999956 ) ) ;
#1591 = ORIENTED_EDGE ( 'NONE', *, *, #767, .T. ) ;
#1592 = DIRECTION ( 'NONE',  ( 1.000000000000000000, 0.000000000000000000, 0.000000000000000000 ) ) ;
#1593 = LINE ( 'NONE', #970, #1179 ) ;
#1594 = VERTEX_POINT ( 'NONE', #1702 ) ;
#1595 = EDGE_LOOP ( 'NONE', ( #1731, #557 ) ) ;
#1596 = CARTESIAN_POINT ( 'NONE',  ( -44.10000000000000853, 1.427453958781127616E-30, 1.199999999999999956 ) ) ;
#1597 = EDGE_LOOP ( 'NONE', ( #333, #1405, #237, #238 ) ) ;
#1598 = DIRECTION ( 'NONE',  ( -0.000000000000000000, -0.000000000000000000, 1.000000000000000000 ) ) ;
#1599 = EDGE_CURVE ( 'NONE', #1886, #829, #1994, .T. ) ;
#1600 = ORIENTED_EDGE ( 'NONE', *, *, #145, .F. ) ;
#1601 = ORIENTED_EDGE ( 'NONE', *, *, #1437, .T. ) ;
#1602 = VERTEX_POINT ( 'NONE', #347 ) ;
#1603 = DIRECTION ( 'NONE',  ( 0.000000000000000000, 0.000000000000000000, 1.000000000000000000 ) ) ;
#1604 = VERTEX_POINT ( 'NONE', #2008 ) ;
#1605 = ADVANCED_FACE ( 'NONE', ( #1458 ), #5, .F. ) ;
#1606 = EDGE_CURVE ( 'NONE', #1233, #1295, #580, .T. ) ;
#1607 = CARTESIAN_POINT ( 'NONE',  ( 30.49999999999999289, -24.00000000000000000, 1.199999999999999956 ) ) ;
#1608 = CIRCLE ( 'NONE', #1876, 0.2500000000000002220 ) ;
#1609 = ORIENTED_EDGE ( 'NONE', *, *, #1836, .F. ) ;
#1610 = ORIENTED_EDGE ( 'NONE', *, *, #1540, .F. ) ;
#1611 = DIRECTION ( 'NONE',  ( 0.000000000000000000, -0.000000000000000000, -1.000000000000000000 ) ) ;
#1612 = AXIS2_PLACEMENT_3D ( 'NONE', #937, #1440, #1104 ) ;
#1613 = VECTOR ( 'NONE', #891, 1000.000000000000000 ) ;
#1614 = CARTESIAN_POINT ( 'NONE',  ( -43.00000000000001421, -10.03000000000000114, 0.000000000000000000 ) ) ;
#1615 = DIRECTION ( 'NONE',  ( -0.000000000000000000, -0.000000000000000000, 1.000000000000000000 ) ) ;
#1616 = CARTESIAN_POINT ( 'NONE',  ( -31.50000000000000711, 25.00000000000000000, 1.199999999999999956 ) ) ;
#1617 = EDGE_CURVE ( 'NONE', #585, #1637, #773, .T. ) ;
#1618 = DIRECTION ( 'NONE',  ( 0.000000000000000000, 0.000000000000000000, 1.000000000000000000 ) ) ;
#1619 = LINE ( 'NONE', #1588, #196 ) ;
#1620 = DIRECTION ( 'NONE',  ( -0.000000000000000000, -0.000000000000000000, 1.000000000000000000 ) ) ;
#1621 = CIRCLE ( 'NONE', #615, 0.3500000000000030864 ) ;
#1622 = CARTESIAN_POINT ( 'NONE',  ( -40.15000000000001279, -14.75000000000000178, 0.000000000000000000 ) ) ;
#1623 = ORIENTED_EDGE ( 'NONE', *, *, #777, .F. ) ;
#1624 = ADVANCED_FACE ( 'NONE', ( #63 ), #1194, .F. ) ;
#1625 = DIRECTION ( 'NONE',  ( 1.000000000000000000, 0.000000000000000000, 0.000000000000000000 ) ) ;
#1626 = VERTEX_POINT ( 'NONE', #766 ) ;
#1627 = AXIS2_PLACEMENT_3D ( 'NONE', #1765, #418, #1578 ) ;
#1628 = PERSON_AND_ORGANIZATION ( #912, #1524 ) ;
#1629 = DIRECTION ( 'NONE',  ( -0.000000000000000000, -0.000000000000000000, 1.000000000000000000 ) ) ;
#1630 = CARTESIAN_POINT ( 'NONE',  ( -40.65000000000001279, -14.75000000000000178, -8.800000000000000711 ) ) ;
#1631 = ORIENTED_EDGE ( 'NONE', *, *, #1700, .T. ) ;
#1632 = EDGE_CURVE ( 'NONE', #1650, #683, #1167, .T. ) ;
#1633 = CARTESIAN_POINT ( 'NONE',  ( -43.50000000000001421, 12.00000000000000000, 1.199999999999999956 ) ) ;
#1634 = CYLINDRICAL_SURFACE ( 'NONE', #755, 0.2500000000000002220 ) ;
#1635 = ORIENTED_EDGE ( 'NONE', *, *, #1661, .T. ) ;
#1636 = VECTOR ( 'NONE', #1560, 1000.000000000000000 ) ;
#1637 = VERTEX_POINT ( 'NONE', #583 ) ;
#1638 = DIRECTION ( 'NONE',  ( 1.000000000000000000, 0.000000000000000000, 0.000000000000000000 ) ) ;
#1639 = AXIS2_PLACEMENT_3D ( 'NONE', #19, #980, #1833 ) ;
#1640 = CARTESIAN_POINT ( 'NONE',  ( -44.52500000000000568, -19.54000000000000270, 1.199999999999999956 ) ) ;
#1641 = FACE_OUTER_BOUND ( 'NONE', #1244, .T. ) ;
#1642 = CARTESIAN_POINT ( 'NONE',  ( -37.80000000000000426, -6.230000000000001315, 1.199999999999999956 ) ) ;
#1643 = CARTESIAN_POINT ( 'NONE',  ( 27.49999999999999645, -21.00000000000000000, 0.000000000000000000 ) ) ;
#1644 = CARTESIAN_POINT ( 'NONE',  ( 27.49999999999999289, 21.00000000000000000, 1.199999999999999956 ) ) ;
#1645 = EDGE_CURVE ( 'NONE', #2172, #1370, #2154, .T. ) ;
#1646 = PERSON_AND_ORGANIZATION_ROLE ( 'creator' ) ;
#1647 = DIRECTION ( 'NONE',  ( -1.000000000000000000, 0.000000000000000000, 0.000000000000000000 ) ) ;
#1648 = CARTESIAN_POINT ( 'NONE',  ( 30.49999999999999289, 24.00000000000000000, 0.000000000000000000 ) ) ;
#1649 = ORIENTED_EDGE ( 'NONE', *, *, #44, .T. ) ;
#1650 = VERTEX_POINT ( 'NONE', #1569 ) ;
#1651 = ORIENTED_EDGE ( 'NONE', *, *, #1987, .F. ) ;
#1652 = PRODUCT_DEFINITION_FORMATION_WITH_SPECIFIED_SOURCE ( '任何', '', #1932, .NOT_KNOWN. ) ;
#1653 = CIRCLE ( 'NONE', #541, 0.2500000000000002220 ) ;
#1654 = DIRECTION ( 'NONE',  ( -0.000000000000000000, -0.000000000000000000, 1.000000000000000000 ) ) ;
#1655 = AXIS2_PLACEMENT_3D ( 'NONE', #1962, #144, #985 ) ;
#1656 = ADVANCED_FACE ( 'NONE', ( #906 ), #1248, .F. ) ;
#1657 = CARTESIAN_POINT ( 'NONE',  ( -43.00000000000001421, -9.780000000000001137, -8.800000000000000711 ) ) ;
#1658 = EDGE_LOOP ( 'NONE', ( #1844, #415 ) ) ;
#1659 = ORIENTED_EDGE ( 'NONE', *, *, #129, .T. ) ;
#1660 = FACE_OUTER_BOUND ( 'NONE', #1169, .T. ) ;
#1661 = EDGE_CURVE ( 'NONE', #11, #1650, #1454, .T. ) ;
#1662 = DIRECTION ( 'NONE',  ( -1.000000000000000000, 0.000000000000000000, 0.000000000000000000 ) ) ;
#1663 = CARTESIAN_POINT ( 'NONE',  ( -30.50000000000000711, 24.00000000000000000, 1.199999999999999956 ) ) ;
#1664 = ORIENTED_EDGE ( 'NONE', *, *, #276, .F. ) ;
#1665 = EDGE_CURVE ( 'NONE', #1404, #1604, #578, .T. ) ;
#1666 = VERTEX_POINT ( 'NONE', #1882 ) ;
#1667 = DIRECTION ( 'NONE',  ( -0.000000000000000000, -0.000000000000000000, -1.000000000000000000 ) ) ;
#1668 = CIRCLE ( 'NONE', #705, 0.2500000000000002220 ) ;
#1669 = CARTESIAN_POINT ( 'NONE',  ( 30.49999999999999289, -24.00000000000000000, 1.199999999999999956 ) ) ;
#1670 = CARTESIAN_POINT ( 'NONE',  ( -36.50000000000000711, -1.000000000000000888, 2.000000000000000000 ) ) ;
#1671 = CARTESIAN_POINT ( 'NONE',  ( -36.90000000000000568, -6.230000000000001315, 1.199999999999999956 ) ) ;
#1672 = VECTOR ( 'NONE', #202, 1000.000000000000000 ) ;
#1673 = EDGE_LOOP ( 'NONE', ( #214, #1775 ) ) ;
#1674 = EDGE_CURVE ( 'NONE', #387, #1979, #490, .T. ) ;
#1675 = CARTESIAN_POINT ( 'NONE',  ( 30.49999999999999289, 24.00000000000000000, 1.199999999999999956 ) ) ;
#1676 = DIRECTION ( 'NONE',  ( -0.000000000000000000, -0.000000000000000000, 1.000000000000000000 ) ) ;
#1677 = AXIS2_PLACEMENT_3D ( 'NONE', #1704, #348, #865 ) ;
#1678 = VECTOR ( 'NONE', #1424, 1000.000000000000000 ) ;
#1679 = CARTESIAN_POINT ( 'NONE',  ( -26.50000000000000355, 21.00000000000000000, 1.199999999999999956 ) ) ;
#1680 = CARTESIAN_POINT ( 'NONE',  ( -37.80000000000000426, -10.03000000000000114, 1.199999999999999956 ) ) ;
#1681 = CARTESIAN_POINT ( 'NONE',  ( -43.00000000000001421, -10.03000000000000114, 1.199999999999999956 ) ) ;
#1682 = CARTESIAN_POINT ( 'NONE',  ( -0.000000000000000000, -9.780000000000001137, 0.000000000000000000 ) ) ;
#1683 = ORIENTED_EDGE ( 'NONE', *, *, #612, .T. ) ;
#1684 = CARTESIAN_POINT ( 'NONE',  ( -43.85000000000000853, -8.000000000000000000, 1.199999999999999956 ) ) ;
#1685 = CARTESIAN_POINT ( 'NONE',  ( -37.05000000000001137, -8.000000000000000000, 0.000000000000000000 ) ) ;
#1686 = ORIENTED_EDGE ( 'NONE', *, *, #1144, .F. ) ;
#1687 = ORIENTED_EDGE ( 'NONE', *, *, #2025, .F. ) ;
#1688 = ADVANCED_FACE ( 'NONE', ( #2106 ), #1993, .F. ) ;
#1689 = CARTESIAN_POINT ( 'NONE',  ( -28.50000000000000355, -21.00000000000000000, 0.000000000000000000 ) ) ;
#1690 = DIRECTION ( 'NONE',  ( 1.000000000000000000, 0.000000000000000000, 0.000000000000000000 ) ) ;
#1691 = VECTOR ( 'NONE', #1491, 1000.000000000000000 ) ;
#1692 = DIRECTION ( 'NONE',  ( -0.000000000000000000, 1.000000000000000000, 0.000000000000000000 ) ) ;
#1693 = ORIENTED_EDGE ( 'NONE', *, *, #15, .T. ) ;
#1694 = DIRECTION ( 'NONE',  ( 1.000000000000000000, 0.000000000000000000, 0.000000000000000000 ) ) ;
#1695 = LINE ( 'NONE', #232, #977 ) ;
#1696 = DIRECTION ( 'NONE',  ( 1.000000000000000000, 0.000000000000000000, 0.000000000000000000 ) ) ;
#1697 = ORIENTED_EDGE ( 'NONE', *, *, #1975, .F. ) ;
#1698 = PLANE ( 'NONE',  #1930 ) ;
#1699 = ORIENTED_EDGE ( 'NONE', *, *, #249, .F. ) ;
#1700 = EDGE_CURVE ( 'NONE', #2017, #714, #1753, .T. ) ;
#1701 = CARTESIAN_POINT ( 'NONE',  ( 26.49999999999999289, 21.00000000000000000, 1.199999999999999956 ) ) ;
#1702 = CARTESIAN_POINT ( 'NONE',  ( -35.50000000000000711, -1.000000000000000666, 1.199999999999999956 ) ) ;
#1703 = FACE_BOUND ( 'NONE', #94, .T. ) ;
#1704 = CARTESIAN_POINT ( 'NONE',  ( -36.50000000000000711, -1.000000000000000888, 0.000000000000000000 ) ) ;
#1705 = CYLINDRICAL_SURFACE ( 'NONE', #1519, 0.5000000000000004441 ) ;
#1706 = EDGE_LOOP ( 'NONE', ( #1106, #101, #1410, #1442 ) ) ;
#1707 = DIRECTION ( 'NONE',  ( -0.000000000000000000, -0.000000000000000000, 1.000000000000000000 ) ) ;
#1708 = CARTESIAN_POINT ( 'NONE',  ( -43.90000000000001279, -6.230000000000001315, 1.199999999999999956 ) ) ;
#1709 = LINE ( 'NONE', #2046, #369 ) ;
#1710 = AXIS2_PLACEMENT_3D ( 'NONE', #1182, #1191, #364 ) ;
#1711 = EDGE_CURVE ( 'NONE', #1184, #2141, #626, .T. ) ;
#1712 = CIRCLE ( 'NONE', #1045, 1.000000000000000888 ) ;
#1713 = AXIS2_PLACEMENT_3D ( 'NONE', #307, #139, #864 ) ;
#1714 = ORIENTED_EDGE ( 'NONE', *, *, #47, .T. ) ;
#1715 = EDGE_CURVE ( 'NONE', #59, #699, #465, .T. ) ;
#1716 = VECTOR ( 'NONE', #1385, 1000.000000000000000 ) ;
#1717 = AXIS2_PLACEMENT_3D ( 'NONE', #2000, #997, #1858 ) ;
#1718 = CARTESIAN_POINT ( 'NONE',  ( -30.50000000000000711, 25.00000000000000000, 0.000000000000000000 ) ) ;
#1719 = DIRECTION ( 'NONE',  ( 1.000000000000000000, 0.000000000000000000, 0.000000000000000000 ) ) ;
#1720 = FACE_OUTER_BOUND ( 'NONE', #1150, .T. ) ;
#1721 = EDGE_CURVE ( 'NONE', #1800, #673, #1695, .T. ) ;
#1722 = ORIENTED_EDGE ( 'NONE', *, *, #1511, .T. ) ;
#1723 = CARTESIAN_POINT ( 'NONE',  ( 0.000000000000000000, -6.230000000000001315, 0.000000000000000000 ) ) ;
#1724 = LINE ( 'NONE', #326, #384 ) ;
#1725 = DIRECTION ( 'NONE',  ( 0.000000000000000000, 1.000000000000000000, 0.000000000000000000 ) ) ;
#1726 = ORIENTED_EDGE ( 'NONE', *, *, #29, .T. ) ;
#1727 = AXIS2_PLACEMENT_3D ( 'NONE', #254, #579, #1757 ) ;
#1728 = DIRECTION ( 'NONE',  ( -0.000000000000000000, -0.000000000000000000, 1.000000000000000000 ) ) ;
#1729 = EDGE_LOOP ( 'NONE', ( #1545, #905, #1154, #618 ) ) ;
#1730 = VECTOR ( 'NONE', #393, 1000.000000000000000 ) ;
#1731 = ORIENTED_EDGE ( 'NONE', *, *, #468, .F. ) ;
#1732 = CARTESIAN_POINT ( 'NONE',  ( -44.20000000000000995, -8.000000000000000000, -8.800000000000000711 ) ) ;
#1733 = ORIENTED_EDGE ( 'NONE', *, *, #1808, .F. ) ;
#1734 = DIRECTION ( 'NONE',  ( -0.000000000000000000, -0.000000000000000000, -1.000000000000000000 ) ) ;
#1735 = VECTOR ( 'NONE', #64, 1000.000000000000000 ) ;
#1736 = CYLINDRICAL_SURFACE ( 'NONE', #376, 1.000000000000000888 ) ;
#1737 = DIRECTION ( 'NONE',  ( 0.000000000000000000, 0.000000000000000000, 1.000000000000000000 ) ) ;
#1738 = EDGE_CURVE ( 'NONE', #459, #58, #1935, .T. ) ;
#1739 = AXIS2_PLACEMENT_3D ( 'NONE', #484, #849, #1330 ) ;
#1740 = FACE_OUTER_BOUND ( 'NONE', #27, .T. ) ;
#1741 = VERTEX_POINT ( 'NONE', #595 ) ;
#1742 = VECTOR ( 'NONE', #1751, 1000.000000000000000 ) ;
#1743 = VERTEX_POINT ( 'NONE', #753 ) ;
#1744 = EDGE_LOOP ( 'NONE', ( #130, #2121, #1364, #629, #1992 ) ) ;
#1745 = EDGE_CURVE ( 'NONE', #1233, #996, #441, .T. ) ;
#1746 = EDGE_LOOP ( 'NONE', ( #428, #975 ) ) ;
#1747 = EDGE_LOOP ( 'NONE', ( #187, #1890 ) ) ;
#1748 = DIRECTION ( 'NONE',  ( -0.000000000000000000, 0.000000000000000000, 1.000000000000000000 ) ) ;
#1749 = ORIENTED_EDGE ( 'NONE', *, *, #1901, .F. ) ;
#1750 = VECTOR ( 'NONE', #466, 1000.000000000000000 ) ;
#1751 = DIRECTION ( 'NONE',  ( -0.000000000000000000, -0.000000000000000000, 1.000000000000000000 ) ) ;
#1752 = DIRECTION ( 'NONE',  ( 1.000000000000000000, 0.000000000000000000, 0.000000000000000000 ) ) ;
#1753 = LINE ( 'NONE', #1573, #1557 ) ;
#1754 = ORIENTED_EDGE ( 'NONE', *, *, #2156, .F. ) ;
#1755 = ORIENTED_EDGE ( 'NONE', *, *, #1587, .T. ) ;
#1756 = VECTOR ( 'NONE', #2018, 1000.000000000000000 ) ;
#1757 = DIRECTION ( 'NONE',  ( 1.000000000000000000, 0.000000000000000000, 0.000000000000000000 ) ) ;
#1758 = DIRECTION ( 'NONE',  ( 1.000000000000000000, 0.000000000000000000, 0.000000000000000000 ) ) ;
#1759 = AXIS2_PLACEMENT_3D ( 'NONE', #532, #2020, #1230 ) ;
#1760 = FACE_OUTER_BOUND ( 'NONE', #1893, .T. ) ;
#1761 = DIRECTION ( 'NONE',  ( 0.000000000000000000, -0.000000000000000000, 1.000000000000000000 ) ) ;
#1762 = ORIENTED_EDGE ( 'NONE', *, *, #1901, .T. ) ;
#1763 = FACE_OUTER_BOUND ( 'NONE', #525, .T. ) ;
#1764 = ORIENTED_EDGE ( 'NONE', *, *, #740, .T. ) ;
#1765 = CARTESIAN_POINT ( 'NONE',  ( -43.95000000000000995, -19.54000000000000270, 0.000000000000000000 ) ) ;
#1766 = ORIENTED_EDGE ( 'NONE', *, *, #1110, .T. ) ;
#1767 = EDGE_CURVE ( 'NONE', #1345, #871, #1773, .T. ) ;
#1768 = DIRECTION ( 'NONE',  ( 1.000000000000000000, 0.000000000000000000, 0.000000000000000000 ) ) ;
#1769 = AXIS2_PLACEMENT_3D ( 'NONE', #1681, #2005, #190 ) ;
#1770 = CARTESIAN_POINT ( 'NONE',  ( -38.11000000000001364, -20.15000000000000213, 1.199999999999999956 ) ) ;
#1771 = DIRECTION ( 'NONE',  ( -0.000000000000000000, -0.000000000000000000, 1.000000000000000000 ) ) ;
#1772 = VECTOR ( 'NONE', #630, 1000.000000000000000 ) ;
#1773 = CIRCLE ( 'NONE', #556, 0.2500000000000002220 ) ;
#1774 = DIRECTION ( 'NONE',  ( 1.000000000000000000, 0.000000000000000000, 0.000000000000000000 ) ) ;
#1775 = ORIENTED_EDGE ( 'NONE', *, *, #1975, .T. ) ;
#1776 = FACE_BOUND ( 'NONE', #1307, .T. ) ;
#1777 = AXIS2_PLACEMENT_3D ( 'NONE', #472, #1940, #784 ) ;
#1778 = CYLINDRICAL_SURFACE ( 'NONE', #1102, 0.5000000000000004441 ) ;
#1779 = VECTOR ( 'NONE', #1384, 1000.000000000000000 ) ;
#1780 = DIRECTION ( 'NONE',  ( 1.000000000000000000, 0.000000000000000000, 0.000000000000000000 ) ) ;
#1781 = CIRCLE ( 'NONE', #1275, 0.5749999999999990674 ) ;
#1782 = EDGE_LOOP ( 'NONE', ( #1273, #1755, #1156, #1492 ) ) ;
#1783 = CARTESIAN_POINT ( 'NONE',  ( -40.65000000000001279, -14.75000000000000178, 1.199999999999999956 ) ) ;
#1784 = AXIS2_PLACEMENT_3D ( 'NONE', #617, #934, #776 ) ;
#1785 = DIRECTION ( 'NONE',  ( 0.000000000000000000, 0.000000000000000000, -1.000000000000000000 ) ) ;
#1786 = EDGE_CURVE ( 'NONE', #365, #1075, #1319, .T. ) ;
#1787 = EDGE_CURVE ( 'NONE', #62, #1124, #2054, .T. ) ;
#1788 = CARTESIAN_POINT ( 'NONE',  ( -36.90000000000000568, -6.230000000000001315, 0.000000000000000000 ) ) ;
#1789 = EDGE_LOOP ( 'NONE', ( #917, #597 ) ) ;
#1790 = CARTESIAN_POINT ( 'NONE',  ( -43.50000000000001421, 1.359479960743931572E-30, 0.000000000000000000 ) ) ;
#1791 = ORIENTED_EDGE ( 'NONE', *, *, #788, .T. ) ;
#1792 = CARTESIAN_POINT ( 'NONE',  ( -43.00000000000001421, -10.03000000000000114, 0.000000000000000000 ) ) ;
#1793 = ORIENTED_EDGE ( 'NONE', *, *, #1787, .T. ) ;
#1794 = DATE_AND_TIME ( #1846, #1820 ) ;
#1795 = CARTESIAN_POINT ( 'NONE',  ( -44.10000000000000853, -25.00000000000000000, 0.000000000000000000 ) ) ;
#1796 = VERTEX_POINT ( 'NONE', #127 ) ;
#1797 = CARTESIAN_POINT ( 'NONE',  ( -36.90000000000000568, -10.03000000000000114, -8.800000000000000711 ) ) ;
#1798 = ORIENTED_EDGE ( 'NONE', *, *, #1040, .F. ) ;
#1799 = AXIS2_PLACEMENT_3D ( 'NONE', #1035, #1878, #227 ) ;
#1800 = VERTEX_POINT ( 'NONE', #945 ) ;
#1801 = AXIS2_PLACEMENT_3D ( 'NONE', #223, #366, #1719 ) ;
#1802 = EDGE_LOOP ( 'NONE', ( #20, #1444, #2148, #1059 ) ) ;
#1803 = CARTESIAN_POINT ( 'NONE',  ( -45.10000000000000853, 1.540743955509788682E-30, -28.45979620447062075 ) ) ;
#1804 = DIRECTION ( 'NONE',  ( 1.000000000000000000, 0.000000000000000000, 0.000000000000000000 ) ) ;
#1805 = DIRECTION ( 'NONE',  ( 1.000000000000000000, 0.000000000000000000, 0.000000000000000000 ) ) ;
#1806 = CIRCLE ( 'NONE', #1809, 0.3500000000000030864 ) ;
#1807 = AXIS2_PLACEMENT_3D ( 'NONE', #1616, #964, #1611 ) ;
#1808 = EDGE_CURVE ( 'NONE', #1449, #783, #388, .T. ) ;
#1809 = AXIS2_PLACEMENT_3D ( 'NONE', #171, #1853, #1349 ) ;
#1810 = VECTOR ( 'NONE', #1148, 1000.000000000000000 ) ;
#1811 = DIRECTION ( 'NONE',  ( -0.000000000000000000, 0.000000000000000000, 1.000000000000000000 ) ) ;
#1812 = VECTOR ( 'NONE', #907, 1000.000000000000000 ) ;
#1813 = ORIENTED_EDGE ( 'NONE', *, *, #1786, .F. ) ;
#1814 = CARTESIAN_POINT ( 'NONE',  ( 26.49999999999999289, 21.00000000000000000, 1.199999999999999956 ) ) ;
#1815 = CARTESIAN_POINT ( 'NONE',  ( -43.95000000000000995, -14.46000000000000085, -8.800000000000000711 ) ) ;
#1816 = ORIENTED_EDGE ( 'NONE', *, *, #696, .F. ) ;
#1817 = CARTESIAN_POINT ( 'NONE',  ( -43.00000000000001421, -5.980000000000001315, -8.800000000000000711 ) ) ;
#1818 = DIRECTION ( 'NONE',  ( 0.000000000000000000, -0.000000000000000000, -1.000000000000000000 ) ) ;
#1819 = ADVANCED_FACE ( 'NONE', ( #1660 ), #2024, .F. ) ;
#1820 = LOCAL_TIME ( 14, 43, 15.00000000000000000, #677 ) ;
#1821 = ORIENTED_EDGE ( 'NONE', *, *, #363, .T. ) ;
#1822 = DIRECTION ( 'NONE',  ( -0.000000000000000000, 0.000000000000000000, 1.000000000000000000 ) ) ;
#1823 = CIRCLE ( 'NONE', #2019, 0.5000000000000004441 ) ;
#1824 = ORIENTED_EDGE ( 'NONE', *, *, #1500, .T. ) ;
#1825 = EDGE_CURVE ( 'NONE', #576, #1796, #489, .T. ) ;
#1826 = CARTESIAN_POINT ( 'NONE',  ( -27.50000000000000355, -21.00000000000000000, 0.000000000000000000 ) ) ;
#1827 = EDGE_LOOP ( 'NONE', ( #1044, #1247, #1265, #324 ) ) ;
#1828 = AXIS2_PLACEMENT_3D ( 'NONE', #1967, #1486, #158 ) ;
#1829 = CIRCLE ( 'NONE', #1413, 0.2500000000000002220 ) ;
#1830 = APPROVAL_ROLE ( '' ) ;
#1831 = DIRECTION ( 'NONE',  ( 0.000000000000000000, 0.000000000000000000, 1.000000000000000000 ) ) ;
#1832 = FACE_OUTER_BOUND ( 'NONE', #752, .T. ) ;
#1833 = DIRECTION ( 'NONE',  ( 1.000000000000000000, 0.000000000000000000, 0.000000000000000000 ) ) ;
#1834 = EDGE_CURVE ( 'NONE', #325, #300, #1407, .T. ) ;
#1835 = CIRCLE ( 'NONE', #2123, 1.000000000000000888 ) ;
#1836 = EDGE_CURVE ( 'NONE', #1049, #726, #681, .T. ) ;
#1837 = CARTESIAN_POINT ( 'NONE',  ( -27.50000000000000355, -21.00000000000000000, 0.000000000000000000 ) ) ;
#1838 = AXIS2_PLACEMENT_3D ( 'NONE', #1206, #212, #1373 ) ;
#1839 = DIRECTION ( 'NONE',  ( -0.000000000000000000, 0.000000000000000000, 1.000000000000000000 ) ) ;
#1840 = CARTESIAN_POINT ( 'NONE',  ( 0.000000000000000000, 0.000000000000000000, 0.000000000000000000 ) ) ;
#1841 = ADVANCED_FACE ( 'NONE', ( #770 ), #115, .F. ) ;
#1842 = CARTESIAN_POINT ( 'NONE',  ( -31.50000000000000711, 25.00000000000000000, 1.199999999999999956 ) ) ;
#1843 = EDGE_LOOP ( 'NONE', ( #287, #1579 ) ) ;
#1844 = ORIENTED_EDGE ( 'NONE', *, *, #889, .F. ) ;
#1845 = DIRECTION ( 'NONE',  ( -0.000000000000000000, -0.000000000000000000, 1.000000000000000000 ) ) ;
#1846 = CALENDAR_DATE ( 2025, 11, 6 ) ;
#1847 = DIRECTION ( 'NONE',  ( -1.000000000000000000, -0.000000000000000000, -0.000000000000000000 ) ) ;
#1848 = VECTOR ( 'NONE', #1615, 1000.000000000000000 ) ;
#1849 = DIRECTION ( 'NONE',  ( 1.000000000000000000, 0.000000000000000000, 0.000000000000000000 ) ) ;
#1850 = VERTEX_POINT ( 'NONE', #847 ) ;
#1851 = ADVANCED_FACE ( 'NONE', ( #2152 ), #1164, .F. ) ;
#1852 = ORIENTED_EDGE ( 'NONE', *, *, #1011, .F. ) ;
#1853 = DIRECTION ( 'NONE',  ( -0.000000000000000000, 0.000000000000000000, 1.000000000000000000 ) ) ;
#1854 = VERTEX_POINT ( 'NONE', #2033 ) ;
#1855 = DIRECTION ( 'NONE',  ( -1.000000000000000000, -0.000000000000000000, -0.000000000000000000 ) ) ;
#1856 = CIRCLE ( 'NONE', #2053, 0.5000000000000004441 ) ;
#1857 = CARTESIAN_POINT ( 'NONE',  ( -27.50000000000000355, 21.00000000000000000, 1.199999999999999956 ) ) ;
#1858 = DIRECTION ( 'NONE',  ( 1.000000000000000000, 0.000000000000000000, 0.000000000000000000 ) ) ;
#1859 = EDGE_LOOP ( 'NONE', ( #1581, #1898 ) ) ;
#1860 = VECTOR ( 'NONE', #1305, 1000.000000000000000 ) ;
#1861 = CARTESIAN_POINT ( 'NONE',  ( -28.50000000000000355, -21.00000000000000000, 1.199999999999999956 ) ) ;
#1862 = EDGE_LOOP ( 'NONE', ( #1284, #313, #736, #149, #1651 ) ) ;
#1863 = VERTEX_POINT ( 'NONE', #1788 ) ;
#1864 = DIRECTION ( 'NONE',  ( -0.000000000000000000, -0.000000000000000000, 1.000000000000000000 ) ) ;
#1865 = DIRECTION ( 'NONE',  ( -0.000000000000000000, 1.000000000000000000, 0.000000000000000000 ) ) ;
#1866 = PERSON_AND_ORGANIZATION ( #912, #1524 ) ;
#1867 = VERTEX_POINT ( 'NONE', #1178 ) ;
#1868 = DIRECTION ( 'NONE',  ( -0.000000000000000000, 0.000000000000000000, 1.000000000000000000 ) ) ;
#1869 = CARTESIAN_POINT ( 'NONE',  ( -40.15000000000001279, -19.25000000000000000, 0.000000000000000000 ) ) ;
#1870 = CARTESIAN_POINT ( 'NONE',  ( -36.90000000000000568, -10.03000000000000114, -8.800000000000000711 ) ) ;
#1871 = DIRECTION ( 'NONE',  ( -1.000000000000000000, 0.000000000000000000, 0.000000000000000000 ) ) ;
#1872 = CARTESIAN_POINT ( 'NONE',  ( -37.50000000000000711, -1.000000000000000888, 0.000000000000000000 ) ) ;
#1873 = VECTOR ( 'NONE', #1395, 1000.000000000000000 ) ;
#1874 = DIRECTION ( 'NONE',  ( 1.000000000000000000, 0.000000000000000000, 0.000000000000000000 ) ) ;
#1875 = CIRCLE ( 'NONE', #76, 0.2500000000000002220 ) ;
#1876 = AXIS2_PLACEMENT_3D ( 'NONE', #1951, #113, #942 ) ;
#1877 = CARTESIAN_POINT ( 'NONE',  ( -38.11000000000001364, -13.85000000000000142, 0.000000000000000000 ) ) ;
#1878 = DIRECTION ( 'NONE',  ( -0.000000000000000000, 0.000000000000000000, 1.000000000000000000 ) ) ;
#1879 = LINE ( 'NONE', #1567, #405 ) ;
#1880 = EDGE_CURVE ( 'NONE', #1904, #893, #1909, .T. ) ;
#1881 = DIRECTION ( 'NONE',  ( 0.000000000000000000, 0.000000000000000000, 1.000000000000000000 ) ) ;
#1882 = CARTESIAN_POINT ( 'NONE',  ( 26.49999999999999645, -21.00000000000000000, 1.199999999999999956 ) ) ;
#1883 = DIRECTION ( 'NONE',  ( 0.000000000000000000, 0.000000000000000000, 1.000000000000000000 ) ) ;
#1884 = ORIENTED_EDGE ( 'NONE', *, *, #780, .F. ) ;
#1885 = AXIS2_PLACEMENT_3D ( 'NONE', #1792, #1822, #134 ) ;
#1886 = VERTEX_POINT ( 'NONE', #2143 ) ;
#1887 = PERSON_AND_ORGANIZATION ( #912, #1524 ) ;
#1888 = CARTESIAN_POINT ( 'NONE',  ( -0.000000000000000000, -5.730000000000000426, 0.000000000000000000 ) ) ;
#1889 = ORIENTED_EDGE ( 'NONE', *, *, #2174, .T. ) ;
#1890 = ORIENTED_EDGE ( 'NONE', *, *, #1632, .F. ) ;
#1891 = CARTESIAN_POINT ( 'NONE',  ( -37.80000000000000426, -5.730000000000000426, -8.800000000000000711 ) ) ;
#1892 = VECTOR ( 'NONE', #1005, 1000.000000000000000 ) ;
#1893 = EDGE_LOOP ( 'NONE', ( #2076, #1001, #820, #1342 ) ) ;
#1894 = FACE_OUTER_BOUND ( 'NONE', #229, .T. ) ;
#1895 = LINE ( 'NONE', #1172, #2116 ) ;
#1896 = CARTESIAN_POINT ( 'NONE',  ( -41.15000000000001279, -19.25000000000000000, 0.000000000000000000 ) ) ;
#1897 = CC_DESIGN_APPROVAL ( #1073, ( #643 ) ) ;
#1898 = ORIENTED_EDGE ( 'NONE', *, *, #775, .F. ) ;
#1899 = ORIENTED_EDGE ( 'NONE', *, *, #363, .F. ) ;
#1900 = ORIENTED_EDGE ( 'NONE', *, *, #1013, .F. ) ;
#1901 = EDGE_CURVE ( 'NONE', #1126, #65, #1555, .T. ) ;
#1902 = ORIENTED_EDGE ( 'NONE', *, *, #439, .T. ) ;
#1903 = EDGE_LOOP ( 'NONE', ( #1514, #2058, #1523, #329 ) ) ;
#1904 = VERTEX_POINT ( 'NONE', #82 ) ;
#1905 = EDGE_LOOP ( 'NONE', ( #334, #1961, #261, #575 ) ) ;
#1906 = LINE ( 'NONE', #514, #1314 ) ;
#1907 = CARTESIAN_POINT ( 'NONE',  ( -40.65000000000001279, -19.25000000000000000, 1.199999999999999956 ) ) ;
#1908 = ORIENTED_EDGE ( 'NONE', *, *, #1565, .T. ) ;
#1909 = LINE ( 'NONE', #152, #708 ) ;
#1910 = EDGE_LOOP ( 'NONE', ( #806, #1310 ) ) ;
#1911 = AXIS2_PLACEMENT_3D ( 'NONE', #184, #1022, #813 ) ;
#1912 = EDGE_CURVE ( 'NONE', #1339, #1626, #1427, .T. ) ;
#1913 = CIRCLE ( 'NONE', #506, 0.5749999999999990674 ) ;
#1914 = DIRECTION ( 'NONE',  ( -0.000000000000000000, -0.000000000000000000, 1.000000000000000000 ) ) ;
#1915 = FACE_BOUND ( 'NONE', #1744, .T. ) ;
#1916 = CARTESIAN_POINT ( 'NONE',  ( -44.55000000000001137, -8.000000000000000000, 1.199999999999999956 ) ) ;
#1917 = CYLINDRICAL_SURFACE ( 'NONE', #914, 0.2500000000000002220 ) ;
#1918 = CYLINDRICAL_SURFACE ( 'NONE', #1542, 0.5749999999999990674 ) ;
#1919 = DIRECTION ( 'NONE',  ( -0.000000000000000000, -0.000000000000000000, 1.000000000000000000 ) ) ;
#1920 = LINE ( 'NONE', #61, #2068 ) ;
#1921 = VERTEX_POINT ( 'NONE', #121 ) ;
#1922 = CARTESIAN_POINT ( 'NONE',  ( -43.90000000000001279, -10.28000000000000114, -8.800000000000000711 ) ) ;
#1923 = CARTESIAN_POINT ( 'NONE',  ( 27.49999999999999289, 21.00000000000000000, 1.199999999999999956 ) ) ;
#1924 = APPROVAL_STATUS ( 'not_yet_approved' ) ;
#1925 = ORIENTED_EDGE ( 'NONE', *, *, #1013, .T. ) ;
#1926 = EDGE_CURVE ( 'NONE', #1863, #1743, #1608, .T. ) ;
#1927 = DIRECTION ( 'NONE',  ( -0.000000000000000000, 0.000000000000000000, 1.000000000000000000 ) ) ;
#1928 = CARTESIAN_POINT ( 'NONE',  ( -43.37500000000001421, -19.54000000000000270, 0.000000000000000000 ) ) ;
#1929 = ORIENTED_EDGE ( 'NONE', *, *, #742, .T. ) ;
#1930 = AXIS2_PLACEMENT_3D ( 'NONE', #1308, #1347, #892 ) ;
#1931 = ADVANCED_FACE ( 'NONE', ( #35 ), #624, .F. ) ;
#1932 = PRODUCT ( '电路板尺寸图', '电路板尺寸图', '', ( #1401 ) ) ;
#1933 = LINE ( 'NONE', #1468, #1772 ) ;
#1934 = ORIENTED_EDGE ( 'NONE', *, *, #1836, .T. ) ;
#1935 = CIRCLE ( 'NONE', #622, 0.5000000000000004441 ) ;
#1936 = DIRECTION ( 'NONE',  ( -0.000000000000000000, -0.000000000000000000, 1.000000000000000000 ) ) ;
#1937 = PLANE ( 'NONE',  #2138 ) ;
#1938 = CARTESIAN_POINT ( 'NONE',  ( -36.90000000000000568, -6.230000000000001315, -8.800000000000000711 ) ) ;
#1939 = ORIENTED_EDGE ( 'NONE', *, *, #1661, .F. ) ;
#1940 = DIRECTION ( 'NONE',  ( -0.000000000000000000, -0.000000000000000000, 1.000000000000000000 ) ) ;
#1941 = ORIENTED_EDGE ( 'NONE', *, *, #883, .T. ) ;
#1942 = EDGE_CURVE ( 'NONE', #1594, #523, #603, .T. ) ;
#1943 = ADVANCED_FACE ( 'NONE', ( #946 ), #1462, .F. ) ;
#1944 = CARTESIAN_POINT ( 'NONE',  ( 30.49999999999999289, 24.00000000000000000, 1.199999999999999956 ) ) ;
#1945 = CIRCLE ( 'NONE', #1828, 0.2500000000000002220 ) ;
#1946 = ORIENTED_EDGE ( 'NONE', *, *, #1011, .T. ) ;
#1947 = CARTESIAN_POINT ( 'NONE',  ( -44.10000000000000853, 1.427453958781127616E-30, 0.000000000000000000 ) ) ;
#1948 = DIRECTION ( 'NONE',  ( -1.000000000000000000, 0.000000000000000000, 0.000000000000000000 ) ) ;
#1949 = CARTESIAN_POINT ( 'NONE',  ( 28.49999999999999289, 21.00000000000000000, 1.199999999999999956 ) ) ;
#1950 = ORIENTED_EDGE ( 'NONE', *, *, #47, .F. ) ;
#1951 = CARTESIAN_POINT ( 'NONE',  ( -36.90000000000000568, -5.980000000000001315, 0.000000000000000000 ) ) ;
#1952 = EDGE_CURVE ( 'NONE', #454, #263, #1933, .T. ) ;
#1953 = AXIS2_PLACEMENT_3D ( 'NONE', #1732, #372, #2049 ) ;
#1954 = CARTESIAN_POINT ( 'NONE',  ( -43.00000000000001421, -5.980000000000001315, 0.000000000000000000 ) ) ;
#1955 = ORIENTED_EDGE ( 'NONE', *, *, #1700, .F. ) ;
#1956 = CARTESIAN_POINT ( 'NONE',  ( -37.80000000000000426, -10.03000000000000114, -8.800000000000000711 ) ) ;
#1957 = EDGE_LOOP ( 'NONE', ( #2102, #1101, #655, #1766 ) ) ;
#1958 = DIRECTION ( 'NONE',  ( -0.000000000000000000, -0.000000000000000000, 1.000000000000000000 ) ) ;
#1959 = FACE_OUTER_BOUND ( 'NONE', #1509, .T. ) ;
#1960 = DIRECTION ( 'NONE',  ( 0.000000000000000000, 0.000000000000000000, 1.000000000000000000 ) ) ;
#1961 = ORIENTED_EDGE ( 'NONE', *, *, #1394, .T. ) ;
#1962 = CARTESIAN_POINT ( 'NONE',  ( -38.11000000000001364, -20.15000000000000213, -8.800000000000000711 ) ) ;
#1963 = AXIS2_PLACEMENT_3D ( 'NONE', #866, #1528, #566 ) ;
#1964 = ADVANCED_FACE ( 'NONE', ( #1380 ), #479, .F. ) ;
#1965 = DIRECTION ( 'NONE',  ( 1.000000000000000000, 0.000000000000000000, 0.000000000000000000 ) ) ;
#1966 = VECTOR ( 'NONE', #132, 1000.000000000000000 ) ;
#1967 = CARTESIAN_POINT ( 'NONE',  ( -36.90000000000000568, -5.980000000000001315, 1.199999999999999956 ) ) ;
#1968 = FACE_BOUND ( 'NONE', #2168, .T. ) ;
#1969 = CARTESIAN_POINT ( 'NONE',  ( -37.80000000000000426, -6.230000000000001315, -8.800000000000000711 ) ) ;
#1970 = FACE_BOUND ( 'NONE', #1789, .T. ) ;
#1971 = LINE ( 'NONE', #206, #757 ) ;
#1972 = CARTESIAN_POINT ( 'NONE',  ( -37.80000000000000426, -5.730000000000000426, 1.199999999999999956 ) ) ;
#1973 = FACE_OUTER_BOUND ( 'NONE', #1292, .T. ) ;
#1974 = AXIS2_PLACEMENT_3D ( 'NONE', #60, #581, #51 ) ;
#1975 = EDGE_CURVE ( 'NONE', #62, #512, #1823, .T. ) ;
#1976 = AXIS2_PLACEMENT_3D ( 'NONE', #720, #1387, #1031 ) ;
#1977 = EDGE_LOOP ( 'NONE', ( #1697, #1793, #2013, #2157 ) ) ;
#1978 = DIRECTION ( 'NONE',  ( -0.000000000000000000, 0.000000000000000000, 1.000000000000000000 ) ) ;
#1979 = VERTEX_POINT ( 'NONE', #1795 ) ;
#1980 = ORIENTED_EDGE ( 'NONE', *, *, #1880, .F. ) ;
#1981 = CARTESIAN_POINT ( 'NONE',  ( -36.90000000000000568, -10.03000000000000114, 0.000000000000000000 ) ) ;
#1982 = EDGE_LOOP ( 'NONE', ( #1266, #1229, #265, #638 ) ) ;
#1983 = VERTEX_POINT ( 'NONE', #782 ) ;
#1984 = EDGE_LOOP ( 'NONE', ( #1687, #989, #1027, #293, #1107 ) ) ;
#1985 = AXIS2_PLACEMENT_3D ( 'NONE', #965, #1818, #1965 ) ;
#1986 = ORIENTED_EDGE ( 'NONE', *, *, #1721, .T. ) ;
#1987 = EDGE_CURVE ( 'NONE', #2085, #601, #179, .T. ) ;
#1988 = ORIENTED_EDGE ( 'NONE', *, *, #1767, .T. ) ;
#1989 = ORIENTED_EDGE ( 'NONE', *, *, #87, .T. ) ;
#1990 = EDGE_CURVE ( 'NONE', #138, #927, #1290, .T. ) ;
#1991 = CARTESIAN_POINT ( 'NONE',  ( -43.00000000000001421, -5.730000000000000426, 1.199999999999999956 ) ) ;
#1992 = ORIENTED_EDGE ( 'NONE', *, *, #1711, .F. ) ;
#1993 = CYLINDRICAL_SURFACE ( 'NONE', #1218, 0.5000000000000004441 ) ;
#1994 = CIRCLE ( 'NONE', #1985, 1.000000000000000888 ) ;
#1995 = DIRECTION ( 'NONE',  ( 0.000000000000000000, -0.000000000000000000, -1.000000000000000000 ) ) ;
#1996 = VERTEX_POINT ( 'NONE', #651 ) ;
#1997 = CARTESIAN_POINT ( 'NONE',  ( -36.90000000000000568, -9.780000000000001137, 0.000000000000000000 ) ) ;
#1998 = LINE ( 'NONE', #1888, #1058 ) ;
#1999 = ORIENTED_EDGE ( 'NONE', *, *, #1353, .T. ) ;
#2000 = CARTESIAN_POINT ( 'NONE',  ( -43.95000000000000995, -14.46000000000000085, 0.000000000000000000 ) ) ;
#2001 = ADVANCED_FACE ( 'NONE', ( #1377 ), #1634, .F. ) ;
#2003 = ORIENTED_EDGE ( 'NONE', *, *, #1093, .F. ) ;
#2002 = AXIS2_PLACEMENT_3D ( 'NONE', #1783, #1603, #1422 ) ;
#2004 = CARTESIAN_POINT ( 'NONE',  ( 0.000000000000000000, 0.000000000000000000, 0.000000000000000000 ) ) ;
#2005 = DIRECTION ( 'NONE',  ( 0.000000000000000000, 0.000000000000000000, 1.000000000000000000 ) ) ;
#2006 = ORIENTED_EDGE ( 'NONE', *, *, #742, .F. ) ;
#2007 = CARTESIAN_POINT ( 'NONE',  ( -37.80000000000000426, -9.780000000000001137, -8.800000000000000711 ) ) ;
#2008 = CARTESIAN_POINT ( 'NONE',  ( -43.00000000000001421, -9.780000000000001137, 1.199999999999999956 ) ) ;
#2009 = DIRECTION ( 'NONE',  ( 1.000000000000000000, 0.000000000000000000, 0.000000000000000000 ) ) ;
#2010 = DIRECTION ( 'NONE',  ( 1.000000000000000000, 0.000000000000000000, 0.000000000000000000 ) ) ;
#2011 = VECTOR ( 'NONE', #731, 1000.000000000000000 ) ;
#2012 = DIRECTION ( 'NONE',  ( -0.000000000000000000, -0.000000000000000000, -1.000000000000000000 ) ) ;
#2013 = ORIENTED_EDGE ( 'NONE', *, *, #455, .T. ) ;
#2014 = DIRECTION ( 'NONE',  ( 1.000000000000000000, 0.000000000000000000, 0.000000000000000000 ) ) ;
#2015 = ADVANCED_FACE ( 'NONE', ( #1959 ), #2079, .F. ) ;
#2016 = PERSON_AND_ORGANIZATION ( #912, #1524 ) ;
#2017 = VERTEX_POINT ( 'NONE', #948 ) ;
#2018 = DIRECTION ( 'NONE',  ( -1.000000000000000000, -0.000000000000000000, -0.000000000000000000 ) ) ;
#2019 = AXIS2_PLACEMENT_3D ( 'NONE', #641, #137, #1443 ) ;
#2020 = DIRECTION ( 'NONE',  ( -0.000000000000000000, 0.000000000000000000, 1.000000000000000000 ) ) ;
#2021 = CARTESIAN_POINT ( 'NONE',  ( -38.61000000000001364, -20.15000000000000213, 1.199999999999999956 ) ) ;
#2022 = AXIS2_PLACEMENT_3D ( 'NONE', #949, #104, #122 ) ;
#2023 = DIRECTION ( 'NONE',  ( 1.000000000000000000, 0.000000000000000000, 0.000000000000000000 ) ) ;
#2024 = CYLINDRICAL_SURFACE ( 'NONE', #1436, 0.5000000000000004441 ) ;
#2025 = EDGE_CURVE ( 'NONE', #1295, #1357, #1653, .T. ) ;
#2026 = ORIENTED_EDGE ( 'NONE', *, *, #235, .T. ) ;
#2027 =( NAMED_UNIT ( * ) SI_UNIT ( $, .STERADIAN. ) SOLID_ANGLE_UNIT ( ) );
#2028 = AXIS2_PLACEMENT_3D ( 'NONE', #1399, #401, #2023 ) ;
#2029 = DIRECTION ( 'NONE',  ( -0.000000000000000000, -0.000000000000000000, 1.000000000000000000 ) ) ;
#2030 = ORIENTED_EDGE ( 'NONE', *, *, #574, .T. ) ;
#2031 = ADVANCED_FACE ( 'NONE', ( #486 ), #1190, .F. ) ;
#2032 = DIRECTION ( 'NONE',  ( 1.000000000000000000, 0.000000000000000000, 0.000000000000000000 ) ) ;
#2033 = CARTESIAN_POINT ( 'NONE',  ( -43.37500000000001421, -19.54000000000000270, 1.199999999999999956 ) ) ;
#2034 = CYLINDRICAL_SURFACE ( 'NONE', #1953, 0.3500000000000030864 ) ;
#2035 = ORIENTED_EDGE ( 'NONE', *, *, #2156, .T. ) ;
#2036 = DIRECTION ( 'NONE',  ( 1.000000000000000000, 0.000000000000000000, 0.000000000000000000 ) ) ;
#2037 = CYLINDRICAL_SURFACE ( 'NONE', #2028, 0.5749999999999990674 ) ;
#2038 = CIRCLE ( 'NONE', #1242, 0.2500000000000002220 ) ;
#2039 = EDGE_LOOP ( 'NONE', ( #493, #1313, #1472, #1934 ) ) ;
#2040 = VECTOR ( 'NONE', #1654, 1000.000000000000000 ) ;
#2041 = AXIS2_PLACEMENT_3D ( 'NONE', #1300, #211, #707 ) ;
#2042 = CARTESIAN_POINT ( 'NONE',  ( -36.90000000000000568, -5.730000000000000426, 0.000000000000000000 ) ) ;
#2043 = VECTOR ( 'NONE', #547, 1000.000000000000000 ) ;
#2044 = ORIENTED_EDGE ( 'NONE', *, *, #1599, .T. ) ;
#2045 = DIRECTION ( 'NONE',  ( -0.000000000000000000, -0.000000000000000000, 1.000000000000000000 ) ) ;
#2046 = CARTESIAN_POINT ( 'NONE',  ( -43.90000000000001279, -9.780000000000001137, -8.800000000000000711 ) ) ;
#2047 = EDGE_CURVE ( 'NONE', #2126, #2085, #1134, .T. ) ;
#2048 = EDGE_LOOP ( 'NONE', ( #1220, #550, #1333, #781 ) ) ;
#2049 = DIRECTION ( 'NONE',  ( 1.000000000000000000, 0.000000000000000000, 0.000000000000000000 ) ) ;
#2050 = EDGE_LOOP ( 'NONE', ( #646, #230, #1421, #1432, #1601 ) ) ;
#2051 = CARTESIAN_POINT ( 'NONE',  ( -44.20000000000000995, -8.000000000000000000, 1.199999999999999956 ) ) ;
#2052 = EDGE_CURVE ( 'NONE', #1850, #1068, #648, .T. ) ;
#2053 = AXIS2_PLACEMENT_3D ( 'NONE', #193, #846, #185 ) ;
#2054 = LINE ( 'NONE', #296, #1848 ) ;
#2055 = DIRECTION ( 'NONE',  ( -1.000000000000000000, 0.000000000000000000, 0.000000000000000000 ) ) ;
#2056 = PLANE ( 'NONE',  #26 ) ;
#2057 = CARTESIAN_POINT ( 'NONE',  ( -31.50000000000000711, 12.00000000000000178, 0.000000000000000000 ) ) ;
#2058 = ORIENTED_EDGE ( 'NONE', *, *, #994, .T. ) ;
#2059 = CARTESIAN_POINT ( 'NONE',  ( -44.10000000000000853, -25.00000000000000000, 0.000000000000000000 ) ) ;
#2060 = AXIS2_PLACEMENT_3D ( 'NONE', #2083, #1268, #1761 ) ;
#2061 = PLANE ( 'NONE',  #314 ) ;
#2062 = FACE_BOUND ( 'NONE', #1658, .T. ) ;
#2063 = ORIENTED_EDGE ( 'NONE', *, *, #509, .F. ) ;
#2064 = AXIS2_PLACEMENT_3D ( 'NONE', #1669, #142, #2032 ) ;
#2065 = FACE_BOUND ( 'NONE', #37, .T. ) ;
#2066 = FACE_OUTER_BOUND ( 'NONE', #1802, .T. ) ;
#2067 = CARTESIAN_POINT ( 'NONE',  ( -43.50000000000001421, 1.359479960743931572E-30, 1.199999999999999956 ) ) ;
#2068 = VECTOR ( 'NONE', #748, 1000.000000000000000 ) ;
#2069 = ORIENTED_EDGE ( 'NONE', *, *, #1480, .F. ) ;
#2070 = LINE ( 'NONE', #443, #403 ) ;
#2071 = CIRCLE ( 'NONE', #1460, 0.3500000000000030864 ) ;
#2072 = EDGE_CURVE ( 'NONE', #105, #263, #1024, .T. ) ;
#2073 = ORIENTED_EDGE ( 'NONE', *, *, #696, .T. ) ;
#2074 = AXIS2_PLACEMENT_3D ( 'NONE', #496, #2130, #482 ) ;
#2075 = ORIENTED_EDGE ( 'NONE', *, *, #1456, .T. ) ;
#2076 = ORIENTED_EDGE ( 'NONE', *, *, #666, .F. ) ;
#2077 = ORIENTED_EDGE ( 'NONE', *, *, #361, .T. ) ;
#2078 = EDGE_CURVE ( 'NONE', #263, #105, #823, .T. ) ;
#2079 = CYLINDRICAL_SURFACE ( 'NONE', #1580, 0.2500000000000002220 ) ;
#2080 = ORIENTED_EDGE ( 'NONE', *, *, #451, .T. ) ;
#2081 = CARTESIAN_POINT ( 'NONE',  ( 27.49999999999999289, 21.00000000000000000, 1.199999999999999956 ) ) ;
#2082 = EDGE_CURVE ( 'NONE', #1068, #169, #1906, .T. ) ;
#2083 = CARTESIAN_POINT ( 'NONE',  ( -37.80000000000000426, -5.730000000000000426, -8.800000000000000711 ) ) ;
#2084 = FACE_BOUND ( 'NONE', #2128, .T. ) ;
#2085 = VERTEX_POINT ( 'NONE', #819 ) ;
#2086 = FACE_OUTER_BOUND ( 'NONE', #679, .T. ) ;
#2087 = VERTEX_POINT ( 'NONE', #1997 ) ;
#2088 = DIRECTION ( 'NONE',  ( 0.000000000000000000, 0.000000000000000000, 1.000000000000000000 ) ) ;
#2089 = DIRECTION ( 'NONE',  ( 0.000000000000000000, 0.000000000000000000, -1.000000000000000000 ) ) ;
#2090 = VECTOR ( 'NONE', #457, 1000.000000000000000 ) ;
#2091 = CARTESIAN_POINT ( 'NONE',  ( 30.49999999999999289, 25.00000000000000000, 1.199999999999999956 ) ) ;
#2092 = ORIENTED_EDGE ( 'NONE', *, *, #659, .F. ) ;
#2093 = AXIS2_PLACEMENT_3D ( 'NONE', #2114, #944, #1459 ) ;
#2094 = LINE ( 'NONE', #1679, #1280 ) ;
#2095 = VERTEX_POINT ( 'NONE', #182 ) ;
#2096 = CARTESIAN_POINT ( 'NONE',  ( -38.11000000000001364, -13.85000000000000142, 1.199999999999999956 ) ) ;
#2097 = CARTESIAN_POINT ( 'NONE',  ( 30.49999999999999289, 25.00000000000000000, 0.000000000000000000 ) ) ;
#2098 = EDGE_CURVE ( 'NONE', #2087, #971, #1476, .T. ) ;
#2099 = AXIS2_PLACEMENT_3D ( 'NONE', #1870, #1728, #1396 ) ;
#2100 = CIRCLE ( 'NONE', #1710, 0.5000000000000004441 ) ;
#2101 = PLANE ( 'NONE',  #2060 ) ;
#2102 = ORIENTED_EDGE ( 'NONE', *, *, #87, .F. ) ;
#2103 = DIRECTION ( 'NONE',  ( 0.000000000000000000, 0.000000000000000000, -1.000000000000000000 ) ) ;
#2104 = APPROVAL ( #181, '未指定' ) ;
#2105 = ORIENTED_EDGE ( 'NONE', *, *, #1500, .F. ) ;
#2106 = FACE_OUTER_BOUND ( 'NONE', #769, .T. ) ;
#2107 = ORIENTED_EDGE ( 'NONE', *, *, #1335, .T. ) ;
#2108 = ADVANCED_FACE ( 'NONE', ( #600 ), #793, .F. ) ;
#2109 = DIRECTION ( 'NONE',  ( 1.000000000000000000, 0.000000000000000000, 0.000000000000000000 ) ) ;
#2110 = DIRECTION ( 'NONE',  ( -0.000000000000000000, 0.000000000000000000, 1.000000000000000000 ) ) ;
#2111 = DIRECTION ( 'NONE',  ( 1.000000000000000000, 0.000000000000000000, 0.000000000000000000 ) ) ;
#2112 = CIRCLE ( 'NONE', #995, 1.000000000000000888 ) ;
#2113 = EDGE_LOOP ( 'NONE', ( #1925, #741, #1019, #120 ) ) ;
#2114 = CARTESIAN_POINT ( 'NONE',  ( 30.49999999999999289, -24.00000000000000000, 0.000000000000000000 ) ) ;
#2115 = FACE_BOUND ( 'NONE', #90, .T. ) ;
#2116 = VECTOR ( 'NONE', #1195, 1000.000000000000000 ) ;
#2117 = DIRECTION ( 'NONE',  ( -1.132899967286609351E-31, -1.000000000000000000, 0.000000000000000000 ) ) ;
#2118 = AXIS2_PLACEMENT_3D ( 'NONE', #868, #374, #18 ) ;
#2119 = CARTESIAN_POINT ( 'NONE',  ( 28.49999999999999645, -21.00000000000000000, 1.199999999999999956 ) ) ;
#2120 = AXIS2_PLACEMENT_3D ( 'NONE', #1797, #431, #1592 ) ;
#2121 = ORIENTED_EDGE ( 'NONE', *, *, #103, .F. ) ;
#2122 = EDGE_LOOP ( 'NONE', ( #2129, #680, #117, #856 ) ) ;
#2123 = AXIS2_PLACEMENT_3D ( 'NONE', #727, #1883, #1874 ) ;
#2124 = APPROVAL_PERSON_ORGANIZATION ( #1445, #1073, #1830 ) ;
#2125 = CARTESIAN_POINT ( 'NONE',  ( -44.52500000000000568, -14.46000000000000085, -8.800000000000000711 ) ) ;
#2126 = VERTEX_POINT ( 'NONE', #1972 ) ;
#2127 = AXIS2_PLACEMENT_3D ( 'NONE', #1644, #1960, #1311 ) ;
#2128 = EDGE_LOOP ( 'NONE', ( #119, #146 ) ) ;
#2129 = ORIENTED_EDGE ( 'NONE', *, *, #1599, .F. ) ;
#2130 = DIRECTION ( 'NONE',  ( 0.000000000000000000, -0.000000000000000000, -1.000000000000000000 ) ) ;
#2131 = VERTEX_POINT ( 'NONE', #979 ) ;
#2132 = DIRECTION ( 'NONE',  ( 1.000000000000000000, 0.000000000000000000, 0.000000000000000000 ) ) ;
#2133 = AXIS2_PLACEMENT_3D ( 'NONE', #1803, #2117, #811 ) ;
#2134 = CYLINDRICAL_SURFACE ( 'NONE', #960, 0.2500000000000002220 ) ;
#2135 = ADVANCED_FACE ( 'NONE', ( #853 ), #750, .F. ) ;
#2136 = CARTESIAN_POINT ( 'NONE',  ( 31.49999999999999289, 25.00000000000000000, 0.000000000000000000 ) ) ;
#2137 = CIRCLE ( 'NONE', #577, 1.000000000000000888 ) ;
#2138 = AXIS2_PLACEMENT_3D ( 'NONE', #2007, #1692, #516 ) ;
#2139 = CARTESIAN_POINT ( 'NONE',  ( -36.90000000000000568, -9.780000000000001137, -8.800000000000000711 ) ) ;
#2140 = CARTESIAN_POINT ( 'NONE',  ( -43.90000000000001279, -5.980000000000001315, -8.800000000000000711 ) ) ;
#2141 = VERTEX_POINT ( 'NONE', #1316 ) ;
#2142 = CARTESIAN_POINT ( 'NONE',  ( -44.10000000000000853, -24.00000000000000000, 0.000000000000000000 ) ) ;
#2143 = CARTESIAN_POINT ( 'NONE',  ( -45.10000000000000853, -1.000000000000000000, 0.000000000000000000 ) ) ;
#2144 = CARTESIAN_POINT ( 'NONE',  ( -37.80000000000000426, -10.28000000000000114, 1.199999999999999956 ) ) ;
#2145 = ORIENTED_EDGE ( 'NONE', *, *, #1632, .T. ) ;
#2146 = EDGE_CURVE ( 'NONE', #1231, #703, #2150, .T. ) ;
#2147 = DIRECTION ( 'NONE',  ( 1.000000000000000000, 0.000000000000000000, 0.000000000000000000 ) ) ;
#2148 = ORIENTED_EDGE ( 'NONE', *, *, #981, .T. ) ;
#2149 = VERTEX_POINT ( 'NONE', #494 ) ;
#2150 = LINE ( 'NONE', #1152, #1691 ) ;
#2151 = VERTEX_POINT ( 'NONE', #1157 ) ;
#2152 = FACE_OUTER_BOUND ( 'NONE', #483, .T. ) ;
#2153 = EDGE_LOOP ( 'NONE', ( #1289, #433, #77, #1889 ) ) ;
#2154 = CIRCLE ( 'NONE', #764, 0.2500000000000002220 ) ;
#2155 = DIRECTION ( 'NONE',  ( -0.000000000000000000, -0.000000000000000000, 1.000000000000000000 ) ) ;
#2156 = EDGE_CURVE ( 'NONE', #699, #1854, #1724, .T. ) ;
#2157 = ORIENTED_EDGE ( 'NONE', *, *, #246, .F. ) ;
#2158 = DIRECTION ( 'NONE',  ( -0.000000000000000000, -0.000000000000000000, 1.000000000000000000 ) ) ;
#2159 = CIRCLE ( 'NONE', #1911, 0.5000000000000004441 ) ;
#2160 = DESIGN_CONTEXT ( 'detailed design', #899, 'design' ) ;
#2161 = AXIS2_PLACEMENT_3D ( 'NONE', #1840, #1510, #2009 ) ;
#2162 = VECTOR ( 'NONE', #684, 1000.000000000000000 ) ;
#2163 = FACE_BOUND ( 'NONE', #226, .T. ) ;
#2164 = CYLINDRICAL_SURFACE ( 'NONE', #1582, 1.000000000000000888 ) ;
#2165 = DIRECTION ( 'NONE',  ( -0.000000000000000000, -0.000000000000000000, 1.000000000000000000 ) ) ;
#2166 = VECTOR ( 'NONE', #1734, 1000.000000000000000 ) ;
#2167 = DIRECTION ( 'NONE',  ( -0.000000000000000000, -0.000000000000000000, 1.000000000000000000 ) ) ;
#2168 = EDGE_LOOP ( 'NONE', ( #1132, #164 ) ) ;
#2169 = VERTEX_POINT ( 'NONE', #832 ) ;
#2170 = ADVANCED_FACE ( 'NONE', ( #309 ), #1288, .F. ) ;
#2171 = DIRECTION ( 'NONE',  ( 1.000000000000000000, 0.000000000000000000, 0.000000000000000000 ) ) ;
#2172 = VERTEX_POINT ( 'NONE', #385 ) ;
#2173 = CARTESIAN_POINT ( 'NONE',  ( -37.80000000000000426, -5.980000000000001315, -8.800000000000000711 ) ) ;
#2174 = EDGE_CURVE ( 'NONE', #1602, #2169, #2100, .T. ) ;
#2175 = CARTESIAN_POINT ( 'NONE',  ( -44.52500000000000568, -19.54000000000000270, 0.000000000000000000 ) ) ;
ENDSEC;
END-ISO-10303-21;
