ISO-10303-21;
HEADER;
FILE_DESCRIPTION (( 'STEP AP203' ),
    '1' );
FILE_NAME ('03002À‹∏«C.STEP',
    '2025-06-19T09:26:55',
    ( 'Windows ”√ªß' ),
    ( '' ),
    'SwSTEP 2.0',
    'SolidWorks 2018',
    '' );
FILE_SCHEMA (( 'CONFIG_CONTROL_DESIGN' ));
ENDSEC;

DATA;
#1 = CARTESIAN_POINT ( 'NONE',  ( 8.218268825899310839E-16, -16.89999999999999858, 0.4999999999999978351 ) ) ;
#2 = VERTEX_POINT ( 'NONE', #8586 ) ;
#3 = CARTESIAN_POINT ( 'NONE',  ( -25.50000000006268053, 19.49999999999999645, 1.520738416161248940 ) ) ;
#4 = CARTESIAN_POINT ( 'NONE',  ( -29.37865226620967007, -20.63345335701994543, 0.7246599944656960668 ) ) ;
#5 = AXIS2_PLACEMENT_3D ( 'NONE', #4569, #598, #5243 ) ;
#6 = CARTESIAN_POINT ( 'NONE',  ( -24.30154274019522731, 16.16471826354523600, 1.090555605245810522 ) ) ;
#7 = CARTESIAN_POINT ( 'NONE',  ( -29.80206338660162402, -17.90776611641227944, -1.890101633924874625 ) ) ;
#8 = CARTESIAN_POINT ( 'NONE',  ( 29.60000000000000142, -8.399999999999998579, -1.330196093404401037 ) ) ;
#9 = ORIENTED_EDGE ( 'NONE', *, *, #1677, .F. ) ;
#10 = CARTESIAN_POINT ( 'NONE',  ( -26.19999999999999929, -13.89999999999999858, 0.9083693958394895018 ) ) ;
#11 = CARTESIAN_POINT ( 'NONE',  ( 27.41404519673630702, -20.05403012530873852, -2.144034306740139062 ) ) ;
#12 = ADVANCED_FACE ( 'NONE', ( #1564 ), #4493, .T. ) ;
#13 = CARTESIAN_POINT ( 'NONE',  ( 28.08729685335287130, 7.980949470329835371, 1.311599170979523610 ) ) ;
#14 = ORIENTED_EDGE ( 'NONE', *, *, #421, .T. ) ;
#15 = CARTESIAN_POINT ( 'NONE',  ( 23.90000000000001279, -16.19999999999999929, 1.126923315285355276 ) ) ;
#16 = CARTESIAN_POINT ( 'NONE',  ( -30.00000000000000000, 15.49999999999999645, 1.143850916776045779 ) ) ;
#17 = CARTESIAN_POINT ( 'NONE',  ( -31.95644966909571494, -16.18162270579075823, 0.5061176550873863755 ) ) ;
#18 = CARTESIAN_POINT ( 'NONE',  ( 0.000000000000000000, -21.50000000000000000, -1.000000000000056399 ) ) ;
#19 = CARTESIAN_POINT ( 'NONE',  ( 28.65094264897349774, -21.11827354615591545, -1.726098094133863725 ) ) ;
#20 = DIRECTION ( 'NONE',  ( -0.07678300455235541333, 0.000000000000000000, 0.9970478274445579991 ) ) ;
#21 = CARTESIAN_POINT ( 'NONE',  ( 25.00144388324672207, -19.86963336684118175, 1.558709437337599812 ) ) ;
#22 = VECTOR ( 'NONE', #1173, 1000.000000000000000 ) ;
#23 = ORIENTED_EDGE ( 'NONE', *, *, #8557, .T. ) ;
#24 = CARTESIAN_POINT ( 'NONE',  ( -23.93683557770485848, 16.75631529253509200, 1.637268566917704504 ) ) ;
#25 = VECTOR ( 'NONE', #7857, 1000.000000000000000 ) ;
#26 = B_SPLINE_CURVE_WITH_KNOTS ( 'NONE', 3,
 ( #3317, #8082, #684, #5363, #4725, #7990, #5414, #3381, #3406, #5393, #6040, #1367, #6105, #24 ),
 .UNSPECIFIED., .F., .F.,
 ( 4, 2, 2, 2, 2, 2, 4 ),
 ( 0.000000000000000000, 0.2500000000000004996, 0.3749999999999997224, 0.5000000000000000000, 0.6250000000000002220, 0.7500000000000004441, 1.000000000000000000 ),
 .UNSPECIFIED. ) ;
#27 = DIRECTION ( 'NONE',  ( 0.000000000000000000, -1.000000000000000000, 0.000000000000000000 ) ) ;
#28 = ORIENTED_EDGE ( 'NONE', *, *, #4441, .T. ) ;
#29 = LINE ( 'NONE', #5022, #834 ) ;
#30 = EDGE_CURVE ( 'NONE', #1127, #2714, #6680, .T. ) ;
#31 = CARTESIAN_POINT ( 'NONE',  ( -24.34482128336730966, 16.15657745936007217, 1.086588154868397105 ) ) ;
#33 = CARTESIAN_POINT ( 'NONE',  ( -30.49999999999999289, -15.64411204826756574, -1.961511404530534852 ) ) ;
#32 = VECTOR ( 'NONE', #2542, 1000.000000000000000 ) ;
#34 = CARTESIAN_POINT ( 'NONE',  ( 29.99999999999999289, 15.50000000000001066, 1.143850916804078910 ) ) ;
#35 = CARTESIAN_POINT ( 'NONE',  ( -31.64228540408422674, -17.47135844053801890, -2.524751615786890113 ) ) ;
#36 = CYLINDRICAL_SURFACE ( 'NONE', #6301, 332.5000000000000568 ) ;
#37 = EDGE_CURVE ( 'NONE', #1641, #8077, #933, .T. ) ;
#38 = CARTESIAN_POINT ( 'NONE',  ( -26.80000000000000071, -7.599999999999996980, -1.090042716855421645 ) ) ;
#40 = CARTESIAN_POINT ( 'NONE',  ( 1.523788420559233137, -19.46070893088445075, 0.1958250521507883535 ) ) ;
#39 = CARTESIAN_POINT ( 'NONE',  ( 26.72222726498134548, -14.55284300895909588, 1.424460025997312806 ) ) ;
#41 = CARTESIAN_POINT ( 'NONE',  ( 28.26919030574917358, -20.14272556730490393, -2.216722185405472612 ) ) ;
#42 = EDGE_CURVE ( 'NONE', #1608, #7330, #5215, .T. ) ;
#43 = ORIENTED_EDGE ( 'NONE', *, *, #4481, .F. ) ;
#44 = CIRCLE ( 'NONE', #6356, 331.3999999999999773 ) ;
#45 = VECTOR ( 'NONE', #1344, 1000.000000000000000 ) ;
#46 = EDGE_LOOP ( 'NONE', ( #460, #83, #5343, #2336 ) ) ;
#47 = FACE_OUTER_BOUND ( 'NONE', #4957, .T. ) ;
#48 = CIRCLE ( 'NONE', #1923, 331.5000000000000000 ) ;
#49 = CARTESIAN_POINT ( 'NONE',  ( 23.96188183377619296, -16.19947590019922146, 1.121369642762664931 ) ) ;
#50 = CARTESIAN_POINT ( 'NONE',  ( -21.40000000000000213, 22.00000000000000000, 1.309583320494966951 ) ) ;
#51 = CARTESIAN_POINT ( 'NONE',  ( -32.00000000000000000, -15.30000000000000071, 0.9568803805893180137 ) ) ;
#52 = ORIENTED_EDGE ( 'NONE', *, *, #5387, .T. ) ;
#53 = EDGE_CURVE ( 'NONE', #7596, #2790, #2276, .T. ) ;
#54 = CARTESIAN_POINT ( 'NONE',  ( 26.81763313950417427, -21.82949172758135603, -1.583852986654930461 ) ) ;
#55 = EDGE_CURVE ( 'NONE', #1801, #3480, #6491, .T. ) ;
#56 = EDGE_LOOP ( 'NONE', ( #8491, #5754, #2420, #1366 ) ) ;
#57 = CARTESIAN_POINT ( 'NONE',  ( 0.000000000000000000, -22.00000000000000000, -330.0000000000000000 ) ) ;
#58 = ORIENTED_EDGE ( 'NONE', *, *, #3474, .F. ) ;
#59 = LINE ( 'NONE', #2909, #464 ) ;
#60 = ADVANCED_FACE ( 'NONE', ( #2700 ), #7140, .T. ) ;
#61 = ORIENTED_EDGE ( 'NONE', *, *, #4542, .F. ) ;
#62 = CARTESIAN_POINT ( 'NONE',  ( -26.20000000000000284, -13.39999999999999680, 5.301000000000002821 ) ) ;
#63 = CARTESIAN_POINT ( 'NONE',  ( 0.4621615829952692711, -17.70000293316436668, 0.5000000000000006661 ) ) ;
#64 = CARTESIAN_POINT ( 'NONE',  ( -25.50000000000000000, -20.00000000000000355, -500000.0000000000582 ) ) ;
#65 = EDGE_CURVE ( 'NONE', #7914, #2021, #1454, .T. ) ;
#66 = ORIENTED_EDGE ( 'NONE', *, *, #1521, .F. ) ;
#67 = CARTESIAN_POINT ( 'NONE',  ( -31.40255720618976554, -18.07424463360550959, 0.5545044913226747640 ) ) ;
#68 = CIRCLE ( 'NONE', #5504, 330.0000000000000000 ) ;
#69 = CARTESIAN_POINT ( 'NONE',  ( -29.20245015333469141, -7.700719974920893662, -1.294620766877388807 ) ) ;
#70 = CARTESIAN_POINT ( 'NONE',  ( 27.10107137025147495, -20.70680596191307288, -2.117933295687806083 ) ) ;
#71 = CARTESIAN_POINT ( 'NONE',  ( 26.19999999999999929, 5.580403008799160069, 0.8513840016953766465 ) ) ;
#72 = ORIENTED_EDGE ( 'NONE', *, *, #1345, .F. ) ;
#73 = ORIENTED_EDGE ( 'NONE', *, *, #8218, .F. ) ;
#75 = CARTESIAN_POINT ( 'NONE',  ( 30.62787392660553465, -19.38601313970727702, 0.6209034373578968813 ) ) ;
#74 = CARTESIAN_POINT ( 'NONE',  ( 26.08619841496755143, -15.78723059233669268, 1.475132973695300720 ) ) ;
#76 = CARTESIAN_POINT ( 'NONE',  ( 28.00000000000000000, 8.188303540419950011, 1.318955087088243161 ) ) ;
#77 = CARTESIAN_POINT ( 'NONE',  ( -1.731001715620021253, -19.09999999999999787, -0.004539981137756837412 ) ) ;
#78 = VERTEX_POINT ( 'NONE', #2616 ) ;
#79 = CARTESIAN_POINT ( 'NONE',  ( -27.44938238270738395, 21.64967056492595887, -1.631914500491330688 ) ) ;
#80 = VECTOR ( 'NONE', #700, 1000.000000000000000 ) ;
#81 = CARTESIAN_POINT ( 'NONE',  ( 26.81736952042384914, -21.82955166474564024, -1.583833171958762165 ) ) ;
#82 = CARTESIAN_POINT ( 'NONE',  ( -26.55324777839906858, 19.84337909937207556, -1.069996873482717881 ) ) ;
#83 = ORIENTED_EDGE ( 'NONE', *, *, #3528, .T. ) ;
#84 = CARTESIAN_POINT ( 'NONE',  ( 25.30000000000000426, 20.99999999999999645, -1.472740857018132843 ) ) ;
#85 = CARTESIAN_POINT ( 'NONE',  ( -28.00000000000000000, 12.59999999999999787, -1.330196093404401037 ) ) ;
#86 = DIRECTION ( 'NONE',  ( 0.9959213561407166404, 0.000000000000000000, 0.09022556390977008733 ) ) ;
#87 = EDGE_CURVE ( 'NONE', #1601, #7576, #6053, .T. ) ;
#88 = CARTESIAN_POINT ( 'NONE',  ( -31.10159355699472883, -18.65852005072120434, 0.5804650513629572295 ) ) ;
#89 = CARTESIAN_POINT ( 'NONE',  ( -25.49918041751656972, 15.55316334485724994, 0.9775907874906252237 ) ) ;
#90 = CARTESIAN_POINT ( 'NONE',  ( -12.00000000000000000, 22.00000000000000000, 1.783061653243545042 ) ) ;
#91 = CARTESIAN_POINT ( 'NONE',  ( 12.00000000000000000, 22.00000000000000000, 1.783061653243545042 ) ) ;
#92 = EDGE_LOOP ( 'NONE', ( #1059, #5982, #5266, #8293 ) ) ;
#93 = CARTESIAN_POINT ( 'NONE',  ( -30.18392034131028723, -19.08171484905782123, -2.387451506848120797 ) ) ;
#95 = DIRECTION ( 'NONE',  ( -0.000000000000000000, -1.000000000000000000, -0.000000000000000000 ) ) ;
#94 = DIRECTION ( 'NONE',  ( 0.000000000000000000, 0.000000000000000000, 1.000000000000000000 ) ) ;
#96 = ADVANCED_FACE ( 'NONE', ( #318, #5416, #4690, #5631, #7309 ), #3767, .T. ) ;
#97 = ORIENTED_EDGE ( 'NONE', *, *, #3723, .T. ) ;
#98 = CARTESIAN_POINT ( 'NONE',  ( -28.10924704521433526, -20.24920971998534824, -2.202857741089599752 ) ) ;
#99 = CARTESIAN_POINT ( 'NONE',  ( -27.65826036417462319, 21.57508336196997334, -1.648039161191473756 ) ) ;
#100 = CARTESIAN_POINT ( 'NONE',  ( -1.096498845734115823, -18.39919171125435682, -0.001453004763561975511 ) ) ;
#101 = CARTESIAN_POINT ( 'NONE',  ( -25.64878727646002687, 19.99999999761876879, -0.9981206312495575217 ) ) ;
#102 = AXIS2_PLACEMENT_3D ( 'NONE', #6916, #7557, #2904 ) ;
#103 = ORIENTED_EDGE ( 'NONE', *, *, #3129, .F. ) ;
#104 = AXIS2_PLACEMENT_3D ( 'NONE', #84, #4688, #4078 ) ;
#105 = DIRECTION ( 'NONE',  ( 0.000000000000000000, -1.000000000000000000, -0.000000000000000000 ) ) ;
#106 = DIRECTION ( 'NONE',  ( 0.9970548523794470208, 0.000000000000000000, -0.07669172932330454995 ) ) ;
#107 = CARTESIAN_POINT ( 'NONE',  ( -1.732050807568880968, -19.09999999999999787, 0.1954572673585568132 ) ) ;
#108 = ORIENTED_EDGE ( 'NONE', *, *, #7602, .T. ) ;
#109 = CARTESIAN_POINT ( 'NONE',  ( -1.385640646055105840, -19.49999999999999645, 0.1970926583091661410 ) ) ;
#110 = CARTESIAN_POINT ( 'NONE',  ( -24.62274387463449088, 16.08381737146501322, 1.060927596704973830 ) ) ;
#111 = DIRECTION ( 'NONE',  ( 0.000000000000000000, 1.000000000000000000, 0.000000000000000000 ) ) ;
#112 = CARTESIAN_POINT ( 'NONE',  ( -28.00180803812517993, 18.49999999999921130, 1.318802283534717734 ) ) ;
#113 = CARTESIAN_POINT ( 'NONE',  ( -26.20000000000000284, -13.89999999999999858, -1.041704770954277048 ) ) ;
#114 = ORIENTED_EDGE ( 'NONE', *, *, #7174, .T. ) ;
#116 = CARTESIAN_POINT ( 'NONE',  ( -6.999999999999998224, 16.19999999999999929, -1.937490070343665938 ) ) ;
#115 = CARTESIAN_POINT ( 'NONE',  ( 25.83114105496307289, -15.14942116646493453, 0.9450893654824513712 ) ) ;
#117 = CARTESIAN_POINT ( 'NONE',  ( 28.08529807074726037, 20.87494976541648484, 1.311949545822634011 ) ) ;
#118 = VERTEX_POINT ( 'NONE', #2670 ) ;
#119 = CARTESIAN_POINT ( 'NONE',  ( -29.71364146908639015, -18.05480562529315591, -1.881179880945646365 ) ) ;
#120 = CARTESIAN_POINT ( 'NONE',  ( 24.77449591196910461, -16.02727121151423972, 1.046746549950098970 ) ) ;
#122 = ORIENTED_EDGE ( 'NONE', *, *, #148, .F. ) ;
#121 = CARTESIAN_POINT ( 'NONE',  ( -26.20000000000000284, 21.99999999999999645, 0.9083693958394922774 ) ) ;
#123 = CARTESIAN_POINT ( 'NONE',  ( -32.00000000000000000, 15.74320755872571453, -2.009146468879816627 ) ) ;
#124 = CARTESIAN_POINT ( 'NONE',  ( 6.999999999999999112, 21.94568187857784380, 2.187735253780429989 ) ) ;
#125 = CARTESIAN_POINT ( 'NONE',  ( 7.000000000000000000, 21.50000000000000000, 2.426307623208445730 ) ) ;
#126 = DIRECTION ( 'NONE',  ( 0.000000000000000000, 0.000000000000000000, 1.000000000000000000 ) ) ;
#127 = CARTESIAN_POINT ( 'NONE',  ( -25.30000000000000071, 20.49999999999999645, -1.472740857018096428 ) ) ;
#128 = FACE_OUTER_BOUND ( 'NONE', #8587, .T. ) ;
#129 = ORIENTED_EDGE ( 'NONE', *, *, #4148, .T. ) ;
#130 = CIRCLE ( 'NONE', #6077, 331.5000000000000000 ) ;
#131 = ADVANCED_FACE ( 'NONE', ( #7827 ), #433, .T. ) ;
#132 = CARTESIAN_POINT ( 'NONE',  ( 26.19999999999999929, -7.599999999999996980, -1.041704770954277048 ) ) ;
#133 = DIRECTION ( 'NONE',  ( -0.000000000000000000, -1.000000000000000000, -0.000000000000000000 ) ) ;
#134 = CIRCLE ( 'NONE', #4000, 332.5000000000000000 ) ;
#135 = CARTESIAN_POINT ( 'NONE',  ( 26.20000000000000284, 5.580403008799160069, 0.4630236501506068691 ) ) ;
#136 = CIRCLE ( 'NONE', #2195, 331.5000000000000000 ) ;
#137 = DIRECTION ( 'NONE',  ( -0.000000000000000000, -0.000000000000000000, -1.000000000000000000 ) ) ;
#138 = CIRCLE ( 'NONE', #758, 0.5000000000000000000 ) ;
#139 = EDGE_CURVE ( 'NONE', #7933, #1903, #2072, .T. ) ;
#140 = ORIENTED_EDGE ( 'NONE', *, *, #6175, .F. ) ;
#141 = DIRECTION ( 'NONE',  ( 0.9963197585235830100, 0.000000000000000000, 0.08571428571428169052 ) ) ;
#142 = DIRECTION ( 'NONE',  ( 1.000000000000000000, 0.000000000000000000, 0.000000000000000000 ) ) ;
#143 = DIRECTION ( 'NONE',  ( 0.000000000000000000, 0.000000000000000000, 1.000000000000000000 ) ) ;
#144 = ORIENTED_EDGE ( 'NONE', *, *, #2177, .T. ) ;
#145 = CIRCLE ( 'NONE', #653, 332.5000000000000000 ) ;
#146 = DIRECTION ( 'NONE',  ( -0.8660254037844385966, -0.5000000000000001110, 0.000000000000000000 ) ) ;
#147 = ORIENTED_EDGE ( 'NONE', *, *, #7498, .F. ) ;
#148 = EDGE_CURVE ( 'NONE', #1913, #4850, #2614, .T. ) ;
#149 = TOROIDAL_SURFACE ( 'NONE', #705, 329.4999999999999432, 0.5000000000000000000 ) ;
#151 = DIRECTION ( 'NONE',  ( 1.000000000000000000, 0.000000000000000000, 0.000000000000000000 ) ) ;
#150 = CARTESIAN_POINT ( 'NONE',  ( 25.47089783308475575, -15.58038600254382366, 0.9803371153707786112 ) ) ;
#152 = CARTESIAN_POINT ( 'NONE',  ( 28.44145804929169685, 20.68531806326857136, 1.281523758925856349 ) ) ;
#153 = EDGE_CURVE ( 'NONE', #8597, #118, #540, .T. ) ;
#154 = ORIENTED_EDGE ( 'NONE', *, *, #7781, .T. ) ;
#155 = VERTEX_POINT ( 'NONE', #4640 ) ;
#156 = AXIS2_PLACEMENT_3D ( 'NONE', #4155, #4853, #4739 ) ;
#157 = CARTESIAN_POINT ( 'NONE',  ( -28.70853880717926288, -19.24201952604716226, -2.254709343352903073 ) ) ;
#158 = EDGE_LOOP ( 'NONE', ( #4755, #768, #8465, #3068 ) ) ;
#159 = CIRCLE ( 'NONE', #978, 331.3999999999999773 ) ;
#160 = CARTESIAN_POINT ( 'NONE',  ( -26.79755313065472677, 5.580403008799160069, 1.418377803962089789 ) ) ;
#161 = AXIS2_PLACEMENT_3D ( 'NONE', #1384, #7388, #2710 ) ;
#162 = CARTESIAN_POINT ( 'NONE',  ( -32.00000000000000000, 15.29999999999999538, -2.009146468990716805 ) ) ;
#163 = CARTESIAN_POINT ( 'NONE',  ( 7.000000000000000000, 21.50000000000000000, 2.426307623208445730 ) ) ;
#164 = AXIS2_PLACEMENT_3D ( 'NONE', #1562, #269, #2952 ) ;
#165 = EDGE_CURVE ( 'NONE', #6233, #7415, #4639, .T. ) ;
#166 = CARTESIAN_POINT ( 'NONE',  ( 30.34132530154418461, -19.73461832984143527, -1.865233607492581713 ) ) ;
#167 = CARTESIAN_POINT ( 'NONE',  ( -28.20346514819490480, 19.04169059540730657, -1.207314006224874170 ) ) ;
#168 = EDGE_LOOP ( 'NONE', ( #3821, #7108, #5546, #73 ) ) ;
#169 = VERTEX_POINT ( 'NONE', #4316 ) ;
#170 = CIRCLE ( 'NONE', #1638, 0.5000000000000000000 ) ;
#171 = CARTESIAN_POINT ( 'NONE',  ( 31.77821715188995100, -17.02355594771340819, 0.9782369432672830545 ) ) ;
#172 = CARTESIAN_POINT ( 'NONE',  ( 26.71139285246664130, 14.54443682852755160, 1.425333703192312340 ) ) ;
#173 = VERTEX_POINT ( 'NONE', #925 ) ;
#174 = CARTESIAN_POINT ( 'NONE',  ( 0.000000000000000000, 13.39999999999999680, -330.0000000000000000 ) ) ;
#176 = CARTESIAN_POINT ( 'NONE',  ( 28.84119403969842210, -20.99195811634134401, 0.7678766028503288821 ) ) ;
#175 = CARTESIAN_POINT ( 'NONE',  ( 26.05246801085678499, -14.71393833643279159, 0.9231346535525069008 ) ) ;
#177 = CARTESIAN_POINT ( 'NONE',  ( 29.43537628275310070, 19.97612966691725234, 1.194642886325403497 ) ) ;
#178 = ORIENTED_EDGE ( 'NONE', *, *, #8059, .T. ) ;
#179 = ADVANCED_FACE ( 'NONE', ( #3651 ), #8451, .F. ) ;
#180 = CARTESIAN_POINT ( 'NONE',  ( -30.50000000000000000, -15.30000000000000249, -1.961511404530544400 ) ) ;
#181 = CARTESIAN_POINT ( 'NONE',  ( 25.12442759401963954, -15.84712908896114847, 1.013661774694253559 ) ) ;
#182 = CARTESIAN_POINT ( 'NONE',  ( -24.84830601896579694, 15.99573851493899390, 1.039818083480875455 ) ) ;
#183 = DIRECTION ( 'NONE',  ( 0.000000000000000000, 0.000000000000000000, -1.000000000000000000 ) ) ;
#184 = CARTESIAN_POINT ( 'NONE',  ( -28.35728447306539834, 20.68435335191722402, -2.224195100611936926 ) ) ;
#185 = VERTEX_POINT ( 'NONE', #5038 ) ;
#186 = CARTESIAN_POINT ( 'NONE',  ( 29.34951631969912711, -20.65591497013674527, -2.311362244646085529 ) ) ;
#187 = EDGE_LOOP ( 'NONE', ( #5236, #3521, #6130, #8078 ) ) ;
#188 = CARTESIAN_POINT ( 'NONE',  ( 24.94435304448360569, 16.55598563382969601, 1.563012350336965506 ) ) ;
#189 = CARTESIAN_POINT ( 'NONE',  ( -12.00000000000000000, 21.99999999999999645, 1.282734231652926660 ) ) ;
#190 = EDGE_CURVE ( 'NONE', #3913, #7196, #2669, .T. ) ;
#191 =( BOUNDED_SURFACE ( )  B_SPLINE_SURFACE ( 3, 2, ( 
 ( #4127, #1505, #2867 ),
 ( #7476, #6751, #5498 ),
 ( #4852, #7500, #2779 ),
 ( #6208, #201, #4219 ),
 ( #4180, #2188, #858 ),
 ( #7536, #8119, #2161 ),
 ( #8095, #6866, #1534 ),
 ( #5404, #800, #5522 ),
 ( #6842, #4102, #3538 ),
 ( #8178, #8207, #229 ),
 ( #742, #157, #774 ),
 ( #2750, #8148, #6177 ),
 ( #2108, #3513, #2835 ),
 ( #1416, #6147, #119 ),
 ( #6091, #2073, #7421 ),
 ( #3421, #4763, #5467 ),
 ( #5434, #7454, #1444 ),
 ( #6122, #6779, #3451 ),
 ( #4787, #1474, #6814 ),
 ( #2802, #3487, #180 ) ),
 .UNSPECIFIED., .F., .F., .T. ) 
 B_SPLINE_SURFACE_WITH_KNOTS ( ( 4, 2, 2, 2, 2, 2, 2, 2, 2, 4 ),
 ( 3, 3 ),
 ( 0.000000000000000000, 0.001115023920665925801, 0.001672535880998888592, 0.002230047841331851601, 0.003345071761997777185, 0.004460095682663703202, 0.005575119603329629220, 0.006132631563662591795, 0.006690143523995554370, 0.008920191365327406405 ),
 ( 0.000000000000000000, 1.000000000000000000 ),
 .UNSPECIFIED. ) 
 GEOMETRIC_REPRESENTATION_ITEM ( )  RATIONAL_B_SPLINE_SURFACE ( (
 ( 1.000000000000000000, 0.7071067811865500152, 1.000000000000000000),
 ( 1.000000000000000000, 0.7088970182493870009, 1.000000000000000000),
 ( 1.000000000000000000, 0.7107303384455841977, 1.000000000000000000),
 ( 1.000000000000000000, 0.7135336037226462924, 1.000000000000000000),
 ( 1.000000000000000000, 0.7144768880249071641, 1.000000000000000000),
 ( 1.000000000000000000, 0.7163787774257973640, 1.000000000000000000),
 ( 1.000000000000000000, 0.7173405453619160488, 1.000000000000000000),
 ( 1.000000000000000000, 0.7201822630972201100, 1.000000000000000000),
 ( 1.000000000000000000, 0.7220378959684263798, 1.000000000000000000),
 ( 1.000000000000000000, 0.7256373513255787167, 1.000000000000000000),
 ( 1.000000000000000000, 0.7273904374622059965, 1.000000000000000000),
 ( 1.000000000000000000, 0.7305946414177917347, 1.000000000000000000),
 ( 1.000000000000000000, 0.7320651485287137383, 1.000000000000000000),
 ( 1.000000000000000000, 0.7340399461330769926, 1.000000000000000000),
 ( 1.000000000000000000, 0.7346593058191932535, 1.000000000000000000),
 ( 1.000000000000000000, 0.7357883475161370868, 1.000000000000000000),
 ( 1.000000000000000000, 0.7363019483063450998, 1.000000000000000000),
 ( 1.000000000000000000, 0.7386103068928050464, 1.000000000000000000),
 ( 1.000000000000000000, 0.7396331987042473743, 1.000000000000000000),
 ( 1.000000000000000000, 0.7396221813658886424, 1.000000000000000000) ) ) 
 REPRESENTATION_ITEM ( '' )  SURFACE ( )  );
#192 = EDGE_CURVE ( 'NONE', #6801, #590, #6654, .T. ) ;
#193 = CARTESIAN_POINT ( 'NONE',  ( 26.20000000000000284, 13.89999999999999858, 0.8513840016954478118 ) ) ;
#194 = CARTESIAN_POINT ( 'NONE',  ( 25.50000000006207301, 20.50000000000532197, 1.520738416161264928 ) ) ;
#195 = CARTESIAN_POINT ( 'NONE',  ( -1.385640646055106062, -19.69999999999999574, 0.1970926583091661410 ) ) ;
#196 = CARTESIAN_POINT ( 'NONE',  ( -28.26466252835219350, -21.31237643730258569, -1.695493807443123835 ) ) ;
#197 = VERTEX_POINT ( 'NONE', #1717 ) ;
#198 = CARTESIAN_POINT ( 'NONE',  ( 26.18505199782082826, -14.16451033730555054, 0.9098699014638568228 ) ) ;
#199 = CARTESIAN_POINT ( 'NONE',  ( 27.52225995338039155, 21.10731517372069987, 1.359035906601872679 ) ) ;
#200 = EDGE_CURVE ( 'NONE', #5668, #2288, #1874, .T. ) ;
#201 = CARTESIAN_POINT ( 'NONE',  ( -26.43978729831892593, -20.37650634393896354, -2.064065071235035465 ) ) ;
#202 = ORIENTED_EDGE ( 'NONE', *, *, #6341, .F. ) ;
#203 = CARTESIAN_POINT ( 'NONE',  ( 31.41202101623970222, -16.11523427355001203, -2.502990226078682934 ) ) ;
#204 = DIRECTION ( 'NONE',  ( 0.000000000000000000, 0.000000000000000000, -1.000000000000000000 ) ) ;
#205 = CARTESIAN_POINT ( 'NONE',  ( 32.00000000000000000, 15.29999999999999716, 0.5022692811654794198 ) ) ;
#206 = CARTESIAN_POINT ( 'NONE',  ( 31.50000000000000000, 22.00000000000000000, 0.5022692811654794198 ) ) ;
#207 = DIRECTION ( 'NONE',  ( 1.000000000000000000, 0.000000000000000000, 0.000000000000000000 ) ) ;
#208 = CARTESIAN_POINT ( 'NONE',  ( 32.00000000000000000, -15.30000000000000249, -2.559466693036020146 ) ) ;
#209 = CARTESIAN_POINT ( 'NONE',  ( -29.72518008615844565, 18.03624258545313452, -1.341245381377964341 ) ) ;
#210 = AXIS2_PLACEMENT_3D ( 'NONE', #4567, #2569, #622 ) ;
#211 = VERTEX_POINT ( 'NONE', #7060 ) ;
#212 = EDGE_CURVE ( 'NONE', #7554, #8597, #8333, .T. ) ;
#213 = CC_DESIGN_APPROVAL ( #5571, ( #3164 ) ) ;
#214 = ADVANCED_FACE ( 'NONE', ( #8550 ), #5531, .T. ) ;
#215 = CARTESIAN_POINT ( 'NONE',  ( 26.35670894741776493, 15.39947520678037129, 1.453732170395569678 ) ) ;
#216 = FACE_OUTER_BOUND ( 'NONE', #2728, .T. ) ;
#217 = DIRECTION ( 'NONE',  ( 0.000000000000000000, 0.000000000000000000, 1.000000000000000000 ) ) ;
#218 = ORIENTED_EDGE ( 'NONE', *, *, #1468, .F. ) ;
#219 = CARTESIAN_POINT ( 'NONE',  ( -28.49999999966239983, -17.99999999999493738, 1.276319709120250945 ) ) ;
#220 = DIRECTION ( 'NONE',  ( 0.000000000000000000, -1.000000000000000000, 0.000000000000000000 ) ) ;
#221 = CARTESIAN_POINT ( 'NONE',  ( -29.35158509770101176, -19.97166976312937337, -2.311784479964579919 ) ) ;
#222 = ORIENTED_EDGE ( 'NONE', *, *, #30, .F. ) ;
#224 = CARTESIAN_POINT ( 'NONE',  ( 28.00180803813153929, -18.63047925815666872, 1.318802283534244779 ) ) ;
#223 = CARTESIAN_POINT ( 'NONE',  ( 25.56176130194327101, -16.25126491769819381, 1.515984348253177183 ) ) ;
#225 = CARTESIAN_POINT ( 'NONE',  ( -29.43914896190278085, 13.09230818675828623, 1.194190765721558023 ) ) ;
#226 = ORIENTED_EDGE ( 'NONE', *, *, #4652, .F. ) ;
#227 = FACE_OUTER_BOUND ( 'NONE', #4733, .T. ) ;
#228 = LINE ( 'NONE', #6554, #32 ) ;
#229 = CARTESIAN_POINT ( 'NONE',  ( -28.46504428902633776, -19.43975803595918350, -1.758214795879871506 ) ) ;
#230 = FACE_OUTER_BOUND ( 'NONE', #3704, .T. ) ;
#231 = CARTESIAN_POINT ( 'NONE',  ( -25.94499320022441680, 14.95329060801665833, 0.9338240266055389815 ) ) ;
#232 = CARTESIAN_POINT ( 'NONE',  ( -32.00000000000000000, -6.513704236698701244, -1.555179672444835681 ) ) ;
#233 = CARTESIAN_POINT ( 'NONE',  ( -28.00180803812517993, 18.49999999999921130, 1.318802283534717734 ) ) ;
#234 = ORIENTED_EDGE ( 'NONE', *, *, #1908, .F. ) ;
#235 = LINE ( 'NONE', #2561, #6495 ) ;
#236 = CARTESIAN_POINT ( 'NONE',  ( 30.00000000013388401, -16.00000000000000355, 1.143850916776010473 ) ) ;
#237 = CARTESIAN_POINT ( 'NONE',  ( -30.00000000000000000, 15.49999999999999645, -500000.0000000000582 ) ) ;
#238 = CYLINDRICAL_SURFACE ( 'NONE', #7899, 5.200000000000000178 ) ;
#239 = VERTEX_POINT ( 'NONE', #4972 ) ;
#240 = VECTOR ( 'NONE', #3261, 1000.000000000000000 ) ;
#241 = TOROIDAL_SURFACE ( 'NONE', #8289, 329.5000000000000000, 0.5000000000000000000 ) ;
#242 = VERTEX_POINT ( 'NONE', #6269 ) ;
#243 = CARTESIAN_POINT ( 'NONE',  ( 30.50000000000000000, -15.30000000000000071, -1.868547682487453621 ) ) ;
#244 = VERTEX_POINT ( 'NONE', #1653 ) ;
#245 = CARTESIAN_POINT ( 'NONE',  ( 24.16376059435288681, 16.18513682624096361, 1.044857065669240415 ) ) ;
#246 = CARTESIAN_POINT ( 'NONE',  ( 31.99999999799099015, 15.74666608564100478, -2.559466692831798174 ) ) ;
#247 = ORIENTED_EDGE ( 'NONE', *, *, #7892, .T. ) ;
#248 = CARTESIAN_POINT ( 'NONE',  ( 26.39918437688491437, -13.89999999999999503, 1.078372198547036476 ) ) ;
#249 = SPHERICAL_SURFACE ( 'NONE', #5796, 0.5000000000000000000 ) ;
#250 = ORIENTED_EDGE ( 'NONE', *, *, #7224, .F. ) ;
#251 = CARTESIAN_POINT ( 'NONE',  ( -26.80000000000000071, 22.00000000000000000, -1.090042716855421645 ) ) ;
#252 = ORIENTED_EDGE ( 'NONE', *, *, #4043, .F. ) ;
#253 = VERTEX_POINT ( 'NONE', #6937 ) ;
#255 = CARTESIAN_POINT ( 'NONE',  ( 7.000000000000000000, 16.19999999999999929, 1.426085273926513963 ) ) ;
#254 = CARTESIAN_POINT ( 'NONE',  ( 24.42092358765320981, -16.14147993157679650, 1.079607165169444771 ) ) ;
#256 = CARTESIAN_POINT ( 'NONE',  ( -26.55364784814831935, 19.85092326849365563, -1.069924779786494806 ) ) ;
#257 = VECTOR ( 'NONE', #2069, 1000.000000000000000 ) ;
#258 = AXIS2_PLACEMENT_3D ( 'NONE', #7873, #4545, #1131 ) ;
#259 = DIRECTION ( 'NONE',  ( 1.070816960479510747E-16, -1.000000000000000000, 8.658323229326013532E-18 ) ) ;
#260 = DIRECTION ( 'NONE',  ( 1.000000000000000000, 0.000000000000000000, 0.000000000000000000 ) ) ;
#261 = ORIENTED_EDGE ( 'NONE', *, *, #5886, .T. ) ;
#262 = DIRECTION ( 'NONE',  ( 0.000000000000000000, -1.000000000000000000, 0.000000000000000000 ) ) ;
#263 = AXIS2_PLACEMENT_3D ( 'NONE', #781, #2033, #4026 ) ;
#264 = CARTESIAN_POINT ( 'NONE',  ( -27.42279714910957367, -19.52512540915143546, -1.141260431633818406 ) ) ;
#265 = DIRECTION ( 'NONE',  ( 0.000000000000000000, 1.000000000000000000, -0.000000000000000000 ) ) ;
#266 = ORIENTED_EDGE ( 'NONE', *, *, #7228, .F. ) ;
#267 = AXIS2_PLACEMENT_3D ( 'NONE', #6247, #2236, #4259 ) ;
#268 = CARTESIAN_POINT ( 'NONE',  ( 26.51471547686712071, -20.35909103354847360, -1.066861800180323394 ) ) ;
#269 = DIRECTION ( 'NONE',  ( -0.000000000000000000, -0.000000000000000000, -1.000000000000000000 ) ) ;
#270 = AXIS2_PLACEMENT_3D ( 'NONE', #34, #4089, #4672 ) ;
#271 = PERSON_AND_ORGANIZATION ( #7011, #4851 ) ;
#272 = CARTESIAN_POINT ( 'NONE',  ( 0.000000000000000000, 16.19999999999999929, -330.0000000000000000 ) ) ;
#273 = CARTESIAN_POINT ( 'NONE',  ( 24.58897413952520949, 16.66389512380524707, 1.589557162575912175 ) ) ;
#274 = DIRECTION ( 'NONE',  ( 0.000000000000000000, 0.000000000000000000, 1.000000000000000000 ) ) ;
#275 = CARTESIAN_POINT ( 'NONE',  ( 30.04552352048558106, 15.29999999999999716, -1.370624386102740955 ) ) ;
#276 = B_SPLINE_CURVE_WITH_KNOTS ( 'NONE', 3,
 ( #5242, #7202, #3876, #5808, #5919, #3172, #533, #6518, #1858, #1915 ),
 .UNSPECIFIED., .F., .F.,
 ( 4, 2, 2, 2, 4 ),
 ( 0.0007829272514952820587, 0.001174343256222389661, 0.001565759260949497154, 0.001957175265676604648, 0.002348591270403712142 ),
 .UNSPECIFIED. ) ;
#277 = CARTESIAN_POINT ( 'NONE',  ( 25.85424250163752902, 15.11341543959870570, 0.8855900013292870021 ) ) ;
#278 = CARTESIAN_POINT ( 'NONE',  ( 29.51269704323305376, 7.980954348111858998, -1.322311815088598186 ) ) ;
#279 = CARTESIAN_POINT ( 'NONE',  ( -1.593892131491708275, -19.33928672323828479, 0.1950895904009858073 ) ) ;
#280 = VERTEX_POINT ( 'NONE', #2318 ) ;
#281 = CARTESIAN_POINT ( 'NONE',  ( -29.81241710772896170, -17.90645565383767490, -1.812277367906131254 ) ) ;
#282 = CARTESIAN_POINT ( 'NONE',  ( 26.56191661753695854, 19.84894392497923477, -1.070589370243451244 ) ) ;
#283 = ORIENTED_EDGE ( 'NONE', *, *, #2518, .T. ) ;
#284 = CARTESIAN_POINT ( 'NONE',  ( 23.94103698491468535, 16.73818978461772744, 1.636965291999581407 ) ) ;
#285 = CARTESIAN_POINT ( 'NONE',  ( -0.07007012881957977446, -16.69999419804589635, 0.2000000140568129470 ) ) ;
#286 = CARTESIAN_POINT ( 'NONE',  ( -24.81397756742340732, 16.01093854495497482, 1.043044998644776067 ) ) ;
#287 = CARTESIAN_POINT ( 'NONE',  ( 28.16086374544719106, 13.09232809642970352, 1.305329327263889283 ) ) ;
#288 =( LENGTH_UNIT ( ) NAMED_UNIT ( * ) SI_UNIT ( .MILLI., .METRE. ) );
#289 = CARTESIAN_POINT ( 'NONE',  ( 29.33374322178876170, -17.78984817632519011, -1.306314346667192261 ) ) ;
#290 = CARTESIAN_POINT ( 'NONE',  ( 0.07010322623396389452, -16.70000580340226648, 0.1999999858667188268 ) ) ;
#291 = CARTESIAN_POINT ( 'NONE',  ( -29.62563625034197656, 17.24644238632699000, -1.332500581084949509 ) ) ;
#292 = VERTEX_POINT ( 'NONE', #2373 ) ;
#293 = CARTESIAN_POINT ( 'NONE',  ( 0.6350866508804086097, -17.60000234653362128, 0.3000000000513016185 ) ) ;
#294 = EDGE_CURVE ( 'NONE', #7446, #7305, #3436, .T. ) ;
#295 = CARTESIAN_POINT ( 'NONE',  ( -27.99999999999999289, -12.70584830826875589, 1.318955087088235834 ) ) ;
#296 = CARTESIAN_POINT ( 'NONE',  ( 24.74655475270198579, 16.03886490579339252, 0.9914434107176582911 ) ) ;
#297 = CARTESIAN_POINT ( 'NONE',  ( -30.04511278195488089, -15.50000000000000355, 1.641811594874437175 ) ) ;
#298 = EDGE_LOOP ( 'NONE', ( #1699, #2886, #1863, #7884 ) ) ;
#299 = EDGE_CURVE ( 'NONE', #1687, #4432, #3350, .T. ) ;
#300 = EDGE_CURVE ( 'NONE', #242, #7137, #7323, .T. ) ;
#301 = CARTESIAN_POINT ( 'NONE',  ( 26.09056034484977360, 14.60206114530940091, 0.8622796193188102531 ) ) ;
#302 = CARTESIAN_POINT ( 'NONE',  ( 28.00000000000000355, -12.70585144435646363, -1.190024482224716129 ) ) ;
#303 = CARTESIAN_POINT ( 'NONE',  ( 26.78408972653031839, 14.27386247104210959, 1.419466141506667833 ) ) ;
#304 = CARTESIAN_POINT ( 'NONE',  ( -29.42311131953344017, -17.65583491820667561, -1.314268684147827493 ) ) ;
#305 = ORIENTED_EDGE ( 'NONE', *, *, #3474, .T. ) ;
#306 = AXIS2_PLACEMENT_3D ( 'NONE', #6884, #6232, #2889 ) ;
#307 = CARTESIAN_POINT ( 'NONE',  ( 32.00000000000000711, 15.74307716039518823, -2.009146468990742118 ) ) ;
#308 = CARTESIAN_POINT ( 'NONE',  ( 0.1732050807568889239, -16.80000000000000071, 0.1998182918942745800 ) ) ;
#309 = DIRECTION ( 'NONE',  ( -0.000000000000000000, -1.000000000000000000, -0.000000000000000000 ) ) ;
#311 = ORIENTED_EDGE ( 'NONE', *, *, #7888, .T. ) ;
#310 = CARTESIAN_POINT ( 'NONE',  ( -30.36684186415893905, 16.48147681033248446, -1.947748588517361990 ) ) ;
#312 = CARTESIAN_POINT ( 'NONE',  ( -26.56191661753695854, -19.84894392497924542, -1.070589370243451022 ) ) ;
#313 = DIRECTION ( 'NONE',  ( -1.000000000000000000, 0.000000000000000000, -0.000000000000000000 ) ) ;
#314 = ADVANCED_FACE ( 'NONE', ( #7511 ), #7404, .T. ) ;
#315 = CARTESIAN_POINT ( 'NONE',  ( 0.2757743247967964773, -16.57794492619077431, -0.0001077146368281904068 ) ) ;
#316 = CARTESIAN_POINT ( 'NONE',  ( -25.98025130867438293, 20.46639618075421296, -1.520531203893220384 ) ) ;
#317 = AXIS2_PLACEMENT_3D ( 'NONE', #891, #4185, #204 ) ;
#318 = FACE_BOUND ( 'NONE', #2845, .T. ) ;
#319 = CARTESIAN_POINT ( 'NONE',  ( -24.14051521851223114, -16.18740036271610805, 1.105229293648077427 ) ) ;
#320 = APPROVAL ( #1001, 'Œ¥÷∏∂®' ) ;
#321 = ORIENTED_EDGE ( 'NONE', *, *, #897, .F. ) ;
#322 = CARTESIAN_POINT ( 'NONE',  ( 24.64120089638871036, 16.07761850291002759, 1.001215557111658550 ) ) ;
#323 = CARTESIAN_POINT ( 'NONE',  ( -26.20000000000000284, -6.513704236698701244, 0.9083693958394922774 ) ) ;
#324 = CARTESIAN_POINT ( 'NONE',  ( -30.18530383012062046, -19.07989429803854264, -2.387579104421149623 ) ) ;
#325 = FACE_OUTER_BOUND ( 'NONE', #7430, .T. ) ;
#326 = CARTESIAN_POINT ( 'NONE',  ( 25.74185501771807338, 22.00000000000000000, 1.003355889213395802 ) ) ;
#327 = CARTESIAN_POINT ( 'NONE',  ( 24.13209328001816090, 16.18826726645465541, 1.047711207009551337 ) ) ;
#328 = CARTESIAN_POINT ( 'NONE',  ( -32.00000000000000000, 15.29999999999999716, 0.5022692811654742018 ) ) ;
#329 = CARTESIAN_POINT ( 'NONE',  ( -1.594079839599613635, -19.26102727350777144, 0.1950876241905795672 ) ) ;
#330 = ORIENTED_EDGE ( 'NONE', *, *, #7440, .F. ) ;
#331 = CIRCLE ( 'NONE', #5182, 0.5000000000000000000 ) ;
#332 = CARTESIAN_POINT ( 'NONE',  ( -27.69734384746387690, -19.37891296695278598, -1.164290697874917679 ) ) ;
#333 = CYLINDRICAL_SURFACE ( 'NONE', #2639, 331.3999999999999773 ) ;
#334 = VECTOR ( 'NONE', #4884, 1000.000000000000000 ) ;
#335 = CARTESIAN_POINT ( 'NONE',  ( 24.74442100285251556, -16.03971251906470741, 1.049566178818554629 ) ) ;
#336 = FACE_BOUND ( 'NONE', #6692, .T. ) ;
#337 = ORIENTED_EDGE ( 'NONE', *, *, #7339, .T. ) ;
#338 = EDGE_LOOP ( 'NONE', ( #5596, #1401, #3457 ) ) ;
#339 = CYLINDRICAL_SURFACE ( 'NONE', #6632, 0.5000000000000004441 ) ;
#340 = DIRECTION ( 'NONE',  ( 0.000000000000000000, -0.000000000000000000, -1.000000000000000000 ) ) ;
#341 = EDGE_LOOP ( 'NONE', ( #380, #321, #1484, #7555 ) ) ;
#342 = CARTESIAN_POINT ( 'NONE',  ( 28.00000000000000000, -8.399999999999998579, 1.318955087088236056 ) ) ;
#343 = VECTOR ( 'NONE', #901, 1000.000000000000000 ) ;
#344 = DIRECTION ( 'NONE',  ( 0.000000000000000000, 0.000000000000000000, -1.000000000000000000 ) ) ;
#345 = DIRECTION ( 'NONE',  ( -0.000000000000000000, 0.000000000000000000, -1.000000000000000000 ) ) ;
#346 = CARTESIAN_POINT ( 'NONE',  ( 30.36148430469173221, -16.67136392906644460, -1.857040408659050179 ) ) ;
#347 = CARTESIAN_POINT ( 'NONE',  ( 30.26068883975078805, -15.94616893492539056, 1.120143329097795126 ) ) ;
#348 = CARTESIAN_POINT ( 'NONE',  ( -30.50000000000000000, 15.29999999999999716, -1.868547682487453621 ) ) ;
#349 = ORIENTED_EDGE ( 'NONE', *, *, #494, .F. ) ;
#350 = ORIENTED_EDGE ( 'NONE', *, *, #3705, .T. ) ;
#351 = VERTEX_POINT ( 'NONE', #5095 ) ;
#352 = EDGE_CURVE ( 'NONE', #590, #8561, #5113, .T. ) ;
#353 = FACE_OUTER_BOUND ( 'NONE', #4734, .T. ) ;
#354 = CARTESIAN_POINT ( 'NONE',  ( -26.36750798445755706, -15.40905146493158462, 1.452873320272562330 ) ) ;
#355 = EDGE_CURVE ( 'NONE', #1012, #5876, #3295, .T. ) ;
#356 = CARTESIAN_POINT ( 'NONE',  ( -29.60000000000000142, -12.59999999999999964, 1.179845401256263138 ) ) ;
#357 = CARTESIAN_POINT ( 'NONE',  ( -26.54143730058100203, 15.08221008203583402, 1.438987611071353312 ) ) ;
#358 = CARTESIAN_POINT ( 'NONE',  ( 24.84982098335444434, 15.99505172402935038, 0.9818150657206685672 ) ) ;
#359 = CARTESIAN_POINT ( 'NONE',  ( 28.22932915112622965, 21.32980169036769880, -2.213186706529361558 ) ) ;
#360 = PLANE ( 'NONE',  #6676 ) ;
#361 = CARTESIAN_POINT ( 'NONE',  ( -25.50000000006329515, 20.50000000000535749, 1.520738416161218076 ) ) ;
#362 = CARTESIAN_POINT ( 'NONE',  ( -31.30887712229824160, 18.27179105916506785, -1.948339899628849015 ) ) ;
#363 = ORIENTED_EDGE ( 'NONE', *, *, #7946, .F. ) ;
#364 = VERTEX_POINT ( 'NONE', #5052 ) ;
#365 = CARTESIAN_POINT ( 'NONE',  ( 25.74759895837097190, 21.49999999819242191, 1.501854919064447902 ) ) ;
#366 = VECTOR ( 'NONE', #7291, 1000.000000000000000 ) ;
#367 = CARTESIAN_POINT ( 'NONE',  ( 24.42482579368795470, 16.13950115683417152, 1.021125202140341637 ) ) ;
#368 = CARTESIAN_POINT ( 'NONE',  ( 28.90553360208815548, -13.39998691060937652, -1.268374918238975635 ) ) ;
#369 = CARTESIAN_POINT ( 'NONE',  ( -30.50000000000000000, 15.49999999999999645, 1.143850916776045779 ) ) ;
#370 = EDGE_CURVE ( 'NONE', #4196, #8247, #4167, .T. ) ;
#371 = DIRECTION ( 'NONE',  ( 0.000000000000000000, 0.000000000000000000, -1.000000000000000000 ) ) ;
#372 = EDGE_LOOP ( 'NONE', ( #4519, #8104, #6194, #4193 ) ) ;
#373 = AXIS2_PLACEMENT_3D ( 'NONE', #4267, #5608, #6950 ) ;
#374 = CARTESIAN_POINT ( 'NONE',  ( -30.91603169457094324, 16.04716794194022000, -2.455798000941130432 ) ) ;
#375 = CARTESIAN_POINT ( 'NONE',  ( -26.13877565795303326, 14.50638659522132734, -1.036814016964374474 ) ) ;
#376 = CARTESIAN_POINT ( 'NONE',  ( 25.67020560904276394, -21.50000000000000000, -2.002730978273206564 ) ) ;
#377 = CARTESIAN_POINT ( 'NONE',  ( 30.00000000000000000, 15.29999999999999716, -1.868547682487453621 ) ) ;
#378 = AXIS2_PLACEMENT_3D ( 'NONE', #3671, #2343, #3736 ) ;
#379 = CARTESIAN_POINT ( 'NONE',  ( 27.92996966518599677, -19.79880624453918259, -1.183861724502243584 ) ) ;
#380 = ORIENTED_EDGE ( 'NONE', *, *, #2070, .T. ) ;
#381 = CARTESIAN_POINT ( 'NONE',  ( -26.80000000000000071, -13.39999999999999680, 5.301000000000002821 ) ) ;
#382 = CARTESIAN_POINT ( 'NONE',  ( 25.33810240963855520, -21.50000000000000000, 1.533151534320441822 ) ) ;
#383 = FACE_OUTER_BOUND ( 'NONE', #5917, .T. ) ;
#384 = DIRECTION ( 'NONE',  ( 0.000000000000000000, 1.000000000000000000, 0.000000000000000000 ) ) ;
#385 = CARTESIAN_POINT ( 'NONE',  ( -26.48136279168567242, -15.20613699569514310, 1.443792988806443134 ) ) ;
#386 = AXIS2_PLACEMENT_3D ( 'NONE', #6612, #4508, #5846 ) ;
#387 = CARTESIAN_POINT ( 'NONE',  ( -28.90553524538890784, -13.39998710704296236, 1.241197971014468715 ) ) ;
#388 = ORIENTED_EDGE ( 'NONE', *, *, #8521, .F. ) ;
#389 = CARTESIAN_POINT ( 'NONE',  ( -26.48037816185480153, 15.20805655267894707, 1.443871666361172812 ) ) ;
#390 = CARTESIAN_POINT ( 'NONE',  ( 25.94578492673891645, 14.95174474221264838, 0.8765871457815553880 ) ) ;
#391 = CARTESIAN_POINT ( 'NONE',  ( 29.38945733284660378, 20.62541701783512949, -1.785937926852328994 ) ) ;
#392 = CARTESIAN_POINT ( 'NONE',  ( 27.60406064735658305, 19.97392770071504486, -1.639636962449044111 ) ) ;
#393 = CARTESIAN_POINT ( 'NONE',  ( 25.33487637133418247, 15.69792567042065023, 0.9359316581779139055 ) ) ;
#394 = CARTESIAN_POINT ( 'NONE',  ( 28.00000000000000355, 8.294148555643532816, -1.190024482224716795 ) ) ;
#395 = CARTESIAN_POINT ( 'NONE',  ( -1.731001715620025694, -19.10000000000000497, -0.004539981137745394309 ) ) ;
#396 = CARTESIAN_POINT ( 'NONE',  ( -29.97231048307817858, -17.60776527798675772, -1.825269725687038047 ) ) ;
#397 = EDGE_LOOP ( 'NONE', ( #6266, #5296, #5803, #3333, #1844, #1068, #6765, #7260, #8534, #2934, #3185, #2364, #6993, #6512, #1159, #7861 ) ) ;
#398 = ADVANCED_FACE ( 'NONE', ( #5948 ), #1970, .F. ) ;
#399 = CARTESIAN_POINT ( 'NONE',  ( -26.20000000000000284, 21.99999999999999645, 0.9083693958394922774 ) ) ;
#400 = CARTESIAN_POINT ( 'NONE',  ( -27.78147956336621860, 20.41425774672666904, -2.175021561431832673 ) ) ;
#401 = VERTEX_POINT ( 'NONE', #6468 ) ;
#402 = B_SPLINE_CURVE_WITH_KNOTS ( 'NONE', 3,
 ( #746, #5291, #1326, #2029, #3965, #4022, #1999, #7395, #7955, #5407, #2688, #7288, #5973, #3370, #4657, #4631 ),
 .UNSPECIFIED., .F., .F.,
 ( 4, 2, 2, 2, 2, 2, 2, 4 ),
 ( 0.000000000000000000, 0.0004497622605723900890, 0.0008995245211447801779, 0.001349286781717170267, 0.001799049042289560356, 0.002248811302861950662, 0.002698573563434340534, 0.003598098084579115941 ),
 .UNSPECIFIED. ) ;
#403 = CARTESIAN_POINT ( 'NONE',  ( -25.74730710141362522, -21.50000000000000000, 1.501877224832216307 ) ) ;
#404 = CARTESIAN_POINT ( 'NONE',  ( -25.65647617065973307, -15.38533291690464644, 0.9622575927331604717 ) ) ;
#405 = CARTESIAN_POINT ( 'NONE',  ( -26.66460746429860507, 21.34204425441751596, -2.082269473261696202 ) ) ;
#406 = PLANE ( 'NONE',  #3839 ) ;
#407 = ADVANCED_FACE ( 'NONE', ( #216 ), #5304, .T. ) ;
#408 = CARTESIAN_POINT ( 'NONE',  ( 29.99999999999999645, -15.50000000000000355, 1.143850916776045779 ) ) ;
#409 = CARTESIAN_POINT ( 'NONE',  ( -29.80283681712493760, 17.90642652546848268, -1.811538955594811151 ) ) ;
#410 = ORIENTED_EDGE ( 'NONE', *, *, #2342, .F. ) ;
#411 = CARTESIAN_POINT ( 'NONE',  ( -24.42486862679835014, -16.13949130146889388, 1.079235125506030624 ) ) ;
#412 = CARTESIAN_POINT ( 'NONE',  ( -25.57823354906202340, -15.47319692777555922, 0.9698987105706473599 ) ) ;
#413 = EDGE_CURVE ( 'NONE', #3969, #5082, #2174, .T. ) ;
#414 = CARTESIAN_POINT ( 'NONE',  ( 30.32556465877505048, -16.64644185609019900, -1.943493710808528396 ) ) ;
#415 = CARTESIAN_POINT ( 'NONE',  ( -26.08619841496752656, 15.78723059233668913, 1.475132973695272964 ) ) ;
#416 = DIRECTION ( 'NONE',  ( 0.000000000000000000, -0.000000000000000000, 1.000000000000000000 ) ) ;
#417 = CARTESIAN_POINT ( 'NONE',  ( 25.33839150227618120, 19.99999999999999645, -0.9742169432957672459 ) ) ;
#418 = CARTESIAN_POINT ( 'NONE',  ( -26.19623860924597381, -14.05144060446027332, 0.9087471891476041064 ) ) ;
#419 = EDGE_CURVE ( 'NONE', #5933, #7988, #4032, .T. ) ;
#420 = ORIENTED_EDGE ( 'NONE', *, *, #1300, .F. ) ;
#421 = EDGE_CURVE ( 'NONE', #8375, #7730, #2589, .T. ) ;
#422 = CARTESIAN_POINT ( 'NONE',  ( -25.44793662241480092, -16.32576669073433706, 1.524741403350770019 ) ) ;
#423 = CARTESIAN_POINT ( 'NONE',  ( -27.66521979373018780, 21.57241335979240304, 0.8600998562604466047 ) ) ;
#424 = DIRECTION ( 'NONE',  ( 0.4999999312128165507, 0.8660252846415470440, 0.0005245461909212821225 ) ) ;
#425 = B_SPLINE_CURVE_WITH_KNOTS ( 'NONE', 3,
 ( #4143, #2239, #4207, #881 ),
 .UNSPECIFIED., .F., .F.,
 ( 4, 4 ),
 ( 0.000000000000000000, 0.0008488052562294100874 ),
 .UNSPECIFIED. ) ;
#426 = CARTESIAN_POINT ( 'NONE',  ( 26.07416900143477179, 21.45988437852854247, -2.034608039112892452 ) ) ;
#427 = LINE ( 'NONE', #5952, #1035 ) ;
#428 = AXIS2_PLACEMENT_3D ( 'NONE', #7616, #5674, #4303 ) ;
#429 = ORIENTED_EDGE ( 'NONE', *, *, #2796, .T. ) ;
#430 = AXIS2_PLACEMENT_3D ( 'NONE', #2425, #3778, #8431 ) ;
#431 = CARTESIAN_POINT ( 'NONE',  ( -1.385640646055105840, -19.29999999999999716, 0.2970935385293582698 ) ) ;
#432 = CARTESIAN_POINT ( 'NONE',  ( -30.00000000000000000, 15.49999999999999645, 1.143850916804078910 ) ) ;
#433 = CYLINDRICAL_SURFACE ( 'NONE', #5907, 0.5000000000000004441 ) ;
#434 = CARTESIAN_POINT ( 'NONE',  ( -30.71348414480978661, -18.41020595738658372, 1.078451767649835968 ) ) ;
#435 = CARTESIAN_POINT ( 'NONE',  ( -26.14185749872453712, -14.41937899538064727, 0.9142206824882336269 ) ) ;
#436 = ORIENTED_EDGE ( 'NONE', *, *, #5490, .F. ) ;
#437 = CIRCLE ( 'NONE', #2594, 0.2000000000000000111 ) ;
#438 = CARTESIAN_POINT ( 'NONE',  ( 0.000000000000000000, -7.599999999999996092, -330.0000000000000000 ) ) ;
#439 = CARTESIAN_POINT ( 'NONE',  ( -26.00004677359550342, -19.86944490629118931, 1.481896289636130515 ) ) ;
#440 = CIRCLE ( 'NONE', #1755, 0.5000000000000000000 ) ;
#441 = ADVANCED_FACE ( 'NONE', ( #7714 ), #7302, .T. ) ;
#442 = CARTESIAN_POINT ( 'NONE',  ( -0.8078035101779639238, -17.50000469593171104, -0.0006658624789923694521 ) ) ;
#443 = FACE_OUTER_BOUND ( 'NONE', #3044, .T. ) ;
#444 = CARTESIAN_POINT ( 'NONE',  ( -24.16376087002989337, -16.18513679495588775, 1.103121310094796970 ) ) ;
#445 = CARTESIAN_POINT ( 'NONE',  ( 30.50000000000000000, -15.30000000000000071, -1.961511404530547065 ) ) ;
#447 = VERTEX_POINT ( 'NONE', #3837 ) ;
#446 = CARTESIAN_POINT ( 'NONE',  ( -24.31025338641681444, 16.73340597791234430, 1.610117809434359115 ) ) ;
#448 = CARTESIAN_POINT ( 'NONE',  ( -30.95295902883156458, -22.00000000000000355, -2.459293633051695682 ) ) ;
#449 = CARTESIAN_POINT ( 'NONE',  ( 28.26466252835218640, 21.31237643730258569, -1.695493807437481459 ) ) ;
#450 = VECTOR ( 'NONE', #2027, 1000.000000000000000 ) ;
#451 = CYLINDRICAL_SURFACE ( 'NONE', #1589, 0.5000000000000004441 ) ;
#452 = ORIENTED_EDGE ( 'NONE', *, *, #2850, .T. ) ;
#453 = CARTESIAN_POINT ( 'NONE',  ( 29.74528298214219291, 16.95887280105875305, -1.343307284155430992 ) ) ;
#454 = CARTESIAN_POINT ( 'NONE',  ( 7.000000000000000000, 22.00000000000000000, 1.926196616055031452 ) ) ;
#455 = VECTOR ( 'NONE', #7898, 1000.000000000000000 ) ;
#456 = FACE_OUTER_BOUND ( 'NONE', #7710, .T. ) ;
#457 = CARTESIAN_POINT ( 'NONE',  ( -7.000000000000000000, 21.50000000000000000, 2.426307623208445730 ) ) ;
#458 = ADVANCED_FACE ( 'NONE', ( #5744 ), #7100, .F. ) ;
#459 = VERTEX_POINT ( 'NONE', #1141 ) ;
#460 = ORIENTED_EDGE ( 'NONE', *, *, #3162, .F. ) ;
#461 = CARTESIAN_POINT ( 'NONE',  ( -29.50200554329099489, 15.49999999999921307, 1.188589279467233251 ) ) ;
#462 = ORIENTED_EDGE ( 'NONE', *, *, #6274, .T. ) ;
#463 = CARTESIAN_POINT ( 'NONE',  ( 30.95295902627645290, 16.05163912870223086, -2.459293632810281682 ) ) ;
#464 = VECTOR ( 'NONE', #934, 1000.000000000000000 ) ;
#465 =( BOUNDED_SURFACE ( )  B_SPLINE_SURFACE ( 3, 2, ( 
 ( #2286, #6278, #328 ),
 ( #6365, #4980, #6917 ),
 ( #5662, #3597, #7582 ),
 ( #4353, #1659, #8245 ),
 ( #2988, #4261, #5600 ),
 ( #7670, #7606, #3683 ),
 ( #8280, #4288, #8330 ),
 ( #5695, #1692, #2353 ),
 ( #7037, #3018, #3714 ),
 ( #1199, #3061, #1139 ),
 ( #3770, #5753, #8494 ),
 ( #1842, #8453, #4443 ),
 ( #4470, #3112, #5192 ),
 ( #6493, #6463, #5838 ),
 ( #8428, #2473, #7188 ),
 ( #1722, #6527, #5169 ),
 ( #3744, #1168, #1750 ),
 ( #3146, #5815, #423 ),
 ( #2451, #4494, #8518 ),
 ( #2495, #7729, #7820 ),
 ( #1816, #7795, #3834 ),
 ( #3177, #6438, #7848 ),
 ( #3812, #7161, #3857 ),
 ( #7129, #518, #5787 ) ),
 .UNSPECIFIED., .F., .F., .F. ) 
 B_SPLINE_SURFACE_WITH_KNOTS ( ( 4, 2, 2, 2, 2, 2, 2, 2, 2, 2, 2, 4 ),
 ( 3, 3 ),
 ( 0.000000000000000000, 0.001212832984878256699, 0.001819249477317385049, 0.002425665969756513399, 0.003638498954634770098, 0.004851331939513026797, 0.006064164924391283497, 0.006670581416830412280, 0.007276997909269540196, 0.007883414401708668112, 0.008489830894147797763, 0.009702663879026053595 ),
 ( 0.000000000000000000, 1.000000000000000000 ),
 .UNSPECIFIED. ) 
 GEOMETRIC_REPRESENTATION_ITEM ( )  RATIONAL_B_SPLINE_SURFACE ( (
 ( 1.000000000000000000, 0.7398917211566452545, 1.000000000000000000),
 ( 1.000000000000000000, 0.7398910480844650417, 1.000000000000000000),
 ( 1.000000000000000000, 0.7396417477224022097, 1.000000000000000000),
 ( 1.000000000000000000, 0.7389131354454642198, 1.000000000000000000),
 ( 1.000000000000000000, 0.7386109910229536890, 1.000000000000000000),
 ( 1.000000000000000000, 0.7378878819407603817, 1.000000000000000000),
 ( 1.000000000000000000, 0.7374650488741746335, 1.000000000000000000),
 ( 1.000000000000000000, 0.7360494852360368601, 1.000000000000000000),
 ( 1.000000000000000000, 0.7349044439663837691, 1.000000000000000000),
 ( 1.000000000000000000, 0.7322496033282549499, 1.000000000000000000),
 ( 1.000000000000000000, 0.7307277328524951487, 1.000000000000000000),
 ( 1.000000000000000000, 0.7274835229343011855, 1.000000000000000000),
 ( 1.000000000000000000, 0.7257485798733566140, 1.000000000000000000),
 ( 1.000000000000000000, 0.7230054573853824662, 1.000000000000000000),
 ( 1.000000000000000000, 0.7220692780868291916, 1.000000000000000000),
 ( 1.000000000000000000, 0.7201954709013171918, 1.000000000000000000),
 ( 1.000000000000000000, 0.7192529085867416239, 1.000000000000000000),
 ( 1.000000000000000000, 0.7173610969179708974, 1.000000000000000000),
 ( 1.000000000000000000, 0.7164118412310107598, 1.000000000000000000),
 ( 1.000000000000000000, 0.7145104011151894863, 1.000000000000000000),
 ( 1.000000000000000000, 0.7135539158108900049, 1.000000000000000000),
 ( 1.000000000000000000, 0.7107199996217522520, 1.000000000000000000),
 ( 1.000000000000000000, 0.7088835172291554354, 1.000000000000000000),
 ( 1.000000000000000000, 0.7071067811865450192, 1.000000000000000000) ) ) 
 REPRESENTATION_ITEM ( '' )  SURFACE ( )  );
#466 = EDGE_LOOP ( 'NONE', ( #1071, #2903, #5633, #3925 ) ) ;
#467 = ORIENTED_EDGE ( 'NONE', *, *, #4537, .T. ) ;
#468 = DIRECTION ( 'NONE',  ( -0.000000000000000000, 1.000000000000000000, -0.000000000000000000 ) ) ;
#469 = DIRECTION ( 'NONE',  ( 0.000000000000000000, 1.000000000000000000, -0.000000000000000000 ) ) ;
#470 = CARTESIAN_POINT ( 'NONE',  ( -27.52225995338041287, -21.10731517372071053, 1.359035906601872012 ) ) ;
#471 = CARTESIAN_POINT ( 'NONE',  ( -24.66063269410638625, -16.07188728990533733, 1.057408562292827758 ) ) ;
#472 = ORIENTED_EDGE ( 'NONE', *, *, #8557, .F. ) ;
#473 = VECTOR ( 'NONE', #574, 1000.000000000000000 ) ;
#474 = CARTESIAN_POINT ( 'NONE',  ( 28.06758450315244247, -21.40556385984664800, 0.8289541233890245220 ) ) ;
#475 = DIRECTION ( 'NONE',  ( 0.000000000000000000, -1.000000000000000000, 0.000000000000000000 ) ) ;
#476 = CARTESIAN_POINT ( 'NONE',  ( 30.58990750660750990, -17.31191340423040970, -2.425179970329023771 ) ) ;
#477 = EDGE_CURVE ( 'NONE', #6904, #6914, #2801, .T. ) ;
#478 = DIRECTION ( 'NONE',  ( -0.000000000000000000, 1.000000000000000000, -0.000000000000000000 ) ) ;
#479 = EDGE_CURVE ( 'NONE', #3574, #4896, #6160, .T. ) ;
#480 = CARTESIAN_POINT ( 'NONE',  ( -26.17760387333780159, -15.67627562034161492, 1.467922968592241029 ) ) ;
#481 = VERTEX_POINT ( 'NONE', #8459 ) ;
#482 = EDGE_LOOP ( 'NONE', ( #509, #6303, #1150, #6606, #6674, #7752 ) ) ;
#483 = EDGE_CURVE ( 'NONE', #2464, #7341, #4786, .T. ) ;
#484 = CARTESIAN_POINT ( 'NONE',  ( -29.86836452057206515, 16.00000000003591083, 1.155776442120814096 ) ) ;
#485 = CALENDAR_DATE ( 2025, 19, 6 ) ;
#486 = CARTESIAN_POINT ( 'NONE',  ( -25.82125859236439069, 16.04955651829401120, 1.495873002377498651 ) ) ;
#487 = DIRECTION ( 'NONE',  ( 0.000000000000000000, -1.000000000000000000, 0.000000000000000000 ) ) ;
#488 = CARTESIAN_POINT ( 'NONE',  ( 28.61715378403170718, 21.12547763963882019, -2.246794033231232834 ) ) ;
#489 = DIRECTION ( 'NONE',  ( 0.000000000000000000, 0.000000000000000000, 1.000000000000000000 ) ) ;
#490 = CARTESIAN_POINT ( 'NONE',  ( -28.00000000000000000, 22.00000000000000000, 1.318955087088236056 ) ) ;
#491 = ORIENTED_EDGE ( 'NONE', *, *, #2877, .F. ) ;
#492 = B_SPLINE_CURVE_WITH_KNOTS ( 'NONE', 3,
 ( #6490, #3176, #4439, #7817, #2413, #8517, #1745, #3832, #5099, #1197, #4492, #5866, #1862, #7924, #2555, #7987, #5273, #1222, #4573, #5321, #1331, #5295 ),
 .UNSPECIFIED., .F., .F.,
 ( 4, 2, 2, 2, 2, 2, 2, 2, 2, 2, 4 ),
 ( 0.000000000000000000, 0.001310318077990211280, 0.001965477116985311391, 0.002620636155980411719, 0.003930954233970612374, 0.005241272311960813030, 0.006551590389951013685, 0.007206749428946114880, 0.007861908467941216075, 0.009172226545931427139, 0.01048254462392163820 ),
 .UNSPECIFIED. ) ;
#493 = CARTESIAN_POINT ( 'NONE',  ( 30.18530383012062401, 19.07989429803853909, -2.387579104421149623 ) ) ;
#494 = EDGE_CURVE ( 'NONE', #3669, #351, #5849, .T. ) ;
#495 = CALENDAR_DATE ( 2025, 19, 6 ) ;
#496 = EDGE_CURVE ( 'NONE', #606, #576, #5521, .T. ) ;
#497 = CARTESIAN_POINT ( 'NONE',  ( 30.00000000013388401, 15.00000000000001243, 1.143850916776011140 ) ) ;
#498 = CARTESIAN_POINT ( 'NONE',  ( 0.000000000000000000, 7.599999999999996980, -330.0000000000000000 ) ) ;
#499 = VERTEX_POINT ( 'NONE', #8545 ) ;
#500 = AXIS2_PLACEMENT_3D ( 'NONE', #1899, #3476, #3206 ) ;
#501 = CARTESIAN_POINT ( 'NONE',  ( -25.33839150227617765, -20.00000000000000000, -0.9742169432958168729 ) ) ;
#502 = DIRECTION ( 'NONE',  ( 0.000000000000000000, 0.000000000000000000, 1.000000000000000000 ) ) ;
#503 = CARTESIAN_POINT ( 'NONE',  ( -25.63080824552486447, 15.42210161693985171, -0.9968495513528431440 ) ) ;
#504 = EDGE_CURVE ( 'NONE', #7102, #4103, #2383, .T. ) ;
#505 = AXIS2_PLACEMENT_3D ( 'NONE', #3917, #5292, #3256 ) ;
#506 = CARTESIAN_POINT ( 'NONE',  ( 31.12421953915721318, -18.64036930028748884, 1.040406876303000550 ) ) ;
#507 = DIRECTION ( 'NONE',  ( 2.311928426479425980E-12, 0.000000000000000000, 1.000000000000000000 ) ) ;
#508 = CARTESIAN_POINT ( 'NONE',  ( 30.50000000000000000, -15.64394214782426751, -1.961511404361704791 ) ) ;
#509 = ORIENTED_EDGE ( 'NONE', *, *, #1854, .T. ) ;
#510 = CARTESIAN_POINT ( 'NONE',  ( 32.00000000000000000, -6.513704236698701244, -0.04810956747042238746 ) ) ;
#511 = CARTESIAN_POINT ( 'NONE',  ( -0.1732050807568888406, -16.80000000000000071, 0.1998182918942745800 ) ) ;
#512 = CARTESIAN_POINT ( 'NONE',  ( -26.18145734003756786, -14.20099701103271528, 0.9102306714367316420 ) ) ;
#513 = DIRECTION ( 'NONE',  ( -0.000000000000000000, -0.000000000000000000, -1.000000000000000000 ) ) ;
#514 = CARTESIAN_POINT ( 'NONE',  ( -30.98681877798052398, -18.84944248464925565, 0.5903067204782939115 ) ) ;
#515 = CARTESIAN_POINT ( 'NONE',  ( -29.43878166497583493, 19.97314138562385821, 1.194339954128067705 ) ) ;
#516 = EDGE_LOOP ( 'NONE', ( #583, #7023, #3123, #7118, #8270, #3097, #3771, #7907, #1276, #4960, #4929, #3957, #5129 ) ) ;
#517 = DIRECTION ( 'NONE',  ( -0.000000000000000000, -0.000000000000000000, -1.000000000000000000 ) ) ;
#518 = CARTESIAN_POINT ( 'NONE',  ( -25.33810240963855165, 21.99999999999999645, 1.533151534320411624 ) ) ;
#519 = DIRECTION ( 'NONE',  ( -0.000000000000000000, 1.000000000000000000, -0.000000000000000000 ) ) ;
#520 = DIRECTION ( 'NONE',  ( 0.000000000000000000, 0.000000000000000000, 1.000000000000000000 ) ) ;
#521 = VERTEX_POINT ( 'NONE', #1892 ) ;
#522 = CARTESIAN_POINT ( 'NONE',  ( 30.50000000000000000, 15.98570587181597347, -1.961511404224782984 ) ) ;
#523 = CARTESIAN_POINT ( 'NONE',  ( 29.60000000000000142, 12.59999999999999787, 1.179845401256263138 ) ) ;
#524 = CARTESIAN_POINT ( 'NONE',  ( -30.36475071864138187, 16.49064437854357834, -2.403936783425776991 ) ) ;
#525 = CARTESIAN_POINT ( 'NONE',  ( 29.55585848138933613, -15.76110656489067630, 1.183800540615971730 ) ) ;
#526 = ORIENTED_EDGE ( 'NONE', *, *, #2850, .F. ) ;
#527 = EDGE_CURVE ( 'NONE', #7087, #7401, #3756, .T. ) ;
#528 = CARTESIAN_POINT ( 'NONE',  ( 27.33990563691449793, -21.17246372785204755, 1.374135160775455722 ) ) ;
#529 = CARTESIAN_POINT ( 'NONE',  ( 30.27399095790057615, -19.08345625439584126, 1.118991954699161351 ) ) ;
#530 = ADVANCED_FACE ( 'NONE', ( #6584 ), #3182, .F. ) ;
#531 = CARTESIAN_POINT ( 'NONE',  ( 0.000000000000000000, 21.50000000000000000, -330.0000000000000000 ) ) ;
#532 = ORIENTED_EDGE ( 'NONE', *, *, #6989, .F. ) ;
#533 = CARTESIAN_POINT ( 'NONE',  ( -25.94562740159548042, 19.73840547485584906, 1.486173148930143295 ) ) ;
#534 = CARTESIAN_POINT ( 'NONE',  ( 31.40957945986473021, 18.05871571441090140, 1.013398365212071717 ) ) ;
#535 = CARTESIAN_POINT ( 'NONE',  ( -30.61897616209556716, -19.39783987592960557, 0.6216574480884681231 ) ) ;
#536 = DIRECTION ( 'NONE',  ( 0.000000000000000000, -0.000000000000000000, -1.000000000000000000 ) ) ;
#537 = B_SPLINE_CURVE_WITH_KNOTS ( 'NONE', 3,
 ( #964, #5724, #278, #6991, #5628, #1018, #1611, #2964, #992, #6250, #3648, #7697, #394, #2240 ),
 .UNSPECIFIED., .F., .F.,
 ( 4, 2, 2, 2, 2, 2, 4 ),
 ( 0.000000000000000000, 0.0006313311929168308970, 0.0009469967893752463456, 0.001262662385833661794, 0.001893993578750492691, 0.002209659175208909983, 0.002525324771667327058 ),
 .UNSPECIFIED. ) ;
#538 = CARTESIAN_POINT ( 'NONE',  ( 21.39999999999999147, 21.94579673501703709, 1.571407313039999698 ) ) ;
#539 = DIRECTION ( 'NONE',  ( -0.000000000000000000, 1.000000000000000000, 0.000000000000000000 ) ) ;
#540 = LINE ( 'NONE', #661, #5847 ) ;
#541 = CARTESIAN_POINT ( 'NONE',  ( 30.91602223662420101, 16.04946685347205815, -2.455796815520958187 ) ) ;
#542 = EDGE_LOOP ( 'NONE', ( #5200, #2126, #2568 ) ) ;
#543 = AXIS2_PLACEMENT_3D ( 'NONE', #1230, #2064, #2622 ) ;
#544 = FACE_OUTER_BOUND ( 'NONE', #7462, .T. ) ;
#545 = B_SPLINE_CURVE_WITH_KNOTS ( 'NONE', 3,
 ( #2359, #2330, #1700, #282, #8223, #1663, #6370, #2887, #1614, #970, #3569, #907, #8282, #4295, #4241, #8310, #995, #6314 ),
 .UNSPECIFIED., .F., .F.,
 ( 4, 2, 2, 2, 2, 2, 2, 2, 4 ),
 ( 0.000000000000000000, 0.0009273798485574671164, 0.001854759697114934233, 0.002782139545672401241, 0.003709519394229868466, 0.004636899242787335257, 0.005564279091344802482, 0.006491658939902269707, 0.007419038788459736931 ),
 .UNSPECIFIED. ) ;
#546 = AXIS2_PLACEMENT_3D ( 'NONE', #3373, #6062, #4683 ) ;
#547 = AXIS2_PLACEMENT_3D ( 'NONE', #7017, #3002, #7685 ) ;
#548 = DIRECTION ( 'NONE',  ( 1.000000000000000000, 0.000000000000000000, 0.000000000000000000 ) ) ;
#549 = ORIENTED_EDGE ( 'NONE', *, *, #3249, .T. ) ;
#550 = VECTOR ( 'NONE', #4997, 1000.000000000000000 ) ;
#552 = CARTESIAN_POINT ( 'NONE',  ( -30.22207791373364216, 16.98612358761210217, -2.390756575015844820 ) ) ;
#551 = CYLINDRICAL_SURFACE ( 'NONE', #4153, 0.5000000000000004441 ) ;
#553 = CARTESIAN_POINT ( 'NONE',  ( 29.99999999999999289, 15.50000000000001066, 1.143850916804078910 ) ) ;
#554 = ORIENTED_EDGE ( 'NONE', *, *, #1408, .T. ) ;
#555 = CARTESIAN_POINT ( 'NONE',  ( -32.00000000000001421, -15.74307716039519178, -2.009146468990770984 ) ) ;
#556 = CONICAL_SURFACE ( 'NONE', #7613, 331.9883271204680568, 0.7436220085045404105 ) ;
#557 = CIRCLE ( 'NONE', #3721, 331.5000000000000000 ) ;
#558 = CARTESIAN_POINT ( 'NONE',  ( 28.29724520773595486, -21.29630400062765716, 1.293824504369289530 ) ) ;
#559 = CARTESIAN_POINT ( 'NONE',  ( -29.60000000000000142, 8.399999999999996803, 1.179845401256263138 ) ) ;
#560 = CARTESIAN_POINT ( 'NONE',  ( 30.46620831206705304, -15.98213994370743052, -1.958005016077566385 ) ) ;
#561 = ORIENTED_EDGE ( 'NONE', *, *, #954, .F. ) ;
#562 = AXIS2_PLACEMENT_3D ( 'NONE', #4990, #915, #6259 ) ;
#563 = ORIENTED_EDGE ( 'NONE', *, *, #8617, .F. ) ;
#564 = LINE ( 'NONE', #1028, #8156 ) ;
#565 = DIRECTION ( 'NONE',  ( 0.000000000000000000, 1.000000000000000000, 0.000000000000000000 ) ) ;
#566 = ORIENTED_EDGE ( 'NONE', *, *, #7661, .F. ) ;
#567 = FACE_OUTER_BOUND ( 'NONE', #341, .T. ) ;
#568 = CARTESIAN_POINT ( 'NONE',  ( 28.49999999966182429, 18.00000000000001066, 1.276319709120303125 ) ) ;
#569 = CARTESIAN_POINT ( 'NONE',  ( 29.50200554329793690, -15.36963336682846837, 1.188589279466599757 ) ) ;
#570 = DIRECTION ( 'NONE',  ( -1.000000000000000000, 0.000000000000000000, -0.000000000000000000 ) ) ;
#571 = CARTESIAN_POINT ( 'NONE',  ( -28.00000000000000000, -12.59999999999999254, -1.190024482224716351 ) ) ;
#572 = ORIENTED_EDGE ( 'NONE', *, *, #300, .T. ) ;
#573 = ORIENTED_EDGE ( 'NONE', *, *, #6879, .T. ) ;
#574 = DIRECTION ( 'NONE',  ( -0.000000000000000000, -1.000000000000000000, -0.000000000000000000 ) ) ;
#575 = DIRECTION ( 'NONE',  ( 0.9963197585235830100, 0.000000000000000000, -0.08571428571428169052 ) ) ;
#576 = VERTEX_POINT ( 'NONE', #8578 ) ;
#577 = CIRCLE ( 'NONE', #547, 331.5000000000000000 ) ;
#578 = CARTESIAN_POINT ( 'NONE',  ( 0.000000000000000000, -19.99999999999999645, -0.5000000000000004441 ) ) ;
#579 = ADVANCED_FACE ( 'NONE', ( #7499 ), #4577, .F. ) ;
#580 = DIRECTION ( 'NONE',  ( -0.000000000000000000, -1.000000000000000000, -0.000000000000000000 ) ) ;
#581 = CARTESIAN_POINT ( 'NONE',  ( -25.00144388324672207, 19.86963336684112136, 1.558709437337599590 ) ) ;
#582 = EDGE_LOOP ( 'NONE', ( #283, #4533, #5246, #7237 ) ) ;
#583 = ORIENTED_EDGE ( 'NONE', *, *, #1910, .F. ) ;
#584 = LINE ( 'NONE', #4190, #1393 ) ;
#585 = DIRECTION ( 'NONE',  ( -0.000000000000000000, -0.000000000000000000, -1.000000000000000000 ) ) ;
#586 = CARTESIAN_POINT ( 'NONE',  ( -25.94032166533115102, 20.50501642473839681, -2.023532711107794757 ) ) ;
#587 = CARTESIAN_POINT ( 'NONE',  ( 30.34188869241701525, 19.73397900053681298, 0.6450417664386161043 ) ) ;
#588 = CARTESIAN_POINT ( 'NONE',  ( -28.00180803813212549, -18.63036663308767871, 1.318802283534194597 ) ) ;
#589 = CARTESIAN_POINT ( 'NONE',  ( -28.49999999966239983, -17.99999999999493738, 1.276319709120250945 ) ) ;
#590 = VERTEX_POINT ( 'NONE', #3209 ) ;
#591 = CARTESIAN_POINT ( 'NONE',  ( 30.36693137915294471, -16.48108518133673073, -1.947757819781661848 ) ) ;
#592 = EDGE_CURVE ( 'NONE', #1777, #6041, #633, .T. ) ;
#593 = COORDINATED_UNIVERSAL_TIME_OFFSET ( 8, 0, .AHEAD. ) ;
#594 = EDGE_CURVE ( 'NONE', #6904, #5870, #427, .T. ) ;
#595 = CARTESIAN_POINT ( 'NONE',  ( -25.50000000000000000, -20.00000000000000355, 1.520738416181999231 ) ) ;
#596 = EDGE_CURVE ( 'NONE', #8128, #2648, #3968, .T. ) ;
#597 = ORIENTED_EDGE ( 'NONE', *, *, #1707, .T. ) ;
#598 = DIRECTION ( 'NONE',  ( 0.000000000000000000, 1.000000000000000000, 0.000000000000000000 ) ) ;
#599 = DIRECTION ( 'NONE',  ( -0.9970478274445579991, -7.051606372312037006E-15, -0.07678300455235539945 ) ) ;
#600 = B_SPLINE_CURVE_WITH_KNOTS ( 'NONE', 3,
 ( #163, #2114, #3493, #124, #2755, #8099 ),
 .UNSPECIFIED., .F., .F.,
 ( 4, 2, 4 ),
 ( 0.000000000000000000, 0.0003905831589315861101, 0.0007811663178631722201 ),
 .UNSPECIFIED. ) ;
#601 = DIRECTION ( 'NONE',  ( 0.07678300455234848831, 0.000000000000000000, 0.9970478274445584432 ) ) ;
#602 = AXIS2_PLACEMENT_3D ( 'NONE', #5535, #7550, #2817 ) ;
#603 = B_SPLINE_CURVE_WITH_KNOTS ( 'NONE', 3,
 ( #824, #307, #4901, #938, #6925, #6890, #3630, #1640, #6234, #6256, #7646, #6317, #4301, #2333, #1618, #8228, #6291, #3575, #2249, #7678, #6969, #2222 ),
 .UNSPECIFIED., .F., .F.,
 ( 4, 2, 2, 2, 2, 2, 2, 2, 2, 2, 4 ),
 ( 0.000000000000000000, 0.001310348886645577946, 0.001965523329968361498, 0.002620697773291145484, 0.003931046659936695241, 0.005241395546582244998, 0.006551744433227794755, 0.007206918876550574837, 0.007862093319873354053, 0.009172442206518907279, 0.01048279109316446051 ),
 .UNSPECIFIED. ) ;
#604 = CARTESIAN_POINT ( 'NONE',  ( 28.49999999999999289, 18.50000000000001066, 1.276319709120343759 ) ) ;
#605 = EDGE_CURVE ( 'NONE', #6911, #8373, #3004, .T. ) ;
#606 = VERTEX_POINT ( 'NONE', #3858 ) ;
#607 = DIRECTION ( 'NONE',  ( -1.000000000000000000, 0.000000000000000000, 0.000000000000000000 ) ) ;
#608 = DIRECTION ( 'NONE',  ( -0.000000000000000000, -1.000000000000000000, -0.000000000000000000 ) ) ;
#609 = B_SPLINE_CURVE_WITH_KNOTS ( 'NONE', 3,
 ( #4802, #8396, #2982, #7029, #957, #7599, #7664, #1629, #1010, #3674, #5688, #8360, #1684, #6359 ),
 .UNSPECIFIED., .F., .F.,
 ( 4, 2, 2, 2, 2, 2, 4 ),
 ( 0.000000000000000000, 0.0006313008982285469922, 0.0009469513473428168562, 0.001262601796457086829, 0.001893902694685615931, 0.002209553143799879073, 0.002525203592914141565 ),
 .UNSPECIFIED. ) ;
#610 = CARTESIAN_POINT ( 'NONE',  ( -31.95647238826675718, -16.18139789896994429, 0.5061156443419886353 ) ) ;
#611 = AXIS2_PLACEMENT_3D ( 'NONE', #2725, #7397, #6733 ) ;
#612 = CARTESIAN_POINT ( 'NONE',  ( 25.50000000006207301, 20.50000000000532197, 1.520738416161264928 ) ) ;
#613 = CARTESIAN_POINT ( 'NONE',  ( -30.32568041219955290, 16.64600329819741376, -1.943505632475802658 ) ) ;
#614 = DIRECTION ( 'NONE',  ( -0.000000000000000000, 1.000000000000000000, -0.000000000000000000 ) ) ;
#615 = ORIENTED_EDGE ( 'NONE', *, *, #504, .F. ) ;
#616 = CARTESIAN_POINT ( 'NONE',  ( -25.30000000000000426, -21.50000000000000000, 1.034605441787628477 ) ) ;
#617 = CARTESIAN_POINT ( 'NONE',  ( 26.64176304978941090, 20.32679489253207450, -1.589270055127792736 ) ) ;
#618 = CARTESIAN_POINT ( 'NONE',  ( 30.00000000013388401, 15.00000000000001243, 1.143850916776011140 ) ) ;
#619 = CARTESIAN_POINT ( 'NONE',  ( 28.01809461577212801, -19.73651353673675146, -2.195072733428065082 ) ) ;
#620 = ADVANCED_FACE ( 'NONE', ( #8134 ), #1690, .T. ) ;
#621 = ORIENTED_EDGE ( 'NONE', *, *, #4481, .T. ) ;
#622 = DIRECTION ( 'NONE',  ( 0.000000000000000000, 0.000000000000000000, -1.000000000000000000 ) ) ;
#623 = CARTESIAN_POINT ( 'NONE',  ( -30.13171716937784694, -15.99999999996744293, 1.131917990748880776 ) ) ;
#624 = DIRECTION ( 'NONE',  ( -0.000000000000000000, 0.000000000000000000, -1.000000000000000000 ) ) ;
#625 = CARTESIAN_POINT ( 'NONE',  ( -28.39761498758826264, -13.29931973504747944, -1.224111444818765326 ) ) ;
#626 = DIRECTION ( 'NONE',  ( 0.000000000000000000, 0.000000000000000000, 1.000000000000000000 ) ) ;
#627 = EDGE_LOOP ( 'NONE', ( #5461, #4939, #7207, #4055 ) ) ;
#628 = CARTESIAN_POINT ( 'NONE',  ( -21.40000000000000213, 16.19999999999999929, 1.297886114968893612 ) ) ;
#629 = ORIENTED_EDGE ( 'NONE', *, *, #5037, .T. ) ;
#630 = CARTESIAN_POINT ( 'NONE',  ( 29.40349180956832598, 20.61427163943642071, 1.197672092635205798 ) ) ;
#631 = DIRECTION ( 'NONE',  ( 0.000000000000000000, -0.000000000000000000, 1.000000000000000000 ) ) ;
#632 = CARTESIAN_POINT ( 'NONE',  ( 31.65398536131130314, 17.46965918887539715, 0.5326668949565172007 ) ) ;
#633 = CIRCLE ( 'NONE', #8628, 0.5000000000000000000 ) ;
#634 = CARTESIAN_POINT ( 'NONE',  ( -30.50000000000000000, 15.29999999999999716, -1.961511404530491554 ) ) ;
#635 = EDGE_CURVE ( 'NONE', #3646, #6708, #8474, .T. ) ;
#636 = EDGE_LOOP ( 'NONE', ( #4359, #794, #1849 ) ) ;
#638 = CARTESIAN_POINT ( 'NONE',  ( 30.49999999999999289, 15.50000000000001066, 1.098172752433057120 ) ) ;
#637 = CARTESIAN_POINT ( 'NONE',  ( 26.68661378809799345, -14.68911368090379455, 1.427329640418864898 ) ) ;
#639 = CARTESIAN_POINT ( 'NONE',  ( 26.09004751612309292, -15.78979096221404177, 1.474851351449074421 ) ) ;
#640 = EDGE_CURVE ( 'NONE', #2663, #682, #1490, .T. ) ;
#641 = FACE_OUTER_BOUND ( 'NONE', #7571, .T. ) ;
#642 = DIRECTION ( 'NONE',  ( 0.000000000000000000, 0.000000000000000000, 1.000000000000000000 ) ) ;
#643 = CARTESIAN_POINT ( 'NONE',  ( -30.26090978280963384, -15.94603147156520251, 1.120123119974594683 ) ) ;
#644 = ORIENTED_EDGE ( 'NONE', *, *, #5259, .F. ) ;
#645 = CARTESIAN_POINT ( 'NONE',  ( -1.269404983753765093, -18.30000645689806049, -0.002118660751285592406 ) ) ;
#646 = SPHERICAL_SURFACE ( 'NONE', #5791, 0.5000000000000000000 ) ;
#647 = EDGE_CURVE ( 'NONE', #6120, #7644, #815, .T. ) ;
#648 = CARTESIAN_POINT ( 'NONE',  ( -26.80000000000000071, 7.599999999999996980, -1.090042716855421645 ) ) ;
#649 = CIRCLE ( 'NONE', #7020, 331.5000000000000000 ) ;
#650 = ORIENTED_EDGE ( 'NONE', *, *, #923, .F. ) ;
#651 = FACE_OUTER_BOUND ( 'NONE', #819, .T. ) ;
#652 = ADVANCED_FACE ( 'NONE', ( #2926 ), #4611, .T. ) ;
#653 = AXIS2_PLACEMENT_3D ( 'NONE', #4333, #2268, #5673 ) ;
#654 = CARTESIAN_POINT ( 'NONE',  ( 26.96851258938340834, -20.22799058380672932, -1.592328370849622310 ) ) ;
#655 = LINE ( 'NONE', #4262, #3773 ) ;
#656 = ORIENTED_EDGE ( 'NONE', *, *, #5542, .F. ) ;
#657 = CARTESIAN_POINT ( 'NONE',  ( 26.20000000000000284, 13.89999999999999858, 0.8513840016954478118 ) ) ;
#658 = VECTOR ( 'NONE', #5924, 1000.000000000000000 ) ;
#659 = EDGE_CURVE ( 'NONE', #5604, #4741, #951, .T. ) ;
#660 = VECTOR ( 'NONE', #5227, 1000.000000000000000 ) ;
#661 = CARTESIAN_POINT ( 'NONE',  ( 32.00000000000000000, 5.580403008799160069, 0.5022692811654794198 ) ) ;
#662 = VERTEX_POINT ( 'NONE', #8045 ) ;
#663 = CARTESIAN_POINT ( 'NONE',  ( -24.34318313088302688, 16.15689831953888600, 1.086738431540816618 ) ) ;
#664 = CARTESIAN_POINT ( 'NONE',  ( -28.16087125295082316, -7.907662170565324722, -1.203754859370137265 ) ) ;
#665 = EDGE_LOOP ( 'NONE', ( #2539, #3781, #5413, #7863 ) ) ;
#666 = CARTESIAN_POINT ( 'NONE',  ( -31.82590259013250744, -16.83335067909567329, -2.542522564524101636 ) ) ;
#667 = ORIENTED_EDGE ( 'NONE', *, *, #370, .F. ) ;
#668 = VECTOR ( 'NONE', #1775, 1000.000000000000000 ) ;
#669 = DIRECTION ( 'NONE',  ( -0.000000000000000000, -0.000000000000000000, -1.000000000000000000 ) ) ;
#671 = CARTESIAN_POINT ( 'NONE',  ( 1.384801372496016203, -19.70000000000000284, -0.002905580732813955840 ) ) ;
#670 = CARTESIAN_POINT ( 'NONE',  ( 26.33876997472873072, -15.45162642808296560, 1.455154367801495541 ) ) ;
#672 = DIRECTION ( 'NONE',  ( 0.000000000000000000, 1.000000000000000000, 0.000000000000000000 ) ) ;
#673 = ORIENTED_EDGE ( 'NONE', *, *, #799, .T. ) ;
#674 = VERTEX_POINT ( 'NONE', #1311 ) ;
#675 = ORIENTED_EDGE ( 'NONE', *, *, #4821, .F. ) ;
#676 = CARTESIAN_POINT ( 'NONE',  ( 24.28562698316745383, -16.16751882683747610, 1.092012584974358713 ) ) ;
#677 = LINE ( 'NONE', #797, #257 ) ;
#678 = CARTESIAN_POINT ( 'NONE',  ( -25.70375947921989024, 22.00253823735161163, -2.005314973665744738 ) ) ;
#679 = CARTESIAN_POINT ( 'NONE',  ( -28.49999999999999645, -18.50000000000000355, 1.276319709120343759 ) ) ;
#680 = DIRECTION ( 'NONE',  ( 0.000000000000000000, 0.000000000000000000, 1.000000000000000000 ) ) ;
#681 = CARTESIAN_POINT ( 'NONE',  ( 25.00144388323976941, -19.99999999999921840, 1.558709437338138937 ) ) ;
#682 = VERTEX_POINT ( 'NONE', #1335 ) ;
#683 = COORDINATED_UNIVERSAL_TIME_OFFSET ( 8, 0, .AHEAD. ) ;
#684 = CARTESIAN_POINT ( 'NONE',  ( -26.72138234379749733, 14.65299288361818242, 1.424559044595231638 ) ) ;
#685 = CARTESIAN_POINT ( 'NONE',  ( 1.385640646055104952, -19.50000000000000000, -0.004545485850659947147 ) ) ;
#686 = B_SPLINE_CURVE_WITH_KNOTS ( 'NONE', 3,
 ( #6072, #2086, #3971, #2666, #6711, #654, #5297, #4666, #7355, #3345, #2698, #6740, #2736, #2172, #4800, #4165, #2205, #6244, #2788, #5481, #7465, #243 ),
 .UNSPECIFIED., .F., .F.,
 ( 4, 2, 2, 2, 2, 2, 2, 2, 2, 2, 4 ),
 ( 0.000000000000000000, 0.001016829480373441456, 0.001525244220560162184, 0.002033658960746882911, 0.003050488441120330005, 0.004067317921493777098, 0.005084147401867223325, 0.005592562142053947305, 0.006100976882240670418, 0.007117806362614120981, 0.008134635842987571544 ),
 .UNSPECIFIED. ) ;
#687 = ORIENTED_EDGE ( 'NONE', *, *, #413, .F. ) ;
#688 = FACE_OUTER_BOUND ( 'NONE', #8258, .T. ) ;
#689 = CARTESIAN_POINT ( 'NONE',  ( -25.02396148212082494, 15.90701615849566686, 1.023224379690667263 ) ) ;
#690 = CARTESIAN_POINT ( 'NONE',  ( 29.80206338660163112, 17.90776611641227944, -1.890101633924874847 ) ) ;
#692 = CARTESIAN_POINT ( 'NONE',  ( 1.558845726811992627, -19.20000000000000284, 0.1954572673585253939 ) ) ;
#691 = CARTESIAN_POINT ( 'NONE',  ( 26.73267413306515294, -14.50670281208695300, 1.423617475140111166 ) ) ;
#693 = CARTESIAN_POINT ( 'NONE',  ( 24.31229490791909242, -16.75630506296401379, 1.610168753038871969 ) ) ;
#694 = VERTEX_POINT ( 'NONE', #7378 ) ;
#695 = ADVANCED_FACE ( 'NONE', ( #8253 ), #3990, .F. ) ;
#696 = CARTESIAN_POINT ( 'NONE',  ( -30.76874545236696079, -16.78678785324833456, -2.441929157625273294 ) ) ;
#697 = CARTESIAN_POINT ( 'NONE',  ( 29.81275533613149165, 17.90586551504794244, -1.812304761541403852 ) ) ;
#698 = CARTESIAN_POINT ( 'NONE',  ( 25.30000000000000071, 21.50000000000000000, -1.472740857018133065 ) ) ;
#699 = CARTESIAN_POINT ( 'NONE',  ( 7.000000000000000000, 22.00000000000000000, 1.426085273926513963 ) ) ;
#700 = DIRECTION ( 'NONE',  ( 0.000000000000000000, 0.000000000000000000, -1.000000000000000000 ) ) ;
#701 = ORIENTED_EDGE ( 'NONE', *, *, #8389, .F. ) ;
#702 = CARTESIAN_POINT ( 'NONE',  ( 25.66986178193500834, -21.49999999819237928, -2.002704500026423418 ) ) ;
#703 = CARTESIAN_POINT ( 'NONE',  ( 26.19999999999999929, -7.599999999999996980, 5.301000000000002821 ) ) ;
#704 = AXIS2_PLACEMENT_3D ( 'NONE', #8154, #6216, #207 ) ;
#705 = AXIS2_PLACEMENT_3D ( 'NONE', #3972, #3211, #5983 ) ;
#706 = DIRECTION ( 'NONE',  ( 1.509903313490212895E-14, 0.000000000000000000, 1.000000000000000000 ) ) ;
#707 = ORIENTED_EDGE ( 'NONE', *, *, #479, .T. ) ;
#708 = CARTESIAN_POINT ( 'NONE',  ( -25.39079617903642827, 15.65184124410087740, 0.9880943927094102408 ) ) ;
#709 = CARTESIAN_POINT ( 'NONE',  ( -28.90553360208815192, -7.600013089390624366, -1.268374918238976523 ) ) ;
#710 = CARTESIAN_POINT ( 'NONE',  ( 29.43914165319148424, -7.907682389900513975, -1.315740522812071545 ) ) ;
#711 = CARTESIAN_POINT ( 'NONE',  ( -31.99999999799099015, -15.74666608564048431, -2.559466692843654023 ) ) ;
#712 = ORIENTED_EDGE ( 'NONE', *, *, #5205, .F. ) ;
#713 = CARTESIAN_POINT ( 'NONE',  ( 26.02358548777705494, -15.85603572143446449, 1.480055787147417146 ) ) ;
#714 = CARTESIAN_POINT ( 'NONE',  ( 27.90054683287218751, -19.80621876494893741, -1.704674241259540812 ) ) ;
#715 = CARTESIAN_POINT ( 'NONE',  ( 28.69457655659332573, 7.599997933073568745, 1.259539451598909787 ) ) ;
#716 = ORIENTED_EDGE ( 'NONE', *, *, #4925, .T. ) ;
#717 = CARTESIAN_POINT ( 'NONE',  ( -21.40000000000000213, 16.57087658867358471, 1.639711467693149016 ) ) ;
#718 = PLANE ( 'NONE',  #3901 ) ;
#719 = CARTESIAN_POINT ( 'NONE',  ( -29.91963642359771569, 19.40367666365150257, -2.363161932874926929 ) ) ;
#720 = DIRECTION ( 'NONE',  ( 0.000000000000000000, 0.000000000000000000, 1.000000000000000000 ) ) ;
#721 = CARTESIAN_POINT ( 'NONE',  ( -25.64289627159822871, 20.49999999999999645, -1.496608327161284446 ) ) ;
#722 = ORIENTED_EDGE ( 'NONE', *, *, #4658, .T. ) ;
#723 = ADVANCED_FACE ( 'NONE', ( #8584 ), #1996, .T. ) ;
#724 = CARTESIAN_POINT ( 'NONE',  ( -30.00000000000000000, 22.00000000000000000, -1.868547682487453621 ) ) ;
#725 = CARTESIAN_POINT ( 'NONE',  ( -29.99999999999999645, -15.50000000000000355, 1.143850916776045779 ) ) ;
#726 = VECTOR ( 'NONE', #4579, 1000.000000000000000 ) ;
#727 = VERTEX_POINT ( 'NONE', #4005 ) ;
#728 = EDGE_CURVE ( 'NONE', #2648, #3627, #48, .T. ) ;
#729 = CARTESIAN_POINT ( 'NONE',  ( -25.57964103144632517, 15.47316229694339818, 0.9697669543111379076 ) ) ;
#730 = CARTESIAN_POINT ( 'NONE',  ( 28.99999999999999289, 18.50000000000001066, 1.232924088170934018 ) ) ;
#731 = CARTESIAN_POINT ( 'NONE',  ( 23.90000000000000568, 13.89999999999999858, -10.00000000000000000 ) ) ;
#732 = CIRCLE ( 'NONE', #1824, 0.5000000000000000000 ) ;
#733 = EDGE_CURVE ( 'NONE', #662, #8254, #26, .T. ) ;
#734 = CARTESIAN_POINT ( 'NONE',  ( 26.79287392450093819, -14.08836316218464546, 1.418756249828837745 ) ) ;
#735 = CARTESIAN_POINT ( 'NONE',  ( 31.54743975903614839, 15.71045447693118113, 1.000013662612994070 ) ) ;
#736 = EDGE_CURVE ( 'NONE', #5876, #3948, #686, .T. ) ;
#737 = ORIENTED_EDGE ( 'NONE', *, *, #5898, .T. ) ;
#738 = FACE_OUTER_BOUND ( 'NONE', #1542, .T. ) ;
#739 = FACE_OUTER_BOUND ( 'NONE', #5078, .T. ) ;
#740 = ORIENTED_EDGE ( 'NONE', *, *, #1187, .T. ) ;
#741 = CYLINDRICAL_SURFACE ( 'NONE', #8286, 331.4999999999999432 ) ;
#742 = CARTESIAN_POINT ( 'NONE',  ( -29.01865474928726840, -19.59764677203231642, -2.282153021745585875 ) ) ;
#743 = FACE_BOUND ( 'NONE', #542, .T. ) ;
#744 = CARTESIAN_POINT ( 'NONE',  ( 25.14639718217346953, -15.83302067338347285, 1.011564045933865508 ) ) ;
#745 = CARTESIAN_POINT ( 'NONE',  ( 29.60000000000000142, 22.00000000000000000, -1.330196093404401037 ) ) ;
#746 = CARTESIAN_POINT ( 'NONE',  ( 23.90000000000001279, -16.19999999999999929, -0.8666075889594559989 ) ) ;
#747 = CARTESIAN_POINT ( 'NONE',  ( -26.99058749901657350, 21.78703049846478734, -2.108905826445832687 ) ) ;
#748 = CARTESIAN_POINT ( 'NONE',  ( -29.60000000000001208, -12.70585173349771679, -1.330196093404401037 ) ) ;
#749 = EDGE_LOOP ( 'NONE', ( #3580, #5350, #3271, #1657, #1507, #2058 ) ) ;
#750 = AXIS2_PLACEMENT_3D ( 'NONE', #7961, #3967, #7206 ) ;
#751 = ORIENTED_EDGE ( 'NONE', *, *, #6634, .F. ) ;
#752 = LINE ( 'NONE', #3117, #2298 ) ;
#753 = DIRECTION ( 'NONE',  ( 0.000000000000000000, 0.000000000000000000, 1.000000000000000000 ) ) ;
#754 = CARTESIAN_POINT ( 'NONE',  ( -29.60000000000000142, 8.399999999999996803, -1.330196093404401037 ) ) ;
#755 = VERTEX_POINT ( 'NONE', #1403 ) ;
#756 = CIRCLE ( 'NONE', #5176, 0.5000000000000000000 ) ;
#757 = ORIENTED_EDGE ( 'NONE', *, *, #6768, .F. ) ;
#758 = AXIS2_PLACEMENT_3D ( 'NONE', #8562, #599, #7269 ) ;
#759 = CARTESIAN_POINT ( 'NONE',  ( 0.9243221492964484032, -18.50000410642856252, 0.4990305914574296176 ) ) ;
#760 = ORIENTED_EDGE ( 'NONE', *, *, #7059, .F. ) ;
#761 = ORIENTED_EDGE ( 'NONE', *, *, #1016, .F. ) ;
#762 = LINE ( 'NONE', #4782, #2624 ) ;
#763 = CARTESIAN_POINT ( 'NONE',  ( -24.77449591197314760, 16.02727121151255929, 1.046746549949735261 ) ) ;
#764 = CARTESIAN_POINT ( 'NONE',  ( -26.64176304978940735, -20.32679489253207450, -1.589270055127792958 ) ) ;
#765 = CARTESIAN_POINT ( 'NONE',  ( 29.78826289288859641, -18.77502326082170114, -2.351251494024495070 ) ) ;
#766 = CARTESIAN_POINT ( 'NONE',  ( -31.12657277718566462, -17.29475763327949167, -2.475741379278554977 ) ) ;
#767 = ORIENTED_EDGE ( 'NONE', *, *, #419, .T. ) ;
#768 = ORIENTED_EDGE ( 'NONE', *, *, #5093, .T. ) ;
#769 = CARTESIAN_POINT ( 'NONE',  ( 25.76818525218188682, -15.24371674079223382, 0.9512967370559178848 ) ) ;
#770 = CARTESIAN_POINT ( 'NONE',  ( 26.93964102278558315, 21.29366092425367185, 1.406915817649257106 ) ) ;
#771 = CIRCLE ( 'NONE', #6128, 329.4999999999999432 ) ;
#772 = B_SPLINE_CURVE_WITH_KNOTS ( 'NONE', 3,
 ( #7329, #2063, #5990, #4011, #3356, #3323, #1343, #4696, #6744, #710, #2620, #7410, #6718, #8 ),
 .UNSPECIFIED., .F., .F.,
 ( 4, 2, 2, 2, 2, 2, 4 ),
 ( 0.000000000000000000, 0.0006313210745713700297, 0.0009469816118570550988, 0.001262642149142740059, 0.001893963223714110198, 0.002209623760999796568, 0.002525284298285483588 ),
 .UNSPECIFIED. ) ;
#773 = ADVANCED_FACE ( 'NONE', ( #2615 ), #5328, .T. ) ;
#774 = CARTESIAN_POINT ( 'NONE',  ( -28.73268972848130787, -19.22066021329749219, -1.784101582630222671 ) ) ;
#775 = DIRECTION ( 'NONE',  ( 0.9970548523794470208, 0.000000000000000000, 0.07669172932330454995 ) ) ;
#776 = DIRECTION ( 'NONE',  ( 0.000000000000000000, -1.000000000000000000, 0.000000000000000000 ) ) ;
#777 = ORIENTED_EDGE ( 'NONE', *, *, #4806, .F. ) ;
#778 = CARTESIAN_POINT ( 'NONE',  ( -32.00000000000000000, 22.00000000000000000, -1.555179672444835681 ) ) ;
#779 = CARTESIAN_POINT ( 'NONE',  ( -26.66361078419549813, 21.34227168969739452, -2.082188508577686115 ) ) ;
#780 = CARTESIAN_POINT ( 'NONE',  ( 26.79755313065471967, -6.513704236698701244, 1.418377803962089789 ) ) ;
#781 = CARTESIAN_POINT ( 'NONE',  ( 21.39999999999999503, 24.76813061057712773, -1.937490070343665938 ) ) ;
#782 = CARTESIAN_POINT ( 'NONE',  ( 25.30000000000000426, -22.00000000000000355, -1.472740857018095761 ) ) ;
#783 = CARTESIAN_POINT ( 'NONE',  ( 0.000000000000000000, -19.99999999999999645, -330.0000000000000000 ) ) ;
#784 = ORIENTED_EDGE ( 'NONE', *, *, #3420, .F. ) ;
#785 = CARTESIAN_POINT ( 'NONE',  ( 28.24051333050511658, 18.94674216844213532, 1.298554333037747366 ) ) ;
#786 = CARTESIAN_POINT ( 'NONE',  ( 31.95697454785104341, -16.17350967616092916, 0.9610447987889680910 ) ) ;
#787 = CARTESIAN_POINT ( 'NONE',  ( 25.26160849772382377, -20.99999999999999645, -1.971264770740411842 ) ) ;
#788 = CARTESIAN_POINT ( 'NONE',  ( -29.49866918224220314, 7.996424141471702995, -1.321083506157789689 ) ) ;
#789 = EDGE_CURVE ( 'NONE', #7209, #173, #3792, .T. ) ;
#790 = EDGE_CURVE ( 'NONE', #118, #1830, #7127, .T. ) ;
#791 = CARTESIAN_POINT ( 'NONE',  ( -25.94576510390902513, 14.95179141023375813, 0.9337488162489973043 ) ) ;
#792 = CARTESIAN_POINT ( 'NONE',  ( -25.26160849772383088, -21.50000000000000000, -1.971264770740374983 ) ) ;
#793 = CARTESIAN_POINT ( 'NONE',  ( 0.000000000000000000, 22.00000000000000000, -330.0000000000000000 ) ) ;
#794 = ORIENTED_EDGE ( 'NONE', *, *, #4661, .T. ) ;
#795 = CARTESIAN_POINT ( 'NONE',  ( -29.38945733284579376, -20.62541701783567660, -1.785937926863637282 ) ) ;
#796 = CARTESIAN_POINT ( 'NONE',  ( 25.44524793586858280, -16.32876657785730501, 1.524954449690593572 ) ) ;
#797 = CARTESIAN_POINT ( 'NONE',  ( -7.000000000000000000, 22.00000000000000000, 1.426085273926513963 ) ) ;
#798 = VERTEX_POINT ( 'NONE', #4887 ) ;
#799 = EDGE_CURVE ( 'NONE', #6202, #3526, #2203, .T. ) ;
#800 = CARTESIAN_POINT ( 'NONE',  ( -27.56825936384837306, -19.99169963264545657, -2.156842996420433423 ) ) ;
#801 = CARTESIAN_POINT ( 'NONE',  ( 25.73657481317177442, -15.28541130319039354, 0.9544040765265446868 ) ) ;
#802 = CARTESIAN_POINT ( 'NONE',  ( -28.23143334124410586, 21.34085392727785191, -2.213171471784781907 ) ) ;
#803 = CARTESIAN_POINT ( 'NONE',  ( 25.23933965392289025, -20.44574893087976619, 1.540697720404019089 ) ) ;
#804 = CARTESIAN_POINT ( 'NONE',  ( 31.65380424442732021, -17.47020472783358969, -1.978500157113095348 ) ) ;
#805 = CARTESIAN_POINT ( 'NONE',  ( -28.73272240780318398, 19.22063269761062543, -1.726353902433387599 ) ) ;
#806 = AXIS2_PLACEMENT_3D ( 'NONE', #8220, #3506, #6833 ) ;
#807 = EDGE_LOOP ( 'NONE', ( #3318, #8001, #4044, #1094 ) ) ;
#808 = AXIS2_PLACEMENT_3D ( 'NONE', #5110, #5797, #7802 ) ;
#809 = AXIS2_PLACEMENT_3D ( 'NONE', #3622, #6334, #7579 ) ;
#810 = ADVANCED_FACE ( 'NONE', ( #4707 ), #241, .F. ) ;
#811 = CARTESIAN_POINT ( 'NONE',  ( 31.77539606851041043, -17.03427282622626748, 0.5220180309691467846 ) ) ;
#812 = CARTESIAN_POINT ( 'NONE',  ( 25.11512434592090059, 16.48528452234167219, 1.550120327305954282 ) ) ;
#813 = ORIENTED_EDGE ( 'NONE', *, *, #4218, .T. ) ;
#814 = CARTESIAN_POINT ( 'NONE',  ( -29.60000000000000497, 8.294148266502284983, -1.330196093404400592 ) ) ;
#815 =( BOUNDED_CURVE ( )  B_SPLINE_CURVE ( 3, ( #1, #63, #759, #2764 ),
 .UNSPECIFIED., .F., .F. ) 
 B_SPLINE_CURVE_WITH_KNOTS ( ( 4, 4 ),
 ( 4.712388980384689674, 4.716584090013407504 ),
 .UNSPECIFIED. ) 
 CURVE ( )  GEOMETRIC_REPRESENTATION_ITEM ( )  RATIONAL_B_SPLINE_CURVE ( ( 1.000000000000000000, 0.9999985334218046695, 0.9999985334218046695, 1.000000000000000000 ) ) 
 REPRESENTATION_ITEM ( '' )  );
#816 = AXIS2_PLACEMENT_3D ( 'NONE', #5545, #3529, #1525 ) ;
#817 = CARTESIAN_POINT ( 'NONE',  ( -28.49999999966182074, -19.00000000000000355, 1.276319709120244728 ) ) ;
#818 = CARTESIAN_POINT ( 'NONE',  ( -26.82681651122588917, -21.82743078657945901, -1.584542796911094786 ) ) ;
#819 = EDGE_LOOP ( 'NONE', ( #751, #1338, #4566, #1893 ) ) ;
#821 = CARTESIAN_POINT ( 'NONE',  ( 27.04318462545278834, -21.78424838021583199, 0.9076097372892182324 ) ) ;
#820 = CARTESIAN_POINT ( 'NONE',  ( 25.85147886028067532, -15.11741133570313877, 0.9430813697623526837 ) ) ;
#822 = CARTESIAN_POINT ( 'NONE',  ( 25.33810240963855520, 21.50000000000000000, 1.533151534320438714 ) ) ;
#823 = VECTOR ( 'NONE', #7929, 1000.000000000000000 ) ;
#824 = CARTESIAN_POINT ( 'NONE',  ( 32.00000000000000000, 15.29999999999999716, -2.009146468990752332 ) ) ;
#825 = CARTESIAN_POINT ( 'NONE',  ( 25.07170012540063908, -15.87973500419636430, 1.018688760302440155 ) ) ;
#826 = CARTESIAN_POINT ( 'NONE',  ( -24.94951549352778031, 15.94692838848974681, 1.030272419148555274 ) ) ;
#828 = ORIENTED_EDGE ( 'NONE', *, *, #4315, .T. ) ;
#827 = CARTESIAN_POINT ( 'NONE',  ( 28.05568211123918232, 18.23889343526725781, 1.314257484297605361 ) ) ;
#829 = CARTESIAN_POINT ( 'NONE',  ( -30.81335429208273879, 18.05056409481132818, -2.446116711832117208 ) ) ;
#830 = CARTESIAN_POINT ( 'NONE',  ( 29.74061668858505669, 15.94674216864483007, 1.167260482243096975 ) ) ;
#831 = CARTESIAN_POINT ( 'NONE',  ( 30.17613057912805630, -19.09209148907612175, -2.386732675029461959 ) ) ;
#832 = DIRECTION ( 'NONE',  ( 1.000000000000000000, 0.000000000000000000, 0.000000000000000000 ) ) ;
#833 = ORIENTED_EDGE ( 'NONE', *, *, #5309, .F. ) ;
#834 = VECTOR ( 'NONE', #3786, 1000.000000000000000 ) ;
#835 = CARTESIAN_POINT ( 'NONE',  ( -29.04194684104753676, -20.22661594841615695, -2.284146691740745361 ) ) ;
#836 = FACE_OUTER_BOUND ( 'NONE', #5119, .T. ) ;
#837 = CARTESIAN_POINT ( 'NONE',  ( 26.25249587152746855, 15.55316206177567118, 1.461999686254166431 ) ) ;
#838 = CARTESIAN_POINT ( 'NONE',  ( 1.731001715620020365, -19.10000000000000142, -0.004539981137756887719 ) ) ;
#839 = EDGE_CURVE ( 'NONE', #1771, #1777, #1167, .T. ) ;
#840 = CARTESIAN_POINT ( 'NONE',  ( 29.80198936599505188, -16.82332458855056601, -1.348428495378812153 ) ) ;
#841 = DIRECTION ( 'NONE',  ( 0.000000000000000000, -0.000000000000000000, -1.000000000000000000 ) ) ;
#842 = ORIENTED_EDGE ( 'NONE', *, *, #3009, .T. ) ;
#843 = CIRCLE ( 'NONE', #4382, 0.2000000000000000111 ) ;
#844 = CARTESIAN_POINT ( 'NONE',  ( -27.42205469198767886, -21.65897223877561117, -2.144693056666762576 ) ) ;
#845 = VECTOR ( 'NONE', #5112, 1000.000000000000000 ) ;
#846 = ORIENTED_EDGE ( 'NONE', *, *, #477, .T. ) ;
#847 = EDGE_CURVE ( 'NONE', #7730, #7278, #2720, .T. ) ;
#848 = VECTOR ( 'NONE', #3462, 1000.000000000000000 ) ;
#850 = DIRECTION ( 'NONE',  ( 1.000000000000000000, 0.000000000000000000, 0.000000000000000000 ) ) ;
#849 = CARTESIAN_POINT ( 'NONE',  ( 25.04851298534061499, -15.89411974624669810, 1.020896735032116531 ) ) ;
#851 = CARTESIAN_POINT ( 'NONE',  ( -30.04552352048558106, 15.61113347750609393, -1.370624386102740511 ) ) ;
#852 = FACE_OUTER_BOUND ( 'NONE', #2395, .T. ) ;
#853 = EDGE_CURVE ( 'NONE', #5604, #4975, #6809, .T. ) ;
#854 = ADVANCED_FACE ( 'NONE', ( #5028 ), #6652, .T. ) ;
#855 = ORIENTED_EDGE ( 'NONE', *, *, #2864, .T. ) ;
#856 = ORIENTED_EDGE ( 'NONE', *, *, #1298, .F. ) ;
#857 = AXIS2_PLACEMENT_3D ( 'NONE', #1843, #3149, #7071 ) ;
#858 = CARTESIAN_POINT ( 'NONE',  ( -26.64209393680744498, -20.32670811504705810, -1.589299597322109125 ) ) ;
#859 = ORIENTED_EDGE ( 'NONE', *, *, #5936, .F. ) ;
#860 = CARTESIAN_POINT ( 'NONE',  ( 25.63090247943760858, -15.41644539014627213, 0.9647629093769648501 ) ) ;
#861 = VECTOR ( 'NONE', #475, 1000.000000000000000 ) ;
#862 = CARTESIAN_POINT ( 'NONE',  ( -25.99408438677845368, 14.85195484748783734, 0.9289474872213847600 ) ) ;
#863 = CARTESIAN_POINT ( 'NONE',  ( -26.72347309405323301, -14.64733422179074829, 1.424390956253902552 ) ) ;
#864 = AXIS2_PLACEMENT_3D ( 'NONE', #3958, #669, #5934 ) ;
#865 = CARTESIAN_POINT ( 'NONE',  ( 1.731001715620020365, -19.10000000000000142, -0.004539981137756887719 ) ) ;
#866 = AXIS2_PLACEMENT_3D ( 'NONE', #6255, #1555, #3629 ) ;
#867 = CARTESIAN_POINT ( 'NONE',  ( 25.68069821347476989, -20.49747478515835297, -1.000578103764052207 ) ) ;
#868 = CARTESIAN_POINT ( 'NONE',  ( -6.999999999999999112, 21.63206958901259824, 2.426307623208461717 ) ) ;
#869 = CARTESIAN_POINT ( 'NONE',  ( -29.07530720715052652, 18.17456442833910302, -1.283318905314832836 ) ) ;
#870 = ORIENTED_EDGE ( 'NONE', *, *, #8171, .T. ) ;
#871 = ORIENTED_EDGE ( 'NONE', *, *, #53, .T. ) ;
#872 = EDGE_LOOP ( 'NONE', ( #2517, #4451, #5795, #2551 ) ) ;
#873 = FACE_OUTER_BOUND ( 'NONE', #6721, .T. ) ;
#874 = CARTESIAN_POINT ( 'NONE',  ( 32.00000000000000000, -15.29999999999999893, 0.9568803805893424386 ) ) ;
#875 = CARTESIAN_POINT ( 'NONE',  ( 26.78409743689815414, 13.99383484812125467, 1.419465498307661999 ) ) ;
#876 = CARTESIAN_POINT ( 'NONE',  ( 25.00144388323976585, 20.00000000000079581, 1.558709437338138493 ) ) ;
#877 = CARTESIAN_POINT ( 'NONE',  ( -25.89600824392844913, -15.05262606375019629, -1.017623918503932190 ) ) ;
#878 = ORIENTED_EDGE ( 'NONE', *, *, #853, .T. ) ;
#879 = ORIENTED_EDGE ( 'NONE', *, *, #2248, .F. ) ;
#880 = LOCAL_TIME ( 17, 26, 55.00000000000000000, #683 ) ;
#881 = CARTESIAN_POINT ( 'NONE',  ( -12.00000000000000000, 16.79999999999986926, 2.283388089142968091 ) ) ;
#882 = CARTESIAN_POINT ( 'NONE',  ( 29.56611510572119528, -17.38910728067611799, -1.327124848758989062 ) ) ;
#883 = CARTESIAN_POINT ( 'NONE',  ( -29.74061668858522722, -15.94674216864493133, 1.167260482243081432 ) ) ;
#884 = CARTESIAN_POINT ( 'NONE',  ( -28.80804499648151662, -21.01258534820111024, -2.263510638149918375 ) ) ;
#886 = CARTESIAN_POINT ( 'NONE',  ( -0.4621615829953991117, -17.70000293316459050, 0.4999999999999450440 ) ) ;
#885 = CARTESIAN_POINT ( 'NONE',  ( 25.24221270571699449, -16.44203167772499086, 1.540468708789461516 ) ) ;
#887 = FACE_OUTER_BOUND ( 'NONE', #7960, .T. ) ;
#888 = CARTESIAN_POINT ( 'NONE',  ( 23.90000000000000568, 16.19999999999999929, 1.466152118131058835 ) ) ;
#889 = CARTESIAN_POINT ( 'NONE',  ( 12.00000000000000000, 16.59999988203759003, 2.083257593288572185 ) ) ;
#890 = CARTESIAN_POINT ( 'NONE',  ( -25.57773459082556400, 15.47506496956304822, 0.9699524648857033027 ) ) ;
#891 = CARTESIAN_POINT ( 'NONE',  ( 0.000000000000000000, -16.19999999999999929, -330.0000000000000000 ) ) ;
#892 =( NAMED_UNIT ( * ) SI_UNIT ( $, .STERADIAN. ) SOLID_ANGLE_UNIT ( ) );
#893 = CARTESIAN_POINT ( 'NONE',  ( 29.60000000000000142, 22.00000000000000000, -1.330196093404401037 ) ) ;
#894 = CARTESIAN_POINT ( 'NONE',  ( 25.05535689016245726, -20.26110656486674699, 1.554652511776680957 ) ) ;
#895 = VERTEX_POINT ( 'NONE', #4675 ) ;
#896 = CARTESIAN_POINT ( 'NONE',  ( 0.000000000000000000, -6.513704236698701244, -330.0000000000000000 ) ) ;
#897 = EDGE_CURVE ( 'NONE', #4741, #4069, #1337, .T. ) ;
#898 = ORIENTED_EDGE ( 'NONE', *, *, #3528, .F. ) ;
#899 = CARTESIAN_POINT ( 'NONE',  ( 24.20115879335378040, 16.18050982237519619, 1.041476650010377147 ) ) ;
#900 = CARTESIAN_POINT ( 'NONE',  ( 31.64228540408421253, 17.47135844053801890, -2.524751615786916314 ) ) ;
#901 = DIRECTION ( 'NONE',  ( -0.000000000000000000, 0.000000000000000000, 1.000000000000000000 ) ) ;
#902 = EDGE_CURVE ( 'NONE', #2100, #8058, #8367, .T. ) ;
#903 = CARTESIAN_POINT ( 'NONE',  ( -30.61939902637256594, 19.39728837238490300, -1.888880549550987276 ) ) ;
#904 = EDGE_CURVE ( 'NONE', #1237, #8185, #5972, .T. ) ;
#905 = CARTESIAN_POINT ( 'NONE',  ( -30.50000000000000000, -15.30000000000000249, -1.412175704298959777 ) ) ;
#906 = VERTEX_POINT ( 'NONE', #1829 ) ;
#908 = CARTESIAN_POINT ( 'NONE',  ( 1.384801372496015981, -19.70000000000000284, -0.002905580732847430365 ) ) ;
#907 = CARTESIAN_POINT ( 'NONE',  ( 29.42234456483737048, 17.65717236733939899, -1.314199972490197377 ) ) ;
#909 = CARTESIAN_POINT ( 'NONE',  ( -29.56611510572120949, 17.38910728067611799, -1.327124848758988840 ) ) ;
#910 = AXIS2_PLACEMENT_3D ( 'NONE', #4760, #2159, #4175 ) ;
#911 = EDGE_CURVE ( 'NONE', #590, #1601, #7992, .T. ) ;
#912 = ORIENTED_EDGE ( 'NONE', *, *, #1748, .F. ) ;
#913 = CARTESIAN_POINT ( 'NONE',  ( 0.000000000000000000, -19.99999999999999645, -2.168404344971008868E-16 ) ) ;
#914 = DIRECTION ( 'NONE',  ( 0.000000000000000000, 0.000000000000000000, 1.000000000000000000 ) ) ;
#915 = DIRECTION ( 'NONE',  ( -0.000000000000000000, -1.000000000000000000, -0.000000000000000000 ) ) ;
#916 = CARTESIAN_POINT ( 'NONE',  ( -29.56722990885231539, -17.38714016655880812, -1.327224956990111782 ) ) ;
#917 = CARTESIAN_POINT ( 'NONE',  ( -25.30000000000000071, -22.00000000000000000, 1.034605441787628255 ) ) ;
#918 = DIRECTION ( 'NONE',  ( 0.000000000000000000, 0.000000000000000000, 1.000000000000000000 ) ) ;
#919 = CARTESIAN_POINT ( 'NONE',  ( 31.99999999870798106, -15.74670409497454493, -2.559466692899240670 ) ) ;
#920 = CARTESIAN_POINT ( 'NONE',  ( -29.33374322178876881, 17.78984817632518656, -1.306314346667192705 ) ) ;
#921 = AXIS2_PLACEMENT_3D ( 'NONE', #5384, #3308, #2075 ) ;
#922 = ORIENTED_EDGE ( 'NONE', *, *, #1075, .F. ) ;
#923 = EDGE_CURVE ( 'NONE', #447, #2151, #1064, .T. ) ;
#924 = AXIS2_PLACEMENT_3D ( 'NONE', #8209, #4224, #1596 ) ;
#925 = CARTESIAN_POINT ( 'NONE',  ( -25.33810240963855520, 21.50000000000000000, 1.533151534320415621 ) ) ;
#926 = CARTESIAN_POINT ( 'NONE',  ( 25.70929928815994359, 16.12292929593701274, 1.504574956689913590 ) ) ;
#927 = CARTESIAN_POINT ( 'NONE',  ( 26.19999999999999929, -13.89999999999999503, -1.041704770954277048 ) ) ;
#928 = ORIENTED_EDGE ( 'NONE', *, *, #8320, .T. ) ;
#929 = CARTESIAN_POINT ( 'NONE',  ( 24.66055169877778042, 16.07191565353730667, 0.9994412870805995386 ) ) ;
#930 = DIRECTION ( 'NONE',  ( -0.000000000000000000, -1.000000000000000000, -0.000000000000000000 ) ) ;
#931 = CARTESIAN_POINT ( 'NONE',  ( -1.594121087403213455, -19.26073095731780072, -0.003785178488656841273 ) ) ;
#932 = CARTESIAN_POINT ( 'NONE',  ( -29.56784963261913646, -17.38586477079492099, -1.327280757100275155 ) ) ;
#933 = LINE ( 'NONE', #8548, #2494 ) ;
#934 = DIRECTION ( 'NONE',  ( 0.000000000000000000, 1.000000000000000000, 0.000000000000000000 ) ) ;
#935 = CARTESIAN_POINT ( 'NONE',  ( -29.49867407959499488, 13.00356690315842023, 1.188888488577207303 ) ) ;
#936 = ORIENTED_EDGE ( 'NONE', *, *, #1075, .T. ) ;
#937 = LINE ( 'NONE', #4453, #4900 ) ;
#938 = CARTESIAN_POINT ( 'NONE',  ( 31.82862078276724915, 16.82145642349963310, -1.993951928333635548 ) ) ;
#939 = CYLINDRICAL_SURFACE ( 'NONE', #8190, 6.700000000000001066 ) ;
#940 = CARTESIAN_POINT ( 'NONE',  ( 0.07010324574813896203, -16.70000580332501627, 0.1999999859398436386 ) ) ;
#941 = CARTESIAN_POINT ( 'NONE',  ( -25.85147886028066821, 15.11741133570313877, 0.9430813697623526837 ) ) ;
#942 = DIRECTION ( 'NONE',  ( 0.000000000000000000, 0.000000000000000000, -1.000000000000000000 ) ) ;
#943 = APPLICATION_CONTEXT ( 'configuration controlled 3d designs of mechanical parts and assemblies' ) ;
#944 = CARTESIAN_POINT ( 'NONE',  ( 29.80249505292583834, -17.90701865560055950, -1.811511305364359226 ) ) ;
#945 = ORIENTED_EDGE ( 'NONE', *, *, #6129, .T. ) ;
#946 = LINE ( 'NONE', #8295, #6693 ) ;
#947 = VECTOR ( 'NONE', #6503, 1000.000000000000000 ) ;
#948 = ORIENTED_EDGE ( 'NONE', *, *, #496, .F. ) ;
#949 = VECTOR ( 'NONE', #2081, 1000.000000000000000 ) ;
#950 = CARTESIAN_POINT ( 'NONE',  ( 26.20000000000000284, 13.39999999999999680, 5.301000000000002821 ) ) ;
#951 = CIRCLE ( 'NONE', #104, 0.5000000000000001110 ) ;
#952 = EDGE_CURVE ( 'NONE', #4240, #5496, #8050, .T. ) ;
#953 = VERTEX_POINT ( 'NONE', #2564 ) ;
#954 = EDGE_CURVE ( 'NONE', #5765, #2047, #2012, .T. ) ;
#955 = CARTESIAN_POINT ( 'NONE',  ( -25.00144388324672207, -20.13036663315888575, 1.558709437337600034 ) ) ;
#956 = ORIENTED_EDGE ( 'NONE', *, *, #7490, .F. ) ;
#957 = CARTESIAN_POINT ( 'NONE',  ( -28.39760603037810327, -7.700685153621474655, 1.285127047913231735 ) ) ;
#958 = CARTESIAN_POINT ( 'NONE',  ( 30.62735647723927812, 19.38669185327219324, -1.889560095820264296 ) ) ;
#959 = FACE_OUTER_BOUND ( 'NONE', #3407, .T. ) ;
#960 = EDGE_LOOP ( 'NONE', ( #675, #9, #4139, #7326 ) ) ;
#961 = DIRECTION ( 'NONE',  ( 0.9970548523794470208, 0.000000000000000000, -0.07669172932330454995 ) ) ;
#962 = VECTOR ( 'NONE', #7943, 1000.000000000000000 ) ;
#963 = CARTESIAN_POINT ( 'NONE',  ( 25.29001506452573622, 15.73315721883751905, 0.9402224553393311313 ) ) ;
#964 = CARTESIAN_POINT ( 'NONE',  ( 29.60000000000000142, 8.399999999999996803, -1.330196093404401037 ) ) ;
#965 = ADVANCED_FACE ( 'NONE', ( #1795 ), #3910, .T. ) ;
#966 = VERTEX_POINT ( 'NONE', #38 ) ;
#967 = CARTESIAN_POINT ( 'NONE',  ( -28.21150627834183311, -19.03571203400663236, -1.208002710005977365 ) ) ;
#968 = ORIENTED_EDGE ( 'NONE', *, *, #8406, .T. ) ;
#969 = ORIENTED_EDGE ( 'NONE', *, *, #4205, .T. ) ;
#970 = CARTESIAN_POINT ( 'NONE',  ( 28.88124729900181009, 18.40966648757035884, -1.266185105761366003 ) ) ;
#971 = LINE ( 'NONE', #4016, #8272 ) ;
#972 = CARTESIAN_POINT ( 'NONE',  ( 0.000000000000000000, 20.99999999999999289, -1.000000000000056399 ) ) ;
#973 = DIRECTION ( 'NONE',  ( 0.9999912005405066084, -1.302512646441126852E-15, -0.004195097323811793413 ) ) ;
#974 = ORIENTED_EDGE ( 'NONE', *, *, #2127, .T. ) ;
#975 = CARTESIAN_POINT ( 'NONE',  ( -27.90533937262852504, 19.81318837436713665, -1.705017427374807548 ) ) ;
#976 = DATE_TIME_ROLE ( 'classification_date' ) ;
#977 = VERTEX_POINT ( 'NONE', #7974 ) ;
#978 = AXIS2_PLACEMENT_3D ( 'NONE', #438, #7866, #2510 ) ;
#979 = CARTESIAN_POINT ( 'NONE',  ( 26.00000000000000000, 20.13237557720702142, 1.481899958369614412 ) ) ;
#980 = DIRECTION ( 'NONE',  ( 0.000000000000000000, 0.000000000000000000, -1.000000000000000000 ) ) ;
#981 = CARTESIAN_POINT ( 'NONE',  ( -27.13066533339154773, 20.17007490361522670, -1.604327473476884869 ) ) ;
#982 = CARTESIAN_POINT ( 'NONE',  ( 1.096828936352698181, -18.39976344497170757, 0.4985483759768011280 ) ) ;
#983 = ORIENTED_EDGE ( 'NONE', *, *, #4915, .F. ) ;
#984 = AXIS2_PLACEMENT_3D ( 'NONE', #1704, #973, #8414 ) ;
#985 = CARTESIAN_POINT ( 'NONE',  ( -29.00897770699778278, -13.37928647832605655, 1.232152188352038547 ) ) ;
#986 = CARTESIAN_POINT ( 'NONE',  ( 24.91750403082062704, 15.96302863697872709, 0.9754777322630272529 ) ) ;
#987 = CARTESIAN_POINT ( 'NONE',  ( 31.29377411237923567, 16.70825289607752140, -2.491677558818155447 ) ) ;
#988 = CARTESIAN_POINT ( 'NONE',  ( 26.20000000000000995, -13.89999999999999858, 0.9083693958394593038 ) ) ;
#989 = CARTESIAN_POINT ( 'NONE',  ( 25.26160849772382377, 20.99999999999999645, -1.971264770740411842 ) ) ;
#990 = CARTESIAN_POINT ( 'NONE',  ( 25.77927440603130194, 21.99749349202857118, 1.499434057836810830 ) ) ;
#991 = CARTESIAN_POINT ( 'NONE',  ( 25.05434862802658813, 20.26008800672913068, 1.554728983250195151 ) ) ;
#992 = CARTESIAN_POINT ( 'NONE',  ( 28.38230550999653445, 7.686515811381145369, -1.222770424795132094 ) ) ;
#993 = EDGE_LOOP ( 'NONE', ( #3687, #4258, #7374, #6863 ) ) ;
#994 = CARTESIAN_POINT ( 'NONE',  ( -29.08124029187522197, -18.16668346177038629, -1.283844459320139020 ) ) ;
#995 = CARTESIAN_POINT ( 'NONE',  ( 30.04552352048558461, 15.61111569842628910, -1.370624386102806014 ) ) ;
#996 = CARTESIAN_POINT ( 'NONE',  ( 26.85463358790784483, 21.82088213339010352, 1.413844635248331594 ) ) ;
#997 = ORIENTED_EDGE ( 'NONE', *, *, #8566, .T. ) ;
#998 = CARTESIAN_POINT ( 'NONE',  ( -26.05254859443070004, -14.71115754821308030, 0.9231250595366362610 ) ) ;
#999 = CARTESIAN_POINT ( 'NONE',  ( 29.29111584750388175, -7.759930245579923280, 1.207315787149263020 ) ) ;
#1000 = CARTESIAN_POINT ( 'NONE',  ( 25.50000000000000000, -20.00000000000000355, -500000.0000000000582 ) ) ;
#1001 = APPROVAL_STATUS ( 'not_yet_approved' ) ;
#1002 = CARTESIAN_POINT ( 'NONE',  ( -21.40000000000000213, 16.75631529253509200, 1.810623699724234204 ) ) ;
#1003 = ADVANCED_FACE ( 'NONE', ( #4914 ), #4512, .T. ) ;
#1004 = CARTESIAN_POINT ( 'NONE',  ( -26.19999999999999929, -7.599999999999996980, 5.301000000000002821 ) ) ;
#1005 = ORIENTED_EDGE ( 'NONE', *, *, #3761, .T. ) ;
#1006 = CARTESIAN_POINT ( 'NONE',  ( -26.26264779403230065, -15.56371976614078356, 1.461195490521411955 ) ) ;
#1007 = EDGE_CURVE ( 'NONE', #6233, #906, #5138, .T. ) ;
#1008 = CARTESIAN_POINT ( 'NONE',  ( -28.10133168201724274, -13.00357868069837863, 1.310378327425564926 ) ) ;
#1009 = CARTESIAN_POINT ( 'NONE',  ( -25.89070297118166053, 15.98683140714254236, 1.490456442845879304 ) ) ;
#1010 = CARTESIAN_POINT ( 'NONE',  ( -29.21776294232692806, -7.686565273468652038, 1.213819583203630703 ) ) ;
#1011 = CARTESIAN_POINT ( 'NONE',  ( 29.04013999883396835, 20.22799783800908813, -2.283986579534857508 ) ) ;
#1012 = VERTEX_POINT ( 'NONE', #3325 ) ;
#1013 = CARTESIAN_POINT ( 'NONE',  ( 30.50000000000000000, 15.29999999999999716, -1.412175704298959777 ) ) ;
#1014 = CARTESIAN_POINT ( 'NONE',  ( 23.93683557770508585, -16.75631529253509555, 1.637268566917709611 ) ) ;
#1015 = EDGE_CURVE ( 'NONE', #4586, #2370, #3351, .T. ) ;
#1016 = EDGE_CURVE ( 'NONE', #7534, #4832, #7847, .T. ) ;
#1017 = CARTESIAN_POINT ( 'NONE',  ( 25.12137135435621360, 15.85011901539544787, 0.9562657593369068287 ) ) ;
#1018 = CARTESIAN_POINT ( 'NONE',  ( 29.00897272762761148, 7.620712454544779746, -1.277489464082022907 ) ) ;
#1019 = CARTESIAN_POINT ( 'NONE',  ( -21.40000000000000213, 22.00000000000000000, 0.8085397930349680351 ) ) ;
#1020 = CARTESIAN_POINT ( 'NONE',  ( -29.79796265802350419, -16.81204781022896100, -1.348081622612863129 ) ) ;
#1021 = AXIS2_PLACEMENT_3D ( 'NONE', #6641, #2653, #6658 ) ;
#1022 = DIRECTION ( 'NONE',  ( 0.000000000000000000, -0.000000000000000000, 1.000000000000000000 ) ) ;
#1023 = EDGE_LOOP ( 'NONE', ( #4747, #3889, #8158, #7273 ) ) ;
#1024 = CARTESIAN_POINT ( 'NONE',  ( 26.43978729831847474, 20.37650634393898130, -2.064065071234340909 ) ) ;
#1025 = CARTESIAN_POINT ( 'NONE',  ( 27.65830434516733050, 21.57506695217062997, 0.8606322106091282009 ) ) ;
#1026 = AXIS2_PLACEMENT_3D ( 'NONE', #237, #5530, #832 ) ;
#1027 = EDGE_CURVE ( 'NONE', #8480, #4196, #1586, .T. ) ;
#1028 = CARTESIAN_POINT ( 'NONE',  ( -26.79755313065472677, 22.00000000000000000, 1.418377803962089789 ) ) ;
#1029 = CARTESIAN_POINT ( 'NONE',  ( -11.99999999999999822, 16.19999999999999929, -1.937490070343665938 ) ) ;
#1030 = CARTESIAN_POINT ( 'NONE',  ( -25.91178851002694117, -15.01539888147011403, 0.9371176155950755593 ) ) ;
#1032 = EDGE_LOOP ( 'NONE', ( #6622, #250, #3228, #6323 ) ) ;
#1031 = CARTESIAN_POINT ( 'NONE',  ( -31.25181542175539562, 16.91725644460868949, -2.487663578867412184 ) ) ;
#1033 = CARTESIAN_POINT ( 'NONE',  ( 27.42217100177174416, -19.52559147262464379, -1.141206403738601827 ) ) ;
#1034 = CARTESIAN_POINT ( 'NONE',  ( -25.99995316231474618, -20.13091311534015659, 1.481903632098258150 ) ) ;
#1035 = VECTOR ( 'NONE', #7882, 1000.000000000000000 ) ;
#1036 = DIRECTION ( 'NONE',  ( -0.000000000000000000, -0.000000000000000000, -1.000000000000000000 ) ) ;
#1037 = CARTESIAN_POINT ( 'NONE',  ( -24.31295183851994324, -16.16293959361244958, 1.089511995265498356 ) ) ;
#1038 = VERTEX_POINT ( 'NONE', #2678 ) ;
#1039 = CARTESIAN_POINT ( 'NONE',  ( -26.43612411302932230, 15.29050036608005492, 1.447404326159507759 ) ) ;
#1040 = CARTESIAN_POINT ( 'NONE',  ( 25.55233019243953052, 15.50037795368623961, 0.9150043424878105958 ) ) ;
#1041 = CARTESIAN_POINT ( 'NONE',  ( 28.03144017288739676, 21.42196583858579118, -2.196210046536076099 ) ) ;
#1042 = CARTESIAN_POINT ( 'NONE',  ( 29.43474991418439046, 18.47164978783906619, -1.781899240496009007 ) ) ;
#1043 = FACE_OUTER_BOUND ( 'NONE', #8383, .T. ) ;
#1044 = CARTESIAN_POINT ( 'NONE',  ( 25.36832845357671573, 20.50000000001693934, 1.530866363062679980 ) ) ;
#1045 = CARTESIAN_POINT ( 'NONE',  ( 28.16087125295082672, -13.09233782943466906, -1.203754859370136820 ) ) ;
#1046 = DIRECTION ( 'NONE',  ( 0.000000000000000000, 1.000000000000000000, 0.000000000000000000 ) ) ;
#1047 = EDGE_LOOP ( 'NONE', ( #7649, #5253, #5249, #5995 ) ) ;
#1048 = ADVANCED_FACE ( 'NONE', ( #3039 ), #2508, .T. ) ;
#1049 = VECTOR ( 'NONE', #8395, 1000.000000000000000 ) ;
#1050 = CARTESIAN_POINT ( 'NONE',  ( -25.50000000000000355, 19.99999999999999645, 1.520738416181999231 ) ) ;
#1051 = CIRCLE ( 'NONE', #1308, 0.1999999999999999833 ) ;
#1052 = LINE ( 'NONE', #6353, #3886 ) ;
#1053 = CARTESIAN_POINT ( 'NONE',  ( -30.00000000013388046, 14.99999999999999822, 1.143850916775968285 ) ) ;
#1054 = CARTESIAN_POINT ( 'NONE',  ( -26.20000000000000284, 21.99999999999999645, -1.041704770954277048 ) ) ;
#1055 = FACE_OUTER_BOUND ( 'NONE', #6713, .T. ) ;
#1056 = EDGE_LOOP ( 'NONE', ( #1764, #2013, #7072, #6646 ) ) ;
#1057 = CARTESIAN_POINT ( 'NONE',  ( 26.19999999999999929, -13.39999999999999503, 0.3627097600454320947 ) ) ;
#1058 = CARTESIAN_POINT ( 'NONE',  ( -29.54802502328364255, 19.06812574208633748, -2.329458783336858740 ) ) ;
#1059 = ORIENTED_EDGE ( 'NONE', *, *, #3615, .F. ) ;
#1060 = CARTESIAN_POINT ( 'NONE',  ( -24.64006963542130535, 16.08287911206679155, -0.9211546897570849213 ) ) ;
#1061 = FACE_OUTER_BOUND ( 'NONE', #960, .T. ) ;
#1062 = CARTESIAN_POINT ( 'NONE',  ( -25.57992057215790638, -15.47106398110540582, 0.9697337980607387831 ) ) ;
#1063 = CARTESIAN_POINT ( 'NONE',  ( -29.92117273886458051, 19.40192621335602752, -2.363302330209467783 ) ) ;
#1064 = CIRCLE ( 'NONE', #7568, 331.9300665634187339 ) ;
#1065 = CARTESIAN_POINT ( 'NONE',  ( 29.44315890951677872, -18.46077732615169964, -1.315846994181058216 ) ) ;
#1066 = DIRECTION ( 'NONE',  ( 1.000000000000000000, -0.000000000000000000, 0.000000000000000000 ) ) ;
#1067 = CARTESIAN_POINT ( 'NONE',  ( -30.46622561085484548, 15.98398746638567403, -1.865752452532003058 ) ) ;
#1068 = ORIENTED_EDGE ( 'NONE', *, *, #3190, .T. ) ;
#1069 = ORIENTED_EDGE ( 'NONE', *, *, #5271, .F. ) ;
#1070 = CARTESIAN_POINT ( 'NONE',  ( -24.38787897175016539, -16.14770637817967014, 1.082635644789319285 ) ) ;
#1071 = ORIENTED_EDGE ( 'NONE', *, *, #6628, .F. ) ;
#1072 = EDGE_CURVE ( 'NONE', #727, #5729, #5365, .T. ) ;
#1073 = CYLINDRICAL_SURFACE ( 'NONE', #5739, 0.5000000000000000000 ) ;
#1074 = CARTESIAN_POINT ( 'NONE',  ( -25.85424624488595313, -15.11513839120405756, 0.9428118281795488942 ) ) ;
#1075 = EDGE_CURVE ( 'NONE', #7353, #5765, #3252, .T. ) ;
#1076 = CARTESIAN_POINT ( 'NONE',  ( 29.81198948794733994, -17.90720063996974076, -1.891050528485844540 ) ) ;
#1077 = CARTESIAN_POINT ( 'NONE',  ( -24.85450247018516734, 16.60577751708222394, 1.569759916709261738 ) ) ;
#1078 = CARTESIAN_POINT ( 'NONE',  ( 25.41733186989269910, 15.63011969005854240, 0.9280263321248298780 ) ) ;
#1079 = CARTESIAN_POINT ( 'NONE',  ( 26.67233951011311888, 21.34030908587170927, -2.082897056707595507 ) ) ;
#1080 = CARTESIAN_POINT ( 'NONE',  ( 30.17342396068064758, 17.12169210484775661, -1.382055465990675858 ) ) ;
#1081 = B_SPLINE_CURVE_WITH_KNOTS ( 'NONE', 3,
 ( #2269, #4876, #8259, #999, #4334, #2945, #1556, #4220, #8313, #7589, #5587, #6318, #2868, #342 ),
 .UNSPECIFIED., .F., .F.,
 ( 4, 2, 2, 2, 2, 2, 4 ),
 ( 0.000000000000000000, 0.0006313108629304932818, 0.0009469662943957362364, 0.001262621725860979408, 0.001893932588791454909, 0.002209588020256694069, 0.002525243451721932361 ),
 .UNSPECIFIED. ) ;
#1082 = ORIENTED_EDGE ( 'NONE', *, *, #4915, .T. ) ;
#1083 = ORIENTED_EDGE ( 'NONE', *, *, #6777, .F. ) ;
#1084 = FACE_OUTER_BOUND ( 'NONE', #158, .T. ) ;
#1085 = CARTESIAN_POINT ( 'NONE',  ( -24.94638250406226021, -16.57294730931660709, 1.562859698376318551 ) ) ;
#1086 = CARTESIAN_POINT ( 'NONE',  ( 29.02027277477348832, 19.59622692321971371, -2.282296381111792449 ) ) ;
#1087 = B_SPLINE_CURVE_WITH_KNOTS ( 'NONE', 3,
 ( #2816, #6362, #6550, #1776, #4549, #7187, #8490, #6460, #3142, #3808, #7094, #3855, #1136, #5751 ),
 .UNSPECIFIED., .F., .F.,
 ( 4, 2, 2, 2, 2, 2, 4 ),
 ( 0.000000000000000000, 0.0006313008982285001547, 0.0009469513473427483346, 0.001262601796456996623, 0.001893902694685482575, 0.002209553143799727285, 0.002525203592913971996 ),
 .UNSPECIFIED. ) ;
#1088 = CARTESIAN_POINT ( 'NONE',  ( -28.36831186151504980, 18.99999999991063149, 1.287648958190829696 ) ) ;
#1089 = EDGE_CURVE ( 'NONE', #1496, #6371, #6608, .T. ) ;
#1090 = ADVANCED_FACE ( 'NONE', ( #4819 ), #2756, .F. ) ;
#1091 = CARTESIAN_POINT ( 'NONE',  ( 29.41212079906084398, 18.50153466250445078, -2.317073092742879759 ) ) ;
#1092 =( BOUNDED_SURFACE ( )  B_SPLINE_SURFACE ( 3, 2, ( 
 ( #7411, #1412, #5340 ),
 ( #4673, #7386, #5373 ),
 ( #3414, #6746, #4038 ),
 ( #2019, #6083, #3299 ) ),
 .UNSPECIFIED., .F., .F., .T. ) 
 B_SPLINE_SURFACE_WITH_KNOTS ( ( 4, 4 ),
 ( 3, 3 ),
 ( 1.565550842995624414, 1.569747234653598555 ),
 ( 0.000000000000000000, 1.000000000000000000 ),
 .UNSPECIFIED. ) 
 GEOMETRIC_REPRESENTATION_ITEM ( )  RATIONAL_B_SPLINE_SURFACE ( (
 ( 1.000000000000000000, 0.7087110488037755562, 1.000000000000000000),
 ( 1.000000000000000000, 0.7082837317531466281, 1.000000000000000000),
 ( 1.000000000000000000, 0.7078560235226064590, 1.000000000000000000),
 ( 1.000000000000000000, 0.7074279257559101808, 1.000000000000000000) ) ) 
 REPRESENTATION_ITEM ( '' )  SURFACE ( )  );
#1093 = ORIENTED_EDGE ( 'NONE', *, *, #7674, .T. ) ;
#1094 = ORIENTED_EDGE ( 'NONE', *, *, #3758, .F. ) ;
#1095 = AXIS2_PLACEMENT_3D ( 'NONE', #5762, #1761, #5021 ) ;
#1096 = DIRECTION ( 'NONE',  ( -0.000000000000000000, -0.000000000000000000, -1.000000000000000000 ) ) ;
#1097 = CARTESIAN_POINT ( 'NONE',  ( -30.59040929111279539, 17.31057112915753393, -2.425226846987080354 ) ) ;
#1098 = CARTESIAN_POINT ( 'NONE',  ( -26.14967201998582880, -21.46000539564827747, 1.470364171044890034 ) ) ;
#1099 = CARTESIAN_POINT ( 'NONE',  ( 25.26160849772382733, -21.50000000000000000, -1.971264770740375427 ) ) ;
#1100 = EDGE_CURVE ( 'NONE', #5760, #8445, #1273, .T. ) ;
#1101 = ORIENTED_EDGE ( 'NONE', *, *, #153, .F. ) ;
#1102 = ADVANCED_FACE ( 'NONE', ( #456 ), #7953, .T. ) ;
#1103 = CARTESIAN_POINT ( 'NONE',  ( 8.218268825899310839E-16, -16.89999999999999858, 0.4999999999999978351 ) ) ;
#1104 = APPROVAL_PERSON_ORGANIZATION ( #2865, #320, #8315 ) ;
#1105 = CARTESIAN_POINT ( 'NONE',  ( 29.57911843466187563, 12.80972974174368950, -1.328313687172449464 ) ) ;
#1106 = CARTESIAN_POINT ( 'NONE',  ( -26.79287474954428561, -14.08807048453504329, 1.418756179539448770 ) ) ;
#1107 = CARTESIAN_POINT ( 'NONE',  ( 30.50000000000000000, -15.64409107113348263, -1.961511404530546621 ) ) ;
#1108 = VERTEX_POINT ( 'NONE', #8100 ) ;
#1109 = CARTESIAN_POINT ( 'NONE',  ( -24.80979211606854307, 16.62048433791170865, 1.573108461387007884 ) ) ;
#1110 = CARTESIAN_POINT ( 'NONE',  ( -26.17634983476987642, -21.95671385830818778, 0.9718653611812098081 ) ) ;
#1111 = CARTESIAN_POINT ( 'NONE',  ( 28.80804499648116490, 21.01258534820146906, -2.263510638155650678 ) ) ;
#1112 = CARTESIAN_POINT ( 'NONE',  ( 29.42311131953343661, 17.65583491820667206, -1.314268684147827715 ) ) ;
#1113 = DIRECTION ( 'NONE',  ( 1.000000000000000000, 0.000000000000000000, 0.000000000000000000 ) ) ;
#1114 = CARTESIAN_POINT ( 'NONE',  ( -25.11821420001327709, -16.50179465283148872, 1.549886287555499065 ) ) ;
#1115 = CARTESIAN_POINT ( 'NONE',  ( 30.44590550562483600, 17.65918715255907401, -2.411764646131109746 ) ) ;
#1116 = PLANE ( 'NONE',  #2187 ) ;
#1117 = VERTEX_POINT ( 'NONE', #125 ) ;
#1118 = CARTESIAN_POINT ( 'NONE',  ( 26.97908602199200701, -20.23304230467412523, -1.619490185988308184 ) ) ;
#1119 = CARTESIAN_POINT ( 'NONE',  ( 0.000000000000000000, 21.50000000000000000, -330.0000000000000000 ) ) ;
#1120 = ORIENTED_EDGE ( 'NONE', *, *, #6767, .T. ) ;
#1121 = CARTESIAN_POINT ( 'NONE',  ( -26.74338687444700113, -21.34249067073997352, 1.422812546289773161 ) ) ;
#1122 = CARTESIAN_POINT ( 'NONE',  ( -25.21099734676447923, -15.78981015678450639, 1.005386583370418752 ) ) ;
#1123 = CARTESIAN_POINT ( 'NONE',  ( 29.72659054028259717, -20.34836486341989570, 0.6961490292928090851 ) ) ;
#1124 = CARTESIAN_POINT ( 'NONE',  ( 28.00000000000000000, 12.59999999999999432, -1.190024482224716351 ) ) ;
#1125 = CARTESIAN_POINT ( 'NONE',  ( 31.15080333722261585, -17.48984256002481530, 1.037586395632800640 ) ) ;
#1126 = ADVANCED_FACE ( 'NONE', ( #6192 ), #1397, .T. ) ;
#1127 = VERTEX_POINT ( 'NONE', #5441 ) ;
#1128 = CARTESIAN_POINT ( 'NONE',  ( 0.000000000000000000, 16.19999999999999929, -330.0000000000000000 ) ) ;
#1129 = CARTESIAN_POINT ( 'NONE',  ( -0.1732050807568269457, -16.79999999999989413, 0.3000000000000224709 ) ) ;
#1130 = B_SPLINE_CURVE_WITH_KNOTS ( 'NONE', 3,
 ( #6870, #3519, #8188, #4858, #868, #5529 ),
 .UNSPECIFIED., .F., .F.,
 ( 4, 2, 4 ),
 ( 0.000000000000000000, 0.0003905832228276250690, 0.0007811664456552501381 ),
 .UNSPECIFIED. ) ;
#1131 = DIRECTION ( 'NONE',  ( 1.835425011253929256E-16, 1.000000000000000000, 0.000000000000000000 ) ) ;
#1132 = CARTESIAN_POINT ( 'NONE',  ( -26.37649836754463450, 15.39179184260376054, 1.452154138334293298 ) ) ;
#1133 = CARTESIAN_POINT ( 'NONE',  ( -26.74437599109715791, -21.34226580673390572, 1.422732807894286688 ) ) ;
#1134 = CARTESIAN_POINT ( 'NONE',  ( 27.45994509167515574, 21.64606332555847956, -1.632727346917562494 ) ) ;
#1135 = CARTESIAN_POINT ( 'NONE',  ( 27.90595032183033908, 19.81283987921867151, -1.662526621107513591 ) ) ;
#1136 = CARTESIAN_POINT ( 'NONE',  ( 29.60000000000001208, -12.70584859310759995, 1.179845401256263582 ) ) ;
#1137 = ORIENTED_EDGE ( 'NONE', *, *, #2671, .T. ) ;
#1138 = CARTESIAN_POINT ( 'NONE',  ( -25.48790026114170360, -16.30048766523122694, 1.521671206198365711 ) ) ;
#1139 = CARTESIAN_POINT ( 'NONE',  ( -30.62740841501558720, 19.38662359566318827, 0.6209428615662558881 ) ) ;
#1140 = CARTESIAN_POINT ( 'NONE',  ( 30.63455910884972511, 18.40607588864780553, -2.429282931784336075 ) ) ;
#1141 = CARTESIAN_POINT ( 'NONE',  ( -7.000000000000000000, 22.00000000000000000, 1.426085273926513963 ) ) ;
#1142 = DIRECTION ( 'NONE',  ( 0.000000000000000000, 0.000000000000000000, 1.000000000000000000 ) ) ;
#1143 = EDGE_LOOP ( 'NONE', ( #2851, #3914, #4099, #5170 ) ) ;
#1144 = AXIS2_PLACEMENT_3D ( 'NONE', #3166, #1797, #1766 ) ;
#1145 = DIRECTION ( 'NONE',  ( 0.000000000000000000, 1.000000000000000000, 0.000000000000000000 ) ) ;
#1146 = DIRECTION ( 'NONE',  ( 0.000000000000000000, -1.000000000000000000, 0.000000000000000000 ) ) ;
#1147 = CARTESIAN_POINT ( 'NONE',  ( -30.95295902883156103, 15.29999999999999716, -2.459293633051720551 ) ) ;
#1148 = ORIENTED_EDGE ( 'NONE', *, *, #200, .F. ) ;
#1149 = DIRECTION ( 'NONE',  ( 1.000000000000000000, 0.000000000000000000, 0.000000000000000000 ) ) ;
#1150 = ORIENTED_EDGE ( 'NONE', *, *, #2760, .T. ) ;
#1151 = VECTOR ( 'NONE', #2744, 1000.000000000000000 ) ;
#1152 = DIRECTION ( 'NONE',  ( -0.000000000000000000, 0.000000000000000000, 1.000000000000000000 ) ) ;
#1153 = CARTESIAN_POINT ( 'NONE',  ( 30.46560015095699470, -15.98799442496148160, -2.413284246964806368 ) ) ;
#1154 = AXIS2_PLACEMENT_3D ( 'NONE', #2486, #3871, #5184 ) ;
#1155 = CARTESIAN_POINT ( 'NONE',  ( 29.01088796814454085, 13.39999579960367804, -1.277604675923655897 ) ) ;
#1156 = VECTOR ( 'NONE', #3546, 1000.000000000000000 ) ;
#1157 = CARTESIAN_POINT ( 'NONE',  ( 0.000000000000000000, 22.00000000000000000, -330.0000000000000000 ) ) ;
#1159 = ORIENTED_EDGE ( 'NONE', *, *, #6620, .F. ) ;
#1158 = DIRECTION ( 'NONE',  ( 0.000000000000000000, 1.000000000000000000, 0.000000000000000000 ) ) ;
#1160 = CARTESIAN_POINT ( 'NONE',  ( -31.11187697879438474, -18.64069583176630118, 1.041494407854743898 ) ) ;
#1161 = CARTESIAN_POINT ( 'NONE',  ( -23.89999999999999858, -16.19999999999999929, 1.126923315285419447 ) ) ;
#1162 = FACE_OUTER_BOUND ( 'NONE', #187, .T. ) ;
#1163 = LINE ( 'NONE', #2048, #8046 ) ;
#1164 = ORIENTED_EDGE ( 'NONE', *, *, #7598, .F. ) ;
#1165 = CARTESIAN_POINT ( 'NONE',  ( 0.000000000000000000, 5.580403008799160069, -330.0000000000000000 ) ) ;
#1166 = LINE ( 'NONE', #4910, #4803 ) ;
#1167 = CIRCLE ( 'NONE', #6237, 328.9999999999999432 ) ;
#1168 = CARTESIAN_POINT ( 'NONE',  ( -28.10099625726123662, 21.39039773935538236, 1.310524621416142566 ) ) ;
#1169 = ORIENTED_EDGE ( 'NONE', *, *, #2183, .T. ) ;
#1170 = ORIENTED_EDGE ( 'NONE', *, *, #5999, .F. ) ;
#1171 = FACE_OUTER_BOUND ( 'NONE', #1056, .T. ) ;
#1172 = ADVANCED_FACE ( 'NONE', ( #4410 ), #6907, .F. ) ;
#1173 = DIRECTION ( 'NONE',  ( 0.000000000000000000, 0.000000000000000000, -1.000000000000000000 ) ) ;
#1174 = ORIENTED_EDGE ( 'NONE', *, *, #2535, .T. ) ;
#1175 = CARTESIAN_POINT ( 'NONE',  ( 29.80244846611823206, 17.90709922825259071, -1.890140541403179775 ) ) ;
#1176 = LINE ( 'NONE', #7436, #8581 ) ;
#1177 = VERTEX_POINT ( 'NONE', #5505 ) ;
#1178 = CARTESIAN_POINT ( 'NONE',  ( -30.50000000000000000, 15.64394214782436521, -1.961511404361704791 ) ) ;
#1179 = ORIENTED_EDGE ( 'NONE', *, *, #8416, .F. ) ;
#1180 = CARTESIAN_POINT ( 'NONE',  ( -28.84113842243819903, -20.99199270140194429, -1.741502566241225791 ) ) ;
#1181 = ORIENTED_EDGE ( 'NONE', *, *, #7179, .F. ) ;
#1182 = VECTOR ( 'NONE', #7750, 1000.000000000000000 ) ;
#1183 = CARTESIAN_POINT ( 'NONE',  ( 30.36215733898693614, -19.71062860472821043, 1.111169314838918343 ) ) ;
#1184 = CARTESIAN_POINT ( 'NONE',  ( -28.49999999966239983, 19.00000000000506262, 1.276319709120251167 ) ) ;
#1185 = CARTESIAN_POINT ( 'NONE',  ( 30.95295902685164435, -15.67701350817034189, -2.459293632864615109 ) ) ;
#1186 = EDGE_CURVE ( 'NONE', #1974, #5781, #1282, .T. ) ;
#1187 = EDGE_CURVE ( 'NONE', #7231, #3662, #1950, .T. ) ;
#1188 = CARTESIAN_POINT ( 'NONE',  ( 28.63164095997627712, 17.99999999990840394, 1.264994518801187073 ) ) ;
#1189 = ORIENTED_EDGE ( 'NONE', *, *, #6016, .F. ) ;
#1190 = ORIENTED_EDGE ( 'NONE', *, *, #5448, .T. ) ;
#1191 = EDGE_CURVE ( 'NONE', #2021, #4222, #8516, .T. ) ;
#1192 = CARTESIAN_POINT ( 'NONE',  ( 25.30000000000000071, 15.29999999999999716, 2.501025000000002052 ) ) ;
#1193 = CARTESIAN_POINT ( 'NONE',  ( 32.00000000000000000, 15.74319482149797622, 0.5022692812808141616 ) ) ;
#1194 = CARTESIAN_POINT ( 'NONE',  ( -21.40000000000000213, 22.00000000000000000, 1.810623699724234204 ) ) ;
#1195 = B_SPLINE_CURVE_WITH_KNOTS ( 'NONE', 3,
 ( #730, #4753, #2706, #2673, #2062, #5398 ),
 .UNSPECIFIED., .F., .F.,
 ( 4, 2, 4 ),
 ( 2.321679657457888093E-16, 0.0003916289513321011880, 0.0007832579026639701399 ),
 .UNSPECIFIED. ) ;
#1196 = CARTESIAN_POINT ( 'NONE',  ( -28.00000000000000000, 13.39999999999999680, 5.000000000000000000 ) ) ;
#1197 = CARTESIAN_POINT ( 'NONE',  ( -30.62787392660553465, 19.38601313970727702, 0.6209034373579146449 ) ) ;
#1198 =( BOUNDED_SURFACE ( )  B_SPLINE_SURFACE ( 3, 2, ( 
 ( #3853, #6097, #1966 ),
 ( #4633, #3288, #2690 ),
 ( #7372, #100, #645 ),
 ( #3372, #7957, #8037 ) ),
 .UNSPECIFIED., .F., .F., .T. ) 
 B_SPLINE_SURFACE_WITH_KNOTS ( ( 4, 4 ),
 ( 3, 3 ),
 ( 4.713438072525987899, 4.717634464183961818 ),
 ( 0.000000000000000000, 1.000000000000000000 ),
 .UNSPECIFIED. ) 
 GEOMETRIC_REPRESENTATION_ITEM ( )  RATIONAL_B_SPLINE_SURFACE ( (
 ( 1.000000000000000000, 0.7074279257559100698, 1.000000000000000000),
 ( 1.000000000000000000, 0.7078560235226066810, 1.000000000000000000),
 ( 1.000000000000000000, 0.7082837317531456289, 1.000000000000000000),
 ( 1.000000000000000000, 0.7087110488037747791, 1.000000000000000000) ) ) 
 REPRESENTATION_ITEM ( '' )  SURFACE ( )  );
#1199 = CARTESIAN_POINT ( 'NONE',  ( -30.27536749090496571, 19.08165168530075206, 1.118865968334893601 ) ) ;
#1200 = ORIENTED_EDGE ( 'NONE', *, *, #5938, .T. ) ;
#1201 = AXIS2_PLACEMENT_3D ( 'NONE', #62, #6678, #3405 ) ;
#1202 = DIRECTION ( 'NONE',  ( -0.000000000000000000, 0.000000000000000000, -1.000000000000000000 ) ) ;
#1203 = EDGE_CURVE ( 'NONE', #280, #3864, #6401, .T. ) ;
#1204 = CARTESIAN_POINT ( 'NONE',  ( -30.00000000000000000, -15.30000000000000071, -1.868547682487433192 ) ) ;
#1205 = B_SPLINE_CURVE_WITH_KNOTS ( 'NONE', 3,
 ( #618, #5262, #1938, #7280, #7944, #638 ),
 .UNSPECIFIED., .F., .F.,
 ( 4, 2, 4 ),
 ( 0.002349898258968010668, 0.002741259921199560440, 0.003132621583431109778 ),
 .UNSPECIFIED. ) ;
#1206 = ORIENTED_EDGE ( 'NONE', *, *, #3711, .F. ) ;
#1207 = AXIS2_PLACEMENT_3D ( 'NONE', #1305, #5975, #5356 ) ;
#1208 = CARTESIAN_POINT ( 'NONE',  ( -25.05535689016225120, -19.73889343513373618, 1.554652511776697388 ) ) ;
#1209 = CARTESIAN_POINT ( 'NONE',  ( -25.30000000000000426, 20.49999999999999645, -1.472740857018096872 ) ) ;
#1210 = CARTESIAN_POINT ( 'NONE',  ( 28.99999999999999645, -18.63230711583884514, 1.232924088186871048 ) ) ;
#1211 = CARTESIAN_POINT ( 'NONE',  ( -28.65123076226995380, -21.10578691248903738, -1.726246169200857716 ) ) ;
#1212 = CARTESIAN_POINT ( 'NONE',  ( 30.34442732076175275, -19.73107713892280657, 0.6448286310676760724 ) ) ;
#1213 = CARTESIAN_POINT ( 'NONE',  ( -30.13021442395647043, 15.99999999996759215, 1.132054132073877284 ) ) ;
#1214 = ORIENTED_EDGE ( 'NONE', *, *, #2535, .F. ) ;
#1215 = CARTESIAN_POINT ( 'NONE',  ( 28.54285714285713382, 18.50000000000001066, 1.774479588368923721 ) ) ;
#1216 = PLANE ( 'NONE',  #258 ) ;
#1217 = CARTESIAN_POINT ( 'NONE',  ( 30.63429553781716308, 19.37780592677179570, 1.086069251434789384 ) ) ;
#1218 = CARTESIAN_POINT ( 'NONE',  ( -27.33011623862578432, -21.17580197547272647, 1.374943080527996520 ) ) ;
#1219 = CARTESIAN_POINT ( 'NONE',  ( -27.90141973873378944, 20.95063955219418617, 1.327324189727342896 ) ) ;
#1220 = ORIENTED_EDGE ( 'NONE', *, *, #2231, .F. ) ;
#1221 = DIRECTION ( 'NONE',  ( 0.9970548523794470208, 0.000000000000000000, 0.07669172932330454995 ) ) ;
#1222 = CARTESIAN_POINT ( 'NONE',  ( -27.46441373293955479, 21.65571486713182026, 0.8756440464399795065 ) ) ;
#1223 = CARTESIAN_POINT ( 'NONE',  ( 26.00655631990055383, 20.96312090353612589, -2.029282042165934108 ) ) ;
#1224 = DIRECTION ( 'NONE',  ( 0.000000000000000000, 1.000000000000000000, 0.000000000000000000 ) ) ;
#1225 = CARTESIAN_POINT ( 'NONE',  ( 0.1732050807568889239, -16.80000000000000071, 0.3000000000000004885 ) ) ;
#1226 = ORIENTED_EDGE ( 'NONE', *, *, #2563, .F. ) ;
#1227 = DIRECTION ( 'NONE',  ( 0.9963197585235830100, 0.000000000000000000, -0.08571428571428169052 ) ) ;
#1228 = CARTESIAN_POINT ( 'NONE',  ( 25.99999999999999645, 20.00000000000001066, -500000.0000000000582 ) ) ;
#1229 = CARTESIAN_POINT ( 'NONE',  ( 30.98720491954043865, 18.84882302453431535, 0.5902736776931197804 ) ) ;
#1230 = CARTESIAN_POINT ( 'NONE',  ( 0.000000000000000000, -16.75631529253509555, -330.0000000000000000 ) ) ;
#1231 = VERTEX_POINT ( 'NONE', #4829 ) ;
#1232 = EDGE_CURVE ( 'NONE', #2825, #2100, #5552, .T. ) ;
#1233 = CARTESIAN_POINT ( 'NONE',  ( 28.49999999999999289, 18.50000000000001066, 1.276319709107132105 ) ) ;
#1234 = CARTESIAN_POINT ( 'NONE',  ( -30.50004377862540750, 15.63064364670709772, 1.098168719647079739 ) ) ;
#1235 = CARTESIAN_POINT ( 'NONE',  ( 30.16829175190407852, -17.13542977239583109, -1.927345897315851708 ) ) ;
#1236 = EDGE_CURVE ( 'NONE', #3202, #5101, #8564, .T. ) ;
#1237 = VERTEX_POINT ( 'NONE', #4132 ) ;
#1238 = DIRECTION ( 'NONE',  ( -0.000000000000000000, -1.000000000000000000, -0.000000000000000000 ) ) ;
#1239 = CARTESIAN_POINT ( 'NONE',  ( 31.99999999874643208, 15.74032882084979512, 0.9568803807146845086 ) ) ;
#1240 = CARTESIAN_POINT ( 'NONE',  ( -32.00000000000000000, -15.74319482149747351, 0.5022692812808176033 ) ) ;
#1241 = CARTESIAN_POINT ( 'NONE',  ( -31.15080333722261585, 17.48984256002481175, 1.037586395632800640 ) ) ;
#1242 = EDGE_CURVE ( 'NONE', #2908, #4692, #3144, .T. ) ;
#1243 = DIRECTION ( 'NONE',  ( 1.000000000000000000, 0.000000000000000000, 0.000000000000000000 ) ) ;
#1244 = CARTESIAN_POINT ( 'NONE',  ( -32.00000000000000000, -6.513704236698701244, -0.04810956747042238746 ) ) ;
#1245 = VECTOR ( 'NONE', #7297, 1000.000000000000000 ) ;
#1246 = ORIENTED_EDGE ( 'NONE', *, *, #4101, .T. ) ;
#1247 = B_SPLINE_CURVE_WITH_KNOTS ( 'NONE', 3,
 ( #5111, #7276, #3215, #6639, #3275, #2618 ),
 .UNSPECIFIED., .F., .F.,
 ( 4, 2, 4 ),
 ( 0.002348553189004847983, 0.002739679270019027175, 0.003130805351033206368 ),
 .UNSPECIFIED. ) ;
#1248 = ADVANCED_FACE ( 'NONE', ( #2832 ), #7658, .F. ) ;
#1249 = CARTESIAN_POINT ( 'NONE',  ( -21.40000000000000213, 16.19999999999999929, -1.937490070343665938 ) ) ;
#1250 = CARTESIAN_POINT ( 'NONE',  ( 0.000000000000000000, 13.39999999999999680, -330.0000000000000000 ) ) ;
#1251 = FACE_OUTER_BOUND ( 'NONE', #1310, .T. ) ;
#1252 = B_SPLINE_CURVE_WITH_KNOTS ( 'NONE', 3,
 ( #3738, #3764, #6434, #8423, #6457, #5833 ),
 .UNSPECIFIED., .F., .F.,
 ( 4, 2, 4 ),
 ( 0.000000000000000000, 0.0003908956441497323507, 0.0007817912882994647013 ),
 .UNSPECIFIED. ) ;
#1253 = AXIS2_PLACEMENT_3D ( 'NONE', #1119, #5793, #1142 ) ;
#1254 = DIRECTION ( 'NONE',  ( 0.000000000000000000, 0.000000000000000000, -1.000000000000000000 ) ) ;
#1255 = ORIENTED_EDGE ( 'NONE', *, *, #5220, .F. ) ;
#1256 = LINE ( 'NONE', #5704, #7934 ) ;
#1257 = CARTESIAN_POINT ( 'NONE',  ( 1.138412281109779656E-15, -16.89999999999999858, 0.3000000000000004885 ) ) ;
#1259 = CARTESIAN_POINT ( 'NONE',  ( -28.26919030574918068, 20.14272556730489683, -2.216722185405473500 ) ) ;
#1258 = SPHERICAL_SURFACE ( 'NONE', #857, 0.5000000000000000000 ) ;
#1260 = CARTESIAN_POINT ( 'NONE',  ( 28.65099045184348014, 21.11824647224731777, 0.7831648505038610875 ) ) ;
#1261 = CARTESIAN_POINT ( 'NONE',  ( 0.000000000000000000, 21.50000000000000000, -330.0000000000000000 ) ) ;
#1262 = VECTOR ( 'NONE', #3125, 1000.000000000000114 ) ;
#1263 = LINE ( 'NONE', #8198, #8149 ) ;
#1264 = CARTESIAN_POINT ( 'NONE',  ( -30.44665267704265688, 15.76062958029684324, 1.103095944039518495 ) ) ;
#1265 = DIRECTION ( 'NONE',  ( -0.000000000000000000, -1.000000000000000000, 0.000000000000000000 ) ) ;
#1266 = VERTEX_POINT ( 'NONE', #1002 ) ;
#1267 = AXIS2_PLACEMENT_3D ( 'NONE', #731, #4060, #2707 ) ;
#1268 = ORIENTED_EDGE ( 'NONE', *, *, #4485, .T. ) ;
#1269 = SPHERICAL_SURFACE ( 'NONE', #7677, 0.2000000000000000111 ) ;
#1270 = ORIENTED_EDGE ( 'NONE', *, *, #6268, .T. ) ;
#1271 = CIRCLE ( 'NONE', #3783, 0.2000000000000000111 ) ;
#1272 = CARTESIAN_POINT ( 'NONE',  ( -25.26160849772382377, -20.99999999999999645, -1.971264770740411842 ) ) ;
#1273 = LINE ( 'NONE', #2080, #8160 ) ;
#1274 = CARTESIAN_POINT ( 'NONE',  ( 29.50200554329099134, -15.49999999999921840, 1.188589279467233473 ) ) ;
#1275 = CARTESIAN_POINT ( 'NONE',  ( 30.00000000000000000, -15.30000000000000071, -1.868547682487453621 ) ) ;
#1276 = ORIENTED_EDGE ( 'NONE', *, *, #4085, .T. ) ;
#1277 = ORIENTED_EDGE ( 'NONE', *, *, #7491, .T. ) ;
#1278 = EDGE_LOOP ( 'NONE', ( #5254, #7839, #4560, #1855, #784, #6856 ) ) ;
#1279 = CYLINDRICAL_SURFACE ( 'NONE', #2585, 0.2000000000000000944 ) ;
#1280 = CARTESIAN_POINT ( 'NONE',  ( 1.558845726811992849, -19.20000000000000284, 0.2970935385293582698 ) ) ;
#1281 = CARTESIAN_POINT ( 'NONE',  ( 25.50000000006207301, -19.49999999999469225, 1.520738416161265372 ) ) ;
#1282 = B_SPLINE_CURVE_WITH_KNOTS ( 'NONE', 3,
 ( #1361, #2727, #803, #894, #2142, #6262 ),
 .UNSPECIFIED., .F., .F.,
 ( 4, 2, 4 ),
 ( 0.000000000000000000, 0.0003908956441138882474, 0.0007817912882277764947 ),
 .UNSPECIFIED. ) ;
#1283 = EDGE_LOOP ( 'NONE', ( #2106, #1780, #3655, #3045 ) ) ;
#1284 = VERTEX_POINT ( 'NONE', #1539 ) ;
#1285 = CARTESIAN_POINT ( 'NONE',  ( -28.26651577699191975, 21.32346249577941322, -1.695473570389022910 ) ) ;
#1286 = CYLINDRICAL_SURFACE ( 'NONE', #7295, 6.700000000000001066 ) ;
#1287 = DIRECTION ( 'NONE',  ( -0.000000000000000000, -0.000000000000000000, -1.000000000000000000 ) ) ;
#1288 = CARTESIAN_POINT ( 'NONE',  ( -26.62620954397844031, 20.37412033125971789, -2.078577450139791782 ) ) ;
#1289 = DIRECTION ( 'NONE',  ( 0.9970921850656254692, 0.000000000000000000, 0.07620481927710781589 ) ) ;
#1290 = CARTESIAN_POINT ( 'NONE',  ( -28.23953101264256915, -18.05425106927117440, 1.298637786641667624 ) ) ;
#1291 = VERTEX_POINT ( 'NONE', #7050 ) ;
#1292 = ORIENTED_EDGE ( 'NONE', *, *, #8064, .F. ) ;
#1294 = DIRECTION ( 'NONE',  ( -0.000000000000000000, -1.000000000000000000, -0.000000000000000000 ) ) ;
#1293 = CARTESIAN_POINT ( 'NONE',  ( 26.61405428240968618, -14.91081065979719433, 1.433165818444882555 ) ) ;
#1295 = CARTESIAN_POINT ( 'NONE',  ( 28.00000000000000000, -8.399999999999998579, 1.318955087088236056 ) ) ;
#1296 = EDGE_CURVE ( 'NONE', #5183, #3258, #7747, .T. ) ;
#1297 = ADVANCED_FACE ( 'NONE', ( #852 ), #406, .T. ) ;
#1298 = EDGE_CURVE ( 'NONE', #7844, #5161, #7895, .T. ) ;
#1299 = CARTESIAN_POINT ( 'NONE',  ( -27.08863794212157217, -20.70154732011281951, -2.117036447953616118 ) ) ;
#1300 = EDGE_CURVE ( 'NONE', #1496, #8604, #1372, .T. ) ;
#1301 = CARTESIAN_POINT ( 'NONE',  ( 30.32580002725542556, 16.64554996495629879, -1.854187545580362029 ) ) ;
#1302 = VERTEX_POINT ( 'NONE', #2214 ) ;
#1303 = CARTESIAN_POINT ( 'NONE',  ( 21.39999999999999858, 16.19999999999999929, 1.239504118689893630 ) ) ;
#1304 = CARTESIAN_POINT ( 'NONE',  ( -25.26160849772382022, 21.50000000000000000, -1.971264770740447148 ) ) ;
#1305 = CARTESIAN_POINT ( 'NONE',  ( -30.00000000000000000, 15.49999999999999645, 1.143850916804078910 ) ) ;
#1306 = VECTOR ( 'NONE', #6741, 1000.000000000000000 ) ;
#1307 = DIRECTION ( 'NONE',  ( 0.000000000000000000, 0.000000000000000000, 1.000000000000000000 ) ) ;
#1308 = AXIS2_PLACEMENT_3D ( 'NONE', #3775, #8429, #7797 ) ;
#1309 = AXIS2_PLACEMENT_3D ( 'NONE', #4732, #8061, #6670 ) ;
#1310 = EDGE_LOOP ( 'NONE', ( #4517, #6613, #6525, #2266 ) ) ;
#1311 = CARTESIAN_POINT ( 'NONE',  ( -29.60000000000000142, 12.59999999999999787, 1.179845401256263138 ) ) ;
#1312 = DIRECTION ( 'NONE',  ( 0.000000000000000000, -1.000000000000000000, 0.000000000000000000 ) ) ;
#1313 = CARTESIAN_POINT ( 'NONE',  ( -29.72349088085688251, -20.35109293033694655, 0.6964042155968175329 ) ) ;
#1314 = AXIS2_PLACEMENT_3D ( 'NONE', #4855, #4881, #3517 ) ;
#1315 = DIRECTION ( 'NONE',  ( 1.000000000000000000, 0.000000000000000000, 0.000000000000000000 ) ) ;
#1316 = CARTESIAN_POINT ( 'NONE',  ( 25.33839150227617765, 19.99999999999999645, -0.9742169432958168729 ) ) ;
#1317 = ORIENTED_EDGE ( 'NONE', *, *, #6715, .F. ) ;
#1318 = CARTESIAN_POINT ( 'NONE',  ( -31.05728372493712541, -17.48844608965860203, -2.469159874944437227 ) ) ;
#1319 = DIRECTION ( 'NONE',  ( -0.000000000000000000, -1.000000000000000000, -0.000000000000000000 ) ) ;
#1320 = CARTESIAN_POINT ( 'NONE',  ( 25.96670809848939143, 14.92051835606196697, -1.023202292895948773 ) ) ;
#1321 = CARTESIAN_POINT ( 'NONE',  ( 26.20873098535699697, -15.64578901580654069, 1.465478325896300005 ) ) ;
#1322 = VERTEX_POINT ( 'NONE', #792 ) ;
#1323 = CARTESIAN_POINT ( 'NONE',  ( 26.00000000000000000, -20.00000000000000355, 1.520738416161293571 ) ) ;
#1324 = CARTESIAN_POINT ( 'NONE',  ( -7.000000000000000000, 16.79999999999986926, 2.426307623208445730 ) ) ;
#1325 = CARTESIAN_POINT ( 'NONE',  ( 28.59112889449579953, 13.37931678496355303, -1.240883349570744754 ) ) ;
#1326 = CARTESIAN_POINT ( 'NONE',  ( 24.20082641718111205, -16.18514286165762428, -0.8885574067608862370 ) ) ;
#1327 = DIRECTION ( 'NONE',  ( 0.000000000000000000, 0.000000000000000000, -1.000000000000000000 ) ) ;
#1328 = DIRECTION ( 'NONE',  ( -1.000000000000000000, -1.070816960479510747E-16, 0.000000000000000000 ) ) ;
#1329 = CARTESIAN_POINT ( 'NONE',  ( 25.30000000000000071, -22.00000000000000000, -1.472740857018151051 ) ) ;
#1330 = CARTESIAN_POINT ( 'NONE',  ( 25.26160849772382377, -21.50000000000000000, -1.971264770740374761 ) ) ;
#1331 = CARTESIAN_POINT ( 'NONE',  ( -25.74192458044844756, 22.00000000000000355, 1.003350969524556380 ) ) ;
#1332 = VERTEX_POINT ( 'NONE', #4208 ) ;
#1333 = ADVANCED_FACE ( 'NONE', ( #3887 ), #3440, .T. ) ;
#1334 = DIRECTION ( 'NONE',  ( -0.000000000000000000, -1.000000000000000000, -0.000000000000000000 ) ) ;
#1335 = CARTESIAN_POINT ( 'NONE',  ( -30.50000000000000000, -15.30000000000000071, -1.868547682487453621 ) ) ;
#1336 = DIRECTION ( 'NONE',  ( -1.000000000000000000, 0.000000000000000000, 0.000000000000000000 ) ) ;
#1337 = B_SPLINE_CURVE_WITH_KNOTS ( 'NONE', 3,
 ( #6689, #8553, #6642, #5234, #617, #7916, #8592, #7942, #1985, #3242, #6660, #7259, #8611, #2626, #690, #5260, #3279, #3979, #2590, #5344, #7304, #1346 ),
 .UNSPECIFIED., .F., .F.,
 ( 4, 2, 2, 2, 2, 2, 2, 2, 2, 2, 4 ),
 ( 3.476216610979977084E-18, 0.001017588179281211230, 0.001526382268921814894, 0.002035176358562418991, 0.003052764537843636293, 0.004070352717124854462, 0.005087940896406072631, 0.005596734986046677379, 0.006105529075687281260, 0.007123117254968495092, 0.008140705434249710659 ),
 .UNSPECIFIED. ) ;
#1338 = ORIENTED_EDGE ( 'NONE', *, *, #1406, .F. ) ;
#1339 = CARTESIAN_POINT ( 'NONE',  ( 29.99999999999999645, -15.50000000000000355, -500000.0000000000582 ) ) ;
#1340 = EDGE_CURVE ( 'NONE', #2833, #2117, #7184, .T. ) ;
#1341 = CARTESIAN_POINT ( 'NONE',  ( -25.12442759397428205, 15.84712908898986505, 1.013661774698708440 ) ) ;
#1342 = CARTESIAN_POINT ( 'NONE',  ( -29.42763640005381376, -18.48109664074324243, -1.852484915510152819 ) ) ;
#1343 = CARTESIAN_POINT ( 'NONE',  ( 28.69457991803130525, -7.599997900039843657, -1.249893862523046462 ) ) ;
#1344 = DIRECTION ( 'NONE',  ( 0.000000000000000000, 0.000000000000000000, 1.000000000000000000 ) ) ;
#1345 = EDGE_CURVE ( 'NONE', #906, #5326, #1676, .T. ) ;
#1346 = CARTESIAN_POINT ( 'NONE',  ( 30.50000000000000000, 15.29999999999999716, -1.961511404530491554 ) ) ;
#1347 = ORIENTED_EDGE ( 'NONE', *, *, #5569, .T. ) ;
#1349 = CARTESIAN_POINT ( 'NONE',  ( 31.11437239074099992, -18.65779952609627301, 0.5794310402175036900 ) ) ;
#1348 = CARTESIAN_POINT ( 'NONE',  ( -25.33810240963855520, -21.50000000000000000, 1.533151534320441156 ) ) ;
#1350 = CARTESIAN_POINT ( 'NONE',  ( 27.61249676977625356, -20.49430882994116487, -2.160741472242225569 ) ) ;
#1351 = EDGE_CURVE ( 'NONE', #7034, #4391, #1263, .T. ) ;
#1352 = ORIENTED_EDGE ( 'NONE', *, *, #7242, .T. ) ;
#1353 = CARTESIAN_POINT ( 'NONE',  ( -27.78264327961658609, -20.42389912461748835, -2.174979419703054084 ) ) ;
#1354 = CARTESIAN_POINT ( 'NONE',  ( -30.49995616530062748, -15.63097853161792372, 1.098176790384471246 ) ) ;
#1356 = ORIENTED_EDGE ( 'NONE', *, *, #5494, .T. ) ;
#1355 = CARTESIAN_POINT ( 'NONE',  ( -26.20000000000000284, 13.90000000000000036, 0.9083693958394593038 ) ) ;
#1357 = CARTESIAN_POINT ( 'NONE',  ( -31.30858496048272244, 18.27238377973818473, -1.948314457577315029 ) ) ;
#1358 = CARTESIAN_POINT ( 'NONE',  ( 25.30000000000000071, -22.00000000000000000, 1.034605441787628255 ) ) ;
#1359 = FACE_OUTER_BOUND ( 'NONE', #7229, .T. ) ;
#1360 = AXIS2_PLACEMENT_3D ( 'NONE', #6039, #4687, #6793 ) ;
#1361 = CARTESIAN_POINT ( 'NONE',  ( 25.50000000006267697, -20.50000000000000355, 1.520738416161219630 ) ) ;
#1362 = EDGE_CURVE ( 'NONE', #7739, #8445, #557, .T. ) ;
#1363 = DIRECTION ( 'NONE',  ( 0.000000000000000000, 1.000000000000000000, 0.000000000000000000 ) ) ;
#1364 = CARTESIAN_POINT ( 'NONE',  ( 0.000000000000000000, -6.513704236698701244, -330.0000000000000000 ) ) ;
#1365 = CIRCLE ( 'NONE', #6428, 331.9883271204680568 ) ;
#1366 = ORIENTED_EDGE ( 'NONE', *, *, #494, .T. ) ;
#1367 = CARTESIAN_POINT ( 'NONE',  ( -24.68294764466460123, 16.68292098281417779, 1.582755114497340632 ) ) ;
#1368 = VECTOR ( 'NONE', #2506, 1000.000000000000000 ) ;
#1369 = ORIENTED_EDGE ( 'NONE', *, *, #419, .F. ) ;
#1370 = CARTESIAN_POINT ( 'NONE',  ( 31.00000000000000000, -22.00000000000000355, -1.961511404530491554 ) ) ;
#1371 = EDGE_CURVE ( 'NONE', #1547, #3219, #6522, .T. ) ;
#1372 = CIRCLE ( 'NONE', #2036, 0.5000000000000004441 ) ;
#1373 = CC_DESIGN_PERSON_AND_ORGANIZATION_ASSIGNMENT ( #3282, #1645, ( #8355 ) ) ;
#1374 = CARTESIAN_POINT ( 'NONE',  ( -27.65870860885557647, -21.57491625657089429, 0.8606011513219961051 ) ) ;
#1375 = ORIENTED_EDGE ( 'NONE', *, *, #4142, .F. ) ;
#1376 = CARTESIAN_POINT ( 'NONE',  ( -24.11410096672532077, 16.19002033750192382, 1.107624926262052778 ) ) ;
#1377 = CARTESIAN_POINT ( 'NONE',  ( 25.30000000000000071, 22.00000000000000000, -1.555179672444839678 ) ) ;
#1378 = CARTESIAN_POINT ( 'NONE',  ( 27.78147956336622570, -20.41425774672667259, -2.175021561431833561 ) ) ;
#1379 = VERTEX_POINT ( 'NONE', #2262 ) ;
#1380 = CIRCLE ( 'NONE', #1095, 329.4999999999999432 ) ;
#1381 = CARTESIAN_POINT ( 'NONE',  ( -31.45220030349013385, -15.30000000000000071, -2.506856413650875748 ) ) ;
#1382 = ORIENTED_EDGE ( 'NONE', *, *, #5105, .T. ) ;
#1383 = VECTOR ( 'NONE', #2457, 1000.000000000000000 ) ;
#1384 = CARTESIAN_POINT ( 'NONE',  ( 0.000000000000000000, -19.69999999999999574, -330.0000000000000000 ) ) ;
#1386 = CARTESIAN_POINT ( 'NONE',  ( -30.50000000000000711, -15.64383087149616003, -1.868547682487433637 ) ) ;
#1385 = CARTESIAN_POINT ( 'NONE',  ( 26.20463936994380560, -15.64358084537557936, 1.465790701824980280 ) ) ;
#1387 = CARTESIAN_POINT ( 'NONE',  ( 26.79755313065478006, -13.90000000000000213, 1.418377803962034278 ) ) ;
#1388 = ADVANCED_FACE ( 'NONE', ( #8354 ), #5759, .F. ) ;
#1389 = ORIENTED_EDGE ( 'NONE', *, *, #2065, .F. ) ;
#1390 = CARTESIAN_POINT ( 'NONE',  ( 29.43914896190278085, 7.907691813241709333, 1.194190765721557801 ) ) ;
#1391 = ORIENTED_EDGE ( 'NONE', *, *, #3873, .F. ) ;
#1392 = CARTESIAN_POINT ( 'NONE',  ( 30.46623400740967114, 15.98189045118194151, -1.865753345190185986 ) ) ;
#1393 = VECTOR ( 'NONE', #2874, 1000.000000000000000 ) ;
#1394 = CARTESIAN_POINT ( 'NONE',  ( 30.50000000000000000, -15.30000000000000249, 2.501025000000002052 ) ) ;
#1395 = CARTESIAN_POINT ( 'NONE',  ( 26.20000000000000284, 13.39999999999999680, 0.3627097600454320947 ) ) ;
#1396 = CARTESIAN_POINT ( 'NONE',  ( -31.64878021474985204, 17.48564725389883279, -2.525340483073455822 ) ) ;
#1397 = PLANE ( 'NONE',  #546 ) ;
#1398 = CARTESIAN_POINT ( 'NONE',  ( 27.24757102984468915, -21.17581455230406462, -2.130196876061478672 ) ) ;
#1399 = CARTESIAN_POINT ( 'NONE',  ( -29.50200554329099489, 15.49999999999921307, 1.188589279467233251 ) ) ;
#1400 = EDGE_LOOP ( 'NONE', ( #7298, #7475, #4516, #7947 ) ) ;
#1401 = ORIENTED_EDGE ( 'NONE', *, *, #2079, .T. ) ;
#1402 = CARTESIAN_POINT ( 'NONE',  ( 26.19999999999999929, 7.599999999999996980, -1.041704770954277048 ) ) ;
#1403 = CARTESIAN_POINT ( 'NONE',  ( -12.00000000000000000, 16.79999999999986926, 2.283388089142968091 ) ) ;
#1404 = CARTESIAN_POINT ( 'NONE',  ( 1.558845726811992849, -19.20000000000000284, 0.4954613909243787973 ) ) ;
#1405 = DIRECTION ( 'NONE',  ( -0.000000000000000000, -0.000000000000000000, -1.000000000000000000 ) ) ;
#1406 = EDGE_CURVE ( 'NONE', #953, #481, #2607, .T. ) ;
#1407 = ORIENTED_EDGE ( 'NONE', *, *, #3497, .F. ) ;
#1408 = EDGE_CURVE ( 'NONE', #7446, #2143, #537, .T. ) ;
#1409 = CIRCLE ( 'NONE', #4947, 0.5000000000000004441 ) ;
#1410 = CARTESIAN_POINT ( 'NONE',  ( -24.70478022889112424, 16.05467393384324737, 1.053273649437422632 ) ) ;
#1411 = CARTESIAN_POINT ( 'NONE',  ( -30.50000000000000000, 15.29999999999999716, -1.961511404530491554 ) ) ;
#1412 = CARTESIAN_POINT ( 'NONE',  ( 1.558584639864841304, -19.19954778414234298, -0.003635561865076669414 ) ) ;
#1413 = CARTESIAN_POINT ( 'NONE',  ( 25.30000000000000071, -22.00000000000000000, 1.034605441787628255 ) ) ;
#1414 = CARTESIAN_POINT ( 'NONE',  ( 31.34586568389822503, 16.91955880159312642, 1.019173546593880930 ) ) ;
#1415 = VERTEX_POINT ( 'NONE', #8305 ) ;
#1416 = CARTESIAN_POINT ( 'NONE',  ( -30.09229709723866009, -18.31969078134933682, -2.379084008612483370 ) ) ;
#1417 = CARTESIAN_POINT ( 'NONE',  ( 25.24133706551558376, -15.77006132493138502, 1.002488253957495967 ) ) ;
#1418 = CARTESIAN_POINT ( 'NONE',  ( 0.000000000000000000, 22.00000000000000000, -330.0000000000000000 ) ) ;
#1419 = CARTESIAN_POINT ( 'NONE',  ( -31.40227401421026698, 18.07487046360683181, -1.956486628572210673 ) ) ;
#1420 = CARTESIAN_POINT ( 'NONE',  ( 25.26160849772382733, -21.50000000000000000, -1.971264770740375427 ) ) ;
#1421 = DIRECTION ( 'NONE',  ( 0.000000000000000000, 0.000000000000000000, -1.000000000000000000 ) ) ;
#1422 = ORIENTED_EDGE ( 'NONE', *, *, #3311, .T. ) ;
#1423 = DIRECTION ( 'NONE',  ( -0.07678300455235541333, 0.000000000000000000, -0.9970478274445579991 ) ) ;
#1424 = CARTESIAN_POINT ( 'NONE',  ( -25.00144388323977296, 19.99999999999921130, 1.558709437338138937 ) ) ;
#1425 = AXIS2_PLACEMENT_3D ( 'NONE', #531, #6591, #5185 ) ;
#1426 = AXIS2_PLACEMENT_3D ( 'NONE', #6221, #2233, #4197 ) ;
#1427 = ADVANCED_FACE ( 'NONE', ( #7628 ), #465, .T. ) ;
#1428 = CARTESIAN_POINT ( 'NONE',  ( 0.000000000000000000, -22.00000000000000000, -330.0000000000000000 ) ) ;
#1429 = DIRECTION ( 'NONE',  ( 0.000000000000000000, 0.000000000000000000, -1.000000000000000000 ) ) ;
#1430 = EDGE_LOOP ( 'NONE', ( #6928, #5585, #8504, #2717 ) ) ;
#1431 = CARTESIAN_POINT ( 'NONE',  ( 24.12800586468023312, 16.73357266834837276, 1.623427963597988688 ) ) ;
#1432 = CARTESIAN_POINT ( 'NONE',  ( 26.19999999999999929, 22.00000000000000711, -1.041704770954277048 ) ) ;
#1433 = CARTESIAN_POINT ( 'NONE',  ( -29.37859873092759955, 20.63349379737924849, -1.785049669473842027 ) ) ;
#1434 = AXIS2_PLACEMENT_3D ( 'NONE', #6227, #2154, #4239 ) ;
#1435 = CARTESIAN_POINT ( 'NONE',  ( -24.85445325577504150, 15.99419465996628631, 1.039250209242684297 ) ) ;
#1436 = CARTESIAN_POINT ( 'NONE',  ( -28.50000000000000000, 18.49999999999999645, -500000.0000000000582 ) ) ;
#1437 = CARTESIAN_POINT ( 'NONE',  ( 28.10950083874783445, -20.23857629681936743, -2.202984977633065444 ) ) ;
#1438 = CARTESIAN_POINT ( 'NONE',  ( -28.22932915112623320, -21.32980169036769880, -2.213186706534952197 ) ) ;
#1439 = EDGE_LOOP ( 'NONE', ( #3796, #1616, #6389, #1591 ) ) ;
#1441 = CARTESIAN_POINT ( 'NONE',  ( 29.39008345962265523, -20.62494009292499086, 0.7237318882154516464 ) ) ;
#1440 = CARTESIAN_POINT ( 'NONE',  ( 25.67549049921914062, -16.16872420393830012, 1.507195428181243635 ) ) ;
#1442 = CARTESIAN_POINT ( 'NONE',  ( 30.71348414480978306, 18.41020595738658372, 1.078451767649837301 ) ) ;
#1443 = B_SPLINE_CURVE_WITH_KNOTS ( 'NONE', 3,
 ( #1593, #4904, #203, #2915, #7590, #4269, #1732, #6952, #2946, #7648, #2974, #6971, #4422, #5635, #8314, #6347, #2304, #5675, #2997, #2393, #376, #1099 ),
 .UNSPECIFIED., .F., .F.,
 ( 4, 2, 2, 2, 2, 2, 2, 2, 2, 2, 4 ),
 ( 0.000000000000000000, 0.001222170424574740019, 0.002444340849149480039, 0.003055426061436852976, 0.003666511273724225046, 0.004888681698298956609, 0.006110852122873686870, 0.007333022547448418867, 0.007944107759735785299, 0.008555192972023149128, 0.009777363396597888931 ),
 .UNSPECIFIED. ) ;
#1444 = CARTESIAN_POINT ( 'NONE',  ( -30.03611157321942216, -17.45359045496221384, -1.913847994610805348 ) ) ;
#1445 = ORIENTED_EDGE ( 'NONE', *, *, #2512, .F. ) ;
#1446 = CARTESIAN_POINT ( 'NONE',  ( 25.79954030991819280, -15.19696491275773020, 0.9482056728581509386 ) ) ;
#1447 = DIRECTION ( 'NONE',  ( -0.000000000000000000, -1.000000000000000000, -0.000000000000000000 ) ) ;
#1448 = CARTESIAN_POINT ( 'NONE',  ( -30.17613057912736352, 19.09209148907611464, -2.386732675029419770 ) ) ;
#1449 = DIRECTION ( 'NONE',  ( -0.000000000000000000, -1.000000000000000000, -0.000000000000000000 ) ) ;
#1450 = CARTESIAN_POINT ( 'NONE',  ( 29.37859873092759955, -20.63349379737925915, -1.785049669473883771 ) ) ;
#1451 = CARTESIAN_POINT ( 'NONE',  ( -25.33839150227617409, 20.50000000000000000, -0.9742169432958172060 ) ) ;
#1452 = EDGE_LOOP ( 'NONE', ( #3748, #1181, #2097, #5532 ) ) ;
#1453 = CARTESIAN_POINT ( 'NONE',  ( 0.000000000000000000, -16.89999999999999858, 3.501025000000002052 ) ) ;
#1454 = CIRCLE ( 'NONE', #3660, 331.9000000000001478 ) ;
#1455 = CARTESIAN_POINT ( 'NONE',  ( 1.386479665519867455, -19.30000000000000071, 0.4970917786374491887 ) ) ;
#1456 =( BOUNDED_SURFACE ( )  B_SPLINE_SURFACE ( 3, 2, ( 
 ( #1381, #5991, #2675 ),
 ( #7973, #711, #4646 ),
 ( #8090, #6719, #7303 ),
 ( #4092, #666, #3390 ),
 ( #4756, #5962, #4731 ),
 ( #766, #35, #5424 ),
 ( #1318, #2708, #7363 ),
 ( #1982, #7331, #3324 ),
 ( #4012, #8022, #8057 ),
 ( #93, #6772, #6862 ),
 ( #2132, #4895, #7526 ),
 ( #221, #4172, #3478 ),
 ( #1499, #6114, #795 ),
 ( #6229, #884, #2099 ),
 ( #6803, #2795, #6142 ),
 ( #7473, #1438, #196 ),
 ( #4813, #2155, #1551 ),
 ( #2772, #2216, #4846 ),
 ( #7444, #844, #8201 ),
 ( #3565, #4211, #1527 ),
 ( #5459, #3441, #818 ),
 ( #6201, #8111, #6882 ),
 ( #8140, #4146, #5489 ),
 ( #6167, #5516, #1462 ) ),
 .UNSPECIFIED., .F., .F., .T. ) 
 B_SPLINE_SURFACE_WITH_KNOTS ( ( 4, 2, 2, 2, 2, 2, 2, 2, 2, 2, 2, 4 ),
 ( 3, 3 ),
 ( 0.000000000000000000, 0.001212866084080603535, 0.001819299126120905302, 0.002425732168161207070, 0.003638598252241810604, 0.004851464336322414139, 0.006064330420403017674, 0.006670763462443319441, 0.007277196504483621209, 0.007883629546523922976, 0.008490062588564224744, 0.009702928672644828278 ),
 ( 0.000000000000000000, 1.000000000000000000 ),
 .UNSPECIFIED. ) 
 GEOMETRIC_REPRESENTATION_ITEM ( )  RATIONAL_B_SPLINE_SURFACE ( (
 ( 1.000000000000000000, 0.6724584027953961485, 1.000000000000000000),
 ( 1.000000000000000000, 0.6724590428356881366, 1.000000000000000000),
 ( 1.000000000000000000, 0.6727358327385245529, 1.000000000000000000),
 ( 1.000000000000000000, 0.6735418529720934577, 1.000000000000000000),
 ( 1.000000000000000000, 0.6738758210099077273, 1.000000000000000000),
 ( 1.000000000000000000, 0.6746735840903818060, 1.000000000000000000),
 ( 1.000000000000000000, 0.6751394191558794944, 1.000000000000000000),
 ( 1.000000000000000000, 0.6766952568027509995, 1.000000000000000000),
 ( 1.000000000000000000, 0.6779494779049289876, 1.000000000000000000),
 ( 1.000000000000000000, 0.6808378772563844494, 1.000000000000000000),
 ( 1.000000000000000000, 0.6824847388023272954, 1.000000000000000000),
 ( 1.000000000000000000, 0.6859679814512874563, 1.000000000000000000),
 ( 1.000000000000000000, 0.6878182205268201788, 1.000000000000000000),
 ( 1.000000000000000000, 0.6907190719119282729, 1.000000000000000000),
 ( 1.000000000000000000, 0.6917051297806763310, 1.000000000000000000),
 ( 1.000000000000000000, 0.6936706430190598960, 1.000000000000000000),
 ( 1.000000000000000000, 0.6946553233224250778, 1.000000000000000000),
 ( 1.000000000000000000, 0.6966235664643012360, 1.000000000000000000),
 ( 1.000000000000000000, 0.6976071371765104612, 1.000000000000000000),
 ( 1.000000000000000000, 0.6995692495554333146, 1.000000000000000000),
 ( 1.000000000000000000, 0.7005521877036312572, 1.000000000000000000),
 ( 1.000000000000000000, 0.7034526670270948578, 1.000000000000000000),
 ( 1.000000000000000000, 0.7053166015176332015, 1.000000000000000000),
 ( 1.000000000000000000, 0.7071067811865475727, 1.000000000000000000) ) ) 
 REPRESENTATION_ITEM ( '' )  SURFACE ( )  );
#1457 = ORIENTED_EDGE ( 'NONE', *, *, #1406, .T. ) ;
#1458 = EDGE_CURVE ( 'NONE', #6076, #5604, #5894, .T. ) ;
#1459 = CARTESIAN_POINT ( 'NONE',  ( 25.64856419620754124, -20.00000000000000000, -0.9981034517606982570 ) ) ;
#1460 = CARTESIAN_POINT ( 'NONE',  ( -28.54285714285713738, -18.50000000000000355, 1.774479588368923721 ) ) ;
#1461 = CARTESIAN_POINT ( 'NONE',  ( 29.74594602131252685, 20.33136694562472258, 1.167057549166359953 ) ) ;
#1462 = CARTESIAN_POINT ( 'NONE',  ( -25.30000000000000426, -22.00000000000000355, -1.472740857018123073 ) ) ;
#1463 = FACE_OUTER_BOUND ( 'NONE', #1877, .T. ) ;
#1464 = EDGE_CURVE ( 'NONE', #1801, #6637, #7422, .T. ) ;
#1466 = CARTESIAN_POINT ( 'NONE',  ( -29.81275533613148454, -17.90586551504794599, -1.812304761541402742 ) ) ;
#1465 = CARTESIAN_POINT ( 'NONE',  ( 24.80979211606860346, -16.62048433791170865, 1.573108461386990564 ) ) ;
#1467 = CARTESIAN_POINT ( 'NONE',  ( 26.74338687444698692, 21.34249067073996642, 1.422812546289773161 ) ) ;
#1468 = EDGE_CURVE ( 'NONE', #3662, #5626, #4181, .T. ) ;
#1469 = ORIENTED_EDGE ( 'NONE', *, *, #3129, .T. ) ;
#1470 = LINE ( 'NONE', #5588, #2084 ) ;
#1471 = ADVANCED_FACE ( 'NONE', ( #4398 ), #8296, .T. ) ;
#1472 = CIRCLE ( 'NONE', #6570, 332.5000000000000000 ) ;
#1473 = CIRCLE ( 'NONE', #6847, 332.5000000000000000 ) ;
#1474 = CARTESIAN_POINT ( 'NONE',  ( -30.49999999763470271, -15.99138809564694519, -2.416488503539682586 ) ) ;
#1475 = FACE_OUTER_BOUND ( 'NONE', #4912, .T. ) ;
#1476 = DIRECTION ( 'NONE',  ( 0.000000000000000000, 1.000000000000000000, 0.000000000000000000 ) ) ;
#1477 = CARTESIAN_POINT ( 'NONE',  ( 0.000000000000000000, -7.599999999999996092, -330.0000000000000000 ) ) ;
#1478 = DIRECTION ( 'NONE',  ( 0.000000000000000000, 1.000000000000000000, 0.000000000000000000 ) ) ;
#1479 = CARTESIAN_POINT ( 'NONE',  ( -30.51601171467717322, 18.58462388941741850, -2.418275883639336321 ) ) ;
#1480 = ORIENTED_EDGE ( 'NONE', *, *, #7177, .T. ) ;
#1481 = AXIS2_PLACEMENT_3D ( 'NONE', #5451, #1334, #8014 ) ;
#1482 = EDGE_CURVE ( 'NONE', #7844, #3984, #1887, .T. ) ;
#1483 = CARTESIAN_POINT ( 'NONE',  ( 25.33839150227617409, -20.50000000000000000, -0.9742169432958172060 ) ) ;
#1484 = ORIENTED_EDGE ( 'NONE', *, *, #659, .F. ) ;
#1485 = CYLINDRICAL_SURFACE ( 'NONE', #373, 0.7999999999999986011 ) ;
#1486 = CARTESIAN_POINT ( 'NONE',  ( 30.97280792200236021, -18.87198075256544882, -2.460825288736746330 ) ) ;
#1487 = CARTESIAN_POINT ( 'NONE',  ( -28.49009785694358854, 19.42043677113304767, -1.231881908848488472 ) ) ;
#1488 = ORIENTED_EDGE ( 'NONE', *, *, #3472, .T. ) ;
#1489 = LINE ( 'NONE', #3236, #6696 ) ;
#1490 = CIRCLE ( 'NONE', #7294, 0.5000000000000000000 ) ;
#1491 = EDGE_LOOP ( 'NONE', ( #4857, #7215, #2204, #5555 ) ) ;
#1492 = CARTESIAN_POINT ( 'NONE',  ( -0.2758011699725554378, -16.57799115532436218, -0.0001077427999078415155 ) ) ;
#1493 = DIRECTION ( 'NONE',  ( 0.000000000000000000, 1.000000000000000000, 0.000000000000000000 ) ) ;
#1494 = ORIENTED_EDGE ( 'NONE', *, *, #3205, .F. ) ;
#1495 = CARTESIAN_POINT ( 'NONE',  ( 26.27931655862459692, 15.51513223972447975, 1.459874181177618357 ) ) ;
#1496 = VERTEX_POINT ( 'NONE', #7208 ) ;
#1497 = LINE ( 'NONE', #1004, #6199 ) ;
#1498 = CARTESIAN_POINT ( 'NONE',  ( -28.63023803304848514, -17.99999999990959054, 1.265115213867678667 ) ) ;
#1499 = CARTESIAN_POINT ( 'NONE',  ( -29.04013999883425612, -20.22799783800979512, -2.283986579534855732 ) ) ;
#1500 = ORIENTED_EDGE ( 'NONE', *, *, #4537, .F. ) ;
#1501 = ORIENTED_EDGE ( 'NONE', *, *, #7785, .F. ) ;
#1503 = CARTESIAN_POINT ( 'NONE',  ( 25.50000000000000000, -20.00000000000000355, -500000.0000000000582 ) ) ;
#1502 = CARTESIAN_POINT ( 'NONE',  ( 24.03116723019311962, -16.75631272242358349, 1.630459917202450093 ) ) ;
#1504 = VECTOR ( 'NONE', #5136, 1000.000000000000000 ) ;
#1505 = CARTESIAN_POINT ( 'NONE',  ( -25.26160849772382022, -20.49999999999999645, -1.971264770740407846 ) ) ;
#1506 = CARTESIAN_POINT ( 'NONE',  ( -24.74442100285251200, 16.03971251906470030, 1.049566178818571061 ) ) ;
#1507 = ORIENTED_EDGE ( 'NONE', *, *, #6989, .T. ) ;
#1508 = DIRECTION ( 'NONE',  ( -0.000000000000000000, 1.000000000000000000, -0.000000000000000000 ) ) ;
#1509 = CARTESIAN_POINT ( 'NONE',  ( 29.50200554329792979, 15.63036663317153874, 1.188589279466599979 ) ) ;
#1510 = ORIENTED_EDGE ( 'NONE', *, *, #3006, .F. ) ;
#1511 = CARTESIAN_POINT ( 'NONE',  ( -29.20245812135983954, 7.700724261914238866, 1.215150424316935096 ) ) ;
#1512 = CARTESIAN_POINT ( 'NONE',  ( 32.00000000000000000, -15.30000000000000071, -2.009146468990700818 ) ) ;
#1513 = CARTESIAN_POINT ( 'NONE',  ( -30.36318105656912181, 16.66188554116376608, -1.399419939472445362 ) ) ;
#1514 = ORIENTED_EDGE ( 'NONE', *, *, #1955, .F. ) ;
#1515 = ADVANCED_FACE ( 'NONE', ( #4805 ), #5540, .F. ) ;
#1516 = CARTESIAN_POINT ( 'NONE',  ( -30.82472907278377505, -18.05003100198064203, -2.447163891234420685 ) ) ;
#1517 = CIRCLE ( 'NONE', #2979, 330.3000000000000114 ) ;
#1518 = CARTESIAN_POINT ( 'NONE',  ( 31.33928429955914297, -16.90484948108194274, 1.019792154492419334 ) ) ;
#1519 = CARTESIAN_POINT ( 'NONE',  ( 26.54928645828045575, 15.03040784686447218, 1.438358838235397119 ) ) ;
#1520 = DIRECTION ( 'NONE',  ( 0.000000000000000000, -1.000000000000000000, -0.000000000000000000 ) ) ;
#1521 = EDGE_CURVE ( 'NONE', #3531, #7185, #7842, .T. ) ;
#1522 = EDGE_CURVE ( 'NONE', #2001, #3586, #1195, .T. ) ;
#1523 = DIRECTION ( 'NONE',  ( 0.000000000000000000, 0.000000000000000000, 1.000000000000000000 ) ) ;
#1524 = CARTESIAN_POINT ( 'NONE',  ( -29.60000000000000142, -13.39999999999999680, 5.000000000000000000 ) ) ;
#1525 = DIRECTION ( 'NONE',  ( 0.000000000000000000, 0.000000000000000000, -1.000000000000000000 ) ) ;
#1526 = ORIENTED_EDGE ( 'NONE', *, *, #4321, .T. ) ;
#1527 = CARTESIAN_POINT ( 'NONE',  ( -27.04126128307008514, -21.77347601178307812, -1.600747820770882957 ) ) ;
#1529 = CARTESIAN_POINT ( 'NONE',  ( 28.36831186151480821, -18.99999999991064215, 1.287648958190849902 ) ) ;
#1528 = CARTESIAN_POINT ( 'NONE',  ( 24.91607500136521125, -15.96373347161931733, 1.033431792707233621 ) ) ;
#1530 = CARTESIAN_POINT ( 'NONE',  ( 26.14967201998581103, 21.46000539564827392, 1.470364171044890034 ) ) ;
#1531 = EDGE_CURVE ( 'NONE', #197, #3860, #7238, .T. ) ;
#1532 = ORIENTED_EDGE ( 'NONE', *, *, #3944, .T. ) ;
#1533 = EDGE_CURVE ( 'NONE', #6136, #1231, #7316, .T. ) ;
#1534 = CARTESIAN_POINT ( 'NONE',  ( -27.13027798798969670, -20.17021914466765509, -1.633363849815878677 ) ) ;
#1535 = CARTESIAN_POINT ( 'NONE',  ( 24.65670929630954333, -16.07222350435443303, 1.057763134818515915 ) ) ;
#1536 = CARTESIAN_POINT ( 'NONE',  ( -24.42092358765320270, 16.14147993157680006, 1.079607165169444771 ) ) ;
#1537 = CARTESIAN_POINT ( 'NONE',  ( 28.49999999999999645, -18.50000000000000355, 1.276319709120343759 ) ) ;
#1538 = DIRECTION ( 'NONE',  ( -1.000000000000000000, 0.000000000000000000, 0.000000000000000000 ) ) ;
#1539 = CARTESIAN_POINT ( 'NONE',  ( 26.20000000000000284, 13.39999999999999680, -1.041704770954277048 ) ) ;
#1540 = CARTESIAN_POINT ( 'NONE',  ( 31.95582097640936681, -16.18824595368012353, -2.555147034632685887 ) ) ;
#1541 = AXIS2_PLACEMENT_3D ( 'NONE', #7178, #3850, #3938 ) ;
#1542 = EDGE_LOOP ( 'NONE', ( #2999, #7962, #3028, #6440 ) ) ;
#1543 = EDGE_CURVE ( 'NONE', #2, #3366, #1861, .T. ) ;
#1544 = CARTESIAN_POINT ( 'NONE',  ( 32.00000000000000000, -15.74315702562762276, 0.5022692813384324051 ) ) ;
#1545 = CARTESIAN_POINT ( 'NONE',  ( 25.67277002972340227, 16.15140907549914928, 1.507406067745767464 ) ) ;
#1546 = CARTESIAN_POINT ( 'NONE',  ( 30.82391415307817439, 18.05171440845509068, -2.447087117413197621 ) ) ;
#1547 = VERTEX_POINT ( 'NONE', #7384 ) ;
#1548 = CARTESIAN_POINT ( 'NONE',  ( -26.08226245010968825, -14.64193711206699788, -1.032343619351213881 ) ) ;
#1549 = CARTESIAN_POINT ( 'NONE',  ( 26.18564365621278967, 14.19757588495850698, 0.8528372527535290626 ) ) ;
#1550 = DIRECTION ( 'NONE',  ( 0.000000000000000000, 0.000000000000000000, 1.000000000000000000 ) ) ;
#1551 = CARTESIAN_POINT ( 'NONE',  ( -28.06753483748396505, -21.40558623247224190, -1.679958805437394842 ) ) ;
#1552 = ORIENTED_EDGE ( 'NONE', *, *, #6506, .F. ) ;
#1554 = CARTESIAN_POINT ( 'NONE',  ( 8.218268825899310839E-16, -16.89999999999999858, 0.4999999999999978351 ) ) ;
#1553 = CARTESIAN_POINT ( 'NONE',  ( 26.00931492001066658, -14.81771118705205481, 0.9274321642265449528 ) ) ;
#1555 = DIRECTION ( 'NONE',  ( 1.001543065824771570E-15, 1.000000000000000000, 0.000000000000000000 ) ) ;
#1556 = CARTESIAN_POINT ( 'NONE',  ( 28.90553524538889718, -7.600012892957038524, 1.241197971014468937 ) ) ;
#1557 = CARTESIAN_POINT ( 'NONE',  ( -25.47089783308474509, 15.58038600254382366, 0.9803371153707786112 ) ) ;
#1559 = EDGE_LOOP ( 'NONE', ( #5261, #4686, #4823, #436 ) ) ;
#1558 = CARTESIAN_POINT ( 'NONE',  ( 1.384801372496015981, -19.70000000000000284, -0.002905580732847430365 ) ) ;
#1560 = CARTESIAN_POINT ( 'NONE',  ( -29.80408041848451717, -16.81759231440829438, -1.348617940887973488 ) ) ;
#1561 = DIRECTION ( 'NONE',  ( 0.000000000000000000, 0.000000000000000000, -1.000000000000000000 ) ) ;
#1562 = CARTESIAN_POINT ( 'NONE',  ( 25.49999999999999645, 20.00000000000001066, 1.520738416161293571 ) ) ;
#1563 = CARTESIAN_POINT ( 'NONE',  ( -30.50000000000000000, 15.29999999999999716, -1.412175704298969769 ) ) ;
#1564 = FACE_OUTER_BOUND ( 'NONE', #2612, .T. ) ;
#1565 = EDGE_LOOP ( 'NONE', ( #7472, #7495, #6423, #7621 ) ) ;
#1566 = CYLINDRICAL_SURFACE ( 'NONE', #3091, 0.8000000000000020428 ) ;
#1567 = CARTESIAN_POINT ( 'NONE',  ( 31.54743975720374749, -15.71008560578463964, 1.000013662787637925 ) ) ;
#1568 = LINE ( 'NONE', #2355, #4395 ) ;
#1569 = CARTESIAN_POINT ( 'NONE',  ( 26.78410002272813628, 13.89999999999999858, 1.419465309405958164 ) ) ;
#1570 = CARTESIAN_POINT ( 'NONE',  ( 31.64757740575144140, 17.45562518445493438, -1.977984147348879507 ) ) ;
#1571 = DIRECTION ( 'NONE',  ( -0.000000000000000000, 1.000000000000000000, 0.000000000000000000 ) ) ;
#1572 = CYLINDRICAL_SURFACE ( 'NONE', #500, 6.700000000000001066 ) ;
#1573 = CARTESIAN_POINT ( 'NONE',  ( -30.98716685108415092, 18.84888400909260397, -1.920465122186922224 ) ) ;
#1574 = CARTESIAN_POINT ( 'NONE',  ( -28.63173669595309789, -19.00000000009168133, 1.264986282548919982 ) ) ;
#1575 = CARTESIAN_POINT ( 'NONE',  ( 26.85178973288645921, -19.76106233792763689, -1.094142783759103343 ) ) ;
#1576 = CARTESIAN_POINT ( 'NONE',  ( -29.55485135078866676, -15.76008800675009525, 1.183890698149719478 ) ) ;
#1577 = ORIENTED_EDGE ( 'NONE', *, *, #6879, .F. ) ;
#1578 = ADVANCED_FACE ( 'NONE', ( #1475 ), #5868, .T. ) ;
#1579 = VECTOR ( 'NONE', #585, 1000.000000000000000 ) ;
#1580 = CARTESIAN_POINT ( 'NONE',  ( -27.90595032183009394, -19.81283987921883494, -1.662526621107580427 ) ) ;
#1581 = FACE_OUTER_BOUND ( 'NONE', #397, .T. ) ;
#1582 = EDGE_LOOP ( 'NONE', ( #3353, #1901, #7528 ) ) ;
#1583 = CIRCLE ( 'NONE', #4229, 328.9999999999999432 ) ;
#1584 = CARTESIAN_POINT ( 'NONE',  ( 25.98012445382632762, 20.46640786821961910, -1.530802247518090020 ) ) ;
#1585 = CARTESIAN_POINT ( 'NONE',  ( -25.64856419620754124, 19.99999999999999645, -0.9981034517606984791 ) ) ;
#1586 = LINE ( 'NONE', #71, #3572 ) ;
#1587 = EDGE_LOOP ( 'NONE', ( #2209, #5872, #4354, #7975 ) ) ;
#1588 = ORIENTED_EDGE ( 'NONE', *, *, #2739, .F. ) ;
#1589 = AXIS2_PLACEMENT_3D ( 'NONE', #4510, #3844, #4561 ) ;
#1590 = DIRECTION ( 'NONE',  ( 0.000000000000000000, -1.000000000000000000, -0.000000000000000000 ) ) ;
#1591 = ORIENTED_EDGE ( 'NONE', *, *, #5484, .F. ) ;
#1592 = CYLINDRICAL_SURFACE ( 'NONE', #7139, 332.5000000000000568 ) ;
#1593 = CARTESIAN_POINT ( 'NONE',  ( 31.45220030349013385, -15.30000000000000071, -2.506856413650857984 ) ) ;
#1594 = CARTESIAN_POINT ( 'NONE',  ( -26.19999999999999929, -6.513704236698701244, 0.9083693958394892798 ) ) ;
#1595 = AXIS2_PLACEMENT_3D ( 'NONE', #5388, #2115, #6035 ) ;
#1596 = DIRECTION ( 'NONE',  ( 0.000000000000000000, -0.000000000000000000, 1.000000000000000000 ) ) ;
#1597 = DIRECTION ( 'NONE',  ( 0.9959213561407166404, 0.000000000000000000, 0.09022556390977008733 ) ) ;
#1598 = AXIS2_PLACEMENT_3D ( 'NONE', #6231, #2219, #4242 ) ;
#1599 = CARTESIAN_POINT ( 'NONE',  ( 26.67867792964641183, -20.31694103266483964, -1.080115481190239590 ) ) ;
#1600 = CARTESIAN_POINT ( 'NONE',  ( 28.36842553009259049, -18.00000000008929391, 1.287639179180723348 ) ) ;
#1601 = VERTEX_POINT ( 'NONE', #6336 ) ;
#1602 = ORIENTED_EDGE ( 'NONE', *, *, #7800, .F. ) ;
#1603 = VECTOR ( 'NONE', #8203, 1000.000000000000000 ) ;
#1604 = AXIS2_PLACEMENT_3D ( 'NONE', #5198, #4582, #8610 ) ;
#1605 = DIRECTION ( 'NONE',  ( 0.000000000000000000, 0.000000000000000000, 1.000000000000000000 ) ) ;
#1606 = CARTESIAN_POINT ( 'NONE',  ( 25.98350607030076631, 15.87485928681726932, 1.483194888146664558 ) ) ;
#1607 = CARTESIAN_POINT ( 'NONE',  ( 31.82853731706257605, 16.82182167803420825, -1.993944545999777551 ) ) ;
#1608 = VERTEX_POINT ( 'NONE', #1411 ) ;
#1609 = EDGE_LOOP ( 'NONE', ( #1069, #2066, #3695, #5577 ) ) ;
#1610 = CARTESIAN_POINT ( 'NONE',  ( 24.35548284164972088, 16.15444961609672703, 1.027455873580585211 ) ) ;
#1611 = CARTESIAN_POINT ( 'NONE',  ( 28.90553360208815192, 7.600013089390622589, -1.268374918238975635 ) ) ;
#1612 = CARTESIAN_POINT ( 'NONE',  ( -1.455403907953675802, -19.50029661553941551, -0.003201857556779601818 ) ) ;
#1613 = CARTESIAN_POINT ( 'NONE',  ( -30.16832228384246406, -17.13534863112809958, -1.841271970070047059 ) ) ;
#1614 = CARTESIAN_POINT ( 'NONE',  ( 28.44700274722230660, 18.84254753006095129, -1.228323094635817014 ) ) ;
#1615 = CARTESIAN_POINT ( 'NONE',  ( -23.93683557770485848, -16.75631529253509555, 1.637268566917704504 ) ) ;
#1616 = ORIENTED_EDGE ( 'NONE', *, *, #1955, .T. ) ;
#1617 = CYLINDRICAL_SURFACE ( 'NONE', #3908, 0.5000000000000004441 ) ;
#1618 = CARTESIAN_POINT ( 'NONE',  ( 28.65123076226995735, 21.10578691248903382, -1.726246169200883696 ) ) ;
#1619 = CARTESIAN_POINT ( 'NONE',  ( -29.60000000000000142, 12.59999999999999787, -1.330196093404401037 ) ) ;
#1620 = CARTESIAN_POINT ( 'NONE',  ( -26.11080542445814601, 14.53542056117616532, 0.9173074566212657821 ) ) ;
#1621 = CARTESIAN_POINT ( 'NONE',  ( 29.92013666199997246, -16.53950201283525345, -1.359099650623024846 ) ) ;
#1622 = ORIENTED_EDGE ( 'NONE', *, *, #3593, .F. ) ;
#1623 = ADVANCED_FACE ( 'NONE', ( #6385 ), #1572, .T. ) ;
#1624 = CARTESIAN_POINT ( 'NONE',  ( -0.3462003431240042173, -16.69999999999999929, -0.0001815980463267387150 ) ) ;
#1625 = CARTESIAN_POINT ( 'NONE',  ( -23.89999999999999858, -16.19999999999999929, 1.126923315285419447 ) ) ;
#1626 = EDGE_CURVE ( 'NONE', #2047, #3272, #3780, .T. ) ;
#1627 = CARTESIAN_POINT ( 'NONE',  ( -25.05434862802662721, -20.26008800672921950, 1.554728983250193153 ) ) ;
#1628 = VERTEX_POINT ( 'NONE', #5211 ) ;
#1629 = CARTESIAN_POINT ( 'NONE',  ( -29.01089393758534740, -7.600004134313978810, 1.232037760136716287 ) ) ;
#1630 = DIRECTION ( 'NONE',  ( 0.000000000000000000, -0.000000000000000000, -1.000000000000000000 ) ) ;
#1631 = DIRECTION ( 'NONE',  ( 0.000000000000000000, 1.000000000000000000, 0.000000000000000000 ) ) ;
#1632 = EDGE_CURVE ( 'NONE', #6708, #6431, #2526, .T. ) ;
#1633 = EDGE_CURVE ( 'NONE', #173, #1237, #3201, .T. ) ;
#1634 = CARTESIAN_POINT ( 'NONE',  ( 24.55291495045944927, 16.10570083887526849, 1.009373181669328101 ) ) ;
#1635 = DIRECTION ( 'NONE',  ( 0.000000000000000000, 0.000000000000000000, -1.000000000000000000 ) ) ;
#1636 = EDGE_LOOP ( 'NONE', ( #563, #3222, #4163, #6980 ) ) ;
#1637 = CARTESIAN_POINT ( 'NONE',  ( 24.70921262344265656, -16.05327939869302512, 1.052858603377124114 ) ) ;
#1638 = AXIS2_PLACEMENT_3D ( 'NONE', #7271, #5272, #626 ) ;
#1639 = EDGE_CURVE ( 'NONE', #1687, #1038, #5963, .T. ) ;
#1640 = CARTESIAN_POINT ( 'NONE',  ( 31.32030349825224746, 18.27303011086889484, -1.949311595800734320 ) ) ;
#1641 = VERTEX_POINT ( 'NONE', #3200 ) ;
#1642 = CARTESIAN_POINT ( 'NONE',  ( -29.60000000000000142, 22.00000000000000000, 1.179845401256263138 ) ) ;
#1643 = CARTESIAN_POINT ( 'NONE',  ( -26.12356170891044727, -14.49291767708511181, 0.9160489900875560254 ) ) ;
#1644 = CARTESIAN_POINT ( 'NONE',  ( -26.97908602199201056, 20.23304230467413589, -1.619490185988309516 ) ) ;
#1645 = PERSON_AND_ORGANIZATION_ROLE ( 'creator' ) ;
#1646 = CARTESIAN_POINT ( 'NONE',  ( 28.65046710127379015, 21.11854381122801172, 0.7832064112511895049 ) ) ;
#1647 = CARTESIAN_POINT ( 'NONE',  ( -21.40000000000000213, 22.00000000000000000, 0.8085397930349680351 ) ) ;
#1648 = CARTESIAN_POINT ( 'NONE',  ( -25.50000000006268053, -20.50000000000000355, 1.520738416161248718 ) ) ;
#1649 = AXIS2_PLACEMENT_3D ( 'NONE', #5439, #7480, #2782 ) ;
#1650 = ORIENTED_EDGE ( 'NONE', *, *, #2079, .F. ) ;
#1651 = CARTESIAN_POINT ( 'NONE',  ( 0.000000000000000000, 21.50000000000000000, -330.0000000000000000 ) ) ;
#1652 = CARTESIAN_POINT ( 'NONE',  ( -24.81563105924116641, -16.01021747619801872, 1.042889662894772140 ) ) ;
#1653 = CARTESIAN_POINT ( 'NONE',  ( -25.53834586466165035, -20.00000000000000355, 2.019265842371722908 ) ) ;
#1654 = CARTESIAN_POINT ( 'NONE',  ( 26.19623861238418883, 14.05144054401450404, 0.8517592070779507196 ) ) ;
#1655 = DIRECTION ( 'NONE',  ( 0.000000000000000000, 1.000000000000000000, 0.000000000000000000 ) ) ;
#1656 = DIRECTION ( 'NONE',  ( -1.000000000000000000, 0.000000000000000000, 0.000000000000000000 ) ) ;
#1657 = ORIENTED_EDGE ( 'NONE', *, *, #6634, .T. ) ;
#1658 = CARTESIAN_POINT ( 'NONE',  ( 23.95727750363955977, 16.19999999999999929, 1.063408732492165498 ) ) ;
#1659 = CARTESIAN_POINT ( 'NONE',  ( -31.83071841560767368, 16.81227659798072693, 0.9731929293193355424 ) ) ;
#1660 = ADVANCED_FACE ( 'NONE', ( #8571, #4602, #1983, #743, #443 ), #36, .T. ) ;
#1661 = CARTESIAN_POINT ( 'NONE',  ( -28.73557001539340305, -19.21812945189872224, -1.726576743408110737 ) ) ;
#1662 = VERTEX_POINT ( 'NONE', #1919 ) ;
#1663 = CARTESIAN_POINT ( 'NONE',  ( 27.42279714910957367, 19.52512540915143546, -1.141260431633817962 ) ) ;
#1664 = EDGE_LOOP ( 'NONE', ( #6722, #3157, #5341, #2600 ) ) ;
#1665 = LINE ( 'NONE', #5561, #6374 ) ;
#1666 = DIRECTION ( 'NONE',  ( 0.000000000000000000, 0.000000000000000000, 1.000000000000000000 ) ) ;
#1667 = CARTESIAN_POINT ( 'NONE',  ( 28.38229478021373708, 13.31347794292103082, 1.286458058814694327 ) ) ;
#1668 = CARTESIAN_POINT ( 'NONE',  ( 29.55981906282374183, -17.38499580837841307, -1.326571737189500277 ) ) ;
#1669 = VERTEX_POINT ( 'NONE', #4523 ) ;
#1670 = FACE_OUTER_BOUND ( 'NONE', #5239, .T. ) ;
#1671 = CARTESIAN_POINT ( 'NONE',  ( 29.60000000000000142, -12.59999999999999964, 1.179845401256263138 ) ) ;
#1672 = CARTESIAN_POINT ( 'NONE',  ( -25.50000000006329515, -19.49999999999464251, 1.520738416161217632 ) ) ;
#1673 = FACE_OUTER_BOUND ( 'NONE', #5676, .T. ) ;
#1674 = FACE_OUTER_BOUND ( 'NONE', #5189, .T. ) ;
#1675 = CARTESIAN_POINT ( 'NONE',  ( -24.24991631732657993, -16.17330470352283101, 1.095275386908045379 ) ) ;
#1676 = CIRCLE ( 'NONE', #6066, 328.9999999999999432 ) ;
#1677 = EDGE_CURVE ( 'NONE', #4679, #2632, #4084, .T. ) ;
#1678 = CARTESIAN_POINT ( 'NONE',  ( -25.41733200504781820, -15.63011956998613528, 0.9855320578260272635 ) ) ;
#1679 = EDGE_LOOP ( 'NONE', ( #4885, #3740, #3892, #6246 ) ) ;
#1680 = EDGE_CURVE ( 'NONE', #3576, #253, #138, .T. ) ;
#1681 = DIRECTION ( 'NONE',  ( 0.000000000000000000, 0.000000000000000000, -1.000000000000000000 ) ) ;
#1683 = ORIENTED_EDGE ( 'NONE', *, *, #1232, .T. ) ;
#1682 = CARTESIAN_POINT ( 'NONE',  ( -25.71272273385368479, 16.13979463066679543, 1.504309520334573991 ) ) ;
#1684 = CARTESIAN_POINT ( 'NONE',  ( -29.60000000000000142, -8.294151406892401823, 1.179845401256263138 ) ) ;
#1685 = CARTESIAN_POINT ( 'NONE',  ( 27.00260469544094377, 21.78386552929616116, -2.109895334440642589 ) ) ;
#1686 = LINE ( 'NONE', #2890, #2609 ) ;
#1687 = VERTEX_POINT ( 'NONE', #4571 ) ;
#1688 = CARTESIAN_POINT ( 'NONE',  ( -31.45220030349014806, -15.70980048479964708, -2.506856413650882853 ) ) ;
#1689 = FACE_OUTER_BOUND ( 'NONE', #6909, .T. ) ;
#1690 = CYLINDRICAL_SURFACE ( 'NONE', #2806, 0.5000000000000000000 ) ;
#1691 = CARTESIAN_POINT ( 'NONE',  ( 24.17412528642617175, 16.18367269364642880, 1.043919107853171324 ) ) ;
#1692 = CARTESIAN_POINT ( 'NONE',  ( -31.32813023552719756, 18.25690089855755716, 1.021142213245618047 ) ) ;
#1693 = CARTESIAN_POINT ( 'NONE',  ( 25.20112696160557419, 16.45090963082177993, 1.543636031968071975 ) ) ;
#1694 = ORIENTED_EDGE ( 'NONE', *, *, #2436, .T. ) ;
#1695 = CARTESIAN_POINT ( 'NONE',  ( -29.74528298214192645, -16.95887280105849015, -1.343307284155406789 ) ) ;
#1696 = EDGE_CURVE ( 'NONE', #7132, #1038, #3882, .T. ) ;
#1697 = ORIENTED_EDGE ( 'NONE', *, *, #7598, .T. ) ;
#1698 = ADVANCED_FACE ( 'NONE', ( #2822 ), #4024, .F. ) ;
#1699 = ORIENTED_EDGE ( 'NONE', *, *, #8118, .T. ) ;
#1700 = CARTESIAN_POINT ( 'NONE',  ( 25.95526884257257905, 19.96968801844544217, -1.022163951816097205 ) ) ;
#1701 = VECTOR ( 'NONE', #2766, 1000.000000000000000 ) ;
#1702 = CARTESIAN_POINT ( 'NONE',  ( 26.81739750406349998, 21.82954530734989262, 0.9243527585707692618 ) ) ;
#1703 = AXIS2_PLACEMENT_3D ( 'NONE', #5168, #7761, #7793 ) ;
#1704 = CARTESIAN_POINT ( 'NONE',  ( 1.385640646055105174, -19.30000000000000071, 0.2970935385293478337 ) ) ;
#1705 = ORIENTED_EDGE ( 'NONE', *, *, #6832, .F. ) ;
#1706 = CARTESIAN_POINT ( 'NONE',  ( -26.65229135595777521, 20.33270845492965506, -1.590053030328006933 ) ) ;
#1707 = EDGE_CURVE ( 'NONE', #5933, #977, #2402, .T. ) ;
#1708 = VERTEX_POINT ( 'NONE', #1358 ) ;
#1709 = AXIS2_PLACEMENT_3D ( 'NONE', #7770, #5079, #3779 ) ;
#1710 = FACE_OUTER_BOUND ( 'NONE', #8478, .T. ) ;
#1711 = CARTESIAN_POINT ( 'NONE',  ( 27.00352793887507019, -20.21612164395305555, -1.106612979020752174 ) ) ;
#1712 = ADVANCED_FACE ( 'NONE', ( #1055 ), #1198, .T. ) ;
#1713 = CARTESIAN_POINT ( 'NONE',  ( -26.41543990771463868, -15.32919836163185678, 1.449055629880991125 ) ) ;
#1714 = ORIENTED_EDGE ( 'NONE', *, *, #2792, .F. ) ;
#1715 = AXIS2_PLACEMENT_3D ( 'NONE', #1394, #2140, #2112 ) ;
#1716 = APPROVAL_PERSON_ORGANIZATION ( #5056, #4231, #3697 ) ;
#1717 = CARTESIAN_POINT ( 'NONE',  ( -25.30000000000000071, -20.49999999999999645, -1.472740857018096428 ) ) ;
#1718 = CARTESIAN_POINT ( 'NONE',  ( -26.77317224097997794, 14.27507089949221708, 1.420348344340063074 ) ) ;
#1719 = CARTESIAN_POINT ( 'NONE',  ( 25.70373731007720863, 22.00253811073837085, -2.005313266416525408 ) ) ;
#1720 = CARTESIAN_POINT ( 'NONE',  ( 25.98289681539638707, 20.49999999999999645, -1.520274238795804145 ) ) ;
#1721 = CARTESIAN_POINT ( 'NONE',  ( 26.05293950213886234, 14.71012859823440344, 0.8660019680096670003 ) ) ;
#1722 = CARTESIAN_POINT ( 'NONE',  ( -28.08570212635012808, 20.86366766614023049, 1.311749820628089092 ) ) ;
#1723 = CARTESIAN_POINT ( 'NONE',  ( -28.49999999999999645, -18.50000000000000355, 1.276319709120343759 ) ) ;
#1724 = ORIENTED_EDGE ( 'NONE', *, *, #911, .T. ) ;
#1725 = FACE_OUTER_BOUND ( 'NONE', #7831, .T. ) ;
#1726 = CARTESIAN_POINT ( 'NONE',  ( 29.01865474928663247, 19.59764677203296301, -2.282153021745528143 ) ) ;
#1727 =( BOUNDED_SURFACE ( )  B_SPLINE_SURFACE ( 3, 2, ( 
 ( #8276, #1013, #275 ),
 ( #4235, #2902, #8302 ),
 ( #6361, #2348, #3558 ),
 ( #2260, #6940, #6307 ),
 ( #4319, #2935, #4285 ),
 ( #2283, #6963, #2960 ),
 ( #5835, #1080, #453 ),
 ( #5041, #3765, #8426 ),
 ( #3807, #5135, #1112 ),
 ( #1042, #4438, #1840 ),
 ( #7124, #6397, #8364 ),
 ( #2471, #7031, #3741 ),
 ( #3141, #4372, #2377 ),
 ( #1135, #5167, #7694 ),
 ( #392, #3056, #5098 ),
 ( #7065, #5721, #7723 ),
 ( #1720, #5782, #6489 ),
 ( #8398, #4407, #417 ) ),
 .UNSPECIFIED., .F., .F., .F. ) 
 B_SPLINE_SURFACE_WITH_KNOTS ( ( 4, 2, 2, 2, 2, 2, 2, 2, 4 ),
 ( 3, 3 ),
 ( 0.000000000000000000, 0.0009193534131604804696, 0.001379030119740720650, 0.001838706826320960939, 0.002758060239481441300, 0.003677413652641921878, 0.004596767065802402456, 0.005516120478962882601, 0.007354827305283843757 ),
 ( 0.000000000000000000, 1.000000000000000000 ),
 .UNSPECIFIED. ) 
 GEOMETRIC_REPRESENTATION_ITEM ( )  RATIONAL_B_SPLINE_SURFACE ( (
 ( 1.000000000000000000, 0.7385956407166128779, 1.000000000000000000),
 ( 1.000000000000000000, 0.7385949721267089929, 1.000000000000000000),
 ( 1.000000000000000000, 0.7383635506253204417, 1.000000000000000000),
 ( 1.000000000000000000, 0.7376859956538311947, 1.000000000000000000),
 ( 1.000000000000000000, 0.7374049118472992825, 1.000000000000000000),
 ( 1.000000000000000000, 0.7367315755944500166, 1.000000000000000000),
 ( 1.000000000000000000, 0.7363375681053959676, 1.000000000000000000),
 ( 1.000000000000000000, 0.7350168831212967602, 1.000000000000000000),
 ( 1.000000000000000000, 0.7339467650321298553, 1.000000000000000000),
 ( 1.000000000000000000, 0.7314562022816604170, 1.000000000000000000),
 ( 1.000000000000000000, 0.7300241808784233566, 1.000000000000000000),
 ( 1.000000000000000000, 0.7269560595129960223, 1.000000000000000000),
 ( 1.000000000000000000, 0.7253082614076985513, 1.000000000000000000),
 ( 1.000000000000000000, 0.7218120527974413170, 1.000000000000000000),
 ( 1.000000000000000000, 0.7199921434838655321, 1.000000000000000000),
 ( 1.000000000000000000, 0.7144910400737851663, 1.000000000000000000),
 ( 1.000000000000000000, 0.7106672369648350251, 1.000000000000000000),
 ( 1.000000000000000000, 0.7071067811865475727, 1.000000000000000000) ) ) 
 REPRESENTATION_ITEM ( '' )  SURFACE ( )  );
#1728 = ORIENTED_EDGE ( 'NONE', *, *, #2682, .F. ) ;
#1729 = CARTESIAN_POINT ( 'NONE',  ( -26.80000000000000071, 22.00000000000000000, -1.090042716855421645 ) ) ;
#1730 = DIRECTION ( 'NONE',  ( 1.000000000000000000, 0.000000000000000000, 0.000000000000000000 ) ) ;
#1731 = DIRECTION ( 'NONE',  ( -0.000000000000000000, 1.000000000000000000, 0.000000000000000000 ) ) ;
#1732 = CARTESIAN_POINT ( 'NONE',  ( 30.81417638322771424, -18.04889241921801002, -2.446194077080871221 ) ) ;
#1733 = CARTESIAN_POINT ( 'NONE',  ( -27.44201890801692301, 21.10625078203679905, -2.146418483419436640 ) ) ;
#1734 = CARTESIAN_POINT ( 'NONE',  ( 26.20000000000000284, -13.39999999999999680, 5.301000000000002821 ) ) ;
#1735 = CARTESIAN_POINT ( 'NONE',  ( 25.50000000000000000, -20.00000000000000355, 1.520738416181999231 ) ) ;
#1736 = CARTESIAN_POINT ( 'NONE',  ( 27.34229876740242204, -21.18197037329726129, 1.374091640793199565 ) ) ;
#1737 = EDGE_LOOP ( 'NONE', ( #4255, #2862, #2771 ) ) ;
#1738 = CARTESIAN_POINT ( 'NONE',  ( -24.15428974931058193, -16.18591004046208681, 1.103978890890207065 ) ) ;
#1739 = CARTESIAN_POINT ( 'NONE',  ( -26.76078221980536398, -14.36589545184889616, 1.421349446359126301 ) ) ;
#1740 = EDGE_CURVE ( 'NONE', #674, #7231, #6891, .T. ) ;
#1741 = CARTESIAN_POINT ( 'NONE',  ( -24.67526739508011957, 16.66109478103621555, 1.583155832293344334 ) ) ;
#1742 = CARTESIAN_POINT ( 'NONE',  ( -30.26755276008028162, -19.09203093037254106, 1.119581631028070623 ) ) ;
#1743 = ORIENTED_EDGE ( 'NONE', *, *, #4992, .F. ) ;
#1744 = DIRECTION ( 'NONE',  ( -0.000000000000000000, 0.000000000000000000, 1.000000000000000000 ) ) ;
#1745 = CARTESIAN_POINT ( 'NONE',  ( -31.57280135237107288, 17.66436092446941686, 0.5397175610516415922 ) ) ;
#1746 = EDGE_CURVE ( 'NONE', #6705, #185, #649, .T. ) ;
#1747 = B_SPLINE_CURVE_WITH_KNOTS ( 'NONE', 3,
 ( #3034, #7680, #3788, #6376, #1060, #7080, #7805, #4454, #3693, #503, #5114, #8342, #4361, #375, #5024, #5059 ),
 .UNSPECIFIED., .F., .F.,
 ( 4, 2, 2, 2, 2, 2, 2, 4 ),
 ( 0.000000000000000000, 0.0004497622605723903058, 0.0008995245211447806116, 0.001349286781717170917, 0.001799049042289561223, 0.002248811302861951529, 0.002698573563434341835, 0.003598098084579113773 ),
 .UNSPECIFIED. ) ;
#1748 = EDGE_CURVE ( 'NONE', #7927, #2514, #7940, .T. ) ;
#1749 = CARTESIAN_POINT ( 'NONE',  ( -25.07568855300811705, -16.52062889036487547, 1.553105398705650453 ) ) ;
#1750 = CARTESIAN_POINT ( 'NONE',  ( -28.06758450315304287, 21.40556385984639931, 0.8289541233945874055 ) ) ;
#1751 = CARTESIAN_POINT ( 'NONE',  ( 28.80000000000000071, -12.59999999999999964, -1.330196093404401037 ) ) ;
#1752 = ADVANCED_FACE ( 'NONE', ( #7114 ), #7223, .T. ) ;
#1753 = B_SPLINE_CURVE_WITH_KNOTS ( 'NONE', 3,
 ( #382, #4428, #5031, #4394, #1736, #7111, #6427, #7918, #7262, #8477, #7199, #7810, #529, #7834, #7149, #1125, #5916, #6510, #3846, #6589, #4564, #4480 ),
 .UNSPECIFIED., .F., .F.,
 ( 4, 2, 2, 2, 2, 2, 2, 2, 2, 2, 4 ),
 ( 0.000000000000000000, 0.001223402647987503885, 0.002446805295975007771, 0.003058506619968759822, 0.003670207943962511873, 0.004893610591950006868, 0.006117013239937502296, 0.007340415887924996857, 0.007952117211918748041, 0.008563818535912499225, 0.009787221183900013735 ),
 .UNSPECIFIED. ) ;
#1754 = CARTESIAN_POINT ( 'NONE',  ( -26.20000000000000284, 13.89999999999999858, 0.9083693958394913892 ) ) ;
#1755 = AXIS2_PLACEMENT_3D ( 'NONE', #7881, #1224, #6574 ) ;
#1756 = DIRECTION ( 'NONE',  ( 0.9963197585235830100, 0.000000000000000000, 0.08571428571428169052 ) ) ;
#1757 = EDGE_LOOP ( 'NONE', ( #8335, #5453, #1356, #856 ) ) ;
#1758 = CARTESIAN_POINT ( 'NONE',  ( -25.50000000000000000, -20.00000000000000355, 1.520738416181999231 ) ) ;
#1759 = AXIS2_PLACEMENT_3D ( 'NONE', #5319, #5410, #2662 ) ;
#1760 = AXIS2_PLACEMENT_3D ( 'NONE', #2338, #8350, #4363 ) ;
#1761 = DIRECTION ( 'NONE',  ( -0.000000000000000000, -1.000000000000000000, -0.000000000000000000 ) ) ;
#1762 = CARTESIAN_POINT ( 'NONE',  ( -1.594076618046466498, -19.26102169361404037, 0.1950876578301453390 ) ) ;
#1763 = CARTESIAN_POINT ( 'NONE',  ( -26.80000000000000071, -7.599999999999996980, 0.3145773350004543722 ) ) ;
#1764 = ORIENTED_EDGE ( 'NONE', *, *, #6006, .F. ) ;
#1765 = CARTESIAN_POINT ( 'NONE',  ( 28.84065087716409437, -20.99229511091696665, 0.7679200239531125405 ) ) ;
#1766 = DIRECTION ( 'NONE',  ( 1.000000000000000000, 0.000000000000000000, 0.000000000000000000 ) ) ;
#1767 = CARTESIAN_POINT ( 'NONE',  ( -26.20000000000000284, 5.580403008799160069, 0.9083693958394922774 ) ) ;
#1768 = AXIS2_PLACEMENT_3D ( 'NONE', #1651, #384, #3702 ) ;
#1769 = VECTOR ( 'NONE', #3293, 1000.000000000000000 ) ;
#1770 = CARTESIAN_POINT ( 'NONE',  ( -24.05125550513756139, -16.19625839147462543, 1.113325012574701178 ) ) ;
#1771 = VERTEX_POINT ( 'NONE', #1420 ) ;
#1772 = CARTESIAN_POINT ( 'NONE',  ( -26.73267413306506413, 14.50670281208695833, 1.423617475140116717 ) ) ;
#1773 = CARTESIAN_POINT ( 'NONE',  ( -26.85463358790786259, -21.82088213338939653, 1.413844635248399761 ) ) ;
#1774 = CARTESIAN_POINT ( 'NONE',  ( 23.93683557770508585, -16.75631529253509555, 1.637268566917709611 ) ) ;
#1775 = DIRECTION ( 'NONE',  ( 0.000000000000000000, 1.000000000000000000, 0.000000000000000000 ) ) ;
#1776 = CARTESIAN_POINT ( 'NONE',  ( 28.30892758980177604, -13.24010559156789668, 1.292710629369861364 ) ) ;
#1777 = VERTEX_POINT ( 'NONE', #18 ) ;
#1778 = CARTESIAN_POINT ( 'NONE',  ( -25.36727946218960383, -16.37403654893256189, 1.530922786523222889 ) ) ;
#1779 = CARTESIAN_POINT ( 'NONE',  ( 30.76874545236695369, 16.78678785324833456, -2.441929157625271962 ) ) ;
#1780 = ORIENTED_EDGE ( 'NONE', *, *, #8393, .F. ) ;
#1781 = CIRCLE ( 'NONE', #4206, 0.2000000000000000944 ) ;
#1782 = DIRECTION ( 'NONE',  ( 0.000000000000000000, -0.000000000000000000, 1.000000000000000000 ) ) ;
#1783 = VECTOR ( 'NONE', #1202, 1000.000000000000000 ) ;
#1784 = ADVANCED_FACE ( 'NONE', ( #230 ), #8623, .T. ) ;
#1785 = CARTESIAN_POINT ( 'NONE',  ( 6.999999999999998224, 16.19999999999999929, -1.937490070343665938 ) ) ;
#1786 = VECTOR ( 'NONE', #8602, 1000.000000000000000 ) ;
#1787 = ORIENTED_EDGE ( 'NONE', *, *, #3652, .F. ) ;
#1788 = LINE ( 'NONE', #3127, #4798 ) ;
#1789 = CARTESIAN_POINT ( 'NONE',  ( 29.60000000000000142, 12.59999999999999787, -1.330196093404401037 ) ) ;
#1790 = FACE_OUTER_BOUND ( 'NONE', #298, .T. ) ;
#1791 = ORIENTED_EDGE ( 'NONE', *, *, #2137, .F. ) ;
#1792 = CARTESIAN_POINT ( 'NONE',  ( -31.50701681937475485, -16.11644500717461170, 1.003873756919441806 ) ) ;
#1793 = LINE ( 'NONE', #5979, #455 ) ;
#1794 = CARTESIAN_POINT ( 'NONE',  ( -24.81390123793593006, -16.01067860618885064, 1.043049975854198674 ) ) ;
#1795 = FACE_OUTER_BOUND ( 'NONE', #2201, .T. ) ;
#1796 = CARTESIAN_POINT ( 'NONE',  ( 31.11402320846714886, -18.65840839750237734, 0.5794610655535771260 ) ) ;
#1797 = DIRECTION ( 'NONE',  ( 0.000000000000000000, 0.000000000000000000, 1.000000000000000000 ) ) ;
#1798 = CARTESIAN_POINT ( 'NONE',  ( 30.76216789867369528, -16.77542669236015627, -2.441315183884683826 ) ) ;
#1799 = EDGE_CURVE ( 'NONE', #2642, #1708, #2091, .T. ) ;
#1800 = EDGE_LOOP ( 'NONE', ( #1170, #2844, #4875, #4425 ) ) ;
#1801 = VERTEX_POINT ( 'NONE', #5563 ) ;
#1802 = ORIENTED_EDGE ( 'NONE', *, *, #5105, .F. ) ;
#1803 = EDGE_CURVE ( 'NONE', #5781, #4774, #6178, .T. ) ;
#1804 = LINE ( 'NONE', #4041, #2006 ) ;
#1805 = ORIENTED_EDGE ( 'NONE', *, *, #1362, .T. ) ;
#1806 = EDGE_CURVE ( 'NONE', #169, #6363, #5212, .T. ) ;
#1807 = B_SPLINE_CURVE_WITH_KNOTS ( 'NONE', 1,
 ( #4077, #1014 ),
 .UNSPECIFIED., .F., .F.,
 ( 2, 2 ),
 ( 0.000000000000000000, 1.000000000000000000 ),
 .UNSPECIFIED. ) ;
#1808 = CARTESIAN_POINT ( 'NONE',  ( -25.36534481985942691, 16.37644988102201893, 1.531078574516488544 ) ) ;
#1809 = CARTESIAN_POINT ( 'NONE',  ( -29.11753746610466109, -20.23583067974618288, 1.222785374854107321 ) ) ;
#1810 = CARTESIAN_POINT ( 'NONE',  ( 27.81872468982686897, 20.94994546885332198, -2.178168276154243799 ) ) ;
#1811 = EDGE_LOOP ( 'NONE', ( #6421, #6282, #3848, #8024 ) ) ;
#1812 = DIRECTION ( 'NONE',  ( 0.000000000000000000, 0.000000000000000000, -1.000000000000000000 ) ) ;
#1813 = ORIENTED_EDGE ( 'NONE', *, *, #2518, .F. ) ;
#1814 = TOROIDAL_SURFACE ( 'NONE', #866, 330.3000000000000114, 0.2000000000000000111 ) ;
#1815 = DIRECTION ( 'NONE',  ( 0.000000000000000000, 1.000000000000000000, 0.000000000000000000 ) ) ;
#1816 = CARTESIAN_POINT ( 'NONE',  ( -26.75313695935349045, 21.34030185302685823, 1.422027031727735036 ) ) ;
#1817 = AXIS2_PLACEMENT_3D ( 'NONE', #3203, #5247, #1221 ) ;
#1818 = DIRECTION ( 'NONE',  ( -1.000000000000000000, 0.000000000000000000, 0.000000000000000000 ) ) ;
#1819 = EDGE_CURVE ( 'NONE', #1117, #5668, #600, .T. ) ;
#1820 = DIRECTION ( 'NONE',  ( 0.000000000000000000, 0.000000000000000000, -1.000000000000000000 ) ) ;
#1821 = VERTEX_POINT ( 'NONE', #2194 ) ;
#1822 = VERTEX_POINT ( 'NONE', #780 ) ;
#1823 = CARTESIAN_POINT ( 'NONE',  ( 26.19999999999999929, -7.599999999999996980, 5.301000000000002821 ) ) ;
#1824 = AXIS2_PLACEMENT_3D ( 'NONE', #8327, #2325, #6988 ) ;
#1825 = CARTESIAN_POINT ( 'NONE',  ( 28.49999999966182429, 18.00000000000001066, 1.276319709120303125 ) ) ;
#1826 = CARTESIAN_POINT ( 'NONE',  ( -1.523813491835571021, -19.46068730844474004, 0.1958247957078841917 ) ) ;
#1827 = DIRECTION ( 'NONE',  ( -4.618527782440651208E-14, 0.000000000000000000, 1.000000000000000000 ) ) ;
#1828 = AXIS2_PLACEMENT_3D ( 'NONE', #498, #1145, #5820 ) ;
#1829 = CARTESIAN_POINT ( 'NONE',  ( -25.26160849772382733, 21.49999999999999645, -1.971264770740392080 ) ) ;
#1830 = VERTEX_POINT ( 'NONE', #7506 ) ;
#1831 = DIRECTION ( 'NONE',  ( -1.000000000000000000, 0.000000000000000000, 0.000000000000000000 ) ) ;
#1832 = CARTESIAN_POINT ( 'NONE',  ( 30.95295902883156458, -15.30000000000000071, -2.459293633051720107 ) ) ;
#1833 = FACE_OUTER_BOUND ( 'NONE', #1559, .T. ) ;
#1834 = ADVANCED_FACE ( 'NONE', ( #5323, #336, #5016, #3559, #5435, #7001, #5126, #7520, #5233 ), #8242, .T. ) ;
#1835 = DIRECTION ( 'NONE',  ( -0.004196367795442252323, 0.000000000000000000, -0.9999911952099005408 ) ) ;
#1836 = DIRECTION ( 'NONE',  ( -0.000000000000000000, -0.000000000000000000, -1.000000000000000000 ) ) ;
#1837 = ORIENTED_EDGE ( 'NONE', *, *, #2864, .F. ) ;
#1838 = CARTESIAN_POINT ( 'NONE',  ( -31.10124081032496690, -18.65913110791564833, 0.5804953428808140581 ) ) ;
#1839 = CARTESIAN_POINT ( 'NONE',  ( -31.50702668596060718, 16.11392872473195581, 1.003872468738012502 ) ) ;
#1840 = CARTESIAN_POINT ( 'NONE',  ( 29.08124029187523263, 18.16668346177038273, -1.283844459320140130 ) ) ;
#1841 = CARTESIAN_POINT ( 'NONE',  ( 25.76081935250273958, -20.44609259670072277, 1.500586377738094113 ) ) ;
#1842 = CARTESIAN_POINT ( 'NONE',  ( -29.44051942064184146, 19.97162121711104277, 1.194185398341653492 ) ) ;
#1843 = CARTESIAN_POINT ( 'NONE',  ( -28.49999999999999645, -18.50000000000000355, 1.276319709107132105 ) ) ;
#1844 = ORIENTED_EDGE ( 'NONE', *, *, #7381, .F. ) ;
#1845 = CARTESIAN_POINT ( 'NONE',  ( 28.72571936194555775, 19.83781169287275503, -2.256305517031743424 ) ) ;
#1846 = DIRECTION ( 'NONE',  ( 1.000000000000000000, 0.000000000000000000, 0.000000000000000000 ) ) ;
#1847 = CARTESIAN_POINT ( 'NONE',  ( -28.73553406447462066, 19.21815964092064277, -1.784377885122764518 ) ) ;
#1848 = CARTESIAN_POINT ( 'NONE',  ( 28.63164095997627712, -19.00000000009161383, 1.264994518801186851 ) ) ;
#1849 = ORIENTED_EDGE ( 'NONE', *, *, #3253, .T. ) ;
#1850 = CARTESIAN_POINT ( 'NONE',  ( -29.39003040129981770, -20.62498077697633292, -1.785984905437641768 ) ) ;
#1851 = EDGE_CURVE ( 'NONE', #4807, #4774, #3241, .T. ) ;
#1852 = CARTESIAN_POINT ( 'NONE',  ( -30.00000000013443824, 16.00000000000490985, 1.143850916775958959 ) ) ;
#1853 = CARTESIAN_POINT ( 'NONE',  ( 30.50000000000000000, -15.30000000000000071, -1.961511404530521974 ) ) ;
#1854 = EDGE_CURVE ( 'NONE', #3259, #4406, #8033, .T. ) ;
#1855 = ORIENTED_EDGE ( 'NONE', *, *, #5830, .T. ) ;
#1856 = CARTESIAN_POINT ( 'NONE',  ( -0.3462003431240048834, -16.69999999999999929, -0.0001815980463369029749 ) ) ;
#1857 = CARTESIAN_POINT ( 'NONE',  ( -29.50200554329735070, -15.36952074175805905, 1.188589279466651938 ) ) ;
#1858 = CARTESIAN_POINT ( 'NONE',  ( -25.63177271278306790, 19.50000000001421085, 1.510602687728590965 ) ) ;
#1859 = CARTESIAN_POINT ( 'NONE',  ( 31.95696208591540355, 16.17621035650171279, 0.9610463931723915998 ) ) ;
#1860 = CARTESIAN_POINT ( 'NONE',  ( -26.94075205593488320, -21.29336932042512132, 1.406825569270082843 ) ) ;
#1861 = B_SPLINE_CURVE_WITH_KNOTS ( 'NONE', 3,
 ( #4035, #2045, #5989, #2651, #69, #7328, #709, #5371, #6717, #664, #3322, #7995, #4010, #3388 ),
 .UNSPECIFIED., .F., .F.,
 ( 4, 2, 2, 2, 2, 2, 4 ),
 ( 0.000000000000000000, 0.0006313311929168415222, 0.0009469967893752587055, 0.001262662385833675889, 0.001893993578750510038, 0.002209659175208925162, 0.002525324771667340502 ),
 .UNSPECIFIED. ) ;
#1862 = CARTESIAN_POINT ( 'NONE',  ( -29.39008345962265878, 20.62494009292498376, 0.7237318882155275857 ) ) ;
#1863 = ORIENTED_EDGE ( 'NONE', *, *, #4485, .F. ) ;
#1864 = DIRECTION ( 'NONE',  ( 0.000000000000000000, 0.000000000000000000, -1.000000000000000000 ) ) ;
#1865 = CARTESIAN_POINT ( 'NONE',  ( 26.19999999999999929, 7.599999999999996980, 5.301000000000002821 ) ) ;
#1866 = ADVANCED_FACE ( 'NONE', ( #3452 ), #7931, .T. ) ;
#1867 = CARTESIAN_POINT ( 'NONE',  ( 25.30000000000000071, 21.50000000000000000, 1.034605441787626035 ) ) ;
#1868 = B_SPLINE_CURVE_WITH_KNOTS ( 'NONE', 3,
 ( #6644, #6588, #2565, #4587, #3960, #7261 ),
 .UNSPECIFIED., .F., .F.,
 ( 4, 2, 4 ),
 ( 0.000000000000000000, 0.0004166724182755925858, 0.0008333448365511851716 ),
 .UNSPECIFIED. ) ;
#1869 = ORIENTED_EDGE ( 'NONE', *, *, #1968, .T. ) ;
#1870 = AXIS2_PLACEMENT_3D ( 'NONE', #5842, #6529, #5194 ) ;
#1871 = AXIS2_PLACEMENT_3D ( 'NONE', #2462, #5156, #1831 ) ;
#1872 = DIRECTION ( 'NONE',  ( 0.4999999999999977240, -0.8660254037844400399, 7.914634962996281349E-16 ) ) ;
#1873 = CARTESIAN_POINT ( 'NONE',  ( -28.73543482216894773, 19.83056734127099219, -2.257155490359667116 ) ) ;
#1874 = LINE ( 'NONE', #5650, #7610 ) ;
#1875 = DIRECTION ( 'NONE',  ( 1.000000000000000000, 0.000000000000000000, 0.000000000000000000 ) ) ;
#1876 = CARTESIAN_POINT ( 'NONE',  ( 27.90300775635886765, -20.94992476582640961, 1.327190500068099022 ) ) ;
#1877 = EDGE_LOOP ( 'NONE', ( #1082, #6143, #6101, #114, #5827, #5525, #4627, #4062 ) ) ;
#1878 = CARTESIAN_POINT ( 'NONE',  ( -31.45220030349013385, -15.30000000000000071, -2.506856413650820237 ) ) ;
#1879 = AXIS2_PLACEMENT_3D ( 'NONE', #7385, #8089, #6080 ) ;
#1880 = FACE_OUTER_BOUND ( 'NONE', #7104, .T. ) ;
#1881 = CARTESIAN_POINT ( 'NONE',  ( -28.00000000000000000, 12.59999999999999432, -1.190024482224716351 ) ) ;
#1882 = ORIENTED_EDGE ( 'NONE', *, *, #5312, .T. ) ;
#1883 = FACE_OUTER_BOUND ( 'NONE', #1491, .T. ) ;
#1884 = CYLINDRICAL_SURFACE ( 'NONE', #3719, 0.5000000000000004441 ) ;
#1885 = CARTESIAN_POINT ( 'NONE',  ( -31.50000000000000000, 5.580403008799160069, 0.5022692811654794198 ) ) ;
#1886 = FACE_OUTER_BOUND ( 'NONE', #5044, .T. ) ;
#1887 = LINE ( 'NONE', #1228, #7737 ) ;
#1888 = CARTESIAN_POINT ( 'NONE',  ( 27.26616451709657341, 20.63801041517552903, -2.131754939510458247 ) ) ;
#1889 = VERTEX_POINT ( 'NONE', #7543 ) ;
#1890 = ORIENTED_EDGE ( 'NONE', *, *, #6506, .T. ) ;
#1891 = CIRCLE ( 'NONE', #5445, 331.5000000000000000 ) ;
#1892 = CARTESIAN_POINT ( 'NONE',  ( -23.90000000000000213, 16.19999999999999929, 1.126923315285393468 ) ) ;
#1893 = ORIENTED_EDGE ( 'NONE', *, *, #1960, .F. ) ;
#1894 = CARTESIAN_POINT ( 'NONE',  ( -25.24032268701137838, 19.55325783138576057, 1.540623162511902233 ) ) ;
#1895 = CIRCLE ( 'NONE', #5615, 0.5000000000000004441 ) ;
#1896 = CARTESIAN_POINT ( 'NONE',  ( -32.00000000000000000, 15.29999999999999716, -2.009146468990752332 ) ) ;
#1897 = ORIENTED_EDGE ( 'NONE', *, *, #3944, .F. ) ;
#1898 = DIRECTION ( 'NONE',  ( -0.000000000000000000, -0.000000000000000000, -1.000000000000000000 ) ) ;
#1899 = CARTESIAN_POINT ( 'NONE',  ( 25.30000000000000071, -15.30000000000000071, -1.555179672444835681 ) ) ;
#1900 = CARTESIAN_POINT ( 'NONE',  ( 31.40255720618975133, 18.07424463360550249, 0.5545044913226736538 ) ) ;
#1901 = ORIENTED_EDGE ( 'NONE', *, *, #5895, .T. ) ;
#1902 = CARTESIAN_POINT ( 'NONE',  ( -31.64774222883347221, -17.45513495978548235, -1.977998647338194305 ) ) ;
#1903 = VERTEX_POINT ( 'NONE', #2872 ) ;
#1904 = LINE ( 'NONE', #1432, #1701 ) ;
#1905 = CARTESIAN_POINT ( 'NONE',  ( 1.585640646055103575, -19.35219281219039900, 0.1951718112837102781 ) ) ;
#1906 = CARTESIAN_POINT ( 'NONE',  ( 26.19999999999999929, -6.513704236698701244, 0.9083693958394922774 ) ) ;
#1907 = CARTESIAN_POINT ( 'NONE',  ( 30.37536355528418852, -17.82975619154843727, -2.405192465111076761 ) ) ;
#1908 = EDGE_CURVE ( 'NONE', #8247, #8250, #2284, .T. ) ;
#1909 = ADVANCED_FACE ( 'NONE', ( #5856 ), #3872, .T. ) ;
#1910 = EDGE_CURVE ( 'NONE', #1822, #2632, #3015, .T. ) ;
#1911 = CARTESIAN_POINT ( 'NONE',  ( -29.50200554329099134, -15.50000000000078693, 1.188589279467233473 ) ) ;
#1912 = EDGE_LOOP ( 'NONE', ( #1897, #6253, #3033, #3326 ) ) ;
#1913 = VERTEX_POINT ( 'NONE', #917 ) ;
#1914 = EDGE_CURVE ( 'NONE', #7537, #5909, #2082, .T. ) ;
#1915 = CARTESIAN_POINT ( 'NONE',  ( -25.50000000006268053, 19.49999999999999645, 1.520738416161248940 ) ) ;
#1916 = FACE_OUTER_BOUND ( 'NONE', #7983, .T. ) ;
#1917 = CARTESIAN_POINT ( 'NONE',  ( 29.50200554329099134, -15.49999999999921840, 1.188589279467233473 ) ) ;
#1918 = DIRECTION ( 'NONE',  ( 0.000000000000000000, 0.000000000000000000, 1.000000000000000000 ) ) ;
#1919 = CARTESIAN_POINT ( 'NONE',  ( 26.80000000000000071, -13.39999999999999680, -1.090042716855421645 ) ) ;
#1920 = CARTESIAN_POINT ( 'NONE',  ( 30.49999999999999645, -15.50000000000000355, -500000.0000000000582 ) ) ;
#1921 = AXIS2_PLACEMENT_3D ( 'NONE', #7788, #6545, #5208 ) ;
#1922 = ORIENTED_EDGE ( 'NONE', *, *, #635, .F. ) ;
#1923 = AXIS2_PLACEMENT_3D ( 'NONE', #6014, #4637, #7434 ) ;
#1924 = B_SPLINE_CURVE_WITH_KNOTS ( 'NONE', 3,
 ( #5178, #6534, #7217, #1208, #7935, #2502 ),
 .UNSPECIFIED., .F., .F.,
 ( 4, 2, 4 ),
 ( 1.507220050679500779E-15, 0.0003908956441146418221, 0.0007817912882277764947 ),
 .UNSPECIFIED. ) ;
#1925 = DIRECTION ( 'NONE',  ( 1.000000000000000000, 0.000000000000000000, 0.000000000000000000 ) ) ;
#1926 = EDGE_CURVE ( 'NONE', #1547, #2633, #6065, .T. ) ;
#1927 = CARTESIAN_POINT ( 'NONE',  ( -23.89999999999999858, -16.19999999999999929, 1.466152118131058835 ) ) ;
#1928 = DIRECTION ( 'NONE',  ( 0.000000000000000000, 0.000000000000000000, -1.000000000000000000 ) ) ;
#1929 = B_SPLINE_CURVE_WITH_KNOTS ( 'NONE', 3,
 ( #4272, #4249, #6213, #312, #7592, #264, #2871, #7569, #4880, #7505, #4965, #3633, #916, #1560, #3516, #6261, #6238, #5526 ),
 .UNSPECIFIED., .F., .F.,
 ( 4, 2, 2, 2, 2, 2, 2, 2, 4 ),
 ( 0.000000000000000000, 0.0009273798485574667912, 0.001854759697114933582, 0.002782139545672400373, 0.003709519394229867165, 0.004636899242787333522, 0.005564279091344800747, 0.006491658939902267972, 0.007419038788459734329 ),
 .UNSPECIFIED. ) ;
#1930 = CARTESIAN_POINT ( 'NONE',  ( -26.17649831889673706, -21.95669944758526881, 0.9718546037221779121 ) ) ;
#1931 = EDGE_LOOP ( 'NONE', ( #1510, #3116, #8268, #573 ) ) ;
#1932 = AXIS2_PLACEMENT_3D ( 'NONE', #3399, #8621, #6700 ) ;
#1933 = LINE ( 'NONE', #448, #8506 ) ;
#1934 = DIRECTION ( 'NONE',  ( -0.000000000000000000, -1.000000000000000000, -0.000000000000000000 ) ) ;
#1935 = DIRECTION ( 'NONE',  ( 0.000000000000000000, 1.000000000000000000, 0.000000000000000000 ) ) ;
#1936 = DIRECTION ( 'NONE',  ( -0.000000000000000000, -1.000000000000000000, -0.000000000000000000 ) ) ;
#1937 = CARTESIAN_POINT ( 'NONE',  ( -28.36831186151504980, -18.00000000008936496, 1.287648958190829918 ) ) ;
#1938 = CARTESIAN_POINT ( 'NONE',  ( 30.26068883975078805, 15.05383106507462898, 1.120143329097795348 ) ) ;
#1939 = CARTESIAN_POINT ( 'NONE',  ( 26.79754319229881077, -14.27704445668554811, 1.418378607549403370 ) ) ;
#1940 = VERTEX_POINT ( 'NONE', #4250 ) ;
#1941 = CARTESIAN_POINT ( 'NONE',  ( -30.50004377862540750, -15.36935635329290406, 1.098168719647079739 ) ) ;
#1942 = CARTESIAN_POINT ( 'NONE',  ( 29.86847814369810905, -14.99999999996411582, 1.155766148425807494 ) ) ;
#1943 = CARTESIAN_POINT ( 'NONE',  ( -28.59112889449580308, -13.37931678496355126, -1.240883349570705452 ) ) ;
#1944 = ORIENTED_EDGE ( 'NONE', *, *, #3023, .F. ) ;
#1945 = CARTESIAN_POINT ( 'NONE',  ( -25.30000000000000071, -15.30000000000000071, -1.555179672444835681 ) ) ;
#1946 = CARTESIAN_POINT ( 'NONE',  ( -28.49999999966239983, -17.99999999999493738, 1.276319709120250945 ) ) ;
#1947 = ADVANCED_FACE ( 'NONE', ( #128 ), #6896, .T. ) ;
#1948 = ORIENTED_EDGE ( 'NONE', *, *, #2567, .F. ) ;
#1949 = DIRECTION ( 'NONE',  ( 0.000000000000000000, 0.000000000000000000, -1.000000000000000000 ) ) ;
#1950 = B_SPLINE_CURVE_WITH_KNOTS ( 'NONE', 3,
 ( #3458, #6240, #5564, #6153, #1511, #7507, #6822, #3518, #3548, #2809, #7481, #4187, #3494, #8187 ),
 .UNSPECIFIED., .F., .F.,
 ( 4, 2, 2, 2, 2, 2, 4 ),
 ( 0.000000000000000000, 0.0006313108629304930650, 0.0009469662943957359112, 0.001262621725860978757, 0.001893932588791454475, 0.002209588020256692334, 0.002525243451721930193 ),
 .UNSPECIFIED. ) ;
#1951 = CARTESIAN_POINT ( 'NONE',  ( -28.65094264897349063, 21.11827354615590480, -1.726098094133821537 ) ) ;
#1952 = CARTESIAN_POINT ( 'NONE',  ( -26.66722119973581329, 20.36239685513890763, -1.590876369418283920 ) ) ;
#1953 = CARTESIAN_POINT ( 'NONE',  ( 0.000000000000000000, 16.19999999999999929, -330.0000000000000000 ) ) ;
#1954 = ORIENTED_EDGE ( 'NONE', *, *, #911, .F. ) ;
#1955 = EDGE_CURVE ( 'NONE', #2217, #5876, #7412, .T. ) ;
#1956 = CARTESIAN_POINT ( 'NONE',  ( -26.19999999999999929, -7.599999999999996980, 5.301000000000002821 ) ) ;
#1958 = CARTESIAN_POINT ( 'NONE',  ( -30.44556337109880673, 15.23829163037589929, 1.103195796849541388 ) ) ;
#1957 = CARTESIAN_POINT ( 'NONE',  ( 25.99999999999999645, 20.00000000000001066, 1.481899958353689817 ) ) ;
#1959 = CARTESIAN_POINT ( 'NONE',  ( 25.67782157417095590, -16.17404923031795860, 1.507049117852470088 ) ) ;
#1960 = EDGE_CURVE ( 'NONE', #2762, #6136, #6590, .T. ) ;
#1961 = CARTESIAN_POINT ( 'NONE',  ( -29.78109778341006830, -18.78457841293518982, -2.350599105705006853 ) ) ;
#1962 = ORIENTED_EDGE ( 'NONE', *, *, #5727, .T. ) ;
#1963 = CARTESIAN_POINT ( 'NONE',  ( 25.64297361069589698, 20.49999999999998934, -1.496613710389703478 ) ) ;
#1964 = CARTESIAN_POINT ( 'NONE',  ( 0.000000000000000000, -20.49999999999999645, -0.5000000000000004441 ) ) ;
#1965 = CARTESIAN_POINT ( 'NONE',  ( 1.585640646055105130, -19.30000000000000071, 0.2970935385293582698 ) ) ;
#1966 = CARTESIAN_POINT ( 'NONE',  ( -0.3462003431239901730, -16.69999999999997087, -0.0001815980463287444890 ) ) ;
#1967 = EDGE_CURVE ( 'NONE', #6708, #2022, #1365, .T. ) ;
#1968 = EDGE_CURVE ( 'NONE', #8077, #2464, #5222, .T. ) ;
#1969 = CARTESIAN_POINT ( 'NONE',  ( 21.39999999999999503, 21.76142564912393951, 1.756222215603152392 ) ) ;
#1970 = CYLINDRICAL_SURFACE ( 'NONE', #2641, 2.299999999999999822 ) ;
#1971 = ORIENTED_EDGE ( 'NONE', *, *, #3639, .T. ) ;
#1972 = AXIS2_PLACEMENT_3D ( 'NONE', #6483, #7837, #7232 ) ;
#1973 = CARTESIAN_POINT ( 'NONE',  ( 25.94554140833490408, -19.73823190497857638, 1.486179902753010706 ) ) ;
#1974 = VERTEX_POINT ( 'NONE', #6913 ) ;
#1975 = EDGE_CURVE ( 'NONE', #1379, #1291, #5166, .T. ) ;
#1976 = CARTESIAN_POINT ( 'NONE',  ( -30.61944236193799540, -19.39723218566617291, 0.6216179787661717526 ) ) ;
#1977 = ORIENTED_EDGE ( 'NONE', *, *, #904, .T. ) ;
#1978 = VECTOR ( 'NONE', #6279, 1000.000000000000000 ) ;
#1979 = CARTESIAN_POINT ( 'NONE',  ( -24.43524798768985207, 16.13863822929295466, 1.078293150925471844 ) ) ;
#1980 = FACE_OUTER_BOUND ( 'NONE', #5023, .T. ) ;
#1981 = CARTESIAN_POINT ( 'NONE',  ( 32.00000000000000000, 15.29999999999999716, 0.5022692811654794198 ) ) ;
#1982 = CARTESIAN_POINT ( 'NONE',  ( -30.82391415307889559, -18.05171440845508357, -2.447087117413238477 ) ) ;
#1983 = FACE_BOUND ( 'NONE', #7896, .T. ) ;
#1984 =( BOUNDED_SURFACE ( )  B_SPLINE_SURFACE ( 3, 2, ( 
 ( #1304, #7312, #3309 ),
 ( #7984, #678, #6034 ),
 ( #6059, #5438, #4131 ),
 ( #779, #7479, #4159 ),
 ( #3400, #747, #3492 ),
 ( #8098, #7371, #79 ),
 ( #8071, #4070, #99 ),
 ( #6820, #802, #4743 ),
 ( #184, #8036, #5473 ),
 ( #8152, #5408, #4828 ),
 ( #6784, #6701, #2141 ),
 ( #719, #4711, #2807 ),
 ( #1448, #7396, #3456 ),
 ( #1479, #2077, #4792 ),
 ( #6151, #2689, #5385 ),
 ( #829, #8122, #1357 ),
 ( #2030, #3371, #1419 ),
 ( #4048, #1396, #2055 ),
 ( #4107, #6732, #2724 ),
 ( #6096, #6756, #2754 ),
 ( #7425, #3425, #123 ),
 ( #4767, #6126, #162 ) ),
 .UNSPECIFIED., .F., .F., .F. ) 
 B_SPLINE_SURFACE_WITH_KNOTS ( ( 4, 2, 2, 2, 2, 2, 2, 2, 2, 2, 4 ),
 ( 3, 3 ),
 ( 0.000000000000000000, 0.001212867296723229389, 0.001819300945084843975, 0.002425734593446458778, 0.003638601890169687950, 0.004851469186892917555, 0.006064336483616147161, 0.006670770131977761530, 0.007277203780339375899, 0.008490071077062604638, 0.009702938373785835111 ),
 ( 0.000000000000000000, 1.000000000000000000 ),
 .UNSPECIFIED. ) 
 GEOMETRIC_REPRESENTATION_ITEM ( )  RATIONAL_B_SPLINE_SURFACE ( (
 ( 1.000000000000000000, 0.7071067811865452413, 1.000000000000000000),
 ( 1.000000000000000000, 0.7053164987233688787, 1.000000000000000000),
 ( 1.000000000000000000, 0.7034625212686332896, 1.000000000000000000),
 ( 1.000000000000000000, 0.7005949579270513983, 1.000000000000000000),
 ( 1.000000000000000000, 0.6996246900436942084, 1.000000000000000000),
 ( 1.000000000000000000, 0.6976574024207107261, 1.000000000000000000),
 ( 1.000000000000000000, 0.6966570170865014067, 1.000000000000000000),
 ( 1.000000000000000000, 0.6936851130039279889, 1.000000000000000000),
 ( 1.000000000000000000, 0.6917229919262708471, 1.000000000000000000),
 ( 1.000000000000000000, 0.6878797984403441923, 1.000000000000000000),
 ( 1.000000000000000000, 0.6859882624208908375, 1.000000000000000000),
 ( 1.000000000000000000, 0.6825022752261988845, 1.000000000000000000),
 ( 1.000000000000000000, 0.6808873351430467791, 1.000000000000000000),
 ( 1.000000000000000000, 0.6787048213970662269, 1.000000000000000000),
 ( 1.000000000000000000, 0.6780177176398396455, 1.000000000000000000),
 ( 1.000000000000000000, 0.6767617012137969734, 1.000000000000000000),
 ( 1.000000000000000000, 0.6761884665945021577, 1.000000000000000000),
 ( 1.000000000000000000, 0.6746392620864423151, 1.000000000000000000),
 ( 1.000000000000000000, 0.6738299645574357122, 1.000000000000000000),
 ( 1.000000000000000000, 0.6727359513690023274, 1.000000000000000000),
 ( 1.000000000000000000, 0.6724590237362987333, 1.000000000000000000),
 ( 1.000000000000000000, 0.6724584027953961485, 1.000000000000000000) ) ) 
 REPRESENTATION_ITEM ( '' )  SURFACE ( )  );
#1985 = CARTESIAN_POINT ( 'NONE',  ( 27.89973931968405196, 19.81623936852040302, -1.704492733947380101 ) ) ;
#1987 = CARTESIAN_POINT ( 'NONE',  ( 1.456108327973464567, -19.50000000000000355, 0.1965012362839425319 ) ) ;
#1986 = CARTESIAN_POINT ( 'NONE',  ( 26.26046616165206871, -15.56872985893923733, 1.461371306409191329 ) ) ;
#1988 = CARTESIAN_POINT ( 'NONE',  ( 25.20408877941374115, -16.46762634694180605, 1.543412326707027660 ) ) ;
#1989 = ORIENTED_EDGE ( 'NONE', *, *, #496, .T. ) ;
#1990 = CYLINDRICAL_SURFACE ( 'NONE', #7690, 0.2000000000000000944 ) ;
#1991 = ADVANCED_FACE ( 'NONE', ( #325 ), #4184, .T. ) ;
#1992 = CIRCLE ( 'NONE', #1921, 0.5000000000000004441 ) ;
#1993 = ORIENTED_EDGE ( 'NONE', *, *, #1633, .F. ) ;
#1994 = FACE_OUTER_BOUND ( 'NONE', #2437, .T. ) ;
#1995 = DIRECTION ( 'NONE',  ( 0.000000000000000000, 1.000000000000000000, 0.000000000000000000 ) ) ;
#1996 = SPHERICAL_SURFACE ( 'NONE', #5175, 0.5000000000000000000 ) ;
#1997 = CARTESIAN_POINT ( 'NONE',  ( 24.32163108391716122, -16.16103374044560681, 1.088714943705590521 ) ) ;
#1998 = CARTESIAN_POINT ( 'NONE',  ( -1.731001715620021253, -19.09999999999999787, -0.004539981137756837412 ) ) ;
#1999 = CARTESIAN_POINT ( 'NONE',  ( 25.05027886562467643, -15.89734514478305805, -0.9521323213538772645 ) ) ;
#2000 = CARTESIAN_POINT ( 'NONE',  ( -31.54743975785767418, -15.71012058101857178, 1.000013662725287134 ) ) ;
#2001 = VERTEX_POINT ( 'NONE', #4404 ) ;
#2002 = CARTESIAN_POINT ( 'NONE',  ( 31.40253365396816676, -18.07429669338814193, -1.956509301447355798 ) ) ;
#2003 = EDGE_LOOP ( 'NONE', ( #7266, #6531, #8573, #1292 ) ) ;
#2004 = DIRECTION ( 'NONE',  ( 0.000000000000000000, 0.000000000000000000, -1.000000000000000000 ) ) ;
#2005 = VERTEX_POINT ( 'NONE', #1774 ) ;
#2006 = VECTOR ( 'NONE', #3980, 1000.000000000000000 ) ;
#2007 = VERTEX_POINT ( 'NONE', #3108 ) ;
#2008 = ORIENTED_EDGE ( 'NONE', *, *, #4872, .T. ) ;
#2009 = DIRECTION ( 'NONE',  ( -0.000000000000000000, -1.000000000000000000, -0.000000000000000000 ) ) ;
#2010 = DIRECTION ( 'NONE',  ( -0.000000000000000000, 1.000000000000000000, 0.000000000000000000 ) ) ;
#2011 = CARTESIAN_POINT ( 'NONE',  ( 31.50000000000000000, -15.30000000000000071, 0.5022692811654243528 ) ) ;
#2012 = B_SPLINE_CURVE_WITH_KNOTS ( 'NONE', 3,
 ( #589, #1937, #1290, #5964, #4013, #5306 ),
 .UNSPECIFIED., .F., .F.,
 ( 4, 2, 4 ),
 ( 1.420166524818237174E-15, 0.0003908956439138024227, 0.0007817912878261847574 ),
 .UNSPECIFIED. ) ;
#2013 = ORIENTED_EDGE ( 'NONE', *, *, #6467, .T. ) ;
#2014 = CARTESIAN_POINT ( 'NONE',  ( -26.81765718583392299, -21.82948626431776518, 0.9243333877330153214 ) ) ;
#2015 = FACE_OUTER_BOUND ( 'NONE', #2170, .T. ) ;
#2016 = CARTESIAN_POINT ( 'NONE',  ( -29.71321975693434680, -18.05548197221532547, -1.881137411847671137 ) ) ;
#2017 = CARTESIAN_POINT ( 'NONE',  ( 29.02337508679275757, -19.59349442791878104, -2.282571317043208481 ) ) ;
#2018 = DESIGN_CONTEXT ( 'detailed design', #943, 'design' ) ;
#2019 = CARTESIAN_POINT ( 'NONE',  ( 0.1732050807569553152, -16.80000000000011440, 0.1998182918942492670 ) ) ;
#2020 = CARTESIAN_POINT ( 'NONE',  ( 1.385640646055104952, -19.50000000000000000, 0.1970926583091661688 ) ) ;
#2021 = VERTEX_POINT ( 'NONE', #8361 ) ;
#2022 = VERTEX_POINT ( 'NONE', #7792 ) ;
#2024 = CARTESIAN_POINT ( 'NONE',  ( -26.97986125466899310, -20.23278914190376909, -1.593076976282918000 ) ) ;
#2023 = CARTESIAN_POINT ( 'NONE',  ( 26.77317224098012005, -14.27507089949221708, 1.420348344340052860 ) ) ;
#2025 = CARTESIAN_POINT ( 'NONE',  ( -25.30000000000000071, 22.00000000000000000, -1.472740857018167926 ) ) ;
#2026 = CARTESIAN_POINT ( 'NONE',  ( -30.50000000000000000, -15.30000000000000071, -1.961511404530491554 ) ) ;
#2027 = DIRECTION ( 'NONE',  ( -0.000000000000000000, -1.000000000000000000, -0.000000000000000000 ) ) ;
#2028 = VERTEX_POINT ( 'NONE', #297 ) ;
#2029 = CARTESIAN_POINT ( 'NONE',  ( 24.49426977675249262, -16.12693014347047082, -0.9102669587197146361 ) ) ;
#2030 = CARTESIAN_POINT ( 'NONE',  ( -30.89992006620909137, 17.86779057825819450, -2.454276481919436481 ) ) ;
#2031 = CARTESIAN_POINT ( 'NONE',  ( -29.21775310183769747, -13.31344030874253193, -1.295961599106155937 ) ) ;
#2032 = APPROVAL_DATE_TIME ( #5586, #320 ) ;
#2033 = DIRECTION ( 'NONE',  ( 1.000000000000000000, 3.593949602879080527E-16, 0.000000000000000000 ) ) ;
#2034 = CARTESIAN_POINT ( 'NONE',  ( 26.13796805107486776, -21.96167621322612717, -2.039647367363920605 ) ) ;
#2035 = CARTESIAN_POINT ( 'NONE',  ( -29.23014688110577097, 18.72168706903120494, -1.296823340324272156 ) ) ;
#2036 = AXIS2_PLACEMENT_3D ( 'NONE', #2769, #4238, #2179 ) ;
#2037 = AXIS2_PLACEMENT_3D ( 'NONE', #5812, #7816, #3831 ) ;
#2038 = ORIENTED_EDGE ( 'NONE', *, *, #4751, .F. ) ;
#2039 = ADVANCED_FACE ( 'NONE', ( #544 ), #939, .T. ) ;
#2040 = DIRECTION ( 'NONE',  ( 0.000000000000000000, 0.000000000000000000, 1.000000000000000000 ) ) ;
#2041 = CARTESIAN_POINT ( 'NONE',  ( 28.99999999999999645, -18.50000000000000355, 1.232924088170934018 ) ) ;
#2042 = CARTESIAN_POINT ( 'NONE',  ( -31.65398536131130314, -17.46965918887539715, 0.5326668949565179778 ) ) ;
#2043 = AXIS2_PLACEMENT_3D ( 'NONE', #553, #7257, #3955 ) ;
#2044 = CARTESIAN_POINT ( 'NONE',  ( -24.01832890898118578, 16.19703133708194187, 1.116283567610103722 ) ) ;
#2045 = CARTESIAN_POINT ( 'NONE',  ( -29.60000000000000853, -8.188295873936674241, -1.330196093404394819 ) ) ;
#2046 = CARTESIAN_POINT ( 'NONE',  ( 30.59040929111278828, -17.31057112915752683, -2.425226846987079465 ) ) ;
#2047 = VERTEX_POINT ( 'NONE', #2347 ) ;
#2048 = CARTESIAN_POINT ( 'NONE',  ( 26.20000000000000284, 13.89999999999999858, 0.8513840016953807543 ) ) ;
#2049 = CARTESIAN_POINT ( 'NONE',  ( -30.16850862925696219, -17.13485118926731232, -1.841287218692432726 ) ) ;
#2050 = CARTESIAN_POINT ( 'NONE',  ( 28.47392098520479209, -19.43314915283567501, -1.759066060957685140 ) ) ;
#2051 = ORIENTED_EDGE ( 'NONE', *, *, #5418, .F. ) ;
#2052 = CARTESIAN_POINT ( 'NONE',  ( 29.57911991119108208, 8.190276661269164649, 1.181713408262893505 ) ) ;
#2053 = CARTESIAN_POINT ( 'NONE',  ( 27.90648921597873056, 19.81253184264478406, -1.662567639492303240 ) ) ;
#2054 = CARTESIAN_POINT ( 'NONE',  ( -21.40000000000000213, 21.50000000000000000, 1.810623699724234204 ) ) ;
#2055 = CARTESIAN_POINT ( 'NONE',  ( -31.65380424442732021, 17.47020472783358613, -1.978500157113114000 ) ) ;
#2056 = CARTESIAN_POINT ( 'NONE',  ( 27.41146950030932672, -21.66251672742599865, -2.143807831828451249 ) ) ;
#2057 = DIRECTION ( 'NONE',  ( -1.000000000000000000, 0.000000000000000000, -0.000000000000000000 ) ) ;
#2058 = ORIENTED_EDGE ( 'NONE', *, *, #2237, .F. ) ;
#2059 = CARTESIAN_POINT ( 'NONE',  ( 28.76070665194434639, -18.05383783949588761, 1.253800512337130746 ) ) ;
#2060 = EDGE_CURVE ( 'NONE', #2514, #4820, #5091, .T. ) ;
#2061 = CARTESIAN_POINT ( 'NONE',  ( -25.63090247942545119, 15.41644539016012239, 0.9647629093778979925 ) ) ;
#2062 = CARTESIAN_POINT ( 'NONE',  ( 28.63025972812916109, 19.00000000009088197, 1.265113347420391054 ) ) ;
#2063 = CARTESIAN_POINT ( 'NONE',  ( 27.99999999999998934, -8.188297267025731685, -1.190024482224700142 ) ) ;
#2064 = DIRECTION ( 'NONE',  ( 0.000000000000000000, -1.000000000000000000, 0.000000000000000000 ) ) ;
#2065 = EDGE_CURVE ( 'NONE', #8235, #5729, #7213, .T. ) ;
#2066 = ORIENTED_EDGE ( 'NONE', *, *, #2423, .T. ) ;
#2068 = PLANE ( 'NONE',  #3547 ) ;
#2067 = CARTESIAN_POINT ( 'NONE',  ( 25.89600824392845624, 15.05262606375019629, -1.017623918503932634 ) ) ;
#2069 = DIRECTION ( 'NONE',  ( -0.000000000000000000, -1.000000000000000000, -0.000000000000000000 ) ) ;
#2070 = EDGE_CURVE ( 'NONE', #6076, #4069, #732, .T. ) ;
#2071 = ADVANCED_FACE ( 'NONE', ( #1043 ), #3169, .T. ) ;
#2072 = LINE ( 'NONE', #8051, #4996 ) ;
#2073 = CARTESIAN_POINT ( 'NONE',  ( -29.79173547736738215, -17.92568657251959863, -2.351379241294013323 ) ) ;
#2074 = CARTESIAN_POINT ( 'NONE',  ( 25.70227030468345575, -15.32941570318471847, 0.9577712809766786295 ) ) ;
#2076 = ORIENTED_EDGE ( 'NONE', *, *, #1967, .F. ) ;
#2075 = DIRECTION ( 'NONE',  ( 0.000000000000000000, 0.000000000000000000, -1.000000000000000000 ) ) ;
#2077 = CARTESIAN_POINT ( 'NONE',  ( -30.97280792200267996, 18.87198075256550212, -2.460825288736454564 ) ) ;
#2078 = CARTESIAN_POINT ( 'NONE',  ( -29.60000000000000142, 22.00000000000000000, 1.179845401256263138 ) ) ;
#2079 = EDGE_CURVE ( 'NONE', #239, #280, #2391, .T. ) ;
#2080 = CARTESIAN_POINT ( 'NONE',  ( -32.00000000000000000, 22.00000000000000000, -0.04810956747042238746 ) ) ;
#2081 = DIRECTION ( 'NONE',  ( -0.000000000000000000, -1.000000000000000000, -0.000000000000000000 ) ) ;
#2082 = LINE ( 'NONE', #4273, #3442 ) ;
#2083 = ORIENTED_EDGE ( 'NONE', *, *, #2962, .T. ) ;
#2084 = VECTOR ( 'NONE', #6258, 1000.000000000000000 ) ;
#2085 = CARTESIAN_POINT ( 'NONE',  ( 0.000000000000000000, -19.29999999999999716, -330.0000000000000000 ) ) ;
#2086 = CARTESIAN_POINT ( 'NONE',  ( 25.64299666516253495, -20.50000000000000000, -1.496615315107717059 ) ) ;
#2087 = FACE_OUTER_BOUND ( 'NONE', #6197, .T. ) ;
#2088 = DIRECTION ( 'NONE',  ( 0.4999982802835560292, 0.8660224251481896118, 0.002622756934073265309 ) ) ;
#2089 = CIRCLE ( 'NONE', #3148, 0.1999999999999999278 ) ;
#2090 = CARTESIAN_POINT ( 'NONE',  ( -28.69457991803129460, 7.599997900039842769, -1.249893862523045573 ) ) ;
#2091 = CIRCLE ( 'NONE', #1649, 0.5000000000000001110 ) ;
#2092 = AXIS2_PLACEMENT_3D ( 'NONE', #4465, #570, #4436 ) ;
#2093 = ORIENTED_EDGE ( 'NONE', *, *, #1914, .T. ) ;
#2094 = CARTESIAN_POINT ( 'NONE',  ( -25.89243415655995761, 15.05147134390181307, 0.9390357623259331099 ) ) ;
#2095 = CARTESIAN_POINT ( 'NONE',  ( 27.42090044702512230, -19.52620451544967040, -1.141100558790216990 ) ) ;
#2096 = CARTESIAN_POINT ( 'NONE',  ( -30.00000000013388046, -16.00000000000000355, 1.143850916775968951 ) ) ;
#2097 = ORIENTED_EDGE ( 'NONE', *, *, #8073, .F. ) ;
#2098 = CIRCLE ( 'NONE', #8127, 0.5000000000000004441 ) ;
#2099 = CARTESIAN_POINT ( 'NONE',  ( -28.84058700357898886, -20.99233481032542770, -1.741458148222061686 ) ) ;
#2100 = VERTEX_POINT ( 'NONE', #7874 ) ;
#2101 = CIRCLE ( 'NONE', #809, 0.5000000000000004441 ) ;
#2103 = CARTESIAN_POINT ( 'NONE',  ( -30.50000000000000000, -15.30000000000000071, -1.868547682487453621 ) ) ;
#2102 = CARTESIAN_POINT ( 'NONE',  ( 25.82125859236452214, -16.04955651829400409, 1.495873002377489103 ) ) ;
#2104 = CARTESIAN_POINT ( 'NONE',  ( 30.60733838935703233, 18.58635067902935489, 1.088287136304025848 ) ) ;
#2105 = B_SPLINE_CURVE_WITH_KNOTS ( 'NONE', 3,
 ( #7014, #3694, #5026, #435, #1643, #8343, #5084, #2365, #3727, #6319, #2270, #1030, #7048, #3036, #8381, #7617, #4387, #404, #5060, #1062, #5734, #4455, #6474, #5801, #7106, #7806, #3121, #1122, #6446, #5115, #3819, #3099, #2461, #7776, #7145, #1794, #8472, #2434, #3790, #8437, #471, #2954, #4343, #2340, #411, #1070, #2313, #3638, #6978, #5065, #7022, #5682, #1675, #4366, #2401, #2371, #1738, #319, #8269, #5712, #6429, #1625 ),
 .UNSPECIFIED., .F., .F.,
 ( 4, 2, 2, 2, 2, 2, 2, 2, 2, 1, 2, 2, 2, 1, 1, 2, 2, 2, 1, 1, 1, 2, 2, 2, 2, 1, 1, 1, 2, 2, 2, 2, 1, 2, 2, 4 ),
 ( 0.000000000000000000, 0.1250000000000005829, 0.1875000000000005829, 0.2187500000000003331, 0.2500000000000000555, 0.3124999999999995559, 0.3437500000000006106, 0.3750000000000016098, 0.4375000000000041633, 0.4687500000000062728, 0.4843750000000073830, 0.5000000000000084377, 0.5625000000000117684, 0.5937500000000133227, 0.6093750000000153211, 0.6171875000000154321, 0.6250000000000155431, 0.6875000000000213163, 0.7187500000000240918, 0.7343750000000274225, 0.7421875000000289768, 0.7460937500000297540, 0.7500000000000306422, 0.8125000000000454081, 0.8437500000000541789, 0.8593750000000586198, 0.8671875000000605072, 0.8710937500000615064, 0.8730468750000608402, 0.8750000000000601741, 0.9062500000000479616, 0.9218750000000416334, 0.9296875000000374145, 0.9335937500000354161, 0.9375000000000334177, 1.000000000000000000 ),
 .UNSPECIFIED. ) ;
#2106 = ORIENTED_EDGE ( 'NONE', *, *, #3194, .F. ) ;
#2107 = ORIENTED_EDGE ( 'NONE', *, *, #6720, .T. ) ;
#2108 = CARTESIAN_POINT ( 'NONE',  ( -29.77982530504458580, -18.78624293751031971, -2.350483346460235268 ) ) ;
#2109 = ORIENTED_EDGE ( 'NONE', *, *, #5093, .F. ) ;
#2110 = CARTESIAN_POINT ( 'NONE',  ( 25.16693885543579512, -15.81962616161936630, 1.009601533728060385 ) ) ;
#2111 = LINE ( 'NONE', #189, #3690 ) ;
#2112 = DIRECTION ( 'NONE',  ( 0.000000000000000000, 0.000000000000000000, 1.000000000000000000 ) ) ;
#2113 = DIRECTION ( 'NONE',  ( -0.000000000000000000, 1.000000000000000000, -0.000000000000000000 ) ) ;
#2114 = CARTESIAN_POINT ( 'NONE',  ( 7.000000000000000000, 21.63206907950529612, 2.426307623208445730 ) ) ;
#2115 = DIRECTION ( 'NONE',  ( -0.000000000000000000, -0.000000000000000000, -1.000000000000000000 ) ) ;
#2116 = CARTESIAN_POINT ( 'NONE',  ( -25.33839150227617765, 19.99999999999999645, -0.9742169432958173170 ) ) ;
#2117 = VERTEX_POINT ( 'NONE', #5209 ) ;
#2118 = ORIENTED_EDGE ( 'NONE', *, *, #4039, .T. ) ;
#2119 = CIRCLE ( 'NONE', #8338, 330.5000000000000000 ) ;
#2120 = ADVANCED_FACE ( 'NONE', ( #6168 ), #8141, .T. ) ;
#2121 = CARTESIAN_POINT ( 'NONE',  ( 29.99999999999999645, -15.50000000000000355, 1.143850916804078910 ) ) ;
#2122 = CARTESIAN_POINT ( 'NONE',  ( 31.38854210209454720, -16.70821678678846922, 1.015122011461416340 ) ) ;
#2123 = CARTESIAN_POINT ( 'NONE',  ( 28.99999999999999645, -18.50000000000000355, 1.232924088170934018 ) ) ;
#2124 = CARTESIAN_POINT ( 'NONE',  ( 25.50000000000000000, -20.00000000000000355, 1.520738416161293571 ) ) ;
#2125 = EDGE_CURVE ( 'NONE', #5668, #8168, #3657, .T. ) ;
#2126 = ORIENTED_EDGE ( 'NONE', *, *, #4389, .T. ) ;
#2127 = EDGE_CURVE ( 'NONE', #3884, #7196, #6375, .T. ) ;
#2128 = LOCAL_TIME ( 17, 26, 55.00000000000000000, #7556 ) ;
#2129 = CARTESIAN_POINT ( 'NONE',  ( -28.75983375391372832, -18.05288320084216735, 1.253876591257611750 ) ) ;
#2130 = CARTESIAN_POINT ( 'NONE',  ( 29.07425534623110863, -18.17593516111190510, -1.283225799383501453 ) ) ;
#2131 = CARTESIAN_POINT ( 'NONE',  ( 1.731001715620020365, -19.10000000000000142, -0.004539981137756887719 ) ) ;
#2132 = CARTESIAN_POINT ( 'NONE',  ( -29.92245081435589782, -19.40045854731009101, -2.363419203967368265 ) ) ;
#2134 = CARTESIAN_POINT ( 'NONE',  ( 28.26519725700770991, -21.31211414140533833, 0.8134988744491619128 ) ) ;
#2133 = CARTESIAN_POINT ( 'NONE',  ( 25.71272273385379492, -16.13979463066679543, 1.504309520334566441 ) ) ;
#2135 = EDGE_LOOP ( 'NONE', ( #2496, #8392, #572 ) ) ;
#2136 = VECTOR ( 'NONE', #5779, 1000.000000000000000 ) ;
#2137 = EDGE_CURVE ( 'NONE', #5685, #4264, #4385, .T. ) ;
#2138 = CARTESIAN_POINT ( 'NONE',  ( 29.60000000000000142, 8.399999999999996803, 1.179845401256263138 ) ) ;
#2139 = CARTESIAN_POINT ( 'NONE',  ( 25.39079617908780406, -15.65184124405716304, 0.9880943927044628650 ) ) ;
#2140 = DIRECTION ( 'NONE',  ( -1.000000000000000000, 0.000000000000000000, 0.000000000000000000 ) ) ;
#2141 = CARTESIAN_POINT ( 'NONE',  ( -29.72286787313093726, 20.35163738842975434, -1.813474258593632316 ) ) ;
#2142 = CARTESIAN_POINT ( 'NONE',  ( 25.00144388324613232, -20.13047925822922224, 1.558709437337644665 ) ) ;
#2143 = VERTEX_POINT ( 'NONE', #5858 ) ;
#2144 = CARTESIAN_POINT ( 'NONE',  ( 28.23143334124412007, -21.34085392727785191, -2.213171471796007150 ) ) ;
#2145 = CARTESIAN_POINT ( 'NONE',  ( -26.96813251712499593, 20.22811781765970451, -1.592300343580182576 ) ) ;
#2146 = AXIS2_PLACEMENT_3D ( 'NONE', #2529, #539, #575 ) ;
#2147 = EDGE_CURVE ( 'NONE', #4741, #253, #5954, .T. ) ;
#2148 = AXIS2_PLACEMENT_3D ( 'NONE', #3269, #608, #3949 ) ;
#2149 = CARTESIAN_POINT ( 'NONE',  ( -26.87310132393955442, -21.30013583505044039, -2.099104852690325540 ) ) ;
#2150 = CARTESIAN_POINT ( 'NONE',  ( 31.50708885522637104, -16.11332143466852074, 1.003866524394861681 ) ) ;
#2151 = VERTEX_POINT ( 'NONE', #1303 ) ;
#2152 = CARTESIAN_POINT ( 'NONE',  ( 26.63349213489323120, 14.81270769763082917, 1.431602821414731830 ) ) ;
#2153 = CARTESIAN_POINT ( 'NONE',  ( 29.89273249328010351, -16.52766331099286390, -1.356685287402041862 ) ) ;
#2154 = DIRECTION ( 'NONE',  ( -0.000000000000000000, 1.000000000000000000, 0.000000000000000000 ) ) ;
#2155 = CARTESIAN_POINT ( 'NONE',  ( -28.03144017288802914, -21.42196583858617487, -2.196210046535604921 ) ) ;
#2156 = ORIENTED_EDGE ( 'NONE', *, *, #1522, .F. ) ;
#2158 = CARTESIAN_POINT ( 'NONE',  ( 25.50000000006207301, -19.49999999999469225, 1.520738416161265372 ) ) ;
#2157 = CARTESIAN_POINT ( 'NONE',  ( 25.72330084169642817, -15.30398924265976035, 0.9557093316152521778 ) ) ;
#2159 = DIRECTION ( 'NONE',  ( -0.000000000000000000, -1.000000000000000000, -0.000000000000000000 ) ) ;
#2160 = ADVANCED_FACE ( 'NONE', ( #1880 ), #4697, .T. ) ;
#2161 = CARTESIAN_POINT ( 'NONE',  ( -26.96816203570132586, -20.22810775366570368, -1.618631369311911872 ) ) ;
#2162 = ORIENTED_EDGE ( 'NONE', *, *, #5992, .T. ) ;
#2163 = CARTESIAN_POINT ( 'NONE',  ( 25.99452138870551110, -14.85098265184490884, 0.9289045456781505061 ) ) ;
#2164 = CARTESIAN_POINT ( 'NONE',  ( -24.60185189592239396, 16.09062440114708536, 1.062861943547009025 ) ) ;
#2165 = CARTESIAN_POINT ( 'NONE',  ( -31.50000000000000000, -22.00000000000000355, -2.009146468990752332 ) ) ;
#2166 = APPLICATION_CONTEXT ( 'configuration controlled 3d designs of mechanical parts and assemblies' ) ;
#2167 = CARTESIAN_POINT ( 'NONE',  ( 25.33839150227617765, -19.99999999999999645, -0.9742169432958173170 ) ) ;
#2168 = CARTESIAN_POINT ( 'NONE',  ( 31.39357215680341895, -18.09411062742594112, -2.500844805593474440 ) ) ;
#2169 = CARTESIAN_POINT ( 'NONE',  ( -29.96343905977036215, 17.60680387291146687, -1.824561779992244892 ) ) ;
#2170 = EDGE_LOOP ( 'NONE', ( #2379, #28, #5043, #2525 ) ) ;
#2171 = CARTESIAN_POINT ( 'NONE',  ( -31.12702940526962081, -17.29339671334695083, -2.475784790185977080 ) ) ;
#2172 = CARTESIAN_POINT ( 'NONE',  ( 29.71406629627464113, -18.05412439282163461, -1.804365314739776682 ) ) ;
#2173 = CARTESIAN_POINT ( 'NONE',  ( 24.45149222722931270, 16.69245749067646045, 1.599723511882240379 ) ) ;
#2174 = CIRCLE ( 'NONE', #7250, 330.0000000000000000 ) ;
#2175 = CARTESIAN_POINT ( 'NONE',  ( 26.20000000000000995, -13.89999999999999858, 1.466152118131058835 ) ) ;
#2176 = ORIENTED_EDGE ( 'NONE', *, *, #7787, .F. ) ;
#2177 = EDGE_CURVE ( 'NONE', #2117, #5876, #6497, .T. ) ;
#2178 = DIRECTION ( 'NONE',  ( 0.000000000000000000, 1.000000000000000000, 0.000000000000000000 ) ) ;
#2179 = DIRECTION ( 'NONE',  ( 1.000000000000000000, 0.000000000000000000, 0.000000000000000000 ) ) ;
#2180 = CARTESIAN_POINT ( 'NONE',  ( -1.558845726811996180, -19.20000000000000284, 0.1954572673585347753 ) ) ;
#2181 = FACE_OUTER_BOUND ( 'NONE', #6930, .T. ) ;
#2182 = CARTESIAN_POINT ( 'NONE',  ( 24.84830601896581115, -15.99573851493899390, 1.039818083480898103 ) ) ;
#2183 = EDGE_CURVE ( 'NONE', #4093, #7771, #402, .T. ) ;
#2184 = ORIENTED_EDGE ( 'NONE', *, *, #3244, .F. ) ;
#2185 = CIRCLE ( 'NONE', #1879, 331.9000000000001478 ) ;
#2186 = LINE ( 'NONE', #6409, #5124 ) ;
#2187 = AXIS2_PLACEMENT_3D ( 'NONE', #6601, #5396, #3207 ) ;
#2188 = CARTESIAN_POINT ( 'NONE',  ( -26.60469414962128809, -20.33670723546631720, -2.077397968599698164 ) ) ;
#2189 = VECTOR ( 'NONE', #2532, 1000.000000000000000 ) ;
#2190 = CARTESIAN_POINT ( 'NONE',  ( 11.99999999999999822, 16.19999999999999929, 1.682996247923562727 ) ) ;
#2191 = CARTESIAN_POINT ( 'NONE',  ( -25.29786827796371185, 15.72685212752785233, 0.9970503416540322794 ) ) ;
#2192 = CARTESIAN_POINT ( 'NONE',  ( 28.23953101264336496, 18.05425106927063084, 1.298637786641543723 ) ) ;
#2193 = DIRECTION ( 'NONE',  ( 0.000000000000000000, 1.000000000000000000, 0.000000000000000000 ) ) ;
#2194 = CARTESIAN_POINT ( 'NONE',  ( -12.00000000000000000, 22.00000000000000000, 1.282734231652926660 ) ) ;
#2195 = AXIS2_PLACEMENT_3D ( 'NONE', #5402, #5428, #2831 ) ;
#2196 = CARTESIAN_POINT ( 'NONE',  ( 26.40438259064479709, -19.88044271395072826, -1.058012319235461129 ) ) ;
#2197 = ORIENTED_EDGE ( 'NONE', *, *, #8227, .F. ) ;
#2198 = TOROIDAL_SURFACE ( 'NONE', #1154, 332.0000000000000000, 0.5000000000000000000 ) ;
#2199 = CARTESIAN_POINT ( 'NONE',  ( -30.36148430469173221, 16.67136392906644815, -1.857040408658984010 ) ) ;
#2200 = FACE_OUTER_BOUND ( 'NONE', #1912, .T. ) ;
#2201 = EDGE_LOOP ( 'NONE', ( #3285, #760, #1480, #6552 ) ) ;
#2202 = CIRCLE ( 'NONE', #6012, 0.5000000000000000000 ) ;
#2203 = LINE ( 'NONE', #5452, #6505 ) ;
#2204 = ORIENTED_EDGE ( 'NONE', *, *, #1926, .F. ) ;
#2205 = CARTESIAN_POINT ( 'NONE',  ( 30.03639446898953125, -17.45296539271085834, -1.830501746782105421 ) ) ;
#2206 = ORIENTED_EDGE ( 'NONE', *, *, #1748, .T. ) ;
#2207 = CARTESIAN_POINT ( 'NONE',  ( 25.32211872182242729, 16.38125326953086258, 1.534375278551098676 ) ) ;
#2208 = CARTESIAN_POINT ( 'NONE',  ( 25.05535689016245371, 19.73889343513325656, 1.554652511776681179 ) ) ;
#2209 = ORIENTED_EDGE ( 'NONE', *, *, #6008, .F. ) ;
#2210 = CARTESIAN_POINT ( 'NONE',  ( -28.08730243720646769, 7.980939655709997638, -1.197437000930475781 ) ) ;
#2211 = CIRCLE ( 'NONE', #7252, 331.4999999999999432 ) ;
#2212 = ORIENTED_EDGE ( 'NONE', *, *, #3410, .F. ) ;
#2213 = CARTESIAN_POINT ( 'NONE',  ( -29.00004483507615305, -18.36938750541109400, 1.232920162784578944 ) ) ;
#2214 = CARTESIAN_POINT ( 'NONE',  ( 30.95295902883156103, -15.30000000000000071, -2.459293633051719663 ) ) ;
#2215 = ORIENTED_EDGE ( 'NONE', *, *, #6042, .T. ) ;
#2216 = CARTESIAN_POINT ( 'NONE',  ( -27.62779205616492817, -21.58652302075353546, -2.161962860965116917 ) ) ;
#2217 = VERTEX_POINT ( 'NONE', #1964 ) ;
#2219 = DIRECTION ( 'NONE',  ( 0.000000000000000000, 1.000000000000000000, 0.000000000000000000 ) ) ;
#2218 = CARTESIAN_POINT ( 'NONE',  ( 25.89076455330210180, -15.05251475453434828, 0.9391977634443673395 ) ) ;
#2220 = CARTESIAN_POINT ( 'NONE',  ( -30.01488338130976530, 15.91888368530267783, -1.367818774842313401 ) ) ;
#2221 = CIRCLE ( 'NONE', #5839, 0.5000000000000004441 ) ;
#2222 = CARTESIAN_POINT ( 'NONE',  ( 25.30000000000000071, 22.00000000000000000, -1.472740857018133065 ) ) ;
#2223 = CARTESIAN_POINT ( 'NONE',  ( 28.49999999999999645, -18.50000000000000355, -500000.0000000000582 ) ) ;
#2224 = CARTESIAN_POINT ( 'NONE',  ( -24.63779875630437743, 16.07878198025039751, 1.059518551830159083 ) ) ;
#2225 = EDGE_LOOP ( 'NONE', ( #8309, #5471, #6812, #6773, #5784, #3057, #737, #4720, #8232 ) ) ;
#2226 = CARTESIAN_POINT ( 'NONE',  ( 29.59999999999999787, 12.81169783139947604, 1.179845401256244264 ) ) ;
#2227 = DIRECTION ( 'NONE',  ( -3.212450881438531748E-16, 1.000000000000000000, 2.597496968797797434E-17 ) ) ;
#2228 = VERTEX_POINT ( 'NONE', #1395 ) ;
#2229 = CARTESIAN_POINT ( 'NONE',  ( 29.34820097712355746, -19.97464952340541444, -2.311481126130731312 ) ) ;
#2230 = EDGE_LOOP ( 'NONE', ( #4125, #2899, #2312, #3431 ) ) ;
#2231 = EDGE_CURVE ( 'NONE', #1332, #6120, #8559, .T. ) ;
#2232 = LINE ( 'NONE', #1404, #1306 ) ;
#2233 = DIRECTION ( 'NONE',  ( 0.000000000000000000, -1.000000000000000000, -0.000000000000000000 ) ) ;
#2234 = CARTESIAN_POINT ( 'NONE',  ( 26.77945051746669236, 14.08687695869515721, 1.419841159026852706 ) ) ;
#2235 = DIRECTION ( 'NONE',  ( 0.000000000000000000, 1.000000000000000000, 0.000000000000000000 ) ) ;
#2236 = DIRECTION ( 'NONE',  ( 1.219651901000219827E-16, 1.000000000000000000, 1.104944480433649266E-17 ) ) ;
#2237 = EDGE_CURVE ( 'NONE', #3551, #6705, #2596, .T. ) ;
#2238 = EDGE_CURVE ( 'NONE', #7988, #3415, #4286, .T. ) ;
#2239 = CARTESIAN_POINT ( 'NONE',  ( -11.99999999999999822, 16.39999988182417923, 1.883126979761948094 ) ) ;
#2240 = CARTESIAN_POINT ( 'NONE',  ( 28.00000000000000000, 8.400000000000000355, -1.190024482224716351 ) ) ;
#2241 = DIRECTION ( 'NONE',  ( 0.000000000000000000, 0.000000000000000000, -1.000000000000000000 ) ) ;
#2242 = EDGE_LOOP ( 'NONE', ( #1317, #1137, #1922, #566 ) ) ;
#2243 = CARTESIAN_POINT ( 'NONE',  ( -30.46621218677271514, -15.98210275180462325, -1.865751537549834804 ) ) ;
#2244 = CARTESIAN_POINT ( 'NONE',  ( 23.97584209091139229, -16.19999793046080327, 1.120125143168343440 ) ) ;
#2245 = CARTESIAN_POINT ( 'NONE',  ( -26.85178973288645921, 19.76106233792763689, -1.094142783759103565 ) ) ;
#2246 = AXIS2_PLACEMENT_3D ( 'NONE', #6099, #3374, #1423 ) ;
#2247 = ORIENTED_EDGE ( 'NONE', *, *, #1533, .F. ) ;
#2248 = EDGE_CURVE ( 'NONE', #8237, #3366, #3128, .T. ) ;
#2249 = CARTESIAN_POINT ( 'NONE',  ( 27.04314954136233951, 21.78425710805697690, -1.600703505666003723 ) ) ;
#2250 = CARTESIAN_POINT ( 'NONE',  ( -24.27419938540398903, 16.17058776107867502, 1.093066417055656769 ) ) ;
#2251 = CARTESIAN_POINT ( 'NONE',  ( -31.45220030349013385, 15.29999999999999716, -2.506856413650820237 ) ) ;
#2252 = DIRECTION ( 'NONE',  ( 1.000000000000000000, 0.000000000000000000, 0.000000000000000000 ) ) ;
#2253 = CARTESIAN_POINT ( 'NONE',  ( -26.80000000000000071, 13.39999999999999680, 5.301000000000002821 ) ) ;
#2254 = CARTESIAN_POINT ( 'NONE',  ( 0.3462003431240043283, -16.69999999999999929, -0.0001815980463034012633 ) ) ;
#2255 = CARTESIAN_POINT ( 'NONE',  ( 28.00180803812517638, -18.49999999999921840, 1.318802283534719066 ) ) ;
#2256 = AXIS2_PLACEMENT_3D ( 'NONE', #7937, #111, #5338 ) ;
#2257 = ORIENTED_EDGE ( 'NONE', *, *, #5368, .F. ) ;
#2258 = CARTESIAN_POINT ( 'NONE',  ( 25.99477970704223750, 14.85042450268838721, 0.8717530530918298215 ) ) ;
#2259 = EDGE_LOOP ( 'NONE', ( #4004, #8145, #6092, #6163 ) ) ;
#2260 = CARTESIAN_POINT ( 'NONE',  ( 30.36694495963129725, 16.48102578581564615, -1.857573428400633775 ) ) ;
#2261 = CARTESIAN_POINT ( 'NONE',  ( 24.35112451043342574, 16.15532435229349772, 1.027853235986549763 ) ) ;
#2262 = CARTESIAN_POINT ( 'NONE',  ( 25.50000000006267697, 19.50000000000001066, 1.520738416161219186 ) ) ;
#2263 = CARTESIAN_POINT ( 'NONE',  ( -1.660983128421387844, -19.62137161019868259, -0.004172693039054140018 ) ) ;
#2264 = ADVANCED_FACE ( 'NONE', ( #1251 ), #718, .T. ) ;
#2265 = CARTESIAN_POINT ( 'NONE',  ( -26.70131827368846089, -20.35346577925557909, -1.081399706140202088 ) ) ;
#2266 = ORIENTED_EDGE ( 'NONE', *, *, #1242, .T. ) ;
#2267 = CARTESIAN_POINT ( 'NONE',  ( 27.13027798798942314, 20.17021914466776877, -1.633363849815838709 ) ) ;
#2268 = DIRECTION ( 'NONE',  ( 0.000000000000000000, 1.000000000000000000, 0.000000000000000000 ) ) ;
#2269 = CARTESIAN_POINT ( 'NONE',  ( 29.60000000000000142, -8.399999999999998579, 1.179845401256263138 ) ) ;
#2270 = CARTESIAN_POINT ( 'NONE',  ( -25.96475356706307736, -14.91608237990090302, 0.9318662045096517410 ) ) ;
#2272 = ORIENTED_EDGE ( 'NONE', *, *, #6832, .T. ) ;
#2271 = CARTESIAN_POINT ( 'NONE',  ( -25.30000000000000071, 20.49999999999999645, -1.472740857018096428 ) ) ;
#2273 = CARTESIAN_POINT ( 'NONE',  ( 30.50000000000000000, -15.98565312335732713, -1.868547682182666536 ) ) ;
#2274 = CARTESIAN_POINT ( 'NONE',  ( 0.000000000000000000, 22.00000000000000000, -330.0000000000000000 ) ) ;
#2275 = DIRECTION ( 'NONE',  ( 0.000000000000000000, 0.000000000000000000, -1.000000000000000000 ) ) ;
#2276 = LINE ( 'NONE', #3924, #726 ) ;
#2277 = EDGE_CURVE ( 'NONE', #6431, #1641, #4360, .T. ) ;
#2278 = VERTEX_POINT ( 'NONE', #8005 ) ;
#2279 = EDGE_CURVE ( 'NONE', #1284, #2714, #1665, .T. ) ;
#2280 = DIRECTION ( 'NONE',  ( 0.000000000000000000, 0.000000000000000000, 1.000000000000000000 ) ) ;
#2281 = CARTESIAN_POINT ( 'NONE',  ( 26.18145735389634865, 14.20099689950556865, 0.8532325339697094391 ) ) ;
#2282 = CARTESIAN_POINT ( 'NONE',  ( 31.57258673202251842, 17.66493367765978206, -1.971392640694617393 ) ) ;
#2283 = CARTESIAN_POINT ( 'NONE',  ( 30.22651787168073412, 16.97290396039415583, -1.846039074709486361 ) ) ;
#2284 = LINE ( 'NONE', #6214, #1156 ) ;
#2285 = CARTESIAN_POINT ( 'NONE',  ( 25.23508956146265447, 15.77301992286454180, 0.9454574053932852662 ) ) ;
#2286 = CARTESIAN_POINT ( 'NONE',  ( -31.54743975903614128, 15.29999999999999716, 1.000013662613012499 ) ) ;
#2287 = CARTESIAN_POINT ( 'NONE',  ( -1.801426600133634315, -19.22205370127499791, -0.004909397116705924678 ) ) ;
#2288 = VERTEX_POINT ( 'NONE', #699 ) ;
#2289 = TOROIDAL_SURFACE ( 'NONE', #3553, 329.5000000000000000, 0.5000000000000000000 ) ;
#2290 = CARTESIAN_POINT ( 'NONE',  ( -28.47394897253193236, -19.43312820694903564, -1.706172402821979572 ) ) ;
#2291 = VECTOR ( 'NONE', #3539, 1000.000000000000000 ) ;
#2292 = EDGE_LOOP ( 'NONE', ( #222, #5678, #6898, #7997 ) ) ;
#2293 = CIRCLE ( 'NONE', #3603, 328.9999999999999432 ) ;
#2294 = EDGE_CURVE ( 'NONE', #5685, #5870, #5005, .T. ) ;
#2295 = CARTESIAN_POINT ( 'NONE',  ( 25.64291621924941111, 20.49999999999999645, -1.501688196207394022 ) ) ;
#2296 = VECTOR ( 'NONE', #536, 1000.000000000000000 ) ;
#2297 = EDGE_LOOP ( 'NONE', ( #7872, #2836, #5062 ) ) ;
#2298 = VECTOR ( 'NONE', #468, 1000.000000000000000 ) ;
#2299 = AXIS2_PLACEMENT_3D ( 'NONE', #4534, #1898, #5280 ) ;
#2300 = CARTESIAN_POINT ( 'NONE',  ( -32.00000000000000000, -15.30000000000000071, 0.5022692811654794198 ) ) ;
#2301 = ORIENTED_EDGE ( 'NONE', *, *, #8170, .T. ) ;
#2302 = CARTESIAN_POINT ( 'NONE',  ( 11.99999999999999822, 16.39999988182419344, 1.883126979761932995 ) ) ;
#2303 = FACE_OUTER_BOUND ( 'NONE', #3814, .T. ) ;
#2304 = CARTESIAN_POINT ( 'NONE',  ( 27.24892185334448058, -21.17536105419891257, -2.130309069848800529 ) ) ;
#2305 = CARTESIAN_POINT ( 'NONE',  ( -25.64283012176439769, 20.49999999999999645, -1.501680928248466662 ) ) ;
#2306 = EDGE_CURVE ( 'NONE', #1177, #8235, #5425, .T. ) ;
#2307 = CARTESIAN_POINT ( 'NONE',  ( 28.20346514819490480, -19.04169059540783948, -1.207314006224873948 ) ) ;
#2308 = ADVANCED_FACE ( 'NONE', ( #8041 ), #2499, .T. ) ;
#2309 = DIRECTION ( 'NONE',  ( 0.000000000000000000, 0.000000000000000000, 1.000000000000000000 ) ) ;
#2310 = CARTESIAN_POINT ( 'NONE',  ( -30.23150684387674758, 16.98374892461375296, -1.846429802406406084 ) ) ;
#2311 = EDGE_LOOP ( 'NONE', ( #7435, #4532, #5549 ) ) ;
#2312 = ORIENTED_EDGE ( 'NONE', *, *, #5826, .T. ) ;
#2313 = CARTESIAN_POINT ( 'NONE',  ( -24.36905996795573159, -16.15167408641617186, 1.084363891479138697 ) ) ;
#2314 = ORIENTED_EDGE ( 'NONE', *, *, #4833, .T. ) ;
#2315 = FACE_OUTER_BOUND ( 'NONE', #5339, .T. ) ;
#2316 = CARTESIAN_POINT ( 'NONE',  ( -26.54230202301070562, -15.08030982530689457, 1.438918362169845810 ) ) ;
#2317 = AXIS2_PLACEMENT_3D ( 'NONE', #4482, #7753, #6667 ) ;
#2318 = CARTESIAN_POINT ( 'NONE',  ( -26.00000000000000355, 19.99999999999999645, 1.520738416161293571 ) ) ;
#2319 = CARTESIAN_POINT ( 'NONE',  ( 26.19999790809824347, 13.97604147962499788, 0.8513841902733431111 ) ) ;
#2320 = CARTESIAN_POINT ( 'NONE',  ( 31.12657277718566462, 17.29475763327949167, -2.475741379278581178 ) ) ;
#2321 = CARTESIAN_POINT ( 'NONE',  ( -26.20000000000000284, 21.99999999999998224, 0.3627097600454320947 ) ) ;
#2322 = CARTESIAN_POINT ( 'NONE',  ( -26.19999999999999929, -13.89999999999999858, 0.9083693958394836176 ) ) ;
#2323 = ORIENTED_EDGE ( 'NONE', *, *, #7174, .F. ) ;
#2324 = ORIENTED_EDGE ( 'NONE', *, *, #5090, .F. ) ;
#2325 = DIRECTION ( 'NONE',  ( 0.000000000000000000, 1.000000000000000000, 0.000000000000000000 ) ) ;
#2326 = FACE_OUTER_BOUND ( 'NONE', #338, .T. ) ;
#2327 = CARTESIAN_POINT ( 'NONE',  ( 28.00000000000000000, -12.59999999999999254, -1.190024482224716351 ) ) ;
#2328 = CARTESIAN_POINT ( 'NONE',  ( -1.526271997856409435, -19.69999997059870367, -0.003499248736225132016 ) ) ;
#2329 = CARTESIAN_POINT ( 'NONE',  ( -29.23249384449898258, -18.71897997849915996, -1.297032011400346407 ) ) ;
#2330 = CARTESIAN_POINT ( 'NONE',  ( 25.64854524938941793, 19.99999999999999645, -0.9981019926595595670 ) ) ;
#2331 = ORIENTED_EDGE ( 'NONE', *, *, #1910, .T. ) ;
#2332 = CARTESIAN_POINT ( 'NONE',  ( 27.48510886473811965, 21.63756150904307063, 1.362168796409661820 ) ) ;
#2333 = CARTESIAN_POINT ( 'NONE',  ( 28.84113842243819903, 20.99199270140194074, -1.741502566241307504 ) ) ;
#2334 = CARTESIAN_POINT ( 'NONE',  ( -27.32877546041668637, -21.17625041316733814, 1.375053590394973879 ) ) ;
#2335 = PLANE ( 'NONE',  #5336 ) ;
#2336 = ORIENTED_EDGE ( 'NONE', *, *, #1926, .T. ) ;
#2337 = CARTESIAN_POINT ( 'NONE',  ( -31.54743975903614128, -6.513704236698701244, 1.000013662612986298 ) ) ;
#2338 = CARTESIAN_POINT ( 'NONE',  ( 26.19999999999999929, 22.00000000000000711, 0.8513840016953766465 ) ) ;
#2339 = ADVANCED_FACE ( 'NONE', ( #641 ), #6868, .F. ) ;
#2340 = CARTESIAN_POINT ( 'NONE',  ( -24.45546186741056616, -16.13201358590253776, 1.076416350285507306 ) ) ;
#2341 = CARTESIAN_POINT ( 'NONE',  ( -25.55233023783456758, -15.50037790625229128, 0.9724228241042311982 ) ) ;
#2342 = EDGE_CURVE ( 'NONE', #7406, #5760, #4589, .T. ) ;
#2343 = DIRECTION ( 'NONE',  ( 0.000000000000000000, 1.000000000000000000, -0.000000000000000000 ) ) ;
#2344 = ORIENTED_EDGE ( 'NONE', *, *, #1696, .F. ) ;
#2345 = CARTESIAN_POINT ( 'NONE',  ( -26.36406593849413937, 15.41187418064106751, 1.453143277282970880 ) ) ;
#2346 = CARTESIAN_POINT ( 'NONE',  ( 25.30094888860546831, 15.72448717901558268, 0.9391740220544543272 ) ) ;
#2347 = CARTESIAN_POINT ( 'NONE',  ( -28.00180803812517638, -18.50000000000078515, 1.318802283534719066 ) ) ;
#2348 = CARTESIAN_POINT ( 'NONE',  ( 30.46672015249986742, 15.97683330779219801, -1.409085560130919124 ) ) ;
#2349 = CARTESIAN_POINT ( 'NONE',  ( -0.3462003431240048834, -16.69999999999999929, -0.0001815980463369029749 ) ) ;
#2350 = EDGE_CURVE ( 'NONE', #7730, #2482, #8461, .T. ) ;
#2351 = EDGE_CURVE ( 'NONE', #5033, #2278, #5705, .T. ) ;
#2352 = CARTESIAN_POINT ( 'NONE',  ( 25.77211989353590482, 15.23807815349768369, 0.8936347203992298649 ) ) ;
#2353 = CARTESIAN_POINT ( 'NONE',  ( -31.32004435669405495, 18.27356398648480962, 0.5616719785166945922 ) ) ;
#2354 = CARTESIAN_POINT ( 'NONE',  ( 26.49547434741899110, 15.15985692799285900, 1.442672280221403369 ) ) ;
#2355 = CARTESIAN_POINT ( 'NONE',  ( 26.20000000000000284, 21.99999999999998224, 0.3627097600454320947 ) ) ;
#2356 = EDGE_LOOP ( 'NONE', ( #7010, #6203, #4918, #855 ) ) ;
#2357 = AXIS2_PLACEMENT_3D ( 'NONE', #6439, #424, #3062 ) ;
#2358 = DIRECTION ( 'NONE',  ( 0.000000000000000000, 0.000000000000000000, 1.000000000000000000 ) ) ;
#2359 = CARTESIAN_POINT ( 'NONE',  ( 25.33839150227617765, 19.99999999999999645, -0.9742169432958168729 ) ) ;
#2360 = CARTESIAN_POINT ( 'NONE',  ( 27.33011623862578077, 21.17580197547272292, 1.374943080527993633 ) ) ;
#2361 = AXIS2_PLACEMENT_3D ( 'NONE', #5412, #4074, #8040 ) ;
#2362 = DIRECTION ( 'NONE',  ( -1.000000000000000000, 0.000000000000000000, 0.000000000000000000 ) ) ;
#2363 = CARTESIAN_POINT ( 'NONE',  ( -28.27084664781352075, 20.14169514398166783, -2.216865037615461276 ) ) ;
#2364 = ORIENTED_EDGE ( 'NONE', *, *, #6476, .F. ) ;
#2365 = CARTESIAN_POINT ( 'NONE',  ( -26.05294003840711170, -14.71012720550113961, 0.9230878172446085328 ) ) ;
#2366 = CARTESIAN_POINT ( 'NONE',  ( -25.67020560904276039, 21.49999999999999289, -2.002730978273205231 ) ) ;
#2367 = CARTESIAN_POINT ( 'NONE',  ( 0.1731526737733007637, -16.79990922844175572, -5.502971591863498046E-08 ) ) ;
#2368 = CARTESIAN_POINT ( 'NONE',  ( -25.94673602864985895, -19.73950994230152745, 1.486086688048111171 ) ) ;
#2369 = AXIS2_PLACEMENT_3D ( 'NONE', #3257, #6595, #7815 ) ;
#2370 = VERTEX_POINT ( 'NONE', #1558 ) ;
#2371 = CARTESIAN_POINT ( 'NONE',  ( -24.17447011027511294, -16.18363215524643550, 1.102146134602215666 ) ) ;
#2372 = CARTESIAN_POINT ( 'NONE',  ( -25.62880600631380190, -15.41744725557918017, 0.9649619701926804849 ) ) ;
#2373 = CARTESIAN_POINT ( 'NONE',  ( -30.04552352048558106, 15.29999999999999716, -1.370624386102740511 ) ) ;
#2374 = CARTESIAN_POINT ( 'NONE',  ( -26.20463936994366350, 15.64358084537557581, 1.465790701825019804 ) ) ;
#2375 = CARTESIAN_POINT ( 'NONE',  ( 26.03892757635805566, 14.74641009282836634, 0.8673876588729040327 ) ) ;
#2376 = CARTESIAN_POINT ( 'NONE',  ( 28.00086455081392600, 20.86369162877685213, -2.193679704528660679 ) ) ;
#2377 = CARTESIAN_POINT ( 'NONE',  ( 28.21150627834184021, 19.03571203400716882, -1.208002710005977809 ) ) ;
#2378 = CARTESIAN_POINT ( 'NONE',  ( -31.29400312425316244, -16.70724860065352857, -2.491699447968777292 ) ) ;
#2379 = ORIENTED_EDGE ( 'NONE', *, *, #1203, .F. ) ;
#2380 = CARTESIAN_POINT ( 'NONE',  ( 25.83270014329464459, 15.14739394990878552, 0.8877023121827155583 ) ) ;
#2381 = CARTESIAN_POINT ( 'NONE',  ( -1.456100862198003387, -19.49999999999999645, 0.1965012991386087537 ) ) ;
#2382 = CARTESIAN_POINT ( 'NONE',  ( 31.45220030349014806, 15.70980048479963997, -2.506856413650882853 ) ) ;
#2383 = LINE ( 'NONE', #8496, #6875 ) ;
#2384 = ADVANCED_FACE ( 'NONE', ( #1463 ), #4223, .F. ) ;
#2385 = CARTESIAN_POINT ( 'NONE',  ( 0.000000000000000000, 22.00000000000000000, -330.0000000000000000 ) ) ;
#2386 = CARTESIAN_POINT ( 'NONE',  ( 30.09229709723866364, 18.31969078134933326, -2.379084008612482481 ) ) ;
#2387 = VERTEX_POINT ( 'NONE', #8121 ) ;
#2388 = CARTESIAN_POINT ( 'NONE',  ( -31.78291295997715693, 17.04852437397284248, -1.989905639227290246 ) ) ;
#2389 = DIRECTION ( 'NONE',  ( -0.000000000000000000, -1.000000000000000000, -0.000000000000000000 ) ) ;
#2390 = CARTESIAN_POINT ( 'NONE',  ( -1.558845726811993071, -19.19999999999999929, 0.1954572673585568132 ) ) ;
#2391 = CIRCLE ( 'NONE', #6133, 0.5000000000000004441 ) ;
#2392 = DIRECTION ( 'NONE',  ( 0.000000000000000000, -0.000000000000000000, 1.000000000000000000 ) ) ;
#2393 = CARTESIAN_POINT ( 'NONE',  ( 26.07192111101875653, -21.45988359080957153, -2.034434628103434228 ) ) ;
#2394 = DIRECTION ( 'NONE',  ( -0.000000000000000000, 0.000000000000000000, 1.000000000000000000 ) ) ;
#2395 = EDGE_LOOP ( 'NONE', ( #1882, #5224, #1532, #5720 ) ) ;
#2396 = ADVANCED_FACE ( 'NONE', ( #6688 ), #6273, .T. ) ;
#2397 = FACE_OUTER_BOUND ( 'NONE', #5195, .T. ) ;
#2398 = CARTESIAN_POINT ( 'NONE',  ( 0.000000000000000000, 7.599999999999996980, -330.0000000000000000 ) ) ;
#2399 = CARTESIAN_POINT ( 'NONE',  ( -25.75991819999175192, -19.55293101341813866, 1.500656700143383260 ) ) ;
#2400 = FACE_OUTER_BOUND ( 'NONE', #4330, .T. ) ;
#2401 = CARTESIAN_POINT ( 'NONE',  ( -24.19320789181737297, -16.18126546879419081, 1.100441921860682903 ) ) ;
#2402 = CIRCLE ( 'NONE', #1207, 0.5000000000000000000 ) ;
#2403 = EDGE_CURVE ( 'NONE', #6309, #401, #2913, .T. ) ;
#2404 = CARTESIAN_POINT ( 'NONE',  ( -25.96265263376012200, -14.91826955692588896, 0.9320710162569380008 ) ) ;
#2405 = EDGE_CURVE ( 'NONE', #1291, #4244, #7725, .T. ) ;
#2406 = CARTESIAN_POINT ( 'NONE',  ( 1.585640646055105130, -19.30000000000000071, 3.501025000000002052 ) ) ;
#2408 = VERTEX_POINT ( 'NONE', #160 ) ;
#2407 = CARTESIAN_POINT ( 'NONE',  ( -25.78569636886033933, 16.08013264235417239, 1.498641325226279131 ) ) ;
#2409 = CARTESIAN_POINT ( 'NONE',  ( 28.29790904823047271, 21.30787137990609281, 1.293957038952909144 ) ) ;
#2410 = FACE_OUTER_BOUND ( 'NONE', #6502, .T. ) ;
#2411 = LINE ( 'NONE', #4730, #1151 ) ;
#2412 = EDGE_LOOP ( 'NONE', ( #1120, #1694, #945 ) ) ;
#2413 = CARTESIAN_POINT ( 'NONE',  ( -31.77550234861567446, 17.03387005472831461, 0.5220087151228265387 ) ) ;
#2414 = B_SPLINE_CURVE_WITH_KNOTS ( 'NONE', 3,
 ( #8287, #889, #2302, #2190 ),
 .UNSPECIFIED., .F., .F.,
 ( 4, 4 ),
 ( 0.000000000000000000, 0.0008488052562294085696 ),
 .UNSPECIFIED. ) ;
#2415 = FACE_OUTER_BOUND ( 'NONE', #7660, .T. ) ;
#2416 = VECTOR ( 'NONE', #1561, 1000.000000000000000 ) ;
#2417 = CARTESIAN_POINT ( 'NONE',  ( 25.50000000006207301, 20.50000000000532197, 1.520738416161264928 ) ) ;
#2418 = CARTESIAN_POINT ( 'NONE',  ( 30.65931502298709432, 17.14498171620091327, -2.431645576685317334 ) ) ;
#2419 = DIRECTION ( 'NONE',  ( -1.000000000000000000, 0.000000000000000000, 0.000000000000000000 ) ) ;
#2420 = ORIENTED_EDGE ( 'NONE', *, *, #8328, .T. ) ;
#2421 = B_SPLINE_CURVE_WITH_KNOTS ( 'NONE', 3,
 ( #681, #21, #6672, #2665, #4599, #3339 ),
 .UNSPECIFIED., .F., .F.,
 ( 4, 2, 4 ),
 ( 0.0007817912882277764947, 0.001172349525071560714, 0.001562907761915344933 ),
 .UNSPECIFIED. ) ;
#2422 = EDGE_CURVE ( 'NONE', #4090, #6791, #4075, .T. ) ;
#2423 = EDGE_CURVE ( 'NONE', #4460, #576, #7046, .T. ) ;
#2424 = ORIENTED_EDGE ( 'NONE', *, *, #3428, .F. ) ;
#2425 = CARTESIAN_POINT ( 'NONE',  ( 0.000000000000000000, -13.39999999999999503, -330.0000000000000000 ) ) ;
#2426 = ORIENTED_EDGE ( 'NONE', *, *, #8218, .T. ) ;
#2427 = CARTESIAN_POINT ( 'NONE',  ( 30.50000000000000000, 15.29999999999999716, -1.961511404530544400 ) ) ;
#2428 = LINE ( 'NONE', #2321, #668 ) ;
#2429 = ORIENTED_EDGE ( 'NONE', *, *, #6715, .T. ) ;
#2430 = AXIS2_PLACEMENT_3D ( 'NONE', #3307, #7981, #6621 ) ;
#2431 = DIRECTION ( 'NONE',  ( 0.000000000000000000, 0.000000000000000000, 1.000000000000000000 ) ) ;
#2432 = DIRECTION ( 'NONE',  ( -0.000000000000000000, -0.000000000000000000, -1.000000000000000000 ) ) ;
#2433 = CARTESIAN_POINT ( 'NONE',  ( -30.90586962094157641, -18.05216372229481436, 1.060548172310741943 ) ) ;
#2434 = CARTESIAN_POINT ( 'NONE',  ( -24.79052219406631963, -16.02061220184300439, 1.045243803248831371 ) ) ;
#2435 = VERTEX_POINT ( 'NONE', #5472 ) ;
#2436 = EDGE_CURVE ( 'NONE', #1608, #253, #8380, .T. ) ;
#2437 = EDGE_LOOP ( 'NONE', ( #8085, #2656, #7332, #4527 ) ) ;
#2438 = CIRCLE ( 'NONE', #7902, 330.0000000000000000 ) ;
#2439 = CARTESIAN_POINT ( 'NONE',  ( 28.10099625726097372, -21.39039773935534328, 1.310524621411050639 ) ) ;
#2440 = CARTESIAN_POINT ( 'NONE',  ( -28.75983375391372121, 18.94711679915783265, 1.253876591257611528 ) ) ;
#2441 = CARTESIAN_POINT ( 'NONE',  ( -30.33156356867693049, 16.65686917968840675, -1.854658734336726678 ) ) ;
#2442 = ADVANCED_FACE ( 'NONE', ( #4501 ), #2335, .T. ) ;
#2443 = CARTESIAN_POINT ( 'NONE',  ( 28.69457991803128394, 13.40000209996015279, -1.249893862523043797 ) ) ;
#2444 = CARTESIAN_POINT ( 'NONE',  ( -24.71166976034650631, -16.05234600588222094, 1.052628952007241825 ) ) ;
#2445 = ORIENTED_EDGE ( 'NONE', *, *, #87, .T. ) ;
#2446 = ORIENTED_EDGE ( 'NONE', *, *, #4142, .T. ) ;
#2447 = CARTESIAN_POINT ( 'NONE',  ( -24.12470654965884620, 16.75166851450763872, 1.623668012722582654 ) ) ;
#2448 = CARTESIAN_POINT ( 'NONE',  ( -27.06609404670995644, -21.76688380489305175, 1.396645304750295580 ) ) ;
#2449 = CARTESIAN_POINT ( 'NONE',  ( 26.79755313065471611, 22.00000000000000000, 1.418377803962089789 ) ) ;
#2450 = CARTESIAN_POINT ( 'NONE',  ( -25.71607845398009218, -16.13712538979226707, 1.504049163943112610 ) ) ;
#2451 = CARTESIAN_POINT ( 'NONE',  ( -27.33990563691485676, 21.17246372785204045, 1.374135160775445286 ) ) ;
#2452 = ORIENTED_EDGE ( 'NONE', *, *, #2567, .T. ) ;
#2453 = ADVANCED_FACE ( 'NONE', ( #7099 ), #3973, .T. ) ;
#2454 = CARTESIAN_POINT ( 'NONE',  ( 28.53480239878527769, 20.56641296519570616, -2.239731131834841182 ) ) ;
#2455 = VECTOR ( 'NONE', #624, 1000.000000000000000 ) ;
#2456 = CARTESIAN_POINT ( 'NONE',  ( 25.98183981487494876, -20.46642436996514647, -1.530946993212082052 ) ) ;
#2457 = DIRECTION ( 'NONE',  ( 0.000000000000000000, 0.000000000000000000, 1.000000000000000000 ) ) ;
#2458 = VERTEX_POINT ( 'NONE', #7015 ) ;
#2459 = CARTESIAN_POINT ( 'NONE',  ( 29.60000000000000142, -8.399999999999998579, 1.179845401256263138 ) ) ;
#2460 = CARTESIAN_POINT ( 'NONE',  ( -29.43537628275309714, -19.97612966691724878, 1.194642886325402831 ) ) ;
#2461 = CARTESIAN_POINT ( 'NONE',  ( -24.96060801190252931, -15.94120684663851861, 1.029227303632604507 ) ) ;
#2462 = CARTESIAN_POINT ( 'NONE',  ( -25.30000000000000071, -15.30000000000000071, 2.501025000000002052 ) ) ;
#2463 = CARTESIAN_POINT ( 'NONE',  ( 29.97226999124147540, -17.60784775346239783, -1.907328016009409710 ) ) ;
#2464 = VERTEX_POINT ( 'NONE', #1594 ) ;
#2465 = DIRECTION ( 'NONE',  ( 0.000000000000000000, 0.000000000000000000, 1.000000000000000000 ) ) ;
#2466 = B_SPLINE_CURVE_WITH_KNOTS ( 'NONE', 3,
 ( #5213, #4572, #1969, #538, #7897, #3919 ),
 .UNSPECIFIED., .F., .F.,
 ( 4, 2, 4 ),
 ( 0.000000000000000000, 0.0003909460782493139096, 0.0007818921564986278192 ),
 .UNSPECIFIED. ) ;
#2467 = CARTESIAN_POINT ( 'NONE',  ( -26.79755313065469480, 13.90000000000000036, 1.418377803962051598 ) ) ;
#2468 = CARTESIAN_POINT ( 'NONE',  ( -28.44320397851895876, -20.68432412418147237, 1.281373890840774354 ) ) ;
#2469 = CARTESIAN_POINT ( 'NONE',  ( 28.65069911701995409, 21.10609246895437252, -1.726203616727007617 ) ) ;
#2470 = EDGE_LOOP ( 'NONE', ( #1268, #3543, #305, #4931 ) ) ;
#2471 = CARTESIAN_POINT ( 'NONE',  ( 28.73557001539340305, 19.21812945189871513, -1.726576743408088976 ) ) ;
#2472 = CARTESIAN_POINT ( 'NONE',  ( -24.26489877365093051, -16.73785703172483963, 1.613429877182699590 ) ) ;
#2473 = CARTESIAN_POINT ( 'NONE',  ( -28.68130683349922450, 21.08840094348670746, 1.260813572284317674 ) ) ;
#2474 = CARTESIAN_POINT ( 'NONE',  ( 29.35333323175272824, 19.97013472343010321, -2.311941157280020143 ) ) ;
#2475 = AXIS2_PLACEMENT_3D ( 'NONE', #7494, #146, #3530 ) ;
#2476 = CARTESIAN_POINT ( 'NONE',  ( 31.64759532191966684, -17.45557187516691044, 0.5331932643596609678 ) ) ;
#2477 = ORIENTED_EDGE ( 'NONE', *, *, #3640, .F. ) ;
#2478 = AXIS2_PLACEMENT_3D ( 'NONE', #1165, #3082, #8489 ) ;
#2479 = DIRECTION ( 'NONE',  ( 0.000000000000000000, 1.000000000000000000, 0.000000000000000000 ) ) ;
#2480 = CARTESIAN_POINT ( 'NONE',  ( -30.91597434800699773, 16.04773032293985224, -2.455792565387962423 ) ) ;
#2481 = CARTESIAN_POINT ( 'NONE',  ( 29.73963475871619266, -15.94574893090660872, 1.167348383738727957 ) ) ;
#2482 = VERTEX_POINT ( 'NONE', #5677 ) ;
#2483 = CARTESIAN_POINT ( 'NONE',  ( 30.91727946528674664, -18.05165622653186830, 1.059505821903130585 ) ) ;
#2484 = CARTESIAN_POINT ( 'NONE',  ( 28.54285714285713738, -18.50000000000000355, 1.774479588368923721 ) ) ;
#2485 = CARTESIAN_POINT ( 'NONE',  ( 30.32282514909244497, -16.65682265338866230, -2.400055681529842388 ) ) ;
#2486 = CARTESIAN_POINT ( 'NONE',  ( 0.000000000000000000, 21.50000000000000000, -330.0000000000000000 ) ) ;
#2487 = ORIENTED_EDGE ( 'NONE', *, *, #6455, .F. ) ;
#2488 = CARTESIAN_POINT ( 'NONE',  ( -28.50000000000000000, 18.49999999999999645, 1.276319709107132105 ) ) ;
#2489 = CARTESIAN_POINT ( 'NONE',  ( 30.98681877798008699, 18.84944248464990579, 0.5903067204783126742 ) ) ;
#2490 = CARTESIAN_POINT ( 'NONE',  ( -30.34137952492540435, -19.73455674568738161, 0.6450844885766822134 ) ) ;
#2491 = CARTESIAN_POINT ( 'NONE',  ( -31.38831394923564133, 16.70921357180188238, 1.015143652668578866 ) ) ;
#2492 = DIRECTION ( 'NONE',  ( 0.004195097323811793413, 0.000000000000000000, -0.9999912005405066084 ) ) ;
#2493 = CARTESIAN_POINT ( 'NONE',  ( -25.50000000000000000, -20.00000000000000355, 1.520738416161293571 ) ) ;
#2494 = VECTOR ( 'NONE', #8525, 1000.000000000000000 ) ;
#2495 = CARTESIAN_POINT ( 'NONE',  ( -26.95187877814857558, 21.29037194336339311, 1.405920472334450499 ) ) ;
#2496 = ORIENTED_EDGE ( 'NONE', *, *, #6115, .F. ) ;
#2497 = CARTESIAN_POINT ( 'NONE',  ( 1.096967882308101272, -18.40000410642886663, 0.2990311780889454707 ) ) ;
#2498 = CARTESIAN_POINT ( 'NONE',  ( 25.63030378740451454, -19.50000000001382716, 1.510715674920106277 ) ) ;
#2499 = CONICAL_SURFACE ( 'NONE', #317, 331.9883271204680568, 0.7436220085045373018 ) ;
#2500 = ORIENTED_EDGE ( 'NONE', *, *, #6767, .F. ) ;
#2501 = CYLINDRICAL_SURFACE ( 'NONE', #3505, 330.0000000000000000 ) ;
#2502 = CARTESIAN_POINT ( 'NONE',  ( -25.00144388323976941, -20.00000000000078870, 1.558709437338138937 ) ) ;
#2504 = CARTESIAN_POINT ( 'NONE',  ( -27.86959351804265950, 19.82409119069657422, -2.182420348077484640 ) ) ;
#2503 = CIRCLE ( 'NONE', #3537, 0.5000000000000004441 ) ;
#2505 = ORIENTED_EDGE ( 'NONE', *, *, #3244, .T. ) ;
#2506 = DIRECTION ( 'NONE',  ( -0.000000000000000000, 1.000000000000000000, -0.000000000000000000 ) ) ;
#2507 = VECTOR ( 'NONE', #3204, 1000.000000000000000 ) ;
#2508 = SPHERICAL_SURFACE ( 'NONE', #1759, 0.5000000000000000000 ) ;
#2509 = CARTESIAN_POINT ( 'NONE',  ( 29.41483397198675931, -20.60573983115558150, 1.196667879919345090 ) ) ;
#2510 = DIRECTION ( 'NONE',  ( 0.000000000000000000, 0.000000000000000000, -1.000000000000000000 ) ) ;
#2511 = CARTESIAN_POINT ( 'NONE',  ( 29.21506059208410733, -18.73906525675445423, -1.831350924584287609 ) ) ;
#2512 = EDGE_CURVE ( 'NONE', #3526, #906, #7706, .T. ) ;
#2513 = ORIENTED_EDGE ( 'NONE', *, *, #7718, .T. ) ;
#2514 = VERTEX_POINT ( 'NONE', #7709 ) ;
#2515 = CIRCLE ( 'NONE', #3316, 0.5000000000000000000 ) ;
#2516 = ADVANCED_FACE ( 'NONE', ( #2181 ), #7925, .T. ) ;
#2517 = ORIENTED_EDGE ( 'NONE', *, *, #8052, .T. ) ;
#2518 = EDGE_CURVE ( 'NONE', #1662, #3258, #5333, .T. ) ;
#2519 = TOROIDAL_SURFACE ( 'NONE', #1253, 332.0000000000000000, 0.5000000000000000000 ) ;
#2520 = EDGE_CURVE ( 'NONE', #2387, #7625, #4902, .T. ) ;
#2521 = DIRECTION ( 'NONE',  ( 0.000000000000000000, -1.000000000000000000, 0.000000000000000000 ) ) ;
#2522 = CARTESIAN_POINT ( 'NONE',  ( 31.54743975903614128, 15.29999999999999893, 1.000013662612964760 ) ) ;
#2523 = CARTESIAN_POINT ( 'NONE',  ( -29.72292874368638493, -20.35158414493228562, 0.6964504723765183591 ) ) ;
#2524 = CARTESIAN_POINT ( 'NONE',  ( -25.33810240963855520, 21.50000000000000000, 1.533151534320415621 ) ) ;
#2525 = ORIENTED_EDGE ( 'NONE', *, *, #5554, .F. ) ;
#2526 = B_SPLINE_CURVE_WITH_KNOTS ( 'NONE', 3,
 ( #1161, #3880, #8539, #3137 ),
 .UNSPECIFIED., .F., .F.,
 ( 4, 4 ),
 ( 0.000000000000000000, 1.000000000000000000 ),
 .UNSPECIFIED. ) ;
#2527 = ORIENTED_EDGE ( 'NONE', *, *, #4325, .F. ) ;
#2528 = CARTESIAN_POINT ( 'NONE',  ( -25.50000000000000355, 19.99999999999999645, -500000.0000000000582 ) ) ;
#2529 = CARTESIAN_POINT ( 'NONE',  ( 28.49999999999999645, -18.50000000000000355, 1.276319709107132105 ) ) ;
#2530 = ORIENTED_EDGE ( 'NONE', *, *, #1632, .T. ) ;
#2531 = VECTOR ( 'NONE', #6449, 1000.000000000000000 ) ;
#2532 = DIRECTION ( 'NONE',  ( 0.000000000000000000, 1.000000000000000000, 0.000000000000000000 ) ) ;
#2533 = AXIS2_PLACEMENT_3D ( 'NONE', #1196, #1243, #3854 ) ;
#2534 = DIRECTION ( 'NONE',  ( 0.000000000000000000, 0.000000000000000000, 1.000000000000000000 ) ) ;
#2535 = EDGE_CURVE ( 'NONE', #727, #1708, #6792, .T. ) ;
#2536 = DIRECTION ( 'NONE',  ( -1.000000000000000000, 0.000000000000000000, 0.000000000000000000 ) ) ;
#2537 = CARTESIAN_POINT ( 'NONE',  ( 26.19999999999998153, 22.00000000000001776, 0.3627097600454320947 ) ) ;
#2538 = B_SPLINE_CURVE_WITH_KNOTS ( 'NONE', 3,
 ( #4817, #4150, #5377, #4096, #4699, #6087, #4736, #4042, #1349, #75, #6026, #3444, #1441, #176, #5401, #2134, #2712, #8063, #821, #5427, #6117, #1413 ),
 .UNSPECIFIED., .F., .F.,
 ( 4, 2, 2, 2, 2, 2, 2, 2, 2, 2, 4 ),
 ( 0.000000000000000000, 0.001310318077990192632, 0.001965477116985294044, 0.002620636155980395673, 0.003930954233970598496, 0.005241272311960801754, 0.006551590389951004144, 0.007206749428946105339, 0.007861908467941207401, 0.009172226545931421934, 0.01048254462392163820 ),
 .UNSPECIFIED. ) ;
#2539 = ORIENTED_EDGE ( 'NONE', *, *, #1803, .F. ) ;
#2540 = VERTEX_POINT ( 'NONE', #3763 ) ;
#2541 = CIRCLE ( 'NONE', #6573, 0.5000000000000001110 ) ;
#2542 = DIRECTION ( 'NONE',  ( 0.000000000000000000, 1.000000000000000000, 0.000000000000000000 ) ) ;
#2543 = CARTESIAN_POINT ( 'NONE',  ( -27.90054683287232962, 19.80621876494886635, -1.704674241259541700 ) ) ;
#2544 = CARTESIAN_POINT ( 'NONE',  ( 26.81765718583390523, 21.82948626431776162, 0.9243333877330118797 ) ) ;
#2545 = CARTESIAN_POINT ( 'NONE',  ( 31.57260789539164492, -17.66487724845100971, 0.5397344140468086637 ) ) ;
#2546 = ORIENTED_EDGE ( 'NONE', *, *, #3983, .F. ) ;
#2547 = CARTESIAN_POINT ( 'NONE',  ( 1.731001715620020143, -19.10000000000000142, -0.004539981137754773091 ) ) ;
#2548 = CARTESIAN_POINT ( 'NONE',  ( 30.80731668915498744, -16.59465106414267055, -2.445560918680636409 ) ) ;
#2549 = CARTESIAN_POINT ( 'NONE',  ( 1.385640646055104508, -19.69999999999999574, 0.1970926583091326956 ) ) ;
#2550 = CARTESIAN_POINT ( 'NONE',  ( 25.30000000000000782, -21.50000000000000000, -1.472740857018096428 ) ) ;
#2551 = ORIENTED_EDGE ( 'NONE', *, *, #2671, .F. ) ;
#2552 = CARTESIAN_POINT ( 'NONE',  ( 31.34616199677268966, 16.91838776646928366, 1.019145458347619604 ) ) ;
#2553 = CARTESIAN_POINT ( 'NONE',  ( -29.60000000000000142, -12.59999999999999964, 1.179845401256263138 ) ) ;
#2554 = DIRECTION ( 'NONE',  ( -0.000000000000000000, 0.000000000000000000, -1.000000000000000000 ) ) ;
#2555 = CARTESIAN_POINT ( 'NONE',  ( -28.65128239375249208, 21.10575727528947354, 0.7830176077478059327 ) ) ;
#2556 = CARTESIAN_POINT ( 'NONE',  ( -30.49999999815960905, 15.64678694943661874, -2.416488503678780653 ) ) ;
#2557 = EDGE_LOOP ( 'NONE', ( #4112, #716, #2527, #3377, #6184, #6049, #2429, #1791, #3685, #4310, #7283, #252, #3799, #154, #5703, #7320 ) ) ;
#2558 = ADVANCED_FACE ( 'NONE', ( #1162 ), #8568, .T. ) ;
#2559 = DIRECTION ( 'NONE',  ( 0.000000000000000000, 0.000000000000000000, -1.000000000000000000 ) ) ;
#2560 = CARTESIAN_POINT ( 'NONE',  ( -30.65360648001331256, 17.13384633753782538, -2.431137954081704855 ) ) ;
#2561 = CARTESIAN_POINT ( 'NONE',  ( -29.60000000000000142, 12.59999999999999787, -1.330196093404401037 ) ) ;
#2562 = ORIENTED_EDGE ( 'NONE', *, *, #1819, .T. ) ;
#2563 = EDGE_CURVE ( 'NONE', #3574, #481, #4908, .T. ) ;
#2564 = CARTESIAN_POINT ( 'NONE',  ( 25.33810240963855520, 21.50000000000000000, 1.533151534320438714 ) ) ;
#2565 = CARTESIAN_POINT ( 'NONE',  ( -1.801062863191487784, -19.37849978665270001, -0.004907500798041447565 ) ) ;
#2566 = CARTESIAN_POINT ( 'NONE',  ( 30.20035523276925460, -18.15716458476034134, -2.388978177887167487 ) ) ;
#2567 = EDGE_CURVE ( 'NONE', #4365, #4807, #4290, .T. ) ;
#2568 = ORIENTED_EDGE ( 'NONE', *, *, #1236, .T. ) ;
#2569 = DIRECTION ( 'NONE',  ( 0.000000000000000000, -1.000000000000000000, 0.000000000000000000 ) ) ;
#2570 = CARTESIAN_POINT ( 'NONE',  ( 25.98214172484267337, 20.46639644988874807, -1.520662965250717535 ) ) ;
#2571 = CARTESIAN_POINT ( 'NONE',  ( 31.11187697879438474, 18.64069583176665290, 1.041494407854762994 ) ) ;
#2572 = CARTESIAN_POINT ( 'NONE',  ( 28.00000000000000000, -8.399999999999998579, -1.190024482224716351 ) ) ;
#2573 = DIRECTION ( 'NONE',  ( -0.000000000000000000, -1.000000000000000000, -0.000000000000000000 ) ) ;
#2574 = EDGE_CURVE ( 'NONE', #2540, #1771, #1443, .T. ) ;
#2575 = CARTESIAN_POINT ( 'NONE',  ( 0.000000000000000000, 22.00000000000000000, -0.5000000000000559552 ) ) ;
#2576 = DIRECTION ( 'NONE',  ( -0.000000000000000000, 1.000000000000000000, 0.000000000000000000 ) ) ;
#2577 = ORIENTED_EDGE ( 'NONE', *, *, #952, .F. ) ;
#2578 = B_SPLINE_CURVE_WITH_KNOTS ( 'NONE', 3,
 ( #7994, #3439, #4694, #2044, #8019, #3387, #8108, #1376, #8054, #4034, #6655, #2768, #6, #6769, #4058, #6044, #663, #4643, #31, #1979, #4009, #110, #2650, #1410, #4670, #4752, #5301, #7408, #763, #1435, #2672, #689, #5337, #1341, #2705, #3354, #6019, #6684, #7361, #708, #5370, #6716, #89, #4729, #729, #2061, #6742, #5421, #2742, #3411, #8087, #6111, #2094, #791, #6880, #7581, #3475, #2883, #6859, #6165 ),
 .UNSPECIFIED., .F., .F.,
 ( 4, 2, 1, 1, 2, 2, 2, 2, 1, 1, 2, 2, 2, 2, 1, 1, 2, 2, 2, 1, 1, 2, 2, 2, 1, 2, 2, 2, 1, 2, 2, 2, 2, 2, 4 ),
 ( 0.000000000000000000, 0.03124999999995264205, 0.04687499999992902205, 0.05468749999991848881, 0.05859374999991331934, 0.06249999999990815680, 0.09374999999986663446, 0.1093749999998472888, 0.1171874999998356731, 0.1210937499998322592, 0.1230468749998332445, 0.1249999999998342437, 0.1874999999998323563, 0.2187499999998314126, 0.2343749999998314959, 0.2421874999998315514, 0.2460937499998321898, 0.2499999999998328559, 0.3124999999998519518, 0.3437499999998621658, 0.3593749999998667732, 0.3671874999998677724, 0.3749999999998687161, 0.4374999999998835376, 0.4687499999998911426, 0.4843749999998959721, 0.4999999999999007461, 0.5624999999999169553, 0.5937499999999250599, 0.6093749999999282796, 0.6249999999999314992, 0.6874999999999430456, 0.7187499999999488187, 0.7499999999999545919, 1.000000000000000000 ),
 .UNSPECIFIED. ) ;
#2579 = CARTESIAN_POINT ( 'NONE',  ( -1.384801372496017535, -19.69999999999999218, -0.002905580732847457687 ) ) ;
#2580 = DIRECTION ( 'NONE',  ( -1.796974801439540264E-16, 1.000000000000000000, 0.000000000000000000 ) ) ;
#2581 = CARTESIAN_POINT ( 'NONE',  ( 12.00000000000000000, 22.00000000000000000, 1.783061653243545042 ) ) ;
#2582 = PRODUCT ( '03002À‹∏«C', '03002À‹∏«C', '', ( #5562 ) ) ;
#2583 = ORIENTED_EDGE ( 'NONE', *, *, #8406, .F. ) ;
#2584 = EDGE_CURVE ( 'NONE', #118, #7596, #1470, .T. ) ;
#2585 = AXIS2_PLACEMENT_3D ( 'NONE', #6775, #2774, #151 ) ;
#2586 = CARTESIAN_POINT ( 'NONE',  ( -26.17648497061250623, 21.95670071153790559, -1.535969708988965898 ) ) ;
#2587 = CARTESIAN_POINT ( 'NONE',  ( -26.00906125650983114, 20.99999999739772605, -2.028826371097732117 ) ) ;
#2588 = DIRECTION ( 'NONE',  ( 0.000000000000000000, -0.000000000000000000, 1.000000000000000000 ) ) ;
#2589 = LINE ( 'NONE', #3025, #6368 ) ;
#2590 = CARTESIAN_POINT ( 'NONE',  ( 30.33132358566812314, 16.65781915087941911, -1.944082764348620485 ) ) ;
#2591 = ORIENTED_EDGE ( 'NONE', *, *, #5992, .F. ) ;
#2592 = DIRECTION ( 'NONE',  ( 0.7606260498154334693, 0.000000000000000000, 0.6491902743742928861 ) ) ;
#2593 = CARTESIAN_POINT ( 'NONE',  ( 26.41689828065583612, -15.33579666201888969, 1.448952912673303395 ) ) ;
#2594 = AXIS2_PLACEMENT_3D ( 'NONE', #195, #2885, #6861 ) ;
#2595 = ADVANCED_FACE ( 'NONE', ( #7416 ), #7841, .T. ) ;
#2596 = LINE ( 'NONE', #6731, #7836 ) ;
#2597 = CARTESIAN_POINT ( 'NONE',  ( -0.6348770215104486692, -17.59963925781528360, 0.4997579418531287732 ) ) ;
#2598 = CARTESIAN_POINT ( 'NONE',  ( 24.11845186103468208, -16.18961370192854332, 1.107230600009511123 ) ) ;
#2600 = ORIENTED_EDGE ( 'NONE', *, *, #2183, .F. ) ;
#2599 = CARTESIAN_POINT ( 'NONE',  ( 32.00000000000000000, 15.29999999999999893, 0.5022692811654264622 ) ) ;
#2601 = CARTESIAN_POINT ( 'NONE',  ( -29.60000000000000142, 22.00000000000000000, -1.330196093404401037 ) ) ;
#2602 = SPHERICAL_SURFACE ( 'NONE', #8334, 0.5000000000000000000 ) ;
#2603 = CIRCLE ( 'NONE', #4600, 0.5000000000000004441 ) ;
#2604 = DIRECTION ( 'NONE',  ( 0.9999912005405066084, -8.658726177436964181E-16, 0.004195097323811793413 ) ) ;
#2605 = CARTESIAN_POINT ( 'NONE',  ( 26.80000000000000071, -13.39999999999999680, 5.301000000000002821 ) ) ;
#2606 = VECTOR ( 'NONE', #8419, 1000.000000000000000 ) ;
#2607 = CIRCLE ( 'NONE', #4158, 332.5000000000000000 ) ;
#2608 = ORIENTED_EDGE ( 'NONE', *, *, #5882, .T. ) ;
#2609 = VECTOR ( 'NONE', #1590, 1000.000000000000000 ) ;
#2610 = CARTESIAN_POINT ( 'NONE',  ( -29.60000000000000142, 13.39999999999999680, 5.000000000000000000 ) ) ;
#2611 = LINE ( 'NONE', #4420, #845 ) ;
#2612 = EDGE_LOOP ( 'NONE', ( #4402, #2426, #7804 ) ) ;
#2613 = LINE ( 'NONE', #2449, #2507 ) ;
#2614 = B_SPLINE_CURVE_WITH_KNOTS ( 'NONE', 3,
 ( #7969, #6018, #1930, #2014, #8017, #2647, #1374, #6043, #7324, #4, #1313, #3320, #1976, #4057, #88, #7382, #67, #2042, #3953, #610, #5986, #2702 ),
 .UNSPECIFIED., .F., .F.,
 ( 4, 2, 2, 2, 2, 2, 2, 2, 2, 2, 4 ),
 ( 3.476216610979977084E-18, 0.001310300127406404140, 0.001965450191109605668, 0.002620600254812807412, 0.003930900382219219141, 0.005241200509625632172, 0.006551500637032044334, 0.007206650700735250416, 0.007861800764438455630, 0.009172100891844869527, 0.01048240101925128169 ),
 .UNSPECIFIED. ) ;
#2615 = FACE_OUTER_BOUND ( 'NONE', #1800, .T. ) ;
#2616 = CARTESIAN_POINT ( 'NONE',  ( 0.1732050807568889239, -16.80000000000000071, 0.1998182918942745800 ) ) ;
#2617 = ORIENTED_EDGE ( 'NONE', *, *, #5045, .F. ) ;
#2618 = CARTESIAN_POINT ( 'NONE',  ( 25.99999999999999645, 20.00000000000001066, 1.481899958353689817 ) ) ;
#2619 = CARTESIAN_POINT ( 'NONE',  ( -12.00000000000000178, 21.94570851548813195, 2.044666488208680910 ) ) ;
#2620 = CARTESIAN_POINT ( 'NONE',  ( 29.49866918224221024, -7.996424141471702995, -1.321083506157789911 ) ) ;
#2621 = ORIENTED_EDGE ( 'NONE', *, *, #7242, .F. ) ;
#2622 = DIRECTION ( 'NONE',  ( 0.000000000000000000, 0.000000000000000000, -1.000000000000000000 ) ) ;
#2623 = ORIENTED_EDGE ( 'NONE', *, *, #6616, .F. ) ;
#2624 = VECTOR ( 'NONE', #95, 1000.000000000000000 ) ;
#2625 =( BOUNDED_SURFACE ( )  B_SPLINE_SURFACE ( 3, 2, ( 
 ( #7656, #2925, #3616 ),
 ( #7715, #982, #5647 ),
 ( #293, #7056, #8388 ),
 ( #4397, #3666, #7627 ) ),
 .UNSPECIFIED., .F., .F., .T. ) 
 B_SPLINE_SURFACE_WITH_KNOTS ( ( 4, 4 ),
 ( 3, 3 ),
 ( 1.566601217166178284, 1.570796326794896558 ),
 ( 0.000000000000000000, 1.000000000000000000 ),
 .UNSPECIFIED. ) 
 GEOMETRIC_REPRESENTATION_ITEM ( )  RATIONAL_B_SPLINE_SURFACE ( (
 ( 1.000000000000000000, 0.7083900976346892975, 1.000000000000000000),
 ( 1.000000000000000000, 0.7079627154677198275, 1.000000000000000000),
 ( 1.000000000000000000, 0.7075349427702510852, 1.000000000000000000),
 ( 1.000000000000000000, 0.7071067811865476838, 1.000000000000000000) ) ) 
 REPRESENTATION_ITEM ( '' )  SURFACE ( )  );
#2626 = CARTESIAN_POINT ( 'NONE',  ( 29.71321975693435036, 18.05548197221532902, -1.881137411847670693 ) ) ;
#2628 = CARTESIAN_POINT ( 'NONE',  ( 30.26066330971907803, 15.94618685248983603, 1.120145665363120324 ) ) ;
#2627 = CARTESIAN_POINT ( 'NONE',  ( 26.50143589633847441, -15.16639649445038884, 1.442188470295068914 ) ) ;
#2629 = CARTESIAN_POINT ( 'NONE',  ( 12.00000000000000000, 16.79999999999986926, 2.283388089142968091 ) ) ;
#2630 = EDGE_CURVE ( 'NONE', #7644, #7636, #5641, .T. ) ;
#2631 = CARTESIAN_POINT ( 'NONE',  ( -28.49999999966239983, 19.00000000000506262, 1.276319709120251167 ) ) ;
#2632 = VERTEX_POINT ( 'NONE', #4989 ) ;
#2633 = VERTEX_POINT ( 'NONE', #4335 ) ;
#2634 = EDGE_CURVE ( 'NONE', #7636, #8561, #7318, .T. ) ;
#2635 = DIRECTION ( 'NONE',  ( 0.000000000000000000, 0.000000000000000000, -1.000000000000000000 ) ) ;
#2636 = DIRECTION ( 'NONE',  ( 0.4999999999999967804, 0.8660254037844404840, -2.710505431214077615E-16 ) ) ;
#2637 = CARTESIAN_POINT ( 'NONE',  ( -25.30000000000000071, -22.00000000000000000, -330.0000000000000000 ) ) ;
#2638 = CARTESIAN_POINT ( 'NONE',  ( 26.85939013014971621, -21.29337711983323445, -2.098168517781752396 ) ) ;
#2639 = AXIS2_PLACEMENT_3D ( 'NONE', #1157, #5832, #8536 ) ;
#2640 = EDGE_LOOP ( 'NONE', ( #4618, #4467, #2197, #1407 ) ) ;
#2641 = AXIS2_PLACEMENT_3D ( 'NONE', #4448, #371, #3065 ) ;
#2642 = VERTEX_POINT ( 'NONE', #5768 ) ;
#2643 = AXIS2_PLACEMENT_3D ( 'NONE', #1453, #6134, #3344 ) ;
#2644 = ADVANCED_FACE ( 'NONE', ( #8043, #5547, #6499, #4701, #8466, #5327, #7216 ), #2501, .F. ) ;
#2645 = DIRECTION ( 'NONE',  ( -0.000000000000000000, -1.000000000000000000, 0.000000000000000000 ) ) ;
#2646 = CARTESIAN_POINT ( 'NONE',  ( -23.93683557770485848, 16.75631529253509200, 1.637268566917704504 ) ) ;
#2647 = CARTESIAN_POINT ( 'NONE',  ( -27.44979298263463008, -21.64953316967806174, 0.8766066799710561241 ) ) ;
#2648 = VERTEX_POINT ( 'NONE', #6377 ) ;
#2649 = LINE ( 'NONE', #2661, #80 ) ;
#2650 = CARTESIAN_POINT ( 'NONE',  ( -24.65670929636500830, 16.07222350433494285, 1.057763134813682449 ) ) ;
#2651 = CARTESIAN_POINT ( 'NONE',  ( -29.29110707278323744, -7.759923499484504106, -1.302515151413694561 ) ) ;
#2652 = CARTESIAN_POINT ( 'NONE',  ( -29.60000000000000142, 12.59999999999999787, -1.330196093404401037 ) ) ;
#2653 = DIRECTION ( 'NONE',  ( -0.000000000000000000, -1.000000000000000000, -0.000000000000000000 ) ) ;
#2654 = CARTESIAN_POINT ( 'NONE',  ( -30.26090978280963739, 15.05396852843479927, 1.120123119974593795 ) ) ;
#2655 = CARTESIAN_POINT ( 'NONE',  ( 25.26160849772382377, -21.00000000000000000, -1.971264770740374761 ) ) ;
#2656 = ORIENTED_EDGE ( 'NONE', *, *, #7451, .F. ) ;
#2657 = CARTESIAN_POINT ( 'NONE',  ( -30.19043330899267730, -18.15615375494760997, -2.388117515944176539 ) ) ;
#2658 = CARTESIAN_POINT ( 'NONE',  ( 24.34543103443834511, -16.15645573982646965, 1.086532223690710453 ) ) ;
#2659 = CARTESIAN_POINT ( 'NONE',  ( 1.385640646055105174, -19.30000000000000071, 3.501025000000002052 ) ) ;
#2660 = CARTESIAN_POINT ( 'NONE',  ( -1.084202172485504434E-16, -16.89999999999999858, 0.3000000000000224709 ) ) ;
#2661 = CARTESIAN_POINT ( 'NONE',  ( 11.99999999999999822, 16.19999999999999929, -1.937490070343665938 ) ) ;
#2662 = DIRECTION ( 'NONE',  ( 0.9959213561407166404, 0.000000000000000000, -0.09022556390977008733 ) ) ;
#2663 = VERTEX_POINT ( 'NONE', #4963 ) ;
#2664 = DIRECTION ( 'NONE',  ( 0.9963197585235830100, 0.000000000000000000, 0.08571428571428169052 ) ) ;
#2665 = CARTESIAN_POINT ( 'NONE',  ( 25.24032268701119719, -19.55325783138589912, 1.540623162511917332 ) ) ;
#2666 = CARTESIAN_POINT ( 'NONE',  ( 26.47787781936998996, -20.36766234841098466, -1.556428871764335087 ) ) ;
#2667 = ORIENTED_EDGE ( 'NONE', *, *, #4433, .T. ) ;
#2668 = CARTESIAN_POINT ( 'NONE',  ( 32.00000000000000000, -15.30000000000000071, 0.5022692811654794198 ) ) ;
#2669 = B_SPLINE_CURVE_WITH_KNOTS ( 'NONE', 3,
 ( #5595, #7027, #3618, #6959, #8321, #3010 ),
 .UNSPECIFIED., .F., .F.,
 ( 4, 2, 4 ),
 ( 2.464315933712702971E-16, 0.0003917080896077396830, 0.0007834161792152329268 ),
 .UNSPECIFIED. ) ;
#2670 = CARTESIAN_POINT ( 'NONE',  ( 32.00000000000000000, 5.580403008799160069, 0.5022692811654794198 ) ) ;
#2671 = EDGE_CURVE ( 'NONE', #7341, #6708, #2105, .T. ) ;
#2672 = CARTESIAN_POINT ( 'NONE',  ( -24.92502794041340053, 15.96032298836558994, 1.032597984546308467 ) ) ;
#2673 = CARTESIAN_POINT ( 'NONE',  ( 28.76070665194434639, 18.94616216050411595, 1.253800512337130968 ) ) ;
#2674 = CARTESIAN_POINT ( 'NONE',  ( 26.74312939793555799, -20.81625742720401107, -2.088516857615791089 ) ) ;
#2675 = CARTESIAN_POINT ( 'NONE',  ( -32.00000000000000000, -15.30000000000000071, -2.009146468990770540 ) ) ;
#2676 = EDGE_LOOP ( 'NONE', ( #1948, #6973, #6948 ) ) ;
#2677 = EDGE_CURVE ( 'NONE', #197, #1889, #6995, .T. ) ;
#2678 = CARTESIAN_POINT ( 'NONE',  ( -29.60000000000000142, -12.59999999999999964, -1.330196093404401037 ) ) ;
#2680 = CARTESIAN_POINT ( 'NONE',  ( -30.46623400740967114, -15.98189045118194507, -1.865753345190185097 ) ) ;
#2679 = CARTESIAN_POINT ( 'NONE',  ( 25.72900794122430668, 15.30261388257960853, -1.004521056053198746 ) ) ;
#2681 = CARTESIAN_POINT ( 'NONE',  ( 26.00906125650981338, -20.99999999739902989, -2.028826371097729897 ) ) ;
#2682 = EDGE_CURVE ( 'NONE', #3202, #3724, #331, .T. ) ;
#2683 = ADVANCED_FACE ( 'NONE', ( #5430 ), #5010, .T. ) ;
#2684 = CARTESIAN_POINT ( 'NONE',  ( -29.02027277477348477, -19.59622692321971371, -2.282296381111790673 ) ) ;
#2685 = ORIENTED_EDGE ( 'NONE', *, *, #4808, .T. ) ;
#2686 = CARTESIAN_POINT ( 'NONE',  ( 30.50000000000000000, 15.29999999999999716, -1.868547682487453621 ) ) ;
#2687 = CARTESIAN_POINT ( 'NONE',  ( -21.40000000000000213, 16.19999999999999929, 1.297886114968893612 ) ) ;
#2688 = CARTESIAN_POINT ( 'NONE',  ( 25.72609977392800573, -15.30648573952842462, -1.004293463685269394 ) ) ;
#2689 = CARTESIAN_POINT ( 'NONE',  ( -31.08861037707168862, 18.68101984130393944, -2.471788820425940170 ) ) ;
#2690 = CARTESIAN_POINT ( 'NONE',  ( -0.8078031714844227107, -17.50000410894144665, -0.0006658621236220670396 ) ) ;
#2691 = AXIS2_PLACEMENT_3D ( 'NONE', #8567, #2576, #7272 ) ;
#2692 = CARTESIAN_POINT ( 'NONE',  ( 27.65867076255389279, -21.57493038265559804, -1.648070932659626786 ) ) ;
#2693 = EDGE_CURVE ( 'NONE', #4090, #4069, #946, .T. ) ;
#2694 = CARTESIAN_POINT ( 'NONE',  ( 0.000000000000000000, -20.99999999999999645, -330.0000000000000000 ) ) ;
#2695 = CARTESIAN_POINT ( 'NONE',  ( -29.42819559468103918, 18.48036915416303572, -1.781374482763216971 ) ) ;
#2696 = VERTEX_POINT ( 'NONE', #7597 ) ;
#2697 = AXIS2_PLACEMENT_3D ( 'NONE', #206, #8123, #5474 ) ;
#2698 = CARTESIAN_POINT ( 'NONE',  ( 28.73327766607486211, -19.22014718554024171, -1.726397342135810531 ) ) ;
#2699 = CARTESIAN_POINT ( 'NONE',  ( 28.94548998476907542, -18.23814640482163796, 1.237704995261782681 ) ) ;
#2700 = FACE_OUTER_BOUND ( 'NONE', #4539, .T. ) ;
#2701 = AXIS2_PLACEMENT_3D ( 'NONE', #7214, #3184, #548 ) ;
#2702 = CARTESIAN_POINT ( 'NONE',  ( -32.00000000000000000, -15.30000000000000071, 0.5022692811654794198 ) ) ;
#2703 = ORIENTED_EDGE ( 'NONE', *, *, #5271, .T. ) ;
#2704 = FACE_OUTER_BOUND ( 'NONE', #4086, .T. ) ;
#2705 = CARTESIAN_POINT ( 'NONE',  ( -25.14639718214630193, 15.83302067340100194, 1.011564045936547140 ) ) ;
#2706 = CARTESIAN_POINT ( 'NONE',  ( 28.94548998476907542, 18.76185359517838336, 1.237704995261782681 ) ) ;
#2707 = DIRECTION ( 'NONE',  ( -1.000000000000000000, 0.000000000000000000, 0.000000000000000000 ) ) ;
#2708 = CARTESIAN_POINT ( 'NONE',  ( -31.56624424214061264, -17.68191087224368374, -2.517419029502947048 ) ) ;
#2709 = VECTOR ( 'NONE', #6668, 1000.000000000000000 ) ;
#2710 = DIRECTION ( 'NONE',  ( -1.000000000000000000, 9.987801831381616485E-16, 0.000000000000000000 ) ) ;
#2712 = CARTESIAN_POINT ( 'NONE',  ( 28.06804224407717641, -21.40535762301509948, 0.8289184650954485312 ) ) ;
#2711 = CARTESIAN_POINT ( 'NONE',  ( 25.89070297118169606, -15.98683140714254236, 1.490456442845877527 ) ) ;
#2713 = CARTESIAN_POINT ( 'NONE',  ( 27.56796495286151227, -19.98260292123776338, -2.156934997267921261 ) ) ;
#2714 = VERTEX_POINT ( 'NONE', #4278 ) ;
#2715 = VECTOR ( 'NONE', #6482, 1000.000000000000000 ) ;
#2716 = CIRCLE ( 'NONE', #156, 0.5000000000000004441 ) ;
#2717 = ORIENTED_EDGE ( 'NONE', *, *, #3875, .T. ) ;
#2718 = LINE ( 'NONE', #1920, #240 ) ;
#2719 = CARTESIAN_POINT ( 'NONE',  ( 0.000000000000000000, -22.00000000000000000, -330.0000000000000000 ) ) ;
#2720 = CIRCLE ( 'NONE', #8336, 0.5000000000000000000 ) ;
#2721 = CARTESIAN_POINT ( 'NONE',  ( 24.43524798764790873, -16.13863822930128222, 1.078293150928985478 ) ) ;
#2722 = CARTESIAN_POINT ( 'NONE',  ( -21.40000000000000213, 16.38543815740634102, 1.468798939898517286 ) ) ;
#2723 = CARTESIAN_POINT ( 'NONE',  ( -25.82664676205209986, -16.05242859431052338, 1.495478015730314691 ) ) ;
#2724 = CARTESIAN_POINT ( 'NONE',  ( -31.78280407431867971, 17.04895528540270178, -1.989896014771825872 ) ) ;
#2725 = CARTESIAN_POINT ( 'NONE',  ( -25.30000000000000071, 15.29999999999999716, -330.0000000000000000 ) ) ;
#2726 = EDGE_LOOP ( 'NONE', ( #7146, #4762, #6944, #5109 ) ) ;
#2727 = CARTESIAN_POINT ( 'NONE',  ( 25.36821470113184418, -20.50000000001694644, 1.530875112703414587 ) ) ;
#2728 = EDGE_LOOP ( 'NONE', ( #5053, #6556, #5655, #549 ) ) ;
#2729 = LINE ( 'NONE', #8467, #7948 ) ;
#2730 = CARTESIAN_POINT ( 'NONE',  ( -27.00352793887535086, 20.21612164395304845, -1.106612979020702436 ) ) ;
#2731 = ORIENTED_EDGE ( 'NONE', *, *, #4315, .F. ) ;
#2732 = FACE_OUTER_BOUND ( 'NONE', #7588, .T. ) ;
#2733 = ADVANCED_FACE ( 'NONE', ( #3138 ), #2625, .F. ) ;
#2734 = ORIENTED_EDGE ( 'NONE', *, *, #212, .F. ) ;
#2735 = PLANE ( 'NONE',  #1201 ) ;
#2736 = CARTESIAN_POINT ( 'NONE',  ( 29.42865016296071801, -18.47977634245802037, -1.781410849268540986 ) ) ;
#2737 = ORIENTED_EDGE ( 'NONE', *, *, #1799, .F. ) ;
#2738 = ORIENTED_EDGE ( 'NONE', *, *, #3951, .F. ) ;
#2739 = EDGE_CURVE ( 'NONE', #7576, #1628, #6596, .T. ) ;
#2740 = CIRCLE ( 'NONE', #4835, 332.5000000000000000 ) ;
#2741 = EDGE_CURVE ( 'NONE', #7406, #7102, #5862, .T. ) ;
#2742 = CARTESIAN_POINT ( 'NONE',  ( -25.76883500023445706, 15.24081664383600021, 0.9512297867019500197 ) ) ;
#2743 = CARTESIAN_POINT ( 'NONE',  ( -11.99999999999999822, 21.63209784638412359, 2.283388089142968536 ) ) ;
#2744 = DIRECTION ( 'NONE',  ( -0.000000000000000000, -0.000000000000000000, -1.000000000000000000 ) ) ;
#2745 = ORIENTED_EDGE ( 'NONE', *, *, #1408, .F. ) ;
#2746 = ORIENTED_EDGE ( 'NONE', *, *, #3777, .T. ) ;
#2748 = CARTESIAN_POINT ( 'NONE',  ( 29.60000000000000142, -8.399999999999998579, 1.179845401256263138 ) ) ;
#2747 = CARTESIAN_POINT ( 'NONE',  ( 26.69921469822644511, -14.64395334991659325, 1.426314687717270546 ) ) ;
#2749 = CARTESIAN_POINT ( 'NONE',  ( -28.39760603037810682, 13.29931484637852179, 1.285127047913219522 ) ) ;
#2750 = CARTESIAN_POINT ( 'NONE',  ( -29.54401401977365538, -19.07270722679808728, -2.329096825610213806 ) ) ;
#2751 = CARTESIAN_POINT ( 'NONE',  ( 24.62274387457359026, -16.08381737148516422, 1.060927596710244503 ) ) ;
#2752 = CARTESIAN_POINT ( 'NONE',  ( -26.80000000000000071, 13.39999999999999680, 0.3145773350004543722 ) ) ;
#2753 = ORIENTED_EDGE ( 'NONE', *, *, #7325, .F. ) ;
#2754 = CARTESIAN_POINT ( 'NONE',  ( -31.95644719145050061, 16.18164848084239438, -2.005268406058290598 ) ) ;
#2755 = CARTESIAN_POINT ( 'NONE',  ( 7.000000000000000000, 21.99999999999998579, 2.058264868972754957 ) ) ;
#2756 = PLANE ( 'NONE',  #263 ) ;
#2757 = CARTESIAN_POINT ( 'NONE',  ( -32.00000000000000000, 5.580403008799160069, 0.5022692811654794198 ) ) ;
#2758 = CARTESIAN_POINT ( 'NONE',  ( -25.98009394664905969, 20.46641166935812706, -1.520520045437208090 ) ) ;
#2759 = AXIS2_PLACEMENT_3D ( 'NONE', #5047, #1815, #489 ) ;
#2760 = EDGE_CURVE ( 'NONE', #2978, #2939, #3278, .T. ) ;
#2761 = AXIS2_PLACEMENT_3D ( 'NONE', #1503, #6170, #850 ) ;
#2762 = VERTEX_POINT ( 'NONE', #5620 ) ;
#2763 = DIRECTION ( 'NONE',  ( 0.000000000000000000, 0.000000000000000000, 1.000000000000000000 ) ) ;
#2764 = CARTESIAN_POINT ( 'NONE',  ( 1.386479665519867455, -19.30000000000000071, 0.4970917786374491887 ) ) ;
#2765 = CARTESIAN_POINT ( 'NONE',  ( 23.90000000000000568, 16.19999999999999929, -0.8666075889594559989 ) ) ;
#2766 = DIRECTION ( 'NONE',  ( 0.000000000000000000, 1.000000000000000000, 0.000000000000000000 ) ) ;
#2767 = AXIS2_PLACEMENT_3D ( 'NONE', #3649, #1046, #2906 ) ;
#2768 = CARTESIAN_POINT ( 'NONE',  ( -24.28562698220634886, 16.16751882700092224, 1.092012585061979513 ) ) ;
#2769 = CARTESIAN_POINT ( 'NONE',  ( 29.99999999999999645, -15.50000000000000355, 1.143850916776045779 ) ) ;
#2770 = CARTESIAN_POINT ( 'NONE',  ( -29.50200554329792624, -15.63036663317158492, 1.188589279466599979 ) ) ;
#2771 = ORIENTED_EDGE ( 'NONE', *, *, #5116, .T. ) ;
#2772 = CARTESIAN_POINT ( 'NONE',  ( -27.44695773979229614, -21.10433792307876288, -2.146832699490455632 ) ) ;
#2774 = DIRECTION ( 'NONE',  ( -0.000000000000000000, 0.000000000000000000, 1.000000000000000000 ) ) ;
#2773 = CARTESIAN_POINT ( 'NONE',  ( 25.82079507903753424, -15.16526989244818679, 0.9461101219563687881 ) ) ;
#2775 = CARTESIAN_POINT ( 'NONE',  ( -29.01089393758535806, 13.39999586568602119, 1.232037760136712734 ) ) ;
#2776 = B_SPLINE_CURVE_WITH_KNOTS ( 'NONE', 3,
 ( #7151, #6543, #5089, #7869, #7088, #1325, #2443, #1155, #6452, #3824, #8481, #1105, #5125, #7835 ),
 .UNSPECIFIED., .F., .F.,
 ( 4, 2, 2, 2, 2, 2, 4 ),
 ( 0.000000000000000000, 0.0006313210745713390215, 0.0009469816118570049002, 0.001262642149142670887, 0.001893963223714002645, 0.002209623760999664729, 0.002525284298285327030 ),
 .UNSPECIFIED. ) ;
#2777 = ADVANCED_FACE ( 'NONE', ( #738 ), #7622, .T. ) ;
#2778 = ORIENTED_EDGE ( 'NONE', *, *, #55, .T. ) ;
#2779 = CARTESIAN_POINT ( 'NONE',  ( -25.98012445382570590, -20.46640786821974345, -1.530802247518089798 ) ) ;
#2780 = CARTESIAN_POINT ( 'NONE',  ( 25.30348241035122925, -15.72371080264520238, 0.9965186953873831355 ) ) ;
#2781 = CARTESIAN_POINT ( 'NONE',  ( 31.45220030349013385, 15.29999999999999716, -2.506856413650847326 ) ) ;
#2782 = DIRECTION ( 'NONE',  ( -0.07620481927710780201, 0.000000000000000000, -0.9970921850656253582 ) ) ;
#2783 = CARTESIAN_POINT ( 'NONE',  ( 26.17648497061250623, -21.95670071153790559, -1.535969708988949911 ) ) ;
#2784 = CARTESIAN_POINT ( 'NONE',  ( 30.51601171467682860, -18.58462388941742560, -2.418275883639281698 ) ) ;
#2785 = CARTESIAN_POINT ( 'NONE',  ( -27.60196505088775254, 19.97512247954528064, -1.639477303077589987 ) ) ;
#2786 = ORIENTED_EDGE ( 'NONE', *, *, #5368, .T. ) ;
#2787 = CARTESIAN_POINT ( 'NONE',  ( 28.05467458268153536, 18.76008800661219666, 1.314343079787363422 ) ) ;
#2788 = CARTESIAN_POINT ( 'NONE',  ( 30.33156356867691628, -16.65686917968840675, -1.854658734336725789 ) ) ;
#2789 = CARTESIAN_POINT ( 'NONE',  ( 25.19878833311132738, 16.44576817515081757, 1.543772112465144453 ) ) ;
#2790 = VERTEX_POINT ( 'NONE', #510 ) ;
#2791 = CARTESIAN_POINT ( 'NONE',  ( 12.00000000000000000, 24.76813061057712773, -1.937490070343665938 ) ) ;
#2792 = EDGE_CURVE ( 'NONE', #2228, #1284, #7121, .T. ) ;
#2793 = CARTESIAN_POINT ( 'NONE',  ( -28.50000000000000000, 18.49999999999999645, 1.276319709107132105 ) ) ;
#2794 = CARTESIAN_POINT ( 'NONE',  ( 26.19999999999999929, 22.00000000000000711, 0.9083693958394922774 ) ) ;
#2795 = CARTESIAN_POINT ( 'NONE',  ( -28.61715378403171783, -21.12547763963882019, -2.246794033225636866 ) ) ;
#2796 = EDGE_CURVE ( 'NONE', #5578, #3551, #3564, .T. ) ;
#2797 = ORIENTED_EDGE ( 'NONE', *, *, #4367, .T. ) ;
#2799 = DIRECTION ( 'NONE',  ( -0.000000000000000000, 1.000000000000000000, 0.000000000000000000 ) ) ;
#2798 = CARTESIAN_POINT ( 'NONE',  ( 24.12470654965892436, -16.75166851450763872, 1.623668012722577547 ) ) ;
#2800 = EDGE_CURVE ( 'NONE', #7227, #5068, #2776, .T. ) ;
#2801 = CIRCLE ( 'NONE', #430, 331.4000000000000341 ) ;
#2802 = CARTESIAN_POINT ( 'NONE',  ( -30.95295902883156458, -15.30000000000000249, -2.459293633051742312 ) ) ;
#2803 = CARTESIAN_POINT ( 'NONE',  ( -25.20643067572137141, 15.79331665339582180, 1.005825736757414379 ) ) ;
#2805 = ORIENTED_EDGE ( 'NONE', *, *, #3588, .T. ) ;
#2804 = DIRECTION ( 'NONE',  ( -0.000000000000000000, -1.000000000000000000, -0.000000000000000000 ) ) ;
#2806 = AXIS2_PLACEMENT_3D ( 'NONE', #3268, #6633, #520 ) ;
#2807 = CARTESIAN_POINT ( 'NONE',  ( -30.34132530154418816, 19.73461832984143172, -1.865233607492580381 ) ) ;
#2808 = AXIS2_PLACEMENT_3D ( 'NONE', #2694, #1363, #680 ) ;
#2809 = CARTESIAN_POINT ( 'NONE',  ( -28.16086374544720528, 7.907671903570291150, 1.305329327263889727 ) ) ;
#2810 = CARTESIAN_POINT ( 'NONE',  ( 29.37802437220708285, -20.63392848244757971, -1.785002609021718589 ) ) ;
#2811 = CARTESIAN_POINT ( 'NONE',  ( -28.75532608476672891, 19.20075434854799568, -1.254985300241149071 ) ) ;
#2812 = VECTOR ( 'NONE', #5538, 1000.000000000000114 ) ;
#2813 = VERTEX_POINT ( 'NONE', #4544 ) ;
#2814 = CIRCLE ( 'NONE', #5094, 0.5000000000000004441 ) ;
#2815 = ADVANCED_FACE ( 'NONE', ( #1883 ), #5159, .F. ) ;
#2816 = CARTESIAN_POINT ( 'NONE',  ( 28.00000000000000000, -12.59999999999999254, 1.318955087088236056 ) ) ;
#2817 = DIRECTION ( 'NONE',  ( 0.000000000000000000, 0.000000000000000000, -1.000000000000000000 ) ) ;
#2818 = CYLINDRICAL_SURFACE ( 'NONE', #8627, 0.5000000000000004441 ) ;
#2819 = CARTESIAN_POINT ( 'NONE',  ( 26.74755606488715998, 14.36293882301250591, 1.422417127005317194 ) ) ;
#2820 = FACE_OUTER_BOUND ( 'NONE', #3019, .T. ) ;
#2821 = CARTESIAN_POINT ( 'NONE',  ( -29.43914165319149134, 7.907682389900512199, -1.315740522812071767 ) ) ;
#2822 = FACE_OUTER_BOUND ( 'NONE', #2557, .T. ) ;
#2823 = CARTESIAN_POINT ( 'NONE',  ( 28.20208760175755813, -19.04273387504191462, -1.207195861953715532 ) ) ;
#2824 = CARTESIAN_POINT ( 'NONE',  ( 0.000000000000000000, -22.00000000000000355, -1.000000000000056399 ) ) ;
#2825 = VERTEX_POINT ( 'NONE', #7176 ) ;
#2826 = LINE ( 'NONE', #3186, #660 ) ;
#2827 = ORIENTED_EDGE ( 'NONE', *, *, #847, .T. ) ;
#2828 = CIRCLE ( 'NONE', #2691, 0.5000000000000000000 ) ;
#2830 = DIRECTION ( 'NONE',  ( 0.000000000000000000, 0.000000000000000000, 1.000000000000000000 ) ) ;
#2829 = CARTESIAN_POINT ( 'NONE',  ( 25.62807501411894506, -15.41966079295184855, 0.9650372269828575433 ) ) ;
#2831 = DIRECTION ( 'NONE',  ( 0.000000000000000000, 0.000000000000000000, 1.000000000000000000 ) ) ;
#2832 = FACE_OUTER_BOUND ( 'NONE', #3512, .T. ) ;
#2833 = VERTEX_POINT ( 'NONE', #8443 ) ;
#2834 = VERTEX_POINT ( 'NONE', #5806 ) ;
#2835 = CARTESIAN_POINT ( 'NONE',  ( -29.42814625741236867, -18.48043215311312082, -1.852535752802549229 ) ) ;
#2836 = ORIENTED_EDGE ( 'NONE', *, *, #1522, .T. ) ;
#2837 = CARTESIAN_POINT ( 'NONE',  ( 25.49918041753168652, -15.55316334484254526, 0.9775907874890784610 ) ) ;
#2838 = FACE_OUTER_BOUND ( 'NONE', #6841, .T. ) ;
#2839 = CARTESIAN_POINT ( 'NONE',  ( -24.05104715075718502, 16.19625825990181411, 1.113343690518006301 ) ) ;
#2840 = CARTESIAN_POINT ( 'NONE',  ( -26.79755313065472322, -13.90000000000000213, 1.418377803962073580 ) ) ;
#2841 = DIRECTION ( 'NONE',  ( 1.220139803203169784E-16, 1.000000000000000000, -1.049697256411966749E-17 ) ) ;
#2842 = CARTESIAN_POINT ( 'NONE',  ( 25.64878727646004108, -19.99999999762038883, -0.9981206312495586319 ) ) ;
#2843 = CARTESIAN_POINT ( 'NONE',  ( -30.50000000000000000, 15.29999999999999716, -1.868547682487443851 ) ) ;
#2844 = ORIENTED_EDGE ( 'NONE', *, *, #2248, .T. ) ;
#2845 = EDGE_LOOP ( 'NONE', ( #4704, #1989, #6451, #6331 ) ) ;
#2846 = SPHERICAL_SURFACE ( 'NONE', #2970, 0.5000000000000000000 ) ;
#2847 = CARTESIAN_POINT ( 'NONE',  ( 11.99999999999999822, 16.19999999999999929, 1.282734231652927104 ) ) ;
#2848 = CARTESIAN_POINT ( 'NONE',  ( 26.49071164506447573, 15.15653988629396132, 1.443045776056806950 ) ) ;
#2849 = CARTESIAN_POINT ( 'NONE',  ( -26.20000000000000284, -13.89999999999999858, -1.041704770954277048 ) ) ;
#2850 = EDGE_CURVE ( 'NONE', #7771, #3258, #1788, .T. ) ;
#2851 = ORIENTED_EDGE ( 'NONE', *, *, #3705, .F. ) ;
#2852 = ORIENTED_EDGE ( 'NONE', *, *, #355, .T. ) ;
#2853 = EDGE_CURVE ( 'NONE', #1332, #7927, #6507, .T. ) ;
#2854 = AXIS2_PLACEMENT_3D ( 'NONE', #6485, #2521, #8446 ) ;
#2855 = APPROVAL_PERSON_ORGANIZATION ( #5686, #5571, #6350 ) ;
#2856 = DIRECTION ( 'NONE',  ( 0.000000000000000000, 0.000000000000000000, 1.000000000000000000 ) ) ;
#2857 = CARTESIAN_POINT ( 'NONE',  ( 23.94103698491468535, 16.73818978461772744, 1.636965291999581407 ) ) ;
#2858 = DIRECTION ( 'NONE',  ( 0.000000000000000000, 0.000000000000000000, -1.000000000000000000 ) ) ;
#2860 = CARTESIAN_POINT ( 'NONE',  ( -0.9243221492966273711, -18.50000410642886806, 0.4990305914573746615 ) ) ;
#2859 = CARTESIAN_POINT ( 'NONE',  ( 24.81397756742342509, -16.01093854495496771, 1.043044998644792720 ) ) ;
#2861 = CARTESIAN_POINT ( 'NONE',  ( -30.00000000000000000, 15.49999999999999645, 1.143850916776045779 ) ) ;
#2862 = ORIENTED_EDGE ( 'NONE', *, *, #1298, .T. ) ;
#2863 = ADVANCED_FACE ( 'NONE', ( #3985 ), #2198, .T. ) ;
#2864 = EDGE_CURVE ( 'NONE', #1821, #7034, #130, .T. ) ;
#2865 = PERSON_AND_ORGANIZATION ( #7011, #4851 ) ;
#2866 = EDGE_CURVE ( 'NONE', #4975, #3576, #6280, .T. ) ;
#2867 = CARTESIAN_POINT ( 'NONE',  ( -25.30000000000000071, -20.49999999999999645, -1.472740857018131955 ) ) ;
#2868 = CARTESIAN_POINT ( 'NONE',  ( 27.99999999999999645, -8.294151691731237008, 1.318955087088235834 ) ) ;
#2869 = CARTESIAN_POINT ( 'NONE',  ( -25.96192349425580304, 14.91974454460549104, 0.9321434207523108251 ) ) ;
#2870 = CARTESIAN_POINT ( 'NONE',  ( 28.00180803813153574, 18.36952074184334549, 1.318802283534244557 ) ) ;
#2871 = CARTESIAN_POINT ( 'NONE',  ( -27.69597819947891892, -19.37969432877636322, -1.164175676702537299 ) ) ;
#2872 = CARTESIAN_POINT ( 'NONE',  ( 26.80000000000000071, 7.599999999999996980, -1.090042716855421645 ) ) ;
#2873 = ORIENTED_EDGE ( 'NONE', *, *, #8615, .T. ) ;
#2874 = DIRECTION ( 'NONE',  ( 0.000000000000000000, -0.000000000000000000, 1.000000000000000000 ) ) ;
#2875 = CARTESIAN_POINT ( 'NONE',  ( -29.97150630910706326, 17.59040022643515400, -1.363596040265200093 ) ) ;
#2876 = AXIS2_PLACEMENT_3D ( 'NONE', #6471, #4383, #7168 ) ;
#2877 = EDGE_CURVE ( 'NONE', #5068, #7446, #6899, .T. ) ;
#2878 = CARTESIAN_POINT ( 'NONE',  ( -25.30000000000000071, 21.50000000000000000, 1.034605441787602498 ) ) ;
#2879 = ORIENTED_EDGE ( 'NONE', *, *, #4033, .F. ) ;
#2880 = CARTESIAN_POINT ( 'NONE',  ( 23.97583808400774430, 16.19999801655705696, 1.061755304728399185 ) ) ;
#2881 = DIRECTION ( 'NONE',  ( 0.000000000000000000, 0.000000000000000000, -1.000000000000000000 ) ) ;
#2882 = B_SPLINE_CURVE_WITH_KNOTS ( 'NONE', 3,
 ( #5186, #484, #5890, #3915, #4487, #7116 ),
 .UNSPECIFIED., .F., .F.,
 ( 4, 2, 4 ),
 ( 1.374316061978454803E-15, 0.0003908956441504169159, 0.0007817912882994594971 ),
 .UNSPECIFIED. ) ;
#2883 = CARTESIAN_POINT ( 'NONE',  ( -26.14170782416678307, 14.49933707510618497, 0.9142468547266699996 ) ) ;
#2884 = CARTESIAN_POINT ( 'NONE',  ( 29.00897272762759016, -13.37928754545522381, -1.277489464082049109 ) ) ;
#2885 = DIRECTION ( 'NONE',  ( -0.9999911952099005408, 1.084192626312956911E-15, -0.004196367795442634829 ) ) ;
#2886 = ORIENTED_EDGE ( 'NONE', *, *, #4230, .F. ) ;
#2888 = CARTESIAN_POINT ( 'NONE',  ( -29.99999999999999645, -15.50000000000000355, 1.143850916804078910 ) ) ;
#2887 = CARTESIAN_POINT ( 'NONE',  ( 28.21013452599948224, 19.03675718221117563, -1.207885014202971119 ) ) ;
#2889 = DIRECTION ( 'NONE',  ( 1.000000000000000000, 0.000000000000000000, 0.000000000000000000 ) ) ;
#2890 = CARTESIAN_POINT ( 'NONE',  ( -32.00000000000000000, 22.00000000000000000, -2.009146468990752332 ) ) ;
#2891 = EDGE_LOOP ( 'NONE', ( #5405, #6750, #3677, #7123, #8482, #5844 ) ) ;
#2892 = DIRECTION ( 'NONE',  ( 0.000000000000000000, 0.000000000000000000, 1.000000000000000000 ) ) ;
#2893 = CARTESIAN_POINT ( 'NONE',  ( -23.97584209091137808, 16.19999793046080327, 1.120125143168343440 ) ) ;
#2894 = CARTESIAN_POINT ( 'NONE',  ( -30.90064663835483572, 17.86618146965701115, -2.454345047381516487 ) ) ;
#2895 = DIRECTION ( 'NONE',  ( 0.000000000000000000, 0.000000000000000000, 1.000000000000000000 ) ) ;
#2896 = CARTESIAN_POINT ( 'NONE',  ( 25.98009394664906324, -20.46641166935813061, -1.520520045437207868 ) ) ;
#2897 = CARTESIAN_POINT ( 'NONE',  ( 31.08861037707101715, -18.68101984130352733, -2.471788820425708355 ) ) ;
#2898 = PLANE ( 'NONE',  #3427 ) ;
#2899 = ORIENTED_EDGE ( 'NONE', *, *, #1186, .T. ) ;
#2900 = CARTESIAN_POINT ( 'NONE',  ( 24.38709773196983122, 16.14814795040876660, 1.024573789799308798 ) ) ;
#2901 = CARTESIAN_POINT ( 'NONE',  ( 31.31036836386403621, 18.29349579294274619, -2.492857448456988312 ) ) ;
#2902 = CARTESIAN_POINT ( 'NONE',  ( 30.49999999737928036, 15.64116226749145255, -1.412175704069174920 ) ) ;
#2903 = ORIENTED_EDGE ( 'NONE', *, *, #355, .F. ) ;
#2904 = DIRECTION ( 'NONE',  ( -0.07678300455235542721, 0.000000000000000000, 0.9970478274445579991 ) ) ;
#2905 = CARTESIAN_POINT ( 'NONE',  ( 28.58923060920983517, -13.40002616030357707, -1.240664467088992806 ) ) ;
#2906 = DIRECTION ( 'NONE',  ( 0.000000000000000000, 0.000000000000000000, 1.000000000000000000 ) ) ;
#2907 = CARTESIAN_POINT ( 'NONE',  ( -30.36694495963124751, -16.48102578581590194, -1.857573428400650428 ) ) ;
#2908 = VERTEX_POINT ( 'NONE', #2752 ) ;
#2909 = CARTESIAN_POINT ( 'NONE',  ( -29.60000000000000142, 22.00000000000000000, -1.330196093404401037 ) ) ;
#2910 = ORIENTED_EDGE ( 'NONE', *, *, #2574, .T. ) ;
#2911 = FACE_OUTER_BOUND ( 'NONE', #5922, .T. ) ;
#2912 = AXIS2_PLACEMENT_3D ( 'NONE', #7045, #4475, #502 ) ;
#2913 = LINE ( 'NONE', #4130, #3233 ) ;
#2914 = CARTESIAN_POINT ( 'NONE',  ( 30.50000000000000000, -15.30000000000000071, -1.868547682487453621 ) ) ;
#2915 = CARTESIAN_POINT ( 'NONE',  ( 31.25181542175538851, -16.91725644460869304, -2.487663578867413072 ) ) ;
#2916 = CARTESIAN_POINT ( 'NONE',  ( 28.49999999999999289, 18.50000000000001066, 1.276319709107132105 ) ) ;
#2917 = CARTESIAN_POINT ( 'NONE',  ( -28.24051333050529422, 18.05325783155775454, 1.298554333037676534 ) ) ;
#2918 = VERTEX_POINT ( 'NONE', #2781 ) ;
#2919 = ADVANCED_FACE ( 'NONE', ( #8248 ), #5132, .F. ) ;
#2920 = VECTOR ( 'NONE', #4370, 1000.000000000000000 ) ;
#2921 = PLANE ( 'NONE',  #5278 ) ;
#2922 = FACE_OUTER_BOUND ( 'NONE', #3673, .T. ) ;
#2923 = ORIENTED_EDGE ( 'NONE', *, *, #635, .T. ) ;
#2924 = CIRCLE ( 'NONE', #3437, 330.0000000000000000 ) ;
#2925 = CARTESIAN_POINT ( 'NONE',  ( 1.559054722384560332, -19.20036199095024543, 0.4963678031076565467 ) ) ;
#2926 = FACE_OUTER_BOUND ( 'NONE', #2356, .T. ) ;
#2927 = EDGE_LOOP ( 'NONE', ( #4636, #5567, #4323, #687 ) ) ;
#2928 = AXIS2_PLACEMENT_3D ( 'NONE', #2794, #7471, #3477 ) ;
#2929 = CARTESIAN_POINT ( 'NONE',  ( -28.38229478021372998, -13.31347794292102904, 1.286458058814693883 ) ) ;
#2930 = ORIENTED_EDGE ( 'NONE', *, *, #212, .T. ) ;
#2931 = CARTESIAN_POINT ( 'NONE',  ( 26.12293550750515081, 14.49517740718272840, 0.8590567595235837350 ) ) ;
#2932 = CARTESIAN_POINT ( 'NONE',  ( 30.60958154296100631, 19.41002607514711187, -2.426655167109903921 ) ) ;
#2933 = FACE_OUTER_BOUND ( 'NONE', #2726, .T. ) ;
#2934 = ORIENTED_EDGE ( 'NONE', *, *, #5420, .T. ) ;
#2935 = CARTESIAN_POINT ( 'NONE',  ( 30.32842454395987275, 16.63558156854017156, -1.396310311526450132 ) ) ;
#2936 = CIRCLE ( 'NONE', #4390, 330.0000000000000000 ) ;
#2937 = CARTESIAN_POINT ( 'NONE',  ( 24.19275814037825256, 16.18132293342353734, 1.042235079719991964 ) ) ;
#2938 = CARTESIAN_POINT ( 'NONE',  ( 28.38230550999652735, -13.31348418861884753, -1.222770424795131650 ) ) ;
#2939 = VERTEX_POINT ( 'NONE', #77 ) ;
#2940 = CARTESIAN_POINT ( 'NONE',  ( -29.43474991418438691, -18.47164978783906975, -1.781899240495974812 ) ) ;
#2941 = ORIENTED_EDGE ( 'NONE', *, *, #7798, .T. ) ;
#2942 = CARTESIAN_POINT ( 'NONE',  ( 24.20022571055704219, -16.18155265850026225, 1.099814339174252753 ) ) ;
#2943 = CARTESIAN_POINT ( 'NONE',  ( -25.95356451500529005, 19.96968807869478368, -1.022032519829309871 ) ) ;
#2944 = LINE ( 'NONE', #5935, #6526 ) ;
#2945 = CARTESIAN_POINT ( 'NONE',  ( 29.00897770699780409, -7.620713521673946111, 1.232152188351991917 ) ) ;
#2946 = CARTESIAN_POINT ( 'NONE',  ( 30.51713571981108686, -18.58281660988336981, -2.418380622965125237 ) ) ;
#2947 = EDGE_LOOP ( 'NONE', ( #1226, #707, #7562, #3631, #1501, #7871, #8189, #1457 ) ) ;
#2948 = CARTESIAN_POINT ( 'NONE',  ( -30.46618349111137647, 15.98238101904769515, -1.958002437483632230 ) ) ;
#2949 = CARTESIAN_POINT ( 'NONE',  ( 30.00000000013388401, -16.00000000000000355, 1.143850916776010473 ) ) ;
#2950 = ORIENTED_EDGE ( 'NONE', *, *, #6566, .F. ) ;
#2951 = CARTESIAN_POINT ( 'NONE',  ( 29.72518008615870500, -18.03624258545341519, -1.341245381377961454 ) ) ;
#2952 = DIRECTION ( 'NONE',  ( 1.000000000000000000, 0.000000000000000000, 0.000000000000000000 ) ) ;
#2953 = CARTESIAN_POINT ( 'NONE',  ( 28.05467458268153891, -18.23991199338781755, 1.314343079787363866 ) ) ;
#2954 = CARTESIAN_POINT ( 'NONE',  ( -24.55299717885932864, -16.10567649673534518, 1.067404255258641133 ) ) ;
#2955 = ORIENTED_EDGE ( 'NONE', *, *, #5713, .T. ) ;
#2956 = EDGE_CURVE ( 'NONE', #7625, #5206, #44, .T. ) ;
#2957 = CARTESIAN_POINT ( 'NONE',  ( -29.20245812135986085, -13.29927573808575580, 1.215150424316978839 ) ) ;
#2958 = CARTESIAN_POINT ( 'NONE',  ( 25.11491603321594113, 15.85330812742180484, 0.9568722553911293005 ) ) ;
#2959 = CARTESIAN_POINT ( 'NONE',  ( 32.00000000000000000, 15.29999999999999716, -2.559466693036061002 ) ) ;
#2960 = CARTESIAN_POINT ( 'NONE',  ( 29.79796265802350774, 16.81204781022895745, -1.348081622612863129 ) ) ;
#2961 = EDGE_CURVE ( 'NONE', #6914, #4948, #5225, .T. ) ;
#2962 = EDGE_CURVE ( 'NONE', #1266, #8128, #3448, .T. ) ;
#2963 = CARTESIAN_POINT ( 'NONE',  ( 24.84618248298561127, 15.99653132695357982, 0.9821548331037152080 ) ) ;
#2964 = CARTESIAN_POINT ( 'NONE',  ( 28.58923060920989556, 7.599973839696413158, -1.240664467088997247 ) ) ;
#2965 = CARTESIAN_POINT ( 'NONE',  ( -1.523228145534483158, -19.46133665068306229, -0.003486702851983593861 ) ) ;
#2966 = ORIENTED_EDGE ( 'NONE', *, *, #799, .F. ) ;
#2967 = ADVANCED_FACE ( 'NONE', ( #3447 ), #2289, .F. ) ;
#2968 = CARTESIAN_POINT ( 'NONE',  ( -30.17342396068092469, -17.12169210484745818, -1.382055465990492893 ) ) ;
#2969 = CARTESIAN_POINT ( 'NONE',  ( 26.96816203570073256, 20.22810775366588487, -1.618631369311932522 ) ) ;
#2970 = AXIS2_PLACEMENT_3D ( 'NONE', #3175, #3260, #2664 ) ;
#2971 = EDGE_CURVE ( 'NONE', #1231, #1108, #6069, .T. ) ;
#2972 = ORIENTED_EDGE ( 'NONE', *, *, #8175, .F. ) ;
#2973 = CARTESIAN_POINT ( 'NONE',  ( 0.1379743461087415413, -16.73897857760142927, 0.1998922124950877899 ) ) ;
#2974 = CARTESIAN_POINT ( 'NONE',  ( 29.92117273886459827, -19.40192621335603818, -2.363302330209469559 ) ) ;
#2975 = CARTESIAN_POINT ( 'NONE',  ( 29.51270263238984626, 13.01903606355052645, 1.187669422358502036 ) ) ;
#2976 = CARTESIAN_POINT ( 'NONE',  ( 28.46506588360236023, -19.43974278693356794, -1.705484742527026976 ) ) ;
#2977 = AXIS2_PLACEMENT_3D ( 'NONE', #3224, #1158, #7181 ) ;
#2978 = VERTEX_POINT ( 'NONE', #8070 ) ;
#2979 = AXIS2_PLACEMENT_3D ( 'NONE', #3545, #4307, #4905 ) ;
#2980 = CARTESIAN_POINT ( 'NONE',  ( -26.72439442262823661, -14.54855260562416674, 1.424285584548814931 ) ) ;
#2981 = CARTESIAN_POINT ( 'NONE',  ( 1.585640646055105130, -19.30000000000002558, 0.1951718112836799690 ) ) ;
#2982 = CARTESIAN_POINT ( 'NONE',  ( -28.08729685335288195, -7.980949470329833595, 1.311599170979523832 ) ) ;
#2983 = CARTESIAN_POINT ( 'NONE',  ( 25.66984128645937346, 21.49999999879853263, -2.002702921662621538 ) ) ;
#2984 = EDGE_LOOP ( 'NONE', ( #6695, #122, #3470, #5592 ) ) ;
#2985 = CARTESIAN_POINT ( 'NONE',  ( -0.1400808616327388623, -16.49998843806876536, 1.399751850051221609E-08 ) ) ;
#2986 = CARTESIAN_POINT ( 'NONE',  ( -26.18505199782081760, 14.16451033730555054, 0.9098699014638568228 ) ) ;
#2987 = CARTESIAN_POINT ( 'NONE',  ( 23.90000000000000568, 16.19999999999999929, 1.068511170717599157 ) ) ;
#2988 = CARTESIAN_POINT ( 'NONE',  ( -31.33928429955967943, 16.90484948108158036, 1.019792154492333180 ) ) ;
#2989 = DIRECTION ( 'NONE',  ( 0.000000000000000000, 0.000000000000000000, -1.000000000000000000 ) ) ;
#2990 = CARTESIAN_POINT ( 'NONE',  ( -30.36904154810375189, -16.47184764286521386, -1.400059154709923925 ) ) ;
#2991 = ADVANCED_FACE ( 'NONE', ( #1670 ), #6124, .T. ) ;
#2992 = ORIENTED_EDGE ( 'NONE', *, *, #647, .T. ) ;
#2993 = CARTESIAN_POINT ( 'NONE',  ( 23.90000000000000924, -16.19999999999999929, 1.126923315285393468 ) ) ;
#2994 =( BOUNDED_CURVE ( )  B_SPLINE_CURVE ( 3, ( #6585, #3240, #7913, #6023 ),
 .UNSPECIFIED., .F., .T. ) 
 B_SPLINE_CURVE_WITH_KNOTS ( ( 4, 4 ),
 ( 4.713438072525987899, 4.717634464183961818 ),
 .UNSPECIFIED. ) 
 CURVE ( )  GEOMETRIC_REPRESENTATION_ITEM ( )  RATIONAL_B_SPLINE_CURVE ( ( 1.000000000000000000, 0.9999985325252926938, 0.9999985325252926938, 1.000000000000000000 ) ) 
 REPRESENTATION_ITEM ( '' )  );
#2995 = CARTESIAN_POINT ( 'NONE',  ( -25.26160849772382377, 20.99999999999999289, -1.971264770740411842 ) ) ;
#2996 = CARTESIAN_POINT ( 'NONE',  ( -28.08529807074727458, -20.87494976541648484, 1.311949545822633345 ) ) ;
#2997 = CARTESIAN_POINT ( 'NONE',  ( 26.66460746429860862, -21.34204425441752662, -2.082269473261696646 ) ) ;
#2999 = ORIENTED_EDGE ( 'NONE', *, *, #3304, .F. ) ;
#2998 = CARTESIAN_POINT ( 'NONE',  ( -31.45220030349014095, 15.70982869437542462, -2.506856413650820237 ) ) ;
#3000 = CARTESIAN_POINT ( 'NONE',  ( 27.90031395721702623, -19.81591405071159429, -1.662098719115281842 ) ) ;
#3001 = ADVANCED_FACE ( 'NONE', ( #3342 ), #1990, .F. ) ;
#3002 = DIRECTION ( 'NONE',  ( -0.000000000000000000, -1.000000000000000000, -0.000000000000000000 ) ) ;
#3003 = CARTESIAN_POINT ( 'NONE',  ( 30.04552352048558106, 22.00000000000000000, -1.370624386102747838 ) ) ;
#3004 = LINE ( 'NONE', #5925, #1245 ) ;
#3005 = DIRECTION ( 'NONE',  ( -0.07678300455234848831, 0.000000000000000000, 0.9970478274445584432 ) ) ;
#3006 = EDGE_CURVE ( 'NONE', #4133, #3163, #8563, .T. ) ;
#3007 = CARTESIAN_POINT ( 'NONE',  ( -25.70156446225933422, -15.33031616203677672, 0.9578383171100831595 ) ) ;
#3008 = ORIENTED_EDGE ( 'NONE', *, *, #5263, .T. ) ;
#3009 = EDGE_CURVE ( 'NONE', #4391, #3828, #6146, .T. ) ;
#3010 = CARTESIAN_POINT ( 'NONE',  ( 30.00000000013333334, -14.99999999999513989, 1.143850916776046223 ) ) ;
#3011 = CARTESIAN_POINT ( 'NONE',  ( -25.11632934901939862, 16.50264781277175885, 1.550029085258195938 ) ) ;
#3012 = CARTESIAN_POINT ( 'NONE',  ( -0.6350880073060403141, -17.60000469593173023, 0.1993337339680395504 ) ) ;
#3013 = DIRECTION ( 'NONE',  ( 1.000000000000000000, 0.000000000000000000, 0.000000000000000000 ) ) ;
#3014 = CARTESIAN_POINT ( 'NONE',  ( -31.45220030349013385, -15.30000000000000071, -2.506856413650820237 ) ) ;
#3015 = CIRCLE ( 'NONE', #4614, 332.5000000000000568 ) ;
#3016 = CARTESIAN_POINT ( 'NONE',  ( -31.10155957050980291, 18.65857900309620376, -1.930349156592529480 ) ) ;
#3017 = CARTESIAN_POINT ( 'NONE',  ( 24.51509220934435618, 16.11660789036433528, 1.012852743922288523 ) ) ;
#3018 = CARTESIAN_POINT ( 'NONE',  ( -31.12421953916017614, 18.64036930028867900, 1.040406876303224815 ) ) ;
#3019 = EDGE_LOOP ( 'NONE', ( #7428, #3585, #3245, #4484 ) ) ;
#3020 = LINE ( 'NONE', #2459, #4392 ) ;
#3021 = CARTESIAN_POINT ( 'NONE',  ( -26.57598866725201958, -19.87563993015848851, -1.071377552826558555 ) ) ;
#3022 = LINE ( 'NONE', #1642, #5644 ) ;
#3023 = EDGE_CURVE ( 'NONE', #7209, #4391, #3782, .T. ) ;
#3024 = FACE_OUTER_BOUND ( 'NONE', #582, .T. ) ;
#3025 = CARTESIAN_POINT ( 'NONE',  ( 28.99999999999999645, -18.50000000000000355, -500000.0000000000582 ) ) ;
#3026 = CARTESIAN_POINT ( 'NONE',  ( 29.95498254747575828, 17.62397678440604309, -2.366247571395161398 ) ) ;
#3027 = VECTOR ( 'NONE', #6060, 1000.000000000000000 ) ;
#3028 = ORIENTED_EDGE ( 'NONE', *, *, #6887, .F. ) ;
#3029 = ORIENTED_EDGE ( 'NONE', *, *, #3935, .T. ) ;
#3030 = FACE_OUTER_BOUND ( 'NONE', #5511, .T. ) ;
#3031 = AXIS2_PLACEMENT_3D ( 'NONE', #595, #5807, #3825 ) ;
#3032 = CARTESIAN_POINT ( 'NONE',  ( 0.000000000000000000, -21.50000000000000000, 2.000000000000001776 ) ) ;
#3033 = ORIENTED_EDGE ( 'NONE', *, *, #4379, .F. ) ;
#3034 = CARTESIAN_POINT ( 'NONE',  ( -23.90000000000000213, 16.19999999999999929, -0.8666075889594559989 ) ) ;
#3035 = FACE_OUTER_BOUND ( 'NONE', #4715, .T. ) ;
#3036 = CARTESIAN_POINT ( 'NONE',  ( -25.85424358395305688, -15.11341371587810833, 0.9428095555588253962 ) ) ;
#3037 = CARTESIAN_POINT ( 'NONE',  ( -27.24892185334448058, 21.17536105419891612, -2.130309069848800085 ) ) ;
#3038 = EDGE_CURVE ( 'NONE', #3178, #674, #235, .T. ) ;
#3039 = FACE_OUTER_BOUND ( 'NONE', #6396, .T. ) ;
#3040 = AXIS2_PLACEMENT_3D ( 'NONE', #2888, #4174, #8224 ) ;
#3041 = CARTESIAN_POINT ( 'NONE',  ( 29.62563625034197301, -17.24644238632699000, -1.332500581084949065 ) ) ;
#3042 = CARTESIAN_POINT ( 'NONE',  ( -0.1376963415636240917, -16.73857130493328427, 3.489829140673365663E-08 ) ) ;
#3043 = CARTESIAN_POINT ( 'NONE',  ( -28.46562807895405101, 19.43931700224901249, -1.705528317728411736 ) ) ;
#3044 = EDGE_LOOP ( 'NONE', ( #7162, #4727, #1179, #4014, #7717, #1977, #7359, #4606 ) ) ;
#3045 = ORIENTED_EDGE ( 'NONE', *, *, #8106, .T. ) ;
#3046 = ADVANCED_FACE ( 'NONE', ( #3235 ), #6380, .T. ) ;
#3047 = DIRECTION ( 'NONE',  ( 0.000000000000000000, 0.000000000000000000, -1.000000000000000000 ) ) ;
#3048 = EDGE_LOOP ( 'NONE', ( #3787, #6410, #2930, #3394, #6593, #871, #3364, #4991 ) ) ;
#3049 = FACE_OUTER_BOUND ( 'NONE', #6539, .T. ) ;
#3050 = CARTESIAN_POINT ( 'NONE',  ( -25.76993927171775312, -15.23968244756607149, 0.9511211917252004877 ) ) ;
#3051 = AXIS2_PLACEMENT_3D ( 'NONE', #4878, #8231, #4270 ) ;
#3052 = CARTESIAN_POINT ( 'NONE',  ( 1.576437228901105270, -19.23046937539979950, 0.1952727137874570584 ) ) ;
#3053 = CARTESIAN_POINT ( 'NONE',  ( -26.32590175084492401, 15.47130858390608310, 1.456176697503636985 ) ) ;
#3054 = CARTESIAN_POINT ( 'NONE',  ( 25.20982399313792044, 15.79097375805566728, 0.9478632042997173768 ) ) ;
#3055 = CARTESIAN_POINT ( 'NONE',  ( 28.35755036288620445, 20.67280198596839469, -2.224342913225867857 ) ) ;
#3056 = CARTESIAN_POINT ( 'NONE',  ( 27.63563418518929993, 19.95825018196869749, -1.158985243584626401 ) ) ;
#3057 = ORIENTED_EDGE ( 'NONE', *, *, #1340, .T. ) ;
#3058 = ORIENTED_EDGE ( 'NONE', *, *, #7785, .T. ) ;
#3059 = FACE_OUTER_BOUND ( 'NONE', #6623, .T. ) ;
#3060 = CARTESIAN_POINT ( 'NONE',  ( 25.65647216189505997, 15.38533765793909680, 0.9049074649074990706 ) ) ;
#3061 = CARTESIAN_POINT ( 'NONE',  ( -30.64265077689745098, 19.36660397068595429, 1.085295257004804226 ) ) ;
#3062 = DIRECTION ( 'NONE',  ( -0.8660254037844403729, 0.4999999999999971689, 0.000000000000000000 ) ) ;
#3063 = ADVANCED_FACE ( 'NONE', ( #4597 ), #4693, .T. ) ;
#3064 = CARTESIAN_POINT ( 'NONE',  ( -28.00180803813154640, 18.63047925815642358, 1.318802283534243891 ) ) ;
#3065 = DIRECTION ( 'NONE',  ( -1.000000000000000000, 0.000000000000000000, 0.000000000000000000 ) ) ;
#3066 = CARTESIAN_POINT ( 'NONE',  ( 30.02878837002887025, 17.46980274009719736, -2.372999987422167223 ) ) ;
#3067 = ORIENTED_EDGE ( 'NONE', *, *, #2792, .T. ) ;
#3068 = ORIENTED_EDGE ( 'NONE', *, *, #4203, .T. ) ;
#3069 = CARTESIAN_POINT ( 'NONE',  ( -26.07192111101875653, 21.45988359080957508, -2.034434628103433784 ) ) ;
#3070 = CARTESIAN_POINT ( 'NONE',  ( 31.57788190359864799, -17.65075734151387010, 0.9973986435214924340 ) ) ;
#3071 = ORIENTED_EDGE ( 'NONE', *, *, #5277, .F. ) ;
#3072 = CARTESIAN_POINT ( 'NONE',  ( -30.25978796657414804, 15.94714271150769669, 1.120225953024926113 ) ) ;
#3073 = CARTESIAN_POINT ( 'NONE',  ( -25.64299666516252785, 20.49999999999999645, -1.496615315107717059 ) ) ;
#3074 = CYLINDRICAL_SURFACE ( 'NONE', #4344, 0.5000000000000000000 ) ;
#3075 = DIRECTION ( 'NONE',  ( 1.000000000000000000, 0.000000000000000000, 0.000000000000000000 ) ) ;
#3076 = CARTESIAN_POINT ( 'NONE',  ( -25.01727702100609108, -15.91074712883982656, 1.023854718146731901 ) ) ;
#3077 = EDGE_CURVE ( 'NONE', #2482, #8375, #4126, .T. ) ;
#3078 = CARTESIAN_POINT ( 'NONE',  ( 30.16808091688533366, -17.13599232664101635, -1.927324307851575380 ) ) ;
#3079 = EDGE_LOOP ( 'NONE', ( #3905, #6760, #7778 ) ) ;
#3080 = CARTESIAN_POINT ( 'NONE',  ( -25.60006104615095879, 16.22441726464301937, 1.513028858920040465 ) ) ;
#3081 = CARTESIAN_POINT ( 'NONE',  ( -27.65830434516745839, -21.57506695217058024, 0.8606322106091975899 ) ) ;
#3082 = DIRECTION ( 'NONE',  ( 0.000000000000000000, -1.000000000000000000, -0.000000000000000000 ) ) ;
#3083 = B_SPLINE_CURVE_WITH_KNOTS ( 'NONE', 3,
 ( #6970, #4268, #285, #940, #2973, #308 ),
 .UNSPECIFIED., .F., .F.,
 ( 4, 2, 4 ),
 ( 0.000000000000000000, 0.0002112543922276691741, 0.0004225087844553383483 ),
 .UNSPECIFIED. ) ;
#3084 = EDGE_CURVE ( 'NONE', #8604, #3884, #4784, .T. ) ;
#3085 = CARTESIAN_POINT ( 'NONE',  ( -26.02420608716191452, -15.85371584477154450, 1.480001949984195653 ) ) ;
#3086 = CARTESIAN_POINT ( 'NONE',  ( 28.10924704521434236, 20.24920971998534469, -2.202857741089600641 ) ) ;
#3087 = DIRECTION ( 'NONE',  ( 0.000000000000000000, 0.000000000000000000, -1.000000000000000000 ) ) ;
#3088 = B_SPLINE_CURVE_WITH_KNOTS ( 'NONE', 3,
 ( #4844, #7521, #991, #6990, #1044, #2417 ),
 .UNSPECIFIED., .F., .F.,
 ( 4, 2, 4 ),
 ( 0.0007817912882277816989, 0.001172349525071568520, 0.001562907761915355341 ),
 .UNSPECIFIED. ) ;
#3089 = CARTESIAN_POINT ( 'NONE',  ( -28.05568211123899758, 18.76110656473228033, 1.314257484297676415 ) ) ;
#3090 = ORIENTED_EDGE ( 'NONE', *, *, #4983, .T. ) ;
#3091 = AXIS2_PLACEMENT_3D ( 'NONE', #8246, #2241, #5663 ) ;
#3092 = CARTESIAN_POINT ( 'NONE',  ( -32.35718487645334562, 5.580403008799160069, -1.937490070343665938 ) ) ;
#3093 = CARTESIAN_POINT ( 'NONE',  ( 30.35842468489513024, 16.68430169355970349, -2.403246465730382031 ) ) ;
#3094 = AXIS2_PLACEMENT_3D ( 'NONE', #3720, #8407, #1756 ) ;
#3095 = AXIS2_PLACEMENT_3D ( 'NONE', #4411, #7765, #601 ) ;
#3096 = CARTESIAN_POINT ( 'NONE',  ( 28.00000000000000000, 8.399999999999996803, -1.330196093404401037 ) ) ;
#3097 = ORIENTED_EDGE ( 'NONE', *, *, #37, .T. ) ;
#3098 = CARTESIAN_POINT ( 'NONE',  ( -26.20000000000000284, 16.19999999999999929, -10.00000000000000000 ) ) ;
#3099 = CARTESIAN_POINT ( 'NONE',  ( -25.05987329998954039, -15.88754947376780358, 1.019820874166887048 ) ) ;
#3100 = CARTESIAN_POINT ( 'NONE',  ( 28.44347421981365898, -20.67277033900204586, 1.281226463926427472 ) ) ;
#3101 = ADVANCED_FACE ( 'NONE', ( #2911 ), #3842, .T. ) ;
#3102 = CARTESIAN_POINT ( 'NONE',  ( -29.00004483507616015, 18.63061249458890600, 1.232920162784578944 ) ) ;
#3103 = ORIENTED_EDGE ( 'NONE', *, *, #4808, .F. ) ;
#3104 = CARTESIAN_POINT ( 'NONE',  ( -24.20115909651009645, -16.18050978274325402, 1.099719589640868911 ) ) ;
#3105 = CARTESIAN_POINT ( 'NONE',  ( 1.558845726811992849, -19.20000000000000284, 0.2970935385293582698 ) ) ;
#3106 = CARTESIAN_POINT ( 'NONE',  ( -24.03116723019303080, 16.75631272242357994, 1.630459917202455644 ) ) ;
#3107 = CARTESIAN_POINT ( 'NONE',  ( -27.48510886473778925, -21.63756150904305997, 1.362168796409820359 ) ) ;
#3108 = CARTESIAN_POINT ( 'NONE',  ( -26.20000000000000284, 13.39999999999999680, 0.3627097600454320947 ) ) ;
#3109 = DIRECTION ( 'NONE',  ( 0.000000000000000000, 1.000000000000000000, 0.000000000000000000 ) ) ;
#3110 = EDGE_LOOP ( 'NONE', ( #1469, #4213, #1083, #2966 ) ) ;
#3111 = CARTESIAN_POINT ( 'NONE',  ( -25.99198780146272014, -15.88747125541900296, 1.482529953776372533 ) ) ;
#3112 = CARTESIAN_POINT ( 'NONE',  ( -29.41483397198674865, 20.60573983115628849, 1.196667879919403710 ) ) ;
#3113 = CARTESIAN_POINT ( 'NONE',  ( 31.05782955667637424, 17.48698602651082723, -2.469211653995809108 ) ) ;
#3114 = CARTESIAN_POINT ( 'NONE',  ( -26.19999999999999929, -13.89999999999999858, 0.9083693958394895018 ) ) ;
#3115 = CARTESIAN_POINT ( 'NONE',  ( 29.70167373185030257, 18.07403821701089086, -2.343207494064188268 ) ) ;
#3116 = ORIENTED_EDGE ( 'NONE', *, *, #5941, .T. ) ;
#3117 = CARTESIAN_POINT ( 'NONE',  ( 0.000000000000000000, -22.00000000000000355, -1.000000000000056399 ) ) ;
#3118 = CARTESIAN_POINT ( 'NONE',  ( -25.26160849772382377, 20.99999999999999289, -1.971264770740411842 ) ) ;
#3119 = ORIENTED_EDGE ( 'NONE', *, *, #1533, .T. ) ;
#3120 = CARTESIAN_POINT ( 'NONE',  ( -29.99999999999999645, -15.50000000000000355, 1.143850916776045779 ) ) ;
#3121 = CARTESIAN_POINT ( 'NONE',  ( -25.23509412863529633, -15.77301669156112496, 1.003078618894423402 ) ) ;
#3122 = CARTESIAN_POINT ( 'NONE',  ( 1.585640646055105130, -19.30000000000002558, 0.1951718112836799690 ) ) ;
#3123 = ORIENTED_EDGE ( 'NONE', *, *, #6288, .T. ) ;
#3124 = FACE_OUTER_BOUND ( 'NONE', #807, .T. ) ;
#3125 = DIRECTION ( 'NONE',  ( -0.7606260498154334693, -0.000000000000000000, 0.6491902743742928861 ) ) ;
#3126 = EDGE_CURVE ( 'NONE', #7102, #8077, #4192, .T. ) ;
#3127 = CARTESIAN_POINT ( 'NONE',  ( 26.19999999999999929, 22.00000000000000711, -1.041704770954277048 ) ) ;
#3128 = LINE ( 'NONE', #7346, #2709 ) ;
#3129 = EDGE_CURVE ( 'NONE', #6202, #6919, #4280, .T. ) ;
#3130 = CARTESIAN_POINT ( 'NONE',  ( -29.73963475871541107, -15.05425106909392596, 1.167348383738798567 ) ) ;
#3131 = EDGE_CURVE ( 'NONE', #6136, #8597, #5466, .T. ) ;
#3132 = B_SPLINE_CURVE_WITH_KNOTS ( 'NONE', 3,
 ( #8009, #3338, #4769, #3430 ),
 .UNSPECIFIED., .F., .F.,
 ( 4, 4 ),
 ( 0.000000000000000000, 1.000000000000000000 ),
 .UNSPECIFIED. ) ;
#3133 = DIRECTION ( 'NONE',  ( -1.000000000000000000, 0.000000000000000000, 0.000000000000000000 ) ) ;
#3135 = ORIENTED_EDGE ( 'NONE', *, *, #1851, .F. ) ;
#3134 = CARTESIAN_POINT ( 'NONE',  ( 30.00000000013333334, -14.99999999999513989, 1.143850916776046223 ) ) ;
#3136 = CARTESIAN_POINT ( 'NONE',  ( -30.35913650699218991, -19.71410573518518916, 1.111446379361704651 ) ) ;
#3137 = CARTESIAN_POINT ( 'NONE',  ( -23.93683557770485848, -16.75631529253509555, 1.637268566917704504 ) ) ;
#3138 = FACE_OUTER_BOUND ( 'NONE', #8529, .T. ) ;
#3139 = FACE_OUTER_BOUND ( 'NONE', #1283, .T. ) ;
#3140 = ORIENTED_EDGE ( 'NONE', *, *, #4441, .F. ) ;
#3141 = CARTESIAN_POINT ( 'NONE',  ( 28.47394897253168722, 19.43312820694919907, -1.706172402822046630 ) ) ;
#3142 = CARTESIAN_POINT ( 'NONE',  ( 29.21776294232692450, -13.31343472653134441, 1.213819583203630037 ) ) ;
#3143 = LINE ( 'NONE', #5191, #6400 ) ;
#3144 = LINE ( 'NONE', #2253, #2416 ) ;
#3145 = CARTESIAN_POINT ( 'NONE',  ( -25.24405551905221756, -16.44109149480669529, 1.540328421481528931 ) ) ;
#3146 = CARTESIAN_POINT ( 'NONE',  ( -27.53010951482664126, 21.10432281055576809, 1.358383139194875744 ) ) ;
#3147 = ORIENTED_EDGE ( 'NONE', *, *, #6561, .T. ) ;
#3148 = AXIS2_PLACEMENT_3D ( 'NONE', #6480, #3193, #4515 ) ;
#3149 = DIRECTION ( 'NONE',  ( 0.000000000000000000, 1.000000000000000000, -0.000000000000000000 ) ) ;
#3150 = EDGE_CURVE ( 'NONE', #8222, #1302, #6810, .T. ) ;
#3151 = ORIENTED_EDGE ( 'NONE', *, *, #165, .F. ) ;
#3152 = LINE ( 'NONE', #888, #8362 ) ;
#3153 = CARTESIAN_POINT ( 'NONE',  ( 27.90533937262852149, -19.81318837436714375, -1.705017427374807770 ) ) ;
#3154 = ORIENTED_EDGE ( 'NONE', *, *, #6340, .T. ) ;
#3155 = DIRECTION ( 'NONE',  ( 0.000000000000000000, 0.000000000000000000, -1.000000000000000000 ) ) ;
#3156 = FACE_OUTER_BOUND ( 'NONE', #4502, .T. ) ;
#3157 = ORIENTED_EDGE ( 'NONE', *, *, #3873, .T. ) ;
#3158 = CARTESIAN_POINT ( 'NONE',  ( 0.000000000000000000, -21.50000000000000000, 2.500000000000002220 ) ) ;
#3159 = CARTESIAN_POINT ( 'NONE',  ( -30.16296006159621257, 17.14967907144755799, -2.385311564778300752 ) ) ;
#3160 = CARTESIAN_POINT ( 'NONE',  ( 0.000000000000000000, -6.513704236698701244, -330.0000000000000000 ) ) ;
#3161 = CARTESIAN_POINT ( 'NONE',  ( -28.24051333050529422, -18.94674216844224901, 1.298554333037677422 ) ) ;
#3162 = EDGE_CURVE ( 'NONE', #8469, #2633, #772, .T. ) ;
#3163 = VERTEX_POINT ( 'NONE', #1316 ) ;
#3164 = SECURITY_CLASSIFICATION ( '', '', #6321 ) ;
#3165 = VECTOR ( 'NONE', #2592, 1000.000000000000114 ) ;
#3166 = CARTESIAN_POINT ( 'NONE',  ( 29.99999999999999289, 15.50000000000001066, -500000.0000000000582 ) ) ;
#3167 = CARTESIAN_POINT ( 'NONE',  ( 29.43469329714429961, -18.47172360182672790, -1.853189148227384120 ) ) ;
#3168 = DIRECTION ( 'NONE',  ( 0.000000000000000000, 0.000000000000000000, -1.000000000000000000 ) ) ;
#3169 =( BOUNDED_SURFACE ( )  B_SPLINE_SURFACE ( 3, 2, ( 
 ( #3681, #4324, #7668 ),
 ( #365, #990, #326 ),
 ( #5693, #4356, #3691 ),
 ( #7043, #996, #1702 ),
 ( #5017, #5671, #7002 ),
 ( #2360, #2332, #6343 ),
 ( #8337, #5702, #1025 ),
 ( #4986, #2409, #8449 ),
 ( #6394, #5740, #1646 ),
 ( #5255, #630, #4138 ),
 ( #7486, #1461, #6141 ),
 ( #6770, #5920, #6626 ),
 ( #8486, #1217, #4594 ),
 ( #3198, #7813, #2489 ),
 ( #7922, #2571, #3829 ),
 ( #8513, #3851, #7838 ),
 ( #6519, #534, #7203 ),
 ( #6547, #3877, #5187 ),
 ( #2552, #7267, #8537 ),
 ( #4488, #1859, #7893 ),
 ( #3255, #1239, #1193 ),
 ( #2522, #6567, #2599 ) ),
 .UNSPECIFIED., .F., .F., .T. ) 
 B_SPLINE_SURFACE_WITH_KNOTS ( ( 4, 2, 2, 2, 2, 2, 2, 2, 2, 2, 4 ),
 ( 3, 3 ),
 ( 0.000000000000000000, 0.001212834177864903452, 0.001819251266797355070, 0.002425668355729806904, 0.003638502533594710139, 0.004851336711459613808, 0.006064170889324517477, 0.006670587978256968878, 0.007277005067189420279, 0.008489839245054323080, 0.009702673422919227617 ),
 ( 0.000000000000000000, 1.000000000000000000 ),
 .UNSPECIFIED. ) 
 GEOMETRIC_REPRESENTATION_ITEM ( )  RATIONAL_B_SPLINE_SURFACE ( (
 ( 1.000000000000000000, 0.7071067811865450192, 1.000000000000000000),
 ( 1.000000000000000000, 0.7088836225469651309, 1.000000000000000000),
 ( 1.000000000000000000, 0.7107101956212372729, 1.000000000000000000),
 ( 1.000000000000000000, 0.7135121821655214802, 1.000000000000000000),
 ( 1.000000000000000000, 0.7144565146398775823, 1.000000000000000000),
 ( 1.000000000000000000, 0.7163632662193768486, 1.000000000000000000),
 ( 1.000000000000000000, 0.7173288750455197871, 1.000000000000000000),
 ( 1.000000000000000000, 0.7201855796794088826, 1.000000000000000000),
 ( 1.000000000000000000, 0.7220558298389462282, 1.000000000000000000),
 ( 1.000000000000000000, 0.7256905956193638874, 1.000000000000000000),
 ( 1.000000000000000000, 0.7274645532662027403, 1.000000000000000000),
 ( 1.000000000000000000, 0.7307114737898963153, 1.000000000000000000),
 ( 1.000000000000000000, 0.7322039923541502349, 1.000000000000000000),
 ( 1.000000000000000000, 0.7342102616423342720, 1.000000000000000000),
 ( 1.000000000000000000, 0.7348398541953304886, 1.000000000000000000),
 ( 1.000000000000000000, 0.7359880155857003725, 1.000000000000000000),
 ( 1.000000000000000000, 0.7365105648885711398, 1.000000000000000000),
 ( 1.000000000000000000, 0.7379201438985586448, 1.000000000000000000),
 ( 1.000000000000000000, 0.7386526910280867275, 1.000000000000000000),
 ( 1.000000000000000000, 0.7396416539810363178, 1.000000000000000000),
 ( 1.000000000000000000, 0.7398910594999554835, 1.000000000000000000),
 ( 1.000000000000000000, 0.7398917211566452545, 1.000000000000000000) ) ) 
 REPRESENTATION_ITEM ( '' )  SURFACE ( )  );
#3170 = CARTESIAN_POINT ( 'NONE',  ( -28.00000000000000711, 12.70585144435646896, -1.190024482224716795 ) ) ;
#3171 = ORIENTED_EDGE ( 'NONE', *, *, #4542, .T. ) ;
#3172 = CARTESIAN_POINT ( 'NONE',  ( -25.99995316231474973, 19.86908688465983985, 1.481903632098258816 ) ) ;
#3173 = CARTESIAN_POINT ( 'NONE',  ( -31.31694531254452230, -18.25538246291343825, 1.022173462975501934 ) ) ;
#3174 = CARTESIAN_POINT ( 'NONE',  ( 0.000000000000000000, 22.00000000000000000, -330.0000000000000000 ) ) ;
#3175 = CARTESIAN_POINT ( 'NONE',  ( -28.49999999999999645, -18.50000000000000355, 1.276319709107132105 ) ) ;
#3176 = CARTESIAN_POINT ( 'NONE',  ( -32.00000000000001421, 15.74306665926800797, 0.5022692811654743128 ) ) ;
#3177 = CARTESIAN_POINT ( 'NONE',  ( -26.15252430836896025, 21.45994458998350751, 1.470144701209723070 ) ) ;
#3178 = VERTEX_POINT ( 'NONE', #2652 ) ;
#3179 = DIRECTION ( 'NONE',  ( 0.9999912005405067195, 0.000000000000000000, -0.004195097323812062295 ) ) ;
#3180 = CIRCLE ( 'NONE', #4513, 330.0000000000000000 ) ;
#3181 = ADVANCED_FACE ( 'NONE', ( #3975 ), #7514, .F. ) ;
#3182 = PLANE ( 'NONE',  #5324 ) ;
#3183 = DIRECTION ( 'NONE',  ( -0.000000000000000000, -1.000000000000000000, -0.000000000000000000 ) ) ;
#3184 = DIRECTION ( 'NONE',  ( 0.000000000000000000, 0.000000000000000000, 1.000000000000000000 ) ) ;
#3185 = ORIENTED_EDGE ( 'NONE', *, *, #6768, .T. ) ;
#3186 = CARTESIAN_POINT ( 'NONE',  ( 7.000000000000000000, 22.00000000000000000, 1.426085273926513963 ) ) ;
#3187 = CARTESIAN_POINT ( 'NONE',  ( -27.77995180091590655, 20.41500949014510624, -2.174892117924992707 ) ) ;
#3188 = CARTESIAN_POINT ( 'NONE',  ( 25.30000000000000071, 22.00000000000000000, 1.034605441787625590 ) ) ;
#3189 = CARTESIAN_POINT ( 'NONE',  ( -28.36842553009254075, -18.99999999991070965, 1.287639179180728233 ) ) ;
#3190 = EDGE_CURVE ( 'NONE', #694, #2435, #2185, .T. ) ;
#3191 = CARTESIAN_POINT ( 'NONE',  ( 29.44051942064152882, -19.97162121711034999, 1.194185398341643056 ) ) ;
#3192 = CARTESIAN_POINT ( 'NONE',  ( 26.78410002272806878, 22.00000000000000000, 1.419465309405898434 ) ) ;
#3193 = DIRECTION ( 'NONE',  ( -0.4999989000566719688, 0.8660234986267151269, 0.002097562504952881889 ) ) ;
#3194 = EDGE_CURVE ( 'NONE', #169, #3998, #7832, .T. ) ;
#3195 = ORIENTED_EDGE ( 'NONE', *, *, #7177, .F. ) ;
#3196 = CARTESIAN_POINT ( 'NONE',  ( -1.269404645064612147, -18.30000586991317846, -0.002118658974736791108 ) ) ;
#3197 = CARTESIAN_POINT ( 'NONE',  ( 6.071186506773005698E-14, -16.89999999999989555, 0.5000000000000224265 ) ) ;
#3198 = CARTESIAN_POINT ( 'NONE',  ( 30.60845707162595275, 18.58455871693490735, 1.088183688412923233 ) ) ;
#3199 = PLANE ( 'NONE',  #2092 ) ;
#3200 = CARTESIAN_POINT ( 'NONE',  ( -26.79755313065472322, -13.90000000000000213, 1.418377803962073580 ) ) ;
#3201 = B_SPLINE_CURVE_WITH_KNOTS ( 'NONE', 3,
 ( #2524, #7183, #6549, #7876, #7923, #1219, #7158, #3942, #5893, #4490, #515, #6568, #5245, #5861, #5269, #1241, #7236, #5834, #2491, #1839, #7205, #8515 ),
 .UNSPECIFIED., .F., .F.,
 ( 4, 2, 2, 2, 2, 2, 2, 2, 2, 2, 4 ),
 ( 0.000000000000000000, 0.001223402647987498247, 0.002446805295974996495, 0.003058506619968745510, 0.003670207943962494092, 0.004893610591950001663, 0.006117013239937508368, 0.007340415887925015072, 0.007952117211918767123, 0.008563818535912518307, 0.009787221183900013735 ),
 .UNSPECIFIED. ) ;
#3202 = VERTEX_POINT ( 'NONE', #112 ) ;
#3203 = CARTESIAN_POINT ( 'NONE',  ( -25.50000000000000355, 19.99999999999999645, 1.520738416181999231 ) ) ;
#3204 = DIRECTION ( 'NONE',  ( -0.000000000000000000, -1.000000000000000000, -0.000000000000000000 ) ) ;
#3205 = EDGE_CURVE ( 'NONE', #682, #3860, #2411, .T. ) ;
#3206 = DIRECTION ( 'NONE',  ( -1.000000000000000000, 0.000000000000000000, 0.000000000000000000 ) ) ;
#3207 = DIRECTION ( 'NONE',  ( 0.000000000000000000, -0.000000000000000000, -1.000000000000000000 ) ) ;
#3208 = AXIS2_PLACEMENT_3D ( 'NONE', #5657, #3109, #5836 ) ;
#3209 = CARTESIAN_POINT ( 'NONE',  ( 1.585640646055105130, -19.30000000000002558, 0.1951718112836799690 ) ) ;
#3210 = EDGE_LOOP ( 'NONE', ( #7641, #4381, #5311, #4660 ) ) ;
#3211 = DIRECTION ( 'NONE',  ( 0.000000000000000000, -1.000000000000000000, 0.000000000000000000 ) ) ;
#3212 = B_SPLINE_CURVE_WITH_KNOTS ( 'NONE', 3,
 ( #7531, #1529, #3533, #4215, #224, #6838 ),
 .UNSPECIFIED., .F., .F.,
 ( 4, 2, 4 ),
 ( 0.000000000000000000, 0.0003908956439130923787, 0.0007817912878261847574 ),
 .UNSPECIFIED. ) ;
#3213 = EDGE_CURVE ( 'NONE', #8168, #155, #7580, .T. ) ;
#3214 = AXIS2_PLACEMENT_3D ( 'NONE', #2124, #137, #5483 ) ;
#3215 = CARTESIAN_POINT ( 'NONE',  ( 25.76081935250274313, 19.55390740329929855, 1.500586377738093891 ) ) ;
#3216 = CARTESIAN_POINT ( 'NONE',  ( -27.60092753983894553, 19.96632444692289710, -1.676677668272833932 ) ) ;
#3217 = CARTESIAN_POINT ( 'NONE',  ( 29.37865226620966652, 20.63345335701994543, 0.7246599944656928471 ) ) ;
#3218 = CARTESIAN_POINT ( 'NONE',  ( 7.000000000000000000, 16.79999999999986926, 2.426307623208445730 ) ) ;
#3219 = VERTEX_POINT ( 'NONE', #7559 ) ;
#3220 = CARTESIAN_POINT ( 'NONE',  ( 29.54660507057851504, -19.06974460813225392, -2.329330665263190436 ) ) ;
#3221 = ADVANCED_FACE ( 'NONE', ( #2397 ), #6771, .F. ) ;
#3222 = ORIENTED_EDGE ( 'NONE', *, *, #2351, .F. ) ;
#3223 = CARTESIAN_POINT ( 'NONE',  ( -30.00000000013443824, -14.99999999999509015, 1.143850916775958959 ) ) ;
#3224 = CARTESIAN_POINT ( 'NONE',  ( 0.000000000000000000, -21.50000000000000000, -330.0000000000000000 ) ) ;
#3225 = CARTESIAN_POINT ( 'NONE',  ( -31.99999999874643208, -15.74032882084927287, 0.9568803807146880613 ) ) ;
#3226 = CARTESIAN_POINT ( 'NONE',  ( -28.08730243720648190, -13.01906034429000769, -1.197437000930486883 ) ) ;
#3227 = DIRECTION ( 'NONE',  ( 0.000000000000000000, 0.000000000000000000, 1.000000000000000000 ) ) ;
#3228 = ORIENTED_EDGE ( 'NONE', *, *, #5713, .F. ) ;
#3229 = CARTESIAN_POINT ( 'NONE',  ( 26.73154679378148302, 20.80977428224207770, -2.087730483832311634 ) ) ;
#3230 = ORIENTED_EDGE ( 'NONE', *, *, #6175, .T. ) ;
#3231 = CARTESIAN_POINT ( 'NONE',  ( 0.000000000000000000, 22.00000000000000000, -330.0000000000000000 ) ) ;
#3232 = DIRECTION ( 'NONE',  ( 0.000000000000000000, 0.000000000000000000, -1.000000000000000000 ) ) ;
#3233 = VECTOR ( 'NONE', #3455, 1000.000000000000000 ) ;
#3234 = CLOSED_SHELL ( 'NONE', ( #4664, #723, #1048, #3046, #5310, #7687, #6677, #441, #3599, #1909, #4461, #4702, #3267, #3001, #7497, #2777, #5495, #5937, #5158, #6852, #5120, #7133, #4427, #2516, #6448, #3970, #3395, #4981, #2644, #1834, #5030, #7735, #5640, #3485, #3847, #5728, #96, #6028, #6761, #8265, #4178, #1102, #12, #131, #7463, #8441, #4136, #8307, #1578, #1698, #4944, #5788, #2453, #652, #6406, #407, #8079, #4543, #2384, #5602, #3101, #5238, #2039, #1623, #6647, #1752, #1660, #3221, #458, #4499, #7376, #1090, #7653, #3731, #8523, #579, #8403, #1866, #2071, #4748, #7340, #8430, #3937, #854, #5449, #3432, #1427, #2863, #8028, #2683, #3718, #4053, #8205, #398, #3181, #8161, #5276, #2264, #8606, #2919, #1297, #1947, #4098, #3772, #5854, #6070, #60, #7052, #6994, #6604, #965, #6312, #6157, #8387, #3522, #2339, #2558, #6121, #5012, #5534, #2308, #7905, #3305, #2442, #1172, #3684, #2991, #7783, #7264, #6562, #1248, #4377, #695, #1388, #6207, #810, #5981, #7749, #8347, #5741, #2967, #7949, #4837, #8116, #620, #1471, #6918, #2120, #7989, #4339, #1991, #2396, #6383, #8558, #4364, #1784, #1126, #179, #7417, #4625, #6481, #2733, #4415, #1515, #6443, #4785, #5064, #2160, #7296, #3343, #4252, #1712, #7039, #3894, #6811, #314, #4576, #5403, #2595, #5076, #1003, #4017, #5361, #7098, #5698, #7699, #5902, #7608, #2815, #6726, #530, #773, #1333, #3063, #214 ) ) ;
#3235 = FACE_OUTER_BOUND ( 'NONE', #3856, .T. ) ;
#3236 = CARTESIAN_POINT ( 'NONE',  ( 26.80000000000000071, 22.00000000000000000, -1.090042716855421645 ) ) ;
#3238 = CARTESIAN_POINT ( 'NONE',  ( -29.02176784843891255, 19.59490576047320332, -2.282428904975430939 ) ) ;
#3237 = LINE ( 'NONE', #7221, #947 ) ;
#3239 = CARTESIAN_POINT ( 'NONE',  ( 28.99999999999999645, -18.50000000000000355, 1.232924088170934018 ) ) ;
#3240 = CARTESIAN_POINT ( 'NONE',  ( 0.6350880073060325426, -17.60000469593171601, 0.1993337339680395504 ) ) ;
#3241 = CIRCLE ( 'NONE', #6853, 0.5000000000000000000 ) ;
#3242 = CARTESIAN_POINT ( 'NONE',  ( 28.46442194793303671, 19.44022901534740200, -1.758155028779695428 ) ) ;
#3243 = CARTESIAN_POINT ( 'NONE',  ( 1.558584639864816213, -19.19954778414230034, -0.003635561865085478774 ) ) ;
#3244 = EDGE_CURVE ( 'NONE', #4076, #6904, #5755, .T. ) ;
#3245 = ORIENTED_EDGE ( 'NONE', *, *, #7082, .T. ) ;
#3246 = ORIENTED_EDGE ( 'NONE', *, *, #7727, .T. ) ;
#3247 = LINE ( 'NONE', #7008, #4920 ) ;
#3248 = ORIENTED_EDGE ( 'NONE', *, *, #2060, .T. ) ;
#3249 = EDGE_CURVE ( 'NONE', #5508, #3531, #5956, .T. ) ;
#3250 = LINE ( 'NONE', #3321, #8251 ) ;
#3251 = CARTESIAN_POINT ( 'NONE',  ( 25.30000000000000071, 20.49999999999999645, -1.472740857018096428 ) ) ;
#3252 = CIRCLE ( 'NONE', #5501, 0.5000000000000004441 ) ;
#3253 = EDGE_CURVE ( 'NONE', #5970, #6211, #6248, .T. ) ;
#3254 = CARTESIAN_POINT ( 'NONE',  ( 30.36702390290482256, 16.48068025691697613, -1.857579927156002952 ) ) ;
#3255 = CARTESIAN_POINT ( 'NONE',  ( 31.54743975785767418, 15.71012058101909759, 1.000013662725283581 ) ) ;
#3256 = DIRECTION ( 'NONE',  ( 0.000000000000000000, 0.000000000000000000, 1.000000000000000000 ) ) ;
#3257 = CARTESIAN_POINT ( 'NONE',  ( -28.49999999999999645, -18.50000000000000355, 1.276319709107132105 ) ) ;
#3258 = VERTEX_POINT ( 'NONE', #6166 ) ;
#3259 = VERTEX_POINT ( 'NONE', #2131 ) ;
#3260 = DIRECTION ( 'NONE',  ( 0.000000000000000000, 1.000000000000000000, -0.000000000000000000 ) ) ;
#3261 = DIRECTION ( 'NONE',  ( 0.000000000000000000, 0.000000000000000000, 1.000000000000000000 ) ) ;
#3262 = ORIENTED_EDGE ( 'NONE', *, *, #594, .T. ) ;
#3263 = LINE ( 'NONE', #6263, #6617 ) ;
#3264 = B_SPLINE_CURVE_WITH_KNOTS ( 'NONE', 3,
 ( #5699, #1088, #5790, #3089, #3064, #8457 ),
 .UNSPECIFIED., .F., .F.,
 ( 4, 2, 4 ),
 ( 1.420166524818237174E-15, 0.0003908956439138013385, 0.0007817912878261825890 ),
 .UNSPECIFIED. ) ;
#3265 = DIRECTION ( 'NONE',  ( 0.000000000000000000, 0.000000000000000000, 1.000000000000000000 ) ) ;
#3266 = EDGE_CURVE ( 'NONE', #4692, #1415, #7313, .T. ) ;
#3267 = ADVANCED_FACE ( 'NONE', ( #1359 ), #7741, .F. ) ;
#3268 = CARTESIAN_POINT ( 'NONE',  ( -31.00000000000000000, -22.00000000000000355, -1.961511404530491554 ) ) ;
#3269 = CARTESIAN_POINT ( 'NONE',  ( 0.000000000000000000, 22.00000000000000000, -330.0000000000000000 ) ) ;
#3270 = B_SPLINE_CURVE_WITH_KNOTS ( 'NONE', 3,
 ( #908, #4870, #4750, #6830, #4775, #838 ),
 .UNSPECIFIED., .F., .F.,
 ( 4, 2, 4 ),
 ( 0.000000000000000000, 0.0004166663695847507682, 0.0008333327391695015364 ),
 .UNSPECIFIED. ) ;
#3271 = ORIENTED_EDGE ( 'NONE', *, *, #2563, .T. ) ;
#3272 = VERTEX_POINT ( 'NONE', #1460 ) ;
#3273 = CARTESIAN_POINT ( 'NONE',  ( -26.81763313950418137, 21.82949172758135603, -1.583852986654947115 ) ) ;
#3274 = LINE ( 'NONE', #6671, #4426 ) ;
#3275 = CARTESIAN_POINT ( 'NONE',  ( 26.00000000000000000, 19.86774512013824534, 1.481899958369614634 ) ) ;
#3276 = DIRECTION ( 'NONE',  ( 0.000000000000000000, 0.000000000000000000, 1.000000000000000000 ) ) ;
#3277 = CARTESIAN_POINT ( 'NONE',  ( -27.46437876799052091, -21.65572631031083617, -1.632913340504674959 ) ) ;
#3278 =( BOUNDED_CURVE ( )  B_SPLINE_CURVE ( 3, ( #1856, #442, #3196, #1998 ),
 .UNSPECIFIED., .F., .F. ) 
 B_SPLINE_CURVE_WITH_KNOTS ( ( 4, 4 ),
 ( 4.713438072525987899, 4.717634464183961818 ),
 .UNSPECIFIED. ) 
 CURVE ( )  GEOMETRIC_REPRESENTATION_ITEM ( )  RATIONAL_B_SPLINE_CURVE ( ( 1.000000000000000000, 0.9999985325252926938, 0.9999985325252926938, 1.000000000000000000 ) ) 
 REPRESENTATION_ITEM ( '' )  );
#3279 = CARTESIAN_POINT ( 'NONE',  ( 30.03583275428474053, 17.45420645680427896, -1.913819582325419377 ) ) ;
#3280 = ORIENTED_EDGE ( 'NONE', *, *, #1351, .F. ) ;
#3281 = CARTESIAN_POINT ( 'NONE',  ( 25.26160849772382733, -20.50000000000000000, -1.971264770740374761 ) ) ;
#3282 = PERSON_AND_ORGANIZATION ( #7011, #4851 ) ;
#3283 = CARTESIAN_POINT ( 'NONE',  ( 28.30892758980176893, 7.759894408432095325, 1.292710629369887343 ) ) ;
#3284 = CARTESIAN_POINT ( 'NONE',  ( 24.04821843845956053, -16.19539080159933064, 1.113587059978314420 ) ) ;
#3285 = ORIENTED_EDGE ( 'NONE', *, *, #6455, .T. ) ;
#3286 = DIRECTION ( 'NONE',  ( -0.8660254037844403729, 0.4999999999999968914, 0.000000000000000000 ) ) ;
#3287 = CARTESIAN_POINT ( 'NONE',  ( -31.22661325697324841, -17.30820034868303736, 1.030471386740459794 ) ) ;
#3288 = CARTESIAN_POINT ( 'NONE',  ( -0.6346861529915985844, -17.59930866384472026, -0.0002423338237060897583 ) ) ;
#3289 = VECTOR ( 'NONE', #4117, 1000.000000000000000 ) ;
#3290 = CARTESIAN_POINT ( 'NONE',  ( 29.60000000000000142, 22.00000000000000000, 1.179845401256263138 ) ) ;
#3291 = CARTESIAN_POINT ( 'NONE',  ( 0.000000000000000000, 22.00000000000000000, -330.0000000000000000 ) ) ;
#3292 = ORIENTED_EDGE ( 'NONE', *, *, #3535, .F. ) ;
#3293 = DIRECTION ( 'NONE',  ( 0.000000000000000000, 1.000000000000000000, 0.000000000000000000 ) ) ;
#3294 = CARTESIAN_POINT ( 'NONE',  ( 25.76078657678421280, -19.55388337457780423, 1.500588929246593262 ) ) ;
#3295 = B_SPLINE_CURVE_WITH_KNOTS ( 'NONE', 3,
 ( #445, #1107, #4400, #5067, #414, #7719, #3078, #8394, #1076, #7701, #5107, #5818, #7074, #3153, #7040, #1118, #7736, #2456, #8374, #5757 ),
 .UNSPECIFIED., .F., .F.,
 ( 4, 2, 2, 2, 2, 2, 2, 2, 2, 4 ),
 ( 0.000000000000000000, 0.001017566307598280527, 0.001526349461397425887, 0.002035132615196571463, 0.003052698922794872156, 0.004070265230393172416, 0.005087831537991472676, 0.006105397845589773803, 0.007122964153188074063, 0.008140530460786374323 ),
 .UNSPECIFIED. ) ;
#3296 = DIRECTION ( 'NONE',  ( 1.000000000000000000, 0.000000000000000000, 0.000000000000000000 ) ) ;
#3297 = CARTESIAN_POINT ( 'NONE',  ( -29.96308555126744011, -17.60752074669930067, -1.906414255513152911 ) ) ;
#3298 = ORIENTED_EDGE ( 'NONE', *, *, #4983, .F. ) ;
#3299 = CARTESIAN_POINT ( 'NONE',  ( 0.3462003431240708862, -16.70000000000011298, -0.0001815980463287444890 ) ) ;
#3300 = EDGE_CURVE ( 'NONE', #7185, #7335, #7527, .T. ) ;
#3301 = DIRECTION ( 'NONE',  ( -4.112266083211579826E-13, 0.000000000000000000, 1.000000000000000000 ) ) ;
#3302 = DIRECTION ( 'NONE',  ( 0.000000000000000000, 0.000000000000000000, -1.000000000000000000 ) ) ;
#3303 = CARTESIAN_POINT ( 'NONE',  ( 26.75801909412914625, -20.84916578352593675, -2.089221018257417128 ) ) ;
#3304 = EDGE_CURVE ( 'NONE', #1777, #1322, #7109, .T. ) ;
#3305 = ADVANCED_FACE ( 'NONE', ( #5763 ), #7443, .T. ) ;
#3306 = ORIENTED_EDGE ( 'NONE', *, *, #853, .F. ) ;
#3307 = CARTESIAN_POINT ( 'NONE',  ( 31.50000000000000000, -6.513704236698701244, 0.5022692811654794198 ) ) ;
#3308 = DIRECTION ( 'NONE',  ( 0.000000000000000000, -1.000000000000000000, 0.000000000000000000 ) ) ;
#3309 = CARTESIAN_POINT ( 'NONE',  ( -25.30000000000000071, 22.00000000000000000, -1.472740857018167926 ) ) ;
#3310 = DIRECTION ( 'NONE',  ( 0.000000000000000000, 0.000000000000000000, -1.000000000000000000 ) ) ;
#3311 = EDGE_CURVE ( 'NONE', #1777, #5442, #4177, .T. ) ;
#3312 = EDGE_CURVE ( 'NONE', #7576, #4586, #437, .T. ) ;
#3313 = CARTESIAN_POINT ( 'NONE',  ( 25.26160849772382733, -22.00000000000000000, -1.971264770740374761 ) ) ;
#3314 = DIRECTION ( 'NONE',  ( 0.000000000000000000, 0.000000000000000000, 1.000000000000000000 ) ) ;
#3315 = ORIENTED_EDGE ( 'NONE', *, *, #5312, .F. ) ;
#3316 = AXIS2_PLACEMENT_3D ( 'NONE', #3032, #2362, #3784 ) ;
#3317 = CARTESIAN_POINT ( 'NONE',  ( -26.79755313065472677, 13.90000000000000036, 1.418377803962104444 ) ) ;
#3318 = ORIENTED_EDGE ( 'NONE', *, *, #6349, .F. ) ;
#3319 = EDGE_CURVE ( 'NONE', #4896, #2458, #6915, .T. ) ;
#3320 = CARTESIAN_POINT ( 'NONE',  ( -30.34188869241701525, -19.73397900053681298, 0.6450417664386191019 ) ) ;
#3321 = CARTESIAN_POINT ( 'NONE',  ( -32.00000000000000000, -15.30000000000000071, -1.555179672444835681 ) ) ;
#3322 = CARTESIAN_POINT ( 'NONE',  ( -28.10133666887679738, -7.996412181482857484, -1.198667114155817837 ) ) ;
#3323 = CARTESIAN_POINT ( 'NONE',  ( 28.59112889449582084, -7.620683215036437197, -1.240883349570708560 ) ) ;
#3324 = CARTESIAN_POINT ( 'NONE',  ( -31.32001376546740445, -18.27362686049888296, -1.949286337991074092 ) ) ;
#3325 = CARTESIAN_POINT ( 'NONE',  ( 30.50000000000000000, -15.30000000000000071, -1.961511404530547065 ) ) ;
#3326 = ORIENTED_EDGE ( 'NONE', *, *, #4369, .F. ) ;
#3327 = CARTESIAN_POINT ( 'NONE',  ( 25.05738276456769498, 15.90996017510738447, -0.9525803984194587404 ) ) ;
#3328 = CARTESIAN_POINT ( 'NONE',  ( 25.36802545233246775, -16.38014837851783412, 1.530899646278856663 ) ) ;
#3329 = VECTOR ( 'NONE', #4434, 1000.000000000000000 ) ;
#3330 = CARTESIAN_POINT ( 'NONE',  ( 29.21561282701912887, 18.73843923807596923, -1.764409371042880759 ) ) ;
#3331 = DIRECTION ( 'NONE',  ( 0.000000000000000000, 0.000000000000000000, 1.000000000000000000 ) ) ;
#3333 = ORIENTED_EDGE ( 'NONE', *, *, #6329, .F. ) ;
#3332 = DIRECTION ( 'NONE',  ( 0.000000000000000000, 0.000000000000000000, -1.000000000000000000 ) ) ;
#3334 = CARTESIAN_POINT ( 'NONE',  ( -31.78281724309530532, -17.04890290902510941, 0.5213723072549718562 ) ) ;
#3335 = CARTESIAN_POINT ( 'NONE',  ( -29.49866918224220314, -13.00357585852829523, -1.321083506157789467 ) ) ;
#3336 = CIRCLE ( 'NONE', #4653, 0.5000000000000004441 ) ;
#3337 = VECTOR ( 'NONE', #2858, 1000.000000000000000 ) ;
#3338 = CARTESIAN_POINT ( 'NONE',  ( 23.91367899497156913, 16.37939659487260968, 1.257995877811596497 ) ) ;
#3339 = CARTESIAN_POINT ( 'NONE',  ( 25.50000000006207301, -19.49999999999469225, 1.520738416161265372 ) ) ;
#3340 = VECTOR ( 'NONE', #4088, 1000.000000000000000 ) ;
#3341 = ORIENTED_EDGE ( 'NONE', *, *, #2238, .F. ) ;
#3342 = FACE_OUTER_BOUND ( 'NONE', #7095, .T. ) ;
#3343 = ADVANCED_FACE ( 'NONE', ( #8038 ), #5469, .T. ) ;
#3344 = DIRECTION ( 'NONE',  ( 1.000000000000000000, 0.000000000000000000, 0.000000000000000000 ) ) ;
#3345 = CARTESIAN_POINT ( 'NONE',  ( 28.46562807895406522, -19.43931700224902315, -1.705528317728412402 ) ) ;
#3346 = VECTOR ( 'NONE', #7233, 1000.000000000000000 ) ;
#3347 = ORIENTED_EDGE ( 'NONE', *, *, #1967, .T. ) ;
#3348 = DIRECTION ( 'NONE',  ( 0.000000000000000000, 1.000000000000000000, 0.000000000000000000 ) ) ;
#3349 = CIRCLE ( 'NONE', #3656, 0.5000000000000004441 ) ;
#3350 = B_SPLINE_CURVE_WITH_KNOTS ( 'NONE', 3,
 ( #356, #5622, #5687, #8273, #2957, #985, #387, #5000, #2929, #5716, #1008, #4282, #295, #6357 ),
 .UNSPECIFIED., .F., .F.,
 ( 4, 2, 2, 2, 2, 2, 4 ),
 ( 0.000000000000000000, 0.0006313108629305333973, 0.0009469662943958037822, 0.001262621725861074384, 0.001893932588791615154, 0.002209588020256882286, 0.002525243451722148768 ),
 .UNSPECIFIED. ) ;
#3351 = CIRCLE ( 'NONE', #161, 330.0000000000000000 ) ;
#3352 = DIRECTION ( 'NONE',  ( 0.000000000000000000, 0.000000000000000000, -1.000000000000000000 ) ) ;
#3353 = ORIENTED_EDGE ( 'NONE', *, *, #7005, .T. ) ;
#3354 = CARTESIAN_POINT ( 'NONE',  ( -25.16090496866588211, 15.82358870849555643, 1.010178158682375260 ) ) ;
#3355 = DIRECTION ( 'NONE',  ( 0.000000000000000000, 0.000000000000000000, 1.000000000000000000 ) ) ;
#3356 = CARTESIAN_POINT ( 'NONE',  ( 28.39761498758824487, -7.700680264952520560, -1.224111444818765548 ) ) ;
#3357 = EDGE_LOOP ( 'NONE', ( #1622, #2118, #3878, #2786 ) ) ;
#3358 = ORIENTED_EDGE ( 'NONE', *, *, #3930, .F. ) ;
#3359 = CIRCLE ( 'NONE', #4722, 0.5000000000000000000 ) ;
#3360 = DIRECTION ( 'NONE',  ( 0.9963197585235830100, 0.000000000000000000, -0.08571428571428169052 ) ) ;
#3362 = CARTESIAN_POINT ( 'NONE',  ( -27.90648921597872700, -19.81253184264478051, -1.662567639492302574 ) ) ;
#3361 = CARTESIAN_POINT ( 'NONE',  ( 26.19999999999999929, 13.89999999999999858, -1.041704770954277048 ) ) ;
#3363 = CARTESIAN_POINT ( 'NONE',  ( 23.93683557770508585, -16.75631529253509555, 1.637268566917709611 ) ) ;
#3364 = ORIENTED_EDGE ( 'NONE', *, *, #7458, .T. ) ;
#3365 = CARTESIAN_POINT ( 'NONE',  ( -1.096968220997559973, -18.40000469305621422, 0.2990311766240241753 ) ) ;
#3366 = VERTEX_POINT ( 'NONE', #5696 ) ;
#3367 = CARTESIAN_POINT ( 'NONE',  ( 28.47450966591828347, 19.43270105922117352, -1.706215878982747070 ) ) ;
#3368 = FACE_OUTER_BOUND ( 'NONE', #665, .T. ) ;
#3369 = CARTESIAN_POINT ( 'NONE',  ( -28.49999999999999645, -18.50000000000000355, 1.276319709107132105 ) ) ;
#3370 = CARTESIAN_POINT ( 'NONE',  ( 26.13877565795304392, -14.50638659522132734, -1.036814016964374030 ) ) ;
#3371 = CARTESIAN_POINT ( 'NONE',  ( -31.39357215680341895, 18.09411062742593401, -2.500844805593317233 ) ) ;
#3372 = CARTESIAN_POINT ( 'NONE',  ( -1.558845726811057153, -19.19999999999837570, 0.1954572673585341924 ) ) ;
#3373 = CARTESIAN_POINT ( 'NONE',  ( -1.732050807568880080, -19.49999999999999645, 3.501025000000002052 ) ) ;
#3374 = DIRECTION ( 'NONE',  ( 0.9970478274445579991, 0.000000000000000000, -0.07678300455235534394 ) ) ;
#3375 = CARTESIAN_POINT ( 'NONE',  ( 0.000000000000000000, -19.99999999999999645, -330.0000000000000000 ) ) ;
#3376 = AXIS2_PLACEMENT_3D ( 'NONE', #174, #4378, #1635 ) ;
#3377 = ORIENTED_EDGE ( 'NONE', *, *, #7286, .F. ) ;
#3378 = ORIENTED_EDGE ( 'NONE', *, *, #1464, .T. ) ;
#3379 = AXIS2_PLACEMENT_3D ( 'NONE', #7666, #2881, #1656 ) ;
#3380 = CARTESIAN_POINT ( 'NONE',  ( 28.00180803812517283, 18.50000000000079226, 1.318802283534718844 ) ) ;
#3381 = CARTESIAN_POINT ( 'NONE',  ( -25.82509286785367308, 16.05383439677329704, 1.495599120449402131 ) ) ;
#3382 = CARTESIAN_POINT ( 'NONE',  ( -28.00000000000000000, -8.399999999999998579, 1.318955087088236056 ) ) ;
#3383 = DIRECTION ( 'NONE',  ( -0.000000000000000000, -1.000000000000000000, -0.000000000000000000 ) ) ;
#3384 = ORIENTED_EDGE ( 'NONE', *, *, #6327, .T. ) ;
#3385 = AXIS2_PLACEMENT_3D ( 'NONE', #4969, #4312, #3005 ) ;
#3386 = CIRCLE ( 'NONE', #6477, 0.5000000000000000000 ) ;
#3387 = CARTESIAN_POINT ( 'NONE',  ( -24.08597428259169959, 16.19251621412060160, 1.110172561626851850 ) ) ;
#3388 = CARTESIAN_POINT ( 'NONE',  ( -28.00000000000000000, -8.399999999999998579, -1.190024482224716351 ) ) ;
#3389 = CARTESIAN_POINT ( 'NONE',  ( 31.99999999999999289, 15.74309563196236361, 0.5022692811654296818 ) ) ;
#3390 = CARTESIAN_POINT ( 'NONE',  ( -31.82853731706263645, -16.82182167803387429, -1.993944545999706497 ) ) ;
#3392 = CARTESIAN_POINT ( 'NONE',  ( -25.30000000000000071, -20.49999999999999645, -1.472740857018096428 ) ) ;
#3391 = CARTESIAN_POINT ( 'NONE',  ( 26.64563966789726734, -14.82314436229461485, 1.430627186266817841 ) ) ;
#3393 = CARTESIAN_POINT ( 'NONE',  ( 25.94032166533146366, -20.50501642473977526, -2.023532711104084836 ) ) ;
#3394 = ORIENTED_EDGE ( 'NONE', *, *, #153, .T. ) ;
#3395 = ADVANCED_FACE ( 'NONE', ( #5533 ), #1566, .F. ) ;
#3396 = CARTESIAN_POINT ( 'NONE',  ( -30.65931502298709077, -17.14498171620092393, -2.431645576685317778 ) ) ;
#3397 = CARTESIAN_POINT ( 'NONE',  ( 25.57964103145502222, -15.47316229693472955, 0.9697669543105150725 ) ) ;
#3398 = DIRECTION ( 'NONE',  ( 0.000000000000000000, -1.000000000000000000, 0.000000000000000000 ) ) ;
#3399 = CARTESIAN_POINT ( 'NONE',  ( 25.30000000000000071, -20.00000000000000000, -1.472740857018095983 ) ) ;
#3400 = CARTESIAN_POINT ( 'NONE',  ( -26.85939013014959897, 21.29337711983288628, -2.098168517781766162 ) ) ;
#3401 = CARTESIAN_POINT ( 'NONE',  ( 29.72343857106333687, -20.35113870490046395, -1.813521578894171871 ) ) ;
#3402 = ORIENTED_EDGE ( 'NONE', *, *, #2350, .F. ) ;
#3403 = DIRECTION ( 'NONE',  ( -0.000000000000000000, -1.000000000000000000, -0.000000000000000000 ) ) ;
#3404 = CARTESIAN_POINT ( 'NONE',  ( -29.21273877907657734, 18.74171746738717914, -1.764180987401488210 ) ) ;
#3405 = DIRECTION ( 'NONE',  ( 0.000000000000000000, -0.000000000000000000, 1.000000000000000000 ) ) ;
#3406 = CARTESIAN_POINT ( 'NONE',  ( -25.67782157450718472, 16.17404923013712192, 1.507049117826567253 ) ) ;
#3407 = EDGE_LOOP ( 'NONE', ( #8522, #3292, #2215 ) ) ;
#3408 = DIRECTION ( 'NONE',  ( -0.000000000000000000, 1.000000000000000000, -0.000000000000000000 ) ) ;
#3409 = PLANE ( 'NONE',  #4113 ) ;
#3410 = EDGE_CURVE ( 'NONE', #6710, #5326, #6267, .T. ) ;
#3411 = CARTESIAN_POINT ( 'NONE',  ( -25.78989113640255937, 15.21097102295816761, 0.9491564634016406155 ) ) ;
#3412 = CARTESIAN_POINT ( 'NONE',  ( -29.21213572444215245, -18.74240052369937359, -1.831061603287071016 ) ) ;
#3413 = CARTESIAN_POINT ( 'NONE',  ( -26.80000000000000071, 22.00000000000000000, 0.3145773350004543722 ) ) ;
#3414 = CARTESIAN_POINT ( 'NONE',  ( 0.6350876684068467171, -17.60000410894111056, 0.1993337343810304418 ) ) ;
#3415 = VERTEX_POINT ( 'NONE', #369 ) ;
#3416 = EDGE_CURVE ( 'NONE', #8254, #1266, #6061, .T. ) ;
#3418 = CARTESIAN_POINT ( 'NONE',  ( -32.00000000000000000, -6.513704236698701244, 0.5022692811654794198 ) ) ;
#3417 = CARTESIAN_POINT ( 'NONE',  ( 26.12093648170473159, -14.49905596181208445, 0.9162940657956949453 ) ) ;
#3419 = CARTESIAN_POINT ( 'NONE',  ( -28.59112237566912285, 13.37931527587194225, 1.268481979055899211 ) ) ;
#3420 = EDGE_CURVE ( 'NONE', #8445, #6911, #655, .T. ) ;
#3421 = CARTESIAN_POINT ( 'NONE',  ( -30.36565479479863683, -17.82869992919265911, -2.404311943558829601 ) ) ;
#3422 = ORIENTED_EDGE ( 'NONE', *, *, #8328, .F. ) ;
#3423 = CARTESIAN_POINT ( 'NONE',  ( 0.000000000000000000, -21.50000000000000000, -330.0000000000000000 ) ) ;
#3424 = DIRECTION ( 'NONE',  ( 0.000000000000000000, 0.000000000000000000, -1.000000000000000000 ) ) ;
#3425 = CARTESIAN_POINT ( 'NONE',  ( -31.99999999870798106, 15.74670409497454848, -2.559466692911084973 ) ) ;
#3426 = CARTESIAN_POINT ( 'NONE',  ( 29.55485135078863479, 15.76008800675001176, 1.183890698149722365 ) ) ;
#3427 = AXIS2_PLACEMENT_3D ( 'NONE', #3613, #7780, #6976 ) ;
#3428 = EDGE_CURVE ( 'NONE', #7034, #2648, #5969, .T. ) ;
#3429 = CARTESIAN_POINT ( 'NONE',  ( 28.26651577699191265, -21.32346249577941677, -1.695473570389062212 ) ) ;
#3430 = CARTESIAN_POINT ( 'NONE',  ( 23.94103698491468535, 16.73818978461772744, 1.636965291999581407 ) ) ;
#3431 = ORIENTED_EDGE ( 'NONE', *, *, #8117, .F. ) ;
#3432 = ADVANCED_FACE ( 'NONE', ( #3986 ), #3552, .T. ) ;
#3433 = AXIS2_PLACEMENT_3D ( 'NONE', #7552, #2235, #274 ) ;
#3434 = DIRECTION ( 'NONE',  ( -1.000000000000000000, 9.972691692453656823E-16, 4.991804582732170953E-13 ) ) ;
#3435 = CARTESIAN_POINT ( 'NONE',  ( -12.00000000000000000, 22.00000000000000000, -330.0000000000000000 ) ) ;
#3436 = LINE ( 'NONE', #6330, #5752 ) ;
#3437 = AXIS2_PLACEMENT_3D ( 'NONE', #8083, #7356, #4031 ) ;
#3438 = EDGE_LOOP ( 'NONE', ( #7042, #5967, #969 ) ) ;
#3439 = CARTESIAN_POINT ( 'NONE',  ( -23.92869620548425402, 16.19999999999999574, 1.124351105821704833 ) ) ;
#3440 = PLANE ( 'NONE',  #6532 ) ;
#3441 = CARTESIAN_POINT ( 'NONE',  ( -26.78791464558742064, -21.83653729671913624, -2.092287551686890623 ) ) ;
#3442 = VECTOR ( 'NONE', #2227, 1000.000000000000000 ) ;
#3444 = CARTESIAN_POINT ( 'NONE',  ( 29.72714810332310975, -20.34787730284238805, 0.6961031458759833201 ) ) ;
#3443 = CARTESIAN_POINT ( 'NONE',  ( 25.49812072986964040, -15.55451365823669718, 0.9776947054232865142 ) ) ;
#3445 = CARTESIAN_POINT ( 'NONE',  ( 31.22615873265053210, 17.30957045083548707, 1.030514347357017524 ) ) ;
#3446 = ORIENTED_EDGE ( 'NONE', *, *, #1914, .F. ) ;
#3447 = FACE_OUTER_BOUND ( 'NONE', #1931, .T. ) ;
#3448 = B_SPLINE_CURVE_WITH_KNOTS ( 'NONE', 3,
 ( #6032, #717, #2722, #2687 ),
 .UNSPECIFIED., .F., .F.,
 ( 4, 4 ),
 ( 0.000000000000000000, 0.0007565623143728108894 ),
 .UNSPECIFIED. ) ;
#3449 = LINE ( 'NONE', #4937, #2291 ) ;
#3450 = VECTOR ( 'NONE', #6171, 1000.000000000000000 ) ;
#3451 = CARTESIAN_POINT ( 'NONE',  ( -30.36146538124968330, -16.67143833306800715, -1.947071230542704035 ) ) ;
#3452 = FACE_OUTER_BOUND ( 'NONE', #7751, .T. ) ;
#3453 = CARTESIAN_POINT ( 'NONE',  ( 26.00894821605838914, -14.81859313206320472, 0.9274687614112653300 ) ) ;
#3454 = DIRECTION ( 'NONE',  ( -0.000000000000000000, 1.000000000000000000, -0.000000000000000000 ) ) ;
#3455 = DIRECTION ( 'NONE',  ( -0.000000000000000000, -1.000000000000000000, -0.000000000000000000 ) ) ;
#3456 = CARTESIAN_POINT ( 'NONE',  ( -30.61892571411999953, 19.39790531839995680, -1.888840171533196610 ) ) ;
#3457 = ORIENTED_EDGE ( 'NONE', *, *, #1203, .T. ) ;
#3458 = CARTESIAN_POINT ( 'NONE',  ( -29.60000000000000142, 8.399999999999996803, 1.179845401256263138 ) ) ;
#3459 = VERTEX_POINT ( 'NONE', #8306 ) ;
#3460 = CIRCLE ( 'NONE', #7077, 0.1999999999999999556 ) ;
#3461 = CARTESIAN_POINT ( 'NONE',  ( 28.65041134740038942, -21.11857539603907341, -1.726055579533833706 ) ) ;
#3462 = DIRECTION ( 'NONE',  ( 0.000000000000000000, 0.000000000000000000, -1.000000000000000000 ) ) ;
#3463 = ORIENTED_EDGE ( 'NONE', *, *, #1521, .T. ) ;
#3464 = CYLINDRICAL_SURFACE ( 'NONE', #3952, 2.299999999999999822 ) ;
#3465 = ORIENTED_EDGE ( 'NONE', *, *, #3194, .T. ) ;
#3466 = DIRECTION ( 'NONE',  ( -1.000000000000000000, 0.000000000000000000, 0.000000000000000000 ) ) ;
#3467 = CARTESIAN_POINT ( 'NONE',  ( 31.82854622947005296, -16.82178265670564699, 0.5173549106850638957 ) ) ;
#3468 = ORIENTED_EDGE ( 'NONE', *, *, #527, .F. ) ;
#3469 = CARTESIAN_POINT ( 'NONE',  ( 26.10852159582605481, 15.73728221550892847, 1.473371461366883128 ) ) ;
#3470 = ORIENTED_EDGE ( 'NONE', *, *, #4203, .F. ) ;
#3471 = DIRECTION ( 'NONE',  ( -1.000000000000000000, 1.796974801439540264E-16, 0.000000000000000000 ) ) ;
#3472 = EDGE_CURVE ( 'NONE', #2464, #5570, #8455, .T. ) ;
#3473 = LINE ( 'NONE', #5492, #1603 ) ;
#3474 = EDGE_CURVE ( 'NONE', #4820, #2978, #5121, .T. ) ;
#3475 = CARTESIAN_POINT ( 'NONE',  ( -26.00894821605843532, 14.81859313206306616, 0.9274687614112649969 ) ) ;
#3476 = DIRECTION ( 'NONE',  ( 0.000000000000000000, 0.000000000000000000, -1.000000000000000000 ) ) ;
#3477 = DIRECTION ( 'NONE',  ( -0.000000000000000000, -1.000000000000000000, -0.000000000000000000 ) ) ;
#3478 = CARTESIAN_POINT ( 'NONE',  ( -29.72653046399581100, -20.34841732444082396, -1.813778073447072314 ) ) ;
#3479 = EDGE_LOOP ( 'NONE', ( #6081, #6432, #1500, #6074 ) ) ;
#3480 = VERTEX_POINT ( 'NONE', #7069 ) ;
#3482 = CARTESIAN_POINT ( 'NONE',  ( -30.36702390290481901, -16.48068025691697613, -1.857579927156001620 ) ) ;
#3481 = CARTESIAN_POINT ( 'NONE',  ( 25.78569636886039973, -16.08013264235416528, 1.498641325226275356 ) ) ;
#3483 = CARTESIAN_POINT ( 'NONE',  ( 30.00875736301814456, 19.40535414848712747, 1.143182528397197251 ) ) ;
#3484 = VECTOR ( 'NONE', #2554, 1000.000000000000000 ) ;
#3485 = ADVANCED_FACE ( 'NONE', ( #227 ), #5317, .F. ) ;
#3486 = EDGE_CURVE ( 'NONE', #6659, #7353, #3336, .T. ) ;
#3487 = CARTESIAN_POINT ( 'NONE',  ( -30.50000000000000000, -15.30000000000000071, -2.416488503830780399 ) ) ;
#3488 = CARTESIAN_POINT ( 'NONE',  ( -25.50000000000000000, -20.00000000000000355, 1.520738416181999231 ) ) ;
#3489 = CARTESIAN_POINT ( 'NONE',  ( -25.04851298534061144, 15.89411974624669810, 1.020896735032124969 ) ) ;
#3490 = ORIENTED_EDGE ( 'NONE', *, *, #1531, .F. ) ;
#3491 = DIRECTION ( 'NONE',  ( 0.000000000000000000, 0.000000000000000000, 1.000000000000000000 ) ) ;
#3492 = CARTESIAN_POINT ( 'NONE',  ( -27.02925905511084892, 21.77671398399660774, -1.599837466898821559 ) ) ;
#3493 = CARTESIAN_POINT ( 'NONE',  ( 7.000000000000000888, 21.76121142276533504, 2.372135279299040000 ) ) ;
#3494 = CARTESIAN_POINT ( 'NONE',  ( -27.99999999999999645, 8.294151691731237008, 1.318955087088235834 ) ) ;
#3495 = CARTESIAN_POINT ( 'NONE',  ( 31.10120142893629591, -18.65919939007755346, -1.930318166454134676 ) ) ;
#3496 = CARTESIAN_POINT ( 'NONE',  ( -26.47760743445709863, 20.36772385383206085, -1.556409270255704858 ) ) ;
#3497 = EDGE_CURVE ( 'NONE', #7576, #2514, #8243, .T. ) ;
#3498 = AXIS2_PLACEMENT_3D ( 'NONE', #4609, #5953, #5298 ) ;
#3499 = EDGE_LOOP ( 'NONE', ( #5394, #4311, #8112, #4110 ) ) ;
#3500 = CARTESIAN_POINT ( 'NONE',  ( -26.19999790809299256, -13.97604151150649088, 0.9083695856029158078 ) ) ;
#3501 = CARTESIAN_POINT ( 'NONE',  ( 31.22084281398679551, -17.29470830229682221, 1.030984218088389470 ) ) ;
#3502 = CARTESIAN_POINT ( 'NONE',  ( 24.54314548820435249, 16.67420458572150110, 1.592952469339187438 ) ) ;
#3503 = CARTESIAN_POINT ( 'NONE',  ( 1.385640646055104952, -19.50000000000000000, 0.2970935385293582698 ) ) ;
#3504 = CARTESIAN_POINT ( 'NONE',  ( -29.72343857106332266, 20.35113870490046395, -1.813521578894184971 ) ) ;
#3505 = AXIS2_PLACEMENT_3D ( 'NONE', #7708, #309, #344 ) ;
#3506 = DIRECTION ( 'NONE',  ( -0.000000000000000000, -1.000000000000000000, -0.000000000000000000 ) ) ;
#3507 = CARTESIAN_POINT ( 'NONE',  ( 29.59999999999999432, -12.81170412606332398, -1.330196093404378388 ) ) ;
#3508 = DIRECTION ( 'NONE',  ( -0.000000000000000000, 1.000000000000000000, -0.000000000000000000 ) ) ;
#3509 = ORIENTED_EDGE ( 'NONE', *, *, #8107, .F. ) ;
#3510 = CARTESIAN_POINT ( 'NONE',  ( 1.385640646055105174, -19.30000000000000071, 0.2970935385293582698 ) ) ;
#3511 = CARTESIAN_POINT ( 'NONE',  ( 24.58475525202897671, -16.68364061151013900, 1.589879491373967335 ) ) ;
#3512 = EDGE_LOOP ( 'NONE', ( #7488, #4822, #6831, #5146 ) ) ;
#3513 = CARTESIAN_POINT ( 'NONE',  ( -29.41212079906074806, -18.50153466250459289, -2.317073092743278995 ) ) ;
#3514 = DIRECTION ( 'NONE',  ( 0.000000000000000000, 1.000000000000000000, -0.000000000000000000 ) ) ;
#3515 = CARTESIAN_POINT ( 'NONE',  ( -23.89999999999999858, 16.19999999999999929, 1.126923315285393468 ) ) ;
#3516 = CARTESIAN_POINT ( 'NONE',  ( -29.89491043268043668, -16.51864259939460311, -1.356883597208857539 ) ) ;
#3517 = DIRECTION ( 'NONE',  ( -1.000000000000000000, 0.000000000000000000, 0.000000000000000000 ) ) ;
#3518 = CARTESIAN_POINT ( 'NONE',  ( -28.58922284665366220, 7.599974232012338682, 1.268699308288574024 ) ) ;
#3519 = CARTESIAN_POINT ( 'NONE',  ( -7.000000000000000000, 21.99999999999998224, 2.058265377532669138 ) ) ;
#3520 = CARTESIAN_POINT ( 'NONE',  ( 28.49999999966125586, -17.99999999999498357, 1.276319709120331991 ) ) ;
#3521 = ORIENTED_EDGE ( 'NONE', *, *, #5374, .F. ) ;
#3522 = ADVANCED_FACE ( 'NONE', ( #4496 ), #6886, .T. ) ;
#3523 = DIRECTION ( 'NONE',  ( -7.993605777301127091E-15, 0.000000000000000000, 1.000000000000000000 ) ) ;
#3524 = CARTESIAN_POINT ( 'NONE',  ( 26.68883949658004084, 14.63444627700055456, 1.427151241579189600 ) ) ;
#3525 = CARTESIAN_POINT ( 'NONE',  ( 31.41196900783597457, 16.11334322871739388, -2.502985557446819165 ) ) ;
#3526 = VERTEX_POINT ( 'NONE', #8435 ) ;
#3527 = CARTESIAN_POINT ( 'NONE',  ( -26.19999999999999218, -14.05208204997385302, -1.041704770954277048 ) ) ;
#3528 = EDGE_CURVE ( 'NONE', #8469, #3219, #937, .T. ) ;
#3529 = DIRECTION ( 'NONE',  ( 0.000000000000000000, 1.000000000000000000, 0.000000000000000000 ) ) ;
#3530 = DIRECTION ( 'NONE',  ( 0.5000000000000001110, -0.8660254037844385966, 0.000000000000000000 ) ) ;
#3531 = VERTEX_POINT ( 'NONE', #7103 ) ;
#3533 = CARTESIAN_POINT ( 'NONE',  ( 28.23953101264336851, -18.94574893072937982, 1.298637786641543723 ) ) ;
#3532 = CARTESIAN_POINT ( 'NONE',  ( 25.96192349425581369, -14.91974454460549282, 0.9321434207523108251 ) ) ;
#3534 = CARTESIAN_POINT ( 'NONE',  ( 0.000000000000000000, 21.49999999999999645, -330.0000000000000000 ) ) ;
#3535 = EDGE_CURVE ( 'NONE', #7927, #1628, #1781, .T. ) ;
#3536 = VECTOR ( 'NONE', #6605, 1000.000000000000000 ) ;
#3537 = AXIS2_PLACEMENT_3D ( 'NONE', #2488, #8485, #4568 ) ;
#3538 = CARTESIAN_POINT ( 'NONE',  ( -27.90031717880773954, -19.81591103957819655, -1.704547024274542411 ) ) ;
#3539 = DIRECTION ( 'NONE',  ( 0.000000000000000000, 1.000000000000000000, 0.000000000000000000 ) ) ;
#3541 = CARTESIAN_POINT ( 'NONE',  ( -24.49369481555818950, 16.12332527959367567, 1.072893852897858213 ) ) ;
#3540 =( BOUNDED_SURFACE ( )  B_SPLINE_SURFACE ( 3, 2, ( 
 ( #4897, #5583, #7586 ),
 ( #6342, #4329, #2295 ),
 ( #5701, #7000, #1584 ),
 ( #4265, #1024, #4985 ),
 ( #4932, #6254, #6968 ),
 ( #6284, #7611, #2969 ),
 ( #4355, #6946, #2267 ),
 ( #3628, #7645, #3653 ),
 ( #3689, #5015, #4449 ),
 ( #1845, #7075, #4380 ),
 ( #1726, #3838, #8376 ),
 ( #7166, #7041, #5819 ),
 ( #8497, #1091, #5843 ),
 ( #2386, #3115, #5174 ),
 ( #6470, #4500, #1175 ),
 ( #6530, #3026, #3749 ),
 ( #8460, #3066, #8408 ),
 ( #5108, #3093, #7703 ),
 ( #463, #6444, #522 ),
 ( #6413, #5758, #2427 ) ),
 .UNSPECIFIED., .F., .F., .T. ) 
 B_SPLINE_SURFACE_WITH_KNOTS ( ( 4, 2, 2, 2, 2, 2, 2, 2, 2, 4 ),
 ( 3, 3 ),
 ( 3.469446951953614189E-18, 0.001115023920665929053, 0.001672535880998891845, 0.002230047841331854637, 0.003345071761997780221, 0.004460095682663705804, 0.005575119603329630955, 0.006132631563662593530, 0.006690143523995556972, 0.008920191365327408139 ),
 ( 0.000000000000000000, 1.000000000000000000 ),
 .UNSPECIFIED. ) 
 GEOMETRIC_REPRESENTATION_ITEM ( )  RATIONAL_B_SPLINE_SURFACE ( (
 ( 1.000000000000000000, 0.7071067811865500152, 1.000000000000000000),
 ( 1.000000000000000000, 0.7088970182501777018, 1.000000000000000000),
 ( 1.000000000000000000, 0.7107303384445314842, 1.000000000000000000),
 ( 1.000000000000000000, 0.7135336037231725381, 1.000000000000000000),
 ( 1.000000000000000000, 0.7144768880248758558, 1.000000000000000000),
 ( 1.000000000000000000, 0.7163787774258284502, 1.000000000000000000),
 ( 1.000000000000000000, 0.7173405453619057237, 1.000000000000000000),
 ( 1.000000000000000000, 0.7201822630972409822, 1.000000000000000000),
 ( 1.000000000000000000, 0.7220378959687161480, 1.000000000000000000),
 ( 1.000000000000000000, 0.7256373513252889484, 1.000000000000000000),
 ( 1.000000000000000000, 0.7273904374625573821, 1.000000000000000000),
 ( 1.000000000000000000, 0.7305946414174403492, 1.000000000000000000),
 ( 1.000000000000000000, 0.7320651485290675664, 1.000000000000000000),
 ( 1.000000000000000000, 0.7340399461329000230, 1.000000000000000000),
 ( 1.000000000000000000, 0.7346593058190044045, 1.000000000000000000),
 ( 1.000000000000000000, 0.7357883475163217168, 1.000000000000000000),
 ( 1.000000000000000000, 0.7363019483063244497, 1.000000000000000000),
 ( 1.000000000000000000, 0.7386103068928875359, 1.000000000000000000),
 ( 1.000000000000000000, 0.7396331987041836475, 1.000000000000000000),
 ( 1.000000000000000000, 0.7396221813658886424, 1.000000000000000000) ) ) 
 REPRESENTATION_ITEM ( '' )  SURFACE ( )  );
#3543 = ORIENTED_EDGE ( 'NONE', *, *, #4039, .F. ) ;
#3542 = DIRECTION ( 'NONE',  ( 0.000000000000000000, 0.000000000000000000, -1.000000000000000000 ) ) ;
#3544 = AXIS2_PLACEMENT_3D ( 'NONE', #3092, #7822, #1022 ) ;
#3545 = CARTESIAN_POINT ( 'NONE',  ( -2.003086131649548415E-16, -19.49999999999999645, -330.0000000000000000 ) ) ;
#3546 = DIRECTION ( 'NONE',  ( -0.000000000000000000, -1.000000000000000000, -0.000000000000000000 ) ) ;
#3547 = AXIS2_PLACEMENT_3D ( 'NONE', #8143, #2799, #6748 ) ;
#3548 = CARTESIAN_POINT ( 'NONE',  ( -28.38229478021373353, 7.686522057078965631, 1.286458058814694549 ) ) ;
#3549 = CARTESIAN_POINT ( 'NONE',  ( 31.41195886219801281, -16.11585381818488116, -2.502984235498438625 ) ) ;
#3550 = ORIENTED_EDGE ( 'NONE', *, *, #2237, .T. ) ;
#3551 = VERTEX_POINT ( 'NONE', #7774 ) ;
#3552 = CYLINDRICAL_SURFACE ( 'NONE', #5497, 0.5000000000000000000 ) ;
#3553 = AXIS2_PLACEMENT_3D ( 'NONE', #4129, #4789, #5470 ) ;
#3554 = CARTESIAN_POINT ( 'NONE',  ( 0.000000000000000000, -21.50000000000000000, -330.0000000000000000 ) ) ;
#3555 = LINE ( 'NONE', #7928, #1783 ) ;
#3556 = CARTESIAN_POINT ( 'NONE',  ( 26.16797677669618594, 15.66500368925542652, 1.468683108945996629 ) ) ;
#3557 = CARTESIAN_POINT ( 'NONE',  ( 31.45220030349013385, 15.29999999999999716, -2.506856413650846882 ) ) ;
#3558 = CARTESIAN_POINT ( 'NONE',  ( 30.01493819423095388, 15.91651594878354459, -1.367823998171421529 ) ) ;
#3559 = FACE_BOUND ( 'NONE', #6681, .T. ) ;
#3560 = B_SPLINE_CURVE_WITH_KNOTS ( 'NONE', 3,
 ( #3223, #8560, #5351, #6055, #1941, #1354, #5313, #643, #623, #7982 ),
 .UNSPECIFIED., .F., .F.,
 ( 4, 2, 2, 2, 4 ),
 ( 0.0007833703569733447940, 0.001175013580061828357, 0.001566656803150311703, 0.001958300026238795049, 0.002349943249327278612 ),
 .UNSPECIFIED. ) ;
#3561 = CARTESIAN_POINT ( 'NONE',  ( 0.000000000000000000, -20.49999999999999645, -330.0000000000000000 ) ) ;
#3562 = DIRECTION ( 'NONE',  ( -0.000000000000000000, -1.000000000000000000, -0.000000000000000000 ) ) ;
#3563 = ORIENTED_EDGE ( 'NONE', *, *, #8617, .T. ) ;
#3564 = CIRCLE ( 'NONE', #7263, 331.5000000000000000 ) ;
#3565 = CARTESIAN_POINT ( 'NONE',  ( -26.87047981566148280, -21.29038078677911372, -2.099077490220673248 ) ) ;
#3566 = FACE_OUTER_BOUND ( 'NONE', #4613, .T. ) ;
#3567 = ORIENTED_EDGE ( 'NONE', *, *, #3266, .F. ) ;
#3568 = CIRCLE ( 'NONE', #5951, 330.0000000000000000 ) ;
#3570 = CARTESIAN_POINT ( 'NONE',  ( 29.60000000000000142, 8.399999999999996803, -1.330196093404401037 ) ) ;
#3569 = CARTESIAN_POINT ( 'NONE',  ( 29.08018882999081356, 18.16806190232212614, -1.283751364450717025 ) ) ;
#3571 = CARTESIAN_POINT ( 'NONE',  ( -29.07425534623110863, 18.17593516111189800, -1.283225799383501675 ) ) ;
#3572 = VECTOR ( 'NONE', #5375, 1000.000000000000114 ) ;
#3573 = ORIENTED_EDGE ( 'NONE', *, *, #592, .F. ) ;
#3574 = VERTEX_POINT ( 'NONE', #4358 ) ;
#3575 = CARTESIAN_POINT ( 'NONE',  ( 27.46437876799052447, 21.65572631031084327, -1.632913340504647648 ) ) ;
#3576 = VERTEX_POINT ( 'NONE', #2995 ) ;
#3577 = CARTESIAN_POINT ( 'NONE',  ( 25.99999999999999645, 20.00000000000001066, 1.520738416161293571 ) ) ;
#3578 = CYLINDRICAL_SURFACE ( 'NONE', #2037, 5.200000000000000178 ) ;
#3579 = CARTESIAN_POINT ( 'NONE',  ( -26.16923491493994192, 14.27683327959076820, 0.9114565125463860440 ) ) ;
#3580 = ORIENTED_EDGE ( 'NONE', *, *, #6620, .T. ) ;
#3581 = CARTESIAN_POINT ( 'NONE',  ( -30.62275844407038505, 18.40674194693368548, -2.428243119095879976 ) ) ;
#3582 = CARTESIAN_POINT ( 'NONE',  ( 7.000000000000000000, 16.79999999999986926, 2.426307623208445730 ) ) ;
#3583 = CARTESIAN_POINT ( 'NONE',  ( 31.45220030349013385, -15.30000000000000071, -2.506856413650806026 ) ) ;
#3584 = DIRECTION ( 'NONE',  ( 0.000000000000000000, -1.000000000000000000, 0.000000000000000000 ) ) ;
#3585 = ORIENTED_EDGE ( 'NONE', *, *, #3416, .F. ) ;
#3586 = VERTEX_POINT ( 'NONE', #5081 ) ;
#3587 = LINE ( 'NONE', #5923, #473 ) ;
#3588 = EDGE_CURVE ( 'NONE', #3576, #7330, #5579, .T. ) ;
#3589 = CARTESIAN_POINT ( 'NONE',  ( 1.558845726811992849, -19.20000000000000284, 0.1954572673585567300 ) ) ;
#3590 = CARTESIAN_POINT ( 'NONE',  ( 24.42417249838767646, 16.13979341311323523, 1.021184302882199857 ) ) ;
#3591 = CARTESIAN_POINT ( 'NONE',  ( 30.18392034131132817, 19.08171484905782478, -2.387451506848300209 ) ) ;
#3592 = CARTESIAN_POINT ( 'NONE',  ( 26.59836875376982235, -13.89999999999999503, 1.248375001254570238 ) ) ;
#3593 = EDGE_CURVE ( 'NONE', #4820, #1332, #29, .T. ) ;
#3594 = ORIENTED_EDGE ( 'NONE', *, *, #6164, .F. ) ;
#3595 = ORIENTED_EDGE ( 'NONE', *, *, #4761, .T. ) ;
#3596 = EDGE_CURVE ( 'NONE', #3948, #1012, #1256, .T. ) ;
#3597 = CARTESIAN_POINT ( 'NONE',  ( -31.95697454785104341, 16.17350967616023638, 0.9610447987889315646 ) ) ;
#3598 = CARTESIAN_POINT ( 'NONE',  ( 25.36693084585103719, 16.36240659185738977, 1.530983166872081913 ) ) ;
#3599 = ADVANCED_FACE ( 'NONE', ( #3124 ), #2602, .T. ) ;
#3600 = CARTESIAN_POINT ( 'NONE',  ( -27.60406064735639831, -19.97392770071511947, -1.639636962449076973 ) ) ;
#3601 = CARTESIAN_POINT ( 'NONE',  ( 24.63779875630437743, -16.07878198025040106, 1.059518551830103572 ) ) ;
#3602 = ORIENTED_EDGE ( 'NONE', *, *, #594, .F. ) ;
#3603 = AXIS2_PLACEMENT_3D ( 'NONE', #5378, #672, #4678 ) ;
#3604 = EDGE_CURVE ( 'NONE', #1547, #7087, #2611, .T. ) ;
#3605 = FACE_OUTER_BOUND ( 'NONE', #1737, .T. ) ;
#3606 = DIRECTION ( 'NONE',  ( 0.000000000000000000, 0.000000000000000000, 1.000000000000000000 ) ) ;
#3607 = CARTESIAN_POINT ( 'NONE',  ( -25.90941320659872105, 15.01967710649535981, 0.9373512501145238041 ) ) ;
#3608 = CARTESIAN_POINT ( 'NONE',  ( 29.20245812135986441, 13.29927573808575225, 1.215150424316963296 ) ) ;
#3609 =( NAMED_UNIT ( * ) PLANE_ANGLE_UNIT ( ) SI_UNIT ( $, .RADIAN. ) );
#3610 = CARTESIAN_POINT ( 'NONE',  ( 27.60196505088729779, -19.97512247954547249, -1.639477303077690129 ) ) ;
#3611 = ORIENTED_EDGE ( 'NONE', *, *, #6388, .T. ) ;
#3612 = CARTESIAN_POINT ( 'NONE',  ( 30.50000000000000000, -15.63233544031961841, 1.098172752449000367 ) ) ;
#3613 = CARTESIAN_POINT ( 'NONE',  ( 26.20000000000000284, -13.39999999999999680, 5.301000000000002821 ) ) ;
#3614 = AXIS2_PLACEMENT_3D ( 'NONE', #2660, #2636, #3286 ) ;
#3615 = EDGE_CURVE ( 'NONE', #7401, #2633, #3020, .T. ) ;
#3616 = CARTESIAN_POINT ( 'NONE',  ( 1.386479665519877447, -19.30000000000002203, 0.4970917786374595693 ) ) ;
#3617 = CC_DESIGN_DATE_AND_TIME_ASSIGNMENT ( #7980, #6974, ( #7808 ) ) ;
#3618 = CARTESIAN_POINT ( 'NONE',  ( 30.44546211965744931, -15.23810007956734225, 1.103205127519130357 ) ) ;
#3619 = ORIENTED_EDGE ( 'NONE', *, *, #190, .F. ) ;
#3620 = CARTESIAN_POINT ( 'NONE',  ( 25.89278331635355102, 15.05083786615928432, 0.8818060872690063334 ) ) ;
#3621 = CARTESIAN_POINT ( 'NONE',  ( 26.20000000000000284, 13.39999999999999680, 5.301000000000002821 ) ) ;
#3622 = CARTESIAN_POINT ( 'NONE',  ( 28.49999999999999645, -18.50000000000000355, 1.276319709120343759 ) ) ;
#3623 = CARTESIAN_POINT ( 'NONE',  ( 24.22814943973633817, 16.17659495002699543, 1.039033545925241553 ) ) ;
#3624 = CARTESIAN_POINT ( 'NONE',  ( 28.02088050470647218, -12.80972932452369939, -1.191800762471498132 ) ) ;
#3625 = DIRECTION ( 'NONE',  ( -1.000000000000000000, 0.000000000000000000, 0.000000000000000000 ) ) ;
#3626 = CARTESIAN_POINT ( 'NONE',  ( -25.33839150227618120, -20.00000000000000000, -0.9742169432957668018 ) ) ;
#3627 = VERTEX_POINT ( 'NONE', #8468 ) ;
#3628 = CARTESIAN_POINT ( 'NONE',  ( 27.78110340865648809, 20.42464496080624770, -2.174849066899581462 ) ) ;
#3629 = DIRECTION ( 'NONE',  ( -1.000000000000000000, 1.001543065824771570E-15, 0.000000000000000000 ) ) ;
#3630 = CARTESIAN_POINT ( 'NONE',  ( 31.57278314986209367, 17.66440946487837849, -1.971409882597038754 ) ) ;
#3631 = ORIENTED_EDGE ( 'NONE', *, *, #7179, .T. ) ;
#3632 = CARTESIAN_POINT ( 'NONE',  ( -30.50000000000000000, 15.29999999999999716, 2.501025000000002052 ) ) ;
#3633 = CARTESIAN_POINT ( 'NONE',  ( -29.42234456483737048, -17.65717236733939899, -1.314199972490198043 ) ) ;
#3634 = CARTESIAN_POINT ( 'NONE',  ( 27.69224171133052081, -19.38169154630989865, -1.163862146558015231 ) ) ;
#3635 = CARTESIAN_POINT ( 'NONE',  ( -0.1400553356840697483, -16.49998833702974110, 1.404846936933603108E-08 ) ) ;
#3636 = CARTESIAN_POINT ( 'NONE',  ( -30.50000000000000000, 15.98565312335732358, -1.868547682182935432 ) ) ;
#3637 = ORIENTED_EDGE ( 'NONE', *, *, #3023, .T. ) ;
#3638 = CARTESIAN_POINT ( 'NONE',  ( -24.36092525124445274, -16.15334320796377199, 1.085110565856518106 ) ) ;
#3639 = EDGE_CURVE ( 'NONE', #7353, #3272, #2814, .T. ) ;
#3640 = EDGE_CURVE ( 'NONE', #5870, #966, #8238, .T. ) ;
#3641 = CARTESIAN_POINT ( 'NONE',  ( 31.65198509999578746, -17.44251931823990986, 0.9903222304650134422 ) ) ;
#3642 = CARTESIAN_POINT ( 'NONE',  ( 25.76993934657818741, 15.23968234354566853, 0.8938454709840443213 ) ) ;
#3643 = CARTESIAN_POINT ( 'NONE',  ( 30.63355065332284255, 18.40784156011559247, -2.429188492444270153 ) ) ;
#3644 = CARTESIAN_POINT ( 'NONE',  ( -26.20000000000000284, 5.580403008799160069, 0.4630236501506068691 ) ) ;
#3645 = DIRECTION ( 'NONE',  ( -1.000000000000000000, 0.000000000000000000, 0.000000000000000000 ) ) ;
#3646 = VERTEX_POINT ( 'NONE', #3745 ) ;
#3647 = CARTESIAN_POINT ( 'NONE',  ( 25.42167131888600906, 15.62630937747618631, 0.9276118010348474163 ) ) ;
#3648 = CARTESIAN_POINT ( 'NONE',  ( 28.10133666887679382, 7.996412181482859260, -1.198667114155817393 ) ) ;
#3649 = CARTESIAN_POINT ( 'NONE',  ( 0.000000000000000000, 16.75631529253509200, -330.0000000000000000 ) ) ;
#3650 = CARTESIAN_POINT ( 'NONE',  ( -25.98289681539611351, -20.50000000000000000, -1.520274238795777277 ) ) ;
#3651 = FACE_OUTER_BOUND ( 'NONE', #7811, .T. ) ;
#3652 = EDGE_CURVE ( 'NONE', #3864, #239, #276, .T. ) ;
#3653 = CARTESIAN_POINT ( 'NONE',  ( 27.60197972589607573, 19.97511470053854410, -1.676634551755869174 ) ) ;
#3654 =( BOUNDED_SURFACE ( )  B_SPLINE_SURFACE ( 3, 2, ( 
 ( #1129, #5160, #3197 ),
 ( #4018, #2597, #5264 ),
 ( #3365, #3989, #7392 ),
 ( #5349, #5939, #4626 ) ),
 .UNSPECIFIED., .F., .F., .T. ) 
 B_SPLINE_SURFACE_WITH_KNOTS ( ( 4, 4 ),
 ( 3, 3 ),
 ( 4.712388980384689674, 4.716584090013407504 ),
 ( 0.000000000000000000, 1.000000000000000000 ),
 .UNSPECIFIED. ) 
 GEOMETRIC_REPRESENTATION_ITEM ( )  RATIONAL_B_SPLINE_SURFACE ( (
 ( 1.000000000000000000, 0.7071067811865474617, 1.000000000000000000),
 ( 1.000000000000000000, 0.7075349427702506411, 1.000000000000000000),
 ( 1.000000000000000000, 0.7079627154677201606, 1.000000000000000000),
 ( 1.000000000000000000, 0.7083900976346892975, 1.000000000000000000) ) ) 
 REPRESENTATION_ITEM ( '' )  SURFACE ( )  );
#3655 = ORIENTED_EDGE ( 'NONE', *, *, #902, .F. ) ;
#3656 = AXIS2_PLACEMENT_3D ( 'NONE', #2493, #5813, #1113 ) ;
#3657 = CIRCLE ( 'NONE', #5, 332.0000000000000000 ) ;
#3658 = DIRECTION ( 'NONE',  ( 0.9970548523794470208, 0.000000000000000000, 0.07669172932330454995 ) ) ;
#3659 = CARTESIAN_POINT ( 'NONE',  ( -29.43418412400619033, 18.47239120305506077, -1.853138363538942013 ) ) ;
#3660 = AXIS2_PLACEMENT_3D ( 'NONE', #6609, #4691, #5955 ) ;
#3661 = CARTESIAN_POINT ( 'NONE',  ( 29.97150630910677194, -17.59040022643571533, -1.363596040265431242 ) ) ;
#3662 = VERTEX_POINT ( 'NONE', #7155 ) ;
#3663 = DIRECTION ( 'NONE',  ( 0.000000000000000000, 0.000000000000000000, 1.000000000000000000 ) ) ;
#3664 = VECTOR ( 'NONE', #2392, 1000.000000000000000 ) ;
#3665 = CIRCLE ( 'NONE', #4049, 0.5000000000000000000 ) ;
#3666 = CARTESIAN_POINT ( 'NONE',  ( 0.1732050807570547080, -16.80000000000028848, 0.5000000000000224265 ) ) ;
#3667 = VECTOR ( 'NONE', #1864, 1000.000000000000000 ) ;
#3668 = CARTESIAN_POINT ( 'NONE',  ( -25.24061812964980689, -15.76926569903923081, 1.002549198927840779 ) ) ;
#3669 = VERTEX_POINT ( 'NONE', #3105 ) ;
#3670 = AXIS2_PLACEMENT_3D ( 'NONE', #1953, #1935, #5961 ) ;
#3671 = CARTESIAN_POINT ( 'NONE',  ( -29.99999999999999645, -15.50000000000000355, 1.143850916804078910 ) ) ;
#3673 = EDGE_LOOP ( 'NONE', ( #2109, #4279, #2737, #5460 ) ) ;
#3672 = DIRECTION ( 'NONE',  ( 2.264854970235319342E-12, 0.000000000000000000, 1.000000000000000000 ) ) ;
#3674 = CARTESIAN_POINT ( 'NONE',  ( -29.43914896190277020, -7.907691813241706669, 1.194190765721558245 ) ) ;
#3675 = CARTESIAN_POINT ( 'NONE',  ( 29.35158509770131374, 19.97166976313078024, -2.311784479964634542 ) ) ;
#3676 = CIRCLE ( 'NONE', #5731, 332.0000000000000000 ) ;
#3677 = ORIENTED_EDGE ( 'NONE', *, *, #8508, .T. ) ;
#3678 = CARTESIAN_POINT ( 'NONE',  ( 28.00000000000000000, 13.39999999999999680, 5.000000000000000000 ) ) ;
#3679 = CARTESIAN_POINT ( 'NONE',  ( -28.00000000000000000, 12.59999999999999432, 1.318955087088236056 ) ) ;
#3680 = LINE ( 'NONE', #2537, #3800 ) ;
#3681 = CARTESIAN_POINT ( 'NONE',  ( 25.33810240963855520, 21.50000000000000000, 1.533151534320438270 ) ) ;
#3682 = CARTESIAN_POINT ( 'NONE',  ( 26.03852231361137726, 14.74738711541140290, 0.8674278159541118915 ) ) ;
#3683 = CARTESIAN_POINT ( 'NONE',  ( -31.64759532191950697, 17.45557187516742204, 0.5331932643653363169 ) ) ;
#3684 = ADVANCED_FACE ( 'NONE', ( #6997 ), #238, .F. ) ;
#3685 = ORIENTED_EDGE ( 'NONE', *, *, #4367, .F. ) ;
#3686 = CARTESIAN_POINT ( 'NONE',  ( -25.33839150227617765, -20.50000000000000000, -0.9742169432957668018 ) ) ;
#3687 = ORIENTED_EDGE ( 'NONE', *, *, #3723, .F. ) ;
#3688 = ORIENTED_EDGE ( 'NONE', *, *, #2238, .T. ) ;
#3689 = CARTESIAN_POINT ( 'NONE',  ( 28.10763091273008385, 20.25013325531244135, -2.202719183516973267 ) ) ;
#3690 = VECTOR ( 'NONE', #4083, 1000.000000000000000 ) ;
#3691 = CARTESIAN_POINT ( 'NONE',  ( 26.17634983477081434, 21.95671385830799949, 0.9718653611812285709 ) ) ;
#3692 = CARTESIAN_POINT ( 'NONE',  ( -26.74312939793556154, 20.81625742720400751, -2.088516857615790645 ) ) ;
#3693 = CARTESIAN_POINT ( 'NONE',  ( -25.41850061707799924, 15.63396839388769521, -0.9803787570813785601 ) ) ;
#3694 = CARTESIAN_POINT ( 'NONE',  ( -26.19999999999999218, -14.04812433121636062, 0.9083697654873369443 ) ) ;
#3695 = ORIENTED_EDGE ( 'NONE', *, *, #5042, .F. ) ;
#3696 = CARTESIAN_POINT ( 'NONE',  ( -30.32556465877506469, 16.64644185609019544, -1.943493710808528840 ) ) ;
#3697 = APPROVAL_ROLE ( '' ) ;
#3698 = ORIENTED_EDGE ( 'NONE', *, *, #736, .T. ) ;
#3699 = TOROIDAL_SURFACE ( 'NONE', #5218, 332.0000000000000000, 0.5000000000000000000 ) ;
#3700 = CARTESIAN_POINT ( 'NONE',  ( -23.92455705180359615, 16.57087686169005991, 1.467153483040260165 ) ) ;
#3701 = CARTESIAN_POINT ( 'NONE',  ( -26.64236725148906970, 20.32663661081128836, -1.568398084577252050 ) ) ;
#3702 = DIRECTION ( 'NONE',  ( 0.000000000000000000, 0.000000000000000000, 1.000000000000000000 ) ) ;
#3703 = CARTESIAN_POINT ( 'NONE',  ( -26.79755313065455269, -13.90000000000000213, 1.418377803962087569 ) ) ;
#3704 = EDGE_LOOP ( 'NONE', ( #2206, #3248, #8172, #4891 ) ) ;
#3705 = EDGE_CURVE ( 'NONE', #4226, #244, #1992, .T. ) ;
#3706 = APPROVAL_DATE_TIME ( #4227, #5571 ) ;
#3707 = CARTESIAN_POINT ( 'NONE',  ( -26.41292910006186645, 15.33128066010816681, 1.449253685405071268 ) ) ;
#3708 = CARTESIAN_POINT ( 'NONE',  ( 25.70156452845909811, 15.33031607938588081, 0.9005174377177773692 ) ) ;
#3709 = CARTESIAN_POINT ( 'NONE',  ( 27.42205469198727386, 21.65897223877562539, -2.144693056660808228 ) ) ;
#3710 = CARTESIAN_POINT ( 'NONE',  ( 32.00000000000000000, 22.00000000000000000, -1.555179672444835681 ) ) ;
#3711 = EDGE_CURVE ( 'NONE', #1771, #727, #5133, .T. ) ;
#3712 = EDGE_CURVE ( 'NONE', #155, #6260, #7122, .T. ) ;
#3713 = CARTESIAN_POINT ( 'NONE',  ( 24.90921060408476606, 15.96741555885128605, 0.9762607983184580229 ) ) ;
#3714 = CARTESIAN_POINT ( 'NONE',  ( -31.11402320846769953, 18.65840839750155666, 0.5794610655533121157 ) ) ;
#3715 = ORIENTED_EDGE ( 'NONE', *, *, #6906, .F. ) ;
#3716 = DIRECTION ( 'NONE',  ( -0.000000000000000000, 1.000000000000000000, 0.000000000000000000 ) ) ;
#3717 = CIRCLE ( 'NONE', #5117, 0.5000000000000000000 ) ;
#3718 = ADVANCED_FACE ( 'NONE', ( #6795 ), #4463, .F. ) ;
#3719 = AXIS2_PLACEMENT_3D ( 'NONE', #6537, #5284, #1875 ) ;
#3720 = CARTESIAN_POINT ( 'NONE',  ( -28.50000000000000000, 18.49999999999999645, 1.276319709107132105 ) ) ;
#3721 = AXIS2_PLACEMENT_3D ( 'NONE', #4866, #8138, #5581 ) ;
#3722 = AXIS2_PLACEMENT_3D ( 'NONE', #4685, #2057, #6064 ) ;
#3723 = EDGE_CURVE ( 'NONE', #7534, #3724, #2503, .T. ) ;
#3724 = VERTEX_POINT ( 'NONE', #6592 ) ;
#3725 = CARTESIAN_POINT ( 'NONE',  ( 25.49999999999999645, 20.00000000000001066, 1.520738416161293571 ) ) ;
#3726 = DIRECTION ( 'NONE',  ( -0.000000000000000000, 0.000000000000000000, 1.000000000000000000 ) ) ;
#3727 = CARTESIAN_POINT ( 'NONE',  ( -26.03852174884841375, -14.74738848623686138, 0.9245235451112460145 ) ) ;
#3728 = CARTESIAN_POINT ( 'NONE',  ( -30.17751465793070054, 19.09028101256737742, -2.386860284942033950 ) ) ;
#3729 = PERSON_AND_ORGANIZATION_ROLE ( 'design_supplier' ) ;
#3730 = CARTESIAN_POINT ( 'NONE',  ( 26.99516788551401092, -19.70193783239473007, -1.105972526343002249 ) ) ;
#3731 = ADVANCED_FACE ( 'NONE', ( #2087 ), #1216, .F. ) ;
#3732 = CARTESIAN_POINT ( 'NONE',  ( -30.03639446898954191, 17.45296539271086189, -1.830501746782106531 ) ) ;
#3733 = AXIS2_PLACEMENT_3D ( 'NONE', #6821, #4225, #6239 ) ;
#3734 = ORIENTED_EDGE ( 'NONE', *, *, #839, .F. ) ;
#3735 = CARTESIAN_POINT ( 'NONE',  ( -26.70170100473839270, -14.63913690035138693, 1.426115305331935978 ) ) ;
#3736 = DIRECTION ( 'NONE',  ( 0.9959213561407166404, 0.000000000000000000, 0.09022556390977008733 ) ) ;
#3737 = CARTESIAN_POINT ( 'NONE',  ( -24.98711817985257611, 16.55725808253621878, 1.559792204726572429 ) ) ;
#3738 = CARTESIAN_POINT ( 'NONE',  ( 30.00000000013388401, 15.00000000000001243, 1.143850916776011140 ) ) ;
#3739 = CARTESIAN_POINT ( 'NONE',  ( 27.62779205616570621, 21.58652302075385521, -2.161962860964711908 ) ) ;
#3740 = ORIENTED_EDGE ( 'NONE', *, *, #299, .T. ) ;
#3741 = CARTESIAN_POINT ( 'NONE',  ( 28.44833027568969896, 18.84138623565318227, -1.228438013082858049 ) ) ;
#3742 = CARTESIAN_POINT ( 'NONE',  ( -25.00144388323977296, 19.99999999999921130, 1.558709437338138937 ) ) ;
#3743 = CARTESIAN_POINT ( 'NONE',  ( -24.12496569880365271, -16.75166867790478165, 1.623649305992133085 ) ) ;
#3744 = CARTESIAN_POINT ( 'NONE',  ( -27.90300775635875041, 20.94992476582640606, 1.327190500068072376 ) ) ;
#3745 = CARTESIAN_POINT ( 'NONE',  ( -23.89999999999999858, -16.19999999999999929, -0.8666075889594559989 ) ) ;
#3746 = CARTESIAN_POINT ( 'NONE',  ( 28.00252619996283343, 20.86287400327172747, -2.193821617951021707 ) ) ;
#3747 = CARTESIAN_POINT ( 'NONE',  ( -29.50200554329793334, 15.36963336682841330, 1.188589279466599313 ) ) ;
#3748 = ORIENTED_EDGE ( 'NONE', *, *, #1027, .F. ) ;
#3749 = CARTESIAN_POINT ( 'NONE',  ( 29.96339941607510227, 17.60688414580275207, -1.906446156217945109 ) ) ;
#3750 = DIRECTION ( 'NONE',  ( 1.000000000000000000, 0.000000000000000000, 0.000000000000000000 ) ) ;
#3751 = CARTESIAN_POINT ( 'NONE',  ( -30.20128234097726505, 18.15554130522491150, -2.389063752950389752 ) ) ;
#3752 = CARTESIAN_POINT ( 'NONE',  ( -29.59999999999999432, 12.81170412606332398, -1.330196093404405699 ) ) ;
#3753 = EDGE_LOOP ( 'NONE', ( #1214, #6815, #1389, #4414 ) ) ;
#3754 = CARTESIAN_POINT ( 'NONE',  ( 29.38951897978764194, -20.62536980583364965, 0.7237778116608480916 ) ) ;
#3755 = CARTESIAN_POINT ( 'NONE',  ( -25.94562740159547687, -20.26159452514415804, 1.486173148930143295 ) ) ;
#3756 = LINE ( 'NONE', #6576, #823 ) ;
#3757 = CARTESIAN_POINT ( 'NONE',  ( -31.50000000000000000, -6.513704236698701244, 0.5022692811654794198 ) ) ;
#3758 = EDGE_CURVE ( 'NONE', #6228, #5933, #2882, .T. ) ;
#3759 = CARTESIAN_POINT ( 'NONE',  ( -26.79755052876129540, -13.99443414442758815, 1.418377994017967270 ) ) ;
#3760 = ORIENTED_EDGE ( 'NONE', *, *, #2634, .F. ) ;
#3761 = EDGE_CURVE ( 'NONE', #5508, #4968, #6597, .T. ) ;
#3762 = CARTESIAN_POINT ( 'NONE',  ( 26.20000000000000284, 5.580403008799160069, -1.937490070343665938 ) ) ;
#3763 = CARTESIAN_POINT ( 'NONE',  ( 31.45220030349013385, -15.30000000000000071, -2.506856413650857984 ) ) ;
#3764 = CARTESIAN_POINT ( 'NONE',  ( 29.86836452057183422, 14.99999999996408917, 1.155776442120835190 ) ) ;
#3765 = CARTESIAN_POINT ( 'NONE',  ( 29.98017361252284729, 17.59154039639338052, -1.364369946420047830 ) ) ;
#3766 = CARTESIAN_POINT ( 'NONE',  ( 25.99999999999999645, -20.13225487986177242, 1.481899958369614634 ) ) ;
#3767 = CYLINDRICAL_SURFACE ( 'NONE', #6789, 332.5000000000000568 ) ;
#3768 = B_SPLINE_CURVE_WITH_KNOTS ( 'NONE', 1,
 ( #5171, #1754 ),
 .UNSPECIFIED., .F., .F.,
 ( 2, 2 ),
 ( 0.000000000000000000, 1.000000000000000000 ),
 .UNSPECIFIED. ) ;
#3769 = CARTESIAN_POINT ( 'NONE',  ( -26.08710761592510963, -15.78448165292444294, 1.475057600916549028 ) ) ;
#3770 = CARTESIAN_POINT ( 'NONE',  ( -30.01311001675383494, 19.40039974028070091, 1.142787710302583415 ) ) ;
#3771 = ORIENTED_EDGE ( 'NONE', *, *, #3126, .F. ) ;
#3772 = ADVANCED_FACE ( 'NONE', ( #2200 ), #333, .F. ) ;
#3773 = VECTOR ( 'NONE', #5601, 1000.000000000000000 ) ;
#3774 = B_SPLINE_CURVE_WITH_KNOTS ( 'NONE', 3,
 ( #1672, #7018, #2399, #2368, #439, #1034, #3755, #4995, #5087, #1648 ),
 .UNSPECIFIED., .F., .F.,
 ( 4, 2, 2, 2, 4 ),
 ( 0.0007829272514952856366, 0.001174343256222391395, 0.001565759260949496938, 0.001957175265676602480, 0.002348591270403708239 ),
 .UNSPECIFIED. ) ;
#3775 = CARTESIAN_POINT ( 'NONE',  ( 0.3464101615137769041, -16.69999999999999929, 0.1998182918942411068 ) ) ;
#3776 = CIRCLE ( 'NONE', #3376, 331.3999999999999773 ) ;
#3777 = EDGE_CURVE ( 'NONE', #1669, #6211, #3560, .T. ) ;
#3778 = DIRECTION ( 'NONE',  ( 0.000000000000000000, 1.000000000000000000, 0.000000000000000000 ) ) ;
#3779 = DIRECTION ( 'NONE',  ( 0.000000000000000000, 0.000000000000000000, 1.000000000000000000 ) ) ;
#3780 = CIRCLE ( 'NONE', #2369, 0.5000000000000000000 ) ;
#3781 = ORIENTED_EDGE ( 'NONE', *, *, #1186, .F. ) ;
#3782 = CIRCLE ( 'NONE', #8595, 332.0000000000000000 ) ;
#3783 = AXIS2_PLACEMENT_3D ( 'NONE', #7383, #5397, #1315 ) ;
#3784 = DIRECTION ( 'NONE',  ( 0.000000000000000000, 0.000000000000000000, 1.000000000000000000 ) ) ;
#3785 = TOROIDAL_SURFACE ( 'NONE', #8458, 332.0000000000000000, 0.5000000000000000000 ) ;
#3786 = DIRECTION ( 'NONE',  ( -0.000000000000000000, -0.000000000000000000, 1.000000000000000000 ) ) ;
#3787 = ORIENTED_EDGE ( 'NONE', *, *, #2065, .T. ) ;
#3788 = CARTESIAN_POINT ( 'NONE',  ( -24.20082641718110494, 16.18514286165762783, -0.8885574067608863480 ) ) ;
#3789 = TOROIDAL_SURFACE ( 'NONE', #7738, 329.5000000000000000, 0.5000000000000000000 ) ;
#3790 = CARTESIAN_POINT ( 'NONE',  ( -24.78462542365253540, -16.02307618393916044, 1.045796830991983617 ) ) ;
#3791 = EDGE_CURVE ( 'NONE', #4968, #694, #4236, .T. ) ;
#3792 = CIRCLE ( 'NONE', #8183, 0.5000000000000001110 ) ;
#3793 = CC_DESIGN_PERSON_AND_ORGANIZATION_ASSIGNMENT ( #4642, #8262, ( #2582 ) ) ;
#3794 = CARTESIAN_POINT ( 'NONE',  ( 26.86406412422811840, -21.81870798267089739, 1.413082074624758100 ) ) ;
#3795 = DIRECTION ( 'NONE',  ( 0.000000000000000000, 1.000000000000000000, -0.000000000000000000 ) ) ;
#3796 = ORIENTED_EDGE ( 'NONE', *, *, #5882, .F. ) ;
#3797 = ORIENTED_EDGE ( 'NONE', *, *, #5826, .F. ) ;
#3798 = DIRECTION ( 'NONE',  ( -1.000000000000000000, 0.000000000000000000, 0.000000000000000000 ) ) ;
#3799 = ORIENTED_EDGE ( 'NONE', *, *, #6191, .F. ) ;
#3800 = VECTOR ( 'NONE', #7193, 1000.000000000000000 ) ;
#3801 = EDGE_LOOP ( 'NONE', ( #7958, #5619, #2753, #3446 ) ) ;
#3802 = CARTESIAN_POINT ( 'NONE',  ( -24.38709812970762059, -16.14814786449491990, 1.082709597136620516 ) ) ;
#3803 = CARTESIAN_POINT ( 'NONE',  ( 12.00000000000000000, 21.99999999999999645, 2.283388089142968091 ) ) ;
#3804 = CARTESIAN_POINT ( 'NONE',  ( 0.000000000000000000, 22.00000000000000000, -330.0000000000000000 ) ) ;
#3805 = CARTESIAN_POINT ( 'NONE',  ( -1.096968900456256391, -18.40000586991319409, 0.1978800569895827199 ) ) ;
#3806 = VERTEX_POINT ( 'NONE', #4019 ) ;
#3807 = CARTESIAN_POINT ( 'NONE',  ( 29.81241710772896525, 17.90645565383767490, -1.812277367906098613 ) ) ;
#3808 = CARTESIAN_POINT ( 'NONE',  ( 29.43914896190277730, -13.09230818675828445, 1.194190765721558023 ) ) ;
#3809 = ORIENTED_EDGE ( 'NONE', *, *, #294, .T. ) ;
#3810 = CIRCLE ( 'NONE', #4331, 332.5000000000000000 ) ;
#3811 = CARTESIAN_POINT ( 'NONE',  ( -25.89305865875429546, -15.98618436885327831, 1.490277216546087802 ) ) ;
#3812 = CARTESIAN_POINT ( 'NONE',  ( -25.74757883629327182, 21.49999999879927515, 1.501856456935557027 ) ) ;
#3813 = DIRECTION ( 'NONE',  ( 0.000000000000000000, 0.000000000000000000, 1.000000000000000000 ) ) ;
#3814 = EDGE_LOOP ( 'NONE', ( #6089, #5454, #1577, #7676 ) ) ;
#3815 = ORIENTED_EDGE ( 'NONE', *, *, #3486, .T. ) ;
#3816 = DIRECTION ( 'NONE',  ( 0.000000000000000000, 0.000000000000000000, 1.000000000000000000 ) ) ;
#3817 = DIRECTION ( 'NONE',  ( 0.000000000000000000, -0.000000000000000000, -1.000000000000000000 ) ) ;
#3818 = DIRECTION ( 'NONE',  ( 0.000000000000000000, -0.000000000000000000, 1.000000000000000000 ) ) ;
#3819 = CARTESIAN_POINT ( 'NONE',  ( -25.12138368262421650, -15.85011078289199915, 1.013957700610518708 ) ) ;
#3820 = CARTESIAN_POINT ( 'NONE',  ( 27.70020691632998222, -21.55921981853552793, 1.344259202093245786 ) ) ;
#3821 = ORIENTED_EDGE ( 'NONE', *, *, #3077, .F. ) ;
#3822 = DIRECTION ( 'NONE',  ( 0.000000000000000000, -1.000000000000000000, -0.000000000000000000 ) ) ;
#3823 = CARTESIAN_POINT ( 'NONE',  ( 30.16296006159621257, -17.14967907144820813, -2.385311564778301641 ) ) ;
#3824 = CARTESIAN_POINT ( 'NONE',  ( 29.43914165319148424, 13.09231761009948691, -1.315740522812071545 ) ) ;
#3825 = DIRECTION ( 'NONE',  ( 0.9970548523794470208, 0.000000000000000000, 0.07669172932330454995 ) ) ;
#3826 = B_SPLINE_CURVE_WITH_KNOTS ( 'NONE', 3,
 ( #236, #6932, #347, #6381, #3612, #7623 ),
 .UNSPECIFIED., .F., .F.,
 ( 4, 2, 4 ),
 ( 0.002349898258968005898, 0.002741259921199556103, 0.003132621583431105874 ),
 .UNSPECIFIED. ) ;
#3827 = DIRECTION ( 'NONE',  ( 0.07678300455235542721, 0.000000000000000000, 0.9970478274445579991 ) ) ;
#3828 = VERTEX_POINT ( 'NONE', #8031 ) ;
#3829 = CARTESIAN_POINT ( 'NONE',  ( 31.10124081032481769, 18.65913110791592189, 0.5804953428808327098 ) ) ;
#3830 = CARTESIAN_POINT ( 'NONE',  ( -25.74185501771959395, -22.00000000000000355, 1.003355889224540221 ) ) ;
#3831 = DIRECTION ( 'NONE',  ( -1.000000000000000000, 0.000000000000000000, 0.000000000000000000 ) ) ;
#3832 = CARTESIAN_POINT ( 'NONE',  ( -31.32032972588498509, 18.27297620937185485, 0.5616472900733251450 ) ) ;
#3833 = CARTESIAN_POINT ( 'NONE',  ( -25.60428332348396552, -16.22139660955523865, 1.512702760500435284 ) ) ;
#3834 = CARTESIAN_POINT ( 'NONE',  ( -26.82685076521072176, 21.82742297044063307, 0.9236480437097004392 ) ) ;
#3835 = CARTESIAN_POINT ( 'NONE',  ( 25.26160849772382377, 21.50000000000000000, -1.971264770740412731 ) ) ;
#3836 = ORIENTED_EDGE ( 'NONE', *, *, #5042, .T. ) ;
#3837 = CARTESIAN_POINT ( 'NONE',  ( 23.90000000000000568, 16.19999999999999929, 1.068511170717599157 ) ) ;
#3838 = CARTESIAN_POINT ( 'NONE',  ( 28.70853880717872997, 19.24201952604769517, -2.254709343352507389 ) ) ;
#3839 = AXIS2_PLACEMENT_3D ( 'NONE', #6425, #313, #2394 ) ;
#3840 = CARTESIAN_POINT ( 'NONE',  ( 26.80000000000000071, -7.599999999999996980, 5.301000000000002821 ) ) ;
#3841 = CARTESIAN_POINT ( 'NONE',  ( -30.20035523276927236, 18.15716458476033779, -2.388978177887168819 ) ) ;
#3842 = PLANE ( 'NONE',  #1604 ) ;
#3843 = ORIENTED_EDGE ( 'NONE', *, *, #4087, .F. ) ;
#3844 = DIRECTION ( 'NONE',  ( 0.000000000000000000, 0.000000000000000000, 1.000000000000000000 ) ) ;
#3845 = CARTESIAN_POINT ( 'NONE',  ( 30.27536749090777946, -19.08165168530146261, 1.118865968334656902 ) ) ;
#3846 = CARTESIAN_POINT ( 'NONE',  ( 31.38831394923564844, -16.70921357180188238, 1.015143652668578866 ) ) ;
#3847 = ADVANCED_FACE ( 'NONE', ( #5228 ), #4292, .F. ) ;
#3848 = ORIENTED_EDGE ( 'NONE', *, *, #5387, .F. ) ;
#3849 = CARTESIAN_POINT ( 'NONE',  ( -0.6350869895718271874, -17.60000293316437237, 0.3000000000000226374 ) ) ;
#3850 = DIRECTION ( 'NONE',  ( -0.000000000000000000, 1.000000000000000000, 0.000000000000000000 ) ) ;
#3851 = CARTESIAN_POINT ( 'NONE',  ( 31.31694531254452230, 18.25538246291309008, 1.022173462975476843 ) ) ;
#3852 = CARTESIAN_POINT ( 'NONE',  ( -28.29790904822940689, -21.30787137990624558, 1.293957038952031180 ) ) ;
#3853 = CARTESIAN_POINT ( 'NONE',  ( -0.1732050807568746298, -16.79999999999997229, 0.1998182918942492670 ) ) ;
#3854 = DIRECTION ( 'NONE',  ( 0.000000000000000000, 0.000000000000000000, -1.000000000000000000 ) ) ;
#3855 = CARTESIAN_POINT ( 'NONE',  ( 29.57911991119107498, -12.80972333873083713, 1.181713408262893727 ) ) ;
#3856 = EDGE_LOOP ( 'NONE', ( #6407, #3465, #6615, #712 ) ) ;
#3857 = CARTESIAN_POINT ( 'NONE',  ( -25.74183330727555585, 22.00000000000000000, 1.003357424648627871 ) ) ;
#3858 = CARTESIAN_POINT ( 'NONE',  ( 28.00000000000000000, 8.400000000000000355, 1.318955087088236056 ) ) ;
#3859 = DIRECTION ( 'NONE',  ( -0.4999982802835550855, 0.8660224251481899449, 0.002622756934075326594 ) ) ;
#3860 = VERTEX_POINT ( 'NONE', #2026 ) ;
#3861 = DIRECTION ( 'NONE',  ( 0.000000000000000000, 1.000000000000000000, 0.000000000000000000 ) ) ;
#3862 = CARTESIAN_POINT ( 'NONE',  ( -26.75801909412913560, 20.84916578352593319, -2.089221018257416240 ) ) ;
#3863 = CARTESIAN_POINT ( 'NONE',  ( 27.02958787820729825, 21.77662775775983661, 0.9084471451312806645 ) ) ;
#3864 = VERTEX_POINT ( 'NONE', #4593 ) ;
#3865 = CARTESIAN_POINT ( 'NONE',  ( -31.82862078276724915, -16.82145642349964376, -1.993951928333609569 ) ) ;
#3866 = CARTESIAN_POINT ( 'NONE',  ( 26.17877762374024897, -21.95671431451414080, 0.9716933557724930504 ) ) ;
#3867 = ORIENTED_EDGE ( 'NONE', *, *, #5936, .T. ) ;
#3868 = CARTESIAN_POINT ( 'NONE',  ( -28.00000000000000000, -12.59999999999999254, -1.190024482224716351 ) ) ;
#3869 = CARTESIAN_POINT ( 'NONE',  ( 29.02176784843827306, -19.59490576047385346, -2.282428904975373207 ) ) ;
#3870 = EDGE_CURVE ( 'NONE', #4090, #4741, #4892, .T. ) ;
#3871 = DIRECTION ( 'NONE',  ( 0.000000000000000000, 1.000000000000000000, 0.000000000000000000 ) ) ;
#3872 = SPHERICAL_SURFACE ( 'NONE', #8351, 0.5000000000000000000 ) ;
#3873 = EDGE_CURVE ( 'NONE', #2022, #7537, #4604, .T. ) ;
#3874 = CARTESIAN_POINT ( 'NONE',  ( -29.86836452057206870, -14.99999999996409095, 1.155776442120814096 ) ) ;
#3875 = EDGE_CURVE ( 'NONE', #3984, #4244, #5011, .T. ) ;
#3876 = CARTESIAN_POINT ( 'NONE',  ( -25.75991819999175547, 20.44706898658187555, 1.500656700143383038 ) ) ;
#3878 = ORIENTED_EDGE ( 'NONE', *, *, #7347, .F. ) ;
#3877 = CARTESIAN_POINT ( 'NONE',  ( 31.65798316109005128, 17.45734865887230924, 0.9897846449148027803 ) ) ;
#3879 = CARTESIAN_POINT ( 'NONE',  ( -30.01028542128342025, -19.40361967533005583, 1.143043953105728150 ) ) ;
#3880 = CARTESIAN_POINT ( 'NONE',  ( -23.91227852590164460, -16.38543843084503138, 1.297038399162855127 ) ) ;
#3881 = VECTOR ( 'NONE', #4247, 1000.000000000000000 ) ;
#3882 = B_SPLINE_CURVE_WITH_KNOTS ( 'NONE', 3,
 ( #571, #5945, #3226, #3918, #625, #1943, #6627, #8007, #2031, #7290, #3335, #4071, #748, #5409 ),
 .UNSPECIFIED., .F., .F.,
 ( 4, 2, 2, 2, 2, 2, 4 ),
 ( 0.000000000000000000, 0.0006313210745713206985, 0.0009469816118569810478, 0.001262642149142641397, 0.001893963223713962096, 0.002209623760999618759, 0.002525284298285275422 ),
 .UNSPECIFIED. ) ;
#3883 = LINE ( 'NONE', #634, #1368 ) ;
#3884 = VERTEX_POINT ( 'NONE', #1274 ) ;
#3885 = CARTESIAN_POINT ( 'NONE',  ( -28.49999999966182074, -19.00000000000000355, 1.276319709120244728 ) ) ;
#3886 = VECTOR ( 'NONE', #3795, 1000.000000000000000 ) ;
#3887 = FACE_OUTER_BOUND ( 'NONE', #627, .T. ) ;
#3888 = CARTESIAN_POINT ( 'NONE',  ( 25.26160849772382377, 20.99999999999999645, -1.971264770740411842 ) ) ;
#3889 = ORIENTED_EDGE ( 'NONE', *, *, #8570, .F. ) ;
#3890 = AXIS2_PLACEMENT_3D ( 'NONE', #1428, #2009, #706 ) ;
#3891 = DIRECTION ( 'NONE',  ( 0.000000000000000000, 0.000000000000000000, -1.000000000000000000 ) ) ;
#3892 = ORIENTED_EDGE ( 'NONE', *, *, #6987, .F. ) ;
#3893 = CIRCLE ( 'NONE', #2299, 0.5000000000000004441 ) ;
#3894 = ADVANCED_FACE ( 'NONE', ( #4703 ), #5548, .T. ) ;
#3895 = DIRECTION ( 'NONE',  ( 0.000000000000000000, 0.000000000000000000, 1.000000000000000000 ) ) ;
#3896 = ORIENTED_EDGE ( 'NONE', *, *, #4433, .F. ) ;
#3897 = DIRECTION ( 'NONE',  ( -1.000000000000000000, 0.000000000000000000, 0.000000000000000000 ) ) ;
#3898 = FACE_OUTER_BOUND ( 'NONE', #2242, .T. ) ;
#3899 = B_SPLINE_CURVE_WITH_KNOTS ( 'NONE', 3,
 ( #2849, #3527, #8195, #4141, #1548, #4863, #877, #5539, #7601, #6272, #5576, #8217, #4351, #4922 ),
 .UNSPECIFIED., .F., .F.,
 ( 4, 2, 2, 2, 2, 2, 4 ),
 ( 0.000000000000000000, 0.0004497615996572237439, 0.0008995231993144474879, 0.001349284798971671232, 0.001799046398628894976, 0.002698569597943342464, 0.003598092797257789952 ),
 .UNSPECIFIED. ) ;
#3900 = VERTEX_POINT ( 'NONE', #5468 ) ;
#3901 = AXIS2_PLACEMENT_3D ( 'NONE', #5314, #6004, #3332 ) ;
#3902 = DIRECTION ( 'NONE',  ( -0.000000000000000000, -1.000000000000000000, -0.000000000000000000 ) ) ;
#3903 = CARTESIAN_POINT ( 'NONE',  ( -29.96385839039851717, 17.62531510792146250, -2.367041473859164746 ) ) ;
#3904 = DIRECTION ( 'NONE',  ( 0.000000000000000000, 0.000000000000000000, -1.000000000000000000 ) ) ;
#3905 = ORIENTED_EDGE ( 'NONE', *, *, #1232, .F. ) ;
#3906 = CARTESIAN_POINT ( 'NONE',  ( -26.00000000000000000, -20.00000000000000355, 1.520738416161293571 ) ) ;
#3907 = ORIENTED_EDGE ( 'NONE', *, *, #1960, .T. ) ;
#3908 = AXIS2_PLACEMENT_3D ( 'NONE', #4689, #8048, #5364 ) ;
#3909 = CIRCLE ( 'NONE', #3040, 0.5000000000000000000 ) ;
#3910 = PLANE ( 'NONE',  #5054 ) ;
#3911 = CARTESIAN_POINT ( 'NONE',  ( 1.593911913604501018, -19.33964152209201970, -0.003784297743953266881 ) ) ;
#3912 = DIRECTION ( 'NONE',  ( 0.000000000000000000, -1.000000000000000000, -0.000000000000000000 ) ) ;
#3913 = VERTEX_POINT ( 'NONE', #8179 ) ;
#3914 = ORIENTED_EDGE ( 'NONE', *, *, #7798, .F. ) ;
#3915 = CARTESIAN_POINT ( 'NONE',  ( -29.55585848138915139, 15.76110656489022155, 1.183800540615988162 ) ) ;
#3916 = CYLINDRICAL_SURFACE ( 'NONE', #306, 0.5000000000000004441 ) ;
#3917 = CARTESIAN_POINT ( 'NONE',  ( 31.50000000000000000, -15.30000000000000071, -2.009146468990752332 ) ) ;
#3918 = CARTESIAN_POINT ( 'NONE',  ( -28.30893703582587051, -13.24011289024560512, -1.216470026035654017 ) ) ;
#3919 = CARTESIAN_POINT ( 'NONE',  ( 21.39999999999999503, 22.00000000000000000, 1.309583320494966951 ) ) ;
#3920 = ORIENTED_EDGE ( 'NONE', *, *, #190, .T. ) ;
#3921 = DIRECTION ( 'NONE',  ( 1.000000000000000000, 0.000000000000000000, 0.000000000000000000 ) ) ;
#3922 = LOCAL_TIME ( 17, 26, 55.00000000000000000, #8605 ) ;
#3923 = CARTESIAN_POINT ( 'NONE',  ( 26.00000000000000000, -20.00000000000000355, 1.481899958353689817 ) ) ;
#3924 = CARTESIAN_POINT ( 'NONE',  ( 32.00000000000000000, 22.00000000000000000, -0.04810956747042238746 ) ) ;
#3925 = ORIENTED_EDGE ( 'NONE', *, *, #3150, .F. ) ;
#3926 = CARTESIAN_POINT ( 'NONE',  ( -26.07816015557040856, -14.63963635255639595, 0.9205694608774955823 ) ) ;
#3927 = CARTESIAN_POINT ( 'NONE',  ( -30.37536355528418852, 17.82975619154973046, -2.405192465111076316 ) ) ;
#3928 = CARTESIAN_POINT ( 'NONE',  ( 29.50200554329734359, -15.63047925824217366, 1.188589279466652382 ) ) ;
#3929 = CARTESIAN_POINT ( 'NONE',  ( -31.11434025199208264, -18.65785578295368552, -1.931391228848044372 ) ) ;
#3930 = EDGE_CURVE ( 'NONE', #7484, #4807, #2716, .T. ) ;
#3931 =( BOUNDED_SURFACE ( )  B_SPLINE_SURFACE ( 3, 2, ( 
 ( #7119, #5097, #8487 ),
 ( #5210, #6487, #3830 ),
 ( #7204, #5810, #1110 ),
 ( #1133, #1773, #4547 ),
 ( #1860, #2448, #5188 ),
 ( #1218, #3107, #7758 ),
 ( #7791, #7875, #3081 ),
 ( #8448, #3852, #7814 ),
 ( #2468, #5860, #5130 ),
 ( #1809, #7157, #6520 ),
 ( #8514, #6548, #2523 ),
 ( #3879, #3136, #2490 ),
 ( #1742, #4489, #535 ),
 ( #7092, #4522, #514 ),
 ( #5165, #1160, #1838 ),
 ( #7182, #3173, #8538 ),
 ( #3994, #8622, #5974 ),
 ( #3287, #4682, #8006 ),
 ( #5244, #7235, #3334 ),
 ( #3941, #6594, #17 ),
 ( #2000, #3225, #1240 ),
 ( #4023, #51, #4632 ) ),
 .UNSPECIFIED., .F., .F., .F. ) 
 B_SPLINE_SURFACE_WITH_KNOTS ( ( 4, 2, 2, 2, 2, 2, 2, 2, 2, 2, 4 ),
 ( 3, 3 ),
 ( 3.035766082959412415E-18, 0.001212834177864906054, 0.001819251266797357672, 0.002425668355729809073, 0.003638502533594712308, 0.004851336711459615543, 0.006064170889324519212, 0.006670587978256970613, 0.007277005067189422013, 0.008489839245054324815, 0.009702673422919227617 ),
 ( 0.000000000000000000, 1.000000000000000000 ),
 .UNSPECIFIED. ) 
 GEOMETRIC_REPRESENTATION_ITEM ( )  RATIONAL_B_SPLINE_SURFACE ( (
 ( 1.000000000000000000, 0.7071067811865475727, 1.000000000000000000),
 ( 1.000000000000000000, 0.7088836225468609920, 1.000000000000000000),
 ( 1.000000000000000000, 0.7107101956213713878, 1.000000000000000000),
 ( 1.000000000000000000, 0.7135121821654535346, 1.000000000000000000),
 ( 1.000000000000000000, 0.7144565146399655120, 1.000000000000000000),
 ( 1.000000000000000000, 0.7163632662192840339, 1.000000000000000000),
 ( 1.000000000000000000, 0.7173288750451912721, 1.000000000000000000),
 ( 1.000000000000000000, 0.7201855796800630261, 1.000000000000000000),
 ( 1.000000000000000000, 0.7220558298392389940, 1.000000000000000000),
 ( 1.000000000000000000, 0.7256905956190713436, 1.000000000000000000),
 ( 1.000000000000000000, 0.7274645532662027403, 1.000000000000000000),
 ( 1.000000000000000000, 0.7307114737898963153, 1.000000000000000000),
 ( 1.000000000000000000, 0.7322039923541502349, 1.000000000000000000),
 ( 1.000000000000000000, 0.7342102616423342720, 1.000000000000000000),
 ( 1.000000000000000000, 0.7348398541953304886, 1.000000000000000000),
 ( 1.000000000000000000, 0.7359880155857003725, 1.000000000000000000),
 ( 1.000000000000000000, 0.7365105648885711398, 1.000000000000000000),
 ( 1.000000000000000000, 0.7379201438985586448, 1.000000000000000000),
 ( 1.000000000000000000, 0.7386526910280867275, 1.000000000000000000),
 ( 1.000000000000000000, 0.7396416539810363178, 1.000000000000000000),
 ( 1.000000000000000000, 0.7398910594999554835, 1.000000000000000000),
 ( 1.000000000000000000, 0.7398917211566452545, 1.000000000000000000) ) ) 
 REPRESENTATION_ITEM ( '' )  SURFACE ( )  );
#3932 = CARTESIAN_POINT ( 'NONE',  ( -31.54743975903614128, 22.00000000000000000, 1.000013662613041809 ) ) ;
#3933 = CARTESIAN_POINT ( 'NONE',  ( -30.00000000013388046, 14.99999999999999822, 1.143850916775968285 ) ) ;
#3934 = CARTESIAN_POINT ( 'NONE',  ( 30.22207791373364216, -16.98612358761210572, -2.390756575015807517 ) ) ;
#3935 = EDGE_CURVE ( 'NONE', #5101, #7534, #4079, .T. ) ;
#3936 = ORIENTED_EDGE ( 'NONE', *, *, #3596, .T. ) ;
#3937 = ADVANCED_FACE ( 'NONE', ( #2922 ), #3785, .T. ) ;
#3938 = DIRECTION ( 'NONE',  ( 0.000000000000000000, 0.000000000000000000, 1.000000000000000000 ) ) ;
#3939 = CARTESIAN_POINT ( 'NONE',  ( -6.999999999999998224, 16.39999995983930958, 2.026218830871808763 ) ) ;
#3940 = CARTESIAN_POINT ( 'NONE',  ( 29.74061668858505669, -15.05325783135518414, 1.167260482243097197 ) ) ;
#3941 = CARTESIAN_POINT ( 'NONE',  ( -31.50707876005243691, -16.11582996664462186, 1.003867832251274850 ) ) ;
#3942 = CARTESIAN_POINT ( 'NONE',  ( -28.44172577325873164, 20.67377413405402464, 1.281376552345031117 ) ) ;
#3943 = ORIENTED_EDGE ( 'NONE', *, *, #8570, .T. ) ;
#3944 = EDGE_CURVE ( 'NONE', #7933, #4240, #3449, .T. ) ;
#3945 = CARTESIAN_POINT ( 'NONE',  ( 30.04552352048558106, 15.29999999999999716, -1.370624386102740511 ) ) ;
#3946 = B_SPLINE_CURVE_WITH_KNOTS ( 'NONE', 3,
 ( #1619, #3752, #7210, #5799, #8401, #5855, #7870, #7152, #5887, #5857, #5241, #7891, #3170, #1881 ),
 .UNSPECIFIED., .F., .F.,
 ( 4, 2, 2, 2, 2, 2, 4 ),
 ( 0.000000000000000000, 0.0006313311929168895524, 0.0009469967893753342743, 0.001262662385833779105, 0.001893993578750658574, 0.002209659175209099935, 0.002525324771667541296 ),
 .UNSPECIFIED. ) ;
#3947 = AXIS2_PLACEMENT_3D ( 'NONE', #3561, #5543, #4865 ) ;
#3948 = VERTEX_POINT ( 'NONE', #2914 ) ;
#3949 = DIRECTION ( 'NONE',  ( 0.000000000000000000, 0.000000000000000000, 1.000000000000000000 ) ) ;
#3950 = B_SPLINE_CURVE_WITH_KNOTS ( 'NONE', 3,
 ( #988, #248, #3592, #4953 ),
 .UNSPECIFIED., .F., .F.,
 ( 4, 4 ),
 ( 0.000000000000000000, 1.000000000000000000 ),
 .UNSPECIFIED. ) ;
#3951 = EDGE_CURVE ( 'NONE', #7401, #6309, #1081, .T. ) ;
#3952 = AXIS2_PLACEMENT_3D ( 'NONE', #7883, #1949, #3897 ) ;
#3953 = CARTESIAN_POINT ( 'NONE',  ( -31.78292448200722831, -17.04847850220063066, 0.5213629003908395454 ) ) ;
#3954 = CARTESIAN_POINT ( 'NONE',  ( -30.80731668915466059, 16.59465106414267055, -2.445560918680605766 ) ) ;
#3955 = DIRECTION ( 'NONE',  ( 0.9959213561407166404, 0.000000000000000000, -0.09022556390977008733 ) ) ;
#3956 = CARTESIAN_POINT ( 'NONE',  ( -27.04314954136233595, -21.78425710805698046, -1.600703505666031257 ) ) ;
#3957 = ORIENTED_EDGE ( 'NONE', *, *, #6162, .T. ) ;
#3958 = CARTESIAN_POINT ( 'NONE',  ( 29.99999999999999289, 15.50000000000001066, 1.143850916776045779 ) ) ;
#3960 = CARTESIAN_POINT ( 'NONE',  ( -1.525690917562610105, -19.69999999999999929, -0.003496810288074603604 ) ) ;
#3959 = DIRECTION ( 'NONE',  ( 0.000000000000000000, 0.000000000000000000, -1.000000000000000000 ) ) ;
#3961 = DIRECTION ( 'NONE',  ( 0.000000000000000000, -1.000000000000000000, 0.000000000000000000 ) ) ;
#3962 = CARTESIAN_POINT ( 'NONE',  ( -30.09333044885887887, -18.31802922841679759, -2.379178950132009973 ) ) ;
#3963 = ORIENTED_EDGE ( 'NONE', *, *, #6349, .T. ) ;
#3964 = CARTESIAN_POINT ( 'NONE',  ( -6.999999999999998224, 16.19999999999999929, 1.826174374475908468 ) ) ;
#3965 = CARTESIAN_POINT ( 'NONE',  ( 24.64006963542132667, -16.08287911206679510, -0.9211546897570851433 ) ) ;
#3966 = DIRECTION ( 'NONE',  ( -0.000000000000000000, -1.000000000000000000, -0.000000000000000000 ) ) ;
#3967 = DIRECTION ( 'NONE',  ( -0.000000000000000000, 1.000000000000000000, 0.000000000000000000 ) ) ;
#3968 = LINE ( 'NONE', #1249, #22 ) ;
#3969 = VERTEX_POINT ( 'NONE', #913 ) ;
#3970 = ADVANCED_FACE ( 'NONE', ( #1673 ), #551, .T. ) ;
#3971 = CARTESIAN_POINT ( 'NONE',  ( 25.98025130867439003, -20.46639618075422007, -1.520531203893220162 ) ) ;
#3972 = CARTESIAN_POINT ( 'NONE',  ( 0.000000000000000000, 20.99999999999999289, -330.0000000000000000 ) ) ;
#3973 = CYLINDRICAL_SURFACE ( 'NONE', #562, 331.4999999999999432 ) ;
#3974 = ORIENTED_EDGE ( 'NONE', *, *, #148, .T. ) ;
#3975 = FACE_OUTER_BOUND ( 'NONE', #2292, .T. ) ;
#3976 = CARTESIAN_POINT ( 'NONE',  ( -25.64285329017334902, -20.50000000000000000, -1.501682884014190700 ) ) ;
#3977 = CARTESIAN_POINT ( 'NONE',  ( 30.95295902883156458, -15.67674094001174367, -2.459293633051720551 ) ) ;
#3978 = VECTOR ( 'NONE', #3310, 1000.000000000000000 ) ;
#3979 = CARTESIAN_POINT ( 'NONE',  ( 30.23114569577394306, 16.98483573900374211, -1.933763625449713253 ) ) ;
#3981 = CARTESIAN_POINT ( 'NONE',  ( 30.13023585931849624, 15.99999999996803268, 1.132052190135775183 ) ) ;
#3980 = DIRECTION ( 'NONE',  ( 0.000000000000000000, 1.000000000000000000, 0.000000000000000000 ) ) ;
#3982 = CARTESIAN_POINT ( 'NONE',  ( 27.86959351804230423, -19.82409119069690817, -2.182420348077363403 ) ) ;
#3983 = EDGE_CURVE ( 'NONE', #6260, #7914, #2414, .T. ) ;
#3984 = VERTEX_POINT ( 'NONE', #3577 ) ;
#3985 = FACE_OUTER_BOUND ( 'NONE', #5367, .T. ) ;
#3986 = FACE_OUTER_BOUND ( 'NONE', #3479, .T. ) ;
#3987 = ORIENTED_EDGE ( 'NONE', *, *, #659, .T. ) ;
#3988 = SPHERICAL_SURFACE ( 'NONE', #5903, 0.5000000000000000000 ) ;
#3989 = CARTESIAN_POINT ( 'NONE',  ( -1.096828936351065265, -18.39976344497214100, 0.4985483759777277202 ) ) ;
#3990 = CYLINDRICAL_SURFACE ( 'NONE', #7138, 0.5000000000000000000 ) ;
#3991 = EDGE_CURVE ( 'NONE', #5034, #2642, #134, .T. ) ;
#3992 = CARTESIAN_POINT ( 'NONE',  ( 30.50000000000001066, 15.64383087149616003, -1.868547682487433859 ) ) ;
#3993 = DIRECTION ( 'NONE',  ( 0.000000000000000000, 1.000000000000000000, 0.000000000000000000 ) ) ;
#3994 = CARTESIAN_POINT ( 'NONE',  ( -30.99351263210507668, -17.86773441550037944, 1.052349735250430296 ) ) ;
#3995 = DIRECTION ( 'NONE',  ( -0.000000000000000000, -1.000000000000000000, -0.000000000000000000 ) ) ;
#3996 = ORIENTED_EDGE ( 'NONE', *, *, #2741, .F. ) ;
#3997 = CARTESIAN_POINT ( 'NONE',  ( 25.74194927136555933, -21.99999999999999645, -1.504235625468023141 ) ) ;
#3998 = VERTEX_POINT ( 'NONE', #4903 ) ;
#3999 = DIRECTION ( 'NONE',  ( 0.000000000000000000, 1.000000000000000000, 0.000000000000000000 ) ) ;
#4000 = AXIS2_PLACEMENT_3D ( 'NONE', #6235, #8229, #6892 ) ;
#4001 = ORIENTED_EDGE ( 'NONE', *, *, #7904, .F. ) ;
#4002 = LINE ( 'NONE', #6661, #7539 ) ;
#4003 = AXIS2_PLACEMENT_3D ( 'NONE', #4553, #5252, #3895 ) ;
#4004 = ORIENTED_EDGE ( 'NONE', *, *, #2231, .T. ) ;
#4005 = CARTESIAN_POINT ( 'NONE',  ( 25.30000000000000071, -22.00000000000000000, -1.472740857018151051 ) ) ;
#4006 = DIRECTION ( 'NONE',  ( 0.000000000000000000, 0.000000000000000000, -1.000000000000000000 ) ) ;
#4007 = ORIENTED_EDGE ( 'NONE', *, *, #6777, .T. ) ;
#4008 = LINE ( 'NONE', #8625, #366 ) ;
#4009 = CARTESIAN_POINT ( 'NONE',  ( -24.51496652425446499, 16.11754013604768687, 1.070935397300192049 ) ) ;
#4010 = CARTESIAN_POINT ( 'NONE',  ( -27.99999999999999645, -8.294148555643527487, -1.190024482224716351 ) ) ;
#4011 = CARTESIAN_POINT ( 'NONE',  ( 28.30893703582587406, -7.759887109754382450, -1.216470026035647800 ) ) ;
#4012 = CARTESIAN_POINT ( 'NONE',  ( -30.63355065332389060, -18.40784156011558892, -2.429188492444284364 ) ) ;
#4013 = CARTESIAN_POINT ( 'NONE',  ( -28.00180803813154284, -18.36952074184357642, 1.318802283534244779 ) ) ;
#4014 = ORIENTED_EDGE ( 'NONE', *, *, #6566, .T. ) ;
#4016 = CARTESIAN_POINT ( 'NONE',  ( -26.20000000000000284, 21.99999999999999645, 0.4630236501506068691 ) ) ;
#4015 = CARTESIAN_POINT ( 'NONE',  ( 26.75119040953435956, -14.41431154126459901, 1.422123428117738619 ) ) ;
#4017 = ADVANCED_FACE ( 'NONE', ( #3139 ), #6903, .T. ) ;
#4018 = CARTESIAN_POINT ( 'NONE',  ( -0.6350866508801658039, -17.60000234653320561, 0.3000000000513016185 ) ) ;
#4019 = CARTESIAN_POINT ( 'NONE',  ( -6.999999999999998224, 16.19999999999999929, 1.426085273926514407 ) ) ;
#4020 = DIRECTION ( 'NONE',  ( 1.000000000000000000, 0.000000000000000000, 0.000000000000000000 ) ) ;
#4021 = ORIENTED_EDGE ( 'NONE', *, *, #1351, .T. ) ;
#4022 = CARTESIAN_POINT ( 'NONE',  ( 24.91829707528718529, -15.96778513139826217, -0.9421054993074156059 ) ) ;
#4023 = CARTESIAN_POINT ( 'NONE',  ( -31.54743975903614128, -15.30000000000000249, 1.000013662612968313 ) ) ;
#4024 = PLANE ( 'NONE',  #5957 ) ;
#4025 = SHAPE_DEFINITION_REPRESENTATION ( #8167, #6275 ) ;
#4026 = DIRECTION ( 'NONE',  ( -3.593949602879080527E-16, 1.000000000000000000, 0.000000000000000000 ) ) ;
#4027 = CARTESIAN_POINT ( 'NONE',  ( 0.000000000000000000, -21.50000000000000000, -330.0000000000000000 ) ) ;
#4028 = DIRECTION ( 'NONE',  ( -1.000000000000000000, 0.000000000000000000, 0.000000000000000000 ) ) ;
#4029 = EDGE_LOOP ( 'NONE', ( #7524, #3103, #4984, #3490 ) ) ;
#4030 = CARTESIAN_POINT ( 'NONE',  ( 0.000000000000000000, 21.50000000000000000, -330.0000000000000000 ) ) ;
#4031 = DIRECTION ( 'NONE',  ( 0.000000000000000000, 0.000000000000000000, -1.000000000000000000 ) ) ;
#4032 = B_SPLINE_CURVE_WITH_KNOTS ( 'NONE', 3,
 ( #461, #3747, #5014, #7165, #7134, #1053 ),
 .UNSPECIFIED., .F., .F.,
 ( 4, 2, 4 ),
 ( 0.0007817912882994594971, 0.001172349525178525281, 0.001562907762057590957 ),
 .UNSPECIFIED. ) ;
#4033 = EDGE_CURVE ( 'NONE', #459, #7335, #4911, .T. ) ;
#4034 = CARTESIAN_POINT ( 'NONE',  ( -24.18311298698980494, 16.18323951744479672, 1.101366333597491032 ) ) ;
#4035 = CARTESIAN_POINT ( 'NONE',  ( -29.60000000000000142, -8.399999999999998579, -1.330196093404401037 ) ) ;
#4036 = CARTESIAN_POINT ( 'NONE',  ( 30.65402625064462327, -17.13259523306921750, -2.431177248378872946 ) ) ;
#4037 = EDGE_LOOP ( 'NONE', ( #1164, #6038, #226, #23 ) ) ;
#4038 = CARTESIAN_POINT ( 'NONE',  ( 0.8078031714845489430, -17.50000410894094927, -0.0006658621236222275015 ) ) ;
#4039 = EDGE_CURVE ( 'NONE', #4820, #78, #3083, .T. ) ;
#4040 = DIRECTION ( 'NONE',  ( -0.07678300455234848831, 0.000000000000000000, 0.9970478274445584432 ) ) ;
#4042 = CARTESIAN_POINT ( 'NONE',  ( 31.32032972588499220, -18.27297620937185485, 0.5616472900733595619 ) ) ;
#4041 = CARTESIAN_POINT ( 'NONE',  ( -12.00000000000000000, 21.99999999999999645, 2.283388089142968091 ) ) ;
#4043 = EDGE_CURVE ( 'NONE', #3900, #5009, #7418, .T. ) ;
#4044 = ORIENTED_EDGE ( 'NONE', *, *, #1707, .F. ) ;
#4045 = CARTESIAN_POINT ( 'NONE',  ( 28.73612099812752518, 19.21764734136247199, -1.726619850809685275 ) ) ;
#4046 = CARTESIAN_POINT ( 'NONE',  ( -21.39999999999999858, 22.00000000000000000, 1.441773556393620925 ) ) ;
#4047 = CARTESIAN_POINT ( 'NONE',  ( -25.37158266583896804, -16.37813311288136831, 1.530627653636900343 ) ) ;
#4048 = CARTESIAN_POINT ( 'NONE',  ( -31.13232618296470733, 17.30824915113927176, -2.476256606087466672 ) ) ;
#4049 = AXIS2_PLACEMENT_3D ( 'NONE', #6027, #1265, #8027 ) ;
#4050 = EDGE_CURVE ( 'NONE', #1687, #4302, #3022, .T. ) ;
#4051 = CARTESIAN_POINT ( 'NONE',  ( 26.99058749901586296, -21.78703049846513906, -2.108905826451544119 ) ) ;
#4052 = ORIENTED_EDGE ( 'NONE', *, *, #3497, .T. ) ;
#4053 = ADVANCED_FACE ( 'NONE', ( #1581 ), #7647, .F. ) ;
#4054 = CARTESIAN_POINT ( 'NONE',  ( 25.50000000000000000, -20.00000000000000355, 1.520738416181999231 ) ) ;
#4055 = ORIENTED_EDGE ( 'NONE', *, *, #1639, .T. ) ;
#4056 = EDGE_CURVE ( 'NONE', #6211, #2834, #5431, .T. ) ;
#4057 = CARTESIAN_POINT ( 'NONE',  ( -30.98720491954044221, -18.84882302453432246, 0.5902736776931213347 ) ) ;
#4058 = CARTESIAN_POINT ( 'NONE',  ( -24.33072889588866872, 16.15931936334018459, 1.087880815083713815 ) ) ;
#4059 = CARTESIAN_POINT ( 'NONE',  ( -25.97995755006515139, -20.46642414295626722, -1.530787840920130982 ) ) ;
#4060 = DIRECTION ( 'NONE',  ( 0.000000000000000000, 0.000000000000000000, -1.000000000000000000 ) ) ;
#4061 = DIRECTION ( 'NONE',  ( -3.212450881438531748E-16, 1.000000000000000000, 2.596184434919147382E-17 ) ) ;
#4062 = ORIENTED_EDGE ( 'NONE', *, *, #605, .T. ) ;
#4064 = CARTESIAN_POINT ( 'NONE',  ( -30.22667412068370751, -16.97243915606517461, -1.846051882621909224 ) ) ;
#4063 = CARTESIAN_POINT ( 'NONE',  ( 26.12655436372317652, 14.49577196707439164, -1.035862109032125167 ) ) ;
#4065 = DIRECTION ( 'NONE',  ( 0.000000000000000000, 0.000000000000000000, 1.000000000000000000 ) ) ;
#4066 = ORIENTED_EDGE ( 'NONE', *, *, #1345, .T. ) ;
#4067 = CARTESIAN_POINT ( 'NONE',  ( -29.54542647875262773, -19.07109787306349702, -2.329224264127673472 ) ) ;
#4068 = DIRECTION ( 'NONE',  ( -0.9970478274445584432, 0.000000000000000000, 0.07678300455234839117 ) ) ;
#4069 = VERTEX_POINT ( 'NONE', #4421 ) ;
#4070 = CARTESIAN_POINT ( 'NONE',  ( -27.62086065393677359, 21.58913524313112475, -2.161378240785629234 ) ) ;
#4071 = CARTESIAN_POINT ( 'NONE',  ( -29.57911843466187207, -12.80972974174369305, -1.328313687172449464 ) ) ;
#4072 = CARTESIAN_POINT ( 'NONE',  ( 30.98716685108415803, -18.84888400909260753, -1.920465122186959972 ) ) ;
#4073 = CARTESIAN_POINT ( 'NONE',  ( 25.74184741586999436, -22.00000000000000355, -1.504228366969915687 ) ) ;
#4074 = DIRECTION ( 'NONE',  ( -0.9970478274445581102, -6.659864027650242627E-17, -0.07678300455235541333 ) ) ;
#4075 = CIRCLE ( 'NONE', #8479, 0.5000000000000000000 ) ;
#4076 = VERTEX_POINT ( 'NONE', #1763 ) ;
#4077 = CARTESIAN_POINT ( 'NONE',  ( 23.90000000000001279, -16.19999999999999929, 1.126923315285355276 ) ) ;
#4078 = DIRECTION ( 'NONE',  ( 0.07678300455235541333, 0.000000000000000000, 0.9970478274445579991 ) ) ;
#4079 = CIRCLE ( 'NONE', #8011, 0.5000000000000004441 ) ;
#4080 = ORIENTED_EDGE ( 'NONE', *, *, #1371, .T. ) ;
#4081 = DIRECTION ( 'NONE',  ( 0.000000000000000000, 0.000000000000000000, 1.000000000000000000 ) ) ;
#4082 = CIRCLE ( 'NONE', #6344, 331.9883271204680568 ) ;
#4083 = DIRECTION ( 'NONE',  ( 0.000000000000000000, 1.000000000000000000, 0.000000000000000000 ) ) ;
#4084 = LINE ( 'NONE', #4548, #1786 ) ;
#4085 = EDGE_CURVE ( 'NONE', #4103, #7823, #4440, .T. ) ;
#4086 = EDGE_LOOP ( 'NONE', ( #1552, #3563, #1189, #644 ) ) ;
#4087 = EDGE_CURVE ( 'NONE', #211, #2813, #1747, .T. ) ;
#4088 = DIRECTION ( 'NONE',  ( 0.000000000000000000, 0.000000000000000000, -1.000000000000000000 ) ) ;
#4089 = DIRECTION ( 'NONE',  ( 1.219651901000219827E-16, 1.000000000000000000, -1.104944480433649112E-17 ) ) ;
#4090 = VERTEX_POINT ( 'NONE', #7012 ) ;
#4091 = LINE ( 'NONE', #3840, #4607 ) ;
#4092 = CARTESIAN_POINT ( 'NONE',  ( -31.29377411237923567, -16.70825289607716968, -2.491677558818127469 ) ) ;
#4093 = VERTEX_POINT ( 'NONE', #7047 ) ;
#4094 = VECTOR ( 'NONE', #5730, 1000.000000000000000 ) ;
#4096 = CARTESIAN_POINT ( 'NONE',  ( 31.82862843560496557, -16.82142290510653382, 0.5173476949979329831 ) ) ;
#4095 = CARTESIAN_POINT ( 'NONE',  ( 25.60006104615092326, -16.22441726464301226, 1.513028858920043573 ) ) ;
#4097 = CARTESIAN_POINT ( 'NONE',  ( 31.50701681937474774, 16.11644500717460815, 1.003873756919441806 ) ) ;
#4098 = ADVANCED_FACE ( 'NONE', ( #5329 ), #7707, .T. ) ;
#4099 = ORIENTED_EDGE ( 'NONE', *, *, #300, .F. ) ;
#4100 = VERTEX_POINT ( 'NONE', #8413 ) ;
#4101 = EDGE_CURVE ( 'NONE', #3627, #2435, #7218, .T. ) ;
#4102 = CARTESIAN_POINT ( 'NONE',  ( -27.86874729780626581, -19.83424349006396881, -2.182258746678504391 ) ) ;
#4103 = VERTEX_POINT ( 'NONE', #6419 ) ;
#4104 = CARTESIAN_POINT ( 'NONE',  ( 25.89243415655801428, -15.05147134390521124, 0.9390357623260663367 ) ) ;
#4105 = LINE ( 'NONE', #8476, #861 ) ;
#4106 = DIRECTION ( 'NONE',  ( 0.000000000000000000, 1.000000000000000000, 0.000000000000000000 ) ) ;
#4107 = CARTESIAN_POINT ( 'NONE',  ( -31.25151801679819386, 16.91843623416133724, -2.487635171036071569 ) ) ;
#4108 = DIRECTION ( 'NONE',  ( 0.000000000000000000, 1.000000000000000000, 0.000000000000000000 ) ) ;
#4109 = AXIS2_PLACEMENT_3D ( 'NONE', #7351, #3999, #1307 ) ;
#4110 = ORIENTED_EDGE ( 'NONE', *, *, #2125, .F. ) ;
#4111 = AXIS2_PLACEMENT_3D ( 'NONE', #1823, #27, #7358 ) ;
#4112 = ORIENTED_EDGE ( 'NONE', *, *, #7829, .T. ) ;
#4113 = AXIS2_PLACEMENT_3D ( 'NONE', #2791, #3471, #6161 ) ;
#4114 = CIRCLE ( 'NONE', #3095, 0.5000000000000000000 ) ;
#4115 = DIRECTION ( 'NONE',  ( -0.000000000000000000, 1.000000000000000000, -0.000000000000000000 ) ) ;
#4116 = CARTESIAN_POINT ( 'NONE',  ( 31.54743975903614128, -15.30000000000000071, 1.000013662612992960 ) ) ;
#4117 = DIRECTION ( 'NONE',  ( 0.000000000000000000, 0.000000000000000000, -1.000000000000000000 ) ) ;
#4118 = ORIENTED_EDGE ( 'NONE', *, *, #3311, .F. ) ;
#4119 = PERSON_AND_ORGANIZATION ( #7011, #4851 ) ;
#4120 = CARTESIAN_POINT ( 'NONE',  ( 12.00000000000000178, 21.76157494142217885, 2.228980499643781865 ) ) ;
#4121 = PLANE ( 'NONE',  #2475 ) ;
#4123 = CARTESIAN_POINT ( 'NONE',  ( -28.99999999999999645, -18.50000000000000355, 1.276319709120343759 ) ) ;
#4122 = CARTESIAN_POINT ( 'NONE',  ( 24.94332634116192793, -16.57410646764679996, 1.563089703693514076 ) ) ;
#4124 = CARTESIAN_POINT ( 'NONE',  ( 30.99278914315181410, 17.86933068995969620, 1.052417489581615628 ) ) ;
#4125 = ORIENTED_EDGE ( 'NONE', *, *, #5727, .F. ) ;
#4126 = B_SPLINE_CURVE_WITH_KNOTS ( 'NONE', 3,
 ( #8501, #1848, #6583, #7826, #1210, #3239 ),
 .UNSPECIFIED., .F., .F.,
 ( 4, 2, 4 ),
 ( 0.002349425079910763808, 0.002740703913677226475, 0.003131982747443689576 ),
 .UNSPECIFIED. ) ;
#4127 = CARTESIAN_POINT ( 'NONE',  ( -25.26160849772382022, -20.99999999999999645, -1.971264770740411176 ) ) ;
#4128 = CARTESIAN_POINT ( 'NONE',  ( 25.47298709211729317, -15.57810567622549058, 0.9801338707972611086 ) ) ;
#4129 = CARTESIAN_POINT ( 'NONE',  ( 0.000000000000000000, 19.99999999999999645, -330.0000000000000000 ) ) ;
#4130 = CARTESIAN_POINT ( 'NONE',  ( 28.00000000000000000, 22.00000000000000000, 1.318955087088236056 ) ) ;
#4131 = CARTESIAN_POINT ( 'NONE',  ( -26.17633423557410666, 21.95671534046152473, -1.535958705088573462 ) ) ;
#4132 = CARTESIAN_POINT ( 'NONE',  ( -31.54743975903614128, 15.29999999999999716, 1.000013662613013388 ) ) ;
#4133 = VERTEX_POINT ( 'NONE', #8551 ) ;
#4134 = CARTESIAN_POINT ( 'NONE',  ( 29.72286787313093726, -20.35163738842975789, -1.813474258593633426 ) ) ;
#4135 = CARTESIAN_POINT ( 'NONE',  ( -27.69224171133052081, 19.38169154631043511, -1.163862146558015453 ) ) ;
#4136 = ADVANCED_FACE ( 'NONE', ( #7319 ), #451, .T. ) ;
#4137 = DIRECTION ( 'NONE',  ( 0.000000000000000000, 1.000000000000000000, 0.000000000000000000 ) ) ;
#4138 = CARTESIAN_POINT ( 'NONE',  ( 29.37808650989321890, 20.63388154140347908, 0.7247059984050470138 ) ) ;
#4139 = ORIENTED_EDGE ( 'NONE', *, *, #8219, .T. ) ;
#4140 = CARTESIAN_POINT ( 'NONE',  ( 25.36265267401878987, 16.35833713101568421, 1.531276745143045792 ) ) ;
#4141 = CARTESIAN_POINT ( 'NONE',  ( -26.12655436372317297, -14.49577196707439164, -1.035862109032124945 ) ) ;
#4142 = EDGE_CURVE ( 'NONE', #3860, #1608, #3883, .T. ) ;
#4143 = CARTESIAN_POINT ( 'NONE',  ( -11.99999999999999822, 16.19999999999999929, 1.682996247923562727 ) ) ;
#4144 = CARTESIAN_POINT ( 'NONE',  ( 25.33839150227617765, -19.99999999999999645, -0.9742169432958168729 ) ) ;
#4145 = DIRECTION ( 'NONE',  ( -0.000000000000000000, -1.000000000000000000, -0.000000000000000000 ) ) ;
#4146 = CARTESIAN_POINT ( 'NONE',  ( -25.70373731008012896, -22.00253811073836019, -2.005313266384456838 ) ) ;
#4147 = ORIENTED_EDGE ( 'NONE', *, *, #2956, .T. ) ;
#4148 = EDGE_CURVE ( 'NONE', #155, #1117, #1472, .T. ) ;
#4150 = CARTESIAN_POINT ( 'NONE',  ( 32.00000000000000000, -15.74306665926800441, 0.5022692811654794198 ) ) ;
#4149 = CARTESIAN_POINT ( 'NONE',  ( 26.11080542445815666, -14.53542056117616532, 0.9173074566212766623 ) ) ;
#4151 = CARTESIAN_POINT ( 'NONE',  ( 31.54743975903614128, 15.29999999999999716, 1.000013662612994070 ) ) ;
#4152 = EDGE_CURVE ( 'NONE', #8616, #682, #3237, .T. ) ;
#4153 = AXIS2_PLACEMENT_3D ( 'NONE', #2223, #3606, #260 ) ;
#4154 = ORIENTED_EDGE ( 'NONE', *, *, #1191, .T. ) ;
#4155 = CARTESIAN_POINT ( 'NONE',  ( 25.50000000000000000, -20.00000000000000355, 1.520738416161293571 ) ) ;
#4156 = CARTESIAN_POINT ( 'NONE',  ( -25.89076455330208049, 15.05251475453434651, 0.9391977634443673395 ) ) ;
#4157 = CARTESIAN_POINT ( 'NONE',  ( -26.21210431136326235, -15.64129642592341973, 1.465211394681005919 ) ) ;
#4158 = AXIS2_PLACEMENT_3D ( 'NONE', #4927, #930, #6965 ) ;
#4159 = CARTESIAN_POINT ( 'NONE',  ( -26.81736952042378164, 21.82955166474564734, -1.583833171953133778 ) ) ;
#4160 = CARTESIAN_POINT ( 'NONE',  ( 6.999999999999998224, 16.19999999999999929, 1.826174374475908468 ) ) ;
#4161 = CARTESIAN_POINT ( 'NONE',  ( 31.64878021474985204, -17.48564725389883634, -2.525340483073349240 ) ) ;
#4162 = CARTESIAN_POINT ( 'NONE',  ( -27.42217100177226996, 19.52559147262464023, -1.141206403738645347 ) ) ;
#4163 = ORIENTED_EDGE ( 'NONE', *, *, #4592, .F. ) ;
#4164 = CARTESIAN_POINT ( 'NONE',  ( -25.23933965392203760, 20.44574893087917644, 1.540697720404083926 ) ) ;
#4165 = CARTESIAN_POINT ( 'NONE',  ( 29.96371705284548881, -17.60623977186233802, -1.824584384291416894 ) ) ;
#4166 = CARTESIAN_POINT ( 'NONE',  ( 24.67955801620366074, 16.64115736665066692, 1.582827469971975320 ) ) ;
#4167 = LINE ( 'NONE', #3762, #4583 ) ;
#4168 = ORIENTED_EDGE ( 'NONE', *, *, #5374, .T. ) ;
#4169 = CARTESIAN_POINT ( 'NONE',  ( -28.76095463035824196, -18.94600424287802554, 1.253778960460149694 ) ) ;
#4170 = CARTESIAN_POINT ( 'NONE',  ( 29.51269704323307153, -13.01904565188812946, -1.322311815088597298 ) ) ;
#4171 = CARTESIAN_POINT ( 'NONE',  ( 0.000000000000000000, -21.50000000000000000, -330.0000000000000000 ) ) ;
#4172 = CARTESIAN_POINT ( 'NONE',  ( -29.70046719176819039, -20.37132954120190931, -2.343012872068027441 ) ) ;
#4174 = DIRECTION ( 'NONE',  ( 0.000000000000000000, -1.000000000000000000, 0.000000000000000000 ) ) ;
#4173 = CARTESIAN_POINT ( 'NONE',  ( 25.20643067572137497, -15.79331665339582180, 1.005825736757414379 ) ) ;
#4175 = DIRECTION ( 'NONE',  ( 0.000000000000000000, 0.000000000000000000, -1.000000000000000000 ) ) ;
#4176 = EDGE_LOOP ( 'NONE', ( #8391, #2445, #5217, #3943 ) ) ;
#4177 = LINE ( 'NONE', #2824, #6173 ) ;
#4178 = ADVANCED_FACE ( 'NONE', ( #7843 ), #1884, .T. ) ;
#4179 = CIRCLE ( 'NONE', #5322, 0.5000000000000000000 ) ;
#4180 = CARTESIAN_POINT ( 'NONE',  ( -26.73051754399082469, -20.81004543414326236, -2.087646638892061368 ) ) ;
#4181 = LINE ( 'NONE', #490, #2189 ) ;
#4182 = CARTESIAN_POINT ( 'NONE',  ( 24.72809675298002574, -16.04585878131127075, 1.051093208617150720 ) ) ;
#4184 =( BOUNDED_SURFACE ( )  B_SPLINE_SURFACE ( 3, 2, ( 
 ( #3557, #2959, #8215 ),
 ( #5624, #246, #5598 ),
 ( #3525, #8240, #4974 ),
 ( #987, #6306, #1607 ),
 ( #4284, #4318, #4200 ),
 ( #2320, #900, #1570 ),
 ( #4952, #8194, #2282 ),
 ( #1546, #2901, #7634 ),
 ( #3643, #7578, #6271 ),
 ( #3591, #2932, #958 ),
 ( #7600, #8301, #5653 ),
 ( #3675, #5131, #7093 ),
 ( #1011, #7759, #391 ),
 ( #5811, #1111, #7692 ),
 ( #3055, #488, #2469 ),
 ( #2376, #359, #449 ),
 ( #1810, #1041, #7722 ),
 ( #5780, #3739, #5071 ),
 ( #5003, #3709, #1134 ),
 ( #8424, #1685, #6488 ),
 ( #1079, #7064, #6435 ),
 ( #6458, #4466, #7120 ),
 ( #2983, #1719, #4437 ),
 ( #6360, #7665, #8397 ) ),
 .UNSPECIFIED., .F., .F., .T. ) 
 B_SPLINE_SURFACE_WITH_KNOTS ( ( 4, 2, 2, 2, 2, 2, 2, 2, 2, 2, 2, 4 ),
 ( 3, 3 ),
 ( 0.000000000000000000, 0.001212866084080604836, 0.001819299126120907254, 0.002425732168161209672, 0.003638598252241814508, 0.004851464336322419343, 0.006064330420403024613, 0.006670763462443326380, 0.007277196504483629015, 0.007883629546523931650, 0.008490062588564233417, 0.009702928672644838687 ),
 ( 0.000000000000000000, 1.000000000000000000 ),
 .UNSPECIFIED. ) 
 GEOMETRIC_REPRESENTATION_ITEM ( )  RATIONAL_B_SPLINE_SURFACE ( (
 ( 1.000000000000000000, 0.6724584027953961485, 1.000000000000000000),
 ( 1.000000000000000000, 0.6724590428356884697, 1.000000000000000000),
 ( 1.000000000000000000, 0.6727358327385245529, 1.000000000000000000),
 ( 1.000000000000000000, 0.6735418529720934577, 1.000000000000000000),
 ( 1.000000000000000000, 0.6738758210099190515, 1.000000000000000000),
 ( 1.000000000000000000, 0.6746735840903704817, 1.000000000000000000),
 ( 1.000000000000000000, 0.6751394191556401303, 1.000000000000000000),
 ( 1.000000000000000000, 0.6766952568032230664, 1.000000000000000000),
 ( 1.000000000000000000, 0.6779494779048860220, 1.000000000000000000),
 ( 1.000000000000000000, 0.6808378772564316339, 1.000000000000000000),
 ( 1.000000000000000000, 0.6824847388019883443, 1.000000000000000000),
 ( 1.000000000000000000, 0.6859679814516228546, 1.000000000000000000),
 ( 1.000000000000000000, 0.6878182205267734384, 1.000000000000000000),
 ( 1.000000000000000000, 0.6907190719119495892, 1.000000000000000000),
 ( 1.000000000000000000, 0.6917051297806763310, 1.000000000000000000),
 ( 1.000000000000000000, 0.6936706430190598960, 1.000000000000000000),
 ( 1.000000000000000000, 0.6946553233221454127, 1.000000000000000000),
 ( 1.000000000000000000, 0.6966235664645824555, 1.000000000000000000),
 ( 1.000000000000000000, 0.6976071371766683349, 1.000000000000000000),
 ( 1.000000000000000000, 0.6995692495552754409, 1.000000000000000000),
 ( 1.000000000000000000, 0.7005521877030637112, 1.000000000000000000),
 ( 1.000000000000000000, 0.7034526670282298388, 1.000000000000000000),
 ( 1.000000000000000000, 0.7053166015167822156, 1.000000000000000000),
 ( 1.000000000000000000, 0.7071067811865450192, 1.000000000000000000) ) ) 
 REPRESENTATION_ITEM ( '' )  SURFACE ( )  );
#4183 = CARTESIAN_POINT ( 'NONE',  ( 21.39999999999999503, 22.00000000000000711, 1.810623699724234204 ) ) ;
#4185 = DIRECTION ( 'NONE',  ( 0.000000000000000000, -1.000000000000000000, 0.000000000000000000 ) ) ;
#4186 = DIRECTION ( 'NONE',  ( 0.000000000000000000, 0.000000000000000000, -1.000000000000000000 ) ) ;
#4187 = CARTESIAN_POINT ( 'NONE',  ( -28.02087904403065011, 8.190277073173888311, 1.317192381205007701 ) ) ;
#4188 = ORIENTED_EDGE ( 'NONE', *, *, #4152, .T. ) ;
#4189 = SPHERICAL_SURFACE ( 'NONE', #2876, 0.5000000000000000000 ) ;
#4190 = CARTESIAN_POINT ( 'NONE',  ( -28.00000000000000000, -12.59999999999999964, 1.179845401256263138 ) ) ;
#4191 = CARTESIAN_POINT ( 'NONE',  ( -28.00000000000000000, 22.00000000000000000, -1.190024482224716351 ) ) ;
#4192 = CIRCLE ( 'NONE', #5455, 332.5000000000000568 ) ;
#4193 = ORIENTED_EDGE ( 'NONE', *, *, #5116, .F. ) ;
#4194 = FACE_OUTER_BOUND ( 'NONE', #872, .T. ) ;
#4195 = VECTOR ( 'NONE', #5173, 1000.000000000000000 ) ;
#4196 = VERTEX_POINT ( 'NONE', #8530 ) ;
#4197 = DIRECTION ( 'NONE',  ( -1.387778780781445676E-14, 0.000000000000000000, 1.000000000000000000 ) ) ;
#4198 = ORIENTED_EDGE ( 'NONE', *, *, #6388, .F. ) ;
#4199 = CARTESIAN_POINT ( 'NONE',  ( 26.53042427076404053, 15.07281961503502821, 1.439869335047312626 ) ) ;
#4200 = CARTESIAN_POINT ( 'NONE',  ( 31.77538448344385813, 17.03431676732857625, -1.989245488766350434 ) ) ;
#4201 = ORIENTED_EDGE ( 'NONE', *, *, #3084, .F. ) ;
#4202 = CARTESIAN_POINT ( 'NONE',  ( -29.01088796814453019, 7.600004200396320186, -1.277604675923654343 ) ) ;
#4203 = EDGE_CURVE ( 'NONE', #7823, #1913, #8352, .T. ) ;
#4204 = CYLINDRICAL_SURFACE ( 'NONE', #3379, 0.7999999999999986011 ) ;
#4205 = EDGE_CURVE ( 'NONE', #2047, #6659, #5274, .T. ) ;
#4206 = AXIS2_PLACEMENT_3D ( 'NONE', #7078, #3726, #1730 ) ;
#4207 = CARTESIAN_POINT ( 'NONE',  ( -11.99999999999999822, 16.59999988203759003, 2.083257593288573073 ) ) ;
#4208 = CARTESIAN_POINT ( 'NONE',  ( -0.1732050807568888406, -16.80000000000000071, 0.3000000000000224709 ) ) ;
#4209 = CARTESIAN_POINT ( 'NONE',  ( 24.31469099067841810, 16.73818002895124124, 1.609991024026544926 ) ) ;
#4210 = ORIENTED_EDGE ( 'NONE', *, *, #5658, .T. ) ;
#4211 = CARTESIAN_POINT ( 'NONE',  ( -27.00260469544064534, -21.78386552929614339, -2.109895334434705561 ) ) ;
#4212 = ORIENTED_EDGE ( 'NONE', *, *, #4821, .T. ) ;
#4213 = ORIENTED_EDGE ( 'NONE', *, *, #4970, .F. ) ;
#4215 = CARTESIAN_POINT ( 'NONE',  ( 28.05568211123918232, -18.76110656473275284, 1.314257484297605361 ) ) ;
#4214 = CARTESIAN_POINT ( 'NONE',  ( 24.40226112123912827, -16.71978893261392685, 1.603359487164722097 ) ) ;
#4216 = CARTESIAN_POINT ( 'NONE',  ( -28.44441606929491329, 18.84481713643731737, -1.228099144613877369 ) ) ;
#4217 = FACE_OUTER_BOUND ( 'NONE', #5859, .T. ) ;
#4218 = EDGE_CURVE ( 'NONE', #6919, #5984, #7901, .T. ) ;
#4219 = CARTESIAN_POINT ( 'NONE',  ( -26.47764212714768917, -20.36771584678350777, -1.574653044646833422 ) ) ;
#4220 = CARTESIAN_POINT ( 'NONE',  ( 28.58922284665366575, -7.599974232012341346, 1.268699308288574468 ) ) ;
#4221 = CARTESIAN_POINT ( 'NONE',  ( -24.91607500136520059, 15.96373347161932443, 1.033431792707256269 ) ) ;
#4222 = VERTEX_POINT ( 'NONE', #3218 ) ;
#4223 = PLANE ( 'NONE',  #7464 ) ;
#4224 = DIRECTION ( 'NONE',  ( 0.000000000000000000, 1.000000000000000000, 0.000000000000000000 ) ) ;
#4225 = DIRECTION ( 'NONE',  ( 0.8660254037844382635, -0.5000000000000007772, 0.000000000000000000 ) ) ;
#4226 = VERTEX_POINT ( 'NONE', #3906 ) ;
#4227 = DATE_AND_TIME ( #6110, #880 ) ;
#4228 = CARTESIAN_POINT ( 'NONE',  ( 28.49999999999999289, 18.50000000000001066, 1.276319709107132105 ) ) ;
#4229 = AXIS2_PLACEMENT_3D ( 'NONE', #5513, #2178, #2856 ) ;
#4230 = EDGE_CURVE ( 'NONE', #78, #6801, #2994, .T. ) ;
#4231 = APPROVAL ( #8439, 'Œ¥÷∏∂®' ) ;
#4232 = ORIENTED_EDGE ( 'NONE', *, *, #2350, .T. ) ;
#4233 = CARTESIAN_POINT ( 'NONE',  ( 28.49999999999999645, -18.50000000000000355, 1.276319709107132105 ) ) ;
#4234 = CARTESIAN_POINT ( 'NONE',  ( 25.24018911275047117, 16.42496657495070522, 1.540622761973659660 ) ) ;
#4235 = CARTESIAN_POINT ( 'NONE',  ( 30.50000000000000000, 15.64392215618990178, -1.868547682279251942 ) ) ;
#4236 = B_SPLINE_CURVE_WITH_KNOTS ( 'NONE', 3,
 ( #1324, #8003, #3939, #3964 ),
 .UNSPECIFIED., .F., .F.,
 ( 4, 4 ),
 ( 0.000000000000000000, 0.0008486223637367298032 ),
 .UNSPECIFIED. ) ;
#4237 = DIRECTION ( 'NONE',  ( 0.000000000000000000, 1.000000000000000000, -0.000000000000000000 ) ) ;
#4238 = DIRECTION ( 'NONE',  ( -0.000000000000000000, -0.000000000000000000, -1.000000000000000000 ) ) ;
#4239 = DIRECTION ( 'NONE',  ( 0.9999912005405067195, 0.000000000000000000, -0.004195097323812062295 ) ) ;
#4240 = VERTEX_POINT ( 'NONE', #5913 ) ;
#4242 = DIRECTION ( 'NONE',  ( 0.000000000000000000, 0.000000000000000000, 1.000000000000000000 ) ) ;
#4241 = CARTESIAN_POINT ( 'NONE',  ( 29.89491043268044379, 16.51864259939459956, -1.356883597208857095 ) ) ;
#4243 = CARTESIAN_POINT ( 'NONE',  ( -28.87910460382693145, 18.41210805993356558, -1.265996716390431320 ) ) ;
#4244 = VERTEX_POINT ( 'NONE', #6047 ) ;
#4245 = CARTESIAN_POINT ( 'NONE',  ( -32.00000000000000000, 15.29999999999999716, -1.555179672444839678 ) ) ;
#4246 = DIRECTION ( 'NONE',  ( -0.000000000000000000, -0.000000000000000000, -1.000000000000000000 ) ) ;
#4247 = DIRECTION ( 'NONE',  ( 0.000000000000000000, 1.000000000000000000, 0.000000000000000000 ) ) ;
#4248 = CARTESIAN_POINT ( 'NONE',  ( -30.22631452229657611, 16.97350860134343620, -1.933294785508036462 ) ) ;
#4249 = CARTESIAN_POINT ( 'NONE',  ( -25.64854524938941793, -19.99999999999999645, -0.9981019926595593450 ) ) ;
#4250 = CARTESIAN_POINT ( 'NONE',  ( -28.00000000000000000, 8.400000000000000355, -1.190024482224716351 ) ) ;
#4251 = CARTESIAN_POINT ( 'NONE',  ( 25.95402457763337978, -19.96964131671481368, -1.022068634254552189 ) ) ;
#4252 = ADVANCED_FACE ( 'NONE', ( #1790 ), #1092, .T. ) ;
#4253 = CARTESIAN_POINT ( 'NONE',  ( 30.60106573873366997, -19.42124989241700206, -2.425859040524163124 ) ) ;
#4254 = CARTESIAN_POINT ( 'NONE',  ( -1.385640646055105396, -19.29999999999999716, 0.2970935385293362874 ) ) ;
#4255 = ORIENTED_EDGE ( 'NONE', *, *, #1482, .F. ) ;
#4256 = CARTESIAN_POINT ( 'NONE',  ( 0.000000000000000000, 22.00000000000000000, -330.0000000000000000 ) ) ;
#4257 = CARTESIAN_POINT ( 'NONE',  ( 24.72442115804863505, 16.62871417372013738, 1.579485165362202626 ) ) ;
#4258 = ORIENTED_EDGE ( 'NONE', *, *, #3935, .F. ) ;
#4259 = DIRECTION ( 'NONE',  ( -1.000000000000000000, 0.000000000000000000, 0.000000000000000000 ) ) ;
#4260 = CARTESIAN_POINT ( 'NONE',  ( 24.72452365751613357, 16.04800167172938075, 0.9934957469149886533 ) ) ;
#4261 = CARTESIAN_POINT ( 'NONE',  ( -31.77821715189069351, 17.02355594771291436, 0.9782369432621041971 ) ) ;
#4262 = CARTESIAN_POINT ( 'NONE',  ( -32.00000000000000000, 5.580403008799160069, -1.555179672444835681 ) ) ;
#4263 = CARTESIAN_POINT ( 'NONE',  ( -29.92507974333643261, -16.36746561408457268, -1.359633479117437593 ) ) ;
#4264 = VERTEX_POINT ( 'NONE', #113 ) ;
#4265 = CARTESIAN_POINT ( 'NONE',  ( 26.55052660266908759, 20.85499621659309355, -2.073022311659444394 ) ) ;
#4266 = CARTESIAN_POINT ( 'NONE',  ( -28.20208760175756169, 19.04273387504191106, -1.207195861953715088 ) ) ;
#4267 = CARTESIAN_POINT ( 'NONE',  ( -28.80000000000000071, -12.59999999999999964, 1.179845401256263138 ) ) ;
#4268 = CARTESIAN_POINT ( 'NONE',  ( -0.1379743462718560632, -16.73897857788395171, 0.1998922124947542511 ) ) ;
#4269 = CARTESIAN_POINT ( 'NONE',  ( 30.90064663835483572, -17.86618146965701470, -2.454345047381516487 ) ) ;
#4271 = ORIENTED_EDGE ( 'NONE', *, *, #7073, .T. ) ;
#4270 = DIRECTION ( 'NONE',  ( -1.000000000000000000, 0.000000000000000000, 0.000000000000000000 ) ) ;
#4272 = CARTESIAN_POINT ( 'NONE',  ( -25.33839150227617765, -20.00000000000000000, -0.9742169432958168729 ) ) ;
#4273 = CARTESIAN_POINT ( 'NONE',  ( 26.20000000000000639, -6.513704236698701244, 0.9083693958395013812 ) ) ;
#4274 = CARTESIAN_POINT ( 'NONE',  ( 29.71369157762964619, -18.05472564218926479, -1.804335082489461284 ) ) ;
#4275 = CARTESIAN_POINT ( 'NONE',  ( -0.1732050807568882300, -16.80000000000000071, 0.1998182918942512654 ) ) ;
#4276 = CARTESIAN_POINT ( 'NONE',  ( -29.81280305961630717, 17.88914824381141955, -1.349177173033577759 ) ) ;
#4277 = ORIENTED_EDGE ( 'NONE', *, *, #5220, .T. ) ;
#4278 = CARTESIAN_POINT ( 'NONE',  ( 26.19999999999999929, 13.89999999999999858, -1.041704770954277048 ) ) ;
#4279 = ORIENTED_EDGE ( 'NONE', *, *, #6453, .F. ) ;
#4280 = CIRCLE ( 'NONE', #386, 0.5000000000000000000 ) ;
#4281 = AXIS2_PLACEMENT_3D ( 'NONE', #7681, #1666, #6420 ) ;
#4282 = CARTESIAN_POINT ( 'NONE',  ( -28.02087904403065366, -12.80972292682610991, 1.317192381205007257 ) ) ;
#4283 = CARTESIAN_POINT ( 'NONE',  ( 25.33050057046639481, 15.70140785805265082, 0.9363477637650785557 ) ) ;
#4284 = CARTESIAN_POINT ( 'NONE',  ( 31.24466254615841976, 16.90489014299778603, -2.486985632199144813 ) ) ;
#4285 = CARTESIAN_POINT ( 'NONE',  ( 29.88774216964960218, 16.51652007369720110, -1.356234047097358841 ) ) ;
#4286 = CIRCLE ( 'NONE', #4504, 0.5000000000000004441 ) ;
#4287 = CARTESIAN_POINT ( 'NONE',  ( 25.72810475189448454, 15.29775629868655074, 0.8979360085804258818 ) ) ;
#4288 = CARTESIAN_POINT ( 'NONE',  ( -31.57788190359864799, 17.65075734151387010, 0.9973986435214369228 ) ) ;
#4289 = ORIENTED_EDGE ( 'NONE', *, *, #1027, .T. ) ;
#4290 = LINE ( 'NONE', #7566, #8348 ) ;
#4291 = CARTESIAN_POINT ( 'NONE',  ( -30.50000000000000000, -15.64392215619028370, -1.868547682279150912 ) ) ;
#4292 = CYLINDRICAL_SURFACE ( 'NONE', #5667, 0.7999999999999986011 ) ;
#4293 = ORIENTED_EDGE ( 'NONE', *, *, #3126, .T. ) ;
#4294 = LINE ( 'NONE', #7724, #5137 ) ;
#4295 = CARTESIAN_POINT ( 'NONE',  ( 29.80408041848452072, 16.81759231440829794, -1.348617940887973488 ) ) ;
#4296 = CARTESIAN_POINT ( 'NONE',  ( -29.60000000000000853, 12.70584859310759995, 1.179845401256263360 ) ) ;
#4297 = VECTOR ( 'NONE', #1319, 1000.000000000000000 ) ;
#4298 = ORIENTED_EDGE ( 'NONE', *, *, #477, .F. ) ;
#4299 = ORIENTED_EDGE ( 'NONE', *, *, #8118, .F. ) ;
#4300 = LINE ( 'NONE', #1729, #7740 ) ;
#4301 = CARTESIAN_POINT ( 'NONE',  ( 29.39003040129981414, 20.62498077697634002, -1.785984905437723924 ) ) ;
#4302 = VERTEX_POINT ( 'NONE', #5305 ) ;
#4303 = DIRECTION ( 'NONE',  ( 0.9959213561407166404, 0.000000000000000000, -0.09022556390977008733 ) ) ;
#4304 = CIRCLE ( 'NONE', #2478, 332.5000000000000000 ) ;
#4305 = DIRECTION ( 'NONE',  ( 0.000000000000000000, 1.000000000000000000, -0.000000000000000000 ) ) ;
#4306 = CARTESIAN_POINT ( 'NONE',  ( -28.47330010545007539, 19.43362177634113408, -1.759006405889335989 ) ) ;
#4307 = DIRECTION ( 'NONE',  ( 1.001543065824771570E-15, 1.000000000000000000, 0.000000000000000000 ) ) ;
#4308 = CARTESIAN_POINT ( 'NONE',  ( 30.04552351738741933, -15.91972493839529434, -1.370624385819495750 ) ) ;
#4309 = CARTESIAN_POINT ( 'NONE',  ( -30.04318944259508939, 17.43793548921425796, -1.370137256003891579 ) ) ;
#4310 = ORIENTED_EDGE ( 'NONE', *, *, #2961, .T. ) ;
#4311 = ORIENTED_EDGE ( 'NONE', *, *, #4148, .F. ) ;
#4312 = DIRECTION ( 'NONE',  ( -0.9970478274445584432, 0.000000000000000000, -0.07678300455234836341 ) ) ;
#4313 = ORIENTED_EDGE ( 'NONE', *, *, #192, .T. ) ;
#4314 = LINE ( 'NONE', #7198, #6304 ) ;
#4315 = EDGE_CURVE ( 'NONE', #3900, #6637, #6694, .T. ) ;
#4316 = CARTESIAN_POINT ( 'NONE',  ( 29.50200554329098779, 15.50000000000079403, 1.188589279467233917 ) ) ;
#4317 = CARTESIAN_POINT ( 'NONE',  ( 26.17043642651736590, 14.27515436730113763, 0.8543307596269902326 ) ) ;
#4318 = CARTESIAN_POINT ( 'NONE',  ( 31.77196841216672496, 17.04729118105863250, -2.537289477605314758 ) ) ;
#4319 = CARTESIAN_POINT ( 'NONE',  ( 30.32569789346117872, 16.64593710267307713, -1.854179147016326246 ) ) ;
#4320 = DIRECTION ( 'NONE',  ( 0.000000000000000000, 0.000000000000000000, 1.000000000000000000 ) ) ;
#4321 = EDGE_CURVE ( 'NONE', #4196, #1127, #1163, .T. ) ;
#4322 = ORIENTED_EDGE ( 'NONE', *, *, #42, .F. ) ;
#4323 = ORIENTED_EDGE ( 'NONE', *, *, #5418, .T. ) ;
#4324 = CARTESIAN_POINT ( 'NONE',  ( 25.33810240963855165, 21.99999999999999645, 1.533151534320442266 ) ) ;
#4325 = EDGE_CURVE ( 'NONE', #7739, #798, #4506, .T. ) ;
#4326 = FACE_OUTER_BOUND ( 'NONE', #8498, .T. ) ;
#4327 = CARTESIAN_POINT ( 'NONE',  ( 25.05985420021532661, 15.88756062096627275, 0.9620911957854850760 ) ) ;
#4328 = CARTESIAN_POINT ( 'NONE',  ( -21.40000000000000213, 22.00000000000000000, 1.309583320494966951 ) ) ;
#4329 = CARTESIAN_POINT ( 'NONE',  ( 25.60328244810994036, 20.50252533961556978, -1.997577202081495473 ) ) ;
#4330 = EDGE_LOOP ( 'NONE', ( #5359, #7889, #7585 ) ) ;
#4331 = AXIS2_PLACEMENT_3D ( 'NONE', #4030, #6762, #5392 ) ;
#4332 = LOCAL_TIME ( 17, 26, 55.00000000000000000, #593 ) ;
#4333 = CARTESIAN_POINT ( 'NONE',  ( 0.000000000000000000, 16.79999999999986926, -330.0000000000000000 ) ) ;
#4334 = CARTESIAN_POINT ( 'NONE',  ( 29.20245812135984664, -7.700724261914241531, 1.215150424316935318 ) ) ;
#4335 = CARTESIAN_POINT ( 'NONE',  ( 29.60000000000000142, -8.399999999999998579, -1.330196093404401037 ) ) ;
#4336 = DIRECTION ( 'NONE',  ( 1.000000000000000000, 0.000000000000000000, -0.000000000000000000 ) ) ;
#4337 = CARTESIAN_POINT ( 'NONE',  ( 30.03614774426782930, -17.45351072530491265, -1.830481640827851031 ) ) ;
#4338 = ORIENTED_EDGE ( 'NONE', *, *, #5045, .T. ) ;
#4339 = ADVANCED_FACE ( 'NONE', ( #3566 ), #1456, .T. ) ;
#4340 = CARTESIAN_POINT ( 'NONE',  ( -23.93683557770485848, 16.75631529253509200, 1.637268566917704504 ) ) ;
#4341 = CARTESIAN_POINT ( 'NONE',  ( -30.49999999999999645, 15.64385275953194387, -1.868547682487498696 ) ) ;
#4342 = AXIS2_PLACEMENT_3D ( 'NONE', #121, #4854, #1447 ) ;
#4343 = CARTESIAN_POINT ( 'NONE',  ( -24.51516804791934234, -16.11658710815120088, 1.070906740636084598 ) ) ;
#4344 = AXIS2_PLACEMENT_3D ( 'NONE', #1370, #3408, #4081 ) ;
#4345 = CARTESIAN_POINT ( 'NONE',  ( -24.60561846491692251, -16.08940941034859762, 1.062511864125421646 ) ) ;
#4346 = DIRECTION ( 'NONE',  ( -0.000000000000000000, -0.000000000000000000, 1.000000000000000000 ) ) ;
#4347 = ORIENTED_EDGE ( 'NONE', *, *, #5841, .F. ) ;
#4348 = CARTESIAN_POINT ( 'NONE',  ( -26.69921469822636340, 14.64395334991659503, 1.426314687717300078 ) ) ;
#4349 = CARTESIAN_POINT ( 'NONE',  ( 25.57823352201564049, 15.47319695727332700, 0.9124970780940716564 ) ) ;
#4350 = CARTESIAN_POINT ( 'NONE',  ( 25.30000000000000071, 15.29999999999999716, -330.0000000000000000 ) ) ;
#4351 = CARTESIAN_POINT ( 'NONE',  ( -24.20334090084709899, -16.19999999999999929, -0.8886346688529579430 ) ) ;
#4352 = CARTESIAN_POINT ( 'NONE',  ( 25.91178677367300409, 15.01540201346132442, 0.8799366205018798182 ) ) ;
#4353 = CARTESIAN_POINT ( 'NONE',  ( -31.38854210209454720, 16.70821678678882449, 1.015122011461379925 ) ) ;
#4354 = ORIENTED_EDGE ( 'NONE', *, *, #1468, .T. ) ;
#4355 = CARTESIAN_POINT ( 'NONE',  ( 27.26483034356660085, 20.63850944673940191, -2.131644026044144269 ) ) ;
#4356 = CARTESIAN_POINT ( 'NONE',  ( 26.21365825854636711, 21.95187567056970934, 1.465355059078693234 ) ) ;
#4357 = DIRECTION ( 'NONE',  ( 0.000000000000000000, -1.000000000000000000, 0.000000000000000000 ) ) ;
#4358 = CARTESIAN_POINT ( 'NONE',  ( 21.39999999999999503, 16.73818978461772744, 1.810623699724234204 ) ) ;
#4359 = ORIENTED_EDGE ( 'NONE', *, *, #3777, .F. ) ;
#4360 = B_SPLINE_CURVE_WITH_KNOTS ( 'NONE', 3,
 ( #6057, #5354, #7370, #8034, #4047, #4742, #2723, #8151, #4157, #7424, #8182, #863, #5500, #2840 ),
 .UNSPECIFIED., .F., .F.,
 ( 4, 2, 2, 2, 2, 2, 4 ),
 ( 0.000000000000000000, 0.2500000000000004996, 0.3750000000000012212, 0.5000000000000018874, 0.6250000000000025535, 0.7500000000000024425, 1.000000000000000000 ),
 .UNSPECIFIED. ) ;
#4361 = CARTESIAN_POINT ( 'NONE',  ( -25.96616391257246548, 14.92148028554645656, -1.023159382127722949 ) ) ;
#4362 = CARTESIAN_POINT ( 'NONE',  ( -31.13278248673084647, 17.30686844114629963, -2.476300065678977536 ) ) ;
#4363 = DIRECTION ( 'NONE',  ( -0.000000000000000000, -1.000000000000000000, -0.000000000000000000 ) ) ;
#4364 = ADVANCED_FACE ( 'NONE', ( #6073 ), #4121, .T. ) ;
#4365 = VERTEX_POINT ( 'NONE', #4779 ) ;
#4366 = CARTESIAN_POINT ( 'NONE',  ( -24.22876658035086805, -16.17650709715375967, 1.097204887772883497 ) ) ;
#4367 = EDGE_CURVE ( 'NONE', #6914, #5685, #4598, .T. ) ;
#4368 = CARTESIAN_POINT ( 'NONE',  ( -24.42417291004875324, -16.13979331710451603, 1.079298506861066098 ) ) ;
#4369 = EDGE_CURVE ( 'NONE', #4240, #2228, #3776, .T. ) ;
#4370 = DIRECTION ( 'NONE',  ( -0.000000000000000000, -0.000000000000000000, 1.000000000000000000 ) ) ;
#4371 = CARTESIAN_POINT ( 'NONE',  ( -0.1732050807568888406, -16.80000000000000071, 0.1998182918942745800 ) ) ;
#4372 = CARTESIAN_POINT ( 'NONE',  ( 28.49889335906532040, 19.41380166478484881, -1.232642188471713363 ) ) ;
#4373 = CARTESIAN_POINT ( 'NONE',  ( -27.26244602209705192, -21.18108054810092611, -2.131278797097038602 ) ) ;
#4374 = ORIENTED_EDGE ( 'NONE', *, *, #8615, .F. ) ;
#4375 = CARTESIAN_POINT ( 'NONE',  ( 24.79052008954308306, 16.02061308357577829, 0.9873475637776972791 ) ) ;
#4376 = CARTESIAN_POINT ( 'NONE',  ( -1.385640646055105840, -19.50000000000000000, 0.1970926583091406059 ) ) ;
#4377 = ADVANCED_FACE ( 'NONE', ( #739 ), #4935, .F. ) ;
#4378 = DIRECTION ( 'NONE',  ( 0.000000000000000000, -1.000000000000000000, 0.000000000000000000 ) ) ;
#4379 = EDGE_CURVE ( 'NONE', #2228, #5440, #1568, .T. ) ;
#4380 = CARTESIAN_POINT ( 'NONE',  ( 28.46504428902589012, 19.43975803595947838, -1.758214795879871728 ) ) ;
#4381 = ORIENTED_EDGE ( 'NONE', *, *, #2436, .F. ) ;
#4382 = AXIS2_PLACEMENT_3D ( 'NONE', #8339, #4357, #5556 ) ;
#4383 = DIRECTION ( 'NONE',  ( -0.000000000000000000, 1.000000000000000000, 0.000000000000000000 ) ) ;
#4384 = CARTESIAN_POINT ( 'NONE',  ( -27.61396724997518248, 20.49364446039383481, -2.160865291155482204 ) ) ;
#4385 = LINE ( 'NONE', #5267, #6986 ) ;
#4386 = CARTESIAN_POINT ( 'NONE',  ( -28.44145804929169685, -20.68531806326857492, 1.281523758925856793 ) ) ;
#4387 = CARTESIAN_POINT ( 'NONE',  ( -25.72810848804087769, -15.29775141012155260, 0.9552390841541266164 ) ) ;
#4388 = CARTESIAN_POINT ( 'NONE',  ( -28.00379592914983462, 20.87335906295659527, -2.193763522493328288 ) ) ;
#4389 = EDGE_CURVE ( 'NONE', #4832, #3202, #3264, .T. ) ;
#4390 = AXIS2_PLACEMENT_3D ( 'NONE', #1250, #5927, #1928 ) ;
#4391 = VERTEX_POINT ( 'NONE', #4328 ) ;
#4392 = VECTOR ( 'NONE', #3817, 1000.000000000000000 ) ;
#4393 = CARTESIAN_POINT ( 'NONE',  ( -0.1378157566289625047, -16.73870389256490654, 0.1998925457318334320 ) ) ;
#4394 = CARTESIAN_POINT ( 'NONE',  ( 26.95218299964079733, -21.30071185874862749, 1.406081667403490387 ) ) ;
#4395 = VECTOR ( 'NONE', #6367, 1000.000000000000000 ) ;
#4396 = LINE ( 'NONE', #5157, #6797 ) ;
#4397 = CARTESIAN_POINT ( 'NONE',  ( 0.1732050807570546802, -16.80000000000028848, 0.3000000000000224709 ) ) ;
#4398 = FACE_OUTER_BOUND ( 'NONE', #3210, .T. ) ;
#4399 = CARTESIAN_POINT ( 'NONE',  ( -24.74655522558575527, -16.03886471853155271, 1.049366385780840627 ) ) ;
#4400 = CARTESIAN_POINT ( 'NONE',  ( 30.46618349111138002, -15.98238101904769692, -1.958002437483632896 ) ) ;
#4402 = ORIENTED_EDGE ( 'NONE', *, *, #421, .F. ) ;
#4401 = CARTESIAN_POINT ( 'NONE',  ( 0.000000000000000000, -13.39999999999999503, -330.0000000000000000 ) ) ;
#4403 = CARTESIAN_POINT ( 'NONE',  ( 25.14704657565738444, 15.83295261341494786, 0.9538268666378311167 ) ) ;
#4404 = CARTESIAN_POINT ( 'NONE',  ( 28.99999999999999289, 18.50000000000001066, 1.232924088170934018 ) ) ;
#4405 = FACE_OUTER_BOUND ( 'NONE', #4029, .T. ) ;
#4406 = VERTEX_POINT ( 'NONE', #6496 ) ;
#4407 = CARTESIAN_POINT ( 'NONE',  ( 25.33839150227617765, 20.50000000000000000, -0.9742169432957673569 ) ) ;
#4408 = CARTESIAN_POINT ( 'NONE',  ( -25.05535689016226186, 20.26110656486626382, 1.554652511776696944 ) ) ;
#4409 = FACE_OUTER_BOUND ( 'NONE', #92, .T. ) ;
#4410 = FACE_OUTER_BOUND ( 'NONE', #2412, .T. ) ;
#4411 = CARTESIAN_POINT ( 'NONE',  ( 25.30000000000000071, -20.99999999999999645, -1.472740857018131955 ) ) ;
#4412 = CARTESIAN_POINT ( 'NONE',  ( 29.78109778341006475, 18.78457841293519337, -2.350599105705008185 ) ) ;
#4413 = ORIENTED_EDGE ( 'NONE', *, *, #1015, .F. ) ;
#4414 = ORIENTED_EDGE ( 'NONE', *, *, #7349, .T. ) ;
#4415 = ADVANCED_FACE ( 'NONE', ( #7314 ), #6888, .F. ) ;
#4416 = DIRECTION ( 'NONE',  ( -0.000000000000000000, -1.000000000000000000, -0.000000000000000000 ) ) ;
#4417 = ORIENTED_EDGE ( 'NONE', *, *, #2351, .T. ) ;
#4418 = CARTESIAN_POINT ( 'NONE',  ( -30.00000000013388046, 14.99999999999999822, 1.143850916775968285 ) ) ;
#4419 = LINE ( 'NONE', #1906, #3165 ) ;
#4420 = CARTESIAN_POINT ( 'NONE',  ( 29.60000000000000142, -12.59999999999999964, -1.330196093404401037 ) ) ;
#4421 = CARTESIAN_POINT ( 'NONE',  ( 30.50000000000000000, 15.29999999999999716, -1.961511404530491554 ) ) ;
#4422 = CARTESIAN_POINT ( 'NONE',  ( 29.03139090637562347, -20.23449459770598935, -2.283213396799017136 ) ) ;
#4423 = ORIENTED_EDGE ( 'NONE', *, *, #4218, .F. ) ;
#4424 = CARTESIAN_POINT ( 'NONE',  ( -29.34996084881802147, 19.97310521601801270, -2.311638845369505368 ) ) ;
#4425 = ORIENTED_EDGE ( 'NONE', *, *, #6987, .T. ) ;
#4426 = VECTOR ( 'NONE', #4684, 1000.000000000000000 ) ;
#4427 = ADVANCED_FACE ( 'NONE', ( #2400 ), #2818, .T. ) ;
#4428 = CARTESIAN_POINT ( 'NONE',  ( 25.74728057053555830, -21.50000000000000355, 1.501879252509063623 ) ) ;
#4429 = CARTESIAN_POINT ( 'NONE',  ( 29.60000000000000142, -13.39999999999999680, 5.000000000000000000 ) ) ;
#4430 = CARTESIAN_POINT ( 'NONE',  ( -25.20982423344224799, -15.79097359141864310, 1.005500769558467233 ) ) ;
#4431 = ORIENTED_EDGE ( 'NONE', *, *, #3791, .T. ) ;
#4432 = VERTEX_POINT ( 'NONE', #7190 ) ;
#4433 = EDGE_CURVE ( 'NONE', #1108, #2918, #5100, .T. ) ;
#4434 = DIRECTION ( 'NONE',  ( 0.000000000000000000, 0.000000000000000000, 1.000000000000000000 ) ) ;
#4435 = CARTESIAN_POINT ( 'NONE',  ( -24.40226112123900393, 16.71978893261392685, 1.603359487164730313 ) ) ;
#4436 = DIRECTION ( 'NONE',  ( -0.000000000000000000, 0.000000000000000000, 1.000000000000000000 ) ) ;
#4437 = CARTESIAN_POINT ( 'NONE',  ( 25.74182523558502567, 22.00000000000000000, -1.504226786298551000 ) ) ;
#4438 = CARTESIAN_POINT ( 'NONE',  ( 29.44963611720082497, 18.45207465319835194, -1.316427517392942059 ) ) ;
#4439 = CARTESIAN_POINT ( 'NONE',  ( -31.95648338645002440, 16.17869024770071817, 0.5061143299430388431 ) ) ;
#4440 = B_SPLINE_CURVE_WITH_KNOTS ( 'NONE', 3,
 ( #4476, #8436, #1792, #6473, #6346, #8470, #2433, #434, #5083, #7775, #5822, #2460, #5152, #4386, #2996, #470, #2334, #5706, #1121, #1098, #403, #7144 ),
 .UNSPECIFIED., .F., .F.,
 ( 4, 2, 2, 2, 2, 2, 2, 2, 2, 2, 4 ),
 ( 0.000000000000000000, 0.001223989796739469518, 0.002447979593478939037, 0.003059974491848671627, 0.003671969390218404218, 0.004895959186957855522, 0.006119948983697306825, 0.007343938780436757262, 0.007955933678806486817, 0.008567928577176218974, 0.009791918373915678084 ),
 .UNSPECIFIED. ) ;
#4441 = EDGE_CURVE ( 'NONE', #280, #5429, #2603, .T. ) ;
#4442 = CARTESIAN_POINT ( 'NONE',  ( -26.11777954586058925, -15.74901567115116663, 1.472642144932086339 ) ) ;
#4443 = CARTESIAN_POINT ( 'NONE',  ( -29.72659054028189729, 20.34836486342059203, 0.6961490292816087111 ) ) ;
#4444 = ORIENTED_EDGE ( 'NONE', *, *, #4043, .T. ) ;
#4445 = B_SPLINE_CURVE_WITH_KNOTS ( 'NONE', 3,
 ( #1387, #1939, #7366, #6052, #2593, #1321, #639, #5966, #1959, #3328, #1988, #6663, #693, #3363 ),
 .UNSPECIFIED., .F., .F.,
 ( 4, 2, 2, 2, 2, 2, 4 ),
 ( 0.000000000000000000, 0.2500000000000018319, 0.3750000000000028866, 0.5000000000000038858, 0.6250000000000032196, 0.7500000000000025535, 1.000000000000000000 ),
 .UNSPECIFIED. ) ;
#4446 = DIRECTION ( 'NONE',  ( 1.000000000000000000, 0.000000000000000000, 0.000000000000000000 ) ) ;
#4447 = AXIS2_PLACEMENT_3D ( 'NONE', #5733, #1731, #7105 ) ;
#4448 = CARTESIAN_POINT ( 'NONE',  ( 23.90000000000001279, -13.89999999999999858, -10.00000000000000000 ) ) ;
#4449 = CARTESIAN_POINT ( 'NONE',  ( 27.90031717880818718, 19.81591103957789457, -1.704547024274542633 ) ) ;
#4450 = AXIS2_PLACEMENT_3D ( 'NONE', #6798, #7467, #217 ) ;
#4451 = ORIENTED_EDGE ( 'NONE', *, *, #2277, .F. ) ;
#4452 = PLANE ( 'NONE',  #7245 ) ;
#4453 = CARTESIAN_POINT ( 'NONE',  ( 28.00000000000000000, 22.00000000000000000, -1.190024482224716351 ) ) ;
#4454 = CARTESIAN_POINT ( 'NONE',  ( -25.30010892725800176, 15.73090799547754592, -0.9712471783381523283 ) ) ;
#4455 = CARTESIAN_POINT ( 'NONE',  ( -25.53836399438020877, -15.51433517291883746, 0.9737811071753426084 ) ) ;
#4456 = PERSON_AND_ORGANIZATION_ROLE ( 'classification_officer' ) ;
#4457 = CARTESIAN_POINT ( 'NONE',  ( 25.29999999999999716, -22.00000000000000355, 1.034605441787576519 ) ) ;
#4458 = CARTESIAN_POINT ( 'NONE',  ( -25.30000000000000071, 22.00000000000000000, 1.034605441787602498 ) ) ;
#4459 = CARTESIAN_POINT ( 'NONE',  ( 29.78699097670029516, -18.77669702481988523, -2.351135750376331934 ) ) ;
#4460 = VERTEX_POINT ( 'NONE', #6441 ) ;
#4461 = ADVANCED_FACE ( 'NONE', ( #836 ), #1258, .T. ) ;
#4462 = CARTESIAN_POINT ( 'NONE',  ( -24.64120137513103259, -16.07761833999878220, 1.059201691270302614 ) ) ;
#4463 = PLANE ( 'NONE',  #2854 ) ;
#4464 = CARTESIAN_POINT ( 'NONE',  ( -26.02358548777712599, 15.85603572143445206, 1.480055787147410928 ) ) ;
#4465 = CARTESIAN_POINT ( 'NONE',  ( -21.40000000000000213, 24.76813061057712773, -1.937490070343665938 ) ) ;
#4466 = CARTESIAN_POINT ( 'NONE',  ( 26.14041519464332453, 21.96168518212371268, -2.039836273370143171 ) ) ;
#4467 = ORIENTED_EDGE ( 'NONE', *, *, #7333, .F. ) ;
#4468 = CARTESIAN_POINT ( 'NONE',  ( 28.80000000000000071, 12.59999999999999787, 1.179845401256263138 ) ) ;
#4469 = CARTESIAN_POINT ( 'NONE',  ( -24.54268347755858670, -16.69192135879867323, 1.592986704925834385 ) ) ;
#4470 = CARTESIAN_POINT ( 'NONE',  ( -29.12813269993144161, 20.22795414929175450, 1.221855790228834060 ) ) ;
#4471 = CARTESIAN_POINT ( 'NONE',  ( 27.26244602209703771, 21.18108054810092966, -2.131278797097037270 ) ) ;
#4472 = ORIENTED_EDGE ( 'NONE', *, *, #3410, .T. ) ;
#4473 = CARTESIAN_POINT ( 'NONE',  ( 0.000000000000000000, 22.00000000000000000, -330.0000000000000000 ) ) ;
#4474 = DIRECTION ( 'NONE',  ( 0.9999912005405067195, 0.000000000000000000, 0.004195097323812067500 ) ) ;
#4475 = DIRECTION ( 'NONE',  ( 0.000000000000000000, 1.000000000000000000, 0.000000000000000000 ) ) ;
#4476 = CARTESIAN_POINT ( 'NONE',  ( -31.54743975903614128, -15.30000000000000071, 1.000013662613013832 ) ) ;
#4477 = ORIENTED_EDGE ( 'NONE', *, *, #3131, .T. ) ;
#4478 = CARTESIAN_POINT ( 'NONE',  ( 25.33810240963855165, -21.50000000000000000, 1.533151534320389198 ) ) ;
#4479 = DIRECTION ( 'NONE',  ( -0.000000000000000000, 1.000000000000000000, 0.000000000000000000 ) ) ;
#4480 = CARTESIAN_POINT ( 'NONE',  ( 31.54743975903614128, -15.30000000000000071, 1.000013662612962762 ) ) ;
#4481 = EDGE_CURVE ( 'NONE', #3948, #4090, #8146, .T. ) ;
#4482 = CARTESIAN_POINT ( 'NONE',  ( 0.000000000000000000, -21.50000000000000000, -330.0000000000000000 ) ) ;
#4483 = EDGE_CURVE ( 'NONE', #662, #5664, #3768, .T. ) ;
#4484 = ORIENTED_EDGE ( 'NONE', *, *, #5420, .F. ) ;
#4485 = EDGE_CURVE ( 'NONE', #4406, #78, #1051, .T. ) ;
#4486 = B_SPLINE_CURVE_WITH_KNOTS ( 'NONE', 3,
 ( #4340, #3700, #6352, #8349 ),
 .UNSPECIFIED., .F., .F.,
 ( 4, 4 ),
 ( 0.000000000000000000, 1.000000000000000000 ),
 .UNSPECIFIED. ) ;
#4487 = CARTESIAN_POINT ( 'NONE',  ( -29.50200554329734715, 15.63047925824194095, 1.188589279466651938 ) ) ;
#4488 = CARTESIAN_POINT ( 'NONE',  ( 31.50707876005242980, 16.11582996664390777, 1.003867832251272407 ) ) ;
#4489 = CARTESIAN_POINT ( 'NONE',  ( -30.63429553781645609, -19.37780592677321678, 1.086069251434881311 ) ) ;
#4490 = CARTESIAN_POINT ( 'NONE',  ( -29.12633706123982336, 20.22932228480030759, 1.222013692124043649 ) ) ;
#4491 = CARTESIAN_POINT ( 'NONE',  ( -25.50000000000000000, -20.00000000000000355, 1.520738416161293571 ) ) ;
#4492 = CARTESIAN_POINT ( 'NONE',  ( -30.34493797243067092, 19.73049731380529437, 0.6447857828546621484 ) ) ;
#4493 = CYLINDRICAL_SURFACE ( 'NONE', #2701, 0.5000000000000004441 ) ;
#4494 = CARTESIAN_POINT ( 'NONE',  ( -27.49564068846380849, 21.63389839890828981, 1.361294951905270390 ) ) ;
#4495 = ORIENTED_EDGE ( 'NONE', *, *, #1016, .T. ) ;
#4496 = FACE_OUTER_BOUND ( 'NONE', #5330, .T. ) ;
#4497 = AXIS2_PLACEMENT_3D ( 'NONE', #5294, #2604, #2492 ) ;
#4498 = EDGE_CURVE ( 'NONE', #185, #8168, #2186, .T. ) ;
#4499 = ADVANCED_FACE ( 'NONE', ( #7734 ), #1116, .F. ) ;
#4500 = CARTESIAN_POINT ( 'NONE',  ( 29.79173547736704464, 17.92568657251963060, -2.351379241294297540 ) ) ;
#4501 = FACE_OUTER_BOUND ( 'NONE', #8554, .T. ) ;
#4502 = EDGE_LOOP ( 'NONE', ( #948, #629, #4916, #3836 ) ) ;
#4503 = VECTOR ( 'NONE', #4106, 1000.000000000000000 ) ;
#4504 = AXIS2_PLACEMENT_3D ( 'NONE', #16, #4710, #6033 ) ;
#4505 = DIRECTION ( 'NONE',  ( 1.000000000000000000, 0.000000000000000000, 0.000000000000000000 ) ) ;
#4507 = CARTESIAN_POINT ( 'NONE',  ( -28.71141312911644405, 19.23952379947912306, -2.254961078672883978 ) ) ;
#4506 = LINE ( 'NONE', #6687, #45 ) ;
#4508 = DIRECTION ( 'NONE',  ( 0.000000000000000000, 1.000000000000000000, 0.000000000000000000 ) ) ;
#4509 = ORIENTED_EDGE ( 'NONE', *, *, #6735, .F. ) ;
#4510 = CARTESIAN_POINT ( 'NONE',  ( 29.99999999999999289, 15.50000000000001066, -500000.0000000000582 ) ) ;
#4511 = CIRCLE ( 'NONE', #3208, 0.5000000000000000000 ) ;
#4512 = SPHERICAL_SURFACE ( 'NONE', #5613, 0.5000000000000000000 ) ;
#4513 = AXIS2_PLACEMENT_3D ( 'NONE', #4941, #1508, #6182 ) ;
#4514 = CARTESIAN_POINT ( 'NONE',  ( 28.65075869746729609, -21.10605826981351285, 0.7830592061036465434 ) ) ;
#4515 = DIRECTION ( 'NONE',  ( -0.8660254037844403729, -0.4999999999999971689, 0.000000000000000000 ) ) ;
#4516 = ORIENTED_EDGE ( 'NONE', *, *, #1806, .T. ) ;
#4517 = ORIENTED_EDGE ( 'NONE', *, *, #3266, .T. ) ;
#4518 = CIRCLE ( 'NONE', #2430, 0.5000000000000000000 ) ;
#4519 = ORIENTED_EDGE ( 'NONE', *, *, #5494, .F. ) ;
#4520 = VECTOR ( 'NONE', #7637, 1000.000000000000000 ) ;
#4521 = DIRECTION ( 'NONE',  ( -0.000000000000000000, -1.000000000000000000, -0.000000000000000000 ) ) ;
#4522 = CARTESIAN_POINT ( 'NONE',  ( -30.99866071908315135, -18.83038932893297712, 1.052112876963494204 ) ) ;
#4523 = CARTESIAN_POINT ( 'NONE',  ( -30.00000000013443824, -14.99999999999509015, 1.143850916775958959 ) ) ;
#4524 = EDGE_LOOP ( 'NONE', ( #701, #5450, #4942, #7650 ) ) ;
#4525 = EDGE_LOOP ( 'NONE', ( #5864, #350, #7426, #3071 ) ) ;
#4526 = CARTESIAN_POINT ( 'NONE',  ( 32.00000000000000000, -15.30000000000000071, -2.009146468990752332 ) ) ;
#4527 = ORIENTED_EDGE ( 'NONE', *, *, #5106, .T. ) ;
#4528 = SPHERICAL_SURFACE ( 'NONE', #5325, 0.5000000000000000000 ) ;
#4529 = CARTESIAN_POINT ( 'NONE',  ( 30.95295902883156103, 15.29999999999999716, -2.459293633051719219 ) ) ;
#4530 = CARTESIAN_POINT ( 'NONE',  ( 25.67017480706934407, 21.50000000000000000, -2.002728606202367700 ) ) ;
#4531 = DIRECTION ( 'NONE',  ( 0.07620481927710778813, 0.000000000000000000, 0.9970921850656253582 ) ) ;
#4532 = ORIENTED_EDGE ( 'NONE', *, *, #7890, .T. ) ;
#4533 = ORIENTED_EDGE ( 'NONE', *, *, #1296, .F. ) ;
#4534 = CARTESIAN_POINT ( 'NONE',  ( 29.99999999999999289, 15.50000000000001066, 1.143850916776045779 ) ) ;
#4535 = CARTESIAN_POINT ( 'NONE',  ( -27.41404519673630702, 20.05403012530873141, -2.144034306740181250 ) ) ;
#4536 = DIRECTION ( 'NONE',  ( 0.000000000000000000, 0.000000000000000000, 1.000000000000000000 ) ) ;
#4537 = EDGE_CURVE ( 'NONE', #8373, #1237, #440, .T. ) ;
#4538 = CARTESIAN_POINT ( 'NONE',  ( 27.45998598039783190, -21.64604951209242500, 0.8758281906248647219 ) ) ;
#4539 = EDGE_LOOP ( 'NONE', ( #7379, #4771, #4147, #3867 ) ) ;
#4540 = CARTESIAN_POINT ( 'NONE',  ( 30.00000000013333334, -14.99999999999513989, 1.143850916776046223 ) ) ;
#4541 = CARTESIAN_POINT ( 'NONE',  ( 29.80146579896045012, -17.92561955213265890, -2.352217539115279532 ) ) ;
#4542 = EDGE_CURVE ( 'NONE', #2834, #1669, #6174, .T. ) ;
#4543 = ADVANCED_FACE ( 'NONE', ( #5536 ), #7936, .T. ) ;
#4544 = CARTESIAN_POINT ( 'NONE',  ( -26.20000000000000284, 13.89999999999999858, -1.041704770954277048 ) ) ;
#4545 = DIRECTION ( 'NONE',  ( 1.000000000000000000, -1.835425011253929256E-16, 0.000000000000000000 ) ) ;
#4546 = ORIENTED_EDGE ( 'NONE', *, *, #3150, .T. ) ;
#4547 = CARTESIAN_POINT ( 'NONE',  ( -26.81739750406397604, -21.82954530734980025, 0.9243527585707832506 ) ) ;
#4548 = CARTESIAN_POINT ( 'NONE',  ( 31.54743975903614128, 22.00000000000000000, 1.000013662613041809 ) ) ;
#4549 = CARTESIAN_POINT ( 'NONE',  ( 28.39760603037810682, -13.29931484637852002, 1.285127047913204423 ) ) ;
#4550 = EDGE_CURVE ( 'NONE', #401, #3219, #3555, .T. ) ;
#4551 = CARTESIAN_POINT ( 'NONE',  ( -26.80000000000000071, 7.599999999999996980, 5.301000000000002821 ) ) ;
#4552 = ORIENTED_EDGE ( 'NONE', *, *, #4925, .F. ) ;
#4553 = CARTESIAN_POINT ( 'NONE',  ( 0.000000000000000000, 16.73818978461772744, -330.0000000000000000 ) ) ;
#4554 = CARTESIAN_POINT ( 'NONE',  ( 26.78410002272813273, 13.89999999999999858, 1.419465309405898434 ) ) ;
#4555 = B_SPLINE_CURVE_WITH_KNOTS ( 'NONE', 3,
 ( #3361, #6086, #7337, #4063, #4649, #1320, #2067, #2679, #8025, #4698, #3327, #5965, #5286, #6025 ),
 .UNSPECIFIED., .F., .F.,
 ( 4, 2, 2, 2, 2, 2, 4 ),
 ( 0.000000000000000000, 0.0004497615996572234187, 0.0008995231993144468374, 0.001349284798971670148, 0.001799046398628893675, 0.002698569597943340295, 0.003598092797257787349 ),
 .UNSPECIFIED. ) ;
#4556 = AXIS2_PLACEMENT_3D ( 'NONE', #272, #6982, #1605 ) ;
#4557 = AXIS2_PLACEMENT_3D ( 'NONE', #4841, #1520, #6198 ) ;
#4558 = PLANE ( 'NONE',  #4831 ) ;
#4559 = CARTESIAN_POINT ( 'NONE',  ( 29.72349088085688251, 20.35109293033695010, 0.6964042155968148684 ) ) ;
#4560 = ORIENTED_EDGE ( 'NONE', *, *, #7657, .T. ) ;
#4561 = DIRECTION ( 'NONE',  ( 1.000000000000000000, 0.000000000000000000, 0.000000000000000000 ) ) ;
#4562 = MANIFOLD_SOLID_BREP ( 'µπΩ«6', #3234 ) ;
#4563 = DIRECTION ( 'NONE',  ( 0.000000000000000000, 0.000000000000000000, -1.000000000000000000 ) ) ;
#4564 = CARTESIAN_POINT ( 'NONE',  ( 31.54743975903614128, -15.71043015473655835, 1.000013662612953436 ) ) ;
#4565 = AXIS2_PLACEMENT_3D ( 'NONE', #6781, #776, #4709 ) ;
#4566 = ORIENTED_EDGE ( 'NONE', *, *, #8107, .T. ) ;
#4567 = CARTESIAN_POINT ( 'NONE',  ( -25.50000000000000355, 19.99999999999999645, 1.520738416181999231 ) ) ;
#4568 = DIRECTION ( 'NONE',  ( -1.000000000000000000, 0.000000000000000000, 0.000000000000000000 ) ) ;
#4569 = CARTESIAN_POINT ( 'NONE',  ( 0.000000000000000000, 22.00000000000000000, -330.0000000000000000 ) ) ;
#4570 = DIRECTION ( 'NONE',  ( 0.000000000000000000, 0.000000000000000000, 1.000000000000000000 ) ) ;
#4571 = CARTESIAN_POINT ( 'NONE',  ( -29.60000000000000142, -12.59999999999999964, 1.179845401256263138 ) ) ;
#4572 = CARTESIAN_POINT ( 'NONE',  ( 21.39999999999999147, 21.63219321460179501, 1.810623699724233537 ) ) ;
#4573 = CARTESIAN_POINT ( 'NONE',  ( -27.04318462545278123, 21.78424838021582843, 0.9076097372891795967 ) ) ;
#4574 = ORIENTED_EDGE ( 'NONE', *, *, #3640, .T. ) ;
#4575 = DIRECTION ( 'NONE',  ( 0.000000000000000000, 1.000000000000000000, -0.000000000000000000 ) ) ;
#4576 = ADVANCED_FACE ( 'NONE', ( #1980 ), #646, .T. ) ;
#4577 = PLANE ( 'NONE',  #8462 ) ;
#4578 = ORIENTED_EDGE ( 'NONE', *, *, #6876, .F. ) ;
#4579 = DIRECTION ( 'NONE',  ( -0.000000000000000000, -1.000000000000000000, -0.000000000000000000 ) ) ;
#4580 = CARTESIAN_POINT ( 'NONE',  ( 0.000000000000000000, 21.49999999999999645, -1.000000000000056399 ) ) ;
#4581 = CARTESIAN_POINT ( 'NONE',  ( -28.01809461577239446, 19.73651353673645659, -2.195072733428468315 ) ) ;
#4582 = DIRECTION ( 'NONE',  ( 0.000000000000000000, 1.000000000000000000, 0.000000000000000000 ) ) ;
#4583 = VECTOR ( 'NONE', #5792, 1000.000000000000000 ) ;
#4584 = CARTESIAN_POINT ( 'NONE',  ( -28.49999999966182074, -19.00000000000000355, 1.276319709120244728 ) ) ;
#4585 = CARTESIAN_POINT ( 'NONE',  ( 0.000000000000000000, 16.19999999999999929, -330.0000000000000000 ) ) ;
#4586 = VERTEX_POINT ( 'NONE', #2579 ) ;
#4587 = CARTESIAN_POINT ( 'NONE',  ( -1.661050589968740665, -19.62130947367211675, -0.004173038610094693089 ) ) ;
#4588 = EDGE_CURVE ( 'NONE', #5440, #6521, #7516, .T. ) ;
#4589 = LINE ( 'NONE', #232, #7615 ) ;
#4590 = EDGE_CURVE ( 'NONE', #2217, #3969, #4179, .T. ) ;
#4591 = DIRECTION ( 'NONE',  ( -5.417888360170765179E-14, 0.000000000000000000, 1.000000000000000000 ) ) ;
#4592 = EDGE_CURVE ( 'NONE', #499, #5033, #7112, .T. ) ;
#4593 = CARTESIAN_POINT ( 'NONE',  ( -25.50000000006329515, 20.50000000000535749, 1.520738416161218076 ) ) ;
#4595 = ORIENTED_EDGE ( 'NONE', *, *, #3300, .T. ) ;
#4594 = CARTESIAN_POINT ( 'NONE',  ( 30.61897616209644468, 19.39783987592830172, 0.6216574480884207166 ) ) ;
#4596 = DIRECTION ( 'NONE',  ( 0.000000000000000000, 0.000000000000000000, -1.000000000000000000 ) ) ;
#4597 = FACE_OUTER_BOUND ( 'NONE', #6826, .T. ) ;
#4598 = LINE ( 'NONE', #4867, #3337 ) ;
#4599 = CARTESIAN_POINT ( 'NONE',  ( 25.36832845357671573, -19.49999999998307842, 1.530866363062680202 ) ) ;
#4600 = AXIS2_PLACEMENT_3D ( 'NONE', #1050, #7163, #1818 ) ;
#4601 = LINE ( 'NONE', #3003, #2606 ) ;
#4602 = FACE_BOUND ( 'NONE', #7950, .T. ) ;
#4603 = AXIS2_PLACEMENT_3D ( 'NONE', #2605, #4028, #3314 ) ;
#4604 = B_SPLINE_CURVE_WITH_KNOTS ( 'NONE', 3,
 ( #15, #8599, #49, #5942, #3284, #6624, #4680, #6002, #2598, #5290, #4656, #676, #7287, #1997, #7954, #8620, #6666, #2658, #6179, #2721, #7394, #2751, #1535, #6780, #4182, #6209, #5436, #6843, #120, #8096, #6816, #6728, #825, #181, #744, #4764, #2110, #1417, #2780, #2139, #6752, #4128, #2837, #4824, #3397, #860, #2074, #801, #6093, #7455, #1446, #5406, #4104, #7477, #6149, #2163, #3453, #5523, #8068, #6123 ),
 .UNSPECIFIED., .F., .F.,
 ( 4, 2, 1, 1, 2, 2, 2, 2, 1, 1, 2, 2, 2, 2, 1, 1, 2, 2, 2, 1, 1, 2, 2, 2, 1, 2, 2, 2, 1, 2, 2, 2, 2, 2, 4 ),
 ( 0.000000000000000000, 0.03124999999999218681, 0.04687499999998828021, 0.05468749999998758632, 0.05859374999998834960, 0.06249999999998910594, 0.09374999999998721856, 0.1093749999999874545, 0.1171874999999898831, 0.1210937499999934636, 0.1230468749999925893, 0.1249999999999917011, 0.1875000000000028033, 0.2187500000000087708, 0.2343750000000127398, 0.2421875000000146827, 0.2460937500000156819, 0.2500000000000166533, 0.3125000000000332512, 0.3437500000000415779, 0.3593750000000436318, 0.3671875000000446865, 0.3750000000000457412, 0.4375000000000466294, 0.4687500000000462408, 0.4843750000000444089, 0.5000000000000426326, 0.5625000000000413003, 0.5937500000000411893, 0.6093750000000403011, 0.6250000000000393019, 0.6875000000000309752, 0.7187500000000267564, 0.7500000000000226485, 1.000000000000000000 ),
 .UNSPECIFIED. ) ;
#4605 = AXIS2_PLACEMENT_3D ( 'NONE', #2861, #5464, #6808 ) ;
#4606 = ORIENTED_EDGE ( 'NONE', *, *, #5090, .T. ) ;
#4607 = VECTOR ( 'NONE', #6417, 1000.000000000000000 ) ;
#4608 = ORIENTED_EDGE ( 'NONE', *, *, #2800, .F. ) ;
#4609 = CARTESIAN_POINT ( 'NONE',  ( -23.89999999999999858, -13.89999999999999858, -10.00000000000000000 ) ) ;
#4610 = FACE_OUTER_BOUND ( 'NONE', #7243, .T. ) ;
#4611 = CYLINDRICAL_SURFACE ( 'NONE', #1870, 331.4999999999999432 ) ;
#4612 = CARTESIAN_POINT ( 'NONE',  ( -27.65867076255389989, 21.57493038265559093, -1.648070932659587262 ) ) ;
#4613 = EDGE_LOOP ( 'NONE', ( #4907, #4423, #103, #7535 ) ) ;
#4614 = AXIS2_PLACEMENT_3D ( 'NONE', #8263, #8233, #7593 ) ;
#4615 = PLANE ( 'NONE',  #7510 ) ;
#4616 = CARTESIAN_POINT ( 'NONE',  ( -29.80146579896044656, 17.92561955213266600, -2.352217539115360356 ) ) ;
#4617 = CARTESIAN_POINT ( 'NONE',  ( 30.00000000013388401, -16.00000000000000355, 1.143850916776010473 ) ) ;
#4618 = ORIENTED_EDGE ( 'NONE', *, *, #3312, .T. ) ;
#4619 = DIRECTION ( 'NONE',  ( 0.07620481927710780201, 0.000000000000000000, -0.9970921850656253582 ) ) ;
#4620 = ORIENTED_EDGE ( 'NONE', *, *, #6109, .F. ) ;
#4621 = FACE_OUTER_BOUND ( 'NONE', #2470, .T. ) ;
#4622 = CARTESIAN_POINT ( 'NONE',  ( 1.490208364584767242, -19.47830049669093810, 0.1961570590507753231 ) ) ;
#4623 = CARTESIAN_POINT ( 'NONE',  ( -7.000000000000000000, 22.00000000000000000, 1.926196616055031452 ) ) ;
#4624 = CARTESIAN_POINT ( 'NONE',  ( 26.62620954397850426, -20.37412033125969657, -2.078577450139957872 ) ) ;
#4625 = ADVANCED_FACE ( 'NONE', ( #5756 ), #4812, .F. ) ;
#4626 = CARTESIAN_POINT ( 'NONE',  ( -1.386479665519650073, -19.29999999999962412, 0.4970917786374595693 ) ) ;
#4627 = ORIENTED_EDGE ( 'NONE', *, *, #3420, .T. ) ;
#4628 = ORIENTED_EDGE ( 'NONE', *, *, #6476, .T. ) ;
#4629 = CARTESIAN_POINT ( 'NONE',  ( 29.43520393174148353, 18.47105412271835334, -1.781935572537108436 ) ) ;
#4630 = SPHERICAL_SURFACE ( 'NONE', #1817, 0.5000000000000000000 ) ;
#4631 = CARTESIAN_POINT ( 'NONE',  ( 26.19999999999999929, -13.89999999999999503, -1.041704770954277048 ) ) ;
#4632 = CARTESIAN_POINT ( 'NONE',  ( -32.00000000000000000, -15.30000000000000249, 0.5022692811654300149 ) ) ;
#4633 = CARTESIAN_POINT ( 'NONE',  ( -0.6350876684070413392, -17.60000410894144451, 0.1993337343808883333 ) ) ;
#4634 = CARTESIAN_POINT ( 'NONE',  ( 26.20000000000000639, -6.513704236698701244, 0.9083693958395013812 ) ) ;
#4635 = ORIENTED_EDGE ( 'NONE', *, *, #3870, .T. ) ;
#4636 = ORIENTED_EDGE ( 'NONE', *, *, #4590, .F. ) ;
#4637 = DIRECTION ( 'NONE',  ( -0.000000000000000000, 1.000000000000000000, 0.000000000000000000 ) ) ;
#4638 = CARTESIAN_POINT ( 'NONE',  ( 25.99999999999999289, -19.86762442279299279, 1.481899958369614190 ) ) ;
#4639 = B_SPLINE_CURVE_WITH_KNOTS ( 'NONE', 3,
 ( #5300, #7993, #2586, #3273, #5279, #8608, #4612, #1285, #1951, #1433, #3504, #6877, #903, #1573, #3016, #362, #5692, #6416, #2388, #7076, #8464, #1896 ),
 .UNSPECIFIED., .F., .F.,
 ( 4, 2, 2, 2, 2, 2, 2, 2, 2, 2, 4 ),
 ( 0.000000000000000000, 0.001310330663280728043, 0.001965495994921093257, 0.002620661326561458688, 0.003930991989842183044, 0.005241322653122907835, 0.006551653316403632625, 0.007206818648043991984, 0.007861983979684352211, 0.009172314642965070930, 0.01048264530624578791 ),
 .UNSPECIFIED. ) ;
#4640 = CARTESIAN_POINT ( 'NONE',  ( 12.00000000000000000, 21.50000000000000000, 2.283388089142968091 ) ) ;
#4641 = ORIENTED_EDGE ( 'NONE', *, *, #5433, .T. ) ;
#4642 = PERSON_AND_ORGANIZATION ( #7011, #4851 ) ;
#4643 = CARTESIAN_POINT ( 'NONE',  ( -24.34543103435988343, 16.15645573984197725, 1.086532223697895594 ) ) ;
#4644 = CARTESIAN_POINT ( 'NONE',  ( -30.46617515567548296, -15.98448822566691696, -1.958001279235962455 ) ) ;
#4645 = CARTESIAN_POINT ( 'NONE',  ( 29.54802502328364255, -19.06812574208633748, -2.329458783336860517 ) ) ;
#4646 = CARTESIAN_POINT ( 'NONE',  ( -32.00000000000000000, -15.74316932159008608, -2.009146468820122156 ) ) ;
#4647 = EDGE_CURVE ( 'NONE', #2005, #6431, #6382, .T. ) ;
#4648 = DIRECTION ( 'NONE',  ( 0.000000000000000000, -1.000000000000000000, -0.000000000000000000 ) ) ;
#4650 = DIRECTION ( 'NONE',  ( -0.000000000000000000, -0.000000000000000000, -1.000000000000000000 ) ) ;
#4649 = CARTESIAN_POINT ( 'NONE',  ( 26.08226245010969535, 14.64193711206699788, -1.032343619351214103 ) ) ;
#4651 = CARTESIAN_POINT ( 'NONE',  ( 25.30000000000000426, -20.50000000000000000, -1.472740857018095761 ) ) ;
#4652 = EDGE_CURVE ( 'NONE', #3178, #4100, #3946, .T. ) ;
#4653 = AXIS2_PLACEMENT_3D ( 'NONE', #1723, #5075, #6405 ) ;
#4654 = ORIENTED_EDGE ( 'NONE', *, *, #6575, .F. ) ;
#4655 = CARTESIAN_POINT ( 'NONE',  ( -25.63724313448586045, -20.99999999999999289, -2.000192526491586520 ) ) ;
#4656 = CARTESIAN_POINT ( 'NONE',  ( 24.23023769065016353, -16.17647584404289773, 1.097073140907752986 ) ) ;
#4657 = CARTESIAN_POINT ( 'NONE',  ( 26.20000000000000995, -14.20417945614753030, -1.041704770954260173 ) ) ;
#4658 = EDGE_CURVE ( 'NONE', #2370, #1601, #4716, .T. ) ;
#4659 = CARTESIAN_POINT ( 'NONE',  ( 31.65397036511675211, -17.46970439513117057, -1.978514796712941948 ) ) ;
#4660 = ORIENTED_EDGE ( 'NONE', *, *, #3588, .F. ) ;
#4661 = EDGE_CURVE ( 'NONE', #1669, #5970, #5783, .T. ) ;
#4662 = CARTESIAN_POINT ( 'NONE',  ( -28.00000000000000000, 8.399999999999996803, 1.179845401256263138 ) ) ;
#4663 = DIRECTION ( 'NONE',  ( 0.000000000000000000, -1.000000000000000000, -0.000000000000000000 ) ) ;
#4664 = ADVANCED_FACE ( 'NONE', ( #1171 ), #6802, .T. ) ;
#4665 = AXIS2_PLACEMENT_3D ( 'NONE', #7565, #4874, #4936 ) ;
#4666 = CARTESIAN_POINT ( 'NONE',  ( 27.60245682158561209, -19.97488535726288106, -1.639514326018074453 ) ) ;
#4667 = ORIENTED_EDGE ( 'NONE', *, *, #2070, .F. ) ;
#4668 = EDGE_CURVE ( 'NONE', #5183, #2387, #6290, .T. ) ;
#4669 = CC_DESIGN_PERSON_AND_ORGANIZATION_ASSIGNMENT ( #4119, #4456, ( #3164 ) ) ;
#4670 = CARTESIAN_POINT ( 'NONE',  ( -24.72809675301053289, 16.04585878129940468, 1.051093208614460428 ) ) ;
#4671 = CARTESIAN_POINT ( 'NONE',  ( -26.96775061646665606, -20.22824541339428706, -1.618594137134809596 ) ) ;
#4672 = DIRECTION ( 'NONE',  ( -1.000000000000000000, 0.000000000000000000, 0.000000000000000000 ) ) ;
#4673 = CARTESIAN_POINT ( 'NONE',  ( 1.096969239352593384, -18.40000645689887193, 0.1978800552066541929 ) ) ;
#4674 = EDGE_LOOP ( 'NONE', ( #7021, #2745, #491, #4608 ) ) ;
#4675 = CARTESIAN_POINT ( 'NONE',  ( -30.95295902883156103, -15.30000000000000071, -2.459293633051719663 ) ) ;
#4677 = DIRECTION ( 'NONE',  ( 0.000000000000000000, 0.000000000000000000, -1.000000000000000000 ) ) ;
#4676 = CARTESIAN_POINT ( 'NONE',  ( 26.36406593849418201, -15.41187418064106573, 1.453143277282968437 ) ) ;
#4678 = DIRECTION ( 'NONE',  ( 0.000000000000000000, 0.000000000000000000, 1.000000000000000000 ) ) ;
#4679 = VERTEX_POINT ( 'NONE', #8535 ) ;
#4680 = CARTESIAN_POINT ( 'NONE',  ( 24.10276883889225630, -16.19105154199984042, 1.108651653926821412 ) ) ;
#4681 = CARTESIAN_POINT ( 'NONE',  ( 0.000000000000000000, 22.00000000000000000, -330.0000000000000000 ) ) ;
#4682 = CARTESIAN_POINT ( 'NONE',  ( -31.65798316109145460, -17.45734865887300913, 0.9897846449259251056 ) ) ;
#4683 = DIRECTION ( 'NONE',  ( -1.000000000000000000, 1.001543065824771570E-15, 0.000000000000000000 ) ) ;
#4684 = DIRECTION ( 'NONE',  ( 0.000000000000000000, 1.000000000000000000, 0.000000000000000000 ) ) ;
#4685 = CARTESIAN_POINT ( 'NONE',  ( 29.60000000000000142, 13.39999999999999680, 5.000000000000000000 ) ) ;
#4686 = ORIENTED_EDGE ( 'NONE', *, *, #3319, .F. ) ;
#4687 = DIRECTION ( 'NONE',  ( 1.220139803203169784E-16, 1.000000000000000000, -1.049697256411966749E-17 ) ) ;
#4688 = DIRECTION ( 'NONE',  ( -0.9970478274445581102, 7.051606372311988886E-15, 0.07678300455235541333 ) ) ;
#4689 = CARTESIAN_POINT ( 'NONE',  ( 28.49999999999999289, 18.50000000000001066, -500000.0000000000582 ) ) ;
#4690 = FACE_BOUND ( 'NONE', #1400, .T. ) ;
#4691 = DIRECTION ( 'NONE',  ( 0.000000000000000000, -1.000000000000000000, -0.000000000000000000 ) ) ;
#4692 = VERTEX_POINT ( 'NONE', #8509 ) ;
#4693 = CONICAL_SURFACE ( 'NONE', #3670, 331.9000000000001478, 0.7853981633974540522 ) ;
#4694 = CARTESIAN_POINT ( 'NONE',  ( -23.96188183425293516, 16.19947590018638905, 1.121369642719921345 ) ) ;
#4695 = CARTESIAN_POINT ( 'NONE',  ( -27.60144201738184577, -19.97537374199798776, -1.676584672100688955 ) ) ;
#4696 = CARTESIAN_POINT ( 'NONE',  ( 29.01088796814452309, -7.600004200396321075, -1.277604675923655231 ) ) ;
#4697 = TOROIDAL_SURFACE ( 'NONE', #8526, 330.1999999999999886, 0.2000000000000000111 ) ;
#4699 = CARTESIAN_POINT ( 'NONE',  ( 31.77550234861568867, -17.03387005472832882, 0.5220087151228607336 ) ) ;
#4698 = CARTESIAN_POINT ( 'NONE',  ( 25.31370668408992941, 15.73884577509918437, -0.9722481092528153512 ) ) ;
#4700 = ORIENTED_EDGE ( 'NONE', *, *, #3596, .F. ) ;
#4701 = FACE_OUTER_BOUND ( 'NONE', #2225, .T. ) ;
#4702 = ADVANCED_FACE ( 'NONE', ( #5443 ), #6185, .T. ) ;
#4703 = FACE_OUTER_BOUND ( 'NONE', #1143, .T. ) ;
#4704 = ORIENTED_EDGE ( 'NONE', *, *, #4833, .F. ) ;
#4705 = LINE ( 'NONE', #4746, #949 ) ;
#4706 = CARTESIAN_POINT ( 'NONE',  ( 28.59112237566914061, 7.620684724128042653, 1.268481979055908981 ) ) ;
#4707 = FACE_OUTER_BOUND ( 'NONE', #2927, .T. ) ;
#4708 = CARTESIAN_POINT ( 'NONE',  ( 27.60455171154011822, 19.97369061473470353, -1.639673934953112644 ) ) ;
#4709 = DIRECTION ( 'NONE',  ( 0.000000000000000000, 0.000000000000000000, -1.000000000000000000 ) ) ;
#4710 = DIRECTION ( 'NONE',  ( -0.000000000000000000, -0.000000000000000000, -1.000000000000000000 ) ) ;
#4711 = CARTESIAN_POINT ( 'NONE',  ( -30.32079850751176764, 19.75824102047001318, -2.399772857095562983 ) ) ;
#4712 = CARTESIAN_POINT ( 'NONE',  ( -26.20000000000000284, 16.19999999999999929, -10.00000000000000000 ) ) ;
#4713 = ORIENTED_EDGE ( 'NONE', *, *, #4652, .T. ) ;
#4714 = CARTESIAN_POINT ( 'NONE',  ( 27.44975795282771713, -21.64954488580687197, -1.631943362619159510 ) ) ;
#4715 = EDGE_LOOP ( 'NONE', ( #5609, #4201, #420, #4843 ) ) ;
#4716 = CIRCLE ( 'NONE', #4987, 0.2000000000000000389 ) ;
#4717 = CARTESIAN_POINT ( 'NONE',  ( 27.02925905511043325, -21.77671398399673208, -1.599837466904429739 ) ) ;
#4718 = CARTESIAN_POINT ( 'NONE',  ( -26.51471547686711716, 20.35909103354847005, -1.066861800180323394 ) ) ;
#4719 = AXIS2_PLACEMENT_3D ( 'NONE', #7501, #4788, #7423 ) ;
#4720 = ORIENTED_EDGE ( 'NONE', *, *, #413, .T. ) ;
#4721 = CIRCLE ( 'NONE', #6954, 0.5000000000000002220 ) ;
#4722 = AXIS2_PLACEMENT_3D ( 'NONE', #1758, #7101, #3155 ) ;
#4723 = ORIENTED_EDGE ( 'NONE', *, *, #902, .T. ) ;
#4724 = DIRECTION ( 'NONE',  ( 1.219651901000219827E-16, 1.000000000000000000, -1.104944480433649266E-17 ) ) ;
#4725 = CARTESIAN_POINT ( 'NONE',  ( -26.41689828065365120, 15.33579666202130909, 1.448952912673459492 ) ) ;
#4726 = DIRECTION ( 'NONE',  ( 0.000000000000000000, 0.000000000000000000, -1.000000000000000000 ) ) ;
#4727 = ORIENTED_EDGE ( 'NONE', *, *, #3416, .T. ) ;
#4728 = AXIS2_PLACEMENT_3D ( 'NONE', #7523, #220, #841 ) ;
#4729 = CARTESIAN_POINT ( 'NONE',  ( -25.51091309654042050, 15.54174787827933102, 0.9764507096439974942 ) ) ;
#4730 = CARTESIAN_POINT ( 'NONE',  ( -30.50000000000000000, -15.30000000000000071, 2.501025000000002052 ) ) ;
#4731 = CARTESIAN_POINT ( 'NONE',  ( -31.77538448344385813, -17.03431676732857625, -1.989245488766368197 ) ) ;
#4732 = CARTESIAN_POINT ( 'NONE',  ( -28.50000000000000000, 18.49999999999999645, 1.276319709120343759 ) ) ;
#4733 = EDGE_LOOP ( 'NONE', ( #6849, #4080, #6602, #4210 ) ) ;
#4734 = EDGE_LOOP ( 'NONE', ( #2972, #4472, #72, #7419 ) ) ;
#4736 = CARTESIAN_POINT ( 'NONE',  ( 31.57280135237107999, -17.66436092446942396, 0.5397175610516762312 ) ) ;
#4735 = CARTESIAN_POINT ( 'NONE',  ( 26.77896095143055888, -14.22848909629541225, 1.419880622222077893 ) ) ;
#4737 = CARTESIAN_POINT ( 'NONE',  ( 23.90000000000001279, -16.19999999999999929, -1.041704770954277048 ) ) ;
#4738 = CARTESIAN_POINT ( 'NONE',  ( -26.73154679378147236, -20.80977428224206349, -2.087730483832311634 ) ) ;
#4739 = DIRECTION ( 'NONE',  ( 1.000000000000000000, 0.000000000000000000, 0.000000000000000000 ) ) ;
#4740 = DIRECTION ( 'NONE',  ( 0.000000000000000000, 0.000000000000000000, -1.000000000000000000 ) ) ;
#4741 = VERTEX_POINT ( 'NONE', #3251 ) ;
#4742 = CARTESIAN_POINT ( 'NONE',  ( -25.68229977121917784, -16.17070967711031315, 1.506702432764045918 ) ) ;
#4743 = CARTESIAN_POINT ( 'NONE',  ( -28.26602246923548378, 21.32370013294383071, -1.695434633977315420 ) ) ;
#4744 = CARTESIAN_POINT ( 'NONE',  ( 27.02956020017577288, -21.77663500797985208, -1.599860273270705902 ) ) ;
#4745 = CARTESIAN_POINT ( 'NONE',  ( 27.62086065393677714, -21.58913524313113186, -2.161378240780017279 ) ) ;
#4746 = CARTESIAN_POINT ( 'NONE',  ( -26.80000000000000071, 22.00000000000000000, 0.3145773350004543722 ) ) ;
#4747 = ORIENTED_EDGE ( 'NONE', *, *, #2630, .T. ) ;
#4748 = ADVANCED_FACE ( 'NONE', ( #651 ), #5761, .T. ) ;
#4749 = CARTESIAN_POINT ( 'NONE',  ( 21.39999999999999858, 16.19999999999999929, -1.937490070343665938 ) ) ;
#4750 = CARTESIAN_POINT ( 'NONE',  ( 1.661000532256970530, -19.62134971600644207, -0.004172783062879526460 ) ) ;
#4751 = EDGE_CURVE ( 'NONE', #7596, #8247, #1891, .T. ) ;
#4752 = CARTESIAN_POINT ( 'NONE',  ( -24.75405821748399759, 16.03557777655045413, 1.048661889251720103 ) ) ;
#4753 = CARTESIAN_POINT ( 'NONE',  ( 28.99999999999999289, 18.63242550467384007, 1.232924088186870826 ) ) ;
#4754 = CARTESIAN_POINT ( 'NONE',  ( 30.37611272915616567, -17.82820856050573965, -2.405262003724464304 ) ) ;
#4755 = ORIENTED_EDGE ( 'NONE', *, *, #5207, .F. ) ;
#4756 = CARTESIAN_POINT ( 'NONE',  ( -31.24466254615841976, -16.90489014299778603, -2.486985632199118168 ) ) ;
#4757 = EDGE_CURVE ( 'NONE', #5033, #2001, #6461, .T. ) ;
#4759 = DIRECTION ( 'NONE',  ( 0.000000000000000000, 0.000000000000000000, -1.000000000000000000 ) ) ;
#4758 = CARTESIAN_POINT ( 'NONE',  ( 25.07363195602274075, -16.52152436850288808, 1.553260973864949879 ) ) ;
#4760 = CARTESIAN_POINT ( 'NONE',  ( 0.000000000000000000, 22.00000000000000000, -330.0000000000000000 ) ) ;
#4761 = EDGE_CURVE ( 'NONE', #5940, #5429, #8056, .T. ) ;
#4762 = ORIENTED_EDGE ( 'NONE', *, *, #37, .F. ) ;
#4763 = CARTESIAN_POINT ( 'NONE',  ( -29.95498254747545985, -17.62397678440601112, -2.366247571395444727 ) ) ;
#4764 = CARTESIAN_POINT ( 'NONE',  ( 25.16090496868008941, -15.82358870848622701, 1.010178158680966609 ) ) ;
#4765 = CARTESIAN_POINT ( 'NONE',  ( 0.000000000000000000, 19.99999999999999645, -330.0000000000000000 ) ) ;
#4766 = CARTESIAN_POINT ( 'NONE',  ( 29.60000000000000142, 12.59999999999999787, 1.179845401256263138 ) ) ;
#4767 = CARTESIAN_POINT ( 'NONE',  ( -31.45220030349013385, 15.29999999999999538, -2.506856413650822013 ) ) ;
#4768 = CARTESIAN_POINT ( 'NONE',  ( 30.00000000013333334, 16.00000000000487432, 1.143850916776046889 ) ) ;
#4769 = CARTESIAN_POINT ( 'NONE',  ( 23.92735798994312901, 16.55879318974517034, 1.447480584905585843 ) ) ;
#4770 = CARTESIAN_POINT ( 'NONE',  ( -26.40438259064479354, 19.88044271395072471, -1.058012319235461351 ) ) ;
#4771 = ORIENTED_EDGE ( 'NONE', *, *, #5106, .F. ) ;
#4772 = AXIS2_PLACEMENT_3D ( 'NONE', #1537, #6181, #8097 ) ;
#4773 = DIRECTION ( 'NONE',  ( 0.000000000000000000, 0.000000000000000000, -1.000000000000000000 ) ) ;
#4774 = VERTEX_POINT ( 'NONE', #8596 ) ;
#4775 = CARTESIAN_POINT ( 'NONE',  ( 1.801413933925148925, -19.22203145323846840, -0.004909330675689791389 ) ) ;
#4776 =( GEOMETRIC_REPRESENTATION_CONTEXT ( 3 ) GLOBAL_UNCERTAINTY_ASSIGNED_CONTEXT ( ( #5201 ) ) GLOBAL_UNIT_ASSIGNED_CONTEXT ( ( #288, #3609, #892 ) ) REPRESENTATION_CONTEXT ( 'NONE', 'WORKASPACE' ) );
#4777 = CARTESIAN_POINT ( 'NONE',  ( 27.69090791624234527, -19.38245083088257559, -1.163749843739003476 ) ) ;
#4778 = CARTESIAN_POINT ( 'NONE',  ( 12.00000000000000178, 21.94590021114555967, 2.044342637863460599 ) ) ;
#4779 = CARTESIAN_POINT ( 'NONE',  ( 26.00000000000000000, -20.00000000000000355, 1.481899958353689817 ) ) ;
#4780 = ORIENTED_EDGE ( 'NONE', *, *, #479, .F. ) ;
#4782 = CARTESIAN_POINT ( 'NONE',  ( 26.80000000000000071, 22.00000000000000000, -1.090042716855421645 ) ) ;
#4781 = CARTESIAN_POINT ( 'NONE',  ( 25.41506496307117047, -15.63089434664205513, 0.9857453395441544419 ) ) ;
#4783 = CARTESIAN_POINT ( 'NONE',  ( -29.21776294232692806, 13.31343472653134263, 1.213819583203629815 ) ) ;
#4784 = B_SPLINE_CURVE_WITH_KNOTS ( 'NONE', 3,
 ( #4617, #7912, #2481, #525, #3928, #8528 ),
 .UNSPECIFIED., .F., .F.,
 ( 4, 2, 4 ),
 ( 0.000000000000000000, 0.0003908956441497311580, 0.0007817912882994623161 ),
 .UNSPECIFIED. ) ;
#4785 = ADVANCED_FACE ( 'NONE', ( #5873 ), #3654, .F. ) ;
#4786 = LINE ( 'NONE', #3114, #3536 ) ;
#4787 = CARTESIAN_POINT ( 'NONE',  ( -30.95295902627774609, -16.05163912870125031, -2.459293632810403807 ) ) ;
#4788 = DIRECTION ( 'NONE',  ( 0.000000000000000000, -1.000000000000000000, 0.000000000000000000 ) ) ;
#4789 = DIRECTION ( 'NONE',  ( 0.000000000000000000, -1.000000000000000000, 0.000000000000000000 ) ) ;
#4791 = EDGE_LOOP ( 'NONE', ( #3573, #3734, #6011, #777 ) ) ;
#4790 = CARTESIAN_POINT ( 'NONE',  ( 32.00000000000000000, -15.30000000000000071, 0.5022692811654794198 ) ) ;
#4792 = CARTESIAN_POINT ( 'NONE',  ( -30.98677481252149235, 18.84951291297771547, -1.920431318094368178 ) ) ;
#4793 = CARTESIAN_POINT ( 'NONE',  ( 0.3462003431240048279, -16.69999999999999929, -0.0001815980463369028664 ) ) ;
#4794 = CARTESIAN_POINT ( 'NONE',  ( 26.96813251712450210, -20.22811781765985373, -1.592300343580165922 ) ) ;
#4795 = CARTESIAN_POINT ( 'NONE',  ( 29.91963642359771569, -19.40367666365150967, -2.363161932874928262 ) ) ;
#4796 = CARTESIAN_POINT ( 'NONE',  ( -25.68069821347477699, 20.49747478515674359, -1.000578103764052429 ) ) ;
#4797 = EDGE_LOOP ( 'NONE', ( #2257, #4277, #1220 ) ) ;
#4798 = VECTOR ( 'NONE', #565, 1000.000000000000000 ) ;
#4799 = CARTESIAN_POINT ( 'NONE',  ( 0.000000000000000000, -7.599999999999996092, -330.0000000000000000 ) ) ;
#4800 = CARTESIAN_POINT ( 'NONE',  ( 29.80283681712493760, -17.90642652546848268, -1.811538955594811595 ) ) ;
#4801 = VECTOR ( 'NONE', #4962, 1000.000000000000000 ) ;
#4802 = CARTESIAN_POINT ( 'NONE',  ( -28.00000000000000000, -8.399999999999998579, 1.318955087088236056 ) ) ;
#4803 = VECTOR ( 'NONE', #5618, 1000.000000000000000 ) ;
#4804 = CARTESIAN_POINT ( 'NONE',  ( -28.00000000000000000, 8.400000000000000355, -1.190024482224716351 ) ) ;
#4805 = FACE_OUTER_BOUND ( 'NONE', #4797, .T. ) ;
#4806 = EDGE_CURVE ( 'NONE', #6041, #727, #8576, .T. ) ;
#4807 = VERTEX_POINT ( 'NONE', #1323 ) ;
#4808 = EDGE_CURVE ( 'NONE', #895, #1889, #7125, .T. ) ;
#4809 = CARTESIAN_POINT ( 'NONE',  ( -28.99995510608471960, -18.63095553722121522, 1.232928018708793649 ) ) ;
#4810 = CARTESIAN_POINT ( 'NONE',  ( 30.01488338130976530, -15.91888368530268139, -1.367818774842313179 ) ) ;
#4811 = EDGE_LOOP ( 'NONE', ( #8624, #8277, #8181, #2873, #1169, #452, #1813, #330, #5088, #6665, #2621, #3315, #7033, #6739, #311, #4628, #6068, #5283, #3567, #2617, #2731, #4444, #2487, #2477 ) ) ;
#4812 = CYLINDRICAL_SURFACE ( 'NONE', #6902, 0.2000000000000000944 ) ;
#4813 = CARTESIAN_POINT ( 'NONE',  ( -27.81872468982687607, -20.94994546885367370, -2.178168276154217153 ) ) ;
#4814 = VERTEX_POINT ( 'NONE', #1215 ) ;
#4815 = FACE_OUTER_BOUND ( 'NONE', #1439, .T. ) ;
#4817 = CARTESIAN_POINT ( 'NONE',  ( 32.00000000000000000, -15.30000000000000071, 0.5022692811654794198 ) ) ;
#4816 = CARTESIAN_POINT ( 'NONE',  ( 26.07786247405586622, -14.64334652019218197, 0.9205999279886952769 ) ) ;
#4818 = CARTESIAN_POINT ( 'NONE',  ( -30.04552352048558106, 15.29999999999999716, -1.370624386102740511 ) ) ;
#4819 = FACE_OUTER_BOUND ( 'NONE', #749, .T. ) ;
#4820 = VERTEX_POINT ( 'NONE', #511 ) ;
#4821 = EDGE_CURVE ( 'NONE', #2632, #1177, #4518, .T. ) ;
#4822 = ORIENTED_EDGE ( 'NONE', *, *, #1340, .F. ) ;
#4823 = ORIENTED_EDGE ( 'NONE', *, *, #6836, .F. ) ;
#4824 = CARTESIAN_POINT ( 'NONE',  ( 25.51091309653827111, -15.54174787828149462, 0.9764507096441530365 ) ) ;
#4825 = FACE_OUTER_BOUND ( 'NONE', #5348, .T. ) ;
#4827 = CARTESIAN_POINT ( 'NONE',  ( -25.23722344363607206, 15.77169803090401246, 1.002874795525748652 ) ) ;
#4826 =( BOUNDED_SURFACE ( )  B_SPLINE_SURFACE ( 3, 2, ( 
 ( #1330, #3313, #782 ),
 ( #702, #6131, #4073 ),
 ( #6036, #2034, #6706 ),
 ( #6651, #8039, #81 ),
 ( #2638, #4051, #4717 ),
 ( #1398, #2056, #7315 ),
 ( #6737, #4745, #5411 ),
 ( #5593, #2144, #8125 ),
 ( #5476, #7572, #3461 ),
 ( #6241, #186, #2810 ),
 ( #2229, #6900, #4134 ),
 ( #4795, #7508, #166 ),
 ( #831, #4253, #4883 ),
 ( #2784, #1486, #7460 ),
 ( #6186, #2897, #3495 ),
 ( #6823, #7482, #8157 ),
 ( #6154, #2168, #6217 ),
 ( #6850, #4161, #804 ),
 ( #7545, #4830, #5506 ),
 ( #3549, #1540, #8234 ),
 ( #5565, #919, #4909 ),
 ( #3583, #208, #1512 ) ),
 .UNSPECIFIED., .F., .F., .T. ) 
 B_SPLINE_SURFACE_WITH_KNOTS ( ( 4, 2, 2, 2, 2, 2, 2, 2, 2, 2, 4 ),
 ( 3, 3 ),
 ( 3.035766082959412415E-18, 0.001212867296723232425, 0.001819300945084847011, 0.002425734593446461813, 0.003638601890169690985, 0.004851469186892920157, 0.006064336483616148896, 0.006670770131977763265, 0.007277203780339378501, 0.008490071077062608107, 0.009702938373785836845 ),
 ( 0.000000000000000000, 1.000000000000000000 ),
 .UNSPECIFIED. ) 
 GEOMETRIC_REPRESENTATION_ITEM ( )  RATIONAL_B_SPLINE_SURFACE ( (
 ( 1.000000000000000000, 0.7071067811865475727, 1.000000000000000000),
 ( 1.000000000000000000, 0.7053164987229962879, 1.000000000000000000),
 ( 1.000000000000000000, 0.7034625212691271168, 1.000000000000000000),
 ( 1.000000000000000000, 0.7005949579268043736, 1.000000000000000000),
 ( 1.000000000000000000, 0.6996246900436597915, 1.000000000000000000),
 ( 1.000000000000000000, 0.6976574024207440328, 1.000000000000000000),
 ( 1.000000000000000000, 0.6966570170865125089, 1.000000000000000000),
 ( 1.000000000000000000, 0.6936851130039052293, 1.000000000000000000),
 ( 1.000000000000000000, 0.6917229919262271043, 1.000000000000000000),
 ( 1.000000000000000000, 0.6878797984403903776, 1.000000000000000000),
 ( 1.000000000000000000, 0.6859882624209133750, 1.000000000000000000),
 ( 1.000000000000000000, 0.6825022752261763470, 1.000000000000000000),
 ( 1.000000000000000000, 0.6808873351434771015, 1.000000000000000000),
 ( 1.000000000000000000, 0.6787048213968511767, 1.000000000000000000),
 ( 1.000000000000000000, 0.6780177176400765671, 1.000000000000000000),
 ( 1.000000000000000000, 0.6767617012135598298, 1.000000000000000000),
 ( 1.000000000000000000, 0.6761884665945021577, 1.000000000000000000),
 ( 1.000000000000000000, 0.6746392620864423151, 1.000000000000000000),
 ( 1.000000000000000000, 0.6738299645574357122, 1.000000000000000000),
 ( 1.000000000000000000, 0.6727359513690023274, 1.000000000000000000),
 ( 1.000000000000000000, 0.6724590237362987333, 1.000000000000000000),
 ( 1.000000000000000000, 0.6724584027953961485, 1.000000000000000000) ) ) 
 REPRESENTATION_ITEM ( '' )  SURFACE ( )  );
#4828 = CARTESIAN_POINT ( 'NONE',  ( -29.37802437220707930, 20.63392848244757971, -1.785002609021779207 ) ) ;
#4829 = CARTESIAN_POINT ( 'NONE',  ( 25.30000000000000071, 22.00000000000000000, -1.472740857018133065 ) ) ;
#4830 = CARTESIAN_POINT ( 'NONE',  ( 31.77952529530860204, -17.06186797886452666, -2.538016252762096414 ) ) ;
#4831 = AXIS2_PLACEMENT_3D ( 'NONE', #5958, #1846, #5929 ) ;
#4832 = VERTEX_POINT ( 'NONE', #2631 ) ;
#4833 = EDGE_CURVE ( 'NONE', #606, #7305, #8572, .T. ) ;
#4834 = EDGE_LOOP ( 'NONE', ( #467, #1993, #7612, #5275 ) ) ;
#4835 = AXIS2_PLACEMENT_3D ( 'NONE', #5642, #6324, #2309 ) ;
#4836 = CIRCLE ( 'NONE', #750, 331.4000000000000341 ) ;
#4837 = ADVANCED_FACE ( 'NONE', ( #4405 ), #191, .T. ) ;
#4838 = CARTESIAN_POINT ( 'NONE',  ( -25.67017480706934407, -21.49999999999999645, -2.002728606202329509 ) ) ;
#4839 = DIRECTION ( 'NONE',  ( 0.9970921850656254692, -0.000000000000000000, 0.07620481927710776038 ) ) ;
#4840 = CARTESIAN_POINT ( 'NONE',  ( 26.07803893412855700, 15.77252316111666453, 1.475771163438710287 ) ) ;
#4841 = CARTESIAN_POINT ( 'NONE',  ( 0.000000000000000000, 5.580403008799160069, -330.0000000000000000 ) ) ;
#4842 = ORIENTED_EDGE ( 'NONE', *, *, #4658, .F. ) ;
#4843 = ORIENTED_EDGE ( 'NONE', *, *, #1089, .T. ) ;
#4844 = CARTESIAN_POINT ( 'NONE',  ( 25.00144388323976585, 20.00000000000079581, 1.558709437338138493 ) ) ;
#4845 = CARTESIAN_POINT ( 'NONE',  ( 12.00000000000000178, 21.63209934634722487, 2.283388089142939670 ) ) ;
#4846 = CARTESIAN_POINT ( 'NONE',  ( -27.66517612229089451, -21.57242969106764718, -1.648575606340476396 ) ) ;
#4848 = CARTESIAN_POINT ( 'NONE',  ( 32.00000000000000000, -6.513704236698701244, -1.555179672444835681 ) ) ;
#4847 = CARTESIAN_POINT ( 'NONE',  ( 25.11275461822456023, -15.85572356583711517, 1.014782034412496925 ) ) ;
#4849 = CARTESIAN_POINT ( 'NONE',  ( 30.90586962094156576, 18.05216372229481081, 1.060548172310742832 ) ) ;
#4850 = VERTEX_POINT ( 'NONE', #2300 ) ;
#4851 = ORGANIZATION ( 'Œ¥÷∏∂®', 'Œ¥÷∏∂®', '' ) ;
#4852 = CARTESIAN_POINT ( 'NONE',  ( -26.00599824227381873, -20.96317785569545933, -2.029238055925576045 ) ) ;
#4853 = DIRECTION ( 'NONE',  ( -0.000000000000000000, -0.000000000000000000, -1.000000000000000000 ) ) ;
#4854 = DIRECTION ( 'NONE',  ( -0.6491902743742929971, 0.000000000000000000, -0.7606260498154335803 ) ) ;
#4855 = CARTESIAN_POINT ( 'NONE',  ( 25.50000000000000000, -20.00000000000000355, 1.520738416181999231 ) ) ;
#4856 = CARTESIAN_POINT ( 'NONE',  ( -28.05467458268157799, 18.23991199338771452, 1.314343079787304136 ) ) ;
#4857 = ORIENTED_EDGE ( 'NONE', *, *, #527, .T. ) ;
#4858 = CARTESIAN_POINT ( 'NONE',  ( -7.000000000000000000, 21.76152847227745113, 2.371950019182469838 ) ) ;
#4859 = CARTESIAN_POINT ( 'NONE',  ( 28.00180803813212549, -18.36963336691237458, 1.318802283534194819 ) ) ;
#4860 = DIRECTION ( 'NONE',  ( 0.000000000000000000, 0.000000000000000000, 1.000000000000000000 ) ) ;
#4861 = ORIENTED_EDGE ( 'NONE', *, *, #7357, .T. ) ;
#4862 = CARTESIAN_POINT ( 'NONE',  ( 24.85724605974825607, 16.58717156076252053, 1.569554129896615580 ) ) ;
#4863 = CARTESIAN_POINT ( 'NONE',  ( -25.96670809848938788, -14.92051835606196697, -1.023202292895948773 ) ) ;
#4864 = EDGE_CURVE ( 'NONE', #8284, #447, #3152, .T. ) ;
#4865 = DIRECTION ( 'NONE',  ( 0.000000000000000000, 0.000000000000000000, 1.000000000000000000 ) ) ;
#4866 = CARTESIAN_POINT ( 'NONE',  ( 0.000000000000000000, 5.580403008799160069, -330.0000000000000000 ) ) ;
#4867 = CARTESIAN_POINT ( 'NONE',  ( -26.20000000000000284, -13.39999999999999680, 5.301000000000002821 ) ) ;
#4868 = ORIENTED_EDGE ( 'NONE', *, *, #2760, .F. ) ;
#4870 = CARTESIAN_POINT ( 'NONE',  ( 1.525691034618238406, -19.70000000000000284, -0.003496810779344355479 ) ) ;
#4869 = CARTESIAN_POINT ( 'NONE',  ( 26.16272464631584427, -14.31414074559628524, 0.9121092559822191470 ) ) ;
#4871 = CARTESIAN_POINT ( 'NONE',  ( -29.89273249328009996, 16.52766331099286390, -1.356685287402041862 ) ) ;
#4872 = EDGE_CURVE ( 'NONE', #7554, #1231, #603, .T. ) ;
#4873 = AXIS2_PLACEMENT_3D ( 'NONE', #725, #1405, #8574 ) ;
#4874 = DIRECTION ( 'NONE',  ( 1.000000000000000000, 3.212450881438531748E-16, 0.000000000000000000 ) ) ;
#4875 = ORIENTED_EDGE ( 'NONE', *, *, #6735, .T. ) ;
#4876 = CARTESIAN_POINT ( 'NONE',  ( 29.60000000000000497, -8.188302168600523956, 1.179845401256272241 ) ) ;
#4877 = CARTESIAN_POINT ( 'NONE',  ( -26.00931492001065948, 14.81771118705205481, 0.9274321642265449528 ) ) ;
#4878 = CARTESIAN_POINT ( 'NONE',  ( 25.49999999999999645, 20.00000000000001066, 1.520738416181999231 ) ) ;
#4879 = AXIS2_PLACEMENT_3D ( 'NONE', #7427, #7348, #1421 ) ;
#4880 = CARTESIAN_POINT ( 'NONE',  ( -28.44700274722230304, -18.84254753006095129, -1.228323094635816792 ) ) ;
#4881 = DIRECTION ( 'NONE',  ( 1.221040033540826639E-16, 1.000000000000000000, -9.392028083686020229E-18 ) ) ;
#4882 = CARTESIAN_POINT ( 'NONE',  ( 25.30000000000000071, -20.49999999999999645, -1.472740857018096428 ) ) ;
#4883 = CARTESIAN_POINT ( 'NONE',  ( 30.61892571412021979, -19.39790531839963705, -1.888840171533130441 ) ) ;
#4884 = DIRECTION ( 'NONE',  ( 0.000000000000000000, 1.000000000000000000, 0.000000000000000000 ) ) ;
#4885 = ORIENTED_EDGE ( 'NONE', *, *, #1639, .F. ) ;
#4886 = AXIS2_PLACEMENT_3D ( 'NONE', #2165, #2113, #6782 ) ;
#4887 = CARTESIAN_POINT ( 'NONE',  ( -26.20000000000000284, 5.580403008799160069, 0.9083693958394913892 ) ) ;
#4888 = CARTESIAN_POINT ( 'NONE',  ( 25.56012923749359089, 16.23345321873642533, 1.516110169565961341 ) ) ;
#4889 = CARTESIAN_POINT ( 'NONE',  ( 0.000000000000000000, -16.19999999999999929, -330.0000000000000000 ) ) ;
#4890 = CARTESIAN_POINT ( 'NONE',  ( 28.00000000000000000, -8.399999999999998579, 1.179845401256263138 ) ) ;
#4891 = ORIENTED_EDGE ( 'NONE', *, *, #2853, .T. ) ;
#4892 = B_SPLINE_CURVE_WITH_KNOTS ( 'NONE', 3,
 ( #2686, #3992, #1392, #3254, #1301, #7344, #7310, #7369, #697, #4629, #3330, #4045, #3367, #2053, #4708, #6031, #5382, #2570, #1963, #7921 ),
 .UNSPECIFIED., .F., .F.,
 ( 4, 2, 2, 2, 2, 2, 2, 2, 2, 4 ),
 ( 0.000000000000000000, 0.001016846186686947004, 0.001525269280030419746, 0.002033692373373892272, 0.003050538560060840794, 0.004067384746747789749, 0.005084230933434738704, 0.006101077120121686792, 0.007117923306808635747, 0.008134769493495584702 ),
 .UNSPECIFIED. ) ;
#4893 = CARTESIAN_POINT ( 'NONE',  ( 30.04552352048558106, -15.61113347750609925, -1.370624386102760273 ) ) ;
#4894 = DIRECTION ( 'NONE',  ( -0.000000000000000000, -1.000000000000000000, -0.000000000000000000 ) ) ;
#4895 = CARTESIAN_POINT ( 'NONE',  ( -30.32387366065296419, -19.75476280881494873, -2.400057462234830297 ) ) ;
#4896 = VERTEX_POINT ( 'NONE', #284 ) ;
#4897 = CARTESIAN_POINT ( 'NONE',  ( 25.26160849772382022, 20.99999999999999645, -1.971264770740411176 ) ) ;
#4898 = CARTESIAN_POINT ( 'NONE',  ( -29.80198936599505899, 16.82332458855055535, -1.348428495378811487 ) ) ;
#4899 = ORIENTED_EDGE ( 'NONE', *, *, #2060, .F. ) ;
#4900 = VECTOR ( 'NONE', #6373, 1000.000000000000000 ) ;
#4901 = CARTESIAN_POINT ( 'NONE',  ( 31.95648134632352821, 16.17871040804237381, -2.005271795909916666 ) ) ;
#4902 = LINE ( 'NONE', #7091, #6600 ) ;
#4903 = CARTESIAN_POINT ( 'NONE',  ( 30.04511278195487733, 15.50000000000001066, 1.641811594874437175 ) ) ;
#4904 = CARTESIAN_POINT ( 'NONE',  ( 31.45220030349014095, -15.70982869437542995, -2.506856413650858428 ) ) ;
#4905 = DIRECTION ( 'NONE',  ( -1.000000000000000000, 9.978730258419416096E-16, 0.000000000000000000 ) ) ;
#4906 = CARTESIAN_POINT ( 'NONE',  ( -28.36842553009254075, 18.00000000008928325, 1.287639179180726456 ) ) ;
#4907 = ORIENTED_EDGE ( 'NONE', *, *, #6889, .T. ) ;
#4908 = LINE ( 'NONE', #4183, #3881 ) ;
#4909 = CARTESIAN_POINT ( 'NONE',  ( 32.00000000000000000, -15.74320755872571986, -2.009146468868328483 ) ) ;
#4910 = CARTESIAN_POINT ( 'NONE',  ( -28.00000000000000000, 22.00000000000000000, 1.318955087088236056 ) ) ;
#4911 = LINE ( 'NONE', #6257, #4801 ) ;
#4912 = EDGE_LOOP ( 'NONE', ( #6885, #3029, #4495 ) ) ;
#4913 = SPHERICAL_SURFACE ( 'NONE', #6188, 0.5000000000000000000 ) ;
#4914 = FACE_OUTER_BOUND ( 'NONE', #1636, .T. ) ;
#4915 = EDGE_CURVE ( 'NONE', #8373, #7415, #8256, .T. ) ;
#4916 = ORIENTED_EDGE ( 'NONE', *, *, #7683, .T. ) ;
#4917 = CARTESIAN_POINT ( 'NONE',  ( 1.585640646055114011, -19.26526783952371247, 0.1951718112837101393 ) ) ;
#4918 = ORIENTED_EDGE ( 'NONE', *, *, #7512, .T. ) ;
#4919 = CARTESIAN_POINT ( 'NONE',  ( 24.81326151746273112, 16.60172167700944712, 1.572848763381782922 ) ) ;
#4920 = VECTOR ( 'NONE', #259, 1000.000000000000000 ) ;
#4921 = ORIENTED_EDGE ( 'NONE', *, *, #1296, .T. ) ;
#4922 = CARTESIAN_POINT ( 'NONE',  ( -23.89999999999999858, -16.19999999999999929, -0.8666075889594559989 ) ) ;
#4923 = EDGE_CURVE ( 'NONE', #8561, #7644, #843, .T. ) ;
#4924 = CYLINDRICAL_SURFACE ( 'NONE', #1709, 0.5000000000000000000 ) ;
#4925 = EDGE_CURVE ( 'NONE', #5664, #798, #3247, .T. ) ;
#4926 = CARTESIAN_POINT ( 'NONE',  ( 25.53836516730380524, 15.51433400173592148, 0.9163534554925143460 ) ) ;
#4927 = CARTESIAN_POINT ( 'NONE',  ( 0.000000000000000000, 21.50000000000000000, -330.0000000000000000 ) ) ;
#4928 = CARTESIAN_POINT ( 'NONE',  ( 25.81918666297312726, 16.03876844228485865, 1.496058816092040722 ) ) ;
#4929 = ORIENTED_EDGE ( 'NONE', *, *, #3991, .T. ) ;
#4930 = CARTESIAN_POINT ( 'NONE',  ( -30.46672015249987098, -15.97683330779167576, -1.409085560130919346 ) ) ;
#4931 = ORIENTED_EDGE ( 'NONE', *, *, #5541, .F. ) ;
#4932 = CARTESIAN_POINT ( 'NONE',  ( 26.73051754399114088, 20.81004543414326236, -2.087646638892088014 ) ) ;
#4933 = CARTESIAN_POINT ( 'NONE',  ( -27.69090791624236303, 19.38245083088256848, -1.163749843739003254 ) ) ;
#4934 = LINE ( 'NONE', #116, #5154 ) ;
#4935 =( BOUNDED_SURFACE ( )  B_SPLINE_SURFACE ( 3, 2, ( 
 ( #7560, #905, #6252 ),
 ( #4291, #7700, #8332 ),
 ( #2243, #4930, #6920 ),
 ( #2907, #2990, #4263 ),
 ( #8372, #4982, #5665 ),
 ( #5630, #5603, #1020 ),
 ( #1613, #2968, #1695 ),
 ( #396, #5050, #932 ),
 ( #281, #6313, #304 ),
 ( #2940, #6338, #994 ),
 ( #4958, #2329, #5582 ),
 ( #1661, #6996, #6281 ),
 ( #2290, #7642, #967 ),
 ( #1580, #6966, #332 ),
 ( #3600, #7584, #8249 ),
 ( #7673, #2265, #3021 ),
 ( #3650, #6945, #8308 ),
 ( #7609, #3686, #3626 ) ),
 .UNSPECIFIED., .F., .F., .T. ) 
 B_SPLINE_SURFACE_WITH_KNOTS ( ( 4, 2, 2, 2, 2, 2, 2, 2, 4 ),
 ( 3, 3 ),
 ( 0.000000000000000000, 0.0009193534131604801443, 0.001379030119740720216, 0.001838706826320960289, 0.002758060239481440433, 0.003677413652641920577, 0.004596767065802400722, 0.005516120478962880866, 0.007354827305283841155 ),
 ( 0.000000000000000000, 1.000000000000000000 ),
 .UNSPECIFIED. ) 
 GEOMETRIC_REPRESENTATION_ITEM ( )  RATIONAL_B_SPLINE_SURFACE ( (
 ( 1.000000000000000000, 0.7385956407166128779, 1.000000000000000000),
 ( 1.000000000000000000, 0.7385949721266972245, 1.000000000000000000),
 ( 1.000000000000000000, 0.7383635506253374281, 1.000000000000000000),
 ( 1.000000000000000000, 0.7376859956538226459, 1.000000000000000000),
 ( 1.000000000000000000, 0.7374049118473250397, 1.000000000000000000),
 ( 1.000000000000000000, 0.7367315755944242595, 1.000000000000000000),
 ( 1.000000000000000000, 0.7363375681052333199, 1.000000000000000000),
 ( 1.000000000000000000, 0.7350168831216220555, 1.000000000000000000),
 ( 1.000000000000000000, 0.7339467650324392745, 1.000000000000000000),
 ( 1.000000000000000000, 0.7314562022813552167, 1.000000000000000000),
 ( 1.000000000000000000, 0.7300241808781847697, 1.000000000000000000),
 ( 1.000000000000000000, 0.7269560595132343872, 1.000000000000000000),
 ( 1.000000000000000000, 0.7253082614076987733, 1.000000000000000000),
 ( 1.000000000000000000, 0.7218120527974415390, 1.000000000000000000),
 ( 1.000000000000000000, 0.7199921434838816303, 1.000000000000000000),
 ( 1.000000000000000000, 0.7144910400737501943, 1.000000000000000000),
 ( 1.000000000000000000, 0.7106672369648608933, 1.000000000000000000),
 ( 1.000000000000000000, 0.7071067811865475727, 1.000000000000000000) ) ) 
 REPRESENTATION_ITEM ( '' )  SURFACE ( )  );
#4936 = DIRECTION ( 'NONE',  ( -3.212450881438531748E-16, 1.000000000000000000, 0.000000000000000000 ) ) ;
#4937 = CARTESIAN_POINT ( 'NONE',  ( 26.80000000000000071, 22.00000000000000000, 0.3145773350004543722 ) ) ;
#4938 = CARTESIAN_POINT ( 'NONE',  ( -26.07786247405585556, 14.64334652019218375, 0.9205999279887168152 ) ) ;
#4939 = ORIENTED_EDGE ( 'NONE', *, *, #7904, .T. ) ;
#4940 = CARTESIAN_POINT ( 'NONE',  ( -30.16808091688534077, 17.13599232664100924, -1.927324307851574936 ) ) ;
#4941 = CARTESIAN_POINT ( 'NONE',  ( 0.000000000000000000, -16.19999999999999929, -330.0000000000000000 ) ) ;
#4942 = ORIENTED_EDGE ( 'NONE', *, *, #299, .F. ) ;
#4943 = CARTESIAN_POINT ( 'NONE',  ( 29.21273877907711025, -18.74171746738664623, -1.764180987401454681 ) ) ;
#4944 = ADVANCED_FACE ( 'NONE', ( #7852 ), #8257, .F. ) ;
#4945 = CARTESIAN_POINT ( 'NONE',  ( -0.06998522983707911038, -16.69999418264290014, -6.981239732446576830E-12 ) ) ;
#4946 = CARTESIAN_POINT ( 'NONE',  ( -29.41412969916466125, 17.65634378470077692, -1.313501459070521404 ) ) ;
#4947 = AXIS2_PLACEMENT_3D ( 'NONE', #2916, #2841, #1538 ) ;
#4948 = VERTEX_POINT ( 'NONE', #4961 ) ;
#4949 = FACE_OUTER_BOUND ( 'NONE', #6475, .T. ) ;
#4950 = CARTESIAN_POINT ( 'NONE',  ( -25.00144388323976941, -20.00000000000078870, 1.558709437338138937 ) ) ;
#4951 = CARTESIAN_POINT ( 'NONE',  ( 25.01727666697497199, 15.91074732593670404, 0.9660970053259572143 ) ) ;
#4952 = CARTESIAN_POINT ( 'NONE',  ( 31.05728372493748068, 17.48844608965860914, -2.469159874944497624 ) ) ;
#4953 = CARTESIAN_POINT ( 'NONE',  ( 26.79755313065478006, -13.90000000000000213, 1.418377803962034278 ) ) ;
#4954 = CARTESIAN_POINT ( 'NONE',  ( 24.81389533109479473, 16.01068115036824935, 0.9851682486540754846 ) ) ;
#4955 = CARTESIAN_POINT ( 'NONE',  ( 30.00000000000000000, 22.00000000000000000, -1.868547682487453621 ) ) ;
#4956 = DIRECTION ( 'NONE',  ( 0.000000000000000000, 0.000000000000000000, 1.000000000000000000 ) ) ;
#4957 = EDGE_LOOP ( 'NONE', ( #462, #5134, #7240, #5419 ) ) ;
#4958 = CARTESIAN_POINT ( 'NONE',  ( -29.21511262985715973, -18.73900753532750230, -1.764369633963464690 ) ) ;
#4959 = CARTESIAN_POINT ( 'NONE',  ( 24.60185189592241173, -16.09062440114708536, 1.062861943546995036 ) ) ;
#4960 = ORIENTED_EDGE ( 'NONE', *, *, #7057, .T. ) ;
#4961 = CARTESIAN_POINT ( 'NONE',  ( -26.20000000000000284, -7.599999999999998757, 0.3627097600454320947 ) ) ;
#4962 = DIRECTION ( 'NONE',  ( 0.000000000000000000, 0.000000000000000000, 1.000000000000000000 ) ) ;
#4963 = CARTESIAN_POINT ( 'NONE',  ( -30.04552352048558106, -15.30000000000000071, -1.370624386102740511 ) ) ;
#4964 = CARTESIAN_POINT ( 'NONE',  ( -30.50000000000000000, 15.29999999999999716, -1.961511404530491554 ) ) ;
#4965 = CARTESIAN_POINT ( 'NONE',  ( -29.08018882999081356, -18.16806190232212614, -1.283751364450717469 ) ) ;
#4966 = CARTESIAN_POINT ( 'NONE',  ( 25.99999999999999645, 20.00000000000001066, 1.481899958353689817 ) ) ;
#4967 = CARTESIAN_POINT ( 'NONE',  ( -26.47787781936998996, 20.36766234841098822, -1.556428871764335975 ) ) ;
#4968 = VERTEX_POINT ( 'NONE', #8311 ) ;
#4969 = CARTESIAN_POINT ( 'NONE',  ( -25.30000000000000071, -20.99999999999999645, -1.472740857018131955 ) ) ;
#4970 = EDGE_CURVE ( 'NONE', #7415, #6919, #1686, .T. ) ;
#4971 = EDGE_CURVE ( 'NONE', #755, #4968, #145, .T. ) ;
#4972 = CARTESIAN_POINT ( 'NONE',  ( -25.50000000006268053, 19.49999999999999645, 1.520738416161248940 ) ) ;
#4973 = CARTESIAN_POINT ( 'NONE',  ( 25.47279169219703832, 15.57986508137741666, 0.9226881357139111728 ) ) ;
#4974 = CARTESIAN_POINT ( 'NONE',  ( 31.95645817229564400, 16.17893542455179912, -2.005269730006192130 ) ) ;
#4975 = VERTEX_POINT ( 'NONE', #972 ) ;
#4976 = CARTESIAN_POINT ( 'NONE',  ( -1.386479665519868121, -19.29999999999999716, 0.4970917786374491887 ) ) ;
#4977 = CARTESIAN_POINT ( 'NONE',  ( -25.36821470113210353, 20.50000000001694289, 1.530875112703395047 ) ) ;
#4978 = CARTESIAN_POINT ( 'NONE',  ( -26.19623794591590737, 14.05167627823052889, 0.9087472593288387079 ) ) ;
#4979 = CARTESIAN_POINT ( 'NONE',  ( 24.03290776340694634, 16.19807204106836096, 1.056650695341081692 ) ) ;
#4980 = CARTESIAN_POINT ( 'NONE',  ( -31.99999999804654394, 15.74029089755469712, 0.9568803807778568649 ) ) ;
#4981 = ADVANCED_FACE ( 'NONE', ( #5237 ), #1485, .F. ) ;
#4982 = CARTESIAN_POINT ( 'NONE',  ( -30.32842454395986564, -16.63558156854018577, -1.396310311526450132 ) ) ;
#4983 = EDGE_CURVE ( 'NONE', #1231, #6710, #1380, .T. ) ;
#4984 = ORIENTED_EDGE ( 'NONE', *, *, #5886, .F. ) ;
#4985 = CARTESIAN_POINT ( 'NONE',  ( 26.47764212714738363, 20.36771584678356817, -1.574653044646833644 ) ) ;
#4986 = CARTESIAN_POINT ( 'NONE',  ( 28.08696123208548912, 20.87414724880667549, 1.311808725019853794 ) ) ;
#4987 = AXIS2_PLACEMENT_3D ( 'NONE', #2549, #6516, #1835 ) ;
#4988 = DIRECTION ( 'NONE',  ( 0.000000000000000000, -0.000000000000000000, 1.000000000000000000 ) ) ;
#4989 = CARTESIAN_POINT ( 'NONE',  ( 31.54743975903614128, -6.513704236698701244, 1.000013662612986298 ) ) ;
#4991 = ORIENTED_EDGE ( 'NONE', *, *, #2306, .T. ) ;
#4990 = CARTESIAN_POINT ( 'NONE',  ( 0.000000000000000000, 22.00000000000000000, -330.0000000000000000 ) ) ;
#4992 = EDGE_CURVE ( 'NONE', #4069, #1012, #7007, .T. ) ;
#4993 = CARTESIAN_POINT ( 'NONE',  ( 30.04552352048558106, -15.30000000000000071, -1.370624386102750947 ) ) ;
#4994 = CARTESIAN_POINT ( 'NONE',  ( 0.1401215303234603082, -16.50001166571215805, -1.405184367754734910E-08 ) ) ;
#4995 = CARTESIAN_POINT ( 'NONE',  ( -25.76103735009164808, -20.44595400939110164, 1.500569418563896695 ) ) ;
#4996 = VECTOR ( 'NONE', #3352, 1000.000000000000000 ) ;
#4997 = DIRECTION ( 'NONE',  ( -0.000000000000000000, -0.000000000000000000, 1.000000000000000000 ) ) ;
#4998 = CARTESIAN_POINT ( 'NONE',  ( -25.05006842633672903, -15.89217645104385923, 1.020741186775652176 ) ) ;
#4999 = ORIENTED_EDGE ( 'NONE', *, *, #7800, .T. ) ;
#5000 = CARTESIAN_POINT ( 'NONE',  ( -28.58922284665359115, -13.40002576798765510, 1.268699308288582461 ) ) ;
#5001 = CARTESIAN_POINT ( 'NONE',  ( -26.50143589633838559, 15.16639649445039062, 1.442188470295075575 ) ) ;
#5002 = CARTESIAN_POINT ( 'NONE',  ( 25.72495571801303527, 15.30034511282397958, 0.8982372710771845403 ) ) ;
#5003 = CARTESIAN_POINT ( 'NONE',  ( 27.25733064487548774, 21.17247651046241330, -2.131008489055026267 ) ) ;
#5004 = DIRECTION ( 'NONE',  ( -1.000000000000000000, 0.000000000000000000, 0.000000000000000000 ) ) ;
#5005 = CIRCLE ( 'NONE', #5391, 330.0000000000000000 ) ;
#5006 = CARTESIAN_POINT ( 'NONE',  ( 24.45540625912603261, 16.13202735841858271, 1.018325483386809172 ) ) ;
#5007 = DIRECTION ( 'NONE',  ( 0.000000000000000000, 0.000000000000000000, -1.000000000000000000 ) ) ;
#5008 = CARTESIAN_POINT ( 'NONE',  ( 26.40796235730843833, 15.32291561207205355, 1.449664607670495764 ) ) ;
#5009 = VERTEX_POINT ( 'NONE', #8411 ) ;
#5010 = TOROIDAL_SURFACE ( 'NONE', #1768, 332.0000000000000000, 0.5000000000000000000 ) ;
#5011 = CIRCLE ( 'NONE', #4719, 0.5000000000000000000 ) ;
#5012 = ADVANCED_FACE ( 'NONE', ( #2933 ), #4452, .F. ) ;
#5013 = LINE ( 'NONE', #4191, #334 ) ;
#5014 = CARTESIAN_POINT ( 'NONE',  ( -29.55485135078868453, 15.23991199324991186, 1.183890698149719256 ) ) ;
#5015 = CARTESIAN_POINT ( 'NONE',  ( 27.86874729780704030, 19.83424349006454079, -2.182258746678109151 ) ) ;
#5016 = FACE_BOUND ( 'NONE', #2230, .T. ) ;
#5017 = CARTESIAN_POINT ( 'NONE',  ( 26.94075205593487965, 21.29336932042511776, 1.406825569270079956 ) ) ;
#5018 = EDGE_LOOP ( 'NONE', ( #3058, #4289, #8173, #2038, #7513, #6195 ) ) ;
#5019 = ORIENTED_EDGE ( 'NONE', *, *, #352, .T. ) ;
#5020 = VECTOR ( 'NONE', #340, 1000.000000000000000 ) ;
#5021 = DIRECTION ( 'NONE',  ( -8.881784197001252323E-15, 0.000000000000000000, 1.000000000000000000 ) ) ;
#5022 = CARTESIAN_POINT ( 'NONE',  ( -0.1732050807568888406, -16.80000000000000071, 0.5000000000001783018 ) ) ;
#5023 = EDGE_LOOP ( 'NONE', ( #6804, #3341, #1369, #597 ) ) ;
#5024 = CARTESIAN_POINT ( 'NONE',  ( -26.19999999999999929, 14.20417945614752497, -1.041704770954259951 ) ) ;
#5025 = VECTOR ( 'NONE', #1631, 1000.000000000000000 ) ;
#5026 = CARTESIAN_POINT ( 'NONE',  ( -26.18564435146493707, -14.19757056362584358, 0.9098326333555069034 ) ) ;
#5027 = CARTESIAN_POINT ( 'NONE',  ( -29.97195873994000337, 17.60848870034265445, -1.907296348820841869 ) ) ;
#5028 = FACE_OUTER_BOUND ( 'NONE', #1565, .T. ) ;
#5029 = CARTESIAN_POINT ( 'NONE',  ( 29.81280305961655586, -17.88914824381091506, -1.349177173033341726 ) ) ;
#5030 = ADVANCED_FACE ( 'NONE', ( #3030 ), #6603, .F. ) ;
#5031 = CARTESIAN_POINT ( 'NONE',  ( 26.15191544154519576, -21.46000553597170324, 1.470192405480266862 ) ) ;
#5032 = ORIENTED_EDGE ( 'NONE', *, *, #1746, .T. ) ;
#5033 = VERTEX_POINT ( 'NONE', #1825 ) ;
#5034 = VERTEX_POINT ( 'NONE', #3158 ) ;
#5035 = CIRCLE ( 'NONE', #8463, 0.5000000000000000000 ) ;
#5036 = CARTESIAN_POINT ( 'NONE',  ( -26.61415451147240674, -14.90735726505055325, 1.433156209642356238 ) ) ;
#5037 = EDGE_CURVE ( 'NONE', #606, #2143, #6082, .T. ) ;
#5038 = CARTESIAN_POINT ( 'NONE',  ( 12.00000000000000000, 22.00000000000000000, 1.282734231652926660 ) ) ;
#5039 = CARTESIAN_POINT ( 'NONE',  ( -26.77896095143049493, 14.22848909629541758, 1.419880622222082778 ) ) ;
#5040 = CARTESIAN_POINT ( 'NONE',  ( 24.49745364396529013, 16.12136728751058712, 1.014466145546937703 ) ) ;
#5041 = CARTESIAN_POINT ( 'NONE',  ( 29.97231048307837398, 17.60776527798629942, -1.825269725687038269 ) ) ;
#5042 = EDGE_CURVE ( 'NONE', #7227, #576, #2729, .T. ) ;
#5043 = ORIENTED_EDGE ( 'NONE', *, *, #4761, .F. ) ;
#5044 = EDGE_LOOP ( 'NONE', ( #2184, #3195, #5399, #4298 ) ) ;
#5045 = EDGE_CURVE ( 'NONE', #6637, #4692, #4300, .T. ) ;
#5046 = LINE ( 'NONE', #7186, #6924 ) ;
#5047 = CARTESIAN_POINT ( 'NONE',  ( 0.000000000000000000, -20.99999999999999645, -330.0000000000000000 ) ) ;
#5048 = CARTESIAN_POINT ( 'NONE',  ( 26.78410002272813273, 13.89999999999999858, 1.419465309405898434 ) ) ;
#5049 = B_SPLINE_CURVE_WITH_KNOTS ( 'NONE', 3,
 ( #193, #5456, #1549, #5580, #6310, #301, #6364, #1721, #3682, #7067, #6277, #4352, #5627, #277, #2380, #2352, #4287, #3060, #8304, #5723, #7728, #4926, #7639, #3647, #393, #963, #2285, #8244, #7669, #8329, #1017, #4327, #8279, #3713, #2963, #4954, #5661, #4375, #7036, #4260, #929, #1634, #3017, #5006, #367, #6403, #5599, #7696, #1610, #2261, #6964, #6941, #5694, #3623, #2937, #1691, #8368, #7605, #327, #4979, #1658, #2987 ),
 .UNSPECIFIED., .F., .F.,
 ( 4, 2, 2, 2, 2, 2, 2, 2, 2, 1, 2, 2, 2, 1, 1, 2, 2, 2, 1, 1, 1, 2, 2, 2, 2, 1, 1, 1, 2, 2, 2, 2, 1, 2, 2, 4 ),
 ( 0.000000000000000000, 0.1249999999999637790, 0.1874999999999449884, 0.2187499999999348854, 0.2499999999999248101, 0.3124999999999021894, 0.3437499999998895328, 0.3749999999998768763, 0.4374999999998515632, 0.4687499999998392952, 0.4843749999998331890, 0.4999999999998270273, 0.5624999999998036015, 0.5937499999997918332, 0.6093749999997849498, 0.6171874999997806199, 0.6249999999997764011, 0.6874999999997482014, 0.7187499999997333244, 0.7343749999997264410, 0.7421874999997237765, 0.7460937499997236655, 0.7499999999997235545, 0.8124999999997556399, 0.8437499999997714051, 0.8593749999997779554, 0.8671874999997800648, 0.8710937499997798428, 0.8730468749997797318, 0.8749999999997796207, 0.9062499999998289146, 0.9218749999998533395, 0.9296874999998654410, 0.9335937499998712141, 0.9374999999998770983, 1.000000000000000000 ),
 .UNSPECIFIED. ) ;
#5050 = CARTESIAN_POINT ( 'NONE',  ( -29.98017361252237123, -17.59154039639377842, -1.364369946420421087 ) ) ;
#5051 = AXIS2_PLACEMENT_3D ( 'NONE', #3510, #3716, #3179 ) ;
#5052 = CARTESIAN_POINT ( 'NONE',  ( 0.000000000000000000, -22.00000000000000000, 2.000000000000001776 ) ) ;
#5053 = ORIENTED_EDGE ( 'NONE', *, *, #7892, .F. ) ;
#5054 = AXIS2_PLACEMENT_3D ( 'NONE', #1956, #4648, #7336 ) ;
#5055 = AXIS2_PLACEMENT_3D ( 'NONE', #8204, #6923, #7587 ) ;
#5056 = PERSON_AND_ORGANIZATION ( #7011, #4851 ) ;
#5057 = DIRECTION ( 'NONE',  ( 0.000000000000000000, 1.000000000000000000, -0.000000000000000000 ) ) ;
#5058 = CARTESIAN_POINT ( 'NONE',  ( -28.73709604319801869, 19.82929681503263097, -2.257301141862088301 ) ) ;
#5059 = CARTESIAN_POINT ( 'NONE',  ( -26.20000000000000284, 13.89999999999999858, -1.041704770954277048 ) ) ;
#5060 = CARTESIAN_POINT ( 'NONE',  ( -25.61925844009316577, -15.42863912531892190, 0.9658976175222594440 ) ) ;
#5061 = CARTESIAN_POINT ( 'NONE',  ( -30.51713571981106554, 18.58281660988336625, -2.418380622965124793 ) ) ;
#5062 = ORIENTED_EDGE ( 'NONE', *, *, #5259, .T. ) ;
#5063 = DIRECTION ( 'NONE',  ( 0.000000000000000000, 0.000000000000000000, -1.000000000000000000 ) ) ;
#5064 = ADVANCED_FACE ( 'NONE', ( #959 ), #1269, .F. ) ;
#5065 = CARTESIAN_POINT ( 'NONE',  ( -24.35109712274343252, -16.15532981647749722, 1.086012434755680989 ) ) ;
#5066 = CARTESIAN_POINT ( 'NONE',  ( -24.53374778597998684, -16.11128349486057587, 1.069179455865922224 ) ) ;
#5067 = CARTESIAN_POINT ( 'NONE',  ( 30.36684186415893549, -16.48147681033248801, -1.947748588517361990 ) ) ;
#5068 = VERTEX_POINT ( 'NONE', #1789 ) ;
#5069 = CARTESIAN_POINT ( 'NONE',  ( -24.94332634116185332, 16.57410646764680351, 1.563089703693573362 ) ) ;
#5070 = CARTESIAN_POINT ( 'NONE',  ( 24.71166928285325781, 16.05234618590915829, 0.9946849907216392950 ) ) ;
#5071 = CARTESIAN_POINT ( 'NONE',  ( 27.66517612229106504, 21.57242969106757613, -1.648575606340503263 ) ) ;
#5072 = CARTESIAN_POINT ( 'NONE',  ( 0.3462003431240048279, -16.69999999999999929, -0.0001815980463369028664 ) ) ;
#5073 = CARTESIAN_POINT ( 'NONE',  ( -24.40418738019695510, -16.71832993429801917, 1.603208370548762529 ) ) ;
#5074 = CARTESIAN_POINT ( 'NONE',  ( 29.54542647875262062, 19.07109787306349702, -2.329224264127673472 ) ) ;
#5075 = DIRECTION ( 'NONE',  ( -0.000000000000000000, -0.000000000000000000, -1.000000000000000000 ) ) ;
#5076 = ADVANCED_FACE ( 'NONE', ( #7635 ), #4189, .T. ) ;
#5077 = CARTESIAN_POINT ( 'NONE',  ( 31.41203139149553181, 16.11273147282084750, -2.502991567951322605 ) ) ;
#5078 = EDGE_LOOP ( 'NONE', ( #2051, #7760, #8278, #6392 ) ) ;
#5079 = DIRECTION ( 'NONE',  ( -0.000000000000000000, 1.000000000000000000, -0.000000000000000000 ) ) ;
#5080 = DIRECTION ( 'NONE',  ( -0.6491902743742929971, 0.000000000000000000, -0.7606260498154335803 ) ) ;
#5081 = CARTESIAN_POINT ( 'NONE',  ( 28.49999999966125586, 19.00000000000502709, 1.276319709120331769 ) ) ;
#5082 = VERTEX_POINT ( 'NONE', #501 ) ;
#5083 = CARTESIAN_POINT ( 'NONE',  ( -30.60733838935703233, -18.58635067902935134, 1.088287136304024960 ) ) ;
#5084 = CARTESIAN_POINT ( 'NONE',  ( -26.07863580573511086, -14.63824313341770100, 0.9205282605351282621 ) ) ;
#5085 = CARTESIAN_POINT ( 'NONE',  ( 31.15134695905429396, -17.48839387158468739, 1.037535218864509945 ) ) ;
#5086 = CARTESIAN_POINT ( 'NONE',  ( -28.94558587669021321, 18.23833164068141244, 1.237696594288720364 ) ) ;
#5087 = CARTESIAN_POINT ( 'NONE',  ( -25.63177271278306790, -20.49999999998579270, 1.510602687728590743 ) ) ;
#5088 = ORIENTED_EDGE ( 'NONE', *, *, #8236, .F. ) ;
#5089 = CARTESIAN_POINT ( 'NONE',  ( 28.08730243720648190, 13.01906034429000947, -1.197437000930479112 ) ) ;
#5090 = EDGE_CURVE ( 'NONE', #2408, #662, #564, .T. ) ;
#5091 =( BOUNDED_CURVE ( )  B_SPLINE_CURVE ( 3, ( #7030, #3805, #3012, #4371 ),
 .UNSPECIFIED., .F., .T. ) 
 B_SPLINE_CURVE_WITH_KNOTS ( ( 4, 4 ),
 ( 1.565550842995624636, 1.569747234653598555 ),
 .UNSPECIFIED. ) 
 CURVE ( )  GEOMETRIC_REPRESENTATION_ITEM ( )  RATIONAL_B_SPLINE_CURVE ( ( 1.000000000000000000, 0.9999985325252926938, 0.9999985325252926938, 1.000000000000000000 ) ) 
 REPRESENTATION_ITEM ( '' )  );
#5092 = CARTESIAN_POINT ( 'NONE',  ( -23.89999999999999858, -16.19999999999999929, 1.126923315285419447 ) ) ;
#5093 = EDGE_CURVE ( 'NONE', #364, #5034, #2515, .T. ) ;
#5094 = AXIS2_PLACEMENT_3D ( 'NONE', #3369, #5353, #3798 ) ;
#5095 = CARTESIAN_POINT ( 'NONE',  ( 0.1732050807568889239, -16.80000000000000071, 0.3000000000000004885 ) ) ;
#5096 = CARTESIAN_POINT ( 'NONE',  ( -26.79755063969900775, 13.99443912478722218, 1.418377984527190883 ) ) ;
#5097 = CARTESIAN_POINT ( 'NONE',  ( -25.33810240963855520, -22.00000000000000000, 1.533151534320441600 ) ) ;
#5098 = CARTESIAN_POINT ( 'NONE',  ( 27.42406797247604189, 19.52451157563905326, -1.141366305367797596 ) ) ;
#5099 = CARTESIAN_POINT ( 'NONE',  ( -31.11437239074099992, 18.65779952609626946, 0.5794310402175216757 ) ) ;
#5100 = B_SPLINE_CURVE_WITH_KNOTS ( 'NONE', 3,
 ( #3835, #4530, #426, #8495, #4471, #7768, #3746, #6465, #2454, #5726, #2474, #7821, #493, #1140, #8405, #3113, #8520, #7850, #5816, #5077, #2382, #5143 ),
 .UNSPECIFIED., .F., .F.,
 ( 4, 2, 2, 2, 2, 2, 2, 2, 2, 2, 4 ),
 ( 0.000000000000000000, 0.001221578228115974968, 0.002443156456231949936, 0.003053945570289937420, 0.003664734684347924903, 0.004886312912463899871, 0.006107891140579874839, 0.007329469368695849807, 0.007940258482753833821, 0.008551047596811821305, 0.009772625824927791069 ),
 .UNSPECIFIED. ) ;
#5101 = VERTEX_POINT ( 'NONE', #7142 ) ;
#5102 = CARTESIAN_POINT ( 'NONE',  ( -24.67994314847769743, -16.65866304753208027, 1.582798843171137726 ) ) ;
#5103 = CARTESIAN_POINT ( 'NONE',  ( 30.95295902883156458, 15.67676649470197248, -2.459293633051719663 ) ) ;
#5104 = B_SPLINE_CURVE_WITH_KNOTS ( 'NONE', 3,
 ( #5643, #3073, #316, #4967, #3701, #7054, #981, #7655, #5710, #3043, #6325, #5743, #7086, #7713, #409, #8317, #3732, #2310, #2441, #1067, #4341, #348 ),
 .UNSPECIFIED., .F., .F.,
 ( 4, 2, 2, 2, 2, 2, 2, 2, 2, 2, 4 ),
 ( 0.000000000000000000, 0.001016829480373457719, 0.001525244220560186470, 0.002033658960746915437, 0.003050488441120359495, 0.004067317921493803987, 0.005084147401867248478, 0.005592562142053970724, 0.006100976882240692102, 0.007117806362614130522, 0.008134635842987569809 ),
 .UNSPECIFIED. ) ;
#5105 = EDGE_CURVE ( 'NONE', #4975, #5326, #752, .T. ) ;
#5106 = EDGE_CURVE ( 'NONE', #7625, #2696, #4091, .T. ) ;
#5107 = CARTESIAN_POINT ( 'NONE',  ( 29.21450134990041647, -18.73970018037341134, -1.831295625183747333 ) ) ;
#5108 = CARTESIAN_POINT ( 'NONE',  ( 30.80133420656643040, 16.80330740357374353, -2.444875371395148544 ) ) ;
#5109 = ORIENTED_EDGE ( 'NONE', *, *, #483, .F. ) ;
#5110 = CARTESIAN_POINT ( 'NONE',  ( -31.00000000000000000, 15.29999999999999716, -1.961511404530491554 ) ) ;
#5111 = CARTESIAN_POINT ( 'NONE',  ( 25.50000000006267697, 19.50000000000001066, 1.520738416161219186 ) ) ;
#5112 = DIRECTION ( 'NONE',  ( -0.000000000000000000, 0.000000000000000000, 1.000000000000000000 ) ) ;
#5113 = LINE ( 'NONE', #2406, #3329 ) ;
#5114 = CARTESIAN_POINT ( 'NONE',  ( -25.72609977392799863, 15.30648573952842462, -1.004293463685269394 ) ) ;
#5115 = CARTESIAN_POINT ( 'NONE',  ( -25.18556701599899839, -15.80719454794601120, 1.007820382207979426 ) ) ;
#5116 = EDGE_CURVE ( 'NONE', #5161, #3984, #2098, .T. ) ;
#5117 = AXIS2_PLACEMENT_3D ( 'NONE', #1275, #7289, #1327 ) ;
#5118 = CARTESIAN_POINT ( 'NONE',  ( 31.32004435669405495, -18.27356398648481317, 0.5616719785165296130 ) ) ;
#5119 = EDGE_LOOP ( 'NONE', ( #922, #1971, #5288, #561 ) ) ;
#5120 = ADVANCED_FACE ( 'NONE', ( #7230 ), #339, .T. ) ;
#5121 = CIRCLE ( 'NONE', #2357, 0.1999999999999999278 ) ;
#5122 = CARTESIAN_POINT ( 'NONE',  ( 21.39999999999999858, 16.37939625497020657, 1.429877632671604282 ) ) ;
#5123 = CARTESIAN_POINT ( 'NONE',  ( 29.96385839039851717, -17.62531510792016931, -2.367041473859165190 ) ) ;
#5124 = VECTOR ( 'NONE', #1782, 1000.000000000000000 ) ;
#5125 = CARTESIAN_POINT ( 'NONE',  ( 29.60000000000000853, 12.70585173349771324, -1.330196093404401481 ) ) ;
#5126 = FACE_BOUND ( 'NONE', #636, .T. ) ;
#5127 = CARTESIAN_POINT ( 'NONE',  ( -23.97583818333090733, -16.19999801654089211, 1.120125494830442214 ) ) ;
#5129 = ORIENTED_EDGE ( 'NONE', *, *, #1677, .T. ) ;
#5128 = CARTESIAN_POINT ( 'NONE',  ( -23.93683557770500769, 16.75631529253509200, 1.637268566917714496 ) ) ;
#5130 = CARTESIAN_POINT ( 'NONE',  ( -28.65046710127330343, -21.11854381122833857, 0.7832064112512145959 ) ) ;
#5131 = CARTESIAN_POINT ( 'NONE',  ( 29.70046719176762906, 20.37132954120246353, -2.343012872078754860 ) ) ;
#5132 = CYLINDRICAL_SURFACE ( 'NONE', #6958, 331.3999999999999773 ) ;
#5133 = CIRCLE ( 'NONE', #5949, 0.5000000000000000000 ) ;
#5134 = ORIENTED_EDGE ( 'NONE', *, *, #6129, .F. ) ;
#5135 = CARTESIAN_POINT ( 'NONE',  ( 29.82238120552878513, 17.88885048572925385, -1.350002032898996562 ) ) ;
#5136 = DIRECTION ( 'NONE',  ( 0.000000000000000000, -0.000000000000000000, 1.000000000000000000 ) ) ;
#5137 = VECTOR ( 'NONE', #6158, 1000.000000000000000 ) ;
#5138 = CIRCLE ( 'NONE', #6675, 0.5000000000000000000 ) ;
#5139 = CARTESIAN_POINT ( 'NONE',  ( -24.85873461427359743, -16.60433241993191800, 1.569442567792006304 ) ) ;
#5140 = CARTESIAN_POINT ( 'NONE',  ( 30.36641055788084387, 17.82716309356653639, -2.404382022650126682 ) ) ;
#5141 = B_SPLINE_SURFACE_WITH_KNOTS ( 'NONE', 1, 3, ( 
 ( #7160, #6462, #3743, #2472, #7128, #5073, #8400, #4469, #5814, #5102, #8493, #6492, #5139, #1085, #7096, #1749, #1114, #5786, #3145, #8427, #1778, #422, #1138, #7819, #3833, #7794, #2450, #6437, #3811, #3111, #3085, #3769, #4442, #480, #8444, #1006, #8390, #354, #1713, #385, #8319, #2316, #7115, #7689, #5036, #7786, #5777, #3735, #2980, #1739, #6387, #1106, #3759, #3703 ),
 ( #5092, #5127, #1770, #444, #3104, #6454, #1037, #3802, #4368, #7089, #5066, #4345, #4462, #2444, #4399, #1652, #5714, #5648, #7659, #3076, #4998, #6328, #6979, #4430, #3668, #5684, #8356, #1678, #6355, #2341, #412, #2372, #7026, #3007, #7058, #3050, #7716, #1074, #5747, #6430, #2404, #7756, #8421, #8002, #998, #3926, #7441, #6225, #5265, #8221, #512, #418, #3500, #2322 ) ),
 .UNSPECIFIED., .F., .F., .F.,
 ( 2, 2 ),
 ( 4, 2, 2, 2, 2, 2, 2, 2, 2, 2, 2, 2, 2, 2, 2, 2, 2, 2, 2, 2, 2, 2, 2, 2, 2, 2, 4 ),
 ( 0.000000000000000000, 1.000000000000000000 ),
 ( 0.000000000000000000, 0.0002792769733370919290, 0.0004189154600056379206, 0.0005585539466741838580, 0.0006981924333427297954, 0.0008378309200112758412, 0.0009774694066798216702, 0.001117107893348367716, 0.001256746380016913762, 0.001396384866685459591, 0.001536023353354005637, 0.001675661840022551682, 0.001815300326691097511, 0.001954938813359643340, 0.002234215786696735432, 0.002373854273365281695, 0.002513492760033827524, 0.002653131246702373353, 0.002792769733370919182, 0.003072046706708011273, 0.003211685193376557536, 0.003351323680045103365, 0.003490962166713649194, 0.003630600653382195023, 0.003909877626719286681, 0.004189154600056378339, 0.004468431573393470864 ),
 .UNSPECIFIED. ) ;
#5142 = ORIENTED_EDGE ( 'NONE', *, *, #596, .T. ) ;
#5143 = CARTESIAN_POINT ( 'NONE',  ( 31.45220030349013385, 15.29999999999999716, -2.506856413650847326 ) ) ;
#5144 = EDGE_LOOP ( 'NONE', ( #5517, #554, #7772, #2314 ) ) ;
#5145 = DIRECTION ( 'NONE',  ( -0.000000000000000000, -1.000000000000000000, -0.000000000000000000 ) ) ;
#5146 = ORIENTED_EDGE ( 'NONE', *, *, #736, .F. ) ;
#5147 = CARTESIAN_POINT ( 'NONE',  ( -26.79755313065471967, -6.513704236698701244, 1.418377803962034278 ) ) ;
#5148 = LINE ( 'NONE', #7998, #8060 ) ;
#5149 = ORIENTED_EDGE ( 'NONE', *, *, #6288, .F. ) ;
#5150 = DIRECTION ( 'NONE',  ( 1.000000000000000000, 0.000000000000000000, 0.000000000000000000 ) ) ;
#5151 = CARTESIAN_POINT ( 'NONE',  ( -28.10950083874784156, 20.23857629681937098, -2.202984977633065000 ) ) ;
#5152 = CARTESIAN_POINT ( 'NONE',  ( -29.11573426623288796, -20.23719635791434257, 1.222943858277257823 ) ) ;
#5153 = ORIENTED_EDGE ( 'NONE', *, *, #3712, .F. ) ;
#5154 = VECTOR ( 'NONE', #4759, 1000.000000000000000 ) ;
#5155 = CARTESIAN_POINT ( 'NONE',  ( 28.61945998148990356, -20.56749696800664395, 1.266064481852536394 ) ) ;
#5156 = DIRECTION ( 'NONE',  ( -0.000000000000000000, -0.000000000000000000, -1.000000000000000000 ) ) ;
#5157 = CARTESIAN_POINT ( 'NONE',  ( -26.19999999999999929, 7.599999999999996980, 5.301000000000002821 ) ) ;
#5158 = ADVANCED_FACE ( 'NONE', ( #6395 ), #5968, .F. ) ;
#5159 = PLANE ( 'NONE',  #7150 ) ;
#5160 = CARTESIAN_POINT ( 'NONE',  ( -0.1732050807568269735, -16.79999999999989413, 0.5000000000000224265 ) ) ;
#5161 = VERTEX_POINT ( 'NONE', #612 ) ;
#5162 = ORIENTED_EDGE ( 'NONE', *, *, #87, .F. ) ;
#5163 = B_SPLINE_CURVE_WITH_KNOTS ( 'NONE', 3,
 ( #1184, #6540, #2440, #7110, #3102, #5804, #5086, #6479, #5824, #7779 ),
 .UNSPECIFIED., .F., .F.,
 ( 4, 2, 2, 2, 4 ),
 ( 0.0007832144280500133622, 0.001174777760671919229, 0.001566341093293825313, 0.001957904425915731397, 0.002349467758537637264 ),
 .UNSPECIFIED. ) ;
#5164 = CARTESIAN_POINT ( 'NONE',  ( -7.000000000000000000, 22.00000000000000000, 2.426307623208445730 ) ) ;
#5165 = CARTESIAN_POINT ( 'NONE',  ( -30.71449960886299024, -18.40844968182338093, 1.078357534679543539 ) ) ;
#5166 = B_SPLINE_CURVE_WITH_KNOTS ( 'NONE', 3,
 ( #6984, #6961, #6333, #2208, #6874, #876 ),
 .UNSPECIFIED., .F., .F.,
 ( 4, 2, 4 ),
 ( 0.000000000000000000, 0.0003908956441138908494, 0.0007817912882277816989 ),
 .UNSPECIFIED. ) ;
#5167 = CARTESIAN_POINT ( 'NONE',  ( 27.93555859133291008, 19.79571037211380613, -1.184334759977867524 ) ) ;
#5168 = CARTESIAN_POINT ( 'NONE',  ( 31.50000000000000000, 15.29999999999999716, -2.009146468990752332 ) ) ;
#5169 = CARTESIAN_POINT ( 'NONE',  ( -28.26471540605292532, 21.31235054219521885, 0.8135366629853665321 ) ) ;
#5170 = ORIENTED_EDGE ( 'NONE', *, *, #7967, .T. ) ;
#5171 = CARTESIAN_POINT ( 'NONE',  ( -26.79755313065472677, 13.90000000000000036, 1.418377803962104444 ) ) ;
#5172 = CIRCLE ( 'NONE', #505, 0.5000000000000000000 ) ;
#5173 = DIRECTION ( 'NONE',  ( 0.000000000000000000, 0.000000000000000000, 1.000000000000000000 ) ) ;
#5174 = CARTESIAN_POINT ( 'NONE',  ( 29.71364146908639370, 18.05480562529315236, -1.881179880945645699 ) ) ;
#5175 = AXIS2_PLACEMENT_3D ( 'NONE', #4054, #2010, #106 ) ;
#5176 = AXIS2_PLACEMENT_3D ( 'NONE', #7247, #1312, #3232 ) ;
#5177 = ORIENTED_EDGE ( 'NONE', *, *, #2741, .T. ) ;
#5178 = CARTESIAN_POINT ( 'NONE',  ( -25.50000000006329515, -19.49999999999464251, 1.520738416161217632 ) ) ;
#5179 = CARTESIAN_POINT ( 'NONE',  ( -29.78699097670028451, 18.77669702481988168, -2.351135750376330602 ) ) ;
#5180 = CARTESIAN_POINT ( 'NONE',  ( -30.62782909560336364, -19.38607209347721749, -1.889600428095695950 ) ) ;
#5181 = CARTESIAN_POINT ( 'NONE',  ( 27.04129718858934694, -21.77346645518878887, 0.9075657046908435222 ) ) ;
#5182 = AXIS2_PLACEMENT_3D ( 'NONE', #7688, #5745, #3047 ) ;
#5183 = VERTEX_POINT ( 'NONE', #1057 ) ;
#5184 = DIRECTION ( 'NONE',  ( 0.000000000000000000, 0.000000000000000000, 1.000000000000000000 ) ) ;
#5185 = DIRECTION ( 'NONE',  ( 0.000000000000000000, 0.000000000000000000, 1.000000000000000000 ) ) ;
#5186 = CARTESIAN_POINT ( 'NONE',  ( -30.00000000013443824, 16.00000000000490985, 1.143850916775958959 ) ) ;
#5187 = CARTESIAN_POINT ( 'NONE',  ( 31.65382174570508766, 17.47015198969574001, 0.5326812042399133862 ) ) ;
#5188 = CARTESIAN_POINT ( 'NONE',  ( -27.02929123114636667, -21.77670555560411358, 0.9084694405864683908 ) ) ;
#5189 = EDGE_LOOP ( 'NONE', ( #2212, #3298, #8312, #6514 ) ) ;
#5190 = CARTESIAN_POINT ( 'NONE',  ( 21.39999999999999503, 22.00000000000000000, 0.8085397930349680351 ) ) ;
#5191 = CARTESIAN_POINT ( 'NONE',  ( -30.04552352048558106, 22.00000000000000000, -1.370624386102747838 ) ) ;
#5192 = CARTESIAN_POINT ( 'NONE',  ( -29.38951897978731864, 20.62536980583386637, 0.7237778116609292489 ) ) ;
#5193 = B_SPLINE_SURFACE_WITH_KNOTS ( 'NONE', 1, 3, ( 
 ( #7364, #6643, #734, #4735, #2023, #8612, #4015, #691, #39, #2747, #637, #3391, #1293, #6723, #8062, #2627, #5996, #7306, #7977, #7389, #4676, #670, #6690, #1986, #1385, #74, #713, #6050, #2711, #2102, #3481, #2133, #1440, #4095, #223, #796, #6806, #885, #7530, #5491, #4758, #6116, #4122, #5462, #1465, #6144, #3511, #4214, #6864, #2798, #1502, #6230 ),
 ( #7474, #5551, #8142, #198, #6837, #6774, #4869, #8202, #6169, #3417, #4149, #4816, #175, #1553, #6883, #3532, #7413, #6204, #2218, #8091, #820, #115, #2773, #769, #2157, #2829, #7448, #3443, #150, #4781, #5426, #8113, #7496, #8174, #4173, #4847, #849, #5518, #1528, #2182, #2859, #335, #1637, #3601, #4959, #5605, #254, #5669, #2942, #7561, #2244, #2993 ) ),
 .UNSPECIFIED., .F., .F., .F.,
 ( 2, 2 ),
 ( 4, 2, 2, 2, 2, 2, 2, 2, 2, 2, 2, 2, 2, 2, 2, 2, 2, 2, 2, 2, 2, 2, 2, 2, 2, 4 ),
 ( 0.000000000000000000, 1.000000000000000000 ),
 ( 0.000000000000000000, 0.0002792773532104127166, 0.0004189160298156190750, 0.0005585547064208254333, 0.0006981933830260318458, 0.0008378320596312381499, 0.001117109412841650867, 0.001256748089446857279, 0.001396386766052063692, 0.001536025442657270104, 0.001605844780959873094, 0.001675664119262476300, 0.001954941472472888908, 0.002234218825683301733, 0.002373857502288508146, 0.002513496178893714558, 0.002653134855498920971, 0.002792773532104127383, 0.003072050885314540208, 0.003211689561919746187, 0.003351328238524952600, 0.003490966915130159012, 0.003630605591735364991, 0.003909882944945777816, 0.004189160298156190641, 0.004468437651366603466 ),
 .UNSPECIFIED. ) ;
#5194 = DIRECTION ( 'NONE',  ( 0.000000000000000000, 0.000000000000000000, -1.000000000000000000 ) ) ;
#5195 = EDGE_LOOP ( 'NONE', ( #4293, #1869, #1488, #2591, #410, #5177 ) ) ;
#5196 = DIRECTION ( 'NONE',  ( -0.000000000000000000, 1.000000000000000000, 0.000000000000000000 ) ) ;
#5197 = CARTESIAN_POINT ( 'NONE',  ( -25.98292227273934074, 20.49999999999999645, -1.530389873303962922 ) ) ;
#5198 = CARTESIAN_POINT ( 'NONE',  ( 0.000000000000000000, 22.00000000000000000, -330.0000000000000000 ) ) ;
#5199 = CARTESIAN_POINT ( 'NONE',  ( -29.72709651499728878, -20.34792235300999863, -1.813825011512461227 ) ) ;
#5200 = ORIENTED_EDGE ( 'NONE', *, *, #7191, .F. ) ;
#5201 = UNCERTAINTY_MEASURE_WITH_UNIT (LENGTH_MEASURE( 1.000000000000000082E-05 ), #288, 'distance_accuracy_value', 'NONE');
#5202 = CARTESIAN_POINT ( 'NONE',  ( 26.21606321177200982, -21.95186784977983763, 1.465170996174408824 ) ) ;
#5203 = CARTESIAN_POINT ( 'NONE',  ( 28.73553406447397052, -19.21815964092128937, -1.784377885122723884 ) ) ;
#5204 = EDGE_CURVE ( 'NONE', #1379, #7844, #1247, .T. ) ;
#5205 = EDGE_CURVE ( 'NONE', #6363, #2100, #3893, .T. ) ;
#5206 = VERTEX_POINT ( 'NONE', #7300 ) ;
#5207 = EDGE_CURVE ( 'NONE', #364, #1913, #3676, .T. ) ;
#5208 = DIRECTION ( 'NONE',  ( -1.000000000000000000, 0.000000000000000000, 0.000000000000000000 ) ) ;
#5209 = CARTESIAN_POINT ( 'NONE',  ( 25.33839150227617765, -19.99999999999999645, -0.9742169432958168729 ) ) ;
#5210 = CARTESIAN_POINT ( 'NONE',  ( -25.74759895837150481, -21.49999999819242547, 1.501854919064410598 ) ) ;
#5211 = CARTESIAN_POINT ( 'NONE',  ( -1.385640646055105840, -19.49999999999999645, 0.2970935385293582698 ) ) ;
#5212 = B_SPLINE_CURVE_WITH_KNOTS ( 'NONE', 3,
 ( #6757, #1509, #3426, #830, #8210, #4768 ),
 .UNSPECIFIED., .F., .F.,
 ( 4, 2, 4 ),
 ( 0.0007817912882994647013, 0.001172349525178386287, 0.001562907762057307980 ),
 .UNSPECIFIED. ) ;
#5213 = CARTESIAN_POINT ( 'NONE',  ( 21.39999999999999503, 21.50000000000000000, 1.810623699724234204 ) ) ;
#5214 = DIRECTION ( 'NONE',  ( -0.000000000000000000, -1.000000000000000000, -0.000000000000000000 ) ) ;
#5215 = CIRCLE ( 'NONE', #808, 0.5000000000000000000 ) ;
#5216 = CARTESIAN_POINT ( 'NONE',  ( -30.50000000000000000, 15.29999999999999716, -1.961511404530521974 ) ) ;
#5217 = ORIENTED_EDGE ( 'NONE', *, *, #2739, .T. ) ;
#5218 = AXIS2_PLACEMENT_3D ( 'NONE', #4027, #5358, #126 ) ;
#5219 = CARTESIAN_POINT ( 'NONE',  ( 1.385640646055105174, -19.30000000000000071, 3.501025000000002052 ) ) ;
#5220 = EDGE_CURVE ( 'NONE', #351, #6120, #3460, .T. ) ;
#5221 = CARTESIAN_POINT ( 'NONE',  ( 0.6350869895719569724, -17.60000293316459619, 0.3000000000000224709 ) ) ;
#5222 = LINE ( 'NONE', #323, #2812 ) ;
#5223 = B_SPLINE_CURVE_WITH_KNOTS ( 'NONE', 3,
 ( #4804, #8084, #2210, #7438, #5417, #6766, #2090, #4202, #6107, #2821, #788, #5512, #814, #6858 ),
 .UNSPECIFIED., .F., .F.,
 ( 4, 2, 2, 2, 2, 2, 4 ),
 ( 0.000000000000000000, 0.0006313210745713717644, 0.0009469816118570594356, 0.001262642149142746998, 0.001893963223714112149, 0.002209623760999790496, 0.002525284298285468410 ),
 .UNSPECIFIED. ) ;
#5224 = ORIENTED_EDGE ( 'NONE', *, *, #139, .F. ) ;
#5225 = LINE ( 'NONE', #8004, #4503 ) ;
#5226 = AXIS2_PLACEMENT_3D ( 'NONE', #3621, #7518, #1630 ) ;
#5227 = DIRECTION ( 'NONE',  ( 0.000000000000000000, 1.000000000000000000, 0.000000000000000000 ) ) ;
#5229 = CARTESIAN_POINT ( 'NONE',  ( -25.26160849772382377, 20.99999999999999645, -1.971264770740375871 ) ) ;
#5228 = FACE_OUTER_BOUND ( 'NONE', #5144, .T. ) ;
#5230 = CARTESIAN_POINT ( 'NONE',  ( 30.61944236193798474, 19.39723218566616225, 0.6216179787661704204 ) ) ;
#5231 = CARTESIAN_POINT ( 'NONE',  ( -30.34488971569376403, -19.73055204140596430, -1.865535103524887051 ) ) ;
#5232 = CIRCLE ( 'NONE', #8072, 0.5000000000000000000 ) ;
#5233 = FACE_OUTER_BOUND ( 'NONE', #516, .T. ) ;
#5234 = CARTESIAN_POINT ( 'NONE',  ( 26.47735201348021761, 20.36778180371423730, -1.574627322357925463 ) ) ;
#5235 = CARTESIAN_POINT ( 'NONE',  ( 30.22649141121126704, -16.97298262381477585, -1.933312935791467346 ) ) ;
#5236 = ORIENTED_EDGE ( 'NONE', *, *, #4483, .T. ) ;
#5237 = FACE_OUTER_BOUND ( 'NONE', #1679, .T. ) ;
#5238 = ADVANCED_FACE ( 'NONE', ( #2410 ), #4615, .F. ) ;
#5239 = EDGE_LOOP ( 'NONE', ( #7672, #5809, #4700, #621 ) ) ;
#5240 = FACE_OUTER_BOUND ( 'NONE', #7632, .T. ) ;
#5241 = CARTESIAN_POINT ( 'NONE',  ( -28.10133666887678672, 13.00358781851713452, -1.198667114155817170 ) ) ;
#5242 = CARTESIAN_POINT ( 'NONE',  ( -25.50000000006329515, 20.50000000000535749, 1.520738416161218076 ) ) ;
#5243 = DIRECTION ( 'NONE',  ( 0.000000000000000000, 0.000000000000000000, 1.000000000000000000 ) ) ;
#5244 = CARTESIAN_POINT ( 'NONE',  ( -31.34616199677268256, -16.91838776646857312, 1.019145458347622935 ) ) ;
#5245 = CARTESIAN_POINT ( 'NONE',  ( -30.27399095790057260, 19.08345625439584481, 1.118991954699161351 ) ) ;
#5246 = ORIENTED_EDGE ( 'NONE', *, *, #4668, .T. ) ;
#5247 = DIRECTION ( 'NONE',  ( 0.000000000000000000, 1.000000000000000000, -0.000000000000000000 ) ) ;
#5248 = PLANE ( 'NONE',  #4603 ) ;
#5249 = ORIENTED_EDGE ( 'NONE', *, *, #3253, .F. ) ;
#5250 = CYLINDRICAL_SURFACE ( 'NONE', #1144, 0.5000000000000004441 ) ;
#5251 = DIRECTION ( 'NONE',  ( 0.000000000000000000, 0.000000000000000000, -1.000000000000000000 ) ) ;
#5252 = DIRECTION ( 'NONE',  ( 0.000000000000000000, 1.000000000000000000, 0.000000000000000000 ) ) ;
#5253 = ORIENTED_EDGE ( 'NONE', *, *, #4056, .F. ) ;
#5254 = ORIENTED_EDGE ( 'NONE', *, *, #4325, .T. ) ;
#5255 = CARTESIAN_POINT ( 'NONE',  ( 29.11753746610396121, 20.23583067974617933, 1.222785374854165052 ) ) ;
#5256 = FACE_OUTER_BOUND ( 'NONE', #1587, .T. ) ;
#5257 = CARTESIAN_POINT ( 'NONE',  ( -29.19620855741402821, 18.76062335673212900, -2.297752027366982031 ) ) ;
#5258 = CARTESIAN_POINT ( 'NONE',  ( 28.26655993481589135, 21.32344116490008901, 0.8135574157107668958 ) ) ;
#5259 = EDGE_CURVE ( 'NONE', #3586, #499, #7624, .T. ) ;
#5260 = CARTESIAN_POINT ( 'NONE',  ( 29.96308555126745077, 17.60752074669930423, -1.906414255513153577 ) ) ;
#5261 = ORIENTED_EDGE ( 'NONE', *, *, #8073, .T. ) ;
#5262 = CARTESIAN_POINT ( 'NONE',  ( 30.13162245133260697, 15.00000000003254463, 1.131926571736720621 ) ) ;
#5263 = EDGE_CURVE ( 'NONE', #4222, #1117, #228, .T. ) ;
#5264 = CARTESIAN_POINT ( 'NONE',  ( -0.4621612440980567560, -17.70000234653348414, 0.5000000000000225375 ) ) ;
#5265 = CARTESIAN_POINT ( 'NONE',  ( -26.14118083126129122, -14.42223611197054822, 0.9142680851447024803 ) ) ;
#5266 = ORIENTED_EDGE ( 'NONE', *, *, #7718, .F. ) ;
#5267 = CARTESIAN_POINT ( 'NONE',  ( -26.20000000000000284, 21.99999999999999645, -1.041704770954277048 ) ) ;
#5268 = PLANE ( 'NONE',  #7629 ) ;
#5269 = CARTESIAN_POINT ( 'NONE',  ( -30.91646808442366989, 18.05332600349723293, 1.059581679772953144 ) ) ;
#5270 = LINE ( 'NONE', #2637, #2455 ) ;
#5271 = EDGE_CURVE ( 'NONE', #4460, #5068, #5654, .T. ) ;
#5272 = DIRECTION ( 'NONE',  ( 0.000000000000000000, 1.000000000000000000, 0.000000000000000000 ) ) ;
#5273 = CARTESIAN_POINT ( 'NONE',  ( -28.06804224407717285, 21.40535762301509948, 0.8289184650954654066 ) ) ;
#5274 = B_SPLINE_CURVE_WITH_KNOTS ( 'NONE', 3,
 ( #8502, #588, #7258, #3161, #3189, #4584 ),
 .UNSPECIFIED., .F., .F.,
 ( 4, 2, 4 ),
 ( 0.0007817912878261847574, 0.001172349524473387293, 0.001562907761120589829 ),
 .UNSPECIFIED. ) ;
#5275 = ORIENTED_EDGE ( 'NONE', *, *, #5737, .F. ) ;
#5276 = ADVANCED_FACE ( 'NONE', ( #5863 ), #4558, .T. ) ;
#5277 = EDGE_CURVE ( 'NONE', #6962, #242, #1924, .T. ) ;
#5278 = AXIS2_PLACEMENT_3D ( 'NONE', #381, #1066, #5063 ) ;
#5279 = CARTESIAN_POINT ( 'NONE',  ( -27.02956020017577643, 21.77663500797984852, -1.599860273270722333 ) ) ;
#5280 = DIRECTION ( 'NONE',  ( 1.000000000000000000, 0.000000000000000000, 0.000000000000000000 ) ) ;
#5281 = CARTESIAN_POINT ( 'NONE',  ( -29.54660507057787910, 19.06974460813289340, -2.329330665263133593 ) ) ;
#5282 = CARTESIAN_POINT ( 'NONE',  ( 31.78292448200722831, 17.04847850220062710, 0.5213629003908372139 ) ) ;
#5283 = ORIENTED_EDGE ( 'NONE', *, *, #7959, .T. ) ;
#5284 = DIRECTION ( 'NONE',  ( 0.000000000000000000, 0.000000000000000000, 1.000000000000000000 ) ) ;
#5285 = CARTESIAN_POINT ( 'NONE',  ( 26.80000000000000071, 13.39999999999999680, 5.301000000000002821 ) ) ;
#5287 = CARTESIAN_POINT ( 'NONE',  ( -31.50000000000000000, 22.00000000000000000, 0.5022692811654794198 ) ) ;
#5286 = CARTESIAN_POINT ( 'NONE',  ( 24.20334090084711320, 16.19999999999999929, -0.8886346688529581650 ) ) ;
#5288 = ORIENTED_EDGE ( 'NONE', *, *, #1626, .F. ) ;
#5289 = CARTESIAN_POINT ( 'NONE',  ( -28.72738773636566378, -19.83654333808307513, -2.256451724215108534 ) ) ;
#5290 = CARTESIAN_POINT ( 'NONE',  ( 24.18311298763659423, -16.18323951738104327, 1.101366333539077758 ) ) ;
#5291 = CARTESIAN_POINT ( 'NONE',  ( 24.05167837048119139, -16.19999999999999929, -0.8776217040206617526 ) ) ;
#5292 = DIRECTION ( 'NONE',  ( -0.000000000000000000, 1.000000000000000000, 0.000000000000000000 ) ) ;
#5293 = DIRECTION ( 'NONE',  ( -3.375077994860476514E-14, 0.000000000000000000, 1.000000000000000000 ) ) ;
#5294 = CARTESIAN_POINT ( 'NONE',  ( -1.385640646055105840, -19.29999999999999716, 0.2970935385293478337 ) ) ;
#5295 = CARTESIAN_POINT ( 'NONE',  ( -25.30000000000000071, 22.00000000000000000, 1.034605441787602498 ) ) ;
#5296 = ORIENTED_EDGE ( 'NONE', *, *, #65, .T. ) ;
#5297 = CARTESIAN_POINT ( 'NONE',  ( 27.13066533339155484, -20.17007490361522670, -1.604327473476885091 ) ) ;
#5298 = DIRECTION ( 'NONE',  ( -1.000000000000000000, 0.000000000000000000, 0.000000000000000000 ) ) ;
#5299 = EDGE_LOOP ( 'NONE', ( #2746, #7192, #3171 ) ) ;
#5300 = CARTESIAN_POINT ( 'NONE',  ( -25.30000000000000071, 22.00000000000000000, -1.472740857018167926 ) ) ;
#5301 = CARTESIAN_POINT ( 'NONE',  ( -24.76492057500418653, 16.03117982430299904, 1.047644008438553209 ) ) ;
#5302 = CARTESIAN_POINT ( 'NONE',  ( -26.47735201348022827, -20.36778180371423375, -1.574627322357925907 ) ) ;
#5303 = CARTESIAN_POINT ( 'NONE',  ( 25.63721541686513916, -21.00000000000000355, -2.000190391947812341 ) ) ;
#5304 = CYLINDRICAL_SURFACE ( 'NONE', #7402, 332.5000000000000568 ) ;
#5305 = CARTESIAN_POINT ( 'NONE',  ( -29.60000000000000142, -8.399999999999998579, 1.179845401256263138 ) ) ;
#5306 = CARTESIAN_POINT ( 'NONE',  ( -28.00180803812517638, -18.50000000000078515, 1.318802283534719066 ) ) ;
#5307 = EDGE_LOOP ( 'NONE', ( #7799, #8346, #472, #7135 ) ) ;
#5308 = CARTESIAN_POINT ( 'NONE',  ( -30.13171716937784694, 15.00000000003255884, 1.131917990748879888 ) ) ;
#5309 = EDGE_CURVE ( 'NONE', #7457, #2288, #2826, .T. ) ;
#5310 = ADVANCED_FACE ( 'NONE', ( #2704 ), #8159, .T. ) ;
#5311 = ORIENTED_EDGE ( 'NONE', *, *, #42, .T. ) ;
#5312 = EDGE_CURVE ( 'NONE', #5496, #1903, #1489, .T. ) ;
#5313 = CARTESIAN_POINT ( 'NONE',  ( -30.44556337109881383, -15.76170836962409538, 1.103195796849542276 ) ) ;
#5315 = ORIENTED_EDGE ( 'NONE', *, *, #2147, .T. ) ;
#5314 = CARTESIAN_POINT ( 'NONE',  ( -26.20000000000000284, 13.39999999999999680, 5.301000000000002821 ) ) ;
#5316 = DIRECTION ( 'NONE',  ( 1.835425011253929256E-16, -1.000000000000000000, 0.000000000000000000 ) ) ;
#5317 = CYLINDRICAL_SURFACE ( 'NONE', #6411, 0.7999999999999986011 ) ;
#5318 = VECTOR ( 'NONE', #5251, 1000.000000000000000 ) ;
#5319 = CARTESIAN_POINT ( 'NONE',  ( 29.99999999999999645, -15.50000000000000355, 1.143850916804078910 ) ) ;
#5320 = DIRECTION ( 'NONE',  ( -0.000000000000000000, 0.000000000000000000, 1.000000000000000000 ) ) ;
#5321 = CARTESIAN_POINT ( 'NONE',  ( -26.17892817279555473, 21.95670000539402622, 0.9716824535229385829 ) ) ;
#5322 = AXIS2_PLACEMENT_3D ( 'NONE', #578, #6551, #2534 ) ;
#5323 = FACE_BOUND ( 'NONE', #4524, .T. ) ;
#5324 = AXIS2_PLACEMENT_3D ( 'NONE', #2610, #2536, #7246 ) ;
#5325 = AXIS2_PLACEMENT_3D ( 'NONE', #1735, #4479, #5852 ) ;
#5326 = VERTEX_POINT ( 'NONE', #4580 ) ;
#5327 = FACE_BOUND ( 'NONE', #4037, .T. ) ;
#5328 = PLANE ( 'NONE',  #7856 ) ;
#5329 = FACE_OUTER_BOUND ( 'NONE', #6292, .T. ) ;
#5330 = EDGE_LOOP ( 'NONE', ( #5821, #4780, #266, #650 ) ) ;
#5331 = DIRECTION ( 'NONE',  ( 0.000000000000000000, 0.000000000000000000, 1.000000000000000000 ) ) ;
#5332 = LINE ( 'NONE', #703, #848 ) ;
#5333 = CIRCLE ( 'NONE', #7407, 330.0000000000000000 ) ;
#5334 = CARTESIAN_POINT ( 'NONE',  ( 0.000000000000000000, 22.00000000000000000, -330.0000000000000000 ) ) ;
#5335 = ORIENTED_EDGE ( 'NONE', *, *, #3249, .F. ) ;
#5336 = AXIS2_PLACEMENT_3D ( 'NONE', #3632, #4336, #345 ) ;
#5337 = CARTESIAN_POINT ( 'NONE',  ( -25.07170012532167291, 15.87973500424367401, 1.018688760310077157 ) ) ;
#5338 = DIRECTION ( 'NONE',  ( 1.000000000000000000, 0.000000000000000000, 0.000000000000000000 ) ) ;
#5339 = EDGE_LOOP ( 'NONE', ( #4861, #8016, #1494 ) ) ;
#5340 = CARTESIAN_POINT ( 'NONE',  ( 1.731001715620045012, -19.10000000000004405, -0.004539981137745963298 ) ) ;
#5341 = ORIENTED_EDGE ( 'NONE', *, *, #7674, .F. ) ;
#5342 = CIRCLE ( 'NONE', #4557, 332.5000000000000000 ) ;
#5343 = ORIENTED_EDGE ( 'NONE', *, *, #1371, .F. ) ;
#5344 = CARTESIAN_POINT ( 'NONE',  ( 30.46617515567549361, 15.98448822566690630, -1.958001279235963343 ) ) ;
#5346 = CARTESIAN_POINT ( 'NONE',  ( 1.801737246660045200, -19.22259184546556554, -0.004911026622982288779 ) ) ;
#5345 = DIRECTION ( 'NONE',  ( -0.000000000000000000, 0.000000000000000000, 1.000000000000000000 ) ) ;
#5347 = DIRECTION ( 'NONE',  ( 0.000000000000000000, 0.000000000000000000, -1.000000000000000000 ) ) ;
#5348 = EDGE_LOOP ( 'NONE', ( #337, #1683, #4723 ) ) ;
#5349 = CARTESIAN_POINT ( 'NONE',  ( -1.558845726811775467, -19.19999999999962270, 0.2970935385293582698 ) ) ;
#5350 = ORIENTED_EDGE ( 'NONE', *, *, #7228, .T. ) ;
#5351 = CARTESIAN_POINT ( 'NONE',  ( -30.25978796657414804, -15.05285728849230331, 1.120225953024926335 ) ) ;
#5352 = CIRCLE ( 'NONE', #4497, 0.2000000000000000111 ) ;
#5353 = DIRECTION ( 'NONE',  ( 1.220139803203169784E-16, 1.000000000000000000, 1.049697256411966749E-17 ) ) ;
#5354 = CARTESIAN_POINT ( 'NONE',  ( -24.31281190670194903, -16.75630547444538365, 1.610131437224163742 ) ) ;
#5355 = DIRECTION ( 'NONE',  ( -1.000000000000000000, -1.835425011253929256E-16, 0.000000000000000000 ) ) ;
#5356 = DIRECTION ( 'NONE',  ( 0.000000000000000000, 0.000000000000000000, -1.000000000000000000 ) ) ;
#5357 = CARTESIAN_POINT ( 'NONE',  ( 31.10155957050979580, -18.65857900309620732, -1.930349156592510607 ) ) ;
#5358 = DIRECTION ( 'NONE',  ( 0.000000000000000000, 1.000000000000000000, 0.000000000000000000 ) ) ;
#5359 = ORIENTED_EDGE ( 'NONE', *, *, #5204, .T. ) ;
#5360 = ORIENTED_EDGE ( 'NONE', *, *, #6887, .T. ) ;
#5361 = ADVANCED_FACE ( 'NONE', ( #3035 ), #3988, .T. ) ;
#5362 = DIRECTION ( 'NONE',  ( 0.000000000000000000, 0.000000000000000000, -1.000000000000000000 ) ) ;
#5363 = CARTESIAN_POINT ( 'NONE',  ( -26.50671685847742509, 15.16859258274486422, 1.441773339528623188 ) ) ;
#5364 = DIRECTION ( 'NONE',  ( 1.000000000000000000, 0.000000000000000000, 0.000000000000000000 ) ) ;
#5365 = B_SPLINE_CURVE_WITH_KNOTS ( 'NONE', 3,
 ( #1329, #3997, #2783, #54, #4744, #4714, #2692, #3429, #19, #1450, #3401, #6785, #6007, #4072, #5357, #6736, #2002, #4659, #7398, #6098, #6704, #7459 ),
 .UNSPECIFIED., .F., .F.,
 ( 4, 2, 2, 2, 2, 2, 2, 2, 2, 2, 4 ),
 ( 0.000000000000000000, 0.001310330663280730211, 0.001965495994921094124, 0.002620661326561458688, 0.003930991989842183044, 0.005241322653122906967, 0.006551653316403632625, 0.007206818648043991984, 0.007861983979684350476, 0.009172314642965069195, 0.01048264530624578791 ),
 .UNSPECIFIED. ) ;
#5366 = CARTESIAN_POINT ( 'NONE',  ( 2.003086131649513656E-16, -19.49999999999999645, -330.0000000000000000 ) ) ;
#5367 = EDGE_LOOP ( 'NONE', ( #6289, #2950, #5651, #1944 ) ) ;
#5368 = EDGE_CURVE ( 'NONE', #351, #1332, #1271, .T. ) ;
#5369 = VECTOR ( 'NONE', #5395, 1000.000000000000000 ) ;
#5370 = CARTESIAN_POINT ( 'NONE',  ( -25.43297950064964752, 15.61531893658413850, 0.9840147501603946356 ) ) ;
#5371 = CARTESIAN_POINT ( 'NONE',  ( -28.58923060920989201, -7.599973839696416711, -1.240664467088998135 ) ) ;
#5372 = CARTESIAN_POINT ( 'NONE',  ( 31.95647238826676428, 16.18139789896994429, 0.5061156443419864148 ) ) ;
#5373 = CARTESIAN_POINT ( 'NONE',  ( 1.269404983754130800, -18.30000645689956684, -0.002118660751281156284 ) ) ;
#5374 = EDGE_CURVE ( 'NONE', #521, #5664, #2578, .T. ) ;
#5375 = DIRECTION ( 'NONE',  ( -0.7168683696219030343, 0.000000000000000000, -0.6972085345401579648 ) ) ;
#5377 = CARTESIAN_POINT ( 'NONE',  ( 31.95648338645001729, -16.17869024770071817, 0.5061143299430730380 ) ) ;
#5376 = CARTESIAN_POINT ( 'NONE',  ( 28.99999999999999289, 18.50000000000001066, -500000.0000000000582 ) ) ;
#5378 = CARTESIAN_POINT ( 'NONE',  ( 0.000000000000000000, 21.49999999999999645, -330.0000000000000000 ) ) ;
#5379 = EDGE_CURVE ( 'NONE', #6919, #4850, #3250, .T. ) ;
#5380 = ORIENTED_EDGE ( 'NONE', *, *, #7807, .F. ) ;
#5381 = CARTESIAN_POINT ( 'NONE',  ( 29.21776294232692450, 7.686565273468648485, 1.213819583203630037 ) ) ;
#5382 = CARTESIAN_POINT ( 'NONE',  ( 26.65293453220249731, 20.33254783998806303, -1.569061758797514416 ) ) ;
#5383 = CARTESIAN_POINT ( 'NONE',  ( -21.40000000000000213, 21.76172871629263383, 1.756050404104368079 ) ) ;
#5384 = CARTESIAN_POINT ( 'NONE',  ( 0.000000000000000000, 20.49999999999999645, -330.0000000000000000 ) ) ;
#5385 = CARTESIAN_POINT ( 'NONE',  ( -31.10120142893637407, 18.65919939007740425, -1.930318166454083384 ) ) ;
#5386 = CARTESIAN_POINT ( 'NONE',  ( 0.000000000000000000, 22.00000000000000000, -330.0000000000000000 ) ) ;
#5387 = EDGE_CURVE ( 'NONE', #2435, #755, #425, .T. ) ;
#5388 = CARTESIAN_POINT ( 'NONE',  ( -25.30000000000000071, 15.29999999999999716, 2.501025000000002052 ) ) ;
#5389 = ORIENTED_EDGE ( 'NONE', *, *, #2422, .F. ) ;
#5390 = CARTESIAN_POINT ( 'NONE',  ( -27.16492187843722661, 20.15719527430817593, -1.119899374308182205 ) ) ;
#5391 = AXIS2_PLACEMENT_3D ( 'NONE', #6819, #7503, #3491 ) ;
#5392 = DIRECTION ( 'NONE',  ( 0.000000000000000000, 0.000000000000000000, 1.000000000000000000 ) ) ;
#5393 = CARTESIAN_POINT ( 'NONE',  ( -25.36802545199577708, 16.38014837869867435, 1.530899646304759498 ) ) ;
#5394 = ORIENTED_EDGE ( 'NONE', *, *, #1819, .F. ) ;
#5395 = DIRECTION ( 'NONE',  ( 0.000000000000000000, -0.000000000000000000, -1.000000000000000000 ) ) ;
#5396 = DIRECTION ( 'NONE',  ( 0.000000000000000000, -1.000000000000000000, 0.000000000000000000 ) ) ;
#5397 = DIRECTION ( 'NONE',  ( 0.000000000000000000, 0.000000000000000000, 1.000000000000000000 ) ) ;
#5398 = CARTESIAN_POINT ( 'NONE',  ( 28.49999999966125586, 19.00000000000502709, 1.276319709120331769 ) ) ;
#5399 = ORIENTED_EDGE ( 'NONE', *, *, #2961, .F. ) ;
#5401 = CARTESIAN_POINT ( 'NONE',  ( 28.65128239375249564, -21.10575727528947709, 0.7830176077477851715 ) ) ;
#5400 = CARTESIAN_POINT ( 'NONE',  ( 28.49999999966125586, -17.99999999999498357, 1.276319709120331991 ) ) ;
#5402 = CARTESIAN_POINT ( 'NONE',  ( 0.000000000000000000, 16.19999999999999929, -330.0000000000000000 ) ) ;
#5403 = ADVANCED_FACE ( 'NONE', ( #7529 ), #4913, .T. ) ;
#5404 = CARTESIAN_POINT ( 'NONE',  ( -27.78110340865583439, -20.42464496080624770, -2.174849066899526395 ) ) ;
#5405 = ORIENTED_EDGE ( 'NONE', *, *, #3712, .T. ) ;
#5406 = CARTESIAN_POINT ( 'NONE',  ( 25.85320432865922413, -15.11693665955405308, 0.9429145334487899488 ) ) ;
#5407 = CARTESIAN_POINT ( 'NONE',  ( 25.63080824552487158, -15.42210161693984816, -0.9968495513528429219 ) ) ;
#5408 = CARTESIAN_POINT ( 'NONE',  ( -29.34951631969914132, 20.65591497013672750, -2.311362244646017139 ) ) ;
#5409 = CARTESIAN_POINT ( 'NONE',  ( -29.60000000000000142, -12.59999999999999964, -1.330196093404401037 ) ) ;
#5410 = DIRECTION ( 'NONE',  ( -0.000000000000000000, 1.000000000000000000, 0.000000000000000000 ) ) ;
#5411 = CARTESIAN_POINT ( 'NONE',  ( 27.65826036417462319, -21.57508336196997689, -1.648039161185809620 ) ) ;
#5412 = CARTESIAN_POINT ( 'NONE',  ( -25.30000000000000071, 19.99999999999999645, -1.472740857018095983 ) ) ;
#5413 = ORIENTED_EDGE ( 'NONE', *, *, #7602, .F. ) ;
#5414 = CARTESIAN_POINT ( 'NONE',  ( -26.09004751668853928, 15.78979096170743723, 1.474851351404777855 ) ) ;
#5415 = CARTESIAN_POINT ( 'NONE',  ( 24.03478152991520034, 16.73818733705794770, 1.630197825994937455 ) ) ;
#5416 = FACE_BOUND ( 'NONE', #6957, .T. ) ;
#5417 = CARTESIAN_POINT ( 'NONE',  ( -28.39761498758824843, 7.700680264952518783, -1.224111444818762662 ) ) ;
#5418 = EDGE_CURVE ( 'NONE', #197, #5082, #6075, .T. ) ;
#5419 = ORIENTED_EDGE ( 'NONE', *, *, #6402, .F. ) ;
#5420 = EDGE_CURVE ( 'NONE', #8128, #521, #4082, .T. ) ;
#5421 = CARTESIAN_POINT ( 'NONE',  ( -25.73657481316213946, 15.28541130320330410, 0.9544040765273622551 ) ) ;
#5422 = CARTESIAN_POINT ( 'NONE',  ( -30.50000000000000000, -15.30000000000000071, -1.961511404530491554 ) ) ;
#5423 = CARTESIAN_POINT ( 'NONE',  ( 26.00862504339136194, -20.96312153606196205, -2.029441611011180591 ) ) ;
#5424 = CARTESIAN_POINT ( 'NONE',  ( -31.64757740575144140, -17.45562518445493438, -1.977984147348808897 ) ) ;
#5425 = LINE ( 'NONE', #4790, #6788 ) ;
#5427 = CARTESIAN_POINT ( 'NONE',  ( 26.17892817279554407, -21.95670000539403333, 0.9716824535229774407 ) ) ;
#5426 = CARTESIAN_POINT ( 'NONE',  ( 25.38647314561787383, -15.65551525789864939, 0.9885094023155730492 ) ) ;
#5428 = DIRECTION ( 'NONE',  ( -0.000000000000000000, 1.000000000000000000, 0.000000000000000000 ) ) ;
#5429 = VERTEX_POINT ( 'NONE', #6200 ) ;
#5430 = FACE_OUTER_BOUND ( 'NONE', #3499, .T. ) ;
#5431 = CIRCLE ( 'NONE', #8177, 0.5000000000000004441 ) ;
#5432 = FACE_OUTER_BOUND ( 'NONE', #466, .T. ) ;
#5433 = EDGE_CURVE ( 'NONE', #5765, #6659, #7796, .T. ) ;
#5434 = CARTESIAN_POINT ( 'NONE',  ( -30.44523755879571780, -17.66066646024211551, -2.411702549986121102 ) ) ;
#5435 = FACE_BOUND ( 'NONE', #168, .T. ) ;
#5436 = CARTESIAN_POINT ( 'NONE',  ( 24.76492057499467592, -16.03117982430686439, 1.047644008439397645 ) ) ;
#5437 = CARTESIAN_POINT ( 'NONE',  ( -21.40000000000000568, 21.94599898995835474, 1.571072223712920879 ) ) ;
#5438 = CARTESIAN_POINT ( 'NONE',  ( -26.13796805107456578, 21.96167621322548413, -2.039647367375775122 ) ) ;
#5439 = CARTESIAN_POINT ( 'NONE',  ( 25.30000000000000071, -21.50000000000000000, 1.034605441787629143 ) ) ;
#5440 = VERTEX_POINT ( 'NONE', #5485 ) ;
#5441 = CARTESIAN_POINT ( 'NONE',  ( 26.20000000000000284, 13.89999999999999858, 0.8513840016954478118 ) ) ;
#5442 = VERTEX_POINT ( 'NONE', #7492 ) ;
#5443 = FACE_OUTER_BOUND ( 'NONE', #4525, .T. ) ;
#5444 = DIRECTION ( 'NONE',  ( 0.000000000000000000, 1.000000000000000000, 0.000000000000000000 ) ) ;
#5445 = AXIS2_PLACEMENT_3D ( 'NONE', #7919, #3912, #4591 ) ;
#5446 = EDGE_LOOP ( 'NONE', ( #5488, #3688, #3963 ) ) ;
#5447 = CIRCLE ( 'NONE', #6790, 0.5000000000000004441 ) ;
#5448 = EDGE_CURVE ( 'NONE', #197, #2217, #7744, .T. ) ;
#5449 = ADVANCED_FACE ( 'NONE', ( #1061 ), #6190, .T. ) ;
#5450 = ORIENTED_EDGE ( 'NONE', *, *, #5999, .T. ) ;
#5451 = CARTESIAN_POINT ( 'NONE',  ( 0.000000000000000000, 13.39999999999999680, -330.0000000000000000 ) ) ;
#5452 = CARTESIAN_POINT ( 'NONE',  ( -31.45220030349013385, -22.00000000000000355, -2.506856413650782045 ) ) ;
#5453 = ORIENTED_EDGE ( 'NONE', *, *, #1975, .T. ) ;
#5454 = ORIENTED_EDGE ( 'NONE', *, *, #7941, .F. ) ;
#5455 = AXIS2_PLACEMENT_3D ( 'NONE', #3160, #614, #3904 ) ;
#5456 = CARTESIAN_POINT ( 'NONE',  ( 26.20000000000000284, 14.04812791378335568, 0.8513843690429844235 ) ) ;
#5457 = CARTESIAN_POINT ( 'NONE',  ( 30.04552352048558106, -15.30000000000000071, -1.370624386102760495 ) ) ;
#5458 = DIRECTION ( 'NONE',  ( 0.000000000000000000, 1.000000000000000000, 0.000000000000000000 ) ) ;
#5459 = CARTESIAN_POINT ( 'NONE',  ( -26.67233951011347415, -21.34030908587171282, -2.082897056707611050 ) ) ;
#5460 = ORIENTED_EDGE ( 'NONE', *, *, #3991, .F. ) ;
#5461 = ORIENTED_EDGE ( 'NONE', *, *, #7946, .T. ) ;
#5463 = CARTESIAN_POINT ( 'NONE',  ( -30.32580002725542556, -16.64554996495630235, -1.854187545580362029 ) ) ;
#5462 = CARTESIAN_POINT ( 'NONE',  ( 24.85450247018523839, -16.60577751708222749, 1.569759916709200454 ) ) ;
#5464 = DIRECTION ( 'NONE',  ( -0.000000000000000000, -0.000000000000000000, -1.000000000000000000 ) ) ;
#5465 = CIRCLE ( 'NONE', #2808, 328.9999999999999432 ) ;
#5466 = B_SPLINE_CURVE_WITH_KNOTS ( 'NONE', 3,
 ( #3188, #5878, #7938, #2544, #3863, #8589, #7860, #5258, #1260, #3217, #4559, #587, #5230, #1229, #5931, #5912, #1900, #632, #5282, #5372, #3389, #1981 ),
 .UNSPECIFIED., .F., .F.,
 ( 4, 2, 2, 2, 2, 2, 2, 2, 2, 2, 4 ),
 ( 0.000000000000000000, 0.001310300127406415199, 0.001965450191109623882, 0.002620600254812832999, 0.003930900382219240825, 0.005241200509625647784, 0.006551500637032055610, 0.007206650700735260824, 0.007861800764438464303, 0.009172100891844872997, 0.01048240101925127996 ),
 .UNSPECIFIED. ) ;
#5467 = CARTESIAN_POINT ( 'NONE',  ( -29.96339941607509871, -17.60688414580275563, -1.906446156217945553 ) ) ;
#5468 = CARTESIAN_POINT ( 'NONE',  ( -26.19999999999999929, 7.599999999999996980, -1.041704770954277048 ) ) ;
#5470 = DIRECTION ( 'NONE',  ( 0.000000000000000000, 0.000000000000000000, -1.000000000000000000 ) ) ;
#5469 =( BOUNDED_SURFACE ( )  B_SPLINE_SURFACE ( 3, 2, ( 
 ( #2180, #8199, #395 ),
 ( #329, #931, #2287 ),
 ( #279, #8281, #6992 ),
 ( #7038, #2965, #2263 ),
 ( #7583, #1612, #2328 ),
 ( #4376, #5629, #6943 ) ),
 .UNSPECIFIED., .F., .F., .F. ) 
 B_SPLINE_SURFACE_WITH_KNOTS ( ( 4, 2, 4 ),
 ( 3, 3 ),
 ( -8.944667923005411581E-18, 0.0004167701377348050160, 0.0008335402754696189225 ),
 ( 0.000000000000000000, 1.000000000000000000 ),
 .UNSPECIFIED. ) 
 GEOMETRIC_REPRESENTATION_ITEM ( )  RATIONAL_B_SPLINE_SURFACE ( (
 ( 1.000000000000000000, 0.7087110488037755562, 1.000000000000000000),
 ( 1.000000000000000000, 0.7091262090854452138, 1.000000000000000000),
 ( 1.000000000000000000, 0.7091001431601383631, 1.000000000000000000),
 ( 1.000000000000000000, 0.7083221306150516705, 1.000000000000000000),
 ( 1.000000000000000000, 0.7076223646936157241, 1.000000000000000000),
 ( 1.000000000000000000, 0.7071067811865475727, 1.000000000000000000) ) ) 
 REPRESENTATION_ITEM ( '' )  SURFACE ( )  );
#5471 = ORIENTED_EDGE ( 'NONE', *, *, #6402, .T. ) ;
#5472 = CARTESIAN_POINT ( 'NONE',  ( -11.99999999999999822, 16.19999999999999929, 1.682996247923562727 ) ) ;
#5473 = CARTESIAN_POINT ( 'NONE',  ( -28.65041134740038586, 21.11857539603907341, -1.726055579533806172 ) ) ;
#5474 = DIRECTION ( 'NONE',  ( 0.000000000000000000, 0.000000000000000000, -1.000000000000000000 ) ) ;
#5475 = CARTESIAN_POINT ( 'NONE',  ( -28.49999999966182074, 17.99999999999999645, 1.276319709120245172 ) ) ;
#5476 = CARTESIAN_POINT ( 'NONE',  ( 28.35728447306540190, -20.68435335191722402, -2.224195100611920051 ) ) ;
#5477 = CARTESIAN_POINT ( 'NONE',  ( -26.01766200814195429, 20.46151346571328844, -1.027059957727802342 ) ) ;
#5478 = ORIENTED_EDGE ( 'NONE', *, *, #7005, .F. ) ;
#5479 = CARTESIAN_POINT ( 'NONE',  ( -25.00144388324613587, 20.13047925822896644, 1.558709437337644443 ) ) ;
#5480 = LINE ( 'NONE', #3435, #3289 ) ;
#5481 = CARTESIAN_POINT ( 'NONE',  ( 30.46622561085483483, -15.98398746638567047, -1.865752452532002170 ) ) ;
#5482 = CARTESIAN_POINT ( 'NONE',  ( 24.40550415936581174, 16.70044554351746413, 1.603111420017273803 ) ) ;
#5483 = DIRECTION ( 'NONE',  ( 1.000000000000000000, 0.000000000000000000, 0.000000000000000000 ) ) ;
#5484 = EDGE_CURVE ( 'NONE', #5442, #8222, #1583, .T. ) ;
#5485 = CARTESIAN_POINT ( 'NONE',  ( 26.19999999999999929, 7.599999999999996980, 0.3627097600454320947 ) ) ;
#5486 = CARTESIAN_POINT ( 'NONE',  ( 28.44441606929491329, -18.84481713643731382, -1.228099144613876481 ) ) ;
#5487 = CARTESIAN_POINT ( 'NONE',  ( 12.00000000000000000, 21.50000000000000000, 2.283388089142968091 ) ) ;
#5488 = ORIENTED_EDGE ( 'NONE', *, *, #7282, .T. ) ;
#5489 = CARTESIAN_POINT ( 'NONE',  ( -25.74182523558787494, -22.00000000000000355, -1.504226786264448057 ) ) ;
#5490 = EDGE_CURVE ( 'NONE', #1127, #447, #5049, .T. ) ;
#5492 = CARTESIAN_POINT ( 'NONE',  ( 26.80000000000000071, -13.39999999999999680, 5.301000000000002821 ) ) ;
#5491 = CARTESIAN_POINT ( 'NONE',  ( 25.11632934901945902, -16.50264781277176240, 1.550029085258214145 ) ) ;
#5493 = CARTESIAN_POINT ( 'NONE',  ( 29.11573426623288796, 20.23719635791434257, 1.222943858277257601 ) ) ;
#5494 = EDGE_CURVE ( 'NONE', #1291, #5161, #3088, .T. ) ;
#5495 = ADVANCED_FACE ( 'NONE', ( #7626 ), #8366, .T. ) ;
#5496 = VERTEX_POINT ( 'NONE', #8452 ) ;
#5497 = AXIS2_PLACEMENT_3D ( 'NONE', #7640, #7607, #2989 ) ;
#5498 = CARTESIAN_POINT ( 'NONE',  ( -25.64291621924989428, -20.49999999999999645, -1.501688196207093373 ) ) ;
#5499 = CARTESIAN_POINT ( 'NONE',  ( -25.76818525218189393, 15.24371674079223027, 0.9512967370559091140 ) ) ;
#5500 = CARTESIAN_POINT ( 'NONE',  ( -26.79754277065222112, -14.27624613678657184, 1.418378641642578319 ) ) ;
#5501 = AXIS2_PLACEMENT_3D ( 'NONE', #679, #8008, #8074 ) ;
#5502 = CARTESIAN_POINT ( 'NONE',  ( 30.99999999999999645, -15.30000000000000071, -1.961511404530521530 ) ) ;
#5503 = DIRECTION ( 'NONE',  ( 0.000000000000000000, -1.000000000000000000, 0.000000000000000000 ) ) ;
#5504 = AXIS2_PLACEMENT_3D ( 'NONE', #7433, #105, #2040 ) ;
#5505 = CARTESIAN_POINT ( 'NONE',  ( 32.00000000000000000, -6.513704236698701244, 0.5022692811654794198 ) ) ;
#5506 = CARTESIAN_POINT ( 'NONE',  ( 31.78280407431867971, -17.04895528540270888, -1.989896014771865174 ) ) ;
#5507 = DIRECTION ( 'NONE',  ( 0.4999989000566721908, 0.8660234986267149049, 0.002097562504952567037 ) ) ;
#5508 = VERTEX_POINT ( 'NONE', #457 ) ;
#5509 = CARTESIAN_POINT ( 'NONE',  ( -30.63455910884972155, -18.40607588864780553, -2.429282931784336963 ) ) ;
#5510 = CARTESIAN_POINT ( 'NONE',  ( 24.98747547486782850, 16.53934979404354877, 1.559765204447220999 ) ) ;
#5511 = EDGE_LOOP ( 'NONE', ( #7293, #740, #4578, #1697 ) ) ;
#5512 = CARTESIAN_POINT ( 'NONE',  ( -29.57911843466186497, 8.190270258256303393, -1.328313687172448798 ) ) ;
#5513 = CARTESIAN_POINT ( 'NONE',  ( 0.000000000000000000, -20.99999999999999645, -330.0000000000000000 ) ) ;
#5514 = CARTESIAN_POINT ( 'NONE',  ( 25.76078657678421280, 20.44611662542220998, 1.500588929246592818 ) ) ;
#5515 = DIRECTION ( 'NONE',  ( 0.000000000000000000, 0.000000000000000000, 1.000000000000000000 ) ) ;
#5516 = CARTESIAN_POINT ( 'NONE',  ( -25.26160849772382733, -22.00000000000000000, -1.971264770740402295 ) ) ;
#5517 = ORIENTED_EDGE ( 'NONE', *, *, #294, .F. ) ;
#5519 = CARTESIAN_POINT ( 'NONE',  ( -1.386479665519868121, -19.29999999999999716, 0.4970917786374491887 ) ) ;
#5518 = CARTESIAN_POINT ( 'NONE',  ( 24.94951549352779452, -15.94692838848974681, 1.030272419148559493 ) ) ;
#5520 = CARTESIAN_POINT ( 'NONE',  ( 0.000000000000000000, 16.79999999999986926, -330.0000000000000000 ) ) ;
#5521 = LINE ( 'NONE', #7211, #1769 ) ;
#5522 = CARTESIAN_POINT ( 'NONE',  ( -27.60197972589551441, -19.97511470053877147, -1.676634551755787683 ) ) ;
#5523 = CARTESIAN_POINT ( 'NONE',  ( 26.14170782416725913, -14.49933707510507830, 0.9142468547266699996 ) ) ;
#5524 = CARTESIAN_POINT ( 'NONE',  ( -24.70921262344263525, 16.05327939869302156, 1.052858603377179625 ) ) ;
#5525 = ORIENTED_EDGE ( 'NONE', *, *, #1100, .T. ) ;
#5526 = CARTESIAN_POINT ( 'NONE',  ( -30.04552352048558106, -15.30000000000000071, -1.370624386102740511 ) ) ;
#5527 = CARTESIAN_POINT ( 'NONE',  ( 1.269404645064619919, -18.30000586991319267, -0.002118658974625756228 ) ) ;
#5528 = CARTESIAN_POINT ( 'NONE',  ( 6.999999999999998224, 16.59999995991177713, 2.226263247043512195 ) ) ;
#5529 = CARTESIAN_POINT ( 'NONE',  ( -7.000000000000000000, 21.50000000000000000, 2.426307623208445730 ) ) ;
#5530 = DIRECTION ( 'NONE',  ( 0.000000000000000000, 0.000000000000000000, 1.000000000000000000 ) ) ;
#5531 = CONICAL_SURFACE ( 'NONE', #4556, 331.9000000000001478, 0.7853981633974540522 ) ;
#5532 = ORIENTED_EDGE ( 'NONE', *, *, #4321, .F. ) ;
#5533 = FACE_OUTER_BOUND ( 'NONE', #7061, .T. ) ;
#5534 = ADVANCED_FACE ( 'NONE', ( #4194 ), #5141, .T. ) ;
#5535 = CARTESIAN_POINT ( 'NONE',  ( 0.000000000000000000, 20.99999999999999289, -330.0000000000000000 ) ) ;
#5536 = FACE_OUTER_BOUND ( 'NONE', #5976, .T. ) ;
#5537 = CARTESIAN_POINT ( 'NONE',  ( 23.90000000000000924, 16.19999999999999929, 1.068511170717599157 ) ) ;
#5538 = DIRECTION ( 'NONE',  ( 0.7606260498154334693, -0.000000000000000000, -0.6491902743742928861 ) ) ;
#5539 = CARTESIAN_POINT ( 'NONE',  ( -25.72900794122429602, -15.30261388257960853, -1.004521056053198746 ) ) ;
#5540 = SPHERICAL_SURFACE ( 'NONE', #2256, 0.2000000000000000111 ) ;
#5541 = EDGE_CURVE ( 'NONE', #4406, #2978, #5789, .T. ) ;
#5542 = EDGE_CURVE ( 'NONE', #4076, #966, #4294, .T. ) ;
#5543 = DIRECTION ( 'NONE',  ( 0.000000000000000000, 1.000000000000000000, 0.000000000000000000 ) ) ;
#5544 = CARTESIAN_POINT ( 'NONE',  ( 29.29110707278323389, -13.24007650051549945, -1.302515151413696337 ) ) ;
#5545 = CARTESIAN_POINT ( 'NONE',  ( 0.000000000000000000, 13.39999999999999680, -330.0000000000000000 ) ) ;
#5546 = ORIENTED_EDGE ( 'NONE', *, *, #6006, .T. ) ;
#5547 = FACE_BOUND ( 'NONE', #482, .T. ) ;
#5548 = SPHERICAL_SURFACE ( 'NONE', #7564, 0.5000000000000000000 ) ;
#5549 = ORIENTED_EDGE ( 'NONE', *, *, #4592, .T. ) ;
#5550 = LINE ( 'NONE', #8010, #658 ) ;
#5551 = CARTESIAN_POINT ( 'NONE',  ( 26.19999799728650558, -13.97604552185758209, 0.9083695761267178703 ) ) ;
#5552 = LINE ( 'NONE', #6848, #6698 ) ;
#5553 = ORIENTED_EDGE ( 'NONE', *, *, #1072, .F. ) ;
#5554 = EDGE_CURVE ( 'NONE', #3864, #5940, #8456, .T. ) ;
#5555 = ORIENTED_EDGE ( 'NONE', *, *, #3604, .T. ) ;
#5556 = DIRECTION ( 'NONE',  ( 0.000000000000000000, 0.000000000000000000, -1.000000000000000000 ) ) ;
#5557 = ORIENTED_EDGE ( 'NONE', *, *, #6274, .F. ) ;
#5558 = LINE ( 'NONE', #1054, #4094 ) ;
#5559 = CARTESIAN_POINT ( 'NONE',  ( -26.18039790884158080, 14.20201955333384980, 0.9103369038202551167 ) ) ;
#5560 = ORIENTED_EDGE ( 'NONE', *, *, #4872, .F. ) ;
#5561 = CARTESIAN_POINT ( 'NONE',  ( 26.19999999999999929, 22.00000000000000711, -1.041704770954277048 ) ) ;
#5562 = MECHANICAL_CONTEXT ( 'NONE', #2166, 'mechanical' ) ;
#5563 = CARTESIAN_POINT ( 'NONE',  ( -26.80000000000000071, 7.599999999999996980, 0.3145773350004543722 ) ) ;
#5564 = CARTESIAN_POINT ( 'NONE',  ( -29.51270263238983205, 7.980963936449462004, 1.187669422358474725 ) ) ;
#5565 = CARTESIAN_POINT ( 'NONE',  ( 31.45220030231669739, -15.71013236770742161, -2.506856413538109951 ) ) ;
#5566 = CARTESIAN_POINT ( 'NONE',  ( 30.95295902883156103, 15.29999999999999716, -2.459293633051719219 ) ) ;
#5567 = ORIENTED_EDGE ( 'NONE', *, *, #5448, .F. ) ;
#5568 = AXIS2_PLACEMENT_3D ( 'NONE', #7255, #1287, #4505 ) ;
#5569 = EDGE_CURVE ( 'NONE', #1322, #6202, #6408, .T. ) ;
#5570 = VERTEX_POINT ( 'NONE', #7667 ) ;
#5571 = APPROVAL ( #5637, 'Œ¥÷∏∂®' ) ;
#5572 = FACE_OUTER_BOUND ( 'NONE', #1023, .T. ) ;
#5573 = CARTESIAN_POINT ( 'NONE',  ( 32.00000000000000000, -15.30000000000000071, 0.5022692811654546619 ) ) ;
#5574 = CARTESIAN_POINT ( 'NONE',  ( 25.88518738763864135, 15.97294604934843676, 1.490891874665945638 ) ) ;
#5575 = DIRECTION ( 'NONE',  ( 0.000000000000000000, 0.000000000000000000, 1.000000000000000000 ) ) ;
#5576 = CARTESIAN_POINT ( 'NONE',  ( -25.05738276456768787, -15.90996017510738447, -0.9525803984194582963 ) ) ;
#5577 = ORIENTED_EDGE ( 'NONE', *, *, #2800, .T. ) ;
#5578 = VERTEX_POINT ( 'NONE', #2847 ) ;
#5579 = B_SPLINE_CURVE_WITH_KNOTS ( 'NONE', 3,
 ( #3118, #6472, #7679, #3692, #8379, #4384, #400, #5151, #2363, #5058, #7742, #1058, #6418, #3751, #7143, #1097, #7009, #7803, #5764, #374, #8340, #1147 ),
 .UNSPECIFIED., .F., .F.,
 ( 4, 2, 2, 2, 2, 2, 2, 2, 2, 2, 4 ),
 ( 0.000000000000000000, 0.001123037234458198639, 0.002246074468916397279, 0.002807593086145493237, 0.003369111703374589629, 0.004492148937832782414, 0.005615186172290975199, 0.006738223406749167116, 0.007299742023978260906, 0.007861260641207354696, 0.008984297875665540542 ),
 .UNSPECIFIED. ) ;
#5580 = CARTESIAN_POINT ( 'NONE',  ( 26.14185630143166605, 14.41938416066989781, 0.8571953528638583952 ) ) ;
#5581 = DIRECTION ( 'NONE',  ( 0.000000000000000000, 0.000000000000000000, 1.000000000000000000 ) ) ;
#5582 = CARTESIAN_POINT ( 'NONE',  ( -28.88242073562273760, -18.40833373356998592, -1.266288252569909067 ) ) ;
#5583 = CARTESIAN_POINT ( 'NONE',  ( 25.26160849772382022, 20.49999999999999645, -1.971264770740407846 ) ) ;
#5584 = CARTESIAN_POINT ( 'NONE',  ( -25.33839150227617765, 19.99999999999999645, -0.9742169432958168729 ) ) ;
#5585 = ORIENTED_EDGE ( 'NONE', *, *, #1975, .F. ) ;
#5586 = DATE_AND_TIME ( #495, #6220 ) ;
#5587 = CARTESIAN_POINT ( 'NONE',  ( 28.10133168201723919, -7.996421319301616037, 1.310378327425565148 ) ) ;
#5588 = CARTESIAN_POINT ( 'NONE',  ( 32.00000000000000000, 5.580403008799160069, -1.555179672444835681 ) ) ;
#5589 = CARTESIAN_POINT ( 'NONE',  ( -29.21450134990043068, 18.73970018037340779, -1.831295625183749110 ) ) ;
#5590 = CARTESIAN_POINT ( 'NONE',  ( -29.99999999999999645, -15.50000000000000355, 1.143850916804078910 ) ) ;
#5591 = CARTESIAN_POINT ( 'NONE',  ( 26.64205979580503580, -20.32671730097370499, -1.568375666103379640 ) ) ;
#5592 = ORIENTED_EDGE ( 'NONE', *, *, #4085, .F. ) ;
#5593 = CARTESIAN_POINT ( 'NONE',  ( 28.00212109403485528, -20.87417027282896953, -2.193620620914541686 ) ) ;
#5594 = CARTESIAN_POINT ( 'NONE',  ( 28.24051333050511658, -18.05325783155787533, 1.298554333037748032 ) ) ;
#5595 = CARTESIAN_POINT ( 'NONE',  ( 30.49999999999999645, -15.50000000000000355, 1.098172752433057120 ) ) ;
#5596 = ORIENTED_EDGE ( 'NONE', *, *, #3652, .T. ) ;
#5597 = CARTESIAN_POINT ( 'NONE',  ( 25.81663270464863302, 16.03496001325659748, 1.496239236913073034 ) ) ;
#5598 = CARTESIAN_POINT ( 'NONE',  ( 32.00000000000000000, 15.74316932159058879, -2.009146468808622465 ) ) ;
#5599 = CARTESIAN_POINT ( 'NONE',  ( 24.36904777950296008, 16.15167661105314778, 1.026218716336656733 ) ) ;
#5600 = CARTESIAN_POINT ( 'NONE',  ( -31.77539606851057030, 17.03427282622574523, 0.5220180309633999371 ) ) ;
#5601 = DIRECTION ( 'NONE',  ( 0.000000000000000000, -0.000000000000000000, 1.000000000000000000 ) ) ;
#5602 = ADVANCED_FACE ( 'NONE', ( #8049 ), #7515, .F. ) ;
#5603 = CARTESIAN_POINT ( 'NONE',  ( -30.23075946530862623, -16.96028852748961313, -1.387321540735405145 ) ) ;
#5604 = VERTEX_POINT ( 'NONE', #989 ) ;
#5605 = CARTESIAN_POINT ( 'NONE',  ( 24.49369481555819306, -16.12332527959367212, 1.072893852897885969 ) ) ;
#5606 = CARTESIAN_POINT ( 'NONE',  ( -27.42090044702512586, 19.52620451544966684, -1.141100558790217212 ) ) ;
#5607 = AXIS2_PLACEMENT_3D ( 'NONE', #604, #8544, #1925 ) ;
#5608 = DIRECTION ( 'NONE',  ( 0.000000000000000000, 0.000000000000000000, -1.000000000000000000 ) ) ;
#5609 = ORIENTED_EDGE ( 'NONE', *, *, #6564, .F. ) ;
#5610 = DIRECTION ( 'NONE',  ( -0.000000000000000000, -1.000000000000000000, -0.000000000000000000 ) ) ;
#5611 = CARTESIAN_POINT ( 'NONE',  ( -26.12093648170472449, 14.49905596181208445, 0.9162940657957187041 ) ) ;
#5612 = CARTESIAN_POINT ( 'NONE',  ( -30.50000000000000000, 15.64409107113347908, -1.961511404530521974 ) ) ;
#5613 = AXIS2_PLACEMENT_3D ( 'NONE', #1233, #5914, #3360 ) ;
#5614 = APPLICATION_PROTOCOL_DEFINITION ( 'international standard', 'config_control_design', 1994, #943 ) ;
#5615 = AXIS2_PLACEMENT_3D ( 'NONE', #4491, #517, #3013 ) ;
#5616 = CARTESIAN_POINT ( 'NONE',  ( 30.36318105656912181, -16.66188554116376253, -1.399419939472511754 ) ) ;
#5617 = DIRECTION ( 'NONE',  ( 0.000000000000000000, 0.000000000000000000, -1.000000000000000000 ) ) ;
#5618 = DIRECTION ( 'NONE',  ( -0.000000000000000000, -1.000000000000000000, -0.000000000000000000 ) ) ;
#5619 = ORIENTED_EDGE ( 'NONE', *, *, #5660, .F. ) ;
#5620 = CARTESIAN_POINT ( 'NONE',  ( 21.39999999999999503, 22.00000000000000000, 1.309583320494966951 ) ) ;
#5621 = AXIS2_PLACEMENT_3D ( 'NONE', #7745, #4305, #3658 ) ;
#5622 = CARTESIAN_POINT ( 'NONE',  ( -29.59999999999999076, -12.81169783139947249, 1.179845401256260917 ) ) ;
#5623 = CARTESIAN_POINT ( 'NONE',  ( 26.01003896464955290, 14.81605503686866854, 0.8702451454006285836 ) ) ;
#5624 = CARTESIAN_POINT ( 'NONE',  ( 31.45220030166544944, 15.71009698413833000, -2.506856413475605727 ) ) ;
#5625 = DIRECTION ( 'NONE',  ( 1.000000000000000000, 0.000000000000000000, 0.000000000000000000 ) ) ;
#5626 = VERTEX_POINT ( 'NONE', #3679 ) ;
#5627 = CARTESIAN_POINT ( 'NONE',  ( 25.89321816757399830, 15.04826918478028652, 0.8817627426490777243 ) ) ;
#5628 = CARTESIAN_POINT ( 'NONE',  ( 29.20245015333469141, 7.700719974920891886, -1.294620766877392137 ) ) ;
#5629 = CARTESIAN_POINT ( 'NONE',  ( -1.384801372496017535, -19.50000000000000000, -0.002905580732839515689 ) ) ;
#5630 = CARTESIAN_POINT ( 'NONE',  ( -30.22651787168073412, -16.97290396039415938, -1.846039074709452610 ) ) ;
#5631 = FACE_BOUND ( 'NONE', #1757, .T. ) ;
#5632 = CARTESIAN_POINT ( 'NONE',  ( -1.558845726811993071, -19.19999999999999929, 0.2970935385293362874 ) ) ;
#5633 = ORIENTED_EDGE ( 'NONE', *, *, #8566, .F. ) ;
#5634 = VECTOR ( 'NONE', #4596, 1000.000000000000000 ) ;
#5635 = CARTESIAN_POINT ( 'NONE',  ( 28.35904225274584078, -20.68334887151486967, -2.224347148855889689 ) ) ;
#5636 = CARTESIAN_POINT ( 'NONE',  ( -25.98183981487494165, 20.46642436996515002, -1.530946993212082496 ) ) ;
#5637 = APPROVAL_STATUS ( 'not_yet_approved' ) ;
#5638 = CARTESIAN_POINT ( 'NONE',  ( 29.96343905977008149, -17.60680387291198912, -1.824561779992261101 ) ) ;
#5639 = EDGE_LOOP ( 'NONE', ( #6921, #5748, #4654, #8598 ) ) ;
#5640 = ADVANCED_FACE ( 'NONE', ( #4409 ), #5971, .F. ) ;
#5641 = CIRCLE ( 'NONE', #984, 0.2000000000000000111 ) ;
#5642 = CARTESIAN_POINT ( 'NONE',  ( 0.000000000000000000, -21.50000000000000000, -330.0000000000000000 ) ) ;
#5643 = CARTESIAN_POINT ( 'NONE',  ( -25.30000000000000071, 20.49999999999999645, -1.472740857018096428 ) ) ;
#5644 = VECTOR ( 'NONE', #6293, 1000.000000000000000 ) ;
#5645 = EDGE_LOOP ( 'NONE', ( #6703, #6872, #2331, #4212, #7762, #5380 ) ) ;
#5646 = FACE_OUTER_BOUND ( 'NONE', #5446, .T. ) ;
#5647 = CARTESIAN_POINT ( 'NONE',  ( 0.9243224881924736458, -18.50000469305599182, 0.4990305900357387414 ) ) ;
#5648 = CARTESIAN_POINT ( 'NONE',  ( -24.91750444541667520, -15.96302843226092527, 1.033296848759136966 ) ) ;
#5649 = EDGE_CURVE ( 'NONE', #3459, #8597, #4511, .T. ) ;
#5650 = CARTESIAN_POINT ( 'NONE',  ( 7.000000000000000000, 22.00000000000000000, -330.0000000000000000 ) ) ;
#5651 = ORIENTED_EDGE ( 'NONE', *, *, #3009, .F. ) ;
#5652 = CARTESIAN_POINT ( 'NONE',  ( 25.85424633216376833, 15.11513825265894440, 0.8855921263546926436 ) ) ;
#5653 = CARTESIAN_POINT ( 'NONE',  ( 30.34437128188837818, 19.73114068845238833, -1.865491269567828958 ) ) ;
#5654 = LINE ( 'NONE', #523, #1579 ) ;
#5655 = ORIENTED_EDGE ( 'NONE', *, *, #3761, .F. ) ;
#5656 = CARTESIAN_POINT ( 'NONE',  ( 28.00000000000000000, 22.00000000000000000, -1.190024482224716351 ) ) ;
#5657 = CARTESIAN_POINT ( 'NONE',  ( 31.50000000000000000, 15.29999999999999716, 0.5022692811654557721 ) ) ;
#5658 = EDGE_CURVE ( 'NONE', #401, #7087, #1087, .T. ) ;
#5659 = LINE ( 'NONE', #5376, #962 ) ;
#5660 = EDGE_CURVE ( 'NONE', #1822, #8120, #2613, .T. ) ;
#5661 = CARTESIAN_POINT ( 'NONE',  ( 24.79989227725312517, 16.01665296386838833, 0.9864739406380274023 ) ) ;
#5662 = CARTESIAN_POINT ( 'NONE',  ( -31.50708885522637104, 16.11332143466781730, 1.003866524394825266 ) ) ;
#5663 = DIRECTION ( 'NONE',  ( -1.000000000000000000, 0.000000000000000000, 0.000000000000000000 ) ) ;
#5664 = VERTEX_POINT ( 'NONE', #5691 ) ;
#5665 = CARTESIAN_POINT ( 'NONE',  ( -29.88774216964959862, -16.51652007369720465, -1.356234047097358841 ) ) ;
#5666 = ORIENTED_EDGE ( 'NONE', *, *, #5895, .F. ) ;
#5667 = AXIS2_PLACEMENT_3D ( 'NONE', #7265, #2635, #6699 ) ;
#5668 = VERTEX_POINT ( 'NONE', #454 ) ;
#5669 = CARTESIAN_POINT ( 'NONE',  ( 24.27419938540399968, -16.17058776107867857, 1.093066417055656769 ) ) ;
#5670 = FACE_OUTER_BOUND ( 'NONE', #7968, .T. ) ;
#5671 = CARTESIAN_POINT ( 'NONE',  ( 27.06609404670956920, 21.76688380489305530, 1.396645304750446348 ) ) ;
#5672 = EDGE_CURVE ( 'NONE', #4226, #6962, #3349, .T. ) ;
#5673 = DIRECTION ( 'NONE',  ( 0.000000000000000000, 0.000000000000000000, 1.000000000000000000 ) ) ;
#5674 = DIRECTION ( 'NONE',  ( -0.000000000000000000, 1.000000000000000000, 0.000000000000000000 ) ) ;
#5675 = CARTESIAN_POINT ( 'NONE',  ( 26.86050960209359317, -21.29308219490890153, -2.098260149906518102 ) ) ;
#5676 = EDGE_LOOP ( 'NONE', ( #7311, #14, #4232 ) ) ;
#5677 = CARTESIAN_POINT ( 'NONE',  ( 28.49999999966182429, -19.00000000000000355, 1.276319709120303569 ) ) ;
#5678 = ORIENTED_EDGE ( 'NONE', *, *, #5490, .T. ) ;
#5679 = LINE ( 'NONE', #8102, #7035 ) ;
#5680 = CARTESIAN_POINT ( 'NONE',  ( 28.75532608476628127, -19.20075434854844687, -1.254985300241556301 ) ) ;
#5681 = CARTESIAN_POINT ( 'NONE',  ( 0.000000000000000000, 16.19999999999999929, -330.0000000000000000 ) ) ;
#5682 = CARTESIAN_POINT ( 'NONE',  ( -24.30576563250057021, -16.16423873923293897, 1.090172449894620588 ) ) ;
#5683 = CC_DESIGN_PERSON_AND_ORGANIZATION_ASSIGNMENT ( #271, #5738, ( #7808 ) ) ;
#5684 = CARTESIAN_POINT ( 'NONE',  ( -25.30094908693239830, -15.72448702643680996, 0.9967539686548821942 ) ) ;
#5685 = VERTEX_POINT ( 'NONE', #6436 ) ;
#5686 = PERSON_AND_ORGANIZATION ( #7011, #4851 ) ;
#5687 = CARTESIAN_POINT ( 'NONE',  ( -29.51270263238984271, -13.01903606355051934, 1.187669422358517357 ) ) ;
#5688 = CARTESIAN_POINT ( 'NONE',  ( -29.49867407959499133, -7.996433096841578880, 1.188888488577207747 ) ) ;
#5689 = DIRECTION ( 'NONE',  ( 1.000000000000000000, 0.000000000000000000, 0.000000000000000000 ) ) ;
#5690 = CARTESIAN_POINT ( 'NONE',  ( 28.99999999999999645, -18.50000000000000355, 1.276319709120343759 ) ) ;
#5691 = CARTESIAN_POINT ( 'NONE',  ( -26.20000000000000284, 13.89999999999999858, 0.9083693958394913892 ) ) ;
#5692 = CARTESIAN_POINT ( 'NONE',  ( -31.40253365396816676, 18.07429669338813127, -1.956509301447373561 ) ) ;
#5693 = CARTESIAN_POINT ( 'NONE',  ( 26.15027431417118109, 21.45994416752376566, 1.470316965664148157 ) ) ;
#5694 = CARTESIAN_POINT ( 'NONE',  ( 24.24924420178985685, 16.17340805647533131, 1.037121220024219470 ) ) ;
#5695 = CARTESIAN_POINT ( 'NONE',  ( -30.91727946528673243, 18.05165622653186475, 1.059505821903142131 ) ) ;
#5696 = CARTESIAN_POINT ( 'NONE',  ( -28.00000000000000000, -8.399999999999998579, -1.190024482224716351 ) ) ;
#5697 = ORIENTED_EDGE ( 'NONE', *, *, #6564, .T. ) ;
#5698 = ADVANCED_FACE ( 'NONE', ( #2415 ), #8471, .T. ) ;
#5699 = CARTESIAN_POINT ( 'NONE',  ( -28.49999999966239983, 19.00000000000506262, 1.276319709120251167 ) ) ;
#5700 = FACE_OUTER_BOUND ( 'NONE', #2297, .T. ) ;
#5701 = CARTESIAN_POINT ( 'NONE',  ( 26.00599824227445467, 20.96317785569545578, -2.029238055925627560 ) ) ;
#5702 = CARTESIAN_POINT ( 'NONE',  ( 27.69331261164896318, 21.56190970901116799, 1.344836098117064171 ) ) ;
#5703 = ORIENTED_EDGE ( 'NONE', *, *, #8226, .T. ) ;
#5704 = CARTESIAN_POINT ( 'NONE',  ( 30.50000000000000000, -15.30000000000000071, 2.501025000000002052 ) ) ;
#5705 = B_SPLINE_CURVE_WITH_KNOTS ( 'NONE', 3,
 ( #6212, #6125, #2192, #827, #2870, #7541 ),
 .UNSPECIFIED., .F., .F.,
 ( 4, 2, 4 ),
 ( 0.000000000000000000, 0.0003908956439130938966, 0.0007817912878261877932 ),
 .UNSPECIFIED. ) ;
#5706 = CARTESIAN_POINT ( 'NONE',  ( -26.93964102278557959, -21.29366092425367540, 1.406915817649257772 ) ) ;
#5707 = CARTESIAN_POINT ( 'NONE',  ( -28.73492178309486178, 19.21869499875322518, -1.784318426710352457 ) ) ;
#5708 = CARTESIAN_POINT ( 'NONE',  ( 30.50000000000000000, -15.30000000000000071, -1.868547682487443629 ) ) ;
#5709 = DIRECTION ( 'NONE',  ( 0.000000000000000000, 0.000000000000000000, -1.000000000000000000 ) ) ;
#5710 = CARTESIAN_POINT ( 'NONE',  ( -27.90084009184357328, 19.81561481927203872, -1.662138753596486884 ) ) ;
#5711 = ORIENTED_EDGE ( 'NONE', *, *, #1626, .T. ) ;
#5712 = CARTESIAN_POINT ( 'NONE',  ( -24.03310174611540262, -16.19805287534025240, 1.114971475081004915 ) ) ;
#5713 = EDGE_CURVE ( 'NONE', #7554, #2918, #7951, .T. ) ;
#5714 = CARTESIAN_POINT ( 'NONE',  ( -24.84982142802159188, -15.99505152220127080, 1.039675505524683352 ) ) ;
#5715 = EDGE_CURVE ( 'NONE', #2663, #292, #3143, .T. ) ;
#5716 = CARTESIAN_POINT ( 'NONE',  ( -28.16086374544719462, -13.09232809642970174, 1.305329327263889505 ) ) ;
#5717 = CARTESIAN_POINT ( 'NONE',  ( -26.33876997472860637, 15.45162642808296383, 1.455154367801504200 ) ) ;
#5718 = CARTESIAN_POINT ( 'NONE',  ( 26.07816023161889873, 14.63963612860852592, 0.8635007089705861727 ) ) ;
#5719 = CARTESIAN_POINT ( 'NONE',  ( 32.00000000000000000, -15.30000000000000071, -1.555179672444835681 ) ) ;
#5720 = ORIENTED_EDGE ( 'NONE', *, *, #952, .T. ) ;
#5721 = CARTESIAN_POINT ( 'NONE',  ( 26.70131827368849287, 20.35346577925663425, -1.081399706140273365 ) ) ;
#5722 = CARTESIAN_POINT ( 'NONE',  ( -26.07416900143477534, -21.45988437852854247, -2.034608039112893785 ) ) ;
#5723 = CARTESIAN_POINT ( 'NONE',  ( 25.57991814461018976, 15.47106656739193653, 0.9123335047829400635 ) ) ;
#5724 = CARTESIAN_POINT ( 'NONE',  ( 29.60000000000000853, 8.188295873936674241, -1.330196093404397484 ) ) ;
#5725 = B_SPLINE_CURVE_WITH_KNOTS ( 'NONE', 3,
 ( #7845, #7878, #1841, #8541, #3766, #6524 ),
 .UNSPECIFIED., .F., .F.,
 ( 4, 2, 4 ),
 ( 0.002348553189004843646, 0.002739679270019024573, 0.003130805351033205067 ),
 .UNSPECIFIED. ) ;
#5726 = CARTESIAN_POINT ( 'NONE',  ( 29.04194684104753321, 20.22661594841614630, -2.284146691740744028 ) ) ;
#5727 = EDGE_CURVE ( 'NONE', #1974, #4365, #5725, .T. ) ;
#5728 = ADVANCED_FACE ( 'NONE', ( #6607 ), #6283, .F. ) ;
#5729 = VERTEX_POINT ( 'NONE', #4526 ) ;
#5730 = DIRECTION ( 'NONE',  ( -0.000000000000000000, -1.000000000000000000, -0.000000000000000000 ) ) ;
#5731 = AXIS2_PLACEMENT_3D ( 'NONE', #6581, #3902, #7910 ) ;
#5732 = DIRECTION ( 'NONE',  ( -0.000000000000000000, 0.000000000000000000, 1.000000000000000000 ) ) ;
#5733 = CARTESIAN_POINT ( 'NONE',  ( 26.19999999999999929, 7.599999999999996980, 5.301000000000002821 ) ) ;
#5734 = CARTESIAN_POINT ( 'NONE',  ( -25.55322325581283138, -15.49913352410787581, 0.9723348419195854131 ) ) ;
#5736 = ORIENTED_EDGE ( 'NONE', *, *, #5649, .T. ) ;
#5735 = CARTESIAN_POINT ( 'NONE',  ( -26.86050960209359317, 21.29308219490889797, -2.098260149906518102 ) ) ;
#5737 = EDGE_CURVE ( 'NONE', #8373, #7209, #492, .T. ) ;
#5738 = PERSON_AND_ORGANIZATION_ROLE ( 'creator' ) ;
#5739 = AXIS2_PLACEMENT_3D ( 'NONE', #5287, #1294, #4677 ) ;
#5740 = CARTESIAN_POINT ( 'NONE',  ( 28.68045742479496596, 21.10126859981592418, 1.261030352445019043 ) ) ;
#5741 = ADVANCED_FACE ( 'NONE', ( #4815 ), #5767, .T. ) ;
#5742 = CARTESIAN_POINT ( 'NONE',  ( 0.1732050807568883133, -16.80000000000000071, 0.1998182918942745800 ) ) ;
#5743 = CARTESIAN_POINT ( 'NONE',  ( -29.21323719884081171, 18.74115156804754534, -1.764220582164451212 ) ) ;
#5744 = FACE_OUTER_BOUND ( 'NONE', #1278, .T. ) ;
#5745 = DIRECTION ( 'NONE',  ( 0.000000000000000000, -1.000000000000000000, 0.000000000000000000 ) ) ;
#5746 =( BOUNDED_SURFACE ( )  B_SPLINE_SURFACE ( 3, 2, ( 
 ( #5742, #2367, #2254 ),
 ( #7053, #7712, #315 ),
 ( #290, #8266, #4994 ),
 ( #6298, #4945, #3635 ),
 ( #4393, #3042, #6975 ),
 ( #4275, #7654, #1624 ) ),
 .UNSPECIFIED., .F., .F., .T. ) 
 B_SPLINE_SURFACE_WITH_KNOTS ( ( 4, 2, 4 ),
 ( 3, 3 ),
 ( -2.710505431213761085E-20, 0.0004167683224227015796, 0.0008335366448454031591 ),
 ( 0.000000000000000000, 1.000000000000000000 ),
 .UNSPECIFIED. ) 
 GEOMETRIC_REPRESENTATION_ITEM ( )  RATIONAL_B_SPLINE_SURFACE ( (
 ( 1.000000000000000000, 0.7074279257559100698, 1.000000000000000000),
 ( 1.000000000000000000, 0.7072891033454056231, 1.000000000000000000),
 ( 1.000000000000000000, 0.7071068061680138017, 1.000000000000000000),
 ( 1.000000000000000000, 0.7071067562109528692, 1.000000000000000000),
 ( 1.000000000000000000, 0.7072884420282167239, 1.000000000000000000),
 ( 1.000000000000000000, 0.7074279257559100698, 1.000000000000000000) ) ) 
 REPRESENTATION_ITEM ( '' )  SURFACE ( )  );
#5747 = CARTESIAN_POINT ( 'NONE',  ( -25.89278322781080988, -15.05083801859835368, 0.9390000127011788322 ) ) ;
#5748 = ORIENTED_EDGE ( 'NONE', *, *, #5938, .F. ) ;
#5749 = CARTESIAN_POINT ( 'NONE',  ( -25.92456254451830588, 15.95470115814332601, 1.487809960316937685 ) ) ;
#5750 = CARTESIAN_POINT ( 'NONE',  ( 25.65346608175462251, 15.38888883984186862, 0.9051977539016645702 ) ) ;
#5751 = CARTESIAN_POINT ( 'NONE',  ( 29.60000000000000142, -12.59999999999999964, 1.179845401256263138 ) ) ;
#5752 = VECTOR ( 'NONE', #2280, 1000.000000000000000 ) ;
#5753 = CARTESIAN_POINT ( 'NONE',  ( -30.36215733898778169, 19.71062860472806122, 1.111169314850724676 ) ) ;
#5754 = ORIENTED_EDGE ( 'NONE', *, *, #4230, .T. ) ;
#5755 = LINE ( 'NONE', #3413, #6682 ) ;
#5756 = FACE_OUTER_BOUND ( 'NONE', #6825, .T. ) ;
#5757 = CARTESIAN_POINT ( 'NONE',  ( 25.30000000000000071, -20.49999999999999645, -1.472740857018096428 ) ) ;
#5758 = CARTESIAN_POINT ( 'NONE',  ( 30.50000000000000000, 15.29999999999999361, -2.416488503830780399 ) ) ;
#5759 = CYLINDRICAL_SURFACE ( 'NONE', #6415, 0.5000000000000000000 ) ;
#5760 = VERTEX_POINT ( 'NONE', #1244 ) ;
#5761 = TOROIDAL_SURFACE ( 'NONE', #1425, 332.0000000000000000, 0.5000000000000000000 ) ;
#5762 = CARTESIAN_POINT ( 'NONE',  ( 0.000000000000000000, 22.00000000000000000, -330.0000000000000000 ) ) ;
#5763 = FACE_OUTER_BOUND ( 'NONE', #3801, .T. ) ;
#5764 = CARTESIAN_POINT ( 'NONE',  ( -30.80752721402586047, 16.59372781551514819, -2.445580724832776554 ) ) ;
#5765 = VERTEX_POINT ( 'NONE', #1946 ) ;
#5766 = DIRECTION ( 'NONE',  ( -0.000000000000000000, 1.000000000000000000, 0.000000000000000000 ) ) ;
#5767 = TOROIDAL_SURFACE ( 'NONE', #4109, 329.4999999999999432, 0.5000000000000000000 ) ;
#5768 = CARTESIAN_POINT ( 'NONE',  ( 25.33810240963855520, -21.50000000000000000, 1.533151534320441822 ) ) ;
#5769 = CARTESIAN_POINT ( 'NONE',  ( 31.32813023552720466, -18.25690089855756426, 1.021142213245474828 ) ) ;
#5770 = CARTESIAN_POINT ( 'NONE',  ( 21.39999999999999503, 16.73818978461772744, 1.810623699724234204 ) ) ;
#5771 = PLANE ( 'NONE',  #1760 ) ;
#5772 = ORIENTED_EDGE ( 'NONE', *, *, #7073, .F. ) ;
#5773 = ORIENTED_EDGE ( 'NONE', *, *, #2512, .T. ) ;
#5774 = CARTESIAN_POINT ( 'NONE',  ( -0.1732050807568888406, -16.80000000000000071, 0.3000000000000224709 ) ) ;
#5775 = ORIENTED_EDGE ( 'NONE', *, *, #2403, .F. ) ;
#5776 = LINE ( 'NONE', #4890, #4520 ) ;
#5777 = CARTESIAN_POINT ( 'NONE',  ( -26.66082057270396533, -14.77377413947582951, 1.429405508327903584 ) ) ;
#5778 = CARTESIAN_POINT ( 'NONE',  ( -25.56176130194321061, 16.25126491769819381, 1.515984348253180736 ) ) ;
#5779 = DIRECTION ( 'NONE',  ( -0.000000000000000000, -1.000000000000000000, -0.000000000000000000 ) ) ;
#5780 = CARTESIAN_POINT ( 'NONE',  ( 27.44695773979228903, 21.10433792307911460, -2.146832699490482277 ) ) ;
#5781 = VERTEX_POINT ( 'NONE', #6010 ) ;
#5782 = CARTESIAN_POINT ( 'NONE',  ( 26.01845463519092405, 20.49498313980516784, -1.026588844934024580 ) ) ;
#5783 = B_SPLINE_CURVE_WITH_KNOTS ( 'NONE', 3,
 ( #5918, #3874, #3130, #6565, #1857, #1911 ),
 .UNSPECIFIED., .F., .F.,
 ( 4, 2, 4 ),
 ( 1.374606159443338692E-15, 0.0003908956441504182712, 0.0007817912882994619908 ),
 .UNSPECIFIED. ) ;
#5784 = ORIENTED_EDGE ( 'NONE', *, *, #6109, .T. ) ;
#5785 = CYLINDRICAL_SURFACE ( 'NONE', #2643, 0.2000000000000000111 ) ;
#5786 = CARTESIAN_POINT ( 'NONE',  ( -25.20239767649103868, -16.46202593913112011, 1.543497799764551592 ) ) ;
#5787 = CARTESIAN_POINT ( 'NONE',  ( -25.30000000000000071, 22.00000000000000000, 1.034605441787595392 ) ) ;
#5788 = ADVANCED_FACE ( 'NONE', ( #4610 ), #741, .T. ) ;
#5789 = B_SPLINE_CURVE_WITH_KNOTS ( 'NONE', 3,
 ( #5072, #8163, #6985, #2985, #1492, #2349 ),
 .UNSPECIFIED., .F., .F.,
 ( 4, 2, 4 ),
 ( 2.168405136608560031E-19, 0.0004165911741854201123, 0.0008331823483708400077 ),
 .UNSPECIFIED. ) ;
#5790 = CARTESIAN_POINT ( 'NONE',  ( -28.23953101264256560, 18.94574893072883270, 1.298637786641667180 ) ) ;
#5791 = AXIS2_PLACEMENT_3D ( 'NONE', #5871, #4575, #86 ) ;
#5792 = DIRECTION ( 'NONE',  ( 0.000000000000000000, 0.000000000000000000, -1.000000000000000000 ) ) ;
#5793 = DIRECTION ( 'NONE',  ( 0.000000000000000000, 1.000000000000000000, 0.000000000000000000 ) ) ;
#5794 = ORIENTED_EDGE ( 'NONE', *, *, #1908, .T. ) ;
#5795 = ORIENTED_EDGE ( 'NONE', *, *, #1632, .F. ) ;
#5796 = AXIS2_PLACEMENT_3D ( 'NONE', #8241, #1571, #961 ) ;
#5797 = DIRECTION ( 'NONE',  ( -0.000000000000000000, 1.000000000000000000, 0.000000000000000000 ) ) ;
#5798 = CARTESIAN_POINT ( 'NONE',  ( -28.80000000000000071, 8.399999999999996803, 1.179845401256263138 ) ) ;
#5799 = CARTESIAN_POINT ( 'NONE',  ( -29.29110707278323389, 13.24007650051549767, -1.302515151413667027 ) ) ;
#5800 = DIRECTION ( 'NONE',  ( -0.000000000000000000, -0.000000000000000000, -1.000000000000000000 ) ) ;
#5801 = CARTESIAN_POINT ( 'NONE',  ( -25.42167926772124531, -15.62630236934081296, 0.9851140070994146569 ) ) ;
#5802 = CARTESIAN_POINT ( 'NONE',  ( 25.77925280622513071, -21.99749361540407477, 1.499435708649263566 ) ) ;
#5803 = ORIENTED_EDGE ( 'NONE', *, *, #8059, .F. ) ;
#5804 = CARTESIAN_POINT ( 'NONE',  ( -28.99995510608471960, 18.36904446277878478, 1.232928018708793649 ) ) ;
#5805 = CARTESIAN_POINT ( 'NONE',  ( 30.91597434800634048, -16.04773032293985580, -2.455792565387901139 ) ) ;
#5806 = CARTESIAN_POINT ( 'NONE',  ( -30.49999999999999645, -15.50000000000000355, 1.143850916776045779 ) ) ;
#5807 = DIRECTION ( 'NONE',  ( 0.000000000000000000, 1.000000000000000000, -0.000000000000000000 ) ) ;
#5808 = CARTESIAN_POINT ( 'NONE',  ( -25.94673602864986961, 20.26049005769846545, 1.486086688048111171 ) ) ;
#5809 = ORIENTED_EDGE ( 'NONE', *, *, #4992, .T. ) ;
#5810 = CARTESIAN_POINT ( 'NONE',  ( -26.21365825854644882, -21.95187567057109845, 1.465355059078558897 ) ) ;
#5811 = CARTESIAN_POINT ( 'NONE',  ( 28.53300086945708713, 20.56753370477280640, -2.239574296679125887 ) ) ;
#5812 = CARTESIAN_POINT ( 'NONE',  ( 25.30000000000000071, -15.30000000000000071, 2.501025000000002052 ) ) ;
#5813 = DIRECTION ( 'NONE',  ( -0.000000000000000000, -0.000000000000000000, -1.000000000000000000 ) ) ;
#5814 = CARTESIAN_POINT ( 'NONE',  ( -24.58879672751253409, -16.68154604511458317, 1.589570357349810559 ) ) ;
#5815 = CARTESIAN_POINT ( 'NONE',  ( -27.70020691632954168, 21.55921981853556346, 1.344259202088080585 ) ) ;
#5816 = CARTESIAN_POINT ( 'NONE',  ( 31.29400312425316955, 16.70724860065352146, -2.491699447968777292 ) ) ;
#5817 = ORIENTED_EDGE ( 'NONE', *, *, #3758, .T. ) ;
#5818 = CARTESIAN_POINT ( 'NONE',  ( 28.73492178309485467, -19.21869499875322163, -1.784318426710351124 ) ) ;
#5819 = CARTESIAN_POINT ( 'NONE',  ( 29.21269323366351855, 18.74176799616117961, -1.831116729539186583 ) ) ;
#5820 = DIRECTION ( 'NONE',  ( 0.000000000000000000, 0.000000000000000000, 1.000000000000000000 ) ) ;
#5821 = ORIENTED_EDGE ( 'NONE', *, *, #6836, .T. ) ;
#5822 = CARTESIAN_POINT ( 'NONE',  ( -30.00875736301813035, -19.40535414848712392, 1.143182528397196585 ) ) ;
#5823 = CARTESIAN_POINT ( 'NONE',  ( 25.74757883629296629, -21.49999999879927870, 1.501856456935561246 ) ) ;
#5824 = CARTESIAN_POINT ( 'NONE',  ( -28.63173669595309789, 17.99999999990832222, 1.264986282548920427 ) ) ;
#5825 = CARTESIAN_POINT ( 'NONE',  ( 29.81237063678900867, -17.90653611217628693, -1.891089086917974615 ) ) ;
#5826 = EDGE_CURVE ( 'NONE', #5781, #7484, #2421, .T. ) ;
#5827 = ORIENTED_EDGE ( 'NONE', *, *, #2342, .T. ) ;
#5828 = EDGE_CURVE ( 'NONE', #7231, #5977, #5550, .T. ) ;
#5829 = CARTESIAN_POINT ( 'NONE',  ( 28.76073472713806822, 18.05385789905067639, 1.253798071140298953 ) ) ;
#5830 = EDGE_CURVE ( 'NONE', #8185, #6911, #2202, .T. ) ;
#5831 = B_SPLINE_CURVE_WITH_KNOTS ( 'NONE', 3,
 ( #1852, #1213, #3072, #1264, #1234, #7917, #1958, #2654, #5308, #3933 ),
 .UNSPECIFIED., .F., .F.,
 ( 4, 2, 2, 2, 4 ),
 ( 0.0007833703569733415414, 0.001175013580061823803, 0.001566656803150306282, 0.001958300026238793748, 0.002349943249327281214 ),
 .UNSPECIFIED. ) ;
#5832 = DIRECTION ( 'NONE',  ( -0.000000000000000000, -1.000000000000000000, -0.000000000000000000 ) ) ;
#5833 = CARTESIAN_POINT ( 'NONE',  ( 29.50200554329098779, 15.50000000000079403, 1.188589279467233917 ) ) ;
#5834 = CARTESIAN_POINT ( 'NONE',  ( -31.33898846203472033, 16.90596895770488928, 1.019820177123100580 ) ) ;
#5835 = CARTESIAN_POINT ( 'NONE',  ( 30.16832228384237524, 17.13534863112832340, -1.841271970070047281 ) ) ;
#5836 = DIRECTION ( 'NONE',  ( 0.000000000000000000, 0.000000000000000000, 1.000000000000000000 ) ) ;
#5837 = ORIENTED_EDGE ( 'NONE', *, *, #53, .F. ) ;
#5838 = CARTESIAN_POINT ( 'NONE',  ( -28.84065087716425779, 20.99229511091685652, 0.7679200239530941108 ) ) ;
#5839 = AXIS2_PLACEMENT_3D ( 'NONE', #2121, #4724, #3466 ) ;
#5840 = CARTESIAN_POINT ( 'NONE',  ( 30.50000000000000000, -15.30000000000000249, -1.868547682487453621 ) ) ;
#5841 = EDGE_CURVE ( 'NONE', #1302, #6076, #1793, .T. ) ;
#5842 = CARTESIAN_POINT ( 'NONE',  ( 0.000000000000000000, 22.00000000000000000, -330.0000000000000000 ) ) ;
#5843 = CARTESIAN_POINT ( 'NONE',  ( 29.42814625741237222, 18.48043215311311727, -1.852535752802548563 ) ) ;
#5844 = ORIENTED_EDGE ( 'NONE', *, *, #3213, .T. ) ;
#5845 = CARTESIAN_POINT ( 'NONE',  ( -28.44705151159324075, 19.45381250360615155, -2.231895715223721766 ) ) ;
#5846 = DIRECTION ( 'NONE',  ( 0.000000000000000000, 0.000000000000000000, 1.000000000000000000 ) ) ;
#5847 = VECTOR ( 'NONE', #3383, 1000.000000000000000 ) ;
#5848 = CARTESIAN_POINT ( 'NONE',  ( -28.06799952570101198, -21.40537686973092590, -1.679995281494800263 ) ) ;
#5849 =( BOUNDED_CURVE ( )  B_SPLINE_CURVE ( 3, ( #1280, #2497, #5221, #1225 ),
 .UNSPECIFIED., .F., .F. ) 
 B_SPLINE_CURVE_WITH_KNOTS ( ( 4, 4 ),
 ( 1.566601217166178284, 1.570796326794896558 ),
 .UNSPECIFIED. ) 
 CURVE ( )  GEOMETRIC_REPRESENTATION_ITEM ( )  RATIONAL_B_SPLINE_CURVE ( ( 1.000000000000000000, 0.9999985334218046695, 0.9999985334218046695, 1.000000000000000000 ) ) 
 REPRESENTATION_ITEM ( '' )  );
#5850 = CARTESIAN_POINT ( 'NONE',  ( 29.74958019228193251, -20.32814210741119609, 1.166731041621170029 ) ) ;
#5851 = ORIENTED_EDGE ( 'NONE', *, *, #5672, .T. ) ;
#5852 = DIRECTION ( 'NONE',  ( 0.9970548523794470208, 0.000000000000000000, -0.07669172932330454995 ) ) ;
#5853 = CARTESIAN_POINT ( 'NONE',  ( 29.19620855741467480, -18.76062335673148951, -2.297752027367141459 ) ) ;
#5854 = ADVANCED_FACE ( 'NONE', ( #1994 ), #5248, .T. ) ;
#5855 = CARTESIAN_POINT ( 'NONE',  ( -29.00897272762758661, 13.37928754545522381, -1.277489464082019577 ) ) ;
#5856 = FACE_OUTER_BOUND ( 'NONE', #8101, .T. ) ;
#5857 = CARTESIAN_POINT ( 'NONE',  ( -28.16087125295082316, 13.09233782943467084, -1.203754859370136820 ) ) ;
#5859 = EDGE_LOOP ( 'NONE', ( #4574, #656, #2505, #3262 ) ) ;
#5858 = CARTESIAN_POINT ( 'NONE',  ( 28.00000000000000000, 8.400000000000000355, -1.190024482224716351 ) ) ;
#5860 = CARTESIAN_POINT ( 'NONE',  ( -28.68045742479440818, -21.10126859981582115, 1.261030352444700409 ) ) ;
#5861 = CARTESIAN_POINT ( 'NONE',  ( -30.72534205942389107, 18.40953187923906853, 1.077414990733806643 ) ) ;
#5862 = CIRCLE ( 'NONE', #8136, 0.5000000000000000000 ) ;
#5863 = FACE_OUTER_BOUND ( 'NONE', #6878, .T. ) ;
#5864 = ORIENTED_EDGE ( 'NONE', *, *, #5672, .F. ) ;
#5865 = DIRECTION ( 'NONE',  ( 0.000000000000000000, 0.000000000000000000, 1.000000000000000000 ) ) ;
#5866 = CARTESIAN_POINT ( 'NONE',  ( -29.72714810332312396, 20.34787730284239515, 0.6961031458759459056 ) ) ;
#5867 = CIRCLE ( 'NONE', #6067, 0.5000000000000004441 ) ;
#5868 = CYLINDRICAL_SURFACE ( 'NONE', #7299, 0.5000000000000004441 ) ;
#5869 = CARTESIAN_POINT ( 'NONE',  ( 25.63724313448586756, 20.99999999999999289, -2.000192526491588296 ) ) ;
#5870 = VERTEX_POINT ( 'NONE', #5897 ) ;
#5871 = CARTESIAN_POINT ( 'NONE',  ( -30.00000000000000000, 15.49999999999999645, 1.143850916804078910 ) ) ;
#5872 = ORIENTED_EDGE ( 'NONE', *, *, #6876, .T. ) ;
#5873 = FACE_OUTER_BOUND ( 'NONE', #2259, .T. ) ;
#5874 = ORIENTED_EDGE ( 'NONE', *, *, #5379, .F. ) ;
#5875 = FACE_OUTER_BOUND ( 'NONE', #7849, .T. ) ;
#5876 = VERTEX_POINT ( 'NONE', #6629 ) ;
#5877 = CARTESIAN_POINT ( 'NONE',  ( -29.97226999124101354, 17.60784775346350273, -1.907328016009450122 ) ) ;
#5878 = CARTESIAN_POINT ( 'NONE',  ( 25.74195575396799995, 21.99999999999999645, 1.003348764822774575 ) ) ;
#5879 = ORIENTED_EDGE ( 'NONE', *, *, #5737, .T. ) ;
#5880 = CARTESIAN_POINT ( 'NONE',  ( -26.17891274012633929, -21.95670135744294527, -1.536143022740805053 ) ) ;
#5881 = ORIENTED_EDGE ( 'NONE', *, *, #6934, .F. ) ;
#5882 = EDGE_CURVE ( 'NONE', #2217, #5442, #7322, .T. ) ;
#5883 = VECTOR ( 'NONE', #2830, 1000.000000000000000 ) ;
#5884 = CARTESIAN_POINT ( 'NONE',  ( 1.593885762872241596, -19.33932097898429348, 0.1950896637480922513 ) ) ;
#5885 = CARTESIAN_POINT ( 'NONE',  ( 30.65360648001330901, -17.13384633753782893, -2.431137954081704855 ) ) ;
#5886 = EDGE_CURVE ( 'NONE', #3860, #895, #2828, .T. ) ;
#5887 = CARTESIAN_POINT ( 'NONE',  ( -28.38230550999653801, 13.31348418861884930, -1.222770424795132094 ) ) ;
#5888 = ORIENTED_EDGE ( 'NONE', *, *, #3084, .T. ) ;
#5889 = EDGE_LOOP ( 'NONE', ( #3797, #8162, #3135, #3358 ) ) ;
#5890 = CARTESIAN_POINT ( 'NONE',  ( -29.73963475871541817, 15.94574893090607404, 1.167348383738797679 ) ) ;
#5891 = CIRCLE ( 'NONE', #1360, 0.5000000000000004441 ) ;
#5892 = DIRECTION ( 'NONE',  ( 1.000000000000000000, 0.000000000000000000, 0.000000000000000000 ) ) ;
#5893 = CARTESIAN_POINT ( 'NONE',  ( -28.61767033198312049, 20.56860613204427679, 1.266219091213060199 ) ) ;
#5894 = B_SPLINE_CURVE_WITH_KNOTS ( 'NONE', 3,
 ( #4529, #5103, #541, #1779, #2418, #1115, #5140, #6404, #7068, #4412, #5074, #1086, #7097, #3086, #7766, #1888, #7879, #3229, #6572, #1223, #5869, #3888 ),
 .UNSPECIFIED., .F., .F.,
 ( 4, 2, 2, 2, 2, 2, 2, 2, 2, 2, 4 ),
 ( 0.000000000000000000, 0.001123572146319450245, 0.002247144292638900490, 0.002808930365798620408, 0.003370716438958340760, 0.004494288585277778428, 0.005617860731597215662, 0.006741432877916652029, 0.007303218951076367177, 0.007865005024236081457, 0.008988577170555520426 ),
 .UNSPECIFIED. ) ;
#5895 = EDGE_CURVE ( 'NONE', #3913, #1496, #2718, .T. ) ;
#5896 = CARTESIAN_POINT ( 'NONE',  ( -23.90000000000000213, 16.19999999999999929, -1.041704770954277048 ) ) ;
#5897 = CARTESIAN_POINT ( 'NONE',  ( -26.80000000000000071, -13.39999999999999680, -1.090042716855421645 ) ) ;
#5898 = EDGE_CURVE ( 'NONE', #2117, #3969, #3568, .T. ) ;
#5899 = CARTESIAN_POINT ( 'NONE',  ( -30.95295902685099421, 15.67701350817032946, -2.459293632864554269 ) ) ;
#5900 = ORIENTED_EDGE ( 'NONE', *, *, #8175, .T. ) ;
#5901 = CALENDAR_DATE ( 2025, 19, 6 ) ;
#5902 = ADVANCED_FACE ( 'NONE', ( #6504 ), #6598, .T. ) ;
#5903 = AXIS2_PLACEMENT_3D ( 'NONE', #5988, #6078, #7327 ) ;
#5904 = CARTESIAN_POINT ( 'NONE',  ( -12.00000000000000000, 24.76813061057712773, -1.937490070343665938 ) ) ;
#5905 = CARTESIAN_POINT ( 'NONE',  ( -25.05434862802663432, 19.73991199327077695, 1.554728983250192487 ) ) ;
#5906 = B_SPLINE_CURVE_WITH_KNOTS ( 'NONE', 1,
 ( #657, #4554 ),
 .UNSPECIFIED., .F., .F.,
 ( 2, 2 ),
 ( 0.000000000000000000, 1.000000000000000000 ),
 .UNSPECIFIED. ) ;
#5907 = AXIS2_PLACEMENT_3D ( 'NONE', #1339, #7275, #3296 ) ;
#5908 = AXIS2_PLACEMENT_3D ( 'NONE', #2274, #6956, #980 ) ;
#5909 = VERTEX_POINT ( 'NONE', #4634 ) ;
#5910 = CARTESIAN_POINT ( 'NONE',  ( 28.49999999999999289, 18.50000000000001066, 1.276319709107132105 ) ) ;
#5911 = CARTESIAN_POINT ( 'NONE',  ( -30.46560015095768748, 15.98799442496127199, -2.413284246965535118 ) ) ;
#5912 = CARTESIAN_POINT ( 'NONE',  ( 31.30890387009328890, 18.27173669958104441, 0.5626115655543622029 ) ) ;
#5913 = CARTESIAN_POINT ( 'NONE',  ( 26.80000000000000071, 13.39999999999999680, 0.3145773350004543722 ) ) ;
#5914 = DIRECTION ( 'NONE',  ( -0.000000000000000000, 1.000000000000000000, 0.000000000000000000 ) ) ;
#5915 = CARTESIAN_POINT ( 'NONE',  ( 1.525651480632965074, -19.69999985187457270, -0.003496644794779439451 ) ) ;
#5916 = CARTESIAN_POINT ( 'NONE',  ( 31.22038796473679056, -17.29605884066232591, 1.031027130765760136 ) ) ;
#5917 = EDGE_LOOP ( 'NONE', ( #1005, #4431, #7130, #4198, #6778, #8255 ) ) ;
#5918 = CARTESIAN_POINT ( 'NONE',  ( -30.00000000013443824, -14.99999999999509015, 1.143850916775958959 ) ) ;
#5919 = CARTESIAN_POINT ( 'NONE',  ( -26.00004677359550342, 20.13055509370881779, 1.481896289636130515 ) ) ;
#5920 = CARTESIAN_POINT ( 'NONE',  ( 30.35913650699218991, 19.71410573518518916, 1.111446379361745729 ) ) ;
#5921 = CARTESIAN_POINT ( 'NONE',  ( 1.385640646055105174, -19.30000000000000071, 0.2970935385293582698 ) ) ;
#5922 = EDGE_LOOP ( 'NONE', ( #3119, #3090, #5900, #8512, #3637, #3280, #1837, #7251, #4595, #2879, #5772, #1148, #6148, #7643, #6631, #532, #3907 ) ) ;
#5923 = CARTESIAN_POINT ( 'NONE',  ( -28.00000000000000000, 22.00000000000000000, -1.190024482224716351 ) ) ;
#5924 = DIRECTION ( 'NONE',  ( -0.000000000000000000, 0.000000000000000000, -1.000000000000000000 ) ) ;
#5925 = CARTESIAN_POINT ( 'NONE',  ( -32.00000000000000000, 15.29999999999999716, 0.5022692811654794198 ) ) ;
#5926 = ORIENTED_EDGE ( 'NONE', *, *, #5554, .T. ) ;
#5927 = DIRECTION ( 'NONE',  ( -0.000000000000000000, 1.000000000000000000, -0.000000000000000000 ) ) ;
#5928 = DIRECTION ( 'NONE',  ( -1.000000000000000000, 9.981752284542499842E-16, -1.244041547884033678E-13 ) ) ;
#5929 = DIRECTION ( 'NONE',  ( 0.000000000000000000, 0.000000000000000000, -1.000000000000000000 ) ) ;
#5930 = CARTESIAN_POINT ( 'NONE',  ( -27.44792937947993394, 20.03866770450961354, -1.662505517015545387 ) ) ;
#5931 = CARTESIAN_POINT ( 'NONE',  ( 31.10159355699472528, 18.65852005072120079, 0.5804650513629560082 ) ) ;
#5932 = CARTESIAN_POINT ( 'NONE',  ( -31.32030349825223325, -18.27303011086889128, -1.949311595800707009 ) ) ;
#5933 = VERTEX_POINT ( 'NONE', #1399 ) ;
#5934 = DIRECTION ( 'NONE',  ( 1.000000000000000000, 0.000000000000000000, 0.000000000000000000 ) ) ;
#5935 = CARTESIAN_POINT ( 'NONE',  ( 0.1732050807568889239, -16.80000000000000071, 1.778091562876227272E-13 ) ) ;
#5936 = EDGE_CURVE ( 'NONE', #5206, #6494, #5332, .T. ) ;
#5937 = ADVANCED_FACE ( 'NONE', ( #7126 ), #3789, .F. ) ;
#5938 = EDGE_CURVE ( 'NONE', #2908, #1801, #4705, .T. ) ;
#5939 = CARTESIAN_POINT ( 'NONE',  ( -1.559054722384332958, -19.20036199094985108, 0.4963678031076565467 ) ) ;
#5940 = VERTEX_POINT ( 'NONE', #1424 ) ;
#5941 = EDGE_CURVE ( 'NONE', #4133, #253, #6905, .T. ) ;
#5942 = CARTESIAN_POINT ( 'NONE',  ( 24.01832890850495872, -16.19703133710647691, 1.116283567652847530 ) ) ;
#5943 = CARTESIAN_POINT ( 'NONE',  ( 29.55485135078863834, -15.23991199325000956, 1.183890698149722587 ) ) ;
#5944 = CARTESIAN_POINT ( 'NONE',  ( 26.78410002272807944, 5.580403008799160069, 1.419465309405898434 ) ) ;
#5945 = CARTESIAN_POINT ( 'NONE',  ( -28.00000000000000000, -12.81170273297426299, -1.190024482224707691 ) ) ;
#5946 = DIRECTION ( 'NONE',  ( 1.000000000000000000, 0.000000000000000000, 0.000000000000000000 ) ) ;
#5947 = DIRECTION ( 'NONE',  ( -1.000000000000000000, 0.000000000000000000, 0.000000000000000000 ) ) ;
#5948 = FACE_OUTER_BOUND ( 'NONE', #1664, .T. ) ;
#5949 = AXIS2_PLACEMENT_3D ( 'NONE', #2550, #8511, #3827 ) ;
#5950 = ORIENTED_EDGE ( 'NONE', *, *, #7604, .F. ) ;
#5951 = AXIS2_PLACEMENT_3D ( 'NONE', #783, #7375, #6759 ) ;
#5952 = CARTESIAN_POINT ( 'NONE',  ( -26.80000000000000071, -13.39999999999999680, 5.301000000000002821 ) ) ;
#5953 = DIRECTION ( 'NONE',  ( 0.000000000000000000, 0.000000000000000000, -1.000000000000000000 ) ) ;
#5954 = CIRCLE ( 'NONE', #921, 329.4999999999999432 ) ;
#5955 = DIRECTION ( 'NONE',  ( 1.092459456231154036E-13, 0.000000000000000000, 1.000000000000000000 ) ) ;
#5956 = CIRCLE ( 'NONE', #7868, 332.5000000000000000 ) ;
#5957 = AXIS2_PLACEMENT_3D ( 'NONE', #4712, #1328, #6702 ) ;
#5958 = CARTESIAN_POINT ( 'NONE',  ( -26.80000000000000071, 13.39999999999999680, 5.301000000000002821 ) ) ;
#5960 = CARTESIAN_POINT ( 'NONE',  ( -30.16829175190430590, 17.13542977239527687, -1.927345897315831058 ) ) ;
#5959 = VECTOR ( 'NONE', #519, 1000.000000000000000 ) ;
#5961 = DIRECTION ( 'NONE',  ( 0.000000000000000000, 0.000000000000000000, 1.000000000000000000 ) ) ;
#5962 = CARTESIAN_POINT ( 'NONE',  ( -31.77196841216672141, -17.04729118105862895, -2.537289477605288113 ) ) ;
#5963 = LINE ( 'NONE', #2553, #2296 ) ;
#5964 = CARTESIAN_POINT ( 'NONE',  ( -28.05568211123898692, -18.23889343526771611, 1.314257484297676859 ) ) ;
#5965 = CARTESIAN_POINT ( 'NONE',  ( 24.50477255780686647, 16.13913486028863531, -0.9109650879281878666 ) ) ;
#5966 = CARTESIAN_POINT ( 'NONE',  ( 25.82509286841955998, -16.05383439626669784, 1.495599120405105564 ) ) ;
#5967 = ORIENTED_EDGE ( 'NONE', *, *, #954, .T. ) ;
#5968 = CYLINDRICAL_SURFACE ( 'NONE', #7964, 328.9999999999999432 ) ;
#5969 = LINE ( 'NONE', #1019, #7731 ) ;
#5970 = VERTEX_POINT ( 'NONE', #6155 ) ;
#5971 = CYLINDRICAL_SURFACE ( 'NONE', #6949, 0.8000000000000020428 ) ;
#5972 = LINE ( 'NONE', #3932, #4297 ) ;
#5973 = CARTESIAN_POINT ( 'NONE',  ( 25.96616391257247614, -14.92148028554644945, -1.023159382127722061 ) ) ;
#5974 = CARTESIAN_POINT ( 'NONE',  ( -31.40230147895935175, -18.07480977159412916, 0.5545266529182950599 ) ) ;
#5975 = DIRECTION ( 'NONE',  ( 0.000000000000000000, -1.000000000000000000, 0.000000000000000000 ) ) ;
#5976 = EDGE_LOOP ( 'NONE', ( #8165, #5794, #7387, #5837 ) ) ;
#5977 = VERTEX_POINT ( 'NONE', #754 ) ;
#5978 = PLANE ( 'NONE',  #2533 ) ;
#5979 = CARTESIAN_POINT ( 'NONE',  ( 30.95295902883156458, -22.00000000000000355, -2.459293633051695682 ) ) ;
#5980 = ORIENTED_EDGE ( 'NONE', *, *, #7224, .T. ) ;
#5981 = ADVANCED_FACE ( 'NONE', ( #47 ), #8196, .F. ) ;
#5982 = ORIENTED_EDGE ( 'NONE', *, *, #3951, .T. ) ;
#5983 = DIRECTION ( 'NONE',  ( 0.000000000000000000, 0.000000000000000000, -1.000000000000000000 ) ) ;
#5984 = VERTEX_POINT ( 'NONE', #6218 ) ;
#5985 = ORIENTED_EDGE ( 'NONE', *, *, #6329, .T. ) ;
#5986 = CARTESIAN_POINT ( 'NONE',  ( -32.00000000000000711, -15.74309563196237427, 0.5022692811654323464 ) ) ;
#5987 = CIRCLE ( 'NONE', #164, 0.5000000000000004441 ) ;
#5988 = CARTESIAN_POINT ( 'NONE',  ( 29.99999999999999645, -15.50000000000000355, 1.143850916804078910 ) ) ;
#5989 = CARTESIAN_POINT ( 'NONE',  ( -29.51269704323306442, -7.980954348111860774, -1.322311815088594633 ) ) ;
#5990 = CARTESIAN_POINT ( 'NONE',  ( 28.08730243720646769, -7.980939655709995861, -1.197437000930478446 ) ) ;
#5991 = CARTESIAN_POINT ( 'NONE',  ( -32.00000000000000000, -15.30000000000000249, -2.559466693036090312 ) ) ;
#5992 = EDGE_CURVE ( 'NONE', #5760, #5570, #7846, .T. ) ;
#5993 = CARTESIAN_POINT ( 'NONE',  ( 1.438509772607088344, -19.50000000000000355, 0.1966489378022294732 ) ) ;
#5994 = ORIENTED_EDGE ( 'NONE', *, *, #1100, .F. ) ;
#5995 = ORIENTED_EDGE ( 'NONE', *, *, #7445, .T. ) ;
#5997 = CARTESIAN_POINT ( 'NONE',  ( 1.385640646055104952, -19.50000000000000355, 0.1970926583091661688 ) ) ;
#5996 = CARTESIAN_POINT ( 'NONE',  ( 26.48037816185492588, -15.20805655267895418, 1.443871666361163486 ) ) ;
#5998 = CARTESIAN_POINT ( 'NONE',  ( 26.66722119973580973, -20.36239685513891118, -1.590876369418283254 ) ) ;
#5999 = EDGE_CURVE ( 'NONE', #8237, #4432, #1166, .T. ) ;
#6000 = PERSON_AND_ORGANIZATION ( #7011, #4851 ) ;
#6001 = CARTESIAN_POINT ( 'NONE',  ( -26.55144295277372635, -20.85478711552334730, -2.073096438436602629 ) ) ;
#6002 = CARTESIAN_POINT ( 'NONE',  ( 24.11410096664868163, -16.19002033750918201, 1.107624926268952370 ) ) ;
#6003 = ORIENTED_EDGE ( 'NONE', *, *, #4483, .F. ) ;
#6004 = DIRECTION ( 'NONE',  ( 0.000000000000000000, -1.000000000000000000, -0.000000000000000000 ) ) ;
#6005 = CARTESIAN_POINT ( 'NONE',  ( -7.000000000000000000, 24.02076560824310292, -1.937490070343665938 ) ) ;
#6006 = EDGE_CURVE ( 'NONE', #7851, #7880, #7070, .T. ) ;
#6007 = CARTESIAN_POINT ( 'NONE',  ( 30.61939902637257305, -19.39728837238491010, -1.888880549551025689 ) ) ;
#6008 = EDGE_CURVE ( 'NONE', #1940, #4100, #5013, .T. ) ;
#6009 = DIRECTION ( 'NONE',  ( -0.9970478274445581102, -3.772574004768831169E-15, -0.07678300455235541333 ) ) ;
#6010 = CARTESIAN_POINT ( 'NONE',  ( 25.00144388323976941, -19.99999999999921840, 1.558709437338138937 ) ) ;
#6011 = ORIENTED_EDGE ( 'NONE', *, *, #3711, .T. ) ;
#6012 = AXIS2_PLACEMENT_3D ( 'NONE', #1885, #4663, #7241 ) ;
#6013 = DIRECTION ( 'NONE',  ( 1.000000000000000000, 0.000000000000000000, 0.000000000000000000 ) ) ;
#6014 = CARTESIAN_POINT ( 'NONE',  ( 0.000000000000000000, 16.19999999999999929, -330.0000000000000000 ) ) ;
#6015 = CARTESIAN_POINT ( 'NONE',  ( 28.99999999999999289, -18.36757449532617059, 1.232924088186870826 ) ) ;
#6016 = EDGE_CURVE ( 'NONE', #499, #4814, #7420, .T. ) ;
#6017 = AXIS2_PLACEMENT_3D ( 'NONE', #7894, #1918, #7956 ) ;
#6018 = CARTESIAN_POINT ( 'NONE',  ( -25.74195575396801772, -22.00000000000000355, 1.003348764822777905 ) ) ;
#6019 = CARTESIAN_POINT ( 'NONE',  ( -25.16693885544045628, 15.81962616161624169, 1.009601533727647826 ) ) ;
#6020 = CARTESIAN_POINT ( 'NONE',  ( -25.30000000000000071, -20.49999999999999645, -1.472740857018096428 ) ) ;
#6021 = CARTESIAN_POINT ( 'NONE',  ( 27.61396724997520380, -20.49364446039383481, -2.160865291155482648 ) ) ;
#6022 = ORIENTED_EDGE ( 'NONE', *, *, #2279, .F. ) ;
#6023 = CARTESIAN_POINT ( 'NONE',  ( 1.558845726811992849, -19.20000000000000284, 0.1954572673585567300 ) ) ;
#6024 = CARTESIAN_POINT ( 'NONE',  ( 1.564013388122211135, -19.40444443386891749, 0.1954111399701523033 ) ) ;
#6026 = CARTESIAN_POINT ( 'NONE',  ( 30.34493797243066737, -19.73049731380529437, 0.6447857828546995629 ) ) ;
#6025 = CARTESIAN_POINT ( 'NONE',  ( 23.90000000000000568, 16.19999999999999929, -0.8666075889594559989 ) ) ;
#6027 = CARTESIAN_POINT ( 'NONE',  ( -30.00000000000000000, 15.29999999999999716, -1.868547682487433192 ) ) ;
#6028 = ADVANCED_FACE ( 'NONE', ( #5646 ), #7222, .T. ) ;
#6029 = ORIENTED_EDGE ( 'NONE', *, *, #1089, .F. ) ;
#6030 = CARTESIAN_POINT ( 'NONE',  ( 28.39760603037809972, 7.700685153621472878, 1.285127047913231735 ) ) ;
#6031 = CARTESIAN_POINT ( 'NONE',  ( 26.97986125466899665, 20.23278914190375488, -1.593076976282918666 ) ) ;
#6032 = CARTESIAN_POINT ( 'NONE',  ( -21.40000000000000213, 16.75631529253509200, 1.810623699724234204 ) ) ;
#6033 = DIRECTION ( 'NONE',  ( 1.000000000000000000, 0.000000000000000000, 0.000000000000000000 ) ) ;
#6034 = CARTESIAN_POINT ( 'NONE',  ( -25.74184741587168901, 22.00000000000000000, -1.504228366936057881 ) ) ;
#6035 = DIRECTION ( 'NONE',  ( -1.000000000000000000, 0.000000000000000000, 0.000000000000000000 ) ) ;
#6036 = CARTESIAN_POINT ( 'NONE',  ( 26.07131410041652941, -21.45994553906971802, -2.034386688821209876 ) ) ;
#6037 = CARTESIAN_POINT ( 'NONE',  ( -28.44575257034005489, 18.84364878409261124, -1.228214833945729278 ) ) ;
#6038 = ORIENTED_EDGE ( 'NONE', *, *, #6008, .T. ) ;
#6039 = CARTESIAN_POINT ( 'NONE',  ( 28.49999999999999645, -18.50000000000000355, 1.276319709107132105 ) ) ;
#6040 = CARTESIAN_POINT ( 'NONE',  ( -25.20408877957391169, 16.46762634687224391, 1.543412326694918679 ) ) ;
#6041 = VERTEX_POINT ( 'NONE', #6299 ) ;
#6042 = EDGE_CURVE ( 'NONE', #7927, #7702, #6999, .T. ) ;
#6043 = CARTESIAN_POINT ( 'NONE',  ( -28.26655993481590556, -21.32344116490008545, 0.8135574157107708926 ) ) ;
#6044 = CARTESIAN_POINT ( 'NONE',  ( -24.33969379130092037, 16.15758270020187481, 1.087058518562775022 ) ) ;
#6045 = CARTESIAN_POINT ( 'NONE',  ( -30.33132358566812314, -16.65781915087942266, -1.944082764348619818 ) ) ;
#6046 = CARTESIAN_POINT ( 'NONE',  ( 28.73709604319801514, -19.82929681503262742, -2.257301141862088745 ) ) ;
#6047 = CARTESIAN_POINT ( 'NONE',  ( 25.53834586466164680, 20.00000000000001066, 2.019265842371722908 ) ) ;
#6048 = DIRECTION ( 'NONE',  ( -0.9970478274445583322, 0.000000000000000000, -0.07678300455235004263 ) ) ;
#6049 = ORIENTED_EDGE ( 'NONE', *, *, #483, .T. ) ;
#6051 = CARTESIAN_POINT ( 'NONE',  ( -28.73612099812751808, -19.21764734136247554, -1.726619850809684165 ) ) ;
#6050 = CARTESIAN_POINT ( 'NONE',  ( 25.92456254451846576, -15.95470115814332601, 1.487809960316925917 ) ) ;
#6052 = CARTESIAN_POINT ( 'NONE',  ( 26.50671685865505722, -15.16859258241393427, 1.441773339514340835 ) ) ;
#6053 = CIRCLE ( 'NONE', #8129, 330.1999999999999886 ) ;
#6054 = CARTESIAN_POINT ( 'NONE',  ( 29.49867407959500198, 7.996433096841575328, 1.188888488577207303 ) ) ;
#6055 = CARTESIAN_POINT ( 'NONE',  ( -30.44665267704264977, -15.23937041970314965, 1.103095944039518272 ) ) ;
#6056 = CARTESIAN_POINT ( 'NONE',  ( -21.40000000000000213, 21.63219801283253929, 1.810623699724224211 ) ) ;
#6058 = ORIENTED_EDGE ( 'NONE', *, *, #1458, .T. ) ;
#6057 = CARTESIAN_POINT ( 'NONE',  ( -23.93683557770485848, -16.75631529253509555, 1.637268566917704504 ) ) ;
#6059 = CARTESIAN_POINT ( 'NONE',  ( -26.07131410041743536, 21.45994553906901103, -2.034386688821266720 ) ) ;
#6060 = DIRECTION ( 'NONE',  ( -0.000000000000000000, -1.000000000000000000, -0.000000000000000000 ) ) ;
#6061 = CIRCLE ( 'NONE', #2767, 332.5000000000000000 ) ;
#6062 = DIRECTION ( 'NONE',  ( 1.001543065824771570E-15, 1.000000000000000000, 0.000000000000000000 ) ) ;
#6063 = CARTESIAN_POINT ( 'NONE',  ( -32.00000000000000000, -15.30000000000000071, -2.009146468990752332 ) ) ;
#6064 = DIRECTION ( 'NONE',  ( -0.000000000000000000, 0.000000000000000000, 1.000000000000000000 ) ) ;
#6065 = LINE ( 'NONE', #893, #8341 ) ;
#6066 = AXIS2_PLACEMENT_3D ( 'NONE', #7522, #7558, #1550 ) ;
#6067 = AXIS2_PLACEMENT_3D ( 'NONE', #7321, #6712, #1336 ) ;
#6068 = ORIENTED_EDGE ( 'NONE', *, *, #4087, .T. ) ;
#6069 = CIRCLE ( 'NONE', #6542, 0.5000000000000000000 ) ;
#6070 = ADVANCED_FACE ( 'NONE', ( #3024 ), #2898, .T. ) ;
#6071 = DIRECTION ( 'NONE',  ( -0.000000000000000000, -1.000000000000000000, -0.000000000000000000 ) ) ;
#6072 = CARTESIAN_POINT ( 'NONE',  ( 25.30000000000000071, -20.49999999999999645, -1.472740857018096428 ) ) ;
#6073 = FACE_OUTER_BOUND ( 'NONE', #56, .T. ) ;
#6074 = ORIENTED_EDGE ( 'NONE', *, *, #605, .F. ) ;
#6075 = CIRCLE ( 'NONE', #102, 0.5000000000000000000 ) ;
#6076 = VERTEX_POINT ( 'NONE', #5566 ) ;
#6077 = AXIS2_PLACEMENT_3D ( 'NONE', #4681, #7456, #6150 ) ;
#6078 = DIRECTION ( 'NONE',  ( -0.000000000000000000, 1.000000000000000000, 0.000000000000000000 ) ) ;
#6079 = CARTESIAN_POINT ( 'NONE',  ( -12.00000000000000178, 21.76126113336908574, 2.229162648355935694 ) ) ;
#6080 = DIRECTION ( 'NONE',  ( 0.000000000000000000, 0.000000000000000000, 1.000000000000000000 ) ) ;
#6081 = ORIENTED_EDGE ( 'NONE', *, *, #5830, .F. ) ;
#6082 = LINE ( 'NONE', #3096, #6513 ) ;
#6083 = CARTESIAN_POINT ( 'NONE',  ( 0.1731526737733677657, -16.79990922844186585, -5.502974118054559938E-08 ) ) ;
#6084 = ORIENTED_EDGE ( 'NONE', *, *, #1191, .F. ) ;
#6085 = FACE_OUTER_BOUND ( 'NONE', #1032, .T. ) ;
#6087 = CARTESIAN_POINT ( 'NONE',  ( 31.64775765833089594, -17.45508903405692891, 0.5331790916242719058 ) ) ;
#6086 = CARTESIAN_POINT ( 'NONE',  ( 26.20000000000000284, 14.05208204997385124, -1.041704770954276826 ) ) ;
#6088 = CARTESIAN_POINT ( 'NONE',  ( -28.00000000000000000, 12.59999999999999432, 1.318955087088236056 ) ) ;
#6089 = ORIENTED_EDGE ( 'NONE', *, *, #2422, .T. ) ;
#6090 = ORIENTED_EDGE ( 'NONE', *, *, #5658, .F. ) ;
#6091 = CARTESIAN_POINT ( 'NONE',  ( -30.18949551072088511, -18.15778184621416358, -2.388031071668333727 ) ) ;
#6092 = ORIENTED_EDGE ( 'NONE', *, *, #6042, .F. ) ;
#6093 = CARTESIAN_POINT ( 'NONE',  ( 25.76883500024048956, -15.24081664382757850, 0.9512297867014243291 ) ) ;
#6094 = FACE_OUTER_BOUND ( 'NONE', #5018, .T. ) ;
#6095 = DIRECTION ( 'NONE',  ( 1.001543065824771570E-15, 1.000000000000000000, 0.000000000000000000 ) ) ;
#6096 = CARTESIAN_POINT ( 'NONE',  ( -31.41195886219801281, 16.11585381818487406, -2.502984235498399102 ) ) ;
#6097 = CARTESIAN_POINT ( 'NONE',  ( -0.1731526737732871080, -16.79990922844172374, -5.502974123475570800E-08 ) ) ;
#6098 = CARTESIAN_POINT ( 'NONE',  ( 31.95647025912675687, -16.18142023029755450, -2.005270463265225622 ) ) ;
#6099 = CARTESIAN_POINT ( 'NONE',  ( 25.30000000000000071, 19.99999999999999645, -1.472740857018096428 ) ) ;
#6100 = CARTESIAN_POINT ( 'NONE',  ( -26.64205979580454198, 20.32671730097385421, -1.568375666103362542 ) ) ;
#6101 = ORIENTED_EDGE ( 'NONE', *, *, #5379, .T. ) ;
#6102 = ORIENTED_EDGE ( 'NONE', *, *, #5484, .T. ) ;
#6103 = VECTOR ( 'NONE', #5320, 1000.000000000000000 ) ;
#6104 = CARTESIAN_POINT ( 'NONE',  ( 28.00180803813212194, 18.63036663308763963, 1.318802283534194819 ) ) ;
#6105 = CARTESIAN_POINT ( 'NONE',  ( -24.31229490791924874, 16.75630506296400668, 1.610168753038843104 ) ) ;
#6106 = DIRECTION ( 'NONE',  ( 0.000000000000000000, 0.000000000000000000, 1.000000000000000000 ) ) ;
#6107 = CARTESIAN_POINT ( 'NONE',  ( -29.21775310183768681, 7.686559691257462745, -1.295961599106155715 ) ) ;
#6108 = ORIENTED_EDGE ( 'NONE', *, *, #6453, .T. ) ;
#6109 = EDGE_CURVE ( 'NONE', #6791, #2833, #4601, .T. ) ;
#6110 = CALENDAR_DATE ( 2025, 19, 6 ) ;
#6111 = CARTESIAN_POINT ( 'NONE',  ( -25.85320432866067009, 15.11693665955188237, 0.9429145334487009089 ) ) ;
#6112 = CARTESIAN_POINT ( 'NONE',  ( -30.03583275428473698, -17.45420645680428606, -1.913819582325419377 ) ) ;
#6113 = CARTESIAN_POINT ( 'NONE',  ( 30.20128234097725795, -18.15554130522490794, -2.389063752950389308 ) ) ;
#6114 = CARTESIAN_POINT ( 'NONE',  ( -29.36104065147828734, -20.64743349590502675, -2.312391286529994705 ) ) ;
#6115 = EDGE_CURVE ( 'NONE', #6962, #7137, #3774, .T. ) ;
#6117 = CARTESIAN_POINT ( 'NONE',  ( 25.74192458044844400, -22.00000000000000000, 1.003350969524539726 ) ) ;
#6116 = CARTESIAN_POINT ( 'NONE',  ( 24.98711817985266492, -16.55725808253622233, 1.559792204726549558 ) ) ;
#6118 = DIRECTION ( 'NONE',  ( 0.000000000000000000, 1.000000000000000000, 0.000000000000000000 ) ) ;
#6119 = EDGE_CURVE ( 'NONE', #5729, #7554, #1052, .T. ) ;
#6120 = VERTEX_POINT ( 'NONE', #1103 ) ;
#6121 = ADVANCED_FACE ( 'NONE', ( #2820 ), #556, .T. ) ;
#6122 = CARTESIAN_POINT ( 'NONE',  ( -30.80133420656515142, -16.80330740357503316, -2.444875371395029529 ) ) ;
#6123 = CARTESIAN_POINT ( 'NONE',  ( 26.20000000000000995, -13.89999999999999858, 0.9083693958394593038 ) ) ;
#6124 = PLANE ( 'NONE',  #1715 ) ;
#6125 = CARTESIAN_POINT ( 'NONE',  ( 28.36831186151480466, 18.00000000008937562, 1.287648958190850346 ) ) ;
#6126 = CARTESIAN_POINT ( 'NONE',  ( -32.00000000000000000, 15.29999999999999716, -2.559466693036036133 ) ) ;
#6127 = CARTESIAN_POINT ( 'NONE',  ( 0.8078035101779715843, -17.50000469593172880, -0.0006658624788813576664 ) ) ;
#6128 = AXIS2_PLACEMENT_3D ( 'NONE', #57, #7986, #753 ) ;
#6129 = EDGE_CURVE ( 'NONE', #253, #8616, #5104, .T. ) ;
#6130 = ORIENTED_EDGE ( 'NONE', *, *, #7082, .F. ) ;
#6131 = CARTESIAN_POINT ( 'NONE',  ( 25.70375947921781190, -22.00253823735158676, -2.005314973704905857 ) ) ;
#6132 = CARTESIAN_POINT ( 'NONE',  ( -26.84841457560683509, 19.75426033477748788, -1.093957855487144970 ) ) ;
#6133 = AXIS2_PLACEMENT_3D ( 'NONE', #7234, #513, #5892 ) ;
#6134 = DIRECTION ( 'NONE',  ( 0.000000000000000000, 0.000000000000000000, 1.000000000000000000 ) ) ;
#6135 = CARTESIAN_POINT ( 'NONE',  ( 31.95646056233746890, -16.17891187291847288, 0.5061163491846827345 ) ) ;
#6136 = VERTEX_POINT ( 'NONE', #8386 ) ;
#6137 = CARTESIAN_POINT ( 'NONE',  ( 26.19999999999999929, -6.513704236698701244, 0.4630236501506068691 ) ) ;
#6138 = PLANE ( 'NONE',  #4450 ) ;
#6139 = CARTESIAN_POINT ( 'NONE',  ( 0.000000000000000000, 16.19999999999999929, -330.0000000000000000 ) ) ;
#6140 = DIRECTION ( 'NONE',  ( 0.000000000000000000, 0.000000000000000000, -1.000000000000000000 ) ) ;
#6141 = CARTESIAN_POINT ( 'NONE',  ( 29.72292874368638138, 20.35158414493228562, 0.6964504723765151395 ) ) ;
#6142 = CARTESIAN_POINT ( 'NONE',  ( -28.65069911701996119, -21.10609246895437252, -1.726203616721376122 ) ) ;
#6143 = ORIENTED_EDGE ( 'NONE', *, *, #4970, .T. ) ;
#6145 = CARTESIAN_POINT ( 'NONE',  ( -29.43520393174148353, -18.47105412271836045, -1.781935572537107548 ) ) ;
#6144 = CARTESIAN_POINT ( 'NONE',  ( 24.67526739508024392, -16.66109478103624042, 1.583155832293363652 ) ) ;
#6146 = B_SPLINE_CURVE_WITH_KNOTS ( 'NONE', 3,
 ( #50, #4046, #5437, #5383, #6056, #2054 ),
 .UNSPECIFIED., .F., .F.,
 ( 4, 2, 4 ),
 ( 0.000000000000000000, 0.0003909466601766183221, 0.0007818933203532366441 ),
 .UNSPECIFIED. ) ;
#6147 = CARTESIAN_POINT ( 'NONE',  ( -29.70167373185028126, -18.07403821701092994, -2.343207494063983987 ) ) ;
#6148 = ORIENTED_EDGE ( 'NONE', *, *, #2125, .T. ) ;
#6149 = CARTESIAN_POINT ( 'NONE',  ( 25.96262396548350182, -14.91831735174643470, 0.9320750359913423377 ) ) ;
#6150 = DIRECTION ( 'NONE',  ( 0.000000000000000000, 0.000000000000000000, 1.000000000000000000 ) ) ;
#6151 = CARTESIAN_POINT ( 'NONE',  ( -30.62173835264676569, 18.40851286830161015, -2.428147729158262269 ) ) ;
#6152 = DIRECTION ( 'NONE',  ( 0.000000000000000000, 1.000000000000000000, 0.000000000000000000 ) ) ;
#6153 = CARTESIAN_POINT ( 'NONE',  ( -29.29111584750387820, 7.759930245579917951, 1.207315787149263242 ) ) ;
#6154 = CARTESIAN_POINT ( 'NONE',  ( 30.89992006620909493, -17.86779057825819450, -2.454276481919506647 ) ) ;
#6155 = CARTESIAN_POINT ( 'NONE',  ( -29.50200554329099134, -15.50000000000078693, 1.188589279467233473 ) ) ;
#6156 = EDGE_LOOP ( 'NONE', ( #218, #6630, #8499, #8066 ) ) ;
#6157 = ADVANCED_FACE ( 'NONE', ( #6176 ), #5771, .T. ) ;
#6158 = DIRECTION ( 'NONE',  ( 0.000000000000000000, 0.000000000000000000, -1.000000000000000000 ) ) ;
#6159 = CARTESIAN_POINT ( 'NONE',  ( 26.19689096210128909, 15.62801964963321133, 1.466399027193922899 ) ) ;
#6160 = CIRCLE ( 'NONE', #4003, 332.5000000000000000 ) ;
#6161 = DIRECTION ( 'NONE',  ( -1.796974801439540264E-16, -1.000000000000000000, 0.000000000000000000 ) ) ;
#6162 = EDGE_CURVE ( 'NONE', #2642, #4679, #1753, .T. ) ;
#6163 = ORIENTED_EDGE ( 'NONE', *, *, #2853, .F. ) ;
#6164 = EDGE_CURVE ( 'NONE', #798, #2408, #7939, .T. ) ;
#6165 = CARTESIAN_POINT ( 'NONE',  ( -26.20000000000000284, 13.89999999999999858, 0.9083693958394913892 ) ) ;
#6166 = CARTESIAN_POINT ( 'NONE',  ( 26.20000000000000284, -13.39999999999999680, -1.041704770954277048 ) ) ;
#6167 = CARTESIAN_POINT ( 'NONE',  ( -25.26160849772382377, -21.50000000000000000, -1.971264770740402295 ) ) ;
#6168 = FACE_OUTER_BOUND ( 'NONE', #4791, .T. ) ;
#6170 = DIRECTION ( 'NONE',  ( 0.000000000000000000, 0.000000000000000000, 1.000000000000000000 ) ) ;
#6169 = CARTESIAN_POINT ( 'NONE',  ( 26.13943844932537175, -14.42569088732260951, 0.9144422581512259285 ) ) ;
#6171 = DIRECTION ( 'NONE',  ( -0.000000000000000000, -0.000000000000000000, -1.000000000000000000 ) ) ;
#6172 = EDGE_LOOP ( 'NONE', ( #667, #1526, #7976, #6022, #1714, #7249, #6967, #5950, #859, #8153, #4921, #526, #1093, #2093, #2176, #234 ) ) ;
#6173 = VECTOR ( 'NONE', #3508, 1000.000000000000000 ) ;
#6174 = CIRCLE ( 'NONE', #4873, 0.5000000000000004441 ) ;
#6175 = EDGE_CURVE ( 'NONE', #7644, #3669, #2089, .T. ) ;
#6176 = FACE_OUTER_BOUND ( 'NONE', #1452, .T. ) ;
#6177 = CARTESIAN_POINT ( 'NONE',  ( -29.21269323366287196, -18.74176799616182620, -1.831116729539186805 ) ) ;
#6178 = CIRCLE ( 'NONE', #1314, 0.5000000000000004441 ) ;
#6179 = CARTESIAN_POINT ( 'NONE',  ( 24.34482128336863127, -16.15657745935981282, 1.086588154868287193 ) ) ;
#6180 = CARTESIAN_POINT ( 'NONE',  ( -26.13943844932535754, 14.42569088732260951, 0.9144422581512021697 ) ) ;
#6181 = DIRECTION ( 'NONE',  ( -0.000000000000000000, -0.000000000000000000, -1.000000000000000000 ) ) ;
#6182 = DIRECTION ( 'NONE',  ( 9.769962616701379133E-15, 0.000000000000000000, -1.000000000000000000 ) ) ;
#6183 = CARTESIAN_POINT ( 'NONE',  ( 25.50000000000000000, -20.00000000000000355, 1.520738416181999231 ) ) ;
#6184 = ORIENTED_EDGE ( 'NONE', *, *, #3472, .F. ) ;
#6185 = SPHERICAL_SURFACE ( 'NONE', #3031, 0.5000000000000000000 ) ;
#6186 = CARTESIAN_POINT ( 'NONE',  ( 30.62173835264641397, -18.40851286830161371, -2.428147729158259160 ) ) ;
#6187 = CARTESIAN_POINT ( 'NONE',  ( -29.71369157762964974, 18.05472564218925768, -1.804335082489478603 ) ) ;
#6188 = AXIS2_PLACEMENT_3D ( 'NONE', #2793, #4237, #141 ) ;
#6189 = ORIENTED_EDGE ( 'NONE', *, *, #1543, .F. ) ;
#6190 = CYLINDRICAL_SURFACE ( 'NONE', #806, 0.5000000000000000000 ) ;
#6191 = EDGE_CURVE ( 'NONE', #3480, #3900, #4396, .T. ) ;
#6192 = FACE_OUTER_BOUND ( 'NONE', #4176, .T. ) ;
#6193 = CC_DESIGN_APPROVAL ( #4231, ( #8355 ) ) ;
#6194 = ORIENTED_EDGE ( 'NONE', *, *, #3875, .F. ) ;
#6195 = ORIENTED_EDGE ( 'NONE', *, *, #790, .T. ) ;
#6196 = CARTESIAN_POINT ( 'NONE',  ( 26.60183332338385398, 14.90096454417171756, 1.434145368481714922 ) ) ;
#6197 = EDGE_LOOP ( 'NONE', ( #178, #4154, #3008, #2562, #8432, #833 ) ) ;
#6198 = DIRECTION ( 'NONE',  ( 0.000000000000000000, 0.000000000000000000, 1.000000000000000000 ) ) ;
#6199 = VECTOR ( 'NONE', #5617, 1000.000000000000000 ) ;
#6200 = CARTESIAN_POINT ( 'NONE',  ( -25.53834586466165391, 19.99999999999999645, 2.019265842371722908 ) ) ;
#6201 = CARTESIAN_POINT ( 'NONE',  ( -26.07355534951165765, -21.45994604151463392, -2.034559591876568430 ) ) ;
#6202 = VERTEX_POINT ( 'NONE', #1878 ) ;
#6203 = ORIENTED_EDGE ( 'NONE', *, *, #728, .T. ) ;
#6204 = CARTESIAN_POINT ( 'NONE',  ( 25.90941320659873526, -15.01967710649535626, 0.9373512501145238041 ) ) ;
#6205 = CARTESIAN_POINT ( 'NONE',  ( 30.04511278195488089, -15.50000000000000355, 1.641811594874437175 ) ) ;
#6206 = FACE_OUTER_BOUND ( 'NONE', #3357, .T. ) ;
#6207 = ADVANCED_FACE ( 'NONE', ( #5432 ), #6386, .T. ) ;
#6208 = CARTESIAN_POINT ( 'NONE',  ( -26.55052660266940379, -20.85499621659309710, -2.073022311659470152 ) ) ;
#6209 = CARTESIAN_POINT ( 'NONE',  ( 24.75405821746773682, -16.03557777655699113, 1.048661889253160062 ) ) ;
#6210 = CARTESIAN_POINT ( 'NONE',  ( -25.49812072986963329, 15.55451365823669541, 0.9776947054232865142 ) ) ;
#6211 = VERTEX_POINT ( 'NONE', #7226 ) ;
#6212 = CARTESIAN_POINT ( 'NONE',  ( 28.49999999966182429, 18.00000000000001066, 1.276319709120303125 ) ) ;
#6213 = CARTESIAN_POINT ( 'NONE',  ( -25.95526884257257905, -19.96968801844544217, -1.022163951816097427 ) ) ;
#6214 = CARTESIAN_POINT ( 'NONE',  ( 26.19999999999999929, 22.00000000000000711, 0.4630236501506068691 ) ) ;
#6215 = ORIENTED_EDGE ( 'NONE', *, *, #4923, .T. ) ;
#6216 = DIRECTION ( 'NONE',  ( -0.000000000000000000, -0.000000000000000000, -1.000000000000000000 ) ) ;
#6217 = CARTESIAN_POINT ( 'NONE',  ( 31.40227401421026698, -18.07487046360683536, -1.956486628572323472 ) ) ;
#6218 = CARTESIAN_POINT ( 'NONE',  ( -25.30000000000000071, -22.00000000000000000, -1.472740857018151051 ) ) ;
#6219 = EDGE_LOOP ( 'NONE', ( #2923, #3347, #3384, #4374 ) ) ;
#6220 = LOCAL_TIME ( 17, 26, 55.00000000000000000, #7985 ) ;
#6221 = CARTESIAN_POINT ( 'NONE',  ( 31.50000000000000000, 5.580403008799160069, 0.5022692811654794198 ) ) ;
#6222 = CARTESIAN_POINT ( 'NONE',  ( 25.48252916999426887, 16.28525493980193772, 1.522084071683219575 ) ) ;
#6223 = CARTESIAN_POINT ( 'NONE',  ( 0.000000000000000000, 22.00000000000000000, -330.0000000000000000 ) ) ;
#6224 = CARTESIAN_POINT ( 'NONE',  ( 26.80000000000000071, -7.599999999999996092, 0.3145773350004543722 ) ) ;
#6225 = CARTESIAN_POINT ( 'NONE',  ( -26.12293545744136125, -14.49517759655276983, 0.9160949902330837169 ) ) ;
#6226 = CARTESIAN_POINT ( 'NONE',  ( 28.87910460382693145, -18.41210805993357624, -1.265996716390431098 ) ) ;
#6227 = CARTESIAN_POINT ( 'NONE',  ( 1.385640646055105174, -19.30000000000000071, 0.2970935385293582698 ) ) ;
#6228 = VERTEX_POINT ( 'NONE', #8594 ) ;
#6229 = CARTESIAN_POINT ( 'NONE',  ( -28.53300086945694503, -20.56753370477245113, -2.239574296679087251 ) ) ;
#6231 = CARTESIAN_POINT ( 'NONE',  ( 0.000000000000000000, 21.49999999999999645, -330.0000000000000000 ) ) ;
#6230 = CARTESIAN_POINT ( 'NONE',  ( 23.93683557770508585, -16.75631529253509555, 1.637268566917709611 ) ) ;
#6232 = DIRECTION ( 'NONE',  ( 0.000000000000000000, 0.000000000000000000, 1.000000000000000000 ) ) ;
#6233 = VERTEX_POINT ( 'NONE', #2025 ) ;
#6234 = CARTESIAN_POINT ( 'NONE',  ( 31.11434025199207554, 18.65785578295366776, -1.931391228848013952 ) ) ;
#6235 = CARTESIAN_POINT ( 'NONE',  ( 0.000000000000000000, -21.50000000000000000, -330.0000000000000000 ) ) ;
#6236 = CARTESIAN_POINT ( 'NONE',  ( -25.32780277449290907, 15.70355707368756626, 0.9941688748322471403 ) ) ;
#6237 = AXIS2_PLACEMENT_3D ( 'NONE', #3554, #133, #3523 ) ;
#6238 = CARTESIAN_POINT ( 'NONE',  ( -30.04552352048558461, -15.61111569842629088, -1.370624386102806458 ) ) ;
#6239 = DIRECTION ( 'NONE',  ( 0.5000000000000006661, 0.8660254037844381525, 0.000000000000000000 ) ) ;
#6240 = CARTESIAN_POINT ( 'NONE',  ( -29.59999999999999432, 8.188302168600522180, 1.179845401256272464 ) ) ;
#6241 = CARTESIAN_POINT ( 'NONE',  ( 29.02957629782460813, -20.23587411772714617, -2.283052680980725224 ) ) ;
#6242 = CARTESIAN_POINT ( 'NONE',  ( -30.04552352048558106, 15.29999999999999716, -1.370624386102751169 ) ) ;
#6243 = ORIENTED_EDGE ( 'NONE', *, *, #1680, .F. ) ;
#6244 = CARTESIAN_POINT ( 'NONE',  ( 30.23150684387674048, -16.98374892461376362, -1.846429802406405862 ) ) ;
#6245 = CARTESIAN_POINT ( 'NONE',  ( 24.27574773651832629, 16.16941298464214327, 1.034715327167112786 ) ) ;
#6246 = ORIENTED_EDGE ( 'NONE', *, *, #1696, .T. ) ;
#6247 = CARTESIAN_POINT ( 'NONE',  ( -29.99999999999999645, -15.50000000000000355, 1.143850916804078910 ) ) ;
#6248 = B_SPLINE_CURVE_WITH_KNOTS ( 'NONE', 3,
 ( #8139, #2770, #1576, #883, #6800, #2096 ),
 .UNSPECIFIED., .F., .F.,
 ( 4, 2, 4 ),
 ( 0.0007817912882994619908, 0.001172349525178528968, 0.001562907762057595944 ),
 .UNSPECIFIED. ) ;
#6249 = DIRECTION ( 'NONE',  ( 0.000000000000000000, 0.000000000000000000, 1.000000000000000000 ) ) ;
#6250 = CARTESIAN_POINT ( 'NONE',  ( 28.16087125295082316, 7.907662170565324722, -1.203754859370136820 ) ) ;
#6251 = CARTESIAN_POINT ( 'NONE',  ( 26.20226568580286752, 15.63024417874749794, 1.465989080829945390 ) ) ;
#6252 = CARTESIAN_POINT ( 'NONE',  ( -30.04552352048558106, -15.30000000000000071, -1.370624386102740955 ) ) ;
#6253 = ORIENTED_EDGE ( 'NONE', *, *, #6720, .F. ) ;
#6254 = CARTESIAN_POINT ( 'NONE',  ( 26.60469414962192403, 20.33670723546631720, -2.077397968599698164 ) ) ;
#6255 = CARTESIAN_POINT ( 'NONE',  ( 0.000000000000000000, -19.29999999999999716, -330.0000000000000000 ) ) ;
#6256 = CARTESIAN_POINT ( 'NONE',  ( 30.62782909560334232, 19.38607209347720328, -1.889600428095665308 ) ) ;
#6257 = CARTESIAN_POINT ( 'NONE',  ( -7.000000000000000000, 22.00000000000000000, -330.0000000000000000 ) ) ;
#6258 = DIRECTION ( 'NONE',  ( 0.000000000000000000, 0.000000000000000000, -1.000000000000000000 ) ) ;
#6260 = VERTEX_POINT ( 'NONE', #2629 ) ;
#6259 = DIRECTION ( 'NONE',  ( 0.000000000000000000, 0.000000000000000000, -1.000000000000000000 ) ) ;
#6261 = CARTESIAN_POINT ( 'NONE',  ( -30.01489071808524756, -15.91697973967387192, -1.367819646496100550 ) ) ;
#6262 = CARTESIAN_POINT ( 'NONE',  ( 25.00144388323976941, -19.99999999999921840, 1.558709437338138937 ) ) ;
#6263 = CARTESIAN_POINT ( 'NONE',  ( 21.39999999999999503, 22.00000000000000000, -330.0000000000000000 ) ) ;
#6264 = CARTESIAN_POINT ( 'NONE',  ( -30.03614774426782930, 17.45351072530491621, -1.830481640827867906 ) ) ;
#6265 = ORIENTED_EDGE ( 'NONE', *, *, #2866, .T. ) ;
#6266 = ORIENTED_EDGE ( 'NONE', *, *, #8508, .F. ) ;
#6267 = CIRCLE ( 'NONE', #8297, 0.5000000000000000000 ) ;
#6268 = EDGE_CURVE ( 'NONE', #5326, #1108, #2293, .T. ) ;
#6269 = CARTESIAN_POINT ( 'NONE',  ( -25.00144388323976941, -20.00000000000078870, 1.558709437338138937 ) ) ;
#6270 = CARTESIAN_POINT ( 'NONE',  ( 26.20000000000000284, 13.89999999999999858, 0.8513840016954478118 ) ) ;
#6271 = CARTESIAN_POINT ( 'NONE',  ( 31.11398573342065532, 18.65847394373779267, -1.931360511373966693 ) ) ;
#6272 = CARTESIAN_POINT ( 'NONE',  ( -25.31370668408992586, -15.73884577509918437, -0.9722481092528149071 ) ) ;
#6273 = CYLINDRICAL_SURFACE ( 'NONE', #4886, 0.5000000000000000000 ) ;
#6274 = EDGE_CURVE ( 'NONE', #292, #8616, #3665, .T. ) ;
#6275 = ADVANCED_BREP_SHAPE_REPRESENTATION ( '03002À‹∏«C', ( #4562, #7915 ), #4776 ) ;
#6276 = EDGE_CURVE ( 'NONE', #4103, #4850, #5232, .T. ) ;
#6277 = CARTESIAN_POINT ( 'NONE',  ( 25.96475199440704174, 14.91608557662682522, 0.8747207756390170674 ) ) ;
#6278 = CARTESIAN_POINT ( 'NONE',  ( -32.00000000000000000, 15.29999999999999361, 0.9568803805893620895 ) ) ;
#6279 = DIRECTION ( 'NONE',  ( 0.000000000000000000, 0.000000000000000000, -1.000000000000000000 ) ) ;
#6280 = CIRCLE ( 'NONE', #4565, 329.0000000000000000 ) ;
#6281 = CARTESIAN_POINT ( 'NONE',  ( -28.44833027569021766, -18.84138623565371518, -1.228438013082958857 ) ) ;
#6282 = ORIENTED_EDGE ( 'NONE', *, *, #4971, .F. ) ;
#6283 = CYLINDRICAL_SURFACE ( 'NONE', #7853, 0.7999999999999986011 ) ;
#6284 = CARTESIAN_POINT ( 'NONE',  ( 27.08739597605420002, 20.70196426809957302, -2.116933901388923012 ) ) ;
#6285 = VECTOR ( 'NONE', #4563, 1000.000000000000000 ) ;
#6286 = ORIENTED_EDGE ( 'NONE', *, *, #6191, .T. ) ;
#6287 = AXIS2_PLACEMENT_3D ( 'NONE', #7377, #4115, #2763 ) ;
#6288 = EDGE_CURVE ( 'NONE', #8120, #2005, #4445, .T. ) ;
#6289 = ORIENTED_EDGE ( 'NONE', *, *, #789, .T. ) ;
#6290 = CIRCLE ( 'NONE', #1541, 331.4000000000000341 ) ;
#6291 = CARTESIAN_POINT ( 'NONE',  ( 28.06799952570101908, 21.40537686973092590, -1.679995281494773174 ) ) ;
#6292 = EDGE_LOOP ( 'NONE', ( #1352, #8359, #2107, #6653 ) ) ;
#6293 = DIRECTION ( 'NONE',  ( 0.000000000000000000, 1.000000000000000000, 0.000000000000000000 ) ) ;
#6294 = CIRCLE ( 'NONE', #267, 0.5000000000000004441 ) ;
#6295 = CARTESIAN_POINT ( 'NONE',  ( -25.72330084169641395, 15.30398924265976213, 0.9557093316152815987 ) ) ;
#6296 = CARTESIAN_POINT ( 'NONE',  ( -27.60353433703443216, 19.97418076319871361, -1.676781557859795324 ) ) ;
#6297 = CARTESIAN_POINT ( 'NONE',  ( 29.41412969916492415, -17.65634378470024046, -1.313501459070544053 ) ) ;
#6298 = CARTESIAN_POINT ( 'NONE',  ( -0.07007010885528698607, -16.69999419796867812, 0.2000000141299048406 ) ) ;
#6299 = CARTESIAN_POINT ( 'NONE',  ( 0.000000000000000000, -22.00000000000000000, -0.5000000000000559552 ) ) ;
#6300 = ORIENTED_EDGE ( 'NONE', *, *, #8521, .T. ) ;
#6301 = AXIS2_PLACEMENT_3D ( 'NONE', #3174, #2573, #7840 ) ;
#6302 = EDGE_LOOP ( 'NONE', ( #6563, #4713, #6783, #7763 ) ) ;
#6303 = ORIENTED_EDGE ( 'NONE', *, *, #5541, .T. ) ;
#6304 = VECTOR ( 'NONE', #1152, 1000.000000000000000 ) ;
#6305 = CARTESIAN_POINT ( 'NONE',  ( 24.95099670822648008, 15.94617152590056186, 0.9723337800276284915 ) ) ;
#6306 = CARTESIAN_POINT ( 'NONE',  ( 31.82590259013250744, 16.83335067909602500, -2.542522564524172690 ) ) ;
#6307 = CARTESIAN_POINT ( 'NONE',  ( 29.92507974333643261, 16.36746561408430267, -1.359633479117437371 ) ) ;
#6308 = ORIENTED_EDGE ( 'NONE', *, *, #3535, .T. ) ;
#6309 = VERTEX_POINT ( 'NONE', #1295 ) ;
#6310 = CARTESIAN_POINT ( 'NONE',  ( 26.12356043500539471, 14.49292233606493774, 0.8590111819913890390 ) ) ;
#6311 = CARTESIAN_POINT ( 'NONE',  ( 24.68825097713173733, 16.66320428595698644, 1.582354532659777879 ) ) ;
#6312 = ADVANCED_FACE ( 'NONE', ( #1886 ), #6384, .F. ) ;
#6313 = CARTESIAN_POINT ( 'NONE',  ( -29.82238120552870697, -17.88885048572884529, -1.350002032899491056 ) ) ;
#6314 = CARTESIAN_POINT ( 'NONE',  ( 30.04552352048558106, 15.29999999999999716, -1.370624386102740511 ) ) ;
#6315 = ORIENTED_EDGE ( 'NONE', *, *, #4152, .F. ) ;
#6316 = DATE_AND_TIME ( #7354, #3922 ) ;
#6317 = CARTESIAN_POINT ( 'NONE',  ( 29.72709651499729944, 20.34792235300999863, -1.813825011512431917 ) ) ;
#6318 = CARTESIAN_POINT ( 'NONE',  ( 28.02087904403064655, -8.190277073173884759, 1.317192381205007035 ) ) ;
#6319 = CARTESIAN_POINT ( 'NONE',  ( -25.99640605699546470, -14.84892134121352392, 0.9287176868886947156 ) ) ;
#6320 = CARTESIAN_POINT ( 'NONE',  ( 28.00000000000000000, 12.59999999999999432, 1.318955087088236056 ) ) ;
#6321 = SECURITY_CLASSIFICATION_LEVEL ( 'unclassified' ) ;
#6322 = CARTESIAN_POINT ( 'NONE',  ( 29.42819559468103563, -18.48036915416304282, -1.781374482763250056 ) ) ;
#6323 = ORIENTED_EDGE ( 'NONE', *, *, #6119, .F. ) ;
#6324 = DIRECTION ( 'NONE',  ( 0.000000000000000000, 1.000000000000000000, 0.000000000000000000 ) ) ;
#6325 = CARTESIAN_POINT ( 'NONE',  ( -28.73327766607484790, 19.22014718554023815, -1.726397342135810975 ) ) ;
#6326 = CARTESIAN_POINT ( 'NONE',  ( -1.385640646055105840, -19.49999999999999645, 0.4954613909243787973 ) ) ;
#6327 = EDGE_CURVE ( 'NONE', #2022, #4093, #8147, .T. ) ;
#6328 = CARTESIAN_POINT ( 'NONE',  ( -25.11491630631237726, -15.85330795702780549, 1.014569315922378756 ) ) ;
#6329 = EDGE_CURVE ( 'NONE', #3806, #7457, #136, .T. ) ;
#6330 = CARTESIAN_POINT ( 'NONE',  ( 29.60000000000000142, 8.399999999999996803, -1.330196093404401037 ) ) ;
#6331 = ORIENTED_EDGE ( 'NONE', *, *, #6840, .T. ) ;
#6332 = CARTESIAN_POINT ( 'NONE',  ( 25.96265272361133825, 14.91826937512755791, 0.8749240494097662024 ) ) ;
#6333 = CARTESIAN_POINT ( 'NONE',  ( 25.23933965392289025, 19.55425106912025157, 1.540697720404018645 ) ) ;
#6334 = DIRECTION ( 'NONE',  ( -0.000000000000000000, -0.000000000000000000, -1.000000000000000000 ) ) ;
#6335 = CARTESIAN_POINT ( 'NONE',  ( -31.41203139149553891, -16.11273147282085461, -2.502991567951323049 ) ) ;
#6336 = CARTESIAN_POINT ( 'NONE',  ( 1.385640646055104952, -19.50000000000000000, 0.1970926583091661688 ) ) ;
#6337 = DIRECTION ( 'NONE',  ( -0.000000000000000000, -1.000000000000000000, -0.000000000000000000 ) ) ;
#6338 = CARTESIAN_POINT ( 'NONE',  ( -29.44963611720074681, -18.45207465319900209, -1.316427517392436242 ) ) ;
#6339 = ORIENTED_EDGE ( 'NONE', *, *, #897, .T. ) ;
#6340 = EDGE_CURVE ( 'NONE', #4222, #6260, #1473, .T. ) ;
#6341 = EDGE_CURVE ( 'NONE', #3459, #953, #7732, .T. ) ;
#6342 = CARTESIAN_POINT ( 'NONE',  ( 25.63692703527079786, 20.99999999803278428, -2.000168183579605241 ) ) ;
#6343 = CARTESIAN_POINT ( 'NONE',  ( 27.44942302275649126, 21.64965697383387777, 0.8766348954525129411 ) ) ;
#6344 = AXIS2_PLACEMENT_3D ( 'NONE', #6139, #8197, #1523 ) ;
#6345 = EDGE_LOOP ( 'NONE', ( #2530, #7003, #2623, #2076 ) ) ;
#6346 = CARTESIAN_POINT ( 'NONE',  ( -31.22615873265052144, -17.30957045083548707, 1.030514347357016414 ) ) ;
#6347 = CARTESIAN_POINT ( 'NONE',  ( 27.44201890801693011, -21.10625078203680971, -2.146418483419437084 ) ) ;
#6348 = CARTESIAN_POINT ( 'NONE',  ( 28.10133168201723564, 13.00357868069837686, 1.310378327425564704 ) ) ;
#6349 = EDGE_CURVE ( 'NONE', #3415, #6228, #8353, .T. ) ;
#6350 = APPROVAL_ROLE ( '' ) ;
#6351 = DIRECTION ( 'NONE',  ( 0.000000000000000000, 0.000000000000000000, -1.000000000000000000 ) ) ;
#6352 = CARTESIAN_POINT ( 'NONE',  ( -23.91227852590191105, 16.38543843084502782, 1.297038399162799616 ) ) ;
#6353 = CARTESIAN_POINT ( 'NONE',  ( 32.00000000000000000, 22.00000000000000000, -2.009146468990752332 ) ) ;
#6354 = ORIENTED_EDGE ( 'NONE', *, *, #2693, .F. ) ;
#6355 = CARTESIAN_POINT ( 'NONE',  ( -25.47279179196627652, -15.57986498580971713, 0.9801581648762143217 ) ) ;
#6356 = AXIS2_PLACEMENT_3D ( 'NONE', #1477, #3398, #4740 ) ;
#6357 = CARTESIAN_POINT ( 'NONE',  ( -28.00000000000000000, -12.59999999999999254, 1.318955087088236056 ) ) ;
#6358 = CARTESIAN_POINT ( 'NONE',  ( -25.67549049921894522, 16.16872420393829302, 1.507195428181257402 ) ) ;
#6359 = CARTESIAN_POINT ( 'NONE',  ( -29.60000000000000142, -8.399999999999998579, 1.179845401256263138 ) ) ;
#6360 = CARTESIAN_POINT ( 'NONE',  ( 25.26160849772382022, 21.50000000000000000, -1.971264770740373873 ) ) ;
#6361 = CARTESIAN_POINT ( 'NONE',  ( 30.46621218677261567, 15.98210275180513307, -1.865751537549868111 ) ) ;
#6362 = CARTESIAN_POINT ( 'NONE',  ( 27.99999999999999289, -12.81169645958003933, 1.318955087088216072 ) ) ;
#6363 = VERTEX_POINT ( 'NONE', #8144 ) ;
#6364 = CARTESIAN_POINT ( 'NONE',  ( 26.07863487441880679, 14.63824584625539771, 0.8634598807006345078 ) ) ;
#6365 = CARTESIAN_POINT ( 'NONE',  ( -31.54743975720374749, 15.71008560578516011, 1.000013662787657243 ) ) ;
#6366 = CARTESIAN_POINT ( 'NONE',  ( 26.08227968918698991, 15.77634130637046006, 1.475462284547433001 ) ) ;
#6367 = DIRECTION ( 'NONE',  ( -0.000000000000000000, -1.000000000000000000, -0.000000000000000000 ) ) ;
#6368 = VECTOR ( 'NONE', #2358, 1000.000000000000000 ) ;
#6369 = CARTESIAN_POINT ( 'NONE',  ( 0.000000000000000000, -19.99999999999999645, -330.0000000000000000 ) ) ;
#6370 = CARTESIAN_POINT ( 'NONE',  ( 27.69597819947891892, 19.37969432877636322, -1.164175676702536411 ) ) ;
#6371 = VERTEX_POINT ( 'NONE', #6205 ) ;
#6372 = CARTESIAN_POINT ( 'NONE',  ( 0.000000000000000000, -22.00000000000000355, -330.0000000000000000 ) ) ;
#6373 = DIRECTION ( 'NONE',  ( -0.000000000000000000, -1.000000000000000000, -0.000000000000000000 ) ) ;
#6374 = VECTOR ( 'NONE', #1478, 1000.000000000000000 ) ;
#6375 = B_SPLINE_CURVE_WITH_KNOTS ( 'NONE', 3,
 ( #1917, #569, #5943, #3940, #1942, #3134 ),
 .UNSPECIFIED., .F., .F.,
 ( 4, 2, 4 ),
 ( 0.0007817912882994623161, 0.001172349525178382817, 0.001562907762057303427 ),
 .UNSPECIFIED. ) ;
#6376 = CARTESIAN_POINT ( 'NONE',  ( -24.49426977675248551, 16.12693014347046727, -0.9102669587197145251 ) ) ;
#6377 = CARTESIAN_POINT ( 'NONE',  ( -21.40000000000000213, 16.19999999999999929, 0.8085397930349680351 ) ) ;
#6378 = CARTESIAN_POINT ( 'NONE',  ( 29.07530720715052297, -18.17456442833910657, -1.283318905314832392 ) ) ;
#6379 = ORIENTED_EDGE ( 'NONE', *, *, #8505, .T. ) ;
#6380 = SPHERICAL_SURFACE ( 'NONE', #2043, 0.5000000000000000000 ) ;
#6381 = CARTESIAN_POINT ( 'NONE',  ( 30.44546557119020136, -15.76188893552630077, 1.103204807038912438 ) ) ;
#6382 = CIRCLE ( 'NONE', #543, 332.5000000000000568 ) ;
#6383 = ADVANCED_FACE ( 'NONE', ( #1674 ), #6599, .T. ) ;
#6384 = CYLINDRICAL_SURFACE ( 'NONE', #910, 331.3999999999999773 ) ;
#6385 = FACE_OUTER_BOUND ( 'NONE', #3753, .T. ) ;
#6386 =( BOUNDED_SURFACE ( )  B_SPLINE_SURFACE ( 3, 2, ( 
 ( #1832, #6560, #1853 ),
 ( #1185, #7887, #508 ),
 ( #5805, #1153, #560 ),
 ( #2548, #8556, #591 ),
 ( #1798, #2485, #7867 ),
 ( #5885, #3934, #5235 ),
 ( #476, #3823, #1235 ),
 ( #1907, #5123, #2463 ),
 ( #2566, #4541, #5825 ),
 ( #4459, #7173, #3167 ),
 ( #3220, #5853, #2511 ),
 ( #3869, #8533, #5203 ),
 ( #6691, #7308, #2050 ),
 ( #41, #619, #7945 ),
 ( #7979, #3982, #714 ),
 ( #6645, #2713, #8000 ),
 ( #1350, #11, #8614 ),
 ( #3303, #4624, #5998 ),
 ( #2681, #3393, #7391 ),
 ( #2655, #3281, #4651 ) ),
 .UNSPECIFIED., .F., .F., .F. ) 
 B_SPLINE_SURFACE_WITH_KNOTS ( ( 4, 2, 2, 2, 2, 2, 2, 2, 2, 4 ),
 ( 3, 3 ),
 ( 2.168404344971008868E-19, 0.001115022711078171407, 0.001672534066617257110, 0.002230045422156342813, 0.003345068133234514220, 0.004460090844312685626, 0.005575113555390857033, 0.006132624910929942302, 0.006690136266469028439, 0.008920181688625371252 ),
 ( 0.000000000000000000, 1.000000000000000000 ),
 .UNSPECIFIED. ) 
 GEOMETRIC_REPRESENTATION_ITEM ( )  RATIONAL_B_SPLINE_SURFACE ( (
 ( 1.000000000000000000, 0.7396221813658886424, 1.000000000000000000),
 ( 1.000000000000000000, 0.7396215063283385627, 1.000000000000000000),
 ( 1.000000000000000000, 0.7393769429156031858, 1.000000000000000000),
 ( 1.000000000000000000, 0.7386617743136614234, 1.000000000000000000),
 ( 1.000000000000000000, 0.7383651672121905873, 1.000000000000000000),
 ( 1.000000000000000000, 0.7376550986160795853, 1.000000000000000000),
 ( 1.000000000000000000, 0.7372397986861577435, 1.000000000000000000),
 ( 1.000000000000000000, 0.7358489135311053753, 1.000000000000000000),
 ( 1.000000000000000000, 0.7347232240397731928, 1.000000000000000000),
 ( 1.000000000000000000, 0.7321100856685271996, 1.000000000000000000),
 ( 1.000000000000000000, 0.7306106816584972963, 1.000000000000000000),
 ( 1.000000000000000000, 0.7274091898067039930, 1.000000000000000000),
 ( 1.000000000000000000, 0.7256947334557893869, 1.000000000000000000),
 ( 1.000000000000000000, 0.7229783548591179887, 1.000000000000000000),
 ( 1.000000000000000000, 0.7220503796490442827, 1.000000000000000000),
 ( 1.000000000000000000, 0.7201908800131435751, 1.000000000000000000),
 ( 1.000000000000000000, 0.7192544700945514569, 1.000000000000000000),
 ( 1.000000000000000000, 0.7145498575415248910, 1.000000000000000000),
 ( 1.000000000000000000, 0.7106662664381788730, 1.000000000000000000),
 ( 1.000000000000000000, 0.7071067811865475727, 1.000000000000000000) ) ) 
 REPRESENTATION_ITEM ( '' )  SURFACE ( )  );
#6387 = CARTESIAN_POINT ( 'NONE',  ( -26.77448995116217745, -14.27380102853048705, 1.420241948227179751 ) ) ;
#6388 = EDGE_CURVE ( 'NONE', #459, #3806, #677, .T. ) ;
#6389 = ORIENTED_EDGE ( 'NONE', *, *, #6628, .T. ) ;
#6390 = DIRECTION ( 'NONE',  ( -0.000000000000000000, -1.000000000000000000, -0.000000000000000000 ) ) ;
#6392 = ORIENTED_EDGE ( 'NONE', *, *, #8619, .F. ) ;
#6391 = CARTESIAN_POINT ( 'NONE',  ( -25.44524793586846911, 16.32876657785730146, 1.524954449690601788 ) ) ;
#6393 = CARTESIAN_POINT ( 'NONE',  ( 24.53374732612113718, 16.11128362647588474, 1.011129569933112649 ) ) ;
#6394 = CARTESIAN_POINT ( 'NONE',  ( 28.44320397851966220, 20.68432412418146882, 1.281373890840710628 ) ) ;
#6395 = FACE_OUTER_BOUND ( 'NONE', #7201, .T. ) ;
#6396 = EDGE_LOOP ( 'NONE', ( #8012, #5697, #6029, #1602 ) ) ;
#6397 = CARTESIAN_POINT ( 'NONE',  ( 29.23249384449943733, 18.71897997849922746, -1.297032011400616858 ) ) ;
#6398 = CARTESIAN_POINT ( 'NONE',  ( -27.82032404412449367, -20.94922286982309956, -2.178303956764417126 ) ) ;
#6399 = EDGE_CURVE ( 'NONE', #5626, #674, #6464, .T. ) ;
#6400 = VECTOR ( 'NONE', #8450, 1000.000000000000000 ) ;
#6401 = CIRCLE ( 'NONE', #704, 0.5000000000000004441 ) ;
#6402 = EDGE_CURVE ( 'NONE', #292, #4133, #8404, .T. ) ;
#6403 = CARTESIAN_POINT ( 'NONE',  ( 24.38785577478009614, 16.14771135955009029, 1.024502401473347923 ) ) ;
#6404 = CARTESIAN_POINT ( 'NONE',  ( 30.19043330899269151, 18.15615375494761352, -2.388117515944177427 ) ) ;
#6405 = DIRECTION ( 'NONE',  ( 1.000000000000000000, 0.000000000000000000, 0.000000000000000000 ) ) ;
#6406 = ADVANCED_FACE ( 'NONE', ( #7147 ), #7452, .T. ) ;
#6407 = ORIENTED_EDGE ( 'NONE', *, *, #1806, .F. ) ;
#6408 = B_SPLINE_CURVE_WITH_KNOTS ( 'NONE', 3,
 ( #7032, #4838, #5722, #2149, #4373, #6398, #7066, #8303, #6828, #835, #7485, #8324, #324, #5509, #1516, #6854, #2171, #8399, #2378, #6335, #1688, #3014 ),
 .UNSPECIFIED., .F., .F.,
 ( 4, 2, 2, 2, 2, 2, 2, 2, 2, 2, 4 ),
 ( 0.000000000000000000, 0.001221578228115974534, 0.002443156456231949068, 0.003053945570289933516, 0.003664734684347918832, 0.004886312912463894667, 0.006107891140579870502, 0.007329469368695846337, 0.007940258482753832087, 0.008551047596811817836, 0.009772625824927791069 ),
 .UNSPECIFIED. ) ;
#6409 = CARTESIAN_POINT ( 'NONE',  ( 12.00000000000000000, 22.00000000000000000, -330.0000000000000000 ) ) ;
#6410 = ORIENTED_EDGE ( 'NONE', *, *, #6119, .T. ) ;
#6411 = AXIS2_PLACEMENT_3D ( 'NONE', #1751, #3087, #2419 ) ;
#6412 = ORIENTED_EDGE ( 'NONE', *, *, #5649, .F. ) ;
#6413 = CARTESIAN_POINT ( 'NONE',  ( 30.95295902883156458, 15.29999999999999716, -2.459293633051742312 ) ) ;
#6414 = LINE ( 'NONE', #7833, #1182 ) ;
#6415 = AXIS2_PLACEMENT_3D ( 'NONE', #4955, #8369, #5007 ) ;
#6416 = CARTESIAN_POINT ( 'NONE',  ( -31.65397036511674500, 17.46970439513115991, -1.978514796712961044 ) ) ;
#6417 = DIRECTION ( 'NONE',  ( 0.000000000000000000, 0.000000000000000000, -1.000000000000000000 ) ) ;
#6418 = CARTESIAN_POINT ( 'NONE',  ( -29.78826289288859641, 18.77502326082170114, -2.351251494024495514 ) ) ;
#6419 = CARTESIAN_POINT ( 'NONE',  ( -31.54743975903614128, -15.30000000000000071, 1.000013662613013832 ) ) ;
#6420 = DIRECTION ( 'NONE',  ( 1.000000000000000000, 0.000000000000000000, 0.000000000000000000 ) ) ;
#6421 = ORIENTED_EDGE ( 'NONE', *, *, #3791, .F. ) ;
#6422 = CARTESIAN_POINT ( 'NONE',  ( -26.19999799728648782, 13.97604552185757854, 0.9083695761267178703 ) ) ;
#6423 = ORIENTED_EDGE ( 'NONE', *, *, #8219, .F. ) ;
#6424 = CIRCLE ( 'NONE', #1481, 331.3999999999999773 ) ;
#6425 = CARTESIAN_POINT ( 'NONE',  ( 26.80000000000000071, 13.39999999999999680, 5.301000000000002821 ) ) ;
#6426 = CARTESIAN_POINT ( 'NONE',  ( 21.39999999999999858, 16.19999999999999929, 1.239504118689893630 ) ) ;
#6427 = CARTESIAN_POINT ( 'NONE',  ( 28.08405209309150052, -20.86447652956426779, 1.311889665026047203 ) ) ;
#6428 = AXIS2_PLACEMENT_3D ( 'NONE', #4889, #8275, #6939 ) ;
#6429 = CARTESIAN_POINT ( 'NONE',  ( -23.95747234916153801, -16.19999999999999574, 1.121771732091223051 ) ) ;
#6430 = CARTESIAN_POINT ( 'NONE',  ( -25.94578483678729697, -14.95174491693897068, 0.9337454701250074152 ) ) ;
#6431 = VERTEX_POINT ( 'NONE', #1615 ) ;
#6432 = ORIENTED_EDGE ( 'NONE', *, *, #904, .F. ) ;
#6433 = CARTESIAN_POINT ( 'NONE',  ( -26.79287392450084582, 14.08836316218463658, 1.418756249828844407 ) ) ;
#6434 = CARTESIAN_POINT ( 'NONE',  ( 29.73963475871618911, 15.05425106909340904, 1.167348383738673556 ) ) ;
#6435 = CARTESIAN_POINT ( 'NONE',  ( 26.82681651122560496, 21.82743078657951230, -1.584542796911129425 ) ) ;
#6436 = CARTESIAN_POINT ( 'NONE',  ( -26.20000000000000284, -13.39999999999999680, -1.041704770954277048 ) ) ;
#6437 = CARTESIAN_POINT ( 'NONE',  ( -25.82407831704953693, -16.04859434159374132, 1.495659391941580152 ) ) ;
#6438 = CARTESIAN_POINT ( 'NONE',  ( -26.21606321177373644, 21.95186784977834549, 1.465170996196412112 ) ) ;
#6439 = CARTESIAN_POINT ( 'NONE',  ( -0.3464101615137765156, -16.69999999999999929, 0.1998182918942745800 ) ) ;
#6440 = ORIENTED_EDGE ( 'NONE', *, *, #6889, .F. ) ;
#6441 = CARTESIAN_POINT ( 'NONE',  ( 29.60000000000000142, 12.59999999999999787, 1.179845401256263138 ) ) ;
#6442 = VECTOR ( 'NONE', #3966, 1000.000000000000000 ) ;
#6443 = ADVANCED_FACE ( 'NONE', ( #5572 ), #1814, .F. ) ;
#6444 = CARTESIAN_POINT ( 'NONE',  ( 30.49999999763340242, 15.99138809564796126, -2.416488503539683030 ) ) ;
#6445 = ORIENTED_EDGE ( 'NONE', *, *, #7239, .F. ) ;
#6446 = CARTESIAN_POINT ( 'NONE',  ( -25.19480918466029706, -15.80093809663248372, 1.006936208393420351 ) ) ;
#6447 = CARTESIAN_POINT ( 'NONE',  ( 28.08570212635047980, -20.86366766614023049, 1.311749820628040020 ) ) ;
#6448 = ADVANCED_FACE ( 'NONE', ( #6625 ), #3916, .T. ) ;
#6449 = DIRECTION ( 'NONE',  ( -0.000000000000000000, -1.000000000000000000, -0.000000000000000000 ) ) ;
#6450 = DIRECTION ( 'NONE',  ( 0.000000000000000000, 1.000000000000000000, 0.000000000000000000 ) ) ;
#6451 = ORIENTED_EDGE ( 'NONE', *, *, #2423, .F. ) ;
#6452 = CARTESIAN_POINT ( 'NONE',  ( 29.21775310183769037, 13.31344030874252660, -1.295961599106155271 ) ) ;
#6453 = EDGE_CURVE ( 'NONE', #1708, #364, #7549, .T. ) ;
#6454 = CARTESIAN_POINT ( 'NONE',  ( -24.27574808621823621, -16.16941292714652789, 1.092915532987869920 ) ) ;
#6455 = EDGE_CURVE ( 'NONE', #966, #5009, #2438, .T. ) ;
#6456 = CARTESIAN_POINT ( 'NONE',  ( -25.24221270571687015, 16.44203167772499086, 1.540468708789466179 ) ) ;
#6457 = CARTESIAN_POINT ( 'NONE',  ( 29.50200554329734359, 15.36952074175783878, 1.188589279466652382 ) ) ;
#6458 = CARTESIAN_POINT ( 'NONE',  ( 26.07355534951234333, 21.45994604151463037, -2.034559591876637707 ) ) ;
#6459 = ORIENTED_EDGE ( 'NONE', *, *, #5207, .T. ) ;
#6460 = CARTESIAN_POINT ( 'NONE',  ( 29.01089393758535095, -13.39999586568601408, 1.232037760136713622 ) ) ;
#6461 = B_SPLINE_CURVE_WITH_KNOTS ( 'NONE', 3,
 ( #568, #1188, #5829, #8484, #6544, #7200 ),
 .UNSPECIFIED., .F., .F.,
 ( 4, 2, 4 ),
 ( 0.002349425079910767711, 0.002740703913677229077, 0.003131982747443690009 ),
 .UNSPECIFIED. ) ;
#6462 = CARTESIAN_POINT ( 'NONE',  ( -24.03116236998257094, -16.75631282932441479, 1.630460269406551088 ) ) ;
#6463 = CARTESIAN_POINT ( 'NONE',  ( -28.87012512535476105, 20.97394962597927304, 1.244415081253946953 ) ) ;
#6464 = B_SPLINE_CURVE_WITH_KNOTS ( 'NONE', 3,
 ( #6088, #6776, #7532, #6749, #2749, #3419, #8093, #2775, #4783, #225, #935, #8283, #4296, #8225 ),
 .UNSPECIFIED., .F., .F.,
 ( 4, 2, 2, 2, 2, 2, 4 ),
 ( 0.000000000000000000, 0.0006313008982284810727, 0.0009469513473427233980, 0.001262601796456965832, 0.001893902694685450482, 0.002209553143799690856, 0.002525203592913931663 ),
 .UNSPECIFIED. ) ;
#6465 = CARTESIAN_POINT ( 'NONE',  ( 28.35931076421789143, 20.67178752213889581, -2.224495192209590133 ) ) ;
#6466 = EDGE_CURVE ( 'NONE', #185, #5578, #5679, .T. ) ;
#6467 = EDGE_CURVE ( 'NONE', #7851, #7278, #5891, .T. ) ;
#6468 = CARTESIAN_POINT ( 'NONE',  ( 28.00000000000000000, -12.59999999999999254, 1.318955087088236056 ) ) ;
#6469 = ORIENTED_EDGE ( 'NONE', *, *, #3205, .T. ) ;
#6470 = CARTESIAN_POINT ( 'NONE',  ( 30.18949551072088866, 18.15778184621416003, -2.388031071668333283 ) ) ;
#6471 = CARTESIAN_POINT ( 'NONE',  ( 25.49999999999999645, 20.00000000000001066, 1.520738416181999231 ) ) ;
#6472 = CARTESIAN_POINT ( 'NONE',  ( -25.63721541686512850, 20.99999999999999645, -2.000190391947811897 ) ) ;
#6473 = CARTESIAN_POINT ( 'NONE',  ( -31.34586568389822858, -16.91955880159312997, 1.019173546593880708 ) ) ;
#6474 = CARTESIAN_POINT ( 'NONE',  ( -25.47563113520484634, -15.57702730551514314, 0.9798819264397566897 ) ) ;
#6475 = EDGE_LOOP ( 'NONE', ( #828, #8135, #2778, #6286 ) ) ;
#6476 = EDGE_CURVE ( 'NONE', #8284, #211, #68, .T. ) ;
#6477 = AXIS2_PLACEMENT_3D ( 'NONE', #5502, #2193, #7619 ) ;
#6478 = CARTESIAN_POINT ( 'NONE',  ( 28.68130683349886922, -21.08840094348671812, 1.260813572284299022 ) ) ;
#6479 = CARTESIAN_POINT ( 'NONE',  ( -28.76095463035824196, 18.05399575712197802, 1.253778960460150138 ) ) ;
#6480 = CARTESIAN_POINT ( 'NONE',  ( 1.385640646055104952, -19.30000000000000071, 0.2970935385293322351 ) ) ;
#6481 = ADVANCED_FACE ( 'NONE', ( #6206 ), #5785, .F. ) ;
#6482 = DIRECTION ( 'NONE',  ( 0.000000000000000000, 0.000000000000000000, -1.000000000000000000 ) ) ;
#6483 = CARTESIAN_POINT ( 'NONE',  ( 28.49999999999999645, -18.50000000000000355, 1.276319709107132105 ) ) ;
#6484 = ORIENTED_EDGE ( 'NONE', *, *, #8271, .F. ) ;
#6485 = CARTESIAN_POINT ( 'NONE',  ( -26.19999999999999929, -16.19999999999999929, -10.00000000000000000 ) ) ;
#6486 = DIRECTION ( 'NONE',  ( 0.000000000000000000, -1.000000000000000000, -0.000000000000000000 ) ) ;
#6487 = CARTESIAN_POINT ( 'NONE',  ( -25.77927440603263065, -21.99749349202856763, 1.499434057853029634 ) ) ;
#6488 = CARTESIAN_POINT ( 'NONE',  ( 27.04126128306975474, 21.77347601178317404, -1.600747820776502017 ) ) ;
#6489 = CARTESIAN_POINT ( 'NONE',  ( 25.95656127025206672, 19.99999999685669394, -1.021822414971355508 ) ) ;
#6490 = CARTESIAN_POINT ( 'NONE',  ( -32.00000000000000000, 15.29999999999999716, 0.5022692811654794198 ) ) ;
#6491 = CIRCLE ( 'NONE', #1828, 331.4000000000000341 ) ;
#6492 = CARTESIAN_POINT ( 'NONE',  ( -24.81447693782363828, -16.61897546973866113, 1.572757842409877371 ) ) ;
#6493 = CARTESIAN_POINT ( 'NONE',  ( -28.61945998148990356, 20.56749696800628513, 1.266064481852550605 ) ) ;
#6494 = VERTEX_POINT ( 'NONE', #132 ) ;
#6495 = VECTOR ( 'NONE', #2588, 1000.000000000000000 ) ;
#6496 = CARTESIAN_POINT ( 'NONE',  ( 0.3462003431240048279, -16.69999999999999929, -0.0001815980463369028664 ) ) ;
#6497 = CIRCLE ( 'NONE', #1932, 0.5000000000000001110 ) ;
#6498 = EDGE_LOOP ( 'NONE', ( #3140, #1650, #6867, #3595 ) ) ;
#6499 = FACE_BOUND ( 'NONE', #4811, .T. ) ;
#6500 = CARTESIAN_POINT ( 'NONE',  ( 28.49999999999999289, 18.50000000000001066, -500000.0000000000582 ) ) ;
#6501 = VECTOR ( 'NONE', #1238, 1000.000000000000000 ) ;
#6502 = EDGE_LOOP ( 'NONE', ( #6379, #5360, #8409, #1174, #6108, #6459 ) ) ;
#6503 = DIRECTION ( 'NONE',  ( 0.000000000000000000, -1.000000000000000000, 0.000000000000000000 ) ) ;
#6504 = FACE_OUTER_BOUND ( 'NONE', #7966, .T. ) ;
#6505 = VECTOR ( 'NONE', #6910, 1000.000000000000000 ) ;
#6506 = EDGE_CURVE ( 'NONE', #2278, #3586, #7131, .T. ) ;
#6507 =( BOUNDED_CURVE ( )  B_SPLINE_CURVE ( 3, ( #5774, #3849, #8507, #7784 ),
 .UNSPECIFIED., .F., .T. ) 
 B_SPLINE_CURVE_WITH_KNOTS ( ( 4, 4 ),
 ( 4.712388980384689674, 4.716584090013407504 ),
 .UNSPECIFIED. ) 
 CURVE ( )  GEOMETRIC_REPRESENTATION_ITEM ( )  RATIONAL_B_SPLINE_CURVE ( ( 1.000000000000000000, 0.9999985334218046695, 0.9999985334218046695, 1.000000000000000000 ) ) 
 REPRESENTATION_ITEM ( '' )  );
#6508 = CARTESIAN_POINT ( 'NONE',  ( 30.01311001675414047, -19.40039974028140790, 1.142787710302517690 ) ) ;
#6509 = CARTESIAN_POINT ( 'NONE',  ( 30.49999999999999289, 15.50000000000001066, 1.098172752433057120 ) ) ;
#6510 = CARTESIAN_POINT ( 'NONE',  ( 31.33898846203471322, -16.90596895770489283, 1.019820177123100580 ) ) ;
#6511 = EDGE_LOOP ( 'NONE', ( #261, #2583, #4322, #1375 ) ) ;
#6512 = ORIENTED_EDGE ( 'NONE', *, *, #923, .T. ) ;
#6513 = VECTOR ( 'NONE', #8378, 1000.000000000000000 ) ;
#6514 = ORIENTED_EDGE ( 'NONE', *, *, #6268, .F. ) ;
#6515 = FACE_OUTER_BOUND ( 'NONE', #8094, .T. ) ;
#6516 = DIRECTION ( 'NONE',  ( 0.9999911952099006518, -1.466023604594326157E-15, -0.004196367795442253190 ) ) ;
#6517 = B_SPLINE_CURVE_WITH_KNOTS ( 'NONE', 3,
 ( #6426, #5122, #8532, #5770 ),
 .UNSPECIFIED., .F., .F.,
 ( 4, 4 ),
 ( 0.000000000000000000, 0.0007847457041027478897 ),
 .UNSPECIFIED. ) ;
#6518 = CARTESIAN_POINT ( 'NONE',  ( -25.76103735009164808, 19.55404599060890192, 1.500569418563896695 ) ) ;
#6519 = CARTESIAN_POINT ( 'NONE',  ( 30.99351263210560603, 17.86773441550072761, 1.052349735250377449 ) ) ;
#6520 = CARTESIAN_POINT ( 'NONE',  ( -29.37808650989370562, -20.63388154140315933, 0.7247059984050281400 ) ) ;
#6521 = VERTEX_POINT ( 'NONE', #1402 ) ;
#6522 = B_SPLINE_CURVE_WITH_KNOTS ( 'NONE', 3,
 ( #7493, #3507, #4170, #5544, #6881, #2884, #368, #2905, #2938, #1045, #6942, #3624, #302, #2327 ),
 .UNSPECIFIED., .F., .F.,
 ( 4, 2, 2, 2, 2, 2, 4 ),
 ( 0.000000000000000000, 0.0006313311929168857577, 0.0009469967893753232155, 0.001262662385833760673, 0.001893993578750624964, 0.002209659175209057434, 0.002525324771667489254 ),
 .UNSPECIFIED. ) ;
#6523 = CARTESIAN_POINT ( 'NONE',  ( 26.20000000000000639, -6.513704236698701244, -1.937490070343665938 ) ) ;
#6524 = CARTESIAN_POINT ( 'NONE',  ( 26.00000000000000000, -20.00000000000000355, 1.481899958353689817 ) ) ;
#6525 = ORIENTED_EDGE ( 'NONE', *, *, #6575, .T. ) ;
#6526 = VECTOR ( 'NONE', #3302, 1000.000000000000000 ) ;
#6527 = CARTESIAN_POINT ( 'NONE',  ( -28.29724520773560670, 21.29630400062765005, 1.293824504369308404 ) ) ;
#6528 = AXIS2_PLACEMENT_3D ( 'NONE', #3710, #3645, #4320 ) ;
#6529 = DIRECTION ( 'NONE',  ( -0.000000000000000000, -1.000000000000000000, -0.000000000000000000 ) ) ;
#6530 = CARTESIAN_POINT ( 'NONE',  ( 30.36565479479864038, 17.82869992919265556, -2.404311943558829157 ) ) ;
#6531 = ORIENTED_EDGE ( 'NONE', *, *, #2520, .F. ) ;
#6532 = AXIS2_PLACEMENT_3D ( 'NONE', #1524, #142, #6140 ) ;
#6533 = ORIENTED_EDGE ( 'NONE', *, *, #3312, .F. ) ;
#6534 = CARTESIAN_POINT ( 'NONE',  ( -25.36821470113209998, -19.49999999998306421, 1.530875112703395047 ) ) ;
#6535 = CARTESIAN_POINT ( 'NONE',  ( -28.04792868887404822, 19.71792507924708104, -1.718571307295823969 ) ) ;
#6536 = CARTESIAN_POINT ( 'NONE',  ( 25.26160849772382377, -20.99999999999999645, -1.971264770740411842 ) ) ;
#6537 = CARTESIAN_POINT ( 'NONE',  ( -29.99999999999999645, -15.50000000000000355, -500000.0000000000582 ) ) ;
#6538 = CARTESIAN_POINT ( 'NONE',  ( 27.49564068846341414, -21.63389839890866639, 1.361294951905147821 ) ) ;
#6539 = EDGE_LOOP ( 'NONE', ( #722, #1954, #7154, #4299, #147 ) ) ;
#6540 = CARTESIAN_POINT ( 'NONE',  ( -28.63023803304848514, 19.00000000009041301, 1.265115213867679111 ) ) ;
#6541 = DIRECTION ( 'NONE',  ( 0.000000000000000000, 0.000000000000000000, -1.000000000000000000 ) ) ;
#6542 = AXIS2_PLACEMENT_3D ( 'NONE', #698, #4068, #6754 ) ;
#6543 = CARTESIAN_POINT ( 'NONE',  ( 28.00000000000000711, 12.81170273297426476, -1.190024482224737223 ) ) ;
#6544 = CARTESIAN_POINT ( 'NONE',  ( 28.99999999999999289, 18.36769288416116908, 1.232924088186871048 ) ) ;
#6545 = DIRECTION ( 'NONE',  ( 1.221040033540826639E-16, 1.000000000000000000, 9.392028083686020229E-18 ) ) ;
#6546 = EDGE_LOOP ( 'NONE', ( #898, #2513, #8609, #7175 ) ) ;
#6547 = CARTESIAN_POINT ( 'NONE',  ( 31.22661325697218970, 17.30820034868233392, 1.030471386740555939 ) ) ;
#6548 = CARTESIAN_POINT ( 'NONE',  ( -29.74594602131253041, -20.33136694562472258, 1.167057549166407027 ) ) ;
#6549 = CARTESIAN_POINT ( 'NONE',  ( -26.15191544154519931, 21.46000553597169969, 1.470192405480266196 ) ) ;
#6550 = CARTESIAN_POINT ( 'NONE',  ( 28.08729685335288551, -13.01905052967017085, 1.311599170979495410 ) ) ;
#6551 = DIRECTION ( 'NONE',  ( -1.000000000000000000, 0.000000000000000000, 0.000000000000000000 ) ) ;
#6552 = ORIENTED_EDGE ( 'NONE', *, *, #5542, .T. ) ;
#6553 = CARTESIAN_POINT ( 'NONE',  ( -31.54743975903614128, 5.580403008799160069, 1.000013662612986298 ) ) ;
#6554 = CARTESIAN_POINT ( 'NONE',  ( 7.000000000000000000, 22.00000000000000000, 2.426307623208445730 ) ) ;
#6555 = CARTESIAN_POINT ( 'NONE',  ( -28.10788226652044486, 20.23950903056047679, -2.202846207526150124 ) ) ;
#6556 = ORIENTED_EDGE ( 'NONE', *, *, #4971, .T. ) ;
#6557 = CARTESIAN_POINT ( 'NONE',  ( -25.30000000000000071, -22.00000000000000000, -1.472740857018151051 ) ) ;
#6558 = CARTESIAN_POINT ( 'NONE',  ( 26.95187877814892730, -21.29037194336340022, 1.405920472334402760 ) ) ;
#6559 = CARTESIAN_POINT ( 'NONE',  ( 30.44546211965744575, 15.76189992043267019, 1.103205127519075290 ) ) ;
#6560 = CARTESIAN_POINT ( 'NONE',  ( 30.50000000000000000, -15.30000000000000071, -2.416488503830757750 ) ) ;
#6561 = EDGE_CURVE ( 'NONE', #7644, #7702, #2119, .T. ) ;
#6562 = ADVANCED_FACE ( 'NONE', ( #873 ), #7651, .F. ) ;
#6563 = ORIENTED_EDGE ( 'NONE', *, *, #3038, .F. ) ;
#6564 = EDGE_CURVE ( 'NONE', #3884, #6371, #2221, .T. ) ;
#6565 = CARTESIAN_POINT ( 'NONE',  ( -29.55585848138914074, -15.23889343510977668, 1.183800540615988384 ) ) ;
#6566 = EDGE_CURVE ( 'NONE', #3828, #173, #3810, .T. ) ;
#6567 = CARTESIAN_POINT ( 'NONE',  ( 32.00000000000000000, 15.29999999999999893, 0.9568803805893144609 ) ) ;
#6568 = CARTESIAN_POINT ( 'NONE',  ( -30.01157393494052528, 19.40214436454771629, 1.142927017196409434 ) ) ;
#6569 = DIRECTION ( 'NONE',  ( -0.000000000000000000, -0.000000000000000000, -1.000000000000000000 ) ) ;
#6570 = AXIS2_PLACEMENT_3D ( 'NONE', #1261, #1936, #1827 ) ;
#6571 = ORIENTED_EDGE ( 'NONE', *, *, #2866, .F. ) ;
#6572 = CARTESIAN_POINT ( 'NONE',  ( 26.55144295277372990, 20.85478711552335440, -2.073096438436603073 ) ) ;
#6573 = AXIS2_PLACEMENT_3D ( 'NONE', #7399, #6009, #20 ) ;
#6574 = DIRECTION ( 'NONE',  ( 0.000000000000000000, 0.000000000000000000, 1.000000000000000000 ) ) ;
#6575 = EDGE_CURVE ( 'NONE', #2007, #2908, #6424, .T. ) ;
#6576 = CARTESIAN_POINT ( 'NONE',  ( 29.60000000000000142, 22.00000000000000000, 1.179845401256263138 ) ) ;
#6577 = CARTESIAN_POINT ( 'NONE',  ( -25.36832845357666599, 19.49999999998307132, 1.530866363062684865 ) ) ;
#6578 = B_SPLINE_CURVE_WITH_KNOTS ( 'NONE', 3,
 ( #3923, #4638, #1973, #3294, #2498, #1281 ),
 .UNSPECIFIED., .F., .F.,
 ( 4, 2, 4 ),
 ( 2.076358974494255670E-16, 0.0003914830272358464235, 0.0007829660544714852222 ),
 .UNSPECIFIED. ) ;
#6579 = ORIENTED_EDGE ( 'NONE', *, *, #5715, .F. ) ;
#6580 = AXIS2_PLACEMENT_3D ( 'NONE', #7292, #5947, #8626 ) ;
#6581 = CARTESIAN_POINT ( 'NONE',  ( 0.000000000000000000, -22.00000000000000000, -330.0000000000000000 ) ) ;
#6582 = CARTESIAN_POINT ( 'NONE',  ( -29.81237063678901222, 17.90653611217628338, -1.891089086918096296 ) ) ;
#6583 = CARTESIAN_POINT ( 'NONE',  ( 28.76073472713807178, -18.94614210094933782, 1.253798071140298731 ) ) ;
#6584 = FACE_OUTER_BOUND ( 'NONE', #5307, .T. ) ;
#6585 = CARTESIAN_POINT ( 'NONE',  ( 0.1732050807568889239, -16.80000000000000071, 0.1998182918942745800 ) ) ;
#6586 = AXIS2_PLACEMENT_3D ( 'NONE', #5921, #4570, #8601 ) ;
#6587 = EDGE_LOOP ( 'NONE', ( #7630, #5149, #8299, #1391 ) ) ;
#6588 = CARTESIAN_POINT ( 'NONE',  ( -1.801413948923165975, -19.22203147923152855, -0.004909330754389179541 ) ) ;
#6589 = CARTESIAN_POINT ( 'NONE',  ( 31.50702668596060718, -16.11392872473195581, 1.003872468738012280 ) ) ;
#6590 = CIRCLE ( 'NONE', #7909, 332.0000000000000000 ) ;
#6591 = DIRECTION ( 'NONE',  ( 0.000000000000000000, 1.000000000000000000, 0.000000000000000000 ) ) ;
#6592 = CARTESIAN_POINT ( 'NONE',  ( -28.54285714285714093, 18.49999999999999645, 1.774479588368923721 ) ) ;
#6593 = ORIENTED_EDGE ( 'NONE', *, *, #2584, .T. ) ;
#6594 = CARTESIAN_POINT ( 'NONE',  ( -31.95696208591540355, -16.17621035650242334, 0.9610463931723502995 ) ) ;
#6595 = DIRECTION ( 'NONE',  ( 0.000000000000000000, -1.000000000000000000, 0.000000000000000000 ) ) ;
#6596 = LINE ( 'NONE', #6326, #550 ) ;
#6597 = LINE ( 'NONE', #5164, #3346 ) ;
#6598 = PLANE ( 'NONE',  #3722 ) ;
#6599 = TOROIDAL_SURFACE ( 'NONE', #8519, 329.4999999999999432, 0.5000000000000000000 ) ;
#6600 = VECTOR ( 'NONE', #8322, 1000.000000000000000 ) ;
#6601 = CARTESIAN_POINT ( 'NONE',  ( 24.53788645757626696, -6.513704236698701244, -1.937490070343665938 ) ) ;
#6602 = ORIENTED_EDGE ( 'NONE', *, *, #4550, .F. ) ;
#6603 = CYLINDRICAL_SURFACE ( 'NONE', #8577, 0.7999999999999986011 ) ;
#6604 = ADVANCED_FACE ( 'NONE', ( #4326 ), #2735, .T. ) ;
#6605 = DIRECTION ( 'NONE',  ( 1.070816960479510747E-16, -1.000000000000000000, 8.658323229326013532E-18 ) ) ;
#6606 = ORIENTED_EDGE ( 'NONE', *, *, #7333, .T. ) ;
#6607 = FACE_OUTER_BOUND ( 'NONE', #1609, .T. ) ;
#6608 = CIRCLE ( 'NONE', #4879, 0.5000000000000000000 ) ;
#6609 = CARTESIAN_POINT ( 'NONE',  ( 0.000000000000000000, 16.19999999999999929, -330.0000000000000000 ) ) ;
#6610 = ORIENTED_EDGE ( 'NONE', *, *, #4369, .T. ) ;
#6611 = DIRECTION ( 'NONE',  ( 0.8660254037844403729, 0.4999999999999970579, 0.000000000000000000 ) ) ;
#6612 = CARTESIAN_POINT ( 'NONE',  ( -31.50000000000000000, -15.30000000000000071, -2.009146468990715029 ) ) ;
#6613 = ORIENTED_EDGE ( 'NONE', *, *, #8226, .F. ) ;
#6614 = CARTESIAN_POINT ( 'NONE',  ( -31.95648134632352111, -16.17871040804238447, -2.005271795909890020 ) ) ;
#6615 = ORIENTED_EDGE ( 'NONE', *, *, #8106, .F. ) ;
#6616 = EDGE_CURVE ( 'NONE', #2022, #2005, #1807, .T. ) ;
#6617 = VECTOR ( 'NONE', #5709, 1000.000000000000000 ) ;
#6618 = DIRECTION ( 'NONE',  ( 0.000000000000000000, -1.000000000000000000, -0.000000000000000000 ) ) ;
#6619 = CARTESIAN_POINT ( 'NONE',  ( 1.384801372496016425, -19.50000000000000355, -0.002905580732813955840 ) ) ;
#6620 = EDGE_CURVE ( 'NONE', #3551, #2151, #8600, .T. ) ;
#6621 = DIRECTION ( 'NONE',  ( -1.387778780781445676E-14, 0.000000000000000000, -1.000000000000000000 ) ) ;
#6622 = ORIENTED_EDGE ( 'NONE', *, *, #8510, .T. ) ;
#6623 = EDGE_LOOP ( 'NONE', ( #5874, #813, #8155, #3974 ) ) ;
#6624 = CARTESIAN_POINT ( 'NONE',  ( 24.08597428234915228, -16.19251621414078812, 1.110172561648668621 ) ) ;
#6625 = FACE_OUTER_BOUND ( 'NONE', #1582, .T. ) ;
#6626 = CARTESIAN_POINT ( 'NONE',  ( 30.34137952492540080, 19.73455674568738161, 0.6450844885766789938 ) ) ;
#6627 = CARTESIAN_POINT ( 'NONE',  ( -28.69457991803126262, -13.40000209996015279, -1.249893862523043131 ) ) ;
#6628 = EDGE_CURVE ( 'NONE', #5876, #8222, #4114, .T. ) ;
#6629 = CARTESIAN_POINT ( 'NONE',  ( 25.30000000000000071, -20.49999999999999645, -1.472740857018096428 ) ) ;
#6630 = ORIENTED_EDGE ( 'NONE', *, *, #1187, .F. ) ;
#6631 = ORIENTED_EDGE ( 'NONE', *, *, #1746, .F. ) ;
#6632 = AXIS2_PLACEMENT_3D ( 'NONE', #6500, #3816, #3750 ) ;
#6633 = DIRECTION ( 'NONE',  ( -0.000000000000000000, 1.000000000000000000, -0.000000000000000000 ) ) ;
#6634 = EDGE_CURVE ( 'NONE', #481, #2762, #2466, .T. ) ;
#6635 = PRODUCT_RELATED_PRODUCT_CATEGORY ( 'detail', '', ( #2582 ) ) ;
#6636 = DIRECTION ( 'NONE',  ( -0.000000000000000000, -1.000000000000000000, -0.000000000000000000 ) ) ;
#6637 = VERTEX_POINT ( 'NONE', #648 ) ;
#6638 = FACE_OUTER_BOUND ( 'NONE', #6813, .T. ) ;
#6639 = CARTESIAN_POINT ( 'NONE',  ( 25.94554195005225949, 19.73824112198813197, 1.486179855834341312 ) ) ;
#6640 = CARTESIAN_POINT ( 'NONE',  ( 30.80752721402585692, -16.59372781551515175, -2.445580724832776998 ) ) ;
#6641 = CARTESIAN_POINT ( 'NONE',  ( 0.000000000000000000, 7.599999999999996980, -330.0000000000000000 ) ) ;
#6642 = CARTESIAN_POINT ( 'NONE',  ( 25.97995755006515139, 20.46642414295627077, -1.530787840920130982 ) ) ;
#6644 = CARTESIAN_POINT ( 'NONE',  ( -1.731001715620021253, -19.09999999999999787, -0.004539981137756837412 ) ) ;
#6643 = CARTESIAN_POINT ( 'NONE',  ( 26.79755063969906104, -13.99443912478722218, 1.418377984527185331 ) ) ;
#6645 = CARTESIAN_POINT ( 'NONE',  ( 27.77995180091622629, -20.41500949014478650, -2.174892117925019352 ) ) ;
#6646 = ORIENTED_EDGE ( 'NONE', *, *, #7675, .F. ) ;
#6647 = ADVANCED_FACE ( 'NONE', ( #3059 ), #1286, .T. ) ;
#6648 = CARTESIAN_POINT ( 'NONE',  ( -30.95295902883156103, -15.30000000000000071, -2.459293633051719663 ) ) ;
#6649 = CARTESIAN_POINT ( 'NONE',  ( 0.000000000000000000, -19.69999999999999574, -330.0000000000000000 ) ) ;
#6650 = ORIENTED_EDGE ( 'NONE', *, *, #6340, .F. ) ;
#6651 = CARTESIAN_POINT ( 'NONE',  ( 26.66361078419595287, -21.34227168969704991, -2.082188508577738517 ) ) ;
#6652 =( BOUNDED_SURFACE ( )  B_SPLINE_SURFACE ( 3, 2, ( 
 ( #4116, #874, #5573 ),
 ( #1567, #7575, #1544 ),
 ( #2150, #786, #6135 ),
 ( #2122, #6794, #3467 ),
 ( #1518, #171, #811 ),
 ( #3501, #3641, #2476 ),
 ( #5085, #3070, #2545 ),
 ( #2483, #5769, #5118 ),
 ( #7171, #506, #1796 ),
 ( #3845, #7830, #7197 ),
 ( #6508, #1183, #1212 ),
 ( #3191, #5850, #1123 ),
 ( #8531, #2509, #3754 ),
 ( #5155, #7777, #1765 ),
 ( #3100, #6478, #4514 ),
 ( #6447, #558, #7809 ),
 ( #1876, #2439, #474 ),
 ( #7748, #3820, #8503 ),
 ( #528, #6538, #4538 ),
 ( #6558, #7107, #5181 ),
 ( #7865, #3794, #8475 ),
 ( #7148, #5202, #3866 ),
 ( #5823, #5802, #8418 ),
 ( #4478, #8440, #4457 ) ),
 .UNSPECIFIED., .F., .F., .T. ) 
 B_SPLINE_SURFACE_WITH_KNOTS ( ( 4, 2, 2, 2, 2, 2, 2, 2, 2, 2, 2, 4 ),
 ( 3, 3 ),
 ( 0.000000000000000000, 0.001212832984878257784, 0.001819249477317386784, 0.002425665969756515567, 0.003638498954634773568, 0.004851331939513031134, 0.006064164924391289568, 0.006670581416830418352, 0.007276997909269547135, 0.007883414401708675051, 0.008489830894147804702, 0.009702663879026062269 ),
 ( 0.000000000000000000, 1.000000000000000000 ),
 .UNSPECIFIED. ) 
 GEOMETRIC_REPRESENTATION_ITEM ( )  RATIONAL_B_SPLINE_SURFACE ( (
 ( 1.000000000000000000, 0.7398917211566452545, 1.000000000000000000),
 ( 1.000000000000000000, 0.7398910480844647086, 1.000000000000000000),
 ( 1.000000000000000000, 0.7396417477224023207, 1.000000000000000000),
 ( 1.000000000000000000, 0.7389131354454643308, 1.000000000000000000),
 ( 1.000000000000000000, 0.7386109910234219811, 1.000000000000000000),
 ( 1.000000000000000000, 0.7378878819403011935, 1.000000000000000000),
 ( 1.000000000000000000, 0.7374650488741747445, 1.000000000000000000),
 ( 1.000000000000000000, 0.7360494852360369711, 1.000000000000000000),
 ( 1.000000000000000000, 0.7349044439668096507, 1.000000000000000000),
 ( 1.000000000000000000, 0.7322496033278248495, 1.000000000000000000),
 ( 1.000000000000000000, 0.7307277328528304361, 1.000000000000000000),
 ( 1.000000000000000000, 0.7274835229339623455, 1.000000000000000000),
 ( 1.000000000000000000, 0.7257485798733566140, 1.000000000000000000),
 ( 1.000000000000000000, 0.7230054573853824662, 1.000000000000000000),
 ( 1.000000000000000000, 0.7220692780868405158, 1.000000000000000000),
 ( 1.000000000000000000, 0.7201954709013058675, 1.000000000000000000),
 ( 1.000000000000000000, 0.7192529085863814675, 1.000000000000000000),
 ( 1.000000000000000000, 0.7173610969183290553, 1.000000000000000000),
 ( 1.000000000000000000, 0.7164118412311558659, 1.000000000000000000),
 ( 1.000000000000000000, 0.7145104011150412715, 1.000000000000000000),
 ( 1.000000000000000000, 0.7135539158111425806, 1.000000000000000000),
 ( 1.000000000000000000, 0.7107199996212556492, 1.000000000000000000),
 ( 1.000000000000000000, 0.7088835172295249176, 1.000000000000000000),
 ( 1.000000000000000000, 0.7071067811865473507, 1.000000000000000000) ) ) 
 REPRESENTATION_ITEM ( '' )  SURFACE ( )  );
#6653 = ORIENTED_EDGE ( 'NONE', *, *, #139, .T. ) ;
#6654 = B_SPLINE_CURVE_WITH_KNOTS ( 'NONE', 3,
 ( #3589, #3052, #4917, #2981 ),
 .UNSPECIFIED., .F., .F.,
 ( 4, 4 ),
 ( 0.000000000000000000, 0.0001054854912503550891 ),
 .UNSPECIFIED. ) ;
#6655 = CARTESIAN_POINT ( 'NONE',  ( -24.23023768968526426, 16.17647584418287110, 1.097073140995373786 ) ) ;
#6656 = CARTESIAN_POINT ( 'NONE',  ( -28.73207250372853849, -19.22119951305372254, -1.784041647890631577 ) ) ;
#6657 = CARTESIAN_POINT ( 'NONE',  ( 30.91603169457094324, -16.04716794194022711, -2.455798000941132653 ) ) ;
#6658 = DIRECTION ( 'NONE',  ( 0.000000000000000000, 0.000000000000000000, 1.000000000000000000 ) ) ;
#6659 = VERTEX_POINT ( 'NONE', #3885 ) ;
#6660 = CARTESIAN_POINT ( 'NONE',  ( 28.73207250372853849, 19.22119951305371544, -1.784041647890631577 ) ) ;
#6662 = CARTESIAN_POINT ( 'NONE',  ( 1.660929520098280987, -19.62141783230985936, -0.004172418864765833381 ) ) ;
#6661 = CARTESIAN_POINT ( 'NONE',  ( -29.60000000000000142, -8.399999999999998579, -1.330196093404401037 ) ) ;
#6663 = CARTESIAN_POINT ( 'NONE',  ( 24.68294764498561022, -16.68292098267504997, 1.582755114473123337 ) ) ;
#6664 = CARTESIAN_POINT ( 'NONE',  ( -30.44590550562483955, -17.65918715255907401, -2.411764646131110190 ) ) ;
#6665 = ORIENTED_EDGE ( 'NONE', *, *, #7604, .T. ) ;
#6666 = CARTESIAN_POINT ( 'NONE',  ( 24.34318313103624121, -16.15689831950878741, 1.086738431526786286 ) ) ;
#6667 = DIRECTION ( 'NONE',  ( 0.000000000000000000, 0.000000000000000000, 1.000000000000000000 ) ) ;
#6668 = DIRECTION ( 'NONE',  ( -0.000000000000000000, 0.000000000000000000, -1.000000000000000000 ) ) ;
#6669 = CARTESIAN_POINT ( 'NONE',  ( -1.558845726811993071, -19.19999999999999929, -0.004545485850659947147 ) ) ;
#6670 = DIRECTION ( 'NONE',  ( 1.000000000000000000, 0.000000000000000000, 0.000000000000000000 ) ) ;
#6671 = CARTESIAN_POINT ( 'NONE',  ( 31.54743975903614128, 22.00000000000000000, 1.000013662613041809 ) ) ;
#6672 = CARTESIAN_POINT ( 'NONE',  ( 25.05434862802658813, -19.73991199327089419, 1.554728983250196706 ) ) ;
#6673 = AXIS2_PLACEMENT_3D ( 'NONE', #3231, #7903, #3891 ) ;
#6674 = ORIENTED_EDGE ( 'NONE', *, *, #1015, .T. ) ;
#6675 = AXIS2_PLACEMENT_3D ( 'NONE', #8023, #6048, #4040 ) ;
#6676 = AXIS2_PLACEMENT_3D ( 'NONE', #3678, #5625, #7553 ) ;
#6677 = ADVANCED_FACE ( 'NONE', ( #2015 ), #4630, .T. ) ;
#6678 = DIRECTION ( 'NONE',  ( 0.000000000000000000, 1.000000000000000000, 0.000000000000000000 ) ) ;
#6679 = CARTESIAN_POINT ( 'NONE',  ( 28.63025972812916109, -17.99999999990912869, 1.265113347420391054 ) ) ;
#6680 = LINE ( 'NONE', #7253, #25 ) ;
#6681 = EDGE_LOOP ( 'NONE', ( #5478, #5888, #974, #3619 ) ) ;
#6682 = VECTOR ( 'NONE', #4894, 1000.000000000000000 ) ;
#6683 = AXIS2_PLACEMENT_3D ( 'NONE', #4765, #3454, #8032 ) ;
#6684 = CARTESIAN_POINT ( 'NONE',  ( -25.24133706547816658, 15.77006132495631441, 1.002488253960795106 ) ) ;
#6685 = CARTESIAN_POINT ( 'NONE',  ( -27.12982908305834329, -20.17038646038255933, -1.633322947941007630 ) ) ;
#6686 = CARTESIAN_POINT ( 'NONE',  ( 30.95295902883156103, -15.30000000000000071, -2.459293633051719663 ) ) ;
#6687 = CARTESIAN_POINT ( 'NONE',  ( -26.20000000000000284, 5.580403008799160069, -1.937490070343665938 ) ) ;
#6688 = FACE_OUTER_BOUND ( 'NONE', #3110, .T. ) ;
#6689 = CARTESIAN_POINT ( 'NONE',  ( 25.30000000000000071, 20.49999999999999645, -1.472740857018096428 ) ) ;
#6690 = CARTESIAN_POINT ( 'NONE',  ( 26.32590175084500572, -15.47130858390608310, 1.456176697503628992 ) ) ;
#6691 = CARTESIAN_POINT ( 'NONE',  ( 28.73543482216895129, -19.83056734127099929, -2.257155490359667560 ) ) ;
#6692 = EDGE_LOOP ( 'NONE', ( #5775, #2738, #3468, #6090 ) ) ;
#6693 = VECTOR ( 'NONE', #1036, 1000.000000000000000 ) ;
#6694 = CIRCLE ( 'NONE', #1021, 330.0000000000000000 ) ;
#6695 = ORIENTED_EDGE ( 'NONE', *, *, #6276, .T. ) ;
#6696 = VECTOR ( 'NONE', #1934, 1000.000000000000000 ) ;
#6697 = CARTESIAN_POINT ( 'NONE',  ( -30.91602223662419036, -16.04946685347206170, -2.455796815520957743 ) ) ;
#6698 = VECTOR ( 'NONE', #918, 1000.000000000000000 ) ;
#6699 = DIRECTION ( 'NONE',  ( -1.000000000000000000, 0.000000000000000000, 0.000000000000000000 ) ) ;
#6700 = DIRECTION ( 'NONE',  ( -0.07678300455235541333, 0.000000000000000000, -0.9970478274445579991 ) ) ;
#6701 = CARTESIAN_POINT ( 'NONE',  ( -29.69677619469820584, 20.37454072294301355, -2.342678361549374699 ) ) ;
#6702 = DIRECTION ( 'NONE',  ( 1.070816960479510747E-16, -1.000000000000000000, 0.000000000000000000 ) ) ;
#6703 = ORIENTED_EDGE ( 'NONE', *, *, #7787, .T. ) ;
#6704 = CARTESIAN_POINT ( 'NONE',  ( 32.00000000000000711, -15.74310658076420388, -2.009146468990765211 ) ) ;
#6705 = VERTEX_POINT ( 'NONE', #5190 ) ;
#6706 = CARTESIAN_POINT ( 'NONE',  ( 26.17633423557397165, -21.95671534046155671, -1.535958705077364206 ) ) ;
#6707 = CARTESIAN_POINT ( 'NONE',  ( -28.88027188445771642, 18.41078309580925421, -1.266099319758395181 ) ) ;
#6708 = VERTEX_POINT ( 'NONE', #7877 ) ;
#6709 = FACE_OUTER_BOUND ( 'NONE', #6302, .T. ) ;
#6710 = VERTEX_POINT ( 'NONE', #2575 ) ;
#6711 = CARTESIAN_POINT ( 'NONE',  ( 26.64236725148906615, -20.32663661081128836, -1.568398084577252050 ) ) ;
#6712 = DIRECTION ( 'NONE',  ( 1.219651901000219827E-16, 1.000000000000000000, 1.104944480433649266E-17 ) ) ;
#6713 = EDGE_LOOP ( 'NONE', ( #7789, #4868, #58, #4899 ) ) ;
#6714 = LINE ( 'NONE', #4848, #5883 ) ;
#6715 = EDGE_CURVE ( 'NONE', #7341, #4264, #4008, .T. ) ;
#6716 = CARTESIAN_POINT ( 'NONE',  ( -25.47298709208963530, 15.57810567625147691, 0.9801338708000438826 ) ) ;
#6717 = CARTESIAN_POINT ( 'NONE',  ( -28.38230550999653090, -7.686515811381145369, -1.222770424795132316 ) ) ;
#6718 = CARTESIAN_POINT ( 'NONE',  ( 29.60000000000001208, -8.294148266502288536, -1.330196093404401703 ) ) ;
#6719 = CARTESIAN_POINT ( 'NONE',  ( -31.95583011945924667, -16.18552036710714503, -2.555148343567366531 ) ) ;
#6720 = EDGE_CURVE ( 'NONE', #5440, #7933, #4836, .T. ) ;
#6721 = EDGE_LOOP ( 'NONE', ( #4118, #8212, #1347, #673, #5773, #4066, #1802, #6265, #2805, #968, #2685, #2272 ) ) ;
#6722 = ORIENTED_EDGE ( 'NONE', *, *, #6327, .F. ) ;
#6724 = CARTESIAN_POINT ( 'NONE',  ( -28.47450966591828703, -19.43270105922117708, -1.706215878982745959 ) ) ;
#6723 = CARTESIAN_POINT ( 'NONE',  ( 26.56038088917166462, -15.03968369465535737, 1.437469952603784407 ) ) ;
#6725 = EDGE_CURVE ( 'NONE', #7702, #1628, #5352, .T. ) ;
#6726 = ADVANCED_FACE ( 'NONE', ( #5256 ), #5978, .F. ) ;
#6727 = CARTESIAN_POINT ( 'NONE',  ( 29.60000000000000142, 8.294151406892398271, 1.179845401256263360 ) ) ;
#6728 = CARTESIAN_POINT ( 'NONE',  ( 25.02396148221259153, -15.90701615844428574, 1.023224379681941576 ) ) ;
#6729 = DIRECTION ( 'NONE',  ( -0.000000000000000000, -1.000000000000000000, -0.000000000000000000 ) ) ;
#6730 = EDGE_LOOP ( 'NONE', ( #5666, #3920, #4999 ) ) ;
#6731 = CARTESIAN_POINT ( 'NONE',  ( 21.39999999999999503, 22.00000000000000711, 0.8085397930349680351 ) ) ;
#6732 = CARTESIAN_POINT ( 'NONE',  ( -31.77952529530860204, 17.06186797886451956, -2.538016252762056002 ) ) ;
#6733 = DIRECTION ( 'NONE',  ( -1.000000000000000000, 0.000000000000000000, 0.000000000000000000 ) ) ;
#6734 = AXIS2_PLACEMENT_3D ( 'NONE', #896, #6871, #6851 ) ;
#6735 = EDGE_CURVE ( 'NONE', #3366, #7132, #3587, .T. ) ;
#6736 = CARTESIAN_POINT ( 'NONE',  ( 31.30887712229824515, -18.27179105916506785, -1.948339899628829697 ) ) ;
#6737 = CARTESIAN_POINT ( 'NONE',  ( 27.44056779407679514, -21.10679355856159489, -2.146297068362927885 ) ) ;
#6738 = DIRECTION ( 'NONE',  ( 0.000000000000000000, 0.000000000000000000, 1.000000000000000000 ) ) ;
#6739 = ORIENTED_EDGE ( 'NONE', *, *, #2279, .T. ) ;
#6740 = CARTESIAN_POINT ( 'NONE',  ( 29.21323719884081171, -18.74115156804754534, -1.764220582164450102 ) ) ;
#6741 = DIRECTION ( 'NONE',  ( -0.000000000000000000, -0.000000000000000000, 1.000000000000000000 ) ) ;
#6742 = CARTESIAN_POINT ( 'NONE',  ( -25.70227030467198404, 15.32941570319913183, 0.9577712809776112168 ) ) ;
#6743 = CARTESIAN_POINT ( 'NONE',  ( -12.00000000000000000, 21.50000000000000000, 2.283388089142968091 ) ) ;
#6744 = CARTESIAN_POINT ( 'NONE',  ( 29.21775310183769747, -7.686559691257466298, -1.295961599106156159 ) ) ;
#6745 = ORIENTED_EDGE ( 'NONE', *, *, #5898, .F. ) ;
#6746 = CARTESIAN_POINT ( 'NONE',  ( 0.6346861529916614231, -17.59930866384425840, -0.0002423338233972630637 ) ) ;
#6748 = DIRECTION ( 'NONE',  ( 0.000000000000000000, -0.000000000000000000, 1.000000000000000000 ) ) ;
#6747 = CARTESIAN_POINT ( 'NONE',  ( 28.00180803812517638, -18.49999999999921840, 1.318802283534719066 ) ) ;
#6749 = CARTESIAN_POINT ( 'NONE',  ( -28.30892758980177248, 13.24010559156788958, 1.292710629369822062 ) ) ;
#6750 = ORIENTED_EDGE ( 'NONE', *, *, #3983, .T. ) ;
#6751 = CARTESIAN_POINT ( 'NONE',  ( -25.60328244811108434, -20.50252533962079582, -1.997577202078271386 ) ) ;
#6752 = CARTESIAN_POINT ( 'NONE',  ( 25.43297950069342761, -15.61531893654454706, 0.9840147501560625454 ) ) ;
#6754 = DIRECTION ( 'NONE',  ( 0.07678300455234848831, 0.000000000000000000, 0.9970478274445584432 ) ) ;
#6753 =( BOUNDED_SURFACE ( )  B_SPLINE_SURFACE ( 3, 2, ( 
 ( #5997, #6619, #671 ),
 ( #1987, #7225, #5915 ),
 ( #40, #7978, #6662 ),
 ( #5884, #3911, #8593 ),
 ( #7338, #7307, #5346 ),
 ( #692, #3243, #2547 ) ),
 .UNSPECIFIED., .F., .F., .T. ) 
 B_SPLINE_SURFACE_WITH_KNOTS ( ( 4, 2, 4 ),
 ( 3, 3 ),
 ( -1.301042606982605321E-18, 0.0004167701287444644260, 0.0008335402574889301530 ),
 ( 0.000000000000000000, 1.000000000000000000 ),
 .UNSPECIFIED. ) 
 GEOMETRIC_REPRESENTATION_ITEM ( )  RATIONAL_B_SPLINE_SURFACE ( (
 ( 1.000000000000000000, 0.7071067811865475727, 1.000000000000000000),
 ( 1.000000000000000000, 0.7076196078841874293, 1.000000000000000000),
 ( 1.000000000000000000, 0.7083218452195777504, 1.000000000000000000),
 ( 1.000000000000000000, 0.7091000606539367146, 1.000000000000000000),
 ( 1.000000000000000000, 0.7091267768761562174, 1.000000000000000000),
 ( 1.000000000000000000, 0.7087110488037755562, 1.000000000000000000) ) ) 
 REPRESENTATION_ITEM ( '' )  SURFACE ( )  );
#6755 = DIRECTION ( 'NONE',  ( -1.000000000000000000, 1.001543065824771570E-15, 0.000000000000000000 ) ) ;
#6756 = CARTESIAN_POINT ( 'NONE',  ( -31.95582097640936681, 16.18824595368011998, -2.555147034632645919 ) ) ;
#6757 = CARTESIAN_POINT ( 'NONE',  ( 29.50200554329098779, 15.50000000000079403, 1.188589279467233917 ) ) ;
#6758 = CARTESIAN_POINT ( 'NONE',  ( -28.49999999999999645, -18.50000000000000355, -500000.0000000000582 ) ) ;
#6759 = DIRECTION ( 'NONE',  ( -9.769962616701379133E-15, 0.000000000000000000, 1.000000000000000000 ) ) ;
#6760 = ORIENTED_EDGE ( 'NONE', *, *, #7284, .T. ) ;
#6761 = ADVANCED_FACE ( 'NONE', ( #2326 ), #7764, .T. ) ;
#6762 = DIRECTION ( 'NONE',  ( -0.000000000000000000, -1.000000000000000000, -0.000000000000000000 ) ) ;
#6763 = DIRECTION ( 'NONE',  ( 0.000000000000000000, 0.000000000000000000, -1.000000000000000000 ) ) ;
#6764 = DIRECTION ( 'NONE',  ( -0.8660254037844403729, 0.4999999999999971689, 0.000000000000000000 ) ) ;
#6765 = ORIENTED_EDGE ( 'NONE', *, *, #4101, .F. ) ;
#6766 = CARTESIAN_POINT ( 'NONE',  ( -28.59112889449582440, 7.620683215036434532, -1.240883349570705896 ) ) ;
#6767 = EDGE_CURVE ( 'NONE', #8616, #1608, #5046, .T. ) ;
#6768 = EDGE_CURVE ( 'NONE', #521, #211, #8384, .T. ) ;
#6769 = CARTESIAN_POINT ( 'NONE',  ( -24.32163108327829093, 16.16103374056498154, 1.088714943764003795 ) ) ;
#6770 = CARTESIAN_POINT ( 'NONE',  ( 30.01028542128341670, 19.40361967533005583, 1.143043953105724819 ) ) ;
#6771 = PLANE ( 'NONE',  #4728 ) ;
#6772 = CARTESIAN_POINT ( 'NONE',  ( -30.60958154296099210, -19.41002607514713674, -2.426655167098408228 ) ) ;
#6773 = ORIENTED_EDGE ( 'NONE', *, *, #7941, .T. ) ;
#6775 = CARTESIAN_POINT ( 'NONE',  ( -1.385640646055105840, -19.29999999999999716, 3.501025000000002052 ) ) ;
#6774 = CARTESIAN_POINT ( 'NONE',  ( 26.16923491493995257, -14.27683327959076642, 0.9114565125463860440 ) ) ;
#6776 = CARTESIAN_POINT ( 'NONE',  ( -28.00000000000000355, 12.81169645958004466, 1.318955087088232725 ) ) ;
#6777 = EDGE_CURVE ( 'NONE', #3526, #7415, #170, .T. ) ;
#6778 = ORIENTED_EDGE ( 'NONE', *, *, #4033, .T. ) ;
#6779 = CARTESIAN_POINT ( 'NONE',  ( -30.35842468489387258, -16.68430169356092563, -2.403246465730545900 ) ) ;
#6780 = CARTESIAN_POINT ( 'NONE',  ( 24.70478022885108160, -16.05467393385825403, 1.053273649440938264 ) ) ;
#6781 = CARTESIAN_POINT ( 'NONE',  ( 0.000000000000000000, 20.99999999999999289, -330.0000000000000000 ) ) ;
#6783 = ORIENTED_EDGE ( 'NONE', *, *, #8325, .F. ) ;
#6782 = DIRECTION ( 'NONE',  ( 0.000000000000000000, 0.000000000000000000, 1.000000000000000000 ) ) ;
#6784 = CARTESIAN_POINT ( 'NONE',  ( -29.34820097712355746, 19.97464952340541444, -2.311481126130730424 ) ) ;
#6785 = CARTESIAN_POINT ( 'NONE',  ( 30.34184223212100306, -19.73403178997574869, -1.865277312737505744 ) ) ;
#6786 = CARTESIAN_POINT ( 'NONE',  ( -27.13025187317479237, 20.17022909156281330, -1.604296810418640584 ) ) ;
#6787 = AXIS2_PLACEMENT_3D ( 'NONE', #2719, #1995, #642 ) ;
#6788 = VECTOR ( 'NONE', #2804, 1000.000000000000000 ) ;
#6789 = AXIS2_PLACEMENT_3D ( 'NONE', #5334, #6636, #1254 ) ;
#6790 = AXIS2_PLACEMENT_3D ( 'NONE', #408, #4650, #6013 ) ;
#6791 = VERTEX_POINT ( 'NONE', #3945 ) ;
#6792 = LINE ( 'NONE', #8358, #2920 ) ;
#6793 = DIRECTION ( 'NONE',  ( -1.000000000000000000, 0.000000000000000000, 0.000000000000000000 ) ) ;
#6794 = CARTESIAN_POINT ( 'NONE',  ( 31.83071841560766657, -16.81227659798037166, 0.9731929293193721797 ) ) ;
#6795 = FACE_OUTER_BOUND ( 'NONE', #6219, .T. ) ;
#6796 = CARTESIAN_POINT ( 'NONE',  ( 25.07286112536075251, 16.50399923769015231, 1.553319193283331900 ) ) ;
#6797 = VECTOR ( 'NONE', #6541, 1000.000000000000000 ) ;
#6798 = CARTESIAN_POINT ( 'NONE',  ( 28.00000000000000000, -13.39999999999999680, 5.000000000000000000 ) ) ;
#6799 = AXIS2_PLACEMENT_3D ( 'NONE', #1000, #6894, #7746 ) ;
#6800 = CARTESIAN_POINT ( 'NONE',  ( -29.86847814369805931, -16.00000000003589307, 1.155766148425812156 ) ) ;
#6801 = VERTEX_POINT ( 'NONE', #8603 ) ;
#6802 = SPHERICAL_SURFACE ( 'NONE', #1972, 0.5000000000000000000 ) ;
#6803 = CARTESIAN_POINT ( 'NONE',  ( -28.35755036288573194, -20.67280198596839469, -2.224342913225831886 ) ) ;
#6804 = ORIENTED_EDGE ( 'NONE', *, *, #8213, .F. ) ;
#6805 = LINE ( 'NONE', #5656, #5025 ) ;
#6807 = CARTESIAN_POINT ( 'NONE',  ( -27.60455171154011822, -19.97369061473470708, -1.639673934953112200 ) ) ;
#6806 = CARTESIAN_POINT ( 'NONE',  ( 25.36534481985942335, -16.37644988102201893, 1.531078574516481661 ) ) ;
#6808 = DIRECTION ( 'NONE',  ( 1.000000000000000000, 0.000000000000000000, 0.000000000000000000 ) ) ;
#6809 = CIRCLE ( 'NONE', #602, 329.0000000000000000 ) ;
#6810 = B_SPLINE_CURVE_WITH_KNOTS ( 'NONE', 3,
 ( #6536, #5303, #5423, #2674, #70, #6021, #1378, #1437, #8021, #6046, #2017, #4645, #765, #6113, #4754, #2046, #4036, #7301, #6640, #6657, #3977, #6686 ),
 .UNSPECIFIED., .F., .F.,
 ( 4, 2, 2, 2, 2, 2, 2, 2, 2, 2, 4 ),
 ( 0.000000000000000000, 0.001123037234458189098, 0.002246074468916378197, 0.002807593086145472421, 0.003369111703374567078, 0.004492148937832756393, 0.005615186172290944841, 0.006738223406749134156, 0.007299742023978235753, 0.007861260641207337349, 0.008984297875665540542 ),
 .UNSPECIFIED. ) ;
#6811 = ADVANCED_FACE ( 'NONE', ( #1710 ), #2846, .T. ) ;
#6812 = ORIENTED_EDGE ( 'NONE', *, *, #3006, .T. ) ;
#6813 = EDGE_LOOP ( 'NONE', ( #997, #1743, #4667, #4347 ) ) ;
#6814 = CARTESIAN_POINT ( 'NONE',  ( -30.50000000000000000, -15.98570587181479397, -1.961511404224945965 ) ) ;
#6815 = ORIENTED_EDGE ( 'NONE', *, *, #1072, .T. ) ;
#6816 = CARTESIAN_POINT ( 'NONE',  ( 24.92502794050760073, -15.96032298831872076, 1.032597984537582780 ) ) ;
#6817 = FACE_OUTER_BOUND ( 'NONE', #6546, .T. ) ;
#6818 = CARTESIAN_POINT ( 'NONE',  ( -25.41506496307115981, 15.63089434664205513, 0.9857453395441544419 ) ) ;
#6819 = CARTESIAN_POINT ( 'NONE',  ( 0.000000000000000000, -13.39999999999999503, -330.0000000000000000 ) ) ;
#6820 = CARTESIAN_POINT ( 'NONE',  ( -28.00212109403391025, 20.87417027282896598, -2.193620620914478181 ) ) ;
#6821 = CARTESIAN_POINT ( 'NONE',  ( 0.000000000000000000, -16.49999999999999645, 3.501025000000002052 ) ) ;
#6822 = CARTESIAN_POINT ( 'NONE',  ( -28.90553524538890073, 7.600012892957038524, 1.241197971014468271 ) ) ;
#6823 = CARTESIAN_POINT ( 'NONE',  ( 30.81335429208308696, -18.05056409481133173, -2.446116711832178936 ) ) ;
#6824 = CARTESIAN_POINT ( 'NONE',  ( -28.46506588360260537, 19.43974278693340452, -1.705484742527060726 ) ) ;
#6825 = EDGE_LOOP ( 'NONE', ( #8326, #1724, #6484, #7603 ) ) ;
#6826 = EDGE_LOOP ( 'NONE', ( #2546, #6650, #6084, #8371 ) ) ;
#6827 = LINE ( 'NONE', #4662, #6103 ) ;
#6828 = CARTESIAN_POINT ( 'NONE',  ( -28.53480239878528124, -20.56641296519570261, -2.239731131834842959 ) ) ;
#6829 = CARTESIAN_POINT ( 'NONE',  ( 25.44281214495078203, 16.31037355367798014, 1.525134689456272730 ) ) ;
#6830 = CARTESIAN_POINT ( 'NONE',  ( 1.801046579816369730, -19.37857457116454185, -0.004907408343255987258 ) ) ;
#6831 = ORIENTED_EDGE ( 'NONE', *, *, #8552, .F. ) ;
#6832 = EDGE_CURVE ( 'NONE', #1889, #5442, #5465, .T. ) ;
#6833 = DIRECTION ( 'NONE',  ( 0.000000000000000000, 0.000000000000000000, -1.000000000000000000 ) ) ;
#6834 = CARTESIAN_POINT ( 'NONE',  ( 29.41909986075489059, -17.66297757173646943, -1.313908830659717530 ) ) ;
#6835 = CARTESIAN_POINT ( 'NONE',  ( 0.000000000000000000, 21.50000000000000000, -330.0000000000000000 ) ) ;
#6836 = EDGE_CURVE ( 'NONE', #447, #4896, #3132, .T. ) ;
#6838 = CARTESIAN_POINT ( 'NONE',  ( 28.00180803812517638, -18.49999999999921840, 1.318802283534719066 ) ) ;
#6837 = CARTESIAN_POINT ( 'NONE',  ( 26.18039790884159146, -14.20201955333385158, 0.9103369038202551167 ) ) ;
#6839 = CARTESIAN_POINT ( 'NONE',  ( 25.74730710141362167, 21.50000000000000000, 1.501877224832216529 ) ) ;
#6840 = EDGE_CURVE ( 'NONE', #4460, #7305, #8176, .T. ) ;
#6841 = EDGE_LOOP ( 'NONE', ( #3996, #2323, #7006, #615 ) ) ;
#6842 = CARTESIAN_POINT ( 'NONE',  ( -28.10763091272943726, -20.25013325531309150, -2.202719183516917312 ) ) ;
#6843 = CARTESIAN_POINT ( 'NONE',  ( 24.77210370524167615, -16.02825049556801673, 1.046970779718972233 ) ) ;
#6844 = CARTESIAN_POINT ( 'NONE',  ( -24.20022571055702798, 16.18155265850026225, 1.099814339174252753 ) ) ;
#6845 = DIRECTION ( 'NONE',  ( 1.000000000000000000, 0.000000000000000000, 0.000000000000000000 ) ) ;
#6846 = DIRECTION ( 'NONE',  ( 0.000000000000000000, 0.000000000000000000, -1.000000000000000000 ) ) ;
#6847 = AXIS2_PLACEMENT_3D ( 'NONE', #5520, #8115, #7414 ) ;
#6848 = CARTESIAN_POINT ( 'NONE',  ( 30.49999999999999289, 15.50000000000001066, -500000.0000000000582 ) ) ;
#6849 = ORIENTED_EDGE ( 'NONE', *, *, #3604, .F. ) ;
#6850 = CARTESIAN_POINT ( 'NONE',  ( 31.13232618296470022, -17.30824915113927531, -2.476256606087535062 ) ) ;
#6851 = DIRECTION ( 'NONE',  ( 0.000000000000000000, 0.000000000000000000, -1.000000000000000000 ) ) ;
#6852 = ADVANCED_FACE ( 'NONE', ( #1084 ), #3699, .T. ) ;
#6853 = AXIS2_PLACEMENT_3D ( 'NONE', #6183, #5503, #4186 ) ;
#6854 = CARTESIAN_POINT ( 'NONE',  ( -31.05782955667637069, -17.48698602651082368, -2.469211653995809996 ) ) ;
#6855 = CARTESIAN_POINT ( 'NONE',  ( 0.000000000000000000, -19.99999999999999645, -330.0000000000000000 ) ) ;
#6856 = ORIENTED_EDGE ( 'NONE', *, *, #1362, .F. ) ;
#6857 = CARTESIAN_POINT ( 'NONE',  ( 26.40434506713019047, 15.32012881542807570, 1.449939630572284477 ) ) ;
#6858 = CARTESIAN_POINT ( 'NONE',  ( -29.60000000000000142, 8.399999999999996803, -1.330196093404401037 ) ) ;
#6859 = CARTESIAN_POINT ( 'NONE',  ( -26.20000000000000284, 14.19692504872923244, 0.9083700997836458013 ) ) ;
#6860 = CARTESIAN_POINT ( 'NONE',  ( 25.95356451500530071, -19.96968807869478013, -1.022032519829309649 ) ) ;
#6861 = DIRECTION ( 'NONE',  ( -0.004196367795442253190, 0.000000000000000000, 0.9999911952099005408 ) ) ;
#6862 = CARTESIAN_POINT ( 'NONE',  ( -30.62735647723928167, -19.38669185327218969, -1.889560095808831219 ) ) ;
#6863 = ORIENTED_EDGE ( 'NONE', *, *, #2682, .T. ) ;
#6864 = CARTESIAN_POINT ( 'NONE',  ( 24.31025338641690325, -16.73340597791234430, 1.610117809434353786 ) ) ;
#6865 = CARTESIAN_POINT ( 'NONE',  ( 30.26617575352132761, 19.09382535632659739, 1.119707619142191302 ) ) ;
#6866 = CARTESIAN_POINT ( 'NONE',  ( -27.09475457827842249, -20.18358826305681930, -2.117508337373009919 ) ) ;
#6867 = ORIENTED_EDGE ( 'NONE', *, *, #8170, .F. ) ;
#6868 = PLANE ( 'NONE',  #4342 ) ;
#6869 = CARTESIAN_POINT ( 'NONE',  ( 26.47760743445710219, -20.36772385383206441, -1.556409270255704635 ) ) ;
#6870 = CARTESIAN_POINT ( 'NONE',  ( -7.000000000000000000, 22.00000000000000000, 1.926196616055031452 ) ) ;
#6871 = DIRECTION ( 'NONE',  ( -0.000000000000000000, 1.000000000000000000, -0.000000000000000000 ) ) ;
#6872 = ORIENTED_EDGE ( 'NONE', *, *, #7325, .T. ) ;
#6873 = DIRECTION ( 'NONE',  ( -1.000000000000000000, 0.000000000000000000, 0.000000000000000000 ) ) ;
#6874 = CARTESIAN_POINT ( 'NONE',  ( 25.00144388324612876, 19.86952074177079552, 1.558709437337643999 ) ) ;
#6875 = VECTOR ( 'NONE', #580, 1000.000000000000000 ) ;
#6876 = EDGE_CURVE ( 'NONE', #1940, #3662, #6827, .T. ) ;
#6877 = CARTESIAN_POINT ( 'NONE',  ( -30.34184223212098530, 19.73403178997574514, -1.865277312737519733 ) ) ;
#6878 = EDGE_LOOP ( 'NONE', ( #4338, #8488, #1200, #3378 ) ) ;
#6879 = EDGE_CURVE ( 'NONE', #4741, #3163, #7970, .T. ) ;
#6880 = CARTESIAN_POINT ( 'NONE',  ( -25.96262396548507567, 14.91831735174321061, 0.9320750359912197691 ) ) ;
#6881 = CARTESIAN_POINT ( 'NONE',  ( 29.20245015333469141, -13.29928002507910456, -1.294620766877420559 ) ) ;
#6882 = CARTESIAN_POINT ( 'NONE',  ( -26.17875991134244984, -21.95671588310382205, -1.536131870900134588 ) ) ;
#6883 = CARTESIAN_POINT ( 'NONE',  ( 25.99408438677846434, -14.85195484748783556, 0.9289474872213847600 ) ) ;
#6884 = CARTESIAN_POINT ( 'NONE',  ( 29.99999999999999645, -15.50000000000000355, -500000.0000000000582 ) ) ;
#6885 = ORIENTED_EDGE ( 'NONE', *, *, #7191, .T. ) ;
#6886 = CONICAL_SURFACE ( 'NONE', #2912, 331.9300665634186771, 0.8140366510306804582 ) ;
#6887 = EDGE_CURVE ( 'NONE', #5984, #6041, #771, .T. ) ;
#6888 = SPHERICAL_SURFACE ( 'NONE', #5051, 0.2000000000000000111 ) ;
#6889 = EDGE_CURVE ( 'NONE', #1322, #5984, #2541, .T. ) ;
#6890 = CARTESIAN_POINT ( 'NONE',  ( 31.64774222883346511, 17.45513495978547525, -1.977998647338164329 ) ) ;
#6891 = LINE ( 'NONE', #2078, #3027 ) ;
#6892 = DIRECTION ( 'NONE',  ( 0.000000000000000000, 0.000000000000000000, 1.000000000000000000 ) ) ;
#6893 = CARTESIAN_POINT ( 'NONE',  ( -25.83114105496305868, 15.14942116646493453, 0.9450893654824513712 ) ) ;
#6894 = DIRECTION ( 'NONE',  ( 0.000000000000000000, 0.000000000000000000, 1.000000000000000000 ) ) ;
#6895 = CARTESIAN_POINT ( 'NONE',  ( 0.000000000000000000, 0.000000000000000000, 0.000000000000000000 ) ) ;
#6896 = PLANE ( 'NONE',  #5226 ) ;
#6897 = CARTESIAN_POINT ( 'NONE',  ( 25.64289627159822871, -20.49999999999999645, -1.496608327161284446 ) ) ;
#6898 = ORIENTED_EDGE ( 'NONE', *, *, #4864, .F. ) ;
#6899 = LINE ( 'NONE', #745, #450 ) ;
#6900 = CARTESIAN_POINT ( 'NONE',  ( 29.69677619469822005, -20.37454072294300644, -2.342678361549377364 ) ) ;
#6901 = CARTESIAN_POINT ( 'NONE',  ( -30.04552351739171456, 15.91972493839530145, -1.370624385819888547 ) ) ;
#6902 = AXIS2_PLACEMENT_3D ( 'NONE', #5219, #3265, #3921 ) ;
#6903 = SPHERICAL_SURFACE ( 'NONE', #428, 0.5000000000000000000 ) ;
#6904 = VERTEX_POINT ( 'NONE', #7350 ) ;
#6905 = CIRCLE ( 'NONE', #2361, 0.5000000000000001110 ) ;
#6906 = EDGE_CURVE ( 'NONE', #1830, #3459, #3274, .T. ) ;
#6907 = CYLINDRICAL_SURFACE ( 'NONE', #1595, 5.200000000000000178 ) ;
#6908 = AXIS2_PLACEMENT_3D ( 'NONE', #64, #6106, #7991 ) ;
#6909 = EDGE_LOOP ( 'NONE', ( #7686, #3154, #5153, #129 ) ) ;
#6910 = DIRECTION ( 'NONE',  ( -0.000000000000000000, 1.000000000000000000, -0.000000000000000000 ) ) ;
#6911 = VERTEX_POINT ( 'NONE', #2757 ) ;
#6912 = CARTESIAN_POINT ( 'NONE',  ( 24.31295146878855817, 16.16293966082360356, 1.031333226196363917 ) ) ;
#6913 = CARTESIAN_POINT ( 'NONE',  ( 25.50000000006267697, -20.50000000000000355, 1.520738416161219630 ) ) ;
#6914 = VERTEX_POINT ( 'NONE', #8075 ) ;
#6915 = B_SPLINE_CURVE_WITH_KNOTS ( 'NONE', 3,
 ( #2857, #4209, #6311, #1693, #3598, #7671, #4928, #6366, #6251, #5008, #2354, #7698, #303, #5048 ),
 .UNSPECIFIED., .F., .F.,
 ( 4, 2, 2, 2, 2, 2, 4 ),
 ( 0.000000000000000000, 0.2499999999999993339, 0.3749999999999990008, 0.4999999999999986677, 0.6249999999999983347, 0.7499999999999990008, 1.000000000000000000 ),
 .UNSPECIFIED. ) ;
#6916 = CARTESIAN_POINT ( 'NONE',  ( -25.30000000000000071, -19.99999999999999645, -1.472740857018096428 ) ) ;
#6917 = CARTESIAN_POINT ( 'NONE',  ( -32.00000000000000000, 15.74315702562812191, 0.5022692813384519450 ) ) ;
#6918 = ADVANCED_FACE ( 'NONE', ( #1916 ), #4826, .T. ) ;
#6919 = VERTEX_POINT ( 'NONE', #6063 ) ;
#6920 = CARTESIAN_POINT ( 'NONE',  ( -30.01493819423095033, -15.91651594878301701, -1.367823998171421307 ) ) ;
#6921 = ORIENTED_EDGE ( 'NONE', *, *, #55, .F. ) ;
#6922 = CARTESIAN_POINT ( 'NONE',  ( 11.99999999999999822, 16.19999999999999929, 1.682996247923562727 ) ) ;
#6923 = DIRECTION ( 'NONE',  ( -0.000000000000000000, -1.000000000000000000, -0.000000000000000000 ) ) ;
#6924 = VECTOR ( 'NONE', #6569, 1000.000000000000000 ) ;
#6925 = CARTESIAN_POINT ( 'NONE',  ( 31.77549239183830565, 17.03390783545416909, -1.989255019750616249 ) ) ;
#6926 = CARTESIAN_POINT ( 'NONE',  ( -26.20000000000000284, 21.99999999999999645, -1.041704770954277048 ) ) ;
#6927 = CARTESIAN_POINT ( 'NONE',  ( -26.05246801085677077, 14.71393833643278981, 0.9231346535525069008 ) ) ;
#6928 = ORIENTED_EDGE ( 'NONE', *, *, #2405, .F. ) ;
#6929 = CARTESIAN_POINT ( 'NONE',  ( 28.02087904403065366, 12.80972292682610458, 1.317192381205007479 ) ) ;
#6930 = EDGE_LOOP ( 'NONE', ( #1962, #2452, #108 ) ) ;
#6931 = CARTESIAN_POINT ( 'NONE',  ( 26.55324777839933503, -19.84337909937207556, -1.069996873482740085 ) ) ;
#6932 = CARTESIAN_POINT ( 'NONE',  ( 30.13162245133260697, -15.99999999996747135, 1.131926571736719955 ) ) ;
#6933 = CARTESIAN_POINT ( 'NONE',  ( -29.80249505292555767, 17.90701865560108885, -1.811511305364376545 ) ) ;
#6934 = EDGE_CURVE ( 'NONE', #7335, #5508, #1130, .T. ) ;
#6935 = EDGE_LOOP ( 'NONE', ( #8053, #429, #3550, #5032 ) ) ;
#6936 = LINE ( 'NONE', #85, #5369 ) ;
#6937 = CARTESIAN_POINT ( 'NONE',  ( -25.30000000000000071, 20.49999999999999645, -1.472740857018096428 ) ) ;
#6938 = CARTESIAN_POINT ( 'NONE',  ( 26.09006789997265230, 14.60359176324825192, 0.8623194873497994628 ) ) ;
#6939 = DIRECTION ( 'NONE',  ( 9.769962616701377556E-15, 0.000000000000000000, -1.000000000000000000 ) ) ;
#6940 = CARTESIAN_POINT ( 'NONE',  ( 30.36904154810374479, 16.47184764286494030, -1.400059154709923703 ) ) ;
#6941 = CARTESIAN_POINT ( 'NONE',  ( 24.30509615882439078, 16.16435861051838430, 1.032050332207592458 ) ) ;
#6942 = CARTESIAN_POINT ( 'NONE',  ( 28.10133666887678316, -13.00358781851713097, -1.198667114155817393 ) ) ;
#6943 = CARTESIAN_POINT ( 'NONE',  ( -1.384801372496017535, -19.69999999999999929, -0.002905580732839516123 ) ) ;
#6944 = ORIENTED_EDGE ( 'NONE', *, *, #8052, .F. ) ;
#6945 = CARTESIAN_POINT ( 'NONE',  ( -26.01845463519090629, -20.49498313980624431, -1.026588844934007483 ) ) ;
#6946 = CARTESIAN_POINT ( 'NONE',  ( 27.09475457827809208, 20.18358826305681575, -2.117508337373009919 ) ) ;
#6947 = CARTESIAN_POINT ( 'NONE',  ( -29.41909986075489059, 17.66297757173646588, -1.313908830659717530 ) ) ;
#6948 = ORIENTED_EDGE ( 'NONE', *, *, #3930, .T. ) ;
#6949 = AXIS2_PLACEMENT_3D ( 'NONE', #8365, #7695, #5004 ) ;
#6950 = DIRECTION ( 'NONE',  ( -1.000000000000000000, 0.000000000000000000, 0.000000000000000000 ) ) ;
#6951 = DIRECTION ( 'NONE',  ( 1.000000000000000000, 0.000000000000000000, 0.000000000000000000 ) ) ;
#6952 = CARTESIAN_POINT ( 'NONE',  ( 30.62275844407038861, -18.40674194693368904, -2.428243119095880864 ) ) ;
#6953 = APPLICATION_PROTOCOL_DEFINITION ( 'international standard', 'config_control_design', 1994, #2166 ) ;
#6954 = AXIS2_PLACEMENT_3D ( 'NONE', #1867, #7965, #4531 ) ;
#6955 = CARTESIAN_POINT ( 'NONE',  ( 27.13025187317502329, -20.17022909156272448, -1.604296810418590624 ) ) ;
#6956 = DIRECTION ( 'NONE',  ( -0.000000000000000000, -1.000000000000000000, -0.000000000000000000 ) ) ;
#6957 = EDGE_LOOP ( 'NONE', ( #8591, #4417, #1890, #2156 ) ) ;
#6958 = AXIS2_PLACEMENT_3D ( 'NONE', #1418, #6729, #3424 ) ;
#6959 = CARTESIAN_POINT ( 'NONE',  ( 30.26066330971908158, -15.05381314751017108, 1.120145665363175613 ) ) ;
#6960 = CARTESIAN_POINT ( 'NONE',  ( 25.62880601584275198, 15.41744724539215383, 0.9075933426789037917 ) ) ;
#6961 = CARTESIAN_POINT ( 'NONE',  ( 25.36821470113184063, 19.49999999998306421, 1.530875112703414587 ) ) ;
#6962 = VERTEX_POINT ( 'NONE', #8211 ) ;
#6963 = CARTESIAN_POINT ( 'NONE',  ( 30.23075946530863334, 16.96028852748959892, -1.387321540735405145 ) ) ;
#6964 = CARTESIAN_POINT ( 'NONE',  ( 24.33242603951147132, 16.15905505877918102, 1.029557860178422768 ) ) ;
#6965 = DIRECTION ( 'NONE',  ( 1.527666881884215652E-13, 0.000000000000000000, 1.000000000000000000 ) ) ;
#6966 = CARTESIAN_POINT ( 'NONE',  ( -27.93555859133291364, -19.79571037211434614, -1.184334759977934803 ) ) ;
#6967 = ORIENTED_EDGE ( 'NONE', *, *, #4588, .T. ) ;
#6968 = CARTESIAN_POINT ( 'NONE',  ( 26.64209393680803828, 20.32670811504687691, -1.589299597322088919 ) ) ;
#6969 = CARTESIAN_POINT ( 'NONE',  ( 25.74191762486005075, 22.00000000000001066, -1.504233370233273082 ) ) ;
#6970 = CARTESIAN_POINT ( 'NONE',  ( -0.1732050807568888406, -16.80000000000000071, 0.1998182918942745800 ) ) ;
#6971 = CARTESIAN_POINT ( 'NONE',  ( 29.34996084881800371, -19.97310521601801270, -2.311638845369506257 ) ) ;
#6973 = ORIENTED_EDGE ( 'NONE', *, *, #8117, .T. ) ;
#6972 = CARTESIAN_POINT ( 'NONE',  ( -29.81198948794733283, 17.90720063996973010, -1.891050528485844318 ) ) ;
#6974 = DATE_TIME_ROLE ( 'creation_date' ) ;
#6975 = CARTESIAN_POINT ( 'NONE',  ( -0.2754641449302753786, -16.57740711582576409, -0.0001073892294717913116 ) ) ;
#6976 = DIRECTION ( 'NONE',  ( 0.000000000000000000, -0.000000000000000000, 1.000000000000000000 ) ) ;
#6977 = VECTOR ( 'NONE', #4346, 1000.000000000000000 ) ;
#6978 = CARTESIAN_POINT ( 'NONE',  ( -24.35548668357404622, -16.15444884200062603, 1.085609681491354062 ) ) ;
#6979 = CARTESIAN_POINT ( 'NONE',  ( -25.14704683558356990, -15.83295244557249326, 1.011503843391389657 ) ) ;
#6980 = ORIENTED_EDGE ( 'NONE', *, *, #6016, .T. ) ;
#6981 = EDGE_CURVE ( 'NONE', #3984, #1379, #5987, .T. ) ;
#6982 = DIRECTION ( 'NONE',  ( 0.000000000000000000, 1.000000000000000000, 0.000000000000000000 ) ) ;
#6983 = CARTESIAN_POINT ( 'NONE',  ( 25.24061790342147305, 15.76926586157270727, 0.9449310518421918381 ) ) ;
#6984 = CARTESIAN_POINT ( 'NONE',  ( 25.50000000006267697, 19.50000000000001066, 1.520738416161219186 ) ) ;
#6985 = CARTESIAN_POINT ( 'NONE',  ( 0.1401468039489141837, -16.50001156465226515, -1.400075623412802862E-08 ) ) ;
#6986 = VECTOR ( 'NONE', #4521, 1000.000000000000000 ) ;
#6987 = EDGE_CURVE ( 'NONE', #7132, #4432, #584, .T. ) ;
#6988 = DIRECTION ( 'NONE',  ( 0.000000000000000000, 0.000000000000000000, 1.000000000000000000 ) ) ;
#6989 = EDGE_CURVE ( 'NONE', #2762, #6705, #3263, .T. ) ;
#6990 = CARTESIAN_POINT ( 'NONE',  ( 25.24032268701119719, 20.44674216861411509, 1.540623162511915778 ) ) ;
#6991 = CARTESIAN_POINT ( 'NONE',  ( 29.29110707278324455, 7.759923499484504106, -1.302515151413698113 ) ) ;
#6992 = CARTESIAN_POINT ( 'NONE',  ( -1.801052019234074653, -19.37857341702832414, -0.004907435606696068306 ) ) ;
#6993 = ORIENTED_EDGE ( 'NONE', *, *, #4864, .T. ) ;
#6994 = ADVANCED_FACE ( 'NONE', ( #4217 ), #2921, .T. ) ;
#6995 = CIRCLE ( 'NONE', #3385, 0.5000000000000000000 ) ;
#6996 = CARTESIAN_POINT ( 'NONE',  ( -28.75814589967155754, -19.19824619702147928, -1.255231903651500502 ) ) ;
#6997 = FACE_OUTER_BOUND ( 'NONE', #8575, .T. ) ;
#6998 = AXIS2_PLACEMENT_3D ( 'NONE', #3098, #5766, #3818 ) ;
#6999 = CIRCLE ( 'NONE', #7189, 0.1999999999999999278 ) ;
#7000 = CARTESIAN_POINT ( 'NONE',  ( 25.94062948237375821, 20.47166977940889865, -2.024088226434747728 ) ) ;
#7001 = FACE_BOUND ( 'NONE', #3438, .T. ) ;
#7002 = CARTESIAN_POINT ( 'NONE',  ( 27.02929123114636312, 21.77670555560411003, 0.9084694405864653932 ) ) ;
#7003 = ORIENTED_EDGE ( 'NONE', *, *, #4647, .F. ) ;
#7004 = AXIS2_PLACEMENT_3D ( 'NONE', #2528, #5865, #8540 ) ;
#7005 = EDGE_CURVE ( 'NONE', #8604, #3913, #3826, .T. ) ;
#7006 = ORIENTED_EDGE ( 'NONE', *, *, #6276, .F. ) ;
#7007 = LINE ( 'NONE', #7614, #7525 ) ;
#7008 = CARTESIAN_POINT ( 'NONE',  ( -26.20000000000000284, 5.580403008799160069, 0.9083693958394913892 ) ) ;
#7009 = CARTESIAN_POINT ( 'NONE',  ( -30.65402625064461972, 17.13259523306922105, -2.431177248378872502 ) ) ;
#7010 = ORIENTED_EDGE ( 'NONE', *, *, #3428, .T. ) ;
#7011 = PERSON ( 'Œ¥÷∏∂®', 'Œ¥÷∏∂®', 'Œ¥÷∏∂®', ('Œ¥÷∏∂®'), ('Œ¥÷∏∂®'), ('Œ¥÷∏∂®') ) ;
#7012 = CARTESIAN_POINT ( 'NONE',  ( 30.50000000000000000, 15.29999999999999716, -1.868547682487453621 ) ) ;
#7013 = CIRCLE ( 'NONE', #2148, 329.4999999999999432 ) ;
#7014 = CARTESIAN_POINT ( 'NONE',  ( -26.19999999999999929, -13.89999999999999858, 0.9083693958394895018 ) ) ;
#7015 = CARTESIAN_POINT ( 'NONE',  ( 26.78410002272813273, 13.89999999999999858, 1.419465309405898434 ) ) ;
#7016 = CARTESIAN_POINT ( 'NONE',  ( 28.88027188445824578, -18.41078309580871775, -1.266099319758440700 ) ) ;
#7017 = CARTESIAN_POINT ( 'NONE',  ( 0.000000000000000000, 22.00000000000000000, -330.0000000000000000 ) ) ;
#7018 = CARTESIAN_POINT ( 'NONE',  ( -25.63028160470685535, -19.50000000001428901, 1.510717381174717433 ) ) ;
#7019 = ORIENTED_EDGE ( 'NONE', *, *, #640, .T. ) ;
#7020 = AXIS2_PLACEMENT_3D ( 'NONE', #5386, #3995, #5293 ) ;
#7021 = ORIENTED_EDGE ( 'NONE', *, *, #7683, .F. ) ;
#7022 = CARTESIAN_POINT ( 'NONE',  ( -24.33287076603936683, -16.15896633027261942, 1.087684579327115930 ) ) ;
#7023 = ORIENTED_EDGE ( 'NONE', *, *, #5660, .T. ) ;
#7024 = CC_DESIGN_PERSON_AND_ORGANIZATION_ASSIGNMENT ( #6000, #3729, ( #8355 ) ) ;
#7025 = TOROIDAL_SURFACE ( 'NONE', #1598, 329.4999999999999432, 0.5000000000000000000 ) ;
#7026 = CARTESIAN_POINT ( 'NONE',  ( -25.65346605664929314, -15.38888886838301495, 0.9625502312708394959 ) ) ;
#7027 = CARTESIAN_POINT ( 'NONE',  ( 30.50000000000000000, -15.36754741836646510, 1.098172752448999923 ) ) ;
#7028 = CARTESIAN_POINT ( 'NONE',  ( -26.68661378809791884, 14.68911368090379632, 1.427329640418859347 ) ) ;
#7029 = CARTESIAN_POINT ( 'NONE',  ( -28.30892758980177604, -7.759894408432094437, 1.292710629369888009 ) ) ;
#7030 = CARTESIAN_POINT ( 'NONE',  ( -1.558845726811993071, -19.19999999999999929, 0.1954572673585568132 ) ) ;
#7031 = CARTESIAN_POINT ( 'NONE',  ( 28.75814589967096069, 19.19824619702154678, -1.255231903651105041 ) ) ;
#7032 = CARTESIAN_POINT ( 'NONE',  ( -25.26160849772383088, -21.50000000000000000, -1.971264770740374983 ) ) ;
#7033 = ORIENTED_EDGE ( 'NONE', *, *, #8171, .F. ) ;
#7034 = VERTEX_POINT ( 'NONE', #1647 ) ;
#7035 = VECTOR ( 'NONE', #6071, 1000.000000000000000 ) ;
#7036 = CARTESIAN_POINT ( 'NONE',  ( 24.78462824149973542, 16.02307501622321695, 0.9878965660634162482 ) ) ;
#7037 = CARTESIAN_POINT ( 'NONE',  ( -30.72634591127575021, 18.40778090538901068, 1.077321699638770225 ) ) ;
#7038 = CARTESIAN_POINT ( 'NONE',  ( -1.523815189951024829, -19.46068579037521573, 0.1958247778449939136 ) ) ;
#7039 = ADVANCED_FACE ( 'NONE', ( #4621 ), #5746, .T. ) ;
#7040 = CARTESIAN_POINT ( 'NONE',  ( 27.60353433703443216, -19.97418076319871716, -1.676781557859795102 ) ) ;
#7041 = CARTESIAN_POINT ( 'NONE',  ( 29.19381199280075379, 18.76332922088566235, -2.297538552478036955 ) ) ;
#7042 = ORIENTED_EDGE ( 'NONE', *, *, #5433, .F. ) ;
#7043 = CARTESIAN_POINT ( 'NONE',  ( 26.74437599109680264, 21.34226580673425389, 1.422732807894311780 ) ) ;
#7044 = DIRECTION ( 'NONE',  ( -0.000000000000000000, 1.000000000000000000, -0.000000000000000000 ) ) ;
#7045 = CARTESIAN_POINT ( 'NONE',  ( 0.000000000000000000, 16.19999999999999929, -330.0000000000000000 ) ) ;
#7046 = B_SPLINE_CURVE_WITH_KNOTS ( 'NONE', 3,
 ( #4766, #2226, #2975, #8344, #3608, #7591, #8261, #7618, #1667, #287, #6348, #6929, #8288, #6320 ),
 .UNSPECIFIED., .F., .F.,
 ( 4, 2, 2, 2, 2, 2, 4 ),
 ( 0.000000000000000000, 0.0006313108629305190858, 0.0009469662943957823150, 0.001262621725861045544, 0.001893932588791572219, 0.002209588020256835449, 0.002525243451722098895 ),
 .UNSPECIFIED. ) ;
#7047 = CARTESIAN_POINT ( 'NONE',  ( 23.90000000000001279, -16.19999999999999929, -0.8666075889594559989 ) ) ;
#7048 = CARTESIAN_POINT ( 'NONE',  ( -25.89321981094908764, -15.04826635261288992, 0.9389561917325498497 ) ) ;
#7049 = CARTESIAN_POINT ( 'NONE',  ( -28.35904225274584078, 20.68334887151486612, -2.224347148855889245 ) ) ;
#7050 = CARTESIAN_POINT ( 'NONE',  ( 25.00144388323976585, 20.00000000000079581, 1.558709437338138493 ) ) ;
#7051 = EDGE_LOOP ( 'NONE', ( #4509, #6189, #363, #2344 ) ) ;
#7052 = ADVANCED_FACE ( 'NONE', ( #8169 ), #8377, .F. ) ;
#7053 = CARTESIAN_POINT ( 'NONE',  ( 0.1379710428642197118, -16.73897285621409026, 0.1998922199747080464 ) ) ;
#7054 = CARTESIAN_POINT ( 'NONE',  ( -26.96851258938340479, 20.22799058380671866, -1.592328370849621644 ) ) ;
#7055 = FACE_OUTER_BOUND ( 'NONE', #2984, .T. ) ;
#7056 = CARTESIAN_POINT ( 'NONE',  ( 0.6348770215105852266, -17.59963925781573124, 0.4997579418529787820 ) ) ;
#7057 = EDGE_CURVE ( 'NONE', #7823, #5034, #2740, .T. ) ;
#7058 = CARTESIAN_POINT ( 'NONE',  ( -25.72495565260375372, -15.30034519795561643, 0.9555427306667118037 ) ) ;
#7059 = EDGE_CURVE ( 'NONE', #4948, #5009, #1497, .T. ) ;
#7060 = CARTESIAN_POINT ( 'NONE',  ( -23.90000000000000213, 16.19999999999999929, -0.8666075889594559989 ) ) ;
#7061 = EDGE_LOOP ( 'NONE', ( #4001, #8542, #879, #8065 ) ) ;
#7062 = CARTESIAN_POINT ( 'NONE',  ( -25.07363195602265904, 16.52152436850289874, 1.553260973864938332 ) ) ;
#7063 = CARTESIAN_POINT ( 'NONE',  ( 26.05254867622825188, 14.71115733136395143, 0.8660388978944673077 ) ) ;
#7064 = CARTESIAN_POINT ( 'NONE',  ( 26.78791464558688062, 21.83653729671910426, -2.092287551687760150 ) ) ;
#7065 = CARTESIAN_POINT ( 'NONE',  ( 26.66718180686678963, 20.36241013547965650, -1.569754253567759994 ) ) ;
#7066 = CARTESIAN_POINT ( 'NONE',  ( -28.00252619996282988, -20.86287400327172747, -2.193821617951022152 ) ) ;
#7067 = CARTESIAN_POINT ( 'NONE',  ( 25.99640518428865832, 14.84892346372274297, 0.8715935745020754188 ) ) ;
#7068 = CARTESIAN_POINT ( 'NONE',  ( 30.09333044885887531, 18.31802922841679759, -2.379178950132009973 ) ) ;
#7069 = CARTESIAN_POINT ( 'NONE',  ( -26.19999999999999929, 7.599999999999996980, 0.3627097600454320947 ) ) ;
#7070 = B_SPLINE_CURVE_WITH_KNOTS ( 'NONE', 3,
 ( #2255, #4859, #2953, #5594, #1600, #3520 ),
 .UNSPECIFIED., .F., .F.,
 ( 4, 2, 4 ),
 ( 0.0007817912878261847574, 0.001172349524473235722, 0.001562907761120286903 ),
 .UNSPECIFIED. ) ;
#7071 = DIRECTION ( 'NONE',  ( 0.9963197585235830100, 0.000000000000000000, 0.08571428571428169052 ) ) ;
#7072 = ORIENTED_EDGE ( 'NONE', *, *, #847, .F. ) ;
#7073 = EDGE_CURVE ( 'NONE', #2288, #459, #577, .T. ) ;
#7074 = CARTESIAN_POINT ( 'NONE',  ( 28.47330010545006829, -19.43362177634114119, -1.759006405889335101 ) ) ;
#7075 = CARTESIAN_POINT ( 'NONE',  ( 28.43810333097446019, 19.46038506937380674, -2.231121323093180564 ) ) ;
#7076 = CARTESIAN_POINT ( 'NONE',  ( -31.95647025912675687, 16.18142023029754739, -2.005270463265242054 ) ) ;
#7077 = AXIS2_PLACEMENT_3D ( 'NONE', #1257, #1872, #6611 ) ;
#7078 = CARTESIAN_POINT ( 'NONE',  ( -1.385640646055105840, -19.29999999999999716, 0.2970935385293582698 ) ) ;
#7079 = ORIENTED_EDGE ( 'NONE', *, *, #165, .T. ) ;
#7080 = CARTESIAN_POINT ( 'NONE',  ( -24.91829707528717819, 15.96778513139825861, -0.9421054993074156059 ) ) ;
#7081 = CARTESIAN_POINT ( 'NONE',  ( -25.26160849772382733, 21.49999999999999645, -1.971264770740392080 ) ) ;
#7082 = EDGE_CURVE ( 'NONE', #8254, #521, #4486, .T. ) ;
#7083 = CC_DESIGN_SECURITY_CLASSIFICATION ( #3164, ( #8355 ) ) ;
#7084 = CARTESIAN_POINT ( 'NONE',  ( 25.94554140833490052, 20.26176809502144494, 1.486179902753010262 ) ) ;
#7085 = CARTESIAN_POINT ( 'NONE',  ( 30.49999999999998934, 15.63245258163354556, 1.098172752449000367 ) ) ;
#7086 = CARTESIAN_POINT ( 'NONE',  ( -29.42865016296071090, 18.47977634245800971, -1.781410849268541430 ) ) ;
#7087 = VERTEX_POINT ( 'NONE', #1671 ) ;
#7088 = CARTESIAN_POINT ( 'NONE',  ( 28.39761498758825908, 13.29931973504747411, -1.224111444818803296 ) ) ;
#7089 = CARTESIAN_POINT ( 'NONE',  ( -24.49745409364693316, -16.12136716696020855, 1.072537413133987538 ) ) ;
#7090 = CARTESIAN_POINT ( 'NONE',  ( -25.50000000006268053, -20.50000000000000355, 1.520738416161248718 ) ) ;
#7091 = CARTESIAN_POINT ( 'NONE',  ( 26.80000000000000071, 22.00000000000000000, 0.3145773350004543722 ) ) ;
#7092 = CARTESIAN_POINT ( 'NONE',  ( -30.60845707162631157, -18.58455871693420391, 1.088183688412893924 ) ) ;
#7093 = CARTESIAN_POINT ( 'NONE',  ( 29.72653046399474874, 20.34841732444187912, -1.813778073458293560 ) ) ;
#7094 = CARTESIAN_POINT ( 'NONE',  ( 29.49867407959499488, -13.00356690315842023, 1.188888488577207747 ) ) ;
#7095 = EDGE_LOOP ( 'NONE', ( #4313, #5019, #6300, #3422 ) ) ;
#7096 = CARTESIAN_POINT ( 'NONE',  ( -24.98977270525906746, -16.55620521921975907, 1.559592103760305770 ) ) ;
#7097 = CARTESIAN_POINT ( 'NONE',  ( 28.72738773636566378, 19.83654333808306802, -2.256451724215109422 ) ) ;
#7098 = ADVANCED_FACE ( 'NONE', ( #3368 ), #4528, .T. ) ;
#7099 = FACE_OUTER_BOUND ( 'NONE', #6935, .T. ) ;
#7100 = PLANE ( 'NONE',  #3544 ) ;
#7101 = DIRECTION ( 'NONE',  ( 0.000000000000000000, -1.000000000000000000, 0.000000000000000000 ) ) ;
#7102 = VERTEX_POINT ( 'NONE', #2337 ) ;
#7103 = CARTESIAN_POINT ( 'NONE',  ( -12.00000000000000000, 21.50000000000000000, 2.283388089142968091 ) ) ;
#7104 = EDGE_LOOP ( 'NONE', ( #6533, #5162, #4842, #4413 ) ) ;
#7105 = DIRECTION ( 'NONE',  ( 0.000000000000000000, -0.000000000000000000, 1.000000000000000000 ) ) ;
#7106 = CARTESIAN_POINT ( 'NONE',  ( -25.33488469175762958, -15.69791902971483211, 0.9934892659610898846 ) ) ;
#7107 = CARTESIAN_POINT ( 'NONE',  ( 27.07807436455581040, -21.76357828678976958, 1.395666487809033907 ) ) ;
#7108 = ORIENTED_EDGE ( 'NONE', *, *, #7490, .T. ) ;
#7109 = CIRCLE ( 'NONE', #8018, 328.9999999999999432 ) ;
#7110 = CARTESIAN_POINT ( 'NONE',  ( -28.94668199322878976, 18.76058052247031327, 1.237601120210636285 ) ) ;
#7111 = CARTESIAN_POINT ( 'NONE',  ( 27.90141973873378234, -20.95063955219419327, 1.327324189727342896 ) ) ;
#7112 = CIRCLE ( 'NONE', #5607, 0.5000000000000004441 ) ;
#7113 = DIRECTION ( 'NONE',  ( 0.000000000000000000, 0.000000000000000000, -1.000000000000000000 ) ) ;
#7114 = FACE_OUTER_BOUND ( 'NONE', #7447, .T. ) ;
#7115 = CARTESIAN_POINT ( 'NONE',  ( -26.56128134020209686, -15.03762721073638531, 1.437397796917520676 ) ) ;
#7116 = CARTESIAN_POINT ( 'NONE',  ( -29.50200554329099489, 15.49999999999921307, 1.188589279467233251 ) ) ;
#7118 = ORIENTED_EDGE ( 'NONE', *, *, #4647, .T. ) ;
#7117 = CARTESIAN_POINT ( 'NONE',  ( -26.56038088917159001, 15.03968369465535915, 1.437469952603789958 ) ) ;
#7119 = CARTESIAN_POINT ( 'NONE',  ( -25.33810240963855520, -21.50000000000000000, 1.533151534320441600 ) ) ;
#7120 = CARTESIAN_POINT ( 'NONE',  ( 26.17875991134298275, 21.95671588310370481, -1.536131870900102836 ) ) ;
#7121 = LINE ( 'NONE', #950, #2715 ) ;
#7122 = LINE ( 'NONE', #3803, #6501 ) ;
#7123 = ORIENTED_EDGE ( 'NONE', *, *, #6466, .F. ) ;
#7124 = CARTESIAN_POINT ( 'NONE',  ( 29.21511262985716684, 18.73900753532749519, -1.764369633963376538 ) ) ;
#7125 = B_SPLINE_CURVE_WITH_KNOTS ( 'NONE', 3,
 ( #6648, #8030, #6697, #696, #3396, #6664, #8618, #2657, #3962, #1961, #4067, #2684, #5289, #98, #1353, #7368, #1299, #4738, #6001, #7342, #4655, #1272 ),
 .UNSPECIFIED., .F., .F.,
 ( 4, 2, 2, 2, 2, 2, 2, 2, 2, 2, 4 ),
 ( 0.000000000000000000, 0.001123572146319442655, 0.002247144292638885311, 0.002808930365798606530, 0.003370716438958328183, 0.004494288585277768019, 0.005617860731597206989, 0.006741432877916646825, 0.007303218951076361973, 0.007865005024236077988, 0.008988577170555515222 ),
 .UNSPECIFIED. ) ;
#7126 = FACE_OUTER_BOUND ( 'NONE', #7858, .T. ) ;
#7127 = CIRCLE ( 'NONE', #1426, 0.5000000000000000000 ) ;
#7128 = CARTESIAN_POINT ( 'NONE',  ( -24.31141432275578751, -16.73211085531541187, 1.610022913869433525 ) ) ;
#7129 = CARTESIAN_POINT ( 'NONE',  ( -25.33810240963855520, 21.50000000000000000, 1.533151534320408071 ) ) ;
#7130 = ORIENTED_EDGE ( 'NONE', *, *, #7381, .T. ) ;
#7131 = B_SPLINE_CURVE_WITH_KNOTS ( 'NONE', 3,
 ( #3380, #6104, #2787, #785, #8044, #8081 ),
 .UNSPECIFIED., .F., .F.,
 ( 4, 2, 4 ),
 ( 0.0007817912878261877932, 0.001172349524473240276, 0.001562907761120292758 ),
 .UNSPECIFIED. ) ;
#7132 = VERTEX_POINT ( 'NONE', #3868 ) ;
#7133 = ADVANCED_FACE ( 'NONE', ( #4825 ), #5250, .T. ) ;
#7134 = CARTESIAN_POINT ( 'NONE',  ( -29.86847814369805931, 14.99999999996411226, 1.155766148425812379 ) ) ;
#7135 = ORIENTED_EDGE ( 'NONE', *, *, #3038, .T. ) ;
#7136 = VECTOR ( 'NONE', #1744, 1000.000000000000000 ) ;
#7137 = VERTEX_POINT ( 'NONE', #7172 ) ;
#7138 = AXIS2_PLACEMENT_3D ( 'NONE', #724, #8015, #1429 ) ;
#7139 = AXIS2_PLACEMENT_3D ( 'NONE', #4473, #3183, #2559 ) ;
#7140 = PLANE ( 'NONE',  #4111 ) ;
#7141 = ORIENTED_EDGE ( 'NONE', *, *, #4205, .F. ) ;
#7142 = CARTESIAN_POINT ( 'NONE',  ( -28.49999999966182074, 17.99999999999999645, 1.276319709120245172 ) ) ;
#7143 = CARTESIAN_POINT ( 'NONE',  ( -30.37611272915615501, 17.82820856050573610, -2.405262003724463860 ) ) ;
#7144 = CARTESIAN_POINT ( 'NONE',  ( -25.33810240963855520, -21.50000000000000000, 1.533151534320441156 ) ) ;
#7145 = CARTESIAN_POINT ( 'NONE',  ( -24.84619304417961771, -15.99652660697247342, 1.040016528244736893 ) ) ;
#7146 = ORIENTED_EDGE ( 'NONE', *, *, #1968, .F. ) ;
#7147 = FACE_OUTER_BOUND ( 'NONE', #7352, .T. ) ;
#7148 = CARTESIAN_POINT ( 'NONE',  ( 26.15252430836934749, -21.45994458998493570, 1.470144701209672888 ) ) ;
#7149 = CARTESIAN_POINT ( 'NONE',  ( 30.91646808442367345, -18.05332600349723293, 1.059581679772953366 ) ) ;
#7150 = AXIS2_PLACEMENT_3D ( 'NONE', #4429, #3075, #7113 ) ;
#7151 = CARTESIAN_POINT ( 'NONE',  ( 28.00000000000000000, 12.59999999999999432, -1.190024482224716351 ) ) ;
#7152 = CARTESIAN_POINT ( 'NONE',  ( -28.58923060920982806, 13.40002616030357707, -1.240664467088991252 ) ) ;
#7153 = ORIENTED_EDGE ( 'NONE', *, *, #3639, .F. ) ;
#7154 = ORIENTED_EDGE ( 'NONE', *, *, #192, .F. ) ;
#7155 = CARTESIAN_POINT ( 'NONE',  ( -28.00000000000000000, 8.400000000000000355, 1.318955087088236056 ) ) ;
#7156 = CARTESIAN_POINT ( 'NONE',  ( -24.58475525202894829, 16.68364061151013900, 1.589879491373969111 ) ) ;
#7157 = CARTESIAN_POINT ( 'NONE',  ( -29.40349180956918218, -20.61427163943632834, 1.197672092635502894 ) ) ;
#7158 = CARTESIAN_POINT ( 'NONE',  ( -28.08405209309149342, 20.86447652956426424, 1.311889665026047203 ) ) ;
#7159 = DIRECTION ( 'NONE',  ( -1.000000000000000000, 0.000000000000000000, 0.000000000000000000 ) ) ;
#7160 = CARTESIAN_POINT ( 'NONE',  ( -23.93683557770501125, -16.75631529253509555, 1.637268566917739365 ) ) ;
#7161 = CARTESIAN_POINT ( 'NONE',  ( -25.77925280622532966, 21.99749361540404990, 1.499435708646216003 ) ) ;
#7162 = ORIENTED_EDGE ( 'NONE', *, *, #733, .T. ) ;
#7163 = DIRECTION ( 'NONE',  ( 1.221040033540826639E-16, 1.000000000000000000, 9.392028083686021770E-18 ) ) ;
#7164 = CYLINDRICAL_SURFACE ( 'NONE', #6908, 0.5000000000000004441 ) ;
#7165 = CARTESIAN_POINT ( 'NONE',  ( -29.74061668858523078, 15.05325783135505979, 1.167260482243081654 ) ) ;
#7166 = CARTESIAN_POINT ( 'NONE',  ( 29.54401401977429131, 19.07270722679743713, -2.329096825610269761 ) ) ;
#7167 = ORIENTED_EDGE ( 'NONE', *, *, #7512, .F. ) ;
#7168 = DIRECTION ( 'NONE',  ( 0.9970548523794470208, 0.000000000000000000, -0.07669172932330454995 ) ) ;
#7169 = CARTESIAN_POINT ( 'NONE',  ( -30.76216789867369883, 16.77542669236015271, -2.441315183884683826 ) ) ;
#7170 = CARTESIAN_POINT ( 'NONE',  ( -32.00000000000000000, -15.30000000000000071, -2.009146468990752332 ) ) ;
#7171 = CARTESIAN_POINT ( 'NONE',  ( 30.72634591127292936, -18.40778090538831435, 1.077321699639052888 ) ) ;
#7172 = CARTESIAN_POINT ( 'NONE',  ( -25.50000000006268053, -20.50000000000000355, 1.520738416161248718 ) ) ;
#7173 = CARTESIAN_POINT ( 'NONE',  ( 29.41875683207903336, -18.49279783155383328, -2.317669080072932708 ) ) ;
#7174 = EDGE_CURVE ( 'NONE', #4850, #7406, #6414, .T. ) ;
#7175 = ORIENTED_EDGE ( 'NONE', *, *, #4550, .T. ) ;
#7176 = CARTESIAN_POINT ( 'NONE',  ( 30.49999999999999289, 15.50000000000001066, 1.098172752433057120 ) ) ;
#7177 = EDGE_CURVE ( 'NONE', #4948, #4076, #159, .T. ) ;
#7178 = CARTESIAN_POINT ( 'NONE',  ( 0.000000000000000000, -13.39999999999999503, -330.0000000000000000 ) ) ;
#7179 = EDGE_CURVE ( 'NONE', #2458, #8480, #7439, .T. ) ;
#7180 = B_SPLINE_CURVE_WITH_KNOTS ( 'NONE', 3,
 ( #6509, #7085, #6559, #2628, #3981, #8613 ),
 .UNSPECIFIED., .F., .F.,
 ( 4, 2, 4 ),
 ( 2.464315933712702971E-16, 0.0003917080896077381651, 0.0007834161792152298910 ),
 .UNSPECIFIED. ) ;
#7181 = DIRECTION ( 'NONE',  ( 0.000000000000000000, 0.000000000000000000, 1.000000000000000000 ) ) ;
#7182 = CARTESIAN_POINT ( 'NONE',  ( -30.90668814591043301, -18.05050554129392992, 1.060471729766287119 ) ) ;
#7183 = CARTESIAN_POINT ( 'NONE',  ( -25.74728057053555830, 21.50000000000000000, 1.501879252509037643 ) ) ;
#7184 = B_SPLINE_CURVE_WITH_KNOTS ( 'NONE', 3,
 ( #5457, #4893, #4810, #2153, #840, #882, #6834, #2130, #6226, #5486, #2823, #4777, #2095, #1575, #8109, #6860, #1459, #4144 ),
 .UNSPECIFIED., .F., .F.,
 ( 4, 2, 2, 2, 2, 2, 2, 2, 4 ),
 ( 0.000000000000000000, 0.0009278081768001800915, 0.001855616353600360183, 0.002783424530400540383, 0.003711232707200720366, 0.004639040884000900783, 0.005566849060801080766, 0.006494657237601260749, 0.007422465414401440732 ),
 .UNSPECIFIED. ) ;
#7185 = VERTEX_POINT ( 'NONE', #8442 ) ;
#7186 = CARTESIAN_POINT ( 'NONE',  ( -30.50000000000000000, 15.29999999999999716, 2.501025000000002052 ) ) ;
#7187 = CARTESIAN_POINT ( 'NONE',  ( 28.59112237566911574, -13.37931527587194935, 1.268481979055883446 ) ) ;
#7188 = CARTESIAN_POINT ( 'NONE',  ( -28.65075869746757320, 21.10605826981336364, 0.7830592061036436569 ) ) ;
#7189 = AXIS2_PLACEMENT_3D ( 'NONE', #4254, #5507, #7509 ) ;
#7190 = CARTESIAN_POINT ( 'NONE',  ( -28.00000000000000000, -12.59999999999999254, 1.318955087088236056 ) ) ;
#7191 = EDGE_CURVE ( 'NONE', #4832, #5101, #5163, .T. ) ;
#7192 = ORIENTED_EDGE ( 'NONE', *, *, #4056, .T. ) ;
#7193 = DIRECTION ( 'NONE',  ( -0.000000000000000000, -1.000000000000000000, -0.000000000000000000 ) ) ;
#7194 = CARTESIAN_POINT ( 'NONE',  ( -29.21506059208346073, 18.73906525675509727, -1.831350924584247641 ) ) ;
#7195 = CARTESIAN_POINT ( 'NONE',  ( -28.26515169285070783, -21.31213645334152318, -1.695532462646767602 ) ) ;
#7196 = VERTEX_POINT ( 'NONE', #4540 ) ;
#7197 = CARTESIAN_POINT ( 'NONE',  ( 30.62740841501612366, -19.38662359566238180, 0.6209428615660371742 ) ) ;
#7198 = CARTESIAN_POINT ( 'NONE',  ( -25.30000000000000071, 22.00000000000000000, -0.04810956747042238746 ) ) ;
#7199 = CARTESIAN_POINT ( 'NONE',  ( 29.43878166497583493, -19.97314138562385821, 1.194339954128067260 ) ) ;
#7200 = CARTESIAN_POINT ( 'NONE',  ( 28.99999999999999289, 18.50000000000001066, 1.232924088170934018 ) ) ;
#7201 = EDGE_LOOP ( 'NONE', ( #7393, #1422, #6102, #4546, #7754, #6058, #878, #1382, #1270, #2667, #5980, #2910 ) ) ;
#7202 = CARTESIAN_POINT ( 'NONE',  ( -25.63028160470685535, 20.49999999998570388, 1.510717381174717433 ) ) ;
#7203 = CARTESIAN_POINT ( 'NONE',  ( 31.40230147895933044, 18.07480977159417534, 0.5545266529238254138 ) ) ;
#7204 = CARTESIAN_POINT ( 'NONE',  ( -26.15027431417048476, -21.45994416752446909, 1.470316965664206998 ) ) ;
#7205 = CARTESIAN_POINT ( 'NONE',  ( -31.54743975903613062, 15.71043015473654769, 1.000013662612953214 ) ) ;
#7206 = DIRECTION ( 'NONE',  ( 0.000000000000000000, 0.000000000000000000, 1.000000000000000000 ) ) ;
#7207 = ORIENTED_EDGE ( 'NONE', *, *, #4050, .F. ) ;
#7208 = CARTESIAN_POINT ( 'NONE',  ( 30.49999999999999645, -15.50000000000000355, 1.143850916776045779 ) ) ;
#7209 = VERTEX_POINT ( 'NONE', #4458 ) ;
#7210 = CARTESIAN_POINT ( 'NONE',  ( -29.51269704323308218, 13.01904565188812235, -1.322311815088568654 ) ) ;
#7211 = CARTESIAN_POINT ( 'NONE',  ( 28.00000000000000000, 22.00000000000000000, 1.318955087088236056 ) ) ;
#7212 = CARTESIAN_POINT ( 'NONE',  ( 26.79755313065478006, -13.90000000000000213, 1.418377803962034278 ) ) ;
#7213 = LINE ( 'NONE', #5719, #5634 ) ;
#7214 = CARTESIAN_POINT ( 'NONE',  ( 28.49999999999999645, -18.50000000000000355, -500000.0000000000582 ) ) ;
#7215 = ORIENTED_EDGE ( 'NONE', *, *, #3615, .T. ) ;
#7216 = FACE_BOUND ( 'NONE', #7051, .T. ) ;
#7217 = CARTESIAN_POINT ( 'NONE',  ( -25.23933965392203405, -19.55425106912082711, 1.540697720404083704 ) ) ;
#7219 = CARTESIAN_POINT ( 'NONE',  ( -27.61249676977626066, 20.49430882994116132, -2.160741472242226457 ) ) ;
#7218 = LINE ( 'NONE', #1029, #3664 ) ;
#7220 = DIRECTION ( 'NONE',  ( 0.000000000000000000, 1.000000000000000000, 0.000000000000000000 ) ) ;
#7221 = CARTESIAN_POINT ( 'NONE',  ( -30.50000000000000000, 15.29999999999999716, -1.868547682487453621 ) ) ;
#7222 = CYLINDRICAL_SURFACE ( 'NONE', #1026, 0.5000000000000004441 ) ;
#7223 = CYLINDRICAL_SURFACE ( 'NONE', #611, 6.700000000000001066 ) ;
#7224 = EDGE_CURVE ( 'NONE', #2918, #2540, #4105, .T. ) ;
#7225 = CARTESIAN_POINT ( 'NONE',  ( 1.455093794968756793, -19.50029525347920512, -0.003200556197733079276 ) ) ;
#7226 = CARTESIAN_POINT ( 'NONE',  ( -30.00000000013388046, -16.00000000000000355, 1.143850916775968951 ) ) ;
#7227 = VERTEX_POINT ( 'NONE', #1124 ) ;
#7228 = EDGE_CURVE ( 'NONE', #2151, #3574, #6517, .T. ) ;
#7229 = EDGE_LOOP ( 'NONE', ( #388, #6215, #3230 ) ) ;
#7230 = FACE_OUTER_BOUND ( 'NONE', #2311, .T. ) ;
#7231 = VERTEX_POINT ( 'NONE', #559 ) ;
#7232 = DIRECTION ( 'NONE',  ( 0.9963197585235830100, 0.000000000000000000, -0.08571428571428169052 ) ) ;
#7233 = DIRECTION ( 'NONE',  ( -0.000000000000000000, -1.000000000000000000, -0.000000000000000000 ) ) ;
#7234 = CARTESIAN_POINT ( 'NONE',  ( -25.50000000000000355, 19.99999999999999645, 1.520738416161293571 ) ) ;
#7235 = CARTESIAN_POINT ( 'NONE',  ( -31.78552355291632026, -17.03824179353723522, 0.9775410920776416157 ) ) ;
#7236 = CARTESIAN_POINT ( 'NONE',  ( -31.22038796473679412, 17.29605884066232235, 1.031027130765760358 ) ) ;
#7237 = ORIENTED_EDGE ( 'NONE', *, *, #7451, .T. ) ;
#7238 = B_SPLINE_CURVE_WITH_KNOTS ( 'NONE', 3,
 ( #6020, #3976, #4059, #5302, #764, #4671, #6685, #4695, #7409, #8020, #6656, #3412, #1342, #2016, #7, #3297, #6112, #7972, #6045, #4644, #33, #5422 ),
 .UNSPECIFIED., .F., .F.,
 ( 4, 2, 2, 2, 2, 2, 2, 2, 2, 2, 4 ),
 ( 3.476216610979977084E-18, 0.001017588179281220554, 0.001526382268921829205, 0.002035176358562437639, 0.003052764537843644967, 0.004070352717124852727, 0.005087940896406059621, 0.005596734986046667838, 0.006105529075687276055, 0.007123117254968493357, 0.008140705434249708924 ),
 .UNSPECIFIED. ) ;
#7239 = EDGE_CURVE ( 'NONE', #6233, #7209, #4314, .T. ) ;
#7240 = ORIENTED_EDGE ( 'NONE', *, *, #5941, .F. ) ;
#7241 = DIRECTION ( 'NONE',  ( 0.000000000000000000, 0.000000000000000000, 1.000000000000000000 ) ) ;
#7242 = EDGE_CURVE ( 'NONE', #1903, #6521, #8492, .T. ) ;
#7243 = EDGE_LOOP ( 'NONE', ( #2162, #8216, #1805, #5994 ) ) ;
#7244 = FACE_OUTER_BOUND ( 'NONE', #2676, .T. ) ;
#7245 = AXIS2_PLACEMENT_3D ( 'NONE', #399, #5080, #2389 ) ;
#7246 = DIRECTION ( 'NONE',  ( 0.000000000000000000, 0.000000000000000000, 1.000000000000000000 ) ) ;
#7247 = CARTESIAN_POINT ( 'NONE',  ( 29.99999999999999289, 15.50000000000001066, 1.143850916804078910 ) ) ;
#7248 = B_SPLINE_CURVE_WITH_KNOTS ( 'NONE', 3,
 ( #8546, #581, #5905, #1894, #6577, #3 ),
 .UNSPECIFIED., .F., .F.,
 ( 4, 2, 4 ),
 ( 0.0007817912882277735674, 0.001172349525071717706, 0.001562907761915661954 ),
 .UNSPECIFIED. ) ;
#7249 = ORIENTED_EDGE ( 'NONE', *, *, #4379, .T. ) ;
#7250 = AXIS2_PLACEMENT_3D ( 'NONE', #6369, #5145, #7769 ) ;
#7251 = ORIENTED_EDGE ( 'NONE', *, *, #8320, .F. ) ;
#7252 = AXIS2_PLACEMENT_3D ( 'NONE', #1364, #8294, #3959 ) ;
#7253 = CARTESIAN_POINT ( 'NONE',  ( 26.20000000000000284, 13.89999999999999858, -1.041704770954277048 ) ) ;
#7254 = VECTOR ( 'NONE', #3403, 1000.000000000000000 ) ;
#7255 = CARTESIAN_POINT ( 'NONE',  ( 28.49999999999999289, 18.50000000000001066, 1.276319709120343759 ) ) ;
#7256 = CARTESIAN_POINT ( 'NONE',  ( -29.41875683207902270, 18.49279783155383328, -2.317669080072852328 ) ) ;
#7257 = DIRECTION ( 'NONE',  ( -0.000000000000000000, 1.000000000000000000, 0.000000000000000000 ) ) ;
#7258 = CARTESIAN_POINT ( 'NONE',  ( -28.05467458268157799, -18.76008800661228904, 1.314343079787305468 ) ) ;
#7259 = CARTESIAN_POINT ( 'NONE',  ( 29.21213572444215600, 18.74240052369935938, -1.831061603287071016 ) ) ;
#7260 = ORIENTED_EDGE ( 'NONE', *, *, #728, .F. ) ;
#7261 = CARTESIAN_POINT ( 'NONE',  ( -1.384801372496017535, -19.69999999999999218, -0.002905580732847457687 ) ) ;
#7262 = CARTESIAN_POINT ( 'NONE',  ( 28.61767033198310628, -20.56860613204427679, 1.266219091213059533 ) ) ;
#7263 = AXIS2_PLACEMENT_3D ( 'NONE', #1128, #7812, #2465 ) ;
#7264 = ADVANCED_FACE ( 'NONE', ( #2315 ), #8069, .F. ) ;
#7265 = CARTESIAN_POINT ( 'NONE',  ( 28.80000000000000071, 8.399999999999996803, -1.330196093404401037 ) ) ;
#7266 = ORIENTED_EDGE ( 'NONE', *, *, #2956, .F. ) ;
#7267 = CARTESIAN_POINT ( 'NONE',  ( 31.78552355291632026, 17.03824179353794577, 0.9775410920775939871 ) ) ;
#7268 = CARTESIAN_POINT ( 'NONE',  ( -32.00000000000000000, 5.580403008799160069, -0.04810956747042238746 ) ) ;
#7269 = DIRECTION ( 'NONE',  ( -0.07678300455235542721, 0.000000000000000000, 0.9970478274445579991 ) ) ;
#7270 = VECTOR ( 'NONE', #4726, 1000.000000000000000 ) ;
#7271 = CARTESIAN_POINT ( 'NONE',  ( -31.50000000000000000, 15.29999999999999716, -2.009146468990715029 ) ) ;
#7272 = DIRECTION ( 'NONE',  ( 0.000000000000000000, 0.000000000000000000, 1.000000000000000000 ) ) ;
#7273 = ORIENTED_EDGE ( 'NONE', *, *, #6561, .F. ) ;
#7274 = DIRECTION ( 'NONE',  ( 0.000000000000000000, 0.000000000000000000, 1.000000000000000000 ) ) ;
#7275 = DIRECTION ( 'NONE',  ( 0.000000000000000000, 0.000000000000000000, 1.000000000000000000 ) ) ;
#7276 = CARTESIAN_POINT ( 'NONE',  ( 25.63167509492702223, 19.50000000001421441, 1.510610196324725596 ) ) ;
#7277 = CARTESIAN_POINT ( 'NONE',  ( -30.22649141121127059, 16.97298262381477230, -1.933312935791446696 ) ) ;
#7278 = VERTEX_POINT ( 'NONE', #2484 ) ;
#7279 = CARTESIAN_POINT ( 'NONE',  ( -25.74191762486004365, -22.00000000000000000, -1.504233370233245548 ) ) ;
#7280 = CARTESIAN_POINT ( 'NONE',  ( 30.44546557119020136, 15.23811106447371699, 1.103204807038913771 ) ) ;
#7281 = CARTESIAN_POINT ( 'NONE',  ( -31.50000000000000000, -15.30000000000000071, 0.5022692811654755340 ) ) ;
#7282 = EDGE_CURVE ( 'NONE', #6228, #7988, #5831, .T. ) ;
#7283 = ORIENTED_EDGE ( 'NONE', *, *, #7059, .T. ) ;
#7284 = EDGE_CURVE ( 'NONE', #2825, #6363, #7180, .T. ) ;
#7285 = CARTESIAN_POINT ( 'NONE',  ( 28.00000000000000000, 8.400000000000000355, 1.318955087088236056 ) ) ;
#7286 = EDGE_CURVE ( 'NONE', #5570, #7739, #971, .T. ) ;
#7287 = CARTESIAN_POINT ( 'NONE',  ( 24.30154274107499646, -16.16471826338828421, 1.090555605165492548 ) ) ;
#7288 = CARTESIAN_POINT ( 'NONE',  ( 25.89444819339787429, -15.05543018988110759, -1.017500949265607302 ) ) ;
#7289 = DIRECTION ( 'NONE',  ( 0.000000000000000000, -1.000000000000000000, 0.000000000000000000 ) ) ;
#7290 = CARTESIAN_POINT ( 'NONE',  ( -29.43914165319148424, -13.09231761009948691, -1.315740522812071323 ) ) ;
#7291 = DIRECTION ( 'NONE',  ( -0.000000000000000000, -0.000000000000000000, -1.000000000000000000 ) ) ;
#7292 = CARTESIAN_POINT ( 'NONE',  ( 0.000000000000000000, -20.99999999999999645, -0.5000000000000559552 ) ) ;
#7293 = ORIENTED_EDGE ( 'NONE', *, *, #5828, .F. ) ;
#7294 = AXIS2_PLACEMENT_3D ( 'NONE', #1204, #2645, #6763 ) ;
#7295 = AXIS2_PLACEMENT_3D ( 'NONE', #1945, #3227, #5946 ) ;
#7296 = ADVANCED_FACE ( 'NONE', ( #3049 ), #6753, .T. ) ;
#7297 = DIRECTION ( 'NONE',  ( 0.000000000000000000, 1.000000000000000000, 0.000000000000000000 ) ) ;
#7298 = ORIENTED_EDGE ( 'NONE', *, *, #7339, .F. ) ;
#7299 = AXIS2_PLACEMENT_3D ( 'NONE', #1436, #3355, #8088 ) ;
#7300 = CARTESIAN_POINT ( 'NONE',  ( 26.19999999999999929, -7.599999999999996092, 0.3627097600454320947 ) ) ;
#7301 = CARTESIAN_POINT ( 'NONE',  ( 30.76244089141377458, -16.77438974852568165, -2.441340833950075506 ) ) ;
#7302 = SPHERICAL_SURFACE ( 'NONE', #3094, 0.5000000000000000000 ) ;
#7303 = CARTESIAN_POINT ( 'NONE',  ( -31.95645817229550545, -16.17893542455247058, -2.005269730006252971 ) ) ;
#7304 = CARTESIAN_POINT ( 'NONE',  ( 30.50000000000000355, 15.64411204826757285, -1.961511404530537073 ) ) ;
#7305 = VERTEX_POINT ( 'NONE', #8555 ) ;
#7307 = CARTESIAN_POINT ( 'NONE',  ( 1.594277711400339692, -19.26100049732332309, -0.003785837910003588339 ) ) ;
#7306 = CARTESIAN_POINT ( 'NONE',  ( 26.43612411302936493, -15.29050036608005492, 1.447404326159505095 ) ) ;
#7308 = CARTESIAN_POINT ( 'NONE',  ( 28.44705151159412537, -19.45381250360535219, -2.231895715224554877 ) ) ;
#7309 = FACE_OUTER_BOUND ( 'NONE', #2947, .T. ) ;
#7310 = CARTESIAN_POINT ( 'NONE',  ( 30.16850862925695864, 17.13485118926730522, -1.841287218692433614 ) ) ;
#7311 = ORIENTED_EDGE ( 'NONE', *, *, #3077, .T. ) ;
#7312 = CARTESIAN_POINT ( 'NONE',  ( -25.26160849772382022, 21.99999999999999645, -1.971264770740450700 ) ) ;
#7313 = CIRCLE ( 'NONE', #816, 330.0000000000000000 ) ;
#7314 = FACE_OUTER_BOUND ( 'NONE', #7504, .T. ) ;
#7315 = CARTESIAN_POINT ( 'NONE',  ( 27.44938238270780673, -21.64967056492583453, -1.631914500485674990 ) ) ;
#7316 = LINE ( 'NONE', #1377, #3340 ) ;
#7317 = ORIENTED_EDGE ( 'NONE', *, *, #3300, .F. ) ;
#7318 = CIRCLE ( 'NONE', #4281, 0.2000000000000000944 ) ;
#7319 = FACE_OUTER_BOUND ( 'NONE', #3079, .T. ) ;
#7320 = ORIENTED_EDGE ( 'NONE', *, *, #7959, .F. ) ;
#7321 = CARTESIAN_POINT ( 'NONE',  ( -30.00000000000000000, 15.49999999999999645, 1.143850916804078910 ) ) ;
#7322 = CIRCLE ( 'NONE', #6580, 0.5000000000000000000 ) ;
#7323 = B_SPLINE_CURVE_WITH_KNOTS ( 'NONE', 3,
 ( #4950, #955, #1627, #7631, #8298, #7090 ),
 .UNSPECIFIED., .F., .F.,
 ( 4, 2, 4 ),
 ( 0.0007817912882277764947, 0.001172349525071722260, 0.001562907761915668242 ),
 .UNSPECIFIED. ) ;
#7324 = CARTESIAN_POINT ( 'NONE',  ( -28.65099045184349436, -21.11824647224732132, 0.7831648505038645292 ) ) ;
#7325 = EDGE_CURVE ( 'NONE', #5909, #1822, #4419, .T. ) ;
#7326 = ORIENTED_EDGE ( 'NONE', *, *, #2306, .F. ) ;
#7327 = DIRECTION ( 'NONE',  ( 0.9959213561407166404, 0.000000000000000000, -0.09022556390977008733 ) ) ;
#7328 = CARTESIAN_POINT ( 'NONE',  ( -29.00897272762761148, -7.620712454544781522, -1.277489464082019577 ) ) ;
#7329 = CARTESIAN_POINT ( 'NONE',  ( 28.00000000000000000, -8.399999999999998579, -1.190024482224716351 ) ) ;
#7330 = VERTEX_POINT ( 'NONE', #7999 ) ;
#7331 = CARTESIAN_POINT ( 'NONE',  ( -31.31036836386394029, -18.29349579294372674, -2.492857448457739711 ) ) ;
#7332 = ORIENTED_EDGE ( 'NONE', *, *, #2520, .T. ) ;
#7333 = EDGE_CURVE ( 'NONE', #2939, #4586, #1868, .T. ) ;
#7334 = CIRCLE ( 'NONE', #8585, 0.2000000000000001221 ) ;
#7335 = VERTEX_POINT ( 'NONE', #4623 ) ;
#7336 = DIRECTION ( 'NONE',  ( 0.000000000000000000, 0.000000000000000000, -1.000000000000000000 ) ) ;
#7338 = CARTESIAN_POINT ( 'NONE',  ( 1.594235190004844593, -19.26129634830261139, 0.1950859938946046812 ) ) ;
#7337 = CARTESIAN_POINT ( 'NONE',  ( 26.18506445441094854, 14.20161069369975415, -1.040514256258825876 ) ) ;
#7339 = EDGE_CURVE ( 'NONE', #8058, #2825, #1205, .T. ) ;
#7340 = ADVANCED_FACE ( 'NONE', ( #2838 ), #1073, .T. ) ;
#7341 = VERTEX_POINT ( 'NONE', #10 ) ;
#7342 = CARTESIAN_POINT ( 'NONE',  ( -26.00655631990056094, -20.96312090353612945, -2.029282042165933664 ) ) ;
#7343 = ORIENTED_EDGE ( 'NONE', *, *, #3486, .F. ) ;
#7344 = CARTESIAN_POINT ( 'NONE',  ( 30.22667412068369686, 16.97243915606516396, -1.846051882621909002 ) ) ;
#7345 = CIRCLE ( 'NONE', #8291, 0.1999999999999999278 ) ;
#7346 = CARTESIAN_POINT ( 'NONE',  ( -28.00000000000000000, -8.399999999999998579, -1.330196093404401037 ) ) ;
#7347 = EDGE_CURVE ( 'NONE', #351, #78, #2944, .T. ) ;
#7348 = DIRECTION ( 'NONE',  ( 0.000000000000000000, -1.000000000000000000, 0.000000000000000000 ) ) ;
#7349 = EDGE_CURVE ( 'NONE', #8235, #1708, #2538, .T. ) ;
#7350 = CARTESIAN_POINT ( 'NONE',  ( -26.80000000000000071, -13.39999999999999503, 0.3145773350004543722 ) ) ;
#7351 = CARTESIAN_POINT ( 'NONE',  ( 0.000000000000000000, -20.99999999999999645, -330.0000000000000000 ) ) ;
#7352 = EDGE_LOOP ( 'NONE', ( #3611, #5985, #7854, #4271 ) ) ;
#7353 = VERTEX_POINT ( 'NONE', #4123 ) ;
#7354 = CALENDAR_DATE ( 2025, 19, 6 ) ;
#7355 = CARTESIAN_POINT ( 'NONE',  ( 27.90084009184357683, -19.81561481927203872, -1.662138753596486218 ) ) ;
#7356 = DIRECTION ( 'NONE',  ( -0.000000000000000000, 1.000000000000000000, -0.000000000000000000 ) ) ;
#7357 = EDGE_CURVE ( 'NONE', #682, #197, #8524, .T. ) ;
#7358 = DIRECTION ( 'NONE',  ( 0.000000000000000000, -0.000000000000000000, -1.000000000000000000 ) ) ;
#7359 = ORIENTED_EDGE ( 'NONE', *, *, #7657, .F. ) ;
#7360 = CYLINDRICAL_SURFACE ( 'NONE', #6017, 0.5000000000000004441 ) ;
#7361 = CARTESIAN_POINT ( 'NONE',  ( -25.30348241029773604, 15.72371080268635701, 0.9965186953923306223 ) ) ;
#7362 = CARTESIAN_POINT ( 'NONE',  ( -12.00000000000000178, 22.00000000000000000, 1.915157070426052988 ) ) ;
#7363 = CARTESIAN_POINT ( 'NONE',  ( -31.57258673202252552, -17.66493367765977496, -1.971392640694502374 ) ) ;
#7365 = CARTESIAN_POINT ( 'NONE',  ( -29.21561282701913598, -18.73843923807597633, -1.764409371042880537 ) ) ;
#7364 = CARTESIAN_POINT ( 'NONE',  ( 26.79755313065478006, -13.90000000000000213, 1.418377803962045602 ) ) ;
#7366 = CARTESIAN_POINT ( 'NONE',  ( 26.72138234344289387, -14.65299288428004232, 1.424559044623629589 ) ) ;
#7367 = EDGE_LOOP ( 'NONE', ( #7019, #6315, #5557, #6579 ) ) ;
#7368 = CARTESIAN_POINT ( 'NONE',  ( -27.26616451709656275, -20.63801041517552548, -2.131754939510458691 ) ) ;
#7369 = CARTESIAN_POINT ( 'NONE',  ( 29.97258615546018135, 17.60719727362500109, -1.825292160465183500 ) ) ;
#7370 = CARTESIAN_POINT ( 'NONE',  ( -24.68868729605032541, -16.68085209939556535, 1.582324257701985593 ) ) ;
#7371 = CARTESIAN_POINT ( 'NONE',  ( -27.41146950030863394, 21.66251672742634327, -2.143807831834225297 ) ) ;
#7372 = CARTESIAN_POINT ( 'NONE',  ( -1.096969239351845538, -18.40000645689757164, 0.1978800552066533047 ) ) ;
#7373 = DIRECTION ( 'NONE',  ( 1.000000000000000000, 0.000000000000000000, 0.000000000000000000 ) ) ;
#7374 = ORIENTED_EDGE ( 'NONE', *, *, #1236, .F. ) ;
#7375 = DIRECTION ( 'NONE',  ( -0.000000000000000000, -1.000000000000000000, -0.000000000000000000 ) ) ;
#7376 = ADVANCED_FACE ( 'NONE', ( #6094 ), #2068, .F. ) ;
#7377 = CARTESIAN_POINT ( 'NONE',  ( 0.000000000000000000, -22.00000000000000355, -330.0000000000000000 ) ) ;
#7378 = CARTESIAN_POINT ( 'NONE',  ( -6.999999999999998224, 16.19999999999999929, 1.826174374475908468 ) ) ;
#7379 = ORIENTED_EDGE ( 'NONE', *, *, #8236, .T. ) ;
#7380 = CARTESIAN_POINT ( 'NONE',  ( 28.49999999966125586, -17.99999999999498357, 1.276319709120331991 ) ) ;
#7381 = EDGE_CURVE ( 'NONE', #694, #3806, #4934, .T. ) ;
#7382 = CARTESIAN_POINT ( 'NONE',  ( -31.30890387009330311, -18.27173669958105862, 0.5626115655543636462 ) ) ;
#7383 = CARTESIAN_POINT ( 'NONE',  ( 0.000000000000000000, -16.89999999999999858, 0.3000000000000224709 ) ) ;
#7384 = CARTESIAN_POINT ( 'NONE',  ( 29.60000000000000142, -12.59999999999999964, -1.330196093404401037 ) ) ;
#7385 = CARTESIAN_POINT ( 'NONE',  ( 0.000000000000000000, 16.19999999999999929, -330.0000000000000000 ) ) ;
#7386 = CARTESIAN_POINT ( 'NONE',  ( 1.096498845735009997, -18.39919171125556119, -0.001453004763209613057 ) ) ;
#7387 = ORIENTED_EDGE ( 'NONE', *, *, #7807, .T. ) ;
#7388 = DIRECTION ( 'NONE',  ( 1.001543065824771570E-15, 1.000000000000000000, 0.000000000000000000 ) ) ;
#7390 = CARTESIAN_POINT ( 'NONE',  ( -25.64297361069590409, -20.49999999999999645, -1.496613710389703256 ) ) ;
#7389 = CARTESIAN_POINT ( 'NONE',  ( 26.37649836754474109, -15.39179184260376054, 1.452154138334286415 ) ) ;
#7391 = CARTESIAN_POINT ( 'NONE',  ( 25.98292227273934429, -20.50000000000000000, -1.530389873303722226 ) ) ;
#7392 = CARTESIAN_POINT ( 'NONE',  ( -0.9243224881906507706, -18.50000469305651407, 0.4990305900357450142 ) ) ;
#7393 = ORIENTED_EDGE ( 'NONE', *, *, #839, .T. ) ;
#7394 = CARTESIAN_POINT ( 'NONE',  ( 24.51496652419263711, -16.11754013606483227, 1.070935397305462056 ) ) ;
#7395 = CARTESIAN_POINT ( 'NONE',  ( 25.30010892725801241, -15.73090799547754592, -0.9712471783381525503 ) ) ;
#7396 = CARTESIAN_POINT ( 'NONE',  ( -30.60106573873281732, 19.42124989241722588, -2.425859040524788401 ) ) ;
#7397 = DIRECTION ( 'NONE',  ( 0.000000000000000000, 0.000000000000000000, -1.000000000000000000 ) ) ;
#7398 = CARTESIAN_POINT ( 'NONE',  ( 31.78291295997715693, -17.04852437397284604, -1.989905639227272927 ) ) ;
#7399 = CARTESIAN_POINT ( 'NONE',  ( -25.30000000000001137, -21.50000000000000000, -1.472740857018095983 ) ) ;
#7400 = CARTESIAN_POINT ( 'NONE',  ( -27.63354302822768460, 19.95945918887334614, -1.158807587067792300 ) ) ;
#7401 = VERTEX_POINT ( 'NONE', #2748 ) ;
#7402 = AXIS2_PLACEMENT_3D ( 'NONE', #2385, #4416, #1820 ) ;
#7403 = CARTESIAN_POINT ( 'NONE',  ( 23.94103698491468890, 16.73818978461772744, 1.636965291999651129 ) ) ;
#7404 = SPHERICAL_SURFACE ( 'NONE', #378, 0.5000000000000000000 ) ;
#7405 = CARTESIAN_POINT ( 'NONE',  ( 32.00000000000000000, 5.580403008799160069, -0.04810956747042238746 ) ) ;
#7406 = VERTEX_POINT ( 'NONE', #3418 ) ;
#7407 = AXIS2_PLACEMENT_3D ( 'NONE', #4401, #6486, #3672 ) ;
#7408 = CARTESIAN_POINT ( 'NONE',  ( -24.77210370524652916, 16.02825049556602011, 1.046970779718539912 ) ) ;
#7409 = CARTESIAN_POINT ( 'NONE',  ( -27.89973931968404841, -19.81623936852039947, -1.704492733947380545 ) ) ;
#7410 = CARTESIAN_POINT ( 'NONE',  ( 29.57911843466187918, -8.190270258256308722, -1.328313687172449464 ) ) ;
#7411 = CARTESIAN_POINT ( 'NONE',  ( 1.558845726812017718, -19.20000000000004192, 0.1954572673585341924 ) ) ;
#7412 = CIRCLE ( 'NONE', #3433, 329.5000000000000000 ) ;
#7413 = CARTESIAN_POINT ( 'NONE',  ( 25.94499320022442390, -14.95329060801666188, 0.9338240266055389815 ) ) ;
#7414 = DIRECTION ( 'NONE',  ( 0.000000000000000000, 0.000000000000000000, 1.000000000000000000 ) ) ;
#7415 = VERTEX_POINT ( 'NONE', #8092 ) ;
#7416 = FACE_OUTER_BOUND ( 'NONE', #6498, .T. ) ;
#7417 = ADVANCED_FACE ( 'NONE', ( #5670 ), #1279, .F. ) ;
#7418 = LINE ( 'NONE', #6926, #8565 ) ;
#7419 = ORIENTED_EDGE ( 'NONE', *, *, #1007, .F. ) ;
#7420 = CIRCLE ( 'NONE', #8186, 0.5000000000000000000 ) ;
#7421 = CARTESIAN_POINT ( 'NONE',  ( -29.80244846611822851, -17.90709922825259426, -1.890140541403179997 ) ) ;
#7422 = LINE ( 'NONE', #4551, #3667 ) ;
#7423 = DIRECTION ( 'NONE',  ( 0.000000000000000000, 0.000000000000000000, -1.000000000000000000 ) ) ;
#7424 = CARTESIAN_POINT ( 'NONE',  ( -26.41908104816334557, -15.33200066012365959, 1.448778748573657627 ) ) ;
#7425 = CARTESIAN_POINT ( 'NONE',  ( -31.45220030231783070, 15.71013236770743227, -2.506856413538234296 ) ) ;
#7426 = ORIENTED_EDGE ( 'NONE', *, *, #7967, .F. ) ;
#7427 = CARTESIAN_POINT ( 'NONE',  ( 29.99999999999999645, -15.50000000000000355, 1.143850916804078910 ) ) ;
#7428 = ORIENTED_EDGE ( 'NONE', *, *, #2962, .F. ) ;
#7429 = CARTESIAN_POINT ( 'NONE',  ( -26.67867792964614537, 20.31694103266483609, -1.080115481190290216 ) ) ;
#7430 = EDGE_LOOP ( 'NONE', ( #2955, #3896, #8579, #5560 ) ) ;
#7431 = FACE_OUTER_BOUND ( 'NONE', #372, .T. ) ;
#7432 = ORIENTED_EDGE ( 'NONE', *, *, #4389, .F. ) ;
#7433 = CARTESIAN_POINT ( 'NONE',  ( 0.000000000000000000, 16.19999999999999929, -330.0000000000000000 ) ) ;
#7434 = DIRECTION ( 'NONE',  ( 0.000000000000000000, 0.000000000000000000, 1.000000000000000000 ) ) ;
#7435 = ORIENTED_EDGE ( 'NONE', *, *, #4757, .T. ) ;
#7436 = CARTESIAN_POINT ( 'NONE',  ( -26.20000000000000284, 13.39999999999999680, 5.301000000000002821 ) ) ;
#7437 = ORIENTED_EDGE ( 'NONE', *, *, #2294, .T. ) ;
#7438 = CARTESIAN_POINT ( 'NONE',  ( -28.30893703582587406, 7.759887109754381562, -1.216470026035644914 ) ) ;
#7439 = LINE ( 'NONE', #3192, #2531 ) ;
#7440 = EDGE_CURVE ( 'NONE', #2696, #1662, #762, .T. ) ;
#7441 = CARTESIAN_POINT ( 'NONE',  ( -26.09006783177094491, -14.60359197601426295, 0.9193801300481773131 ) ) ;
#7442 = CARTESIAN_POINT ( 'NONE',  ( 25.63030378740451098, 20.49999999998619415, 1.510715674920106055 ) ) ;
#7443 = PLANE ( 'NONE',  #2928 ) ;
#7444 = CARTESIAN_POINT ( 'NONE',  ( -27.25733064487560497, -21.17247651046241330, -2.131008489055032484 ) ) ;
#7445 = EDGE_CURVE ( 'NONE', #5970, #2028, #3909, .T. ) ;
#7446 = VERTEX_POINT ( 'NONE', #3570 ) ;
#7447 = EDGE_LOOP ( 'NONE', ( #6445, #7079, #983, #5879 ) ) ;
#7449 = CARTESIAN_POINT ( 'NONE',  ( -26.65293453220249376, -20.33254783998806303, -1.569061758797513750 ) ) ;
#7448 = CARTESIAN_POINT ( 'NONE',  ( 25.57773459082557821, -15.47506496956304645, 0.9699524648857033027 ) ) ;
#7450 = CARTESIAN_POINT ( 'NONE',  ( 27.32877546041668282, 21.17625041316732748, 1.375053590394972991 ) ) ;
#7451 = EDGE_CURVE ( 'NONE', #2387, #1662, #3473, .T. ) ;
#7452 = CYLINDRICAL_SURFACE ( 'NONE', #5055, 331.4999999999999432 ) ;
#7453 = AXIS2_PLACEMENT_3D ( 'NONE', #616, #1289, #4619 ) ;
#7454 = CARTESIAN_POINT ( 'NONE',  ( -30.02878837002918644, -17.46980274009687051, -2.372999987422127699 ) ) ;
#7455 = CARTESIAN_POINT ( 'NONE',  ( 25.78989113640584208, -15.21097102295343539, 0.9491564634013479607 ) ) ;
#7456 = DIRECTION ( 'NONE',  ( -0.000000000000000000, -1.000000000000000000, -0.000000000000000000 ) ) ;
#7457 = VERTEX_POINT ( 'NONE', #255 ) ;
#7458 = EDGE_CURVE ( 'NONE', #2790, #1177, #6714, .T. ) ;
#7459 = CARTESIAN_POINT ( 'NONE',  ( 32.00000000000000000, -15.30000000000000071, -2.009146468990752332 ) ) ;
#7460 = CARTESIAN_POINT ( 'NONE',  ( 30.98677481252138222, -18.84951291297788956, -1.920431318094368400 ) ) ;
#7461 = CARTESIAN_POINT ( 'NONE',  ( -25.95402457763337623, 19.96964131671481013, -1.022068634254552411 ) ) ;
#7462 = EDGE_LOOP ( 'NONE', ( #2734, #2008, #2247, #4477 ) ) ;
#7463 = ADVANCED_FACE ( 'NONE', ( #7244 ), #7755, .T. ) ;
#7464 = AXIS2_PLACEMENT_3D ( 'NONE', #778, #6845, #3542 ) ;
#7465 = CARTESIAN_POINT ( 'NONE',  ( 30.50000000000000711, -15.64385275953195098, -1.868547682487499140 ) ) ;
#7466 = CARTESIAN_POINT ( 'NONE',  ( 26.01552554807216211, 15.84131805796732628, 1.480683318708107654 ) ) ;
#7467 = DIRECTION ( 'NONE',  ( -1.000000000000000000, 0.000000000000000000, 0.000000000000000000 ) ) ;
#7468 = CC_DESIGN_DATE_AND_TIME_ASSIGNMENT ( #8086, #976, ( #3164 ) ) ;
#7469 = CARTESIAN_POINT ( 'NONE',  ( -28.94668199322877911, -18.23941947752968318, 1.237601120210636285 ) ) ;
#7470 = DIRECTION ( 'NONE',  ( 0.000000000000000000, 0.000000000000000000, 1.000000000000000000 ) ) ;
#7471 = DIRECTION ( 'NONE',  ( -0.6491902743742929971, 0.000000000000000000, 0.7606260498154335803 ) ) ;
#7472 = ORIENTED_EDGE ( 'NONE', *, *, #1799, .T. ) ;
#7473 = CARTESIAN_POINT ( 'NONE',  ( -28.00086455081441628, -20.86369162877685213, -2.193679704528707308 ) ) ;
#7474 = CARTESIAN_POINT ( 'NONE',  ( 26.20000000000000995, -13.89999999999999858, 0.9083693958394593038 ) ) ;
#7475 = ORIENTED_EDGE ( 'NONE', *, *, #8393, .T. ) ;
#7476 = CARTESIAN_POINT ( 'NONE',  ( -25.63692703527127037, -20.99999999803539907, -2.000168183579641212 ) ) ;
#7477 = CARTESIAN_POINT ( 'NONE',  ( 25.94576510390724877, -14.95179141023724334, 0.9337488162491287547 ) ) ;
#7478 = CARTESIAN_POINT ( 'NONE',  ( -25.11275461822454602, 15.85572356583711162, 1.014782034412496925 ) ) ;
#7479 = CARTESIAN_POINT ( 'NONE',  ( -26.77845326558625061, 21.83860195547245908, -2.091516557255479025 ) ) ;
#7480 = DIRECTION ( 'NONE',  ( 0.9970921850656254692, 6.609714449128438429E-17, -0.07620481927710781589 ) ) ;
#7481 = CARTESIAN_POINT ( 'NONE',  ( -28.10133168201723919, 7.996421319301617814, 1.310378327425564926 ) ) ;
#7482 = CARTESIAN_POINT ( 'NONE',  ( 31.29865649237301994, -18.29257024433230328, -2.491767002566621425 ) ) ;
#7483 = CARTESIAN_POINT ( 'NONE',  ( -26.99516788551374447, 19.70193783239472651, -1.105972526342980267 ) ) ;
#7484 = VERTEX_POINT ( 'NONE', #2158 ) ;
#7485 = CARTESIAN_POINT ( 'NONE',  ( -29.35333323175273179, -19.97013472343010321, -2.311941157280020143 ) ) ;
#7486 = CARTESIAN_POINT ( 'NONE',  ( 29.43712578881511988, 19.97460025330307332, 1.194487295439266461 ) ) ;
#7487 = CARTESIAN_POINT ( 'NONE',  ( 24.26707524432192997, 16.71984869421343234, 1.613270572175047990 ) ) ;
#7488 = ORIENTED_EDGE ( 'NONE', *, *, #2177, .F. ) ;
#7489 = CARTESIAN_POINT ( 'NONE',  ( 26.20000000000000995, -13.89999999999999858, 0.9083693958394593038 ) ) ;
#7490 = EDGE_CURVE ( 'NONE', #2482, #7851, #3212, .T. ) ;
#7491 = EDGE_CURVE ( 'NONE', #7702, #6120, #7926, .T. ) ;
#7492 = CARTESIAN_POINT ( 'NONE',  ( 0.000000000000000000, -20.99999999999999645, -1.000000000000056399 ) ) ;
#7493 = CARTESIAN_POINT ( 'NONE',  ( 29.60000000000000142, -12.59999999999999964, -1.330196093404401037 ) ) ;
#7494 = CARTESIAN_POINT ( 'NONE',  ( 1.732050807568879636, -19.50000000000000000, 3.501025000000002052 ) ) ;
#7495 = ORIENTED_EDGE ( 'NONE', *, *, #7349, .F. ) ;
#7496 = CARTESIAN_POINT ( 'NONE',  ( 25.29786827796372251, -15.72685212752785233, 0.9970503416540322794 ) ) ;
#7497 = ADVANCED_FACE ( 'NONE', ( #353 ), #7025, .T. ) ;
#7498 = EDGE_CURVE ( 'NONE', #2370, #3259, #3270, .T. ) ;
#7499 = FACE_OUTER_BOUND ( 'NONE', #8055, .T. ) ;
#7500 = CARTESIAN_POINT ( 'NONE',  ( -25.94062948237360544, -20.47166977940880983, -2.024088226433413240 ) ) ;
#7501 = CARTESIAN_POINT ( 'NONE',  ( 25.49999999999999645, 20.00000000000001066, 1.520738416181999231 ) ) ;
#7502 = CARTESIAN_POINT ( 'NONE',  ( -25.86147445973670855, 15.10124036970140970, 0.9420937529657764653 ) ) ;
#7504 = EDGE_LOOP ( 'NONE', ( #8206, #3760, #8042 ) ) ;
#7503 = DIRECTION ( 'NONE',  ( -0.000000000000000000, -1.000000000000000000, -0.000000000000000000 ) ) ;
#7505 = CARTESIAN_POINT ( 'NONE',  ( -28.88124729900181009, -18.40966648757035529, -1.266185105761366003 ) ) ;
#7506 = CARTESIAN_POINT ( 'NONE',  ( 31.54743975903614128, 5.580403008799160069, 1.000013662612986298 ) ) ;
#7507 = CARTESIAN_POINT ( 'NONE',  ( -29.00897770699780409, 7.620713521673946111, 1.232152188351991917 ) ) ;
#7508 = CARTESIAN_POINT ( 'NONE',  ( 30.32079850751177830, -19.75824102047000963, -2.399772857095565204 ) ) ;
#7509 = DIRECTION ( 'NONE',  ( -0.8660254037844403729, 0.4999999999999971689, 0.000000000000000000 ) ) ;
#7510 = AXIS2_PLACEMENT_3D ( 'NONE', #7971, #3861, #631 ) ;
#7511 = FACE_OUTER_BOUND ( 'NONE', #1047, .T. ) ;
#7512 = EDGE_CURVE ( 'NONE', #3627, #1821, #2111, .T. ) ;
#7513 = ORIENTED_EDGE ( 'NONE', *, *, #2584, .F. ) ;
#7514 = CYLINDRICAL_SURFACE ( 'NONE', #1267, 2.299999999999999822 ) ;
#7515 = PLANE ( 'NONE',  #6528 ) ;
#7516 = LINE ( 'NONE', #1865, #5318 ) ;
#7517 = CARTESIAN_POINT ( 'NONE',  ( 26.64821137479028224, 14.76822911086624934, 1.430419571602565609 ) ) ;
#7518 = DIRECTION ( 'NONE',  ( 0.000000000000000000, -1.000000000000000000, 0.000000000000000000 ) ) ;
#7519 = CARTESIAN_POINT ( 'NONE',  ( -29.00000000000000000, 18.49999999999999645, 1.276319709120343759 ) ) ;
#7520 = FACE_BOUND ( 'NONE', #2135, .T. ) ;
#7521 = CARTESIAN_POINT ( 'NONE',  ( 25.00144388324671851, 20.13036663315883601, 1.558709437337599590 ) ) ;
#7522 = CARTESIAN_POINT ( 'NONE',  ( 0.000000000000000000, 21.49999999999999645, -330.0000000000000000 ) ) ;
#7523 = CARTESIAN_POINT ( 'NONE',  ( -32.35718487645334562, -6.513704236698701244, -1.937490070343665938 ) ) ;
#7524 = ORIENTED_EDGE ( 'NONE', *, *, #2677, .T. ) ;
#7525 = VECTOR ( 'NONE', #1146, 1000.000000000000000 ) ;
#7526 = CARTESIAN_POINT ( 'NONE',  ( -30.34437128188733013, -19.73114068845343638, -1.865491269578997358 ) ) ;
#7527 = CIRCLE ( 'NONE', #7574, 332.0000000000000000 ) ;
#7528 = ORIENTED_EDGE ( 'NONE', *, *, #1300, .T. ) ;
#7529 = FACE_OUTER_BOUND ( 'NONE', #993, .T. ) ;
#7531 = CARTESIAN_POINT ( 'NONE',  ( 28.49999999966182429, -19.00000000000000355, 1.276319709120303569 ) ) ;
#7530 = CARTESIAN_POINT ( 'NONE',  ( 25.20061974793062731, -16.46290151074034114, 1.543632951693328037 ) ) ;
#7532 = CARTESIAN_POINT ( 'NONE',  ( -28.08729685335288195, 13.01905052967016552, 1.311599170979455442 ) ) ;
#7533 = VECTOR ( 'NONE', #6351, 1000.000000000000000 ) ;
#7534 = VERTEX_POINT ( 'NONE', #7519 ) ;
#7535 = ORIENTED_EDGE ( 'NONE', *, *, #5569, .F. ) ;
#7536 = CARTESIAN_POINT ( 'NONE',  ( -27.08739597605451976, -20.70196426809957302, -2.116933901388948769 ) ) ;
#7537 = VERTEX_POINT ( 'NONE', #7489 ) ;
#7538 = CARTESIAN_POINT ( 'NONE',  ( -28.50000000000000000, 18.49999999999999645, 1.276319709120343759 ) ) ;
#7539 = VECTOR ( 'NONE', #5345, 1000.000000000000000 ) ;
#7540 = CARTESIAN_POINT ( 'NONE',  ( -25.62807501411893796, 15.41966079295184677, 0.9650372269828281224 ) ) ;
#7541 = CARTESIAN_POINT ( 'NONE',  ( 28.00180803812517283, 18.50000000000079226, 1.318802283534718844 ) ) ;
#7542 = PLANE ( 'NONE',  #924 ) ;
#7543 = CARTESIAN_POINT ( 'NONE',  ( -25.26160849772382377, -20.99999999999999645, -1.971264770740411842 ) ) ;
#7544 = CARTESIAN_POINT ( 'NONE',  ( 6.999999999999998224, 16.39999995983931669, 2.026218830871800769 ) ) ;
#7545 = CARTESIAN_POINT ( 'NONE',  ( 31.25151801679819386, -16.91843623416134434, -2.487635171036111092 ) ) ;
#7546 = CARTESIAN_POINT ( 'NONE',  ( -30.49999999663846495, 15.98012100164033100, -1.412175703965517393 ) ) ;
#7547 = ORIENTED_EDGE ( 'NONE', *, *, #7282, .F. ) ;
#7548 = ORIENTED_EDGE ( 'NONE', *, *, #8416, .T. ) ;
#7549 = CIRCLE ( 'NONE', #3890, 332.0000000000000000 ) ;
#7550 = DIRECTION ( 'NONE',  ( 0.000000000000000000, -1.000000000000000000, 0.000000000000000000 ) ) ;
#7551 = CARTESIAN_POINT ( 'NONE',  ( 25.59819403232711821, 16.20666577089144056, 1.513172982518630860 ) ) ;
#7552 = CARTESIAN_POINT ( 'NONE',  ( 0.000000000000000000, -20.49999999999999645, -330.0000000000000000 ) ) ;
#7553 = DIRECTION ( 'NONE',  ( 0.000000000000000000, 0.000000000000000000, -1.000000000000000000 ) ) ;
#7554 = VERTEX_POINT ( 'NONE', #8105 ) ;
#7555 = ORIENTED_EDGE ( 'NONE', *, *, #1458, .F. ) ;
#7556 = COORDINATED_UNIVERSAL_TIME_OFFSET ( 8, 0, .AHEAD. ) ;
#7557 = DIRECTION ( 'NONE',  ( -0.9970478274445579991, -0.000000000000000000, -0.07678300455235534394 ) ) ;
#7558 = DIRECTION ( 'NONE',  ( 0.000000000000000000, 1.000000000000000000, 0.000000000000000000 ) ) ;
#7559 = CARTESIAN_POINT ( 'NONE',  ( 28.00000000000000000, -12.59999999999999254, -1.190024482224716351 ) ) ;
#7560 = CARTESIAN_POINT ( 'NONE',  ( -30.50000000000000000, -15.30000000000000071, -1.868547682487433637 ) ) ;
#7561 = CARTESIAN_POINT ( 'NONE',  ( 24.05104715075719213, -16.19625825990181411, 1.113343690518006301 ) ) ;
#7562 = ORIENTED_EDGE ( 'NONE', *, *, #3319, .T. ) ;
#7563 = LINE ( 'NONE', #2601, #6442 ) ;
#7564 = AXIS2_PLACEMENT_3D ( 'NONE', #3488, #3514, #775 ) ;
#7565 = CARTESIAN_POINT ( 'NONE',  ( 26.20000000000000284, 16.19999999999999929, -10.00000000000000000 ) ) ;
#7566 = CARTESIAN_POINT ( 'NONE',  ( 26.00000000000000000, -20.00000000000000355, -500000.0000000000582 ) ) ;
#7567 = CARTESIAN_POINT ( 'NONE',  ( -30.81417638322771424, 18.04889241921800647, -2.446194077080871221 ) ) ;
#7568 = AXIS2_PLACEMENT_3D ( 'NONE', #4585, #6618, #3301 ) ;
#7569 = CARTESIAN_POINT ( 'NONE',  ( -28.21013452599947868, -19.03675718221117563, -1.207885014202972007 ) ) ;
#7570 = CARTESIAN_POINT ( 'NONE',  ( 26.01766200814196139, -20.46151346571329199, -1.027059957727802342 ) ) ;
#7571 = EDGE_LOOP ( 'NONE', ( #3594, #4552, #6003, #2324 ) ) ;
#7572 = CARTESIAN_POINT ( 'NONE',  ( 28.61747767965067624, -21.13753053308535002, -2.246676511629159823 ) ) ;
#7573 = CARTESIAN_POINT ( 'NONE',  ( -29.55981906282400473, 17.38499580837787661, -1.326571737189524924 ) ) ;
#7574 = AXIS2_PLACEMENT_3D ( 'NONE', #793, #5458, #5515 ) ;
#7575 = CARTESIAN_POINT ( 'NONE',  ( 31.99999999804654394, -15.74029089755417310, 0.9568803807778372139 ) ) ;
#7576 = VERTEX_POINT ( 'NONE', #109 ) ;
#7577 = CARTESIAN_POINT ( 'NONE',  ( 26.58499608617702137, 14.94446629524469827, 1.435496445321417847 ) ) ;
#7578 = CARTESIAN_POINT ( 'NONE',  ( 31.10189935958844387, 18.67983968314658938, -2.472972718939170811 ) ) ;
#7579 = DIRECTION ( 'NONE',  ( 1.000000000000000000, 0.000000000000000000, 0.000000000000000000 ) ) ;
#7580 = B_SPLINE_CURVE_WITH_KNOTS ( 'NONE', 3,
 ( #91, #7996, #4778, #4120, #4845, #5487 ),
 .UNSPECIFIED., .F., .F.,
 ( 4, 2, 4 ),
 ( 0.000000000000000000, 0.0003906674495642332035, 0.0007813348991284664070 ),
 .UNSPECIFIED. ) ;
#7581 = CARTESIAN_POINT ( 'NONE',  ( -25.99452138870642770, 14.85098265184281807, 0.9289045456780716803 ) ) ;
#7582 = CARTESIAN_POINT ( 'NONE',  ( -31.95646056233760035, 16.17891187291780497, 0.5061163491846024653 ) ) ;
#7583 = CARTESIAN_POINT ( 'NONE',  ( -1.456418813756789277, -19.50000000000000000, 0.1964986305803344269 ) ) ;
#7584 = CARTESIAN_POINT ( 'NONE',  ( -27.63563418518929637, -19.95825018196923395, -1.158985243584657265 ) ) ;
#7585 = ORIENTED_EDGE ( 'NONE', *, *, #6981, .T. ) ;
#7586 = CARTESIAN_POINT ( 'NONE',  ( 25.30000000000000071, 20.49999999999999645, -1.472740857018131955 ) ) ;
#7587 = DIRECTION ( 'NONE',  ( 0.000000000000000000, 0.000000000000000000, -1.000000000000000000 ) ) ;
#7588 = EDGE_LOOP ( 'NONE', ( #3936, #2852, #3698 ) ) ;
#7589 = CARTESIAN_POINT ( 'NONE',  ( 28.16086374544720172, -7.907671903570289373, 1.305329327263889727 ) ) ;
#7590 = CARTESIAN_POINT ( 'NONE',  ( 31.13278248673084647, -17.30686844114629608, -2.476300065678977091 ) ) ;
#7591 = CARTESIAN_POINT ( 'NONE',  ( 29.00897770699778988, 13.37928647832605655, 1.232152188352022115 ) ) ;
#7592 = CARTESIAN_POINT ( 'NONE',  ( -26.85764160650212773, -19.75893976477182790, -1.094622297973986358 ) ) ;
#7593 = DIRECTION ( 'NONE',  ( 0.000000000000000000, 0.000000000000000000, -1.000000000000000000 ) ) ;
#7594 = CARTESIAN_POINT ( 'NONE',  ( 28.44575257033952553, -18.84364878409314414, -1.228214833945682871 ) ) ;
#7595 = CARTESIAN_POINT ( 'NONE',  ( -29.92013666199996536, 16.53950201283524990, -1.359099650623024846 ) ) ;
#7596 = VERTEX_POINT ( 'NONE', #7405 ) ;
#7597 = CARTESIAN_POINT ( 'NONE',  ( 26.80000000000000071, -7.599999999999996092, -1.090042716855421645 ) ) ;
#7598 = EDGE_CURVE ( 'NONE', #1940, #5977, #5223, .T. ) ;
#7599 = CARTESIAN_POINT ( 'NONE',  ( -28.59112237566913350, -7.620684724128042653, 1.268481979055908537 ) ) ;
#7600 = CARTESIAN_POINT ( 'NONE',  ( 29.92245081435558163, 19.40045854730869124, -2.363419203967366489 ) ) ;
#7601 = CARTESIAN_POINT ( 'NONE',  ( -25.63186784642995875, -15.42089245372978290, -0.9969321331563065769 ) ) ;
#7602 = EDGE_CURVE ( 'NONE', #4807, #1974, #7963, .T. ) ;
#7603 = ORIENTED_EDGE ( 'NONE', *, *, #2634, .T. ) ;
#7604 = EDGE_CURVE ( 'NONE', #6494, #6521, #1904, .T. ) ;
#7605 = CARTESIAN_POINT ( 'NONE',  ( 24.14040581256516660, 16.18741171430341552, 1.046961728243252621 ) ) ;
#7606 = CARTESIAN_POINT ( 'NONE',  ( -31.65198509999512311, 17.44251931824012658, 0.9903222304701301271 ) ) ;
#7607 = DIRECTION ( 'NONE',  ( -0.000000000000000000, -1.000000000000000000, -0.000000000000000000 ) ) ;
#7608 = ADVANCED_FACE ( 'NONE', ( #6817 ), #6138, .F. ) ;
#7609 = CARTESIAN_POINT ( 'NONE',  ( -25.30000000000000426, -20.50000000000000000, -1.472740857018045801 ) ) ;
#7610 = VECTOR ( 'NONE', #8357, 1000.000000000000000 ) ;
#7611 = CARTESIAN_POINT ( 'NONE',  ( 26.93192215164242853, 20.24037319687878167, -2.104098093173668804 ) ) ;
#7612 = ORIENTED_EDGE ( 'NONE', *, *, #789, .F. ) ;
#7613 = AXIS2_PLACEMENT_3D ( 'NONE', #5681, #6450, #3663 ) ;
#7614 = CARTESIAN_POINT ( 'NONE',  ( 30.50000000000000000, -15.30000000000000071, -1.961511404530491554 ) ) ;
#7615 = VECTOR ( 'NONE', #183, 1000.000000000000000 ) ;
#7616 = CARTESIAN_POINT ( 'NONE',  ( 29.99999999999999289, 15.50000000000001066, 1.143850916804078910 ) ) ;
#7617 = CARTESIAN_POINT ( 'NONE',  ( -25.77212213321790912, -15.23807479267539122, 0.9509087997669966041 ) ) ;
#7618 = CARTESIAN_POINT ( 'NONE',  ( 28.58922284665361246, 13.40002576798765332, 1.268699308288580685 ) ) ;
#7619 = DIRECTION ( 'NONE',  ( 0.000000000000000000, 0.000000000000000000, 1.000000000000000000 ) ) ;
#7620 = CARTESIAN_POINT ( 'NONE',  ( 28.49009785694357433, -19.42043677113358413, -1.231881908848487805 ) ) ;
#7621 = ORIENTED_EDGE ( 'NONE', *, *, #6162, .F. ) ;
#7622 = TOROIDAL_SURFACE ( 'NONE', #2317, 329.4999999999999432, 0.5000000000000000000 ) ;
#7623 = CARTESIAN_POINT ( 'NONE',  ( 30.49999999999999645, -15.50000000000000355, 1.098172752433057120 ) ) ;
#7624 = CIRCLE ( 'NONE', #5568, 0.5000000000000004441 ) ;
#7625 = VERTEX_POINT ( 'NONE', #6224 ) ;
#7626 = FACE_OUTER_BOUND ( 'NONE', #8067, .T. ) ;
#7627 = CARTESIAN_POINT ( 'NONE',  ( 1.670087722113557599E-13, -16.90000000000028635, 0.5000000000000225375 ) ) ;
#7628 = FACE_OUTER_BOUND ( 'NONE', #4834, .T. ) ;
#7629 = AXIS2_PLACEMENT_3D ( 'NONE', #6005, #5355, #5316 ) ;
#7630 = ORIENTED_EDGE ( 'NONE', *, *, #6616, .T. ) ;
#7631 = CARTESIAN_POINT ( 'NONE',  ( -25.24032268701138548, -20.44674216861423233, 1.540623162511902233 ) ) ;
#7632 = EDGE_LOOP ( 'NONE', ( #757, #4168, #8029, #3843 ) ) ;
#7633 = CARTESIAN_POINT ( 'NONE',  ( 25.05006809256470390, 15.89217664441619426, 0.9630037830691724476 ) ) ;
#7634 = CARTESIAN_POINT ( 'NONE',  ( 31.32001376546739735, 18.27362686049889007, -1.949286337990924656 ) ) ;
#7635 = FACE_OUTER_BOUND ( 'NONE', #1430, .T. ) ;
#7636 = VERTEX_POINT ( 'NONE', #3503 ) ;
#7637 = DIRECTION ( 'NONE',  ( 0.000000000000000000, -0.000000000000000000, 1.000000000000000000 ) ) ;
#7638 = LINE ( 'NONE', #6523, #7136 ) ;
#7639 = CARTESIAN_POINT ( 'NONE',  ( 25.47562612591163855, 15.57703230763947921, 0.9224142125124976666 ) ) ;
#7640 = CARTESIAN_POINT ( 'NONE',  ( -31.50000000000000000, 22.00000000000000000, 0.5022692811654794198 ) ) ;
#7641 = ORIENTED_EDGE ( 'NONE', *, *, #1680, .T. ) ;
#7642 = CARTESIAN_POINT ( 'NONE',  ( -28.49889335906532040, -19.41380166478431235, -1.232642188471646527 ) ) ;
#7643 = ORIENTED_EDGE ( 'NONE', *, *, #4498, .F. ) ;
#7644 = VERTEX_POINT ( 'NONE', #1455 ) ;
#7645 = CARTESIAN_POINT ( 'NONE',  ( 27.56825936384901610, 19.99169963264546013, -2.156842996420432534 ) ) ;
#7646 = CARTESIAN_POINT ( 'NONE',  ( 30.34488971569377114, 19.73055204140595364, -1.865535103524856630 ) ) ;
#7647 = PLANE ( 'NONE',  #6998 ) ;
#7648 = CARTESIAN_POINT ( 'NONE',  ( 30.17751465793070409, -19.09028101256738807, -2.386860284942033505 ) ) ;
#7649 = ORIENTED_EDGE ( 'NONE', *, *, #7727, .F. ) ;
#7650 = ORIENTED_EDGE ( 'NONE', *, *, #4050, .T. ) ;
#7651 = CYLINDRICAL_SURFACE ( 'NONE', #6287, 328.9999999999999432 ) ;
#7652 = CARTESIAN_POINT ( 'NONE',  ( 26.84841457560656863, -19.75426033477748788, -1.093957855487123654 ) ) ;
#7653 = ADVANCED_FACE ( 'NONE', ( #7864 ), #3409, .F. ) ;
#7654 = CARTESIAN_POINT ( 'NONE',  ( -0.1731526737733007082, -16.79990922844175572, -5.502973928319180414E-08 ) ) ;
#7655 = CARTESIAN_POINT ( 'NONE',  ( -27.60245682158562275, 19.97488535726288816, -1.639514326018074897 ) ) ;
#7656 = CARTESIAN_POINT ( 'NONE',  ( 1.558845726812002841, -19.20000000000002416, 0.2970935385293582698 ) ) ;
#7657 = EDGE_CURVE ( 'NONE', #2408, #8185, #5342, .T. ) ;
#7658 =( BOUNDED_SURFACE ( )  B_SPLINE_SURFACE ( 3, 2, ( 
 ( #4882, #1483, #2167 ),
 ( #6897, #867, #2842 ),
 ( #2896, #7570, #4251 ),
 ( #6869, #268, #2196 ),
 ( #5591, #1599, #6931 ),
 ( #4794, #1711, #7652 ),
 ( #6955, #7711, #3730 ),
 ( #3610, #8316, #1033 ),
 ( #3000, #379, #3634 ),
 ( #2976, #7620, #2307 ),
 ( #8385, #5680, #7594 ),
 ( #4943, #8264, #7016 ),
 ( #6322, #1065, #6378 ),
 ( #4274, #2951, #289 ),
 ( #944, #5029, #6297 ),
 ( #5638, #3661, #1668 ),
 ( #4337, #8292, #3041 ),
 ( #346, #5616, #1621 ),
 ( #2273, #7684, #4308 ),
 ( #5708, #8345, #4993 ) ),
 .UNSPECIFIED., .F., .F., .T. ) 
 B_SPLINE_SURFACE_WITH_KNOTS ( ( 4, 2, 2, 2, 2, 2, 2, 2, 2, 4 ),
 ( 3, 3 ),
 ( 0.000000000000000000, 0.0009193545677057260099, 0.001379031851558589015, 0.001838709135411452020, 0.002758063703117178030, 0.003677418270822904039, 0.004596772838528630049, 0.005056450122381492621, 0.005516127406234356059, 0.007354836541645808079 ),
 ( 0.000000000000000000, 1.000000000000000000 ),
 .UNSPECIFIED. ) 
 GEOMETRIC_REPRESENTATION_ITEM ( )  RATIONAL_B_SPLINE_SURFACE ( (
 ( 1.000000000000000000, 0.7071067811865475727, 1.000000000000000000),
 ( 1.000000000000000000, 0.7088969100063812201, 1.000000000000000000),
 ( 1.000000000000000000, 0.7107161848284381245, 1.000000000000000000),
 ( 1.000000000000000000, 0.7134799347439468864, 1.000000000000000000),
 ( 1.000000000000000000, 0.7144069713788433473, 1.000000000000000000),
 ( 1.000000000000000000, 0.7162706185794952551, 1.000000000000000000),
 ( 1.000000000000000000, 0.7172102820536927492, 1.000000000000000000),
 ( 1.000000000000000000, 0.7199794120768862049, 1.000000000000000000),
 ( 1.000000000000000000, 0.7217780074371187293, 1.000000000000000000),
 ( 1.000000000000000000, 0.7252529514621366413, 1.000000000000000000),
 ( 1.000000000000000000, 0.7269380331768023895, 1.000000000000000000),
 ( 1.000000000000000000, 0.7300088023245908664, 1.000000000000000000),
 ( 1.000000000000000000, 0.7314132724301071198, 1.000000000000000000),
 ( 1.000000000000000000, 0.7332955691437809120, 1.000000000000000000),
 ( 1.000000000000000000, 0.7338851694908268275, 1.000000000000000000),
 ( 1.000000000000000000, 0.7349590363079006039, 1.000000000000000000),
 ( 1.000000000000000000, 0.7354470393714213072, 1.000000000000000000),
 ( 1.000000000000000000, 0.7376389156730499552, 1.000000000000000000),
 ( 1.000000000000000000, 0.7386056470570586674, 1.000000000000000000),
 ( 1.000000000000000000, 0.7385956407166129889, 1.000000000000000000) ) ) 
 REPRESENTATION_ITEM ( '' )  SURFACE ( )  );
#7659 = CARTESIAN_POINT ( 'NONE',  ( -24.95099710455463793, -15.94617132195800124, 1.030132347723962782 ) ) ;
#7660 = EDGE_LOOP ( 'NONE', ( #8035, #956, #3402, #2827 ) ) ;
#7661 = EDGE_CURVE ( 'NONE', #4264, #3646, #3899, .T. ) ;
#7662 = CARTESIAN_POINT ( 'NONE',  ( 32.00000000000000000, 15.29999999999999716, -0.04810956747042238746 ) ) ;
#7663 = CARTESIAN_POINT ( 'NONE',  ( -26.75119040953428140, 14.41431154126459369, 1.422123428117744393 ) ) ;
#7664 = CARTESIAN_POINT ( 'NONE',  ( -28.69457655659333639, -7.599997933073572298, 1.259539451598911119 ) ) ;
#7665 = CARTESIAN_POINT ( 'NONE',  ( 25.26160849772382022, 21.99999999999999645, -1.971264770740377426 ) ) ;
#7666 = CARTESIAN_POINT ( 'NONE',  ( -28.80000000000000071, 12.59999999999999787, -1.330196093404401037 ) ) ;
#7667 = CARTESIAN_POINT ( 'NONE',  ( -26.20000000000000284, -6.513704236698701244, 0.4630236501506068691 ) ) ;
#7668 = CARTESIAN_POINT ( 'NONE',  ( 25.30000000000000071, 22.00000000000000000, 1.034605441787625590 ) ) ;
#7669 = CARTESIAN_POINT ( 'NONE',  ( 25.19480754943462131, 15.80093920654554474, 0.9492893540163285238 ) ) ;
#7670 = CARTESIAN_POINT ( 'NONE',  ( -31.22084281398626615, 17.29470830229717038, 1.030984218088404125 ) ) ;
#7671 = CARTESIAN_POINT ( 'NONE',  ( 25.67572756163683678, 16.15630156668098039, 1.507211074377100113 ) ) ;
#7672 = ORIENTED_EDGE ( 'NONE', *, *, #2693, .T. ) ;
#7673 = CARTESIAN_POINT ( 'NONE',  ( -26.66718180686717332, -20.36241013547950018, -1.569754253567692936 ) ) ;
#7674 = EDGE_CURVE ( 'NONE', #7771, #7537, #8483, .T. ) ;
#7675 = EDGE_CURVE ( 'NONE', #7880, #7730, #2101, .T. ) ;
#7676 = ORIENTED_EDGE ( 'NONE', *, *, #3870, .F. ) ;
#7677 = AXIS2_PLACEMENT_3D ( 'NONE', #431, #5057, #4474 ) ;
#7678 = CARTESIAN_POINT ( 'NONE',  ( 26.17891274012633929, 21.95670135744294882, -1.536143022740777520 ) ) ;
#7679 = CARTESIAN_POINT ( 'NONE',  ( -26.00862504339136549, 20.96312153606196205, -2.029441611011181035 ) ) ;
#7680 = CARTESIAN_POINT ( 'NONE',  ( -24.05167837048117718, 16.19999999999999929, -0.8776217040206618636 ) ) ;
#7681 = CARTESIAN_POINT ( 'NONE',  ( 1.385640646055105174, -19.30000000000000071, 0.2970935385293582698 ) ) ;
#7682 = CARTESIAN_POINT ( 'NONE',  ( -31.41202101623970222, 16.11523427355000848, -2.502990226078683822 ) ) ;
#7683 = EDGE_CURVE ( 'NONE', #2143, #7227, #6805, .T. ) ;
#7684 = CARTESIAN_POINT ( 'NONE',  ( 30.49999999663416972, -15.98012100164031857, -1.412175703965114160 ) ) ;
#7685 = DIRECTION ( 'NONE',  ( 0.000000000000000000, 0.000000000000000000, 1.000000000000000000 ) ) ;
#7686 = ORIENTED_EDGE ( 'NONE', *, *, #5263, .F. ) ;
#7687 = ADVANCED_FACE ( 'NONE', ( #7431 ), #249, .T. ) ;
#7688 = CARTESIAN_POINT ( 'NONE',  ( -28.50000000000000000, 18.49999999999999645, 1.276319709107132105 ) ) ;
#7689 = CARTESIAN_POINT ( 'NONE',  ( -26.59721271780133023, -14.95113682469378880, 1.434516308277600238 ) ) ;
#7690 = AXIS2_PLACEMENT_3D ( 'NONE', #2659, #3331, #4020 ) ;
#7691 = CARTESIAN_POINT ( 'NONE',  ( -26.26046616165199055, 15.56872985893923556, 1.461371306409187998 ) ) ;
#7692 = CARTESIAN_POINT ( 'NONE',  ( 28.84058700357857674, 20.99233481032570126, -1.741458148227755576 ) ) ;
#7693 = ORIENTED_EDGE ( 'NONE', *, *, #2877, .T. ) ;
#7694 = CARTESIAN_POINT ( 'NONE',  ( 27.69734384746386979, 19.37891296695225307, -1.164290697874917235 ) ) ;
#7695 = DIRECTION ( 'NONE',  ( 0.000000000000000000, 0.000000000000000000, -1.000000000000000000 ) ) ;
#7696 = CARTESIAN_POINT ( 'NONE',  ( 24.36091803655384069, 16.15334468160895298, 1.026960218820248683 ) ) ;
#7697 = CARTESIAN_POINT ( 'NONE',  ( 28.02088050470647929, 8.190270675476293505, -1.191800762471498576 ) ) ;
#7698 = CARTESIAN_POINT ( 'NONE',  ( 26.71047512184823347, 14.64259735717804567, 1.425438364892348098 ) ) ;
#7699 = ADVANCED_FACE ( 'NONE', ( #3156 ), #360, .T. ) ;
#7700 = CARTESIAN_POINT ( 'NONE',  ( -30.49999999737981682, -15.64116226749185046, -1.412175704069242199 ) ) ;
#7701 = CARTESIAN_POINT ( 'NONE',  ( 29.43418412400616901, -18.47239120305505722, -1.853138363538941347 ) ) ;
#7702 = VERTEX_POINT ( 'NONE', #4976 ) ;
#7703 = CARTESIAN_POINT ( 'NONE',  ( 30.36146538125033345, 16.67143833306645107, -1.947071230542784415 ) ) ;
#7704 = DIRECTION ( 'NONE',  ( 0.000000000000000000, 0.000000000000000000, -1.000000000000000000 ) ) ;
#7705 = DIRECTION ( 'NONE',  ( 0.9959213561407166404, 0.000000000000000000, 0.09022556390977008733 ) ) ;
#7706 = B_SPLINE_CURVE_WITH_KNOTS ( 'NONE', 3,
 ( #2251, #2998, #7682, #1031, #4362, #2894, #7567, #3581, #5061, #3728, #1063, #4424, #8415, #7049, #4388, #1733, #3037, #5735, #405, #3069, #2366, #7081 ),
 .UNSPECIFIED., .F., .F.,
 ( 4, 2, 2, 2, 2, 2, 2, 2, 2, 2, 4 ),
 ( 0.000000000000000000, 0.001222170424574720938, 0.002444340849149441875, 0.003055426061436804838, 0.003666511273724168234, 0.004888681698298909771, 0.006110852122873651308, 0.007333022547448392846, 0.007944107759735764482, 0.008555192972023133516, 0.009777363396597887196 ),
 .UNSPECIFIED. ) ;
#7707 = PLANE ( 'NONE',  #4447 ) ;
#7708 = CARTESIAN_POINT ( 'NONE',  ( 0.000000000000000000, 22.00000000000000000, -330.0000000000000000 ) ) ;
#7710 = EDGE_LOOP ( 'NONE', ( #4641, #3815, #936 ) ) ;
#7709 = CARTESIAN_POINT ( 'NONE',  ( -1.558845726811993071, -19.19999999999999929, 0.1954572673585568132 ) ) ;
#7711 = CARTESIAN_POINT ( 'NONE',  ( 27.16492187843749306, -20.15719527430817593, -1.119899374308149120 ) ) ;
#7712 = CARTESIAN_POINT ( 'NONE',  ( 0.1378517299659504369, -16.73884023910214225, 3.449696976695091326E-08 ) ) ;
#7713 = CARTESIAN_POINT ( 'NONE',  ( -29.71406629627463758, 18.05412439282163106, -1.804365314739776460 ) ) ;
#7714 = FACE_OUTER_BOUND ( 'NONE', #8200, .T. ) ;
#7715 = CARTESIAN_POINT ( 'NONE',  ( 1.096968220997774690, -18.40000469305658726, 0.2990311766237349067 ) ) ;
#7716 = CARTESIAN_POINT ( 'NONE',  ( -25.79163684780990806, -15.20886401040194080, 0.9489849409783648326 ) ) ;
#7717 = ORIENTED_EDGE ( 'NONE', *, *, #1633, .T. ) ;
#7718 = EDGE_CURVE ( 'NONE', #8469, #6309, #5776, .T. ) ;
#7719 = CARTESIAN_POINT ( 'NONE',  ( 30.22631452229656901, -16.97350860134343620, -1.933294785508035796 ) ) ;
#7720 = CARTESIAN_POINT ( 'NONE',  ( -26.72222726498127443, 14.55284300895909411, 1.424460025997294599 ) ) ;
#7721 = CARTESIAN_POINT ( 'NONE',  ( 24.60561798953402146, 16.08940956337727712, 1.004504543313260223 ) ) ;
#7722 = CARTESIAN_POINT ( 'NONE',  ( 28.06753483748378031, 21.40558623247231651, -1.679958805437421709 ) ) ;
#7723 = CARTESIAN_POINT ( 'NONE',  ( 26.57598866725202313, 19.87563993015955432, -1.071377552826559665 ) ) ;
#7724 = CARTESIAN_POINT ( 'NONE',  ( -26.80000000000000071, -7.599999999999996980, 5.301000000000002821 ) ) ;
#7725 = CIRCLE ( 'NONE', #3051, 0.5000000000000004441 ) ;
#7726 = EDGE_CURVE ( 'NONE', #7537, #8120, #3950, .T. ) ;
#7727 = EDGE_CURVE ( 'NONE', #2834, #2028, #6294, .T. ) ;
#7728 = CARTESIAN_POINT ( 'NONE',  ( 25.55322185179262107, 15.49913496632479770, 0.9149170855862706064 ) ) ;
#7729 = CARTESIAN_POINT ( 'NONE',  ( -27.07807436455549777, 21.76357828679009998, 1.395666487808936429 ) ) ;
#7730 = VERTEX_POINT ( 'NONE', #5690 ) ;
#7731 = VECTOR ( 'NONE', #6337, 1000.000000000000000 ) ;
#7732 = B_SPLINE_CURVE_WITH_KNOTS ( 'NONE', 3,
 ( #4151, #735, #4097, #1414, #3445, #4124, #4849, #1442, #2104, #6865, #3483, #177, #5493, #152, #117, #199, #7450, #770, #1467, #1530, #6839, #822 ),
 .UNSPECIFIED., .F., .F.,
 ( 4, 2, 2, 2, 2, 2, 2, 2, 2, 2, 4 ),
 ( 0.000000000000000000, 0.001223989796739454339, 0.002447979593478908679, 0.003059974491848637800, 0.003671969390218367789, 0.004895959186957828634, 0.006119948983697288611, 0.007343938780436750323, 0.007955933678806486817, 0.008567928577176222443, 0.009791918373915683288 ),
 .UNSPECIFIED. ) ;
#7733 = CARTESIAN_POINT ( 'NONE',  ( 25.49999999999999645, 20.00000000000001066, -500000.0000000000582 ) ) ;
#7734 = FACE_OUTER_BOUND ( 'NONE', #5645, .T. ) ;
#7735 = ADVANCED_FACE ( 'NONE', ( #6709 ), #4204, .F. ) ;
#7736 = CARTESIAN_POINT ( 'NONE',  ( 26.65229135595777876, -20.33270845492965506, -1.590053030328006711 ) ) ;
#7737 = VECTOR ( 'NONE', #3276, 1000.000000000000000 ) ;
#7738 = AXIS2_PLACEMENT_3D ( 'NONE', #3375, #5444, #6738 ) ;
#7739 = VERTEX_POINT ( 'NONE', #3644 ) ;
#7740 = VECTOR ( 'NONE', #2479, 1000.000000000000000 ) ;
#7741 = SPHERICAL_SURFACE ( 'NONE', #1434, 0.2000000000000000111 ) ;
#7742 = CARTESIAN_POINT ( 'NONE',  ( -29.02337508679275757, 19.59349442791878460, -2.282571317043208481 ) ) ;
#7743 = ORIENTED_EDGE ( 'NONE', *, *, #8552, .T. ) ;
#7744 = CIRCLE ( 'NONE', #3947, 329.5000000000000000 ) ;
#7745 = CARTESIAN_POINT ( 'NONE',  ( -25.50000000000000355, 19.99999999999999645, 1.520738416181999231 ) ) ;
#7746 = DIRECTION ( 'NONE',  ( 1.000000000000000000, 0.000000000000000000, 0.000000000000000000 ) ) ;
#7747 = LINE ( 'NONE', #1734, #7533 ) ;
#7748 = CARTESIAN_POINT ( 'NONE',  ( 27.53010951482652047, -21.10432281055577164, 1.358383139194922373 ) ) ;
#7749 = ADVANCED_FACE ( 'NONE', ( #2303 ), #1727, .F. ) ;
#7750 = DIRECTION ( 'NONE',  ( 0.000000000000000000, 1.000000000000000000, 0.000000000000000000 ) ) ;
#7751 = EDGE_LOOP ( 'NONE', ( #8425, #1101, #6412, #3715 ) ) ;
#7752 = ORIENTED_EDGE ( 'NONE', *, *, #7498, .T. ) ;
#7753 = DIRECTION ( 'NONE',  ( 0.000000000000000000, 1.000000000000000000, 0.000000000000000000 ) ) ;
#7754 = ORIENTED_EDGE ( 'NONE', *, *, #5841, .T. ) ;
#7755 = CYLINDRICAL_SURFACE ( 'NONE', #2761, 0.5000000000000004441 ) ;
#7756 = CARTESIAN_POINT ( 'NONE',  ( -25.99477961849975571, -14.85042469761678063, 0.9288783448846377189 ) ) ;
#7757 = CARTESIAN_POINT ( 'NONE',  ( -25.20061974793052073, 16.46290151074034469, 1.543632951693357347 ) ) ;
#7758 = CARTESIAN_POINT ( 'NONE',  ( -27.44942302275649482, -21.64965697383388132, 0.8766348954525160497 ) ) ;
#7759 = CARTESIAN_POINT ( 'NONE',  ( 29.36104065147902276, 20.64743349590430554, -2.312391286518570066 ) ) ;
#7760 = ORIENTED_EDGE ( 'NONE', *, *, #7357, .F. ) ;
#7761 = DIRECTION ( 'NONE',  ( -0.000000000000000000, 1.000000000000000000, 0.000000000000000000 ) ) ;
#7762 = ORIENTED_EDGE ( 'NONE', *, *, #7458, .F. ) ;
#7763 = ORIENTED_EDGE ( 'NONE', *, *, #6399, .T. ) ;
#7764 = CYLINDRICAL_SURFACE ( 'NONE', #7004, 0.5000000000000004441 ) ;
#7765 = DIRECTION ( 'NONE',  ( -0.9970478274445584432, 0.000000000000000000, 0.07678300455234836341 ) ) ;
#7766 = CARTESIAN_POINT ( 'NONE',  ( 27.78264327961659319, 20.42389912461747770, -2.174979419703053640 ) ) ;
#7767 = CARTESIAN_POINT ( 'NONE',  ( -1.385640646055105840, -19.49999999999999645, 0.1970926583091661410 ) ) ;
#7768 = CARTESIAN_POINT ( 'NONE',  ( 27.82032404412447946, 20.94922286982308890, -2.178303956764416682 ) ) ;
#7769 = DIRECTION ( 'NONE',  ( 0.000000000000000000, 0.000000000000000000, 1.000000000000000000 ) ) ;
#7770 = CARTESIAN_POINT ( 'NONE',  ( 31.50000000000000000, -22.00000000000000355, -2.009146468990752332 ) ) ;
#7771 = VERTEX_POINT ( 'NONE', #927 ) ;
#7772 = ORIENTED_EDGE ( 'NONE', *, *, #5037, .F. ) ;
#7773 = APPROVAL_DATE_TIME ( #6316, #4231 ) ;
#7774 = CARTESIAN_POINT ( 'NONE',  ( 21.39999999999999503, 16.19999999999999929, 0.8085397930349680351 ) ) ;
#7775 = CARTESIAN_POINT ( 'NONE',  ( -30.26617575352133116, -19.09382535632659739, 1.119707619142190635 ) ) ;
#7776 = CARTESIAN_POINT ( 'NONE',  ( -24.90922814792102713, -15.96740712263293815, 1.034083435648258442 ) ) ;
#7777 = CARTESIAN_POINT ( 'NONE',  ( 28.87012512535476105, -20.97394962597963186, 1.244415081253954725 ) ) ;
#7778 = ORIENTED_EDGE ( 'NONE', *, *, #5205, .T. ) ;
#7779 = CARTESIAN_POINT ( 'NONE',  ( -28.49999999966182074, 17.99999999999999645, 1.276319709120245172 ) ) ;
#7780 = DIRECTION ( 'NONE',  ( -0.000000000000000000, 1.000000000000000000, 0.000000000000000000 ) ) ;
#7781 = EDGE_CURVE ( 'NONE', #3480, #2007, #2428, .T. ) ;
#7782 = LINE ( 'NONE', #1194, #2136 ) ;
#7783 = ADVANCED_FACE ( 'NONE', ( #2732 ), #3578, .F. ) ;
#7784 = CARTESIAN_POINT ( 'NONE',  ( -1.558845726811993071, -19.19999999999999929, 0.2970935385293362874 ) ) ;
#7785 = EDGE_CURVE ( 'NONE', #1830, #8480, #4304, .T. ) ;
#7786 = CARTESIAN_POINT ( 'NONE',  ( -26.64600992125962975, -14.81853679335726959, 1.430596672198576114 ) ) ;
#7787 = EDGE_CURVE ( 'NONE', #8250, #5909, #7638, .T. ) ;
#7788 = CARTESIAN_POINT ( 'NONE',  ( -25.50000000000000000, -20.00000000000000355, 1.520738416181999231 ) ) ;
#7789 = ORIENTED_EDGE ( 'NONE', *, *, #8227, .T. ) ;
#7790 = CARTESIAN_POINT ( 'NONE',  ( -26.64563966789717142, 14.82314436229462196, 1.430627186266846929 ) ) ;
#7791 = CARTESIAN_POINT ( 'NONE',  ( -27.52370050679400038, -21.10677837337400931, 1.358916295286296982 ) ) ;
#7792 = CARTESIAN_POINT ( 'NONE',  ( 23.90000000000001279, -16.19999999999999929, 1.126923315285355276 ) ) ;
#7793 = DIRECTION ( 'NONE',  ( 0.000000000000000000, 0.000000000000000000, 1.000000000000000000 ) ) ;
#7794 = CARTESIAN_POINT ( 'NONE',  ( -25.67932237934686768, -16.16578704114927945, 1.506898598400901568 ) ) ;
#7795 = CARTESIAN_POINT ( 'NONE',  ( -26.86406412422747536, 21.81870798267158662, 1.413082074613815520 ) ) ;
#7796 = B_SPLINE_CURVE_WITH_KNOTS ( 'NONE', 3,
 ( #219, #1498, #2129, #7469, #2213, #4809, #8137, #4169, #1574, #817 ),
 .UNSPECIFIED., .F., .F.,
 ( 4, 2, 2, 2, 4 ),
 ( 0.0007832144280500168317, 0.001174777760671920964, 0.001566341093293824880, 0.001957904425915728795, 0.002349467758537632928 ),
 .UNSPECIFIED. ) ;
#7797 = DIRECTION ( 'NONE',  ( -0.8660254037844403729, -0.4999999999999970024, 0.000000000000000000 ) ) ;
#7798 = EDGE_CURVE ( 'NONE', #7137, #4226, #1895, .T. ) ;
#7799 = ORIENTED_EDGE ( 'NONE', *, *, #1740, .T. ) ;
#7800 = EDGE_CURVE ( 'NONE', #7196, #1496, #5447, .T. ) ;
#7801 = CARTESIAN_POINT ( 'NONE',  ( -26.79755313065472322, -13.90000000000000213, 1.418377803962073580 ) ) ;
#7802 = DIRECTION ( 'NONE',  ( 0.000000000000000000, 0.000000000000000000, 1.000000000000000000 ) ) ;
#7803 = CARTESIAN_POINT ( 'NONE',  ( -30.76244089141376747, 16.77438974852567810, -2.441340833950075506 ) ) ;
#7804 = ORIENTED_EDGE ( 'NONE', *, *, #7675, .T. ) ;
#7805 = CARTESIAN_POINT ( 'NONE',  ( -25.05027886562466577, 15.89734514478305449, -0.9521323213538770425 ) ) ;
#7806 = CARTESIAN_POINT ( 'NONE',  ( -25.29002256241404467, -15.73315160113672029, 0.9978086798599744567 ) ) ;
#7807 = EDGE_CURVE ( 'NONE', #8250, #2790, #2211, .T. ) ;
#7808 = PRODUCT_DEFINITION ( 'Œ¥÷™', '', #8355, #2018 ) ;
#7809 = CARTESIAN_POINT ( 'NONE',  ( 28.26471540605320243, -21.31235054219507674, 0.8135366629853253428 ) ) ;
#7810 = CARTESIAN_POINT ( 'NONE',  ( 30.01157393494050751, -19.40214436454770919, 1.142927017196408768 ) ) ;
#7811 = EDGE_LOOP ( 'NONE', ( #3147, #1277, #2992 ) ) ;
#7812 = DIRECTION ( 'NONE',  ( -0.000000000000000000, 1.000000000000000000, 0.000000000000000000 ) ) ;
#7813 = CARTESIAN_POINT ( 'NONE',  ( 30.99866071908279608, 18.83038932893368056, 1.052112876963534838 ) ) ;
#7814 = CARTESIAN_POINT ( 'NONE',  ( -28.26607400637918843, -21.32367525214612414, 0.8135954788619421674 ) ) ;
#7815 = DIRECTION ( 'NONE',  ( 0.000000000000000000, 0.000000000000000000, -1.000000000000000000 ) ) ;
#7816 = DIRECTION ( 'NONE',  ( -0.000000000000000000, -0.000000000000000000, -1.000000000000000000 ) ) ;
#7817 = CARTESIAN_POINT ( 'NONE',  ( -31.82862843560494426, 16.82142290510651605, 0.5173476949978983441 ) ) ;
#7818 = ORIENTED_EDGE ( 'NONE', *, *, #6115, .T. ) ;
#7819 = CARTESIAN_POINT ( 'NONE',  ( -25.56598217591673716, -16.24835512476046517, 1.515658880202579217 ) ) ;
#7820 = CARTESIAN_POINT ( 'NONE',  ( -27.04129718858903075, 21.77346645518887769, 0.9075657046908951475 ) ) ;
#7821 = CARTESIAN_POINT ( 'NONE',  ( 29.92399526491982442, 19.39869777070948942, -2.363560348807832057 ) ) ;
#7822 = DIRECTION ( 'NONE',  ( -0.000000000000000000, 1.000000000000000000, 0.000000000000000000 ) ) ;
#7823 = VERTEX_POINT ( 'NONE', #1348 ) ;
#7824 = DIRECTION ( 'NONE',  ( -1.000000000000000000, 0.000000000000000000, 0.000000000000000000 ) ) ;
#7825 = CARTESIAN_POINT ( 'NONE',  ( -30.46620831206708147, 15.98213994370730262, -1.958005016077727811 ) ) ;
#7826 = CARTESIAN_POINT ( 'NONE',  ( 28.94549242899230634, -18.76184321241810693, 1.237704778069832257 ) ) ;
#7827 = FACE_OUTER_BOUND ( 'NONE', #6730, .T. ) ;
#7828 = CARTESIAN_POINT ( 'NONE',  ( -31.57278314986210788, -17.66440946487838559, -1.971409882597014551 ) ) ;
#7829 = EDGE_CURVE ( 'NONE', #2813, #5664, #5148, .T. ) ;
#7830 = CARTESIAN_POINT ( 'NONE',  ( 30.64265077690012262, -19.36660397068758144, 1.085295257005107761 ) ) ;
#7831 = EDGE_LOOP ( 'NONE', ( #7818, #2941, #5851 ) ) ;
#7832 = CIRCLE ( 'NONE', #270, 0.5000000000000004441 ) ;
#7833 = CARTESIAN_POINT ( 'NONE',  ( -32.00000000000000000, -6.513704236698701244, 0.5022692811654794198 ) ) ;
#7834 = CARTESIAN_POINT ( 'NONE',  ( 30.72534205942389463, -18.40953187923906853, 1.077414990733806643 ) ) ;
#7835 = CARTESIAN_POINT ( 'NONE',  ( 29.60000000000000142, 12.59999999999999787, -1.330196093404401037 ) ) ;
#7836 = VECTOR ( 'NONE', #3993, 1000.000000000000000 ) ;
#7837 = DIRECTION ( 'NONE',  ( -0.000000000000000000, 1.000000000000000000, 0.000000000000000000 ) ) ;
#7839 = ORIENTED_EDGE ( 'NONE', *, *, #6164, .T. ) ;
#7838 = CARTESIAN_POINT ( 'NONE',  ( 31.30861611022721291, 18.27232050416246167, 0.5626364339492835320 ) ) ;
#7840 = DIRECTION ( 'NONE',  ( 0.000000000000000000, 0.000000000000000000, -1.000000000000000000 ) ) ;
#7841 = SPHERICAL_SURFACE ( 'NONE', #5621, 0.5000000000000000000 ) ;
#7842 = B_SPLINE_CURVE_WITH_KNOTS ( 'NONE', 3,
 ( #6743, #2743, #6079, #2619, #7362, #90 ),
 .UNSPECIFIED., .F., .F.,
 ( 4, 2, 4 ),
 ( 0.000000000000000000, 0.0003906672629092673601, 0.0007813345258185347203 ),
 .UNSPECIFIED. ) ;
#7843 = FACE_OUTER_BOUND ( 'NONE', #5299, .T. ) ;
#7844 = VERTEX_POINT ( 'NONE', #1957 ) ;
#7845 = CARTESIAN_POINT ( 'NONE',  ( 25.50000000006267697, -20.50000000000000355, 1.520738416161219630 ) ) ;
#7846 = CIRCLE ( 'NONE', #6734, 331.4999999999999432 ) ;
#7847 = CIRCLE ( 'NONE', #1309, 0.5000000000000004441 ) ;
#7848 = CARTESIAN_POINT ( 'NONE',  ( -26.17877762374188677, 21.95671431451380684, 0.9716933557951682454 ) ) ;
#7849 = EDGE_LOOP ( 'NONE', ( #66, #5335, #5881, #7317 ) ) ;
#7850 = CARTESIAN_POINT ( 'NONE',  ( 31.24495951062842991, 16.90376217507187206, -2.487013977185507319 ) ) ;
#7851 = VERTEX_POINT ( 'NONE', #6747 ) ;
#7852 = FACE_OUTER_BOUND ( 'NONE', #6172, .T. ) ;
#7853 = AXIS2_PLACEMENT_3D ( 'NONE', #4468, #1812, #7159 ) ;
#7854 = ORIENTED_EDGE ( 'NONE', *, *, #5309, .T. ) ;
#7855 = FACE_OUTER_BOUND ( 'NONE', #6587, .T. ) ;
#7856 = AXIS2_PLACEMENT_3D ( 'NONE', #8103, #6873, #8164 ) ;
#7857 = DIRECTION ( 'NONE',  ( 0.000000000000000000, -0.000000000000000000, -1.000000000000000000 ) ) ;
#7858 = EDGE_LOOP ( 'NONE', ( #1514, #8454, #6745, #144 ) ) ;
#7859 = CARTESIAN_POINT ( 'NONE',  ( -27.56796495286122450, 19.98260292123807602, -2.156934997267799581 ) ) ;
#7860 = CARTESIAN_POINT ( 'NONE',  ( 27.65870860885555871, 21.57491625657089074, 0.8606011513219917752 ) ) ;
#7861 = ORIENTED_EDGE ( 'NONE', *, *, #2796, .F. ) ;
#7862 = CARTESIAN_POINT ( 'NONE',  ( -31.77549239183831276, -17.03390783545417975, -1.989255019750645559 ) ) ;
#7863 = ORIENTED_EDGE ( 'NONE', *, *, #1851, .T. ) ;
#7864 = FACE_OUTER_BOUND ( 'NONE', #2891, .T. ) ;
#7865 = CARTESIAN_POINT ( 'NONE',  ( 26.75313695935328795, -21.34030185302615479, 1.422027031727732149 ) ) ;
#7866 = DIRECTION ( 'NONE',  ( -0.000000000000000000, -1.000000000000000000, -0.000000000000000000 ) ) ;
#7867 = CARTESIAN_POINT ( 'NONE',  ( 30.32568041219955290, -16.64600329819741731, -1.943505632475782674 ) ) ;
#7868 = AXIS2_PLACEMENT_3D ( 'NONE', #6835, #4145, #143 ) ;
#7869 = CARTESIAN_POINT ( 'NONE',  ( 28.30893703582587051, 13.24011289024561222, -1.216470026035646468 ) ) ;
#7870 = CARTESIAN_POINT ( 'NONE',  ( -28.90553360208815903, 13.39998691060937475, -1.268374918238976523 ) ) ;
#7871 = ORIENTED_EDGE ( 'NONE', *, *, #6906, .T. ) ;
#7872 = ORIENTED_EDGE ( 'NONE', *, *, #7890, .F. ) ;
#7873 = CARTESIAN_POINT ( 'NONE',  ( 7.000000000000000000, 24.02076560824310292, -1.937490070343665938 ) ) ;
#7874 = CARTESIAN_POINT ( 'NONE',  ( 30.49999999999999289, 15.50000000000001066, 1.143850916776045779 ) ) ;
#7875 = CARTESIAN_POINT ( 'NONE',  ( -27.69331261164922608, -21.56190970901120707, 1.344836098117617729 ) ) ;
#7876 = CARTESIAN_POINT ( 'NONE',  ( -26.95218299964080089, 21.30071185874862394, 1.406081667403489499 ) ) ;
#7877 = CARTESIAN_POINT ( 'NONE',  ( -23.89999999999999858, -16.19999999999999929, 1.126923315285419447 ) ) ;
#7878 = CARTESIAN_POINT ( 'NONE',  ( 25.63167509492702223, -20.49999999998579625, 1.510610196324726040 ) ) ;
#7879 = CARTESIAN_POINT ( 'NONE',  ( 27.08863794212157217, 20.70154732011281951, -2.117036447953615674 ) ) ;
#7880 = VERTEX_POINT ( 'NONE', #5400 ) ;
#7881 = CARTESIAN_POINT ( 'NONE',  ( -31.50000000000000000, 15.29999999999999716, 0.5022692811654794198 ) ) ;
#7882 = DIRECTION ( 'NONE',  ( 0.000000000000000000, 0.000000000000000000, -1.000000000000000000 ) ) ;
#7883 = CARTESIAN_POINT ( 'NONE',  ( -23.90000000000000213, 13.89999999999999858, -10.00000000000000000 ) ) ;
#7884 = ORIENTED_EDGE ( 'NONE', *, *, #1854, .F. ) ;
#7885 = CARTESIAN_POINT ( 'NONE',  ( -30.36693137915293406, 16.48108518133678757, -1.947757819781581246 ) ) ;
#7886 = DIRECTION ( 'NONE',  ( 0.000000000000000000, 1.000000000000000000, 0.000000000000000000 ) ) ;
#7887 = CARTESIAN_POINT ( 'NONE',  ( 30.49999999816025564, -15.64678694943678572, -2.416488503678781541 ) ) ;
#7888 = EDGE_CURVE ( 'NONE', #2714, #8284, #4555, .T. ) ;
#7889 = ORIENTED_EDGE ( 'NONE', *, *, #1482, .T. ) ;
#7890 = EDGE_CURVE ( 'NONE', #2001, #499, #5659, .T. ) ;
#7891 = CARTESIAN_POINT ( 'NONE',  ( -28.02088050470648284, 12.80972932452370472, -1.191800762471498798 ) ) ;
#7892 = EDGE_CURVE ( 'NONE', #755, #3531, #1804, .T. ) ;
#7893 = CARTESIAN_POINT ( 'NONE',  ( 31.95644966909585349, 16.18162270579007611, 0.5061176550873832669 ) ) ;
#7894 = CARTESIAN_POINT ( 'NONE',  ( 25.49999999999999645, 20.00000000000001066, -500000.0000000000582 ) ) ;
#7895 = B_SPLINE_CURVE_WITH_KNOTS ( 'NONE', 3,
 ( #4966, #979, #7084, #5514, #7442, #194 ),
 .UNSPECIFIED., .F., .F.,
 ( 4, 2, 4 ),
 ( 2.076358974494255670E-16, 0.0003914830272358447430, 0.0007829660544714818612 ),
 .UNSPECIFIED. ) ;
#7896 = EDGE_LOOP ( 'NONE', ( #7547, #5817, #767 ) ) ;
#7897 = CARTESIAN_POINT ( 'NONE',  ( 21.39999999999999503, 22.00000000000000000, 1.441768809014874364 ) ) ;
#7898 = DIRECTION ( 'NONE',  ( -0.000000000000000000, 1.000000000000000000, -0.000000000000000000 ) ) ;
#7899 = AXIS2_PLACEMENT_3D ( 'NONE', #1192, #1836, #3133 ) ;
#7900 = CARTESIAN_POINT ( 'NONE',  ( -30.95295902883156458, 15.29999999999999716, -2.459293633051720107 ) ) ;
#7901 = B_SPLINE_CURVE_WITH_KNOTS ( 'NONE', 3,
 ( #7170, #555, #6614, #3865, #7862, #1902, #7828, #5932, #3929, #5180, #5231, #5199, #1850, #1180, #1211, #7195, #5848, #3277, #3956, #5880, #7279, #6557 ),
 .UNSPECIFIED., .F., .F.,
 ( 4, 2, 2, 2, 2, 2, 2, 2, 2, 2, 4 ),
 ( 0.000000000000000000, 0.001310348886645586403, 0.001965523329968374075, 0.002620697773291162398, 0.003931046659936720394, 0.005241395546582279692, 0.006551744433227837255, 0.007206918876550612134, 0.007862093319873387012, 0.009172442206518928096, 0.01048279109316446571 ),
 .UNSPECIFIED. ) ;
#7902 = AXIS2_PLACEMENT_3D ( 'NONE', #4799, #4137, #5362 ) ;
#7903 = DIRECTION ( 'NONE',  ( -0.000000000000000000, -1.000000000000000000, -0.000000000000000000 ) ) ;
#7904 = EDGE_CURVE ( 'NONE', #2, #4302, #4002, .T. ) ;
#7905 = ADVANCED_FACE ( 'NONE', ( #7855 ), #5193, .T. ) ;
#7906 = CARTESIAN_POINT ( 'NONE',  ( 0.000000000000000000, -21.50000000000000000, -0.5000000000000559552 ) ) ;
#7907 = ORIENTED_EDGE ( 'NONE', *, *, #504, .T. ) ;
#7908 = B_SPLINE_CURVE_WITH_KNOTS ( 'NONE', 3,
 ( #2041, #6015, #2699, #2059, #6679, #7380 ),
 .UNSPECIFIED., .F., .F.,
 ( 4, 2, 4 ),
 ( 2.321679657457888093E-16, 0.0003916289513321029227, 0.0007832579026639736094 ),
 .UNSPECIFIED. ) ;
#7909 = AXIS2_PLACEMENT_3D ( 'NONE', #6223, #1655, #5575 ) ;
#7910 = DIRECTION ( 'NONE',  ( 0.000000000000000000, 0.000000000000000000, 1.000000000000000000 ) ) ;
#7911 = CARTESIAN_POINT ( 'NONE',  ( -30.32282514909245208, 16.65682265338865875, -2.400055681529798868 ) ) ;
#7912 = CARTESIAN_POINT ( 'NONE',  ( 29.86836452057183777, -16.00000000003592149, 1.155776442120835190 ) ) ;
#7913 = CARTESIAN_POINT ( 'NONE',  ( 1.096968900456248397, -18.40000586991318343, 0.1978800569895827199 ) ) ;
#7914 = VERTEX_POINT ( 'NONE', #6922 ) ;
#7915 = AXIS2_PLACEMENT_3D ( 'NONE', #6895, #2895, #2252 ) ;
#7916 = CARTESIAN_POINT ( 'NONE',  ( 26.96775061646665606, 20.22824541339429416, -1.618594137134810262 ) ) ;
#7917 = CARTESIAN_POINT ( 'NONE',  ( -30.49995616530064169, 15.36902146838207450, 1.098176790384471468 ) ) ;
#7918 = CARTESIAN_POINT ( 'NONE',  ( 28.44172577325873519, -20.67377413405403175, 1.281376552345031339 ) ) ;
#7919 = CARTESIAN_POINT ( 'NONE',  ( 0.000000000000000000, 5.580403008799160069, -330.0000000000000000 ) ) ;
#7920 = ORIENTED_EDGE ( 'NONE', *, *, #2677, .F. ) ;
#7921 = CARTESIAN_POINT ( 'NONE',  ( 25.30000000000000071, 20.49999999999999645, -1.472740857018096428 ) ) ;
#7922 = CARTESIAN_POINT ( 'NONE',  ( 30.71449960886299024, 18.40844968182373265, 1.078357534679540208 ) ) ;
#7923 = CARTESIAN_POINT ( 'NONE',  ( -27.34229876740242560, 21.18197037329725418, 1.374091640793199343 ) ) ;
#7924 = CARTESIAN_POINT ( 'NONE',  ( -28.84119403969843987, 20.99195811634132980, 0.7678766028504051544 ) ) ;
#7925 = CYLINDRICAL_SURFACE ( 'NONE', #6799, 0.5000000000000004441 ) ;
#7926 =( BOUNDED_CURVE ( )  B_SPLINE_CURVE ( 3, ( #5519, #2860, #886, #1554 ),
 .UNSPECIFIED., .F., .T. ) 
 B_SPLINE_CURVE_WITH_KNOTS ( ( 4, 4 ),
 ( 1.566601217166178284, 1.570796326794896558 ),
 .UNSPECIFIED. ) 
 CURVE ( )  GEOMETRIC_REPRESENTATION_ITEM ( )  RATIONAL_B_SPLINE_CURVE ( ( 1.000000000000000000, 0.9999985334218046695, 0.9999985334218046695, 1.000000000000000000 ) ) 
 REPRESENTATION_ITEM ( '' )  );
#7927 = VERTEX_POINT ( 'NONE', #5632 ) ;
#7928 = CARTESIAN_POINT ( 'NONE',  ( 28.00000000000000000, -12.59999999999999964, -1.330196093404401037 ) ) ;
#7929 = DIRECTION ( 'NONE',  ( 0.000000000000000000, 1.000000000000000000, 0.000000000000000000 ) ) ;
#7930 = DIRECTION ( 'NONE',  ( -0.8660254037844405950, -0.4999999999999966693, 0.000000000000000000 ) ) ;
#7931 = CYLINDRICAL_SURFACE ( 'NONE', #2697, 0.5000000000000000000 ) ;
#7932 = DIRECTION ( 'NONE',  ( -1.001543065824771570E-15, -1.000000000000000000, -0.000000000000000000 ) ) ;
#7933 = VERTEX_POINT ( 'NONE', #8252 ) ;
#7934 = VECTOR ( 'NONE', #2432, 1000.000000000000000 ) ;
#7935 = CARTESIAN_POINT ( 'NONE',  ( -25.00144388324612876, -19.86952074177103711, 1.558709437337644665 ) ) ;
#7937 = CARTESIAN_POINT ( 'NONE',  ( 0.000000000000000000, -16.89999999999999858, 0.3000000000000224709 ) ) ;
#7936 = CYLINDRICAL_SURFACE ( 'NONE', #6673, 331.4999999999999432 ) ;
#7938 = CARTESIAN_POINT ( 'NONE',  ( 26.17649831889672285, 21.95669944758526526, 0.9718546037221739153 ) ) ;
#7939 = LINE ( 'NONE', #1767, #1262 ) ;
#7940 = LINE ( 'NONE', #6669, #3978 ) ;
#7941 = EDGE_CURVE ( 'NONE', #3163, #6791, #545, .T. ) ;
#7942 = CARTESIAN_POINT ( 'NONE',  ( 27.60144201738185643, 19.97537374199798776, -1.676584672100688511 ) ) ;
#7944 = CARTESIAN_POINT ( 'NONE',  ( 30.49999999999999645, 15.36766455968040113, 1.098172752449000367 ) ) ;
#7943 = DIRECTION ( 'NONE',  ( 0.000000000000000000, 0.000000000000000000, 1.000000000000000000 ) ) ;
#7945 = CARTESIAN_POINT ( 'NONE',  ( 28.04792868887404467, -19.71792507924708815, -1.718571307295803097 ) ) ;
#7946 = EDGE_CURVE ( 'NONE', #1038, #2, #59, .T. ) ;
#7947 = ORIENTED_EDGE ( 'NONE', *, *, #7284, .F. ) ;
#7948 = VECTOR ( 'NONE', #5732, 1000.000000000000000 ) ;
#7949 = ADVANCED_FACE ( 'NONE', ( #567 ), #3540, .T. ) ;
#7950 = EDGE_LOOP ( 'NONE', ( #1787, #5926, #2301 ) ) ;
#7951 = CIRCLE ( 'NONE', #1703, 0.5000000000000000000 ) ;
#7952 = CARTESIAN_POINT ( 'NONE',  ( 29.01089393758533674, 7.600004134313975257, 1.232037760136714954 ) ) ;
#7953 = CYLINDRICAL_SURFACE ( 'NONE', #8013, 0.5000000000000004441 ) ;
#7954 = CARTESIAN_POINT ( 'NONE',  ( 24.33072889637736225, -16.15931936324648532, 1.087880815038988702 ) ) ;
#7955 = CARTESIAN_POINT ( 'NONE',  ( 25.41850061707800634, -15.63396839388769877, -0.9803787570813787822 ) ) ;
#7956 = DIRECTION ( 'NONE',  ( 1.000000000000000000, 0.000000000000000000, 0.000000000000000000 ) ) ;
#7957 = CARTESIAN_POINT ( 'NONE',  ( -1.558584639863880739, -19.19954778414067320, -0.003635561865077021997 ) ) ;
#7958 = ORIENTED_EDGE ( 'NONE', *, *, #7726, .T. ) ;
#7959 = EDGE_CURVE ( 'NONE', #2813, #1415, #5558, .T. ) ;
#7960 = EDGE_LOOP ( 'NONE', ( #7548, #2083, #5142, #2424, #4021, #842 ) ) ;
#7961 = CARTESIAN_POINT ( 'NONE',  ( 0.000000000000000000, 7.599999999999996980, -330.0000000000000000 ) ) ;
#7962 = ORIENTED_EDGE ( 'NONE', *, *, #592, .T. ) ;
#7963 = CIRCLE ( 'NONE', #3214, 0.5000000000000004441 ) ;
#7964 = AXIS2_PLACEMENT_3D ( 'NONE', #6372, #7044, #2431 ) ;
#7965 = DIRECTION ( 'NONE',  ( -0.9970921850656254692, 6.609714449128438429E-17, 0.07620481927710781589 ) ) ;
#7966 = EDGE_LOOP ( 'NONE', ( #7693, #3809, #8590, #2703 ) ) ;
#7967 = EDGE_CURVE ( 'NONE', #242, #244, #3359, .T. ) ;
#7968 = EDGE_LOOP ( 'NONE', ( #1588, #4052, #912, #6308 ) ) ;
#7969 = CARTESIAN_POINT ( 'NONE',  ( -25.30000000000000071, -22.00000000000000000, 1.034605441787628255 ) ) ;
#7970 = CIRCLE ( 'NONE', #2246, 0.5000000000000001110 ) ;
#7971 = CARTESIAN_POINT ( 'NONE',  ( 0.000000000000000000, -22.00000000000000000, -330.0000000000000000 ) ) ;
#7972 = CARTESIAN_POINT ( 'NONE',  ( -30.23114569577392885, -16.98483573900374566, -1.933763625449713031 ) ) ;
#7973 = CARTESIAN_POINT ( 'NONE',  ( -31.45220030166657210, -15.71009698413780242, -2.506856413475742507 ) ) ;
#7974 = CARTESIAN_POINT ( 'NONE',  ( -30.04511278195488444, 15.49999999999999645, 1.641811594874437175 ) ) ;
#7975 = ORIENTED_EDGE ( 'NONE', *, *, #8325, .T. ) ;
#7976 = ORIENTED_EDGE ( 'NONE', *, *, #30, .T. ) ;
#7978 = CARTESIAN_POINT ( 'NONE',  ( 1.523201122047014078, -19.46135972853647544, -0.003486589185766632119 ) ) ;
#7977 = CARTESIAN_POINT ( 'NONE',  ( 26.41292910006191264, -15.33128066010815260, 1.449253685405067049 ) ) ;
#7979 = CARTESIAN_POINT ( 'NONE',  ( 28.10788226652011801, -20.23950903056080364, -2.202846207526121258 ) ) ;
#7980 = DATE_AND_TIME ( #485, #2128 ) ;
#7981 = DIRECTION ( 'NONE',  ( -0.000000000000000000, 1.000000000000000000, -0.000000000000000000 ) ) ;
#7982 = CARTESIAN_POINT ( 'NONE',  ( -30.00000000013388046, -16.00000000000000355, 1.143850916775968951 ) ) ;
#7983 = EDGE_LOOP ( 'NONE', ( #8420, #5553, #1206, #8547 ) ) ;
#7984 = CARTESIAN_POINT ( 'NONE',  ( -25.66986178193432622, 21.49999999819237573, -2.002704500026443402 ) ) ;
#7985 = COORDINATED_UNIVERSAL_TIME_OFFSET ( 8, 0, .AHEAD. ) ;
#7986 = DIRECTION ( 'NONE',  ( 0.000000000000000000, 1.000000000000000000, 0.000000000000000000 ) ) ;
#7987 = CARTESIAN_POINT ( 'NONE',  ( -28.26519725700771701, 21.31211414140533833, 0.8134988744491827850 ) ) ;
#7988 = VERTEX_POINT ( 'NONE', #4418 ) ;
#7989 = ADVANCED_FACE ( 'NONE', ( #6085 ), #4924, .T. ) ;
#7990 = CARTESIAN_POINT ( 'NONE',  ( -26.20873098535873780, 15.64578901580411951, 1.465478325896143907 ) ) ;
#7991 = DIRECTION ( 'NONE',  ( 1.000000000000000000, 0.000000000000000000, 0.000000000000000000 ) ) ;
#7992 = B_SPLINE_CURVE_WITH_KNOTS ( 'NONE', 3,
 ( #3122, #1905, #6024, #4622, #5993, #2020 ),
 .UNSPECIFIED., .F., .F.,
 ( 4, 2, 4 ),
 ( 0.0001054854912503550891, 0.0002640009523715738764, 0.0004225164134927926907 ),
 .UNSPECIFIED. ) ;
#7993 = CARTESIAN_POINT ( 'NONE',  ( -25.74194927136555933, 22.00000000000000355, -1.504235625468039794 ) ) ;
#7994 = CARTESIAN_POINT ( 'NONE',  ( -23.90000000000000213, 16.19999999999999929, 1.126923315285393468 ) ) ;
#7995 = CARTESIAN_POINT ( 'NONE',  ( -28.02088050470647929, -8.190270675476289952, -1.191800762471498132 ) ) ;
#7996 = CARTESIAN_POINT ( 'NONE',  ( 11.99999999999999822, 22.00000000000000000, 1.915158564549004572 ) ) ;
#7997 = ORIENTED_EDGE ( 'NONE', *, *, #7888, .F. ) ;
#7999 = CARTESIAN_POINT ( 'NONE',  ( -30.95295902883156103, 15.29999999999999716, -2.459293633051720551 ) ) ;
#7998 = CARTESIAN_POINT ( 'NONE',  ( -26.20000000000000284, 13.89999999999999858, 1.466152118131058835 ) ) ;
#8000 = CARTESIAN_POINT ( 'NONE',  ( 27.60092753983907343, -19.96632444692282604, -1.676677668272833044 ) ) ;
#8001 = ORIENTED_EDGE ( 'NONE', *, *, #8213, .T. ) ;
#8002 = CARTESIAN_POINT ( 'NONE',  ( -26.03892749247918204, -14.74641030460261426, 0.9244830651625917106 ) ) ;
#8003 = CARTESIAN_POINT ( 'NONE',  ( -7.000000000000000000, 16.59999995991177002, 2.226263247043519300 ) ) ;
#8004 = CARTESIAN_POINT ( 'NONE',  ( -26.19999999999998153, 22.00000000000001776, 0.3627097600454320947 ) ) ;
#8005 = CARTESIAN_POINT ( 'NONE',  ( 28.00180803812517283, 18.50000000000079226, 1.318802283534718844 ) ) ;
#8006 = CARTESIAN_POINT ( 'NONE',  ( -31.65382174570504503, -17.47015198969584304, 0.5326812042509839751 ) ) ;
#8007 = CARTESIAN_POINT ( 'NONE',  ( -29.01088796814454795, -13.39999579960368159, -1.277604675923656563 ) ) ;
#8008 = DIRECTION ( 'NONE',  ( -0.000000000000000000, -0.000000000000000000, -1.000000000000000000 ) ) ;
#8009 = CARTESIAN_POINT ( 'NONE',  ( 23.90000000000000568, 16.19999999999999929, 1.068511170717599157 ) ) ;
#8010 = CARTESIAN_POINT ( 'NONE',  ( -29.60000000000000142, 8.399999999999996803, 1.179845401256263138 ) ) ;
#8011 = AXIS2_PLACEMENT_3D ( 'NONE', #7538, #4246, #6951 ) ;
#8012 = ORIENTED_EDGE ( 'NONE', *, *, #2127, .F. ) ;
#8013 = AXIS2_PLACEMENT_3D ( 'NONE', #6758, #720, #7373 ) ;
#8014 = DIRECTION ( 'NONE',  ( 0.000000000000000000, 0.000000000000000000, -1.000000000000000000 ) ) ;
#8015 = DIRECTION ( 'NONE',  ( -0.000000000000000000, -1.000000000000000000, -0.000000000000000000 ) ) ;
#8016 = ORIENTED_EDGE ( 'NONE', *, *, #1531, .T. ) ;
#8017 = CARTESIAN_POINT ( 'NONE',  ( -27.02958787820729825, -21.77662775775983661, 0.9084471451312841062 ) ) ;
#8018 = AXIS2_PLACEMENT_3D ( 'NONE', #4171, #3562, #8110 ) ;
#8019 = CARTESIAN_POINT ( 'NONE',  ( -24.04821843887587818, 16.19539080157110078, 1.113587059940914337 ) ) ;
#8020 = CARTESIAN_POINT ( 'NONE',  ( -28.46442194793304736, -19.44022901534740200, -1.758155028779696094 ) ) ;
#8021 = CARTESIAN_POINT ( 'NONE',  ( 28.27084664781352430, -20.14169514398167138, -2.216865037615461720 ) ) ;
#8022 = CARTESIAN_POINT ( 'NONE',  ( -31.10189935958842966, -18.67983968314661070, -2.472972718950552817 ) ) ;
#8023 = CARTESIAN_POINT ( 'NONE',  ( -25.30000000000000071, 21.50000000000000000, -1.472740857018167926 ) ) ;
#8024 = ORIENTED_EDGE ( 'NONE', *, *, #3190, .F. ) ;
#8026 = CARTESIAN_POINT ( 'NONE',  ( -25.98214172484268403, -20.46639644988875162, -1.520662965250717535 ) ) ;
#8025 = CARTESIAN_POINT ( 'NONE',  ( 25.63186784642996230, 15.42089245372978290, -0.9969321331563070210 ) ) ;
#8027 = DIRECTION ( 'NONE',  ( 0.000000000000000000, 0.000000000000000000, -1.000000000000000000 ) ) ;
#8028 = ADVANCED_FACE ( 'NONE', ( #5875 ), #2519, .T. ) ;
#8029 = ORIENTED_EDGE ( 'NONE', *, *, #7829, .F. ) ;
#8030 = CARTESIAN_POINT ( 'NONE',  ( -30.95295902883156813, -15.67676649470198313, -2.459293633051719663 ) ) ;
#8031 = CARTESIAN_POINT ( 'NONE',  ( -21.40000000000000213, 21.50000000000000000, 1.810623699724234204 ) ) ;
#8033 =( BOUNDED_CURVE ( )  B_SPLINE_CURVE ( 3, ( #865, #5527, #6127, #4793 ),
 .UNSPECIFIED., .F., .T. ) 
 B_SPLINE_CURVE_WITH_KNOTS ( ( 4, 4 ),
 ( 1.565550842995624636, 1.569747234653598555 ),
 .UNSPECIFIED. ) 
 CURVE ( )  GEOMETRIC_REPRESENTATION_ITEM ( )  RATIONAL_B_SPLINE_CURVE ( ( 1.000000000000000000, 0.9999985325252926938, 0.9999985325252926938, 1.000000000000000000 ) ) 
 REPRESENTATION_ITEM ( '' )  );
#8032 = DIRECTION ( 'NONE',  ( 8.881784197001253901E-15, 0.000000000000000000, -1.000000000000000000 ) ) ;
#8035 = ORIENTED_EDGE ( 'NONE', *, *, #6467, .F. ) ;
#8034 = CARTESIAN_POINT ( 'NONE',  ( -25.20475229567501785, -16.46719953249068880, 1.543360997998515005 ) ) ;
#8036 = CARTESIAN_POINT ( 'NONE',  ( -28.61747767965069400, 21.13753053308533580, -2.246676511629268180 ) ) ;
#8037 = CARTESIAN_POINT ( 'NONE',  ( -1.731001715619084669, -19.09999999999837428, -0.004539981137745936410 ) ) ;
#8038 = FACE_OUTER_BOUND ( 'NONE', #2640, .T. ) ;
#8039 = CARTESIAN_POINT ( 'NONE',  ( 26.77845326558632166, -21.83860195547209315, -2.091516557261472897 ) ) ;
#8040 = DIRECTION ( 'NONE',  ( -0.07678300455235541333, 0.000000000000000000, 0.9970478274445579991 ) ) ;
#8041 = FACE_OUTER_BOUND ( 'NONE', #6345, .T. ) ;
#8042 = ORIENTED_EDGE ( 'NONE', *, *, #2630, .F. ) ;
#8043 = FACE_BOUND ( 'NONE', #4674, .T. ) ;
#8044 = CARTESIAN_POINT ( 'NONE',  ( 28.36842553009259049, 18.99999999991072031, 1.287639179180723126 ) ) ;
#8045 = CARTESIAN_POINT ( 'NONE',  ( -26.79755313065472677, 13.90000000000000036, 1.418377803962104444 ) ) ;
#8046 = VECTOR ( 'NONE', #4061, 1000.000000000000000 ) ;
#8047 = ORIENTED_EDGE ( 'NONE', *, *, #4661, .F. ) ;
#8048 = DIRECTION ( 'NONE',  ( 0.000000000000000000, 0.000000000000000000, 1.000000000000000000 ) ) ;
#8049 = FACE_OUTER_BOUND ( 'NONE', #3048, .T. ) ;
#8050 = LINE ( 'NONE', #5285, #6285 ) ;
#8051 = CARTESIAN_POINT ( 'NONE',  ( 26.80000000000000071, 7.599999999999996980, 5.301000000000002821 ) ) ;
#8052 = EDGE_CURVE ( 'NONE', #7341, #1641, #8582, .T. ) ;
#8053 = ORIENTED_EDGE ( 'NONE', *, *, #6466, .T. ) ;
#8054 = CARTESIAN_POINT ( 'NONE',  ( -24.11845186111551698, 16.18961370192057103, 1.107230600002209409 ) ) ;
#8055 = EDGE_LOOP ( 'NONE', ( #1246, #52, #247, #3463, #928, #7167 ) ) ;
#8056 = CIRCLE ( 'NONE', #210, 0.5000000000000000000 ) ;
#8057 = CARTESIAN_POINT ( 'NONE',  ( -31.11398573342065887, -18.65847394373778911, -1.931360511385234568 ) ) ;
#8058 = VERTEX_POINT ( 'NONE', #497 ) ;
#8059 = EDGE_CURVE ( 'NONE', #7457, #2021, #8260, .T. ) ;
#8060 = VECTOR ( 'NONE', #94, 1000.000000000000000 ) ;
#8061 = DIRECTION ( 'NONE',  ( -0.000000000000000000, -0.000000000000000000, -1.000000000000000000 ) ) ;
#8063 = CARTESIAN_POINT ( 'NONE',  ( 27.46441373293954769, -21.65571486713181670, 0.8756440464399627421 ) ) ;
#8062 = CARTESIAN_POINT ( 'NONE',  ( 26.54143730058108019, -15.08221008203582869, 1.438987611071348205 ) ) ;
#8064 = EDGE_CURVE ( 'NONE', #5206, #5183, #3680, .T. ) ;
#8065 = ORIENTED_EDGE ( 'NONE', *, *, #8389, .T. ) ;
#8066 = ORIENTED_EDGE ( 'NONE', *, *, #6399, .F. ) ;
#8067 = EDGE_LOOP ( 'NONE', ( #1190, #2608, #1705, #7920 ) ) ;
#8068 = CARTESIAN_POINT ( 'NONE',  ( 26.20000000000000995, -14.19692504872802985, 0.9083700997836459123 ) ) ;
#8069 = CYLINDRICAL_SURFACE ( 'NONE', #1871, 5.200000000000000178 ) ;
#8070 = CARTESIAN_POINT ( 'NONE',  ( -0.3462003431240048834, -16.69999999999999929, -0.0001815980463369029749 ) ) ;
#8071 = CARTESIAN_POINT ( 'NONE',  ( -27.44056779407726765, 21.10679355856159134, -2.146297068362983396 ) ) ;
#8072 = AXIS2_PLACEMENT_3D ( 'NONE', #7281, #3961, #5347 ) ;
#8073 = EDGE_CURVE ( 'NONE', #1127, #2458, #5906, .T. ) ;
#8074 = DIRECTION ( 'NONE',  ( 1.000000000000000000, 0.000000000000000000, 0.000000000000000000 ) ) ;
#8075 = CARTESIAN_POINT ( 'NONE',  ( -26.20000000000000284, -13.39999999999999680, 0.3627097600454320947 ) ) ;
#8076 = CARTESIAN_POINT ( 'NONE',  ( -27.90031395721678109, 19.81591405071175771, -1.662098719115248757 ) ) ;
#8077 = VERTEX_POINT ( 'NONE', #5147 ) ;
#8078 = ORIENTED_EDGE ( 'NONE', *, *, #733, .F. ) ;
#8079 = ADVANCED_FACE ( 'NONE', ( #1689 ), #1592, .T. ) ;
#8080 = AXIS2_PLACEMENT_3D ( 'NONE', #8184, #1449, #6846 ) ;
#8081 = CARTESIAN_POINT ( 'NONE',  ( 28.49999999966125586, 19.00000000000502709, 1.276319709120331769 ) ) ;
#8082 = CARTESIAN_POINT ( 'NONE',  ( -26.79754319229877169, 14.27704445699536073, 1.418378607549443338 ) ) ;
#8083 = CARTESIAN_POINT ( 'NONE',  ( 0.000000000000000000, -7.599999999999996092, -330.0000000000000000 ) ) ;
#8084 = CARTESIAN_POINT ( 'NONE',  ( -27.99999999999999289, 8.188297267025731685, -1.190024482224697033 ) ) ;
#8085 = ORIENTED_EDGE ( 'NONE', *, *, #7440, .T. ) ;
#8086 = DATE_AND_TIME ( #5901, #4332 ) ;
#8087 = CARTESIAN_POINT ( 'NONE',  ( -25.79954030991781622, 15.19696491275827199, 0.9482056728581731431 ) ) ;
#8088 = DIRECTION ( 'NONE',  ( 1.000000000000000000, 0.000000000000000000, 0.000000000000000000 ) ) ;
#8089 = DIRECTION ( 'NONE',  ( 0.000000000000000000, -1.000000000000000000, -0.000000000000000000 ) ) ;
#8090 = CARTESIAN_POINT ( 'NONE',  ( -31.41196900783597812, -16.11334322871809377, -2.502985557446792964 ) ) ;
#8092 = CARTESIAN_POINT ( 'NONE',  ( -32.00000000000000000, 15.29999999999999716, -2.009146468990752332 ) ) ;
#8091 = CARTESIAN_POINT ( 'NONE',  ( 25.86147445973671211, -15.10124036970140970, 0.9420937529657764653 ) ) ;
#8093 = CARTESIAN_POINT ( 'NONE',  ( -28.69457655659331152, 13.40000206692642415, 1.259539451598912230 ) ) ;
#8094 = EDGE_LOOP ( 'NONE', ( #3987, #5315, #6243, #6571, #3306 ) ) ;
#8095 = CARTESIAN_POINT ( 'NONE',  ( -27.26483034356692059, -20.63850944673940191, -2.131644026044170914 ) ) ;
#8096 = CARTESIAN_POINT ( 'NONE',  ( 24.85445325583982523, -15.99419465993948464, 1.039250209236865841 ) ) ;
#8097 = DIRECTION ( 'NONE',  ( 1.000000000000000000, 0.000000000000000000, 0.000000000000000000 ) ) ;
#8098 = CARTESIAN_POINT ( 'NONE',  ( -27.24757102984480284, 21.17581455230441634, -2.130196876061511535 ) ) ;
#8099 = CARTESIAN_POINT ( 'NONE',  ( 7.000000000000000000, 22.00000000000000000, 1.926196616055031452 ) ) ;
#8100 = CARTESIAN_POINT ( 'NONE',  ( 25.26160849772382377, 21.50000000000000000, -1.971264770740412731 ) ) ;
#8101 = EDGE_LOOP ( 'NONE', ( #61, #3246, #8402, #8047 ) ) ;
#8102 = CARTESIAN_POINT ( 'NONE',  ( 12.00000000000000000, 21.99999999999999645, 1.282734231652926660 ) ) ;
#8103 = CARTESIAN_POINT ( 'NONE',  ( -28.00000000000000000, -13.39999999999999680, 5.000000000000000000 ) ) ;
#8104 = ORIENTED_EDGE ( 'NONE', *, *, #2405, .T. ) ;
#8105 = CARTESIAN_POINT ( 'NONE',  ( 32.00000000000000000, 15.29999999999999716, -2.009146468990752332 ) ) ;
#8106 = EDGE_CURVE ( 'NONE', #2100, #3998, #756, .T. ) ;
#8107 = EDGE_CURVE ( 'NONE', #953, #6136, #4721, .T. ) ;
#8108 = CARTESIAN_POINT ( 'NONE',  ( -24.10276883903820533, 16.19105154198683394, 1.108651653913687696 ) ) ;
#8109 = CARTESIAN_POINT ( 'NONE',  ( 26.55364784814832291, -19.85092326849365563, -1.069924779786494806 ) ) ;
#8110 = DIRECTION ( 'NONE',  ( 0.000000000000000000, 0.000000000000000000, 1.000000000000000000 ) ) ;
#8111 = CARTESIAN_POINT ( 'NONE',  ( -26.14041519464122487, -21.96168518212385123, -2.039836273371754771 ) ) ;
#8112 = ORIENTED_EDGE ( 'NONE', *, *, #3213, .F. ) ;
#8114 = CARTESIAN_POINT ( 'NONE',  ( -29.97258615546016358, -17.60719727362500109, -1.825292160465181723 ) ) ;
#8113 = CARTESIAN_POINT ( 'NONE',  ( 25.32780277449291972, -15.70355707368756271, 0.9941688748322471403 ) ) ;
#8115 = DIRECTION ( 'NONE',  ( 0.000000000000000000, 1.000000000000000000, 0.000000000000000000 ) ) ;
#8116 = ADVANCED_FACE ( 'NONE', ( #6515 ), #149, .T. ) ;
#8117 = EDGE_CURVE ( 'NONE', #4365, #7484, #6578, .T. ) ;
#8118 = EDGE_CURVE ( 'NONE', #3259, #6801, #7334, .T. ) ;
#8119 = CARTESIAN_POINT ( 'NONE',  ( -26.93192215164307513, -20.24037319687878167, -2.104098093173668804 ) ) ;
#8120 = VERTEX_POINT ( 'NONE', #7212 ) ;
#8121 = CARTESIAN_POINT ( 'NONE',  ( 26.80000000000000071, -13.39999999999999680, 0.3145773350004543722 ) ) ;
#8122 = CARTESIAN_POINT ( 'NONE',  ( -31.29865649237227387, 18.29257024433201195, -2.491767002566324329 ) ) ;
#8123 = DIRECTION ( 'NONE',  ( -0.000000000000000000, -1.000000000000000000, -0.000000000000000000 ) ) ;
#8124 = CARTESIAN_POINT ( 'NONE',  ( -28.00180803813213259, 18.36963336691231419, 1.318802283534193487 ) ) ;
#8125 = CARTESIAN_POINT ( 'NONE',  ( 28.26602246923548378, -21.32370013294383426, -1.695434633988595063 ) ) ;
#8126 = CARTESIAN_POINT ( 'NONE',  ( -27.92996966518600743, 19.79880624453971549, -1.183861724502244028 ) ) ;
#8127 = AXIS2_PLACEMENT_3D ( 'NONE', #3725, #1096, #5150 ) ;
#8128 = VERTEX_POINT ( 'NONE', #628 ) ;
#8129 = AXIS2_PLACEMENT_3D ( 'NONE', #5366, #7932, #5928 ) ;
#8130 = AXIS2_PLACEMENT_3D ( 'NONE', #2398, #3822, #507 ) ;
#8131 = DIRECTION ( 'NONE',  ( -1.001543065824771570E-15, -1.000000000000000000, -0.000000000000000000 ) ) ;
#8132 = DIRECTION ( 'NONE',  ( 0.07620481927710780201, 0.000000000000000000, -0.9970921850656253582 ) ) ;
#8133 = CARTESIAN_POINT ( 'NONE',  ( 26.46986111905692951, 15.19784834059710299, 1.444711728012726404 ) ) ;
#8134 = FACE_OUTER_BOUND ( 'NONE', #6511, .T. ) ;
#8135 = ORIENTED_EDGE ( 'NONE', *, *, #1464, .F. ) ;
#8136 = AXIS2_PLACEMENT_3D ( 'NONE', #3757, #478, #3168 ) ;
#8137 = CARTESIAN_POINT ( 'NONE',  ( -28.94558587669020611, -18.76166835931858756, 1.237696594288719476 ) ) ;
#8138 = DIRECTION ( 'NONE',  ( 0.000000000000000000, -1.000000000000000000, -0.000000000000000000 ) ) ;
#8139 = CARTESIAN_POINT ( 'NONE',  ( -29.50200554329099134, -15.50000000000078693, 1.188589279467233473 ) ) ;
#8140 = CARTESIAN_POINT ( 'NONE',  ( -25.66984128645992058, -21.49999999879853618, -2.002702921662692148 ) ) ;
#8141 = TOROIDAL_SURFACE ( 'NONE', #2977, 329.4999999999999432, 0.5000000000000000000 ) ;
#8143 = CARTESIAN_POINT ( 'NONE',  ( 24.53788645757626341, 5.580403008799160069, -1.937490070343665938 ) ) ;
#8142 = CARTESIAN_POINT ( 'NONE',  ( 26.19623794591591803, -14.05167627823052889, 0.9087472593288387079 ) ) ;
#8144 = CARTESIAN_POINT ( 'NONE',  ( 30.00000000013333334, 16.00000000000487432, 1.143850916776046889 ) ) ;
#8145 = ORIENTED_EDGE ( 'NONE', *, *, #7491, .F. ) ;
#8146 = LINE ( 'NONE', #5840, #5959 ) ;
#8147 = LINE ( 'NONE', #4737, #3450 ) ;
#8148 = CARTESIAN_POINT ( 'NONE',  ( -29.19381199279999350, -18.76332922088642974, -2.297538552477624396 ) ) ;
#8149 = VECTOR ( 'NONE', #7470, 1000.000000000000000 ) ;
#8150 = CARTESIAN_POINT ( 'NONE',  ( -26.16272464631583361, 14.31414074559628702, 0.9121092559822191470 ) ) ;
#8151 = CARTESIAN_POINT ( 'NONE',  ( -26.09137607906741962, -15.78832265881699826, 1.474746733669027199 ) ) ;
#8152 = CARTESIAN_POINT ( 'NONE',  ( -29.02957629782460458, 20.23587411772714617, -2.283052680980741656 ) ) ;
#8153 = ORIENTED_EDGE ( 'NONE', *, *, #8064, .T. ) ;
#8154 = CARTESIAN_POINT ( 'NONE',  ( -25.50000000000000355, 19.99999999999999645, 1.520738416161293571 ) ) ;
#8155 = ORIENTED_EDGE ( 'NONE', *, *, #8505, .F. ) ;
#8156 = VECTOR ( 'NONE', #8434, 1000.000000000000000 ) ;
#8157 = CARTESIAN_POINT ( 'NONE',  ( 31.30858496048280415, -18.27238377973804262, -1.948314457577321912 ) ) ;
#8158 = ORIENTED_EDGE ( 'NONE', *, *, #6725, .F. ) ;
#8159 = SPHERICAL_SURFACE ( 'NONE', #8410, 0.5000000000000000000 ) ;
#8160 = VECTOR ( 'NONE', #4108, 1000.000000000000000 ) ;
#8161 = ADVANCED_FACE ( 'NONE', ( #5240 ), #3464, .F. ) ;
#8162 = ORIENTED_EDGE ( 'NONE', *, *, #1803, .T. ) ;
#8163 = CARTESIAN_POINT ( 'NONE',  ( 0.2758012444995917023, -16.57799128448720083, -0.0001077428781207006648 ) ) ;
#8164 = DIRECTION ( 'NONE',  ( 0.000000000000000000, 0.000000000000000000, 1.000000000000000000 ) ) ;
#8165 = ORIENTED_EDGE ( 'NONE', *, *, #4751, .T. ) ;
#8166 = CARTESIAN_POINT ( 'NONE',  ( -32.00000000000000000, 15.29999999999999716, 0.5022692811654794198 ) ) ;
#8167 = PRODUCT_DEFINITION_SHAPE ( 'NONE', 'NONE',  #7808 ) ;
#8168 = VERTEX_POINT ( 'NONE', #2581 ) ;
#8169 = FACE_OUTER_BOUND ( 'NONE', #2003, .T. ) ;
#8170 = EDGE_CURVE ( 'NONE', #5940, #239, #7248, .T. ) ;
#8171 = EDGE_CURVE ( 'NONE', #1284, #5496, #2936, .T. ) ;
#8172 = ORIENTED_EDGE ( 'NONE', *, *, #3593, .T. ) ;
#8173 = ORIENTED_EDGE ( 'NONE', *, *, #370, .T. ) ;
#8174 = CARTESIAN_POINT ( 'NONE',  ( 25.23722344363608272, -15.77169803090401246, 1.002874795525748652 ) ) ;
#8175 = EDGE_CURVE ( 'NONE', #6710, #6233, #7013, .T. ) ;
#8176 = LINE ( 'NONE', #3290, #7254 ) ;
#8177 = AXIS2_PLACEMENT_3D ( 'NONE', #3120, #5800, #1149 ) ;
#8178 = CARTESIAN_POINT ( 'NONE',  ( -28.72571936194620079, -19.83781169287211554, -2.256305517031799379 ) ) ;
#8179 = CARTESIAN_POINT ( 'NONE',  ( 30.49999999999999645, -15.50000000000000355, 1.098172752433057120 ) ) ;
#8180 = CARTESIAN_POINT ( 'NONE',  ( -26.14783766950282029, 14.38853726738322436, 0.9136010038667264910 ) ) ;
#8181 = ORIENTED_EDGE ( 'NONE', *, *, #7661, .T. ) ;
#8182 = CARTESIAN_POINT ( 'NONE',  ( -26.50713399647574064, -15.16790591567725954, 1.441740100769419719 ) ) ;
#8183 = AXIS2_PLACEMENT_3D ( 'NONE', #2878, #4839, #8132 ) ;
#8184 = CARTESIAN_POINT ( 'NONE',  ( 0.000000000000000000, 22.00000000000000000, -330.0000000000000000 ) ) ;
#8185 = VERTEX_POINT ( 'NONE', #6553 ) ;
#8186 = AXIS2_PLACEMENT_3D ( 'NONE', #4228, #3584, #2275 ) ;
#8187 = CARTESIAN_POINT ( 'NONE',  ( -28.00000000000000000, 8.400000000000000355, 1.318955087088236056 ) ) ;
#8188 = CARTESIAN_POINT ( 'NONE',  ( -7.000000000000000888, 21.94587038473303053, 2.187414789784109637 ) ) ;
#8189 = ORIENTED_EDGE ( 'NONE', *, *, #6341, .T. ) ;
#8190 = AXIS2_PLACEMENT_3D ( 'NONE', #4350, #416, #5689 ) ;
#8191 = CIRCLE ( 'NONE', #6586, 0.2000000000000000944 ) ;
#8192 = DIRECTION ( 'NONE',  ( 0.000000000000000000, -1.000000000000000000, 0.000000000000000000 ) ) ;
#8193 = CARTESIAN_POINT ( 'NONE',  ( 26.76117919152776992, 14.27142883712103050, 1.421317015663119632 ) ) ;
#8194 = CARTESIAN_POINT ( 'NONE',  ( 31.56624424214063040, 17.68191087224397506, -2.517419029503377370 ) ) ;
#8195 = CARTESIAN_POINT ( 'NONE',  ( -26.18506445441093788, -14.20161069369974882, -1.040514256258825876 ) ) ;
#8196 =( BOUNDED_SURFACE ( )  B_SPLINE_SURFACE ( 3, 2, ( 
 ( #127, #1451, #2116 ),
 ( #721, #4796, #101 ),
 ( #2758, #5477, #7461 ),
 ( #3496, #4718, #4770 ),
 ( #6100, #7429, #82 ),
 ( #2145, #2730, #6132 ),
 ( #6786, #5390, #7483 ),
 ( #2785, #7400, #4162 ),
 ( #8076, #8126, #4135 ),
 ( #6824, #1487, #167 ),
 ( #805, #2811, #6037 ),
 ( #3404, #2035, #6707 ),
 ( #2695, #8267, #869 ),
 ( #6187, #209, #920 ),
 ( #6933, #4276, #4946 ),
 ( #2169, #2875, #7573 ),
 ( #6264, #4309, #291 ),
 ( #2199, #1513, #7595 ),
 ( #3636, #7546, #6901 ),
 ( #2843, #1563, #6242 ) ),
 .UNSPECIFIED., .F., .F., .F. ) 
 B_SPLINE_SURFACE_WITH_KNOTS ( ( 4, 2, 2, 2, 2, 2, 2, 2, 2, 4 ),
 ( 3, 3 ),
 ( 0.000000000000000000, 0.0009193545677057266604, 0.001379031851558589882, 0.001838709135411453321, 0.002758063703117179764, 0.003677418270822906642, 0.004596772838528632651, 0.005056450122381496090, 0.005516127406234359529, 0.007354836541645813283 ),
 ( 0.000000000000000000, 1.000000000000000000 ),
 .UNSPECIFIED. ) 
 GEOMETRIC_REPRESENTATION_ITEM ( )  RATIONAL_B_SPLINE_SURFACE ( (
 ( 1.000000000000000000, 0.7071067811865475727, 1.000000000000000000),
 ( 1.000000000000000000, 0.7088969100063812201, 1.000000000000000000),
 ( 1.000000000000000000, 0.7107161848284382355, 1.000000000000000000),
 ( 1.000000000000000000, 0.7134799347439469974, 1.000000000000000000),
 ( 1.000000000000000000, 0.7144069713788862019, 1.000000000000000000),
 ( 1.000000000000000000, 0.7162706185794524005, 1.000000000000000000),
 ( 1.000000000000000000, 0.7172102820536842005, 1.000000000000000000),
 ( 1.000000000000000000, 0.7199794120769034134, 1.000000000000000000),
 ( 1.000000000000000000, 0.7217780074371356047, 1.000000000000000000),
 ( 1.000000000000000000, 0.7252529514621193218, 1.000000000000000000),
 ( 1.000000000000000000, 0.7269380331765470382, 1.000000000000000000),
 ( 1.000000000000000000, 0.7300088023248466618, 1.000000000000000000),
 ( 1.000000000000000000, 0.7314132724301263266, 1.000000000000000000),
 ( 1.000000000000000000, 0.7332955691437743617, 1.000000000000000000),
 ( 1.000000000000000000, 0.7338851694909894752, 1.000000000000000000),
 ( 1.000000000000000000, 0.7349590363077381783, 1.000000000000000000),
 ( 1.000000000000000000, 0.7354470393714213072, 1.000000000000000000),
 ( 1.000000000000000000, 0.7376389156730499552, 1.000000000000000000),
 ( 1.000000000000000000, 0.7386056470570602217, 1.000000000000000000),
 ( 1.000000000000000000, 0.7385956407166128779, 1.000000000000000000) ) ) 
 REPRESENTATION_ITEM ( '' )  SURFACE ( )  );
#8197 = DIRECTION ( 'NONE',  ( 0.000000000000000000, -1.000000000000000000, -0.000000000000000000 ) ) ;
#8198 = CARTESIAN_POINT ( 'NONE',  ( -21.40000000000000213, 22.00000000000000000, -330.0000000000000000 ) ) ;
#8199 = CARTESIAN_POINT ( 'NONE',  ( -1.558584639864819543, -19.19954778414230034, -0.003635561865076100858 ) ) ;
#8200 = EDGE_LOOP ( 'NONE', ( #761, #97, #1728, #7432 ) ) ;
#8201 = CARTESIAN_POINT ( 'NONE',  ( -27.45994509167483955, -21.64606332555857549, -1.632727346923174894 ) ) ;
#8203 = DIRECTION ( 'NONE',  ( 0.000000000000000000, 0.000000000000000000, -1.000000000000000000 ) ) ;
#8202 = CARTESIAN_POINT ( 'NONE',  ( 26.14783766950283095, -14.38853726738322258, 0.9136010038667264910 ) ) ;
#8204 = CARTESIAN_POINT ( 'NONE',  ( 0.000000000000000000, 22.00000000000000000, -330.0000000000000000 ) ) ;
#8205 = ADVANCED_FACE ( 'NONE', ( #3898 ), #8569, .F. ) ;
#8206 = ORIENTED_EDGE ( 'NONE', *, *, #4923, .F. ) ;
#8207 = CARTESIAN_POINT ( 'NONE',  ( -28.43810333097499310, -19.46038506937453150, -2.231121323092767561 ) ) ;
#8208 = CARTESIAN_POINT ( 'NONE',  ( -25.38647314561785606, 15.65551525789865295, 0.9885094023155730492 ) ) ;
#8209 = CARTESIAN_POINT ( 'NONE',  ( -26.19999999999999929, 7.599999999999996980, 5.301000000000002821 ) ) ;
#8210 = CARTESIAN_POINT ( 'NONE',  ( 29.86847814369810905, 16.00000000003590017, 1.155766148425807494 ) ) ;
#8211 = CARTESIAN_POINT ( 'NONE',  ( -25.50000000006329515, -19.49999999999464251, 1.520738416161217632 ) ) ;
#8212 = ORIENTED_EDGE ( 'NONE', *, *, #3304, .T. ) ;
#8213 = EDGE_CURVE ( 'NONE', #3415, #977, #5867, .T. ) ;
#8214 = CARTESIAN_POINT ( 'NONE',  ( 24.05125532488791507, 16.19625840122564497, 1.054997046454561049 ) ) ;
#8215 = CARTESIAN_POINT ( 'NONE',  ( 32.00000000000000000, 15.29999999999999716, -2.009146468990742118 ) ) ;
#8216 = ORIENTED_EDGE ( 'NONE', *, *, #7286, .T. ) ;
#8217 = CARTESIAN_POINT ( 'NONE',  ( -24.50477255780685937, -16.13913486028863531, -0.9109650879281875335 ) ) ;
#8218 = EDGE_CURVE ( 'NONE', #8375, #7880, #7908, .T. ) ;
#8219 = EDGE_CURVE ( 'NONE', #4679, #8235, #5035, .T. ) ;
#8220 = CARTESIAN_POINT ( 'NONE',  ( 31.50000000000000000, 22.00000000000000000, 0.5022692811654794198 ) ) ;
#8221 = CARTESIAN_POINT ( 'NONE',  ( -26.17043640506701507, -14.27515450134409214, 0.9113364652776559938 ) ) ;
#8222 = VERTEX_POINT ( 'NONE', #787 ) ;
#8224 = DIRECTION ( 'NONE',  ( 0.000000000000000000, 0.000000000000000000, -1.000000000000000000 ) ) ;
#8223 = CARTESIAN_POINT ( 'NONE',  ( 26.85764160650212773, 19.75893976477182434, -1.094622297973985692 ) ) ;
#8225 = CARTESIAN_POINT ( 'NONE',  ( -29.60000000000000142, 12.59999999999999787, 1.179845401256263138 ) ) ;
#8226 = EDGE_CURVE ( 'NONE', #2007, #1415, #1176, .T. ) ;
#8227 = EDGE_CURVE ( 'NONE', #2514, #2939, #7345, .T. ) ;
#8228 = CARTESIAN_POINT ( 'NONE',  ( 28.26515169285071494, 21.31213645334151963, -1.695532462646793359 ) ) ;
#8229 = DIRECTION ( 'NONE',  ( 0.000000000000000000, 1.000000000000000000, 0.000000000000000000 ) ) ;
#8230 = CARTESIAN_POINT ( 'NONE',  ( -25.82079507903752003, 15.16526989244818679, 0.9461101219563710085 ) ) ;
#8232 = ORIENTED_EDGE ( 'NONE', *, *, #8619, .T. ) ;
#8231 = DIRECTION ( 'NONE',  ( 1.221040033540826639E-16, 1.000000000000000000, -9.392028083686018688E-18 ) ) ;
#8233 = DIRECTION ( 'NONE',  ( -0.000000000000000000, 1.000000000000000000, -0.000000000000000000 ) ) ;
#8234 = CARTESIAN_POINT ( 'NONE',  ( 31.95644719145050061, -16.18164848084240504, -2.005268406058330122 ) ) ;
#8235 = VERTEX_POINT ( 'NONE', #2668 ) ;
#8236 = EDGE_CURVE ( 'NONE', #6494, #2696, #2924, .T. ) ;
#8237 = VERTEX_POINT ( 'NONE', #3382 ) ;
#8238 = LINE ( 'NONE', #251, #1049 ) ;
#8239 = CARTESIAN_POINT ( 'NONE',  ( 24.31330369530451208, 16.71413899199376374, 1.609884352245632311 ) ) ;
#8240 = CARTESIAN_POINT ( 'NONE',  ( 31.95583011945924667, 16.18552036710643804, -2.555148343567306135 ) ) ;
#8241 = CARTESIAN_POINT ( 'NONE',  ( 25.49999999999999645, 20.00000000000001066, 1.520738416181999231 ) ) ;
#8242 = CYLINDRICAL_SURFACE ( 'NONE', #8080, 332.5000000000000568 ) ;
#8243 = B_SPLINE_CURVE_WITH_KNOTS ( 'NONE', 3,
 ( #7767, #2381, #1826, #8412, #1762, #2390 ),
 .UNSPECIFIED., .F., .F.,
 ( 4, 2, 4 ),
 ( 0.000000000000000000, 0.0002112579040743438850, 0.0004225158081486877701 ),
 .UNSPECIFIED. ) ;
#8244 = CARTESIAN_POINT ( 'NONE',  ( 25.21099447840302332, 15.78981214268818078, 0.9477500311376180209 ) ) ;
#8245 = CARTESIAN_POINT ( 'NONE',  ( -31.82854622946998546, 16.82178265670598805, 0.5173549106850493517 ) ) ;
#8246 = CARTESIAN_POINT ( 'NONE',  ( -28.80000000000000071, -8.399999999999998579, -1.330196093404401037 ) ) ;
#8247 = VERTEX_POINT ( 'NONE', #135 ) ;
#8248 = FACE_OUTER_BOUND ( 'NONE', #5639, .T. ) ;
#8249 = CARTESIAN_POINT ( 'NONE',  ( -27.42406797247604899, -19.52451157563958262, -1.141366305367797152 ) ) ;
#8250 = VERTEX_POINT ( 'NONE', #6137 ) ;
#8251 = VECTOR ( 'NONE', #6249, 1000.000000000000000 ) ;
#8252 = CARTESIAN_POINT ( 'NONE',  ( 26.80000000000000071, 7.599999999999996980, 0.3145773350004543722 ) ) ;
#8253 = FACE_OUTER_BOUND ( 'NONE', #7367, .T. ) ;
#8254 = VERTEX_POINT ( 'NONE', #2646 ) ;
#8255 = ORIENTED_EDGE ( 'NONE', *, *, #6934, .T. ) ;
#8256 = LINE ( 'NONE', #4245, #5020 ) ;
#8257 = PLANE ( 'NONE',  #4665 ) ;
#8258 = EDGE_LOOP ( 'NONE', ( #4007, #3151, #8318, #1445 ) ) ;
#8259 = CARTESIAN_POINT ( 'NONE',  ( 29.51270263238984271, -7.980963936449463780, 1.187669422358474725 ) ) ;
#8260 = LINE ( 'NONE', #1785, #1383 ) ;
#8261 = CARTESIAN_POINT ( 'NONE',  ( 28.90553524538891139, 13.39998710704295704, 1.241197971014469159 ) ) ;
#8262 = PERSON_AND_ORGANIZATION_ROLE ( 'design_owner' ) ;
#8263 = CARTESIAN_POINT ( 'NONE',  ( 0.000000000000000000, -6.513704236698701244, -330.0000000000000000 ) ) ;
#8264 = CARTESIAN_POINT ( 'NONE',  ( 29.23014688110638204, -18.72168706903059032, -1.296823340323880247 ) ) ;
#8265 = ADVANCED_FACE ( 'NONE', ( #1725 ), #7164, .T. ) ;
#8266 = CARTESIAN_POINT ( 'NONE',  ( 0.07001830215217154374, -16.70000581872431056, 6.928384385180763799E-12 ) ) ;
#8267 = CARTESIAN_POINT ( 'NONE',  ( -29.44315890951732229, 18.46077732615221834, -1.315846994181061325 ) ) ;
#8268 = ORIENTED_EDGE ( 'NONE', *, *, #2147, .F. ) ;
#8269 = CARTESIAN_POINT ( 'NONE',  ( -24.13208141520852124, -16.18826843869891619, 1.105994486078125227 ) ) ;
#8270 = ORIENTED_EDGE ( 'NONE', *, *, #2277, .T. ) ;
#8271 = EDGE_CURVE ( 'NONE', #7636, #1601, #8285, .T. ) ;
#8272 = VECTOR ( 'NONE', #7886, 1000.000000000000000 ) ;
#8273 = CARTESIAN_POINT ( 'NONE',  ( -29.29111584750386754, -13.24006975442007850, 1.207315787149308539 ) ) ;
#8274 = CARTESIAN_POINT ( 'NONE',  ( 24.81563060277001753, 16.01021767435965160, 0.9850084485681827040 ) ) ;
#8275 = DIRECTION ( 'NONE',  ( -0.000000000000000000, 1.000000000000000000, -0.000000000000000000 ) ) ;
#8276 = CARTESIAN_POINT ( 'NONE',  ( 30.50000000000000000, 15.29999999999999716, -1.868547682487433637 ) ) ;
#8277 = ORIENTED_EDGE ( 'NONE', *, *, #2137, .T. ) ;
#8278 = ORIENTED_EDGE ( 'NONE', *, *, #640, .F. ) ;
#8279 = CARTESIAN_POINT ( 'NONE',  ( 24.96058835123807285, 15.94121706248045278, 0.9714364193290222493 ) ) ;
#8280 = CARTESIAN_POINT ( 'NONE',  ( -31.15134695905430107, 17.48839387158468384, 1.037535218864519937 ) ) ;
#8281 = CARTESIAN_POINT ( 'NONE',  ( -1.593918339556267938, -19.33960703631142053, -0.003784324907487268859 ) ) ;
#8282 = CARTESIAN_POINT ( 'NONE',  ( 29.56722990885231894, 17.38714016655880812, -1.327224956990111782 ) ) ;
#8283 = CARTESIAN_POINT ( 'NONE',  ( -29.57911991119108563, 12.80972333873083358, 1.181713408262893061 ) ) ;
#8284 = VERTEX_POINT ( 'NONE', #2765 ) ;
#8285 = LINE ( 'NONE', #685, #7270 ) ;
#8286 = AXIS2_PLACEMENT_3D ( 'NONE', #3291, #5214, #2004 ) ;
#8287 = CARTESIAN_POINT ( 'NONE',  ( 12.00000000000000000, 16.79999999999986926, 2.283388089142968091 ) ) ;
#8288 = CARTESIAN_POINT ( 'NONE',  ( 27.99999999999998579, 12.70584830826875589, 1.318955087088235612 ) ) ;
#8289 = AXIS2_PLACEMENT_3D ( 'NONE', #6855, #1493, #4860 ) ;
#8290 = CARTESIAN_POINT ( 'NONE',  ( -30.50000000000000000, 15.29999999999999716, -1.868547682487453621 ) ) ;
#8291 = AXIS2_PLACEMENT_3D ( 'NONE', #107, #2088, #6764 ) ;
#8292 = CARTESIAN_POINT ( 'NONE',  ( 30.04318944259508939, -17.43793548921425796, -1.370137256003874482 ) ) ;
#8293 = ORIENTED_EDGE ( 'NONE', *, *, #3162, .T. ) ;
#8294 = DIRECTION ( 'NONE',  ( -0.000000000000000000, 1.000000000000000000, -0.000000000000000000 ) ) ;
#8295 = CARTESIAN_POINT ( 'NONE',  ( 30.50000000000000000, 15.29999999999999716, 2.501025000000002052 ) ) ;
#8296 =( BOUNDED_SURFACE ( )  B_SPLINE_SURFACE ( 3, 2, ( 
 ( #7900, #8543, #5216 ),
 ( #5899, #2556, #1178 ),
 ( #2480, #5911, #7825 ),
 ( #3954, #524, #7885 ),
 ( #7169, #7911, #613 ),
 ( #2560, #552, #7277 ),
 ( #8500, #3159, #5960 ),
 ( #3927, #3903, #5877 ),
 ( #3841, #4616, #6582 ),
 ( #5179, #7256, #8527 ),
 ( #5281, #5257, #7194 ),
 ( #3238, #4507, #1847 ),
 ( #1873, #5845, #8588 ),
 ( #1259, #4581, #6535 ),
 ( #6555, #2504, #2543 ),
 ( #3187, #7859, #3216 ),
 ( #7219, #4535, #5930 ),
 ( #3862, #1288, #1952 ),
 ( #2587, #586, #5197 ),
 ( #5229, #8549, #1209 ) ),
 .UNSPECIFIED., .F., .F., .T. ) 
 B_SPLINE_SURFACE_WITH_KNOTS ( ( 4, 2, 2, 2, 2, 2, 2, 2, 2, 4 ),
 ( 3, 3 ),
 ( 0.000000000000000000, 0.001115022711078171190, 0.001672534066617256676, 0.002230045422156342379, 0.003345068133234513352, 0.004460090844312684759, 0.005575113555390856165, 0.006132624910929941435, 0.006690136266469026705, 0.008920181688625369518 ),
 ( 0.000000000000000000, 1.000000000000000000 ),
 .UNSPECIFIED. ) 
 GEOMETRIC_REPRESENTATION_ITEM ( )  RATIONAL_B_SPLINE_SURFACE ( (
 ( 1.000000000000000000, 0.7396221813658886424, 1.000000000000000000),
 ( 1.000000000000000000, 0.7396215063286795122, 1.000000000000000000),
 ( 1.000000000000000000, 0.7393769429151491046, 1.000000000000000000),
 ( 1.000000000000000000, 0.7386617743138884640, 1.000000000000000000),
 ( 1.000000000000000000, 0.7383651672122031329, 1.000000000000000000),
 ( 1.000000000000000000, 0.7376550986160714807, 1.000000000000000000),
 ( 1.000000000000000000, 0.7372397986861577435, 1.000000000000000000),
 ( 1.000000000000000000, 0.7358489135311053753, 1.000000000000000000),
 ( 1.000000000000000000, 0.7347232240397939540, 1.000000000000000000),
 ( 1.000000000000000000, 0.7321100856685064384, 1.000000000000000000),
 ( 1.000000000000000000, 0.7306106816585162811, 1.000000000000000000),
 ( 1.000000000000000000, 0.7274091898066816775, 1.000000000000000000),
 ( 1.000000000000000000, 0.7256947334563937924, 1.000000000000000000),
 ( 1.000000000000000000, 0.7229783548588157860, 1.000000000000000000),
 ( 1.000000000000000000, 0.7220503796489224912, 1.000000000000000000),
 ( 1.000000000000000000, 0.7201908800132704735, 1.000000000000000000),
 ( 1.000000000000000000, 0.7192544700945707747, 1.000000000000000000),
 ( 1.000000000000000000, 0.7145498575414410691, 1.000000000000000000),
 ( 1.000000000000000000, 0.7106662664382407124, 1.000000000000000000),
 ( 1.000000000000000000, 0.7071067811865501263, 1.000000000000000000) ) ) 
 REPRESENTATION_ITEM ( '' )  SURFACE ( )  );
#8297 = AXIS2_PLACEMENT_3D ( 'NONE', #8331, #3625, #4956 ) ;
#8298 = CARTESIAN_POINT ( 'NONE',  ( -25.36832845357666955, -20.50000000001693223, 1.530866363062684865 ) ) ;
#8299 = ORIENTED_EDGE ( 'NONE', *, *, #7726, .F. ) ;
#8300 = CARTESIAN_POINT ( 'NONE',  ( 26.14118087099127408, 14.42223593843036511, 0.8572423365529532324 ) ) ;
#8301 = CARTESIAN_POINT ( 'NONE',  ( 30.32387366065381329, 19.75476280881409608, -2.400057462224133520 ) ) ;
#8302 = CARTESIAN_POINT ( 'NONE',  ( 30.04552351807516786, 15.61085271806810404, -1.370624385882364349 ) ) ;
#8303 = CARTESIAN_POINT ( 'NONE',  ( -28.35931076421788788, -20.67178752213889936, -2.224495192209588801 ) ) ;
#8304 = CARTESIAN_POINT ( 'NONE',  ( 25.61925478745780538, 15.42864318556805436, 0.9085230740848551090 ) ) ;
#8305 = CARTESIAN_POINT ( 'NONE',  ( -26.20000000000000284, 13.39999999999999680, -1.041704770954277048 ) ) ;
#8306 = CARTESIAN_POINT ( 'NONE',  ( 31.54743975903614128, 15.29999999999999716, 1.000013662612994070 ) ) ;
#8307 = ADVANCED_FACE ( 'NONE', ( #5700 ), #1617, .T. ) ;
#8308 = CARTESIAN_POINT ( 'NONE',  ( -25.95656127025206672, -19.99999999685777041, -1.021822414971355064 ) ) ;
#8309 = ORIENTED_EDGE ( 'NONE', *, *, #5715, .T. ) ;
#8310 = CARTESIAN_POINT ( 'NONE',  ( 30.01489071808524756, 15.91697973967385771, -1.367819646496099883 ) ) ;
#8311 = CARTESIAN_POINT ( 'NONE',  ( -7.000000000000000000, 16.79999999999986926, 2.426307623208445730 ) ) ;
#8312 = ORIENTED_EDGE ( 'NONE', *, *, #2971, .T. ) ;
#8313 = CARTESIAN_POINT ( 'NONE',  ( 28.38229478021373708, -7.686522057078967407, 1.286458058814694549 ) ) ;
#8314 = CARTESIAN_POINT ( 'NONE',  ( 28.00379592914983107, -20.87335906295659882, -2.193763522493328733 ) ) ;
#8315 = APPROVAL_ROLE ( '' ) ;
#8316 = CARTESIAN_POINT ( 'NONE',  ( 27.63354302822715880, -19.95945918887334258, -1.158807587067859579 ) ) ;
#8317 = CARTESIAN_POINT ( 'NONE',  ( -29.96371705284549591, 17.60623977186234512, -1.824584384291417116 ) ) ;
#8318 = ORIENTED_EDGE ( 'NONE', *, *, #1007, .T. ) ;
#8319 = CARTESIAN_POINT ( 'NONE',  ( -26.50234279293777107, -15.16456474233493346, 1.442115954207174644 ) ) ;
#8320 = EDGE_CURVE ( 'NONE', #7185, #1821, #5480, .T. ) ;
#8321 = CARTESIAN_POINT ( 'NONE',  ( 30.13023585931849979, -15.00000000003198330, 1.132052190135775183 ) ) ;
#8322 = DIRECTION ( 'NONE',  ( 0.000000000000000000, 1.000000000000000000, 0.000000000000000000 ) ) ;
#8323 = CARTESIAN_POINT ( 'NONE',  ( 25.79163692398071106, 15.20886390032815960, 0.8917236092049841689 ) ) ;
#8324 = CARTESIAN_POINT ( 'NONE',  ( -29.92399526491983153, -19.39869777070948942, -2.363560348807833389 ) ) ;
#8325 = EDGE_CURVE ( 'NONE', #5626, #4100, #6936, .T. ) ;
#8326 = ORIENTED_EDGE ( 'NONE', *, *, #352, .F. ) ;
#8327 = CARTESIAN_POINT ( 'NONE',  ( 30.99999999999999645, 15.29999999999999716, -1.961511404530521085 ) ) ;
#8328 = EDGE_CURVE ( 'NONE', #6801, #3669, #2232, .T. ) ;
#8329 = CARTESIAN_POINT ( 'NONE',  ( 25.18556827565283029, 15.80719370702778726, 0.9501674449852577364 ) ) ;
#8330 = CARTESIAN_POINT ( 'NONE',  ( -31.57260789539164492, 17.66487724845100615, 0.5397344140467420504 ) ) ;
#8331 = CARTESIAN_POINT ( 'NONE',  ( 0.000000000000000000, 21.49999999999999645, -0.5000000000000559552 ) ) ;
#8332 = CARTESIAN_POINT ( 'NONE',  ( -30.04552351807569366, -15.61085271806849484, -1.370624385882412533 ) ) ;
#8333 = LINE ( 'NONE', #7662, #6977 ) ;
#8334 = AXIS2_PLACEMENT_3D ( 'NONE', #432, #469, #7705 ) ;
#8335 = ORIENTED_EDGE ( 'NONE', *, *, #5204, .F. ) ;
#8336 = AXIS2_PLACEMENT_3D ( 'NONE', #4233, #8192, #4773 ) ;
#8337 = CARTESIAN_POINT ( 'NONE',  ( 27.52370050679400038, 21.10677837337436102, 1.358916295286238807 ) ) ;
#8338 = AXIS2_PLACEMENT_3D ( 'NONE', #2085, #8131, #3434 ) ;
#8339 = CARTESIAN_POINT ( 'NONE',  ( 1.385640646055105174, -19.30000000000000071, 0.2970935385293582698 ) ) ;
#8340 = CARTESIAN_POINT ( 'NONE',  ( -30.95295902883156103, 15.67674094001174367, -2.459293633051719219 ) ) ;
#8341 = VECTOR ( 'NONE', #6152, 1000.000000000000000 ) ;
#8342 = CARTESIAN_POINT ( 'NONE',  ( -25.89444819339786719, 15.05543018988110937, -1.017500949265607524 ) ) ;
#8343 = CARTESIAN_POINT ( 'NONE',  ( -26.09056140308292626, -14.60205786841723707, 0.9193398883191564730 ) ) ;
#8344 = CARTESIAN_POINT ( 'NONE',  ( 29.29111584750387109, 13.24006975442007672, 1.207315787149292108 ) ) ;
#8345 = CARTESIAN_POINT ( 'NONE',  ( 30.50000000000000000, -15.30000000000000249, -1.412175704298969547 ) ) ;
#8346 = ORIENTED_EDGE ( 'NONE', *, *, #5828, .T. ) ;
#8347 = ADVANCED_FACE ( 'NONE', ( #6638 ), #3074, .T. ) ;
#8348 = VECTOR ( 'NONE', #914, 1000.000000000000000 ) ;
#8349 = CARTESIAN_POINT ( 'NONE',  ( -23.90000000000000213, 16.19999999999999929, 1.126923315285393468 ) ) ;
#8350 = DIRECTION ( 'NONE',  ( -0.6972085345401580758, 0.000000000000000000, 0.7168683696219030343 ) ) ;
#8351 = AXIS2_PLACEMENT_3D ( 'NONE', #5590, #265, #1597 ) ;
#8352 = CIRCLE ( 'NONE', #7453, 0.5000000000000001110 ) ;
#8353 = CIRCLE ( 'NONE', #4605, 0.5000000000000004441 ) ;
#8354 = FACE_OUTER_BOUND ( 'NONE', #8438, .T. ) ;
#8355 = PRODUCT_DEFINITION_FORMATION_WITH_SPECIFIED_SOURCE ( '»Œ∫Œ', '', #2582, .NOT_KNOWN. ) ;
#8356 = CARTESIAN_POINT ( 'NONE',  ( -25.33050075363549780, -15.70140771222614973, 0.9939089190943364294 ) ) ;
#8357 = DIRECTION ( 'NONE',  ( 0.000000000000000000, 0.000000000000000000, -1.000000000000000000 ) ) ;
#8359 = ORIENTED_EDGE ( 'NONE', *, *, #4588, .F. ) ;
#8358 = CARTESIAN_POINT ( 'NONE',  ( 25.30000000000000071, -22.00000000000000000, -330.0000000000000000 ) ) ;
#8360 = CARTESIAN_POINT ( 'NONE',  ( -29.57911991119107142, -8.190276661269164649, 1.181713408262893505 ) ) ;
#8361 = CARTESIAN_POINT ( 'NONE',  ( 6.999999999999998224, 16.19999999999999929, 1.826174374475908468 ) ) ;
#8362 = VECTOR ( 'NONE', #4988, 1000.000000000000000 ) ;
#8363 = ORIENTED_EDGE ( 'NONE', *, *, #647, .F. ) ;
#8364 = CARTESIAN_POINT ( 'NONE',  ( 28.88242073562326695, 18.40833373357051173, -1.266288252569899742 ) ) ;
#8365 = CARTESIAN_POINT ( 'NONE',  ( 28.80000000000000071, -8.399999999999998579, 1.179845401256263138 ) ) ;
#8366 = TOROIDAL_SURFACE ( 'NONE', #2759, 329.4999999999999432, 0.5000000000000000000 ) ;
#8367 = CIRCLE ( 'NONE', #864, 0.5000000000000004441 ) ;
#8368 = CARTESIAN_POINT ( 'NONE',  ( 24.15408189405320627, 16.18593300351562192, 1.045728027840059582 ) ) ;
#8369 = DIRECTION ( 'NONE',  ( -0.000000000000000000, -1.000000000000000000, -0.000000000000000000 ) ) ;
#8370 = CARTESIAN_POINT ( 'NONE',  ( -26.19999999999999929, -6.513704236698701244, -1.937490070343665938 ) ) ;
#8371 = ORIENTED_EDGE ( 'NONE', *, *, #65, .F. ) ;
#8372 = CARTESIAN_POINT ( 'NONE',  ( -30.32569789346117517, -16.64593710267308069, -1.854179147016359774 ) ) ;
#8373 = VERTEX_POINT ( 'NONE', #8166 ) ;
#8374 = CARTESIAN_POINT ( 'NONE',  ( 25.64283012176440124, -20.49999999999999289, -1.501680928248465774 ) ) ;
#8375 = VERTEX_POINT ( 'NONE', #2123 ) ;
#8376 = CARTESIAN_POINT ( 'NONE',  ( 28.73268972848066483, 19.22066021329813168, -1.784101582630222227 ) ) ;
#8377 = CYLINDRICAL_SURFACE ( 'NONE', #5908, 331.3999999999999773 ) ;
#8378 = DIRECTION ( 'NONE',  ( 0.000000000000000000, -0.000000000000000000, -1.000000000000000000 ) ) ;
#8379 = CARTESIAN_POINT ( 'NONE',  ( -27.10107137025147495, 20.70680596191308354, -2.117933295687806083 ) ) ;
#8380 = B_SPLINE_CURVE_WITH_KNOTS ( 'NONE', 3,
 ( #4964, #5612, #2948, #310, #3696, #4248, #4940, #5027, #6972, #3659, #5589, #5707, #4306, #975, #6296, #1644, #1706, #5636, #2305, #2271 ),
 .UNSPECIFIED., .F., .F.,
 ( 4, 2, 2, 2, 2, 2, 2, 2, 2, 4 ),
 ( 0.000000000000000000, 0.001017566307598305898, 0.001526349461397453642, 0.002035132615196601821, 0.003052698922794897310, 0.004070265230393193233, 0.005087831537991489156, 0.006105397845589785079, 0.007122964153188081002, 0.008140530460786376057 ),
 .UNSPECIFIED. ) ;
#8381 = CARTESIAN_POINT ( 'NONE',  ( -25.83269890364392296, -15.14739580966626775, 0.9449364551846408666 ) ) ;
#8382 = ORIENTED_EDGE ( 'NONE', *, *, #3131, .F. ) ;
#8383 = EDGE_LOOP ( 'NONE', ( #5736, #8382, #3509, #202 ) ) ;
#8384 = LINE ( 'NONE', #5896, #3484 ) ;
#8385 = CARTESIAN_POINT ( 'NONE',  ( 28.73272240780264752, -19.22063269761116189, -1.726353902433420462 ) ) ;
#8386 = CARTESIAN_POINT ( 'NONE',  ( 25.30000000000000071, 22.00000000000000000, 1.034605441787625590 ) ) ;
#8387 = ADVANCED_FACE ( 'NONE', ( #1833 ), #8473, .T. ) ;
#8388 = CARTESIAN_POINT ( 'NONE',  ( 0.4621612440982846293, -17.70000234653387849, 0.5000000000000223155 ) ) ;
#8389 = EDGE_CURVE ( 'NONE', #8237, #4302, #609, .T. ) ;
#8390 = CARTESIAN_POINT ( 'NONE',  ( -26.28963502741639147, -15.52544708206951007, 1.459055947304682688 ) ) ;
#8391 = ORIENTED_EDGE ( 'NONE', *, *, #8271, .T. ) ;
#8392 = ORIENTED_EDGE ( 'NONE', *, *, #5277, .T. ) ;
#8393 = EDGE_CURVE ( 'NONE', #8058, #169, #1252, .T. ) ;
#8394 = CARTESIAN_POINT ( 'NONE',  ( 29.97195873994000337, -17.60848870034265801, -1.907296348820841647 ) ) ;
#8395 = DIRECTION ( 'NONE',  ( 0.000000000000000000, 1.000000000000000000, 0.000000000000000000 ) ) ;
#8396 = CARTESIAN_POINT ( 'NONE',  ( -27.99999999999999645, -8.188303540419944682, 1.318955087088244049 ) ) ;
#8397 = CARTESIAN_POINT ( 'NONE',  ( 25.30000000000000071, 22.00000000000000000, -1.472740857018094429 ) ) ;
#8398 = CARTESIAN_POINT ( 'NONE',  ( 25.30000000000000426, 20.49999999999999645, -1.472740857018046245 ) ) ;
#8399 = CARTESIAN_POINT ( 'NONE',  ( -31.24495951062844412, -16.90376217507187917, -2.487013977185508207 ) ) ;
#8400 = CARTESIAN_POINT ( 'NONE',  ( -24.45046104421674826, -16.71029085535581160, 1.599799587166198078 ) ) ;
#8401 = CARTESIAN_POINT ( 'NONE',  ( -29.20245015333469496, 13.29928002507909923, -1.294620766877391693 ) ) ;
#8402 = ORIENTED_EDGE ( 'NONE', *, *, #7445, .F. ) ;
#8403 = ADVANCED_FACE ( 'NONE', ( #887 ), #3199, .F. ) ;
#8404 = B_SPLINE_CURVE_WITH_KNOTS ( 'NONE', 3,
 ( #4818, #851, #2220, #4871, #4898, #909, #6947, #3571, #4243, #4216, #4266, #4933, #5606, #2245, #256, #2943, #1585, #5584 ),
 .UNSPECIFIED., .F., .F.,
 ( 4, 2, 2, 2, 2, 2, 2, 2, 4 ),
 ( 0.000000000000000000, 0.0009278081768001799831, 0.001855616353600359966, 0.002783424530400539949, 0.003711232707200719932, 0.004639040884000899916, 0.005566849060801079899, 0.006494657237601259882, 0.007422465414401439865 ),
 .UNSPECIFIED. ) ;
#8405 = CARTESIAN_POINT ( 'NONE',  ( 30.82472907278376795, 18.05003100198063137, -2.447163891234418909 ) ) ;
#8406 = EDGE_CURVE ( 'NONE', #7330, #895, #1933, .T. ) ;
#8407 = DIRECTION ( 'NONE',  ( 0.000000000000000000, 1.000000000000000000, -0.000000000000000000 ) ) ;
#8408 = CARTESIAN_POINT ( 'NONE',  ( 30.03611157321926584, 17.45359045496260464, -1.913847994610784919 ) ) ;
#8409 = ORIENTED_EDGE ( 'NONE', *, *, #4806, .T. ) ;
#8410 = AXIS2_PLACEMENT_3D ( 'NONE', #5910, #5196, #1227 ) ;
#8411 = CARTESIAN_POINT ( 'NONE',  ( -26.19999999999999929, -7.599999999999996980, -1.041704770954277048 ) ) ;
#8412 = CARTESIAN_POINT ( 'NONE',  ( -1.593891798847810293, -19.33928872315048508, 0.1950895938431310705 ) ) ;
#8413 = CARTESIAN_POINT ( 'NONE',  ( -28.00000000000000000, 12.59999999999999432, -1.190024482224716351 ) ) ;
#8414 = DIRECTION ( 'NONE',  ( -0.004195097323811793413, 0.000000000000000000, -0.9999912005405066084 ) ) ;
#8415 = CARTESIAN_POINT ( 'NONE',  ( -29.03139090637562347, 20.23449459770598935, -2.283213396799017136 ) ) ;
#8416 = EDGE_CURVE ( 'NONE', #3828, #1266, #7782, .T. ) ;
#8417 = CC_DESIGN_APPROVAL ( #320, ( #7808 ) ) ;
#8418 = CARTESIAN_POINT ( 'NONE',  ( 25.74183330727558072, -22.00000000000000355, 1.003357424648606999 ) ) ;
#8419 = DIRECTION ( 'NONE',  ( -0.000000000000000000, -1.000000000000000000, -0.000000000000000000 ) ) ;
#8420 = ORIENTED_EDGE ( 'NONE', *, *, #8510, .F. ) ;
#8421 = CARTESIAN_POINT ( 'NONE',  ( -26.01003887731566877, -14.81605523785555079, 0.9273601195781991935 ) ) ;
#8422 = CARTESIAN_POINT ( 'NONE',  ( -26.75928781811151680, 14.36798028662228432, 1.421469678649204038 ) ) ;
#8423 = CARTESIAN_POINT ( 'NONE',  ( 29.55585848138932548, 15.23889343510933436, 1.183800540615917329 ) ) ;
#8424 = CARTESIAN_POINT ( 'NONE',  ( 26.87047981566158938, 21.29038078677911372, -2.099077490220686126 ) ) ;
#8425 = ORIENTED_EDGE ( 'NONE', *, *, #790, .F. ) ;
#8426 = CARTESIAN_POINT ( 'NONE',  ( 29.56784963261861066, 17.38586477079438453, -1.327280757100227859 ) ) ;
#8427 = CARTESIAN_POINT ( 'NONE',  ( -25.32649383226988959, -16.39709903196791885, 1.534041116585802333 ) ) ;
#8428 = CARTESIAN_POINT ( 'NONE',  ( -28.44347421981401070, 20.67277033900204231, 1.281226463926416814 ) ) ;
#8429 = DIRECTION ( 'NONE',  ( -0.4999999312128158291, 0.8660252846415474881, 0.0005245461909224533861 ) ) ;
#8430 = ADVANCED_FACE ( 'NONE', ( #7055 ), #3931, .T. ) ;
#8431 = DIRECTION ( 'NONE',  ( 0.000000000000000000, 0.000000000000000000, 1.000000000000000000 ) ) ;
#8432 = ORIENTED_EDGE ( 'NONE', *, *, #200, .T. ) ;
#8433 = CARTESIAN_POINT ( 'NONE',  ( -26.19999999999999929, -13.89999999999999858, 0.9083693958394895018 ) ) ;
#8434 = DIRECTION ( 'NONE',  ( 0.000000000000000000, 1.000000000000000000, 0.000000000000000000 ) ) ;
#8435 = CARTESIAN_POINT ( 'NONE',  ( -31.45220030349013385, 15.29999999999999716, -2.506856413650820237 ) ) ;
#8436 = CARTESIAN_POINT ( 'NONE',  ( -31.54743975903614839, -15.71045447693119179, 1.000013662613013832 ) ) ;
#8437 = CARTESIAN_POINT ( 'NONE',  ( -24.72457664258827137, -16.04797971217480779, 1.051427117870973316 ) ) ;
#8438 = EDGE_LOOP ( 'NONE', ( #7743, #4620, #5389, #43 ) ) ;
#8439 = APPROVAL_STATUS ( 'not_yet_approved' ) ;
#8440 = CARTESIAN_POINT ( 'NONE',  ( 25.33810240963854810, -22.00000000000000355, 1.533151534320389420 ) ) ;
#8441 = ADVANCED_FACE ( 'NONE', ( #3605 ), #7360, .T. ) ;
#8442 = CARTESIAN_POINT ( 'NONE',  ( -12.00000000000000000, 22.00000000000000000, 1.783061653243545042 ) ) ;
#8443 = CARTESIAN_POINT ( 'NONE',  ( 30.04552352048558106, -15.30000000000000071, -1.370624386102760495 ) ) ;
#8444 = CARTESIAN_POINT ( 'NONE',  ( -26.20669760759990652, -15.63905539293422287, 1.465623844104815721 ) ) ;
#8445 = VERTEX_POINT ( 'NONE', #7268 ) ;
#8446 = DIRECTION ( 'NONE',  ( 0.000000000000000000, -0.000000000000000000, -1.000000000000000000 ) ) ;
#8447 = CARTESIAN_POINT ( 'NONE',  ( -26.61405428240960447, 14.91081065979719256, 1.433165818444888551 ) ) ;
#8448 = CARTESIAN_POINT ( 'NONE',  ( -28.08696123208549622, -20.87414724880738248, 1.311808725019911748 ) ) ;
#8449 = CARTESIAN_POINT ( 'NONE',  ( 28.26607400637943002, 21.32367525214602111, 0.8135954788619059741 ) ) ;
#8450 = DIRECTION ( 'NONE',  ( 0.000000000000000000, 1.000000000000000000, 0.000000000000000000 ) ) ;
#8451 = CYLINDRICAL_SURFACE ( 'NONE', #8583, 330.5000000000000568 ) ;
#8452 = CARTESIAN_POINT ( 'NONE',  ( 26.80000000000000071, 13.39999999999999680, -1.090042716855421645 ) ) ;
#8453 = CARTESIAN_POINT ( 'NONE',  ( -29.74958019228137474, 20.32814210741104688, 1.166731041609357256 ) ) ;
#8454 = ORIENTED_EDGE ( 'NONE', *, *, #4590, .T. ) ;
#8455 = LINE ( 'NONE', #8370, #1978 ) ;
#8456 = B_SPLINE_CURVE_WITH_KNOTS ( 'NONE', 3,
 ( #361, #4977, #4164, #4408, #5479, #3742 ),
 .UNSPECIFIED., .F., .F.,
 ( 4, 2, 4 ),
 ( 1.507220050679500779E-15, 0.0003908956441146403584, 0.0007817912882277735674 ),
 .UNSPECIFIED. ) ;
#8457 = CARTESIAN_POINT ( 'NONE',  ( -28.00180803812517993, 18.49999999999921130, 1.318802283534717734 ) ) ;
#8458 = AXIS2_PLACEMENT_3D ( 'NONE', #3423, #1476, #2892 ) ;
#8459 = CARTESIAN_POINT ( 'NONE',  ( 21.39999999999999503, 21.50000000000000000, 1.810623699724234204 ) ) ;
#8460 = CARTESIAN_POINT ( 'NONE',  ( 30.44523755879539806, 17.66066646024243525, -2.411702549986090904 ) ) ;
#8461 = CIRCLE ( 'NONE', #4772, 0.5000000000000004441 ) ;
#8462 = AXIS2_PLACEMENT_3D ( 'NONE', #5904, #8607, #2580 ) ;
#8463 = AXIS2_PLACEMENT_3D ( 'NONE', #2011, #3348, #5331 ) ;
#8464 = CARTESIAN_POINT ( 'NONE',  ( -31.99999999999998579, 15.74310658076418967, -2.009146468990725243 ) ) ;
#8465 = ORIENTED_EDGE ( 'NONE', *, *, #7057, .F. ) ;
#8466 = FACE_BOUND ( 'NONE', #46, .T. ) ;
#8467 = CARTESIAN_POINT ( 'NONE',  ( 28.00000000000000000, 12.59999999999999787, 1.179845401256263138 ) ) ;
#8468 = CARTESIAN_POINT ( 'NONE',  ( -12.00000000000000000, 16.19999999999999929, 1.282734231652926660 ) ) ;
#8469 = VERTEX_POINT ( 'NONE', #2572 ) ;
#8470 = CARTESIAN_POINT ( 'NONE',  ( -30.99278914315182476, -17.86933068995971041, 1.052417489581614962 ) ) ;
#8471 = SPHERICAL_SURFACE ( 'NONE', #2146, 0.5000000000000000000 ) ;
#8472 = CARTESIAN_POINT ( 'NONE',  ( -24.79989593662755709, -16.01665141012198035, 1.044364360824943772 ) ) ;
#8473 = B_SPLINE_SURFACE_WITH_KNOTS ( 'NONE', 1, 3, ( 
 ( #7403, #5415, #1431, #7487, #8239, #5482, #2173, #3502, #273, #4166, #4257, #4919, #4862, #188, #5510, #6796, #812, #2789, #4234, #2207, #4140, #6829, #6222, #4888, #7551, #1545, #926, #5597, #5574, #1606, #7466, #4840, #3469, #3556, #6159, #837, #1495, #215, #6857, #8133, #2848, #4199, #1519, #7577, #6196, #2152, #7517, #3524, #172, #2819, #8193, #2234, #875, #1569 ),
 ( #5537, #2880, #8214, #245, #899, #6245, #6912, #2900, #3590, #5040, #6393, #7721, #322, #5070, #296, #8274, #358, #986, #6305, #4951, #7633, #2958, #4403, #3054, #6983, #2346, #4283, #1078, #4973, #1040, #4349, #6960, #5750, #3708, #5002, #3642, #8323, #5652, #3620, #390, #6332, #2258, #5623, #2375, #7063, #5718, #6938, #2931, #8300, #4317, #2281, #1654, #2319, #6270 ) ),
 .UNSPECIFIED., .F., .F., .F.,
 ( 2, 2 ),
 ( 4, 2, 2, 2, 2, 2, 2, 2, 2, 2, 2, 2, 2, 2, 2, 2, 2, 2, 2, 2, 2, 2, 2, 2, 2, 2, 4 ),
 ( 0.000000000000000000, 1.000000000000000000 ),
 ( 0.000000000000000000, 0.0002775046388229236282, 0.0004162569582343854423, 0.0005550092776458472564, 0.0006937615970573090705, 0.0008325139164687708846, 0.0009712662358802326987, 0.001110018555291694513, 0.001248770874703156435, 0.001387523194114618141, 0.001526275513526079847, 0.001665027832937541769, 0.001803780152349003692, 0.001942532471760465397, 0.002220037110583389026, 0.002358789429994850948, 0.002497541749406312871, 0.002636294068817774360, 0.002775046388229236282, 0.003052551027052159693, 0.003191303346463621616, 0.003330055665875083538, 0.003468807985286545461, 0.003607560304698007383, 0.003885064943520930795, 0.004162569582343854206, 0.004440074221166778051 ),
 .UNSPECIFIED. ) ;
#8474 = LINE ( 'NONE', #1927, #4195 ) ;
#8475 = CARTESIAN_POINT ( 'NONE',  ( 26.82685076521153533, -21.82742297044047675, 0.9236480437210099481 ) ) ;
#8476 = CARTESIAN_POINT ( 'NONE',  ( 31.45220030349013385, -22.00000000000000355, -2.506856413650782045 ) ) ;
#8477 = CARTESIAN_POINT ( 'NONE',  ( 29.12633706123980559, -20.22932228480030048, 1.222013692124042761 ) ) ;
#8478 = EDGE_LOOP ( 'NONE', ( #7153, #7343, #7141, #5711 ) ) ;
#8479 = AXIS2_PLACEMENT_3D ( 'NONE', #377, #262, #942 ) ;
#8480 = VERTEX_POINT ( 'NONE', #5944 ) ;
#8481 = CARTESIAN_POINT ( 'NONE',  ( 29.49866918224220669, 13.00357585852829878, -1.321083506157789911 ) ) ;
#8482 = ORIENTED_EDGE ( 'NONE', *, *, #4498, .T. ) ;
#8483 = LINE ( 'NONE', #2175, #343 ) ;
#8484 = CARTESIAN_POINT ( 'NONE',  ( 28.94549242899231345, 18.23815678758190373, 1.237704778069832035 ) ) ;
#8485 = DIRECTION ( 'NONE',  ( 1.220139803203169784E-16, 1.000000000000000000, 1.049697256411966903E-17 ) ) ;
#8486 = CARTESIAN_POINT ( 'NONE',  ( 30.26755276008099216, 19.09203093037112353, 1.119581631028002011 ) ) ;
#8487 = CARTESIAN_POINT ( 'NONE',  ( -25.30000000000000071, -22.00000000000000355, 1.034605441787628921 ) ) ;
#8488 = ORIENTED_EDGE ( 'NONE', *, *, #1242, .F. ) ;
#8489 = DIRECTION ( 'NONE',  ( 1.616484723854227923E-13, 0.000000000000000000, 1.000000000000000000 ) ) ;
#8490 = CARTESIAN_POINT ( 'NONE',  ( 28.69457655659330442, -13.40000206692642060, 1.259539451598912452 ) ) ;
#8491 = ORIENTED_EDGE ( 'NONE', *, *, #7347, .T. ) ;
#8492 = CIRCLE ( 'NONE', #8130, 330.0000000000000000 ) ;
#8493 = CARTESIAN_POINT ( 'NONE',  ( -24.72508488879019239, -16.64614037500030719, 1.579435710493196643 ) ) ;
#8494 = CARTESIAN_POINT ( 'NONE',  ( -30.34442732076246330, 19.73107713892209603, 0.6448286310789526077 ) ) ;
#8495 = CARTESIAN_POINT ( 'NONE',  ( 26.87310132393954731, 21.30013583505045105, -2.099104852690324208 ) ) ;
#8496 = CARTESIAN_POINT ( 'NONE',  ( -31.54743975903614128, 22.00000000000000000, 1.000013662613041809 ) ) ;
#8497 = CARTESIAN_POINT ( 'NONE',  ( 29.77982530504458936, 18.78624293751031260, -2.350483346460234380 ) ) ;
#8498 = EDGE_LOOP ( 'NONE', ( #7437, #3602, #846, #2797 ) ) ;
#8499 = ORIENTED_EDGE ( 'NONE', *, *, #1740, .F. ) ;
#8500 = CARTESIAN_POINT ( 'NONE',  ( -30.58990750660750990, 17.31191340422975955, -2.425179970329023327 ) ) ;
#8501 = CARTESIAN_POINT ( 'NONE',  ( 28.49999999966182429, -19.00000000000000355, 1.276319709120303569 ) ) ;
#8502 = CARTESIAN_POINT ( 'NONE',  ( -28.00180803812517638, -18.50000000000078515, 1.318802283534719066 ) ) ;
#8503 = CARTESIAN_POINT ( 'NONE',  ( 27.66521979373078466, -21.57241335979216146, 0.8600998562660828739 ) ) ;
#8504 = ORIENTED_EDGE ( 'NONE', *, *, #6981, .F. ) ;
#8505 = EDGE_CURVE ( 'NONE', #1913, #5984, #5270, .T. ) ;
#8506 = VECTOR ( 'NONE', #487, 1000.000000000000000 ) ;
#8507 = CARTESIAN_POINT ( 'NONE',  ( -1.096967882307922526, -18.40000410642855400, 0.2990311780889449711 ) ) ;
#8508 = EDGE_CURVE ( 'NONE', #7914, #5578, #2649, .T. ) ;
#8509 = CARTESIAN_POINT ( 'NONE',  ( -26.80000000000000071, 13.39999999999999680, -1.090042716855421645 ) ) ;
#8510 = EDGE_CURVE ( 'NONE', #5729, #2540, #5172, .T. ) ;
#8511 = DIRECTION ( 'NONE',  ( -0.9970478274445579991, 5.445389508678698225E-15, 0.07678300455235539945 ) ) ;
#8512 = ORIENTED_EDGE ( 'NONE', *, *, #7239, .T. ) ;
#8513 = CARTESIAN_POINT ( 'NONE',  ( 30.90668814591043301, 18.05050554129357820, 1.060471729766284010 ) ) ;
#8514 = CARTESIAN_POINT ( 'NONE',  ( -29.43712578881512343, -19.97460025330307332, 1.194487295439269792 ) ) ;
#8515 = CARTESIAN_POINT ( 'NONE',  ( -31.54743975903614128, 15.29999999999999716, 1.000013662613013388 ) ) ;
#8516 = B_SPLINE_CURVE_WITH_KNOTS ( 'NONE', 3,
 ( #4160, #7544, #5528, #3582 ),
 .UNSPECIFIED., .F., .F.,
 ( 4, 4 ),
 ( 0.000000000000000000, 0.0008486223637367303453 ),
 .UNSPECIFIED. ) ;
#8517 = CARTESIAN_POINT ( 'NONE',  ( -31.64775765833088883, 17.45508903405691825, 0.5331790916242379330 ) ) ;
#8518 = CARTESIAN_POINT ( 'NONE',  ( -27.45998598039816230, 21.64604951209231487, 0.8758281906248504001 ) ) ;
#8519 = AXIS2_PLACEMENT_3D ( 'NONE', #3534, #6118, #4065 ) ;
#8520 = CARTESIAN_POINT ( 'NONE',  ( 31.12702940526963147, 17.29339671334695083, -2.475784790185977080 ) ) ;
#8521 = EDGE_CURVE ( 'NONE', #8561, #3669, #8191, .T. ) ;
#8522 = ORIENTED_EDGE ( 'NONE', *, *, #6725, .T. ) ;
#8523 = ADVANCED_FACE ( 'NONE', ( #383 ), #5268, .F. ) ;
#8524 = B_SPLINE_CURVE_WITH_KNOTS ( 'NONE', 3,
 ( #2103, #1386, #2680, #3482, #5463, #4064, #2049, #8114, #1466, #6145, #7365, #6051, #6724, #3362, #6807, #2024, #7449, #8026, #7390, #3392 ),
 .UNSPECIFIED., .F., .F.,
 ( 4, 2, 2, 2, 2, 2, 2, 2, 2, 4 ),
 ( 0.000000000000000000, 0.001016846186686949823, 0.001525269280030423866, 0.002033692373373897910, 0.003050538560060845998, 0.004067384746747794086, 0.005084230933434742174, 0.006101077120121690262, 0.007117923306808638349, 0.008134769493495586437 ),
 .UNSPECIFIED. ) ;
#8525 = DIRECTION ( 'NONE',  ( 0.000000000000000000, 1.000000000000000000, 0.000000000000000000 ) ) ;
#8526 = AXIS2_PLACEMENT_3D ( 'NONE', #6649, #6095, #6755 ) ;
#8527 = CARTESIAN_POINT ( 'NONE',  ( -29.43469329714430316, 18.47172360182672435, -1.853189148227262883 ) ) ;
#8528 = CARTESIAN_POINT ( 'NONE',  ( 29.50200554329099134, -15.49999999999921840, 1.188589279467233473 ) ) ;
#8529 = EDGE_LOOP ( 'NONE', ( #1255, #349, #140, #8363 ) ) ;
#8530 = CARTESIAN_POINT ( 'NONE',  ( 26.20000000000000284, 5.580403008799160069, 0.8513840016953805323 ) ) ;
#8531 = CARTESIAN_POINT ( 'NONE',  ( 29.12813269993144516, -20.22795414929105107, 1.221855790228818961 ) ) ;
#8532 = CARTESIAN_POINT ( 'NONE',  ( 21.39999999999999858, 16.55879285042713533, 1.620250825800200856 ) ) ;
#8533 = CARTESIAN_POINT ( 'NONE',  ( 28.71141312911580101, -19.23952379947977320, -2.254961078672720554 ) ) ;
#8534 = ORIENTED_EDGE ( 'NONE', *, *, #596, .F. ) ;
#8535 = CARTESIAN_POINT ( 'NONE',  ( 31.54743975903614128, -15.30000000000000071, 1.000013662612962762 ) ) ;
#8536 = DIRECTION ( 'NONE',  ( 0.000000000000000000, 0.000000000000000000, -1.000000000000000000 ) ) ;
#8537 = CARTESIAN_POINT ( 'NONE',  ( 31.78281724309516676, 17.04890290902579508, 0.5213723072549687476 ) ) ;
#8538 = CARTESIAN_POINT ( 'NONE',  ( -31.30861611022706725, -18.27232050416273879, 0.5626364339493089561 ) ) ;
#8539 = CARTESIAN_POINT ( 'NONE',  ( -23.92455705180332970, -16.57087686169005991, 1.467153483040260165 ) ) ;
#8540 = DIRECTION ( 'NONE',  ( 1.000000000000000000, 0.000000000000000000, 0.000000000000000000 ) ) ;
#8541 = CARTESIAN_POINT ( 'NONE',  ( 25.94554195005226660, -20.26175887801187869, 1.486179855834340868 ) ) ;
#8542 = ORIENTED_EDGE ( 'NONE', *, *, #1543, .T. ) ;
#8543 = CARTESIAN_POINT ( 'NONE',  ( -30.50000000000000000, 15.29999999999999361, -2.416488503830757750 ) ) ;
#8544 = DIRECTION ( 'NONE',  ( -0.000000000000000000, -0.000000000000000000, -1.000000000000000000 ) ) ;
#8545 = CARTESIAN_POINT ( 'NONE',  ( 28.99999999999999289, 18.50000000000001066, 1.276319709120343759 ) ) ;
#8546 = CARTESIAN_POINT ( 'NONE',  ( -25.00144388323977296, 19.99999999999921130, 1.558709437338138937 ) ) ;
#8547 = ORIENTED_EDGE ( 'NONE', *, *, #2574, .F. ) ;
#8548 = CARTESIAN_POINT ( 'NONE',  ( -26.79755313065473032, 22.00000000000000000, 1.418377803962089789 ) ) ;
#8549 = CARTESIAN_POINT ( 'NONE',  ( -25.26160849772382377, 20.49999999999999645, -1.971264770740371874 ) ) ;
#8550 = FACE_OUTER_BOUND ( 'NONE', #1811, .T. ) ;
#8551 = CARTESIAN_POINT ( 'NONE',  ( -25.33839150227617765, 19.99999999999999645, -0.9742169432958168729 ) ) ;
#8552 = EDGE_CURVE ( 'NONE', #3948, #2833, #3717, .T. ) ;
#8553 = CARTESIAN_POINT ( 'NONE',  ( 25.64285329017334547, 20.50000000000000355, -1.501682884014190700 ) ) ;
#8554 = EDGE_LOOP ( 'NONE', ( #6469, #2446, #2500, #4188 ) ) ;
#8555 = CARTESIAN_POINT ( 'NONE',  ( 29.60000000000000142, 8.399999999999996803, 1.179845401256263138 ) ) ;
#8556 = CARTESIAN_POINT ( 'NONE',  ( 30.36475071864169095, -16.49064437854363518, -2.403936783426138923 ) ) ;
#8557 = EDGE_CURVE ( 'NONE', #3178, #5977, #7563, .T. ) ;
#8558 = ADVANCED_FACE ( 'NONE', ( #688 ), #1984, .T. ) ;
#8559 = CIRCLE ( 'NONE', #3614, 0.2000000000000000389 ) ;
#8560 = CARTESIAN_POINT ( 'NONE',  ( -30.13021442395647043, -15.00000000003240608, 1.132054132073877506 ) ) ;
#8561 = VERTEX_POINT ( 'NONE', #1965 ) ;
#8562 = CARTESIAN_POINT ( 'NONE',  ( -25.30000000000000426, 20.99999999999999289, -1.472740857018132843 ) ) ;
#8563 = CIRCLE ( 'NONE', #6683, 330.0000000000000000 ) ;
#8564 = B_SPLINE_CURVE_WITH_KNOTS ( 'NONE', 3,
 ( #233, #8124, #4856, #2917, #4906, #5475 ),
 .UNSPECIFIED., .F., .F.,
 ( 4, 2, 4 ),
 ( 0.0007817912878261825890, 0.001172349524473384041, 0.001562907761120585709 ),
 .UNSPECIFIED. ) ;
#8565 = VECTOR ( 'NONE', #5610, 1000.000000000000000 ) ;
#8566 = EDGE_CURVE ( 'NONE', #1302, #1012, #3386, .T. ) ;
#8567 = CARTESIAN_POINT ( 'NONE',  ( -31.00000000000000000, -15.30000000000000071, -1.961511404530521530 ) ) ;
#8568 = B_SPLINE_SURFACE_WITH_KNOTS ( 'NONE', 1, 3, ( 
 ( #2467, #5096, #6433, #5039, #1718, #8422, #7663, #1772, #7720, #4348, #7028, #7790, #8447, #7117, #357, #5001, #389, #1039, #3707, #1132, #2345, #5717, #3053, #7691, #2374, #415, #4464, #5749, #1009, #486, #2407, #1682, #6358, #3080, #5778, #6391, #1808, #6456, #7757, #3011, #7062, #3737, #5069, #1077, #1109, #1741, #7156, #4435, #446, #2447, #3106, #5128 ),
 ( #1355, #6422, #4978, #2986, #5559, #3579, #8150, #8180, #6180, #5611, #1620, #4938, #6927, #4877, #862, #2869, #231, #3607, #4156, #7502, #941, #6893, #8230, #5499, #6295, #7540, #890, #6210, #1557, #6818, #8208, #6236, #2191, #4827, #2803, #7478, #3489, #826, #4221, #182, #286, #1506, #5524, #2224, #2164, #3541, #1536, #2250, #6844, #2839, #2893, #3515 ) ),
 .UNSPECIFIED., .F., .F., .F.,
 ( 2, 2 ),
 ( 4, 2, 2, 2, 2, 2, 2, 2, 2, 2, 2, 2, 2, 2, 2, 2, 2, 2, 2, 2, 2, 2, 2, 2, 2, 4 ),
 ( 0.000000000000000000, 1.000000000000000000 ),
 ( 0.000000000000000000, 0.0002792773532104127166, 0.0004189160298156190750, 0.0005585547064208254333, 0.0006981933830260318458, 0.0008378320596312381499, 0.001117109412841650867, 0.001256748089446857279, 0.001396386766052063692, 0.001536025442657270104, 0.001605844780959873094, 0.001675664119262476300, 0.001954941472472888908, 0.002234218825683301733, 0.002373857502288508146, 0.002513496178893714558, 0.002653134855498920971, 0.002792773532104127383, 0.003072050885314540208, 0.003211689561919746187, 0.003351328238524952600, 0.003490966915130159012, 0.003630605591735364991, 0.003909882944945777816, 0.004189160298156190641, 0.004468437651366603466 ),
 .UNSPECIFIED. ) ;
#8569 = CYLINDRICAL_SURFACE ( 'NONE', #3498, 2.299999999999999822 ) ;
#8570 = EDGE_CURVE ( 'NONE', #1628, #7636, #1517, .T. ) ;
#8571 = FACE_BOUND ( 'NONE', #6156, .T. ) ;
#8572 = B_SPLINE_CURVE_WITH_KNOTS ( 'NONE', 3,
 ( #7285, #76, #13, #3283, #6030, #4706, #715, #7952, #5381, #1390, #6054, #2052, #6727, #2138 ),
 .UNSPECIFIED., .F., .F.,
 ( 4, 2, 2, 2, 2, 2, 4 ),
 ( 0.000000000000000000, 0.0006313008982285302955, 0.0009469513473427990753, 0.001262601796457067964, 0.001893902694685605523, 0.002209553143799871701, 0.002525203592914138095 ),
 .UNSPECIFIED. ) ;
#8573 = ORIENTED_EDGE ( 'NONE', *, *, #4668, .F. ) ;
#8574 = DIRECTION ( 'NONE',  ( 1.000000000000000000, 0.000000000000000000, 0.000000000000000000 ) ) ;
#8575 = EDGE_LOOP ( 'NONE', ( #4635, #6339, #6354 ) ) ;
#8576 = CIRCLE ( 'NONE', #6787, 329.4999999999999432 ) ;
#8577 = AXIS2_PLACEMENT_3D ( 'NONE', #5798, #7704, #7824 ) ;
#8578 = CARTESIAN_POINT ( 'NONE',  ( 28.00000000000000000, 12.59999999999999432, 1.318955087088236056 ) ) ;
#8579 = ORIENTED_EDGE ( 'NONE', *, *, #2971, .F. ) ;
#8580 = CARTESIAN_POINT ( 'NONE',  ( 1.732050807568880968, -19.10000000000000142, 0.1954572673585232845 ) ) ;
#8581 = VECTOR ( 'NONE', #4006, 1000.000000000000000 ) ;
#8582 = B_SPLINE_CURVE_WITH_KNOTS ( 'NONE', 1,
 ( #8433, #7801 ),
 .UNSPECIFIED., .F., .F.,
 ( 2, 2 ),
 ( 0.000000000000000000, 1.000000000000000000 ),
 .UNSPECIFIED. ) ;
#8583 = AXIS2_PLACEMENT_3D ( 'NONE', #4256, #6390, #1681 ) ;
#8584 = FACE_OUTER_BOUND ( 'NONE', #5889, .T. ) ;
#8585 = AXIS2_PLACEMENT_3D ( 'NONE', #8580, #3859, #7930 ) ;
#8586 = CARTESIAN_POINT ( 'NONE',  ( -29.60000000000000142, -8.399999999999998579, -1.330196093404401037 ) ) ;
#8587 = EDGE_LOOP ( 'NONE', ( #870, #2577, #6610, #3067 ) ) ;
#8588 = CARTESIAN_POINT ( 'NONE',  ( -28.47392098520479564, 19.43314915283566791, -1.759066060957645172 ) ) ;
#8589 = CARTESIAN_POINT ( 'NONE',  ( 27.44979298263462297, 21.64953316967805819, 0.8766066799710524604 ) ) ;
#8590 = ORIENTED_EDGE ( 'NONE', *, *, #6840, .F. ) ;
#8591 = ORIENTED_EDGE ( 'NONE', *, *, #4757, .F. ) ;
#8592 = CARTESIAN_POINT ( 'NONE',  ( 27.12982908305836105, 20.17038646038256289, -1.633322947941008074 ) ) ;
#8593 = CARTESIAN_POINT ( 'NONE',  ( 1.801039391677624391, -19.37864198742761701, -0.004907362338654531683 ) ) ;
#8594 = CARTESIAN_POINT ( 'NONE',  ( -30.00000000013443824, 16.00000000000490985, 1.143850916775958959 ) ) ;
#8595 = AXIS2_PLACEMENT_3D ( 'NONE', #3804, #7220, #4536 ) ;
#8596 = CARTESIAN_POINT ( 'NONE',  ( 25.53834586466165035, -20.00000000000000355, 2.019265842371722908 ) ) ;
#8597 = VERTEX_POINT ( 'NONE', #205 ) ;
#8598 = ORIENTED_EDGE ( 'NONE', *, *, #7781, .F. ) ;
#8599 = CARTESIAN_POINT ( 'NONE',  ( 23.92869620516636076, -16.19999999999999929, 1.124351105850200483 ) ) ;
#8600 = LINE ( 'NONE', #4749, #1504 ) ;
#8601 = DIRECTION ( 'NONE',  ( 1.000000000000000000, 0.000000000000000000, 0.000000000000000000 ) ) ;
#8602 = DIRECTION ( 'NONE',  ( 0.000000000000000000, 1.000000000000000000, 0.000000000000000000 ) ) ;
#8603 = CARTESIAN_POINT ( 'NONE',  ( 1.558845726811992849, -19.20000000000000284, 0.1954572673585567300 ) ) ;
#8604 = VERTEX_POINT ( 'NONE', #2949 ) ;
#8605 = COORDINATED_UNIVERSAL_TIME_OFFSET ( 8, 0, .AHEAD. ) ;
#8606 = ADVANCED_FACE ( 'NONE', ( #4949 ), #7542, .T. ) ;
#8607 = DIRECTION ( 'NONE',  ( 1.000000000000000000, 1.796974801439540264E-16, 0.000000000000000000 ) ) ;
#8608 = CARTESIAN_POINT ( 'NONE',  ( -27.44975795282773134, 21.64954488580686842, -1.631943362619175941 ) ) ;
#8609 = ORIENTED_EDGE ( 'NONE', *, *, #2403, .T. ) ;
#8610 = DIRECTION ( 'NONE',  ( 0.000000000000000000, -0.000000000000000000, 1.000000000000000000 ) ) ;
#8611 = CARTESIAN_POINT ( 'NONE',  ( 29.42763640005381731, 18.48109664074323888, -1.852484915510153041 ) ) ;
#8613 = CARTESIAN_POINT ( 'NONE',  ( 30.00000000013333334, 16.00000000000487432, 1.143850916776046889 ) ) ;
#8612 = CARTESIAN_POINT ( 'NONE',  ( 26.75928781811153456, -14.36798028662228432, 1.421469678649202928 ) ) ;
#8614 = CARTESIAN_POINT ( 'NONE',  ( 27.44792937947993039, -20.03866770450961710, -1.662505517015544942 ) ) ;
#8615 = EDGE_CURVE ( 'NONE', #3646, #4093, #3180, .T. ) ;
#8616 = VERTEX_POINT ( 'NONE', #8290 ) ;
#8617 = EDGE_CURVE ( 'NONE', #2278, #4814, #1409, .T. ) ;
#8618 = CARTESIAN_POINT ( 'NONE',  ( -30.36641055788084387, -17.82716309356653994, -2.404382022650126682 ) ) ;
#8619 = EDGE_CURVE ( 'NONE', #5082, #2663, #1929, .T. ) ;
#8620 = CARTESIAN_POINT ( 'NONE',  ( 24.33969379156253865, -16.15758270015077969, 1.087058518538817742 ) ) ;
#8621 = DIRECTION ( 'NONE',  ( 0.9970478274445579991, 6.659864027650289466E-17, -0.07678300455235539945 ) ) ;
#8622 = CARTESIAN_POINT ( 'NONE',  ( -31.40957945986401612, -18.05871571441055323, 1.013398365206505058 ) ) ;
#8623 = PLANE ( 'NONE',  #3733 ) ;
#8624 = ORIENTED_EDGE ( 'NONE', *, *, #2294, .F. ) ;
#8625 = CARTESIAN_POINT ( 'NONE',  ( -26.19999999999999929, -13.89999999999999858, -1.041704770954277048 ) ) ;
#8626 = DIRECTION ( 'NONE',  ( 0.000000000000000000, 0.000000000000000000, 1.000000000000000000 ) ) ;
#8627 = AXIS2_PLACEMENT_3D ( 'NONE', #7733, #3813, #4446 ) ;
#8628 = AXIS2_PLACEMENT_3D ( 'NONE', #7906, #607, #7274 ) ;
ENDSEC;
END-ISO-10303-21;
