ISO-10303-21;
HEADER;
/* Generated by software containing ST-Developer
 * from STEP Tools, Inc. (www.steptools.com) 
 */

FILE_DESCRIPTION(
/* description */ ('NOT SPECIFIED'),
/* implementation_level */ '2;1');

FILE_NAME(
/* name */ '04007PCB-225713_AF_ASM (7).step',
/* time_stamp */ '2025-06-05T11:25:23+08:00',
/* author */ (''),
/* organization */ (''),
/* preprocessor_version */ 'ST-DEVELOPER v20.1',
/* originating_system */ 'Autodesk Translation Framework v14.10.0.0',
/* authorisation */ '');

FILE_SCHEMA (('AUTOMOTIVE_DESIGN { 1 0 10303 214 3 1 1 }'));
ENDSEC;

DATA;
#10=MECHANICAL_DESIGN_GEOMETRIC_PRESENTATION_REPRESENTATION('',(#35,#36,
#37,#38,#39),#2654);
#11=ITEM_DEFINED_TRANSFORMATION($,$,#1502,#1636);
#12=ITEM_DEFINED_TRANSFORMATION($,$,#1570,#1637);
#13=ITEM_DEFINED_TRANSFORMATION($,$,#1622,#1638);
#14=ITEM_DEFINED_TRANSFORMATION($,$,#1629,#1639);
#15=(
REPRESENTATION_RELATIONSHIP($,$,#2674,#2673)
REPRESENTATION_RELATIONSHIP_WITH_TRANSFORMATION(#11)
SHAPE_REPRESENTATION_RELATIONSHIP()
);
#16=(
REPRESENTATION_RELATIONSHIP($,$,#2675,#2673)
REPRESENTATION_RELATIONSHIP_WITH_TRANSFORMATION(#12)
SHAPE_REPRESENTATION_RELATIONSHIP()
);
#17=(
REPRESENTATION_RELATIONSHIP($,$,#2676,#2673)
REPRESENTATION_RELATIONSHIP_WITH_TRANSFORMATION(#13)
SHAPE_REPRESENTATION_RELATIONSHIP()
);
#18=(
REPRESENTATION_RELATIONSHIP($,$,#2677,#2673)
REPRESENTATION_RELATIONSHIP_WITH_TRANSFORMATION(#14)
SHAPE_REPRESENTATION_RELATIONSHIP()
);
#19=CONTEXT_DEPENDENT_SHAPE_REPRESENTATION(#15,#2669);
#20=CONTEXT_DEPENDENT_SHAPE_REPRESENTATION(#16,#2670);
#21=CONTEXT_DEPENDENT_SHAPE_REPRESENTATION(#17,#2671);
#22=CONTEXT_DEPENDENT_SHAPE_REPRESENTATION(#18,#2672);
#23=NEXT_ASSEMBLY_USAGE_OCCURRENCE('04007PCB-397954000:1',
'04007PCB-397954000:1','04007PCB-397954000:1',#2679,#2680,
'04007PCB-397954000:1');
#24=NEXT_ASSEMBLY_USAGE_OCCURRENCE('PCB-0001:1','PCB-0001:1',
'PCB-0001:1',#2679,#2681,'PCB-0001:1');
#25=NEXT_ASSEMBLY_USAGE_OCCURRENCE('60173500:1','60173500:1',
'60173500:1',#2679,#2682,'60173500:1');
#26=NEXT_ASSEMBLY_USAGE_OCCURRENCE('04007LED:1','04007LED:1',
'04007LED:1',#2679,#2683,'04007LED:1');
#27=SHAPE_REPRESENTATION_RELATIONSHIP('SRR','None',#2674,#31);
#28=SHAPE_REPRESENTATION_RELATIONSHIP('SRR','None',#2675,#32);
#29=SHAPE_REPRESENTATION_RELATIONSHIP('SRR','None',#2676,#33);
#30=SHAPE_REPRESENTATION_RELATIONSHIP('SRR','None',#2677,#34);
#31=ADVANCED_BREP_SHAPE_REPRESENTATION('',(#40),#2650);
#32=ADVANCED_BREP_SHAPE_REPRESENTATION('',(#41,#42),#2651);
#33=ADVANCED_BREP_SHAPE_REPRESENTATION('',(#43),#2652);
#34=ADVANCED_BREP_SHAPE_REPRESENTATION('',(#44),#2653);
#35=STYLED_ITEM('',(#2702),#40);
#36=STYLED_ITEM('',(#2702),#41);
#37=STYLED_ITEM('',(#2702),#42);
#38=STYLED_ITEM('',(#2702),#43);
#39=STYLED_ITEM('',(#2703),#44);
#40=MANIFOLD_SOLID_BREP('\X2\5B9E4F53\X0\1',#1451);
#41=MANIFOLD_SOLID_BREP('\X2\5B9E4F53\X0\1',#1452);
#42=MANIFOLD_SOLID_BREP('\X2\5B9E4F53\X0\2',#1453);
#43=MANIFOLD_SOLID_BREP('\X2\5B9E4F53\X0\1',#1454);
#44=MANIFOLD_SOLID_BREP('\X2\5B9E4F53\X0\1',#1455);
#45=(
BOUNDED_SURFACE()
B_SPLINE_SURFACE(2,2,((#2185,#2186,#2187,#2188,#2189),(#2190,#2191,#2192,
#2193,#2194),(#2195,#2196,#2197,#2198,#2199),(#2200,#2201,#2202,#2203,#2204),
(#2205,#2206,#2207,#2208,#2209)),.UNSPECIFIED.,.F.,.F.,.F.)
B_SPLINE_SURFACE_WITH_KNOTS((3,2,3),(3,2,3),(-1.57079632699764,-0.785398163451993,
9.36558949957214E-11),(-1.57079632681712,0.,1.57079632681712),
 .UNSPECIFIED.)
GEOMETRIC_REPRESENTATION_ITEM()
RATIONAL_B_SPLINE_SURFACE(((1.,0.707106781178691,1.,0.707106781178691,1.),
(0.923879532482841,0.653281482410816,0.923879532482841,0.653281482410816,
0.923879532482841),(1.,0.707106781178691,1.,0.707106781178691,1.),(0.923879532482941,
0.653281482410886,0.923879532482941,0.653281482410886,0.923879532482941),
(1.,0.707106781178691,1.,0.707106781178691,1.)))
REPRESENTATION_ITEM('')
SURFACE()
);
#46=(
BOUNDED_SURFACE()
B_SPLINE_SURFACE(2,2,((#2215,#2216,#2217,#2218,#2219),(#2220,#2221,#2222,
#2223,#2224),(#2225,#2226,#2227,#2228,#2229)),.UNSPECIFIED.,.F.,.F.,.F.)
B_SPLINE_SURFACE_WITH_KNOTS((3,3),(3,2,3),(-1.5707963267443,5.01255756281351E-11),
(-1.57079632688385,-2.22044604925031E-16,1.57079632688385),
 .UNSPECIFIED.)
GEOMETRIC_REPRESENTATION_ITEM()
RATIONAL_B_SPLINE_SURFACE(((1.,0.707106781155097,1.,0.707106781155097,1.),
(0.707106781186616,0.499999999977809,0.707106781186616,0.499999999977809,
0.707106781186616),(1.,0.707106781155097,1.,0.707106781155097,1.)))
REPRESENTATION_ITEM('')
SURFACE()
);
#47=(
BOUNDED_SURFACE()
B_SPLINE_SURFACE(2,2,((#2289,#2290,#2291,#2292,#2293),(#2294,#2295,#2296,
#2297,#2298),(#2299,#2300,#2301,#2302,#2303)),.UNSPECIFIED.,.F.,.F.,.F.)
B_SPLINE_SURFACE_WITH_KNOTS((3,3),(3,2,3),(-1.57079632674433,4.9937929888627E-11),
(-1.57079632688388,0.,1.57079632688388),.UNSPECIFIED.)
GEOMETRIC_REPRESENTATION_ITEM()
RATIONAL_B_SPLINE_SURFACE(((1.,0.707106781155087,1.,0.707106781155087,1.),
(0.707106781186729,0.499999999977882,0.707106781186729,0.499999999977882,
0.707106781186729),(1.,0.707106781155087,1.,0.707106781155087,1.)))
REPRESENTATION_ITEM('')
SURFACE()
);
#48=(
BOUNDED_SURFACE()
B_SPLINE_SURFACE(2,2,((#2309,#2310,#2311,#2312,#2313),(#2314,#2315,#2316,
#2317,#2318),(#2319,#2320,#2321,#2322,#2323),(#2324,#2325,#2326,#2327,#2328),
(#2329,#2330,#2331,#2332,#2333)),.UNSPECIFIED.,.F.,.F.,.F.)
B_SPLINE_SURFACE_WITH_KNOTS((3,2,3),(3,2,3),(-1.57079632699802,-0.785398163452055,
9.39063247717335E-11),(-1.57079632681752,0.,1.57079632681752),
 .UNSPECIFIED.)
GEOMETRIC_REPRESENTATION_ITEM()
RATIONAL_B_SPLINE_SURFACE(((1.,0.70710678117855,1.,0.70710678117855,1.),
(0.923879532482953,0.653281482410765,0.923879532482953,0.653281482410765,
0.923879532482953),(1.,0.70710678117855,1.,0.70710678117855,1.),(0.923879532482666,
0.653281482410562,0.923879532482666,0.653281482410562,0.923879532482666),
(1.,0.70710678117855,1.,0.70710678117855,1.)))
REPRESENTATION_ITEM('')
SURFACE()
);
#49=(
BOUNDED_SURFACE()
B_SPLINE_SURFACE(2,2,((#2405,#2406,#2407,#2408,#2409),(#2410,#2411,#2412,
#2413,#2414),(#2415,#2416,#2417,#2418,#2419),(#2420,#2421,#2422,#2423,#2424),
(#2425,#2426,#2427,#2428,#2429)),.UNSPECIFIED.,.F.,.F.,.F.)
B_SPLINE_SURFACE_WITH_KNOTS((3,2,3),(3,2,3),(-1.57079632728839,-0.78539816345719,
3.74010236695543E-10),(-3.1415926534682,-1.5707963267949,-1.21595451935719E-10),
 .UNSPECIFIED.)
GEOMETRIC_REPRESENTATION_ITEM()
RATIONAL_B_SPLINE_SURFACE(((1.,0.707106781229538,1.,0.707106781229538,1.),
(0.923879532428542,0.653281482419397,0.923879532428542,0.653281482419397,
0.923879532428542),(1.,0.707106781229538,1.,0.707106781229538,1.),(0.923879532429081,
0.653281482419778,0.923879532429081,0.653281482419778,0.923879532429081),
(1.,0.707106781229538,1.,0.707106781229538,1.)))
REPRESENTATION_ITEM('')
SURFACE()
);
#50=(
BOUNDED_SURFACE()
B_SPLINE_SURFACE(2,2,((#2435,#2436,#2437,#2438,#2439),(#2440,#2441,#2442,
#2443,#2444),(#2445,#2446,#2447,#2448,#2449),(#2450,#2451,#2452,#2453,#2454),
(#2455,#2456,#2457,#2458,#2459)),.UNSPECIFIED.,.F.,.F.,.F.)
B_SPLINE_SURFACE_WITH_KNOTS((3,2,3),(3,2,3),(-1.57079632729441,-0.785398163455531,
3.83343348919773E-10),(1.22133343040511E-10,1.5707963267949,3.14159265346766),
 .UNSPECIFIED.)
GEOMETRIC_REPRESENTATION_ITEM()
RATIONAL_B_SPLINE_SURFACE(((1.,0.707106781229728,1.,0.707106781229728,1.),
(0.923879532426838,0.653281482418368,0.923879532426838,0.653281482418368,
0.923879532426838),(1.,0.707106781229728,1.,0.707106781229728,1.),(0.923879532427897,
0.653281482419117,0.923879532427897,0.653281482419117,0.923879532427897),
(1.,0.707106781229728,1.,0.707106781229728,1.)))
REPRESENTATION_ITEM('')
SURFACE()
);
#51=(
BOUNDED_SURFACE()
B_SPLINE_SURFACE(2,2,((#2528,#2529,#2530,#2531,#2532),(#2533,#2534,#2535,
#2536,#2537),(#2538,#2539,#2540,#2541,#2542),(#2543,#2544,#2545,#2546,#2547),
(#2548,#2549,#2550,#2551,#2552)),.UNSPECIFIED.,.F.,.F.,.F.)
B_SPLINE_SURFACE_WITH_KNOTS((3,2,3),(3,2,3),(-1.5707963272937,-0.785398163458459,
3.76776325568026E-10),(1.25461097540044E-10,1.5707963267949,3.14159265346433),
 .UNSPECIFIED.)
GEOMETRIC_REPRESENTATION_ITEM()
RATIONAL_B_SPLINE_SURFACE(((1.,0.707106781230905,1.,0.707106781230905,1.),
(0.923879532426872,0.653281482419479,0.923879532426872,0.653281482419479,
0.923879532426872),(1.,0.707106781230905,1.,0.707106781230905,1.),(0.923879532426781,
0.653281482419415,0.923879532426781,0.653281482419415,0.923879532426781),
(1.,0.707106781230905,1.,0.707106781230905,1.)))
REPRESENTATION_ITEM('')
SURFACE()
);
#52=(
BOUNDED_SURFACE()
B_SPLINE_SURFACE(2,2,((#2558,#2559,#2560,#2561,#2562),(#2563,#2564,#2565,
#2566,#2567),(#2568,#2569,#2570,#2571,#2572),(#2573,#2574,#2575,#2576,#2577),
(#2578,#2579,#2580,#2581,#2582)),.UNSPECIFIED.,.F.,.F.,.F.)
B_SPLINE_SURFACE_WITH_KNOTS((3,2,3),(3,2,3),(-1.5707963272932,-0.785398163458091,
3.77019462406496E-10),(-3.14159265346683,-1.5707963267949,-1.22963856311605E-10),
 .UNSPECIFIED.)
GEOMETRIC_REPRESENTATION_ITEM()
RATIONAL_B_SPLINE_SURFACE(((1.,0.707106781230022,1.,0.707106781230022,1.),
(0.923879532427705,0.653281482419252,0.923879532427705,0.653281482419252,
0.923879532427705),(1.,0.707106781230022,1.,0.707106781230022,1.),(0.923879532428049,
0.653281482419495,0.923879532428049,0.653281482419495,0.923879532428049),
(1.,0.707106781230022,1.,0.707106781230022,1.)))
REPRESENTATION_ITEM('')
SURFACE()
);
#53=TOROIDAL_SURFACE('',#1535,0.4,0.1);
#54=TOROIDAL_SURFACE('',#1559,0.4,0.1);
#55=TOROIDAL_SURFACE('',#1586,0.4,0.1);
#56=TOROIDAL_SURFACE('',#1611,0.4,0.1);
#57=CYLINDRICAL_SURFACE('',#1508,3.);
#58=CYLINDRICAL_SURFACE('',#1515,3.);
#59=CYLINDRICAL_SURFACE('',#1517,3.);
#60=CYLINDRICAL_SURFACE('',#1519,3.);
#61=CYLINDRICAL_SURFACE('',#1532,0.5);
#62=CYLINDRICAL_SURFACE('',#1557,0.5);
#63=CYLINDRICAL_SURFACE('',#1583,0.5);
#64=CYLINDRICAL_SURFACE('',#1609,0.5);
#65=FACE_BOUND('',#168,.T.);
#66=FACE_BOUND('',#169,.T.);
#67=FACE_BOUND('',#184,.T.);
#68=FACE_BOUND('',#190,.T.);
#69=FACE_BOUND('',#194,.T.);
#70=FACE_BOUND('',#203,.T.);
#71=FACE_BOUND('',#209,.T.);
#72=FACE_BOUND('',#213,.T.);
#73=FACE_BOUND('',#223,.T.);
#74=FACE_BOUND('',#229,.T.);
#75=FACE_BOUND('',#233,.T.);
#76=FACE_BOUND('',#243,.T.);
#77=FACE_BOUND('',#249,.T.);
#78=FACE_BOUND('',#253,.T.);
#79=FACE_OUTER_BOUND('',#167,.T.);
#80=FACE_OUTER_BOUND('',#170,.T.);
#81=FACE_OUTER_BOUND('',#171,.T.);
#82=FACE_OUTER_BOUND('',#172,.T.);
#83=FACE_OUTER_BOUND('',#173,.T.);
#84=FACE_OUTER_BOUND('',#174,.T.);
#85=FACE_OUTER_BOUND('',#175,.T.);
#86=FACE_OUTER_BOUND('',#176,.T.);
#87=FACE_OUTER_BOUND('',#177,.T.);
#88=FACE_OUTER_BOUND('',#178,.T.);
#89=FACE_OUTER_BOUND('',#179,.T.);
#90=FACE_OUTER_BOUND('',#180,.T.);
#91=FACE_OUTER_BOUND('',#181,.T.);
#92=FACE_OUTER_BOUND('',#182,.T.);
#93=FACE_OUTER_BOUND('',#183,.T.);
#94=FACE_OUTER_BOUND('',#185,.T.);
#95=FACE_OUTER_BOUND('',#186,.T.);
#96=FACE_OUTER_BOUND('',#187,.T.);
#97=FACE_OUTER_BOUND('',#188,.T.);
#98=FACE_OUTER_BOUND('',#189,.T.);
#99=FACE_OUTER_BOUND('',#191,.T.);
#100=FACE_OUTER_BOUND('',#192,.T.);
#101=FACE_OUTER_BOUND('',#193,.T.);
#102=FACE_OUTER_BOUND('',#195,.T.);
#103=FACE_OUTER_BOUND('',#196,.T.);
#104=FACE_OUTER_BOUND('',#197,.T.);
#105=FACE_OUTER_BOUND('',#198,.T.);
#106=FACE_OUTER_BOUND('',#199,.T.);
#107=FACE_OUTER_BOUND('',#200,.T.);
#108=FACE_OUTER_BOUND('',#201,.T.);
#109=FACE_OUTER_BOUND('',#202,.T.);
#110=FACE_OUTER_BOUND('',#204,.T.);
#111=FACE_OUTER_BOUND('',#205,.T.);
#112=FACE_OUTER_BOUND('',#206,.T.);
#113=FACE_OUTER_BOUND('',#207,.T.);
#114=FACE_OUTER_BOUND('',#208,.T.);
#115=FACE_OUTER_BOUND('',#210,.T.);
#116=FACE_OUTER_BOUND('',#211,.T.);
#117=FACE_OUTER_BOUND('',#212,.T.);
#118=FACE_OUTER_BOUND('',#214,.T.);
#119=FACE_OUTER_BOUND('',#215,.T.);
#120=FACE_OUTER_BOUND('',#216,.T.);
#121=FACE_OUTER_BOUND('',#217,.T.);
#122=FACE_OUTER_BOUND('',#218,.T.);
#123=FACE_OUTER_BOUND('',#219,.T.);
#124=FACE_OUTER_BOUND('',#220,.T.);
#125=FACE_OUTER_BOUND('',#221,.T.);
#126=FACE_OUTER_BOUND('',#222,.T.);
#127=FACE_OUTER_BOUND('',#224,.T.);
#128=FACE_OUTER_BOUND('',#225,.T.);
#129=FACE_OUTER_BOUND('',#226,.T.);
#130=FACE_OUTER_BOUND('',#227,.T.);
#131=FACE_OUTER_BOUND('',#228,.T.);
#132=FACE_OUTER_BOUND('',#230,.T.);
#133=FACE_OUTER_BOUND('',#231,.T.);
#134=FACE_OUTER_BOUND('',#232,.T.);
#135=FACE_OUTER_BOUND('',#234,.T.);
#136=FACE_OUTER_BOUND('',#235,.T.);
#137=FACE_OUTER_BOUND('',#236,.T.);
#138=FACE_OUTER_BOUND('',#237,.T.);
#139=FACE_OUTER_BOUND('',#238,.T.);
#140=FACE_OUTER_BOUND('',#239,.T.);
#141=FACE_OUTER_BOUND('',#240,.T.);
#142=FACE_OUTER_BOUND('',#241,.T.);
#143=FACE_OUTER_BOUND('',#242,.T.);
#144=FACE_OUTER_BOUND('',#244,.T.);
#145=FACE_OUTER_BOUND('',#245,.T.);
#146=FACE_OUTER_BOUND('',#246,.T.);
#147=FACE_OUTER_BOUND('',#247,.T.);
#148=FACE_OUTER_BOUND('',#248,.T.);
#149=FACE_OUTER_BOUND('',#250,.T.);
#150=FACE_OUTER_BOUND('',#251,.T.);
#151=FACE_OUTER_BOUND('',#252,.T.);
#152=FACE_OUTER_BOUND('',#254,.T.);
#153=FACE_OUTER_BOUND('',#255,.T.);
#154=FACE_OUTER_BOUND('',#256,.T.);
#155=FACE_OUTER_BOUND('',#257,.T.);
#156=FACE_OUTER_BOUND('',#258,.T.);
#157=FACE_OUTER_BOUND('',#259,.T.);
#158=FACE_OUTER_BOUND('',#260,.T.);
#159=FACE_OUTER_BOUND('',#261,.T.);
#160=FACE_OUTER_BOUND('',#262,.T.);
#161=FACE_OUTER_BOUND('',#263,.T.);
#162=FACE_OUTER_BOUND('',#264,.T.);
#163=FACE_OUTER_BOUND('',#265,.T.);
#164=FACE_OUTER_BOUND('',#266,.T.);
#165=FACE_OUTER_BOUND('',#267,.T.);
#166=FACE_OUTER_BOUND('',#268,.T.);
#167=EDGE_LOOP('',(#915,#916,#917,#918,#919,#920,#921,#922));
#168=EDGE_LOOP('',(#923,#924,#925,#926));
#169=EDGE_LOOP('',(#927,#928,#929,#930));
#170=EDGE_LOOP('',(#931,#932,#933,#934));
#171=EDGE_LOOP('',(#935,#936,#937,#938,#939,#940,#941,#942));
#172=EDGE_LOOP('',(#943,#944,#945,#946));
#173=EDGE_LOOP('',(#947,#948,#949,#950));
#174=EDGE_LOOP('',(#951,#952,#953,#954));
#175=EDGE_LOOP('',(#955,#956,#957,#958));
#176=EDGE_LOOP('',(#959,#960,#961,#962));
#177=EDGE_LOOP('',(#963,#964,#965,#966));
#178=EDGE_LOOP('',(#967,#968,#969,#970));
#179=EDGE_LOOP('',(#971,#972,#973,#974));
#180=EDGE_LOOP('',(#975,#976,#977,#978));
#181=EDGE_LOOP('',(#979,#980,#981,#982));
#182=EDGE_LOOP('',(#983,#984,#985,#986));
#183=EDGE_LOOP('',(#987,#988,#989,#990));
#184=EDGE_LOOP('',(#991,#992,#993,#994));
#185=EDGE_LOOP('',(#995,#996,#997,#998));
#186=EDGE_LOOP('',(#999,#1000,#1001,#1002));
#187=EDGE_LOOP('',(#1003,#1004,#1005,#1006));
#188=EDGE_LOOP('',(#1007,#1008,#1009,#1010));
#189=EDGE_LOOP('',(#1011,#1012,#1013,#1014));
#190=EDGE_LOOP('',(#1015));
#191=EDGE_LOOP('',(#1016,#1017,#1018,#1019,#1020));
#192=EDGE_LOOP('',(#1021,#1022,#1023,#1024,#1025));
#193=EDGE_LOOP('',(#1026));
#194=EDGE_LOOP('',(#1027,#1028));
#195=EDGE_LOOP('',(#1029,#1030,#1031,#1032));
#196=EDGE_LOOP('',(#1033,#1034,#1035,#1036));
#197=EDGE_LOOP('',(#1037,#1038));
#198=EDGE_LOOP('',(#1039,#1040,#1041,#1042));
#199=EDGE_LOOP('',(#1043,#1044,#1045,#1046));
#200=EDGE_LOOP('',(#1047,#1048,#1049,#1050));
#201=EDGE_LOOP('',(#1051,#1052,#1053,#1054));
#202=EDGE_LOOP('',(#1055,#1056,#1057,#1058));
#203=EDGE_LOOP('',(#1059,#1060,#1061,#1062));
#204=EDGE_LOOP('',(#1063,#1064,#1065,#1066));
#205=EDGE_LOOP('',(#1067,#1068,#1069,#1070));
#206=EDGE_LOOP('',(#1071,#1072,#1073,#1074));
#207=EDGE_LOOP('',(#1075,#1076,#1077,#1078));
#208=EDGE_LOOP('',(#1079,#1080,#1081,#1082));
#209=EDGE_LOOP('',(#1083));
#210=EDGE_LOOP('',(#1084,#1085,#1086,#1087));
#211=EDGE_LOOP('',(#1088,#1089,#1090,#1091));
#212=EDGE_LOOP('',(#1092));
#213=EDGE_LOOP('',(#1093,#1094));
#214=EDGE_LOOP('',(#1095,#1096,#1097,#1098));
#215=EDGE_LOOP('',(#1099,#1100,#1101,#1102));
#216=EDGE_LOOP('',(#1103,#1104));
#217=EDGE_LOOP('',(#1105,#1106,#1107,#1108));
#218=EDGE_LOOP('',(#1109,#1110,#1111,#1112));
#219=EDGE_LOOP('',(#1113,#1114,#1115,#1116));
#220=EDGE_LOOP('',(#1117,#1118,#1119,#1120));
#221=EDGE_LOOP('',(#1121,#1122,#1123,#1124));
#222=EDGE_LOOP('',(#1125,#1126,#1127,#1128));
#223=EDGE_LOOP('',(#1129,#1130,#1131,#1132));
#224=EDGE_LOOP('',(#1133,#1134,#1135,#1136));
#225=EDGE_LOOP('',(#1137,#1138,#1139,#1140));
#226=EDGE_LOOP('',(#1141,#1142,#1143,#1144));
#227=EDGE_LOOP('',(#1145,#1146,#1147,#1148));
#228=EDGE_LOOP('',(#1149,#1150,#1151,#1152));
#229=EDGE_LOOP('',(#1153));
#230=EDGE_LOOP('',(#1154,#1155,#1156,#1157,#1158));
#231=EDGE_LOOP('',(#1159,#1160,#1161,#1162,#1163));
#232=EDGE_LOOP('',(#1164));
#233=EDGE_LOOP('',(#1165,#1166));
#234=EDGE_LOOP('',(#1167,#1168,#1169,#1170));
#235=EDGE_LOOP('',(#1171,#1172,#1173,#1174));
#236=EDGE_LOOP('',(#1175,#1176));
#237=EDGE_LOOP('',(#1177,#1178,#1179,#1180));
#238=EDGE_LOOP('',(#1181,#1182,#1183,#1184));
#239=EDGE_LOOP('',(#1185,#1186,#1187,#1188));
#240=EDGE_LOOP('',(#1189,#1190,#1191,#1192));
#241=EDGE_LOOP('',(#1193,#1194,#1195,#1196));
#242=EDGE_LOOP('',(#1197,#1198,#1199,#1200));
#243=EDGE_LOOP('',(#1201,#1202,#1203,#1204));
#244=EDGE_LOOP('',(#1205,#1206,#1207,#1208));
#245=EDGE_LOOP('',(#1209,#1210,#1211,#1212));
#246=EDGE_LOOP('',(#1213,#1214,#1215,#1216));
#247=EDGE_LOOP('',(#1217,#1218,#1219,#1220));
#248=EDGE_LOOP('',(#1221,#1222,#1223,#1224));
#249=EDGE_LOOP('',(#1225));
#250=EDGE_LOOP('',(#1226,#1227,#1228,#1229));
#251=EDGE_LOOP('',(#1230,#1231,#1232,#1233));
#252=EDGE_LOOP('',(#1234));
#253=EDGE_LOOP('',(#1235,#1236));
#254=EDGE_LOOP('',(#1237,#1238,#1239,#1240));
#255=EDGE_LOOP('',(#1241,#1242,#1243,#1244));
#256=EDGE_LOOP('',(#1245,#1246));
#257=EDGE_LOOP('',(#1247,#1248,#1249,#1250));
#258=EDGE_LOOP('',(#1251,#1252,#1253,#1254));
#259=EDGE_LOOP('',(#1255,#1256,#1257,#1258));
#260=EDGE_LOOP('',(#1259,#1260,#1261,#1262));
#261=EDGE_LOOP('',(#1263,#1264,#1265,#1266));
#262=EDGE_LOOP('',(#1267,#1268,#1269,#1270));
#263=EDGE_LOOP('',(#1271,#1272,#1273,#1274));
#264=EDGE_LOOP('',(#1275,#1276,#1277,#1278));
#265=EDGE_LOOP('',(#1279,#1280,#1281,#1282));
#266=EDGE_LOOP('',(#1283,#1284,#1285,#1286));
#267=EDGE_LOOP('',(#1287,#1288,#1289,#1290));
#268=EDGE_LOOP('',(#1291,#1292,#1293,#1294));
#269=LINE('',#2065,#409);
#270=LINE('',#2069,#410);
#271=LINE('',#2073,#411);
#272=LINE('',#2076,#412);
#273=LINE('',#2079,#413);
#274=LINE('',#2081,#414);
#275=LINE('',#2083,#415);
#276=LINE('',#2084,#416);
#277=LINE('',#2087,#417);
#278=LINE('',#2089,#418);
#279=LINE('',#2091,#419);
#280=LINE('',#2092,#420);
#281=LINE('',#2097,#421);
#282=LINE('',#2098,#422);
#283=LINE('',#2101,#423);
#284=LINE('',#2105,#424);
#285=LINE('',#2109,#425);
#286=LINE('',#2112,#426);
#287=LINE('',#2114,#427);
#288=LINE('',#2116,#428);
#289=LINE('',#2118,#429);
#290=LINE('',#2120,#430);
#291=LINE('',#2122,#431);
#292=LINE('',#2124,#432);
#293=LINE('',#2128,#433);
#294=LINE('',#2130,#434);
#295=LINE('',#2131,#435);
#296=LINE('',#2134,#436);
#297=LINE('',#2135,#437);
#298=LINE('',#2138,#438);
#299=LINE('',#2139,#439);
#300=LINE('',#2141,#440);
#301=LINE('',#2145,#441);
#302=LINE('',#2147,#442);
#303=LINE('',#2149,#443);
#304=LINE('',#2150,#444);
#305=LINE('',#2153,#445);
#306=LINE('',#2155,#446);
#307=LINE('',#2156,#447);
#308=LINE('',#2159,#448);
#309=LINE('',#2160,#449);
#310=LINE('',#2163,#450);
#311=LINE('',#2164,#451);
#312=LINE('',#2166,#452);
#313=LINE('',#2172,#453);
#314=LINE('',#2234,#454);
#315=LINE('',#2236,#455);
#316=LINE('',#2237,#456);
#317=LINE('',#2240,#457);
#318=LINE('',#2241,#458);
#319=LINE('',#2244,#459);
#320=LINE('',#2245,#460);
#321=LINE('',#2247,#461);
#322=LINE('',#2251,#462);
#323=LINE('',#2253,#463);
#324=LINE('',#2255,#464);
#325=LINE('',#2256,#465);
#326=LINE('',#2259,#466);
#327=LINE('',#2261,#467);
#328=LINE('',#2262,#468);
#329=LINE('',#2265,#469);
#330=LINE('',#2266,#470);
#331=LINE('',#2269,#471);
#332=LINE('',#2270,#472);
#333=LINE('',#2272,#473);
#334=LINE('',#2278,#474);
#335=LINE('',#2340,#475);
#336=LINE('',#2342,#476);
#337=LINE('',#2344,#477);
#338=LINE('',#2345,#478);
#339=LINE('',#2348,#479);
#340=LINE('',#2350,#480);
#341=LINE('',#2351,#481);
#342=LINE('',#2354,#482);
#343=LINE('',#2355,#483);
#344=LINE('',#2358,#484);
#345=LINE('',#2359,#485);
#346=LINE('',#2361,#486);
#347=LINE('',#2365,#487);
#348=LINE('',#2367,#488);
#349=LINE('',#2369,#489);
#350=LINE('',#2370,#490);
#351=LINE('',#2373,#491);
#352=LINE('',#2375,#492);
#353=LINE('',#2376,#493);
#354=LINE('',#2379,#494);
#355=LINE('',#2380,#495);
#356=LINE('',#2383,#496);
#357=LINE('',#2384,#497);
#358=LINE('',#2386,#498);
#359=LINE('',#2392,#499);
#360=LINE('',#2465,#500);
#361=LINE('',#2467,#501);
#362=LINE('',#2469,#502);
#363=LINE('',#2470,#503);
#364=LINE('',#2473,#504);
#365=LINE('',#2475,#505);
#366=LINE('',#2476,#506);
#367=LINE('',#2479,#507);
#368=LINE('',#2480,#508);
#369=LINE('',#2483,#509);
#370=LINE('',#2484,#510);
#371=LINE('',#2486,#511);
#372=LINE('',#2490,#512);
#373=LINE('',#2492,#513);
#374=LINE('',#2494,#514);
#375=LINE('',#2495,#515);
#376=LINE('',#2498,#516);
#377=LINE('',#2500,#517);
#378=LINE('',#2501,#518);
#379=LINE('',#2504,#519);
#380=LINE('',#2505,#520);
#381=LINE('',#2508,#521);
#382=LINE('',#2509,#522);
#383=LINE('',#2511,#523);
#384=LINE('',#2517,#524);
#385=LINE('',#2589,#525);
#386=LINE('',#2591,#526);
#387=LINE('',#2593,#527);
#388=LINE('',#2594,#528);
#389=LINE('',#2597,#529);
#390=LINE('',#2599,#530);
#391=LINE('',#2600,#531);
#392=LINE('',#2603,#532);
#393=LINE('',#2604,#533);
#394=LINE('',#2607,#534);
#395=LINE('',#2608,#535);
#396=LINE('',#2610,#536);
#397=LINE('',#2616,#537);
#398=LINE('',#2618,#538);
#399=LINE('',#2620,#539);
#400=LINE('',#2621,#540);
#401=LINE('',#2625,#541);
#402=LINE('',#2626,#542);
#403=LINE('',#2627,#543);
#404=LINE('',#2630,#544);
#405=LINE('',#2632,#545);
#406=LINE('',#2633,#546);
#407=LINE('',#2635,#547);
#408=LINE('',#2637,#548);
#409=VECTOR('',#1648,35.4);
#410=VECTOR('',#1651,13.);
#411=VECTOR('',#1654,35.4);
#412=VECTOR('',#1657,13.);
#413=VECTOR('',#1658,1.4);
#414=VECTOR('',#1659,1.4);
#415=VECTOR('',#1660,1.4);
#416=VECTOR('',#1661,1.4);
#417=VECTOR('',#1662,1.4);
#418=VECTOR('',#1663,1.4);
#419=VECTOR('',#1664,1.4);
#420=VECTOR('',#1665,1.4);
#421=VECTOR('',#1670,1.);
#422=VECTOR('',#1671,1.);
#423=VECTOR('',#1674,13.);
#424=VECTOR('',#1677,35.4);
#425=VECTOR('',#1680,13.);
#426=VECTOR('',#1683,35.4);
#427=VECTOR('',#1686,1.);
#428=VECTOR('',#1689,1.);
#429=VECTOR('',#1692,1.);
#430=VECTOR('',#1695,1.);
#431=VECTOR('',#1698,1.);
#432=VECTOR('',#1701,1.);
#433=VECTOR('',#1706,0.95);
#434=VECTOR('',#1707,1.4);
#435=VECTOR('',#1708,0.95);
#436=VECTOR('',#1711,1.4);
#437=VECTOR('',#1712,0.95);
#438=VECTOR('',#1715,1.4);
#439=VECTOR('',#1716,0.95);
#440=VECTOR('',#1719,1.4);
#441=VECTOR('',#1722,1.2);
#442=VECTOR('',#1723,1.2);
#443=VECTOR('',#1724,1.2);
#444=VECTOR('',#1725,1.2);
#445=VECTOR('',#1728,0.4);
#446=VECTOR('',#1729,1.2);
#447=VECTOR('',#1730,0.4);
#448=VECTOR('',#1733,0.4);
#449=VECTOR('',#1734,1.2);
#450=VECTOR('',#1737,0.4);
#451=VECTOR('',#1738,1.2);
#452=VECTOR('',#1741,1.2);
#453=VECTOR('',#1748,0.5);
#454=VECTOR('',#1777,0.95);
#455=VECTOR('',#1778,1.4);
#456=VECTOR('',#1779,0.95);
#457=VECTOR('',#1782,1.4);
#458=VECTOR('',#1783,0.95);
#459=VECTOR('',#1786,1.4);
#460=VECTOR('',#1787,0.95);
#461=VECTOR('',#1790,1.4);
#462=VECTOR('',#1793,1.2);
#463=VECTOR('',#1794,1.2);
#464=VECTOR('',#1795,1.2);
#465=VECTOR('',#1796,1.2);
#466=VECTOR('',#1799,0.4);
#467=VECTOR('',#1800,1.2);
#468=VECTOR('',#1801,0.4);
#469=VECTOR('',#1804,0.4);
#470=VECTOR('',#1805,1.2);
#471=VECTOR('',#1808,0.4);
#472=VECTOR('',#1809,1.2);
#473=VECTOR('',#1812,1.2);
#474=VECTOR('',#1819,0.5);
#475=VECTOR('',#1848,1.4);
#476=VECTOR('',#1849,1.4);
#477=VECTOR('',#1850,1.4);
#478=VECTOR('',#1851,1.4);
#479=VECTOR('',#1854,0.95);
#480=VECTOR('',#1855,1.4);
#481=VECTOR('',#1856,0.95);
#482=VECTOR('',#1859,1.4);
#483=VECTOR('',#1860,0.95);
#484=VECTOR('',#1863,1.4);
#485=VECTOR('',#1864,0.95);
#486=VECTOR('',#1867,1.4);
#487=VECTOR('',#1870,1.2);
#488=VECTOR('',#1871,1.2);
#489=VECTOR('',#1872,1.2);
#490=VECTOR('',#1873,1.2);
#491=VECTOR('',#1876,0.4);
#492=VECTOR('',#1877,1.2);
#493=VECTOR('',#1878,0.4);
#494=VECTOR('',#1881,0.4);
#495=VECTOR('',#1882,1.2);
#496=VECTOR('',#1885,0.4);
#497=VECTOR('',#1886,1.2);
#498=VECTOR('',#1889,1.2);
#499=VECTOR('',#1896,0.5);
#500=VECTOR('',#1925,1.4);
#501=VECTOR('',#1926,1.4);
#502=VECTOR('',#1927,1.4);
#503=VECTOR('',#1928,1.4);
#504=VECTOR('',#1931,0.95);
#505=VECTOR('',#1932,1.4);
#506=VECTOR('',#1933,0.95);
#507=VECTOR('',#1936,1.4);
#508=VECTOR('',#1937,0.95);
#509=VECTOR('',#1940,1.4);
#510=VECTOR('',#1941,0.95);
#511=VECTOR('',#1944,1.4);
#512=VECTOR('',#1947,1.2);
#513=VECTOR('',#1948,1.2);
#514=VECTOR('',#1949,1.2);
#515=VECTOR('',#1950,1.2);
#516=VECTOR('',#1953,0.4);
#517=VECTOR('',#1954,1.2);
#518=VECTOR('',#1955,0.4);
#519=VECTOR('',#1958,0.4);
#520=VECTOR('',#1959,1.2);
#521=VECTOR('',#1962,0.4);
#522=VECTOR('',#1963,1.2);
#523=VECTOR('',#1966,1.2);
#524=VECTOR('',#1973,0.5);
#525=VECTOR('',#2002,17.);
#526=VECTOR('',#2003,35.);
#527=VECTOR('',#2004,17.);
#528=VECTOR('',#2005,35.);
#529=VECTOR('',#2008,6.);
#530=VECTOR('',#2009,17.);
#531=VECTOR('',#2010,6.);
#532=VECTOR('',#2013,35.);
#533=VECTOR('',#2014,6.);
#534=VECTOR('',#2017,17.);
#535=VECTOR('',#2018,6.);
#536=VECTOR('',#2021,35.);
#537=VECTOR('',#2028,1.);
#538=VECTOR('',#2029,1.);
#539=VECTOR('',#2030,1.);
#540=VECTOR('',#2031,1.);
#541=VECTOR('',#2034,1.);
#542=VECTOR('',#2035,1.);
#543=VECTOR('',#2036,1.);
#544=VECTOR('',#2039,1.);
#545=VECTOR('',#2040,1.);
#546=VECTOR('',#2041,1.);
#547=VECTOR('',#2044,1.);
#548=VECTOR('',#2047,1.);
#549=CIRCLE('',#1504,3.);
#550=CIRCLE('',#1505,3.);
#551=CIRCLE('',#1506,3.);
#552=CIRCLE('',#1507,3.);
#553=CIRCLE('',#1509,3.);
#554=CIRCLE('',#1511,3.);
#555=CIRCLE('',#1512,3.);
#556=CIRCLE('',#1513,3.);
#557=CIRCLE('',#1531,0.5);
#558=CIRCLE('',#1533,0.5);
#559=CIRCLE('',#1534,0.5);
#560=CIRCLE('',#1536,0.1);
#561=CIRCLE('',#1537,0.4);
#562=CIRCLE('',#1539,0.05);
#563=CIRCLE('',#1540,0.05);
#564=CIRCLE('',#1541,0.03);
#565=CIRCLE('',#1542,0.03);
#566=CIRCLE('',#1543,0.02);
#567=CIRCLE('',#1544,0.02);
#568=CIRCLE('',#1556,0.5);
#569=CIRCLE('',#1558,0.5);
#570=CIRCLE('',#1560,0.4);
#571=CIRCLE('',#1561,0.1);
#572=CIRCLE('',#1563,0.05);
#573=CIRCLE('',#1564,0.05);
#574=CIRCLE('',#1565,0.03);
#575=CIRCLE('',#1566,0.02);
#576=CIRCLE('',#1567,0.03);
#577=CIRCLE('',#1568,0.02);
#578=CIRCLE('',#1582,0.5);
#579=CIRCLE('',#1584,0.5);
#580=CIRCLE('',#1585,0.5);
#581=CIRCLE('',#1587,0.1);
#582=CIRCLE('',#1588,0.4);
#583=CIRCLE('',#1590,0.05);
#584=CIRCLE('',#1591,0.05);
#585=CIRCLE('',#1592,0.03);
#586=CIRCLE('',#1593,0.03);
#587=CIRCLE('',#1594,0.02);
#588=CIRCLE('',#1595,0.02);
#589=CIRCLE('',#1608,0.5);
#590=CIRCLE('',#1610,0.5);
#591=CIRCLE('',#1612,0.4);
#592=CIRCLE('',#1613,0.1);
#593=CIRCLE('',#1615,0.05);
#594=CIRCLE('',#1616,0.05);
#595=CIRCLE('',#1617,0.03);
#596=CIRCLE('',#1618,0.02);
#597=CIRCLE('',#1619,0.03);
#598=CIRCLE('',#1620,0.02);
#599=VERTEX_POINT('',#2061);
#600=VERTEX_POINT('',#2062);
#601=VERTEX_POINT('',#2064);
#602=VERTEX_POINT('',#2066);
#603=VERTEX_POINT('',#2068);
#604=VERTEX_POINT('',#2070);
#605=VERTEX_POINT('',#2072);
#606=VERTEX_POINT('',#2074);
#607=VERTEX_POINT('',#2077);
#608=VERTEX_POINT('',#2078);
#609=VERTEX_POINT('',#2080);
#610=VERTEX_POINT('',#2082);
#611=VERTEX_POINT('',#2085);
#612=VERTEX_POINT('',#2086);
#613=VERTEX_POINT('',#2088);
#614=VERTEX_POINT('',#2090);
#615=VERTEX_POINT('',#2094);
#616=VERTEX_POINT('',#2095);
#617=VERTEX_POINT('',#2100);
#618=VERTEX_POINT('',#2102);
#619=VERTEX_POINT('',#2104);
#620=VERTEX_POINT('',#2106);
#621=VERTEX_POINT('',#2108);
#622=VERTEX_POINT('',#2110);
#623=VERTEX_POINT('',#2127);
#624=VERTEX_POINT('',#2129);
#625=VERTEX_POINT('',#2133);
#626=VERTEX_POINT('',#2137);
#627=VERTEX_POINT('',#2143);
#628=VERTEX_POINT('',#2144);
#629=VERTEX_POINT('',#2146);
#630=VERTEX_POINT('',#2148);
#631=VERTEX_POINT('',#2152);
#632=VERTEX_POINT('',#2154);
#633=VERTEX_POINT('',#2158);
#634=VERTEX_POINT('',#2162);
#635=VERTEX_POINT('',#2168);
#636=VERTEX_POINT('',#2171);
#637=VERTEX_POINT('',#2173);
#638=VERTEX_POINT('',#2177);
#639=VERTEX_POINT('',#2181);
#640=VERTEX_POINT('',#2182);
#641=VERTEX_POINT('',#2210);
#642=VERTEX_POINT('',#2212);
#643=VERTEX_POINT('',#2233);
#644=VERTEX_POINT('',#2235);
#645=VERTEX_POINT('',#2239);
#646=VERTEX_POINT('',#2243);
#647=VERTEX_POINT('',#2249);
#648=VERTEX_POINT('',#2250);
#649=VERTEX_POINT('',#2252);
#650=VERTEX_POINT('',#2254);
#651=VERTEX_POINT('',#2258);
#652=VERTEX_POINT('',#2260);
#653=VERTEX_POINT('',#2264);
#654=VERTEX_POINT('',#2268);
#655=VERTEX_POINT('',#2274);
#656=VERTEX_POINT('',#2277);
#657=VERTEX_POINT('',#2281);
#658=VERTEX_POINT('',#2285);
#659=VERTEX_POINT('',#2286);
#660=VERTEX_POINT('',#2304);
#661=VERTEX_POINT('',#2306);
#662=VERTEX_POINT('',#2338);
#663=VERTEX_POINT('',#2339);
#664=VERTEX_POINT('',#2341);
#665=VERTEX_POINT('',#2343);
#666=VERTEX_POINT('',#2347);
#667=VERTEX_POINT('',#2349);
#668=VERTEX_POINT('',#2353);
#669=VERTEX_POINT('',#2357);
#670=VERTEX_POINT('',#2363);
#671=VERTEX_POINT('',#2364);
#672=VERTEX_POINT('',#2366);
#673=VERTEX_POINT('',#2368);
#674=VERTEX_POINT('',#2372);
#675=VERTEX_POINT('',#2374);
#676=VERTEX_POINT('',#2378);
#677=VERTEX_POINT('',#2382);
#678=VERTEX_POINT('',#2388);
#679=VERTEX_POINT('',#2391);
#680=VERTEX_POINT('',#2393);
#681=VERTEX_POINT('',#2397);
#682=VERTEX_POINT('',#2401);
#683=VERTEX_POINT('',#2402);
#684=VERTEX_POINT('',#2430);
#685=VERTEX_POINT('',#2432);
#686=VERTEX_POINT('',#2463);
#687=VERTEX_POINT('',#2464);
#688=VERTEX_POINT('',#2466);
#689=VERTEX_POINT('',#2468);
#690=VERTEX_POINT('',#2472);
#691=VERTEX_POINT('',#2474);
#692=VERTEX_POINT('',#2478);
#693=VERTEX_POINT('',#2482);
#694=VERTEX_POINT('',#2488);
#695=VERTEX_POINT('',#2489);
#696=VERTEX_POINT('',#2491);
#697=VERTEX_POINT('',#2493);
#698=VERTEX_POINT('',#2497);
#699=VERTEX_POINT('',#2499);
#700=VERTEX_POINT('',#2503);
#701=VERTEX_POINT('',#2507);
#702=VERTEX_POINT('',#2513);
#703=VERTEX_POINT('',#2516);
#704=VERTEX_POINT('',#2520);
#705=VERTEX_POINT('',#2524);
#706=VERTEX_POINT('',#2525);
#707=VERTEX_POINT('',#2553);
#708=VERTEX_POINT('',#2555);
#709=VERTEX_POINT('',#2587);
#710=VERTEX_POINT('',#2588);
#711=VERTEX_POINT('',#2590);
#712=VERTEX_POINT('',#2592);
#713=VERTEX_POINT('',#2596);
#714=VERTEX_POINT('',#2598);
#715=VERTEX_POINT('',#2602);
#716=VERTEX_POINT('',#2606);
#717=VERTEX_POINT('',#2614);
#718=VERTEX_POINT('',#2615);
#719=VERTEX_POINT('',#2617);
#720=VERTEX_POINT('',#2619);
#721=VERTEX_POINT('',#2623);
#722=VERTEX_POINT('',#2624);
#723=VERTEX_POINT('',#2629);
#724=VERTEX_POINT('',#2631);
#725=EDGE_CURVE('',#599,#600,#549,.T.);
#726=EDGE_CURVE('',#601,#600,#269,.T.);
#727=EDGE_CURVE('',#601,#602,#550,.T.);
#728=EDGE_CURVE('',#602,#603,#270,.T.);
#729=EDGE_CURVE('',#603,#604,#551,.T.);
#730=EDGE_CURVE('',#604,#605,#271,.T.);
#731=EDGE_CURVE('',#605,#606,#552,.T.);
#732=EDGE_CURVE('',#599,#606,#272,.T.);
#733=EDGE_CURVE('',#607,#608,#273,.T.);
#734=EDGE_CURVE('',#609,#607,#274,.T.);
#735=EDGE_CURVE('',#610,#609,#275,.T.);
#736=EDGE_CURVE('',#608,#610,#276,.T.);
#737=EDGE_CURVE('',#611,#612,#277,.T.);
#738=EDGE_CURVE('',#613,#611,#278,.T.);
#739=EDGE_CURVE('',#614,#613,#279,.T.);
#740=EDGE_CURVE('',#612,#614,#280,.T.);
#741=EDGE_CURVE('',#615,#616,#553,.T.);
#742=EDGE_CURVE('',#600,#615,#281,.T.);
#743=EDGE_CURVE('',#599,#616,#282,.T.);
#744=EDGE_CURVE('',#616,#617,#283,.T.);
#745=EDGE_CURVE('',#617,#618,#554,.T.);
#746=EDGE_CURVE('',#618,#619,#284,.T.);
#747=EDGE_CURVE('',#619,#620,#555,.T.);
#748=EDGE_CURVE('',#621,#620,#285,.T.);
#749=EDGE_CURVE('',#621,#622,#556,.T.);
#750=EDGE_CURVE('',#615,#622,#286,.T.);
#751=EDGE_CURVE('',#622,#601,#287,.T.);
#752=EDGE_CURVE('',#621,#602,#288,.T.);
#753=EDGE_CURVE('',#603,#620,#289,.T.);
#754=EDGE_CURVE('',#604,#619,#290,.T.);
#755=EDGE_CURVE('',#605,#618,#291,.T.);
#756=EDGE_CURVE('',#606,#617,#292,.T.);
#757=EDGE_CURVE('',#623,#608,#293,.T.);
#758=EDGE_CURVE('',#623,#624,#294,.T.);
#759=EDGE_CURVE('',#624,#607,#295,.T.);
#760=EDGE_CURVE('',#624,#625,#296,.T.);
#761=EDGE_CURVE('',#625,#609,#297,.T.);
#762=EDGE_CURVE('',#625,#626,#298,.T.);
#763=EDGE_CURVE('',#610,#626,#299,.T.);
#764=EDGE_CURVE('',#626,#623,#300,.T.);
#765=EDGE_CURVE('',#627,#628,#301,.T.);
#766=EDGE_CURVE('',#629,#627,#302,.T.);
#767=EDGE_CURVE('',#630,#629,#303,.T.);
#768=EDGE_CURVE('',#628,#630,#304,.T.);
#769=EDGE_CURVE('',#628,#631,#305,.T.);
#770=EDGE_CURVE('',#631,#632,#306,.T.);
#771=EDGE_CURVE('',#627,#632,#307,.T.);
#772=EDGE_CURVE('',#630,#633,#308,.T.);
#773=EDGE_CURVE('',#633,#631,#309,.T.);
#774=EDGE_CURVE('',#634,#629,#310,.T.);
#775=EDGE_CURVE('',#634,#633,#311,.T.);
#776=EDGE_CURVE('',#632,#634,#312,.T.);
#777=EDGE_CURVE('',#635,#635,#557,.T.);
#778=EDGE_CURVE('',#635,#636,#313,.T.);
#779=EDGE_CURVE('',#637,#636,#558,.T.);
#780=EDGE_CURVE('',#636,#637,#559,.T.);
#781=EDGE_CURVE('',#637,#638,#560,.T.);
#782=EDGE_CURVE('',#638,#638,#561,.T.);
#783=EDGE_CURVE('',#639,#640,#562,.T.);
#784=EDGE_CURVE('',#640,#639,#563,.T.);
#785=EDGE_CURVE('',#641,#640,#564,.T.);
#786=EDGE_CURVE('',#642,#639,#565,.T.);
#787=EDGE_CURVE('',#641,#642,#566,.T.);
#788=EDGE_CURVE('',#642,#641,#567,.T.);
#789=EDGE_CURVE('',#643,#612,#314,.T.);
#790=EDGE_CURVE('',#643,#644,#315,.T.);
#791=EDGE_CURVE('',#644,#611,#316,.T.);
#792=EDGE_CURVE('',#644,#645,#317,.T.);
#793=EDGE_CURVE('',#645,#613,#318,.T.);
#794=EDGE_CURVE('',#645,#646,#319,.T.);
#795=EDGE_CURVE('',#614,#646,#320,.T.);
#796=EDGE_CURVE('',#646,#643,#321,.T.);
#797=EDGE_CURVE('',#647,#648,#322,.T.);
#798=EDGE_CURVE('',#649,#647,#323,.T.);
#799=EDGE_CURVE('',#650,#649,#324,.T.);
#800=EDGE_CURVE('',#648,#650,#325,.T.);
#801=EDGE_CURVE('',#648,#651,#326,.T.);
#802=EDGE_CURVE('',#651,#652,#327,.T.);
#803=EDGE_CURVE('',#647,#652,#328,.T.);
#804=EDGE_CURVE('',#650,#653,#329,.T.);
#805=EDGE_CURVE('',#653,#651,#330,.T.);
#806=EDGE_CURVE('',#654,#649,#331,.T.);
#807=EDGE_CURVE('',#654,#653,#332,.T.);
#808=EDGE_CURVE('',#652,#654,#333,.T.);
#809=EDGE_CURVE('',#655,#655,#568,.T.);
#810=EDGE_CURVE('',#655,#656,#334,.T.);
#811=EDGE_CURVE('',#656,#656,#569,.T.);
#812=EDGE_CURVE('',#657,#657,#570,.T.);
#813=EDGE_CURVE('',#657,#656,#571,.T.);
#814=EDGE_CURVE('',#658,#659,#572,.T.);
#815=EDGE_CURVE('',#659,#658,#573,.T.);
#816=EDGE_CURVE('',#660,#658,#574,.T.);
#817=EDGE_CURVE('',#661,#660,#575,.T.);
#818=EDGE_CURVE('',#661,#659,#576,.T.);
#819=EDGE_CURVE('',#660,#661,#577,.T.);
#820=EDGE_CURVE('',#662,#663,#335,.T.);
#821=EDGE_CURVE('',#664,#662,#336,.T.);
#822=EDGE_CURVE('',#665,#664,#337,.T.);
#823=EDGE_CURVE('',#663,#665,#338,.T.);
#824=EDGE_CURVE('',#666,#663,#339,.T.);
#825=EDGE_CURVE('',#666,#667,#340,.T.);
#826=EDGE_CURVE('',#667,#662,#341,.T.);
#827=EDGE_CURVE('',#667,#668,#342,.T.);
#828=EDGE_CURVE('',#668,#664,#343,.T.);
#829=EDGE_CURVE('',#668,#669,#344,.T.);
#830=EDGE_CURVE('',#665,#669,#345,.T.);
#831=EDGE_CURVE('',#669,#666,#346,.T.);
#832=EDGE_CURVE('',#670,#671,#347,.T.);
#833=EDGE_CURVE('',#672,#670,#348,.T.);
#834=EDGE_CURVE('',#673,#672,#349,.T.);
#835=EDGE_CURVE('',#671,#673,#350,.T.);
#836=EDGE_CURVE('',#671,#674,#351,.T.);
#837=EDGE_CURVE('',#674,#675,#352,.T.);
#838=EDGE_CURVE('',#670,#675,#353,.T.);
#839=EDGE_CURVE('',#673,#676,#354,.T.);
#840=EDGE_CURVE('',#676,#674,#355,.T.);
#841=EDGE_CURVE('',#677,#672,#356,.T.);
#842=EDGE_CURVE('',#677,#676,#357,.T.);
#843=EDGE_CURVE('',#675,#677,#358,.T.);
#844=EDGE_CURVE('',#678,#678,#578,.T.);
#845=EDGE_CURVE('',#678,#679,#359,.T.);
#846=EDGE_CURVE('',#680,#679,#579,.T.);
#847=EDGE_CURVE('',#679,#680,#580,.T.);
#848=EDGE_CURVE('',#680,#681,#581,.T.);
#849=EDGE_CURVE('',#681,#681,#582,.T.);
#850=EDGE_CURVE('',#682,#683,#583,.T.);
#851=EDGE_CURVE('',#683,#682,#584,.T.);
#852=EDGE_CURVE('',#684,#683,#585,.T.);
#853=EDGE_CURVE('',#685,#682,#586,.T.);
#854=EDGE_CURVE('',#684,#685,#587,.T.);
#855=EDGE_CURVE('',#685,#684,#588,.T.);
#856=EDGE_CURVE('',#686,#687,#360,.T.);
#857=EDGE_CURVE('',#688,#686,#361,.T.);
#858=EDGE_CURVE('',#689,#688,#362,.T.);
#859=EDGE_CURVE('',#687,#689,#363,.T.);
#860=EDGE_CURVE('',#690,#687,#364,.T.);
#861=EDGE_CURVE('',#690,#691,#365,.T.);
#862=EDGE_CURVE('',#691,#686,#366,.T.);
#863=EDGE_CURVE('',#691,#692,#367,.T.);
#864=EDGE_CURVE('',#692,#688,#368,.T.);
#865=EDGE_CURVE('',#692,#693,#369,.T.);
#866=EDGE_CURVE('',#689,#693,#370,.T.);
#867=EDGE_CURVE('',#693,#690,#371,.T.);
#868=EDGE_CURVE('',#694,#695,#372,.T.);
#869=EDGE_CURVE('',#696,#694,#373,.T.);
#870=EDGE_CURVE('',#697,#696,#374,.T.);
#871=EDGE_CURVE('',#695,#697,#375,.T.);
#872=EDGE_CURVE('',#695,#698,#376,.T.);
#873=EDGE_CURVE('',#698,#699,#377,.T.);
#874=EDGE_CURVE('',#694,#699,#378,.T.);
#875=EDGE_CURVE('',#697,#700,#379,.T.);
#876=EDGE_CURVE('',#700,#698,#380,.T.);
#877=EDGE_CURVE('',#701,#696,#381,.T.);
#878=EDGE_CURVE('',#701,#700,#382,.T.);
#879=EDGE_CURVE('',#699,#701,#383,.T.);
#880=EDGE_CURVE('',#702,#702,#589,.T.);
#881=EDGE_CURVE('',#702,#703,#384,.T.);
#882=EDGE_CURVE('',#703,#703,#590,.T.);
#883=EDGE_CURVE('',#704,#704,#591,.T.);
#884=EDGE_CURVE('',#704,#703,#592,.T.);
#885=EDGE_CURVE('',#705,#706,#593,.T.);
#886=EDGE_CURVE('',#706,#705,#594,.T.);
#887=EDGE_CURVE('',#707,#705,#595,.T.);
#888=EDGE_CURVE('',#708,#707,#596,.T.);
#889=EDGE_CURVE('',#708,#706,#597,.T.);
#890=EDGE_CURVE('',#707,#708,#598,.T.);
#891=EDGE_CURVE('',#709,#710,#385,.T.);
#892=EDGE_CURVE('',#711,#709,#386,.T.);
#893=EDGE_CURVE('',#712,#711,#387,.T.);
#894=EDGE_CURVE('',#710,#712,#388,.T.);
#895=EDGE_CURVE('',#710,#713,#389,.T.);
#896=EDGE_CURVE('',#714,#713,#390,.T.);
#897=EDGE_CURVE('',#709,#714,#391,.T.);
#898=EDGE_CURVE('',#715,#714,#392,.T.);
#899=EDGE_CURVE('',#711,#715,#393,.T.);
#900=EDGE_CURVE('',#716,#715,#394,.T.);
#901=EDGE_CURVE('',#712,#716,#395,.T.);
#902=EDGE_CURVE('',#713,#716,#396,.T.);
#903=EDGE_CURVE('',#717,#718,#397,.T.);
#904=EDGE_CURVE('',#719,#717,#398,.T.);
#905=EDGE_CURVE('',#720,#719,#399,.T.);
#906=EDGE_CURVE('',#718,#720,#400,.T.);
#907=EDGE_CURVE('',#721,#722,#401,.T.);
#908=EDGE_CURVE('',#721,#717,#402,.T.);
#909=EDGE_CURVE('',#722,#718,#403,.T.);
#910=EDGE_CURVE('',#722,#723,#404,.T.);
#911=EDGE_CURVE('',#723,#724,#405,.T.);
#912=EDGE_CURVE('',#724,#721,#406,.T.);
#913=EDGE_CURVE('',#724,#719,#407,.T.);
#914=EDGE_CURVE('',#723,#720,#408,.T.);
#915=ORIENTED_EDGE('',*,*,#725,.T.);
#916=ORIENTED_EDGE('',*,*,#726,.F.);
#917=ORIENTED_EDGE('',*,*,#727,.T.);
#918=ORIENTED_EDGE('',*,*,#728,.T.);
#919=ORIENTED_EDGE('',*,*,#729,.T.);
#920=ORIENTED_EDGE('',*,*,#730,.T.);
#921=ORIENTED_EDGE('',*,*,#731,.T.);
#922=ORIENTED_EDGE('',*,*,#732,.F.);
#923=ORIENTED_EDGE('',*,*,#733,.F.);
#924=ORIENTED_EDGE('',*,*,#734,.F.);
#925=ORIENTED_EDGE('',*,*,#735,.F.);
#926=ORIENTED_EDGE('',*,*,#736,.F.);
#927=ORIENTED_EDGE('',*,*,#737,.F.);
#928=ORIENTED_EDGE('',*,*,#738,.F.);
#929=ORIENTED_EDGE('',*,*,#739,.F.);
#930=ORIENTED_EDGE('',*,*,#740,.F.);
#931=ORIENTED_EDGE('',*,*,#741,.F.);
#932=ORIENTED_EDGE('',*,*,#742,.F.);
#933=ORIENTED_EDGE('',*,*,#725,.F.);
#934=ORIENTED_EDGE('',*,*,#743,.T.);
#935=ORIENTED_EDGE('',*,*,#741,.T.);
#936=ORIENTED_EDGE('',*,*,#744,.T.);
#937=ORIENTED_EDGE('',*,*,#745,.T.);
#938=ORIENTED_EDGE('',*,*,#746,.T.);
#939=ORIENTED_EDGE('',*,*,#747,.T.);
#940=ORIENTED_EDGE('',*,*,#748,.F.);
#941=ORIENTED_EDGE('',*,*,#749,.T.);
#942=ORIENTED_EDGE('',*,*,#750,.F.);
#943=ORIENTED_EDGE('',*,*,#742,.T.);
#944=ORIENTED_EDGE('',*,*,#750,.T.);
#945=ORIENTED_EDGE('',*,*,#751,.T.);
#946=ORIENTED_EDGE('',*,*,#726,.T.);
#947=ORIENTED_EDGE('',*,*,#727,.F.);
#948=ORIENTED_EDGE('',*,*,#751,.F.);
#949=ORIENTED_EDGE('',*,*,#749,.F.);
#950=ORIENTED_EDGE('',*,*,#752,.T.);
#951=ORIENTED_EDGE('',*,*,#753,.F.);
#952=ORIENTED_EDGE('',*,*,#728,.F.);
#953=ORIENTED_EDGE('',*,*,#752,.F.);
#954=ORIENTED_EDGE('',*,*,#748,.T.);
#955=ORIENTED_EDGE('',*,*,#747,.F.);
#956=ORIENTED_EDGE('',*,*,#754,.F.);
#957=ORIENTED_EDGE('',*,*,#729,.F.);
#958=ORIENTED_EDGE('',*,*,#753,.T.);
#959=ORIENTED_EDGE('',*,*,#755,.F.);
#960=ORIENTED_EDGE('',*,*,#730,.F.);
#961=ORIENTED_EDGE('',*,*,#754,.T.);
#962=ORIENTED_EDGE('',*,*,#746,.F.);
#963=ORIENTED_EDGE('',*,*,#745,.F.);
#964=ORIENTED_EDGE('',*,*,#756,.F.);
#965=ORIENTED_EDGE('',*,*,#731,.F.);
#966=ORIENTED_EDGE('',*,*,#755,.T.);
#967=ORIENTED_EDGE('',*,*,#743,.F.);
#968=ORIENTED_EDGE('',*,*,#732,.T.);
#969=ORIENTED_EDGE('',*,*,#756,.T.);
#970=ORIENTED_EDGE('',*,*,#744,.F.);
#971=ORIENTED_EDGE('',*,*,#733,.T.);
#972=ORIENTED_EDGE('',*,*,#757,.F.);
#973=ORIENTED_EDGE('',*,*,#758,.T.);
#974=ORIENTED_EDGE('',*,*,#759,.T.);
#975=ORIENTED_EDGE('',*,*,#734,.T.);
#976=ORIENTED_EDGE('',*,*,#759,.F.);
#977=ORIENTED_EDGE('',*,*,#760,.T.);
#978=ORIENTED_EDGE('',*,*,#761,.T.);
#979=ORIENTED_EDGE('',*,*,#735,.T.);
#980=ORIENTED_EDGE('',*,*,#761,.F.);
#981=ORIENTED_EDGE('',*,*,#762,.T.);
#982=ORIENTED_EDGE('',*,*,#763,.F.);
#983=ORIENTED_EDGE('',*,*,#736,.T.);
#984=ORIENTED_EDGE('',*,*,#763,.T.);
#985=ORIENTED_EDGE('',*,*,#764,.T.);
#986=ORIENTED_EDGE('',*,*,#757,.T.);
#987=ORIENTED_EDGE('',*,*,#760,.F.);
#988=ORIENTED_EDGE('',*,*,#758,.F.);
#989=ORIENTED_EDGE('',*,*,#764,.F.);
#990=ORIENTED_EDGE('',*,*,#762,.F.);
#991=ORIENTED_EDGE('',*,*,#765,.F.);
#992=ORIENTED_EDGE('',*,*,#766,.F.);
#993=ORIENTED_EDGE('',*,*,#767,.F.);
#994=ORIENTED_EDGE('',*,*,#768,.F.);
#995=ORIENTED_EDGE('',*,*,#769,.T.);
#996=ORIENTED_EDGE('',*,*,#770,.T.);
#997=ORIENTED_EDGE('',*,*,#771,.F.);
#998=ORIENTED_EDGE('',*,*,#765,.T.);
#999=ORIENTED_EDGE('',*,*,#772,.T.);
#1000=ORIENTED_EDGE('',*,*,#773,.T.);
#1001=ORIENTED_EDGE('',*,*,#769,.F.);
#1002=ORIENTED_EDGE('',*,*,#768,.T.);
#1003=ORIENTED_EDGE('',*,*,#774,.F.);
#1004=ORIENTED_EDGE('',*,*,#775,.T.);
#1005=ORIENTED_EDGE('',*,*,#772,.F.);
#1006=ORIENTED_EDGE('',*,*,#767,.T.);
#1007=ORIENTED_EDGE('',*,*,#771,.T.);
#1008=ORIENTED_EDGE('',*,*,#776,.T.);
#1009=ORIENTED_EDGE('',*,*,#774,.T.);
#1010=ORIENTED_EDGE('',*,*,#766,.T.);
#1011=ORIENTED_EDGE('',*,*,#770,.F.);
#1012=ORIENTED_EDGE('',*,*,#773,.F.);
#1013=ORIENTED_EDGE('',*,*,#775,.F.);
#1014=ORIENTED_EDGE('',*,*,#776,.F.);
#1015=ORIENTED_EDGE('',*,*,#777,.T.);
#1016=ORIENTED_EDGE('',*,*,#777,.F.);
#1017=ORIENTED_EDGE('',*,*,#778,.T.);
#1018=ORIENTED_EDGE('',*,*,#779,.F.);
#1019=ORIENTED_EDGE('',*,*,#780,.F.);
#1020=ORIENTED_EDGE('',*,*,#778,.F.);
#1021=ORIENTED_EDGE('',*,*,#779,.T.);
#1022=ORIENTED_EDGE('',*,*,#780,.T.);
#1023=ORIENTED_EDGE('',*,*,#781,.T.);
#1024=ORIENTED_EDGE('',*,*,#782,.F.);
#1025=ORIENTED_EDGE('',*,*,#781,.F.);
#1026=ORIENTED_EDGE('',*,*,#782,.T.);
#1027=ORIENTED_EDGE('',*,*,#783,.T.);
#1028=ORIENTED_EDGE('',*,*,#784,.T.);
#1029=ORIENTED_EDGE('',*,*,#785,.T.);
#1030=ORIENTED_EDGE('',*,*,#783,.F.);
#1031=ORIENTED_EDGE('',*,*,#786,.F.);
#1032=ORIENTED_EDGE('',*,*,#787,.F.);
#1033=ORIENTED_EDGE('',*,*,#784,.F.);
#1034=ORIENTED_EDGE('',*,*,#785,.F.);
#1035=ORIENTED_EDGE('',*,*,#788,.F.);
#1036=ORIENTED_EDGE('',*,*,#786,.T.);
#1037=ORIENTED_EDGE('',*,*,#787,.T.);
#1038=ORIENTED_EDGE('',*,*,#788,.T.);
#1039=ORIENTED_EDGE('',*,*,#737,.T.);
#1040=ORIENTED_EDGE('',*,*,#789,.F.);
#1041=ORIENTED_EDGE('',*,*,#790,.T.);
#1042=ORIENTED_EDGE('',*,*,#791,.T.);
#1043=ORIENTED_EDGE('',*,*,#738,.T.);
#1044=ORIENTED_EDGE('',*,*,#791,.F.);
#1045=ORIENTED_EDGE('',*,*,#792,.T.);
#1046=ORIENTED_EDGE('',*,*,#793,.T.);
#1047=ORIENTED_EDGE('',*,*,#739,.T.);
#1048=ORIENTED_EDGE('',*,*,#793,.F.);
#1049=ORIENTED_EDGE('',*,*,#794,.T.);
#1050=ORIENTED_EDGE('',*,*,#795,.F.);
#1051=ORIENTED_EDGE('',*,*,#740,.T.);
#1052=ORIENTED_EDGE('',*,*,#795,.T.);
#1053=ORIENTED_EDGE('',*,*,#796,.T.);
#1054=ORIENTED_EDGE('',*,*,#789,.T.);
#1055=ORIENTED_EDGE('',*,*,#792,.F.);
#1056=ORIENTED_EDGE('',*,*,#790,.F.);
#1057=ORIENTED_EDGE('',*,*,#796,.F.);
#1058=ORIENTED_EDGE('',*,*,#794,.F.);
#1059=ORIENTED_EDGE('',*,*,#797,.F.);
#1060=ORIENTED_EDGE('',*,*,#798,.F.);
#1061=ORIENTED_EDGE('',*,*,#799,.F.);
#1062=ORIENTED_EDGE('',*,*,#800,.F.);
#1063=ORIENTED_EDGE('',*,*,#801,.T.);
#1064=ORIENTED_EDGE('',*,*,#802,.T.);
#1065=ORIENTED_EDGE('',*,*,#803,.F.);
#1066=ORIENTED_EDGE('',*,*,#797,.T.);
#1067=ORIENTED_EDGE('',*,*,#804,.T.);
#1068=ORIENTED_EDGE('',*,*,#805,.T.);
#1069=ORIENTED_EDGE('',*,*,#801,.F.);
#1070=ORIENTED_EDGE('',*,*,#800,.T.);
#1071=ORIENTED_EDGE('',*,*,#806,.F.);
#1072=ORIENTED_EDGE('',*,*,#807,.T.);
#1073=ORIENTED_EDGE('',*,*,#804,.F.);
#1074=ORIENTED_EDGE('',*,*,#799,.T.);
#1075=ORIENTED_EDGE('',*,*,#803,.T.);
#1076=ORIENTED_EDGE('',*,*,#808,.T.);
#1077=ORIENTED_EDGE('',*,*,#806,.T.);
#1078=ORIENTED_EDGE('',*,*,#798,.T.);
#1079=ORIENTED_EDGE('',*,*,#802,.F.);
#1080=ORIENTED_EDGE('',*,*,#805,.F.);
#1081=ORIENTED_EDGE('',*,*,#807,.F.);
#1082=ORIENTED_EDGE('',*,*,#808,.F.);
#1083=ORIENTED_EDGE('',*,*,#809,.T.);
#1084=ORIENTED_EDGE('',*,*,#809,.F.);
#1085=ORIENTED_EDGE('',*,*,#810,.T.);
#1086=ORIENTED_EDGE('',*,*,#811,.F.);
#1087=ORIENTED_EDGE('',*,*,#810,.F.);
#1088=ORIENTED_EDGE('',*,*,#812,.F.);
#1089=ORIENTED_EDGE('',*,*,#813,.T.);
#1090=ORIENTED_EDGE('',*,*,#811,.T.);
#1091=ORIENTED_EDGE('',*,*,#813,.F.);
#1092=ORIENTED_EDGE('',*,*,#812,.T.);
#1093=ORIENTED_EDGE('',*,*,#814,.T.);
#1094=ORIENTED_EDGE('',*,*,#815,.T.);
#1095=ORIENTED_EDGE('',*,*,#814,.F.);
#1096=ORIENTED_EDGE('',*,*,#816,.F.);
#1097=ORIENTED_EDGE('',*,*,#817,.F.);
#1098=ORIENTED_EDGE('',*,*,#818,.T.);
#1099=ORIENTED_EDGE('',*,*,#816,.T.);
#1100=ORIENTED_EDGE('',*,*,#815,.F.);
#1101=ORIENTED_EDGE('',*,*,#818,.F.);
#1102=ORIENTED_EDGE('',*,*,#819,.F.);
#1103=ORIENTED_EDGE('',*,*,#819,.T.);
#1104=ORIENTED_EDGE('',*,*,#817,.T.);
#1105=ORIENTED_EDGE('',*,*,#820,.F.);
#1106=ORIENTED_EDGE('',*,*,#821,.F.);
#1107=ORIENTED_EDGE('',*,*,#822,.F.);
#1108=ORIENTED_EDGE('',*,*,#823,.F.);
#1109=ORIENTED_EDGE('',*,*,#820,.T.);
#1110=ORIENTED_EDGE('',*,*,#824,.F.);
#1111=ORIENTED_EDGE('',*,*,#825,.T.);
#1112=ORIENTED_EDGE('',*,*,#826,.T.);
#1113=ORIENTED_EDGE('',*,*,#821,.T.);
#1114=ORIENTED_EDGE('',*,*,#826,.F.);
#1115=ORIENTED_EDGE('',*,*,#827,.T.);
#1116=ORIENTED_EDGE('',*,*,#828,.T.);
#1117=ORIENTED_EDGE('',*,*,#822,.T.);
#1118=ORIENTED_EDGE('',*,*,#828,.F.);
#1119=ORIENTED_EDGE('',*,*,#829,.T.);
#1120=ORIENTED_EDGE('',*,*,#830,.F.);
#1121=ORIENTED_EDGE('',*,*,#823,.T.);
#1122=ORIENTED_EDGE('',*,*,#830,.T.);
#1123=ORIENTED_EDGE('',*,*,#831,.T.);
#1124=ORIENTED_EDGE('',*,*,#824,.T.);
#1125=ORIENTED_EDGE('',*,*,#827,.F.);
#1126=ORIENTED_EDGE('',*,*,#825,.F.);
#1127=ORIENTED_EDGE('',*,*,#831,.F.);
#1128=ORIENTED_EDGE('',*,*,#829,.F.);
#1129=ORIENTED_EDGE('',*,*,#832,.F.);
#1130=ORIENTED_EDGE('',*,*,#833,.F.);
#1131=ORIENTED_EDGE('',*,*,#834,.F.);
#1132=ORIENTED_EDGE('',*,*,#835,.F.);
#1133=ORIENTED_EDGE('',*,*,#836,.T.);
#1134=ORIENTED_EDGE('',*,*,#837,.T.);
#1135=ORIENTED_EDGE('',*,*,#838,.F.);
#1136=ORIENTED_EDGE('',*,*,#832,.T.);
#1137=ORIENTED_EDGE('',*,*,#839,.T.);
#1138=ORIENTED_EDGE('',*,*,#840,.T.);
#1139=ORIENTED_EDGE('',*,*,#836,.F.);
#1140=ORIENTED_EDGE('',*,*,#835,.T.);
#1141=ORIENTED_EDGE('',*,*,#841,.F.);
#1142=ORIENTED_EDGE('',*,*,#842,.T.);
#1143=ORIENTED_EDGE('',*,*,#839,.F.);
#1144=ORIENTED_EDGE('',*,*,#834,.T.);
#1145=ORIENTED_EDGE('',*,*,#838,.T.);
#1146=ORIENTED_EDGE('',*,*,#843,.T.);
#1147=ORIENTED_EDGE('',*,*,#841,.T.);
#1148=ORIENTED_EDGE('',*,*,#833,.T.);
#1149=ORIENTED_EDGE('',*,*,#837,.F.);
#1150=ORIENTED_EDGE('',*,*,#840,.F.);
#1151=ORIENTED_EDGE('',*,*,#842,.F.);
#1152=ORIENTED_EDGE('',*,*,#843,.F.);
#1153=ORIENTED_EDGE('',*,*,#844,.T.);
#1154=ORIENTED_EDGE('',*,*,#844,.F.);
#1155=ORIENTED_EDGE('',*,*,#845,.T.);
#1156=ORIENTED_EDGE('',*,*,#846,.F.);
#1157=ORIENTED_EDGE('',*,*,#847,.F.);
#1158=ORIENTED_EDGE('',*,*,#845,.F.);
#1159=ORIENTED_EDGE('',*,*,#846,.T.);
#1160=ORIENTED_EDGE('',*,*,#847,.T.);
#1161=ORIENTED_EDGE('',*,*,#848,.T.);
#1162=ORIENTED_EDGE('',*,*,#849,.F.);
#1163=ORIENTED_EDGE('',*,*,#848,.F.);
#1164=ORIENTED_EDGE('',*,*,#849,.T.);
#1165=ORIENTED_EDGE('',*,*,#850,.T.);
#1166=ORIENTED_EDGE('',*,*,#851,.T.);
#1167=ORIENTED_EDGE('',*,*,#852,.T.);
#1168=ORIENTED_EDGE('',*,*,#850,.F.);
#1169=ORIENTED_EDGE('',*,*,#853,.F.);
#1170=ORIENTED_EDGE('',*,*,#854,.F.);
#1171=ORIENTED_EDGE('',*,*,#851,.F.);
#1172=ORIENTED_EDGE('',*,*,#852,.F.);
#1173=ORIENTED_EDGE('',*,*,#855,.F.);
#1174=ORIENTED_EDGE('',*,*,#853,.T.);
#1175=ORIENTED_EDGE('',*,*,#854,.T.);
#1176=ORIENTED_EDGE('',*,*,#855,.T.);
#1177=ORIENTED_EDGE('',*,*,#856,.F.);
#1178=ORIENTED_EDGE('',*,*,#857,.F.);
#1179=ORIENTED_EDGE('',*,*,#858,.F.);
#1180=ORIENTED_EDGE('',*,*,#859,.F.);
#1181=ORIENTED_EDGE('',*,*,#856,.T.);
#1182=ORIENTED_EDGE('',*,*,#860,.F.);
#1183=ORIENTED_EDGE('',*,*,#861,.T.);
#1184=ORIENTED_EDGE('',*,*,#862,.T.);
#1185=ORIENTED_EDGE('',*,*,#857,.T.);
#1186=ORIENTED_EDGE('',*,*,#862,.F.);
#1187=ORIENTED_EDGE('',*,*,#863,.T.);
#1188=ORIENTED_EDGE('',*,*,#864,.T.);
#1189=ORIENTED_EDGE('',*,*,#858,.T.);
#1190=ORIENTED_EDGE('',*,*,#864,.F.);
#1191=ORIENTED_EDGE('',*,*,#865,.T.);
#1192=ORIENTED_EDGE('',*,*,#866,.F.);
#1193=ORIENTED_EDGE('',*,*,#859,.T.);
#1194=ORIENTED_EDGE('',*,*,#866,.T.);
#1195=ORIENTED_EDGE('',*,*,#867,.T.);
#1196=ORIENTED_EDGE('',*,*,#860,.T.);
#1197=ORIENTED_EDGE('',*,*,#863,.F.);
#1198=ORIENTED_EDGE('',*,*,#861,.F.);
#1199=ORIENTED_EDGE('',*,*,#867,.F.);
#1200=ORIENTED_EDGE('',*,*,#865,.F.);
#1201=ORIENTED_EDGE('',*,*,#868,.F.);
#1202=ORIENTED_EDGE('',*,*,#869,.F.);
#1203=ORIENTED_EDGE('',*,*,#870,.F.);
#1204=ORIENTED_EDGE('',*,*,#871,.F.);
#1205=ORIENTED_EDGE('',*,*,#872,.T.);
#1206=ORIENTED_EDGE('',*,*,#873,.T.);
#1207=ORIENTED_EDGE('',*,*,#874,.F.);
#1208=ORIENTED_EDGE('',*,*,#868,.T.);
#1209=ORIENTED_EDGE('',*,*,#875,.T.);
#1210=ORIENTED_EDGE('',*,*,#876,.T.);
#1211=ORIENTED_EDGE('',*,*,#872,.F.);
#1212=ORIENTED_EDGE('',*,*,#871,.T.);
#1213=ORIENTED_EDGE('',*,*,#877,.F.);
#1214=ORIENTED_EDGE('',*,*,#878,.T.);
#1215=ORIENTED_EDGE('',*,*,#875,.F.);
#1216=ORIENTED_EDGE('',*,*,#870,.T.);
#1217=ORIENTED_EDGE('',*,*,#874,.T.);
#1218=ORIENTED_EDGE('',*,*,#879,.T.);
#1219=ORIENTED_EDGE('',*,*,#877,.T.);
#1220=ORIENTED_EDGE('',*,*,#869,.T.);
#1221=ORIENTED_EDGE('',*,*,#873,.F.);
#1222=ORIENTED_EDGE('',*,*,#876,.F.);
#1223=ORIENTED_EDGE('',*,*,#878,.F.);
#1224=ORIENTED_EDGE('',*,*,#879,.F.);
#1225=ORIENTED_EDGE('',*,*,#880,.T.);
#1226=ORIENTED_EDGE('',*,*,#880,.F.);
#1227=ORIENTED_EDGE('',*,*,#881,.T.);
#1228=ORIENTED_EDGE('',*,*,#882,.F.);
#1229=ORIENTED_EDGE('',*,*,#881,.F.);
#1230=ORIENTED_EDGE('',*,*,#883,.F.);
#1231=ORIENTED_EDGE('',*,*,#884,.T.);
#1232=ORIENTED_EDGE('',*,*,#882,.T.);
#1233=ORIENTED_EDGE('',*,*,#884,.F.);
#1234=ORIENTED_EDGE('',*,*,#883,.T.);
#1235=ORIENTED_EDGE('',*,*,#885,.T.);
#1236=ORIENTED_EDGE('',*,*,#886,.T.);
#1237=ORIENTED_EDGE('',*,*,#885,.F.);
#1238=ORIENTED_EDGE('',*,*,#887,.F.);
#1239=ORIENTED_EDGE('',*,*,#888,.F.);
#1240=ORIENTED_EDGE('',*,*,#889,.T.);
#1241=ORIENTED_EDGE('',*,*,#887,.T.);
#1242=ORIENTED_EDGE('',*,*,#886,.F.);
#1243=ORIENTED_EDGE('',*,*,#889,.F.);
#1244=ORIENTED_EDGE('',*,*,#890,.F.);
#1245=ORIENTED_EDGE('',*,*,#890,.T.);
#1246=ORIENTED_EDGE('',*,*,#888,.T.);
#1247=ORIENTED_EDGE('',*,*,#891,.F.);
#1248=ORIENTED_EDGE('',*,*,#892,.F.);
#1249=ORIENTED_EDGE('',*,*,#893,.F.);
#1250=ORIENTED_EDGE('',*,*,#894,.F.);
#1251=ORIENTED_EDGE('',*,*,#891,.T.);
#1252=ORIENTED_EDGE('',*,*,#895,.T.);
#1253=ORIENTED_EDGE('',*,*,#896,.F.);
#1254=ORIENTED_EDGE('',*,*,#897,.F.);
#1255=ORIENTED_EDGE('',*,*,#892,.T.);
#1256=ORIENTED_EDGE('',*,*,#897,.T.);
#1257=ORIENTED_EDGE('',*,*,#898,.F.);
#1258=ORIENTED_EDGE('',*,*,#899,.F.);
#1259=ORIENTED_EDGE('',*,*,#893,.T.);
#1260=ORIENTED_EDGE('',*,*,#899,.T.);
#1261=ORIENTED_EDGE('',*,*,#900,.F.);
#1262=ORIENTED_EDGE('',*,*,#901,.F.);
#1263=ORIENTED_EDGE('',*,*,#894,.T.);
#1264=ORIENTED_EDGE('',*,*,#901,.T.);
#1265=ORIENTED_EDGE('',*,*,#902,.F.);
#1266=ORIENTED_EDGE('',*,*,#895,.F.);
#1267=ORIENTED_EDGE('',*,*,#896,.T.);
#1268=ORIENTED_EDGE('',*,*,#902,.T.);
#1269=ORIENTED_EDGE('',*,*,#900,.T.);
#1270=ORIENTED_EDGE('',*,*,#898,.T.);
#1271=ORIENTED_EDGE('',*,*,#903,.F.);
#1272=ORIENTED_EDGE('',*,*,#904,.F.);
#1273=ORIENTED_EDGE('',*,*,#905,.F.);
#1274=ORIENTED_EDGE('',*,*,#906,.F.);
#1275=ORIENTED_EDGE('',*,*,#907,.F.);
#1276=ORIENTED_EDGE('',*,*,#908,.T.);
#1277=ORIENTED_EDGE('',*,*,#903,.T.);
#1278=ORIENTED_EDGE('',*,*,#909,.F.);
#1279=ORIENTED_EDGE('',*,*,#907,.T.);
#1280=ORIENTED_EDGE('',*,*,#910,.T.);
#1281=ORIENTED_EDGE('',*,*,#911,.T.);
#1282=ORIENTED_EDGE('',*,*,#912,.T.);
#1283=ORIENTED_EDGE('',*,*,#912,.F.);
#1284=ORIENTED_EDGE('',*,*,#913,.T.);
#1285=ORIENTED_EDGE('',*,*,#904,.T.);
#1286=ORIENTED_EDGE('',*,*,#908,.F.);
#1287=ORIENTED_EDGE('',*,*,#911,.F.);
#1288=ORIENTED_EDGE('',*,*,#914,.T.);
#1289=ORIENTED_EDGE('',*,*,#905,.T.);
#1290=ORIENTED_EDGE('',*,*,#913,.F.);
#1291=ORIENTED_EDGE('',*,*,#910,.F.);
#1292=ORIENTED_EDGE('',*,*,#909,.T.);
#1293=ORIENTED_EDGE('',*,*,#906,.T.);
#1294=ORIENTED_EDGE('',*,*,#914,.F.);
#1295=PLANE('',#1503);
#1296=PLANE('',#1510);
#1297=PLANE('',#1514);
#1298=PLANE('',#1516);
#1299=PLANE('',#1518);
#1300=PLANE('',#1520);
#1301=PLANE('',#1521);
#1302=PLANE('',#1522);
#1303=PLANE('',#1523);
#1304=PLANE('',#1524);
#1305=PLANE('',#1525);
#1306=PLANE('',#1526);
#1307=PLANE('',#1527);
#1308=PLANE('',#1528);
#1309=PLANE('',#1529);
#1310=PLANE('',#1530);
#1311=PLANE('',#1538);
#1312=PLANE('',#1545);
#1313=PLANE('',#1546);
#1314=PLANE('',#1547);
#1315=PLANE('',#1548);
#1316=PLANE('',#1549);
#1317=PLANE('',#1550);
#1318=PLANE('',#1551);
#1319=PLANE('',#1552);
#1320=PLANE('',#1553);
#1321=PLANE('',#1554);
#1322=PLANE('',#1555);
#1323=PLANE('',#1562);
#1324=PLANE('',#1569);
#1325=PLANE('',#1571);
#1326=PLANE('',#1572);
#1327=PLANE('',#1573);
#1328=PLANE('',#1574);
#1329=PLANE('',#1575);
#1330=PLANE('',#1576);
#1331=PLANE('',#1577);
#1332=PLANE('',#1578);
#1333=PLANE('',#1579);
#1334=PLANE('',#1580);
#1335=PLANE('',#1581);
#1336=PLANE('',#1589);
#1337=PLANE('',#1596);
#1338=PLANE('',#1597);
#1339=PLANE('',#1598);
#1340=PLANE('',#1599);
#1341=PLANE('',#1600);
#1342=PLANE('',#1601);
#1343=PLANE('',#1602);
#1344=PLANE('',#1603);
#1345=PLANE('',#1604);
#1346=PLANE('',#1605);
#1347=PLANE('',#1606);
#1348=PLANE('',#1607);
#1349=PLANE('',#1614);
#1350=PLANE('',#1621);
#1351=PLANE('',#1623);
#1352=PLANE('',#1624);
#1353=PLANE('',#1625);
#1354=PLANE('',#1626);
#1355=PLANE('',#1627);
#1356=PLANE('',#1628);
#1357=PLANE('',#1630);
#1358=PLANE('',#1631);
#1359=PLANE('',#1632);
#1360=PLANE('',#1633);
#1361=PLANE('',#1634);
#1362=PLANE('',#1635);
#1363=ADVANCED_FACE('',(#79,#65,#66),#1295,.F.);
#1364=ADVANCED_FACE('',(#80),#57,.T.);
#1365=ADVANCED_FACE('',(#81),#1296,.T.);
#1366=ADVANCED_FACE('',(#82),#1297,.F.);
#1367=ADVANCED_FACE('',(#83),#58,.T.);
#1368=ADVANCED_FACE('',(#84),#1298,.F.);
#1369=ADVANCED_FACE('',(#85),#59,.T.);
#1370=ADVANCED_FACE('',(#86),#1299,.F.);
#1371=ADVANCED_FACE('',(#87),#60,.T.);
#1372=ADVANCED_FACE('',(#88),#1300,.F.);
#1373=ADVANCED_FACE('',(#89),#1301,.F.);
#1374=ADVANCED_FACE('',(#90),#1302,.F.);
#1375=ADVANCED_FACE('',(#91),#1303,.F.);
#1376=ADVANCED_FACE('',(#92),#1304,.F.);
#1377=ADVANCED_FACE('',(#93,#67),#1305,.T.);
#1378=ADVANCED_FACE('',(#94),#1306,.F.);
#1379=ADVANCED_FACE('',(#95),#1307,.F.);
#1380=ADVANCED_FACE('',(#96),#1308,.F.);
#1381=ADVANCED_FACE('',(#97),#1309,.F.);
#1382=ADVANCED_FACE('',(#98,#68),#1310,.T.);
#1383=ADVANCED_FACE('',(#99),#61,.T.);
#1384=ADVANCED_FACE('',(#100),#53,.T.);
#1385=ADVANCED_FACE('',(#101,#69),#1311,.T.);
#1386=ADVANCED_FACE('',(#102),#45,.F.);
#1387=ADVANCED_FACE('',(#103),#46,.F.);
#1388=ADVANCED_FACE('',(#104),#1312,.F.);
#1389=ADVANCED_FACE('',(#105),#1313,.F.);
#1390=ADVANCED_FACE('',(#106),#1314,.F.);
#1391=ADVANCED_FACE('',(#107),#1315,.F.);
#1392=ADVANCED_FACE('',(#108),#1316,.F.);
#1393=ADVANCED_FACE('',(#109,#70),#1317,.T.);
#1394=ADVANCED_FACE('',(#110),#1318,.F.);
#1395=ADVANCED_FACE('',(#111),#1319,.F.);
#1396=ADVANCED_FACE('',(#112),#1320,.F.);
#1397=ADVANCED_FACE('',(#113),#1321,.F.);
#1398=ADVANCED_FACE('',(#114,#71),#1322,.T.);
#1399=ADVANCED_FACE('',(#115),#62,.T.);
#1400=ADVANCED_FACE('',(#116),#54,.T.);
#1401=ADVANCED_FACE('',(#117,#72),#1323,.F.);
#1402=ADVANCED_FACE('',(#118),#47,.F.);
#1403=ADVANCED_FACE('',(#119),#48,.F.);
#1404=ADVANCED_FACE('',(#120),#1324,.F.);
#1405=ADVANCED_FACE('',(#121),#1325,.F.);
#1406=ADVANCED_FACE('',(#122),#1326,.F.);
#1407=ADVANCED_FACE('',(#123),#1327,.F.);
#1408=ADVANCED_FACE('',(#124),#1328,.F.);
#1409=ADVANCED_FACE('',(#125),#1329,.F.);
#1410=ADVANCED_FACE('',(#126,#73),#1330,.T.);
#1411=ADVANCED_FACE('',(#127),#1331,.F.);
#1412=ADVANCED_FACE('',(#128),#1332,.F.);
#1413=ADVANCED_FACE('',(#129),#1333,.F.);
#1414=ADVANCED_FACE('',(#130),#1334,.F.);
#1415=ADVANCED_FACE('',(#131,#74),#1335,.T.);
#1416=ADVANCED_FACE('',(#132),#63,.T.);
#1417=ADVANCED_FACE('',(#133),#55,.T.);
#1418=ADVANCED_FACE('',(#134,#75),#1336,.T.);
#1419=ADVANCED_FACE('',(#135),#49,.F.);
#1420=ADVANCED_FACE('',(#136),#50,.F.);
#1421=ADVANCED_FACE('',(#137),#1337,.F.);
#1422=ADVANCED_FACE('',(#138),#1338,.F.);
#1423=ADVANCED_FACE('',(#139),#1339,.F.);
#1424=ADVANCED_FACE('',(#140),#1340,.F.);
#1425=ADVANCED_FACE('',(#141),#1341,.F.);
#1426=ADVANCED_FACE('',(#142),#1342,.F.);
#1427=ADVANCED_FACE('',(#143,#76),#1343,.T.);
#1428=ADVANCED_FACE('',(#144),#1344,.F.);
#1429=ADVANCED_FACE('',(#145),#1345,.F.);
#1430=ADVANCED_FACE('',(#146),#1346,.F.);
#1431=ADVANCED_FACE('',(#147),#1347,.F.);
#1432=ADVANCED_FACE('',(#148,#77),#1348,.T.);
#1433=ADVANCED_FACE('',(#149),#64,.T.);
#1434=ADVANCED_FACE('',(#150),#56,.T.);
#1435=ADVANCED_FACE('',(#151,#78),#1349,.F.);
#1436=ADVANCED_FACE('',(#152),#51,.F.);
#1437=ADVANCED_FACE('',(#153),#52,.F.);
#1438=ADVANCED_FACE('',(#154),#1350,.F.);
#1439=ADVANCED_FACE('',(#155),#1351,.F.);
#1440=ADVANCED_FACE('',(#156),#1352,.T.);
#1441=ADVANCED_FACE('',(#157),#1353,.T.);
#1442=ADVANCED_FACE('',(#158),#1354,.T.);
#1443=ADVANCED_FACE('',(#159),#1355,.T.);
#1444=ADVANCED_FACE('',(#160),#1356,.T.);
#1445=ADVANCED_FACE('',(#161),#1357,.T.);
#1446=ADVANCED_FACE('',(#162),#1358,.F.);
#1447=ADVANCED_FACE('',(#163),#1359,.F.);
#1448=ADVANCED_FACE('',(#164),#1360,.F.);
#1449=ADVANCED_FACE('',(#165),#1361,.F.);
#1450=ADVANCED_FACE('',(#166),#1362,.F.);
#1451=CLOSED_SHELL('',(#1363,#1364,#1365,#1366,#1367,#1368,#1369,#1370,
#1371,#1372,#1373,#1374,#1375,#1376,#1377,#1378,#1379,#1380,#1381,#1382,
#1383,#1384,#1385,#1386,#1387,#1388,#1389,#1390,#1391,#1392,#1393,#1394,
#1395,#1396,#1397,#1398,#1399,#1400,#1401,#1402,#1403,#1404));
#1452=CLOSED_SHELL('',(#1405,#1406,#1407,#1408,#1409,#1410,#1411,#1412,
#1413,#1414,#1415,#1416,#1417,#1418,#1419,#1420,#1421));
#1453=CLOSED_SHELL('',(#1422,#1423,#1424,#1425,#1426,#1427,#1428,#1429,
#1430,#1431,#1432,#1433,#1434,#1435,#1436,#1437,#1438));
#1454=CLOSED_SHELL('',(#1439,#1440,#1441,#1442,#1443,#1444));
#1455=CLOSED_SHELL('',(#1445,#1446,#1447,#1448,#1449,#1450));
#1456=DERIVED_UNIT_ELEMENT(#1464,1.);
#1457=DERIVED_UNIT_ELEMENT(#2656,-3.);
#1458=DERIVED_UNIT_ELEMENT(#1464,1.);
#1459=DERIVED_UNIT_ELEMENT(#2656,-3.);
#1460=DERIVED_UNIT_ELEMENT(#1464,1.);
#1461=DERIVED_UNIT_ELEMENT(#2656,-3.);
#1462=DERIVED_UNIT_ELEMENT(#1464,1.);
#1463=DERIVED_UNIT_ELEMENT(#2656,-3.);
#1464=(
MASS_UNIT()
NAMED_UNIT(*)
SI_UNIT(.KILO.,.GRAM.)
);
#1465=DERIVED_UNIT((#1456,#1457));
#1466=DERIVED_UNIT((#1458,#1459));
#1467=DERIVED_UNIT((#1460,#1461));
#1468=DERIVED_UNIT((#1462,#1463));
#1469=MEASURE_REPRESENTATION_ITEM('density measure',
POSITIVE_RATIO_MEASURE(7850.),#1465);
#1470=MEASURE_REPRESENTATION_ITEM('density measure',
POSITIVE_RATIO_MEASURE(7850.),#1466);
#1471=MEASURE_REPRESENTATION_ITEM('density measure',
POSITIVE_RATIO_MEASURE(7850.),#1467);
#1472=MEASURE_REPRESENTATION_ITEM('density measure',
POSITIVE_RATIO_MEASURE(7850.),#1468);
#1473=PROPERTY_DEFINITION_REPRESENTATION(#1493,#1481);
#1474=PROPERTY_DEFINITION_REPRESENTATION(#1494,#1482);
#1475=PROPERTY_DEFINITION_REPRESENTATION(#1495,#1483);
#1476=PROPERTY_DEFINITION_REPRESENTATION(#1496,#1484);
#1477=PROPERTY_DEFINITION_REPRESENTATION(#1497,#1485);
#1478=PROPERTY_DEFINITION_REPRESENTATION(#1498,#1486);
#1479=PROPERTY_DEFINITION_REPRESENTATION(#1499,#1487);
#1480=PROPERTY_DEFINITION_REPRESENTATION(#1500,#1488);
#1481=REPRESENTATION('material name',(#1489),#2650);
#1482=REPRESENTATION('density',(#1469),#2650);
#1483=REPRESENTATION('material name',(#1490),#2651);
#1484=REPRESENTATION('density',(#1470),#2651);
#1485=REPRESENTATION('material name',(#1491),#2652);
#1486=REPRESENTATION('density',(#1471),#2652);
#1487=REPRESENTATION('material name',(#1492),#2653);
#1488=REPRESENTATION('density',(#1472),#2653);
#1489=DESCRIPTIVE_REPRESENTATION_ITEM('\X2\94A2\X0\','\X2\94A2\X0\');
#1490=DESCRIPTIVE_REPRESENTATION_ITEM('\X2\94A2\X0\','\X2\94A2\X0\');
#1491=DESCRIPTIVE_REPRESENTATION_ITEM('\X2\94A2\X0\','\X2\94A2\X0\');
#1492=DESCRIPTIVE_REPRESENTATION_ITEM('\X2\94A2\X0\','\X2\94A2\X0\');
#1493=PROPERTY_DEFINITION('material property','material name',#2680);
#1494=PROPERTY_DEFINITION('material property','density of part',#2680);
#1495=PROPERTY_DEFINITION('material property','material name',#2681);
#1496=PROPERTY_DEFINITION('material property','density of part',#2681);
#1497=PROPERTY_DEFINITION('material property','material name',#2682);
#1498=PROPERTY_DEFINITION('material property','density of part',#2682);
#1499=PROPERTY_DEFINITION('material property','material name',#2683);
#1500=PROPERTY_DEFINITION('material property','density of part',#2683);
#1501=AXIS2_PLACEMENT_3D('',#2058,#1640,#1641);
#1502=AXIS2_PLACEMENT_3D('',#2059,#1642,#1643);
#1503=AXIS2_PLACEMENT_3D('',#2060,#1644,#1645);
#1504=AXIS2_PLACEMENT_3D('',#2063,#1646,#1647);
#1505=AXIS2_PLACEMENT_3D('',#2067,#1649,#1650);
#1506=AXIS2_PLACEMENT_3D('',#2071,#1652,#1653);
#1507=AXIS2_PLACEMENT_3D('',#2075,#1655,#1656);
#1508=AXIS2_PLACEMENT_3D('',#2093,#1666,#1667);
#1509=AXIS2_PLACEMENT_3D('',#2096,#1668,#1669);
#1510=AXIS2_PLACEMENT_3D('',#2099,#1672,#1673);
#1511=AXIS2_PLACEMENT_3D('',#2103,#1675,#1676);
#1512=AXIS2_PLACEMENT_3D('',#2107,#1678,#1679);
#1513=AXIS2_PLACEMENT_3D('',#2111,#1681,#1682);
#1514=AXIS2_PLACEMENT_3D('',#2113,#1684,#1685);
#1515=AXIS2_PLACEMENT_3D('',#2115,#1687,#1688);
#1516=AXIS2_PLACEMENT_3D('',#2117,#1690,#1691);
#1517=AXIS2_PLACEMENT_3D('',#2119,#1693,#1694);
#1518=AXIS2_PLACEMENT_3D('',#2121,#1696,#1697);
#1519=AXIS2_PLACEMENT_3D('',#2123,#1699,#1700);
#1520=AXIS2_PLACEMENT_3D('',#2125,#1702,#1703);
#1521=AXIS2_PLACEMENT_3D('',#2126,#1704,#1705);
#1522=AXIS2_PLACEMENT_3D('',#2132,#1709,#1710);
#1523=AXIS2_PLACEMENT_3D('',#2136,#1713,#1714);
#1524=AXIS2_PLACEMENT_3D('',#2140,#1717,#1718);
#1525=AXIS2_PLACEMENT_3D('',#2142,#1720,#1721);
#1526=AXIS2_PLACEMENT_3D('',#2151,#1726,#1727);
#1527=AXIS2_PLACEMENT_3D('',#2157,#1731,#1732);
#1528=AXIS2_PLACEMENT_3D('',#2161,#1735,#1736);
#1529=AXIS2_PLACEMENT_3D('',#2165,#1739,#1740);
#1530=AXIS2_PLACEMENT_3D('',#2167,#1742,#1743);
#1531=AXIS2_PLACEMENT_3D('',#2169,#1744,#1745);
#1532=AXIS2_PLACEMENT_3D('',#2170,#1746,#1747);
#1533=AXIS2_PLACEMENT_3D('',#2174,#1749,#1750);
#1534=AXIS2_PLACEMENT_3D('',#2175,#1751,#1752);
#1535=AXIS2_PLACEMENT_3D('',#2176,#1753,#1754);
#1536=AXIS2_PLACEMENT_3D('',#2178,#1755,#1756);
#1537=AXIS2_PLACEMENT_3D('',#2179,#1757,#1758);
#1538=AXIS2_PLACEMENT_3D('',#2180,#1759,#1760);
#1539=AXIS2_PLACEMENT_3D('',#2183,#1761,#1762);
#1540=AXIS2_PLACEMENT_3D('',#2184,#1763,#1764);
#1541=AXIS2_PLACEMENT_3D('',#2211,#1765,#1766);
#1542=AXIS2_PLACEMENT_3D('',#2213,#1767,#1768);
#1543=AXIS2_PLACEMENT_3D('',#2214,#1769,#1770);
#1544=AXIS2_PLACEMENT_3D('',#2230,#1771,#1772);
#1545=AXIS2_PLACEMENT_3D('',#2231,#1773,#1774);
#1546=AXIS2_PLACEMENT_3D('',#2232,#1775,#1776);
#1547=AXIS2_PLACEMENT_3D('',#2238,#1780,#1781);
#1548=AXIS2_PLACEMENT_3D('',#2242,#1784,#1785);
#1549=AXIS2_PLACEMENT_3D('',#2246,#1788,#1789);
#1550=AXIS2_PLACEMENT_3D('',#2248,#1791,#1792);
#1551=AXIS2_PLACEMENT_3D('',#2257,#1797,#1798);
#1552=AXIS2_PLACEMENT_3D('',#2263,#1802,#1803);
#1553=AXIS2_PLACEMENT_3D('',#2267,#1806,#1807);
#1554=AXIS2_PLACEMENT_3D('',#2271,#1810,#1811);
#1555=AXIS2_PLACEMENT_3D('',#2273,#1813,#1814);
#1556=AXIS2_PLACEMENT_3D('',#2275,#1815,#1816);
#1557=AXIS2_PLACEMENT_3D('',#2276,#1817,#1818);
#1558=AXIS2_PLACEMENT_3D('',#2279,#1820,#1821);
#1559=AXIS2_PLACEMENT_3D('',#2280,#1822,#1823);
#1560=AXIS2_PLACEMENT_3D('',#2282,#1824,#1825);
#1561=AXIS2_PLACEMENT_3D('',#2283,#1826,#1827);
#1562=AXIS2_PLACEMENT_3D('',#2284,#1828,#1829);
#1563=AXIS2_PLACEMENT_3D('',#2287,#1830,#1831);
#1564=AXIS2_PLACEMENT_3D('',#2288,#1832,#1833);
#1565=AXIS2_PLACEMENT_3D('',#2305,#1834,#1835);
#1566=AXIS2_PLACEMENT_3D('',#2307,#1836,#1837);
#1567=AXIS2_PLACEMENT_3D('',#2308,#1838,#1839);
#1568=AXIS2_PLACEMENT_3D('',#2334,#1840,#1841);
#1569=AXIS2_PLACEMENT_3D('',#2335,#1842,#1843);
#1570=AXIS2_PLACEMENT_3D('',#2336,#1844,#1845);
#1571=AXIS2_PLACEMENT_3D('',#2337,#1846,#1847);
#1572=AXIS2_PLACEMENT_3D('',#2346,#1852,#1853);
#1573=AXIS2_PLACEMENT_3D('',#2352,#1857,#1858);
#1574=AXIS2_PLACEMENT_3D('',#2356,#1861,#1862);
#1575=AXIS2_PLACEMENT_3D('',#2360,#1865,#1866);
#1576=AXIS2_PLACEMENT_3D('',#2362,#1868,#1869);
#1577=AXIS2_PLACEMENT_3D('',#2371,#1874,#1875);
#1578=AXIS2_PLACEMENT_3D('',#2377,#1879,#1880);
#1579=AXIS2_PLACEMENT_3D('',#2381,#1883,#1884);
#1580=AXIS2_PLACEMENT_3D('',#2385,#1887,#1888);
#1581=AXIS2_PLACEMENT_3D('',#2387,#1890,#1891);
#1582=AXIS2_PLACEMENT_3D('',#2389,#1892,#1893);
#1583=AXIS2_PLACEMENT_3D('',#2390,#1894,#1895);
#1584=AXIS2_PLACEMENT_3D('',#2394,#1897,#1898);
#1585=AXIS2_PLACEMENT_3D('',#2395,#1899,#1900);
#1586=AXIS2_PLACEMENT_3D('',#2396,#1901,#1902);
#1587=AXIS2_PLACEMENT_3D('',#2398,#1903,#1904);
#1588=AXIS2_PLACEMENT_3D('',#2399,#1905,#1906);
#1589=AXIS2_PLACEMENT_3D('',#2400,#1907,#1908);
#1590=AXIS2_PLACEMENT_3D('',#2403,#1909,#1910);
#1591=AXIS2_PLACEMENT_3D('',#2404,#1911,#1912);
#1592=AXIS2_PLACEMENT_3D('',#2431,#1913,#1914);
#1593=AXIS2_PLACEMENT_3D('',#2433,#1915,#1916);
#1594=AXIS2_PLACEMENT_3D('',#2434,#1917,#1918);
#1595=AXIS2_PLACEMENT_3D('',#2460,#1919,#1920);
#1596=AXIS2_PLACEMENT_3D('',#2461,#1921,#1922);
#1597=AXIS2_PLACEMENT_3D('',#2462,#1923,#1924);
#1598=AXIS2_PLACEMENT_3D('',#2471,#1929,#1930);
#1599=AXIS2_PLACEMENT_3D('',#2477,#1934,#1935);
#1600=AXIS2_PLACEMENT_3D('',#2481,#1938,#1939);
#1601=AXIS2_PLACEMENT_3D('',#2485,#1942,#1943);
#1602=AXIS2_PLACEMENT_3D('',#2487,#1945,#1946);
#1603=AXIS2_PLACEMENT_3D('',#2496,#1951,#1952);
#1604=AXIS2_PLACEMENT_3D('',#2502,#1956,#1957);
#1605=AXIS2_PLACEMENT_3D('',#2506,#1960,#1961);
#1606=AXIS2_PLACEMENT_3D('',#2510,#1964,#1965);
#1607=AXIS2_PLACEMENT_3D('',#2512,#1967,#1968);
#1608=AXIS2_PLACEMENT_3D('',#2514,#1969,#1970);
#1609=AXIS2_PLACEMENT_3D('',#2515,#1971,#1972);
#1610=AXIS2_PLACEMENT_3D('',#2518,#1974,#1975);
#1611=AXIS2_PLACEMENT_3D('',#2519,#1976,#1977);
#1612=AXIS2_PLACEMENT_3D('',#2521,#1978,#1979);
#1613=AXIS2_PLACEMENT_3D('',#2522,#1980,#1981);
#1614=AXIS2_PLACEMENT_3D('',#2523,#1982,#1983);
#1615=AXIS2_PLACEMENT_3D('',#2526,#1984,#1985);
#1616=AXIS2_PLACEMENT_3D('',#2527,#1986,#1987);
#1617=AXIS2_PLACEMENT_3D('',#2554,#1988,#1989);
#1618=AXIS2_PLACEMENT_3D('',#2556,#1990,#1991);
#1619=AXIS2_PLACEMENT_3D('',#2557,#1992,#1993);
#1620=AXIS2_PLACEMENT_3D('',#2583,#1994,#1995);
#1621=AXIS2_PLACEMENT_3D('',#2584,#1996,#1997);
#1622=AXIS2_PLACEMENT_3D('',#2585,#1998,#1999);
#1623=AXIS2_PLACEMENT_3D('',#2586,#2000,#2001);
#1624=AXIS2_PLACEMENT_3D('',#2595,#2006,#2007);
#1625=AXIS2_PLACEMENT_3D('',#2601,#2011,#2012);
#1626=AXIS2_PLACEMENT_3D('',#2605,#2015,#2016);
#1627=AXIS2_PLACEMENT_3D('',#2609,#2019,#2020);
#1628=AXIS2_PLACEMENT_3D('',#2611,#2022,#2023);
#1629=AXIS2_PLACEMENT_3D('',#2612,#2024,#2025);
#1630=AXIS2_PLACEMENT_3D('',#2613,#2026,#2027);
#1631=AXIS2_PLACEMENT_3D('',#2622,#2032,#2033);
#1632=AXIS2_PLACEMENT_3D('',#2628,#2037,#2038);
#1633=AXIS2_PLACEMENT_3D('',#2634,#2042,#2043);
#1634=AXIS2_PLACEMENT_3D('',#2636,#2045,#2046);
#1635=AXIS2_PLACEMENT_3D('',#2638,#2048,#2049);
#1636=AXIS2_PLACEMENT_3D('',#2639,#2050,#2051);
#1637=AXIS2_PLACEMENT_3D('',#2640,#2052,#2053);
#1638=AXIS2_PLACEMENT_3D('',#2641,#2054,#2055);
#1639=AXIS2_PLACEMENT_3D('',#2642,#2056,#2057);
#1640=DIRECTION('axis',(0.,0.,1.));
#1641=DIRECTION('refdir',(1.,0.,0.));
#1642=DIRECTION('axis',(0.,0.,1.));
#1643=DIRECTION('refdir',(1.,0.,0.));
#1644=DIRECTION('center_axis',(0.,5.195659790826E-13,1.));
#1645=DIRECTION('ref_axis',(0.,-1.,5.195659790826E-13));
#1646=DIRECTION('center_axis',(0.,-5.194809557942E-13,-1.));
#1647=DIRECTION('ref_axis',(0.,-1.,5.194809557942E-13));
#1648=DIRECTION('',(0.,-1.,5.195091061669E-13));
#1649=DIRECTION('center_axis',(0.,-5.194809557942E-13,-1.));
#1650=DIRECTION('ref_axis',(-1.,0.,0.));
#1651=DIRECTION('',(1.,0.,0.));
#1652=DIRECTION('center_axis',(0.,-5.196159209685E-13,-1.));
#1653=DIRECTION('ref_axis',(0.,1.,-5.196159209685E-13));
#1654=DIRECTION('',(0.,-1.,5.196094653104E-13));
#1655=DIRECTION('center_axis',(0.,-5.194809557942E-13,-1.));
#1656=DIRECTION('ref_axis',(1.,0.,0.));
#1657=DIRECTION('',(1.,0.,0.));
#1658=DIRECTION('',(1.,0.,0.));
#1659=DIRECTION('',(0.,1.,-5.202187886815E-13));
#1660=DIRECTION('',(-1.,0.,0.));
#1661=DIRECTION('',(0.,-1.,5.189499623676E-13));
#1662=DIRECTION('',(-1.,0.,0.));
#1663=DIRECTION('',(0.,-1.,5.202187886815E-13));
#1664=DIRECTION('',(1.,0.,0.));
#1665=DIRECTION('',(0.,1.,-5.202187886815E-13));
#1666=DIRECTION('center_axis',(0.,5.194809557942E-13,1.));
#1667=DIRECTION('ref_axis',(-1.,0.,0.));
#1668=DIRECTION('center_axis',(0.,5.194809557942E-13,1.));
#1669=DIRECTION('ref_axis',(-1.,0.,0.));
#1670=DIRECTION('',(0.,5.151434834261E-13,1.));
#1671=DIRECTION('',(0.,5.151434834261E-13,1.));
#1672=DIRECTION('center_axis',(0.,5.195659790826E-13,1.));
#1673=DIRECTION('ref_axis',(0.,-1.,5.195659790826E-13));
#1674=DIRECTION('',(1.,0.,0.));
#1675=DIRECTION('center_axis',(0.,5.194809557942E-13,1.));
#1676=DIRECTION('ref_axis',(0.,-1.,5.194809557942E-13));
#1677=DIRECTION('',(0.,1.,-5.195592857387E-13));
#1678=DIRECTION('center_axis',(0.,5.196159209685E-13,1.));
#1679=DIRECTION('ref_axis',(1.,0.,0.));
#1680=DIRECTION('',(1.,0.,0.));
#1681=DIRECTION('center_axis',(0.,5.194809557942E-13,1.));
#1682=DIRECTION('ref_axis',(0.,1.,-5.194809557942E-13));
#1683=DIRECTION('',(0.,1.,-5.195091061669E-13));
#1684=DIRECTION('center_axis',(1.,0.,0.));
#1685=DIRECTION('ref_axis',(0.,-1.,5.195659790826E-13));
#1686=DIRECTION('',(0.,-5.258016244625E-13,-1.));
#1687=DIRECTION('center_axis',(0.,-5.194809557942E-13,-1.));
#1688=DIRECTION('ref_axis',(-1.,0.,0.));
#1689=DIRECTION('',(0.,-5.222489107837E-13,-1.));
#1690=DIRECTION('center_axis',(0.,-1.,5.195659790826E-13));
#1691=DIRECTION('ref_axis',(-1.,0.,0.));
#1692=DIRECTION('',(0.,5.222489107837E-13,1.));
#1693=DIRECTION('center_axis',(0.,5.196159209685E-13,1.));
#1694=DIRECTION('ref_axis',(1.,0.,0.));
#1695=DIRECTION('',(0.,5.151434834261E-13,1.));
#1696=DIRECTION('center_axis',(-1.,0.,0.));
#1697=DIRECTION('ref_axis',(0.,1.,-5.195659790826E-13));
#1698=DIRECTION('',(0.,5.151434834261E-13,1.));
#1699=DIRECTION('center_axis',(0.,5.194809557942E-13,1.));
#1700=DIRECTION('ref_axis',(0.,-1.,5.194809557942E-13));
#1701=DIRECTION('',(0.,5.151434834261E-13,1.));
#1702=DIRECTION('center_axis',(0.,1.,-5.195659790826E-13));
#1703=DIRECTION('ref_axis',(1.,0.,0.));
#1704=DIRECTION('center_axis',(0.,-1.,5.195659790826E-13));
#1705=DIRECTION('ref_axis',(1.,0.,0.));
#1706=DIRECTION('',(0.,5.198181066877E-13,1.));
#1707=DIRECTION('',(-1.,0.,0.));
#1708=DIRECTION('',(0.,5.198181066877E-13,1.));
#1709=DIRECTION('center_axis',(1.,0.,0.));
#1710=DIRECTION('ref_axis',(0.,1.,-5.195659790826E-13));
#1711=DIRECTION('',(0.,-1.,5.202187886815E-13));
#1712=DIRECTION('',(0.,5.235578052969E-13,1.));
#1713=DIRECTION('center_axis',(0.,1.,-5.195659790826E-13));
#1714=DIRECTION('ref_axis',(-1.,0.,0.));
#1715=DIRECTION('',(1.,0.,0.));
#1716=DIRECTION('',(0.,-5.235578052969E-13,-1.));
#1717=DIRECTION('center_axis',(-1.,0.,0.));
#1718=DIRECTION('ref_axis',(0.,-1.,5.195659790826E-13));
#1719=DIRECTION('',(0.,1.,-5.202187886815E-13));
#1720=DIRECTION('center_axis',(0.,-5.195659790826E-13,-1.));
#1721=DIRECTION('ref_axis',(0.,-1.,5.195659790826E-13));
#1722=DIRECTION('',(0.,1.,-5.181040781584E-13));
#1723=DIRECTION('',(-1.,0.,0.));
#1724=DIRECTION('',(0.,-1.,5.181040781584E-13));
#1725=DIRECTION('',(1.,0.,0.));
#1726=DIRECTION('center_axis',(1.,0.,0.));
#1727=DIRECTION('ref_axis',(0.,1.,-5.195659790826E-13));
#1728=DIRECTION('',(0.,-5.062616992291E-13,-1.));
#1729=DIRECTION('',(0.,-1.,5.188442268415E-13));
#1730=DIRECTION('',(0.,-5.151434834261E-13,-1.));
#1731=DIRECTION('center_axis',(0.,-1.,5.195659790826E-13));
#1732=DIRECTION('ref_axis',(1.,0.,0.));
#1733=DIRECTION('',(0.,-5.062616992291E-13,-1.));
#1734=DIRECTION('',(-1.,0.,0.));
#1735=DIRECTION('center_axis',(-1.,0.,0.));
#1736=DIRECTION('ref_axis',(0.,-1.,5.195659790826E-13));
#1737=DIRECTION('',(0.,5.151434834261E-13,1.));
#1738=DIRECTION('',(0.,1.,-5.181040781584E-13));
#1739=DIRECTION('center_axis',(0.,1.,-5.195659790826E-13));
#1740=DIRECTION('ref_axis',(-1.,0.,0.));
#1741=DIRECTION('',(1.,0.,0.));
#1742=DIRECTION('center_axis',(0.,-5.195659790826E-13,-1.));
#1743=DIRECTION('ref_axis',(0.,-1.,5.195659790826E-13));
#1744=DIRECTION('center_axis',(0.,5.195659790826E-13,1.));
#1745=DIRECTION('ref_axis',(0.,1.,-5.195659790826E-13));
#1746=DIRECTION('center_axis',(0.,5.195659790826E-13,1.));
#1747=DIRECTION('ref_axis',(0.,1.,-5.195659790826E-13));
#1748=DIRECTION('',(0.,-5.195659790826E-13,-1.));
#1749=DIRECTION('center_axis',(0.,-5.195659790826E-13,-1.));
#1750=DIRECTION('ref_axis',(0.,-1.,5.195659790826E-13));
#1751=DIRECTION('center_axis',(0.,-5.195659790826E-13,-1.));
#1752=DIRECTION('ref_axis',(0.,-1.,5.195659790826E-13));
#1753=DIRECTION('center_axis',(0.,5.195659790826E-13,1.));
#1754=DIRECTION('ref_axis',(0.,-1.,5.18696197104873E-13));
#1755=DIRECTION('center_axis',(-1.,0.,0.));
#1756=DIRECTION('ref_axis',(0.,1.,-5.19584375524575E-13));
#1757=DIRECTION('center_axis',(0.,-5.195659790826E-13,-1.));
#1758=DIRECTION('ref_axis',(0.,-1.,5.195659790826E-13));
#1759=DIRECTION('center_axis',(0.,-5.195659790826E-13,-1.));
#1760=DIRECTION('ref_axis',(0.,-1.,5.195659790826E-13));
#1761=DIRECTION('center_axis',(0.,5.195659790826E-13,1.));
#1762=DIRECTION('ref_axis',(0.,-1.,5.195659790826E-13));
#1763=DIRECTION('center_axis',(0.,5.195659790826E-13,1.));
#1764=DIRECTION('ref_axis',(0.,1.,-5.195659790826E-13));
#1765=DIRECTION('center_axis',(1.,0.,0.));
#1766=DIRECTION('ref_axis',(0.,-7.105427357601E-13,-1.));
#1767=DIRECTION('center_axis',(-1.,0.,0.));
#1768=DIRECTION('ref_axis',(0.,-3.552713678801E-13,-1.));
#1769=DIRECTION('center_axis',(0.,-5.195659790826E-13,-1.));
#1770=DIRECTION('ref_axis',(-4.440892098501E-14,1.,-5.195659790826E-13));
#1771=DIRECTION('center_axis',(0.,-5.195659790826E-13,-1.));
#1772=DIRECTION('ref_axis',(-4.440892098501E-14,-1.,5.195659790826E-13));
#1773=DIRECTION('center_axis',(0.,5.260150772517E-13,1.));
#1774=DIRECTION('ref_axis',(1.,5.27960108900504E-27,-2.77714977469114E-39));
#1775=DIRECTION('center_axis',(0.,1.,-5.195659790826E-13));
#1776=DIRECTION('ref_axis',(-1.,0.,0.));
#1777=DIRECTION('',(0.,5.235578052969E-13,1.));
#1778=DIRECTION('',(1.,0.,0.));
#1779=DIRECTION('',(0.,5.235578052969E-13,1.));
#1780=DIRECTION('center_axis',(-1.,0.,0.));
#1781=DIRECTION('ref_axis',(0.,-1.,5.195659790826E-13));
#1782=DIRECTION('',(0.,1.,-5.202187886815E-13));
#1783=DIRECTION('',(0.,5.198181066877E-13,1.));
#1784=DIRECTION('center_axis',(0.,-1.,5.195659790826E-13));
#1785=DIRECTION('ref_axis',(1.,0.,0.));
#1786=DIRECTION('',(-1.,0.,0.));
#1787=DIRECTION('',(0.,-5.198181066877E-13,-1.));
#1788=DIRECTION('center_axis',(1.,0.,0.));
#1789=DIRECTION('ref_axis',(0.,1.,-5.195659790826E-13));
#1790=DIRECTION('',(0.,-1.,5.202187886815E-13));
#1791=DIRECTION('center_axis',(0.,-5.195659790826E-13,-1.));
#1792=DIRECTION('ref_axis',(0.,-1.,5.195659790826E-13));
#1793=DIRECTION('',(0.,-1.,5.181040781584E-13));
#1794=DIRECTION('',(1.,0.,0.));
#1795=DIRECTION('',(0.,1.,-5.181040781584E-13));
#1796=DIRECTION('',(-1.,0.,0.));
#1797=DIRECTION('center_axis',(-1.,0.,0.));
#1798=DIRECTION('ref_axis',(0.,-1.,5.195659790826E-13));
#1799=DIRECTION('',(0.,-5.151434834261E-13,-1.));
#1800=DIRECTION('',(0.,1.,-5.181040781584E-13));
#1801=DIRECTION('',(0.,-5.062616992291E-13,-1.));
#1802=DIRECTION('center_axis',(0.,1.,-5.195659790826E-13));
#1803=DIRECTION('ref_axis',(-1.,0.,0.));
#1804=DIRECTION('',(0.,-5.151434834261E-13,-1.));
#1805=DIRECTION('',(1.,0.,0.));
#1806=DIRECTION('center_axis',(1.,0.,0.));
#1807=DIRECTION('ref_axis',(0.,1.,-5.195659790826E-13));
#1808=DIRECTION('',(0.,5.062616992291E-13,1.));
#1809=DIRECTION('',(0.,-1.,5.188442268415E-13));
#1810=DIRECTION('center_axis',(0.,-1.,5.195659790826E-13));
#1811=DIRECTION('ref_axis',(1.,0.,0.));
#1812=DIRECTION('',(-1.,0.,0.));
#1813=DIRECTION('center_axis',(0.,-5.195659790826E-13,-1.));
#1814=DIRECTION('ref_axis',(0.,-1.,5.195659790826E-13));
#1815=DIRECTION('center_axis',(0.,5.195659790826E-13,1.));
#1816=DIRECTION('ref_axis',(0.,1.,-5.195659790826E-13));
#1817=DIRECTION('center_axis',(0.,5.195659790826E-13,1.));
#1818=DIRECTION('ref_axis',(0.,1.,-5.195659790826E-13));
#1819=DIRECTION('',(0.,-5.195659790826E-13,-1.));
#1820=DIRECTION('center_axis',(1.512306548646E-14,-5.195659790826E-13,-1.));
#1821=DIRECTION('ref_axis',(-1.31537698076995E-29,-1.,5.195659790826E-13));
#1822=DIRECTION('center_axis',(1.512306548646E-14,-5.195659790826E-13,-1.));
#1823=DIRECTION('ref_axis',(0.,1.,-5.18696197104873E-13));
#1824=DIRECTION('center_axis',(-1.429784466611E-14,-5.195659790826E-13,
-1.));
#1825=DIRECTION('ref_axis',(2.63029470126339E-31,1.,-5.195659790826E-13));
#1826=DIRECTION('center_axis',(-1.,-7.85770853679957E-27,-1.512306548646E-14));
#1827=DIRECTION('ref_axis',(0.,-1.,5.19584375524575E-13));
#1828=DIRECTION('center_axis',(0.,5.195659790826E-13,1.));
#1829=DIRECTION('ref_axis',(0.,1.,-5.195659790826E-13));
#1830=DIRECTION('center_axis',(0.,5.195659790826E-13,1.));
#1831=DIRECTION('ref_axis',(0.,1.,-5.195659790826E-13));
#1832=DIRECTION('center_axis',(0.,5.195659790826E-13,1.));
#1833=DIRECTION('ref_axis',(0.,-1.,5.195659790826E-13));
#1834=DIRECTION('center_axis',(1.,0.,0.));
#1835=DIRECTION('ref_axis',(0.,-5.921189464668E-13,-1.));
#1836=DIRECTION('center_axis',(0.,-5.195659790826E-13,-1.));
#1837=DIRECTION('ref_axis',(-2.22044604925E-14,-1.,5.195659790826E-13));
#1838=DIRECTION('center_axis',(-1.,0.,0.));
#1839=DIRECTION('ref_axis',(0.,-3.552713678801E-13,-1.));
#1840=DIRECTION('center_axis',(0.,-5.195659790826E-13,-1.));
#1841=DIRECTION('ref_axis',(-2.22044604925E-14,1.,-5.195659790826E-13));
#1842=DIRECTION('center_axis',(0.,5.260150772517E-13,1.));
#1843=DIRECTION('ref_axis',(1.,5.27960108900504E-27,-2.77714977469114E-39));
#1844=DIRECTION('axis',(0.,0.,1.));
#1845=DIRECTION('refdir',(1.,0.,0.));
#1846=DIRECTION('center_axis',(0.,-1.,0.));
#1847=DIRECTION('ref_axis',(1.,0.,0.));
#1848=DIRECTION('',(-1.,0.,0.));
#1849=DIRECTION('',(0.,0.,1.));
#1850=DIRECTION('',(1.,0.,0.));
#1851=DIRECTION('',(0.,0.,-1.));
#1852=DIRECTION('center_axis',(0.,0.,-1.));
#1853=DIRECTION('ref_axis',(-1.,0.,0.));
#1854=DIRECTION('',(0.,1.,0.));
#1855=DIRECTION('',(1.,0.,0.));
#1856=DIRECTION('',(0.,1.,0.));
#1857=DIRECTION('center_axis',(-1.,0.,0.));
#1858=DIRECTION('ref_axis',(0.,0.,1.));
#1859=DIRECTION('',(0.,0.,-1.));
#1860=DIRECTION('',(0.,1.,0.));
#1861=DIRECTION('center_axis',(0.,0.,1.));
#1862=DIRECTION('ref_axis',(1.,0.,0.));
#1863=DIRECTION('',(-1.,0.,0.));
#1864=DIRECTION('',(0.,-1.,0.));
#1865=DIRECTION('center_axis',(1.,0.,0.));
#1866=DIRECTION('ref_axis',(0.,0.,-1.));
#1867=DIRECTION('',(0.,0.,1.));
#1868=DIRECTION('center_axis',(0.,-1.,0.));
#1869=DIRECTION('ref_axis',(0.,0.,-1.));
#1870=DIRECTION('',(0.,0.,1.));
#1871=DIRECTION('',(1.,0.,0.));
#1872=DIRECTION('',(0.,0.,-1.));
#1873=DIRECTION('',(-1.,0.,0.));
#1874=DIRECTION('center_axis',(-1.,0.,0.));
#1875=DIRECTION('ref_axis',(0.,0.,1.));
#1876=DIRECTION('',(0.,-1.,0.));
#1877=DIRECTION('',(0.,0.,-1.));
#1878=DIRECTION('',(0.,-1.,0.));
#1879=DIRECTION('center_axis',(0.,0.,-1.));
#1880=DIRECTION('ref_axis',(-1.,0.,0.));
#1881=DIRECTION('',(0.,-1.,0.));
#1882=DIRECTION('',(1.,0.,0.));
#1883=DIRECTION('center_axis',(1.,0.,0.));
#1884=DIRECTION('ref_axis',(0.,0.,-1.));
#1885=DIRECTION('',(0.,1.,0.));
#1886=DIRECTION('',(0.,0.,1.));
#1887=DIRECTION('center_axis',(0.,0.,1.));
#1888=DIRECTION('ref_axis',(1.,0.,0.));
#1889=DIRECTION('',(-1.,0.,0.));
#1890=DIRECTION('center_axis',(0.,-1.,0.));
#1891=DIRECTION('ref_axis',(0.,0.,-1.));
#1892=DIRECTION('center_axis',(0.,1.,0.));
#1893=DIRECTION('ref_axis',(0.,0.,1.));
#1894=DIRECTION('center_axis',(0.,1.,0.));
#1895=DIRECTION('ref_axis',(0.,0.,1.));
#1896=DIRECTION('',(0.,-1.,0.));
#1897=DIRECTION('center_axis',(0.,-1.,0.));
#1898=DIRECTION('ref_axis',(0.,0.,-1.));
#1899=DIRECTION('center_axis',(0.,-1.,0.));
#1900=DIRECTION('ref_axis',(0.,0.,-1.));
#1901=DIRECTION('center_axis',(0.,1.,0.));
#1902=DIRECTION('ref_axis',(0.,0.,-1.));
#1903=DIRECTION('center_axis',(1.,0.,0.));
#1904=DIRECTION('ref_axis',(0.,0.,1.));
#1905=DIRECTION('center_axis',(0.,-1.,0.));
#1906=DIRECTION('ref_axis',(0.,0.,-1.));
#1907=DIRECTION('center_axis',(0.,-1.,0.));
#1908=DIRECTION('ref_axis',(0.,0.,-1.));
#1909=DIRECTION('center_axis',(0.,1.,0.));
#1910=DIRECTION('ref_axis',(0.,0.,-1.));
#1911=DIRECTION('center_axis',(0.,1.,0.));
#1912=DIRECTION('ref_axis',(0.,0.,1.));
#1913=DIRECTION('center_axis',(-1.,0.,0.));
#1914=DIRECTION('ref_axis',(0.,-1.,-1.184237892934E-13));
#1915=DIRECTION('center_axis',(1.,0.,0.));
#1916=DIRECTION('ref_axis',(0.,-1.,1.184237892934E-13));
#1917=DIRECTION('center_axis',(0.,-1.,0.));
#1918=DIRECTION('ref_axis',(0.,0.,1.));
#1919=DIRECTION('center_axis',(0.,-1.,0.));
#1920=DIRECTION('ref_axis',(0.,0.,-1.));
#1921=DIRECTION('center_axis',(-1.00369767281E-14,1.,0.));
#1922=DIRECTION('ref_axis',(-1.,-1.00369767281E-14,0.));
#1923=DIRECTION('center_axis',(0.,-1.,0.));
#1924=DIRECTION('ref_axis',(1.,0.,0.));
#1925=DIRECTION('',(1.,0.,0.));
#1926=DIRECTION('',(0.,0.,-1.));
#1927=DIRECTION('',(-1.,0.,0.));
#1928=DIRECTION('',(0.,0.,1.));
#1929=DIRECTION('center_axis',(0.,0.,1.));
#1930=DIRECTION('ref_axis',(1.,0.,0.));
#1931=DIRECTION('',(0.,1.,0.));
#1932=DIRECTION('',(-1.,0.,0.));
#1933=DIRECTION('',(0.,1.,0.));
#1934=DIRECTION('center_axis',(1.,0.,0.));
#1935=DIRECTION('ref_axis',(0.,0.,-1.));
#1936=DIRECTION('',(0.,0.,1.));
#1937=DIRECTION('',(0.,1.,0.));
#1938=DIRECTION('center_axis',(0.,0.,-1.));
#1939=DIRECTION('ref_axis',(-1.,0.,0.));
#1940=DIRECTION('',(1.,0.,0.));
#1941=DIRECTION('',(0.,-1.,0.));
#1942=DIRECTION('center_axis',(-1.,0.,0.));
#1943=DIRECTION('ref_axis',(0.,0.,1.));
#1944=DIRECTION('',(0.,0.,-1.));
#1945=DIRECTION('center_axis',(0.,-1.,0.));
#1946=DIRECTION('ref_axis',(0.,0.,-1.));
#1947=DIRECTION('',(0.,0.,-1.));
#1948=DIRECTION('',(-1.,0.,0.));
#1949=DIRECTION('',(0.,0.,1.));
#1950=DIRECTION('',(1.,0.,0.));
#1951=DIRECTION('center_axis',(1.,0.,0.));
#1952=DIRECTION('ref_axis',(0.,0.,-1.));
#1953=DIRECTION('',(0.,-1.,0.));
#1954=DIRECTION('',(0.,0.,1.));
#1955=DIRECTION('',(0.,-1.,0.));
#1956=DIRECTION('center_axis',(0.,0.,1.));
#1957=DIRECTION('ref_axis',(1.,0.,0.));
#1958=DIRECTION('',(0.,-1.,0.));
#1959=DIRECTION('',(-1.,0.,0.));
#1960=DIRECTION('center_axis',(-1.,0.,0.));
#1961=DIRECTION('ref_axis',(0.,0.,1.));
#1962=DIRECTION('',(0.,1.,0.));
#1963=DIRECTION('',(0.,0.,-1.));
#1964=DIRECTION('center_axis',(0.,0.,-1.));
#1965=DIRECTION('ref_axis',(-1.,0.,0.));
#1966=DIRECTION('',(1.,0.,0.));
#1967=DIRECTION('center_axis',(0.,-1.,0.));
#1968=DIRECTION('ref_axis',(0.,0.,-1.));
#1969=DIRECTION('center_axis',(0.,1.,0.));
#1970=DIRECTION('ref_axis',(0.,0.,1.));
#1971=DIRECTION('center_axis',(0.,1.,0.));
#1972=DIRECTION('ref_axis',(0.,0.,1.));
#1973=DIRECTION('',(0.,-1.,0.));
#1974=DIRECTION('center_axis',(-1.498801083244E-14,-1.,0.));
#1975=DIRECTION('ref_axis',(0.,0.,-1.));
#1976=DIRECTION('center_axis',(-1.498801083244E-14,-1.,0.));
#1977=DIRECTION('ref_axis',(0.,0.,1.));
#1978=DIRECTION('center_axis',(1.443289932013E-14,-1.,0.));
#1979=DIRECTION('ref_axis',(0.,0.,1.));
#1980=DIRECTION('center_axis',(1.,-1.498801083244E-14,1.38777878078144E-16));
#1981=DIRECTION('ref_axis',(1.38777878078144E-16,0.,-1.));
#1982=DIRECTION('center_axis',(0.,1.,0.));
#1983=DIRECTION('ref_axis',(0.,0.,1.));
#1984=DIRECTION('center_axis',(0.,1.,0.));
#1985=DIRECTION('ref_axis',(0.,0.,1.));
#1986=DIRECTION('center_axis',(0.,1.,0.));
#1987=DIRECTION('ref_axis',(0.,0.,-1.));
#1988=DIRECTION('center_axis',(-1.,0.,0.));
#1989=DIRECTION('ref_axis',(0.,-1.,-1.184237892934E-13));
#1990=DIRECTION('center_axis',(0.,-1.,0.));
#1991=DIRECTION('ref_axis',(0.,0.,-1.));
#1992=DIRECTION('center_axis',(1.,0.,0.));
#1993=DIRECTION('ref_axis',(0.,-1.,1.184237892934E-13));
#1994=DIRECTION('center_axis',(0.,-1.,0.));
#1995=DIRECTION('ref_axis',(0.,0.,1.));
#1996=DIRECTION('center_axis',(-1.00369767281E-14,1.,0.));
#1997=DIRECTION('ref_axis',(-1.,-1.00369767281E-14,0.));
#1998=DIRECTION('axis',(0.,0.,1.));
#1999=DIRECTION('refdir',(1.,0.,0.));
#2000=DIRECTION('center_axis',(1.,0.,0.));
#2001=DIRECTION('ref_axis',(0.,0.,-1.));
#2002=DIRECTION('',(0.,-1.,0.));
#2003=DIRECTION('',(0.,0.,1.));
#2004=DIRECTION('',(0.,1.,0.));
#2005=DIRECTION('',(0.,0.,-1.));
#2006=DIRECTION('center_axis',(0.,0.,1.));
#2007=DIRECTION('ref_axis',(0.,-1.,0.));
#2008=DIRECTION('',(1.,0.,0.));
#2009=DIRECTION('',(0.,-1.,0.));
#2010=DIRECTION('',(1.,0.,0.));
#2011=DIRECTION('center_axis',(0.,1.,0.));
#2012=DIRECTION('ref_axis',(0.,0.,1.));
#2013=DIRECTION('',(0.,0.,1.));
#2014=DIRECTION('',(1.,0.,0.));
#2015=DIRECTION('center_axis',(0.,0.,-1.));
#2016=DIRECTION('ref_axis',(0.,1.,0.));
#2017=DIRECTION('',(0.,1.,0.));
#2018=DIRECTION('',(1.,0.,0.));
#2019=DIRECTION('center_axis',(0.,-1.,0.));
#2020=DIRECTION('ref_axis',(0.,0.,-1.));
#2021=DIRECTION('',(0.,0.,-1.));
#2022=DIRECTION('center_axis',(1.,0.,0.));
#2023=DIRECTION('ref_axis',(0.,0.,-1.));
#2024=DIRECTION('axis',(0.,0.,1.));
#2025=DIRECTION('refdir',(1.,0.,0.));
#2026=DIRECTION('center_axis',(0.,5.186823193171E-13,1.));
#2027=DIRECTION('ref_axis',(0.,-1.,5.186823193171E-13));
#2028=DIRECTION('',(0.,1.,-5.186961971049E-13));
#2029=DIRECTION('',(-1.,0.,0.));
#2030=DIRECTION('',(0.,-1.,5.186961971049E-13));
#2031=DIRECTION('',(1.,0.,0.));
#2032=DIRECTION('center_axis',(1.,0.,0.));
#2033=DIRECTION('ref_axis',(0.,0.,-1.));
#2034=DIRECTION('',(0.,1.,-5.169198402655E-13));
#2035=DIRECTION('',(0.,5.160316618458E-13,1.));
#2036=DIRECTION('',(0.,5.169198402655E-13,1.));
#2037=DIRECTION('center_axis',(0.,5.186823193171E-13,1.));
#2038=DIRECTION('ref_axis',(0.,-1.,5.186823193171E-13));
#2039=DIRECTION('',(1.,0.,0.));
#2040=DIRECTION('',(0.,-1.,5.151434834261E-13));
#2041=DIRECTION('',(-1.,0.,0.));
#2042=DIRECTION('center_axis',(0.,1.,-5.195659790826E-13));
#2043=DIRECTION('ref_axis',(0.,5.195659790826E-13,1.));
#2044=DIRECTION('',(0.,5.160316618458E-13,1.));
#2045=DIRECTION('center_axis',(-1.,0.,0.));
#2046=DIRECTION('ref_axis',(0.,0.,1.));
#2047=DIRECTION('',(0.,5.169198402655E-13,1.));
#2048=DIRECTION('center_axis',(0.,-1.,5.195659790826E-13));
#2049=DIRECTION('ref_axis',(0.,-5.195659790826E-13,-1.));
#2050=DIRECTION('',(0.,-1.,0.));
#2051=DIRECTION('',(1.,0.,0.));
#2052=DIRECTION('',(0.,5.195659790826E-13,1.));
#2053=DIRECTION('',(-1.,0.,0.));
#2054=DIRECTION('',(0.,5.195659790826E-13,1.));
#2055=DIRECTION('',(0.,1.,-5.195659790826E-13));
#2056=DIRECTION('',(0.,-1.,0.));
#2057=DIRECTION('',(1.,0.,0.));
#2058=CARTESIAN_POINT('',(0.,0.,0.));
#2059=CARTESIAN_POINT('',(0.,0.,0.));
#2060=CARTESIAN_POINT('Origin',(-0.7691122255546,8.824572959404,8.900000000003));
#2061=CARTESIAN_POINT('',(-6.5,-22.25,8.900000000019));
#2062=CARTESIAN_POINT('',(-9.5,-19.25,8.900000000018));
#2063=CARTESIAN_POINT('Origin',(-6.5,-19.25,8.900000000018));
#2064=CARTESIAN_POINT('',(-9.5,16.15000000001,8.899999999999));
#2065=CARTESIAN_POINT('',(-9.5,16.15000000001,8.899999999999));
#2066=CARTESIAN_POINT('',(-6.5,19.15000000001,8.899999999998));
#2067=CARTESIAN_POINT('Origin',(-6.5,16.15000000001,8.899999999999));
#2068=CARTESIAN_POINT('',(6.5,19.15000000001,8.899999999998));
#2069=CARTESIAN_POINT('',(-6.5,19.15000000001,8.899999999998));
#2070=CARTESIAN_POINT('',(9.5,16.15000000001,8.899999999999));
#2071=CARTESIAN_POINT('Origin',(6.5,16.15000000001,8.899999999999));
#2072=CARTESIAN_POINT('',(9.5,-19.25,8.900000000018));
#2073=CARTESIAN_POINT('',(9.5,16.15000000001,8.899999999999));
#2074=CARTESIAN_POINT('',(6.5,-22.25,8.900000000019));
#2075=CARTESIAN_POINT('Origin',(6.5,-19.25,8.900000000018));
#2076=CARTESIAN_POINT('',(-6.5,-22.25,8.900000000019));
#2077=CARTESIAN_POINT('',(-2.7,-20.35,8.900000000018));
#2078=CARTESIAN_POINT('',(-1.3,-20.35,8.900000000018));
#2079=CARTESIAN_POINT('',(-2.7,-20.35,8.900000000018));
#2080=CARTESIAN_POINT('',(-2.7,-21.75,8.900000000019));
#2081=CARTESIAN_POINT('',(-2.7,-21.75,8.900000000019));
#2082=CARTESIAN_POINT('',(-1.3,-21.75,8.900000000019));
#2083=CARTESIAN_POINT('',(-1.3,-21.75,8.900000000019));
#2084=CARTESIAN_POINT('',(-1.3,-20.35,8.900000000018));
#2085=CARTESIAN_POINT('',(2.7,-21.75,8.900000000019));
#2086=CARTESIAN_POINT('',(1.3,-21.75,8.900000000019));
#2087=CARTESIAN_POINT('',(2.7,-21.75,8.900000000019));
#2088=CARTESIAN_POINT('',(2.7,-20.35,8.900000000018));
#2089=CARTESIAN_POINT('',(2.7,-20.35,8.900000000018));
#2090=CARTESIAN_POINT('',(1.3,-20.35,8.900000000018));
#2091=CARTESIAN_POINT('',(1.3,-20.35,8.900000000018));
#2092=CARTESIAN_POINT('',(1.3,-21.75,8.900000000019));
#2093=CARTESIAN_POINT('Origin',(-6.5,-19.25,-3.532551388922));
#2094=CARTESIAN_POINT('',(-9.5,-19.24999999999,9.900000000018));
#2095=CARTESIAN_POINT('',(-6.5,-22.24999999999,9.900000000019));
#2096=CARTESIAN_POINT('Origin',(-6.5,-19.24999999999,9.900000000018));
#2097=CARTESIAN_POINT('',(-9.5,-19.25,8.900000000018));
#2098=CARTESIAN_POINT('',(-6.5,-22.25,8.900000000019));
#2099=CARTESIAN_POINT('Origin',(-0.7691122255546,8.824572959405,9.900000000003));
#2100=CARTESIAN_POINT('',(6.5,-22.24999999999,9.900000000019));
#2101=CARTESIAN_POINT('',(-6.5,-22.24999999999,9.900000000019));
#2102=CARTESIAN_POINT('',(9.5,-19.24999999999,9.900000000018));
#2103=CARTESIAN_POINT('Origin',(6.5,-19.24999999999,9.900000000018));
#2104=CARTESIAN_POINT('',(9.5,16.15000000001,9.899999999999));
#2105=CARTESIAN_POINT('',(9.5,-19.24999999999,9.900000000018));
#2106=CARTESIAN_POINT('',(6.5,19.15000000001,9.899999999998));
#2107=CARTESIAN_POINT('Origin',(6.5,16.15000000001,9.899999999999));
#2108=CARTESIAN_POINT('',(-6.5,19.15000000001,9.899999999998));
#2109=CARTESIAN_POINT('',(-6.5,19.15000000001,9.899999999998));
#2110=CARTESIAN_POINT('',(-9.5,16.15000000001,9.899999999999));
#2111=CARTESIAN_POINT('Origin',(-6.5,16.15000000001,9.899999999999));
#2112=CARTESIAN_POINT('',(-9.5,-19.24999999999,9.900000000018));
#2113=CARTESIAN_POINT('Origin',(-9.5,22.25,8.899999999996));
#2114=CARTESIAN_POINT('',(-9.5,16.15000000001,9.899999999999));
#2115=CARTESIAN_POINT('Origin',(-6.5,16.15000000001,22.56832262927));
#2116=CARTESIAN_POINT('',(-6.5,19.15000000001,9.899999999998));
#2117=CARTESIAN_POINT('Origin',(10.96576045466,19.15000000001,14.19));
#2118=CARTESIAN_POINT('',(6.5,19.15000000001,8.899999999998));
#2119=CARTESIAN_POINT('Origin',(6.5,16.15,-3.532551388922));
#2120=CARTESIAN_POINT('',(9.5,16.15000000001,8.899999999999));
#2121=CARTESIAN_POINT('Origin',(9.5,-22.25,8.900000000019));
#2122=CARTESIAN_POINT('',(9.5,-19.25,8.900000000018));
#2123=CARTESIAN_POINT('Origin',(6.5,-19.25,-3.532551388922));
#2124=CARTESIAN_POINT('',(6.5,-22.25,8.900000000019));
#2125=CARTESIAN_POINT('Origin',(-9.5,-22.25,8.900000000019));
#2126=CARTESIAN_POINT('Origin',(-2.7,-20.35,7.950000000018));
#2127=CARTESIAN_POINT('',(-1.3,-20.35,7.950000000018));
#2128=CARTESIAN_POINT('',(-1.3,-20.35,7.950000000018));
#2129=CARTESIAN_POINT('',(-2.7,-20.35,7.950000000018));
#2130=CARTESIAN_POINT('',(-1.3,-20.35,7.950000000018));
#2131=CARTESIAN_POINT('',(-2.7,-20.35,7.950000000018));
#2132=CARTESIAN_POINT('Origin',(-2.7,-21.75,7.950000000019));
#2133=CARTESIAN_POINT('',(-2.7,-21.75,7.950000000019));
#2134=CARTESIAN_POINT('',(-2.7,-20.35,7.950000000018));
#2135=CARTESIAN_POINT('',(-2.7,-21.75,7.950000000019));
#2136=CARTESIAN_POINT('Origin',(-1.3,-21.75,7.950000000019));
#2137=CARTESIAN_POINT('',(-1.3,-21.75,7.950000000019));
#2138=CARTESIAN_POINT('',(-2.7,-21.75,7.950000000019));
#2139=CARTESIAN_POINT('',(-1.3,-21.75,8.900000000019));
#2140=CARTESIAN_POINT('Origin',(-1.3,-20.35,7.950000000018));
#2141=CARTESIAN_POINT('',(-1.3,-21.75,7.950000000019));
#2142=CARTESIAN_POINT('Origin',(1.720608803533,-3.979875068926,7.95000000001));
#2143=CARTESIAN_POINT('',(-2.6,-21.65,7.950000000019));
#2144=CARTESIAN_POINT('',(-2.6,-20.45,7.950000000018));
#2145=CARTESIAN_POINT('',(-2.6,-21.65,7.950000000019));
#2146=CARTESIAN_POINT('',(-1.4,-21.65,7.950000000019));
#2147=CARTESIAN_POINT('',(-1.4,-21.65,7.950000000019));
#2148=CARTESIAN_POINT('',(-1.4,-20.45,7.950000000018));
#2149=CARTESIAN_POINT('',(-1.4,-20.45,7.950000000018));
#2150=CARTESIAN_POINT('',(-2.6,-20.45,7.950000000018));
#2151=CARTESIAN_POINT('Origin',(-2.6,-21.75,7.550000000019));
#2152=CARTESIAN_POINT('',(-2.6,-20.45,7.550000000018));
#2153=CARTESIAN_POINT('',(-2.6,-20.45,7.950000000018));
#2154=CARTESIAN_POINT('',(-2.6,-21.65,7.550000000019));
#2155=CARTESIAN_POINT('',(-2.6,-20.45,7.550000000018));
#2156=CARTESIAN_POINT('',(-2.6,-21.65,7.950000000019));
#2157=CARTESIAN_POINT('Origin',(-2.7,-20.45,7.550000000018));
#2158=CARTESIAN_POINT('',(-1.4,-20.45,7.550000000018));
#2159=CARTESIAN_POINT('',(-1.4,-20.45,7.950000000018));
#2160=CARTESIAN_POINT('',(-1.4,-20.45,7.550000000018));
#2161=CARTESIAN_POINT('Origin',(-1.4,-20.35,7.550000000018));
#2162=CARTESIAN_POINT('',(-1.4,-21.65,7.550000000019));
#2163=CARTESIAN_POINT('',(-1.4,-21.65,7.550000000019));
#2164=CARTESIAN_POINT('',(-1.4,-21.65,7.550000000019));
#2165=CARTESIAN_POINT('Origin',(-1.3,-21.65,7.550000000019));
#2166=CARTESIAN_POINT('',(-2.6,-21.65,7.550000000019));
#2167=CARTESIAN_POINT('Origin',(1.720608803533,-3.979875068926,7.55000000001));
#2168=CARTESIAN_POINT('',(-2.,-21.5499999999999,7.55000000001926));
#2169=CARTESIAN_POINT('Origin',(-2.,-21.05,7.550000000019));
#2170=CARTESIAN_POINT('Origin',(-2.,-21.05,7.330000000019));
#2171=CARTESIAN_POINT('',(-2.,-21.5499999999999,7.43000000001926));
#2172=CARTESIAN_POINT('',(-2.,-21.55,7.33000000001926));
#2173=CARTESIAN_POINT('',(-2.,-20.55,7.430000000018));
#2174=CARTESIAN_POINT('Origin',(-2.,-21.05,7.430000000019));
#2175=CARTESIAN_POINT('Origin',(-2.,-21.05,7.430000000019));
#2176=CARTESIAN_POINT('Origin',(-2.,-21.05,7.430000000019));
#2177=CARTESIAN_POINT('',(-2.,-20.65,7.33000000001879));
#2178=CARTESIAN_POINT('Origin',(-2.,-20.65,7.43000000001879));
#2179=CARTESIAN_POINT('Origin',(-2.,-21.05,7.330000000019));
#2180=CARTESIAN_POINT('Origin',(-2.,-21.05,7.330000000019));
#2181=CARTESIAN_POINT('',(-2.,-21.1,7.330000000019));
#2182=CARTESIAN_POINT('',(-2.,-21.,7.330000000019));
#2183=CARTESIAN_POINT('Origin',(-2.,-21.05,7.330000000019));
#2184=CARTESIAN_POINT('Origin',(-2.,-21.05,7.330000000019));
#2185=CARTESIAN_POINT('Ctrl Pts',(-2.,-21.0699999999835,7.30000000001578));
#2186=CARTESIAN_POINT('Ctrl Pts',(-1.98000000000784,-21.069999999984,7.30000000001555));
#2187=CARTESIAN_POINT('Ctrl Pts',(-1.98000000000784,-21.0499999999918,7.30000000001753));
#2188=CARTESIAN_POINT('Ctrl Pts',(-1.98000000000784,-21.0299999999997,7.30000000001951));
#2189=CARTESIAN_POINT('Ctrl Pts',(-2.,-21.0300000000001,7.30000000001974));
#2190=CARTESIAN_POINT('Ctrl Pts',(-2.00000000000028,-21.0824264068588,7.30000000001204));
#2191=CARTESIAN_POINT('Ctrl Pts',(-1.96757359313257,-21.0824264068595,7.30000000001166));
#2192=CARTESIAN_POINT('Ctrl Pts',(-1.96757359313257,-21.0499999999918,7.30000000001487));
#2193=CARTESIAN_POINT('Ctrl Pts',(-1.96757359313257,-21.0175735931241,7.30000000001807));
#2194=CARTESIAN_POINT('Ctrl Pts',(-2.00000000000028,-21.0175735931249,7.30000000001845));
#2195=CARTESIAN_POINT('Ctrl Pts',(-2.00000000000037,-21.0912132034274,7.30878679657797));
#2196=CARTESIAN_POINT('Ctrl Pts',(-1.95878679656471,-21.0912132034284,7.3087867965775));
#2197=CARTESIAN_POINT('Ctrl Pts',(-1.95878679656471,-21.0499999999927,7.30878679658157));
#2198=CARTESIAN_POINT('Ctrl Pts',(-1.95878679656471,-21.008786796557,7.30878679658565));
#2199=CARTESIAN_POINT('Ctrl Pts',(-2.00000000000037,-21.008786796558,7.30878679658612));
#2200=CARTESIAN_POINT('Ctrl Pts',(-2.00000000000047,-21.0999999999961,7.31757359314391));
#2201=CARTESIAN_POINT('Ctrl Pts',(-1.94999999999685,-21.0999999999972,7.31757359314333));
#2202=CARTESIAN_POINT('Ctrl Pts',(-1.94999999999684,-21.0499999999936,7.31757359314828));
#2203=CARTESIAN_POINT('Ctrl Pts',(-1.94999999999684,-20.99999999999,7.31757359315322));
#2204=CARTESIAN_POINT('Ctrl Pts',(-2.00000000000046,-20.9999999999911,7.31757359315379));
#2205=CARTESIAN_POINT('Ctrl Pts',(-2.00000000000032,-21.0999999999961,7.33000000001918));
#2206=CARTESIAN_POINT('Ctrl Pts',(-1.94999999999786,-21.0999999999973,7.3300000000186));
#2207=CARTESIAN_POINT('Ctrl Pts',(-1.94999999999786,-21.0499999999948,7.33000000002354));
#2208=CARTESIAN_POINT('Ctrl Pts',(-1.94999999999786,-20.9999999999923,7.33000000002848));
#2209=CARTESIAN_POINT('Ctrl Pts',(-2.00000000000032,-20.9999999999935,7.33000000002906));
#2210=CARTESIAN_POINT('',(-2.,-21.03,7.300000000019));
#2211=CARTESIAN_POINT('Origin',(-2.,-21.03,7.330000000019));
#2212=CARTESIAN_POINT('',(-2.,-21.07,7.300000000019));
#2213=CARTESIAN_POINT('Origin',(-2.,-21.07,7.330000000019));
#2214=CARTESIAN_POINT('Origin',(-2.,-21.05,7.300000000019));
#2215=CARTESIAN_POINT('Ctrl Pts',(-1.99999999999967,-21.0300000000005,7.30000000002038));
#2216=CARTESIAN_POINT('Ctrl Pts',(-2.01999999999888,-21.0299999999988,7.30000000001837));
#2217=CARTESIAN_POINT('Ctrl Pts',(-2.01999999999888,-21.049999999998,7.30000000001844));
#2218=CARTESIAN_POINT('Ctrl Pts',(-2.01999999999888,-21.0699999999972,7.30000000001851));
#2219=CARTESIAN_POINT('Ctrl Pts',(-1.99999999999967,-21.0699999999954,7.30000000002051));
#2220=CARTESIAN_POINT('Ctrl Pts',(-1.999999999997,-20.9999999999985,7.30000000002179));
#2221=CARTESIAN_POINT('Ctrl Pts',(-2.05000000000096,-20.999999999994,7.30000000001679));
#2222=CARTESIAN_POINT('Ctrl Pts',(-2.05000000000096,-21.049999999998,7.30000000001695));
#2223=CARTESIAN_POINT('Ctrl Pts',(-2.05000000000096,-21.1000000000019,7.30000000001712));
#2224=CARTESIAN_POINT('Ctrl Pts',(-1.999999999997,-21.0999999999975,7.30000000002212));
#2225=CARTESIAN_POINT('Ctrl Pts',(-2.,-20.9999999999999,7.33000000002388));
#2226=CARTESIAN_POINT('Ctrl Pts',(-2.05000000000246,-20.9999999999954,7.33000000001887));
#2227=CARTESIAN_POINT('Ctrl Pts',(-2.05000000000246,-21.0499999999979,7.33000000001904));
#2228=CARTESIAN_POINT('Ctrl Pts',(-2.05000000000246,-21.1000000000003,7.3300000000192));
#2229=CARTESIAN_POINT('Ctrl Pts',(-2.,-21.0999999999959,7.33000000002421));
#2230=CARTESIAN_POINT('Origin',(-2.,-21.05,7.300000000019));
#2231=CARTESIAN_POINT('Origin',(1.720608803533,-3.979875068926,7.30000000001));
#2232=CARTESIAN_POINT('Origin',(2.7,-21.75,7.950000000019));
#2233=CARTESIAN_POINT('',(1.3,-21.75,7.950000000019));
#2234=CARTESIAN_POINT('',(1.3,-21.75,7.950000000019));
#2235=CARTESIAN_POINT('',(2.7,-21.75,7.950000000019));
#2236=CARTESIAN_POINT('',(1.3,-21.75,7.950000000019));
#2237=CARTESIAN_POINT('',(2.7,-21.75,7.950000000019));
#2238=CARTESIAN_POINT('Origin',(2.7,-20.35,7.950000000018));
#2239=CARTESIAN_POINT('',(2.7,-20.35,7.950000000018));
#2240=CARTESIAN_POINT('',(2.7,-21.75,7.950000000019));
#2241=CARTESIAN_POINT('',(2.7,-20.35,7.950000000018));
#2242=CARTESIAN_POINT('Origin',(1.3,-20.35,7.950000000018));
#2243=CARTESIAN_POINT('',(1.3,-20.35,7.950000000018));
#2244=CARTESIAN_POINT('',(2.7,-20.35,7.950000000018));
#2245=CARTESIAN_POINT('',(1.3,-20.35,8.900000000018));
#2246=CARTESIAN_POINT('Origin',(1.3,-21.75,7.950000000019));
#2247=CARTESIAN_POINT('',(1.3,-20.35,7.950000000018));
#2248=CARTESIAN_POINT('Origin',(1.720608803533,-3.979875068926,7.95000000001));
#2249=CARTESIAN_POINT('',(2.6,-20.45,7.950000000018));
#2250=CARTESIAN_POINT('',(2.6,-21.65,7.950000000019));
#2251=CARTESIAN_POINT('',(2.6,-20.45,7.950000000018));
#2252=CARTESIAN_POINT('',(1.4,-20.45,7.950000000018));
#2253=CARTESIAN_POINT('',(1.4,-20.45,7.950000000018));
#2254=CARTESIAN_POINT('',(1.4,-21.65,7.950000000019));
#2255=CARTESIAN_POINT('',(1.4,-21.65,7.950000000019));
#2256=CARTESIAN_POINT('',(2.6,-21.65,7.950000000019));
#2257=CARTESIAN_POINT('Origin',(2.6,-20.35,7.550000000018));
#2258=CARTESIAN_POINT('',(2.6,-21.65,7.550000000019));
#2259=CARTESIAN_POINT('',(2.6,-21.65,7.950000000019));
#2260=CARTESIAN_POINT('',(2.6,-20.45,7.550000000018));
#2261=CARTESIAN_POINT('',(2.6,-21.65,7.550000000019));
#2262=CARTESIAN_POINT('',(2.6,-20.45,7.950000000018));
#2263=CARTESIAN_POINT('Origin',(2.7,-21.65,7.550000000019));
#2264=CARTESIAN_POINT('',(1.4,-21.65,7.550000000019));
#2265=CARTESIAN_POINT('',(1.4,-21.65,7.950000000019));
#2266=CARTESIAN_POINT('',(1.4,-21.65,7.550000000019));
#2267=CARTESIAN_POINT('Origin',(1.4,-21.75,7.550000000019));
#2268=CARTESIAN_POINT('',(1.4,-20.45,7.550000000018));
#2269=CARTESIAN_POINT('',(1.4,-20.45,7.550000000018));
#2270=CARTESIAN_POINT('',(1.4,-20.45,7.550000000018));
#2271=CARTESIAN_POINT('Origin',(1.3,-20.45,7.550000000018));
#2272=CARTESIAN_POINT('',(2.6,-20.45,7.550000000018));
#2273=CARTESIAN_POINT('Origin',(1.720608803533,-3.979875068926,7.55000000001));
#2274=CARTESIAN_POINT('',(2.,-21.5499999999999,7.55000000001926));
#2275=CARTESIAN_POINT('Origin',(2.,-21.05,7.550000000019));
#2276=CARTESIAN_POINT('Origin',(2.,-21.05,7.330000000019));
#2277=CARTESIAN_POINT('',(2.,-21.5499999999999,7.43000000001925));
#2278=CARTESIAN_POINT('',(2.,-21.55,7.33000000001926));
#2279=CARTESIAN_POINT('Origin',(2.,-21.05,7.430000000019));
#2280=CARTESIAN_POINT('Origin',(2.,-21.05,7.430000000019));
#2281=CARTESIAN_POINT('',(2.,-21.45,7.33000000001921));
#2282=CARTESIAN_POINT('Origin',(2.,-21.05,7.330000000019));
#2283=CARTESIAN_POINT('Origin',(2.,-21.45,7.43000000001921));
#2284=CARTESIAN_POINT('Origin',(2.,-21.05,7.330000000019));
#2285=CARTESIAN_POINT('',(2.,-21.,7.330000000019));
#2286=CARTESIAN_POINT('',(2.,-21.1,7.330000000019));
#2287=CARTESIAN_POINT('Origin',(2.,-21.05,7.330000000019));
#2288=CARTESIAN_POINT('Origin',(2.,-21.05,7.330000000019));
#2289=CARTESIAN_POINT('Ctrl Pts',(2.00000000000033,-21.0300000000005,7.30000000002037));
#2290=CARTESIAN_POINT('Ctrl Pts',(1.98000000000111,-21.0299999999988,7.30000000001838));
#2291=CARTESIAN_POINT('Ctrl Pts',(1.98000000000111,-21.049999999998,7.30000000001844));
#2292=CARTESIAN_POINT('Ctrl Pts',(1.98000000000111,-21.0699999999972,7.30000000001851));
#2293=CARTESIAN_POINT('Ctrl Pts',(2.00000000000033,-21.0699999999954,7.30000000002051));
#2294=CARTESIAN_POINT('Ctrl Pts',(2.000000000003,-20.9999999999985,7.30000000002179));
#2295=CARTESIAN_POINT('Ctrl Pts',(1.94999999999904,-20.999999999994,7.30000000001679));
#2296=CARTESIAN_POINT('Ctrl Pts',(1.94999999999904,-21.049999999998,7.30000000001696));
#2297=CARTESIAN_POINT('Ctrl Pts',(1.94999999999904,-21.1000000000019,7.30000000001713));
#2298=CARTESIAN_POINT('Ctrl Pts',(2.000000000003,-21.0999999999975,7.30000000002212));
#2299=CARTESIAN_POINT('Ctrl Pts',(2.,-20.9999999999999,7.33000000002387));
#2300=CARTESIAN_POINT('Ctrl Pts',(1.94999999999754,-20.9999999999954,7.33000000001887));
#2301=CARTESIAN_POINT('Ctrl Pts',(1.94999999999754,-21.0499999999979,7.33000000001904));
#2302=CARTESIAN_POINT('Ctrl Pts',(1.94999999999754,-21.1000000000003,7.3300000000192));
#2303=CARTESIAN_POINT('Ctrl Pts',(2.,-21.0999999999959,7.3300000000242));
#2304=CARTESIAN_POINT('',(2.,-21.03,7.300000000019));
#2305=CARTESIAN_POINT('Origin',(2.,-21.03,7.330000000019));
#2306=CARTESIAN_POINT('',(2.,-21.07,7.300000000019));
#2307=CARTESIAN_POINT('Origin',(2.,-21.05,7.300000000019));
#2308=CARTESIAN_POINT('Origin',(2.,-21.07,7.330000000019));
#2309=CARTESIAN_POINT('Ctrl Pts',(2.,-21.0699999999835,7.30000000001578));
#2310=CARTESIAN_POINT('Ctrl Pts',(2.01999999999216,-21.069999999984,7.30000000001555));
#2311=CARTESIAN_POINT('Ctrl Pts',(2.01999999999216,-21.0499999999918,7.30000000001753));
#2312=CARTESIAN_POINT('Ctrl Pts',(2.01999999999216,-21.0299999999997,7.30000000001951));
#2313=CARTESIAN_POINT('Ctrl Pts',(2.,-21.0300000000001,7.30000000001974));
#2314=CARTESIAN_POINT('Ctrl Pts',(1.99999999999972,-21.0824264068588,7.30000000001202));
#2315=CARTESIAN_POINT('Ctrl Pts',(2.03242640686743,-21.0824264068595,7.30000000001166));
#2316=CARTESIAN_POINT('Ctrl Pts',(2.03242640686743,-21.0499999999918,7.30000000001487));
#2317=CARTESIAN_POINT('Ctrl Pts',(2.03242640686743,-21.0175735931241,7.30000000001808));
#2318=CARTESIAN_POINT('Ctrl Pts',(1.99999999999972,-21.0175735931248,7.30000000001844));
#2319=CARTESIAN_POINT('Ctrl Pts',(1.99999999999962,-21.0912132034274,7.30878679657796));
#2320=CARTESIAN_POINT('Ctrl Pts',(2.0412132034353,-21.0912132034284,7.3087867965775));
#2321=CARTESIAN_POINT('Ctrl Pts',(2.0412132034353,-21.0499999999927,7.30878679658158));
#2322=CARTESIAN_POINT('Ctrl Pts',(2.0412132034353,-21.008786796557,7.30878679658566));
#2323=CARTESIAN_POINT('Ctrl Pts',(1.99999999999962,-21.0087867965579,7.30878679658612));
#2324=CARTESIAN_POINT('Ctrl Pts',(1.99999999999952,-21.0999999999961,7.3175735931439));
#2325=CARTESIAN_POINT('Ctrl Pts',(2.05000000000317,-21.0999999999972,7.31757359314334));
#2326=CARTESIAN_POINT('Ctrl Pts',(2.05000000000317,-21.0499999999936,7.31757359314829));
#2327=CARTESIAN_POINT('Ctrl Pts',(2.05000000000317,-20.9999999999899,7.31757359315324));
#2328=CARTESIAN_POINT('Ctrl Pts',(1.99999999999952,-20.9999999999911,7.3175735931538));
#2329=CARTESIAN_POINT('Ctrl Pts',(1.99999999999966,-21.0999999999962,7.33000000001917));
#2330=CARTESIAN_POINT('Ctrl Pts',(2.05000000000214,-21.0999999999973,7.33000000001861));
#2331=CARTESIAN_POINT('Ctrl Pts',(2.05000000000214,-21.0499999999948,7.33000000002356));
#2332=CARTESIAN_POINT('Ctrl Pts',(2.05000000000214,-20.9999999999923,7.33000000002851));
#2333=CARTESIAN_POINT('Ctrl Pts',(1.99999999999966,-20.9999999999934,7.33000000002907));
#2334=CARTESIAN_POINT('Origin',(2.,-21.05,7.300000000019));
#2335=CARTESIAN_POINT('Origin',(1.720608803533,-3.979875068926,7.30000000001));
#2336=CARTESIAN_POINT('',(0.,0.,0.));
#2337=CARTESIAN_POINT('Origin',(0.,0.,0.));
#2338=CARTESIAN_POINT('',(4.420608803533,0.,-16.37012493107));
#2339=CARTESIAN_POINT('',(3.020608803533,0.,-16.37012493107));
#2340=CARTESIAN_POINT('',(4.420608803533,0.,-16.37012493107));
#2341=CARTESIAN_POINT('',(4.420608803533,0.,-17.77012493107));
#2342=CARTESIAN_POINT('',(4.420608803533,0.,-17.77012493107));
#2343=CARTESIAN_POINT('',(3.020608803533,0.,-17.77012493107));
#2344=CARTESIAN_POINT('',(3.020608803533,0.,-17.77012493107));
#2345=CARTESIAN_POINT('',(3.020608803533,0.,-16.37012493107));
#2346=CARTESIAN_POINT('Origin',(4.420608803533,-0.95,-16.37012493107));
#2347=CARTESIAN_POINT('',(3.020608803533,-0.95,-16.37012493107));
#2348=CARTESIAN_POINT('',(3.020608803533,-0.95,-16.37012493107));
#2349=CARTESIAN_POINT('',(4.420608803533,-0.95,-16.37012493107));
#2350=CARTESIAN_POINT('',(3.020608803533,-0.95,-16.37012493107));
#2351=CARTESIAN_POINT('',(4.420608803533,-0.95,-16.37012493107));
#2352=CARTESIAN_POINT('Origin',(4.420608803533,-0.95,-17.77012493107));
#2353=CARTESIAN_POINT('',(4.420608803533,-0.95,-17.77012493107));
#2354=CARTESIAN_POINT('',(4.420608803533,-0.95,-16.37012493107));
#2355=CARTESIAN_POINT('',(4.420608803533,-0.95,-17.77012493107));
#2356=CARTESIAN_POINT('Origin',(3.020608803533,-0.95,-17.77012493107));
#2357=CARTESIAN_POINT('',(3.020608803533,-0.95,-17.77012493107));
#2358=CARTESIAN_POINT('',(4.420608803533,-0.95,-17.77012493107));
#2359=CARTESIAN_POINT('',(3.020608803533,0.,-17.77012493107));
#2360=CARTESIAN_POINT('Origin',(3.020608803533,-0.95,-16.37012493107));
#2361=CARTESIAN_POINT('',(3.020608803533,-0.95,-17.77012493107));
#2362=CARTESIAN_POINT('Origin',(0.,-0.95,0.));
#2363=CARTESIAN_POINT('',(4.320608803533,-0.95,-17.67012493107));
#2364=CARTESIAN_POINT('',(4.320608803533,-0.95,-16.47012493107));
#2365=CARTESIAN_POINT('',(4.320608803533,-0.95,-17.67012493107));
#2366=CARTESIAN_POINT('',(3.120608803533,-0.95,-17.67012493107));
#2367=CARTESIAN_POINT('',(3.120608803533,-0.95,-17.67012493107));
#2368=CARTESIAN_POINT('',(3.120608803533,-0.95,-16.47012493107));
#2369=CARTESIAN_POINT('',(3.120608803533,-0.95,-16.47012493107));
#2370=CARTESIAN_POINT('',(4.320608803533,-0.95,-16.47012493107));
#2371=CARTESIAN_POINT('Origin',(4.320608803533,-1.35,-17.77012493107));
#2372=CARTESIAN_POINT('',(4.320608803533,-1.35,-16.47012493107));
#2373=CARTESIAN_POINT('',(4.320608803533,-0.95,-16.47012493107));
#2374=CARTESIAN_POINT('',(4.320608803533,-1.35,-17.67012493107));
#2375=CARTESIAN_POINT('',(4.320608803533,-1.35,-16.47012493107));
#2376=CARTESIAN_POINT('',(4.320608803533,-0.95,-17.67012493107));
#2377=CARTESIAN_POINT('Origin',(4.420608803533,-1.35,-16.47012493107));
#2378=CARTESIAN_POINT('',(3.120608803533,-1.35,-16.47012493107));
#2379=CARTESIAN_POINT('',(3.120608803533,-0.95,-16.47012493107));
#2380=CARTESIAN_POINT('',(3.120608803533,-1.35,-16.47012493107));
#2381=CARTESIAN_POINT('Origin',(3.120608803533,-1.35,-16.37012493107));
#2382=CARTESIAN_POINT('',(3.120608803533,-1.35,-17.67012493107));
#2383=CARTESIAN_POINT('',(3.120608803533,-1.35,-17.67012493107));
#2384=CARTESIAN_POINT('',(3.120608803533,-1.35,-17.67012493107));
#2385=CARTESIAN_POINT('Origin',(3.020608803533,-1.35,-17.67012493107));
#2386=CARTESIAN_POINT('',(4.320608803533,-1.35,-17.67012493107));
#2387=CARTESIAN_POINT('Origin',(0.,-1.35,0.));
#2388=CARTESIAN_POINT('',(3.720608803533,-1.35,-17.57012493107));
#2389=CARTESIAN_POINT('Origin',(3.720608803533,-1.35,-17.07012493107));
#2390=CARTESIAN_POINT('Origin',(3.720608803533,-1.57,-17.07012493107));
#2391=CARTESIAN_POINT('',(3.720608803533,-1.47,-17.57012493107));
#2392=CARTESIAN_POINT('',(3.720608803533,-1.57,-17.57012493107));
#2393=CARTESIAN_POINT('',(3.720608803533,-1.47,-16.57012493107));
#2394=CARTESIAN_POINT('Origin',(3.720608803533,-1.47,-17.07012493107));
#2395=CARTESIAN_POINT('Origin',(3.720608803533,-1.47,-17.07012493107));
#2396=CARTESIAN_POINT('Origin',(3.720608803533,-1.47,-17.07012493107));
#2397=CARTESIAN_POINT('',(3.720608803533,-1.57,-16.67012493107));
#2398=CARTESIAN_POINT('Origin',(3.720608803533,-1.47,-16.67012493107));
#2399=CARTESIAN_POINT('Origin',(3.720608803533,-1.57,-17.07012493107));
#2400=CARTESIAN_POINT('Origin',(3.720608803533,-1.57,-17.07012493107));
#2401=CARTESIAN_POINT('',(3.720608803533,-1.57,-17.12012493107));
#2402=CARTESIAN_POINT('',(3.720608803533,-1.57,-17.02012493107));
#2403=CARTESIAN_POINT('Origin',(3.720608803533,-1.57,-17.07012493107));
#2404=CARTESIAN_POINT('Origin',(3.720608803533,-1.57,-17.07012493107));
#2405=CARTESIAN_POINT('Ctrl Pts',(3.72060880353564,-1.59999999999653,-17.09012493107));
#2406=CARTESIAN_POINT('Ctrl Pts',(3.70060880354483,-1.59999999999571,-17.0901249310676));
#2407=CARTESIAN_POINT('Ctrl Pts',(3.70060880354483,-1.59999999999823,-17.0701249310768));
#2408=CARTESIAN_POINT('Ctrl Pts',(3.70060880354483,-1.60000000000075,-17.0501249310859));
#2409=CARTESIAN_POINT('Ctrl Pts',(3.72060880353564,-1.60000000000157,-17.0501249310835));
#2410=CARTESIAN_POINT('Ctrl Pts',(3.72060880353413,-1.6000000000011,-17.1025513379464));
#2411=CARTESIAN_POINT('Ctrl Pts',(3.68818239666845,-1.59999999999976,-17.1025513379424));
#2412=CARTESIAN_POINT('Ctrl Pts',(3.68818239666845,-1.60000000000384,-17.0701249310768));
#2413=CARTESIAN_POINT('Ctrl Pts',(3.68818239666845,-1.60000000000793,-17.0376985242111));
#2414=CARTESIAN_POINT('Ctrl Pts',(3.72060880353413,-1.60000000000927,-17.0376985242071));
#2415=CARTESIAN_POINT('Ctrl Pts',(3.72060880353342,-1.59121320343244,-17.1113381345139));
#2416=CARTESIAN_POINT('Ctrl Pts',(3.67939560010021,-1.59121320343074,-17.1113381345089));
#2417=CARTESIAN_POINT('Ctrl Pts',(3.67939560010021,-1.59121320343593,-17.0701249310757));
#2418=CARTESIAN_POINT('Ctrl Pts',(3.67939560010021,-1.59121320344112,-17.0289117276424));
#2419=CARTESIAN_POINT('Ctrl Pts',(3.72060880353342,-1.59121320344283,-17.0289117276374));
#2420=CARTESIAN_POINT('Ctrl Pts',(3.72060880353272,-1.58242640686378,-17.1201249310814));
#2421=CARTESIAN_POINT('Ctrl Pts',(3.67060880353197,-1.58242640686172,-17.1201249310753));
#2422=CARTESIAN_POINT('Ctrl Pts',(3.67060880353197,-1.58242640686802,-17.0701249310745));
#2423=CARTESIAN_POINT('Ctrl Pts',(3.67060880353197,-1.58242640687432,-17.0201249310738));
#2424=CARTESIAN_POINT('Ctrl Pts',(3.72060880353272,-1.58242640687638,-17.0201249310677));
#2425=CARTESIAN_POINT('Ctrl Pts',(3.72060880353323,-1.5699999999874,-17.1201249310752));
#2426=CARTESIAN_POINT('Ctrl Pts',(3.67060880353713,-1.56999999998533,-17.1201249310691));
#2427=CARTESIAN_POINT('Ctrl Pts',(3.67060880353713,-1.56999999999163,-17.070124931073));
#2428=CARTESIAN_POINT('Ctrl Pts',(3.67060880353713,-1.56999999999793,-17.0201249310769));
#2429=CARTESIAN_POINT('Ctrl Pts',(3.72060880353323,-1.57,-17.0201249310708));
#2430=CARTESIAN_POINT('',(3.720608803533,-1.6,-17.05012493107));
#2431=CARTESIAN_POINT('Origin',(3.720608803533,-1.57,-17.05012493107));
#2432=CARTESIAN_POINT('',(3.720608803533,-1.6,-17.09012493107));
#2433=CARTESIAN_POINT('Origin',(3.720608803533,-1.57,-17.09012493107));
#2434=CARTESIAN_POINT('Origin',(3.720608803533,-1.6,-17.07012493107));
#2435=CARTESIAN_POINT('Ctrl Pts',(3.72060880353048,-1.59999999999653,-17.05012493107));
#2436=CARTESIAN_POINT('Ctrl Pts',(3.74060880352109,-1.59999999999558,-17.0501249310724));
#2437=CARTESIAN_POINT('Ctrl Pts',(3.74060880352109,-1.59999999999818,-17.0701249310631));
#2438=CARTESIAN_POINT('Ctrl Pts',(3.74060880352109,-1.60000000000077,-17.0901249310537));
#2439=CARTESIAN_POINT('Ctrl Pts',(3.72060880353048,-1.60000000000172,-17.0901249310561));
#2440=CARTESIAN_POINT('Ctrl Pts',(3.720608803532,-1.60000000000113,-17.0376985241935));
#2441=CARTESIAN_POINT('Ctrl Pts',(3.7530352103976,-1.59999999999959,-17.0376985241975));
#2442=CARTESIAN_POINT('Ctrl Pts',(3.7530352103976,-1.60000000000379,-17.0701249310631));
#2443=CARTESIAN_POINT('Ctrl Pts',(3.7530352103976,-1.600000000008,-17.1025513379287));
#2444=CARTESIAN_POINT('Ctrl Pts',(3.720608803532,-1.60000000000954,-17.1025513379326));
#2445=CARTESIAN_POINT('Ctrl Pts',(3.72060880353266,-1.59121320343233,-17.028911727626));
#2446=CARTESIAN_POINT('Ctrl Pts',(3.76182200696586,-1.59121320343038,-17.028911727631));
#2447=CARTESIAN_POINT('Ctrl Pts',(3.76182200696586,-1.59121320343572,-17.0701249310642));
#2448=CARTESIAN_POINT('Ctrl Pts',(3.76182200696586,-1.59121320344107,-17.1113381344974));
#2449=CARTESIAN_POINT('Ctrl Pts',(3.72060880353266,-1.59121320344303,-17.1113381345024));
#2450=CARTESIAN_POINT('Ctrl Pts',(3.72060880353331,-1.58242640686354,-17.0201249310584));
#2451=CARTESIAN_POINT('Ctrl Pts',(3.77060880353412,-1.58242640686117,-17.0201249310645));
#2452=CARTESIAN_POINT('Ctrl Pts',(3.77060880353412,-1.58242640686765,-17.0701249310653));
#2453=CARTESIAN_POINT('Ctrl Pts',(3.77060880353412,-1.58242640687414,-17.1201249310661));
#2454=CARTESIAN_POINT('Ctrl Pts',(3.72060880353331,-1.58242640687651,-17.1201249310722));
#2455=CARTESIAN_POINT('Ctrl Pts',(3.72060880353272,-1.56999999998702,-17.0201249310648));
#2456=CARTESIAN_POINT('Ctrl Pts',(3.77060880352876,-1.56999999998465,-17.0201249310709));
#2457=CARTESIAN_POINT('Ctrl Pts',(3.77060880352876,-1.56999999999114,-17.0701249310669));
#2458=CARTESIAN_POINT('Ctrl Pts',(3.77060880352876,-1.56999999999763,-17.120124931063));
#2459=CARTESIAN_POINT('Ctrl Pts',(3.72060880353272,-1.57,-17.1201249310691));
#2460=CARTESIAN_POINT('Origin',(3.720608803533,-1.6,-17.07012493107));
#2461=CARTESIAN_POINT('Origin',(1.605916276496E-14,-1.6,-1.03185570707E-14));
#2462=CARTESIAN_POINT('Origin',(0.,0.,0.));
#2463=CARTESIAN_POINT('',(-0.9793911964671,0.,-17.77012493107));
#2464=CARTESIAN_POINT('',(0.4206088035329,0.,-17.77012493107));
#2465=CARTESIAN_POINT('',(-0.9793911964671,0.,-17.77012493107));
#2466=CARTESIAN_POINT('',(-0.9793911964671,0.,-16.37012493107));
#2467=CARTESIAN_POINT('',(-0.9793911964671,0.,-16.37012493107));
#2468=CARTESIAN_POINT('',(0.4206088035329,0.,-16.37012493107));
#2469=CARTESIAN_POINT('',(0.4206088035329,0.,-16.37012493107));
#2470=CARTESIAN_POINT('',(0.4206088035329,0.,-17.77012493107));
#2471=CARTESIAN_POINT('Origin',(-0.9793911964671,-0.95,-17.77012493107));
#2472=CARTESIAN_POINT('',(0.4206088035329,-0.95,-17.77012493107));
#2473=CARTESIAN_POINT('',(0.4206088035329,-0.95,-17.77012493107));
#2474=CARTESIAN_POINT('',(-0.9793911964671,-0.95,-17.77012493107));
#2475=CARTESIAN_POINT('',(0.4206088035329,-0.95,-17.77012493107));
#2476=CARTESIAN_POINT('',(-0.9793911964671,-0.95,-17.77012493107));
#2477=CARTESIAN_POINT('Origin',(-0.9793911964671,-0.95,-16.37012493107));
#2478=CARTESIAN_POINT('',(-0.9793911964671,-0.95,-16.37012493107));
#2479=CARTESIAN_POINT('',(-0.9793911964671,-0.95,-17.77012493107));
#2480=CARTESIAN_POINT('',(-0.9793911964671,-0.95,-16.37012493107));
#2481=CARTESIAN_POINT('Origin',(0.4206088035329,-0.95,-16.37012493107));
#2482=CARTESIAN_POINT('',(0.4206088035329,-0.95,-16.37012493107));
#2483=CARTESIAN_POINT('',(-0.9793911964671,-0.95,-16.37012493107));
#2484=CARTESIAN_POINT('',(0.4206088035329,0.,-16.37012493107));
#2485=CARTESIAN_POINT('Origin',(0.4206088035329,-0.95,-17.77012493107));
#2486=CARTESIAN_POINT('',(0.4206088035329,-0.95,-16.37012493107));
#2487=CARTESIAN_POINT('Origin',(0.,-0.95,0.));
#2488=CARTESIAN_POINT('',(-0.8793911964671,-0.95,-16.47012493107));
#2489=CARTESIAN_POINT('',(-0.8793911964671,-0.95,-17.67012493107));
#2490=CARTESIAN_POINT('',(-0.8793911964671,-0.95,-16.47012493107));
#2491=CARTESIAN_POINT('',(0.3206088035329,-0.95,-16.47012493107));
#2492=CARTESIAN_POINT('',(0.3206088035329,-0.95,-16.47012493107));
#2493=CARTESIAN_POINT('',(0.3206088035329,-0.95,-17.67012493107));
#2494=CARTESIAN_POINT('',(0.3206088035329,-0.95,-17.67012493107));
#2495=CARTESIAN_POINT('',(-0.8793911964671,-0.95,-17.67012493107));
#2496=CARTESIAN_POINT('Origin',(-0.8793911964671,-1.35,-16.37012493107));
#2497=CARTESIAN_POINT('',(-0.8793911964671,-1.35,-17.67012493107));
#2498=CARTESIAN_POINT('',(-0.8793911964671,-0.95,-17.67012493107));
#2499=CARTESIAN_POINT('',(-0.8793911964671,-1.35,-16.47012493107));
#2500=CARTESIAN_POINT('',(-0.8793911964671,-1.35,-17.67012493107));
#2501=CARTESIAN_POINT('',(-0.8793911964671,-0.95,-16.47012493107));
#2502=CARTESIAN_POINT('Origin',(-0.9793911964671,-1.35,-17.67012493107));
#2503=CARTESIAN_POINT('',(0.3206088035329,-1.35,-17.67012493107));
#2504=CARTESIAN_POINT('',(0.3206088035329,-0.95,-17.67012493107));
#2505=CARTESIAN_POINT('',(0.3206088035329,-1.35,-17.67012493107));
#2506=CARTESIAN_POINT('Origin',(0.3206088035329,-1.35,-17.77012493107));
#2507=CARTESIAN_POINT('',(0.3206088035329,-1.35,-16.47012493107));
#2508=CARTESIAN_POINT('',(0.3206088035329,-1.35,-16.47012493107));
#2509=CARTESIAN_POINT('',(0.3206088035329,-1.35,-16.47012493107));
#2510=CARTESIAN_POINT('Origin',(0.4206088035329,-1.35,-16.47012493107));
#2511=CARTESIAN_POINT('',(-0.8793911964671,-1.35,-16.47012493107));
#2512=CARTESIAN_POINT('Origin',(0.,-1.35,0.));
#2513=CARTESIAN_POINT('',(-0.2793911964671,-1.35,-17.57012493107));
#2514=CARTESIAN_POINT('Origin',(-0.2793911964671,-1.35,-17.07012493107));
#2515=CARTESIAN_POINT('Origin',(-0.2793911964671,-1.57,-17.07012493107));
#2516=CARTESIAN_POINT('',(-0.2793911964671,-1.47000000000001,-17.57012493107));
#2517=CARTESIAN_POINT('',(-0.2793911964671,-1.57,-17.57012493107));
#2518=CARTESIAN_POINT('Origin',(-0.2793911964671,-1.47,-17.07012493107));
#2519=CARTESIAN_POINT('Origin',(-0.2793911964671,-1.47,-17.07012493107));
#2520=CARTESIAN_POINT('',(-0.279391196467101,-1.57,-17.47012493107));
#2521=CARTESIAN_POINT('Origin',(-0.2793911964671,-1.57,-17.07012493107));
#2522=CARTESIAN_POINT('Origin',(-0.2793911964671,-1.47,-17.47012493107));
#2523=CARTESIAN_POINT('Origin',(-0.2793911964671,-1.57,-17.07012493107));
#2524=CARTESIAN_POINT('',(-0.2793911964671,-1.57,-17.02012493107));
#2525=CARTESIAN_POINT('',(-0.2793911964671,-1.57,-17.12012493107));
#2526=CARTESIAN_POINT('Origin',(-0.2793911964671,-1.57,-17.07012493107));
#2527=CARTESIAN_POINT('Origin',(-0.2793911964671,-1.57,-17.07012493107));
#2528=CARTESIAN_POINT('Ctrl Pts',(-0.27939119646965,-1.59999999999671,-17.05012493107));
#2529=CARTESIAN_POINT('Ctrl Pts',(-0.259391196478974,-1.5999999999957,-17.0501249310725));
#2530=CARTESIAN_POINT('Ctrl Pts',(-0.259391196478974,-1.59999999999819,
-17.0701249310632));
#2531=CARTESIAN_POINT('Ctrl Pts',(-0.259391196478974,-1.60000000000068,
-17.0901249310539));
#2532=CARTESIAN_POINT('Ctrl Pts',(-0.27939119646965,-1.60000000000168,-17.0901249310564));
#2533=CARTESIAN_POINT('Ctrl Pts',(-0.279391196468091,-1.60000000000136,
-17.0376985241936));
#2534=CARTESIAN_POINT('Ctrl Pts',(-0.246964789602525,-1.59999999999973,
-17.0376985241976));
#2535=CARTESIAN_POINT('Ctrl Pts',(-0.246964789602525,-1.60000000000376,
-17.0701249310632));
#2536=CARTESIAN_POINT('Ctrl Pts',(-0.246964789602525,-1.60000000000779,
-17.1025513379288));
#2537=CARTESIAN_POINT('Ctrl Pts',(-0.279391196468091,-1.60000000000943,
-17.1025513379328));
#2538=CARTESIAN_POINT('Ctrl Pts',(-0.279391196467431,-1.59121320343269,
-17.028911727626));
#2539=CARTESIAN_POINT('Ctrl Pts',(-0.238177993034314,-1.59121320343061,
-17.0289117276312));
#2540=CARTESIAN_POINT('Ctrl Pts',(-0.238177993034314,-1.59121320343574,
-17.0701249310643));
#2541=CARTESIAN_POINT('Ctrl Pts',(-0.238177993034314,-1.59121320344086,
-17.1113381344974));
#2542=CARTESIAN_POINT('Ctrl Pts',(-0.279391196467431,-1.59121320344294,
-17.1113381345026));
#2543=CARTESIAN_POINT('Ctrl Pts',(-0.279391196466772,-1.58242640686401,
-17.0201249310584));
#2544=CARTESIAN_POINT('Ctrl Pts',(-0.229391196466103,-1.58242640686149,
-17.0201249310647));
#2545=CARTESIAN_POINT('Ctrl Pts',(-0.229391196466103,-1.58242640686771,
-17.0701249310654));
#2546=CARTESIAN_POINT('Ctrl Pts',(-0.229391196466103,-1.58242640687393,
-17.120124931066));
#2547=CARTESIAN_POINT('Ctrl Pts',(-0.279391196466772,-1.58242640687645,
-17.1201249310723));
#2548=CARTESIAN_POINT('Ctrl Pts',(-0.279391196467398,-1.56999999998756,
-17.0201249310647));
#2549=CARTESIAN_POINT('Ctrl Pts',(-0.229391196471412,-1.56999999998505,
-17.0201249310709));
#2550=CARTESIAN_POINT('Ctrl Pts',(-0.229391196471412,-1.56999999999126,
-17.0701249310669));
#2551=CARTESIAN_POINT('Ctrl Pts',(-0.229391196471412,-1.56999999999748,
-17.1201249310629));
#2552=CARTESIAN_POINT('Ctrl Pts',(-0.279391196467398,-1.57,-17.1201249310692));
#2553=CARTESIAN_POINT('',(-0.2793911964671,-1.6,-17.05012493107));
#2554=CARTESIAN_POINT('Origin',(-0.2793911964671,-1.57,-17.05012493107));
#2555=CARTESIAN_POINT('',(-0.2793911964671,-1.6,-17.09012493107));
#2556=CARTESIAN_POINT('Origin',(-0.2793911964671,-1.6,-17.07012493107));
#2557=CARTESIAN_POINT('Origin',(-0.2793911964671,-1.57,-17.09012493107));
#2558=CARTESIAN_POINT('Ctrl Pts',(-0.279391196464603,-1.59999999999667,
-17.09012493107));
#2559=CARTESIAN_POINT('Ctrl Pts',(-0.299391196455314,-1.59999999999568,
-17.0901249310675));
#2560=CARTESIAN_POINT('Ctrl Pts',(-0.299391196455314,-1.59999999999818,
-17.0701249310768));
#2561=CARTESIAN_POINT('Ctrl Pts',(-0.299391196455314,-1.60000000000069,
-17.0501249310861));
#2562=CARTESIAN_POINT('Ctrl Pts',(-0.279391196464603,-1.60000000000168,
-17.0501249310837));
#2563=CARTESIAN_POINT('Ctrl Pts',(-0.279391196466131,-1.60000000000131,
-17.1025513379465));
#2564=CARTESIAN_POINT('Ctrl Pts',(-0.311817603331763,-1.5999999999997,-17.1025513379425));
#2565=CARTESIAN_POINT('Ctrl Pts',(-0.311817603331763,-1.60000000000376,
-17.0701249310768));
#2566=CARTESIAN_POINT('Ctrl Pts',(-0.311817603331763,-1.60000000000782,
-17.0376985242112));
#2567=CARTESIAN_POINT('Ctrl Pts',(-0.279391196466131,-1.60000000000943,
-17.0376985242072));
#2568=CARTESIAN_POINT('Ctrl Pts',(-0.279391196466777,-1.59121320343262,
-17.111338134514));
#2569=CARTESIAN_POINT('Ctrl Pts',(-0.320604399899982,-1.59121320343058,
-17.1113381345089));
#2570=CARTESIAN_POINT('Ctrl Pts',(-0.320604399899982,-1.59121320343574,
-17.0701249310757));
#2571=CARTESIAN_POINT('Ctrl Pts',(-0.320604399899982,-1.5912132034409,-17.0289117276425));
#2572=CARTESIAN_POINT('Ctrl Pts',(-0.279391196466777,-1.59121320344294,
-17.0289117276375));
#2573=CARTESIAN_POINT('Ctrl Pts',(-0.279391196467422,-1.58242640686393,
-17.1201249310816));
#2574=CARTESIAN_POINT('Ctrl Pts',(-0.329391196468201,-1.58242640686146,
-17.1201249310754));
#2575=CARTESIAN_POINT('Ctrl Pts',(-0.329391196468201,-1.58242640686772,
-17.0701249310746));
#2576=CARTESIAN_POINT('Ctrl Pts',(-0.329391196468201,-1.58242640687398,
-17.0201249310739));
#2577=CARTESIAN_POINT('Ctrl Pts',(-0.279391196467422,-1.58242640687645,
-17.0201249310677));
#2578=CARTESIAN_POINT('Ctrl Pts',(-0.279391196466807,-1.56999999998748,
-17.1201249310753));
#2579=CARTESIAN_POINT('Ctrl Pts',(-0.329391196462901,-1.569999999985,-17.1201249310692));
#2580=CARTESIAN_POINT('Ctrl Pts',(-0.329391196462901,-1.56999999999127,
-17.0701249310731));
#2581=CARTESIAN_POINT('Ctrl Pts',(-0.329391196462901,-1.56999999999753,
-17.020124931077));
#2582=CARTESIAN_POINT('Ctrl Pts',(-0.279391196466807,-1.57,-17.0201249310708));
#2583=CARTESIAN_POINT('Origin',(-0.2793911964671,-1.6,-17.07012493107));
#2584=CARTESIAN_POINT('Origin',(1.605916276496E-14,-1.6,-1.03185570707E-14));
#2585=CARTESIAN_POINT('',(0.,0.,0.));
#2586=CARTESIAN_POINT('Origin',(0.,0.,0.));
#2587=CARTESIAN_POINT('',(0.,8.5,17.5));
#2588=CARTESIAN_POINT('',(0.,-8.5,17.5));
#2589=CARTESIAN_POINT('',(0.,8.5,17.5));
#2590=CARTESIAN_POINT('',(0.,8.5,-17.5));
#2591=CARTESIAN_POINT('',(0.,8.5,-17.5));
#2592=CARTESIAN_POINT('',(0.,-8.5,-17.5));
#2593=CARTESIAN_POINT('',(0.,-8.5,-17.5));
#2594=CARTESIAN_POINT('',(0.,-8.5,17.5));
#2595=CARTESIAN_POINT('Origin',(0.,8.5,17.5));
#2596=CARTESIAN_POINT('',(6.,-8.5,17.5));
#2597=CARTESIAN_POINT('',(0.,-8.5,17.5));
#2598=CARTESIAN_POINT('',(6.,8.5,17.5));
#2599=CARTESIAN_POINT('',(6.,8.5,17.5));
#2600=CARTESIAN_POINT('',(0.,8.5,17.5));
#2601=CARTESIAN_POINT('Origin',(0.,8.5,-17.5));
#2602=CARTESIAN_POINT('',(6.,8.5,-17.5));
#2603=CARTESIAN_POINT('',(6.,8.5,-17.5));
#2604=CARTESIAN_POINT('',(0.,8.5,-17.5));
#2605=CARTESIAN_POINT('Origin',(0.,-8.5,-17.5));
#2606=CARTESIAN_POINT('',(6.,-8.5,-17.5));
#2607=CARTESIAN_POINT('',(6.,-8.5,-17.5));
#2608=CARTESIAN_POINT('',(0.,-8.5,-17.5));
#2609=CARTESIAN_POINT('Origin',(0.,-8.5,17.5));
#2610=CARTESIAN_POINT('',(6.,-8.5,17.5));
#2611=CARTESIAN_POINT('Origin',(6.,0.,0.));
#2612=CARTESIAN_POINT('',(0.,0.,0.));
#2613=CARTESIAN_POINT('Origin',(0.,5.706389172257E-12,10.90000000001));
#2614=CARTESIAN_POINT('',(-0.4999999580375,7.500000000001,10.9));
#2615=CARTESIAN_POINT('',(-0.4999999580375,8.500000000001,10.9));
#2616=CARTESIAN_POINT('',(-0.4999999580375,7.500000000001,10.9));
#2617=CARTESIAN_POINT('',(0.5000000419625,7.500000000001,10.9));
#2618=CARTESIAN_POINT('',(0.5000000419625,7.500000000001,10.9));
#2619=CARTESIAN_POINT('',(0.5000000419625,8.500000000001,10.9));
#2620=CARTESIAN_POINT('',(0.5000000419625,8.500000000001,10.9));
#2621=CARTESIAN_POINT('',(-0.4999999580375,8.500000000001,10.9));
#2622=CARTESIAN_POINT('Origin',(-0.4999999580375,8.500000000001,10.9));
#2623=CARTESIAN_POINT('',(-0.4999999580375,7.5,9.900000000004));
#2624=CARTESIAN_POINT('',(-0.4999999580375,8.5,9.900000000003));
#2625=CARTESIAN_POINT('',(-0.4999999580375,7.5,9.900000000004));
#2626=CARTESIAN_POINT('',(-0.4999999580375,7.5,9.900000000004));
#2627=CARTESIAN_POINT('',(-0.4999999580375,8.5,9.900000000003));
#2628=CARTESIAN_POINT('Origin',(0.,5.186823193175E-12,9.900000000008));
#2629=CARTESIAN_POINT('',(0.5000000419625,8.5,9.900000000003));
#2630=CARTESIAN_POINT('',(-0.4999999580375,8.5,9.900000000003));
#2631=CARTESIAN_POINT('',(0.5000000419625,7.5,9.900000000004));
#2632=CARTESIAN_POINT('',(0.5000000419625,8.5,9.900000000003));
#2633=CARTESIAN_POINT('',(0.5000000419625,7.5,9.900000000004));
#2634=CARTESIAN_POINT('Origin',(-0.4999999580375,7.500000000001,10.9));
#2635=CARTESIAN_POINT('',(0.5000000419625,7.5,9.900000000004));
#2636=CARTESIAN_POINT('Origin',(0.5000000419625,7.500000000001,10.9));
#2637=CARTESIAN_POINT('',(0.5000000419625,8.5,9.900000000003));
#2638=CARTESIAN_POINT('Origin',(0.5000000419625,8.500000000001,10.9));
#2639=CARTESIAN_POINT('',(-38.,62.35,32.72060975653));
#2640=CARTESIAN_POINT('',(-36.27939119647,53.44999999999,28.74073468761));
#2641=CARTESIAN_POINT('',(-38.,53.44999999999,30.87060975654));
#2642=CARTESIAN_POINT('',(-38.,62.35,32.72060975653));
#2643=UNCERTAINTY_MEASURE_WITH_UNIT(LENGTH_MEASURE(0.01),#2655,
'DISTANCE_ACCURACY_VALUE',
'Maximum model space distance between geometric entities at asserted c
onnectivities');
#2644=UNCERTAINTY_MEASURE_WITH_UNIT(LENGTH_MEASURE(0.01),#2655,
'DISTANCE_ACCURACY_VALUE',
'Maximum model space distance between geometric entities at asserted c
onnectivities');
#2645=UNCERTAINTY_MEASURE_WITH_UNIT(LENGTH_MEASURE(0.01),#2655,
'DISTANCE_ACCURACY_VALUE',
'Maximum model space distance between geometric entities at asserted c
onnectivities');
#2646=UNCERTAINTY_MEASURE_WITH_UNIT(LENGTH_MEASURE(0.01),#2655,
'DISTANCE_ACCURACY_VALUE',
'Maximum model space distance between geometric entities at asserted c
onnectivities');
#2647=UNCERTAINTY_MEASURE_WITH_UNIT(LENGTH_MEASURE(0.01),#2655,
'DISTANCE_ACCURACY_VALUE',
'Maximum model space distance between geometric entities at asserted c
onnectivities');
#2648=UNCERTAINTY_MEASURE_WITH_UNIT(LENGTH_MEASURE(0.01),#2655,
'DISTANCE_ACCURACY_VALUE',
'Maximum model space distance between geometric entities at asserted c
onnectivities');
#2649=(
GEOMETRIC_REPRESENTATION_CONTEXT(3)
GLOBAL_UNCERTAINTY_ASSIGNED_CONTEXT((#2643))
GLOBAL_UNIT_ASSIGNED_CONTEXT((#2655,#2657,#2658))
REPRESENTATION_CONTEXT('','3D')
);
#2650=(
GEOMETRIC_REPRESENTATION_CONTEXT(3)
GLOBAL_UNCERTAINTY_ASSIGNED_CONTEXT((#2644))
GLOBAL_UNIT_ASSIGNED_CONTEXT((#2655,#2657,#2658))
REPRESENTATION_CONTEXT('','3D')
);
#2651=(
GEOMETRIC_REPRESENTATION_CONTEXT(3)
GLOBAL_UNCERTAINTY_ASSIGNED_CONTEXT((#2645))
GLOBAL_UNIT_ASSIGNED_CONTEXT((#2655,#2657,#2658))
REPRESENTATION_CONTEXT('','3D')
);
#2652=(
GEOMETRIC_REPRESENTATION_CONTEXT(3)
GLOBAL_UNCERTAINTY_ASSIGNED_CONTEXT((#2646))
GLOBAL_UNIT_ASSIGNED_CONTEXT((#2655,#2657,#2658))
REPRESENTATION_CONTEXT('','3D')
);
#2653=(
GEOMETRIC_REPRESENTATION_CONTEXT(3)
GLOBAL_UNCERTAINTY_ASSIGNED_CONTEXT((#2647))
GLOBAL_UNIT_ASSIGNED_CONTEXT((#2655,#2657,#2658))
REPRESENTATION_CONTEXT('','3D')
);
#2654=(
GEOMETRIC_REPRESENTATION_CONTEXT(3)
GLOBAL_UNCERTAINTY_ASSIGNED_CONTEXT((#2648))
GLOBAL_UNIT_ASSIGNED_CONTEXT((#2655,#2657,#2658))
REPRESENTATION_CONTEXT('','3D')
);
#2655=(
LENGTH_UNIT()
NAMED_UNIT(*)
SI_UNIT(.MILLI.,.METRE.)
);
#2656=(
LENGTH_UNIT()
NAMED_UNIT(*)
SI_UNIT($,.METRE.)
);
#2657=(
NAMED_UNIT(*)
PLANE_ANGLE_UNIT()
SI_UNIT($,.RADIAN.)
);
#2658=(
NAMED_UNIT(*)
SI_UNIT($,.STERADIAN.)
SOLID_ANGLE_UNIT()
);
#2659=SHAPE_DEFINITION_REPRESENTATION(#2664,#2673);
#2660=SHAPE_DEFINITION_REPRESENTATION(#2665,#2674);
#2661=SHAPE_DEFINITION_REPRESENTATION(#2666,#2675);
#2662=SHAPE_DEFINITION_REPRESENTATION(#2667,#2676);
#2663=SHAPE_DEFINITION_REPRESENTATION(#2668,#2677);
#2664=PRODUCT_DEFINITION_SHAPE('',$,#2679);
#2665=PRODUCT_DEFINITION_SHAPE('',$,#2680);
#2666=PRODUCT_DEFINITION_SHAPE('',$,#2681);
#2667=PRODUCT_DEFINITION_SHAPE('',$,#2682);
#2668=PRODUCT_DEFINITION_SHAPE('',$,#2683);
#2669=PRODUCT_DEFINITION_SHAPE($,$,#23);
#2670=PRODUCT_DEFINITION_SHAPE($,$,#24);
#2671=PRODUCT_DEFINITION_SHAPE($,$,#25);
#2672=PRODUCT_DEFINITION_SHAPE($,$,#26);
#2673=SHAPE_REPRESENTATION('',(#1501,#1636,#1637,#1638,#1639),#2649);
#2674=SHAPE_REPRESENTATION('',(#1502),#2650);
#2675=SHAPE_REPRESENTATION('',(#1570),#2651);
#2676=SHAPE_REPRESENTATION('',(#1622),#2652);
#2677=SHAPE_REPRESENTATION('',(#1629),#2653);
#2678=PRODUCT_DEFINITION_CONTEXT('part definition',#2695,'design');
#2679=PRODUCT_DEFINITION('2025-06-05-11-25-23-741',
'04007PCB-225713_AF_ASM (7)',#2684,#2678);
#2680=PRODUCT_DEFINITION('2025-06-05-11-25-23-741_1',
'04007PCB-397954000',#2685,#2678);
#2681=PRODUCT_DEFINITION('2025-06-05-11-25-23-741_2','PCB-0001',#2686,#2678);
#2682=PRODUCT_DEFINITION('2025-06-05-11-25-23-741_3','60173500',#2687,#2678);
#2683=PRODUCT_DEFINITION('2025-06-05-11-25-23-741_4','04007LED',#2688,#2678);
#2684=PRODUCT_DEFINITION_FORMATION('',$,#2697);
#2685=PRODUCT_DEFINITION_FORMATION('',$,#2698);
#2686=PRODUCT_DEFINITION_FORMATION('',$,#2699);
#2687=PRODUCT_DEFINITION_FORMATION('',$,#2700);
#2688=PRODUCT_DEFINITION_FORMATION('',$,#2701);
#2689=PRODUCT_RELATED_PRODUCT_CATEGORY('04007PCB-225713_AF_ASM (7)',
'04007PCB-225713_AF_ASM (7)',(#2697));
#2690=PRODUCT_RELATED_PRODUCT_CATEGORY('04007PCB-397954000',
'04007PCB-397954000',(#2698));
#2691=PRODUCT_RELATED_PRODUCT_CATEGORY('PCB-0001','PCB-0001',(#2699));
#2692=PRODUCT_RELATED_PRODUCT_CATEGORY('60173500','60173500',(#2700));
#2693=PRODUCT_RELATED_PRODUCT_CATEGORY('04007LED','04007LED',(#2701));
#2694=APPLICATION_PROTOCOL_DEFINITION('international standard',
'automotive_design',2009,#2695);
#2695=APPLICATION_CONTEXT(
'Core Data for Automotive Mechanical Design Process');
#2696=PRODUCT_CONTEXT('part definition',#2695,'mechanical');
#2697=PRODUCT('2025-06-05-11-25-23-741','04007PCB-225713_AF_ASM (7)',
'NOT SPECIFIED',(#2696));
#2698=PRODUCT('2025-06-05-11-25-23-741_1','04007PCB-397954000',
'NOT SPECIFIED',(#2696));
#2699=PRODUCT('2025-06-05-11-25-23-741_2','PCB-0001','NOT SPECIFIED',(#2696));
#2700=PRODUCT('2025-06-05-11-25-23-741_3','60173500','NOT SPECIFIED',(#2696));
#2701=PRODUCT('2025-06-05-11-25-23-741_4','04007LED','NOT SPECIFIED',(#2696));
#2702=PRESENTATION_STYLE_ASSIGNMENT((#2704));
#2703=PRESENTATION_STYLE_ASSIGNMENT((#2705));
#2704=SURFACE_STYLE_USAGE(.BOTH.,#2706);
#2705=SURFACE_STYLE_USAGE(.BOTH.,#2707);
#2706=SURFACE_SIDE_STYLE('',(#2708));
#2707=SURFACE_SIDE_STYLE('',(#2709));
#2708=SURFACE_STYLE_FILL_AREA(#2710);
#2709=SURFACE_STYLE_FILL_AREA(#2711);
#2710=FILL_AREA_STYLE('\X2\94A2\X0\ - \X2\7F0E5149\X0\',(#2712));
#2711=FILL_AREA_STYLE('Opaque(51,51,51)',(#2713));
#2712=FILL_AREA_STYLE_COLOUR('\X2\94A2\X0\ - \X2\7F0E5149\X0\',#2714);
#2713=FILL_AREA_STYLE_COLOUR('Opaque(51,51,51)',#2715);
#2714=COLOUR_RGB('\X2\94A2\X0\ - \X2\7F0E5149\X0\',0.627450980392157,0.627450980392157,
0.627450980392157);
#2715=COLOUR_RGB('Opaque(51,51,51)',0.2,0.2,0.2);
ENDSEC;
END-ISO-10303-21;
