ISO-10303-21;
HEADER;
FILE_DESCRIPTION (( 'STEP AP203' ),
    '1' );
FILE_NAME ('03001塑壳2.STEP',
    '2025-06-19T09:26:03',
    ( 'Windows 用户' ),
    ( '' ),
    'SwSTEP 2.0',
    'SolidWorks 2018',
    '' );
FILE_SCHEMA (( 'CONFIG_CONTROL_DESIGN' ));
ENDSEC;

DATA;
#1 = CC_DESIGN_PERSON_AND_ORGANIZATION_ASSIGNMENT ( #663, #2393, ( #768 ) ) ;
#2 = CARTESIAN_POINT ( 'NONE',  ( 31.54762624735409915, -15.30000000000000071, -0.3059186485793391475 ) ) ;
#3 = EDGE_LOOP ( 'NONE', ( #3829, #898, #4091, #397 ) ) ;
#4 = VECTOR ( 'NONE', #3276, 1000.000000000000000 ) ;
#5 = CARTESIAN_POINT ( 'NONE',  ( 21.20000000000000995, -15.76846996048401195, 18.47251272689750579 ) ) ;
#6 = CARTESIAN_POINT ( 'NONE',  ( 26.00373773041741643, -17.47189325123988013, 1.141083811868615738 ) ) ;
#7 = EDGE_CURVE ( 'NONE', #3494, #2297, #3796, .T. ) ;
#8 = CARTESIAN_POINT ( 'NONE',  ( -25.77098517520713727, -17.59613046140648862, 1.164267834624648890 ) ) ;
#9 = CARTESIAN_POINT ( 'NONE',  ( -27.44215709274235238, 21.10624629677345254, -1.142943928259208652 ) ) ;
#10 = CARTESIAN_POINT ( 'NONE',  ( -25.74182848619803465, -22.00000000000000355, -0.5011792720900607456 ) ) ;
#11 = VERTEX_POINT ( 'NONE', #3947 ) ;
#12 = FACE_OUTER_BOUND ( 'NONE', #4752, .T. ) ;
#13 = CARTESIAN_POINT ( 'NONE',  ( 23.99999999999999289, -17.99999999999999645, 17.21886749202234412 ) ) ;
#14 = B_SPLINE_CURVE_WITH_KNOTS ( 'NONE', 3,
 ( #5254, #5748, #2830, #6212, #3313, #472, #3808, #4789, #5768, #2849, #3833, #965, #4942, #5359, #2933, #3987, #5445, #587 ),
 .UNSPECIFIED., .F., .F.,
 ( 4, 2, 2, 2, 2, 2, 2, 2, 4 ),
 ( 0.000000000000000000, 0.0007892307429179031171, 0.001578461485835806234, 0.002367692228753709351, 0.003156922971671612468, 0.003946153714589515152, 0.004735384457507418703, 0.005524615200425322253, 0.006313845943343224937 ),
 .UNSPECIFIED. ) ;
#15 = EDGE_CURVE ( 'NONE', #1948, #5176, #5242, .T. ) ;
#16 = CARTESIAN_POINT ( 'NONE',  ( -25.33825219231932735, -21.50000000000000000, 0.2293339118110010177 ) ) ;
#17 = ORIENTED_EDGE ( 'NONE', *, *, #390, .F. ) ;
#18 = CARTESIAN_POINT ( 'NONE',  ( -30.71364280500220545, -18.41024556595601780, -0.2271668556828601859 ) ) ;
#19 = ORIENTED_EDGE ( 'NONE', *, *, #4466, .T. ) ;
#20 = CARTESIAN_POINT ( 'NONE',  ( -28.25200438921968527, -16.50910461467076118, -0.007124820500438301500 ) ) ;
#21 = LINE ( 'NONE', #1396, #3693 ) ;
#22 = CARTESIAN_POINT ( 'NONE',  ( 26.49999999999999289, 4.620000000000008100, 8.410000000000000142 ) ) ;
#23 = CARTESIAN_POINT ( 'NONE',  ( 25.33825219231932024, 21.99999999999999645, 0.2293339118110314656 ) ) ;
#24 = DIRECTION ( 'NONE',  ( -0.000000000000000000, 0.000000000000000000, -1.000000000000000000 ) ) ;
#25 = CARTESIAN_POINT ( 'NONE',  ( 30.27552156677777617, -19.08168435066573210, -0.1865920306829018105 ) ) ;
#26 = ORIENTED_EDGE ( 'NONE', *, *, #4234, .T. ) ;
#27 = CIRCLE ( 'NONE', #2610, 1.400000000000000133 ) ;
#28 = EDGE_CURVE ( 'NONE', #5330, #5553, #4631, .T. ) ;
#29 = DIRECTION ( 'NONE',  ( 1.000000000000000000, 1.259708424309935542E-16, -7.054367176135639427E-15 ) ) ;
#30 = DIRECTION ( 'NONE',  ( 1.239088197126290817E-16, -1.000000000000000000, 0.000000000000000000 ) ) ;
#31 = CARTESIAN_POINT ( 'NONE',  ( 23.99999999999999289, 16.99999999999999645, -0.3725587879552729187 ) ) ;
#32 = CARTESIAN_POINT ( 'NONE',  ( -31.10195442703115631, -18.67974287342400785, -1.468494569840727682 ) ) ;
#33 = AXIS2_PLACEMENT_3D ( 'NONE', #2279, #3197, #4650 ) ;
#34 = LINE ( 'NONE', #3996, #4759 ) ;
#35 = DIRECTION ( 'NONE',  ( -1.000000000000000000, 0.000000000000000000, 0.000000000000000000 ) ) ;
#36 = ORIENTED_EDGE ( 'NONE', *, *, #5526, .T. ) ;
#37 = AXIS2_PLACEMENT_3D ( 'NONE', #1070, #1048, #5353 ) ;
#38 = DIRECTION ( 'NONE',  ( 1.239088197126290817E-16, -1.000000000000000000, 0.000000000000000000 ) ) ;
#39 = FACE_OUTER_BOUND ( 'NONE', #3329, .T. ) ;
#40 = CARTESIAN_POINT ( 'NONE',  ( -25.66114426259150250, 17.63876349037132485, 16.48822704292614816 ) ) ;
#41 = AXIS2_PLACEMENT_3D ( 'NONE', #3567, #255, #2589 ) ;
#42 = CARTESIAN_POINT ( 'NONE',  ( 24.92754282268651878, -16.84723214613058317, -0.9427851812832086509 ) ) ;
#43 = VERTEX_POINT ( 'NONE', #1039 ) ;
#44 = ORIENTED_EDGE ( 'NONE', *, *, #4919, .T. ) ;
#45 = DIRECTION ( 'NONE',  ( 0.000000000000000000, 1.000000000000000000, 0.000000000000000000 ) ) ;
#46 = LINE ( 'NONE', #3449, #4623 ) ;
#47 = CARTESIAN_POINT ( 'NONE',  ( -22.70000000000000639, -15.10000000000000320, 17.66000000000001080 ) ) ;
#48 = DIRECTION ( 'NONE',  ( -0.5734623443633297679, 0.000000000000000000, 0.8192319205190395914 ) ) ;
#49 = DIRECTION ( 'NONE',  ( 0.000000000000000000, 0.000000000000000000, -1.000000000000000000 ) ) ;
#50 = CARTESIAN_POINT ( 'NONE',  ( -27.24771144623564822, 21.17580948736751623, -1.126771919780939379 ) ) ;
#51 = CIRCLE ( 'NONE', #1936, 0.5000000000000000000 ) ;
#52 = CARTESIAN_POINT ( 'NONE',  ( -26.07204497786811714, 21.45988322444290475, -1.031299957150490831 ) ) ;
#53 = CARTESIAN_POINT ( 'NONE',  ( -29.72655465885747361, -20.34839619666195887, -0.8097891163870482023 ) ) ;
#54 = EDGE_CURVE ( 'NONE', #1645, #4366, #1775, .T. ) ;
#55 = ADVANCED_FACE ( 'NONE', ( #2082 ), #5847, .T. ) ;
#56 = LOCAL_TIME ( 17, 26, 3.000000000000000000, #2804 ) ;
#57 = APPROVAL_STATUS ( 'not_yet_approved' ) ;
#58 = CARTESIAN_POINT ( 'NONE',  ( -22.70000000000000639, -13.50000000000000355, 17.66000000000001080 ) ) ;
#59 = CARTESIAN_POINT ( 'NONE',  ( 12.06000000000000405, -13.99999999999999822, 17.49999999999999645 ) ) ;
#60 = CARTESIAN_POINT ( 'NONE',  ( -26.96516717675820018, -17.97805326502193424, 0.1005809532952414986 ) ) ;
#61 = CARTESIAN_POINT ( 'NONE',  ( 26.87940773822652218, -14.79097152154523265, -1.096488235421363644 ) ) ;
#62 = CARTESIAN_POINT ( 'NONE',  ( 25.30000000000000071, 22.00000000000000000, -0.2692007106403775385 ) ) ;
#63 = EDGE_CURVE ( 'NONE', #887, #4203, #137, .T. ) ;
#64 = CARTESIAN_POINT ( 'NONE',  ( 26.49999999999999289, -17.99999999999999645, 15.00000000000000355 ) ) ;
#65 = CARTESIAN_POINT ( 'NONE',  ( 30.62738155538090012, -19.38665889533220721, -0.6844987456412271465 ) ) ;
#66 = CARTESIAN_POINT ( 'NONE',  ( 25.63053927643134955, 15.90245782316584666, -0.9966761937741476229 ) ) ;
#67 = ORIENTED_EDGE ( 'NONE', *, *, #3210, .F. ) ;
#68 = ORIENTED_EDGE ( 'NONE', *, *, #1529, .F. ) ;
#69 = DIRECTION ( 'NONE',  ( 1.000000000000000000, 0.000000000000000000, 0.000000000000000000 ) ) ;
#70 = CARTESIAN_POINT ( 'NONE',  ( 30.97287170460614902, -18.87187852502680485, -1.456385055106766080 ) ) ;
#71 = DIRECTION ( 'NONE',  ( -0.000000000000000000, 0.000000000000000000, 1.000000000000000000 ) ) ;
#72 = CARTESIAN_POINT ( 'NONE',  ( 25.46262590524255387, -16.60475190297554349, -0.9837674031160860144 ) ) ;
#73 = CARTESIAN_POINT ( 'NONE',  ( -27.44710020137554807, -21.10433183683549885, -1.143357239167754447 ) ) ;
#74 = ORIENTED_EDGE ( 'NONE', *, *, #2091, .T. ) ;
#75 = VERTEX_POINT ( 'NONE', #2941 ) ;
#76 = EDGE_LOOP ( 'NONE', ( #757, #4018, #3958, #1424, #3661 ) ) ;
#77 = CARTESIAN_POINT ( 'NONE',  ( 24.43503365581420539, -16.99999999999999289, 18.11928168466320699 ) ) ;
#78 = CARTESIAN_POINT ( 'NONE',  ( -25.21630904120885930, -18.83285492764833791, 0.2387051749927981692 ) ) ;
#79 = ORIENTED_EDGE ( 'NONE', *, *, #5858, .F. ) ;
#80 = CARTESIAN_POINT ( 'NONE',  ( 26.21379539228600564, 21.95185762467928825, 0.1612703230295242374 ) ) ;
#81 = COORDINATED_UNIVERSAL_TIME_OFFSET ( 8, 0, .AHEAD. ) ;
#82 = CARTESIAN_POINT ( 'NONE',  ( 31.54762624735409915, 15.71046183334843072, -0.3059186485793122245 ) ) ;
#83 = CARTESIAN_POINT ( 'NONE',  ( 27.07819742074721958, -21.76354525764761050, 0.09130721689917413453 ) ) ;
#84 = CARTESIAN_POINT ( 'NONE',  ( 15.63867027083698247, -14.39130434782608248, 18.50000000000000000 ) ) ;
#85 = ADVANCED_FACE ( 'NONE', ( #3120, #370 ), #572, .F. ) ;
#86 = MANIFOLD_SOLID_BREP ( '圆角15', #2013 ) ;
#87 = CARTESIAN_POINT ( 'NONE',  ( -21.35091310380201080, 12.66346591550382072, 18.44267088172673752 ) ) ;
#88 = CARTESIAN_POINT ( 'NONE',  ( 27.44071034123863129, -21.10678744314328270, -1.142823246960699146 ) ) ;
#89 = EDGE_CURVE ( 'NONE', #6080, #3587, #2291, .T. ) ;
#90 = CARTESIAN_POINT ( 'NONE',  ( -26.77858449296493148, 21.83857157445851271, -1.088208658670981599 ) ) ;
#91 = ORIENTED_EDGE ( 'NONE', *, *, #1307, .F. ) ;
#92 = CARTESIAN_POINT ( 'NONE',  ( 26.17649141554034742, 21.95670010127000538, -0.3321992085498189917 ) ) ;
#93 = FACE_OUTER_BOUND ( 'NONE', #76, .T. ) ;
#94 = DIRECTION ( 'NONE',  ( 1.000000000000000000, 0.000000000000000000, 0.000000000000000000 ) ) ;
#95 = DIRECTION ( 'NONE',  ( -0.000000000000000000, -1.000000000000000000, -0.000000000000000000 ) ) ;
#96 = EDGE_LOOP ( 'NONE', ( #4272, #1968, #4773, #67, #3358 ) ) ;
#97 = CARTESIAN_POINT ( 'NONE',  ( 27.99999999999999289, 14.00000000000000533, 0.9317754462390137604 ) ) ;
#98 = LINE ( 'NONE', #4152, #692 ) ;
#99 = CARTESIAN_POINT ( 'NONE',  ( 30.98679604088584583, 18.84947890747480415, -0.7152566778497239097 ) ) ;
#100 = DIRECTION ( 'NONE',  ( 1.000000000000000000, 1.239088197126290817E-16, 0.000000000000000000 ) ) ;
#101 = EDGE_CURVE ( 'NONE', #6080, #1113, #5173, .T. ) ;
#102 = PLANE ( 'NONE',  #3508 ) ;
#103 = CARTESIAN_POINT ( 'NONE',  ( 23.99999999999999289, 18.00000000000000355, 17.21886749202234412 ) ) ;
#104 = ORIENTED_EDGE ( 'NONE', *, *, #1297, .F. ) ;
#105 = VECTOR ( 'NONE', #5689, 1000.000000000000000 ) ;
#106 = CARTESIAN_POINT ( 'NONE',  ( 27.32891230883530298, 21.17625865893413462, 0.07061163289277584687 ) ) ;
#107 = DIRECTION ( 'NONE',  ( 0.000000000000000000, 0.000000000000000000, 1.000000000000000000 ) ) ;
#108 = CARTESIAN_POINT ( 'NONE',  ( 26.34571738893431814, 15.82953217571382254, -1.053324870710641514 ) ) ;
#109 = ORIENTED_EDGE ( 'NONE', *, *, #670, .F. ) ;
#110 = EDGE_CURVE ( 'NONE', #4464, #889, #4385, .T. ) ;
#111 = LINE ( 'NONE', #1626, #5595 ) ;
#112 = CARTESIAN_POINT ( 'NONE',  ( 26.81738079002218456, -21.82954910450413522, -0.5805438713206824142 ) ) ;
#113 = CARTESIAN_POINT ( 'NONE',  ( 26.49999999999999289, 3.220000000000008633, 6.250000000000000000 ) ) ;
#114 = CARTESIAN_POINT ( 'NONE',  ( 16.63274534606947697, -16.49999999999999289, 17.49999999999999645 ) ) ;
#115 = CARTESIAN_POINT ( 'NONE',  ( 30.51728899022930719, -18.58279584132058204, -1.414078210537094371 ) ) ;
#116 = CARTESIAN_POINT ( 'NONE',  ( 16.63274534606947697, -14.49999999999999467, 17.49999999999999645 ) ) ;
#117 = ORIENTED_EDGE ( 'NONE', *, *, #390, .T. ) ;
#118 = AXIS2_PLACEMENT_3D ( 'NONE', #2657, #2169, #5545 ) ;
#119 = ORIENTED_EDGE ( 'NONE', *, *, #3702, .F. ) ;
#120 = ADVANCED_FACE ( 'NONE', ( #4941 ), #4882, .F. ) ;
#121 = DIRECTION ( 'NONE',  ( 0.000000000000000000, 0.000000000000000000, -1.000000000000000000 ) ) ;
#122 = PERSON_AND_ORGANIZATION_ROLE ( 'creator' ) ;
#124 = DIRECTION ( 'NONE',  ( -0.7673251572249025765, -0.3502942100631548095, 0.5371276100574322587 ) ) ;
#123 = PLANE ( 'NONE',  #3793 ) ;
#125 = ORIENTED_EDGE ( 'NONE', *, *, #4400, .T. ) ;
#126 = LINE ( 'NONE', #5476, #4172 ) ;
#127 = DIRECTION ( 'NONE',  ( -0.000000000000000000, -0.000000000000000000, 1.000000000000000000 ) ) ;
#128 = DIRECTION ( 'NONE',  ( -1.000000000000000000, 0.000000000000000000, 0.000000000000000000 ) ) ;
#129 = CARTESIAN_POINT ( 'NONE',  ( 20.08469709767365075, -30.00000000000000000, 9.115139758254795055 ) ) ;
#130 = DIRECTION ( 'NONE',  ( -0.000000000000000000, -1.000000000000000000, -0.000000000000000000 ) ) ;
#131 = CARTESIAN_POINT ( 'NONE',  ( 25.65189527273900083, 15.88356049766697886, -0.5228525742759437822 ) ) ;
#132 = CIRCLE ( 'NONE', #5952, 1.000000000000000666 ) ;
#133 = CARTESIAN_POINT ( 'NONE',  ( 12.06000000000000405, -13.99999999999999822, 17.49999999999999645 ) ) ;
#134 = DIRECTION ( 'NONE',  ( 0.000000000000000000, 1.000000000000000000, 0.000000000000000000 ) ) ;
#135 = CARTESIAN_POINT ( 'NONE',  ( 28.61760438016555952, -21.13745800707999933, -1.242895461648524380 ) ) ;
#136 = CARTESIAN_POINT ( 'NONE',  ( -24.30000000000000071, 13.50000000000000355, 6.399999999999999467 ) ) ;
#137 = CIRCLE ( 'NONE', #4112, 1.000000000000000000 ) ;
#138 = EDGE_LOOP ( 'NONE', ( #2662, #2898, #2260, #607 ) ) ;
#139 = CARTESIAN_POINT ( 'NONE',  ( 0.000000000000000000, 21.50000000000000000, -330.0000000000000000 ) ) ;
#140 = VERTEX_POINT ( 'NONE', #191 ) ;
#141 = CARTESIAN_POINT ( 'NONE',  ( 31.78552656838656176, 17.03823034647718515, -0.3284628998255781362 ) ) ;
#143 = CARTESIAN_POINT ( 'NONE',  ( -25.81932054130695775, -16.72907261777850607, 17.30745896344519252 ) ) ;
#142 = CARTESIAN_POINT ( 'NONE',  ( 26.97366303562354872, -17.97169183019974881, 0.09988807379623808325 ) ) ;
#144 = DIRECTION ( 'NONE',  ( -0.000000000000000000, -1.000000000000000000, -0.000000000000000000 ) ) ;
#145 = CARTESIAN_POINT ( 'NONE',  ( 25.66114426259150605, 17.63876349037132485, 16.48822704292614816 ) ) ;
#146 = ORIENTED_EDGE ( 'NONE', *, *, #2834, .F. ) ;
#147 = CARTESIAN_POINT ( 'NONE',  ( 27.99999999999999289, -3.219999999999994422, 6.250000000000000000 ) ) ;
#148 = ORIENTED_EDGE ( 'NONE', *, *, #2482, .F. ) ;
#149 = EDGE_CURVE ( 'NONE', #5835, #4696, #5674, .T. ) ;
#150 = CARTESIAN_POINT ( 'NONE',  ( 27.57346234436332111, -13.99999999999999467, 16.07955970130572609 ) ) ;
#151 = AXIS2_PLACEMENT_3D ( 'NONE', #702, #5469, #5512 ) ;
#152 = CARTESIAN_POINT ( 'NONE',  ( -31.11435319570841784, -18.65783312594643206, -0.9270425538758958472 ) ) ;
#153 = ADVANCED_FACE ( 'NONE', ( #1997, #4188 ), #4403, .F. ) ;
#154 = VERTEX_POINT ( 'NONE', #4058 ) ;
#155 = AXIS2_PLACEMENT_3D ( 'NONE', #5603, #4204, #5122 ) ;
#156 = CARTESIAN_POINT ( 'NONE',  ( -23.50000000000000355, 13.50000000000000355, 6.399999999999999467 ) ) ;
#157 = CARTESIAN_POINT ( 'NONE',  ( 27.99999999999505107, -14.34615758900540250, 15.78098334236055145 ) ) ;
#158 = DIRECTION ( 'NONE',  ( 0.000000000000000000, -0.000000000000000000, 1.000000000000000000 ) ) ;
#159 = DIRECTION ( 'NONE',  ( 0.000000000000000000, 2.282530889443166627E-15, 1.000000000000000000 ) ) ;
#160 = DIRECTION ( 'NONE',  ( 1.239088197126290817E-16, -1.000000000000000000, 0.000000000000000000 ) ) ;
#161 = EDGE_LOOP ( 'NONE', ( #1783, #119 ) ) ;
#162 = AXIS2_PLACEMENT_3D ( 'NONE', #4357, #5250, #48 ) ;
#163 = CARTESIAN_POINT ( 'NONE',  ( 24.58760108352580787, -17.96672528597520824, 16.99442340775267013 ) ) ;
#164 = ORIENTED_EDGE ( 'NONE', *, *, #3176, .T. ) ;
#165 = CARTESIAN_POINT ( 'NONE',  ( 26.63964989312730935, 17.01666205949185340, 1.076467819419866023 ) ) ;
#166 = AXIS2_PLACEMENT_3D ( 'NONE', #6071, #3659, #3185 ) ;
#167 = CARTESIAN_POINT ( 'NONE',  ( 30.99368268264498738, 17.86776346025254014, -0.2533734440658135245 ) ) ;
#168 = ORIENTED_EDGE ( 'NONE', *, *, #4297, .T. ) ;
#170 = DIRECTION ( 'NONE',  ( 1.000000000000000000, 0.000000000000000000, 0.000000000000000000 ) ) ;
#169 = DIRECTION ( 'NONE',  ( 0.000000000000000000, 1.000000000000000000, 0.000000000000000000 ) ) ;
#171 = DIRECTION ( 'NONE',  ( 0.000000000000000000, -1.000000000000000000, 0.000000000000000000 ) ) ;
#172 = VECTOR ( 'NONE', #3166, 1000.000000000000000 ) ;
#173 =( BOUNDED_CURVE ( )  B_SPLINE_CURVE ( 3, ( #5592, #3192, #6078, #1756 ),
 .UNSPECIFIED., .F., .F. ) 
 B_SPLINE_CURVE_WITH_KNOTS ( ( 4, 4 ),
 ( 0.000000000000000000, 1.142539081706223536 ),
 .UNSPECIFIED. ) 
 CURVE ( )  GEOMETRIC_REPRESENTATION_ITEM ( )  RATIONAL_B_SPLINE_CURVE ( ( 1.000000000000000000, 0.8941434746364459452, 0.8941434746364459452, 1.000000000000000000 ) ) 
 REPRESENTATION_ITEM ( '' )  );
#174 = CARTESIAN_POINT ( 'NONE',  ( 25.30000000000000071, -15.30000000000000071, -1.555179672444835681 ) ) ;
#175 = CARTESIAN_POINT ( 'NONE',  ( 25.05185697651256049, -17.89412159515015333, 1.234603836716512859 ) ) ;
#176 = DIRECTION ( 'NONE',  ( -0.000000000000000000, -0.000000000000000000, 1.000000000000000000 ) ) ;
#177 = ORIENTED_EDGE ( 'NONE', *, *, #3390, .T. ) ;
#178 = LINE ( 'NONE', #3850, #5136 ) ;
#179 = CARTESIAN_POINT ( 'NONE',  ( 26.99999999999999289, 14.00000000000000533, 15.26032778078668528 ) ) ;
#180 = CARTESIAN_POINT ( 'NONE',  ( 27.37142898595887885, -15.11936137671734670, 16.22098305218883851 ) ) ;
#181 = EDGE_CURVE ( 'NONE', #43, #4807, #1330, .T. ) ;
#182 = CARTESIAN_POINT ( 'NONE',  ( -31.39361215250178461, 18.09402241711393700, -1.496280057909072037 ) ) ;
#183 = CARTESIAN_POINT ( 'NONE',  ( -30.34186094331148453, 19.73401052994704941, -0.8611308419484345889 ) ) ;
#184 = CARTESIAN_POINT ( 'NONE',  ( -25.74742767932126952, 21.50000000000000355, 0.1979381797669806375 ) ) ;
#185 = ORIENTED_EDGE ( 'NONE', *, *, #1393, .T. ) ;
#186 = DIRECTION ( 'NONE',  ( -0.9970656915525151209, 0.000000000000000000, 0.07655068078668560150 ) ) ;
#187 = CYLINDRICAL_SURFACE ( 'NONE', #3256, 2.000000000000000000 ) ;
#188 = ADVANCED_FACE ( 'NONE', ( #4563 ), #885, .T. ) ;
#189 = CARTESIAN_POINT ( 'NONE',  ( -28.65125569154015039, 21.10577260280834011, -0.5217819907270878632 ) ) ;
#190 = EDGE_LOOP ( 'NONE', ( #4094, #2154, #337, #2316, #3273 ) ) ;
#191 = CARTESIAN_POINT ( 'NONE',  ( 27.57346234436332111, 14.00000000000000533, 16.07955970130572609 ) ) ;
#192 = FACE_OUTER_BOUND ( 'NONE', #4117, .T. ) ;
#193 = EDGE_CURVE ( 'NONE', #5451, #3675, #5701, .T. ) ;
#194 = CARTESIAN_POINT ( 'NONE',  ( 27.99999999999999289, 18.00000000000000355, 18.11513975825479505 ) ) ;
#195 = DIRECTION ( 'NONE',  ( -0.000000000000000000, -0.000000000000000000, 1.000000000000000000 ) ) ;
#196 = DIRECTION ( 'NONE',  ( -1.239088197126291063E-16, 1.000000000000000000, 0.000000000000000000 ) ) ;
#197 = CARTESIAN_POINT ( 'NONE',  ( 0.000000000000000000, -21.50000000000000000, 1.199999999999923128 ) ) ;
#198 = FACE_OUTER_BOUND ( 'NONE', #5906, .T. ) ;
#199 = VERTEX_POINT ( 'NONE', #113 ) ;
#200 = CARTESIAN_POINT ( 'NONE',  ( 31.57279048083804085, 17.66438991559088834, -0.9669385731843952447 ) ) ;
#201 = EDGE_LOOP ( 'NONE', ( #2481, #1096, #684, #1949 ) ) ;
#202 = AXIS2_PLACEMENT_3D ( 'NONE', #395, #849, #6171 ) ;
#203 = CARTESIAN_POINT ( 'NONE',  ( 31.40228507543374548, -18.07484602053637346, -0.9520611962072964563 ) ) ;
#204 = CARTESIAN_POINT ( 'NONE',  ( -31.13247585306311649, 17.30822949665374111, -1.471777215832480001 ) ) ;
#205 = CYLINDRICAL_SURFACE ( 'NONE', #2737, 1.000000000000000000 ) ;
#206 = CARTESIAN_POINT ( 'NONE',  ( -28.65096190054034508, 21.11826264279131848, -0.7223760167998550807 ) ) ;
#207 = CARTESIAN_POINT ( 'NONE',  ( -28.00266963863328229, -20.86286680846573560, -1.190203078753927501 ) ) ;
#208 = CARTESIAN_POINT ( 'NONE',  ( -28.61959854778748991, 20.56751596673972671, -0.03880902736801752212 ) ) ;
#209 = CARTESIAN_POINT ( 'NONE',  ( 24.74101521395586190, -17.96787890793299525, 17.97144718498859817 ) ) ;
#210 = LINE ( 'NONE', #4200, #652 ) ;
#212 = CARTESIAN_POINT ( 'NONE',  ( -28.00000000000000355, 15.61256877028555223, 15.26032778078668528 ) ) ;
#211 = CARTESIAN_POINT ( 'NONE',  ( 26.56370634729700697, 15.50261122521279056, -1.070856583595733547 ) ) ;
#213 = CYLINDRICAL_SURFACE ( 'NONE', #2926, 0.5000000000000000000 ) ;
#214 = CARTESIAN_POINT ( 'NONE',  ( 21.20000000000000639, -13.50000000000000178, 18.47251272689750579 ) ) ;
#215 = ORIENTED_EDGE ( 'NONE', *, *, #4728, .T. ) ;
#216 = EDGE_CURVE ( 'NONE', #11, #2768, #1107, .T. ) ;
#217 = ADVANCED_FACE ( 'NONE', ( #2501 ), #2582, .F. ) ;
#218 = CIRCLE ( 'NONE', #1979, 0.5000000000000000000 ) ;
#219 = CARTESIAN_POINT ( 'NONE',  ( -31.25166662298067166, 16.91841671373840583, -1.483120940674834243 ) ) ;
#220 = CARTESIAN_POINT ( 'NONE',  ( 0.000000000000000000, 22.00000000000000000, -330.0000000000000000 ) ) ;
#221 = CARTESIAN_POINT ( 'NONE',  ( -30.27413959076353223, 19.08349601645294413, -0.1864650448606762212 ) ) ;
#222 = CARTESIAN_POINT ( 'NONE',  ( -25.30000000000000426, 22.00000000000000000, -0.2692007106403506156 ) ) ;
#223 = ORIENTED_EDGE ( 'NONE', *, *, #1050, .F. ) ;
#224 = ORIENTED_EDGE ( 'NONE', *, *, #3292, .T. ) ;
#225 = ORIENTED_EDGE ( 'NONE', *, *, #5355, .F. ) ;
#227 = CARTESIAN_POINT ( 'NONE',  ( 31.95647111664115414, -16.18141123635321676, -1.000695208478544540 ) ) ;
#226 = CARTESIAN_POINT ( 'NONE',  ( 27.46439565061341170, -21.65572078504638398, -0.4287895724200977976 ) ) ;
#228 = CARTESIAN_POINT ( 'NONE',  ( -27.47123680761177411, 16.00470879235929900, 0.9890808832155029151 ) ) ;
#229 = VERTEX_POINT ( 'NONE', #1960 ) ;
#230 = EDGE_CURVE ( 'NONE', #5481, #6219, #506, .T. ) ;
#231 = ORIENTED_EDGE ( 'NONE', *, *, #3542, .F. ) ;
#232 = DIRECTION ( 'NONE',  ( -1.000000000000000000, 0.000000000000000000, 0.000000000000000000 ) ) ;
#233 = CARTESIAN_POINT ( 'NONE',  ( -32.00000000000000000, -15.74310129406526393, -0.8036452206678298404 ) ) ;
#234 = VERTEX_POINT ( 'NONE', #540 ) ;
#235 = AXIS2_PLACEMENT_3D ( 'NONE', #613, #2534, #5444 ) ;
#236 = CARTESIAN_POINT ( 'NONE',  ( -25.81932054130695775, 16.72907261777849186, 17.30745896344519252 ) ) ;
#237 = LINE ( 'NONE', #339, #4594 ) ;
#238 = CARTESIAN_POINT ( 'NONE',  ( 31.10121728963825305, -18.65917188991775788, -0.9259730131693582056 ) ) ;
#239 = CARTESIAN_POINT ( 'NONE',  ( -31.95644818932523279, 16.18163809995710523, -1.000693170023138512 ) ) ;
#240 = CARTESIAN_POINT ( 'NONE',  ( 27.99999999999999289, -3.219999999999994866, 8.410000000000000142 ) ) ;
#241 = CARTESIAN_POINT ( 'NONE',  ( -31.38849431797100564, 16.70923619463997056, -0.2907280578009752703 ) ) ;
#242 = CARTESIAN_POINT ( 'NONE',  ( -28.26468805939422779, 21.31236393438552312, -0.4911420612983899425 ) ) ;
#243 = CARTESIAN_POINT ( 'NONE',  ( 31.32031616233448545, -18.27300408453862346, -0.7440305224880525703 ) ) ;
#244 = CARTESIAN_POINT ( 'NONE',  ( 28.22946161793397479, 21.32973659710183867, -1.209508228760908244 ) ) ;
#245 = ADVANCED_FACE ( 'NONE', ( #5238, #3258 ), #5335, .F. ) ;
#246 = ORIENTED_EDGE ( 'NONE', *, *, #4728, .F. ) ;
#247 = DIRECTION ( 'NONE',  ( -1.000000000000000000, 0.000000000000000000, 0.000000000000000000 ) ) ;
#248 = AXIS2_PLACEMENT_3D ( 'NONE', #2356, #1446, #2376 ) ;
#249 = VECTOR ( 'NONE', #5205, 1000.000000000000000 ) ;
#250 = CARTESIAN_POINT ( 'NONE',  ( 25.30000000000000071, -22.00000000000000000, -0.2692007106404048500 ) ) ;
#251 = CARTESIAN_POINT ( 'NONE',  ( -27.59420342703684881, 15.77496020663050125, 0.9758584109961377928 ) ) ;
#252 = VERTEX_POINT ( 'NONE', #2444 ) ;
#253 = FACE_OUTER_BOUND ( 'NONE', #931, .T. ) ;
#254 = CARTESIAN_POINT ( 'NONE',  ( -26.81738303169618121, -21.82954859523542623, -0.3798884091798171991 ) ) ;
#255 = DIRECTION ( 'NONE',  ( 0.1086956521739128878, 0.9940750752324936101, -0.000000000000000000 ) ) ;
#256 = CARTESIAN_POINT ( 'NONE',  ( -25.74195240133906992, -22.00000000000000711, -0.3005807432525599565 ) ) ;
#257 = ORIENTED_EDGE ( 'NONE', *, *, #1820, .F. ) ;
#258 = LINE ( 'NONE', #5729, #2625 ) ;
#259 = CARTESIAN_POINT ( 'NONE',  ( 29.04209786377668934, 20.22660251911917939, -1.280253509337787809 ) ) ;
#260 = EDGE_CURVE ( 'NONE', #389, #2774, #2877, .T. ) ;
#261 = DIRECTION ( 'NONE',  ( -0.07650438463864539518, 0.000000000000000000, 0.9970692449028113469 ) ) ;
#262 = CARTESIAN_POINT ( 'NONE',  ( -28.08584280696100421, 20.86368005891359445, 0.007056998193852419450 ) ) ;
#263 = CARTESIAN_POINT ( 'NONE',  ( 31.11435577026232124, -18.65782861935772985, -0.7261759941914017746 ) ) ;
#264 = ORIENTED_EDGE ( 'NONE', *, *, #1856, .T. ) ;
#265 = CIRCLE ( 'NONE', #5301, 1.000000000000000888 ) ;
#266 = CARTESIAN_POINT ( 'NONE',  ( 31.77198452524594785, 17.04723015241265927, -1.532611051892214915 ) ) ;
#267 = DIRECTION ( 'NONE',  ( -1.000000000000000000, 0.000000000000000000, 0.000000000000000000 ) ) ;
#268 = ORIENTED_EDGE ( 'NONE', *, *, #3572, .T. ) ;
#269 = CARTESIAN_POINT ( 'NONE',  ( 24.32955309351685358, 16.49999999999999645, -0.4013522920955429618 ) ) ;
#270 = ORIENTED_EDGE ( 'NONE', *, *, #4477, .F. ) ;
#271 = EDGE_CURVE ( 'NONE', #4646, #4793, #3569, .T. ) ;
#272 = LINE ( 'NONE', #4902, #2208 ) ;
#273 = CARTESIAN_POINT ( 'NONE',  ( 25.40605247977328673, 17.75521630534102968, 16.62215023031217598 ) ) ;
#274 = ORIENTED_EDGE ( 'NONE', *, *, #929, .F. ) ;
#275 = CARTESIAN_POINT ( 'NONE',  ( -27.69342365651563753, -21.56186805165278741, 0.04027671004611867861 ) ) ;
#276 = AXIS2_PLACEMENT_3D ( 'NONE', #747, #787, #2622 ) ;
#277 = CARTESIAN_POINT ( 'NONE',  ( -25.56193271650204935, 17.71938155856900110, 17.48992465714935918 ) ) ;
#278 = ORIENTED_EDGE ( 'NONE', *, *, #937, .F. ) ;
#279 = ORIENTED_EDGE ( 'NONE', *, *, #4315, .F. ) ;
#280 = ADVANCED_FACE ( 'NONE', ( #4861 ), #4084, .T. ) ;
#281 = CIRCLE ( 'NONE', #2067, 1.400000000000000133 ) ;
#282 = CARTESIAN_POINT ( 'NONE',  ( 24.25705681090349231, 19.00000000000000711, 0.3106783074669490219 ) ) ;
#283 = VERTEX_POINT ( 'NONE', #611 ) ;
#284 = AXIS2_PLACEMENT_3D ( 'NONE', #3951, #2063, #2521 ) ;
#285 = CARTESIAN_POINT ( 'NONE',  ( 25.66114426259150605, -17.63876349037132130, 16.48822704292614816 ) ) ;
#286 = CARTESIAN_POINT ( 'NONE',  ( 23.50000000000000355, -13.50000000000000355, 6.399999999999999467 ) ) ;
#287 = CARTESIAN_POINT ( 'NONE',  ( 17.99999999999999645, -3.219999999999994866, 9.810000000000000497 ) ) ;
#288 = CIRCLE ( 'NONE', #4976, 1.000000000000000444 ) ;
#289 = CARTESIAN_POINT ( 'NONE',  ( -26.21619916744322154, 21.95184982065731916, 0.1610856241139723422 ) ) ;
#290 = CARTESIAN_POINT ( 'NONE',  ( 31.41211434067729158, 16.11333445124951780, -1.498424147102169757 ) ) ;
#291 = CARTESIAN_POINT ( 'NONE',  ( 26.42628796165546845, -18.33906385684666063, 0.1441592782676775208 ) ) ;
#292 = CARTESIAN_POINT ( 'NONE',  ( 26.49999999999999289, -11.20000000000000462, 6.399999999999999467 ) ) ;
#293 = VECTOR ( 'NONE', #71, 1000.000000000000000 ) ;
#294 = CARTESIAN_POINT ( 'NONE',  ( 26.37185983549970203, 14.80695120089125183, -0.5921440430015449952 ) ) ;
#295 = CARTESIAN_POINT ( 'NONE',  ( -31.50000000000000000, -15.30000000000000071, -1.004559302108243291 ) ) ;
#296 = CARTESIAN_POINT ( 'NONE',  ( 20.08469709767365075, -17.99999999999999645, 9.115139758254795055 ) ) ;
#297 = EDGE_LOOP ( 'NONE', ( #4494, #5397, #279, #4256 ) ) ;
#298 = EDGE_LOOP ( 'NONE', ( #998, #5393, #3136, #109 ) ) ;
#299 = CARTESIAN_POINT ( 'NONE',  ( -26.15042142115814272, -21.45994487685660346, 0.1662510648378880129 ) ) ;
#300 = CARTESIAN_POINT ( 'NONE',  ( -25.80943427677723889, 17.60413874941180623, 17.32324404821415342 ) ) ;
#301 = EDGE_CURVE ( 'NONE', #4073, #4945, #3952, .T. ) ;
#302 = ORIENTED_EDGE ( 'NONE', *, *, #4719, .F. ) ;
#303 = CARTESIAN_POINT ( 'NONE',  ( -28.65134444707963013, 15.60613263251793015, -0.04160455473238227481 ) ) ;
#304 = ORIENTED_EDGE ( 'NONE', *, *, #5989, .T. ) ;
#305 = CARTESIAN_POINT ( 'NONE',  ( 30.63471085180152897, 18.40605682055679537, -1.424947112137175287 ) ) ;
#306 = DIRECTION ( 'NONE',  ( 1.000000000000000000, 0.000000000000000000, 0.000000000000000000 ) ) ;
#307 = ORIENTED_EDGE ( 'NONE', *, *, #3749, .F. ) ;
#308 = EDGE_CURVE ( 'NONE', #889, #5341, #1256, .T. ) ;
#309 = CARTESIAN_POINT ( 'NONE',  ( 28.65072311139962835, 21.10607869628868727, -0.7224815908306556622 ) ) ;
#310 = ADVANCED_FACE ( 'NONE', ( #1186 ), #1031, .T. ) ;
#311 = EDGE_CURVE ( 'NONE', #3049, #1268, #6204, .T. ) ;
#312 = DIRECTION ( 'NONE',  ( -0.000000000000000000, -0.000000000000000000, 1.000000000000000000 ) ) ;
#313 = VERTEX_POINT ( 'NONE', #5132 ) ;
#314 = CARTESIAN_POINT ( 'NONE',  ( -23.92775436484047091, -18.00000000000000000, 0.3345313028230718633 ) ) ;
#315 = CARTESIAN_POINT ( 'NONE',  ( -26.49999999677020313, -14.16780116872530115, -1.065413436154242666 ) ) ;
#316 = CIRCLE ( 'NONE', #5192, 330.5000000000000000 ) ;
#317 = EDGE_LOOP ( 'NONE', ( #4647, #1558, #146, #6100 ) ) ;
#318 = DIRECTION ( 'NONE',  ( 0.000000000000000000, -1.000000000000000000, -0.000000000000000000 ) ) ;
#319 = CARTESIAN_POINT ( 'NONE',  ( -24.74353876105921302, -16.90327016233462487, -0.9288908555697235059 ) ) ;
#320 = AXIS2_PLACEMENT_3D ( 'NONE', #2706, #2728, #802 ) ;
#321 = VECTOR ( 'NONE', #1805, 1000.000000000000000 ) ;
#322 = CARTESIAN_POINT ( 'NONE',  ( -28.59571394733024974, 15.76215416934725866, -0.03677617603489589937 ) ) ;
#323 = VERTEX_POINT ( 'NONE', #1671 ) ;
#324 = CARTESIAN_POINT ( 'NONE',  ( -24.00000000000001066, 16.49999999999999289, -0.3725587879552886283 ) ) ;
#325 = DIRECTION ( 'NONE',  ( 1.000000000000000000, 1.239088197126290817E-16, 0.000000000000000000 ) ) ;
#326 = ORIENTED_EDGE ( 'NONE', *, *, #3903, .T. ) ;
#327 = DIRECTION ( 'NONE',  ( -2.220446049250313081E-14, 0.000000000000000000, 1.000000000000000000 ) ) ;
#328 = CYLINDRICAL_SURFACE ( 'NONE', #2575, 0.7999999999999986011 ) ;
#329 = CARTESIAN_POINT ( 'NONE',  ( 28.53315584291026852, 20.56751890961475837, -1.235817321412680192 ) ) ;
#330 = CARTESIAN_POINT ( 'NONE',  ( 31.50000000000000000, 15.29999999999999716, -0.8036452206678097454 ) ) ;
#331 = AXIS2_PLACEMENT_3D ( 'NONE', #547, #5300, #5343 ) ;
#332 = ORIENTED_EDGE ( 'NONE', *, *, #3142, .T. ) ;
#333 = FACE_OUTER_BOUND ( 'NONE', #2237, .T. ) ;
#334 = CARTESIAN_POINT ( 'NONE',  ( -26.80580243579955280, -14.96777978055957981, -1.090506893081079509 ) ) ;
#335 = EDGE_CURVE ( 'NONE', #2187, #4792, #3651, .T. ) ;
#336 = CARTESIAN_POINT ( 'NONE',  ( -31.50000000000000000, -15.30000000000000071, -1.504559302108243291 ) ) ;
#337 = ORIENTED_EDGE ( 'NONE', *, *, #1479, .T. ) ;
#338 = CARTESIAN_POINT ( 'NONE',  ( -30.61895007248159217, -19.39787372028737167, -0.6837813933169676339 ) ) ;
#339 = CARTESIAN_POINT ( 'NONE',  ( 28.91270319084888030, 22.00000000000000000, -0.06440690007719629406 ) ) ;
#340 = CYLINDRICAL_SURFACE ( 'NONE', #284, 1.000000000000000888 ) ;
#341 = ADVANCED_FACE ( 'NONE', ( #2735 ), #5389, .F. ) ;
#342 = DIRECTION ( 'NONE',  ( -1.000000000000000000, -1.239088197126290817E-16, -0.000000000000000000 ) ) ;
#343 = EDGE_CURVE ( 'NONE', #3339, #5475, #3791, .T. ) ;
#344 = CARTESIAN_POINT ( 'NONE',  ( 13.16000000000000547, -13.99999999999999822, 17.49999999999999645 ) ) ;
#345 = CALENDAR_DATE ( 2025, 19, 6 ) ;
#346 = CARTESIAN_POINT ( 'NONE',  ( 27.99999999999999645, 14.00000000000001066, 15.78098334236005407 ) ) ;
#347 = CARTESIAN_POINT ( 'NONE',  ( -25.88079229788184676, 15.65504970118952777, -0.5446284563756632613 ) ) ;
#348 = ORIENTED_EDGE ( 'NONE', *, *, #815, .F. ) ;
#349 = EDGE_LOOP ( 'NONE', ( #148, #6094, #6216, #2234 ) ) ;
#350 = CARTESIAN_POINT ( 'NONE',  ( 30.62785074231693372, -19.38604362773496703, -0.6845386386231679943 ) ) ;
#351 = CARTESIAN_POINT ( 'NONE',  ( 26.17876704443693114, 21.95671525140850733, -0.5329875107984153315 ) ) ;
#352 = FACE_OUTER_BOUND ( 'NONE', #2429, .T. ) ;
#353 = DIRECTION ( 'NONE',  ( -1.000000000000000000, 0.000000000000000000, -0.000000000000000000 ) ) ;
#354 = DIRECTION ( 'NONE',  ( 1.000000000000000000, 0.000000000000000000, 0.000000000000000000 ) ) ;
#355 = EDGE_CURVE ( 'NONE', #2337, #4807, #218, .T. ) ;
#356 = CARTESIAN_POINT ( 'NONE',  ( -25.52611561081009128, -15.98694435337053044, -0.5109729489228362898 ) ) ;
#357 = CARTESIAN_POINT ( 'NONE',  ( -30.90603414244707281, -18.05220055143457714, -0.2451419797294452918 ) ) ;
#358 = AXIS2_PLACEMENT_3D ( 'NONE', #3488, #1611, #4097 ) ;
#359 = CIRCLE ( 'NONE', #467, 1.000000000000000888 ) ;
#360 = AXIS2_PLACEMENT_3D ( 'NONE', #2808, #30, #1860 ) ;
#361 = CARTESIAN_POINT ( 'NONE',  ( 0.000000000000000000, -22.00000000000000000, 0.5000000000000004441 ) ) ;
#362 = TOROIDAL_SURFACE ( 'NONE', #1455, 9.000000000000001776, 1.000000000000000000 ) ;
#363 =( BOUNDED_CURVE ( )  B_SPLINE_CURVE ( 3, ( #3712, #2712, #6118, #847 ),
 .UNSPECIFIED., .F., .T. ) 
 B_SPLINE_CURVE_WITH_KNOTS ( ( 4, 4 ),
 ( 3.141592653589793116, 6.283185307179586232 ),
 .UNSPECIFIED. ) 
 CURVE ( )  GEOMETRIC_REPRESENTATION_ITEM ( )  RATIONAL_B_SPLINE_CURVE ( ( 1.000000000000000000, 0.3333333333333333703, 0.3333333333333333703, 1.000000000000000000 ) ) 
 REPRESENTATION_ITEM ( '' )  );
#364 = CARTESIAN_POINT ( 'NONE',  ( 26.49999999999999289, 13.99999999999999822, -0.6047207381380537150 ) ) ;
#365 = AXIS2_PLACEMENT_3D ( 'NONE', #5933, #4004, #3061 ) ;
#366 = CARTESIAN_POINT ( 'NONE',  ( 26.49999999999999289, 13.99999999999999822, -0.6047207381380291791 ) ) ;
#367 = CARTESIAN_POINT ( 'NONE',  ( 27.57346234436006682, 14.28564924179501183, 16.07955970130800694 ) ) ;
#368 = DIRECTION ( 'NONE',  ( 0.07224563515954156301, 0.000000000000000000, -0.9973868698756739315 ) ) ;
#369 = DIRECTION ( 'NONE',  ( -0.9973868698756740425, 0.000000000000000000, -0.07224563515954154913 ) ) ;
#370 = FACE_OUTER_BOUND ( 'NONE', #1819, .T. ) ;
#371 =( BOUNDED_SURFACE ( )  B_SPLINE_SURFACE ( 3, 2, ( 
 ( #2099, #1128, #4500 ),
 ( #5142, #315, #1285 ),
 ( #810, #5120, #6087 ),
 ( #2648, #1269, #4633 ),
 ( #2207, #5579, #334 ),
 ( #2226, #4588, #3631 ),
 ( #1230, #5600, #2242 ),
 ( #5555, #2691, #2184 ),
 ( #1781, #3653, #6044 ),
 ( #3699, #3182, #3678 ),
 ( #356, #4143, #1719 ),
 ( #2714, #4163, #2674 ),
 ( #1762, #1743, #830 ),
 ( #5098, #790, #5623 ),
 ( #4103, #4655, #5539 ),
 ( #3606, #6065, #6104 ) ),
 .UNSPECIFIED., .F., .F., .T. ) 
 B_SPLINE_SURFACE_WITH_KNOTS ( ( 4, 2, 2, 2, 2, 2, 2, 4 ),
 ( 3, 3 ),
 ( 0.000000000000000000, 0.0005866702394882577489, 0.001173340478976515498, 0.001760010718464773138, 0.002346680957953030996, 0.002933351197441288853, 0.003520021436929546277, 0.004693361915906061992 ),
 ( 0.000000000000000000, 1.000000000000000000 ),
 .UNSPECIFIED. ) 
 GEOMETRIC_REPRESENTATION_ITEM ( )  RATIONAL_B_SPLINE_SURFACE ( (
 ( 1.000000000000000000, 0.7354231443259643397, 1.000000000000000000),
 ( 1.000000000000000000, 0.7354225216059598891, 1.000000000000000000),
 ( 1.000000000000000000, 0.7352224586397738681, 1.000000000000000000),
 ( 1.000000000000000000, 0.7344398123129439737, 1.000000000000000000),
 ( 1.000000000000000000, 0.7338483003539482130, 1.000000000000000000),
 ( 1.000000000000000000, 0.7323167393390250801, 1.000000000000000000),
 ( 1.000000000000000000, 0.7313841124157626217, 1.000000000000000000),
 ( 1.000000000000000000, 0.7292038613851020701, 1.000000000000000000),
 ( 1.000000000000000000, 0.7279457470709513878, 1.000000000000000000),
 ( 1.000000000000000000, 0.7252344135720225626, 1.000000000000000000),
 ( 1.000000000000000000, 0.7237711287291799245, 1.000000000000000000),
 ( 1.000000000000000000, 0.7206438601925388987, 1.000000000000000000),
 ( 1.000000000000000000, 0.7190045456457304640, 1.000000000000000000),
 ( 1.000000000000000000, 0.7140074639085790542, 1.000000000000000000),
 ( 1.000000000000000000, 0.7104760866150564569, 1.000000000000000000),
 ( 1.000000000000000000, 0.7071067811865474617, 1.000000000000000000) ) ) 
 REPRESENTATION_ITEM ( '' )  SURFACE ( )  );
#372 = CARTESIAN_POINT ( 'NONE',  ( 23.99999999999999289, 18.00000000000000355, 20.00000000000000000 ) ) ;
#373 = DIRECTION ( 'NONE',  ( -1.000000000000000000, -1.239088197126290817E-16, -0.000000000000000000 ) ) ;
#374 = ORIENTED_EDGE ( 'NONE', *, *, #3498, .F. ) ;
#375 = DIRECTION ( 'NONE',  ( 0.000000000000000000, 0.000000000000000000, -1.000000000000000000 ) ) ;
#376 = ORIENTED_EDGE ( 'NONE', *, *, #5211, .T. ) ;
#377 = CARTESIAN_POINT ( 'NONE',  ( 25.28337970291125103, 17.79079258896371130, 1.211848231409975218 ) ) ;
#378 = CARTESIAN_POINT ( 'NONE',  ( -27.00000000000001066, -14.00000000000000178, 15.26032778078668173 ) ) ;
#379 = ORIENTED_EDGE ( 'NONE', *, *, #3702, .T. ) ;
#380 = DIRECTION ( 'NONE',  ( 1.000000000000000000, 0.000000000000000000, 0.000000000000000000 ) ) ;
#381 = DIRECTION ( 'NONE',  ( 1.239088197126290817E-16, -1.000000000000000000, 0.000000000000000000 ) ) ;
#382 = EDGE_CURVE ( 'NONE', #5755, #3853, #3286, .T. ) ;
#383 = ORIENTED_EDGE ( 'NONE', *, *, #5779, .T. ) ;
#384 = DIRECTION ( 'NONE',  ( -0.000000000000000000, -1.000000000000000000, -0.000000000000000000 ) ) ;
#385 = ORIENTED_EDGE ( 'NONE', *, *, #6199, .T. ) ;
#386 = CARTESIAN_POINT ( 'NONE',  ( -24.35548824109539723, 16.98062002280783034, -0.8999439234066507476 ) ) ;
#387 = CARTESIAN_POINT ( 'NONE',  ( -21.20000000000000995, -16.47543372323688615, 17.71135707488955191 ) ) ;
#388 = CARTESIAN_POINT ( 'NONE',  ( 31.50000000000000000, -15.30000000000000071, -0.8036452206678366128 ) ) ;
#389 = VERTEX_POINT ( 'NONE', #2658 ) ;
#390 = EDGE_CURVE ( 'NONE', #5193, #468, #2836, .T. ) ;
#391 = CIRCLE ( 'NONE', #5510, 330.0000000000000000 ) ;
#392 = VERTEX_POINT ( 'NONE', #1240 ) ;
#393 = CARTESIAN_POINT ( 'NONE',  ( 26.07368183580351229, 21.45994545696087386, -1.031424746007580273 ) ) ;
#394 = DIRECTION ( 'NONE',  ( -0.000000000000000000, -0.000000000000000000, 1.000000000000000000 ) ) ;
#395 = CARTESIAN_POINT ( 'NONE',  ( -25.30000000000000071, -21.50000000000000000, -0.4697889418938121509 ) ) ;
#396 = AXIS2_PLACEMENT_3D ( 'NONE', #330, #6083, #4706 ) ;
#397 = ORIENTED_EDGE ( 'NONE', *, *, #4606, .F. ) ;
#398 = DIRECTION ( 'NONE',  ( 0.000000000000000000, 0.000000000000000000, -1.000000000000000000 ) ) ;
#399 = VERTEX_POINT ( 'NONE', #344 ) ;
#400 = LINE ( 'NONE', #860, #2388 ) ;
#401 = CARTESIAN_POINT ( 'NONE',  ( -31.95696265563969263, -16.17620418102563562, -0.3450227270452141948 ) ) ;
#402 = DIRECTION ( 'NONE',  ( -1.000000000000000000, -1.239088197126290817E-16, 0.000000000000000000 ) ) ;
#403 = ORIENTED_EDGE ( 'NONE', *, *, #1362, .T. ) ;
#404 = CARTESIAN_POINT ( 'NONE',  ( -25.78801588183574012, 16.38748779694224922, -1.009111270364609680 ) ) ;
#405 = VECTOR ( 'NONE', #760, 1000.000000000000000 ) ;
#406 = DIRECTION ( 'NONE',  ( -5.421010862427514281E-16, -1.000000000000000000, 0.000000000000000000 ) ) ;
#407 = CARTESIAN_POINT ( 'NONE',  ( -26.24613303639930351, -15.10985391050901505, -0.5798829736104580412 ) ) ;
#408 = DIRECTION ( 'NONE',  ( 1.000000000000000000, 1.239088197126290817E-16, 0.000000000000000000 ) ) ;
#409 = ORIENTED_EDGE ( 'NONE', *, *, #5848, .F. ) ;
#410 = TOROIDAL_SURFACE ( 'NONE', #1347, 330.5000000000000000, 0.5000000000000000000 ) ;
#411 = DIRECTION ( 'NONE',  ( 0.000000000000000000, 0.000000000000000000, -1.000000000000000000 ) ) ;
#412 = CARTESIAN_POINT ( 'NONE',  ( 28.91270319084887674, -13.99999999999999467, -0.06440690007722095489 ) ) ;
#413 = CARTESIAN_POINT ( 'NONE',  ( -28.91270319084889806, -14.00000000000000178, -0.06440690007721341925 ) ) ;
#414 = CIRCLE ( 'NONE', #162, 1.000000000000000000 ) ;
#415 = EDGE_CURVE ( 'NONE', #1871, #5628, #5467, .T. ) ;
#416 = B_SPLINE_CURVE_WITH_KNOTS ( 'NONE', 3,
 ( #1017, #2856, #3359, #1469, #78, #997, #3818, #5797, #5816, #60, #478, #953, #495, #20, #4347, #553, #2432, #3900, #5775, #3879 ),
 .UNSPECIFIED., .F., .F.,
 ( 4, 2, 2, 2, 2, 2, 2, 2, 2, 4 ),
 ( 0.000000000000000000, 0.0009763577430038565368, 0.001464536614505778517, 0.001952715486007700930, 0.002929073229011544890, 0.003905430972015389718, 0.004881788715019234545, 0.005858146458023077638, 0.006834504201026917261, 0.007810861944030756884 ),
 .UNSPECIFIED. ) ;
#417 = ORIENTED_EDGE ( 'NONE', *, *, #1568, .F. ) ;
#418 = DIRECTION ( 'NONE',  ( -0.000000000000000000, -0.000000000000000000, 1.000000000000000000 ) ) ;
#419 = EDGE_LOOP ( 'NONE', ( #4523, #2240, #2228, #3373 ) ) ;
#420 = FACE_OUTER_BOUND ( 'NONE', #1311, .T. ) ;
#421 = DIRECTION ( 'NONE',  ( 0.000000000000000000, 0.000000000000000000, -1.000000000000000000 ) ) ;
#422 = CARTESIAN_POINT ( 'NONE',  ( 27.12808335434851870, 16.96908615017280297, 15.71808401975371261 ) ) ;
#423 = ORIENTED_EDGE ( 'NONE', *, *, #5048, .T. ) ;
#424 = EDGE_CURVE ( 'NONE', #2170, #1132, #2193, .T. ) ;
#425 = CARTESIAN_POINT ( 'NONE',  ( -28.00000000000000711, -14.00000000000000178, 15.26032778078668173 ) ) ;
#426 = CARTESIAN_POINT ( 'NONE',  ( 31.95645932634521458, -16.17892405256086619, -0.7997827811150352018 ) ) ;
#427 = CYLINDRICAL_SURFACE ( 'NONE', #4656, 6.700000000000001066 ) ;
#428 = CARTESIAN_POINT ( 'NONE',  ( 0.000000000000000000, 21.50000000000000000, -330.0000000000000000 ) ) ;
#429 = CARTESIAN_POINT ( 'NONE',  ( 27.42218898162415641, 21.65892665039310216, -1.141223439498453507 ) ) ;
#430 = ADVANCED_FACE ( 'NONE', ( #4405 ), #4036, .T. ) ;
#431 = DIRECTION ( 'NONE',  ( -0.000000000000000000, -1.000000000000000000, -0.000000000000000000 ) ) ;
#432 = VECTOR ( 'NONE', #4340, 1000.000000000000000 ) ;
#433 = CARTESIAN_POINT ( 'NONE',  ( -27.44367522886877353, -16.03972083772952217, 0.06201562287317270716 ) ) ;
#434 = EDGE_CURVE ( 'NONE', #1143, #2641, #1548, .T. ) ;
#435 = CARTESIAN_POINT ( 'NONE',  ( 22.70000000000000639, 13.50000000000000355, 6.399999999999999467 ) ) ;
#436 = CARTESIAN_POINT ( 'NONE',  ( 24.30000000000000071, -11.90000000000000391, 16.54000000000000270 ) ) ;
#437 = VECTOR ( 'NONE', #1112, 1000.000000000000000 ) ;
#438 = AXIS2_PLACEMENT_3D ( 'NONE', #1728, #4621, #3131 ) ;
#439 = PLANE ( 'NONE',  #5640 ) ;
#440 = ORIENTED_EDGE ( 'NONE', *, *, #4634, .F. ) ;
#441 = CARTESIAN_POINT ( 'NONE',  ( -25.94217612858599864, 16.26097058518043070, -1.021242758733098999 ) ) ;
#442 = ORIENTED_EDGE ( 'NONE', *, *, #1091, .F. ) ;
#443 = CARTESIAN_POINT ( 'NONE',  ( 27.99999999999999289, 3.220000000000007745, 9.810000000000000497 ) ) ;
#444 = CARTESIAN_POINT ( 'NONE',  ( -26.95915279396376008, 14.39543185363810451, -1.103049450695418487 ) ) ;
#445 = CARTESIAN_POINT ( 'NONE',  ( 31.50727395953200372, -16.11333270538283458, -0.3020503692448728850 ) ) ;
#446 = ORIENTED_EDGE ( 'NONE', *, *, #54, .F. ) ;
#447 = ORIENTED_EDGE ( 'NONE', *, *, #1229, .F. ) ;
#448 = ORIENTED_EDGE ( 'NONE', *, *, #3978, .T. ) ;
#449 = CARTESIAN_POINT ( 'NONE',  ( -26.13482198262594736, -18.49516307744309529, 0.1673856315807091266 ) ) ;
#450 = CARTESIAN_POINT ( 'NONE',  ( -21.20000000000000639, -13.50000000000000178, 6.399999999999999467 ) ) ;
#451 = ORIENTED_EDGE ( 'NONE', *, *, #311, .F. ) ;
#452 = DIRECTION ( 'NONE',  ( -0.000000000000000000, -0.000000000000000000, 1.000000000000000000 ) ) ;
#453 = B_SPLINE_CURVE_WITH_KNOTS ( 'NONE', 3,
 ( #2597, #184, #4052, #4984, #2152, #4033, #4536, #3091, #1222, #5487, #3512, #5046, #221, #4559, #4492, #1141, #1630, #1164, #241, #1691, #3600, #3043 ),
 .UNSPECIFIED., .F., .F.,
 ( 4, 2, 2, 2, 2, 2, 2, 2, 2, 2, 4 ),
 ( 0.000000000000000000, 0.001223421273846808004, 0.002446842547693616008, 0.003058553184617019902, 0.003670263821540423795, 0.004893685095387223342, 0.006117106369234021589, 0.007340527643080821570, 0.007952238280004225029, 0.008563948916927629357, 0.009787370190774432807 ),
 .UNSPECIFIED. ) ;
#454 = VERTEX_POINT ( 'NONE', #979 ) ;
#455 = DIRECTION ( 'NONE',  ( 0.000000000000000000, 1.000000000000000000, 0.000000000000000000 ) ) ;
#456 = DATE_AND_TIME ( #4427, #759 ) ;
#457 = ADVANCED_FACE ( 'NONE', ( #734 ), #6002, .T. ) ;
#458 = CARTESIAN_POINT ( 'NONE',  ( -21.90026260424687266, -11.84049124019887955, 18.21981617702721579 ) ) ;
#459 = CARTESIAN_POINT ( 'NONE',  ( 25.62914347736598586, -15.90365680820050898, -0.9965676540468474398 ) ) ;
#460 = ORIENTED_EDGE ( 'NONE', *, *, #4339, .F. ) ;
#461 = FACE_OUTER_BOUND ( 'NONE', #4242, .T. ) ;
#462 = CARTESIAN_POINT ( 'NONE',  ( -24.61110024688021269, 16.42986697798747286, -0.9189545172612589852 ) ) ;
#463 = CARTESIAN_POINT ( 'NONE',  ( -21.20000000000000639, -15.49999999999999822, 18.47251272689750934 ) ) ;
#464 = DIRECTION ( 'NONE',  ( 0.000000000000000000, 0.000000000000000000, -1.000000000000000000 ) ) ;
#465 = EDGE_CURVE ( 'NONE', #2719, #3733, #4426, .T. ) ;
#466 = CARTESIAN_POINT ( 'NONE',  ( 28.99999999999999289, 14.00000000000000533, 0.9317754462389710168 ) ) ;
#467 = AXIS2_PLACEMENT_3D ( 'NONE', #3599, #5023, #1690 ) ;
#468 = VERTEX_POINT ( 'NONE', #2 ) ;
#469 = CARTESIAN_POINT ( 'NONE',  ( -26.38534759593014556, -17.22227066085609337, 0.1478979288332480935 ) ) ;
#470 = PLANE ( 'NONE',  #5834 ) ;
#471 = VECTOR ( 'NONE', #575, 1000.000000000000000 ) ;
#472 = CARTESIAN_POINT ( 'NONE',  ( -25.77157846753932091, 17.59570299013803663, 1.164207086408125758 ) ) ;
#473 = CARTESIAN_POINT ( 'NONE',  ( 27.01002274337386311, 16.64722027536272719, 1.037967053472503842 ) ) ;
#474 = AXIS2_PLACEMENT_3D ( 'NONE', #5143, #4611, #2734 ) ;
#475 = VERTEX_POINT ( 'NONE', #1771 ) ;
#476 = AXIS2_PLACEMENT_3D ( 'NONE', #2040, #2454, #5855 ) ;
#477 = AXIS2_PLACEMENT_3D ( 'NONE', #1622, #3481, #605 ) ;
#478 = CARTESIAN_POINT ( 'NONE',  ( -27.22165135997838803, -17.76707945430996460, 0.07949786024329134893 ) ) ;
#479 = ORIENTED_EDGE ( 'NONE', *, *, #434, .T. ) ;
#480 = FACE_OUTER_BOUND ( 'NONE', #3408, .T. ) ;
#481 = CARTESIAN_POINT ( 'NONE',  ( -25.78714007062603386, 16.38815374432284244, -1.009042627720474039 ) ) ;
#482 = CARTESIAN_POINT ( 'NONE',  ( 26.82683304987954287, -21.82742701278120379, -0.3805956692532501129 ) ) ;
#483 = ORIENTED_EDGE ( 'NONE', *, *, #3525, .F. ) ;
#484 = DIRECTION ( 'NONE',  ( 1.000000000000000000, 0.000000000000000000, 0.000000000000000000 ) ) ;
#485 = VECTOR ( 'NONE', #1532, 1000.000000000000000 ) ;
#486 = DIRECTION ( 'NONE',  ( 0.000000000000000000, 0.000000000000000000, 1.000000000000000000 ) ) ;
#487 = CARTESIAN_POINT ( 'NONE',  ( 28.26653709791771973, 21.32345219654165547, -0.4911215738551027443 ) ) ;
#488 = ORIENTED_EDGE ( 'NONE', *, *, #4931, .F. ) ;
#489 = EDGE_CURVE ( 'NONE', #2300, #5264, #1845, .T. ) ;
#490 = CIRCLE ( 'NONE', #2692, 2.749999999999995559 ) ;
#491 = B_SPLINE_CURVE_WITH_KNOTS ( 'NONE', 3,
 ( #3582, #269, #1210, #1187, #4037, #728, #5554, #749, #1680, #3141, #5054, #294, #2159, #5537, #3629, #5031 ),
 .UNSPECIFIED., .F., .F.,
 ( 4, 2, 2, 2, 2, 2, 2, 4 ),
 ( 5.421010862427522170E-20, 0.0009862416974457484040, 0.001479362546168624341, 0.001972483394891500711, 0.002465604243614377081, 0.002958725092337252584, 0.003451845941060128955, 0.003944966789783004892 ),
 .UNSPECIFIED. ) ;
#492 = CARTESIAN_POINT ( 'NONE',  ( 26.49999999999999289, -11.20000000000000462, 15.00000000000000355 ) ) ;
#493 = CARTESIAN_POINT ( 'NONE',  ( 30.34135148281416505, 19.73458859467525173, -0.6602613443775219304 ) ) ;
#494 = LINE ( 'NONE', #4319, #2350 ) ;
#495 = CARTESIAN_POINT ( 'NONE',  ( -27.88769034830720983, -17.05481647110198651, 0.02386299823562713571 ) ) ;
#496 = CARTESIAN_POINT ( 'NONE',  ( 25.77941684115584664, 21.99748368591329495, 0.1954836750327388628 ) ) ;
#497 = EDGE_CURVE ( 'NONE', #1293, #5144, #3725, .T. ) ;
#498 = CARTESIAN_POINT ( 'NONE',  ( -24.73766059274532481, 16.90468949429007139, -0.9284502338782275599 ) ) ;
#499 = CARTESIAN_POINT ( 'NONE',  ( 29.12827534031823618, -20.22797674332198525, -0.08319313476073564306 ) ) ;
#500 = AXIS2_PLACEMENT_3D ( 'NONE', #4828, #5867, #5828 ) ;
#501 = LINE ( 'NONE', #5040, #5541 ) ;
#502 = DIRECTION ( 'NONE',  ( 1.239088197126290817E-16, -1.000000000000000000, 0.000000000000000000 ) ) ;
#503 = ORIENTED_EDGE ( 'NONE', *, *, #4477, .T. ) ;
#504 = CARTESIAN_POINT ( 'NONE',  ( 25.74195240133906637, 22.00000000000001066, -0.3005807432525328671 ) ) ;
#505 = DIRECTION ( 'NONE',  ( -0.000000000000000000, 0.000000000000000000, -1.000000000000000000 ) ) ;
#506 = CIRCLE ( 'NONE', #3906, 0.5000000000000001110 ) ;
#507 = CARTESIAN_POINT ( 'NONE',  ( -26.78804837234199709, -21.83650616667386046, -1.088977508255996263 ) ) ;
#508 = AXIS2_PLACEMENT_3D ( 'NONE', #2200, #5593, #2743 ) ;
#509 = VERTEX_POINT ( 'NONE', #5763 ) ;
#510 = CARTESIAN_POINT ( 'NONE',  ( 20.86955553836180854, 15.49999999999999822, 17.49999999999999645 ) ) ;
#511 = VERTEX_POINT ( 'NONE', #1931 ) ;
#512 = CARTESIAN_POINT ( 'NONE',  ( -31.65798921939916255, -17.45732960949185752, -0.3161711245856227981 ) ) ;
#513 = ORIENTED_EDGE ( 'NONE', *, *, #216, .F. ) ;
#514 = CARTESIAN_POINT ( 'NONE',  ( 25.22202942790758229, -16.18742781860083113, -0.9651606650363233619 ) ) ;
#515 = DIRECTION ( 'NONE',  ( 0.000000000000000000, 0.000000000000000000, 1.000000000000000000 ) ) ;
#516 = CARTESIAN_POINT ( 'NONE',  ( 30.36219384301177726, -19.71058619318009875, -0.1943084829625941756 ) ) ;
#517 = ADVANCED_FACE ( 'NONE', ( #4714 ), #817, .T. ) ;
#518 = ORIENTED_EDGE ( 'NONE', *, *, #2220, .T. ) ;
#519 = VERTEX_POINT ( 'NONE', #4374 ) ;
#520 = DIRECTION ( 'NONE',  ( 0.000000000000000000, -1.000000000000000000, 0.000000000000000000 ) ) ;
#521 = CARTESIAN_POINT ( 'NONE',  ( 28.65043380094967063, -21.11856267609299209, -0.7223338872064877236 ) ) ;
#522 = EDGE_CURVE ( 'NONE', #2514, #740, #3317, .T. ) ;
#523 = CARTESIAN_POINT ( 'NONE',  ( -19.58999999999999631, -17.40000000000000213, 8.650000000000002132 ) ) ;
#524 = CARTESIAN_POINT ( 'NONE',  ( 23.96369137670195926, -16.99999999999999289, -0.8712387292745561451 ) ) ;
#525 = CARTESIAN_POINT ( 'NONE',  ( 23.99999999999999289, -16.49999999999999289, 6.399999999999999467 ) ) ;
#526 = CARTESIAN_POINT ( 'NONE',  ( -30.18407846498649860, -19.08168941054178802, -1.383243912969406963 ) ) ;
#527 = ORIENTED_EDGE ( 'NONE', *, *, #4935, .F. ) ;
#528 = CARTESIAN_POINT ( 'NONE',  ( 32.00000000000000000, -15.74307208987143269, -0.8036452206677814347 ) ) ;
#529 = DIRECTION ( 'NONE',  ( 0.000000000000000000, 0.000000000000000000, 1.000000000000000000 ) ) ;
#530 = VERTEX_POINT ( 'NONE', #84 ) ;
#531 = DIRECTION ( 'NONE',  ( 1.000000000000000000, 0.000000000000000000, 0.000000000000000000 ) ) ;
#532 = CARTESIAN_POINT ( 'NONE',  ( 26.43109623223904237, -14.66969115302765303, -1.059860607327866244 ) ) ;
#533 = DIRECTION ( 'NONE',  ( 0.000000000000000000, 0.000000000000000000, 1.000000000000000000 ) ) ;
#534 = CARTESIAN_POINT ( 'NONE',  ( -26.17891895516993372, -21.95670081294834830, -0.5329985618879290454 ) ) ;
#535 = ORIENTED_EDGE ( 'NONE', *, *, #89, .T. ) ;
#536 = VECTOR ( 'NONE', #3580, 1000.000000000000000 ) ;
#537 = EDGE_CURVE ( 'NONE', #3241, #926, #1696, .T. ) ;
#538 = AXIS2_PLACEMENT_3D ( 'NONE', #2907, #3413, #964 ) ;
#539 = CARTESIAN_POINT ( 'NONE',  ( 26.07143979010671586, -21.45994498672546058, -1.031252307334040275 ) ) ;
#540 = CARTESIAN_POINT ( 'NONE',  ( 22.70000000000000639, -13.50000000000000355, 17.66000000000000725 ) ) ;
#541 = ORIENTED_EDGE ( 'NONE', *, *, #335, .F. ) ;
#542 = CARTESIAN_POINT ( 'NONE',  ( -27.04127574360525799, -21.77347216299603971, -0.5974072499446637652 ) ) ;
#543 = AXIS2_PLACEMENT_3D ( 'NONE', #3414, #638, #1118 ) ;
#544 = CYLINDRICAL_SURFACE ( 'NONE', #5543, 2.299999999999999822 ) ;
#545 = ADVANCED_FACE ( 'NONE', ( #574 ), #4253, .T. ) ;
#546 = DIRECTION ( 'NONE',  ( 1.239088197126290817E-16, -1.000000000000000000, 0.000000000000000000 ) ) ;
#547 = CARTESIAN_POINT ( 'NONE',  ( 0.000000000000000000, 0.000000000000000000, 0.000000000000000000 ) ) ;
#548 = CARTESIAN_POINT ( 'NONE',  ( 27.99999999999999289, -17.99999999999999645, 20.00000000000000000 ) ) ;
#549 = CIRCLE ( 'NONE', #2529, 330.6999999999999318 ) ;
#550 = CARTESIAN_POINT ( 'NONE',  ( -26.32191525477304594, 16.45448561613125094, 16.95564266401893505 ) ) ;
#551 = CARTESIAN_POINT ( 'NONE',  ( 27.89362521973345821, -14.92612063187956650, 0.02452526146195011317 ) ) ;
#552 = AXIS2_PLACEMENT_3D ( 'NONE', #1906, #1886, #3792 ) ;
#553 = CARTESIAN_POINT ( 'NONE',  ( -28.65597406760715415, -15.61698585401440731, -0.04198638423196551783 ) ) ;
#554 = CARTESIAN_POINT ( 'NONE',  ( 26.49999999999999289, -13.99999999999999467, -0.6047207381380884650 ) ) ;
#555 = ORIENTED_EDGE ( 'NONE', *, *, #2044, .T. ) ;
#556 = PLANE ( 'NONE',  #2368 ) ;
#557 = CARTESIAN_POINT ( 'NONE',  ( 31.12423743729005565, -18.64033746697968397, -0.2653494605100861214 ) ) ;
#558 = LINE ( 'NONE', #750, #2937 ) ;
#559 = CARTESIAN_POINT ( 'NONE',  ( -28.26517004278925782, -21.31212746775868538, -0.6919034527752216945 ) ) ;
#560 = ORIENTED_EDGE ( 'NONE', *, *, #3363, .T. ) ;
#561 = CARTESIAN_POINT ( 'NONE',  ( -21.78841956322781570, 11.95467761278971075, 18.27993968475948350 ) ) ;
#562 = ORIENTED_EDGE ( 'NONE', *, *, #1307, .T. ) ;
#563 = DIRECTION ( 'NONE',  ( 1.239088197126291063E-16, -1.000000000000000000, -0.000000000000000000 ) ) ;
#564 = LINE ( 'NONE', #3543, #646 ) ;
#565 = CARTESIAN_POINT ( 'NONE',  ( 13.81000000000000405, -13.99999999999999822, 19.00000000000000000 ) ) ;
#566 = DIRECTION ( 'NONE',  ( -1.000000000000000000, 0.000000000000000000, 0.000000000000000000 ) ) ;
#567 = CARTESIAN_POINT ( 'NONE',  ( 12.06000000000000405, -13.99999999999999822, 17.49999999999999645 ) ) ;
#568 = EDGE_CURVE ( 'NONE', #1758, #1343, #5316, .T. ) ;
#569 = CARTESIAN_POINT ( 'NONE',  ( -26.95915279878972370, 22.00000000000000000, -1.103049451090964972 ) ) ;
#570 = FACE_OUTER_BOUND ( 'NONE', #3835, .T. ) ;
#572 = PLANE ( 'NONE',  #5403 ) ;
#571 = CARTESIAN_POINT ( 'NONE',  ( 25.30000000000000071, -22.00000000000000000, -330.0000000000000000 ) ) ;
#573 = CARTESIAN_POINT ( 'NONE',  ( -26.61219690819252293, 17.06957531820074436, 16.75244550662671728 ) ) ;
#574 = FACE_OUTER_BOUND ( 'NONE', #2934, .T. ) ;
#575 = DIRECTION ( 'NONE',  ( 0.000000000000000000, 1.000000000000000000, 0.000000000000000000 ) ) ;
#576 = EDGE_CURVE ( 'NONE', #2297, #283, #501, .T. ) ;
#577 = CARTESIAN_POINT ( 'NONE',  ( -31.50000000000000000, 22.00000000000000000, -0.8036452206677813237 ) ) ;
#578 = CARTESIAN_POINT ( 'NONE',  ( -26.50000000000000711, 11.20000000000000462, 15.00000000000000178 ) ) ;
#579 = CARTESIAN_POINT ( 'NONE',  ( 25.46506697021429133, 16.60343656127895429, -0.9839558769913601122 ) ) ;
#580 = ADVANCED_FACE ( 'NONE', ( #4109 ), #3394, .F. ) ;
#581 = VERTEX_POINT ( 'NONE', #1624 ) ;
#582 = ORIENTED_EDGE ( 'NONE', *, *, #5928, .T. ) ;
#583 = AXIS2_PLACEMENT_3D ( 'NONE', #1419, #4746, #6207 ) ;
#584 = CARTESIAN_POINT ( 'NONE',  ( -31.50000000000000000, 22.00000000000000000, -1.004559302108243291 ) ) ;
#585 = CARTESIAN_POINT ( 'NONE',  ( 26.66374380579171088, -21.34226932051872794, -1.078909160477169449 ) ) ;
#586 = CARTESIAN_POINT ( 'NONE',  ( 29.92132584476679114, -19.40190855572143747, -1.359167944853914900 ) ) ;
#587 = CARTESIAN_POINT ( 'NONE',  ( -28.00000000000000711, 13.99999999999999112, 0.9317754462390137604 ) ) ;
#588 = ORIENTED_EDGE ( 'NONE', *, *, #3398, .T. ) ;
#589 = CARTESIAN_POINT ( 'NONE',  ( -31.82862447799226402, 16.82144023901188490, -0.7885066449225832663 ) ) ;
#590 = VERTEX_POINT ( 'NONE', #4484 ) ;
#591 = CARTESIAN_POINT ( 'NONE',  ( 27.44367522886874866, 16.03972083772924506, 0.06201562287771952148 ) ) ;
#592 = PERSON_AND_ORGANIZATION_ROLE ( 'classification_officer' ) ;
#593 = CARTESIAN_POINT ( 'NONE',  ( 31.40959178065337909, 18.05868866579217880, -0.2924644425573995066 ) ) ;
#594 = ORIENTED_EDGE ( 'NONE', *, *, #2064, .F. ) ;
#596 = CARTESIAN_POINT ( 'NONE',  ( -27.57346234436333887, -14.00000000000000178, 16.07955970130572254 ) ) ;
#595 = CARTESIAN_POINT ( 'NONE',  ( 23.92775436484045315, -18.99999999999999645, 0.3345313028230846308 ) ) ;
#597 = CARTESIAN_POINT ( 'NONE',  ( 26.70000000000000995, 11.20000000000000462, 6.399999999999999467 ) ) ;
#598 = DIRECTION ( 'NONE',  ( -0.000000000000000000, -1.000000000000000000, -0.000000000000000000 ) ) ;
#599 = CARTESIAN_POINT ( 'NONE',  ( 26.49999999584972699, -14.33451836720397132, -1.065413436096656952 ) ) ;
#600 = ORIENTED_EDGE ( 'NONE', *, *, #1892, .F. ) ;
#601 = CARTESIAN_POINT ( 'NONE',  ( 28.26604735303883231, 21.32368811975576861, -0.4910830599012288578 ) ) ;
#602 = CIRCLE ( 'NONE', #4014, 10.00000000000000000 ) ;
#603 = ORIENTED_EDGE ( 'NONE', *, *, #3363, .F. ) ;
#604 = DIRECTION ( 'NONE',  ( 0.000000000000000000, 0.000000000000000000, -1.000000000000000000 ) ) ;
#605 = DIRECTION ( 'NONE',  ( -1.000000000000000000, 0.000000000000000000, 0.000000000000000000 ) ) ;
#606 = CARTESIAN_POINT ( 'NONE',  ( 26.21920539793484650, 15.98380249700893252, -1.043205777489962349 ) ) ;
#607 = ORIENTED_EDGE ( 'NONE', *, *, #2334, .T. ) ;
#608 = LINE ( 'NONE', #1592, #5574 ) ;
#609 = CARTESIAN_POINT ( 'NONE',  ( 31.64880406595393580, -17.48557456328373405, -1.520699334197509023 ) ) ;
#610 = EDGE_CURVE ( 'NONE', #2740, #154, #730, .T. ) ;
#611 = CARTESIAN_POINT ( 'NONE',  ( -21.20000000000000639, -13.50000000000000178, 18.47251272689750934 ) ) ;
#612 = CARTESIAN_POINT ( 'NONE',  ( -26.17649034625489080, 21.95670020252078203, -0.5328257152829006804 ) ) ;
#613 = CARTESIAN_POINT ( 'NONE',  ( 31.50000000000000000, 22.00000000000000000, -1.004559302108243291 ) ) ;
#614 = EDGE_LOOP ( 'NONE', ( #1437, #2686, #2627, #5733 ) ) ;
#615 = ADVANCED_FACE ( 'NONE', ( #6135 ), #1025, .F. ) ;
#616 = EDGE_LOOP ( 'NONE', ( #6144, #274, #4418, #5969 ) ) ;
#617 = CIRCLE ( 'NONE', #438, 2.499999999999998668 ) ;
#618 = CARTESIAN_POINT ( 'NONE',  ( 31.78281043303066156, 17.04892999499930184, -0.7844658172487026793 ) ) ;
#620 = CARTESIAN_POINT ( 'NONE',  ( -16.83999999999999986, -18.00000000000000355, 8.650000000000002132 ) ) ;
#619 = CARTESIAN_POINT ( 'NONE',  ( -28.00000000000000711, 13.99999999999999112, 20.00000000000000000 ) ) ;
#621 = EDGE_CURVE ( 'NONE', #2514, #3981, #3718, .T. ) ;
#622 = CARTESIAN_POINT ( 'NONE',  ( 17.99999999999999645, -4.619999999999993889, 8.410000000000000142 ) ) ;
#623 = AXIS2_PLACEMENT_3D ( 'NONE', #5720, #2679, #1431 ) ;
#624 = CARTESIAN_POINT ( 'NONE',  ( -28.00000000000001066, -13.99999999999998757, 15.26032778078668350 ) ) ;
#625 = EDGE_LOOP ( 'NONE', ( #1640, #4912, #673, #2210 ) ) ;
#626 =( BOUNDED_SURFACE ( )  B_SPLINE_SURFACE ( 3, 2, ( 
 ( #2916, #4883, #1040 ),
 ( #4392, #5367, #2451 ),
 ( #706, #1598, #5967 ),
 ( #4969, #1638, #6004 ),
 ( #3102, #1211, #3032 ),
 ( #3994, #4040, #4019 ),
 ( #1169, #1189, #5493 ),
 ( #645, #686, #251 ),
 ( #3539, #4544, #228 ),
 ( #2121, #3076, #1682 ),
 ( #3585, #3053, #729 ),
 ( #2565, #3563, #666 ),
 ( #2083, #1149, #4478 ),
 ( #2584, #5515, #5471 ),
 ( #5990, #5453, #4521 ),
 ( #5016, #2544, #5055 ),
 ( #4059, #1659, #5944 ),
 ( #5033, #4992, #4566 ) ),
 .UNSPECIFIED., .F., .F., .T. ) 
 B_SPLINE_SURFACE_WITH_KNOTS ( ( 4, 2, 2, 2, 2, 2, 2, 2, 4 ),
 ( 3, 3 ),
 ( 0.000000000000000000, 0.0009778685653320298970, 0.001466802847998044737, 0.001955737130664059794, 0.002933605695996089474, 0.003911474261328119588, 0.004889342826660149702, 0.005867211391992178948, 0.007822948522656239176 ),
 ( 0.000000000000000000, 1.000000000000000000 ),
 .UNSPECIFIED. ) 
 GEOMETRIC_REPRESENTATION_ITEM ( )  RATIONAL_B_SPLINE_SURFACE ( (
 ( 1.000000000000000000, 0.7373251688200785914, 1.000000000000000000),
 ( 1.000000000000000000, 0.7373245373242450773, 1.000000000000000000),
 ( 1.000000000000000000, 0.7370992468218643401, 1.000000000000000000),
 ( 1.000000000000000000, 0.7364401447654261856, 1.000000000000000000),
 ( 1.000000000000000000, 0.7361667634197255339, 1.000000000000000000),
 ( 1.000000000000000000, 0.7355121479161768061, 1.000000000000000000),
 ( 1.000000000000000000, 0.7351291984778484112, 1.000000000000000000),
 ( 1.000000000000000000, 0.7338462245674425288, 1.000000000000000000),
 ( 1.000000000000000000, 0.7328074204601057184, 1.000000000000000000),
 ( 1.000000000000000000, 0.7303937051410250847, 1.000000000000000000),
 ( 1.000000000000000000, 0.7290075575871819424, 1.000000000000000000),
 ( 1.000000000000000000, 0.7260440531161369559, 1.000000000000000000),
 ( 1.000000000000000000, 0.7244553613477290321, 1.000000000000000000),
 ( 1.000000000000000000, 0.7210937875958453036, 1.000000000000000000),
 ( 1.000000000000000000, 0.7193480671534052684, 1.000000000000000000),
 ( 1.000000000000000000, 0.7140890037699345605, 1.000000000000000000),
 ( 1.000000000000000000, 0.7104569359197637768, 1.000000000000000000),
 ( 1.000000000000000000, 0.7071067811865475727, 1.000000000000000000) ) ) 
 REPRESENTATION_ITEM ( '' )  SURFACE ( )  );
#627 = CYLINDRICAL_SURFACE ( 'NONE', #3590, 2.299999999999999822 ) ;
#628 = CARTESIAN_POINT ( 'NONE',  ( 21.58434141725302169, -12.21634075148332421, 18.37125025715758753 ) ) ;
#629 = CARTESIAN_POINT ( 'NONE',  ( -25.66114426259150605, -17.63876349037133551, 16.48822704292615171 ) ) ;
#630 = CARTESIAN_POINT ( 'NONE',  ( -30.34490915039408065, -19.73053000079361752, -0.8613879069454480897 ) ) ;
#631 = CARTESIAN_POINT ( 'NONE',  ( 27.99999999999999289, 14.00000000000000533, 0.9317754462389925552 ) ) ;
#632 = CARTESIAN_POINT ( 'NONE',  ( 26.49999999999999289, -3.219999999999994422, 6.250000000000000000 ) ) ;
#633 = APPROVAL_DATE_TIME ( #1159, #3198 ) ;
#634 = AXIS2_PLACEMENT_3D ( 'NONE', #4684, #5172, #4180 ) ;
#635 = CARTESIAN_POINT ( 'NONE',  ( 27.99999999999999645, -13.99999999999999645, 15.78098334236005407 ) ) ;
#636 = CARTESIAN_POINT ( 'NONE',  ( -30.62189381718153669, 18.40848742039233343, -1.423815716606461779 ) ) ;
#637 = DIRECTION ( 'NONE',  ( -0.000000000000000000, -1.000000000000000000, -0.000000000000000000 ) ) ;
#638 = DIRECTION ( 'NONE',  ( -0.000000000000000000, -1.000000000000000000, -0.000000000000000000 ) ) ;
#639 = CARTESIAN_POINT ( 'NONE',  ( -31.54762624552189010, 15.71009149005187311, -0.3059186484039749798 ) ) ;
#640 = AXIS2_PLACEMENT_3D ( 'NONE', #3694, #2745, #5158 ) ;
#641 = LINE ( 'NONE', #2290, #1969 ) ;
#642 = CARTESIAN_POINT ( 'NONE',  ( -31.32031616233447835, 18.27300408453860214, -0.7440305224880350288 ) ) ;
#643 = CARTESIAN_POINT ( 'NONE',  ( -21.20000000000000639, -13.50000000000000178, 6.399999999999999467 ) ) ;
#644 = ORIENTED_EDGE ( 'NONE', *, *, #3950, .T. ) ;
#645 = CARTESIAN_POINT ( 'NONE',  ( -28.40698440404603176, 16.21870025857618813, -0.02045663536149579589 ) ) ;
#646 = VECTOR ( 'NONE', #689, 1000.000000000000000 ) ;
#647 = DIRECTION ( 'NONE',  ( -0.000000000000000000, 1.000000000000000000, 0.000000000000000000 ) ) ;
#648 = DIRECTION ( 'NONE',  ( -1.000000000000000000, -1.239088197126291063E-16, 0.000000000000000000 ) ) ;
#649 = CARTESIAN_POINT ( 'NONE',  ( 24.58255235177881204, -18.99999999704256126, 0.2871010649721921770 ) ) ;
#650 = EDGE_CURVE ( 'NONE', #154, #3981, #1967, .T. ) ;
#651 = ADVANCED_FACE ( 'NONE', ( #1768 ), #362, .T. ) ;
#652 = VECTOR ( 'NONE', #4632, 1000.000000000000000 ) ;
#653 = DIRECTION ( 'NONE',  ( 1.000000000000000000, -5.421010862427514281E-16, -0.000000000000000000 ) ) ;
#654 = CARTESIAN_POINT ( 'NONE',  ( 27.15893705594337248, -16.48317551176862494, 15.70188582641645425 ) ) ;
#655 = CARTESIAN_POINT ( 'NONE',  ( -31.45234493192133129, 15.29999999999999716, -1.502283115569515770 ) ) ;
#656 = CARTESIAN_POINT ( 'NONE',  ( -25.74195188204027929, 22.00000000000000000, -0.5011880389414655745 ) ) ;
#657 = DIRECTION ( 'NONE',  ( 0.000000000000000000, 1.000000000000000000, 0.000000000000000000 ) ) ;
#658 = FACE_OUTER_BOUND ( 'NONE', #298, .T. ) ;
#659 = DIRECTION ( 'NONE',  ( 0.000000000000000000, 1.000000000000000000, 0.000000000000000000 ) ) ;
#660 = EDGE_CURVE ( 'NONE', #4949, #11, #4183, .T. ) ;
#661 = ORIENTED_EDGE ( 'NONE', *, *, #2651, .T. ) ;
#662 = CARTESIAN_POINT ( 'NONE',  ( 27.99999999999999289, 14.00000000000000533, 0.9317754462390137604 ) ) ;
#663 = PERSON_AND_ORGANIZATION ( #2644, #6096 ) ;
#665 = CARTESIAN_POINT ( 'NONE',  ( 32.00000000000000711, -15.74310217114771504, -1.004559302108224417 ) ) ;
#664 = CARTESIAN_POINT ( 'NONE',  ( 28.25534906856126582, -16.50306067150363631, -0.007412003048317301890 ) ) ;
#666 = CARTESIAN_POINT ( 'NONE',  ( -26.64300151673110051, 17.01372210246332273, 1.076122130954636713 ) ) ;
#667 = DIRECTION ( 'NONE',  ( 1.000000000000000000, 0.000000000000000000, 0.000000000000000000 ) ) ;
#668 = ORIENTED_EDGE ( 'NONE', *, *, #3007, .T. ) ;
#669 = ORIENTED_EDGE ( 'NONE', *, *, #5697, .F. ) ;
#670 = EDGE_CURVE ( 'NONE', #954, #5370, #5925, .T. ) ;
#671 = CARTESIAN_POINT ( 'NONE',  ( -25.13396150516584981, -17.84637061285107862, 16.75355961784711312 ) ) ;
#672 = CARTESIAN_POINT ( 'NONE',  ( 12.06000000000000405, -13.99999999999999822, 19.00000000000000000 ) ) ;
#673 = ORIENTED_EDGE ( 'NONE', *, *, #1568, .T. ) ;
#674 = CARTESIAN_POINT ( 'NONE',  ( 28.26517004278925072, 21.31212746775868183, -0.6919034527752263575 ) ) ;
#675 = CARTESIAN_POINT ( 'NONE',  ( 26.90697251554570002, -16.77390604383474937, 15.83416721012524953 ) ) ;
#676 = CARTESIAN_POINT ( 'NONE',  ( -32.00000000000000000, 15.29999999999999716, -1.004559302108257501 ) ) ;
#677 = CARTESIAN_POINT ( 'NONE',  ( -28.53495194081589403, -20.56640154402923670, -1.235973207166470189 ) ) ;
#678 = CARTESIAN_POINT ( 'NONE',  ( -27.34004765544563398, 21.17247033853556815, 0.06968914150462736379 ) ) ;
#679 = ORIENTED_EDGE ( 'NONE', *, *, #4888, .F. ) ;
#680 = AXIS2_PLACEMENT_3D ( 'NONE', #156, #1115, #69 ) ;
#681 = ORIENTED_EDGE ( 'NONE', *, *, #2752, .F. ) ;
#682 = ADVANCED_FACE ( 'NONE', ( #2287 ), #5862, .T. ) ;
#683 = CARTESIAN_POINT ( 'NONE',  ( -20.08469709767365785, -30.00000000000000000, 9.115139758254795055 ) ) ;
#684 = ORIENTED_EDGE ( 'NONE', *, *, #1883, .F. ) ;
#685 = CARTESIAN_POINT ( 'NONE',  ( 31.65397640464522055, -17.46968618896692504, -0.9740216875319286371 ) ) ;
#686 = CARTESIAN_POINT ( 'NONE',  ( -27.57868614091528414, 15.80712739270547296, 0.05084076845071035938 ) ) ;
#687 = FACE_OUTER_BOUND ( 'NONE', #6081, .T. ) ;
#688 = DIRECTION ( 'NONE',  ( -0.07261724659606699772, 0.000000000000000000, 0.9973598826385620120 ) ) ;
#689 = DIRECTION ( 'NONE',  ( 0.000000000000000000, 0.000000000000000000, -1.000000000000000000 ) ) ;
#690 = CARTESIAN_POINT ( 'NONE',  ( 12.06000000000000405, -13.99999999999999822, 17.00000000000000000 ) ) ;
#691 = ORIENTED_EDGE ( 'NONE', *, *, #28, .F. ) ;
#692 = VECTOR ( 'NONE', #4070, 1000.000000000000000 ) ;
#693 = EDGE_CURVE ( 'NONE', #764, #4073, #3565, .T. ) ;
#694 = CARTESIAN_POINT ( 'NONE',  ( -29.69688478338410675, 20.37444572871686432, -1.338602926668698068 ) ) ;
#695 = CARTESIAN_POINT ( 'NONE',  ( -26.50000000000000711, -11.20000000000000462, 20.00000000000000000 ) ) ;
#696 = CARTESIAN_POINT ( 'NONE',  ( 25.26172465960665647, 21.50000000000000000, -0.9683217876700934701 ) ) ;
#697 = ORIENTED_EDGE ( 'NONE', *, *, #4201, .F. ) ;
#698 = CARTESIAN_POINT ( 'NONE',  ( -31.15152096278313465, 17.48842087622431052, -0.2682470801674208816 ) ) ;
#699 = CIRCLE ( 'NONE', #5298, 2.299999999999999822 ) ;
#700 = DIRECTION ( 'NONE',  ( 0.000000000000000000, 0.000000000000000000, -1.000000000000000000 ) ) ;
#701 = VERTEX_POINT ( 'NONE', #13 ) ;
#703 = DIRECTION ( 'NONE',  ( 0.5734623443633295459, 0.000000000000000000, -0.8192319205190395914 ) ) ;
#702 = CARTESIAN_POINT ( 'NONE',  ( 17.99999999999999645, -4.619999999999993889, 8.410000000000000142 ) ) ;
#704 = CIRCLE ( 'NONE', #4003, 0.5000000000000001110 ) ;
#705 = EDGE_CURVE ( 'NONE', #1343, #1758, #2143, .T. ) ;
#706 = CARTESIAN_POINT ( 'NONE',  ( -28.88032377419786911, 14.65575797452832063, -0.06156490706667652746 ) ) ;
#707 = CARTESIAN_POINT ( 'NONE',  ( 13.81000000000000405, -13.99999999999999822, 19.00000000000000000 ) ) ;
#708 = AXIS2_PLACEMENT_3D ( 'NONE', #4046, #4462, #2068 ) ;
#709 = CARTESIAN_POINT ( 'NONE',  ( 23.99999999999999289, 18.00000000000000355, 17.21886749202244360 ) ) ;
#710 = ORIENTED_EDGE ( 'NONE', *, *, #1255, .F. ) ;
#711 = DIRECTION ( 'NONE',  ( -1.000000000000000000, 0.000000000000000000, 0.000000000000000000 ) ) ;
#712 = CARTESIAN_POINT ( 'NONE',  ( -26.86362881463126939, -14.77657607583126698, -1.095231253141201622 ) ) ;
#713 = FACE_OUTER_BOUND ( 'NONE', #4299, .T. ) ;
#714 = CARTESIAN_POINT ( 'NONE',  ( -28.65096572987711454, -21.11826047398853845, -0.5216343159491994008 ) ) ;
#715 = ADVANCED_FACE ( 'NONE', ( #2873 ), #213, .T. ) ;
#716 = ORIENTED_EDGE ( 'NONE', *, *, #1287, .F. ) ;
#717 = CARTESIAN_POINT ( 'NONE',  ( 28.65125155551351099, 21.10577497694335491, -0.7225237581927103081 ) ) ;
#718 = ORIENTED_EDGE ( 'NONE', *, *, #89, .F. ) ;
#719 = CARTESIAN_POINT ( 'NONE',  ( 7.487254653930533799, -14.49999999999999467, 17.49999999999999645 ) ) ;
#720 = DIRECTION ( 'NONE',  ( 0.000000000000000000, 0.000000000000000000, 1.000000000000000000 ) ) ;
#721 = LINE ( 'NONE', #4156, #5683 ) ;
#722 = DIRECTION ( 'NONE',  ( 1.000000000000000000, 0.000000000000000000, -0.000000000000000000 ) ) ;
#723 = CARTESIAN_POINT ( 'NONE',  ( -26.15267041576397489, 21.45994534068352877, 0.1660781968224107896 ) ) ;
#724 = VERTEX_POINT ( 'NONE', #1034 ) ;
#725 = PLANE ( 'NONE',  #3640 ) ;
#726 = LINE ( 'NONE', #4592, #5608 ) ;
#727 = CARTESIAN_POINT ( 'NONE',  ( -1.920586705545750261E-15, 15.49999999999999645, 18.50000000000000000 ) ) ;
#728 = CARTESIAN_POINT ( 'NONE',  ( 25.52554392271150618, 15.98738007818722906, -0.5109191712007741248 ) ) ;
#729 = CARTESIAN_POINT ( 'NONE',  ( -27.01185369411100723, 16.64513047950167035, 1.037774949298023275 ) ) ;
#730 = CIRCLE ( 'NONE', #708, 330.6999999999999318 ) ;
#731 = CARTESIAN_POINT ( 'NONE',  ( -29.40355468119360793, -20.61422280286574704, -0.1074655870659661089 ) ) ;
#732 = CARTESIAN_POINT ( 'NONE',  ( -25.60673538605166399, 16.81641578953023242, 17.45626857212389282 ) ) ;
#733 = EDGE_CURVE ( 'NONE', #2895, #788, #3034, .T. ) ;
#734 = FACE_OUTER_BOUND ( 'NONE', #1896, .T. ) ;
#735 = CARTESIAN_POINT ( 'NONE',  ( 31.95648216798506525, 16.17870228852406811, -1.000696533768754559 ) ) ;
#736 = CARTESIAN_POINT ( 'NONE',  ( 30.18545775367726591, 19.07987437724163726, -1.383370735082392500 ) ) ;
#737 = CARTESIAN_POINT ( 'NONE',  ( 26.15205917816215830, -21.46000652319129998, 0.1661262762513792679 ) ) ;
#738 = DIRECTION ( 'NONE',  ( 1.000000000000000000, 0.000000000000000000, 0.000000000000000000 ) ) ;
#739 = DIRECTION ( 'NONE',  ( -1.000000000000000000, 2.428612866367529932E-14, 0.000000000000000000 ) ) ;
#740 = VERTEX_POINT ( 'NONE', #1485 ) ;
#741 =( BOUNDED_CURVE ( )  B_SPLINE_CURVE ( 3, ( #2778, #422, #2289, #839 ),
 .UNSPECIFIED., .F., .F. ) 
 B_SPLINE_CURVE_WITH_KNOTS ( ( 4, 4 ),
 ( 5.140646225473362918, 6.283185307179586232 ),
 .UNSPECIFIED. ) 
 CURVE ( )  GEOMETRIC_REPRESENTATION_ITEM ( )  RATIONAL_B_SPLINE_CURVE ( ( 1.000000000000000000, 0.8941434746364459452, 0.8941434746364459452, 1.000000000000000000 ) ) 
 REPRESENTATION_ITEM ( '' )  );
#742 = VERTEX_POINT ( 'NONE', #2871 ) ;
#743 = CARTESIAN_POINT ( 'NONE',  ( 24.25652600824208349, 18.99999999776029469, 0.3107167561136844891 ) ) ;
#744 = EDGE_CURVE ( 'NONE', #3494, #2229, #4323, .T. ) ;
#745 = CARTESIAN_POINT ( 'NONE',  ( 27.99999999999999289, -4.619999999999995666, 7.650000000000000355 ) ) ;
#746 = ADVANCED_FACE ( 'NONE', ( #2580 ), #2825, .F. ) ;
#747 = CARTESIAN_POINT ( 'NONE',  ( -16.83999999999999986, -16.50000000000000000, 8.650000000000002132 ) ) ;
#748 = ORIENTED_EDGE ( 'NONE', *, *, #1451, .F. ) ;
#749 = CARTESIAN_POINT ( 'NONE',  ( 25.88193987355030856, 15.65374042914931962, -0.5447382678219317986 ) ) ;
#750 = CARTESIAN_POINT ( 'NONE',  ( 23.99999999999999289, 16.50000000000000000, 15.00000000000000355 ) ) ;
#751 = ORIENTED_EDGE ( 'NONE', *, *, #4711, .T. ) ;
#752 = EDGE_CURVE ( 'NONE', #3603, #4730, #2939, .T. ) ;
#753 = ORIENTED_EDGE ( 'NONE', *, *, #3245, .T. ) ;
#754 = CARTESIAN_POINT ( 'NONE',  ( -27.65828159960013011, -21.57507543883945900, -0.4438604650177605526 ) ) ;
#755 = CARTESIAN_POINT ( 'NONE',  ( -28.00000000000000711, -14.00000000000000178, 0.9317754462390137604 ) ) ;
#756 = AXIS2_PLACEMENT_3D ( 'NONE', #1468, #5183, #4677 ) ;
#757 = ORIENTED_EDGE ( 'NONE', *, *, #230, .T. ) ;
#758 = CARTESIAN_POINT ( 'NONE',  ( 24.58080260030756392, 18.96759323051156443, 0.2867331779040227513 ) ) ;
#759 = LOCAL_TIME ( 17, 26, 3.000000000000000000, #2020 ) ;
#760 = DIRECTION ( 'NONE',  ( -0.000000000000000000, -0.000000000000000000, 1.000000000000000000 ) ) ;
#761 = CARTESIAN_POINT ( 'NONE',  ( 22.70000000000000639, 13.50000000000000355, 17.66000000000000725 ) ) ;
#762 = CARTESIAN_POINT ( 'NONE',  ( -26.16751239701740772, 15.25653725914104619, -0.5722413723756483162 ) ) ;
#763 = CARTESIAN_POINT ( 'NONE',  ( -30.72650958479507111, 18.40781227312282908, -0.2283018644396991037 ) ) ;
#764 = VERTEX_POINT ( 'NONE', #1599 ) ;
#765 = LINE ( 'NONE', #3735, #321 ) ;
#766 = CARTESIAN_POINT ( 'NONE',  ( 32.00000000000000000, 15.29999999999999716, -1.004559302108259722 ) ) ;
#767 = CARTESIAN_POINT ( 'NONE',  ( 27.99999999999999289, -16.49999999999999289, 17.49999999999999645 ) ) ;
#768 = PRODUCT_DEFINITION_FORMATION_WITH_SPECIFIED_SOURCE ( '任何', '', #5895, .NOT_KNOWN. ) ;
#769 = CIRCLE ( 'NONE', #2268, 0.5000000000000000000 ) ;
#770 = DIRECTION ( 'NONE',  ( 1.000000000000000000, 1.239088197126290817E-16, 0.000000000000000000 ) ) ;
#771 = DIRECTION ( 'NONE',  ( -0.000000000000000000, -1.000000000000000000, -0.000000000000000000 ) ) ;
#772 = ORIENTED_EDGE ( 'NONE', *, *, #2144, .F. ) ;
#773 = CYLINDRICAL_SURFACE ( 'NONE', #2299, 0.5000000000000000000 ) ;
#774 = CARTESIAN_POINT ( 'NONE',  ( 21.20000000000000639, 16.50000000000000000, 20.00000000000000000 ) ) ;
#775 = CARTESIAN_POINT ( 'NONE',  ( -27.87018504967602084, -15.04472762551542608, 0.9459615890123905801 ) ) ;
#776 = ADVANCED_FACE ( 'NONE', ( #4560 ), #3254, .T. ) ;
#777 = ORIENTED_EDGE ( 'NONE', *, *, #193, .T. ) ;
#778 = CARTESIAN_POINT ( 'NONE',  ( -22.70000000000000639, 13.50000000000000355, 6.399999999999999467 ) ) ;
#779 = FACE_OUTER_BOUND ( 'NONE', #5109, .T. ) ;
#780 = CARTESIAN_POINT ( 'NONE',  ( 31.29414964127785126, 16.70723712004759776, -1.487172609459651795 ) ) ;
#781 = AXIS2_PLACEMENT_3D ( 'NONE', #2141, #703, #3518 ) ;
#782 = CARTESIAN_POINT ( 'NONE',  ( 27.01185369411127724, -16.64513047950139324, 1.037774949288978732 ) ) ;
#783 = DIRECTION ( 'NONE',  ( 0.000000000000000000, 0.000000000000000000, -1.000000000000000000 ) ) ;
#784 = ORIENTED_EDGE ( 'NONE', *, *, #3677, .F. ) ;
#785 = LINE ( 'NONE', #1996, #3701 ) ;
#786 = CARTESIAN_POINT ( 'NONE',  ( 27.44710020137589623, 21.10433183683549174, -1.143357239167787531 ) ) ;
#787 = DIRECTION ( 'NONE',  ( -1.239088197126291063E-16, 1.000000000000000000, 0.000000000000000000 ) ) ;
#788 = VERTEX_POINT ( 'NONE', #4457 ) ;
#789 = EDGE_CURVE ( 'NONE', #2942, #252, #1839, .T. ) ;
#790 = CARTESIAN_POINT ( 'NONE',  ( -24.62116392720261615, -16.44402341502601672, -0.9196067506079488307 ) ) ;
#791 = FACE_OUTER_BOUND ( 'NONE', #349, .T. ) ;
#792 = CARTESIAN_POINT ( 'NONE',  ( -30.60861693716948295, -18.58459242163850078, -0.2173964672289278033 ) ) ;
#793 = AXIS2_PLACEMENT_3D ( 'NONE', #4906, #2056, #121 ) ;
#794 = PLANE ( 'NONE',  #4989 ) ;
#795 = ORIENTED_EDGE ( 'NONE', *, *, #3252, .T. ) ;
#796 = CIRCLE ( 'NONE', #5625, 0.5000000000000000000 ) ;
#797 = AXIS2_PLACEMENT_3D ( 'NONE', #961, #5743, #5333 ) ;
#798 = CARTESIAN_POINT ( 'NONE',  ( -30.62291080213933370, 18.40672188284064248, -1.423910525846694419 ) ) ;
#799 = CARTESIAN_POINT ( 'NONE',  ( 31.54762624735409915, 15.29999999999999716, -0.3059186485793122245 ) ) ;
#800 = DIRECTION ( 'NONE',  ( 1.000000000000000000, -0.000000000000000000, -0.000000000000000000 ) ) ;
#801 = VECTOR ( 'NONE', #2638, 1000.000000000000000 ) ;
#802 = DIRECTION ( 'NONE',  ( -1.000000000000000000, 0.000000000000000000, 0.000000000000000000 ) ) ;
#803 = AXIS2_PLACEMENT_3D ( 'NONE', #2043, #5417, #648 ) ;
#804 = CARTESIAN_POINT ( 'NONE',  ( 30.34491301610195890, -19.73052561672864513, -0.6605614942937722001 ) ) ;
#805 = CARTESIAN_POINT ( 'NONE',  ( 31.24481053139386333, 16.90487376660732721, -1.482473325298393485 ) ) ;
#806 = ADVANCED_FACE ( 'NONE', ( #570 ), #4161, .T. ) ;
#807 = DIRECTION ( 'NONE',  ( 1.239088197126291063E-16, -1.000000000000000000, -0.000000000000000000 ) ) ;
#808 = FACE_OUTER_BOUND ( 'NONE', #2163, .T. ) ;
#809 = DIRECTION ( 'NONE',  ( -1.000000000000000000, 0.000000000000000000, 0.000000000000000000 ) ) ;
#810 = CARTESIAN_POINT ( 'NONE',  ( -26.48376431553976573, -14.32785120326344064, -0.6031221173715496375 ) ) ;
#811 = CARTESIAN_POINT ( 'NONE',  ( -21.20000000000000639, 13.50000000000000178, 6.399999999999999467 ) ) ;
#812 = ORIENTED_EDGE ( 'NONE', *, *, #568, .T. ) ;
#813 = ORIENTED_EDGE ( 'NONE', *, *, #1139, .F. ) ;
#814 = DIRECTION ( 'NONE',  ( 0.000000000000000000, 0.000000000000000000, -1.000000000000000000 ) ) ;
#815 = EDGE_CURVE ( 'NONE', #1832, #389, #5463, .T. ) ;
#816 = ORIENTED_EDGE ( 'NONE', *, *, #5127, .T. ) ;
#817 =( BOUNDED_SURFACE ( )  B_SPLINE_SURFACE ( 3, 2, ( 
 ( #366, #1391, #5739 ),
 ( #5288, #3826, #958 ),
 ( #1456, #3862, #2823 ),
 ( #6203, #3306, #4665 ),
 ( #4313, #5152, #2252 ),
 ( #1436, #3782, #4803 ),
 ( #5637, #2724, #1541 ),
 ( #2902, #4441, #108 ),
 ( #1955, #1023, #606 ),
 ( #131, #66, #1520 ),
 ( #3387, #3956, #2022 ),
 ( #1980, #2001, #579 ),
 ( #3431, #2997, #5418 ),
 ( #3933, #1066, #1563 ),
 ( #4355, #3458, #1497 ),
 ( #5392, #2503, #2487 ) ),
 .UNSPECIFIED., .F., .F., .T. ) 
 B_SPLINE_SURFACE_WITH_KNOTS ( ( 4, 2, 2, 2, 2, 2, 2, 4 ),
 ( 3, 3 ),
 ( 0.000000000000000000, 0.0005866702394882585079, 0.001173340478976517016, 0.001760010718464775524, 0.002346680957953034032, 0.002933351197441292323, 0.003520021436929551047, 0.004693361915906068063 ),
 ( 0.000000000000000000, 1.000000000000000000 ),
 .UNSPECIFIED. ) 
 GEOMETRIC_REPRESENTATION_ITEM ( )  RATIONAL_B_SPLINE_SURFACE ( (
 ( 1.000000000000000000, 0.7354231443259643397, 1.000000000000000000),
 ( 1.000000000000000000, 0.7354225216059661063, 1.000000000000000000),
 ( 1.000000000000000000, 0.7352224586397629880, 1.000000000000000000),
 ( 1.000000000000000000, 0.7344398123129548539, 1.000000000000000000),
 ( 1.000000000000000000, 0.7338483003543807559, 1.000000000000000000),
 ( 1.000000000000000000, 0.7323167393385836554, 1.000000000000000000),
 ( 1.000000000000000000, 0.7313841124157626217, 1.000000000000000000),
 ( 1.000000000000000000, 0.7292038613851020701, 1.000000000000000000),
 ( 1.000000000000000000, 0.7279457470709513878, 1.000000000000000000),
 ( 1.000000000000000000, 0.7252344135720225626, 1.000000000000000000),
 ( 1.000000000000000000, 0.7237711287291894724, 1.000000000000000000),
 ( 1.000000000000000000, 0.7206438601925264642, 1.000000000000000000),
 ( 1.000000000000000000, 0.7190045456457304640, 1.000000000000000000),
 ( 1.000000000000000000, 0.7140074639085790542, 1.000000000000000000),
 ( 1.000000000000000000, 0.7104760866150565679, 1.000000000000000000),
 ( 1.000000000000000000, 0.7071067811865475727, 1.000000000000000000) ) ) 
 REPRESENTATION_ITEM ( '' )  SURFACE ( )  );
#818 = CARTESIAN_POINT ( 'NONE',  ( 26.42366097950296933, 18.34043265312696747, 0.1443683103103221288 ) ) ;
#819 = ORIENTED_EDGE ( 'NONE', *, *, #5938, .F. ) ;
#820 = DIRECTION ( 'NONE',  ( -0.000000000000000000, -0.000000000000000000, 1.000000000000000000 ) ) ;
#821 = CARTESIAN_POINT ( 'NONE',  ( 27.09513672375488369, 16.57178744185724639, 16.41438763573157900 ) ) ;
#822 = DIRECTION ( 'NONE',  ( 1.000000000000000000, -0.000000000000000000, -0.000000000000000000 ) ) ;
#823 = CARTESIAN_POINT ( 'NONE',  ( 21.20000000000000639, 16.50000000000000000, 17.44382543818899123 ) ) ;
#824 = ORIENTED_EDGE ( 'NONE', *, *, #3937, .F. ) ;
#825 = EDGE_CURVE ( 'NONE', #4954, #1223, #878, .T. ) ;
#826 = CARTESIAN_POINT ( 'NONE',  ( 27.00273866891860308, 21.78382965782721215, -1.106531685839198698 ) ) ;
#827 = DIRECTION ( 'NONE',  ( -1.000000000000000000, -1.239088197126290817E-16, 0.000000000000000000 ) ) ;
#828 = EDGE_LOOP ( 'NONE', ( #795, #3771, #5036, #992, #264, #2664, #4265, #1607 ) ) ;
#829 = CARTESIAN_POINT ( 'NONE',  ( -21.20000000000000639, -16.50000000000000000, 6.399999999999999467 ) ) ;
#830 = CARTESIAN_POINT ( 'NONE',  ( -25.29110598996072312, -16.69642011922722702, -0.9705294076459889396 ) ) ;
#831 = CARTESIAN_POINT ( 'NONE',  ( 23.50000000000000355, 13.50000000000000355, 6.399999999999999467 ) ) ;
#832 = ORIENTED_EDGE ( 'NONE', *, *, #3007, .F. ) ;
#833 = ORIENTED_EDGE ( 'NONE', *, *, #5848, .T. ) ;
#834 = CARTESIAN_POINT ( 'NONE',  ( -27.53239363613294088, 14.57123797996559489, 16.10830779706700611 ) ) ;
#835 = DIRECTION ( 'NONE',  ( -0.000000000000000000, 0.000000000000000000, 1.000000000000000000 ) ) ;
#836 = VECTOR ( 'NONE', #4440, 1000.000000000000000 ) ;
#837 = ADVANCED_FACE ( 'NONE', ( #2952 ), #4034, .T. ) ;
#838 = CARTESIAN_POINT ( 'NONE',  ( -25.22653915241120615, 18.83853296020943446, 0.2380443945532114414 ) ) ;
#839 = CARTESIAN_POINT ( 'NONE',  ( 27.99999999999999289, 14.00000000000000533, 15.26032778078668528 ) ) ;
#840 = CARTESIAN_POINT ( 'NONE',  ( -24.64595158060954816, 16.42057457881336546, -0.4298569766413908311 ) ) ;
#841 = CARTESIAN_POINT ( 'NONE',  ( -29.92414903853991248, -19.39867940697585169, -1.359425236803402770 ) ) ;
#842 = EDGE_LOOP ( 'NONE', ( #2998, #5705, #600, #4591 ) ) ;
#843 = CARTESIAN_POINT ( 'NONE',  ( 21.20000000000000639, 16.01036857281448889, 18.34072043099337179 ) ) ;
#844 = VECTOR ( 'NONE', #4562, 1000.000000000000114 ) ;
#845 = CARTESIAN_POINT ( 'NONE',  ( -25.56193271650163368, -17.71938155856943453, 17.48992465714977129 ) ) ;
#846 = ORIENTED_EDGE ( 'NONE', *, *, #1489, .T. ) ;
#847 = CARTESIAN_POINT ( 'NONE',  ( 22.70000000000000639, -13.50000000000000355, 17.66000000000000725 ) ) ;
#848 = LINE ( 'NONE', #1739, #2326 ) ;
#849 = DIRECTION ( 'NONE',  ( 0.9970656915525151209, 0.000000000000000000, 0.07655068078668560150 ) ) ;
#850 = EDGE_CURVE ( 'NONE', #1343, #724, #2732, .T. ) ;
#851 = CARTESIAN_POINT ( 'NONE',  ( 0.000000000000000000, -22.00000000000000000, -330.0000000000000000 ) ) ;
#852 = B_SPLINE_CURVE_WITH_KNOTS ( 'NONE', 3,
 ( #214, #2145, #1582, #5993, #2102, #5971, #628, #5926, #5496, #3014 ),
 .UNSPECIFIED., .F., .F.,
 ( 4, 2, 2, 2, 4 ),
 ( 0.000000000000000000, 0.0005094005845040188839, 0.001018801169008037768, 0.001528201753512056652, 0.002037602338016075536 ),
 .UNSPECIFIED. ) ;
#853 = ORIENTED_EDGE ( 'NONE', *, *, #2874, .T. ) ;
#854 = CARTESIAN_POINT ( 'NONE',  ( 28.15913079149995113, 16.64842502426009929, 0.0007753533873930976367 ) ) ;
#855 = CARTESIAN_POINT ( 'NONE',  ( -25.94381037749435137, -16.25953168879951605, -1.021371687646603021 ) ) ;
#856 = VECTOR ( 'NONE', #2194, 1000.000000000000000 ) ;
#857 = CARTESIAN_POINT ( 'NONE',  ( -28.44159262966329749, -20.68533705097383901, -0.02328819182483299680 ) ) ;
#858 = CARTESIAN_POINT ( 'NONE',  ( -22.01648022708848629, -11.74239677874085253, 18.13846384103808163 ) ) ;
#859 = VERTEX_POINT ( 'NONE', #2790 ) ;
#860 = CARTESIAN_POINT ( 'NONE',  ( -26.50000000000000711, -18.00000000000000355, 6.399999999999999467 ) ) ;
#861 = TOROIDAL_SURFACE ( 'NONE', #2196, 1.000000000000000000, 1.000000000000000000 ) ;
#862 = EDGE_CURVE ( 'NONE', #3675, #1757, #5694, .T. ) ;
#863 = CARTESIAN_POINT ( 'NONE',  ( 27.77888779497321536, 15.36352226982218738, 15.93576188587966769 ) ) ;
#864 = CARTESIAN_POINT ( 'NONE',  ( -21.20000000000000995, -16.12199216445663197, 18.26331438878659696 ) ) ;
#865 = ORIENTED_EDGE ( 'NONE', *, *, #4391, .F. ) ;
#866 = ORIENTED_EDGE ( 'NONE', *, *, #3095, .T. ) ;
#867 = TOROIDAL_SURFACE ( 'NONE', #3834, 330.5000000000000000, 0.5000000000000000000 ) ;
#868 = CARTESIAN_POINT ( 'NONE',  ( 23.99999999999999289, -17.99999999999999645, 20.00000000000000000 ) ) ;
#869 = EDGE_CURVE ( 'NONE', #313, #2170, #5310, .T. ) ;
#870 = CARTESIAN_POINT ( 'NONE',  ( -31.99999999798674821, -15.74664939846716827, -1.554718901772728090 ) ) ;
#871 = CARTESIAN_POINT ( 'NONE',  ( -31.34604348607611257, -16.91958852139714153, -0.2866819345215601000 ) ) ;
#872 = AXIS2_PLACEMENT_3D ( 'NONE', #1546, #3466, #4939 ) ;
#873 = DIRECTION ( 'NONE',  ( -2.664535259100375697E-15, 0.000000000000000000, 1.000000000000000000 ) ) ;
#874 = VECTOR ( 'NONE', #4548, 1000.000000000000000 ) ;
#875 = CARTESIAN_POINT ( 'NONE',  ( -32.00000000000000000, -15.30000000000000071, -0.8036452206677896504 ) ) ;
#876 = AXIS2_PLACEMENT_3D ( 'NONE', #5089, #1242, #368 ) ;
#877 = CARTESIAN_POINT ( 'NONE',  ( 25.81932054130695420, -16.72907261777848831, 17.30745896344518542 ) ) ;
#878 = LINE ( 'NONE', #4120, #4248 ) ;
#879 = DIRECTION ( 'NONE',  ( 0.000000000000000000, 1.000000000000000000, 0.000000000000000000 ) ) ;
#880 = CARTESIAN_POINT ( 'NONE',  ( -25.26172465960665647, -21.50000000000000000, -0.9683217876700696003 ) ) ;
#881 = DIRECTION ( 'NONE',  ( 0.000000000000000000, 0.000000000000000000, -1.000000000000000000 ) ) ;
#882 = CARTESIAN_POINT ( 'NONE',  ( -25.52554392271153105, -15.98738007818722906, -0.5109191712007749020 ) ) ;
#883 = CARTESIAN_POINT ( 'NONE',  ( 8.460000000000004405, -13.99999999999999822, 17.49999999999999645 ) ) ;
#884 = AXIS2_PLACEMENT_3D ( 'NONE', #1385, #1465, #3355 ) ;
#885 = CYLINDRICAL_SURFACE ( 'NONE', #4567, 4.000000000000000000 ) ;
#886 = DIRECTION ( 'NONE',  ( -1.000000000000000000, 0.000000000000000000, 0.000000000000000000 ) ) ;
#887 = VERTEX_POINT ( 'NONE', #5727 ) ;
#888 = CARTESIAN_POINT ( 'NONE',  ( -25.05684235368959634, -18.87276991521989800, 0.2508441732828859960 ) ) ;
#889 = VERTEX_POINT ( 'NONE', #2311 ) ;
#890 = DIRECTION ( 'NONE',  ( -0.07655068078668557374, 0.000000000000000000, 0.9970656915525150099 ) ) ;
#891 = PLANE ( 'NONE',  #1264 ) ;
#892 = B_SPLINE_CURVE_WITH_KNOTS ( 'NONE', 3,
 ( #4498, #2096, #3121, #4587, #5986, #4102, #211, #2563, #2182, #1146, #1617, #2140, #4016, #5966, #2624, #6026, #4541, #1656 ),
 .UNSPECIFIED., .F., .F.,
 ( 4, 2, 2, 2, 2, 2, 2, 2, 4 ),
 ( 0.000000000000000000, 0.0005862367499087203695, 0.001172473499817440739, 0.001758710249726161108, 0.002344946999634881478, 0.002931183749543602064, 0.003517420499452322217, 0.004103657249361042370, 0.004689893999269762956 ),
 .UNSPECIFIED. ) ;
#893 = ORIENTED_EDGE ( 'NONE', *, *, #744, .T. ) ;
#894 = CARTESIAN_POINT ( 'NONE',  ( -27.95484093067389253, 14.69391611914461571, 15.81259469088849023 ) ) ;
#895 = CARTESIAN_POINT ( 'NONE',  ( 23.99999999999999289, -18.99999999999999645, 1.331918172698758562 ) ) ;
#896 = AXIS2_PLACEMENT_3D ( 'NONE', #1596, #2990, #170 ) ;
#897 = ADVANCED_FACE ( 'NONE', ( #5619, #5167 ), #891, .T. ) ;
#898 = ORIENTED_EDGE ( 'NONE', *, *, #489, .T. ) ;
#899 = CARTESIAN_POINT ( 'NONE',  ( -26.50000000000000711, -18.00000000000000355, 6.399999999999999467 ) ) ;
#900 = EDGE_LOOP ( 'NONE', ( #4488, #2824 ) ) ;
#901 = CARTESIAN_POINT ( 'NONE',  ( -25.30000000000000071, 22.00000000000000000, -0.2692007106404055161 ) ) ;
#902 = CARTESIAN_POINT ( 'NONE',  ( 0.000000000000000000, 21.50000000000000000, -330.0000000000000000 ) ) ;
#903 = CARTESIAN_POINT ( 'NONE',  ( 31.82854162047421553, -16.82180283647403485, -0.7884993432108314826 ) ) ;
#904 = ORIENTED_EDGE ( 'NONE', *, *, #6122, .F. ) ;
#905 = EDGE_CURVE ( 'NONE', #4502, #5248, #4399, .T. ) ;
#906 = FACE_OUTER_BOUND ( 'NONE', #5177, .T. ) ;
#907 = ORIENTED_EDGE ( 'NONE', *, *, #3634, .T. ) ;
#908 = DIRECTION ( 'NONE',  ( 0.000000000000000000, 0.000000000000000000, -1.000000000000000000 ) ) ;
#909 = CARTESIAN_POINT ( 'NONE',  ( -25.03251831737459554, -17.86666236419379317, 1.235939862581145965 ) ) ;
#910 = CARTESIAN_POINT ( 'NONE',  ( -31.95583319720297055, -16.18548880349984387, -1.550414057690317593 ) ) ;
#911 = ORIENTED_EDGE ( 'NONE', *, *, #2439, .F. ) ;
#912 = CARTESIAN_POINT ( 'NONE',  ( 26.49999999999999289, 3.220000000000008633, 7.650000000000000355 ) ) ;
#913 = FACE_BOUND ( 'NONE', #6180, .T. ) ;
#914 = CARTESIAN_POINT ( 'NONE',  ( -25.30000000000000071, 15.29999999999999716, -330.0000000000000000 ) ) ;
#915 = EDGE_LOOP ( 'NONE', ( #6006, #5431, #1527, #1135 ) ) ;
#916 = DIRECTION ( 'NONE',  ( -0.5734623443633297679, -0.000000000000000000, 0.8192319205190395914 ) ) ;
#917 = LINE ( 'NONE', #6062, #3698 ) ;
#918 = CARTESIAN_POINT ( 'NONE',  ( 24.64595158060953040, -16.42057457881336546, -0.4298569766413819493 ) ) ;
#919 = CARTESIAN_POINT ( 'NONE',  ( -24.32955309351687134, -16.49999999999999645, -0.4013522920955603368 ) ) ;
#920 = VERTEX_POINT ( 'NONE', #1793 ) ;
#921 = VECTOR ( 'NONE', #312, 1000.000000000000000 ) ;
#922 = CARTESIAN_POINT ( 'NONE',  ( -32.00000000000000000, 22.00000000000000000, -1.555179672444835681 ) ) ;
#923 = CARTESIAN_POINT ( 'NONE',  ( -29.00000000000000711, 13.99999999999999112, 0.9317754462390276382 ) ) ;
#924 = CARTESIAN_POINT ( 'NONE',  ( -28.00000000000001066, -14.52730671879522717, 0.9317754465051442114 ) ) ;
#925 = DIRECTION ( 'NONE',  ( 1.000000000000000000, -0.000000000000000000, -0.000000000000000000 ) ) ;
#926 = VERTEX_POINT ( 'NONE', #1356 ) ;
#927 = CARTESIAN_POINT ( 'NONE',  ( 25.40810035559182722, 17.74625000302259537, 1.199756852365831739 ) ) ;
#928 = VECTOR ( 'NONE', #598, 1000.000000000000000 ) ;
#929 = EDGE_CURVE ( 'NONE', #5621, #3506, #1400, .T. ) ;
#930 = CARTESIAN_POINT ( 'NONE',  ( -25.30000000000000426, -21.50000000000000000, -0.2692007106404050165 ) ) ;
#931 = EDGE_LOOP ( 'NONE', ( #168, #1086, #4762, #3204, #4497, #2562, #4193, #326 ) ) ;
#932 = CARTESIAN_POINT ( 'NONE',  ( 24.93201865350661706, 16.99999999999996803, 17.87916418962821297 ) ) ;
#933 = ORIENTED_EDGE ( 'NONE', *, *, #301, .F. ) ;
#934 = CIRCLE ( 'NONE', #4937, 330.0000000000000000 ) ;
#935 = CARTESIAN_POINT ( 'NONE',  ( 26.49999999999999289, -17.99999999999999645, 6.399999999999999467 ) ) ;
#936 = CARTESIAN_POINT ( 'NONE',  ( 25.94132693811420154, -16.26171592393859910, -1.021175772659147940 ) ) ;
#937 = EDGE_CURVE ( 'NONE', #3969, #3085, #3490, .T. ) ;
#938 = CARTESIAN_POINT ( 'NONE',  ( -26.16785849921478757, 15.25593647071530867, -0.5722749313780248759 ) ) ;
#939 = CARTESIAN_POINT ( 'NONE',  ( -31.54762624735409915, -15.30000000000000071, -0.3059186485792947940 ) ) ;
#940 = LINE ( 'NONE', #4346, #1835 ) ;
#941 = AXIS2_PLACEMENT_3D ( 'NONE', #4068, #5522, #1217 ) ;
#942 = CARTESIAN_POINT ( 'NONE',  ( 22.43583420561108355, -11.38843752817592048, 17.84491605607225395 ) ) ;
#943 = PLANE ( 'NONE',  #1233 ) ;
#944 = DATE_AND_TIME ( #2727, #56 ) ;
#945 = CARTESIAN_POINT ( 'NONE',  ( -27.99999999758725266, -14.53792581466591827, 0.01557451775964508768 ) ) ;
#946 = DIRECTION ( 'NONE',  ( 1.000000000000000000, 0.000000000000000000, 0.000000000000000000 ) ) ;
#947 = CARTESIAN_POINT ( 'NONE',  ( -28.53315584291040707, -20.56751890961440665, -1.235817321412688852 ) ) ;
#948 = CARTESIAN_POINT ( 'NONE',  ( 27.17573955295375754, 16.44617199771170490, 1.020499421712231403 ) ) ;
#949 = LINE ( 'NONE', #5075, #3324 ) ;
#950 = AXIS2_PLACEMENT_3D ( 'NONE', #5865, #1544, #4307 ) ;
#951 = DIRECTION ( 'NONE',  ( 0.000000000000000000, -0.000000000000000000, 1.000000000000000000 ) ) ;
#952 = ORIENTED_EDGE ( 'NONE', *, *, #4350, .F. ) ;
#953 = CARTESIAN_POINT ( 'NONE',  ( -27.68141165623294953, -17.30622232940232408, 0.04125902552356358610 ) ) ;
#954 = VERTEX_POINT ( 'NONE', #1237 ) ;
#955 = DIRECTION ( 'NONE',  ( 1.239088197126291063E-16, -1.000000000000000000, -0.000000000000000000 ) ) ;
#956 = CARTESIAN_POINT ( 'NONE',  ( -26.21782786363166551, 15.98537694913591878, -1.043095929836478808 ) ) ;
#957 = CARTESIAN_POINT ( 'NONE',  ( 28.65072788418734007, -21.10607595671498871, -0.5217398998327957838 ) ) ;
#958 = CARTESIAN_POINT ( 'NONE',  ( 26.95915279503370243, 14.19836437513423988, -1.103049450783048169 ) ) ;
#959 = ORIENTED_EDGE ( 'NONE', *, *, #5742, .F. ) ;
#960 = EDGE_LOOP ( 'NONE', ( #3175, #5681, #5030, #975 ) ) ;
#961 = CARTESIAN_POINT ( 'NONE',  ( 16.63274534606947697, -15.49999999999999289, 17.49999999999999645 ) ) ;
#962 = CARTESIAN_POINT ( 'NONE',  ( 26.44059056202463509, -17.18001970887910801, 1.096923267593045592 ) ) ;
#963 = EDGE_CURVE ( 'NONE', #399, #2187, #1326, .T. ) ;
#964 = DIRECTION ( 'NONE',  ( 0.07650438463864539518, 0.000000000000000000, 0.9970692449028113469 ) ) ;
#965 = CARTESIAN_POINT ( 'NONE',  ( -27.47052043797452825, 16.00595792562106112, 0.9891576345176040785 ) ) ;
#966 = EDGE_LOOP ( 'NONE', ( #5817, #588, #5506, #1476, #893 ) ) ;
#967 = B_SPLINE_CURVE_WITH_KNOTS ( 'NONE', 3,
 ( #2149, #3550, #5523, #236 ),
 .UNSPECIFIED., .F., .F.,
 ( 4, 4 ),
 ( 0.000000000000000000, 0.001627485163825159297 ),
 .UNSPECIFIED. ) ;
#968 = EDGE_LOOP ( 'NONE', ( #2522, #5182, #3892, #1359, #2246, #2086, #1394, #853, #5850, #4765 ) ) ;
#969 = CARTESIAN_POINT ( 'NONE',  ( 25.40438406085887735, -17.75597796091842184, 16.62302614883578045 ) ) ;
#970 = CARTESIAN_POINT ( 'NONE',  ( 30.63432583318351377, 19.37776628602364326, -0.2195073753425611784 ) ) ;
#971 = CIRCLE ( 'NONE', #166, 331.1999999999999318 ) ;
#972 = EDGE_CURVE ( 'NONE', #5248, #1934, #3863, .T. ) ;
#973 = CARTESIAN_POINT ( 'NONE',  ( -27.57078463969376259, -15.84242801829175917, 15.48566584494742315 ) ) ;
#974 = DIRECTION ( 'NONE',  ( 0.000000000000000000, -1.000000000000000000, 0.000000000000000000 ) ) ;
#975 = ORIENTED_EDGE ( 'NONE', *, *, #2349, .F. ) ;
#976 = CIRCLE ( 'NONE', #477, 1.749999999999999778 ) ;
#977 = CARTESIAN_POINT ( 'NONE',  ( -25.07654814106181718, 16.26253931394464658, -0.9540534891806935480 ) ) ;
#978 = CARTESIAN_POINT ( 'NONE',  ( 29.41489673419495432, -20.60569107535482303, -0.1084737629970931733 ) ) ;
#979 = CARTESIAN_POINT ( 'NONE',  ( 25.26172465960665647, -21.50000000000000000, -0.9683217876700696003 ) ) ;
#980 = EDGE_CURVE ( 'NONE', #920, #859, #1181, .T. ) ;
#981 = CARTESIAN_POINT ( 'NONE',  ( 21.20000000000001350, -16.30658499000700346, 18.07133467733310184 ) ) ;
#982 = AXIS2_PLACEMENT_3D ( 'NONE', #5638, #1772, #4643 ) ;
#983 = CARTESIAN_POINT ( 'NONE',  ( 29.34835858150101018, -19.97462968079048196, -1.307505186240302875 ) ) ;
#984 = ORIENTED_EDGE ( 'NONE', *, *, #1139, .T. ) ;
#985 = CARTESIAN_POINT ( 'NONE',  ( 29.72346382849018198, 20.35111660308010428, -0.6087383690801281277 ) ) ;
#986 = CARTESIAN_POINT ( 'NONE',  ( -29.03154204607145417, 20.23448125753702342, -1.279323068304418998 ) ) ;
#987 = LINE ( 'NONE', #4395, #844 ) ;
#988 = CARTESIAN_POINT ( 'NONE',  ( -27.00273866891853558, -21.78382965782723346, -1.106531685839565737 ) ) ;
#989 = AXIS2_PLACEMENT_3D ( 'NONE', #2869, #1481, #2848 ) ;
#990 = CARTESIAN_POINT ( 'NONE',  ( 23.92775436484044960, 18.00000000000000000, 0.3345313028230855190 ) ) ;
#991 = ADVANCED_FACE ( 'NONE', ( #808 ), #1726, .F. ) ;
#992 = ORIENTED_EDGE ( 'NONE', *, *, #3325, .F. ) ;
#993 = APPLICATION_PROTOCOL_DEFINITION ( 'international standard', 'config_control_design', 1994, #3922 ) ;
#994 = LINE ( 'NONE', #5721, #3228 ) ;
#995 = AXIS2_PLACEMENT_3D ( 'NONE', #3564, #5079, #4042 ) ;
#996 = CARTESIAN_POINT ( 'NONE',  ( -24.58384280959593937, 17.96730983808371107, 16.99599181636454048 ) ) ;
#997 = CARTESIAN_POINT ( 'NONE',  ( -25.52931206837236289, -18.73776338969458877, 0.2146557356793389881 ) ) ;
#998 = ORIENTED_EDGE ( 'NONE', *, *, #1340, .T. ) ;
#999 = CARTESIAN_POINT ( 'NONE',  ( 24.80442652285882588, -16.37269345605841409, -0.4442136437243546232 ) ) ;
#1000 = CIRCLE ( 'NONE', #5635, 9.000000000000001776 ) ;
#1001 = CARTESIAN_POINT ( 'NONE',  ( 31.64774967906410552, -17.45511278439280645, -0.7726121034498252271 ) ) ;
#1002 = CARTESIAN_POINT ( 'NONE',  ( 26.49999999999999645, -11.20000000000000462, 15.00000000000000178 ) ) ;
#1003 = PLANE ( 'NONE',  #1553 ) ;
#1004 = CARTESIAN_POINT ( 'NONE',  ( -29.72711729157355975, -20.34790420970054114, -0.8098356287398216224 ) ) ;
#1005 =( BOUNDED_SURFACE ( )  B_SPLINE_SURFACE ( 3, 2, ( 
 ( #1234, #5544, #2146 ),
 ( #732, #300, #2191 ),
 ( #4593, #277, #4107 ),
 ( #3128, #1724, #6009 ),
 ( #3106, #6047, #3591 ),
 ( #5560, #4527, #3636 ) ),
 .UNSPECIFIED., .F., .F., .F. ) 
 B_SPLINE_SURFACE_WITH_KNOTS ( ( 4, 2, 4 ),
 ( 3, 3 ),
 ( 0.000000000000000000, 0.0007347448127044872148, 0.001469489625408974430 ),
 ( 0.000000000000000000, 1.000000000000000000 ),
 .UNSPECIFIED. ) 
 GEOMETRIC_REPRESENTATION_ITEM ( )  RATIONAL_B_SPLINE_SURFACE ( (
 ( 1.000000000000000000, 0.7868134851373143057, 1.000000000000000000),
 ( 1.000000000000000000, 0.7723900768394463823, 1.000000000000000000),
 ( 1.000000000000000000, 0.7582600226109916797, 1.000000000000000000),
 ( 1.000000000000000000, 0.7313918869030349157, 1.000000000000000000),
 ( 1.000000000000000000, 0.7186519684896527371, 1.000000000000000000),
 ( 1.000000000000000000, 0.7071067811865475727, 1.000000000000000000) ) ) 
 REPRESENTATION_ITEM ( '' )  SURFACE ( )  );
#1006 = CARTESIAN_POINT ( 'NONE',  ( 15.66000000000000725, -13.99999999999999822, 18.50000000000000000 ) ) ;
#1007 = CYLINDRICAL_SURFACE ( 'NONE', #2851, 4.000000000000000000 ) ;
#1008 = CARTESIAN_POINT ( 'NONE',  ( 29.91979418210503638, -19.40365371268762829, -1.359028399649653940 ) ) ;
#1009 = CARTESIAN_POINT ( 'NONE',  ( 27.65868903605078444, 21.57492356212806683, -0.4438918919496935844 ) ) ;
#1010 = CARTESIAN_POINT ( 'NONE',  ( -31.11400082625522856, -18.65844754562172625, -0.9270121157807538204 ) ) ;
#1011 = ORIENTED_EDGE ( 'NONE', *, *, #6136, .F. ) ;
#1012 = ORIENTED_EDGE ( 'NONE', *, *, #1883, .T. ) ;
#1013 = EDGE_CURVE ( 'NONE', #1373, #5621, #2224, .T. ) ;
#1014 = CIRCLE ( 'NONE', #2231, 0.5000000000000000000 ) ;
#1015 = APPROVAL_ROLE ( '' ) ;
#1016 = TOROIDAL_SURFACE ( 'NONE', #3866, 332.1999999999999318, 1.000000000000000000 ) ;
#1017 = CARTESIAN_POINT ( 'NONE',  ( -23.92775436484047091, -19.00000000000000355, 0.3345313028230709751 ) ) ;
#1018 = CARTESIAN_POINT ( 'NONE',  ( 26.16785849921468809, -15.25593647071542591, -0.5722749313834984974 ) ) ;
#1019 = EDGE_CURVE ( 'NONE', #6106, #3821, #5812, .T. ) ;
#1020 = CARTESIAN_POINT ( 'NONE',  ( 31.34604348607611257, 16.91958852139713798, -0.2866819345215609882 ) ) ;
#1021 = CARTESIAN_POINT ( 'NONE',  ( 25.33825219231933090, -21.50000000000000000, 0.2293339118110375996 ) ) ;
#1022 = AXIS2_PLACEMENT_3D ( 'NONE', #3089, #3573, #720 ) ;
#1023 = CARTESIAN_POINT ( 'NONE',  ( 25.86590847594625586, 15.67212711152672888, -1.015055557107874540 ) ) ;
#1024 = ADVANCED_FACE ( 'NONE', ( #5772 ), #4081, .F. ) ;
#1025 = TOROIDAL_SURFACE ( 'NONE', #5328, 1.000000000000000000, 1.000000000000000000 ) ;
#1026 = AXIS2_PLACEMENT_3D ( 'NONE', #3674, #1305, #1796 ) ;
#1027 = DIRECTION ( 'NONE',  ( 1.000000000000000000, 0.000000000000000000, 0.000000000000000000 ) ) ;
#1028 = CARTESIAN_POINT ( 'NONE',  ( -25.30000000000000071, 22.00000000000000000, -0.3495184289882269368 ) ) ;
#1029 = CARTESIAN_POINT ( 'NONE',  ( 31.10157598105080368, 18.65855053781882233, -0.7251378071024793259 ) ) ;
#1030 = DIRECTION ( 'NONE',  ( 0.000000000000000000, 1.000000000000000000, 0.000000000000000000 ) ) ;
#1031 = CYLINDRICAL_SURFACE ( 'NONE', #4041, 4.000000000000000000 ) ;
#1032 = CARTESIAN_POINT ( 'NONE',  ( -25.66996232901682262, -21.49999999879926094, -0.9996646287495645211 ) ) ;
#1033 = CARTESIAN_POINT ( 'NONE',  ( 31.82862447799227112, -16.82144023901188845, -0.7885066449226001417 ) ) ;
#1034 = CARTESIAN_POINT ( 'NONE',  ( 13.81000000000000405, -13.99999999999999822, 19.11513975825479505 ) ) ;
#1035 = ORIENTED_EDGE ( 'NONE', *, *, #4030, .T. ) ;
#1036 = DIRECTION ( 'NONE',  ( -1.000000000000000000, -1.239088197126290817E-16, 0.000000000000000000 ) ) ;
#1037 = VERTEX_POINT ( 'NONE', #2118 ) ;
#1039 = CARTESIAN_POINT ( 'NONE',  ( -25.30000000000000071, 22.00000000000000000, -0.4697889418938340222 ) ) ;
#1038 = DIRECTION ( 'NONE',  ( 1.000000000000000000, 0.000000000000000000, 0.000000000000000000 ) ) ;
#1040 = CARTESIAN_POINT ( 'NONE',  ( -28.00000000000000711, 13.99999999999999112, 0.9317754462390276382 ) ) ;
#1041 = ORIENTED_EDGE ( 'NONE', *, *, #4679, .F. ) ;
#1042 = DIRECTION ( 'NONE',  ( 1.000000000000000000, 0.000000000000000000, -0.000000000000000000 ) ) ;
#1043 = DIRECTION ( 'NONE',  ( 0.8192319205190394804, -4.441065139981067820E-16, -0.5734623443633296569 ) ) ;
#1044 = CARTESIAN_POINT ( 'NONE',  ( 26.75327868873723958, -21.34030559370005875, 0.1177705302142127708 ) ) ;
#1045 = CARTESIAN_POINT ( 'NONE',  ( -30.62784715102023725, -19.38604835036415608, -0.8853797028655358003 ) ) ;
#1046 = ORIENTED_EDGE ( 'NONE', *, *, #1060, .F. ) ;
#1047 = ORIENTED_EDGE ( 'NONE', *, *, #2910, .T. ) ;
#1048 = DIRECTION ( 'NONE',  ( 0.000000000000000000, 1.000000000000000000, 0.000000000000000000 ) ) ;
#1049 = CARTESIAN_POINT ( 'NONE',  ( 27.65827807642718739, -21.57507675337299702, -0.6445547973603316105 ) ) ;
#1050 = EDGE_CURVE ( 'NONE', #3969, #3315, #949, .T. ) ;
#1051 = CARTESIAN_POINT ( 'NONE',  ( -26.13809162586990809, 21.96166050730272445, -1.036496799885790798 ) ) ;
#1052 = CARTESIAN_POINT ( 'NONE',  ( 27.99999999999999289, -13.99999999999999467, 15.26032778078668706 ) ) ;
#1053 = DIRECTION ( 'NONE',  ( 0.000000000000000000, -0.000000000000000000, 1.000000000000000000 ) ) ;
#1054 = ORIENTED_EDGE ( 'NONE', *, *, #3822, .T. ) ;
#1055 = CARTESIAN_POINT ( 'NONE',  ( 26.49999999999999289, -17.99999999999999645, 9.810000000000000497 ) ) ;
#1056 = ADVANCED_FACE ( 'NONE', ( #4783 ), #1915, .F. ) ;
#1057 = CARTESIAN_POINT ( 'NONE',  ( -31.25196311607995980, 16.91724053352422175, -1.483149174940891823 ) ) ;
#1058 = ORIENTED_EDGE ( 'NONE', *, *, #2390, .T. ) ;
#1059 = CARTESIAN_POINT ( 'NONE',  ( -24.43503365581404907, -17.00000000000000000, 18.11928168466328870 ) ) ;
#1060 = EDGE_CURVE ( 'NONE', #4979, #6032, #892, .T. ) ;
#1061 = ORIENTED_EDGE ( 'NONE', *, *, #2015, .T. ) ;
#1062 = CIRCLE ( 'NONE', #1827, 332.1999999999999318 ) ;
#1063 = CARTESIAN_POINT ( 'NONE',  ( 26.34193242332180773, -15.83457847629366633, -1.053021457939606220 ) ) ;
#1064 = CARTESIAN_POINT ( 'NONE',  ( 10.31000000000000405, -13.99999999999999822, 19.00000000000000000 ) ) ;
#1065 = CARTESIAN_POINT ( 'NONE',  ( -24.29451344729810813, -18.00000000000000711, 17.11214722146947409 ) ) ;
#1066 = CARTESIAN_POINT ( 'NONE',  ( 24.62116392720260194, 16.44402341502601672, -0.9196067506079697029 ) ) ;
#1067 = EDGE_LOOP ( 'NONE', ( #4583, #3475, #984, #1923 ) ) ;
#1068 = FACE_OUTER_BOUND ( 'NONE', #5419, .T. ) ;
#1069 = EDGE_CURVE ( 'NONE', #1849, #3270, #491, .T. ) ;
#1070 = CARTESIAN_POINT ( 'NONE',  ( 20.86955553836180854, 0.000000000000000000, 16.50000000000000000 ) ) ;
#1071 = CARTESIAN_POINT ( 'NONE',  ( -16.83999999999999986, -15.00000000000000355, 8.650000000000002132 ) ) ;
#1072 = CARTESIAN_POINT ( 'NONE',  ( 29.03154204607144706, -20.23448125753701987, -1.279323068304418554 ) ) ;
#1073 = ORIENTED_EDGE ( 'NONE', *, *, #1700, .F. ) ;
#1074 = CARTESIAN_POINT ( 'NONE',  ( -31.95697516864785825, 16.17350239206335161, -0.3450243328060432213 ) ) ;
#1075 = FACE_OUTER_BOUND ( 'NONE', #1791, .T. ) ;
#1076 = CARTESIAN_POINT ( 'NONE',  ( -28.26517369278844072, 21.31212568042249345, -0.4911802972354715191 ) ) ;
#1077 = CARTESIAN_POINT ( 'NONE',  ( 27.46361306954738524, 16.00512949020412279, 0.9898556332323660278 ) ) ;
#1078 = CARTESIAN_POINT ( 'NONE',  ( -22.70000000000000639, -13.50000000000000355, 17.66000000000001080 ) ) ;
#1079 = CARTESIAN_POINT ( 'NONE',  ( 20.86955553836180854, 15.49999999999999822, 16.50000000000000000 ) ) ;
#1080 = LINE ( 'NONE', #935, #6181 ) ;
#1081 = DIRECTION ( 'NONE',  ( 1.000000000000000000, 0.000000000000000000, 0.000000000000000000 ) ) ;
#1082 = CARTESIAN_POINT ( 'NONE',  ( 26.24581512615027989, -15.11033577277190965, -0.5798521470223452212 ) ) ;
#1083 = ORIENTED_EDGE ( 'NONE', *, *, #5526, .F. ) ;
#1084 =( BOUNDED_SURFACE ( )  B_SPLINE_SURFACE ( 3, 2, ( 
 ( #5629, #5221, #6108 ),
 ( #1784, #3205, #2775 ),
 ( #834, #894, #4245 ),
 ( #4189, #1366, #4734 ),
 ( #3242, #1312, #4694 ),
 ( #4909, #5411, #5387 ),
 ( #4456, #5854, #1577 ),
 ( #550, #573, #2943 ),
 ( #1970, #3877, #3898 ),
 ( #2038, #2991, #2016 ) ),
 .UNSPECIFIED., .F., .F., .T. ) 
 B_SPLINE_SURFACE_WITH_KNOTS ( ( 4, 2, 2, 2, 4 ),
 ( 3, 3 ),
 ( 0.000000000000000000, 0.2856347704265570497, 0.5712695408531140995, 0.8569043112796711492, 1.142539081706228199 ),
 ( 0.000000000000000000, 1.000000000000000000 ),
 .UNSPECIFIED. ) 
 GEOMETRIC_REPRESENTATION_ITEM ( )  RATIONAL_B_SPLINE_SURFACE ( (
 ( 1.000000000000000000, 0.8869786762835194516, 1.000000000000000000),
 ( 1.000000000000000000, 0.8869812352533505972, 1.000000000000000000),
 ( 1.000000000000000000, 0.8847739997124028921, 1.000000000000000000),
 ( 1.000000000000000000, 0.8760368158995419652, 1.000000000000000000),
 ( 1.000000000000000000, 0.8695040594836888070, 1.000000000000000000),
 ( 1.000000000000000000, 0.8523584481292855175, 1.000000000000000000),
 ( 1.000000000000000000, 0.8417450183804275898, 1.000000000000000000),
 ( 1.000000000000000000, 0.8168639731479143684, 1.000000000000000000),
 ( 1.000000000000000000, 0.8025987489757817617, 1.000000000000000000),
 ( 1.000000000000000000, 0.7868134851373143057, 1.000000000000000000) ) ) 
 REPRESENTATION_ITEM ( '' )  SURFACE ( )  );
#1085 = CARTESIAN_POINT ( 'NONE',  ( 29.40355468119345872, 20.61422280286515374, -0.1074655870663800000 ) ) ;
#1086 = ORIENTED_EDGE ( 'NONE', *, *, #1108, .T. ) ;
#1087 = CARTESIAN_POINT ( 'NONE',  ( 28.44159262966329393, 20.68533705097383191, -0.02328819182483211556 ) ) ;
#1088 = CARTESIAN_POINT ( 'NONE',  ( 17.99999999999999645, -3.219999999999994422, 7.650000000000000355 ) ) ;
#1089 = FACE_OUTER_BOUND ( 'NONE', #3541, .T. ) ;
#1090 = CARTESIAN_POINT ( 'NONE',  ( 31.99999999874214396, 15.74032507914256662, -0.3492051946324498668 ) ) ;
#1091 = EDGE_CURVE ( 'NONE', #4449, #3969, #2427, .T. ) ;
#1092 = ADVANCED_FACE ( 'NONE', ( #658 ), #2076, .T. ) ;
#1093 = CARTESIAN_POINT ( 'NONE',  ( 28.91270318794882499, 14.65913339847041108, -0.06440689982306389838 ) ) ;
#1094 = ORIENTED_EDGE ( 'NONE', *, *, #3013, .T. ) ;
#1095 = CARTESIAN_POINT ( 'NONE',  ( 17.99999999999999645, -4.619999999999995666, 7.650000000000000355 ) ) ;
#1096 = ORIENTED_EDGE ( 'NONE', *, *, #5441, .F. ) ;
#1097 = CARTESIAN_POINT ( 'NONE',  ( 30.81350757445214583, -18.05054051292769302, -1.441729657972958600 ) ) ;
#1098 = FACE_OUTER_BOUND ( 'NONE', #2095, .T. ) ;
#1099 = CARTESIAN_POINT ( 'NONE',  ( -30.61941647911810094, 19.39726574417716876, -0.8846619685986921722 ) ) ;
#1100 = CARTESIAN_POINT ( 'NONE',  ( 29.35011313284704570, -19.97309003544526718, -1.307661949207397090 ) ) ;
#1101 = CARTESIAN_POINT ( 'NONE',  ( -23.92775436484047091, -19.00000000000000355, 0.3345313028230709751 ) ) ;
#1102 = CIRCLE ( 'NONE', #2570, 1.400000000000000133 ) ;
#1103 = CARTESIAN_POINT ( 'NONE',  ( 28.88042327856682334, -14.65478002614719699, -0.06157365122581092559 ) ) ;
#1104 = DIRECTION ( 'NONE',  ( 1.000000000000000000, -0.000000000000000000, -0.000000000000000000 ) ) ;
#1105 = CARTESIAN_POINT ( 'NONE',  ( 23.92775436484044960, -17.99999999999999645, 0.3345313028230759711 ) ) ;
#1106 = CARTESIAN_POINT ( 'NONE',  ( -28.00000000000001066, -13.99999999999999112, 15.78098334236005407 ) ) ;
#1107 = LINE ( 'NONE', #1460, #1470 ) ;
#1108 = EDGE_CURVE ( 'NONE', #4366, #75, #3187, .T. ) ;
#1109 = CARTESIAN_POINT ( 'NONE',  ( 26.91952486012472079, -16.22681461262959601, 16.53731594027275165 ) ) ;
#1110 = DIRECTION ( 'NONE',  ( 1.000000000000000000, -0.000000000000000000, -0.000000000000000000 ) ) ;
#1111 = AXIS2_PLACEMENT_3D ( 'NONE', #4672, #809, #5620 ) ;
#1112 = DIRECTION ( 'NONE',  ( 0.000000000000000000, 0.000000000000000000, -1.000000000000000000 ) ) ;
#1113 = VERTEX_POINT ( 'NONE', #829 ) ;
#1114 = ORIENTED_EDGE ( 'NONE', *, *, #3634, .F. ) ;
#1115 = DIRECTION ( 'NONE',  ( -0.000000000000000000, -0.000000000000000000, 1.000000000000000000 ) ) ;
#1116 = CARTESIAN_POINT ( 'NONE',  ( 27.25155082413376562, -15.38182101371857868, 16.30489776546641778 ) ) ;
#1117 = DIRECTION ( 'NONE',  ( 0.4350336558140674437, 0.000000000000000000, 0.9004141926408355534 ) ) ;
#1118 = DIRECTION ( 'NONE',  ( 0.000000000000000000, 0.000000000000000000, -1.000000000000000000 ) ) ;
#1119 = EDGE_LOOP ( 'NONE', ( #3966, #4898, #5101, #1508, #1236, #5954, #527, #1927 ) ) ;
#1120 = ORIENTED_EDGE ( 'NONE', *, *, #2285, .T. ) ;
#1121 = AXIS2_PLACEMENT_3D ( 'NONE', #466, #5311, #6205 ) ;
#1122 = ADVANCED_FACE ( 'NONE', ( #1907 ), #5765, .F. ) ;
#1123 = CARTESIAN_POINT ( 'NONE',  ( 27.17477946795893828, 16.44742336336928545, 1.020600900469706529 ) ) ;
#1124 = AXIS2_PLACEMENT_3D ( 'NONE', #4170, #3836, #6175 ) ;
#1125 = ORIENTED_EDGE ( 'NONE', *, *, #670, .T. ) ;
#1127 = DIRECTION ( 'NONE',  ( -0.000000000000000000, -0.000000000000000000, 1.000000000000000000 ) ) ;
#1126 = CARTESIAN_POINT ( 'NONE',  ( -23.96369137670197347, -16.99999999999999645, -0.8712387292745712442 ) ) ;
#1128 = CARTESIAN_POINT ( 'NONE',  ( -26.50000000000000711, -14.00000000000000000, -1.065413436406366987 ) ) ;
#1129 = DIRECTION ( 'NONE',  ( 0.000000000000000000, 0.000000000000000000, 1.000000000000000000 ) ) ;
#1130 = CARTESIAN_POINT ( 'NONE',  ( 27.74494392142082333, -15.41159148762115016, 0.9595653458009033576 ) ) ;
#1131 = PLANE ( 'NONE',  #3472 ) ;
#1132 = VERTEX_POINT ( 'NONE', #3161 ) ;
#1133 = CARTESIAN_POINT ( 'NONE',  ( -24.00000000000001066, -18.00000000000000355, 17.21886749202244005 ) ) ;
#1134 = CARTESIAN_POINT ( 'NONE',  ( -32.00000000000000000, -15.30000000000000071, -0.8036452206677813237 ) ) ;
#1135 = ORIENTED_EDGE ( 'NONE', *, *, #6093, .F. ) ;
#1136 = VERTEX_POINT ( 'NONE', #3652 ) ;
#1137 = TOROIDAL_SURFACE ( 'NONE', #3921, 1.000000000000000000, 1.000000000000000000 ) ;
#1138 = CARTESIAN_POINT ( 'NONE',  ( 27.99999999999999645, -14.38086565572683639, 15.26032778078792695 ) ) ;
#1139 = EDGE_CURVE ( 'NONE', #4730, #5835, #4482, .T. ) ;
#1140 = CARTESIAN_POINT ( 'NONE',  ( -31.95582408340942848, 16.18821344774706716, -1.550412755771704232 ) ) ;
#1141 = CARTESIAN_POINT ( 'NONE',  ( -31.15097518058752968, 17.48987529015119691, -0.2681954962615464844 ) ) ;
#1142 = CARTESIAN_POINT ( 'NONE',  ( 0.000000000000000000, -21.50000000000000000, -330.0000000000000000 ) ) ;
#1143 = VERTEX_POINT ( 'NONE', #2241 ) ;
#1144 = CARTESIAN_POINT ( 'NONE',  ( 25.99939995780971813, 17.47425814509496078, 1.141516473996092795 ) ) ;
#1145 = VECTOR ( 'NONE', #5189, 1000.000000000000000 ) ;
#1147 = CARTESIAN_POINT ( 'NONE',  ( 25.66114426259150250, -17.63876349037132130, 16.48822704292614816 ) ) ;
#1146 = CARTESIAN_POINT ( 'NONE',  ( 25.94381037749433716, 16.25953168879951249, -1.021371687646602799 ) ) ;
#1148 = EDGE_CURVE ( 'NONE', #5370, #1757, #4636, .T. ) ;
#1149 = CARTESIAN_POINT ( 'NONE',  ( -26.39231928286377027, 17.21724326528823923, 0.1473441869138903959 ) ) ;
#1150 = AXIS2_PLACEMENT_3D ( 'NONE', #133, #1971, #1995 ) ;
#1151 = DIRECTION ( 'NONE',  ( 0.8192319205190394804, 4.441065139981067820E-16, 0.5734623443633296569 ) ) ;
#1152 = ORIENTED_EDGE ( 'NONE', *, *, #1108, .F. ) ;
#1153 = CIRCLE ( 'NONE', #5332, 1.000000000000000888 ) ;
#1154 = DIRECTION ( 'NONE',  ( -0.000000000000000000, -1.000000000000000000, -0.000000000000000000 ) ) ;
#1155 = DIRECTION ( 'NONE',  ( 1.000000000000000000, 0.000000000000000000, -0.000000000000000000 ) ) ;
#1156 = CARTESIAN_POINT ( 'NONE',  ( -30.98718523213870668, -18.84885456335982212, -0.7152901136334561816 ) ) ;
#1157 = ADVANCED_FACE ( 'NONE', ( #4850 ), #5458, .F. ) ;
#1158 = CARTESIAN_POINT ( 'NONE',  ( 25.74192042601081454, 22.00000000000000355, -0.5011858041033617761 ) ) ;
#1159 = DATE_AND_TIME ( #345, #1978 ) ;
#1160 = AXIS2_PLACEMENT_3D ( 'NONE', #1079, #4410, #1575 ) ;
#1161 = CARTESIAN_POINT ( 'NONE',  ( 27.73062218879411134, -15.49248183562304071, 15.40175113166986520 ) ) ;
#1162 = CARTESIAN_POINT ( 'NONE',  ( -30.81350757445215294, 18.05054051292803763, -1.441729657972980805 ) ) ;
#1163 = CARTESIAN_POINT ( 'NONE',  ( -27.57346234436333532, -30.00000000000000000, 16.07955970130572609 ) ) ;
#1164 = CARTESIAN_POINT ( 'NONE',  ( -31.33916698927311018, 16.90599442004927155, -0.2860328089697989906 ) ) ;
#1165 = CARTESIAN_POINT ( 'NONE',  ( -30.62738155538035656, 19.38665889533301723, -0.6844987456637987577 ) ) ;
#1166 = FACE_OUTER_BOUND ( 'NONE', #3656, .T. ) ;
#1167 = VERTEX_POINT ( 'NONE', #5645 ) ;
#1168 = ORIENTED_EDGE ( 'NONE', *, *, #963, .T. ) ;
#1169 = CARTESIAN_POINT ( 'NONE',  ( -28.59484281563156216, 15.76448935938240936, -0.03670065465453400955 ) ) ;
#1170 = CIRCLE ( 'NONE', #3294, 0.5000000000000000000 ) ;
#1171 = CARTESIAN_POINT ( 'NONE',  ( 25.56193271650257159, 17.71938155856938479, 17.48992465714971090 ) ) ;
#1172 = ORIENTED_EDGE ( 'NONE', *, *, #2470, .F. ) ;
#1173 = CARTESIAN_POINT ( 'NONE',  ( 22.01648022708846852, 12.36421833083992716, 18.13846384103808163 ) ) ;
#1174 = EDGE_CURVE ( 'NONE', #1365, #234, #363, .T. ) ;
#1175 = CIRCLE ( 'NONE', #3784, 0.5000000000000000000 ) ;
#1176 = DIRECTION ( 'NONE',  ( -1.000000000000000000, 5.421010862427514281E-16, 0.000000000000000000 ) ) ;
#1177 = CARTESIAN_POINT ( 'NONE',  ( 27.09513672375460303, -16.57178744185751995, 16.41438763573194493 ) ) ;
#1178 = CARTESIAN_POINT ( 'NONE',  ( -30.61894603124322600, 19.39787896268262557, -0.8846219573835317762 ) ) ;
#1179 = DIRECTION ( 'NONE',  ( 0.000000000000000000, 0.000000000000000000, -1.000000000000000000 ) ) ;
#1180 = CARTESIAN_POINT ( 'NONE',  ( 20.86955553836180854, -15.49999999999999467, 18.50000000000000000 ) ) ;
#1181 = CIRCLE ( 'NONE', #2520, 331.1999999999999318 ) ;
#1182 = CARTESIAN_POINT ( 'NONE',  ( -26.86419009122127832, 21.81867847668346627, 0.1087914606425759434 ) ) ;
#1183 = EDGE_CURVE ( 'NONE', #5144, #4044, #210, .T. ) ;
#1184 = ADVANCED_FACE ( 'NONE', ( #2867 ), #1322, .F. ) ;
#1185 = DIRECTION ( 'NONE',  ( 0.000000000000000000, 0.000000000000000000, 1.000000000000000000 ) ) ;
#1186 = FACE_OUTER_BOUND ( 'NONE', #4099, .T. ) ;
#1188 = CARTESIAN_POINT ( 'NONE',  ( 28.26653356057485311, -21.32345390528877260, -0.6918447012999294765 ) ) ;
#1187 = CARTESIAN_POINT ( 'NONE',  ( 25.10734456976017270, 16.24726328236088335, -0.4719528715679862096 ) ) ;
#1189 = CARTESIAN_POINT ( 'NONE',  ( -27.73503688686102109, 15.43808746588934611, 0.03780859222612127646 ) ) ;
#1190 = CARTESIAN_POINT ( 'NONE',  ( 24.92470122541925548, 16.97504396312594821, 17.86989936937279921 ) ) ;
#1191 = ORIENTED_EDGE ( 'NONE', *, *, #3220, .T. ) ;
#1192 = EDGE_LOOP ( 'NONE', ( #2409, #4274 ) ) ;
#1193 = EDGE_CURVE ( 'NONE', #3928, #5805, #51, .T. ) ;
#1194 = CARTESIAN_POINT ( 'NONE',  ( -16.83999999999999986, -16.50000000000000000, 8.650000000000002132 ) ) ;
#1195 = CARTESIAN_POINT ( 'NONE',  ( -26.65569379692253449, -15.33033680463340076, -1.078307685275041505 ) ) ;
#1196 = AXIS2_PLACEMENT_3D ( 'NONE', #2533, #5935, #5443 ) ;
#1197 = CARTESIAN_POINT ( 'NONE',  ( -31.40254502616822307, -18.07427155644058558, -0.7512017671851310974 ) ) ;
#1198 = VERTEX_POINT ( 'NONE', #4608 ) ;
#1199 = AXIS2_PLACEMENT_3D ( 'NONE', #1612, #4513, #738 ) ;
#1200 = DIRECTION ( 'NONE',  ( -0.000000000000000000, -0.000000000000000000, 1.000000000000000000 ) ) ;
#1201 = DIRECTION ( 'NONE',  ( -0.9970692449028113469, -6.635697602390873929E-17, -0.07650438463864539518 ) ) ;
#1202 = CARTESIAN_POINT ( 'NONE',  ( -26.50000000000000711, -18.00000000000000355, 15.00000000000000355 ) ) ;
#1203 = CARTESIAN_POINT ( 'NONE',  ( 25.26172465960665647, -21.50000000000000000, -0.9683217876700696003 ) ) ;
#1204 = ORIENTED_EDGE ( 'NONE', *, *, #4935, .T. ) ;
#1205 =( BOUNDED_SURFACE ( )  B_SPLINE_SURFACE ( 3, 2, ( 
 ( #1950, #2358, #1433 ),
 ( #2918, #3839, #1972 ),
 ( #4795, #3400, #5759 ),
 ( #4394, #5346, #1908 ),
 ( #5283, #4860, #1513 ),
 ( #2379, #3338, #973 ),
 ( #1889, #4327, #4840 ),
 ( #1448, #4818, #5323 ),
 ( #2417, #5880, #4481 ),
 ( #3974, #1106, #624 ) ),
 .UNSPECIFIED., .F., .F., .T. ) 
 B_SPLINE_SURFACE_WITH_KNOTS ( ( 4, 2, 2, 2, 4 ),
 ( 3, 3 ),
 ( 5.140646225473357589, 5.426280995899914750, 5.711915766326471910, 5.997550536753029071, 6.283185307179586232 ),
 ( 0.000000000000000000, 1.000000000000000000 ),
 .UNSPECIFIED. ) 
 GEOMETRIC_REPRESENTATION_ITEM ( )  RATIONAL_B_SPLINE_SURFACE ( (
 ( 1.000000000000000000, 0.7868134851373143057, 1.000000000000000000),
 ( 1.000000000000000000, 0.8025987489756484239, 1.000000000000000000),
 ( 1.000000000000000000, 0.8168639731480895616, 1.000000000000000000),
 ( 1.000000000000000000, 0.8417450183802517305, 1.000000000000000000),
 ( 1.000000000000000000, 0.8523584481292605375, 1.000000000000000000),
 ( 1.000000000000000000, 0.8695040594837133430, 1.000000000000000000),
 ( 1.000000000000000000, 0.8760368158995374133, 1.000000000000000000),
 ( 1.000000000000000000, 0.8847739997124072220, 1.000000000000000000),
 ( 1.000000000000000000, 0.8869812352533472666, 1.000000000000000000),
 ( 1.000000000000000000, 0.8869786762835194516, 1.000000000000000000) ) ) 
 REPRESENTATION_ITEM ( '' )  SURFACE ( )  );
#1206 = CARTESIAN_POINT ( 'NONE',  ( 0.000000000000000000, 19.00000000000000000, -330.0000000000000000 ) ) ;
#1207 = EDGE_LOOP ( 'NONE', ( #409, #669, #6170, #1751, #2632, #4811, #2130, #417 ) ) ;
#1208 = CARTESIAN_POINT ( 'NONE',  ( 31.95645913488467826, 16.17892593922315925, -1.000694486696983132 ) ) ;
#1209 = ORIENTED_EDGE ( 'NONE', *, *, #63, .T. ) ;
#1210 = CARTESIAN_POINT ( 'NONE',  ( 24.65701274739684479, 16.43391685878079045, -0.4307128779247800798 ) ) ;
#1211 = CARTESIAN_POINT ( 'NONE',  ( -27.86066264064619702, 15.05528139764377116, 0.02729299994067485927 ) ) ;
#1212 = FACE_OUTER_BOUND ( 'NONE', #4187, .T. ) ;
#1213 = CARTESIAN_POINT ( 'NONE',  ( -30.35917404062607972, -19.71406229818077094, -0.1940304153405817966 ) ) ;
#1214 = ADVANCED_FACE ( 'NONE', ( #5011 ), #4547, .F. ) ;
#1215 = ORIENTED_EDGE ( 'NONE', *, *, #6122, .T. ) ;
#1216 = LINE ( 'NONE', #4329, #3832 ) ;
#1217 = DIRECTION ( 'NONE',  ( 1.000000000000000000, 0.000000000000000000, -6.938893903907222067E-15 ) ) ;
#1218 = CARTESIAN_POINT ( 'NONE',  ( 28.06801672965022121, 21.40536911855069846, -0.6764135229458442256 ) ) ;
#1219 = CARTESIAN_POINT ( 'NONE',  ( 12.06000000000000405, -13.99999999999999822, 17.49999999999999645 ) ) ;
#1220 = EDGE_CURVE ( 'NONE', #701, #5761, #132, .T. ) ;
#1221 = CARTESIAN_POINT ( 'NONE',  ( 25.80943427677802759, -17.60413874941088608, 17.32324404821695651 ) ) ;
#1222 = CARTESIAN_POINT ( 'NONE',  ( -28.61780188181628048, 20.56862945654985353, -0.03865319729705544299 ) ) ;
#1223 = VERTEX_POINT ( 'NONE', #5599 ) ;
#1224 = CARTESIAN_POINT ( 'NONE',  ( -31.57789014078586476, 17.65073536606943350, -0.3085271666637522947 ) ) ;
#1225 = LINE ( 'NONE', #3088, #1511 ) ;
#1226 = CARTESIAN_POINT ( 'NONE',  ( 32.00000000000000000, 15.29999999999999361, -1.554718901937509612 ) ) ;
#1227 = ORIENTED_EDGE ( 'NONE', *, *, #5452, .F. ) ;
#1228 = VECTOR ( 'NONE', #2157, 1000.000000000000000 ) ;
#1229 = EDGE_CURVE ( 'NONE', #4127, #5466, #1803, .T. ) ;
#1230 = CARTESIAN_POINT ( 'NONE',  ( -26.16955615605158769, -15.25288572019877975, -0.5724397345906251378 ) ) ;
#1231 = ORIENTED_EDGE ( 'NONE', *, *, #2729, .T. ) ;
#1232 = CARTESIAN_POINT ( 'NONE',  ( -30.26770750339433036, -19.09206224903183369, -0.1858735937375292635 ) ) ;
#1233 = AXIS2_PLACEMENT_3D ( 'NONE', #4806, #2348, #3328 ) ;
#1234 = CARTESIAN_POINT ( 'NONE',  ( -25.81932054130695420, 16.72907261777849186, 17.30745896344519252 ) ) ;
#1235 = CIRCLE ( 'NONE', #4662, 9.000000000000001776 ) ;
#1236 = ORIENTED_EDGE ( 'NONE', *, *, #1925, .F. ) ;
#1237 = CARTESIAN_POINT ( 'NONE',  ( 24.43503365581432618, 17.00000000000000000, 18.11928168466315370 ) ) ;
#1238 = CARTESIAN_POINT ( 'NONE',  ( 23.50000000000000355, -11.20000000000000284, 6.399999999999999467 ) ) ;
#1239 = CARTESIAN_POINT ( 'NONE',  ( 27.89176606765992261, -17.04932209233462004, 0.02351791763514050199 ) ) ;
#1240 = CARTESIAN_POINT ( 'NONE',  ( 20.86955553836180854, 15.50000000000000000, 18.50000000000000000 ) ) ;
#1241 = CARTESIAN_POINT ( 'NONE',  ( -26.50000000000000711, -18.00000000000000355, 20.00000000000000000 ) ) ;
#1242 = DIRECTION ( 'NONE',  ( 0.9973868698756740425, 0.000000000000000000, 0.07224563515954154913 ) ) ;
#1243 = CARTESIAN_POINT ( 'NONE',  ( -28.06755881774047268, 21.40557543027236420, -0.4756637026594455198 ) ) ;
#1244 = AXIS2_PLACEMENT_3D ( 'NONE', #4951, #5456, #5434 ) ;
#1245 = ORIENTED_EDGE ( 'NONE', *, *, #3441, .F. ) ;
#1246 = ORIENTED_EDGE ( 'NONE', *, *, #693, .F. ) ;
#1247 = CARTESIAN_POINT ( 'NONE',  ( 27.81887109127478297, 20.94993713123901813, -1.174597683516818813 ) ) ;
#1248 = ADVANCED_FACE ( 'NONE', ( #2495, #3943 ), #3559, .T. ) ;
#1249 = LINE ( 'NONE', #5391, #3639 ) ;
#1250 = DIRECTION ( 'NONE',  ( 0.000000000000000000, 0.000000000000000000, -1.000000000000000000 ) ) ;
#1251 = CARTESIAN_POINT ( 'NONE',  ( 24.30009428946263483, 18.00000000000000355, 17.11012493850116911 ) ) ;
#1252 = FACE_OUTER_BOUND ( 'NONE', #2905, .T. ) ;
#1253 = CARTESIAN_POINT ( 'NONE',  ( -29.37805437443649126, -20.63390581782736177, -0.5803240657391478541 ) ) ;
#1254 = ORIENTED_EDGE ( 'NONE', *, *, #415, .F. ) ;
#1255 = EDGE_CURVE ( 'NONE', #3964, #2363, #3029, .T. ) ;
#1256 = LINE ( 'NONE', #4031, #3401 ) ;
#1257 = CARTESIAN_POINT ( 'NONE',  ( 25.05843776403404988, 18.87240512927293068, 0.2507232229443433491 ) ) ;
#1258 = DIRECTION ( 'NONE',  ( -1.000000000000000000, 0.000000000000000000, -0.000000000000000000 ) ) ;
#1259 = CARTESIAN_POINT ( 'NONE',  ( 26.95231876628564649, -21.30071772161385013, 0.1017625712474038990 ) ) ;
#1260 = VERTEX_POINT ( 'NONE', #114 ) ;
#1261 = ORIENTED_EDGE ( 'NONE', *, *, #5178, .F. ) ;
#1262 = EDGE_CURVE ( 'NONE', #5553, #3603, #494, .T. ) ;
#1263 = CARTESIAN_POINT ( 'NONE',  ( 31.64231030753181884, 17.47128456149234310, -1.520112361386847688 ) ) ;
#1264 = AXIS2_PLACEMENT_3D ( 'NONE', #3253, #3177, #3671 ) ;
#1265 = CARTESIAN_POINT ( 'NONE',  ( 31.50000000000000000, 22.00000000000000000, -1.004559302108243291 ) ) ;
#1266 = ORIENTED_EDGE ( 'NONE', *, *, #5366, .F. ) ;
#1267 = DIRECTION ( 'NONE',  ( 1.000000000000000000, -0.000000000000000000, -0.000000000000000000 ) ) ;
#1268 = VERTEX_POINT ( 'NONE', #4899 ) ;
#1269 = CARTESIAN_POINT ( 'NONE',  ( -26.41776643563997951, -14.65718189318043940, -1.058815826150575345 ) ) ;
#1270 = DIRECTION ( 'NONE',  ( -0.000000000000000000, -0.000000000000000000, 1.000000000000000000 ) ) ;
#1271 = ORIENTED_EDGE ( 'NONE', *, *, #1603, .T. ) ;
#1272 = CARTESIAN_POINT ( 'NONE',  ( -25.77941684115629073, -21.99748368591329495, 0.1954836750318988403 ) ) ;
#1273 = ADVANCED_FACE ( 'NONE', ( #2573 ), #1016, .F. ) ;
#1274 = ORIENTED_EDGE ( 'NONE', *, *, #1658, .F. ) ;
#1275 =( BOUNDED_SURFACE ( )  B_SPLINE_SURFACE ( 3, 2, ( 
 ( #2463, #2404, #2442 ),
 ( #5888, #5844, #5866 ),
 ( #539, #2886, #5354 ),
 ( #585, #2930, #112 ),
 ( #3936, #3913, #1523 ),
 ( #4378, #1545, #4871 ),
 ( #88, #3887, #1049 ),
 ( #2977, #4402, #4896 ),
 ( #3369, #135, #521 ),
 ( #3464, #3847, #4334 ),
 ( #983, #3867, #2904 ),
 ( #1008, #4358, #1478 ),
 ( #4849, #1959, #5334 ),
 ( #2422, #70, #3389 ),
 ( #3961, #1627, #238 ),
 ( #1097, #4490, #2508 ),
 ( #1589, #1608, #203 ),
 ( #3023, #609, #2576 ),
 ( #5003, #2048, #4938 ),
 ( #4957, #5957, #5502 ),
 ( #2594, #4465, #2108 ),
 ( #5484, #2131, #4981 ) ),
 .UNSPECIFIED., .F., .F., .F. ) 
 B_SPLINE_SURFACE_WITH_KNOTS ( ( 4, 2, 2, 2, 2, 2, 2, 2, 2, 2, 4 ),
 ( 3, 3 ),
 ( 0.000000000000000000, 0.001212853958219047143, 0.001819280937328570606, 0.002425707916438094285, 0.003638561874657141211, 0.004851415832876188571, 0.006064269791095235063, 0.006670696770204758742, 0.007277123749314282422, 0.008489977707533329782, 0.009702831665752377141 ),
 ( 0.000000000000000000, 1.000000000000000000 ),
 .UNSPECIFIED. ) 
 GEOMETRIC_REPRESENTATION_ITEM ( )  RATIONAL_B_SPLINE_SURFACE ( (
 ( 1.000000000000000000, 0.7071067811865475727, 1.000000000000000000),
 ( 1.000000000000000000, 0.7053219032478746930, 1.000000000000000000),
 ( 1.000000000000000000, 0.7034735416115209805, 1.000000000000000000),
 ( 1.000000000000000000, 0.7006146992318991185, 1.000000000000000000),
 ( 1.000000000000000000, 0.6996473878187841056, 1.000000000000000000),
 ( 1.000000000000000000, 0.6976861070495381512, 1.000000000000000000),
 ( 1.000000000000000000, 0.6966887842664163388, 1.000000000000000000),
 ( 1.000000000000000000, 0.6937260023191174074, 1.000000000000000000),
 ( 1.000000000000000000, 0.6917699312156144753, 1.000000000000000000),
 ( 1.000000000000000000, 0.6879386411472405705, 1.000000000000000000),
 ( 1.000000000000000000, 0.6860529992673650712, 1.000000000000000000),
 ( 1.000000000000000000, 0.6825779268495831831, 1.000000000000000000),
 ( 1.000000000000000000, 0.6809680668628773637, 1.000000000000000000),
 ( 1.000000000000000000, 0.6787924433511838274, 1.000000000000000000),
 ( 1.000000000000000000, 0.6781075188873950665, 1.000000000000000000),
 ( 1.000000000000000000, 0.6768554915909241743, 1.000000000000000000),
 ( 1.000000000000000000, 0.6762840804414653739, 1.000000000000000000),
 ( 1.000000000000000000, 0.6747398095612331392, 1.000000000000000000),
 ( 1.000000000000000000, 0.6739330951713765616, 1.000000000000000000),
 ( 1.000000000000000000, 0.6728425889160462026, 1.000000000000000000),
 ( 1.000000000000000000, 0.6725665504204442202, 1.000000000000000000),
 ( 1.000000000000000000, 0.6725659312820800873, 1.000000000000000000) ) ) 
 REPRESENTATION_ITEM ( '' )  SURFACE ( )  );
#1276 = CARTESIAN_POINT ( 'NONE',  ( 27.22165135997836671, 17.76707945430996460, 0.07949786024329118239 ) ) ;
#1277 = CARTESIAN_POINT ( 'NONE',  ( 25.66114426259151315, 17.63876349037132130, 16.48822704292614816 ) ) ;
#1278 = CARTESIAN_POINT ( 'NONE',  ( -25.10633127205123216, 16.24784003490427864, -0.4718587182276604008 ) ) ;
#1279 = CARTESIAN_POINT ( 'NONE',  ( 21.20000000000000995, 16.12199216445663197, 18.26331438878659341 ) ) ;
#1280 = ORIENTED_EDGE ( 'NONE', *, *, #5059, .F. ) ;
#1281 = FACE_OUTER_BOUND ( 'NONE', #614, .T. ) ;
#1282 = CARTESIAN_POINT ( 'NONE',  ( 31.12672257538066845, 17.29473776548455533, -1.471263571478012455 ) ) ;
#1283 = CARTESIAN_POINT ( 'NONE',  ( 1.920586705545750261E-15, -15.49999999999999645, 18.50000000000000000 ) ) ;
#1284 = CARTESIAN_POINT ( 'NONE',  ( -24.19028968782754774, -18.00475343986247267, 0.3155145784702782508 ) ) ;
#1285 = CARTESIAN_POINT ( 'NONE',  ( -26.95915279503371664, -14.19836437513436778, -1.103049450783048169 ) ) ;
#1286 = CARTESIAN_POINT ( 'NONE',  ( -30.99295632045211235, -17.86936604026470476, -0.2533051509266744383 ) ) ;
#1287 = EDGE_CURVE ( 'NONE', #3451, #4127, #3858, .T. ) ;
#1288 = DIRECTION ( 'NONE',  ( 1.000000000000000000, 0.000000000000000000, 0.000000000000000000 ) ) ;
#1289 = ORIENTED_EDGE ( 'NONE', *, *, #1362, .F. ) ;
#1290 = CIRCLE ( 'NONE', #1625, 1.000000000000000888 ) ;
#1291 = CARTESIAN_POINT ( 'NONE',  ( -28.44334539396925265, -20.68433923988523659, -0.02343924228399238766 ) ) ;
#1292 = CARTESIAN_POINT ( 'NONE',  ( 25.30000000000000071, 22.00000000000000000, -1.555179672444839678 ) ) ;
#1293 = VERTEX_POINT ( 'NONE', #1052 ) ;
#1294 = CARTESIAN_POINT ( 'NONE',  ( -24.00000000000001066, -18.00000000000000355, 17.21886749202244005 ) ) ;
#1295 = CIRCLE ( 'NONE', #33, 1.000000000000000888 ) ;
#1296 = CARTESIAN_POINT ( 'NONE',  ( -28.00000000000000711, -18.00000000000000355, 15.26032778078668528 ) ) ;
#1297 = EDGE_CURVE ( 'NONE', #6032, #1849, #1175, .T. ) ;
#1298 = CARTESIAN_POINT ( 'NONE',  ( 27.99999999999999289, -13.99999999999999467, 20.00000000000000000 ) ) ;
#1299 = CARTESIAN_POINT ( 'NONE',  ( 27.64644571656655714, 15.68824636378126414, 16.02847134076346336 ) ) ;
#1300 = CARTESIAN_POINT ( 'NONE',  ( 31.50000000000000000, 15.29999999999999716, -1.504559302108259722 ) ) ;
#1301 = CARTESIAN_POINT ( 'NONE',  ( 21.20000000000000639, 15.49999999999999822, 18.47251272689750579 ) ) ;
#1302 = ORIENTED_EDGE ( 'NONE', *, *, #3095, .F. ) ;
#1303 = CYLINDRICAL_SURFACE ( 'NONE', #1990, 0.7999999999999986011 ) ;
#1304 = CARTESIAN_POINT ( 'NONE',  ( 27.04127574360525799, 21.77347216299603616, -0.5974072499446568818 ) ) ;
#1305 = DIRECTION ( 'NONE',  ( 0.000000000000000000, -0.000000000000000000, 1.000000000000000000 ) ) ;
#1306 = ORIENTED_EDGE ( 'NONE', *, *, #1451, .T. ) ;
#1307 = EDGE_CURVE ( 'NONE', #3551, #475, #4713, .T. ) ;
#1308 = CYLINDRICAL_SURFACE ( 'NONE', #320, 4.000000000000000000 ) ;
#1309 = AXIS2_PLACEMENT_3D ( 'NONE', #1797, #5140, #6063 ) ;
#1310 = CARTESIAN_POINT ( 'NONE',  ( -28.00000000000000711, -18.00000000000000355, 20.00000000000000000 ) ) ;
#1311 = EDGE_LOOP ( 'NONE', ( #1686, #5041, #2294, #2891 ) ) ;
#1312 = CARTESIAN_POINT ( 'NONE',  ( -27.64644571656571870, 15.68824636378142934, 16.02847134076437285 ) ) ;
#1313 = AXIS2_PLACEMENT_3D ( 'NONE', #5325, #955, #2418 ) ;
#1314 = DIRECTION ( 'NONE',  ( -0.000000000000000000, 1.000000000000000000, -0.000000000000000000 ) ) ;
#1315 = ORIENTED_EDGE ( 'NONE', *, *, #2595, .T. ) ;
#1316 = CIRCLE ( 'NONE', #6110, 1.000000000000000444 ) ;
#1317 = CARTESIAN_POINT ( 'NONE',  ( -28.78555798664699594, 15.13381222059355302, -0.05328815252450778972 ) ) ;
#1318 = AXIS2_PLACEMENT_3D ( 'NONE', #1639, #4083, #2122 ) ;
#1319 = CARTESIAN_POINT ( 'NONE',  ( 26.16751239701738641, -15.25653725914104264, -0.5722413723756339943 ) ) ;
#1320 = CARTESIAN_POINT ( 'NONE',  ( 27.99999999999504396, 14.34615758900512006, 15.78098334236054967 ) ) ;
#1321 = CARTESIAN_POINT ( 'NONE',  ( -25.24975369922732682, 16.17133967147497486, -0.4851418008852373953 ) ) ;
#1322 = CYLINDRICAL_SURFACE ( 'NONE', #5099, 1.749999999999999778 ) ;
#1323 = AXIS2_PLACEMENT_3D ( 'NONE', #5125, #5146, #6125 ) ;
#1324 = DIRECTION ( 'NONE',  ( -0.000000000000000000, -0.000000000000000000, 1.000000000000000000 ) ) ;
#1325 = DIRECTION ( 'NONE',  ( 0.000000000000000000, 0.000000000000000000, 1.000000000000000000 ) ) ;
#1326 = CIRCLE ( 'NONE', #3054, 1.100000000000000311 ) ;
#1327 = CARTESIAN_POINT ( 'NONE',  ( -21.20000000000000995, 15.76846996048402261, 18.47251272689751289 ) ) ;
#1328 = CARTESIAN_POINT ( 'NONE',  ( -31.41211434067728447, -16.11333445124881791, -1.498424147102141779 ) ) ;
#1329 = PLANE ( 'NONE',  #1665 ) ;
#1330 = LINE ( 'NONE', #1028, #293 ) ;
#1331 = CARTESIAN_POINT ( 'NONE',  ( 27.37306563981775653, 16.15452654162909596, 0.06784612555206166740 ) ) ;
#1332 = EDGE_CURVE ( 'NONE', #4686, #4600, #4934, .T. ) ;
#1333 = ORIENTED_EDGE ( 'NONE', *, *, #5235, .T. ) ;
#1334 = ORIENTED_EDGE ( 'NONE', *, *, #3311, .F. ) ;
#1335 = CARTESIAN_POINT ( 'NONE',  ( -14.09000000000000341, -17.40000000000000213, 8.650000000000002132 ) ) ;
#1336 = CARTESIAN_POINT ( 'NONE',  ( -24.32699207995701585, 16.48385001876821576, -0.4013074748211917786 ) ) ;
#1337 = CARTESIAN_POINT ( 'NONE',  ( -25.10734456976019047, -16.24726328236088335, -0.4719528715679868203 ) ) ;
#1338 = PLANE ( 'NONE',  #4401 ) ;
#1339 = ORIENTED_EDGE ( 'NONE', *, *, #5202, .T. ) ;
#1340 = EDGE_CURVE ( 'NONE', #954, #3299, #288, .T. ) ;
#1341 = CARTESIAN_POINT ( 'NONE',  ( 26.82683030591648787, 21.82742763890307103, -0.5812515244919290724 ) ) ;
#1342 = DIRECTION ( 'NONE',  ( -0.000000000000000000, -0.000000000000000000, 1.000000000000000000 ) ) ;
#1343 = VERTEX_POINT ( 'NONE', #565 ) ;
#1344 = EDGE_LOOP ( 'NONE', ( #866, #4657, #5261, #2003 ) ) ;
#1345 = DIRECTION ( 'NONE',  ( -1.000000000000000000, -1.259708424309935542E-16, 0.000000000000000000 ) ) ;
#1346 = EDGE_LOOP ( 'NONE', ( #1837, #1152, #4138, #3766 ) ) ;
#1347 = AXIS2_PLACEMENT_3D ( 'NONE', #5709, #4732, #1036 ) ;
#1348 = ORIENTED_EDGE ( 'NONE', *, *, #5253, .F. ) ;
#1349 = CARTESIAN_POINT ( 'NONE',  ( -26.50000000000000711, 13.99999999999999289, 15.00000000000000355 ) ) ;
#1350 = APPROVAL_DATE_TIME ( #2607, #4630 ) ;
#1351 = CARTESIAN_POINT ( 'NONE',  ( -24.00000000000000711, -13.99999999999999822, 20.00000000000000000 ) ) ;
#1352 = CARTESIAN_POINT ( 'NONE',  ( 26.07918538982359635, 16.61044083439516328, 17.12555356948354657 ) ) ;
#1353 = CARTESIAN_POINT ( 'NONE',  ( -25.25248603287403526, -16.16984851377993948, -0.4853950875953347843 ) ) ;
#1354 = ORIENTED_EDGE ( 'NONE', *, *, #2642, .T. ) ;
#1355 = VECTOR ( 'NONE', #974, 1000.000000000000000 ) ;
#1356 = CARTESIAN_POINT ( 'NONE',  ( -24.00000000000001066, -18.00000000000000355, 1.331918172698745462 ) ) ;
#1357 = CARTESIAN_POINT ( 'NONE',  ( 27.99999999999999289, -13.99999999999999467, 0.9317754462390137604 ) ) ;
#1358 = CARTESIAN_POINT ( 'NONE',  ( 26.64184417912231950, -17.01473416785386306, 1.076241479491576447 ) ) ;
#1359 = ORIENTED_EDGE ( 'NONE', *, *, #2866, .T. ) ;
#1360 = CARTESIAN_POINT ( 'NONE',  ( -28.24423784074347665, -16.50641186259631610, -0.006501548066165644367 ) ) ;
#1361 = CARTESIAN_POINT ( 'NONE',  ( -31.82854090652240231, -16.82180596237534331, -0.9894041126720044543 ) ) ;
#1362 = EDGE_CURVE ( 'NONE', #5549, #4233, #5615, .T. ) ;
#1363 = DIRECTION ( 'NONE',  ( 1.000000000000000000, 1.239088197126290817E-16, 0.000000000000000000 ) ) ;
#1364 = B_SPLINE_CURVE_WITH_KNOTS ( 'NONE', 3,
 ( #103, #1536, #4911, #2017, #2994, #145 ),
 .UNSPECIFIED., .F., .F.,
 ( 4, 2, 4 ),
 ( 2.490521657633625332E-16, 0.0009256646409277436913, 0.001851329281855238450 ),
 .UNSPECIFIED. ) ;
#1365 = VERTEX_POINT ( 'NONE', #5959 ) ;
#1366 = CARTESIAN_POINT ( 'NONE',  ( -27.77888779497335392, 15.36352226982245028, 15.93576188587856102 ) ) ;
#1367 = TOROIDAL_SURFACE ( 'NONE', #4572, 330.5000000000000000, 0.5000000000000000000 ) ;
#1368 = CARTESIAN_POINT ( 'NONE',  ( -24.35578124001252576, 16.98059012368733889, -0.8999655340491102828 ) ) ;
#1369 = VERTEX_POINT ( 'NONE', #2554 ) ;
#1370 = LINE ( 'NONE', #6112, #856 ) ;
#1371 = EDGE_CURVE ( 'NONE', #43, #5102, #5361, .T. ) ;
#1372 = CARTESIAN_POINT ( 'NONE',  ( 31.65199178654684431, -17.44249964087901006, -0.3156314698995879575 ) ) ;
#1373 = VERTEX_POINT ( 'NONE', #3939 ) ;
#1374 = ORIENTED_EDGE ( 'NONE', *, *, #4148, .F. ) ;
#1375 = CARTESIAN_POINT ( 'NONE',  ( -18.58999999999999986, -18.00000000000000355, 8.650000000000002132 ) ) ;
#1376 = CIRCLE ( 'NONE', #5792, 330.6999999999999318 ) ;
#1377 = PLANE ( 'NONE',  #583 ) ;
#1378 = CARTESIAN_POINT ( 'NONE',  ( -25.94220357919835607, -17.50742416078115582, 0.1828572445409237246 ) ) ;
#1379 = EDGE_CURVE ( 'NONE', #4928, #2708, #6197, .T. ) ;
#1380 = DIRECTION ( 'NONE',  ( -0.4350336558140394660, 0.000000000000000000, 0.9004141926408490981 ) ) ;
#1381 = VERTEX_POINT ( 'NONE', #3437 ) ;
#1382 = DIRECTION ( 'NONE',  ( -1.000000000000000000, 0.000000000000000000, 0.000000000000000000 ) ) ;
#1383 = LINE ( 'NONE', #5433, #3108 ) ;
#1384 = AXIS2_PLACEMENT_3D ( 'NONE', #3709, #4670, #1857 ) ;
#1385 = CARTESIAN_POINT ( 'NONE',  ( 20.86955553836180854, 16.50000000000000000, 16.50000000000000000 ) ) ;
#1386 = TOROIDAL_SURFACE ( 'NONE', #4768, 330.6999999999999318, 0.5000000000000000000 ) ;
#1387 = DIRECTION ( 'NONE',  ( -1.000000000000000000, 0.000000000000000000, -0.000000000000000000 ) ) ;
#1388 = CARTESIAN_POINT ( 'NONE',  ( 26.49999999999999289, -17.99999999999999645, 6.250000000000000000 ) ) ;
#1389 = DIRECTION ( 'NONE',  ( 0.000000000000000000, 0.000000000000000000, 1.000000000000000000 ) ) ;
#1390 = CC_DESIGN_APPROVAL ( #3198, ( #3304 ) ) ;
#1391 = CARTESIAN_POINT ( 'NONE',  ( 26.49999999999999289, 14.00000000000000000, -1.065413436406366987 ) ) ;
#1392 = VECTOR ( 'NONE', #2956, 1000.000000000000000 ) ;
#1393 = EDGE_CURVE ( 'NONE', #4730, #5330, #4105, .T. ) ;
#1394 = ORIENTED_EDGE ( 'NONE', *, *, #4827, .T. ) ;
#1395 = CARTESIAN_POINT ( 'NONE',  ( -25.70877659478312438, -17.62681034419322401, 0.2010564780567659915 ) ) ;
#1396 = CARTESIAN_POINT ( 'NONE',  ( -25.30000000000000071, -22.00000000000000000, -330.0000000000000000 ) ) ;
#1397 = ORIENTED_EDGE ( 'NONE', *, *, #3895, .T. ) ;
#1398 = CARTESIAN_POINT ( 'NONE',  ( 26.43493836743881431, 17.18421124754392793, 1.097499176538405230 ) ) ;
#1399 = DIRECTION ( 'NONE',  ( -0.07650438463864539518, 0.000000000000000000, 0.9970692449028113469 ) ) ;
#1400 = B_SPLINE_CURVE_WITH_KNOTS ( 'NONE', 3,
 ( #1799, #6088, #4164, #871, #5179, #1286, #357, #18, #4284, #2796, #1405, #1888, #6218, #857, #2286, #4224, #5796, #1467, #4837, #3816, #1429, #16 ),
 .UNSPECIFIED., .F., .F.,
 ( 4, 2, 2, 2, 2, 2, 2, 2, 2, 2, 4 ),
 ( 0.000000000000000000, 0.001224013076734578901, 0.002448026153469157803, 0.003060032691836449530, 0.003672039230203741258, 0.004896052306938332953, 0.006120065383672925081, 0.007344078460407517210, 0.007956084998774815009, 0.008568091537142113676, 0.009792104613876705804 ),
 .UNSPECIFIED. ) ;
#1401 = ORIENTED_EDGE ( 'NONE', *, *, #15, .F. ) ;
#1402 = CARTESIAN_POINT ( 'NONE',  ( 24.29435991772305670, -17.99999999999999289, 17.11220285464322899 ) ) ;
#1403 = EDGE_LOOP ( 'NONE', ( #2309, #3236, #5106, #1494 ) ) ;
#1404 = EDGE_CURVE ( 'NONE', #1828, #5761, #5383, .T. ) ;
#1405 = CARTESIAN_POINT ( 'NONE',  ( -30.00890275084053727, -19.40539042391282720, -0.1621783109122721944 ) ) ;
#1406 = DIRECTION ( 'NONE',  ( -1.000000000000000000, 0.000000000000000000, 0.000000000000000000 ) ) ;
#1407 = CARTESIAN_POINT ( 'NONE',  ( -21.58658874456589771, -12.21317910349043778, 18.37034353870271985 ) ) ;
#1408 = ORIENTED_EDGE ( 'NONE', *, *, #2430, .F. ) ;
#1409 = CARTESIAN_POINT ( 'NONE',  ( 25.65052664947744532, -15.88476327032232938, -0.5227230087303956774 ) ) ;
#1410 = CARTESIAN_POINT ( 'NONE',  ( -25.94132693811422641, 16.26171592393859555, -1.021175772659106640 ) ) ;
#1411 = CARTESIAN_POINT ( 'NONE',  ( -25.88193987355032277, -15.65374042914931252, -0.5447382678219319097 ) ) ;
#1412 = CARTESIAN_POINT ( 'NONE',  ( 27.99999999811754847, -14.26982046208804533, 0.01557451768758299528 ) ) ;
#1413 = CARTESIAN_POINT ( 'NONE',  ( 23.50000000000000355, -11.20000000000000284, 17.10000000000000497 ) ) ;
#1414 = ORIENTED_EDGE ( 'NONE', *, *, #5939, .T. ) ;
#1415 = EDGE_CURVE ( 'NONE', #4646, #3275, #2416, .T. ) ;
#1416 = CARTESIAN_POINT ( 'NONE',  ( -18.58999999999999986, -15.00000000000000355, 8.650000000000002132 ) ) ;
#1417 = ADVANCED_FACE ( 'NONE', ( #2797 ), #3183, .F. ) ;
#1418 = AXIS2_PLACEMENT_3D ( 'NONE', #4373, #4864, #515 ) ;
#1419 = CARTESIAN_POINT ( 'NONE',  ( 27.99999999999999289, 18.00000000000000355, 20.00000000000000000 ) ) ;
#1420 = CARTESIAN_POINT ( 'NONE',  ( -26.00049761128252612, -17.47363432581269649, 1.141406714522185561 ) ) ;
#1421 = CARTESIAN_POINT ( 'NONE',  ( -28.00000000000000711, -14.00000000000000178, 20.00000000000000000 ) ) ;
#1422 = CARTESIAN_POINT ( 'NONE',  ( -25.30000000000000071, -22.00000000000000355, -0.4697889418938407946 ) ) ;
#1423 = CARTESIAN_POINT ( 'NONE',  ( 25.70877659478136579, 17.62681034419437154, 0.2010564780480169900 ) ) ;
#1424 = ORIENTED_EDGE ( 'NONE', *, *, #1614, .F. ) ;
#1425 = AXIS2_PLACEMENT_3D ( 'NONE', #851, #2227, #873 ) ;
#1426 = TOROIDAL_SURFACE ( 'NONE', #2782, 9.000000000000001776, 1.000000000000000000 ) ;
#1427 = DIRECTION ( 'NONE',  ( 0.000000000000000000, 0.000000000000000000, 1.000000000000000000 ) ) ;
#1428 = AXIS2_PLACEMENT_3D ( 'NONE', #1646, #4508, #1176 ) ;
#1429 = CARTESIAN_POINT ( 'NONE',  ( -25.74745442512097782, -21.49999999999999289, 0.1979361275816073074 ) ) ;
#1430 = CARTESIAN_POINT ( 'NONE',  ( -27.57346234436333532, 13.99999999999999112, 16.07955970130572609 ) ) ;
#1431 = DIRECTION ( 'NONE',  ( -1.000000000000000000, 0.000000000000000000, 0.000000000000000000 ) ) ;
#1432 = ORIENTED_EDGE ( 'NONE', *, *, #1766, .T. ) ;
#1433 = CARTESIAN_POINT ( 'NONE',  ( -25.66114426259150250, -17.63876349037133551, 16.48822704292615526 ) ) ;
#1434 = CIRCLE ( 'NONE', #640, 9.000000000000001776 ) ;
#1435 = CARTESIAN_POINT ( 'NONE',  ( 28.84061784458974387, -20.99231564180625753, -0.5369388446860942077 ) ) ;
#1436 = CARTESIAN_POINT ( 'NONE',  ( 26.24640643564069720, 15.10929056088003719, -0.5799095770130402450 ) ) ;
#1437 = ORIENTED_EDGE ( 'NONE', *, *, #3740, .F. ) ;
#1438 = TOROIDAL_SURFACE ( 'NONE', #2374, 9.000000000000001776, 1.000000000000000000 ) ;
#1439 = DIRECTION ( 'NONE',  ( 0.000000000000000000, 0.000000000000000000, -1.000000000000000000 ) ) ;
#1440 = CARTESIAN_POINT ( 'NONE',  ( -25.67032551947695396, 21.49999999999999645, -0.9996925130476450594 ) ) ;
#1441 = ORIENTED_EDGE ( 'NONE', *, *, #4234, .F. ) ;
#1442 = CARTESIAN_POINT ( 'NONE',  ( -27.66519371012322281, -21.57242311399814838, -0.6450895986364436618 ) ) ;
#1443 = FACE_OUTER_BOUND ( 'NONE', #3643, .T. ) ;
#1444 = EDGE_CURVE ( 'NONE', #5740, #3207, #1763, .T. ) ;
#1445 = B_SPLINE_CURVE_WITH_KNOTS ( 'NONE', 3,
 ( #463, #4721, #2822, #1812, #864, #3799, #6132, #387, #2742, #2803 ),
 .UNSPECIFIED., .F., .F.,
 ( 4, 2, 2, 2, 4 ),
 ( 0.000000000000000000, 0.0003967057529972464964, 0.0007934115059944929927, 0.001190117258991739597, 0.001586823011988985985 ),
 .UNSPECIFIED. ) ;
#1446 = DIRECTION ( 'NONE',  ( -0.000000000000000000, 0.000000000000000000, -1.000000000000000000 ) ) ;
#1447 = LINE ( 'NONE', #1095, #3846 ) ;
#1448 = CARTESIAN_POINT ( 'NONE',  ( -27.53239363613302260, -14.57123797996558601, 16.10830779706694571 ) ) ;
#1449 = CARTESIAN_POINT ( 'NONE',  ( 27.57346234436332111, 15.20942657771416329, 16.07955970130572609 ) ) ;
#1450 = ORIENTED_EDGE ( 'NONE', *, *, #1933, .T. ) ;
#1451 = EDGE_CURVE ( 'NONE', #1268, #4660, #1461, .T. ) ;
#1452 = CARTESIAN_POINT ( 'NONE',  ( -25.86473252998345629, 15.67344239076807888, -1.014963282621955898 ) ) ;
#1453 = CARTESIAN_POINT ( 'NONE',  ( 26.95202089149656643, -21.29037651679372090, 0.1016002167148794683 ) ) ;
#1454 = CIRCLE ( 'NONE', #5062, 330.0000000000000000 ) ;
#1455 = AXIS2_PLACEMENT_3D ( 'NONE', #2105, #1604, #4529 ) ;
#1456 = CARTESIAN_POINT ( 'NONE',  ( 26.48376431553971599, 14.32785120326360229, -0.6031221173715495265 ) ) ;
#1457 = ADVANCED_FACE ( 'NONE', ( #1542 ), #3786, .F. ) ;
#1458 = CARTESIAN_POINT ( 'NONE',  ( -27.00000000000000711, 22.00000000000000000, -0.6047207381380537150 ) ) ;
#1459 = CARTESIAN_POINT ( 'NONE',  ( 27.99999999999999289, -13.99999999999999467, 0.9317754462390137604 ) ) ;
#1460 = CARTESIAN_POINT ( 'NONE',  ( -21.20000000000000639, 13.50000000000000178, 6.399999999999999467 ) ) ;
#1461 = CIRCLE ( 'NONE', #3457, 2.299999999999999822 ) ;
#1462 = CARTESIAN_POINT ( 'NONE',  ( 31.30889003752297839, 18.27176481168110200, -0.7430624025459833248 ) ) ;
#1463 = CARTESIAN_POINT ( 'NONE',  ( -25.70385639919799914, -22.00253043037271539, -1.002266878682626983 ) ) ;
#1464 = VECTOR ( 'NONE', #4813, 1000.000000000000000 ) ;
#1465 = DIRECTION ( 'NONE',  ( 1.239088197126290817E-16, -1.000000000000000000, 0.000000000000000000 ) ) ;
#1466 = CARTESIAN_POINT ( 'NONE',  ( 30.35917404062553615, 19.71406229818130385, -0.1940304153512572294 ) ) ;
#1467 = CARTESIAN_POINT ( 'NONE',  ( -26.93978052308877480, -21.29366609032316759, 0.1025997126707692553 ) ) ;
#1468 = CARTESIAN_POINT ( 'NONE',  ( 0.000000000000000000, 21.50000000000000000, -330.0000000000000000 ) ) ;
#1469 = CARTESIAN_POINT ( 'NONE',  ( -25.05843776403405343, -18.87240512927292357, 0.2507232229443429605 ) ) ;
#1470 = VECTOR ( 'NONE', #5313, 1000.000000000000000 ) ;
#1471 = CARTESIAN_POINT ( 'NONE',  ( 24.29052995264536108, -16.48869342389768278, -0.8951544942875775401 ) ) ;
#1472 = CARTESIAN_POINT ( 'NONE',  ( 8.481329729163025632, -14.39130434782608248, 17.49999999999999645 ) ) ;
#1473 = CARTESIAN_POINT ( 'NONE',  ( 31.32002853648931762, -18.27359650189032081, -0.7440055401269833890 ) ) ;
#1474 = CARTESIAN_POINT ( 'NONE',  ( -28.84116082175982498, -20.99197877268759171, -0.7377337875558960256 ) ) ;
#1475 = VERTEX_POINT ( 'NONE', #4072 ) ;
#1476 = ORIENTED_EDGE ( 'NONE', *, *, #7, .F. ) ;
#1477 = DIRECTION ( 'NONE',  ( 1.239088197126290817E-16, -1.000000000000000000, 0.000000000000000000 ) ) ;
#1478 = CARTESIAN_POINT ( 'NONE',  ( 30.34134713913935855, -19.73459352799304156, -0.8610875335273091569 ) ) ;
#1479 = EDGE_CURVE ( 'NONE', #4326, #1698, #6196, .T. ) ;
#1480 = DIRECTION ( 'NONE',  ( -1.000000000000000000, 0.000000000000000000, 0.000000000000000000 ) ) ;
#1481 = DIRECTION ( 'NONE',  ( -0.000000000000000000, -1.000000000000000000, 0.000000000000000000 ) ) ;
#1482 = CARTESIAN_POINT ( 'NONE',  ( -26.87061673685580487, -21.29037722521464460, -1.095747027153262332 ) ) ;
#1483 = ORIENTED_EDGE ( 'NONE', *, *, #2642, .F. ) ;
#1484 = VERTEX_POINT ( 'NONE', #2134 ) ;
#1485 = CARTESIAN_POINT ( 'NONE',  ( -25.30000000000000071, -22.00000000000000000, -0.4697889418938117068 ) ) ;
#1486 = ADVANCED_FACE ( 'NONE', ( #5164 ), #1672, .F. ) ;
#1487 = EDGE_LOOP ( 'NONE', ( #3267, #5186, #6049, #2026 ) ) ;
#1488 = EDGE_LOOP ( 'NONE', ( #4254, #2935, #19, #4574 ) ) ;
#1489 = EDGE_CURVE ( 'NONE', #75, #2641, #359, .T. ) ;
#1490 = DIRECTION ( 'NONE',  ( -0.8192319205190391473, 0.000000000000000000, 0.5734623443633301010 ) ) ;
#1491 = DIRECTION ( 'NONE',  ( -1.000000000000000000, -1.239088197126290817E-16, 0.000000000000000000 ) ) ;
#1492 = ORIENTED_EDGE ( 'NONE', *, *, #5806, .T. ) ;
#1493 = FACE_OUTER_BOUND ( 'NONE', #1662, .T. ) ;
#1494 = ORIENTED_EDGE ( 'NONE', *, *, #1649, .F. ) ;
#1495 = CARTESIAN_POINT ( 'NONE',  ( 29.11586953669648636, 20.23722415089686777, -0.08210010948287903287 ) ) ;
#1496 = CARTESIAN_POINT ( 'NONE',  ( 28.29734124452052058, -21.29625670759212852, -0.01093547834892384316 ) ) ;
#1497 = CARTESIAN_POINT ( 'NONE',  ( 24.35712562173019080, 16.99999999510596282, -0.8998844689798577434 ) ) ;
#1498 = EDGE_CURVE ( 'NONE', #5299, #3049, #4179, .T. ) ;
#1499 = CARTESIAN_POINT ( 'NONE',  ( -22.70000000000000639, 13.50000000000000355, 17.66000000000001080 ) ) ;
#1500 = AXIS2_PLACEMENT_3D ( 'NONE', #1697, #3605, #3099 ) ;
#1501 = CARTESIAN_POINT ( 'NONE',  ( 27.97397177454308803, -14.52505804669043243, 0.9346311254869774654 ) ) ;
#1502 = CARTESIAN_POINT ( 'NONE',  ( -25.26172465960665292, 21.99999999999999645, -0.9683217876700950244 ) ) ;
#1503 = ORIENTED_EDGE ( 'NONE', *, *, #4379, .T. ) ;
#1504 = DIRECTION ( 'NONE',  ( 0.000000000000000000, 1.000000000000000000, 0.000000000000000000 ) ) ;
#1505 = VECTOR ( 'NONE', #411, 1000.000000000000000 ) ;
#1506 = CARTESIAN_POINT ( 'NONE',  ( -28.00101298495070523, -20.86368197847959749, -1.190062023090284082 ) ) ;
#1507 = AXIS2_PLACEMENT_3D ( 'NONE', #2617, #657, #5008 ) ;
#1508 = ORIENTED_EDGE ( 'NONE', *, *, #5732, .F. ) ;
#1509 = CARTESIAN_POINT ( 'NONE',  ( 27.99999999999999289, 17.00000000000000000, 18.11513975825479505 ) ) ;
#1510 = APPLICATION_CONTEXT ( 'configuration controlled 3d designs of mechanical parts and assemblies' ) ;
#1511 = VECTOR ( 'NONE', #2072, 1000.000000000000000 ) ;
#1512 = DIRECTION ( 'NONE',  ( -0.000000000000000000, -0.000000000000000000, 1.000000000000000000 ) ) ;
#1513 = CARTESIAN_POINT ( 'NONE',  ( -27.15893705594360341, -16.48317551176830165, 15.70188582641634056 ) ) ;
#1514 = EDGE_LOOP ( 'NONE', ( #503, #2192, #4495, #772 ) ) ;
#1515 = CARTESIAN_POINT ( 'NONE',  ( 26.95915279878970594, 13.99999999999999822, -1.103049451090946986 ) ) ;
#1516 = LINE ( 'NONE', #5236, #3006 ) ;
#1517 = CARTESIAN_POINT ( 'NONE',  ( 26.85476289456677534, 21.82085205135744488, 0.1095567667275597207 ) ) ;
#1518 = CARTESIAN_POINT ( 'NONE',  ( 29.43551423893764607, 19.97616113307645591, -0.1105134103223137099 ) ) ;
#1519 = CARTESIAN_POINT ( 'NONE',  ( 25.74772717074008099, -21.49999999879855395, 0.1979152000122840760 ) ) ;
#1520 = CARTESIAN_POINT ( 'NONE',  ( 25.94296680227847673, 16.26027259764621746, -1.021305142193462023 ) ) ;
#1521 = ADVANCED_FACE ( 'NONE', ( #6133 ), #2659, .T. ) ;
#1522 = CIRCLE ( 'NONE', #5996, 1.000000000000000000 ) ;
#1523 = CARTESIAN_POINT ( 'NONE',  ( 27.02927201308807881, -21.77671058972340035, -0.5964995545760216622 ) ) ;
#1524 = DIRECTION ( 'NONE',  ( 0.07261724659606699772, 0.000000000000000000, 0.9973598826385620120 ) ) ;
#1525 = CARTESIAN_POINT ( 'NONE',  ( 20.08469709767365075, 17.00000000000000000, 19.11513975825479505 ) ) ;
#1526 = CARTESIAN_POINT ( 'NONE',  ( -31.50000000000000000, 15.29999999999999716, -1.504559302108255725 ) ) ;
#1527 = ORIENTED_EDGE ( 'NONE', *, *, #1174, .F. ) ;
#1528 = ORIENTED_EDGE ( 'NONE', *, *, #4258, .T. ) ;
#1529 = EDGE_CURVE ( 'NONE', #4928, #6080, #2650, .T. ) ;
#1530 = FACE_OUTER_BOUND ( 'NONE', #3884, .T. ) ;
#1531 = CARTESIAN_POINT ( 'NONE',  ( 24.52291438536424906, 17.97418559079301303, 1.284077614532156408 ) ) ;
#1533 = CARTESIAN_POINT ( 'NONE',  ( -26.91952486012472789, -16.22681461262961378, 16.53731594027275165 ) ) ;
#1532 = DIRECTION ( 'NONE',  ( 0.000000000000000000, 0.000000000000000000, -1.000000000000000000 ) ) ;
#1534 = EDGE_LOOP ( 'NONE', ( #5937, #3248, #5585, #1654, #513 ) ) ;
#1535 = LINE ( 'NONE', #774, #1905 ) ;
#1536 = CARTESIAN_POINT ( 'NONE',  ( 24.29451344729828222, 17.99999999999997868, 17.11214722146940304 ) ) ;
#1537 =( BOUNDED_CURVE ( )  B_SPLINE_CURVE ( 3, ( #3280, #1449, #3819, #3300 ),
 .UNSPECIFIED., .F., .F. ) 
 B_SPLINE_CURVE_WITH_KNOTS ( ( 4, 4 ),
 ( 0.000000000000000000, 1.142539081706220205 ),
 .UNSPECIFIED. ) 
 CURVE ( )  GEOMETRIC_REPRESENTATION_ITEM ( )  RATIONAL_B_SPLINE_CURVE ( ( 1.000000000000000000, 0.8941434746364465003, 0.8941434746364465003, 1.000000000000000000 ) ) 
 REPRESENTATION_ITEM ( '' )  );
#1538 = CARTESIAN_POINT ( 'NONE',  ( 29.11767980814056855, 20.23585314449659478, -0.08225984454567661364 ) ) ;
#1539 = EDGE_CURVE ( 'NONE', #6219, #581, #4473, .T. ) ;
#1540 = DIRECTION ( 'NONE',  ( -0.000000000000000000, -0.000000000000000000, 1.000000000000000000 ) ) ;
#1541 = CARTESIAN_POINT ( 'NONE',  ( 26.56322008483885000, 15.50346286473304858, -1.070817284212004283 ) ) ;
#1542 = FACE_OUTER_BOUND ( 'NONE', #1552, .T. ) ;
#1543 = AXIS2_PLACEMENT_3D ( 'NONE', #6169, #431, #3805 ) ;
#1544 = DIRECTION ( 'NONE',  ( 0.000000000000000000, 1.000000000000000000, 0.000000000000000000 ) ) ;
#1545 = CARTESIAN_POINT ( 'NONE',  ( 27.41160374334788230, -21.66247142857163865, -1.140340907084014477 ) ) ;
#1546 = CARTESIAN_POINT ( 'NONE',  ( 20.08469709767365075, -16.99999999999999289, 9.115139758254795055 ) ) ;
#1547 = CARTESIAN_POINT ( 'NONE',  ( 27.44215709274233816, -21.10624629677345254, -1.142943928259208208 ) ) ;
#1548 = CIRCLE ( 'NONE', #3586, 1.000000000000000888 ) ;
#1549 = CARTESIAN_POINT ( 'NONE',  ( -31.54762624735409915, 15.29999999999999716, -0.3059186485792948496 ) ) ;
#1550 = AXIS2_PLACEMENT_3D ( 'NONE', #2945, #3423, #1081 ) ;
#1551 = ADVANCED_FACE ( 'NONE', ( #1252 ), #1386, .T. ) ;
#1552 = EDGE_LOOP ( 'NONE', ( #4890, #3377, #3005, #1041 ) ) ;
#1553 = AXIS2_PLACEMENT_3D ( 'NONE', #3385, #2901, #533 ) ;
#1554 = PERSON_AND_ORGANIZATION_ROLE ( 'design_owner' ) ;
#1555 = ORIENTED_EDGE ( 'NONE', *, *, #5004, .T. ) ;
#1556 = CARTESIAN_POINT ( 'NONE',  ( 31.40228727556304023, 18.07484115866487429, -0.7511793416594458872 ) ) ;
#1557 = CARTESIAN_POINT ( 'NONE',  ( 28.59571394733024263, -15.76215416934725866, -0.03677617603489589937 ) ) ;
#1558 = ORIENTED_EDGE ( 'NONE', *, *, #4076, .F. ) ;
#1559 = CARTESIAN_POINT ( 'NONE',  ( 26.49999999999999645, -13.99999999999999467, -1.065413436406426273 ) ) ;
#1560 = ORIENTED_EDGE ( 'NONE', *, *, #5622, .F. ) ;
#1561 = CARTESIAN_POINT ( 'NONE',  ( 30.99295632045209814, 17.86936604026470476, -0.2533051509266736612 ) ) ;
#1562 = DIRECTION ( 'NONE',  ( 0.000000000000000000, 0.000000000000000000, 1.000000000000000000 ) ) ;
#1563 = CARTESIAN_POINT ( 'NONE',  ( 24.75133984997617986, 16.92060724211896883, -0.9293367412529331961 ) ) ;
#1564 = ORIENTED_EDGE ( 'NONE', *, *, #5235, .F. ) ;
#1565 = EDGE_LOOP ( 'NONE', ( #710, #6166, #3773, #5907 ) ) ;
#1566 = CARTESIAN_POINT ( 'NONE',  ( -21.90010747597279206, 11.84062217752258839, 18.21992476681906581 ) ) ;
#1567 = CARTESIAN_POINT ( 'NONE',  ( 27.57346234436332466, -13.99999999999999467, 16.07955970130572609 ) ) ;
#1568 = EDGE_CURVE ( 'NONE', #1635, #2011, #1102, .T. ) ;
#1569 = CARTESIAN_POINT ( 'NONE',  ( -31.30888789482515833, 18.27176916628370051, -0.9439393073214320529 ) ) ;
#1570 = DIRECTION ( 'NONE',  ( 0.000000000000000000, -0.000000000000000000, 1.000000000000000000 ) ) ;
#1571 = ORIENTED_EDGE ( 'NONE', *, *, #1693, .F. ) ;
#1572 = TOROIDAL_SURFACE ( 'NONE', #552, 3.600000000000000977, 1.000000000000000000 ) ;
#1573 = CARTESIAN_POINT ( 'NONE',  ( -29.72712142417024594, 20.34790060086134034, -0.6090406628337556860 ) ) ;
#1574 = ORIENTED_EDGE ( 'NONE', *, *, #3626, .T. ) ;
#1575 = DIRECTION ( 'NONE',  ( 1.000000000000000000, 0.000000000000000000, 1.214306433183766070E-14 ) ) ;
#1576 = EDGE_CURVE ( 'NONE', #3207, #5408, #6068, .T. ) ;
#1577 = CARTESIAN_POINT ( 'NONE',  ( -26.90697251554570002, 16.77390604383476003, 15.83416721012469530 ) ) ;
#1578 = FACE_OUTER_BOUND ( 'NONE', #1890, .T. ) ;
#1579 = CARTESIAN_POINT ( 'NONE',  ( 23.99999999999999289, -17.99999999999999645, 1.331918172698749903 ) ) ;
#1580 = CARTESIAN_POINT ( 'NONE',  ( 28.65061583662006939, -15.60830878234249042, -0.04154126950014268294 ) ) ;
#1581 = AXIS2_PLACEMENT_3D ( 'NONE', #5378, #3962, #1985 ) ;
#1582 = CARTESIAN_POINT ( 'NONE',  ( 21.21909340170903846, -13.15890164502702575, 18.46958894014617059 ) ) ;
#1583 = CARTESIAN_POINT ( 'NONE',  ( -30.34186466511094338, -19.73400630114327114, -0.6603045739879535025 ) ) ;
#1584 = ADVANCED_FACE ( 'NONE', ( #2218 ), #2748, .T. ) ;
#1585 = VERTEX_POINT ( 'NONE', #5698 ) ;
#1586 = CIRCLE ( 'NONE', #2032, 3.600000000000002309 ) ;
#1587 = CARTESIAN_POINT ( 'NONE',  ( -21.20000000000000639, 13.50000000000000178, 18.47251272689750934 ) ) ;
#1588 = AXIS2_PLACEMENT_3D ( 'NONE', #597, #3399, #5877 ) ;
#1589 = CARTESIAN_POINT ( 'NONE',  ( 30.90007237533172457, -17.86776795929764106, -1.449864431902036177 ) ) ;
#1590 = CARTESIAN_POINT ( 'NONE',  ( -28.00226903513807741, 20.87416100052534063, -1.190003082433964465 ) ) ;
#1591 = CARTESIAN_POINT ( 'NONE',  ( 31.50000000000000000, 22.00000000000000000, -1.504559302108243291 ) ) ;
#1592 = CARTESIAN_POINT ( 'NONE',  ( -23.23691940586467553, -17.00000000000000000, 19.11513975825479505 ) ) ;
#1593 = EDGE_LOOP ( 'NONE', ( #784, #4668, #2340, #4332 ) ) ;
#1594 = LINE ( 'NONE', #2161, #3837 ) ;
#1595 = CARTESIAN_POINT ( 'NONE',  ( 25.03294984582750971, 17.87306147388503064, 1.236015610876181947 ) ) ;
#1596 = CARTESIAN_POINT ( 'NONE',  ( -23.50000000000000355, -13.50000000000000355, 6.399999999999999467 ) ) ;
#1597 = VECTOR ( 'NONE', #2656, 1000.000000000000000 ) ;
#1598 = CARTESIAN_POINT ( 'NONE',  ( -27.97293262604885555, 14.53528811106881058, 0.01785912206190566620 ) ) ;
#1599 = CARTESIAN_POINT ( 'NONE',  ( 26.49999999999999289, -3.219999999999995310, 9.810000000000000497 ) ) ;
#1600 = CARTESIAN_POINT ( 'NONE',  ( 28.40698440404601754, -16.21870025857619169, -0.02045663536148633124 ) ) ;
#1601 = DIRECTION ( 'NONE',  ( -0.000000000000000000, -0.000000000000000000, 1.000000000000000000 ) ) ;
#1602 = CYLINDRICAL_SURFACE ( 'NONE', #3150, 0.5000000000000000000 ) ;
#1603 = EDGE_CURVE ( 'NONE', #5466, #6106, #3482, .T. ) ;
#1604 = DIRECTION ( 'NONE',  ( -1.239088197126290817E-16, 1.000000000000000000, 0.000000000000000000 ) ) ;
#1605 = ORIENTED_EDGE ( 'NONE', *, *, #4267, .T. ) ;
#1606 = CARTESIAN_POINT ( 'NONE',  ( 26.70000000000000995, -11.20000000000000462, 6.399999999999999467 ) ) ;
#1607 = ORIENTED_EDGE ( 'NONE', *, *, #4798, .T. ) ;
#1608 = CARTESIAN_POINT ( 'NONE',  ( 31.39361215250178461, -18.09402241711394055, -1.496280057903499161 ) ) ;
#1609 = CARTESIAN_POINT ( 'NONE',  ( -30.51616839843540063, 18.58459764240841139, -1.413974107909070632 ) ) ;
#1610 = CIRCLE ( 'NONE', #2807, 1.749999999999999778 ) ;
#1611 = DIRECTION ( 'NONE',  ( 0.000000000000000000, 0.000000000000000000, -1.000000000000000000 ) ) ;
#1612 = CARTESIAN_POINT ( 'NONE',  ( -16.83999999999999986, -15.00000000000000355, 8.650000000000002132 ) ) ;
#1613 = CARTESIAN_POINT ( 'NONE',  ( -28.68139133196683233, 21.08835218938202516, -0.04407606694734125113 ) ) ;
#1614 = EDGE_CURVE ( 'NONE', #5524, #5549, #4777, .T. ) ;
#1615 = ADVANCED_FACE ( 'NONE', ( #5918 ), #3180, .F. ) ;
#1616 = CARTESIAN_POINT ( 'NONE',  ( 27.00897177089219170, 16.64841281174943788, 1.038077276323868592 ) ) ;
#1618 = CARTESIAN_POINT ( 'NONE',  ( -25.66114426259150250, 17.63876349037132485, 16.48822704292614816 ) ) ;
#1617 = CARTESIAN_POINT ( 'NONE',  ( 25.79313151683315652, 16.38366619951868230, -1.009511849868298672 ) ) ;
#1619 = VECTOR ( 'NONE', #5454, 1000.000000000000000 ) ;
#1620 = EDGE_CURVE ( 'NONE', #1814, #4487, #3647, .T. ) ;
#1621 = CARTESIAN_POINT ( 'NONE',  ( 31.50000000000000000, 15.29999999999999716, -1.004559302108259722 ) ) ;
#1622 = CARTESIAN_POINT ( 'NONE',  ( 12.06000000000000405, -13.99999999999999822, 19.11513975825479505 ) ) ;
#1623 = AXIS2_PLACEMENT_3D ( 'NONE', #6085, #2689, #770 ) ;
#1624 = CARTESIAN_POINT ( 'NONE',  ( 0.000000000000000000, 22.00000000000000000, 0.5000000000000004441 ) ) ;
#1625 = AXIS2_PLACEMENT_3D ( 'NONE', #4336, #5746, #1901 ) ;
#1626 = CARTESIAN_POINT ( 'NONE',  ( 27.99999999999999289, 14.00000000000000533, 20.00000000000000000 ) ) ;
#1627 = CARTESIAN_POINT ( 'NONE',  ( 31.08866786136446692, -18.68092044942127572, -1.467314504353809168 ) ) ;
#1628 = CARTESIAN_POINT ( 'NONE',  ( -31.77954160003411488, 17.06180373174941067, -1.533335624929081931 ) ) ;
#1629 = CARTESIAN_POINT ( 'NONE',  ( 24.00000000000025580, 17.00000000000000000, 17.21886749202231925 ) ) ;
#1630 = CARTESIAN_POINT ( 'NONE',  ( -31.22056212491430927, 17.29608969910204053, -0.2747809932736576255 ) ) ;
#1631 = CARTESIAN_POINT ( 'NONE',  ( -27.70031802903573848, 21.55917798528732732, 0.03969752540234289945 ) ) ;
#1632 = ORIENTED_EDGE ( 'NONE', *, *, #5246, .T. ) ;
#1633 = EDGE_LOOP ( 'NONE', ( #1560, #4905, #3581, #1713 ) ) ;
#1634 = AXIS2_PLACEMENT_3D ( 'NONE', #3077, #4568, #2142 ) ;
#1635 = VERTEX_POINT ( 'NONE', #2780 ) ;
#1637 = CARTESIAN_POINT ( 'NONE',  ( -28.00000000000000711, 13.99999999999999112, 15.26032778078668350 ) ) ;
#1636 = CARTESIAN_POINT ( 'NONE',  ( -21.20000000000000639, 16.37886339802220448, 17.95780782437593004 ) ) ;
#1638 = CARTESIAN_POINT ( 'NONE',  ( -27.89362521973347242, 14.92612063187945104, 0.02452526146143076471 ) ) ;
#1639 = CARTESIAN_POINT ( 'NONE',  ( -25.30000000000000071, -15.30000000000000071, -1.555179672444835681 ) ) ;
#1640 = ORIENTED_EDGE ( 'NONE', *, *, #4556, .T. ) ;
#1641 = VERTEX_POINT ( 'NONE', #799 ) ;
#1642 = CARTESIAN_POINT ( 'NONE',  ( -26.50000000000000711, 11.20000000000000462, 20.00000000000000000 ) ) ;
#1643 = CARTESIAN_POINT ( 'NONE',  ( 16.63274534606947697, -14.49999999999999467, 17.49999999999999645 ) ) ;
#1644 = ADVANCED_FACE ( 'NONE', ( #2491 ), #1840, .T. ) ;
#1645 = VERTEX_POINT ( 'NONE', #1811 ) ;
#1646 = CARTESIAN_POINT ( 'NONE',  ( -26.70000000000000995, 11.20000000000000462, 6.399999999999999467 ) ) ;
#1647 = VECTOR ( 'NONE', #1504, 1000.000000000000000 ) ;
#1648 = CARTESIAN_POINT ( 'NONE',  ( -25.66114426259150250, 17.63876349037132485, 16.48822704292614816 ) ) ;
#1649 = EDGE_CURVE ( 'NONE', #3778, #5481, #2863, .T. ) ;
#1650 = CARTESIAN_POINT ( 'NONE',  ( -31.29870199078504100, 18.29247798130930036, -1.487230517198368629 ) ) ;
#1651 = DIRECTION ( 'NONE',  ( -1.000000000000000000, 0.000000000000000000, 0.000000000000000000 ) ) ;
#1652 = CARTESIAN_POINT ( 'NONE',  ( 23.99999999999999289, -13.99999999999999289, 20.00000000000000000 ) ) ;
#1653 = ADVANCED_BREP_SHAPE_REPRESENTATION ( '03001塑壳2', ( #86, #331 ), #2993 ) ;
#1654 = ORIENTED_EDGE ( 'NONE', *, *, #3895, .F. ) ;
#1655 = LINE ( 'NONE', #1296, #1145 ) ;
#1657 = DIRECTION ( 'NONE',  ( 1.000000000000000000, 0.000000000000000000, 0.000000000000000000 ) ) ;
#1656 = CARTESIAN_POINT ( 'NONE',  ( 23.96369137670195926, 17.00000000000000000, -0.8712387292745539247 ) ) ;
#1658 = EDGE_CURVE ( 'NONE', #3012, #2440, #281, .T. ) ;
#1659 = CARTESIAN_POINT ( 'NONE',  ( -24.44933043719297672, 18.00944360849398151, 0.2967509833143301412 ) ) ;
#1660 = AXIS2_PLACEMENT_3D ( 'NONE', #690, #1667, #2571 ) ;
#1661 = CARTESIAN_POINT ( 'NONE',  ( 24.43503365581403131, 18.00000000000000000, 18.11928168466328870 ) ) ;
#1662 = EDGE_LOOP ( 'NONE', ( #4453, #1172, #3334, #4066 ) ) ;
#1663 = CIRCLE ( 'NONE', #4241, 1.000000000000000444 ) ;
#1664 = CARTESIAN_POINT ( 'NONE',  ( 23.99999999999999289, 16.50000000000000000, -0.3725587879552724746 ) ) ;
#1665 = AXIS2_PLACEMENT_3D ( 'NONE', #1310, #6105, #398 ) ;
#1666 = CARTESIAN_POINT ( 'NONE',  ( -26.56370634729702118, -15.50261122521278523, -1.070856583595733547 ) ) ;
#1667 = DIRECTION ( 'NONE',  ( -0.000000000000000000, -0.000000000000000000, 1.000000000000000000 ) ) ;
#1668 = ORIENTED_EDGE ( 'NONE', *, *, #489, .F. ) ;
#1669 = CARTESIAN_POINT ( 'NONE',  ( -16.83999999999999986, -17.40000000000000213, 8.650000000000002132 ) ) ;
#1670 = CIRCLE ( 'NONE', #5218, 1.000000000000000888 ) ;
#1671 = CARTESIAN_POINT ( 'NONE',  ( -22.01648022708848629, 11.74239677874085253, 18.13846384103808163 ) ) ;
#1672 = PLANE ( 'NONE',  #5293 ) ;
#1673 = CARTESIAN_POINT ( 'NONE',  ( -30.91744756677212536, 18.05168631541438273, -0.2461887961308104056 ) ) ;
#1674 = ORIENTED_EDGE ( 'NONE', *, *, #5495, .T. ) ;
#1675 = LINE ( 'NONE', #2367, #1754 ) ;
#1676 = CARTESIAN_POINT ( 'NONE',  ( 30.18407846498546476, 19.08168941054248791, -1.383243912969301492 ) ) ;
#1677 = ADVANCED_FACE ( 'NONE', ( #3316 ), #1760, .T. ) ;
#1678 = CARTESIAN_POINT ( 'NONE',  ( 31.54762624617698918, 15.71012667643846861, -0.3059186484666867600 ) ) ;
#1679 = ORIENTED_EDGE ( 'NONE', *, *, #1539, .T. ) ;
#1680 = CARTESIAN_POINT ( 'NONE',  ( 25.98757468271409010, 15.52520669097130046, -0.5548771027378105458 ) ) ;
#1681 = EDGE_LOOP ( 'NONE', ( #5604, #1605, #1334, #4432, #6084, #1280 ) ) ;
#1682 = CARTESIAN_POINT ( 'NONE',  ( -27.18078427010202702, 16.43945767410565395, 1.019965737388038862 ) ) ;
#1683 = VECTOR ( 'NONE', #1104, 1000.000000000000000 ) ;
#1684 = DIRECTION ( 'NONE',  ( -1.000000000000000000, 0.000000000000000000, 0.000000000000000000 ) ) ;
#1685 = CARTESIAN_POINT ( 'NONE',  ( -26.94089589046032884, -21.29337335408076726, 0.1025087537663327969 ) ) ;
#1686 = ORIENTED_EDGE ( 'NONE', *, *, #5938, .T. ) ;
#1687 = EDGE_CURVE ( 'NONE', #5264, #2300, #4775, .T. ) ;
#1688 = FACE_OUTER_BOUND ( 'NONE', #2179, .T. ) ;
#1689 = DIRECTION ( 'NONE',  ( 0.000000000000000000, 0.000000000000000000, 1.000000000000000000 ) ) ;
#1690 = DIRECTION ( 'NONE',  ( 0.000000000000000000, 0.000000000000000000, -1.000000000000000000 ) ) ;
#1691 = CARTESIAN_POINT ( 'NONE',  ( -31.50721154231283450, 16.11394240325365601, -0.3020443775166330447 ) ) ;
#1692 = CARTESIAN_POINT ( 'NONE',  ( -29.38948709867125686, 20.62539422196323002, -0.5812559470003727524 ) ) ;
#1693 = EDGE_CURVE ( 'NONE', #742, #724, #1610, .T. ) ;
#1694 = CARTESIAN_POINT ( 'NONE',  ( 31.82591501751970142, 16.83329641760425588, -1.537827784392053365 ) ) ;
#1695 = B_SPLINE_CURVE_WITH_KNOTS ( 'NONE', 3,
 ( #1847, #969, #4815, #5222, #1402, #2322 ),
 .UNSPECIFIED., .F., .F.,
 ( 4, 2, 4 ),
 ( 0.000000000000000000, 0.0009257708456852060215, 0.001851541691370412043 ),
 .UNSPECIFIED. ) ;
#1696 = LINE ( 'NONE', #3800, #437 ) ;
#1697 = CARTESIAN_POINT ( 'NONE',  ( 23.50000000000000355, -13.50000000000000355, 6.399999999999999467 ) ) ;
#1698 = VERTEX_POINT ( 'NONE', #425 ) ;
#1699 = ORIENTED_EDGE ( 'NONE', *, *, #2005, .T. ) ;
#1700 = EDGE_CURVE ( 'NONE', #1484, #1143, #4930, .T. ) ;
#1701 = CARTESIAN_POINT ( 'NONE',  ( -30.98679604088584938, -18.84947890747480059, -0.7152566778496892708 ) ) ;
#1702 = CARTESIAN_POINT ( 'NONE',  ( -28.00000000000000711, -14.26477840451905799, 0.9317754462390127612 ) ) ;
#1703 = ADVANCED_FACE ( 'NONE', ( #2214 ), #4312, .T. ) ;
#1704 = EDGE_LOOP ( 'NONE', ( #1254, #3728, #5107, #215 ) ) ;
#1705 = CARTESIAN_POINT ( 'NONE',  ( -27.89397596770295706, 17.04640787978485150, 0.02333097619834327216 ) ) ;
#1706 = VERTEX_POINT ( 'NONE', #2458 ) ;
#1707 = CARTESIAN_POINT ( 'NONE',  ( 27.18078427010253861, -16.43945767410486880, 1.019965737397125149 ) ) ;
#1708 = CARTESIAN_POINT ( 'NONE',  ( -25.30000000000000071, 21.50000000000000000, -0.2692007106404050720 ) ) ;
#1709 = CARTESIAN_POINT ( 'NONE',  ( -27.12808335434852580, -16.96908615017281718, 15.71808401975371616 ) ) ;
#1710 = CARTESIAN_POINT ( 'NONE',  ( -31.45234493192133129, -15.30000000000000071, -1.502283115569502003 ) ) ;
#1711 = CARTESIAN_POINT ( 'NONE',  ( -24.00000000000001066, -14.00000000000000178, 20.00000000000000000 ) ) ;
#1712 = ORIENTED_EDGE ( 'NONE', *, *, #7, .T. ) ;
#1713 = ORIENTED_EDGE ( 'NONE', *, *, #4641, .F. ) ;
#1714 = CARTESIAN_POINT ( 'NONE',  ( 30.34439385065483208, 19.73111509507491235, -0.8613444708755677581 ) ) ;
#1715 = DIRECTION ( 'NONE',  ( 1.000000000000000000, -0.000000000000000000, -0.000000000000000000 ) ) ;
#1716 = CC_DESIGN_PERSON_AND_ORGANIZATION_ASSIGNMENT ( #4328, #592, ( #3304 ) ) ;
#1717 = ORIENTED_EDGE ( 'NONE', *, *, #5326, .T. ) ;
#1718 = CARTESIAN_POINT ( 'NONE',  ( 17.99999999999999645, 3.220000000000008633, 7.650000000000000355 ) ) ;
#1719 = CARTESIAN_POINT ( 'NONE',  ( -25.79225955266706549, -16.38433322530120861, -1.009443489149799644 ) ) ;
#1720 = EDGE_CURVE ( 'NONE', #6154, #3964, #1249, .T. ) ;
#1721 = CARTESIAN_POINT ( 'NONE',  ( 22.70000000000000639, 13.50000000000000355, 17.66000000000000725 ) ) ;
#1722 = ORIENTED_EDGE ( 'NONE', *, *, #5059, .T. ) ;
#1723 = CARTESIAN_POINT ( 'NONE',  ( -31.11189553335051983, -18.64066394067224408, -0.2642576833105322320 ) ) ;
#1724 = CARTESIAN_POINT ( 'NONE',  ( -25.02792532251996249, 17.90225109431998618, 17.81447604932067463 ) ) ;
#1725 = VECTOR ( 'NONE', #800, 1000.000000000000000 ) ;
#1726 =( BOUNDED_SURFACE ( )  B_SPLINE_SURFACE ( 3, 2, ( 
 ( #2663, #2155, #3305 ),
 ( #4802, #1412, #4782 ),
 ( #3319, #2394, #5879 ),
 ( #2917, #551, #2499 ),
 ( #5903, #3357, #4458 ),
 ( #1580, #4479, #5922 ),
 ( #3995, #3010, #1130 ),
 ( #1600, #4947, #2061 ),
 ( #5087, #1730, #4113 ),
 ( #1239, #4599, #1707 ),
 ( #5568, #3644, #782 ),
 ( #6053, #4135, #3763 ),
 ( #3557, #2668, #3117 ),
 ( #291, #3624, #5774 ),
 ( #4910, #4368, #5129 ),
 ( #4699, #2526, #175 ),
 ( #649, #3820, #3341 ),
 ( #2084, #1105, #1579 ) ),
 .UNSPECIFIED., .F., .F., .T. ) 
 B_SPLINE_SURFACE_WITH_KNOTS ( ( 4, 2, 2, 2, 2, 2, 2, 2, 4 ),
 ( 3, 3 ),
 ( 0.000000000000000000, 0.0009778685653320303307, 0.001466802847998045604, 0.001955737130664060661, 0.002933605695996091209, 0.003911474261328121323, 0.004889342826660151436, 0.005867211391992182418, 0.007822948522656242645 ),
 ( 0.000000000000000000, 1.000000000000000000 ),
 .UNSPECIFIED. ) 
 GEOMETRIC_REPRESENTATION_ITEM ( )  RATIONAL_B_SPLINE_SURFACE ( (
 ( 1.000000000000000000, 0.7373251688200785914, 1.000000000000000000),
 ( 1.000000000000000000, 0.7373245373245291834, 1.000000000000000000),
 ( 1.000000000000000000, 0.7370992468214865312, 1.000000000000000000),
 ( 1.000000000000000000, 0.7364401447656185873, 1.000000000000000000),
 ( 1.000000000000000000, 0.7361667634197255339, 1.000000000000000000),
 ( 1.000000000000000000, 0.7355121479161768061, 1.000000000000000000),
 ( 1.000000000000000000, 0.7351291984780213840, 1.000000000000000000),
 ( 1.000000000000000000, 0.7338462245670965833, 1.000000000000000000),
 ( 1.000000000000000000, 0.7328074204599422936, 1.000000000000000000),
 ( 1.000000000000000000, 0.7303937051411885095, 1.000000000000000000),
 ( 1.000000000000000000, 0.7290075575871802771, 1.000000000000000000),
 ( 1.000000000000000000, 0.7260440531161352906, 1.000000000000000000),
 ( 1.000000000000000000, 0.7244553613478386112, 1.000000000000000000),
 ( 1.000000000000000000, 0.7210937875957357246, 1.000000000000000000),
 ( 1.000000000000000000, 0.7193480671534047133, 1.000000000000000000),
 ( 1.000000000000000000, 0.7140890037699340054, 1.000000000000000000),
 ( 1.000000000000000000, 0.7104569359197637768, 1.000000000000000000),
 ( 1.000000000000000000, 0.7071067811865475727, 1.000000000000000000) ) ) 
 REPRESENTATION_ITEM ( '' )  SURFACE ( )  );
#1727 = CARTESIAN_POINT ( 'NONE',  ( 26.13750177133747243, 18.49386246282563206, 0.1671737177222612503 ) ) ;
#1728 = CARTESIAN_POINT ( 'NONE',  ( 23.99999999999999289, -13.99999999999999289, 6.399999999999999467 ) ) ;
#1729 = EDGE_CURVE ( 'NONE', #1641, #3451, #4751, .T. ) ;
#1730 = CARTESIAN_POINT ( 'NONE',  ( 27.45125843662009402, -16.03977875755083460, 0.06141581133046215835 ) ) ;
#1731 = CARTESIAN_POINT ( 'NONE',  ( 10.96000000000000441, -13.99999999999999822, 17.00000000000000000 ) ) ;
#1732 = ORIENTED_EDGE ( 'NONE', *, *, #4391, .T. ) ;
#1733 = ORIENTED_EDGE ( 'NONE', *, *, #1742, .T. ) ;
#1734 = DIRECTION ( 'NONE',  ( 0.000000000000000000, 0.000000000000000000, 1.000000000000000000 ) ) ;
#1735 = DIRECTION ( 'NONE',  ( -1.000000000000000000, 0.000000000000000000, 0.000000000000000000 ) ) ;
#1736 = LINE ( 'NONE', #2307, #2257 ) ;
#1737 = CARTESIAN_POINT ( 'NONE',  ( 27.62792622959002031, 21.58647261777496240, -1.158440619653822168 ) ) ;
#1738 = ADVANCED_FACE ( 'NONE', ( #5690 ), #556, .F. ) ;
#1739 = CARTESIAN_POINT ( 'NONE',  ( -15.09000000000000341, -15.00000000000000355, 8.650000000000002132 ) ) ;
#1740 = ORIENTED_EDGE ( 'NONE', *, *, #4305, .T. ) ;
#1741 = CYLINDRICAL_SURFACE ( 'NONE', #5667, 10.00000000000000000 ) ;
#1742 = EDGE_CURVE ( 'NONE', #252, #229, #5230, .T. ) ;
#1743 = CARTESIAN_POINT ( 'NONE',  ( -25.07758065146139259, -16.26197026189268158, -0.9541325261749337150 ) ) ;
#1744 = DIRECTION ( 'NONE',  ( 0.000000000000000000, 1.000000000000000000, 0.000000000000000000 ) ) ;
#1745 = ORIENTED_EDGE ( 'NONE', *, *, #2805, .F. ) ;
#1746 = CARTESIAN_POINT ( 'NONE',  ( -26.21379539228521338, -21.95185762467860258, 0.1612703230297251045 ) ) ;
#1747 = AXIS2_PLACEMENT_3D ( 'NONE', #4216, #5684, #353 ) ;
#1748 = CARTESIAN_POINT ( 'NONE',  ( 23.96369137670195926, 17.00000000000000000, -0.8712387292745539247 ) ) ;
#1749 = LINE ( 'NONE', #899, #4991 ) ;
#1750 = CARTESIAN_POINT ( 'NONE',  ( -25.54021876023780990, 18.74237806619527902, 0.2139118277974913496 ) ) ;
#1751 = ORIENTED_EDGE ( 'NONE', *, *, #5137, .F. ) ;
#1752 = CARTESIAN_POINT ( 'NONE',  ( 26.87323619488025628, 21.30013302598059610, -1.095774141810643032 ) ) ;
#1753 = DIRECTION ( 'NONE',  ( -0.000000000000000000, 1.000000000000000000, -0.000000000000000000 ) ) ;
#1754 = VECTOR ( 'NONE', #134, 1000.000000000000000 ) ;
#1755 = DIRECTION ( 'NONE',  ( 1.000000000000000000, 0.000000000000000000, 0.000000000000000000 ) ) ;
#1756 = CARTESIAN_POINT ( 'NONE',  ( 25.66114426259150605, -17.63876349037132130, 16.48822704292614816 ) ) ;
#1757 = VERTEX_POINT ( 'NONE', #2502 ) ;
#1758 = VERTEX_POINT ( 'NONE', #1064 ) ;
#1759 = CARTESIAN_POINT ( 'NONE',  ( 29.72655465885642556, 20.34839619666300337, -0.8097891163870191145 ) ) ;
#1760 = CYLINDRICAL_SURFACE ( 'NONE', #2486, 0.5000000000000000000 ) ;
#1761 = CARTESIAN_POINT ( 'NONE',  ( -24.57983088039580366, -18.96769259722328727, 0.2868050914324133949 ) ) ;
#1762 = CARTESIAN_POINT ( 'NONE',  ( -25.10785487294295137, -16.24701676603712386, -0.4719999067099852619 ) ) ;
#1763 = LINE ( 'NONE', #1202, #801 ) ;
#1764 = CARTESIAN_POINT ( 'NONE',  ( -31.10122044438370636, -18.65916642001123193, -0.7251071549634620084 ) ) ;
#1765 = DIRECTION ( 'NONE',  ( 0.000000000000000000, 0.000000000000000000, 1.000000000000000000 ) ) ;
#1766 = EDGE_CURVE ( 'NONE', #5563, #1373, #3251, .T. ) ;
#1767 = ADVANCED_FACE ( 'NONE', ( #4553 ), #3392, .T. ) ;
#1768 = FACE_OUTER_BOUND ( 'NONE', #5871, .T. ) ;
#1769 = CARTESIAN_POINT ( 'NONE',  ( -26.42916695537725502, 18.33740681913781856, 0.1439288218654544982 ) ) ;
#1770 = DIRECTION ( 'NONE',  ( 1.224646799147353207E-16, 1.000000000000000000, 0.000000000000000000 ) ) ;
#1771 = CARTESIAN_POINT ( 'NONE',  ( 26.95915279878970594, -13.99999999999999289, -1.103049451090978295 ) ) ;
#1772 = DIRECTION ( 'NONE',  ( 1.239088197126290817E-16, -1.000000000000000000, -0.000000000000000000 ) ) ;
#1773 = DIRECTION ( 'NONE',  ( 5.421010862427514281E-16, -1.000000000000000000, 0.000000000000000000 ) ) ;
#1774 = EDGE_LOOP ( 'NONE', ( #4710, #2232, #833, #3840 ) ) ;
#1775 = LINE ( 'NONE', #3448, #5851 ) ;
#1776 = EDGE_CURVE ( 'NONE', #2774, #519, #490, .T. ) ;
#1777 = CARTESIAN_POINT ( 'NONE',  ( 27.99999999999999289, 3.220000000000008633, 7.650000000000000355 ) ) ;
#1778 = EDGE_LOOP ( 'NONE', ( #3244, #3471, #6025, #2758 ) ) ;
#1779 = DIRECTION ( 'NONE',  ( -0.000000000000000000, -1.000000000000000000, 0.000000000000000000 ) ) ;
#1780 = ORIENTED_EDGE ( 'NONE', *, *, #4505, .T. ) ;
#1781 = CARTESIAN_POINT ( 'NONE',  ( -25.88244288930772896, -15.65316874787898271, -0.5447863922609810228 ) ) ;
#1782 = CARTESIAN_POINT ( 'NONE',  ( 25.21567018376657288, 17.81372250517391720, 0.2388872136883764818 ) ) ;
#1783 = ORIENTED_EDGE ( 'NONE', *, *, #963, .F. ) ;
#1784 = CARTESIAN_POINT ( 'NONE',  ( -27.57346234436210608, 14.28564924179498519, 16.07955970130658940 ) ) ;
#1785 = AXIS2_PLACEMENT_3D ( 'NONE', #2315, #3237, #1345 ) ;
#1786 = ORIENTED_EDGE ( 'NONE', *, *, #5326, .F. ) ;
#1787 = CARTESIAN_POINT ( 'NONE',  ( 28.65597406760712929, 15.61698585401441264, -0.04198638423202040448 ) ) ;
#1788 = ORIENTED_EDGE ( 'NONE', *, *, #2327, .T. ) ;
#1789 = CARTESIAN_POINT ( 'NONE',  ( 26.70000000000000995, -11.20000000000000462, 6.399999999999999467 ) ) ;
#1790 = CARTESIAN_POINT ( 'NONE',  ( -24.16122728773846973, 16.99999999627926428, -0.8856212146873241320 ) ) ;
#1791 = EDGE_LOOP ( 'NONE', ( #223, #6158, #4286, #5784, #5338, #4360, #2392, #4570 ) ) ;
#1792 = CIRCLE ( 'NONE', #876, 1.000000000000000222 ) ;
#1793 = CARTESIAN_POINT ( 'NONE',  ( -23.92775436484047091, 18.99999999999999289, 0.3345313028230709751 ) ) ;
#1794 = ORIENTED_EDGE ( 'NONE', *, *, #1729, .T. ) ;
#1795 = CARTESIAN_POINT ( 'NONE',  ( -23.50000000000000355, 11.20000000000000284, 17.10000000000001208 ) ) ;
#1796 = DIRECTION ( 'NONE',  ( 1.000000000000000000, 0.000000000000000000, -0.000000000000000000 ) ) ;
#1797 = CARTESIAN_POINT ( 'NONE',  ( 23.50000000000000355, 13.50000000000000355, 6.399999999999999467 ) ) ;
#1798 = CARTESIAN_POINT ( 'NONE',  ( -31.82591501751970142, -16.83329641760461470, -1.537827784392069796 ) ) ;
#1799 = CARTESIAN_POINT ( 'NONE',  ( -31.54762624735409915, -15.30000000000000071, -0.3059186485792947940 ) ) ;
#1800 = EDGE_CURVE ( 'NONE', #3733, #6154, #5084, .T. ) ;
#1801 = ORIENTED_EDGE ( 'NONE', *, *, #1371, .F. ) ;
#1802 = CIRCLE ( 'NONE', #2536, 0.7999999999999986011 ) ;
#1803 = B_SPLINE_CURVE_WITH_KNOTS ( 'NONE', 3,
 ( #5704, #504, #92, #3849, #5845, #2387, #1009, #487, #4873, #3869, #985, #2465, #2888, #5788, #1029, #1462, #4361, #5808, #2406, #1987, #5868, #2957 ),
 .UNSPECIFIED., .F., .F.,
 ( 4, 2, 2, 2, 2, 2, 2, 2, 2, 2, 4 ),
 ( 0.000000000000000000, 0.001310315918882545188, 0.001965473878323823094, 0.002620631837765101217, 0.003930947756647660066, 0.005241263675530219782, 0.006551579594412785569, 0.007206737553854066294, 0.007861895513295346152, 0.009172211432177890256, 0.01048252735106043436 ),
 .UNSPECIFIED. ) ;
#1804 = CARTESIAN_POINT ( 'NONE',  ( -32.00000000000000000, -15.30000000000000249, -0.3492051947438084003 ) ) ;
#1805 = DIRECTION ( 'NONE',  ( -0.000000000000000000, -1.000000000000000000, -0.000000000000000000 ) ) ;
#1806 = EDGE_LOOP ( 'NONE', ( #4788, #2277, #4516, #383 ) ) ;
#1807 = DIRECTION ( 'NONE',  ( -0.000000000000000000, -1.000000000000000000, -0.000000000000000000 ) ) ;
#1808 = CIRCLE ( 'NONE', #4130, 2.000000000000000000 ) ;
#1809 = DIRECTION ( 'NONE',  ( -1.000000000000000000, 0.000000000000000000, 0.000000000000000000 ) ) ;
#1810 = EDGE_CURVE ( 'NONE', #1136, #2719, #852, .T. ) ;
#1811 = CARTESIAN_POINT ( 'NONE',  ( -20.86955553836182631, -16.50000000000000000, 17.49999999999999645 ) ) ;
#1812 = CARTESIAN_POINT ( 'NONE',  ( -21.20000000000000639, -16.01036857281448889, 18.34072043099337534 ) ) ;
#1813 = CARTESIAN_POINT ( 'NONE',  ( 23.50000000000000355, -13.50000000000000355, 6.399999999999999467 ) ) ;
#1814 = VERTEX_POINT ( 'NONE', #4843 ) ;
#1815 = FACE_OUTER_BOUND ( 'NONE', #625, .T. ) ;
#1816 = DIRECTION ( 'NONE',  ( 1.000000000000000000, 0.000000000000000000, -0.000000000000000000 ) ) ;
#1817 = CARTESIAN_POINT ( 'NONE',  ( -25.66114426259150605, -17.63876349037133551, 16.48822704292614816 ) ) ;
#1818 = CARTESIAN_POINT ( 'NONE',  ( -26.59626346614069448, -17.05498601824550420, 0.1310392191274965812 ) ) ;
#1819 = EDGE_LOOP ( 'NONE', ( #5985, #4331, #1885, #5713 ) ) ;
#1820 = EDGE_CURVE ( 'NONE', #5341, #5466, #126, .T. ) ;
#1821 = CARTESIAN_POINT ( 'NONE',  ( -31.29392132887421596, -16.70823835322885387, -1.487150853791575855 ) ) ;
#1822 = CARTESIAN_POINT ( 'NONE',  ( 24.45004097787156994, 17.98384520258357711, 0.2964045521071269063 ) ) ;
#1823 = VECTOR ( 'NONE', #1935, 1000.000000000000000 ) ;
#1824 = CARTESIAN_POINT ( 'NONE',  ( 26.49999999999999289, 11.20000000000000462, 15.00000000000000355 ) ) ;
#1825 = ORIENTED_EDGE ( 'NONE', *, *, #3441, .T. ) ;
#1826 = CARTESIAN_POINT ( 'NONE',  ( -24.00000000000001066, 17.99999999999999645, 17.21886749202244005 ) ) ;
#1827 = AXIS2_PLACEMENT_3D ( 'NONE', #5274, #2371, #1919 ) ;
#1828 = VERTEX_POINT ( 'NONE', #3523 ) ;
#1829 = ADVANCED_FACE ( 'NONE', ( #352, #4100 ), #3080, .T. ) ;
#1830 = VECTOR ( 'NONE', #3949, 1000.000000000000000 ) ;
#1831 = CARTESIAN_POINT ( 'NONE',  ( 23.99999999999999289, -16.49999999999999289, -0.3725587879552746395 ) ) ;
#1832 = VERTEX_POINT ( 'NONE', #4024 ) ;
#1833 = CARTESIAN_POINT ( 'NONE',  ( 26.04442676674452173, 17.46378989442032292, 17.14988460563889205 ) ) ;
#1834 = CARTESIAN_POINT ( 'NONE',  ( 31.77539007736352517, -17.03429555025055464, -0.7838176051185816728 ) ) ;
#1835 = VECTOR ( 'NONE', #3857, 1000.000000000000000 ) ;
#1836 = DIRECTION ( 'NONE',  ( -1.000000000000000000, 0.000000000000000000, 0.000000000000000000 ) ) ;
#1837 = ORIENTED_EDGE ( 'NONE', *, *, #1489, .F. ) ;
#1838 = CARTESIAN_POINT ( 'NONE',  ( 27.99999999999999289, -15.49999999999999289, 17.49999999999999645 ) ) ;
#1839 = CIRCLE ( 'NONE', #3500, 2.299999999999999822 ) ;
#1840 =( BOUNDED_SURFACE ( )  B_SPLINE_SURFACE ( 3, 2, ( 
 ( #3230, #3705, #6098 ),
 ( #3667, #4154, #1790 ),
 ( #1336, #2254, #386 ),
 ( #840, #462, #498 ),
 ( #3842, #4290, #5229 ),
 ( #1853, #977, #4821 ),
 ( #2328, #5716, #2842 ),
 ( #6200, #3284, #481 ),
 ( #5266, #5802, #1410 ),
 ( #6164, #1452, #956 ),
 ( #2801, #4330, #1893 ),
 ( #938, #1930, #3824 ),
 ( #5306, #5780, #2361 ),
 ( #4741, #5737, #4780 ),
 ( #3798, #6182, #444 ),
 ( #2821, #4310, #3302 ) ),
 .UNSPECIFIED., .F., .F., .T. ) 
 B_SPLINE_SURFACE_WITH_KNOTS ( ( 4, 2, 2, 2, 2, 2, 2, 4 ),
 ( 3, 3 ),
 ( 0.000000000000000000, 0.0005866710384321075205, 0.001173342076864215041, 0.001760013115296322561, 0.002346684153728430082, 0.002933355192160537819, 0.003520026230592645123, 0.004693368307456860164 ),
 ( 0.000000000000000000, 1.000000000000000000 ),
 .UNSPECIFIED. ) 
 GEOMETRIC_REPRESENTATION_ITEM ( )  RATIONAL_B_SPLINE_SURFACE ( (
 ( 1.000000000000000000, 0.7071067811865474617, 1.000000000000000000),
 ( 1.000000000000000000, 0.7087998717551633465, 1.000000000000000000),
 ( 1.000000000000000000, 0.7105006237493050048, 1.000000000000000000),
 ( 1.000000000000000000, 0.7139109757573731674, 1.000000000000000000),
 ( 1.000000000000000000, 0.7156389906259609246, 1.000000000000000000),
 ( 1.000000000000000000, 0.7189930499516458129, 1.000000000000000000),
 ( 1.000000000000000000, 0.7206128168400112166, 1.000000000000000000),
 ( 1.000000000000000000, 0.7237218098264590616, 1.000000000000000000),
 ( 1.000000000000000000, 0.7252184361913895927, 1.000000000000000000),
 ( 1.000000000000000000, 0.7279321094036887985, 1.000000000000000000),
 ( 1.000000000000000000, 0.7291661002125450208, 1.000000000000000000),
 ( 1.000000000000000000, 0.7313635477833239085, 1.000000000000000000),
 ( 1.000000000000000000, 0.7323095716447263204, 1.000000000000000000),
 ( 1.000000000000000000, 0.7345972523306133484, 1.000000000000000000),
 ( 1.000000000000000000, 0.7354311939574050827, 1.000000000000000000),
 ( 1.000000000000000000, 0.7354231443259643397, 1.000000000000000000) ) ) 
 REPRESENTATION_ITEM ( '' )  SURFACE ( )  );
#1841 = CARTESIAN_POINT ( 'NONE',  ( -28.39848359475599437, -16.21777210332573915, -0.01973980059152886241 ) ) ;
#1842 = CARTESIAN_POINT ( 'NONE',  ( 24.96259227630556055, 17.88535244202442698, 0.2580626921984792155 ) ) ;
#1843 = CARTESIAN_POINT ( 'NONE',  ( -23.50000000000000355, -13.50000000000000355, 6.399999999999999467 ) ) ;
#1844 = B_SPLINE_CURVE_WITH_KNOTS ( 'NONE', 3,
 ( #5270, #6188, #3347, #2369, #3785, #4238, #6, #962, #1358, #3287, #5745, #4276, #1876, #5251, #5396, #1501, #1937, #1459 ),
 .UNSPECIFIED., .F., .F.,
 ( 4, 2, 2, 2, 2, 2, 2, 2, 4 ),
 ( 0.000000000000000000, 0.0007892307429179025750, 0.001578461485835805150, 0.002367692228753707617, 0.003156922971671610300, 0.003946153714589512550, 0.004735384457507415233, 0.005524615200425323121, 0.006313845943343230141 ),
 .UNSPECIFIED. ) ;
#1845 = CIRCLE ( 'NONE', #2185, 0.7999999999999986011 ) ;
#1846 = CARTESIAN_POINT ( 'NONE',  ( -31.65381269483750870, -17.47017926360912199, -0.7731118680705520996 ) ) ;
#1847 = CARTESIAN_POINT ( 'NONE',  ( 25.66114426259150605, -17.63876349037132130, 16.48822704292614816 ) ) ;
#1848 = EDGE_CURVE ( 'NONE', #3828, #1132, #1383, .T. ) ;
#1849 = VERTEX_POINT ( 'NONE', #1664 ) ;
#1850 = CARTESIAN_POINT ( 'NONE',  ( 15.66000000000000725, -13.99999999999999822, 17.49999999999999645 ) ) ;
#1851 = ORIENTED_EDGE ( 'NONE', *, *, #5706, .T. ) ;
#1852 = CARTESIAN_POINT ( 'NONE',  ( -24.00000000000001066, 13.99999999999999289, 20.00000000000000000 ) ) ;
#1853 = CARTESIAN_POINT ( 'NONE',  ( -25.10684196858947459, 16.24759362956699249, -0.4719057873775337475 ) ) ;
#1854 = CARTESIAN_POINT ( 'NONE',  ( -25.65133632301741784, -15.88404974534773828, -0.5227996667745051784 ) ) ;
#1855 = ORIENTED_EDGE ( 'NONE', *, *, #1060, .T. ) ;
#1856 = EDGE_CURVE ( 'NONE', #1381, #5740, #3025, .T. ) ;
#1857 = DIRECTION ( 'NONE',  ( 0.000000000000000000, -1.000000000000000000, -0.000000000000000000 ) ) ;
#1858 = ADVANCED_FACE ( 'NONE', ( #2138 ), #427, .T. ) ;
#1859 = AXIS2_PLACEMENT_3D ( 'NONE', #5804, #5269, #2865 ) ;
#1860 = DIRECTION ( 'NONE',  ( 1.000000000000000000, 1.239088197126290817E-16, 0.000000000000000000 ) ) ;
#1861 = EDGE_LOOP ( 'NONE', ( #1012, #3613, #2201, #79 ) ) ;
#1862 = CARTESIAN_POINT ( 'NONE',  ( -25.68258141832777852, -18.68281250343605038, 0.2027678191160224852 ) ) ;
#1863 = CARTESIAN_POINT ( 'NONE',  ( -31.56627393221412348, -17.68183168006228101, -1.512802646424339370 ) ) ;
#1864 = EDGE_LOOP ( 'NONE', ( #3802, #3421, #3794, #4048 ) ) ;
#1865 = AXIS2_PLACEMENT_3D ( 'NONE', #1838, #5214, #5294 ) ;
#1866 = ORIENTED_EDGE ( 'NONE', *, *, #2605, .F. ) ;
#1867 = AXIS2_PLACEMENT_3D ( 'NONE', #2478, #2966, #4948 ) ;
#1868 = VECTOR ( 'NONE', #835, 1000.000000000000000 ) ;
#1869 = CARTESIAN_POINT ( 'NONE',  ( -25.81932054130695775, 16.72907261777849186, 17.30745896344519252 ) ) ;
#1870 = DIRECTION ( 'NONE',  ( 0.000000000000000000, 0.000000000000000000, -1.000000000000000000 ) ) ;
#1871 = VERTEX_POINT ( 'NONE', #2065 ) ;
#1872 = FACE_BOUND ( 'NONE', #2914, .T. ) ;
#1873 = CARTESIAN_POINT ( 'NONE',  ( 31.54762624552621375, -15.71009149005135264, -0.3059186484043507903 ) ) ;
#1874 = DIRECTION ( 'NONE',  ( -0.000000000000000000, 0.000000000000000000, -1.000000000000000000 ) ) ;
#1875 = DIRECTION ( 'NONE',  ( 0.000000000000000000, 0.000000000000000000, -1.000000000000000000 ) ) ;
#1876 = CARTESIAN_POINT ( 'NONE',  ( 27.59361886841687550, -15.77616401921980227, 0.9759213742041746853 ) ) ;
#1877 = EDGE_LOOP ( 'NONE', ( #1231, #3232 ) ) ;
#1878 = EDGE_LOOP ( 'NONE', ( #1354, #2410, #5632, #5557, #751, #1788, #4733, #5823, #4061, #5118, #6028, #1942 ) ) ;
#1879 = CARTESIAN_POINT ( 'NONE',  ( -24.96259227630558541, -17.88535244202441987, 0.2580626921939378482 ) ) ;
#1880 = DIRECTION ( 'NONE',  ( 0.000000000000000000, -1.000000000000000000, -0.000000000000000000 ) ) ;
#1881 = CIRCLE ( 'NONE', #3790, 0.4999999999999998890 ) ;
#1882 = CARTESIAN_POINT ( 'NONE',  ( 26.97534279530674084, 16.68692078597119277, 0.1004440035473114501 ) ) ;
#1883 = EDGE_CURVE ( 'NONE', #2673, #3071, #3478, .T. ) ;
#1884 = B_SPLINE_CURVE_WITH_KNOTS ( 'NONE', 3,
 ( #662, #2516, #3991, #3008, #2960, #5940, #3944, #1123, #1616, #165, #5919, #1144, #4474, #3444, #1595, #1531, #2094, #5873 ),
 .UNSPECIFIED., .F., .F.,
 ( 4, 2, 2, 2, 2, 2, 2, 2, 4 ),
 ( 0.000000000000000000, 0.0007895586309490392092, 0.001579117261898078418, 0.002368675892847122398, 0.003158234523796166811, 0.003947793154745211225, 0.004737351785694254337, 0.005526910416643299184, 0.006316469047592343164 ),
 .UNSPECIFIED. ) ;
#1885 = ORIENTED_EDGE ( 'NONE', *, *, #497, .T. ) ;
#1886 = DIRECTION ( 'NONE',  ( 0.000000000000000000, -0.000000000000000000, 1.000000000000000000 ) ) ;
#1887 = LINE ( 'NONE', #811, #2700 ) ;
#1888 = CARTESIAN_POINT ( 'NONE',  ( -29.43551423893764607, -19.97616113307645946, -0.1105134103223146119 ) ) ;
#1889 = CARTESIAN_POINT ( 'NONE',  ( -27.37142898595881135, -15.11936137671713887, 16.22098305218889536 ) ) ;
#1890 = EDGE_LOOP ( 'NONE', ( #4530, #5026, #2860, #5500 ) ) ;
#1891 = CIRCLE ( 'NONE', #1550, 1.000000000000000888 ) ;
#1892 = EDGE_CURVE ( 'NONE', #6106, #889, #564, .T. ) ;
#1893 = CARTESIAN_POINT ( 'NONE',  ( -26.34193242332226248, 15.83457847629400561, -1.053021457939655514 ) ) ;
#1894 = CARTESIAN_POINT ( 'NONE',  ( -26.16921981168311007, -15.25347276721562118, -0.5724071167628395074 ) ) ;
#1895 = AXIS2_PLACEMENT_3D ( 'NONE', #914, #1870, #1406 ) ;
#1896 = EDGE_LOOP ( 'NONE', ( #1866, #5406, #5646, #5228 ) ) ;
#1897 = CARTESIAN_POINT ( 'NONE',  ( 26.49999999999999289, -11.20000000000000462, 20.00000000000000000 ) ) ;
#1898 = CIRCLE ( 'NONE', #5708, 0.5000000000000000000 ) ;
#1899 = CARTESIAN_POINT ( 'NONE',  ( 26.49999999999999289, -3.219999999999994866, 8.410000000000000142 ) ) ;
#1900 = CARTESIAN_POINT ( 'NONE',  ( -27.64329701232516356, -15.65631136152074632, 0.9705517115557039665 ) ) ;
#1901 = DIRECTION ( 'NONE',  ( -1.000000000000000000, 0.000000000000000000, 0.000000000000000000 ) ) ;
#1902 = CARTESIAN_POINT ( 'NONE',  ( -28.65072311139962480, -21.10607869628869437, -0.7224815908306183587 ) ) ;
#1903 = CARTESIAN_POINT ( 'NONE',  ( 26.00049761128316561, 17.47363432581225950, 1.141406714531296052 ) ) ;
#1904 = VERTEX_POINT ( 'NONE', #2547 ) ;
#1905 = VECTOR ( 'NONE', #5103, 1000.000000000000000 ) ;
#1906 = CARTESIAN_POINT ( 'NONE',  ( 12.06000000000000405, -13.99999999999999822, 17.49999999999999645 ) ) ;
#1907 = FACE_OUTER_BOUND ( 'NONE', #3, .T. ) ;
#1908 = CARTESIAN_POINT ( 'NONE',  ( -26.90697251554568936, -16.77390604383478134, 15.83416721012542716 ) ) ;
#1909 = CARTESIAN_POINT ( 'NONE',  ( 0.000000000000000000, 21.50000000000000000, -330.0000000000000000 ) ) ;
#1910 = CARTESIAN_POINT ( 'NONE',  ( 27.69342365651489146, 21.56186805165350506, 0.04027671004628376877 ) ) ;
#1911 = DIRECTION ( 'NONE',  ( -0.000000000000000000, -1.000000000000000000, -0.000000000000000000 ) ) ;
#1912 = CARTESIAN_POINT ( 'NONE',  ( 26.21619916744388235, -21.95184982065733692, 0.1610856241027231461 ) ) ;
#1913 = CC_DESIGN_PERSON_AND_ORGANIZATION_ASSIGNMENT ( #2168, #1554, ( #5895 ) ) ;
#1914 = CARTESIAN_POINT ( 'NONE',  ( 22.95123328238381788, -11.20000000000000639, 17.48413670233133743 ) ) ;
#1915 = CYLINDRICAL_SURFACE ( 'NONE', #1500, 0.7999999999999986011 ) ;
#1916 = DIRECTION ( 'NONE',  ( -0.000000000000000000, 1.000000000000000000, 0.000000000000000000 ) ) ;
#1917 = EDGE_CURVE ( 'NONE', #4203, #3730, #6128, .T. ) ;
#1918 = ORIENTED_EDGE ( 'NONE', *, *, #568, .F. ) ;
#1919 = DIRECTION ( 'NONE',  ( 1.000000000000000000, 1.253261993481137234E-16, 0.000000000000000000 ) ) ;
#1920 = ORIENTED_EDGE ( 'NONE', *, *, #3353, .F. ) ;
#1921 = CARTESIAN_POINT ( 'NONE',  ( -29.35174242215779117, -19.97165021205078617, -1.307807589684406135 ) ) ;
#1922 = B_SPLINE_CURVE_WITH_KNOTS ( 'NONE', 3,
 ( #5108, #282, #758, #1257, #5149, #4640, #5609, #1727, #818, #4174, #1276, #5130, #4661, #2634, #3188, #1787, #6095, #3130, #2249, #4110 ),
 .UNSPECIFIED., .F., .F.,
 ( 4, 2, 2, 2, 2, 2, 2, 2, 2, 4 ),
 ( 0.000000000000000000, 0.0009763577430038608736, 0.001464536614505785239, 0.001952715486007709604, 0.002929073229011548794, 0.003905430972015387983, 0.004881788715019226739, 0.005858146458023066362, 0.006834504201026910322, 0.007810861944030755150 ),
 .UNSPECIFIED. ) ;
#1923 = ORIENTED_EDGE ( 'NONE', *, *, #4919, .F. ) ;
#1924 = EDGE_LOOP ( 'NONE', ( #3502, #5710, #2089, #3477 ) ) ;
#1925 = EDGE_CURVE ( 'NONE', #2719, #2738, #2062, .T. ) ;
#1926 = CARTESIAN_POINT ( 'NONE',  ( -22.70000000000000639, 13.50000000000000355, 17.66000000000001080 ) ) ;
#1927 = ORIENTED_EDGE ( 'NONE', *, *, #5271, .T. ) ;
#1928 = CARTESIAN_POINT ( 'NONE',  ( 24.16122728773846617, -16.99999999627926428, -0.8856212146873111424 ) ) ;
#1929 = CARTESIAN_POINT ( 'NONE',  ( 27.65828159959970023, 21.57507543883963308, -0.4438604650177347954 ) ) ;
#1930 = CARTESIAN_POINT ( 'NONE',  ( -26.15833275280080272, 15.27260709890502177, -1.038127725808784874 ) ) ;
#1931 = CARTESIAN_POINT ( 'NONE',  ( -31.45234493192133129, 15.29999999999999716, -1.502283115569514438 ) ) ;
#1932 = ORIENTED_EDGE ( 'NONE', *, *, #5039, .T. ) ;
#1933 = EDGE_CURVE ( 'NONE', #5549, #5341, #796, .T. ) ;
#1934 = VERTEX_POINT ( 'NONE', #4504 ) ;
#1935 = DIRECTION ( 'NONE',  ( 1.239088197126291063E-16, -1.000000000000000000, -0.000000000000000000 ) ) ;
#1936 = AXIS2_PLACEMENT_3D ( 'NONE', #2206, #5578, #2672 ) ;
#1937 = CARTESIAN_POINT ( 'NONE',  ( 28.00000000000000355, -14.26476538014479267, 0.9317754462389890024 ) ) ;
#1938 = DIRECTION ( 'NONE',  ( 0.000000000000000000, 0.000000000000000000, 1.000000000000000000 ) ) ;
#1939 = CARTESIAN_POINT ( 'NONE',  ( -19.58999999999999631, -16.50000000000000000, 8.650000000000002132 ) ) ;
#1940 = CARTESIAN_POINT ( 'NONE',  ( 24.30000000000000071, 13.50000000000000355, 6.399999999999999467 ) ) ;
#1941 = CARTESIAN_POINT ( 'NONE',  ( -29.04029647566463268, -20.22798024309597054, -1.280094367093588481 ) ) ;
#1942 = ORIENTED_EDGE ( 'NONE', *, *, #4297, .F. ) ;
#1943 = AXIS2_PLACEMENT_3D ( 'NONE', #3331, #4852, #2889 ) ;
#1944 = FACE_OUTER_BOUND ( 'NONE', #1488, .T. ) ;
#1945 = CARTESIAN_POINT ( 'NONE',  ( 27.39532185763713557, 16.11874001961010805, 0.9971545060470572430 ) ) ;
#1946 = APPROVAL_ROLE ( '' ) ;
#1947 = DIRECTION ( 'NONE',  ( 0.000000000000000000, -1.000000000000000000, 0.000000000000000000 ) ) ;
#1948 = VERTEX_POINT ( 'NONE', #4973 ) ;
#1949 = ORIENTED_EDGE ( 'NONE', *, *, #3292, .F. ) ;
#1950 = CARTESIAN_POINT ( 'NONE',  ( -25.81932054130695775, -16.72907261777850252, 17.30745896344519608 ) ) ;
#1951 = VECTOR ( 'NONE', #3927, 1000.000000000000000 ) ;
#1952 = CARTESIAN_POINT ( 'NONE',  ( 25.49795483572460952, -16.00846603934240520, -0.9863882926493631187 ) ) ;
#1953 = DIRECTION ( 'NONE',  ( 1.000000000000000000, 0.000000000000000000, 0.000000000000000000 ) ) ;
#1954 = CARTESIAN_POINT ( 'NONE',  ( 30.91744756677142192, -18.05168631541438629, -0.2461887961307519801 ) ) ;
#1955 = CARTESIAN_POINT ( 'NONE',  ( 25.88244288930771830, 15.65316874787897916, -0.5447863922554859739 ) ) ;
#1956 = ADVANCED_FACE ( 'NONE', ( #4703, #5914 ), #4628, .F. ) ;
#1957 = ORIENTED_EDGE ( 'NONE', *, *, #424, .T. ) ;
#1958 = VECTOR ( 'NONE', #4056, 1000.000000000000000 ) ;
#1959 = CARTESIAN_POINT ( 'NONE',  ( 30.60114455336468353, -19.42114733736717369, -1.421527000039294553 ) ) ;
#1960 = CARTESIAN_POINT ( 'NONE',  ( 21.20000000000000639, 16.50000000000000000, 6.399999999999999467 ) ) ;
#1961 = CARTESIAN_POINT ( 'NONE',  ( 26.34260005227788781, -15.83370492650662165, -1.053074950123697340 ) ) ;
#1962 = CARTESIAN_POINT ( 'NONE',  ( 31.50000000000000000, -15.30000000000000071, -1.004559302108259722 ) ) ;
#1963 = ORIENTED_EDGE ( 'NONE', *, *, #1229, .T. ) ;
#1964 = CARTESIAN_POINT ( 'NONE',  ( -28.84061272785651298, -20.99231882200970389, -0.7376897719303838752 ) ) ;
#1965 = CIRCLE ( 'NONE', #5630, 1.000000000000000888 ) ;
#1966 = EDGE_CURVE ( 'NONE', #229, #4023, #1535, .T. ) ;
#1967 = B_SPLINE_CURVE_WITH_KNOTS ( 'NONE', 3,
 ( #2127, #256, #4506, #4551, #3592, #2590, #3568, #4026, #714, #5929, #3979, #1583, #2527, #1156, #4953, #3505, #1197, #3083, #4001, #4997, #233, #1134 ),
 .UNSPECIFIED., .F., .F.,
 ( 4, 2, 2, 2, 2, 2, 2, 2, 2, 2, 4 ),
 ( 3.476216610979977084E-18, 0.001310315918882559282, 0.001965473878323831768, 0.002620631837765104687, 0.003930947756647663535, 0.005241263675530223251, 0.006551579594412782100, 0.007206737553854059355, 0.007861895513295340948, 0.009172211432177885052, 0.01048252735106043089 ),
 .UNSPECIFIED. ) ;
#1968 = ORIENTED_EDGE ( 'NONE', *, *, #3612, .T. ) ;
#1969 = VECTOR ( 'NONE', #5700, 1000.000000000000000 ) ;
#1970 = CARTESIAN_POINT ( 'NONE',  ( -26.07918538982346846, 16.61044083439534447, 17.12555356948363894 ) ) ;
#1971 = DIRECTION ( 'NONE',  ( 0.000000000000000000, 0.000000000000000000, -1.000000000000000000 ) ) ;
#1972 = CARTESIAN_POINT ( 'NONE',  ( -26.00762486593974643, -17.48059045497781128, 16.30632472616797912 ) ) ;
#1973 = CARTESIAN_POINT ( 'NONE',  ( 26.49999999999999289, -17.99999999999999645, 15.00000000000000355 ) ) ;
#1974 = VERTEX_POINT ( 'NONE', #3127 ) ;
#1975 = ORIENTED_EDGE ( 'NONE', *, *, #5688, .T. ) ;
#1976 = EDGE_CURVE ( 'NONE', #475, #4979, #726, .T. ) ;
#1977 = CARTESIAN_POINT ( 'NONE',  ( 31.11400382828333022, -18.65844229489167461, -0.7261456115963268454 ) ) ;
#1978 = LOCAL_TIME ( 17, 26, 3.000000000000000000, #5762 ) ;
#1979 = AXIS2_PLACEMENT_3D ( 'NONE', #1708, #1201, #261 ) ;
#1980 = CARTESIAN_POINT ( 'NONE',  ( 25.25304200487734718, 16.16953046877942768, -0.4854467192882445103 ) ) ;
#1981 = AXIS2_PLACEMENT_3D ( 'NONE', #3419, #3770, #3753 ) ;
#1982 = CARTESIAN_POINT ( 'NONE',  ( -22.70000000000000639, 11.90000000000000391, 17.66000000000001080 ) ) ;
#1983 = ORIENTED_EDGE ( 'NONE', *, *, #5904, .F. ) ;
#1984 = CARTESIAN_POINT ( 'NONE',  ( 23.92775436484045315, -18.99999999999999645, 0.3345313028230846308 ) ) ;
#1985 = DIRECTION ( 'NONE',  ( 1.000000000000000000, 0.000000000000000000, -0.000000000000000000 ) ) ;
#1986 = LINE ( 'NONE', #2875, #3938 ) ;
#1987 = CARTESIAN_POINT ( 'NONE',  ( 31.95647128720170826, 16.18140944744259357, -0.7997835006093479970 ) ) ;
#1988 = DIRECTION ( 'NONE',  ( -1.000000000000000000, 0.000000000000000000, 0.000000000000000000 ) ) ;
#1989 = CARTESIAN_POINT ( 'NONE',  ( -32.00000000000000000, 15.74316338443284380, -0.8036452204963460133 ) ) ;
#1990 = AXIS2_PLACEMENT_3D ( 'NONE', #3522, #127, #667 ) ;
#1991 = ADVANCED_FACE ( 'NONE', ( #6194 ), #2113, .T. ) ;
#1992 = CARTESIAN_POINT ( 'NONE',  ( -20.08469709767365785, -17.00000000000000000, 9.115139758254795055 ) ) ;
#1993 = CARTESIAN_POINT ( 'NONE',  ( 24.58263317736690823, -18.96759346282221870, 0.2866003779354834302 ) ) ;
#1994 = DIRECTION ( 'NONE',  ( 0.000000000000000000, 0.000000000000000000, -1.000000000000000000 ) ) ;
#1995 = DIRECTION ( 'NONE',  ( -1.000000000000000000, 0.000000000000000000, 0.000000000000000000 ) ) ;
#1996 = CARTESIAN_POINT ( 'NONE',  ( -20.08469709767365785, -30.00000000000000000, 19.11513975825479505 ) ) ;
#1997 = FACE_OUTER_BOUND ( 'NONE', #5321, .T. ) ;
#1998 = CARTESIAN_POINT ( 'NONE',  ( 26.49999999999999289, -14.32952654472876652, -0.6047207377644520099 ) ) ;
#1999 = CARTESIAN_POINT ( 'NONE',  ( 27.33025831804739525, 21.17580847988170234, 0.07050025286993927276 ) ) ;
#2000 = CARTESIAN_POINT ( 'NONE',  ( 31.22633312867802502, 17.30960110794080364, -0.2752958287560531292 ) ) ;
#2001 = CARTESIAN_POINT ( 'NONE',  ( 25.22480977367053967, 16.18595658771941714, -0.9653731100724486369 ) ) ;
#2002 = ORIENTED_EDGE ( 'NONE', *, *, #522, .F. ) ;
#2003 = ORIENTED_EDGE ( 'NONE', *, *, #4929, .F. ) ;
#2004 = CARTESIAN_POINT ( 'NONE',  ( -28.91270319084889806, -14.00000000000000178, -0.06440690007722156551 ) ) ;
#2005 = EDGE_CURVE ( 'NONE', #3451, #3533, #5536, .T. ) ;
#2006 = DIRECTION ( 'NONE',  ( -0.07655068078668557374, 0.000000000000000000, -0.9970656915525150099 ) ) ;
#2007 = CARTESIAN_POINT ( 'NONE',  ( 24.73820443620001086, -16.90455306639152866, -0.9284910440069971127 ) ) ;
#2008 = DIRECTION ( 'NONE',  ( -1.000000000000000000, 0.000000000000000000, 0.000000000000000000 ) ) ;
#2009 = EDGE_LOOP ( 'NONE', ( #423, #3663, #3443, #2375, #5511 ) ) ;
#2010 = DIRECTION ( 'NONE',  ( 0.000000000000000000, 1.000000000000000000, 0.000000000000000000 ) ) ;
#2011 = VERTEX_POINT ( 'NONE', #4715 ) ;
#2012 = DIRECTION ( 'NONE',  ( 0.000000000000000000, 0.000000000000000000, 1.000000000000000000 ) ) ;
#2013 = CLOSED_SHELL ( 'NONE', ( #2951, #2437, #5309, #3179, #457, #1551, #2538, #1677, #5373, #4108, #3116, #1184, #1457, #4766, #1615, #2986, #4867, #217, #5028, #6012, #5465, #580, #897, #4585, #2413, #1521, #3418, #1956, #3724, #85, #245, #4515, #1248, #2881, #5693, #6152, #5436, #1738, #5128, #5499, #4904, #310, #2572, #2601, #188, #2667, #837, #1858, #3660, #55, #4933, #4417, #3148, #3558, #3388, #3980, #3493, #5342, #2697, #5562, #4485, #430, #1056, #2631, #4833, #5884, #5063, #3908, #1122, #153, #1486, #2148, #4998, #5984, #3593, #1157, #3354, #5793, #1024, #3804, #4384, #1829, #2023, #5822, #3623, #6206, #5092, #280, #4451, #3084, #4619, #2347, #545, #5661, #5631, #776, #806, #1991, #5535, #1703, #2471, #1273, #746, #2177, #5404, #2088, #991, #1214, #2759, #517, #2323, #715, #1644, #4965, #2816, #3942, #2213, #120, #2115, #3019, #1767, #4078, #3047, #3873, #6178, #4649, #1584, #682, #3717, #5953, #1092, #4141, #4047, #651, #4012, #4356, #5849, #3459, #2055, #3527, #4705, #5597, #5917, #2912, #341, #4552, #1417, #6072, #615, #2504, #6039 ) ) ;
#2014 = CARTESIAN_POINT ( 'NONE',  ( 26.42916695537724436, -18.33740681913783277, 0.1439288218654547757 ) ) ;
#2015 = EDGE_CURVE ( 'NONE', #2740, #5714, #4393, .T. ) ;
#2016 = CARTESIAN_POINT ( 'NONE',  ( -25.66114426259150250, 17.63876349037132485, 16.48822704292615526 ) ) ;
#2017 = CARTESIAN_POINT ( 'NONE',  ( 25.13396150516599903, 17.84637061285102533, 16.75355961784703140 ) ) ;
#2018 = CARTESIAN_POINT ( 'NONE',  ( -23.50000000000000355, 13.50000000000000355, 6.399999999999999467 ) ) ;
#2019 = ORIENTED_EDGE ( 'NONE', *, *, #5178, .T. ) ;
#2020 = COORDINATED_UNIVERSAL_TIME_OFFSET ( 8, 0, .AHEAD. ) ;
#2021 = CARTESIAN_POINT ( 'NONE',  ( 30.60749382890752202, 18.58639143421963169, -0.2172921983538941004 ) ) ;
#2022 = CARTESIAN_POINT ( 'NONE',  ( 25.79225955266704773, 16.38433322530086755, -1.009443489149794537 ) ) ;
#2023 = ADVANCED_FACE ( 'NONE', ( #1098 ), #2944, .F. ) ;
#2024 = CARTESIAN_POINT ( 'NONE',  ( 27.99999999999999289, 14.00000000000000533, 0.01557451753954959724 ) ) ;
#2025 = EDGE_CURVE ( 'NONE', #4232, #5628, #940, .T. ) ;
#2026 = ORIENTED_EDGE ( 'NONE', *, *, #3783, .F. ) ;
#2027 = CARTESIAN_POINT ( 'NONE',  ( 24.30000000000000071, 15.10000000000000320, 16.54000000000000270 ) ) ;
#2028 = CARTESIAN_POINT ( 'NONE',  ( -26.07143979010671586, 21.45994498672545703, -1.031252307334062479 ) ) ;
#2029 = CARTESIAN_POINT ( 'NONE',  ( 26.86064172247852255, -21.29307993886585137, -1.094931783764854893 ) ) ;
#2030 = FACE_OUTER_BOUND ( 'NONE', #2446, .T. ) ;
#2031 = DIRECTION ( 'NONE',  ( 0.000000000000000000, 0.000000000000000000, 1.000000000000000000 ) ) ;
#2032 = AXIS2_PLACEMENT_3D ( 'NONE', #2920, #5905, #5881 ) ;
#2033 = ORIENTED_EDGE ( 'NONE', *, *, #301, .T. ) ;
#2034 = EDGE_LOOP ( 'NONE', ( #3164, #2755, #6208, #594 ) ) ;
#2035 = CARTESIAN_POINT ( 'NONE',  ( -27.04316648089658415, 21.78425289404559351, -0.3966973919028439211 ) ) ;
#2036 = VECTOR ( 'NONE', #2293, 1000.000000000000000 ) ;
#2037 = CARTESIAN_POINT ( 'NONE',  ( 28.91270319084887674, -13.99999999999999467, -0.06440690007722095489 ) ) ;
#2038 = CARTESIAN_POINT ( 'NONE',  ( -25.81932054130695775, 16.72907261777849186, 17.30745896344519608 ) ) ;
#2039 = CC_DESIGN_APPROVAL ( #4630, ( #5268 ) ) ;
#2040 = CARTESIAN_POINT ( 'NONE',  ( 17.99999999999999645, 4.620000000000008100, 8.410000000000000142 ) ) ;
#2041 = ORIENTED_EDGE ( 'NONE', *, *, #1404, .T. ) ;
#2042 = CIRCLE ( 'NONE', #3682, 1.400000000000000133 ) ;
#2043 = CARTESIAN_POINT ( 'NONE',  ( -16.83999999999999986, -17.40000000000000213, 8.650000000000002132 ) ) ;
#2044 = EDGE_CURVE ( 'NONE', #4696, #5581, #2913, .T. ) ;
#2045 = ORIENTED_EDGE ( 'NONE', *, *, #4379, .F. ) ;
#2046 = CARTESIAN_POINT ( 'NONE',  ( -21.58434141725302879, 12.21634075148331178, 18.37125025715759108 ) ) ;
#2047 = FACE_OUTER_BOUND ( 'NONE', #4626, .T. ) ;
#2048 = CARTESIAN_POINT ( 'NONE',  ( 31.77954160003411488, -17.06180373174941423, -1.533335624928976015 ) ) ;
#2049 = CARTESIAN_POINT ( 'NONE',  ( -29.91979418210604535, 19.40365371268762118, -1.359028399649767183 ) ) ;
#2050 = CARTESIAN_POINT ( 'NONE',  ( 27.99999999999999289, 16.50000000000000000, 17.49999999999999645 ) ) ;
#2051 = VERTEX_POINT ( 'NONE', #2301 ) ;
#2052 = ORIENTED_EDGE ( 'NONE', *, *, #355, .T. ) ;
#2053 = EDGE_CURVE ( 'NONE', #3608, #1293, #4244, .T. ) ;
#2054 = FACE_OUTER_BOUND ( 'NONE', #5558, .T. ) ;
#2055 = ADVANCED_FACE ( 'NONE', ( #1688 ), #1084, .T. ) ;
#2056 = DIRECTION ( 'NONE',  ( 0.000000000000000000, -1.000000000000000000, -0.000000000000000000 ) ) ;
#2057 = VERTEX_POINT ( 'NONE', #2717 ) ;
#2059 = CARTESIAN_POINT ( 'NONE',  ( -27.57346234436333887, -15.20942657771417750, 16.07955970130572254 ) ) ;
#2058 = DIRECTION ( 'NONE',  ( 0.000000000000000000, 0.000000000000000000, 1.000000000000000000 ) ) ;
#2060 = EDGE_LOOP ( 'NONE', ( #5641, #5773, #2623, #6174, #2844, #2961 ) ) ;
#2061 = CARTESIAN_POINT ( 'NONE',  ( 27.59420342703683460, -15.77496020663050480, 0.9758584109961651043 ) ) ;
#2062 = LINE ( 'NONE', #1173, #874 ) ;
#2063 = DIRECTION ( 'NONE',  ( -0.000000000000000000, 1.000000000000000000, 0.000000000000000000 ) ) ;
#2064 = EDGE_CURVE ( 'NONE', #3981, #5563, #1986, .T. ) ;
#2065 = CARTESIAN_POINT ( 'NONE',  ( 26.49999999999999289, -13.99999999999999289, -0.6047207381380537150 ) ) ;
#2066 = CARTESIAN_POINT ( 'NONE',  ( 27.99999999999999289, -3.219999999999994422, 9.810000000000000497 ) ) ;
#2067 = AXIS2_PLACEMENT_3D ( 'NONE', #4268, #4799, #1389 ) ;
#2068 = DIRECTION ( 'NONE',  ( 0.000000000000000000, 0.000000000000000000, 1.000000000000000000 ) ) ;
#2069 = VECTOR ( 'NONE', #4423, 1000.000000000000000 ) ;
#2070 = CARTESIAN_POINT ( 'NONE',  ( 27.58738224657075833, 15.77421768253353385, 0.9765774101731080625 ) ) ;
#2071 = DIRECTION ( 'NONE',  ( 0.000000000000000000, 0.000000000000000000, 1.000000000000000000 ) ) ;
#2072 = DIRECTION ( 'NONE',  ( -0.000000000000000000, -0.000000000000000000, 1.000000000000000000 ) ) ;
#2073 = CARTESIAN_POINT ( 'NONE',  ( -29.02973290820387220, 20.23585662417083597, -1.279163325494862002 ) ) ;
#2074 = CARTESIAN_POINT ( 'NONE',  ( -27.02957134677436812, 21.77663208815991069, -0.5965221547258378054 ) ) ;
#2075 = DIRECTION ( 'NONE',  ( -1.239088197126291063E-16, 1.000000000000000000, 0.000000000000000000 ) ) ;
#2076 = TOROIDAL_SURFACE ( 'NONE', #1623, 9.000000000000001776, 1.000000000000000000 ) ;
#2077 = CARTESIAN_POINT ( 'NONE',  ( -31.33946400496689932, 16.90487050928378565, -0.2860610547905081402 ) ) ;
#2078 = AXIS2_PLACEMENT_3D ( 'NONE', #584, #3934, #4420 ) ;
#2079 = CARTESIAN_POINT ( 'NONE',  ( 24.43503365581432973, -16.99999999999999645, 18.11928168466315370 ) ) ;
#2080 = ORIENTED_EDGE ( 'NONE', *, *, #2973, .F. ) ;
#2081 = CARTESIAN_POINT ( 'NONE',  ( -31.11435577026232124, 18.65782861935772274, -0.7261759941914400773 ) ) ;
#2082 = FACE_OUTER_BOUND ( 'NONE', #4693, .T. ) ;
#2083 = CARTESIAN_POINT ( 'NONE',  ( -26.97077382307633897, 17.97390613656505565, 0.1001241447372931553 ) ) ;
#2084 = CARTESIAN_POINT ( 'NONE',  ( 23.92775436484045315, -18.99999999999999645, 0.3345313028230759711 ) ) ;
#2085 = ORIENTED_EDGE ( 'NONE', *, *, #2144, .T. ) ;
#2086 = ORIENTED_EDGE ( 'NONE', *, *, #660, .F. ) ;
#2087 = CARTESIAN_POINT ( 'NONE',  ( 27.99999999999999289, -4.619999999999993889, 8.410000000000000142 ) ) ;
#2088 = ADVANCED_FACE ( 'NONE', ( #2412 ), #205, .F. ) ;
#2089 = ORIENTED_EDGE ( 'NONE', *, *, #2720, .T. ) ;
#2090 = CARTESIAN_POINT ( 'NONE',  ( 27.30608093336563513, -16.29145350433572048, 16.26672668900394925 ) ) ;
#2091 = EDGE_CURVE ( 'NONE', #399, #2972, #46, .T. ) ;
#2092 = CARTESIAN_POINT ( 'NONE',  ( -29.74963471144244664, 20.32809418392922041, -0.1385283814554418846 ) ) ;
#2093 = ORIENTED_EDGE ( 'NONE', *, *, #3654, .F. ) ;
#2094 = CARTESIAN_POINT ( 'NONE',  ( 24.26366534303237898, 18.00000000000000711, 1.308044951143190415 ) ) ;
#2095 = EDGE_LOOP ( 'NONE', ( #3880, #2158, #4080, #6159 ) ) ;
#2097 = CARTESIAN_POINT ( 'NONE',  ( 26.81764282352040496, -21.82948952740921555, -0.5805635068604959592 ) ) ;
#2096 = CARTESIAN_POINT ( 'NONE',  ( 26.95915279878970594, 14.19822149319465865, -1.103049451090946764 ) ) ;
#2098 = EDGE_CURVE ( 'NONE', #1585, #2011, #5991, .T. ) ;
#2099 = CARTESIAN_POINT ( 'NONE',  ( -26.50000000000000711, -13.99999999999999822, -0.6047207381380291791 ) ) ;
#2100 = CIRCLE ( 'NONE', #3262, 330.0000000000000000 ) ;
#2101 = CARTESIAN_POINT ( 'NONE',  ( 25.80943427677801338, 17.60413874941090384, 17.32324404821564556 ) ) ;
#2102 = CARTESIAN_POINT ( 'NONE',  ( 21.35091310380201435, -12.66346591550382783, 18.44267088172673752 ) ) ;
#2103 = CARTESIAN_POINT ( 'NONE',  ( 21.58658874456588350, 12.21317910349045022, 18.37034353870271630 ) ) ;
#2104 = ORIENTED_EDGE ( 'NONE', *, *, #3013, .F. ) ;
#2105 = CARTESIAN_POINT ( 'NONE',  ( -20.08469709767365785, -17.00000000000000000, 9.115139758254795055 ) ) ;
#2106 = ORIENTED_EDGE ( 'NONE', *, *, #271, .T. ) ;
#2107 = AXIS2_PLACEMENT_3D ( 'NONE', #5666, #5234, #1380 ) ;
#2108 = CARTESIAN_POINT ( 'NONE',  ( 32.00000000000000000, -15.74320242883304033, -1.004559301993034781 ) ) ;
#2109 = DIRECTION ( 'NONE',  ( 0.000000000000000000, 0.000000000000000000, -1.000000000000000000 ) ) ;
#2110 = CARTESIAN_POINT ( 'NONE',  ( -29.04209786377669644, -20.22660251911919005, -1.280253509337787587 ) ) ;
#2111 = ORIENTED_EDGE ( 'NONE', *, *, #2866, .F. ) ;
#2112 = CARTESIAN_POINT ( 'NONE',  ( -26.17876846331618168, 21.95671512575406226, -0.3323609308879538204 ) ) ;
#2113 =( BOUNDED_SURFACE ( )  B_SPLINE_SURFACE ( 3, 2, ( 
 ( #3165, #2609, #4571 ),
 ( #4087, #1272, #4637 ),
 ( #299, #1746, #6008 ),
 ( #3105, #5583, #254 ),
 ( #1685, #5124, #3611 ),
 ( #2677, #4169, #6069 ),
 ( #6091, #275, #754 ),
 ( #6046, #2230, #4106 ),
 ( #1291, #3184, #3146 ),
 ( #3658, #731, #1253 ),
 ( #3681, #4614, #5605 ),
 ( #4658, #1213, #5542 ),
 ( #1232, #2695, #338 ),
 ( #792, #5060, #1701 ),
 ( #5081, #1723, #1764 ),
 ( #2164, #2189, #5559 ),
 ( #2652, #3635, #4129 ),
 ( #3224, #512, #1846 ),
 ( #6124, #2284, #6160 ),
 ( #3715, #401, #3734 ),
 ( #3259, #5670, #3356 ),
 ( #2736, #1804, #875 ) ),
 .UNSPECIFIED., .F., .F., .T. ) 
 B_SPLINE_SURFACE_WITH_KNOTS ( ( 4, 2, 2, 2, 2, 2, 2, 2, 2, 2, 4 ),
 ( 3, 3 ),
 ( 3.035766082959412415E-18, 0.001212851305149023054, 0.001819276957723533171, 0.002425702610298043072, 0.003638553915447062873, 0.004851405220596082674, 0.006064256525745102475, 0.006670682178319612375, 0.007277107830894122276, 0.008489959136043142077, 0.009702810441192161878 ),
 ( 0.000000000000000000, 1.000000000000000000 ),
 .UNSPECIFIED. ) 
 GEOMETRIC_REPRESENTATION_ITEM ( )  RATIONAL_B_SPLINE_SURFACE ( (
 ( 1.000000000000000000, 0.7071067811865475727, 1.000000000000000000),
 ( 1.000000000000000000, 0.7088905915707371941, 1.000000000000000000),
 ( 1.000000000000000000, 0.7107243003338488130, 1.000000000000000000),
 ( 1.000000000000000000, 0.7135371868564175379, 1.000000000000000000),
 ( 1.000000000000000000, 0.7144851853375201456, 1.000000000000000000),
 ( 1.000000000000000000, 0.7163993236160152156, 1.000000000000000000),
 ( 1.000000000000000000, 0.7173686675973413029, 1.000000000000000000),
 ( 1.000000000000000000, 0.7202364058503466504, 1.000000000000000000),
 ( 1.000000000000000000, 0.7221138515437756089, 1.000000000000000000),
 ( 1.000000000000000000, 0.7257625552450902573, 1.000000000000000000),
 ( 1.000000000000000000, 0.7275432998542111784, 1.000000000000000000),
 ( 1.000000000000000000, 0.7308026173101788148, 1.000000000000000000),
 ( 1.000000000000000000, 0.7323008167046620720, 1.000000000000000000),
 ( 1.000000000000000000, 0.7343147088317641957, 1.000000000000000000),
 ( 1.000000000000000000, 0.7349466975183570616, 1.000000000000000000),
 ( 1.000000000000000000, 0.7360992241188700769, 1.000000000000000000),
 ( 1.000000000000000000, 0.7366237576616214699, 1.000000000000000000),
 ( 1.000000000000000000, 0.7380386851633684575, 1.000000000000000000),
 ( 1.000000000000000000, 0.7387740034815702961, 1.000000000000000000),
 ( 1.000000000000000000, 0.7397667200677174870, 1.000000000000000000),
 ( 1.000000000000000000, 0.7400170701348471880, 1.000000000000000000),
 ( 1.000000000000000000, 0.7400177344862064466, 1.000000000000000000) ) ) 
 REPRESENTATION_ITEM ( '' )  SURFACE ( )  );
#2114 = LINE ( 'NONE', #1283, #5058 ) ;
#2115 = ADVANCED_FACE ( 'NONE', ( #420 ), #102, .F. ) ;
#2116 = CARTESIAN_POINT ( 'NONE',  ( 23.50000000000000355, -11.20000000000000284, 6.399999999999999467 ) ) ;
#2117 = ORIENTED_EDGE ( 'NONE', *, *, #5374, .F. ) ;
#2119 = CARTESIAN_POINT ( 'NONE',  ( 28.65096190054033798, -21.11826264279132559, -0.7223760167998307669 ) ) ;
#2118 = CARTESIAN_POINT ( 'NONE',  ( -15.09000000000000341, -17.40000000000000213, 8.650000000000002132 ) ) ;
#2120 = LINE ( 'NONE', #5945, #928 ) ;
#2121 = CARTESIAN_POINT ( 'NONE',  ( -27.89176606766013577, 17.04932209233575335, 0.02351791763508182670 ) ) ;
#2122 = DIRECTION ( 'NONE',  ( 1.000000000000000000, 0.000000000000000000, 0.000000000000000000 ) ) ;
#2123 = CARTESIAN_POINT ( 'NONE',  ( 12.06000000000000405, -13.99999999999999822, 19.00000000000000000 ) ) ;
#2124 = CARTESIAN_POINT ( 'NONE',  ( -26.95915279878971660, -14.19822149319465865, -1.103049451090977628 ) ) ;
#2125 = VECTOR ( 'NONE', #5386, 1000.000000000000000 ) ;
#2126 = EDGE_CURVE ( 'NONE', #1268, #1136, #4545, .T. ) ;
#2127 = CARTESIAN_POINT ( 'NONE',  ( -25.30000000000000071, -22.00000000000000000, -0.2692007106404048500 ) ) ;
#2128 = ORIENTED_EDGE ( 'NONE', *, *, #1193, .F. ) ;
#2129 = DIRECTION ( 'NONE',  ( -1.000000000000000000, 0.000000000000000000, 0.000000000000000000 ) ) ;
#2130 = ORIENTED_EDGE ( 'NONE', *, *, #5824, .F. ) ;
#2131 = CARTESIAN_POINT ( 'NONE',  ( 32.00000000000000000, -15.30000000000000249, -1.554718901937540920 ) ) ;
#2132 = CARTESIAN_POINT ( 'NONE',  ( -31.45234493074901394, 15.71012762064264834, -1.502283115457270890 ) ) ;
#2133 = FACE_OUTER_BOUND ( 'NONE', #2832, .T. ) ;
#2134 = CARTESIAN_POINT ( 'NONE',  ( 9.475404804395520131, -14.28260869565217028, 17.49999999999999645 ) ) ;
#2135 = CARTESIAN_POINT ( 'NONE',  ( 12.06000000000000405, -13.99999999999999822, 19.00000000000000000 ) ) ;
#2136 = CARTESIAN_POINT ( 'NONE',  ( -30.27552156677914397, 19.08168435066643198, -0.1865920306830530229 ) ) ;
#2137 = EDGE_CURVE ( 'NONE', #1871, #475, #4236, .T. ) ;
#2138 = FACE_OUTER_BOUND ( 'NONE', #842, .T. ) ;
#2139 = DIRECTION ( 'NONE',  ( 0.000000000000000000, -1.000000000000000000, 0.000000000000000000 ) ) ;
#2141 = CARTESIAN_POINT ( 'NONE',  ( -37.89420444775280572, -30.00000000000000000, 8.855040228933070523 ) ) ;
#2140 = CARTESIAN_POINT ( 'NONE',  ( 25.46593562676649469, 16.60293754569990909, -0.9840231092721166695 ) ) ;
#2142 = DIRECTION ( 'NONE',  ( -1.000000000000000000, 0.000000000000000000, 0.000000000000000000 ) ) ;
#2143 = CIRCLE ( 'NONE', #4237, 1.749999999999999778 ) ;
#2144 = EDGE_CURVE ( 'NONE', #5102, #2514, #5159, .T. ) ;
#2145 = CARTESIAN_POINT ( 'NONE',  ( 21.20000000000000639, -13.32783496329851758, 18.47251272689750579 ) ) ;
#2146 = CARTESIAN_POINT ( 'NONE',  ( -25.66114426259149894, 17.63876349037132485, 16.48822704292615171 ) ) ;
#2147 = AXIS2_PLACEMENT_3D ( 'NONE', #5891, #158, #5088 ) ;
#2148 = ADVANCED_FACE ( 'NONE', ( #4383 ), #2431, .F. ) ;
#2149 = CARTESIAN_POINT ( 'NONE',  ( -24.43503365581404907, 16.99999999999999289, 18.11928168466328870 ) ) ;
#2150 = CARTESIAN_POINT ( 'NONE',  ( 25.81932054130695775, 16.72907261777847054, 17.30745896344518897 ) ) ;
#2151 = CARTESIAN_POINT ( 'NONE',  ( 28.08418632555743244, -20.86449206802604550, 0.007197944815175073667 ) ) ;
#2152 = CARTESIAN_POINT ( 'NONE',  ( -27.34243559342371555, 21.18197848668169314, 0.06964588587878410564 ) ) ;
#2153 = CARTESIAN_POINT ( 'NONE',  ( -27.49575613633195559, 21.63385911822580354, 0.05680031963241066739 ) ) ;
#2154 = ORIENTED_EDGE ( 'NONE', *, *, #5769, .T. ) ;
#2155 = CARTESIAN_POINT ( 'NONE',  ( 27.99999999999999289, -13.99999999999999645, 0.01557451753958472365 ) ) ;
#2156 = ORIENTED_EDGE ( 'NONE', *, *, #4064, .F. ) ;
#2157 = DIRECTION ( 'NONE',  ( -0.000000000000000000, -0.000000000000000000, 1.000000000000000000 ) ) ;
#2158 = ORIENTED_EDGE ( 'NONE', *, *, #705, .F. ) ;
#2159 = CARTESIAN_POINT ( 'NONE',  ( 26.42006498991898056, 14.64798730461095744, -0.5968699949225840795 ) ) ;
#2160 = CARTESIAN_POINT ( 'NONE',  ( -25.39153204592830804, -16.90483467703933584, 17.60691091021024590 ) ) ;
#2161 = CARTESIAN_POINT ( 'NONE',  ( 26.49999999999999289, 4.619999999999977902, 20.00000000000005329 ) ) ;
#2162 = ORIENTED_EDGE ( 'NONE', *, *, #2366, .T. ) ;
#2163 = EDGE_LOOP ( 'NONE', ( #2433, #3194, #2698, #3852 ) ) ;
#2164 = CARTESIAN_POINT ( 'NONE',  ( -30.90685591708935576, -18.05053582236320509, -0.2452190300614402463 ) ) ;
#2165 = CARTESIAN_POINT ( 'NONE',  ( -27.97396592357579337, -14.52667159455337043, 0.9346319907073171729 ) ) ;
#2166 = ORIENTED_EDGE ( 'NONE', *, *, #4466, .F. ) ;
#2167 = CARTESIAN_POINT ( 'NONE',  ( -23.50000000000000355, 11.20000000000000284, 17.10000000000001208 ) ) ;
#2168 = PERSON_AND_ORGANIZATION ( #2644, #6096 ) ;
#2169 = DIRECTION ( 'NONE',  ( -0.000000000000000000, -0.000000000000000000, 1.000000000000000000 ) ) ;
#2170 = VERTEX_POINT ( 'NONE', #58 ) ;
#2171 = EDGE_CURVE ( 'NONE', #283, #4487, #3386, .T. ) ;
#2172 = DIRECTION ( 'NONE',  ( -1.000000000000000000, -1.239088197126290817E-16, 0.000000000000000000 ) ) ;
#2173 = DIRECTION ( 'NONE',  ( 1.000000000000000000, 0.000000000000000000, 0.000000000000000000 ) ) ;
#2174 = CARTESIAN_POINT ( 'NONE',  ( -29.12827534031823618, 20.22797674332198170, -0.08319313476072735802 ) ) ;
#2175 = ORIENTED_EDGE ( 'NONE', *, *, #5441, .T. ) ;
#2176 = CARTESIAN_POINT ( 'NONE',  ( 31.99999999798674821, 15.74664939846665312, -1.554718901773087802 ) ) ;
#2177 = ADVANCED_FACE ( 'NONE', ( #5371 ), #626, .F. ) ;
#2178 = B_SPLINE_CURVE_WITH_KNOTS ( 'NONE', 3,
 ( #4246, #3335, #932, #4753 ),
 .UNSPECIFIED., .F., .F.,
 ( 4, 4 ),
 ( 4.906538933386797396E-18, 0.001627485163824857455 ),
 .UNSPECIFIED. ) ;
#2179 = EDGE_LOOP ( 'NONE', ( #1047, #4217, #813, #3469 ) ) ;
#2180 = CARTESIAN_POINT ( 'NONE',  ( -25.24585819694362598, -16.72907261777850252, 16.48822704292614816 ) ) ;
#2181 = CIRCLE ( 'NONE', #2892, 0.5000000000000000000 ) ;
#2182 = CARTESIAN_POINT ( 'NONE',  ( 26.21995055606330993, 15.98295274471240823, -1.043265191273904824 ) ) ;
#2183 = EDGE_CURVE ( 'NONE', #5761, #4203, #3855, .T. ) ;
#2184 = CARTESIAN_POINT ( 'NONE',  ( -26.34571738893476933, -15.82953217571382254, -1.053324870710718564 ) ) ;
#2185 = AXIS2_PLACEMENT_3D ( 'NONE', #4176, #3211, #4823 ) ;
#2186 = CARTESIAN_POINT ( 'NONE',  ( 24.43503365581403131, 17.00000000000000000, 18.11928168466329225 ) ) ;
#2187 = VERTEX_POINT ( 'NONE', #5838 ) ;
#2188 = FACE_OUTER_BOUND ( 'NONE', #5532, .T. ) ;
#2189 = CARTESIAN_POINT ( 'NONE',  ( -31.31695959498382820, -18.25535361090684816, -0.2836547656029334563 ) ) ;
#2190 = AXIS2_PLACEMENT_3D ( 'NONE', #6024, #3139, #3627 ) ;
#2191 = CARTESIAN_POINT ( 'NONE',  ( -25.40605247977217829, 17.75521630534152706, 16.62215023031091121 ) ) ;
#2192 = ORIENTED_EDGE ( 'NONE', *, *, #3409, .T. ) ;
#2193 =( BOUNDED_CURVE ( )  B_SPLINE_CURVE ( 3, ( #5783, #47, #2401, #5247 ),
 .UNSPECIFIED., .F., .T. ) 
 B_SPLINE_CURVE_WITH_KNOTS ( ( 4, 4 ),
 ( 0.000000000000000000, 3.141592653589793116 ),
 .UNSPECIFIED. ) 
 CURVE ( )  GEOMETRIC_REPRESENTATION_ITEM ( )  RATIONAL_B_SPLINE_CURVE ( ( 1.000000000000000000, 0.3333333333333333703, 0.3333333333333333703, 1.000000000000000000 ) ) 
 REPRESENTATION_ITEM ( '' )  );
#2194 = DIRECTION ( 'NONE',  ( 0.000000000000000000, 0.000000000000000000, -1.000000000000000000 ) ) ;
#2195 = CIRCLE ( 'NONE', #5864, 0.5000000000000000000 ) ;
#2196 = AXIS2_PLACEMENT_3D ( 'NONE', #3865, #502, #2885 ) ;
#2197 = DIRECTION ( 'NONE',  ( 0.000000000000000000, 0.000000000000000000, -1.000000000000000000 ) ) ;
#2198 = CARTESIAN_POINT ( 'NONE',  ( 25.33825219231932735, -21.50000000000000000, 0.2293339118110010177 ) ) ;
#2199 = CARTESIAN_POINT ( 'NONE',  ( -26.50000000000000711, 13.99999999999999289, -0.6047207381380537150 ) ) ;
#2200 = CARTESIAN_POINT ( 'NONE',  ( 0.000000000000000000, -21.50000000000000000, -330.0000000000000000 ) ) ;
#2201 = ORIENTED_EDGE ( 'NONE', *, *, #2509, .F. ) ;
#2202 = CARTESIAN_POINT ( 'NONE',  ( 31.32002608590445902, 18.27360153855898162, -0.9448829934815151654 ) ) ;
#2203 = DIRECTION ( 'NONE',  ( 1.000000000000000000, 1.239088197126290817E-16, 0.000000000000000000 ) ) ;
#2204 = DIRECTION ( 'NONE',  ( -1.000000000000000000, 0.000000000000000000, 0.000000000000000000 ) ) ;
#2205 = EDGE_LOOP ( 'NONE', ( #3578, #5369, #104, #1046 ) ) ;
#2206 = CARTESIAN_POINT ( 'NONE',  ( -31.50000000000000000, -15.30000000000000071, -1.004559302108243291 ) ) ;
#2207 = CARTESIAN_POINT ( 'NONE',  ( -26.37201440761118576, -14.80648315086584255, -0.5921591762202714770 ) ) ;
#2208 = VECTOR ( 'NONE', #4471, 1000.000000000000000 ) ;
#2209 = CARTESIAN_POINT ( 'NONE',  ( 23.50000000000000355, -11.20000000000000284, 17.10000000000000497 ) ) ;
#2210 = ORIENTED_EDGE ( 'NONE', *, *, #2098, .F. ) ;
#2211 = EDGE_CURVE ( 'NONE', #2297, #1113, #4845, .T. ) ;
#2212 = DIRECTION ( 'NONE',  ( 1.000000000000000000, 1.239088197126290817E-16, 0.000000000000000000 ) ) ;
#2213 = ADVANCED_FACE ( 'NONE', ( #6055 ), #371, .T. ) ;
#2214 = FACE_OUTER_BOUND ( 'NONE', #2034, .T. ) ;
#2215 = CARTESIAN_POINT ( 'NONE',  ( 31.24510658897568049, 16.90374923745379832, -1.482501497448964978 ) ) ;
#2216 = CARTESIAN_POINT ( 'NONE',  ( 27.99999999999999289, -16.49999999999999289, 6.399999999999999467 ) ) ;
#2217 = PLANE ( 'NONE',  #3795 ) ;
#2218 = FACE_OUTER_BOUND ( 'NONE', #1344, .T. ) ;
#2219 = CARTESIAN_POINT ( 'NONE',  ( -30.17766799518104648, 19.09026210337652074, -1.382654054066312810 ) ) ;
#2220 = EDGE_CURVE ( 'NONE', #5553, #2765, #4260, .T. ) ;
#2221 = CARTESIAN_POINT ( 'NONE',  ( 31.10195442703115987, 18.67974287342327955, -1.468494569852004883 ) ) ;
#2222 = AXIS2_PLACEMENT_3D ( 'NONE', #3973, #2592, #1735 ) ;
#2223 = DIRECTION ( 'NONE',  ( -0.000000000000000000, -1.000000000000000000, -0.000000000000000000 ) ) ;
#2224 = LINE ( 'NONE', #3125, #2421 ) ;
#2225 = DIRECTION ( 'NONE',  ( -0.000000000000000000, -0.000000000000000000, 1.000000000000000000 ) ) ;
#2226 = CARTESIAN_POINT ( 'NONE',  ( -26.24640643564071141, -15.10929056088003719, -0.5799095770130602290 ) ) ;
#2227 = DIRECTION ( 'NONE',  ( -0.000000000000000000, -1.000000000000000000, -0.000000000000000000 ) ) ;
#2228 = ORIENTED_EDGE ( 'NONE', *, *, #1379, .T. ) ;
#2229 = VERTEX_POINT ( 'NONE', #3163 ) ;
#2230 = CARTESIAN_POINT ( 'NONE',  ( -28.29800313077440421, -21.30782446111961548, -0.01080225467569364585 ) ) ;
#2231 = AXIS2_PLACEMENT_3D ( 'NONE', #3027, #2008, #4009 ) ;
#2232 = ORIENTED_EDGE ( 'NONE', *, *, #6168, .T. ) ;
#2233 = DIRECTION ( 'NONE',  ( -0.000000000000000000, -0.000000000000000000, 1.000000000000000000 ) ) ;
#2234 = ORIENTED_EDGE ( 'NONE', *, *, #6193, .F. ) ;
#2235 = CARTESIAN_POINT ( 'NONE',  ( -30.82487971565867824, -18.05001268452309304, -1.442773395309020046 ) ) ;
#2236 = CARTESIAN_POINT ( 'NONE',  ( -22.01648022708848629, -11.74239677874085253, 18.13846384103808163 ) ) ;
#2237 = EDGE_LOOP ( 'NONE', ( #3707, #332, #4503, #518, #2927, #5654 ) ) ;
#2238 = CARTESIAN_POINT ( 'NONE',  ( 29.38948216031090510, 20.62539800397683720, -0.7820339039633973366 ) ) ;
#2239 = PLANE ( 'NONE',  #1747 ) ;
#2240 = ORIENTED_EDGE ( 'NONE', *, *, #5651, .F. ) ;
#2241 = CARTESIAN_POINT ( 'NONE',  ( 8.481329729163025632, -14.39130434782608248, 18.50000000000000000 ) ) ;
#2242 = CARTESIAN_POINT ( 'NONE',  ( -26.56322008483842723, -15.50346286473304858, -1.070817284212011389 ) ) ;
#2243 = LINE ( 'NONE', #1349, #1868 ) ;
#2244 = EDGE_CURVE ( 'NONE', #2514, #3928, #1170, .T. ) ;
#2245 = DIRECTION ( 'NONE',  ( 0.000000000000000000, 0.000000000000000000, -1.000000000000000000 ) ) ;
#2246 = ORIENTED_EDGE ( 'NONE', *, *, #3271, .T. ) ;
#2247 = CARTESIAN_POINT ( 'NONE',  ( 21.20000000000000639, -16.49999999999999289, 17.44382543818899123 ) ) ;
#2248 = FACE_OUTER_BOUND ( 'NONE', #4748, .T. ) ;
#2249 = CARTESIAN_POINT ( 'NONE',  ( 28.91270319084888030, 14.33016453095356724, -0.06440690007721362742 ) ) ;
#2250 = CARTESIAN_POINT ( 'NONE',  ( 25.52126940705367986, -15.99056265131645915, -0.5105175467056440874 ) ) ;
#2251 = EDGE_CURVE ( 'NONE', #1849, #5000, #558, .T. ) ;
#2252 = CARTESIAN_POINT ( 'NONE',  ( 26.80580243579953859, 14.96777978055957981, -1.090506893081070183 ) ) ;
#2253 = ORIENTED_EDGE ( 'NONE', *, *, #4124, .F. ) ;
#2254 = CARTESIAN_POINT ( 'NONE',  ( -24.29052995264537529, 16.48869342389768278, -0.8951544942876342725 ) ) ;
#2255 = ORIENTED_EDGE ( 'NONE', *, *, #3572, .F. ) ;
#2256 = CARTESIAN_POINT ( 'NONE',  ( 23.50000000000000355, 11.20000000000000284, 17.10000000000000497 ) ) ;
#2257 = VECTOR ( 'NONE', #6163, 1000.000000000000000 ) ;
#2258 = CARTESIAN_POINT ( 'NONE',  ( 23.50000000000000355, -13.50000000000000355, 6.399999999999999467 ) ) ;
#2259 = DIRECTION ( 'NONE',  ( -0.7673251572249036867, 0.3502942100631524225, -0.5371276100574322587 ) ) ;
#2260 = ORIENTED_EDGE ( 'NONE', *, *, #6030, .F. ) ;
#2261 = CARTESIAN_POINT ( 'NONE',  ( 7.487254653930533799, -14.49999999999999467, 17.49999999999999645 ) ) ;
#2262 = FACE_OUTER_BOUND ( 'NONE', #2858, .T. ) ;
#2263 = EDGE_CURVE ( 'NONE', #2641, #5351, #2485, .T. ) ;
#2264 = CARTESIAN_POINT ( 'NONE',  ( -31.77198452524594785, -17.04723015241301809, -1.532611051892247112 ) ) ;
#2265 = PRODUCT_DEFINITION_SHAPE ( 'NONE', 'NONE',  #5268 ) ;
#2266 = AXIS2_PLACEMENT_3D ( 'NONE', #2261, #2225, #6103 ) ;
#2267 = CARTESIAN_POINT ( 'NONE',  ( 0.000000000000000000, -21.50000000000000000, 0.6999999999999229061 ) ) ;
#2268 = AXIS2_PLACEMENT_3D ( 'NONE', #1962, #1880, #4320 ) ;
#2269 = CARTESIAN_POINT ( 'NONE',  ( 17.99999999999999645, 3.220000000000009077, 8.410000000000000142 ) ) ;
#2270 = LINE ( 'NONE', #5085, #1597 ) ;
#2271 = CARTESIAN_POINT ( 'NONE',  ( -22.95123328238382499, -11.20000000000000284, 17.48413670233133743 ) ) ;
#2272 = ORIENTED_EDGE ( 'NONE', *, *, #733, .F. ) ;
#2273 = FACE_OUTER_BOUND ( 'NONE', #3098, .T. ) ;
#2274 = CARTESIAN_POINT ( 'NONE',  ( 26.49999999999999289, -13.99999999999999289, 6.399999999999999467 ) ) ;
#2275 = CARTESIAN_POINT ( 'NONE',  ( 21.20000000000000639, 15.63414534763192520, 18.47251272689750223 ) ) ;
#2276 = ORIENTED_EDGE ( 'NONE', *, *, #2091, .F. ) ;
#2277 = ORIENTED_EDGE ( 'NONE', *, *, #5582, .T. ) ;
#2278 = FACE_OUTER_BOUND ( 'NONE', #5875, .T. ) ;
#2279 = CARTESIAN_POINT ( 'NONE',  ( 20.08469709767365075, -16.99999999999999289, 18.11513975825479505 ) ) ;
#2280 = CARTESIAN_POINT ( 'NONE',  ( -27.00000000000000711, 13.99999999999999112, 15.26032778078668528 ) ) ;
#2281 = CARTESIAN_POINT ( 'NONE',  ( 25.68258141832797747, 18.68281250343576616, 0.2027678191160195431 ) ) ;
#2282 = CARTESIAN_POINT ( 'NONE',  ( -20.86955553836182631, 12.36421833083991118, 18.50000000000000000 ) ) ;
#2283 = B_SPLINE_CURVE_WITH_KNOTS ( 'NONE', 3,
 ( #3143, #2766, #5673, #4486, #981, #4333, #5, #3326 ),
 .UNSPECIFIED., .F., .F.,
 ( 4, 2, 2, 4 ),
 ( 0.000000000000000000, 0.0003965005786067982586, 0.0007930011572135965171, 0.001586002314427200407 ),
 .UNSPECIFIED. ) ;
#2284 = CARTESIAN_POINT ( 'NONE',  ( -31.78552656838656176, -17.03823034647718870, -0.3284628998142092859 ) ) ;
#2285 = EDGE_CURVE ( 'NONE', #43, #2057, #3854, .T. ) ;
#2286 = CARTESIAN_POINT ( 'NONE',  ( -28.08543289573876578, -20.87496479669264104, 0.007258019972764699623 ) ) ;
#2287 = FACE_OUTER_BOUND ( 'NONE', #2342, .T. ) ;
#2288 = CARTESIAN_POINT ( 'NONE',  ( -26.21856902389919952, 15.98453227234230134, -1.043155023893702626 ) ) ;
#2289 = CARTESIAN_POINT ( 'NONE',  ( 27.99999999999999289, 15.61256877028555579, 15.26032778078668883 ) ) ;
#2290 = CARTESIAN_POINT ( 'NONE',  ( 31.54762624735409915, 22.00000000000000000, -0.3059186485793174981 ) ) ;
#2291 = CIRCLE ( 'NONE', #6052, 2.499999999999998668 ) ;
#2292 = EDGE_CURVE ( 'NONE', #313, #3828, #5836, .T. ) ;
#2293 = DIRECTION ( 'NONE',  ( -0.000000000000000000, -0.000000000000000000, 1.000000000000000000 ) ) ;
#2294 = ORIENTED_EDGE ( 'NONE', *, *, #3525, .T. ) ;
#2295 =( BOUNDED_CURVE ( )  B_SPLINE_CURVE ( 3, ( #4739, #2271, #2777, #858 ),
 .UNSPECIFIED., .F., .T. ) 
 B_SPLINE_CURVE_WITH_KNOTS ( ( 4, 4 ),
 ( 4.712388980384690562, 5.413423513487638061 ),
 .UNSPECIFIED. ) 
 CURVE ( )  GEOMETRIC_REPRESENTATION_ITEM ( )  RATIONAL_B_SPLINE_CURVE ( ( 1.000000000000000000, 0.9594634784116259363, 0.9594634784116259363, 1.000000000000000000 ) ) 
 REPRESENTATION_ITEM ( '' )  );
#2296 = CARTESIAN_POINT ( 'NONE',  ( -27.89348916861733585, -15.05471760911663637, 0.9435108497375537251 ) ) ;
#2297 = VERTEX_POINT ( 'NONE', #450 ) ;
#2298 = CARTESIAN_POINT ( 'NONE',  ( -30.82406727618048592, -18.05169097621291030, -1.442697088760735324 ) ) ;
#2299 = AXIS2_PLACEMENT_3D ( 'NONE', #1265, #2223, #5618 ) ;
#2300 = VERTEX_POINT ( 'NONE', #435 ) ;
#2301 = CARTESIAN_POINT ( 'NONE',  ( 0.000000000000000000, -21.50000000000000000, 0.000000000000000000 ) ) ;
#2302 = DIRECTION ( 'NONE',  ( 0.000000000000000000, 1.000000000000000000, 0.000000000000000000 ) ) ;
#2303 = AXIS2_PLACEMENT_3D ( 'NONE', #116, #3601, #739 ) ;
#2304 = EDGE_LOOP ( 'NONE', ( #3696, #3065, #1204, #3736, #451 ) ) ;
#2305 = CARTESIAN_POINT ( 'NONE',  ( -25.29070080498232187, 16.69672072640924654, -0.9704975318026347608 ) ) ;
#2306 = ORIENTED_EDGE ( 'NONE', *, *, #5538, .T. ) ;
#2307 = CARTESIAN_POINT ( 'NONE',  ( -24.00000000000001066, 16.49999999999999289, -1.065736050498977683 ) ) ;
#2308 = CARTESIAN_POINT ( 'NONE',  ( 27.99999999999999289, -16.49999999999999289, 17.49999999999999645 ) ) ;
#2309 = ORIENTED_EDGE ( 'NONE', *, *, #5977, .F. ) ;
#2310 = COORDINATED_UNIVERSAL_TIME_OFFSET ( 8, 0, .AHEAD. ) ;
#2311 = CARTESIAN_POINT ( 'NONE',  ( 32.00000000000000000, -15.30000000000000071, -1.004559302108243291 ) ) ;
#2312 = ORIENTED_EDGE ( 'NONE', *, *, #5015, .F. ) ;
#2313 = CARTESIAN_POINT ( 'NONE',  ( 26.67247490496460927, 21.34030617309649003, -1.079615743075105883 ) ) ;
#2314 = CARTESIAN_POINT ( 'NONE',  ( 0.000000000000000000, 22.00000000000000000, -330.0000000000000000 ) ) ;
#2315 = CARTESIAN_POINT ( 'NONE',  ( -6.195440985631415874E-17, -16.49999999999999645, -330.0000000000000000 ) ) ;
#2316 = ORIENTED_EDGE ( 'NONE', *, *, #5282, .F. ) ;
#2317 = EDGE_CURVE ( 'NONE', #1475, #5581, #2786, .T. ) ;
#2318 = ORIENTED_EDGE ( 'NONE', *, *, #5282, .T. ) ;
#2319 = VECTOR ( 'NONE', #2829, 1000.000000000000000 ) ;
#2320 = B_SPLINE_CURVE_WITH_KNOTS ( 'NONE', 3,
 ( #5715, #2741, #5636, #4227, #1319, #5151, #2799, #3720, #2250, #6114, #4211, #6130, #3209, #3739, #4250, #1831 ),
 .UNSPECIFIED., .F., .F.,
 ( 4, 2, 2, 2, 2, 2, 2, 4 ),
 ( 0.000000000000000000, 0.0009866249702141646153, 0.001479937455321251151, 0.001973249940428337904, 0.002466562425535424440, 0.002959874910642510976, 0.003453187395749597512, 0.003946499880856684482 ),
 .UNSPECIFIED. ) ;
#2321 = CARTESIAN_POINT ( 'NONE',  ( -24.29435991772286130, 18.00000000000000000, 17.11220285464329649 ) ) ;
#2322 = CARTESIAN_POINT ( 'NONE',  ( 23.99999999999999289, -17.99999999999999645, 17.21886749202234412 ) ) ;
#2323 = ADVANCED_FACE ( 'NONE', ( #1089 ), #867, .T. ) ;
#2324 = ORIENTED_EDGE ( 'NONE', *, *, #4223, .T. ) ;
#2325 = DIRECTION ( 'NONE',  ( 0.000000000000000000, 0.000000000000000000, 1.000000000000000000 ) ) ;
#2326 = VECTOR ( 'NONE', #807, 1000.000000000000000 ) ;
#2327 = EDGE_CURVE ( 'NONE', #1904, #4928, #5528, .T. ) ;
#2328 = CARTESIAN_POINT ( 'NONE',  ( -25.25029657146613005, 16.17103069358024214, -0.4851922050481964899 ) ) ;
#2329 = CARTESIAN_POINT ( 'NONE',  ( 31.15152096278348637, -17.48842087622431407, -0.2682470801674621264 ) ) ;
#2330 = ORIENTED_EDGE ( 'NONE', *, *, #1892, .T. ) ;
#2331 = CIRCLE ( 'NONE', #1634, 1.100000000000000311 ) ;
#2332 = CARTESIAN_POINT ( 'NONE',  ( 25.70385639919701504, 22.00253043037272249, -1.002266878702646080 ) ) ;
#2333 = CARTESIAN_POINT ( 'NONE',  ( -28.15913079150006482, -16.64842502426039417, 0.0007753533873651218596 ) ) ;
#2334 = EDGE_CURVE ( 'NONE', #740, #4824, #4698, .T. ) ;
#2335 = CARTESIAN_POINT ( 'NONE',  ( 24.90599765676678601, 17.89821593224354146, 1.247978364630786263 ) ) ;
#2336 = FACE_OUTER_BOUND ( 'NONE', #3336, .T. ) ;
#2337 = VERTEX_POINT ( 'NONE', #3269 ) ;
#2338 = AXIS2_PLACEMENT_3D ( 'NONE', #1219, #2197, #1258 ) ;
#2339 = DIRECTION ( 'NONE',  ( -0.07224563515954156301, 0.000000000000000000, -0.9973868698756739315 ) ) ;
#2340 = ORIENTED_EDGE ( 'NONE', *, *, #6093, .T. ) ;
#2341 = DIRECTION ( 'NONE',  ( -0.000000000000000000, -0.000000000000000000, 1.000000000000000000 ) ) ;
#2342 = EDGE_LOOP ( 'NONE', ( #1209, #3060, #3813, #5358 ) ) ;
#2343 = CARTESIAN_POINT ( 'NONE',  ( 23.50000000000000355, 13.50000000000000355, 6.399999999999999467 ) ) ;
#2344 = CARTESIAN_POINT ( 'NONE',  ( 31.57259695080221462, -17.66490643088404866, -0.7660305235705651139 ) ) ;
#2345 = VECTOR ( 'NONE', #1043, 1000.000000000000114 ) ;
#2346 = CC_DESIGN_PERSON_AND_ORGANIZATION_ASSIGNMENT ( #6027, #122, ( #5268 ) ) ;
#2347 = ADVANCED_FACE ( 'NONE', ( #1530 ), #5474, .T. ) ;
#2348 = DIRECTION ( 'NONE',  ( -0.5734623443633297679, -0.000000000000000000, 0.8192319205190395914 ) ) ;
#2349 = EDGE_CURVE ( 'NONE', #2813, #5799, #14, .T. ) ;
#2350 = VECTOR ( 'NONE', #3830, 1000.000000000000000 ) ;
#2351 = CARTESIAN_POINT ( 'NONE',  ( -28.00000000000001066, -14.00000000000000178, 0.9317754462389788994 ) ) ;
#2352 = CARTESIAN_POINT ( 'NONE',  ( 7.487254653930533799, -15.49999999999999467, 18.50000000000000000 ) ) ;
#2353 = CARTESIAN_POINT ( 'NONE',  ( -30.51728899022930719, 18.58279584132058559, -1.414078210537094371 ) ) ;
#2354 = CARTESIAN_POINT ( 'NONE',  ( 25.34174368397123445, 17.77121894188388396, 0.2292644467920189888 ) ) ;
#2355 = VECTOR ( 'NONE', #5044, 1000.000000000000000 ) ;
#2356 = CARTESIAN_POINT ( 'NONE',  ( 23.99999999999999289, 13.99999999999999822, 6.399999999999999467 ) ) ;
#2357 = ORIENTED_EDGE ( 'NONE', *, *, #5244, .T. ) ;
#2358 = CARTESIAN_POINT ( 'NONE',  ( -26.04442676674450752, -17.46378989442033713, 17.14988460563890982 ) ) ;
#2359 = ORIENTED_EDGE ( 'NONE', *, *, #2126, .T. ) ;
#2360 = CARTESIAN_POINT ( 'NONE',  ( 23.99999999999999289, -16.49999999999999289, -0.3725587879552746395 ) ) ;
#2361 = CARTESIAN_POINT ( 'NONE',  ( -26.65459240526798368, 15.33240292730715026, -1.078218482620721730 ) ) ;
#2362 = CARTESIAN_POINT ( 'NONE',  ( -26.50000000000000000, -14.16542403796166560, -0.6047207381381101143 ) ) ;
#2363 = VERTEX_POINT ( 'NONE', #3491 ) ;
#2364 =( BOUNDED_SURFACE ( )  B_SPLINE_SURFACE ( 3, 2, ( 
 ( #5052, #2731, #6134 ),
 ( #4182, #2688, #5643 ),
 ( #6117, #4160, #3747 ),
 ( #5175, #845, #3181 ),
 ( #3219, #3695, #6153 ),
 ( #2746, #4198, #1817 ) ),
 .UNSPECIFIED., .F., .F., .F. ) 
 B_SPLINE_SURFACE_WITH_KNOTS ( ( 4, 2, 4 ),
 ( 3, 3 ),
 ( 0.000000000000000000, 0.0007347448127044892748, 0.001469489625408978550 ),
 ( 0.000000000000000000, 1.000000000000000000 ),
 .UNSPECIFIED. ) 
 GEOMETRIC_REPRESENTATION_ITEM ( )  RATIONAL_B_SPLINE_SURFACE ( (
 ( 1.000000000000000000, 0.7071067811865475727, 1.000000000000000000),
 ( 1.000000000000000000, 0.7186519684896524041, 1.000000000000000000),
 ( 1.000000000000000000, 0.7313918869030348047, 1.000000000000000000),
 ( 1.000000000000000000, 0.7582600226109917907, 1.000000000000000000),
 ( 1.000000000000000000, 0.7723900768394460492, 1.000000000000000000),
 ( 1.000000000000000000, 0.7868134851373150829, 1.000000000000000000) ) ) 
 REPRESENTATION_ITEM ( '' )  SURFACE ( )  );
#2365 = ORIENTED_EDGE ( 'NONE', *, *, #2518, .F. ) ;
#2366 = EDGE_CURVE ( 'NONE', #3506, #5714, #5225, .T. ) ;
#2367 = CARTESIAN_POINT ( 'NONE',  ( 27.99999999999999289, -3.219999999999994422, 6.250000000000000000 ) ) ;
#2368 = AXIS2_PLACEMENT_3D ( 'NONE', #64, #3930, #3384 ) ;
#2369 = CARTESIAN_POINT ( 'NONE',  ( 25.04000388515630249, -17.87136980612392279, 1.235345643175802754 ) ) ;
#2370 = CARTESIAN_POINT ( 'NONE',  ( -27.21883801158073624, -17.76955336969343335, 0.07972999057772332809 ) ) ;
#2371 = DIRECTION ( 'NONE',  ( 1.239088197126290817E-16, -1.000000000000000000, 0.000000000000000000 ) ) ;
#2372 = CARTESIAN_POINT ( 'NONE',  ( -28.26468382353494491, -21.31236600875522669, -0.6918651473850697675 ) ) ;
#2373 = EDGE_LOOP ( 'NONE', ( #5898, #691, #3195, #2438 ) ) ;
#2374 = AXIS2_PLACEMENT_3D ( 'NONE', #3896, #546, #4283 ) ;
#2375 = ORIENTED_EDGE ( 'NONE', *, *, #1742, .F. ) ;
#2376 = DIRECTION ( 'NONE',  ( 1.000000000000000000, 0.000000000000000000, 0.000000000000000000 ) ) ;
#2377 = CARTESIAN_POINT ( 'NONE',  ( 29.72289726394892284, 20.35161168042927926, -0.6086915632783606034 ) ) ;
#2378 = AXIS2_PLACEMENT_3D ( 'NONE', #179, #5459, #5042 ) ;
#2379 = CARTESIAN_POINT ( 'NONE',  ( -27.25155082413361285, -15.38182101371884514, 16.30489776546653502 ) ) ;
#2380 = CARTESIAN_POINT ( 'NONE',  ( 23.96369137670196281, -16.49999999999999289, -0.8712387292745558121 ) ) ;
#2381 = ORIENTED_EDGE ( 'NONE', *, *, #5015, .T. ) ;
#2382 = VECTOR ( 'NONE', #822, 1000.000000000000000 ) ;
#2383 = CARTESIAN_POINT ( 'NONE',  ( 26.17876846331754592, -21.95671512575379225, -0.3323609308992884204 ) ) ;
#2384 = DIRECTION ( 'NONE',  ( 1.000000000000000000, 0.000000000000000000, 0.000000000000000000 ) ) ;
#2385 = DIRECTION ( 'NONE',  ( -0.8192319205190394804, -4.441065139981067820E-16, 0.5734623443633296569 ) ) ;
#2386 = VERTEX_POINT ( 'NONE', #1101 ) ;
#2387 = CARTESIAN_POINT ( 'NONE',  ( 27.44977486631072239, 21.64953922892139460, -0.4278231337627311226 ) ) ;
#2388 = VECTOR ( 'NONE', #6145, 1000.000000000000000 ) ;
#2389 = CARTESIAN_POINT ( 'NONE',  ( -29.92260926138817467, -19.40043486388580263, -1.359284948278339566 ) ) ;
#2390 = EDGE_CURVE ( 'NONE', #454, #4464, #3554, .T. ) ;
#2391 = B_SPLINE_CURVE_WITH_KNOTS ( 'NONE', 3,
 ( #6165, #919, #4212, #1337, #1353, #882, #1854, #1411, #4781, #1894, #407, #4269, #4702, #4230, #2362, #3231 ),
 .UNSPECIFIED., .F., .F.,
 ( 4, 2, 2, 2, 2, 2, 2, 4 ),
 ( 5.421010862427522170E-20, 0.0009862416974457484040, 0.001479362546168624341, 0.001972483394891500711, 0.002465604243614377081, 0.002958725092337252584, 0.003451845941060128955, 0.003944966789783004892 ),
 .UNSPECIFIED. ) ;
#2392 = ORIENTED_EDGE ( 'NONE', *, *, #4267, .F. ) ;
#2393 = PERSON_AND_ORGANIZATION_ROLE ( 'design_supplier' ) ;
#2394 = CARTESIAN_POINT ( 'NONE',  ( 27.97293262604887332, -14.53528811106840202, 0.01785912206088335202 ) ) ;
#2395 = CARTESIAN_POINT ( 'NONE',  ( 20.08469709767365075, 17.00000000000000000, 9.115139758254795055 ) ) ;
#2396 = CARTESIAN_POINT ( 'NONE',  ( 24.61110024688019848, -16.42986697798747286, -0.9189545172612872959 ) ) ;
#2397 = FACE_OUTER_BOUND ( 'NONE', #3344, .T. ) ;
#2398 = CARTESIAN_POINT ( 'NONE',  ( 28.08710256268803462, 20.87415915614738537, 0.007116088737126984899 ) ) ;
#2399 = EDGE_CURVE ( 'NONE', #4205, #4127, #1376, .T. ) ;
#2400 = CARTESIAN_POINT ( 'NONE',  ( 30.64268001669017849, -19.36656584965352934, -0.2202843361691653734 ) ) ;
#2401 = CARTESIAN_POINT ( 'NONE',  ( -24.30000000000000071, -15.10000000000000320, 16.54000000000000981 ) ) ;
#2402 = CARTESIAN_POINT ( 'NONE',  ( -26.95915279878972015, 13.99999999999999289, -1.103049451090978073 ) ) ;
#2403 = FACE_OUTER_BOUND ( 'NONE', #3101, .T. ) ;
#2404 = CARTESIAN_POINT ( 'NONE',  ( 25.26172465960665647, -22.00000000000000000, -0.9683217876700692672 ) ) ;
#2405 = DIRECTION ( 'NONE',  ( -1.239088197126290817E-16, 1.000000000000000000, -0.000000000000000000 ) ) ;
#2406 = CARTESIAN_POINT ( 'NONE',  ( 31.78291852353936520, 17.04850222434290430, -0.7844753364255763195 ) ) ;
#2407 = CARTESIAN_POINT ( 'NONE',  ( -27.57346234436333887, -14.00000000000000178, 16.07955970130572254 ) ) ;
#2408 = CARTESIAN_POINT ( 'NONE',  ( -28.61728396402848773, -21.12540269614402533, -1.243012919907959812 ) ) ;
#2409 = ORIENTED_EDGE ( 'NONE', *, *, #1174, .T. ) ;
#2410 = ORIENTED_EDGE ( 'NONE', *, *, #5253, .T. ) ;
#2411 = AXIS2_PLACEMENT_3D ( 'NONE', #5165, #418, #380 ) ;
#2412 = FACE_OUTER_BOUND ( 'NONE', #201, .T. ) ;
#2413 = ADVANCED_FACE ( 'NONE', ( #4925 ), #2566, .F. ) ;
#2414 =( NAMED_UNIT ( * ) PLANE_ANGLE_UNIT ( ) SI_UNIT ( $, .RADIAN. ) );
#2415 = DIRECTION ( 'NONE',  ( -0.000000000000000000, -0.000000000000000000, 1.000000000000000000 ) ) ;
#2416 = CIRCLE ( 'NONE', #358, 0.7999999999999986011 ) ;
#2417 = CARTESIAN_POINT ( 'NONE',  ( -27.57346234436210963, -14.28564924179501539, 16.07955970130658585 ) ) ;
#2418 = DIRECTION ( 'NONE',  ( -1.000000000000000000, 0.000000000000000000, 0.000000000000000000 ) ) ;
#2419 = DIRECTION ( 'NONE',  ( 1.000000000000000000, 0.000000000000000000, 0.000000000000000000 ) ) ;
#2420 = CARTESIAN_POINT ( 'NONE',  ( 28.10109760982314242, -21.39035180915205103, 0.005830274834912886964 ) ) ;
#2421 = VECTOR ( 'NONE', #4787, 1000.000000000000000 ) ;
#2422 = CARTESIAN_POINT ( 'NONE',  ( 30.51616839843556761, -18.58459764240877021, -1.413974107909063971 ) ) ;
#2423 = EDGE_CURVE ( 'NONE', #4869, #5051, #272, .T. ) ;
#2424 = VECTOR ( 'NONE', #464, 1000.000000000000000 ) ;
#2425 = CARTESIAN_POINT ( 'NONE',  ( -30.32396304102780960, -19.75466049597983442, -1.395805175850020508 ) ) ;
#2426 = DIRECTION ( 'NONE',  ( 0.000000000000000000, 0.000000000000000000, 1.000000000000000000 ) ) ;
#2427 = B_SPLINE_CURVE_WITH_KNOTS ( 'NONE', 3,
 ( #2647, #4990, #3074, #1636, #5492, #3561, #1327, #4122 ),
 .UNSPECIFIED., .F., .F.,
 ( 4, 2, 2, 4 ),
 ( 0.000000000000000000, 0.0003965005786067991801, 0.0007930011572135983603, 0.001586002314427196721 ),
 .UNSPECIFIED. ) ;
#2428 = EDGE_LOOP ( 'NONE', ( #1054, #2324, #2988, #3036, #4054, #2506, #26, #36, #2381, #479, #3038, #1740 ) ) ;
#2429 = EDGE_LOOP ( 'NONE', ( #4607, #812 ) ) ;
#2430 = EDGE_CURVE ( 'NONE', #6032, #4716, #934, .T. ) ;
#2431 = PLANE ( 'NONE',  #1588 ) ;
#2432 = CARTESIAN_POINT ( 'NONE',  ( -28.75166992074658268, -15.30294186934483847, -0.05032860719146999701 ) ) ;
#2433 = ORIENTED_EDGE ( 'NONE', *, *, #2955, .T. ) ;
#2434 = CARTESIAN_POINT ( 'NONE',  ( 26.95915279878970594, -13.99999999999999467, -1.103049451090980959 ) ) ;
#2435 = CARTESIAN_POINT ( 'NONE',  ( 25.74185108622988949, 22.00000000000000000, -0.3005735495868825380 ) ) ;
#2436 = CARTESIAN_POINT ( 'NONE',  ( 28.61959854778748991, -20.56751596673973026, -0.03880902736802607778 ) ) ;
#2437 = ADVANCED_FACE ( 'NONE', ( #2278 ), #3932, .F. ) ;
#2438 = ORIENTED_EDGE ( 'NONE', *, *, #1479, .F. ) ;
#2439 = EDGE_CURVE ( 'NONE', #2051, #5988, #1014, .T. ) ;
#2440 = VERTEX_POINT ( 'NONE', #5870 ) ;
#2441 = AXIS2_PLACEMENT_3D ( 'NONE', #5504, #3133, #306 ) ;
#2442 = CARTESIAN_POINT ( 'NONE',  ( 25.30000000000000071, -22.00000000000000355, -0.4697889418938117068 ) ) ;
#2443 = CARTESIAN_POINT ( 'NONE',  ( 28.65125569154015039, -21.10577260280834366, -0.5217819907271071811 ) ) ;
#2444 = CARTESIAN_POINT ( 'NONE',  ( 21.20000000000000639, 13.50000000000000178, 6.399999999999999467 ) ) ;
#2445 = CARTESIAN_POINT ( 'NONE',  ( 31.45234493192133840, -15.70982492486467486, -1.502283115569518879 ) ) ;
#2446 = EDGE_LOOP ( 'NONE', ( #3957, #403, #5074, #5669 ) ) ;
#2447 = AXIS2_PLACEMENT_3D ( 'NONE', #3890, #1030, #1053 ) ;
#2448 = CIRCLE ( 'NONE', #248, 2.499999999999998668 ) ;
#2449 = CARTESIAN_POINT ( 'NONE',  ( -20.86955553836182631, 16.49999999999999289, 17.49999999999999645 ) ) ;
#2450 = CARTESIAN_POINT ( 'NONE',  ( 22.01648022708846852, -11.74239677874086496, 18.13846384103808518 ) ) ;
#2451 = CARTESIAN_POINT ( 'NONE',  ( -28.00000000000000711, 14.26450983789575133, 0.9317754464257407276 ) ) ;
#2452 = VERTEX_POINT ( 'NONE', #1526 ) ;
#2453 = AXIS2_PLACEMENT_3D ( 'NONE', #2269, #2756, #5649 ) ;
#2454 = DIRECTION ( 'NONE',  ( 0.000000000000000000, 1.000000000000000000, 2.282530889443166627E-15 ) ) ;
#2455 = CIRCLE ( 'NONE', #1943, 1.999999999999998224 ) ;
#2456 = DIRECTION ( 'NONE',  ( 0.000000000000000000, -0.000000000000000000, 1.000000000000000000 ) ) ;
#2457 = CARTESIAN_POINT ( 'NONE',  ( 27.48522457973805189, 21.63752231917795399, 0.05767759887728336060 ) ) ;
#2458 = CARTESIAN_POINT ( 'NONE',  ( 14.63274534606947341, -14.49999999999999467, 17.49999999999999645 ) ) ;
#2459 = CARTESIAN_POINT ( 'NONE',  ( 21.29431646173332382, 12.82633898548714058, 18.45474824420843873 ) ) ;
#2460 = CARTESIAN_POINT ( 'NONE',  ( -31.57279048083805151, -17.66438991559089189, -0.9669385731843925802 ) ) ;
#2461 = ORIENTED_EDGE ( 'NONE', *, *, #5202, .F. ) ;
#2462 = LINE ( 'NONE', #5029, #536 ) ;
#2463 = CARTESIAN_POINT ( 'NONE',  ( 25.26172465960665647, -21.50000000000000000, -0.9683217876700691562 ) ) ;
#2464 = DIRECTION ( 'NONE',  ( 0.9970656915525151209, 6.639713153133504209E-17, -0.07655068078668560150 ) ) ;
#2465 = CARTESIAN_POINT ( 'NONE',  ( 30.34186466511093272, 19.73400630114326049, -0.6603045739878706799 ) ) ;
#2466 = CARTESIAN_POINT ( 'NONE',  ( 30.90079673383149839, -17.86616374526425943, -1.449932579824749990 ) ) ;
#2467 = ORIENTED_EDGE ( 'NONE', *, *, #869, .F. ) ;
#2468 = CARTESIAN_POINT ( 'NONE',  ( 0.000000000000000000, 16.99999999999999645, -330.0000000000000000 ) ) ;
#2469 = VECTOR ( 'NONE', #6005, 1000.000000000000000 ) ;
#2470 = EDGE_CURVE ( 'NONE', #3217, #4010, #5078, .T. ) ;
#2471 = ADVANCED_FACE ( 'NONE', ( #2133 ), #5095, .T. ) ;
#2472 = APPLICATION_PROTOCOL_DEFINITION ( 'international standard', 'config_control_design', 1994, #1510 ) ;
#2473 = CARTESIAN_POINT ( 'NONE',  ( 30.90685591708917457, 18.05053582236250520, -0.2452190300614525975 ) ) ;
#2474 = VERTEX_POINT ( 'NONE', #5424 ) ;
#2476 = DIRECTION ( 'NONE',  ( 1.000000000000000000, 0.000000000000000000, 0.000000000000000000 ) ) ;
#2475 = CARTESIAN_POINT ( 'NONE',  ( 25.54021876023779214, -18.74237806619528612, 0.2139118277974914328 ) ) ;
#2477 = LINE ( 'NONE', #5056, #2469 ) ;
#2478 = CARTESIAN_POINT ( 'NONE',  ( -23.50000000000000355, -13.50000000000000355, 6.399999999999999467 ) ) ;
#2479 = DIRECTION ( 'NONE',  ( 0.000000000000000000, 0.000000000000000000, -1.000000000000000000 ) ) ;
#2480 = EDGE_LOOP ( 'NONE', ( #2967, #6126, #3199, #5932 ) ) ;
#2481 = ORIENTED_EDGE ( 'NONE', *, *, #4525, .T. ) ;
#2482 = EDGE_CURVE ( 'NONE', #5150, #4023, #2793, .T. ) ;
#2483 = CARTESIAN_POINT ( 'NONE',  ( 27.52239594819717539, 21.10732511416392398, 0.05453063542559698218 ) ) ;
#2484 = CARTESIAN_POINT ( 'NONE',  ( 21.90026260424684423, 11.84049124019889376, 18.21981617702721579 ) ) ;
#2485 = CIRCLE ( 'NONE', #3186, 1.000000000000000888 ) ;
#2486 = AXIS2_PLACEMENT_3D ( 'NONE', #2861, #1911, #5286 ) ;
#2487 = CARTESIAN_POINT ( 'NONE',  ( 23.96369137670195570, 16.99999999999999645, -0.8712387292745780165 ) ) ;
#2488 = ORIENTED_EDGE ( 'NONE', *, *, #3040, .T. ) ;
#2489 = CARTESIAN_POINT ( 'NONE',  ( -16.83999999999999986, -18.00000000000000355, 8.650000000000002132 ) ) ;
#2490 = CARTESIAN_POINT ( 'NONE',  ( -26.85952561202567068, 21.29337397886379080, -1.094840705017147586 ) ) ;
#2491 = FACE_OUTER_BOUND ( 'NONE', #2959, .T. ) ;
#2492 = CARTESIAN_POINT ( 'NONE',  ( 25.67032551947696106, -21.50000000000000711, -0.9996925130476455035 ) ) ;
#2493 = CARTESIAN_POINT ( 'NONE',  ( -31.83072168048073181, 16.81226245195868430, -0.3328283173389624539 ) ) ;
#2494 = AXIS2_PLACEMENT_3D ( 'NONE', #4700, #1807, #2325 ) ;
#2495 = FACE_BOUND ( 'NONE', #3990, .T. ) ;
#2496 = CARTESIAN_POINT ( 'NONE',  ( -25.30000000000000071, 22.00000000000000000, -0.2692007106404055161 ) ) ;
#2497 = CARTESIAN_POINT ( 'NONE',  ( 31.65381269483726712, 17.47017926360970819, -0.7731118680818560573 ) ) ;
#2498 = DIRECTION ( 'NONE',  ( 1.000000000000000000, 0.000000000000000000, 0.000000000000000000 ) ) ;
#2499 = CARTESIAN_POINT ( 'NONE',  ( 27.89768353942364243, -14.90833433460952584, 0.9429597460238536843 ) ) ;
#2500 = CARTESIAN_POINT ( 'NONE',  ( 23.96369137670195926, -16.99999999999999289, -0.8712387292745561451 ) ) ;
#2501 = FACE_OUTER_BOUND ( 'NONE', #3874, .T. ) ;
#2502 = CARTESIAN_POINT ( 'NONE',  ( 20.08469709767365075, 18.00000000000000355, 18.11513975825479505 ) ) ;
#2503 = CARTESIAN_POINT ( 'NONE',  ( 23.96369137670195570, 16.49999999999999645, -0.8712387292745780165 ) ) ;
#2504 = ADVANCED_FACE ( 'NONE', ( #3775 ), #3246, .F. ) ;
#2505 = ORIENTED_EDGE ( 'NONE', *, *, #2752, .T. ) ;
#2506 = ORIENTED_EDGE ( 'NONE', *, *, #3783, .T. ) ;
#2507 = CARTESIAN_POINT ( 'NONE',  ( -24.30000000000000071, 13.50000000000000355, 16.54000000000001336 ) ) ;
#2508 = CARTESIAN_POINT ( 'NONE',  ( 31.30859750584758672, -18.27235829608976303, -0.9439140968260691933 ) ) ;
#2509 = EDGE_CURVE ( 'NONE', #926, #2386, #1316, .T. ) ;
#2510 = CARTESIAN_POINT ( 'NONE',  ( -31.40228507543374548, 18.07484602053636280, -0.9520611962128520123 ) ) ;
#2511 = CARTESIAN_POINT ( 'NONE',  ( -27.44977206018869609, 21.64954016746075993, -0.6285077510804619738 ) ) ;
#2512 = CARTESIAN_POINT ( 'NONE',  ( -16.83999999999999986, -17.40000000000000213, 8.650000000000002132 ) ) ;
#2513 = CARTESIAN_POINT ( 'NONE',  ( -32.00000000000000000, 15.29999999999999538, -0.3492051947438109538 ) ) ;
#2514 = VERTEX_POINT ( 'NONE', #4667 ) ;
#2515 = ORIENTED_EDGE ( 'NONE', *, *, #2651, .F. ) ;
#2516 = CARTESIAN_POINT ( 'NONE',  ( 27.99999999999999289, 14.26477840451906509, 0.9317754462390137604 ) ) ;
#2517 = EDGE_LOOP ( 'NONE', ( #4785, #1975, #3706, #4309 ) ) ;
#2518 = EDGE_CURVE ( 'NONE', #1113, #3129, #721, .T. ) ;
#2519 = CARTESIAN_POINT ( 'NONE',  ( 25.39153204592835777, -16.90483467703930387, 17.60691091021021037 ) ) ;
#2520 = AXIS2_PLACEMENT_3D ( 'NONE', #1206, #4685, #5231 ) ;
#2521 = DIRECTION ( 'NONE',  ( 0.000000000000000000, 0.000000000000000000, 1.000000000000000000 ) ) ;
#2522 = ORIENTED_EDGE ( 'NONE', *, *, #1966, .T. ) ;
#2523 = CIRCLE ( 'NONE', #4412, 1.000000000000000222 ) ;
#2524 = DIRECTION ( 'NONE',  ( -0.000000000000000000, -0.000000000000000000, 1.000000000000000000 ) ) ;
#2525 = CARTESIAN_POINT ( 'NONE',  ( 21.78916020506565943, 11.95401233892874515, 18.27950802991804480 ) ) ;
#2526 = CARTESIAN_POINT ( 'NONE',  ( 24.97873134863361955, -17.91454978858034153, 0.2571681238282684800 ) ) ;
#2527 = CARTESIAN_POINT ( 'NONE',  ( -30.61941995060421107, -19.39726124322811174, -0.6838213316985031209 ) ) ;
#2528 = ORIENTED_EDGE ( 'NONE', *, *, #415, .T. ) ;
#2529 = AXIS2_PLACEMENT_3D ( 'NONE', #5409, #169, #2058 ) ;
#2530 = VECTOR ( 'NONE', #5307, 1000.000000000000000 ) ;
#2531 = CARTESIAN_POINT ( 'NONE',  ( 26.94266513632090465, -15.86238163382644473, 16.52111774693542046 ) ) ;
#2532 = CARTESIAN_POINT ( 'NONE',  ( -30.60114455336397299, 19.42114733736787713, -1.421527000050659240 ) ) ;
#2533 = CARTESIAN_POINT ( 'NONE',  ( 25.24585819694362598, 16.72907261777849541, 16.48822704292614816 ) ) ;
#2534 = DIRECTION ( 'NONE',  ( -0.000000000000000000, -1.000000000000000000, -0.000000000000000000 ) ) ;
#2535 = DIRECTION ( 'NONE',  ( 0.000000000000000000, 0.000000000000000000, 1.000000000000000000 ) ) ;
#2536 = AXIS2_PLACEMENT_3D ( 'NONE', #2258, #4689, #3218 ) ;
#2537 = CARTESIAN_POINT ( 'NONE',  ( 24.00000000000035172, -18.00000000000000000, 17.21886749202231925 ) ) ;
#2538 = ADVANCED_FACE ( 'NONE', ( #3710 ), #4767, .T. ) ;
#2539 = ORIENTED_EDGE ( 'NONE', *, *, #181, .T. ) ;
#2540 = CARTESIAN_POINT ( 'NONE',  ( -29.39005602031535602, 20.62496113293104116, -0.5813024151184515986 ) ) ;
#2541 = CIRCLE ( 'NONE', #950, 330.5000000000000000 ) ;
#2543 = CARTESIAN_POINT ( 'NONE',  ( 26.04442676674451107, -17.46378989442032292, 17.14988460563889916 ) ) ;
#2542 = CARTESIAN_POINT ( 'NONE',  ( 22.01648022708846852, 11.74239677874086318, 18.13846384103808518 ) ) ;
#2544 = CARTESIAN_POINT ( 'NONE',  ( -24.97873134863477418, 17.91454978858033442, 0.2571681238464806341 ) ) ;
#2545 = EDGE_LOOP ( 'NONE', ( #5680, #1125, #5002, #2041, #6192, #483 ) ) ;
#2546 = FACE_OUTER_BOUND ( 'NONE', #5861, .T. ) ;
#2547 = CARTESIAN_POINT ( 'NONE',  ( 23.99999999999999289, -16.49999999999999289, -0.3725587879552746395 ) ) ;
#2548 = DIRECTION ( 'NONE',  ( -0.000000000000000000, -1.000000000000000000, -0.000000000000000000 ) ) ;
#2549 = EDGE_CURVE ( 'NONE', #468, #6106, #3632, .T. ) ;
#2550 = CARTESIAN_POINT ( 'NONE',  ( 32.00000000000000000, 15.29999999999999716, -1.004559302108243291 ) ) ;
#2551 = FACE_OUTER_BOUND ( 'NONE', #2587, .T. ) ;
#2552 = CARTESIAN_POINT ( 'NONE',  ( 26.61219690819200778, -17.06957531820068397, 16.75244550662554133 ) ) ;
#2553 = CARTESIAN_POINT ( 'NONE',  ( -29.34835858149999765, 19.97462968079047840, -1.307505186240234263 ) ) ;
#2554 = CARTESIAN_POINT ( 'NONE',  ( 22.70000000000000639, -13.50000000000000355, 6.399999999999999467 ) ) ;
#2555 = CARTESIAN_POINT ( 'NONE',  ( -26.07429364805831895, -21.45988397893635735, -1.031472900954421901 ) ) ;
#2556 = CARTESIAN_POINT ( 'NONE',  ( -26.95202089149621827, 21.29037651679407261, 0.1016002167149257090 ) ) ;
#2557 =( BOUNDED_SURFACE ( )  B_SPLINE_SURFACE ( 3, 2, ( 
 ( #5117, #1226, #766 ),
 ( #4159, #2176, #6000 ),
 ( #290, #4140, #1208 ),
 ( #4584, #1694, #5091 ),
 ( #805, #266, #3622 ),
 ( #1282, #1263, #4648 ),
 ( #4077, #3579, #2621 ),
 ( #3096, #3602, #2202 ),
 ( #6082, #2221, #4627 ),
 ( #1676, #5072, #2687 ),
 ( #5575, #2665, #1714 ),
 ( #3178, #5049, #1759 ),
 ( #5534, #4119, #2238 ),
 ( #329, #6060, #5550 ),
 ( #3158, #2643, #309 ),
 ( #6038, #244, #3672 ),
 ( #1247, #4605, #3648 ),
 ( #786, #1737, #3726 ),
 ( #5682, #429, #4215 ),
 ( #5660, #826, #1304 ),
 ( #2313, #5195, #1341 ),
 ( #393, #4181, #351 ),
 ( #4745, #2332, #5642 ),
 ( #2730, #2785, #5212 ) ),
 .UNSPECIFIED., .F., .F., .F. ) 
 B_SPLINE_SURFACE_WITH_KNOTS ( ( 4, 2, 2, 2, 2, 2, 2, 2, 2, 2, 2, 4 ),
 ( 3, 3 ),
 ( 0.000000000000000000, 0.001212852753497993541, 0.001819279130246990311, 0.002425705506995987082, 0.003638558260493980623, 0.004851411013991974164, 0.006064263767489967705, 0.006670690144238964475, 0.007277116520987961246, 0.007883542897736958016, 0.008489969274485954787, 0.009702822027983948328 ),
 ( 0.000000000000000000, 1.000000000000000000 ),
 .UNSPECIFIED. ) 
 GEOMETRIC_REPRESENTATION_ITEM ( )  RATIONAL_B_SPLINE_SURFACE ( (
 ( 1.000000000000000000, 0.6725659312820800873, 1.000000000000000000),
 ( 1.000000000000000000, 0.6725665694443094811, 1.000000000000000000),
 ( 1.000000000000000000, 0.6728424709256261016, 1.000000000000000000),
 ( 1.000000000000000000, 0.6736459107721332051, 1.000000000000000000),
 ( 1.000000000000000000, 0.6739788102669711511, 1.000000000000000000),
 ( 1.000000000000000000, 0.6747740239500873427, 1.000000000000000000),
 ( 1.000000000000000000, 0.6752383727536640512, 1.000000000000000000),
 ( 1.000000000000000000, 0.6767892569746921660, 1.000000000000000000),
 ( 1.000000000000000000, 0.6780394949366566060, 1.000000000000000000),
 ( 1.000000000000000000, 0.6809187608935998171, 1.000000000000000000),
 ( 1.000000000000000000, 0.6825604412839606505, 1.000000000000000000),
 ( 1.000000000000000000, 0.6860327833739304770, 1.000000000000000000),
 ( 1.000000000000000000, 0.6878772554418959295, 1.000000000000000000),
 ( 1.000000000000000000, 0.6907691068147465696, 1.000000000000000000),
 ( 1.000000000000000000, 0.6917521225879341706, 1.000000000000000000),
 ( 1.000000000000000000, 0.6937115807070073359, 1.000000000000000000),
 ( 1.000000000000000000, 0.6946932335628458466, 1.000000000000000000),
 ( 1.000000000000000000, 0.6966554369817262726, 1.000000000000000000),
 ( 1.000000000000000000, 0.6976359953944418768, 1.000000000000000000),
 ( 1.000000000000000000, 0.6995921098773784097, 1.000000000000000000),
 ( 1.000000000000000000, 0.7005720481425098400, 1.000000000000000000),
 ( 1.000000000000000000, 0.7034637136360016862, 1.000000000000000000),
 ( 1.000000000000000000, 0.7053220049787424228, 1.000000000000000000),
 ( 1.000000000000000000, 0.7071067811865450192, 1.000000000000000000) ) ) 
 REPRESENTATION_ITEM ( '' )  SURFACE ( )  );
#2558 = VERTEX_POINT ( 'NONE', #2236 ) ;
#2559 = EDGE_CURVE ( 'NONE', #3416, #2738, #3395, .T. ) ;
#2560 = LINE ( 'NONE', #5375, #4996 ) ;
#2561 = CARTESIAN_POINT ( 'NONE',  ( 27.99999999999999289, -16.99999999999999289, 18.11513975825479505 ) ) ;
#2562 = ORIENTED_EDGE ( 'NONE', *, *, #972, .T. ) ;
#2563 = CARTESIAN_POINT ( 'NONE',  ( 26.34638462632389988, 15.82865389600602057, -1.053378341292769305 ) ) ;
#2564 = ORIENTED_EDGE ( 'NONE', *, *, #537, .T. ) ;
#2565 = CARTESIAN_POINT ( 'NONE',  ( -27.22156119210194092, 17.76715262834552078, 0.07950526727313272923 ) ) ;
#2566 = CYLINDRICAL_SURFACE ( 'NONE', #4617, 2.499999999999998668 ) ;
#2567 = EDGE_CURVE ( 'NONE', #2452, #511, #3473, .T. ) ;
#2568 = DIRECTION ( 'NONE',  ( 1.000000000000000000, 0.000000000000000000, -0.000000000000000000 ) ) ;
#2569 = CARTESIAN_POINT ( 'NONE',  ( 21.20000000000000639, -13.50000000000000178, 6.399999999999999467 ) ) ;
#2570 = AXIS2_PLACEMENT_3D ( 'NONE', #240, #722, #2616 ) ;
#2571 = DIRECTION ( 'NONE',  ( 1.000000000000000000, 0.000000000000000000, 0.000000000000000000 ) ) ;
#2572 = ADVANCED_FACE ( 'NONE', ( #6187 ), #1007, .T. ) ;
#2573 = FACE_OUTER_BOUND ( 'NONE', #3809, .T. ) ;
#2574 = CARTESIAN_POINT ( 'NONE',  ( 28.46816665592620765, 16.07038920189459574, -0.02574736040104830259 ) ) ;
#2575 = AXIS2_PLACEMENT_3D ( 'NONE', #5169, #2341, #5736 ) ;
#2576 = CARTESIAN_POINT ( 'NONE',  ( 31.65381129285892925, -17.47018348830926726, -0.9740071812821469166 ) ) ;
#2577 = CARTESIAN_POINT ( 'NONE',  ( -28.61760438016402119, 21.13745800707937050, -1.242895461648740207 ) ) ;
#2578 = CARTESIAN_POINT ( 'NONE',  ( -29.37862029116536888, 20.63347751095549754, -0.7811480856990256072 ) ) ;
#2579 = CARTESIAN_POINT ( 'NONE',  ( -27.82046563746786205, -20.94921670240575651, -1.174732544082710550 ) ) ;
#2580 = FACE_OUTER_BOUND ( 'NONE', #317, .T. ) ;
#2581 = CARTESIAN_POINT ( 'NONE',  ( -27.45996483439117952, 21.64605665589556693, -0.4286044713139673390 ) ) ;
#2582 = CYLINDRICAL_SURFACE ( 'NONE', #5662, 1.749999999999998002 ) ;
#2583 = CARTESIAN_POINT ( 'NONE',  ( 31.40254313946098108, -18.07427572680926886, -0.9520836627089158677 ) ) ;
#2584 = CARTESIAN_POINT ( 'NONE',  ( -26.42628796165433869, 18.33906385684722906, 0.1441592782677649509 ) ) ;
#2585 = CARTESIAN_POINT ( 'NONE',  ( 23.50000000000000355, -13.50000000000000355, 6.399999999999999467 ) ) ;
#2586 = EDGE_LOOP ( 'NONE', ( #4191, #3208 ) ) ;
#2587 = EDGE_LOOP ( 'NONE', ( #4955, #5760, #268, #1722 ) ) ;
#2588 = DIRECTION ( 'NONE',  ( 0.000000000000000000, 0.000000000000000000, -1.000000000000000000 ) ) ;
#2589 = DIRECTION ( 'NONE',  ( -0.9940750752324937212, 0.1086956521739126935, 0.000000000000000000 ) ) ;
#2590 = CARTESIAN_POINT ( 'NONE',  ( -27.44977486631074015, -21.64953922892139104, -0.4278231337627032560 ) ) ;
#2591 = EDGE_LOOP ( 'NONE', ( #2033, #4868, #4409, #2744 ) ) ;
#2592 = DIRECTION ( 'NONE',  ( 0.000000000000000000, 0.000000000000000000, -1.000000000000000000 ) ) ;
#2593 = CARTESIAN_POINT ( 'NONE',  ( 23.99999999999999289, -16.99999999999999289, -0.3725587879552746395 ) ) ;
#2594 = CARTESIAN_POINT ( 'NONE',  ( 31.45234493074577387, -15.71012762064265189, -1.502283115456993778 ) ) ;
#2595 = EDGE_CURVE ( 'NONE', #454, #2051, #1454, .T. ) ;
#2596 = CARTESIAN_POINT ( 'NONE',  ( -32.00000000000000000, 15.74320242883303322, -1.004559302027284939 ) ) ;
#2597 = CARTESIAN_POINT ( 'NONE',  ( -25.33825219231932380, 21.50000000000000000, 0.2293339118110005737 ) ) ;
#2598 = CARTESIAN_POINT ( 'NONE',  ( -28.29734124452051702, 21.29625670759248379, -0.01093547834896196023 ) ) ;
#2599 = ORIENTED_EDGE ( 'NONE', *, *, #576, .T. ) ;
#2600 = ORIENTED_EDGE ( 'NONE', *, *, #2399, .T. ) ;
#2601 = ADVANCED_FACE ( 'NONE', ( #5909 ), #1308, .T. ) ;
#2602 = DIRECTION ( 'NONE',  ( 0.07224563515954154913, 0.000000000000000000, 0.9973868698756739315 ) ) ;
#2603 = VERTEX_POINT ( 'NONE', #5115 ) ;
#2604 = CARTESIAN_POINT ( 'NONE',  ( 31.30888789482514412, -18.27176916628370407, -0.9439393073214653596 ) ) ;
#2605 = EDGE_CURVE ( 'NONE', #3533, #2337, #4020, .T. ) ;
#2606 = CARTESIAN_POINT ( 'NONE',  ( 24.93201865350654600, -16.99999999999997158, 17.87916418962825205 ) ) ;
#2607 = DATE_AND_TIME ( #3893, #5872 ) ;
#2608 = DIRECTION ( 'NONE',  ( 0.000000000000000000, 0.000000000000000000, -1.000000000000000000 ) ) ;
#2609 = CARTESIAN_POINT ( 'NONE',  ( -25.33825219231932380, -22.00000000000000000, 0.2293339118110012675 ) ) ;
#2610 = AXIS2_PLACEMENT_3D ( 'NONE', #1899, #886, #4296 ) ;
#2611 = CARTESIAN_POINT ( 'NONE',  ( -24.26366534303238254, -18.00000000000000711, 1.308044951143175760 ) ) ;
#2612 = ORIENTED_EDGE ( 'NONE', *, *, #2559, .T. ) ;
#2613 = LINE ( 'NONE', #1388, #1355 ) ;
#2614 = CARTESIAN_POINT ( 'NONE',  ( 31.41217653361074724, 16.11272456179492707, -1.498430120932480847 ) ) ;
#2615 = CARTESIAN_POINT ( 'NONE',  ( 30.72550175543451090, -18.40957014722507168, -0.2282078323818557686 ) ) ;
#2616 = DIRECTION ( 'NONE',  ( 0.000000000000000000, 0.000000000000000000, 1.000000000000000000 ) ) ;
#2617 = CARTESIAN_POINT ( 'NONE',  ( 0.000000000000000000, 21.50000000000000000, -330.0000000000000000 ) ) ;
#2618 = ORIENTED_EDGE ( 'NONE', *, *, #311, .T. ) ;
#2619 = CARTESIAN_POINT ( 'NONE',  ( -28.10109760982348703, 21.39035180915169931, 0.005830274840477786200 ) ) ;
#2620 = CIRCLE ( 'NONE', #5104, 3.600000000000002309 ) ;
#2621 = CARTESIAN_POINT ( 'NONE',  ( 31.57259525545831025, 17.66491095127798516, -0.9669214882674826983 ) ) ;
#2622 = DIRECTION ( 'NONE',  ( -1.000000000000000000, 0.000000000000000000, 0.000000000000000000 ) ) ;
#2623 = ORIENTED_EDGE ( 'NONE', *, *, #2559, .F. ) ;
#2624 = CARTESIAN_POINT ( 'NONE',  ( 24.74353876105919881, 16.90327016233462487, -0.9288908555697233949 ) ) ;
#2625 = VECTOR ( 'NONE', #2938, 1000.000000000000000 ) ;
#2626 = CARTESIAN_POINT ( 'NONE',  ( 24.74101521395762404, 17.96787890793339315, 17.97144718499282945 ) ) ;
#2627 = ORIENTED_EDGE ( 'NONE', *, *, #1287, .T. ) ;
#2628 = CARTESIAN_POINT ( 'NONE',  ( -25.28633730499073806, -17.79655136879959798, 1.211663854500883541 ) ) ;
#2629 = FACE_OUTER_BOUND ( 'NONE', #4651, .T. ) ;
#2630 = EDGE_CURVE ( 'NONE', #4281, #4502, #1522, .T. ) ;
#2631 = ADVANCED_FACE ( 'NONE', ( #2273, #5983 ), #1338, .T. ) ;
#2632 = ORIENTED_EDGE ( 'NONE', *, *, #2964, .F. ) ;
#2633 =( BOUNDED_SURFACE ( )  B_SPLINE_SURFACE ( 3, 2, ( 
 ( #1567, #635, #3552 ),
 ( #5976, #157, #1138 ),
 ( #3064, #4006, #3984 ),
 ( #180, #3485, #1161 ),
 ( #1116, #5440, #3509 ),
 ( #2531, #2090, #654 ),
 ( #3530, #1177, #675 ),
 ( #5460, #2552, #4029 ),
 ( #4510, #4050, #5131 ),
 ( #5589, #3642, #285 ) ),
 .UNSPECIFIED., .F., .F., .F. ) 
 B_SPLINE_SURFACE_WITH_KNOTS ( ( 4, 2, 2, 2, 4 ),
 ( 3, 3 ),
 ( 0.000000000000000000, 0.2856347704265557730, 0.5712695408531115460, 0.8569043112796672634, 1.142539081706223092 ),
 ( 0.000000000000000000, 1.000000000000000000 ),
 .UNSPECIFIED. ) 
 GEOMETRIC_REPRESENTATION_ITEM ( )  RATIONAL_B_SPLINE_SURFACE ( (
 ( 1.000000000000000000, 0.8869786762835198957, 1.000000000000000000),
 ( 1.000000000000000000, 0.8869812352530620503, 1.000000000000000000),
 ( 1.000000000000000000, 0.8847739997127894718, 1.000000000000000000),
 ( 1.000000000000000000, 0.8760368158991527210, 1.000000000000000000),
 ( 1.000000000000000000, 0.8695040594837566417, 1.000000000000000000),
 ( 1.000000000000000000, 0.8523584481292176829, 1.000000000000000000),
 ( 1.000000000000000000, 0.8417450183802667185, 1.000000000000000000),
 ( 1.000000000000000000, 0.8168639731480765720, 1.000000000000000000),
 ( 1.000000000000000000, 0.8025987489756608584, 1.000000000000000000),
 ( 1.000000000000000000, 0.7868134851373147498, 1.000000000000000000) ) ) 
 REPRESENTATION_ITEM ( '' )  SURFACE ( )  );
#2634 = CARTESIAN_POINT ( 'NONE',  ( 28.25200438921965684, 16.50910461467075052, -0.007124820500438139304 ) ) ;
#2635 = ORIENTED_EDGE ( 'NONE', *, *, #3864, .T. ) ;
#2636 = CARTESIAN_POINT ( 'NONE',  ( 31.54762624735409915, -15.30000000000000071, -0.3059186485793391475 ) ) ;
#2637 = VECTOR ( 'NONE', #171, 1000.000000000000000 ) ;
#2638 = DIRECTION ( 'NONE',  ( 0.000000000000000000, -1.000000000000000000, 0.000000000000000000 ) ) ;
#2639 = CARTESIAN_POINT ( 'NONE',  ( 32.00000000000000000, 15.29999999999999716, -0.8036452206677813237 ) ) ;
#2640 = CARTESIAN_POINT ( 'NONE',  ( -28.87020309092418202, 20.97390130124251328, -0.06053889360218195348 ) ) ;
#2641 = VERTEX_POINT ( 'NONE', #5679 ) ;
#2642 = EDGE_CURVE ( 'NONE', #1260, #3339, #4306, .T. ) ;
#2643 = CARTESIAN_POINT ( 'NONE',  ( 28.61728396402849128, 21.12540269614401822, -1.243012919907986014 ) ) ;
#2644 = PERSON ( '未指定', '未指定', '未指定', ('未指定'), ('未指定'), ('未指定') ) ;
#2645 = APPROVAL_PERSON_ORGANIZATION ( #5379, #3198, #1015 ) ;
#2646 = CARTESIAN_POINT ( 'NONE',  ( 12.06000000000000405, -13.99999999999999822, 17.49999999999999645 ) ) ;
#2647 = CARTESIAN_POINT ( 'NONE',  ( -21.20000000000000639, 16.49999999999999289, 17.44382543818899833 ) ) ;
#2648 = CARTESIAN_POINT ( 'NONE',  ( -26.42016162276681968, -14.64760273803981860, -0.5968794712205964803 ) ) ;
#2649 = DIRECTION ( 'NONE',  ( -1.000000000000000000, 0.000000000000000000, 0.000000000000000000 ) ) ;
#2650 = LINE ( 'NONE', #3090, #5302 ) ;
#2651 = EDGE_CURVE ( 'NONE', #468, #1641, #641, .T. ) ;
#2652 = CARTESIAN_POINT ( 'NONE',  ( -30.99368268264586135, -17.86776346025255080, -0.2533734440659228260 ) ) ;
#2653 = CARTESIAN_POINT ( 'NONE',  ( -26.43376011143580584, -17.18510307055081654, 1.097619429816579562 ) ) ;
#2654 = AXIS2_PLACEMENT_3D ( 'NONE', #5815, #4858, #1994 ) ;
#2655 = VECTOR ( 'NONE', #2405, 1000.000000000000000 ) ;
#2656 = DIRECTION ( 'NONE',  ( 0.000000000000000000, 0.000000000000000000, -1.000000000000000000 ) ) ;
#2657 = CARTESIAN_POINT ( 'NONE',  ( 23.50000000000000355, -13.50000000000000355, 6.399999999999999467 ) ) ;
#2658 = CARTESIAN_POINT ( 'NONE',  ( -19.58999999999999631, -17.40000000000000213, 8.650000000000002132 ) ) ;
#2659 = PLANE ( 'NONE',  #3546 ) ;
#2660 = CARTESIAN_POINT ( 'NONE',  ( -25.98441531600747822, 15.52940894741360900, -0.5545731950388081977 ) ) ;
#2661 = CARTESIAN_POINT ( 'NONE',  ( 21.20000000000000995, 16.30555889954044346, 18.07259929031960866 ) ) ;
#2662 = ORIENTED_EDGE ( 'NONE', *, *, #5806, .F. ) ;
#2663 = CARTESIAN_POINT ( 'NONE',  ( 28.91270319084888030, -13.99999999999999467, -0.06440690007716463883 ) ) ;
#2664 = ORIENTED_EDGE ( 'NONE', *, *, #1444, .T. ) ;
#2665 = CARTESIAN_POINT ( 'NONE',  ( 30.32396304102852724, 19.75466049597911322, -1.395805175850060476 ) ) ;
#2666 = CARTESIAN_POINT ( 'NONE',  ( 29.39005602031534892, -20.62496113293104827, -0.5813024151184704724 ) ) ;
#2667 = ADVANCED_FACE ( 'NONE', ( #713 ), #4377, .T. ) ;
#2668 = CARTESIAN_POINT ( 'NONE',  ( 26.39231928286258366, -17.21724326528940097, 0.1473441869142717298 ) ) ;
#2669 = DIRECTION ( 'NONE',  ( -0.9973868698756740425, 6.266309967405604817E-17, 0.07224563515954159076 ) ) ;
#2670 = PRODUCT_RELATED_PRODUCT_CATEGORY ( 'detail', '', ( #5895 ) ) ;
#2671 = ORIENTED_EDGE ( 'NONE', *, *, #2137, .T. ) ;
#2672 = DIRECTION ( 'NONE',  ( 0.000000000000000000, 0.000000000000000000, -1.000000000000000000 ) ) ;
#2673 = VERTEX_POINT ( 'NONE', #5450 ) ;
#2674 = CARTESIAN_POINT ( 'NONE',  ( -25.46506697021430909, -16.60343656127860612, -0.9839558769913653302 ) ) ;
#2675 = EDGE_CURVE ( 'NONE', #4464, #3821, #3171, .T. ) ;
#2676 = ORIENTED_EDGE ( 'NONE', *, *, #4972, .F. ) ;
#2677 = CARTESIAN_POINT ( 'NONE',  ( -27.33025831804739880, -21.17580847988135062, 0.07050025286991985773 ) ) ;
#2678 = CARTESIAN_POINT ( 'NONE',  ( 32.00000000000000000, -15.30000000000000071, -0.8036452206677813237 ) ) ;
#2679 = DIRECTION ( 'NONE',  ( -1.239088197126291063E-16, 1.000000000000000000, 0.000000000000000000 ) ) ;
#2680 = EDGE_LOOP ( 'NONE', ( #5188, #1441, #5572, #5521 ) ) ;
#2681 = CARTESIAN_POINT ( 'NONE',  ( -28.88042327856683755, 14.65478002614719344, -0.06157365122581102967 ) ) ;
#2682 = EDGE_CURVE ( 'NONE', #4807, #4205, #549, .T. ) ;
#2683 = CARTESIAN_POINT ( 'NONE',  ( 25.74742767932127308, -21.50000000000000000, 0.1979381797669810261 ) ) ;
#2684 = CARTESIAN_POINT ( 'NONE',  ( -31.05797858079367302, -17.48696943877621379, -1.464753706108855136 ) ) ;
#2685 = CARTESIAN_POINT ( 'NONE',  ( 0.000000000000000000, -21.50000000000000000, -330.0000000000000000 ) ) ;
#2686 = ORIENTED_EDGE ( 'NONE', *, *, #2005, .F. ) ;
#2687 = CARTESIAN_POINT ( 'NONE',  ( 30.62737739478038890, 19.38666436326407094, -0.8853397371284402739 ) ) ;
#2688 = CARTESIAN_POINT ( 'NONE',  ( -24.74101521395600045, -17.96787890793505937, 17.97144718499185956 ) ) ;
#2689 = DIRECTION ( 'NONE',  ( 1.239088197126290817E-16, -1.000000000000000000, 0.000000000000000000 ) ) ;
#2690 = EDGE_CURVE ( 'NONE', #392, #5150, #5519, .T. ) ;
#2691 = CARTESIAN_POINT ( 'NONE',  ( -25.97403876022563551, -15.54309271320202690, -1.023562086633088342 ) ) ;
#2692 = AXIS2_PLACEMENT_3D ( 'NONE', #1194, #196, #711 ) ;
#2693 = ORIENTED_EDGE ( 'NONE', *, *, #6064, .T. ) ;
#2694 = LINE ( 'NONE', #372, #1505 ) ;
#2695 = CARTESIAN_POINT ( 'NONE',  ( -30.63432583318351732, -19.37776628602364681, -0.2195073753425405005 ) ) ;
#2696 = AXIS2_PLACEMENT_3D ( 'NONE', #1509, #1363, #2010 ) ;
#2697 = ADVANCED_FACE ( 'NONE', ( #2403 ), #123, .F. ) ;
#2698 = ORIENTED_EDGE ( 'NONE', *, *, #6101, .F. ) ;
#2699 = DIRECTION ( 'NONE',  ( 0.000000000000000000, 0.000000000000000000, 1.000000000000000000 ) ) ;
#2700 = VECTOR ( 'NONE', #4166, 1000.000000000000000 ) ;
#2701 = AXIS2_PLACEMENT_3D ( 'NONE', #3103, #5516, #688 ) ;
#2702 = CARTESIAN_POINT ( 'NONE',  ( 29.35348527530835838, 19.97011980317022761, -1.307963317397639047 ) ) ;
#2703 = CARTESIAN_POINT ( 'NONE',  ( 30.91663296731781685, -18.05336267998955080, -0.2461123353707412587 ) ) ;
#2704 = CARTESIAN_POINT ( 'NONE',  ( 31.50000000000000000, 15.29999999999999716, -1.004559302108259722 ) ) ;
#2705 = CARTESIAN_POINT ( 'NONE',  ( -32.00000000000000000, 15.29999999999999716, -0.8036452206677813237 ) ) ;
#2706 = CARTESIAN_POINT ( 'NONE',  ( 23.99999999999999289, -13.99999999999999467, 20.00000000000000000 ) ) ;
#2707 = AXIS2_PLACEMENT_3D ( 'NONE', #2949, #4974, #3430 ) ;
#2708 = VERTEX_POINT ( 'NONE', #1126 ) ;
#2709 = VECTOR ( 'NONE', #1151, 1000.000000000000114 ) ;
#2710 = CARTESIAN_POINT ( 'NONE',  ( -22.43583420561109421, 11.38843752817591692, 17.84491605607225750 ) ) ;
#2711 = CARTESIAN_POINT ( 'NONE',  ( -30.90079673383149839, 17.86616374526425588, -1.449932579824749990 ) ) ;
#2712 = CARTESIAN_POINT ( 'NONE',  ( 24.30000000000000071, -15.10000000000000320, 16.54000000000000270 ) ) ;
#2713 = ORIENTED_EDGE ( 'NONE', *, *, #5779, .F. ) ;
#2714 = CARTESIAN_POINT ( 'NONE',  ( -25.25304200487752482, -16.16953046877931399, -0.4854467192882390703 ) ) ;
#2715 = CYLINDRICAL_SURFACE ( 'NONE', #37, 2.000000000000001776 ) ;
#2716 = ORIENTED_EDGE ( 'NONE', *, *, #1917, .F. ) ;
#2717 = CARTESIAN_POINT ( 'NONE',  ( -25.26172465960665647, 21.50000000000000000, -0.9683217876700920268 ) ) ;
#2718 = CARTESIAN_POINT ( 'NONE',  ( -25.79313151683317784, -16.38366619951868230, -1.009511849868354849 ) ) ;
#2719 = VERTEX_POINT ( 'NONE', #2450 ) ;
#2720 = EDGE_CURVE ( 'NONE', #3821, #5193, #1898, .T. ) ;
#2721 = VECTOR ( 'NONE', #3513, 1000.000000000000000 ) ;
#2722 = CARTESIAN_POINT ( 'NONE',  ( -26.13951517595169705, 18.49271017649213178, 0.1670124123598906440 ) ) ;
#2723 = DIRECTION ( 'NONE',  ( 1.000000000000000000, -5.421010862427514281E-16, 0.000000000000000000 ) ) ;
#2724 = CARTESIAN_POINT ( 'NONE',  ( 26.16007760299299179, 15.26952627936393370, -1.038266323074079400 ) ) ;
#2725 = CARTESIAN_POINT ( 'NONE',  ( 26.61219690819171646, 17.06957531820096818, 16.75244550662591436 ) ) ;
#2726 = CARTESIAN_POINT ( 'NONE',  ( -25.81932054130695775, -16.72907261777850607, 17.30745896344519252 ) ) ;
#2727 = CALENDAR_DATE ( 2025, 19, 6 ) ;
#2728 = DIRECTION ( 'NONE',  ( 0.000000000000000000, 0.000000000000000000, -1.000000000000000000 ) ) ;
#2729 = EDGE_CURVE ( 'NONE', #2972, #4792, #3378, .T. ) ;
#2730 = CARTESIAN_POINT ( 'NONE',  ( 25.26172465960665647, 21.50000000000000000, -0.9683217876701023519 ) ) ;
#2731 = CARTESIAN_POINT ( 'NONE',  ( -24.43503365581404907, -18.00000000000000000, 18.11928168466328870 ) ) ;
#2732 = LINE ( 'NONE', #707, #1619 ) ;
#2733 = CARTESIAN_POINT ( 'NONE',  ( -31.77538914931138336, -17.03429907026222523, -0.9847194969910244566 ) ) ;
#2734 = DIRECTION ( 'NONE',  ( 0.000000000000000000, 0.000000000000000000, 1.000000000000000000 ) ) ;
#2735 = FACE_OUTER_BOUND ( 'NONE', #1633, .T. ) ;
#2736 = CARTESIAN_POINT ( 'NONE',  ( -31.54762624735409915, -15.30000000000000071, -0.3059186485792922405 ) ) ;
#2737 = AXIS2_PLACEMENT_3D ( 'NONE', #3379, #144, #4411 ) ;
#2738 = VERTEX_POINT ( 'NONE', #2542 ) ;
#2739 = DIRECTION ( 'NONE',  ( -0.000000000000000000, 1.000000000000000000, 0.000000000000000000 ) ) ;
#2740 = VERTEX_POINT ( 'NONE', #4433 ) ;
#2741 = CARTESIAN_POINT ( 'NONE',  ( 26.49999999999999645, -14.33086390312159963, -0.6047207381380294011 ) ) ;
#2742 = CARTESIAN_POINT ( 'NONE',  ( -21.20000000000000995, -16.49999999999999645, 17.57785026397234773 ) ) ;
#2743 = DIRECTION ( 'NONE',  ( 0.000000000000000000, 0.000000000000000000, 1.000000000000000000 ) ) ;
#2744 = ORIENTED_EDGE ( 'NONE', *, *, #6168, .F. ) ;
#2745 = DIRECTION ( 'NONE',  ( 1.239088197126290817E-16, -1.000000000000000000, -0.000000000000000000 ) ) ;
#2746 = CARTESIAN_POINT ( 'NONE',  ( -25.81932054130696130, -16.72907261777850252, 17.30745896344518897 ) ) ;
#2747 = ORIENTED_EDGE ( 'NONE', *, *, #869, .T. ) ;
#2748 =( BOUNDED_SURFACE ( )  B_SPLINE_SURFACE ( 3, 2, ( 
 ( #6017, #1833, #1277 ),
 ( #1352, #5613, #6146 ),
 ( #3191, #2725, #5678 ),
 ( #3721, #821, #4229 ),
 ( #5206, #3689, #6115 ),
 ( #5190, #1299, #4194 ),
 ( #3741, #863, #3212 ),
 ( #2763, #5170, #4720 ),
 ( #367, #1320, #3249 ),
 ( #5133, #346, #4177 ) ),
 .UNSPECIFIED., .F., .F., .T. ) 
 B_SPLINE_SURFACE_WITH_KNOTS ( ( 4, 2, 2, 2, 4 ),
 ( 3, 3 ),
 ( 5.140646225473365583, 5.426280995899920967, 5.711915766326475463, 5.997550536753030848, 6.283185307179586232 ),
 ( 0.000000000000000000, 1.000000000000000000 ),
 .UNSPECIFIED. ) 
 GEOMETRIC_REPRESENTATION_ITEM ( )  RATIONAL_B_SPLINE_SURFACE ( (
 ( 1.000000000000000000, 0.7868134851373155270, 1.000000000000000000),
 ( 1.000000000000000000, 0.8025987489756515325, 1.000000000000000000),
 ( 1.000000000000000000, 0.8168639731480906718, 1.000000000000000000),
 ( 1.000000000000000000, 0.8417450183802526187, 1.000000000000000000),
 ( 1.000000000000000000, 0.8523584481291763826, 1.000000000000000000),
 ( 1.000000000000000000, 0.8695040594837986081, 1.000000000000000000),
 ( 1.000000000000000000, 0.8760368158991320708, 1.000000000000000000),
 ( 1.000000000000000000, 0.8847739997128098999, 1.000000000000000000),
 ( 1.000000000000000000, 0.8869812352530462851, 1.000000000000000000),
 ( 1.000000000000000000, 0.8869786762835198957, 1.000000000000000000) ) ) 
 REPRESENTATION_ITEM ( '' )  SURFACE ( )  );
#2749 = CARTESIAN_POINT ( 'NONE',  ( 12.06000000000000405, -13.99999999999999822, 19.00000000000000000 ) ) ;
#2750 = DIRECTION ( 'NONE',  ( 1.000000000000000000, 1.239088197126290817E-16, 0.000000000000000000 ) ) ;
#2751 = ORIENTED_EDGE ( 'NONE', *, *, #1976, .F. ) ;
#2752 = EDGE_CURVE ( 'NONE', #5835, #5799, #4228, .T. ) ;
#2753 = CARTESIAN_POINT ( 'NONE',  ( 16.63274534606947697, -14.49999999999999467, 18.50000000000000000 ) ) ;
#2754 = B_SPLINE_CURVE_WITH_KNOTS ( 'NONE', 3,
 ( #2037, #4908, #1103, #4388, #3517, #5852, #1557, #5899, #664, #4881, #2989, #4454, #142, #2014, #5920, #2475, #5430, #1993, #5876, #595 ),
 .UNSPECIFIED., .F., .F.,
 ( 4, 2, 2, 2, 2, 2, 2, 2, 2, 4 ),
 ( 1.355252715606880543E-20, 0.0009764308697681300508, 0.001464646304652195835, 0.001952861739536261836, 0.002929292609304389502, 0.003905723479072517601, 0.004882154348840644399, 0.005858585218608772932, 0.006835016088376901465, 0.007811446958145029998 ),
 .UNSPECIFIED. ) ;
#2755 = ORIENTED_EDGE ( 'NONE', *, *, #1013, .F. ) ;
#2756 = DIRECTION ( 'NONE',  ( 1.000000000000000000, -0.000000000000000000, -0.000000000000000000 ) ) ;
#2757 = VECTOR ( 'NONE', #2548, 1000.000000000000000 ) ;
#2758 = ORIENTED_EDGE ( 'NONE', *, *, #3142, .F. ) ;
#2759 = ADVANCED_FACE ( 'NONE', ( #1166 ), #4838, .F. ) ;
#2760 = CARTESIAN_POINT ( 'NONE',  ( -23.96369137670197702, 16.99999999999999289, -0.8712387292745700229 ) ) ;
#2761 = CARTESIAN_POINT ( 'NONE',  ( -24.30000000000000071, 13.50000000000000355, 16.54000000000001336 ) ) ;
#2762 = EDGE_CURVE ( 'NONE', #4425, #4653, #2754, .T. ) ;
#2763 = CARTESIAN_POINT ( 'NONE',  ( 27.53239363613300839, 14.57123797996557890, 16.10830779706694571 ) ) ;
#2764 = CARTESIAN_POINT ( 'NONE',  ( 31.95697516864785825, -16.17350239206405860, -0.3450243328173229207 ) ) ;
#2765 = VERTEX_POINT ( 'NONE', #1059 ) ;
#2766 = CARTESIAN_POINT ( 'NONE',  ( 21.20000000000000639, -16.49999999999999289, 17.57788984248088582 ) ) ;
#2767 = CYLINDRICAL_SURFACE ( 'NONE', #118, 0.7999999999999986011 ) ;
#2768 = VERTEX_POINT ( 'NONE', #4162 ) ;
#2769 = CARTESIAN_POINT ( 'NONE',  ( -26.96226515358359066, -17.98026405898352920, 0.1008179628505060654 ) ) ;
#2770 = LINE ( 'NONE', #868, #2036 ) ;
#2771 = EDGE_CURVE ( 'NONE', #1223, #2893, #5601, .T. ) ;
#2772 = CARTESIAN_POINT ( 'NONE',  ( -31.32002608590445902, -18.27360153855898162, -0.9448829934815238252 ) ) ;
#2773 = CARTESIAN_POINT ( 'NONE',  ( 22.70000000000000639, -13.50000000000000355, 17.66000000000000725 ) ) ;
#2774 = VERTEX_POINT ( 'NONE', #1939 ) ;
#2775 = CARTESIAN_POINT ( 'NONE',  ( -28.00000000000000711, 14.38086565572666053, 15.26032778078792695 ) ) ;
#2776 = CIRCLE ( 'NONE', #1425, 330.6999999999999318 ) ;
#2777 = CARTESIAN_POINT ( 'NONE',  ( -22.43583420561109421, -11.38843752817591515, 17.84491605607225395 ) ) ;
#2778 = CARTESIAN_POINT ( 'NONE',  ( 25.66114426259150605, 17.63876349037132485, 16.48822704292614816 ) ) ;
#2779 = FACE_OUTER_BOUND ( 'NONE', #3137, .T. ) ;
#2780 = CARTESIAN_POINT ( 'NONE',  ( 27.99999999999999289, -3.219999999999994866, 9.810000000000000497 ) ) ;
#2781 = DIRECTION ( 'NONE',  ( 0.000000000000000000, 0.000000000000000000, -1.000000000000000000 ) ) ;
#2782 = AXIS2_PLACEMENT_3D ( 'NONE', #5497, #3225, #5185 ) ;
#2783 = EDGE_LOOP ( 'NONE', ( #5473, #4538, #3407, #1011 ) ) ;
#2784 = VERTEX_POINT ( 'NONE', #324 ) ;
#2785 = CARTESIAN_POINT ( 'NONE',  ( 25.26172465960665292, 21.99999999999999645, -0.9683217876701059046 ) ) ;
#2786 = CIRCLE ( 'NONE', #2107, 1.000000000000000888 ) ;
#2787 = CARTESIAN_POINT ( 'NONE',  ( -21.20000000000000639, -15.49999999999999822, 18.47251272689750934 ) ) ;
#2788 = DIRECTION ( 'NONE',  ( -0.9004141926408416596, -4.998302841845663414E-14, 0.4350336558140547871 ) ) ;
#2789 = DIRECTION ( 'NONE',  ( 1.239088197126290817E-16, -1.000000000000000000, 0.000000000000000000 ) ) ;
#2790 = CARTESIAN_POINT ( 'NONE',  ( 23.92775436484045315, 19.00000000000000355, 0.3345313028230846308 ) ) ;
#2791 = ORIENTED_EDGE ( 'NONE', *, *, #5573, .F. ) ;
#2792 = CARTESIAN_POINT ( 'NONE',  ( -32.00000000000000000, -15.30000000000000071, -0.8036452206677813237 ) ) ;
#2793 = B_SPLINE_CURVE_WITH_KNOTS ( 'NONE', 3,
 ( #1301, #2275, #6099, #843, #1279, #2661, #3155, #3669, #4196, #823 ),
 .UNSPECIFIED., .F., .F.,
 ( 4, 2, 2, 2, 4 ),
 ( 0.000000000000000000, 0.0003967057529972472011, 0.0007934115059944944022, 0.001190117258991741549, 0.001586823011988988804 ),
 .UNSPECIFIED. ) ;
#2794 = CARTESIAN_POINT ( 'NONE',  ( -20.08469709767365785, 17.99999999999999645, 9.115139758254795055 ) ) ;
#2795 = EDGE_CURVE ( 'NONE', #1934, #1706, #5826, .T. ) ;
#2796 = CARTESIAN_POINT ( 'NONE',  ( -30.26632506030076186, -19.09386372148158628, -0.1857466069205994663 ) ) ;
#2797 = FACE_OUTER_BOUND ( 'NONE', #1346, .T. ) ;
#2798 = CARTESIAN_POINT ( 'NONE',  ( -24.73820443620002507, 16.90455306639152866, -0.9284910440069973347 ) ) ;
#2799 = CARTESIAN_POINT ( 'NONE',  ( 25.88079229788181834, -15.65504970118952066, -0.5446284563756491615 ) ) ;
#2800 = VERTEX_POINT ( 'NONE', #2247 ) ;
#2801 = CARTESIAN_POINT ( 'NONE',  ( -25.98487036740499079, 15.52881539620981677, -0.5546169450408402479 ) ) ;
#2802 = CARTESIAN_POINT ( 'NONE',  ( 28.26517369278843361, -21.31212568042249345, -0.4911802972354908925 ) ) ;
#2803 = CARTESIAN_POINT ( 'NONE',  ( -21.20000000000000639, -16.50000000000000000, 17.44382543818899833 ) ) ;
#2804 = COORDINATED_UNIVERSAL_TIME_OFFSET ( 8, 0, .AHEAD. ) ;
#2805 = EDGE_CURVE ( 'NONE', #2800, #5644, #2283, .T. ) ;
#2806 = CARTESIAN_POINT ( 'NONE',  ( 23.50000000000000355, 11.20000000000000284, 6.399999999999999467 ) ) ;
#2807 = AXIS2_PLACEMENT_3D ( 'NONE', #3429, #1540, #5859 ) ;
#2808 = CARTESIAN_POINT ( 'NONE',  ( 27.99999999999999289, 16.50000000000000000, 20.00000000000000000 ) ) ;
#2809 = EDGE_LOOP ( 'NONE', ( #1732, #3056, #5057, #2019, #2564, #5064 ) ) ;
#2810 = CARTESIAN_POINT ( 'NONE',  ( -27.62966934277684672, -15.68647841506624196, 0.04659098749523118282 ) ) ;
#2811 = ORIENTED_EDGE ( 'NONE', *, *, #4086, .F. ) ;
#2812 = CARTESIAN_POINT ( 'NONE',  ( 25.52714990056024291, 18.73849073581408220, 0.2148228002482293342 ) ) ;
#2813 = VERTEX_POINT ( 'NONE', #3827 ) ;
#2814 = EDGE_LOOP ( 'NONE', ( #3876, #4349, #3899, #562, #3630, #1855, #3909, #560 ) ) ;
#2815 = AXIS2_PLACEMENT_3D ( 'NONE', #2818, #421, #1387 ) ;
#2816 = ADVANCED_FACE ( 'NONE', ( #3016 ), #1602, .T. ) ;
#2817 = ORIENTED_EDGE ( 'NONE', *, *, #5939, .F. ) ;
#2818 = CARTESIAN_POINT ( 'NONE',  ( 17.99999999999999645, -3.219999999999994422, 6.250000000000000000 ) ) ;
#2819 = ORIENTED_EDGE ( 'NONE', *, *, #2211, .T. ) ;
#2820 = CARTESIAN_POINT ( 'NONE',  ( 24.32699207995699808, -16.48385001876821576, -0.4013074748211724607 ) ) ;
#2821 = CARTESIAN_POINT ( 'NONE',  ( -26.50000000000001066, 13.99999999999999645, -0.6047207381381024538 ) ) ;
#2822 = CARTESIAN_POINT ( 'NONE',  ( -21.20000000000000639, -15.76589362860127430, 18.44523733377407382 ) ) ;
#2823 = CARTESIAN_POINT ( 'NONE',  ( 26.93969945249051179, 14.39342144397362233, -1.101453248834546983 ) ) ;
#2824 = ORIENTED_EDGE ( 'NONE', *, *, #4258, .F. ) ;
#2825 =( BOUNDED_SURFACE ( )  B_SPLINE_SURFACE ( 3, 2, ( 
 ( #2852, #990, #6021 ),
 ( #743, #5624, #3201 ),
 ( #6191, #1822, #6172 ),
 ( #3751, #5725, #2335 ),
 ( #5217, #1842, #3768 ),
 ( #2812, #1782, #377 ),
 ( #2281, #2354, #927 ),
 ( #4790, #1423, #2831 ),
 ( #4301, #5749, #1903 ),
 ( #5277, #3789, #1398 ),
 ( #4280, #6213, #4772 ),
 ( #3314, #1882, #473 ),
 ( #5256, #3810, #948 ),
 ( #854, #1331, #1945 ),
 ( #4857, #591, #1077 ),
 ( #5480, #4999, #2070 ),
 ( #2574, #4002, #3059 ),
 ( #5931, #3020, #5973 ),
 ( #1093, #4443, #3483 ),
 ( #4916, #2024, #631 ) ),
 .UNSPECIFIED., .F., .F., .T. ) 
 B_SPLINE_SURFACE_WITH_KNOTS ( ( 4, 2, 2, 2, 2, 2, 2, 2, 2, 4 ),
 ( 3, 3 ),
 ( 0.000000000000000000, 0.0009778695628382782883, 0.001466804344257417432, 0.001955739125676556577, 0.002933608688514834865, 0.003911478251353113153, 0.004889347814191391875, 0.005378282595610531236, 0.005867217377029669730, 0.007822956502706226306 ),
 ( 0.000000000000000000, 1.000000000000000000 ),
 .UNSPECIFIED. ) 
 GEOMETRIC_REPRESENTATION_ITEM ( )  RATIONAL_B_SPLINE_SURFACE ( (
 ( 1.000000000000000000, 0.7071067811865475727, 1.000000000000000000),
 ( 1.000000000000000000, 0.7087914149373333306, 1.000000000000000000),
 ( 1.000000000000000000, 0.7105113614300646585, 1.000000000000000000),
 ( 1.000000000000000000, 0.7131346174515755809, 1.000000000000000000),
 ( 1.000000000000000000, 0.7140162409983981107, 1.000000000000000000),
 ( 1.000000000000000000, 0.7157918034593719891, 1.000000000000000000),
 ( 1.000000000000000000, 0.7166886478329621557, 1.000000000000000000),
 ( 1.000000000000000000, 0.7193358240681018145, 1.000000000000000000),
 ( 1.000000000000000000, 0.7210609082026859795, 1.000000000000000000),
 ( 1.000000000000000000, 0.7244021474846060737, 1.000000000000000000),
 ( 1.000000000000000000, 0.7260267048741714246, 1.000000000000000000),
 ( 1.000000000000000000, 0.7289926413614923328, 1.000000000000000000),
 ( 1.000000000000000000, 0.7303520985232780927, 1.000000000000000000),
 ( 1.000000000000000000, 0.7321764011565207175, 1.000000000000000000),
 ( 1.000000000000000000, 0.7327482066056594245, 1.000000000000000000),
 ( 1.000000000000000000, 0.7337902485958927024, 1.000000000000000000),
 ( 1.000000000000000000, 0.7342641044961034646, 1.000000000000000000),
 ( 1.000000000000000000, 0.7363933412285724733, 1.000000000000000000),
 ( 1.000000000000000000, 0.7373352167467118745, 1.000000000000000000),
 ( 1.000000000000000000, 0.7373251688200785914, 1.000000000000000000) ) ) 
 REPRESENTATION_ITEM ( '' )  SURFACE ( )  );
#2826 = CIRCLE ( 'NONE', #1323, 0.5000000000000000000 ) ;
#2827 = CARTESIAN_POINT ( 'NONE',  ( 16.63274534606947697, -14.49999999999999467, 17.49999999999999645 ) ) ;
#2828 = CARTESIAN_POINT ( 'NONE',  ( -24.83519509084634080, -17.91466920751500425, 0.2676459331800620789 ) ) ;
#2829 = DIRECTION ( 'NONE',  ( -0.000000000000000000, -0.000000000000000000, 1.000000000000000000 ) ) ;
#2830 = CARTESIAN_POINT ( 'NONE',  ( -24.52437027430013217, 17.97418520861051761, 1.283945583081200992 ) ) ;
#2831 = CARTESIAN_POINT ( 'NONE',  ( 25.77098517520594712, 17.59613046140697179, 1.164267834615591690 ) ) ;
#2832 = EDGE_LOOP ( 'NONE', ( #2052, #2811, #1432, #5785 ) ) ;
#2833 = CIRCLE ( 'NONE', #2707, 2.499999999999998668 ) ;
#2834 = EDGE_CURVE ( 'NONE', #2603, #4044, #5757, .T. ) ;
#2835 = DIRECTION ( 'NONE',  ( -1.000000000000000000, 0.000000000000000000, 0.000000000000000000 ) ) ;
#2836 = B_SPLINE_CURVE_WITH_KNOTS ( 'NONE', 3,
 ( #2198, #2683, #737, #1259, #4642, #4622, #2151, #5527, #3666, #5569, #5067, #4114, #5112, #2615, #2703, #4557, #6016, #3151, #4578, #5546, #6076, #2636 ),
 .UNSPECIFIED., .F., .F.,
 ( 4, 2, 2, 2, 2, 2, 2, 2, 2, 2, 4 ),
 ( 2.710505431213761085E-20, 0.001223421273846793042, 0.002446842547693586084, 0.003058553184616984773, 0.003670263821540383897, 0.004893685095387189515, 0.006117106369233995568, 0.007340527643080802488, 0.007952238280004209417, 0.008563948916927618948, 0.009787370190774436277 ),
 .UNSPECIFIED. ) ;
#2837 = ORIENTED_EDGE ( 'NONE', *, *, #343, .T. ) ;
#2838 = CARTESIAN_POINT ( 'NONE',  ( -21.20000000000000639, -13.50000000000000178, 18.47251272689750934 ) ) ;
#2839 = VECTOR ( 'NONE', #342, 1000.000000000000000 ) ;
#2840 = CARTESIAN_POINT ( 'NONE',  ( 25.28989234407162812, -16.69711235661984361, -0.9704354307150303560 ) ) ;
#2841 = EDGE_CURVE ( 'NONE', #1260, #5489, #3309, .T. ) ;
#2842 = CARTESIAN_POINT ( 'NONE',  ( -25.46177743559880469, 16.60523683304122144, -0.9837017478143799121 ) ) ;
#2843 = CARTESIAN_POINT ( 'NONE',  ( 28.44361380257752714, -20.67278670598567203, -0.02358710259859577232 ) ) ;
#2844 = ORIENTED_EDGE ( 'NONE', *, *, #1720, .F. ) ;
#2845 = LINE ( 'NONE', #4674, #3998 ) ;
#2846 = CARTESIAN_POINT ( 'NONE',  ( -20.86955553836182631, 16.49999999999999289, 16.50000000000000000 ) ) ;
#2847 = CARTESIAN_POINT ( 'NONE',  ( 24.00000000000015277, -16.99999999999999289, 17.21886749202236544 ) ) ;
#2848 = DIRECTION ( 'NONE',  ( 0.000000000000000000, 0.000000000000000000, -1.000000000000000000 ) ) ;
#2849 = CARTESIAN_POINT ( 'NONE',  ( -27.01079922284252888, 16.64632779702720811, 1.037885542451679965 ) ) ;
#2850 = CIRCLE ( 'NONE', #1867, 0.7999999999999986011 ) ;
#2851 = AXIS2_PLACEMENT_3D ( 'NONE', #1711, #3723, #4137 ) ;
#2852 = CARTESIAN_POINT ( 'NONE',  ( 23.92775436484045315, 19.00000000000000355, 0.3345313028230855190 ) ) ;
#2853 = CARTESIAN_POINT ( 'NONE',  ( 0.000000000000000000, -22.00000000000000000, -330.0000000000000000 ) ) ;
#2854 = ORIENTED_EDGE ( 'NONE', *, *, #862, .T. ) ;
#2855 = VECTOR ( 'NONE', #5887, 1000.000000000000000 ) ;
#2856 = CARTESIAN_POINT ( 'NONE',  ( -24.25705681090350652, -19.00000000000000711, 0.3106783074669353106 ) ) ;
#2857 = CARTESIAN_POINT ( 'NONE',  ( 26.49999999999999289, 4.620000000000009877, 7.650000000000000355 ) ) ;
#2858 = EDGE_LOOP ( 'NONE', ( #907, #2716, #6031, #2791 ) ) ;
#2859 = CARTESIAN_POINT ( 'NONE',  ( 23.50000000000000355, 13.50000000000000355, 6.399999999999999467 ) ) ;
#2860 = ORIENTED_EDGE ( 'NONE', *, *, #4438, .F. ) ;
#2861 = CARTESIAN_POINT ( 'NONE',  ( -31.50000000000000000, 22.00000000000000000, -1.004559302108243291 ) ) ;
#2862 = CARTESIAN_POINT ( 'NONE',  ( 25.77939499999665074, -21.99748381114405049, 0.1954853508832319620 ) ) ;
#2863 = CIRCLE ( 'NONE', #3017, 330.0000000000000000 ) ;
#2864 = CC_DESIGN_PERSON_AND_ORGANIZATION_ASSIGNMENT ( #4134, #3445, ( #768 ) ) ;
#2865 = DIRECTION ( 'NONE',  ( 0.000000000000000000, 0.000000000000000000, 1.000000000000000000 ) ) ;
#2866 = EDGE_CURVE ( 'NONE', #4010, #4449, #265, .T. ) ;
#2867 = FACE_OUTER_BOUND ( 'NONE', #2876, .T. ) ;
#2868 = DIRECTION ( 'NONE',  ( -0.000000000000000000, -1.000000000000000000, -0.000000000000000000 ) ) ;
#2869 = CARTESIAN_POINT ( 'NONE',  ( 26.99999999999999289, 13.99999999999999822, -0.6047207381380537150 ) ) ;
#2870 = CARTESIAN_POINT ( 'NONE',  ( -27.45996155891745971, -21.64605776244997060, -0.6292895285696915586 ) ) ;
#2871 = CARTESIAN_POINT ( 'NONE',  ( 10.31000000000000405, -13.99999999999999822, 19.11513975825479505 ) ) ;
#2872 = B_SPLINE_CURVE_WITH_KNOTS ( 'NONE', 3,
 ( #3015, #2484, #2525, #2103, #3977, #5882, #2459, #4025, #3504, #5927 ),
 .UNSPECIFIED., .F., .F.,
 ( 4, 2, 2, 2, 4 ),
 ( 0.000000000000000000, 0.0005087900237785846370, 0.001017580047557169274, 0.001526370071335753911, 0.002035160095114338548 ),
 .UNSPECIFIED. ) ;
#2873 = FACE_OUTER_BOUND ( 'NONE', #5648, .T. ) ;
#2874 = EDGE_CURVE ( 'NONE', #2784, #1849, #4461, .T. ) ;
#2875 = CARTESIAN_POINT ( 'NONE',  ( -32.00000000000000000, 22.00000000000000000, -0.8036452206677813237 ) ) ;
#2876 = EDGE_LOOP ( 'NONE', ( #1918, #4390, #3154, #4118 ) ) ;
#2877 = LINE ( 'NONE', #523, #2655 ) ;
#2878 = CARTESIAN_POINT ( 'NONE',  ( -24.00000000000002132, 16.49999999999999289, 6.399999999999999467 ) ) ;
#2879 = CARTESIAN_POINT ( 'NONE',  ( 30.00890275084050884, 19.40539042391282010, -0.1621783109122713062 ) ) ;
#2880 = CARTESIAN_POINT ( 'NONE',  ( 17.99999999999999645, 3.220000000000008633, 6.250000000000000000 ) ) ;
#2881 = ADVANCED_FACE ( 'NONE', ( #2054 ), #3803, .F. ) ;
#2882 = VERTEX_POINT ( 'NONE', #5786 ) ;
#2883 = ORIENTED_EDGE ( 'NONE', *, *, #3052, .T. ) ;
#2884 = EDGE_CURVE ( 'NONE', #392, #5475, #3545, .T. ) ;
#2885 = DIRECTION ( 'NONE',  ( 1.000000000000000000, 1.239088197126290817E-16, 0.000000000000000000 ) ) ;
#2886 = CARTESIAN_POINT ( 'NONE',  ( 26.13809162586990453, -21.96166050730272801, -1.036496799885684661 ) ) ;
#2887 = CARTESIAN_POINT ( 'NONE',  ( -26.99071999654649190, 21.78699530266803563, -1.105545070085256265 ) ) ;
#2888 = CARTESIAN_POINT ( 'NONE',  ( 30.61941995060420751, 19.39726124322810108, -0.6838213316985332080 ) ) ;
#2889 = DIRECTION ( 'NONE',  ( -1.000000000000000000, 0.000000000000000000, -6.938893903907234689E-15 ) ) ;
#2890 = CARTESIAN_POINT ( 'NONE',  ( -28.03157340514540508, -21.42190559397247540, -1.192583372963697208 ) ) ;
#2891 = ORIENTED_EDGE ( 'NONE', *, *, #1917, .T. ) ;
#2892 = AXIS2_PLACEMENT_3D ( 'NONE', #3788, #4278, #5767 ) ;
#2893 = VERTEX_POINT ( 'NONE', #3346 ) ;
#2894 = DIRECTION ( 'NONE',  ( 0.000000000000000000, 1.000000000000000000, 0.000000000000000000 ) ) ;
#2895 = VERTEX_POINT ( 'NONE', #2402 ) ;
#2896 = CARTESIAN_POINT ( 'NONE',  ( -21.20000000000000639, -13.50000000000000178, 18.47251272689750934 ) ) ;
#2897 = DIRECTION ( 'NONE',  ( 0.000000000000000000, -0.000000000000000000, 1.000000000000000000 ) ) ;
#2898 = ORIENTED_EDGE ( 'NONE', *, *, #2439, .T. ) ;
#2899 = LINE ( 'NONE', #287, #2382 ) ;
#2900 = CARTESIAN_POINT ( 'NONE',  ( 25.33825219231932380, 21.50000000000000000, 0.2293339118110285513 ) ) ;
#2901 = DIRECTION ( 'NONE',  ( -1.000000000000000000, 0.000000000000000000, 0.000000000000000000 ) ) ;
#2902 = CARTESIAN_POINT ( 'NONE',  ( 25.98802928607476659, 15.52461014684028306, -0.5549208175310328395 ) ) ;
#2903 = CARTESIAN_POINT ( 'NONE',  ( -20.08469709767365785, -17.00000000000000000, 18.11513975825479505 ) ) ;
#2904 = CARTESIAN_POINT ( 'NONE',  ( 29.72289238778686737, -20.35161594560427289, -0.8094862547655111706 ) ) ;
#2905 = EDGE_LOOP ( 'NONE', ( #4540, #1061, #5863, #3288 ) ) ;
#2906 = EDGE_LOOP ( 'NONE', ( #1302, #819, #1114, #4507 ) ) ;
#2907 = CARTESIAN_POINT ( 'NONE',  ( 25.30000000000000071, 21.50000000000000000, -0.2692007106403770944 ) ) ;
#2908 = CARTESIAN_POINT ( 'NONE',  ( 14.66000000000000725, -13.99999999999999822, 17.49999999999999645 ) ) ;
#2909 = FACE_OUTER_BOUND ( 'NONE', #3436, .T. ) ;
#2910 = EDGE_CURVE ( 'NONE', #3603, #4696, #414, .T. ) ;
#2911 = DIRECTION ( 'NONE',  ( 0.000000000000000000, 0.000000000000000000, -1.000000000000000000 ) ) ;
#2912 = ADVANCED_FACE ( 'NONE', ( #791 ), #861, .F. ) ;
#2913 = B_SPLINE_CURVE_WITH_KNOTS ( 'NONE', 3,
 ( #40, #3756, #6139, #996, #2321, #1826 ),
 .UNSPECIFIED., .F., .F.,
 ( 4, 2, 4 ),
 ( 0.000000000000000000, 0.0009257708456852124183, 0.001851541691370424837 ),
 .UNSPECIFIED. ) ;
#2914 = EDGE_LOOP ( 'NONE', ( #4167, #5080 ) ) ;
#2915 = FACE_OUTER_BOUND ( 'NONE', #1774, .T. ) ;
#2916 = CARTESIAN_POINT ( 'NONE',  ( -28.91270319084889451, 13.99999999999999112, -0.06440690007716463883 ) ) ;
#2917 = CARTESIAN_POINT ( 'NONE',  ( 28.78519261075620861, -15.13541791824461491, -0.05325626765053563527 ) ) ;
#2918 = CARTESIAN_POINT ( 'NONE',  ( -26.07918538982345780, -16.61044083439577079, 17.12555356948364249 ) ) ;
#2919 = VERTEX_POINT ( 'NONE', #1006 ) ;
#2920 = CARTESIAN_POINT ( 'NONE',  ( 12.06000000000000405, -13.99999999999999822, 18.50000000000000000 ) ) ;
#2921 = LINE ( 'NONE', #4144, #5432 ) ;
#2922 = DIRECTION ( 'NONE',  ( -0.000000000000000000, 0.000000000000000000, -1.000000000000000000 ) ) ;
#2923 = EDGE_CURVE ( 'NONE', #5035, #5176, #5677, .T. ) ;
#2924 = DIRECTION ( 'NONE',  ( -0.000000000000000000, -1.000000000000000000, -0.000000000000000000 ) ) ;
#2925 = CARTESIAN_POINT ( 'NONE',  ( 27.66519720850855180, -21.57242180575109103, -0.4443949387366755710 ) ) ;
#2926 = AXIS2_PLACEMENT_3D ( 'NONE', #5837, #95, #2911 ) ;
#2927 = ORIENTED_EDGE ( 'NONE', *, *, #3937, .T. ) ;
#2928 = CARTESIAN_POINT ( 'NONE',  ( -21.29399997152812674, 12.82735828833279257, 18.45481565223261100 ) ) ;
#2929 = CIRCLE ( 'NONE', #5110, 1.000000000000000000 ) ;
#2930 = CARTESIAN_POINT ( 'NONE',  ( 26.77858449296492793, -21.83857157445851627, -1.088208658671006468 ) ) ;
#2931 = CARTESIAN_POINT ( 'NONE',  ( -25.26172465960665647, 21.50000000000000000, -0.9683217876700915827 ) ) ;
#2932 = CARTESIAN_POINT ( 'NONE',  ( 31.13293076508893265, -17.30685299021837764, -1.471820410599602447 ) ) ;
#2933 = CARTESIAN_POINT ( 'NONE',  ( -27.87203034954585945, 15.03707212355524092, 0.9457603628687921704 ) ) ;
#2934 = EDGE_LOOP ( 'NONE', ( #911, #4817, #1058, #2461 ) ) ;
#2935 = ORIENTED_EDGE ( 'NONE', *, *, #4952, .F. ) ;
#2936 = AXIS2_PLACEMENT_3D ( 'NONE', #3368, #5291, #29 ) ;
#2937 = VECTOR ( 'NONE', #4610, 1000.000000000000000 ) ;
#2938 = DIRECTION ( 'NONE',  ( -1.000000000000000000, -5.421010862427514281E-16, 0.000000000000000000 ) ) ;
#2939 =( BOUNDED_CURVE ( )  B_SPLINE_CURVE ( 3, ( #1869, #5260, #3817, #1430 ),
 .UNSPECIFIED., .F., .T. ) 
 B_SPLINE_CURVE_WITH_KNOTS ( ( 4, 4 ),
 ( 5.140646225473357589, 6.283185307179586232 ),
 .UNSPECIFIED. ) 
 CURVE ( )  GEOMETRIC_REPRESENTATION_ITEM ( )  RATIONAL_B_SPLINE_CURVE ( ( 1.000000000000000000, 0.8941434746364450570, 0.8941434746364450570, 1.000000000000000000 ) ) 
 REPRESENTATION_ITEM ( '' )  );
#2941 = CARTESIAN_POINT ( 'NONE',  ( 9.487254653930534687, -14.49999999999999467, 17.49999999999999645 ) ) ;
#2940 = DIRECTION ( 'NONE',  ( -0.000000000000000000, -0.000000000000000000, -1.000000000000000000 ) ) ;
#2942 = VERTEX_POINT ( 'NONE', #2806 ) ;
#2943 = CARTESIAN_POINT ( 'NONE',  ( -26.33127054721319737, 17.27264748817488282, 16.13641074350026727 ) ) ;
#2944 = CYLINDRICAL_SURFACE ( 'NONE', #2411, 1.749999999999999778 ) ;
#2945 = CARTESIAN_POINT ( 'NONE',  ( 16.63274534606947697, -14.49999999999999467, 18.50000000000000000 ) ) ;
#2946 = CARTESIAN_POINT ( 'NONE',  ( -26.50000000000000711, 13.99999999999999289, -0.6047207381380537150 ) ) ;
#2947 = CARTESIAN_POINT ( 'NONE',  ( 29.43727062775529646, 19.97462573391180740, -0.1106702320672673101 ) ) ;
#2948 = CARTESIAN_POINT ( 'NONE',  ( 30.26632506030077252, 19.09386372148158628, -0.1857466069205988002 ) ) ;
#2949 = CARTESIAN_POINT ( 'NONE',  ( -24.00000000000001066, 13.99999999999999289, 6.399999999999999467 ) ) ;
#2950 = CARTESIAN_POINT ( 'NONE',  ( -29.39005176995905799, -20.62496439201487419, -0.7820804566349643938 ) ) ;
#2951 = ADVANCED_FACE ( 'NONE', ( #198 ), #3704, .F. ) ;
#2952 = FACE_OUTER_BOUND ( 'NONE', #4015, .T. ) ;
#2953 = DIRECTION ( 'NONE',  ( 1.000000000000000000, 5.421010862427514281E-16, 0.000000000000000000 ) ) ;
#2954 = CARTESIAN_POINT ( 'NONE',  ( 21.20000000000000639, -16.49999999999999289, 20.00000000000000000 ) ) ;
#2955 = EDGE_CURVE ( 'NONE', #4425, #5144, #2929, .T. ) ;
#2956 = DIRECTION ( 'NONE',  ( -0.000000000000000000, -0.000000000000000000, 1.000000000000000000 ) ) ;
#2957 = CARTESIAN_POINT ( 'NONE',  ( 32.00000000000000000, 15.29999999999999716, -0.8036452206677813237 ) ) ;
#2958 = CARTESIAN_POINT ( 'NONE',  ( 30.62291080213933725, -18.40672188284065314, -1.423910525846694419 ) ) ;
#2959 = EDGE_LOOP ( 'NONE', ( #1574, #5134, #4924, #603 ) ) ;
#2960 = CARTESIAN_POINT ( 'NONE',  ( 27.79307823281076395, 15.29636136583966888, 0.9543635200726153789 ) ) ;
#2961 = ORIENTED_EDGE ( 'NONE', *, *, #1800, .F. ) ;
#2962 = CARTESIAN_POINT ( 'NONE',  ( 31.31695959498416215, 18.25535361090585340, -0.2836547655975890647 ) ) ;
#2963 = DIRECTION ( 'NONE',  ( 0.07650438463864539518, 0.000000000000000000, 0.9970692449028113469 ) ) ;
#2964 = EDGE_CURVE ( 'NONE', #5027, #2474, #1675, .T. ) ;
#2965 = CARTESIAN_POINT ( 'NONE',  ( 21.20000000000000639, -13.50000000000000178, 6.399999999999999467 ) ) ;
#2966 = DIRECTION ( 'NONE',  ( -0.000000000000000000, 0.000000000000000000, -1.000000000000000000 ) ) ;
#2967 = ORIENTED_EDGE ( 'NONE', *, *, #5366, .T. ) ;
#2968 = DIRECTION ( 'NONE',  ( 0.000000000000000000, 1.000000000000000000, 0.000000000000000000 ) ) ;
#2969 = DIRECTION ( 'NONE',  ( 0.000000000000000000, 1.000000000000000000, 0.000000000000000000 ) ) ;
#2970 = CARTESIAN_POINT ( 'NONE',  ( 0.000000000000000000, -21.50000000000000000, -330.0000000000000000 ) ) ;
#2971 = CARTESIAN_POINT ( 'NONE',  ( -31.82862386494153384, -16.82144292408753827, -0.9894114277345820163 ) ) ;
#2972 = VERTEX_POINT ( 'NONE', #4870 ) ;
#2973 = EDGE_CURVE ( 'NONE', #4232, #6154, #5153, .T. ) ;
#2974 = EDGE_LOOP ( 'NONE', ( #5209, #3045, #5627, #2467 ) ) ;
#2975 = DIRECTION ( 'NONE',  ( 0.000000000000000000, 0.000000000000000000, 1.000000000000000000 ) ) ;
#2976 = AXIS2_PLACEMENT_3D ( 'NONE', #3480, #1154, #814 ) ;
#2977 = CARTESIAN_POINT ( 'NONE',  ( 28.00226903513759424, -20.87416100052534063, -1.190003082433957360 ) ) ;
#2978 = CARTESIAN_POINT ( 'NONE',  ( 25.30000000000000071, 21.50000000000000000, -0.4697889418938360206 ) ) ;
#2979 = CARTESIAN_POINT ( 'NONE',  ( -31.95647111664115414, 16.18141123635322032, -1.000695208478564524 ) ) ;
#2980 = DIRECTION ( 'NONE',  ( 1.000000000000000000, 1.239088197126290817E-16, -0.000000000000000000 ) ) ;
#2981 = CARTESIAN_POINT ( 'NONE',  ( 23.99999999999999289, 13.99999999999999822, 20.00000000000000000 ) ) ;
#2982 = VERTEX_POINT ( 'NONE', #3000 ) ;
#2983 = AXIS2_PLACEMENT_3D ( 'NONE', #1777, #1816, #1325 ) ;
#2984 = CALENDAR_DATE ( 2025, 19, 6 ) ;
#2985 = ORIENTED_EDGE ( 'NONE', *, *, #980, .T. ) ;
#2986 = ADVANCED_FACE ( 'NONE', ( #39 ), #5446, .F. ) ;
#2987 = CARTESIAN_POINT ( 'NONE',  ( -28.06802015168622688, 21.40536757675778645, -0.4756997831146874689 ) ) ;
#2988 = ORIENTED_EDGE ( 'NONE', *, *, #2884, .T. ) ;
#2990 = DIRECTION ( 'NONE',  ( -0.000000000000000000, 0.000000000000000000, -1.000000000000000000 ) ) ;
#2989 = CARTESIAN_POINT ( 'NONE',  ( 27.68370667582084366, -17.30359326757474392, 0.04106638480366306410 ) ) ;
#2991 = CARTESIAN_POINT ( 'NONE',  ( -26.04442676674450752, 17.46378989442032648, 17.14988460563890982 ) ) ;
#2992 = FACE_OUTER_BOUND ( 'NONE', #1778, .T. ) ;
#2993 =( GEOMETRIC_REPRESENTATION_CONTEXT ( 3 ) GLOBAL_UNCERTAINTY_ASSIGNED_CONTEXT ( ( #4351 ) ) GLOBAL_UNIT_ASSIGNED_CONTEXT ( ( #5814, #2414, #4387 ) ) REPRESENTATION_CONTEXT ( 'NONE', 'WORKASPACE' ) );
#2994 = CARTESIAN_POINT ( 'NONE',  ( 25.40427023291457331, 17.75602992489936227, 16.62308590850653545 ) ) ;
#2995 = DIRECTION ( 'NONE',  ( 0.000000000000000000, 0.000000000000000000, -1.000000000000000000 ) ) ;
#2996 = EDGE_CURVE ( 'NONE', #5722, #590, #3094, .T. ) ;
#2997 = CARTESIAN_POINT ( 'NONE',  ( 25.07758065146138193, 16.26197026189268158, -0.9541325261749228348 ) ) ;
#2998 = ORIENTED_EDGE ( 'NONE', *, *, #2675, .F. ) ;
#2999 = FACE_OUTER_BOUND ( 'NONE', #5807, .T. ) ;
#3000 = CARTESIAN_POINT ( 'NONE',  ( 31.45234493192133129, -15.30000000000000071, -1.502283115569518213 ) ) ;
#3001 = CARTESIAN_POINT ( 'NONE',  ( -24.30000000000000071, 13.50000000000000355, 6.399999999999999467 ) ) ;
#3002 = CARTESIAN_POINT ( 'NONE',  ( -24.00000000000000711, 13.99999999999999112, 20.00000000000000000 ) ) ;
#3003 = CARTESIAN_POINT ( 'NONE',  ( -31.78291760053415871, 17.04850589902692448, -0.9853776302529123621 ) ) ;
#3004 = CARTESIAN_POINT ( 'NONE',  ( 26.49999999999999289, -4.619999999999968132, 19.99999999999996803 ) ) ;
#3005 = ORIENTED_EDGE ( 'NONE', *, *, #382, .F. ) ;
#3006 = VECTOR ( 'NONE', #3272, 1000.000000000000000 ) ;
#3007 = EDGE_CURVE ( 'NONE', #5726, #4793, #5947, .T. ) ;
#3008 = CARTESIAN_POINT ( 'NONE',  ( 27.87018504967602084, 15.04472762551542964, 0.9459615890124049020 ) ) ;
#3009 = VECTOR ( 'NONE', #384, 1000.000000000000000 ) ;
#3010 = CARTESIAN_POINT ( 'NONE',  ( 27.73503688686099977, -15.43808746588952197, 0.03780859222662866226 ) ) ;
#3011 = CARTESIAN_POINT ( 'NONE',  ( 0.000000000000000000, 21.50000000000000000, 1.199999999999923128 ) ) ;
#3012 = VERTEX_POINT ( 'NONE', #632 ) ;
#3013 = EDGE_CURVE ( 'NONE', #3270, #1871, #3238, .T. ) ;
#3014 = CARTESIAN_POINT ( 'NONE',  ( 22.01648022708846852, -11.74239677874086496, 18.13846384103808518 ) ) ;
#3015 = CARTESIAN_POINT ( 'NONE',  ( 22.01648022708846852, 11.74239677874086318, 18.13846384103808518 ) ) ;
#3016 = FACE_OUTER_BOUND ( 'NONE', #5747, .T. ) ;
#3017 = AXIS2_PLACEMENT_3D ( 'NONE', #902, #4251, #3342 ) ;
#3018 = DIRECTION ( 'NONE',  ( 1.000000000000000000, 0.000000000000000000, 0.000000000000000000 ) ) ;
#3019 = ADVANCED_FACE ( 'NONE', ( #4539, #5292 ), #4376, .F. ) ;
#3020 = CARTESIAN_POINT ( 'NONE',  ( 27.88856813847549887, 15.07692444912581209, 0.02501228857879726070 ) ) ;
#3021 = CARTESIAN_POINT ( 'NONE',  ( 31.64774844304383450, 17.45511646338849587, -0.9735071266135015833 ) ) ;
#3022 = ORIENTED_EDGE ( 'NONE', *, *, #3999, .F. ) ;
#3023 = CARTESIAN_POINT ( 'NONE',  ( 31.13247585306416454, -17.30822949665375177, -1.471777215832611896 ) ) ;
#3024 = CARTESIAN_POINT ( 'NONE',  ( -31.08866786136448113, 18.68092044942091334, -1.467314504353812721 ) ) ;
#3025 = LINE ( 'NONE', #1642, #6061 ) ;
#3026 = CARTESIAN_POINT ( 'NONE',  ( -28.26653356057485311, 21.32345390528876905, -0.6918447012999522361 ) ) ;
#3027 = CARTESIAN_POINT ( 'NONE',  ( 0.000000000000000000, -21.50000000000000000, 0.5000000000000004441 ) ) ;
#3028 = AXIS2_PLACEMENT_3D ( 'NONE', #2903, #3462, #2071 ) ;
#3029 = LINE ( 'NONE', #5380, #3714 ) ;
#3030 = CARTESIAN_POINT ( 'NONE',  ( -31.99999999999998579, 15.74307208987142381, -0.8036452206677923149 ) ) ;
#3031 = CARTESIAN_POINT ( 'NONE',  ( 0.000000000000000000, -18.99999999999999645, -330.0000000000000000 ) ) ;
#3032 = CARTESIAN_POINT ( 'NONE',  ( -27.86596518384629562, 15.03517029547173323, 0.9464182352098531315 ) ) ;
#3033 = CARTESIAN_POINT ( 'NONE',  ( -23.50000000000000355, 11.20000000000000284, 6.399999999999999467 ) ) ;
#3034 = LINE ( 'NONE', #569, #1464 ) ;
#3035 = CARTESIAN_POINT ( 'NONE',  ( 24.43503365581420539, -16.99999999999999289, 18.11928168466320699 ) ) ;
#3036 = ORIENTED_EDGE ( 'NONE', *, *, #4339, .T. ) ;
#3037 = CARTESIAN_POINT ( 'NONE',  ( 25.38550581277041829, -16.88328839600715270, 17.59882308396966621 ) ) ;
#3038 = ORIENTED_EDGE ( 'NONE', *, *, #2263, .T. ) ;
#3039 = CARTESIAN_POINT ( 'NONE',  ( 27.46439284967022232, 21.65572170172679378, -0.6294747778140230565 ) ) ;
#3040 = EDGE_CURVE ( 'NONE', #3315, #323, #3240, .T. ) ;
#3041 = CARTESIAN_POINT ( 'NONE',  ( -28.35743561644702737, 20.68434158122090594, -1.220484667965667791 ) ) ;
#3042 = CARTESIAN_POINT ( 'NONE',  ( -27.65868600430418311, 21.57492469372249744, -0.6445862813649515521 ) ) ;
#3043 = CARTESIAN_POINT ( 'NONE',  ( -31.54762624735409915, 15.29999999999999716, -0.3059186485792946830 ) ) ;
#3044 = CARTESIAN_POINT ( 'NONE',  ( -29.72655947139582722, 20.34839199416608579, -0.6089942349939934108 ) ) ;
#3045 = ORIENTED_EDGE ( 'NONE', *, *, #1848, .T. ) ;
#3046 = ORIENTED_EDGE ( 'NONE', *, *, #2549, .F. ) ;
#3047 = ADVANCED_FACE ( 'NONE', ( #5365 ), #2715, .F. ) ;
#3048 = DIRECTION ( 'NONE',  ( -1.000000000000000000, -1.239088197126290817E-16, 0.000000000000000000 ) ) ;
#3049 = VERTEX_POINT ( 'NONE', #4936 ) ;
#3051 = CARTESIAN_POINT ( 'NONE',  ( 27.44977206018869254, -21.64954016746075638, -0.6285077510804393253 ) ) ;
#3050 = CARTESIAN_POINT ( 'NONE',  ( 27.04316648089657349, -21.78425289404559706, -0.3966973919028601303 ) ) ;
#3052 = EDGE_CURVE ( 'NONE', #2440, #5076, #1447, .T. ) ;
#3053 = CARTESIAN_POINT ( 'NONE',  ( -26.97722755004011574, 16.68482532794114093, 0.1002907365568738579 ) ) ;
#3054 = AXIS2_PLACEMENT_3D ( 'NONE', #59, #3878, #4884 ) ;
#3055 = VERTEX_POINT ( 'NONE', #5843 ) ;
#3056 = ORIENTED_EDGE ( 'NONE', *, *, #3665, .T. ) ;
#3057 = DIRECTION ( 'NONE',  ( 0.000000000000000000, 0.000000000000000000, -1.000000000000000000 ) ) ;
#3058 = DESIGN_CONTEXT ( 'detailed design', #1510, 'design' ) ;
#3059 = CARTESIAN_POINT ( 'NONE',  ( 27.64329701232538739, 15.65631136152016722, 0.9705517115602653178 ) ) ;
#3060 = ORIENTED_EDGE ( 'NONE', *, *, #2183, .F. ) ;
#3061 = DIRECTION ( 'NONE',  ( 1.000000000000000000, 0.000000000000000000, 0.000000000000000000 ) ) ;
#3062 = AXIS2_PLACEMENT_3D ( 'NONE', #6120, #6190, #890 ) ;
#3063 = LINE ( 'NONE', #2066, #2757 ) ;
#3064 = CARTESIAN_POINT ( 'NONE',  ( 27.53239363613292667, -14.57123797996534265, 16.10830779706700611 ) ) ;
#3065 = ORIENTED_EDGE ( 'NONE', *, *, #2805, .T. ) ;
#3066 = CARTESIAN_POINT ( 'NONE',  ( -30.97287170460650430, 18.87187852502644603, -1.456385055101099946 ) ) ;
#3067 = DIRECTION ( 'NONE',  ( -0.07261724659606699772, 0.000000000000000000, 0.9973598826385620120 ) ) ;
#3068 = DIRECTION ( 'NONE',  ( 1.000000000000000000, 0.000000000000000000, 0.000000000000000000 ) ) ;
#3069 = CARTESIAN_POINT ( 'NONE',  ( -30.01326057630800648, 19.40043015303461971, -0.1625751649976494018 ) ) ;
#3070 = EDGE_LOOP ( 'NONE', ( #5284, #1315, #1492, #2306, #1555, #376, #5249, #4213, #4680, #582 ) ) ;
#3071 = VERTEX_POINT ( 'NONE', #2004 ) ;
#3072 = CARTESIAN_POINT ( 'NONE',  ( 0.000000000000000000, 22.00000000000000000, 0.6999999999999229061 ) ) ;
#3073 = CIRCLE ( 'NONE', #5586, 0.7999999999999986011 ) ;
#3075 = CARTESIAN_POINT ( 'NONE',  ( 30.98718218258522228, -18.84885944864903706, -0.9161499896911677876 ) ) ;
#3074 = CARTESIAN_POINT ( 'NONE',  ( -21.20000000000000639, 16.47612499492274551, 17.70920254522004456 ) ) ;
#3076 = CARTESIAN_POINT ( 'NONE',  ( -27.15139743186703569, 16.47826039992538938, 0.08607204643390685417 ) ) ;
#3077 = CARTESIAN_POINT ( 'NONE',  ( 12.06000000000000405, -13.99999999999999822, 17.49999999999999645 ) ) ;
#3078 = ORIENTED_EDGE ( 'NONE', *, *, #2549, .T. ) ;
#3079 = FACE_OUTER_BOUND ( 'NONE', #4673, .T. ) ;
#3080 = PLANE ( 'NONE',  #4317 ) ;
#3081 = CARTESIAN_POINT ( 'NONE',  ( -26.93972950982605852, -14.39312657139919516, -1.101455717036716964 ) ) ;
#3082 = EDGE_CURVE ( 'NONE', #5408, #3494, #2560, .T. ) ;
#3083 = CARTESIAN_POINT ( 'NONE',  ( -31.65397760594818877, -17.46968256762424332, -0.7731263478615759688 ) ) ;
#3084 = ADVANCED_FACE ( 'NONE', ( #2779 ), #4616, .T. ) ;
#3085 = VERTEX_POINT ( 'NONE', #4446 ) ;
#3086 = CARTESIAN_POINT ( 'NONE',  ( 29.72711729157355975, 20.34790420970055180, -0.8098356287398271736 ) ) ;
#3087 = LINE ( 'NONE', #2116, #921 ) ;
#3088 = CARTESIAN_POINT ( 'NONE',  ( -24.00000000000001066, 17.99999999999999645, 20.00000000000000000 ) ) ;
#3089 = CARTESIAN_POINT ( 'NONE',  ( 26.49999999999999289, 3.220000000000009077, 8.410000000000000142 ) ) ;
#3090 = CARTESIAN_POINT ( 'NONE',  ( -24.00000000000000711, -16.50000000000000000, 15.00000000000000355 ) ) ;
#3091 = CARTESIAN_POINT ( 'NONE',  ( -28.44185852204832443, 20.67379440472313945, -0.02343583101414473124 ) ) ;
#3092 = CARTESIAN_POINT ( 'NONE',  ( -31.32814390741539157, 18.25687285802469972, -0.2846900417477993828 ) ) ;
#3093 = ORIENTED_EDGE ( 'NONE', *, *, #5414, .T. ) ;
#3094 = CIRCLE ( 'NONE', #3028, 1.000000000000000888 ) ;
#3095 = EDGE_CURVE ( 'NONE', #140, #3608, #4011, .T. ) ;
#3096 = CARTESIAN_POINT ( 'NONE',  ( 30.82406727617977893, 18.05169097621291030, -1.442697088760682478 ) ) ;
#3097 = CARTESIAN_POINT ( 'NONE',  ( -23.50000000000000355, 13.50000000000000355, 6.399999999999999467 ) ) ;
#3098 = EDGE_LOOP ( 'NONE', ( #246, #3754, #2618, #1306, #4132, #4369 ) ) ;
#3100 = CARTESIAN_POINT ( 'NONE',  ( 31.78291760053416581, -17.04850589902693869, -0.9853776302528928221 ) ) ;
#3099 = DIRECTION ( 'NONE',  ( 1.000000000000000000, 0.000000000000000000, 0.000000000000000000 ) ) ;
#3101 = EDGE_LOOP ( 'NONE', ( #6086, #5123, #2365, #5930, #2599 ) ) ;
#3102 = CARTESIAN_POINT ( 'NONE',  ( -28.74566401638350399, 15.29396286945959282, -0.04980818935449889129 ) ) ;
#3103 = CARTESIAN_POINT ( 'NONE',  ( -24.00000000000001066, 16.99999999999999289, -0.3725587879552890724 ) ) ;
#3104 = EDGE_CURVE ( 'NONE', #4660, #4232, #5147, .T. ) ;
#3105 = CARTESIAN_POINT ( 'NONE',  ( -26.74452067418024725, -21.34226884925498169, 0.1184788596159964263 ) ) ;
#3106 = CARTESIAN_POINT ( 'NONE',  ( -24.68511502596584606, 16.99999999234005088, 17.99845527655322286 ) ) ;
#3107 = EDGE_LOOP ( 'NONE', ( #1120, #3428, #4428, #270, #1801 ) ) ;
#3108 = VECTOR ( 'NONE', #2524, 1000.000000000000000 ) ;
#3109 = DIRECTION ( 'NONE',  ( -1.239088197126290817E-16, 1.000000000000000000, -0.000000000000000000 ) ) ;
#3110 = CARTESIAN_POINT ( 'NONE',  ( -27.57346234436333532, 13.99999999999999112, 16.07955970130572609 ) ) ;
#3111 = CARTESIAN_POINT ( 'NONE',  ( 21.20000000000000639, -13.50000000000000178, 6.399999999999999467 ) ) ;
#3112 = DIRECTION ( 'NONE',  ( 0.000000000000000000, 0.000000000000000000, -1.000000000000000000 ) ) ;
#3113 = CARTESIAN_POINT ( 'NONE',  ( 31.45234493192133129, 15.29999999999999716, -1.502283115569518213 ) ) ;
#3114 = CARTESIAN_POINT ( 'NONE',  ( -25.33825219231932735, 21.99999999999999645, 0.2293339118110583885 ) ) ;
#3115 = DIRECTION ( 'NONE',  ( 0.000000000000000000, 1.000000000000000000, 0.000000000000000000 ) ) ;
#3116 = ADVANCED_FACE ( 'NONE', ( #5975 ), #6121, .F. ) ;
#3117 = CARTESIAN_POINT ( 'NONE',  ( 26.44176585473393359, -17.17912490864862818, 1.096803263590480082 ) ) ;
#3118 = CARTESIAN_POINT ( 'NONE',  ( 10.31000000000000405, -13.99999999999999822, 19.00000000000000000 ) ) ;
#3119 = AXIS2_PLACEMENT_3D ( 'NONE', #510, #35, #529 ) ;
#3120 = FACE_BOUND ( 'NONE', #1207, .T. ) ;
#3121 = CARTESIAN_POINT ( 'NONE',  ( 26.93972950982603010, 14.39312657139919516, -1.101455717036716964 ) ) ;
#3122 = CARTESIAN_POINT ( 'NONE',  ( -24.93201865350644653, -17.00000000000000355, 17.87916418962831600 ) ) ;
#3123 = CARTESIAN_POINT ( 'NONE',  ( 25.60673538605222177, 16.81641578953048466, 17.45626857212350203 ) ) ;
#3124 = ORIENTED_EDGE ( 'NONE', *, *, #1658, .T. ) ;
#3125 = CARTESIAN_POINT ( 'NONE',  ( -31.54762624735409915, 22.00000000000000000, -0.3059186485793174981 ) ) ;
#3126 = EDGE_LOOP ( 'NONE', ( #6020, #1668 ) ) ;
#3127 = CARTESIAN_POINT ( 'NONE',  ( -28.91270319084889096, 13.99999999999999112, -0.06440690007722095489 ) ) ;
#3128 = CARTESIAN_POINT ( 'NONE',  ( -24.92470122541858757, 16.97504396312639585, 17.86989936937319357 ) ) ;
#3129 = VERTEX_POINT ( 'NONE', #4489 ) ;
#3130 = CARTESIAN_POINT ( 'NONE',  ( 28.88041534887966577, 14.65677677012044455, -0.06157273707857654349 ) ) ;
#3131 = DIRECTION ( 'NONE',  ( -1.000000000000000000, 0.000000000000000000, 0.000000000000000000 ) ) ;
#3132 = EDGE_CURVE ( 'NONE', #1904, #3551, #3620, .T. ) ;
#3133 = DIRECTION ( 'NONE',  ( -0.000000000000000000, -0.000000000000000000, 1.000000000000000000 ) ) ;
#3134 = CARTESIAN_POINT ( 'NONE',  ( -29.35348527530836549, -19.97011980317023827, -1.307963317397639047 ) ) ;
#3135 = CARTESIAN_POINT ( 'NONE',  ( -25.33825219231932735, 21.50000000000000000, 0.2293339118110550023 ) ) ;
#3136 = ORIENTED_EDGE ( 'NONE', *, *, #1148, .F. ) ;
#3137 = EDGE_LOOP ( 'NONE', ( #5548, #5157, #5426, #2128 ) ) ;
#3138 = CARTESIAN_POINT ( 'NONE',  ( -22.01648022708848629, 11.74239677874085253, 18.13846384103808163 ) ) ;
#3139 = DIRECTION ( 'NONE',  ( -1.239088197126290817E-16, 1.000000000000000000, 0.000000000000000000 ) ) ;
#3140 = EDGE_LOOP ( 'NONE', ( #5166, #3657, #3022, #5331 ) ) ;
#3141 = CARTESIAN_POINT ( 'NONE',  ( 26.16921981168309586, 15.25347276721561940, -0.5724071167628400625 ) ) ;
#3142 = EDGE_CURVE ( 'NONE', #1475, #3603, #967, .T. ) ;
#3143 = CARTESIAN_POINT ( 'NONE',  ( 21.20000000000000639, -16.49999999999999289, 17.44382543818899123 ) ) ;
#3144 = CYLINDRICAL_SURFACE ( 'NONE', #6040, 1.000000000000000888 ) ;
#3145 = ORIENTED_EDGE ( 'NONE', *, *, #3252, .F. ) ;
#3146 = CARTESIAN_POINT ( 'NONE',  ( -28.65043826721081999, -21.11856014594010134, -0.5215922628073248468 ) ) ;
#3147 = CYLINDRICAL_SURFACE ( 'NONE', #6149, 1.000000000000000888 ) ;
#3148 = ADVANCED_FACE ( 'NONE', ( #2551 ), #5001, .F. ) ;
#3149 = CARTESIAN_POINT ( 'NONE',  ( -23.92775436484047091, 18.99999999999999289, 0.3345313028230709751 ) ) ;
#3150 = AXIS2_PLACEMENT_3D ( 'NONE', #1458, #4275, #4316 ) ;
#3151 = CARTESIAN_POINT ( 'NONE',  ( 31.33916698927312439, -16.90599442004926800, -0.2860328089697994902 ) ) ;
#3152 = EDGE_LOOP ( 'NONE', ( #959, #1571 ) ) ;
#3153 = CARTESIAN_POINT ( 'NONE',  ( -24.32682139866563986, 16.48386702607664134, -0.4012923721147575451 ) ) ;
#3154 = ORIENTED_EDGE ( 'NONE', *, *, #1693, .T. ) ;
#3155 = CARTESIAN_POINT ( 'NONE',  ( 21.20000000000000995, 16.37874638081762413, 17.95771606133231302 ) ) ;
#3156 = AXIS2_PLACEMENT_3D ( 'NONE', #3456, #1155, #107 ) ;
#3157 = LINE ( 'NONE', #2954, #4524 ) ;
#3158 = CARTESIAN_POINT ( 'NONE',  ( 28.35770293117643348, 20.67278924111327854, -1.220632148199212397 ) ) ;
#3159 = CARTESIAN_POINT ( 'NONE',  ( 31.50000000000000000, -15.30000000000000071, -1.504559302108259722 ) ) ;
#3160 = EDGE_LOOP ( 'NONE', ( #4263, #1215, #2854, #4763, #816, #1717 ) ) ;
#3161 = CARTESIAN_POINT ( 'NONE',  ( -24.30000000000000071, -13.50000000000000355, 16.54000000000001336 ) ) ;
#3162 = VECTOR ( 'NONE', #5163, 1000.000000000000000 ) ;
#3163 = CARTESIAN_POINT ( 'NONE',  ( -23.50000000000000355, -11.20000000000000284, 17.10000000000001563 ) ) ;
#3164 = ORIENTED_EDGE ( 'NONE', *, *, #5318, .T. ) ;
#3165 = CARTESIAN_POINT ( 'NONE',  ( -25.33825219231932380, -21.50000000000000000, 0.2293339118110014063 ) ) ;
#3166 = DIRECTION ( 'NONE',  ( 0.000000000000000000, 0.000000000000000000, -1.000000000000000000 ) ) ;
#3167 = CYLINDRICAL_SURFACE ( 'NONE', #1318, 6.700000000000001066 ) ;
#3168 = EDGE_CURVE ( 'NONE', #1757, #3299, #1000, .T. ) ;
#3169 = CARTESIAN_POINT ( 'NONE',  ( -28.40828536369539492, 16.21600709598269674, -0.02056874322995507626 ) ) ;
#3170 = DIRECTION ( 'NONE',  ( -0.000000000000000000, -0.000000000000000000, 1.000000000000000000 ) ) ;
#3171 = LINE ( 'NONE', #571, #2125 ) ;
#3172 = DIRECTION ( 'NONE',  ( -0.000000000000000000, -0.000000000000000000, 1.000000000000000000 ) ) ;
#3173 = DIRECTION ( 'NONE',  ( 1.000000000000000000, 5.421010862427514281E-16, 0.000000000000000000 ) ) ;
#3174 = DIRECTION ( 'NONE',  ( 0.000000000000000000, 0.000000000000000000, 1.000000000000000000 ) ) ;
#3175 = ORIENTED_EDGE ( 'NONE', *, *, #5561, .T. ) ;
#3176 = EDGE_CURVE ( 'NONE', #5341, #6219, #6195, .T. ) ;
#3177 = DIRECTION ( 'NONE',  ( -1.000000000000000000, 0.000000000000000000, 0.000000000000000000 ) ) ;
#3178 = CARTESIAN_POINT ( 'NONE',  ( 29.35174242215710194, 19.97165021205148605, -1.307807589684292005 ) ) ;
#3179 = ADVANCED_FACE ( 'NONE', ( #3375 ), #4687, .F. ) ;
#3180 = CYLINDRICAL_SURFACE ( 'NONE', #4528, 0.7999999999999986011 ) ;
#3181 = CARTESIAN_POINT ( 'NONE',  ( -25.14056658834558533, -17.84438452620249294, 16.75045475190769650 ) ) ;
#3182 = CARTESIAN_POINT ( 'NONE',  ( -25.63053927643136021, -15.90245782316584844, -0.9966761937687383943 ) ) ;
#3183 = TOROIDAL_SURFACE ( 'NONE', #2147, 1.000000000000000000, 1.000000000000000000 ) ;
#3184 = CARTESIAN_POINT ( 'NONE',  ( -28.68054178959209466, -21.10121990330221564, -0.04385841222054658733 ) ) ;
#3185 = DIRECTION ( 'NONE',  ( -1.000000000000000000, -1.257045997084643104E-16, 7.039457583674001187E-15 ) ) ;
#3186 = AXIS2_PLACEMENT_3D ( 'NONE', #5724, #4729, #3293 ) ;
#3187 = CIRCLE ( 'NONE', #2266, 2.000000000000000000 ) ;
#3188 = CARTESIAN_POINT ( 'NONE',  ( 28.40711053538487363, 16.21809177747957165, -0.02046780132388717130 ) ) ;
#3189 = CARTESIAN_POINT ( 'NONE',  ( 29.92414903853990182, 19.39867940697584459, -1.359425236803402548 ) ) ;
#3190 = CARTESIAN_POINT ( 'NONE',  ( -20.86955553836182631, -15.49999999999999822, 16.50000000000000000 ) ) ;
#3191 = CARTESIAN_POINT ( 'NONE',  ( 26.32191525477291094, 16.45448561613160265, 16.95564266401901676 ) ) ;
#3192 = CARTESIAN_POINT ( 'NONE',  ( 27.99999999999999289, -15.61256877028555223, 15.26032778078668883 ) ) ;
#3193 = CARTESIAN_POINT ( 'NONE',  ( 22.01648022708846852, 11.74239677874086318, 18.13846384103808518 ) ) ;
#3194 = ORIENTED_EDGE ( 'NONE', *, *, #4595, .F. ) ;
#3195 = ORIENTED_EDGE ( 'NONE', *, *, #3848, .F. ) ;
#3196 = CARTESIAN_POINT ( 'NONE',  ( -31.45234493192133129, 15.70982492486466420, -1.502283115569514438 ) ) ;
#3197 = DIRECTION ( 'NONE',  ( -1.000000000000000000, 0.000000000000000000, 0.000000000000000000 ) ) ;
#3198 = APPROVAL ( #57, '未指定' ) ;
#3199 = ORIENTED_EDGE ( 'NONE', *, *, #5824, .T. ) ;
#3200 = ORIENTED_EDGE ( 'NONE', *, *, #3708, .T. ) ;
#3201 = CARTESIAN_POINT ( 'NONE',  ( 24.26381145258887173, 18.00000000000000355, 1.308031721815134940 ) ) ;
#3202 = EDGE_CURVE ( 'NONE', #1645, #1814, #3769, .T. ) ;
#3203 = CARTESIAN_POINT ( 'NONE',  ( -24.30000000000000071, -13.50000000000000355, 6.399999999999999467 ) ) ;
#3204 = ORIENTED_EDGE ( 'NONE', *, *, #4124, .T. ) ;
#3205 = CARTESIAN_POINT ( 'NONE',  ( -27.99999999999752376, 14.34615758900529947, 15.78098334235906464 ) ) ;
#3206 = DIRECTION ( 'NONE',  ( 0.000000000000000000, 1.000000000000000000, 0.000000000000000000 ) ) ;
#3207 = VERTEX_POINT ( 'NONE', #5587 ) ;
#3208 = ORIENTED_EDGE ( 'NONE', *, *, #4606, .T. ) ;
#3209 = CARTESIAN_POINT ( 'NONE',  ( 24.64562375311408005, -16.42065643974346401, -0.4298274589792595024 ) ) ;
#3210 = EDGE_CURVE ( 'NONE', #4044, #3608, #111, .T. ) ;
#3211 = DIRECTION ( 'NONE',  ( -0.000000000000000000, 0.000000000000000000, -1.000000000000000000 ) ) ;
#3212 = CARTESIAN_POINT ( 'NONE',  ( 27.73062218879413976, 15.49248183562295544, 15.40175113166992382 ) ) ;
#3213 = CARTESIAN_POINT ( 'NONE',  ( -25.52126940705368341, 15.99056265131645915, -0.5105175467056578542 ) ) ;
#3214 = CARTESIAN_POINT ( 'NONE',  ( -24.00000000000001066, -19.00000000000000355, 1.331918172698745462 ) ) ;
#3215 = EDGE_LOOP ( 'NONE', ( #3425, #6007, #2693, #865, #3278 ) ) ;
#3216 = TOROIDAL_SURFACE ( 'NONE', #1507, 330.6999999999999318, 0.5000000000000000000 ) ;
#3217 = VERTEX_POINT ( 'NONE', #5438 ) ;
#3218 = DIRECTION ( 'NONE',  ( -1.000000000000000000, 0.000000000000000000, 0.000000000000000000 ) ) ;
#3219 = CARTESIAN_POINT ( 'NONE',  ( -25.60673538605201571, -16.81641578952989136, 17.45626857212365124 ) ) ;
#3220 = EDGE_CURVE ( 'NONE', #1974, #920, #5278, .T. ) ;
#3221 = CARTESIAN_POINT ( 'NONE',  ( -32.00000000000000000, -15.74316436943264108, -1.004559301962463902 ) ) ;
#3222 = AXIS2_PLACEMENT_3D ( 'NONE', #220, #6056, #4579 ) ;
#3223 = ORIENTED_EDGE ( 'NONE', *, *, #4064, .T. ) ;
#3224 = CARTESIAN_POINT ( 'NONE',  ( -31.22678946067713568, -17.30822558722994486, -0.2753391312934763135 ) ) ;
#3225 = DIRECTION ( 'NONE',  ( -1.239088197126290817E-16, 1.000000000000000000, 0.000000000000000000 ) ) ;
#3226 = ORIENTED_EDGE ( 'NONE', *, *, #1297, .T. ) ;
#3227 = CARTESIAN_POINT ( 'NONE',  ( -21.21927750891054387, -13.15770779720566175, 18.46955758574734929 ) ) ;
#3228 = VECTOR ( 'NONE', #2385, 1000.000000000000114 ) ;
#3229 = CARTESIAN_POINT ( 'NONE',  ( 15.63274534606947519, -14.49999999999999467, 17.49999999999999645 ) ) ;
#3230 = CARTESIAN_POINT ( 'NONE',  ( -24.00000000000001066, 16.49999999999999289, -0.3725587879552886283 ) ) ;
#3231 = CARTESIAN_POINT ( 'NONE',  ( -26.50000000000000711, -13.99999999999999822, -0.6047207381380537150 ) ) ;
#3232 = ORIENTED_EDGE ( 'NONE', *, *, #5478, .T. ) ;
#3233 = CIRCLE ( 'NONE', #2701, 0.5000000000000000000 ) ;
#3234 = CARTESIAN_POINT ( 'NONE',  ( 25.33825219231932735, -21.50000000000000000, 0.2293339118110010177 ) ) ;
#3235 = DIRECTION ( 'NONE',  ( -0.5734623443633297679, 0.000000000000000000, 0.8192319205190395914 ) ) ;
#3236 = ORIENTED_EDGE ( 'NONE', *, *, #1539, .F. ) ;
#3237 = DIRECTION ( 'NONE',  ( 1.239088197126290817E-16, -1.000000000000000000, -0.000000000000000000 ) ) ;
#3238 = LINE ( 'NONE', #3433, #2855 ) ;
#3239 = DIRECTION ( 'NONE',  ( -0.000000000000000000, 0.000000000000000000, -1.000000000000000000 ) ) ;
#3240 = B_SPLINE_CURVE_WITH_KNOTS ( 'NONE', 3,
 ( #1587, #4956, #5912, #2928, #87, #3410, #2046, #561, #1566, #3912 ),
 .UNSPECIFIED., .F., .F.,
 ( 4, 2, 2, 2, 4 ),
 ( 0.000000000000000000, 0.0005094005845040250639, 0.001018801169008050128, 0.001528201753512075083, 0.002037602338016100256 ),
 .UNSPECIFIED. ) ;
#3241 = VERTEX_POINT ( 'NONE', #1294 ) ;
#3242 = CARTESIAN_POINT ( 'NONE',  ( -27.25155082413352048, 15.38182101371858224, 16.30489776546659897 ) ) ;
#3243 = CARTESIAN_POINT ( 'NONE',  ( -24.16138153976522318, -17.00000000000000000, -0.8856324456959808744 ) ) ;
#3244 = ORIENTED_EDGE ( 'NONE', *, *, #2317, .T. ) ;
#3245 = EDGE_CURVE ( 'NONE', #859, #2603, #1922, .T. ) ;
#3246 = CYLINDRICAL_SURFACE ( 'NONE', #634, 1.000000000000000888 ) ;
#3247 = CARTESIAN_POINT ( 'NONE',  ( -26.65498610682854164, 15.33159024497472878, -1.078250406874954326 ) ) ;
#3248 = ORIENTED_EDGE ( 'NONE', *, *, #1091, .T. ) ;
#3249 = CARTESIAN_POINT ( 'NONE',  ( 27.99999999999999645, 14.38086565572675823, 15.26032778078792695 ) ) ;
#3250 = CARTESIAN_POINT ( 'NONE',  ( 31.33946400496759921, -16.90487050928343749, -0.2860610547905917400 ) ) ;
#3251 = CIRCLE ( 'NONE', #1418, 0.5000000000000000000 ) ;
#3252 = EDGE_CURVE ( 'NONE', #3587, #4869, #1370, .T. ) ;
#3253 = CARTESIAN_POINT ( 'NONE',  ( 26.49999999999999289, -17.99999999999999645, 20.00000000000000000 ) ) ;
#3254 = TOROIDAL_SURFACE ( 'NONE', #4801, 330.6999999999999318, 0.5000000000000000000 ) ;
#3255 = CARTESIAN_POINT ( 'NONE',  ( -30.63370546268507155, -18.40781713200879821, -1.424853247283965008 ) ) ;
#3256 = AXIS2_PLACEMENT_3D ( 'NONE', #6089, #4220, #3655 ) ;
#3257 = CARTESIAN_POINT ( 'NONE',  ( 20.08469709767365075, -30.00000000000000000, 19.11513975825479505 ) ) ;
#3258 = FACE_OUTER_BOUND ( 'NONE', #2809, .T. ) ;
#3259 = CARTESIAN_POINT ( 'NONE',  ( -31.54762624617699629, -15.71012667643847927, -0.3059186484666586714 ) ) ;
#3260 = CARTESIAN_POINT ( 'NONE',  ( 24.30000000000000071, -13.50000000000000355, 6.399999999999999467 ) ) ;
#3261 = ORIENTED_EDGE ( 'NONE', *, *, #1013, .T. ) ;
#3262 = AXIS2_PLACEMENT_3D ( 'NONE', #5267, #3265, #3303 ) ;
#3263 = VERTEX_POINT ( 'NONE', #2167 ) ;
#3264 = CARTESIAN_POINT ( 'NONE',  ( 10.96000000000000441, -13.99999999999999822, 19.00000000000000000 ) ) ;
#3265 = DIRECTION ( 'NONE',  ( -1.239088197126290817E-16, 1.000000000000000000, 0.000000000000000000 ) ) ;
#3266 = ORIENTED_EDGE ( 'NONE', *, *, #335, .T. ) ;
#3267 = ORIENTED_EDGE ( 'NONE', *, *, #4764, .F. ) ;
#3268 = DIRECTION ( 'NONE',  ( 0.4350336558140534549, 0.000000000000000000, 0.9004141926408423258 ) ) ;
#3269 = CARTESIAN_POINT ( 'NONE',  ( -25.33825219231932380, 21.50000000000000000, 0.2293339118110005737 ) ) ;
#3270 = VERTEX_POINT ( 'NONE', #364 ) ;
#3271 = EDGE_CURVE ( 'NONE', #4449, #11, #2270, .T. ) ;
#3272 = DIRECTION ( 'NONE',  ( 0.000000000000000000, 0.000000000000000000, -1.000000000000000000 ) ) ;
#3273 = ORIENTED_EDGE ( 'NONE', *, *, #5858, .T. ) ;
#3274 = B_SPLINE_CURVE_WITH_KNOTS ( 'NONE', 3,
 ( #3597, #4598, #6051, #1752, #5111, #5610, #5086, #5525, #4555, #259, #2702, #3189, #736, #305, #4095, #3664, #6075, #2215, #780, #2614, #4577, #4111 ),
 .UNSPECIFIED., .F., .F.,
 ( 4, 2, 2, 2, 2, 2, 2, 2, 2, 2, 4 ),
 ( 0.000000000000000000, 0.001221569422038142104, 0.002443138844076284209, 0.003053923555095359923, 0.003664708266114436071, 0.004886277688152587499, 0.006107847110190739795, 0.007329416532228891223, 0.007940201243247969540, 0.008550985954267049591, 0.009772555376305206223 ),
 .UNSPECIFIED. ) ;
#3275 = VERTEX_POINT ( 'NONE', #778 ) ;
#3276 = DIRECTION ( 'NONE',  ( -0.000000000000000000, -0.000000000000000000, 1.000000000000000000 ) ) ;
#3277 = APPROVAL_PERSON_ORGANIZATION ( #4589, #3650, #1946 ) ;
#3278 = ORIENTED_EDGE ( 'NONE', *, *, #4595, .T. ) ;
#3279 = CARTESIAN_POINT ( 'NONE',  ( -25.46262590524257519, 16.60475190297554704, -0.9837674031160862365 ) ) ;
#3280 = CARTESIAN_POINT ( 'NONE',  ( 27.57346234436332111, 14.00000000000000533, 16.07955970130572609 ) ) ;
#3281 = ORIENTED_EDGE ( 'NONE', *, *, #2973, .T. ) ;
#3282 = EDGE_CURVE ( 'NONE', #2919, #5248, #3841, .T. ) ;
#3283 = LINE ( 'NONE', #5606, #5265 ) ;
#3284 = CARTESIAN_POINT ( 'NONE',  ( -25.49795483572394517, 16.00846603934274626, -0.9863882926492986147 ) ) ;
#3285 = VECTOR ( 'NONE', #159, 1000.000000000000000 ) ;
#3286 =( BOUNDED_CURVE ( )  B_SPLINE_CURVE ( 3, ( #4153, #3645, #4096, #761 ),
 .UNSPECIFIED., .F., .T. ) 
 B_SPLINE_CURVE_WITH_KNOTS ( ( 4, 4 ),
 ( 3.141592653589793116, 6.283185307179586232 ),
 .UNSPECIFIED. ) 
 CURVE ( )  GEOMETRIC_REPRESENTATION_ITEM ( )  RATIONAL_B_SPLINE_CURVE ( ( 1.000000000000000000, 0.3333333333333333703, 0.3333333333333333703, 1.000000000000000000 ) ) 
 REPRESENTATION_ITEM ( '' )  );
#3287 = CARTESIAN_POINT ( 'NONE',  ( 27.01079922284250401, -16.64632779702721166, 1.037885542451625565 ) ) ;
#3288 = ORIENTED_EDGE ( 'NONE', *, *, #4039, .F. ) ;
#3289 = EDGE_LOOP ( 'NONE', ( #541, #379, #74, #5083 ) ) ;
#3290 = CARTESIAN_POINT ( 'NONE',  ( -28.91270318795047700, -14.65913339847210928, -0.06440689982322078677 ) ) ;
#3291 = FACE_BOUND ( 'NONE', #161, .T. ) ;
#3292 = EDGE_CURVE ( 'NONE', #5799, #2673, #5071, .T. ) ;
#3293 = DIRECTION ( 'NONE',  ( 1.000000000000000000, 0.000000000000000000, 0.000000000000000000 ) ) ;
#3294 = AXIS2_PLACEMENT_3D ( 'NONE', #295, #771, #1250 ) ;
#3295 = EDGE_LOOP ( 'NONE', ( #3078, #4880, #2045, #2515 ) ) ;
#3296 = CARTESIAN_POINT ( 'NONE',  ( -24.00000000000000711, -16.50000000000000000, 6.399999999999999467 ) ) ;
#3297 = FACE_OUTER_BOUND ( 'NONE', #1864, .T. ) ;
#3298 = DIRECTION ( 'NONE',  ( 0.000000000000000000, 0.000000000000000000, -1.000000000000000000 ) ) ;
#3299 = VERTEX_POINT ( 'NONE', #4597 ) ;
#3300 = CARTESIAN_POINT ( 'NONE',  ( 25.81932054130695775, 16.72907261777847054, 17.30745896344518897 ) ) ;
#3301 = CIRCLE ( 'NONE', #2494, 330.5000000000000000 ) ;
#3302 = CARTESIAN_POINT ( 'NONE',  ( -26.95915279878972370, 13.99999999999999645, -1.103049451090994948 ) ) ;
#3303 = DIRECTION ( 'NONE',  ( -1.000000000000000000, -1.261617073437677999E-16, 0.000000000000000000 ) ) ;
#3304 = SECURITY_CLASSIFICATION ( '', '', #4834 ) ;
#3305 = CARTESIAN_POINT ( 'NONE',  ( 27.99999999999999289, -13.99999999999999467, 0.9317754462390276382 ) ) ;
#3306 = CARTESIAN_POINT ( 'NONE',  ( 26.41776643563996529, 14.65718189318010012, -1.058815826150554029 ) ) ;
#3307 = ORIENTED_EDGE ( 'NONE', *, *, #4305, .F. ) ;
#3308 = ORIENTED_EDGE ( 'NONE', *, *, #2064, .T. ) ;
#3309 = CIRCLE ( 'NONE', #797, 1.000000000000000888 ) ;
#3310 = DIRECTION ( 'NONE',  ( 0.000000000000000000, -1.000000000000000000, 0.000000000000000000 ) ) ;
#3311 = EDGE_CURVE ( 'NONE', #2229, #2558, #2295, .T. ) ;
#3312 = CARTESIAN_POINT ( 'NONE',  ( -27.88547915464711835, -17.05771499764414401, 0.02404999544273642847 ) ) ;
#3313 = CARTESIAN_POINT ( 'NONE',  ( -25.29130492444359390, 17.79474661236350030, 1.211181784989645127 ) ) ;
#3314 = CARTESIAN_POINT ( 'NONE',  ( 27.67895670031370869, 17.30902534447245955, 0.04146504543262114623 ) ) ;
#3315 = VERTEX_POINT ( 'NONE', #5187 ) ;
#3316 = FACE_OUTER_BOUND ( 'NONE', #1514, .T. ) ;
#3317 = B_SPLINE_CURVE_WITH_KNOTS ( 'NONE', 3,
 ( #4866, #3907, #4915, #2971, #5350, #5372, #2460, #5910, #152, #1045, #630, #1004, #2950, #1474, #5821, #559, #5860, #4846, #4893, #534, #3883, #5329 ),
 .UNSPECIFIED., .F., .F.,
 ( 4, 2, 2, 2, 2, 2, 2, 2, 2, 2, 4 ),
 ( 0.000000000000000000, 0.001310336478549093200, 0.001965504717823646740, 0.002620672957098200279, 0.003931009435647307357, 0.005241345914196414435, 0.006551682392745521513, 0.007206850632020073318, 0.007862018871294623387, 0.009172355349843725261, 0.01048269182839282714 ),
 .UNSPECIFIED. ) ;
#3318 = DIRECTION ( 'NONE',  ( 0.9973868698756740425, 6.266309967405604817E-17, -0.07224563515954159076 ) ) ;
#3319 = CARTESIAN_POINT ( 'NONE',  ( 28.88032377419785135, -14.65575797452832596, -0.06156490706667661073 ) ) ;
#3320 = CARTESIAN_POINT ( 'NONE',  ( -22.70000000000000639, 15.10000000000000320, 17.66000000000001080 ) ) ;
#3321 = CARTESIAN_POINT ( 'NONE',  ( 25.97080196110523787, -15.54732184407354190, -1.023306962253863972 ) ) ;
#3322 = CARTESIAN_POINT ( 'NONE',  ( 27.52384212937410979, 21.10678622670967997, 0.05441008162624395850 ) ) ;
#3323 = CARTESIAN_POINT ( 'NONE',  ( 26.86419009122090884, -21.81867847668347693, 0.1087914606481555080 ) ) ;
#3324 = VECTOR ( 'NONE', #3536, 1000.000000000000000 ) ;
#3325 = EDGE_CURVE ( 'NONE', #1381, #5289, #1749, .T. ) ;
#3326 = CARTESIAN_POINT ( 'NONE',  ( 21.20000000000000639, -15.49999999999999467, 18.47251272689750579 ) ) ;
#3327 = AXIS2_PLACEMENT_3D ( 'NONE', #129, #45, #3364 ) ;
#3328 = DIRECTION ( 'NONE',  ( 0.000000000000000000, -1.000000000000000000, -0.000000000000000000 ) ) ;
#3329 = EDGE_LOOP ( 'NONE', ( #1932, #2106, #832, #302 ) ) ;
#3330 = CARTESIAN_POINT ( 'NONE',  ( -27.39532185763684069, -16.11874001961057701, 0.9971545060424736873 ) ) ;
#3331 = CARTESIAN_POINT ( 'NONE',  ( 20.86955553836180854, -15.49999999999999467, 16.50000000000000000 ) ) ;
#3332 = ORIENTED_EDGE ( 'NONE', *, *, #465, .T. ) ;
#3333 = CARTESIAN_POINT ( 'NONE',  ( -29.38948216031106853, -20.62539800397672707, -0.7820339039520147750 ) ) ;
#3334 = ORIENTED_EDGE ( 'NONE', *, *, #6202, .F. ) ;
#3335 = CARTESIAN_POINT ( 'NONE',  ( 25.39153204592838620, 16.90483467703929676, 17.60691091021018195 ) ) ;
#3336 = EDGE_LOOP ( 'NONE', ( #68, #4717, #3145, #718 ) ) ;
#3337 = AXIS2_PLACEMENT_3D ( 'NONE', #1669, #4069, #2129 ) ;
#3338 = CARTESIAN_POINT ( 'NONE',  ( -27.64644571656607042, -15.68824636378228377, 16.02847134076344915 ) ) ;
#3339 = VERTEX_POINT ( 'NONE', #5675 ) ;
#3341 = CARTESIAN_POINT ( 'NONE',  ( 24.52541870229574883, -17.99999999999999645, 1.284344847552951308 ) ) ;
#3340 = DIRECTION ( 'NONE',  ( 0.000000000000000000, 0.000000000000000000, 1.000000000000000000 ) ) ;
#3342 = DIRECTION ( 'NONE',  ( 0.000000000000000000, 0.000000000000000000, 1.000000000000000000 ) ) ;
#3343 = CARTESIAN_POINT ( 'NONE',  ( 30.72650958479643890, -18.40781227312353607, -0.2283018644398008556 ) ) ;
#3344 = EDGE_LOOP ( 'NONE', ( #3548, #1333, #5676, #5402 ) ) ;
#3345 = CIRCLE ( 'NONE', #5303, 9.000000000000001776 ) ;
#3346 = CARTESIAN_POINT ( 'NONE',  ( 27.99999999999999289, 4.620000000000008100, 8.410000000000000142 ) ) ;
#3347 = CARTESIAN_POINT ( 'NONE',  ( 24.52437027430011440, -17.97418520861051405, 1.283945583081201214 ) ) ;
#3348 = DIRECTION ( 'NONE',  ( -0.9973598826385620120, 0.000000000000000000, 0.07261724659606701160 ) ) ;
#3349 = CARTESIAN_POINT ( 'NONE',  ( -28.00393883047069465, 20.87335222915499244, -1.190145119890731129 ) ) ;
#3350 = CARTESIAN_POINT ( 'NONE',  ( -28.22946161793397124, -21.32973659710184577, -1.209508228760925563 ) ) ;
#3351 = ORIENTED_EDGE ( 'NONE', *, *, #610, .T. ) ;
#3352 = LINE ( 'NONE', #3467, #1647 ) ;
#3353 = EDGE_CURVE ( 'NONE', #581, #43, #3301, .T. ) ;
#3354 = ADVANCED_FACE ( 'NONE', ( #2397 ), #6179, .F. ) ;
#3355 = DIRECTION ( 'NONE',  ( 1.000000000000000000, 0.000000000000000000, 0.000000000000000000 ) ) ;
#3356 = CARTESIAN_POINT ( 'NONE',  ( -32.00000000000000000, -15.74320140848376326, -0.8036452205665628457 ) ) ;
#3357 = CARTESIAN_POINT ( 'NONE',  ( 27.86066264064618281, -15.05528139764392215, 0.02729299994067496335 ) ) ;
#3358 = ORIENTED_EDGE ( 'NONE', *, *, #4076, .T. ) ;
#3359 = CARTESIAN_POINT ( 'NONE',  ( -24.58080260030757458, -18.96759323051156443, 0.2867331779040224182 ) ) ;
#3360 = CIRCLE ( 'NONE', #1313, 1.749999999999998002 ) ;
#3361 = CARTESIAN_POINT ( 'NONE',  ( 25.25029657146547990, -16.17103069358066492, -0.4851922050482273541 ) ) ;
#3362 = CARTESIAN_POINT ( 'NONE',  ( 25.74774751815355600, 21.49999999819168650, 0.1979136387703094579 ) ) ;
#3363 = EDGE_CURVE ( 'NONE', #4716, #2895, #4341, .T. ) ;
#3364 = DIRECTION ( 'NONE',  ( 0.000000000000000000, 0.000000000000000000, 1.000000000000000000 ) ) ;
#3365 = CARTESIAN_POINT ( 'NONE',  ( 28.87020309092418202, -20.97390130124251684, -0.06053889360220150728 ) ) ;
#3366 = ORIENTED_EDGE ( 'NONE', *, *, #905, .F. ) ;
#3367 = CIRCLE ( 'NONE', #276, 2.749999999999995559 ) ;
#3368 = CARTESIAN_POINT ( 'NONE',  ( 6.195440985631459015E-17, 16.49999999999999645, -330.0000000000000000 ) ) ;
#3369 = CARTESIAN_POINT ( 'NONE',  ( 28.35743561644772370, -20.68434158122091659, -1.220484667965762160 ) ) ;
#3370 = CARTESIAN_POINT ( 'NONE',  ( 23.99999999999999289, 14.00000000000000178, 20.00000000000000000 ) ) ;
#3371 = DIRECTION ( 'NONE',  ( 1.239088197126290817E-16, -1.000000000000000000, 0.000000000000000000 ) ) ;
#3372 = CARTESIAN_POINT ( 'NONE',  ( 12.06000000000000405, -13.99999999999999822, 17.49999999999999645 ) ) ;
#3373 = ORIENTED_EDGE ( 'NONE', *, *, #5901, .F. ) ;
#3374 = CARTESIAN_POINT ( 'NONE',  ( -28.06755483918323790, -21.40557722246947847, -0.6763773769613130593 ) ) ;
#3375 = FACE_OUTER_BOUND ( 'NONE', #3670, .T. ) ;
#3376 = CARTESIAN_POINT ( 'NONE',  ( 30.01043683427829123, 19.40364914752820624, -0.1623179838856449730 ) ) ;
#3377 = ORIENTED_EDGE ( 'NONE', *, *, #3732, .T. ) ;
#3378 = CIRCLE ( 'NONE', #3919, 1.100000000000000311 ) ;
#3379 = CARTESIAN_POINT ( 'NONE',  ( -29.00000000000000711, 22.00000000000000000, 0.9317754462390137604 ) ) ;
#3380 = CARTESIAN_POINT ( 'NONE',  ( 23.50000000000000355, 11.20000000000000284, 17.10000000000000497 ) ) ;
#3381 = CARTESIAN_POINT ( 'NONE',  ( 26.43344509458325575, -14.65914293458883577, -0.5981495811646009297 ) ) ;
#3382 = ORIENTED_EDGE ( 'NONE', *, *, #6030, .T. ) ;
#3383 = ORIENTED_EDGE ( 'NONE', *, *, #2996, .F. ) ;
#3384 = DIRECTION ( 'NONE',  ( 0.000000000000000000, 1.000000000000000000, 0.000000000000000000 ) ) ;
#3385 = CARTESIAN_POINT ( 'NONE',  ( 32.00000000000000000, 22.00000000000000000, -1.555179672444835681 ) ) ;
#3386 = LINE ( 'NONE', #2896, #1830 ) ;
#3387 = CARTESIAN_POINT ( 'NONE',  ( 25.52611561081023339, 15.98694435337042563, -0.5109729489228204136 ) ) ;
#3388 = ADVANCED_FACE ( 'NONE', ( #480 ), #4225, .F. ) ;
#3389 = CARTESIAN_POINT ( 'NONE',  ( 30.98679251894037279, -18.84948454927505423, -0.9161164929045676475 ) ) ;
#3390 = EDGE_CURVE ( 'NONE', #2363, #5279, #1080, .T. ) ;
#3391 = CARTESIAN_POINT ( 'NONE',  ( -25.30000000000000071, 22.00000000000000000, -0.4697889418938340222 ) ) ;
#3392 = CYLINDRICAL_SURFACE ( 'NONE', #3327, 10.00000000000000000 ) ;
#3393 = CARTESIAN_POINT ( 'NONE',  ( -27.81887109127512403, -20.94993713123902523, -1.174597683516844127 ) ) ;
#3394 = CYLINDRICAL_SURFACE ( 'NONE', #1660, 1.100000000000000311 ) ;
#3395 =( BOUNDED_CURVE ( )  B_SPLINE_CURVE ( 3, ( #2256, #5616, #6058, #3193 ),
 .UNSPECIFIED., .F., .T. ) 
 B_SPLINE_CURVE_WITH_KNOTS ( ( 4, 4 ),
 ( 4.712388980384689674, 5.413423513487647831 ),
 .UNSPECIFIED. ) 
 CURVE ( )  GEOMETRIC_REPRESENTATION_ITEM ( )  RATIONAL_B_SPLINE_CURVE ( ( 1.000000000000000000, 0.9594634784116246040, 0.9594634784116246040, 1.000000000000000000 ) ) 
 REPRESENTATION_ITEM ( '' )  );
#3396 = APPROVAL_STATUS ( 'not_yet_approved' ) ;
#3397 = DIRECTION ( 'NONE',  ( 0.5734623443633297679, 0.000000000000000000, 0.8192319205190395914 ) ) ;
#3398 = EDGE_CURVE ( 'NONE', #2558, #283, #5691, .T. ) ;
#3399 = DIRECTION ( 'NONE',  ( -5.421010862427514281E-16, 1.000000000000000000, 0.000000000000000000 ) ) ;
#3400 = CARTESIAN_POINT ( 'NONE',  ( -26.61219690819171291, -17.06957531820042107, 16.75244550662534948 ) ) ;
#3401 = VECTOR ( 'NONE', #5461, 1000.000000000000000 ) ;
#3402 = PLANE ( 'NONE',  #4531 ) ;
#3403 = CARTESIAN_POINT ( 'NONE',  ( 27.02927459060012794, 21.77670991455451244, -0.3958344055954935437 ) ) ;
#3404 = CARTESIAN_POINT ( 'NONE',  ( 30.71364280500219479, 18.41024556595601425, -0.2271668556828595753 ) ) ;
#3405 = CARTESIAN_POINT ( 'NONE',  ( 29.74963471144245020, -20.32809418392992740, -0.1385283814667467028 ) ) ;
#3406 = CARTESIAN_POINT ( 'NONE',  ( 25.40605247977314818, -17.75521630534108652, 16.62215023031354022 ) ) ;
#3407 = ORIENTED_EDGE ( 'NONE', *, *, #1340, .F. ) ;
#3408 = EDGE_LOOP ( 'NONE', ( #668, #1825 ) ) ;
#3409 = EDGE_CURVE ( 'NONE', #2452, #3928, #5439, .T. ) ;
#3410 = CARTESIAN_POINT ( 'NONE',  ( -21.49569157459683666, 12.35933725501724112, 18.40095474029324407 ) ) ;
#3411 = CARTESIAN_POINT ( 'NONE',  ( 22.70000000000000639, 15.10000000000000320, 17.66000000000000725 ) ) ;
#3412 = CARTESIAN_POINT ( 'NONE',  ( -27.02927201308808236, 21.77671058972339679, -0.5964995545759887996 ) ) ;
#3413 = DIRECTION ( 'NONE',  ( -0.9970692449028113469, 6.635697602390873929E-17, 0.07650438463864539518 ) ) ;
#3414 = CARTESIAN_POINT ( 'NONE',  ( 28.99999999999999289, 22.00000000000000000, 0.9317754462390137604 ) ) ;
#3415 = DIRECTION ( 'NONE',  ( 1.000000000000000000, 1.261617073437677999E-16, 0.000000000000000000 ) ) ;
#3416 = VERTEX_POINT ( 'NONE', #3380 ) ;
#3417 = AXIS2_PLACEMENT_3D ( 'NONE', #3940, #1988, #3489 ) ;
#3418 = ADVANCED_FACE ( 'NONE', ( #2336 ), #4157, .F. ) ;
#3419 = CARTESIAN_POINT ( 'NONE',  ( -16.83999999999999986, -17.40000000000000213, 8.650000000000002132 ) ) ;
#3420 = ORIENTED_EDGE ( 'NONE', *, *, #1848, .F. ) ;
#3421 = ORIENTED_EDGE ( 'NONE', *, *, #5611, .F. ) ;
#3422 = DIRECTION ( 'NONE',  ( -1.000000000000000000, -1.239088197126290817E-16, 0.000000000000000000 ) ) ;
#3423 = DIRECTION ( 'NONE',  ( -0.000000000000000000, 0.000000000000000000, -1.000000000000000000 ) ) ;
#3424 = CARTESIAN_POINT ( 'NONE',  ( 21.20000000000000639, 13.50000000000000178, 18.47251272689750579 ) ) ;
#3425 = ORIENTED_EDGE ( 'NONE', *, *, #497, .F. ) ;
#3426 = CARTESIAN_POINT ( 'NONE',  ( 28.68054178959193479, 21.10121990330302921, -0.04385841222010286589 ) ) ;
#3427 = DATE_AND_TIME ( #2984, #4737 ) ;
#3428 = ORIENTED_EDGE ( 'NONE', *, *, #5211, .F. ) ;
#3429 = CARTESIAN_POINT ( 'NONE',  ( 12.06000000000000405, -13.99999999999999822, 19.11513975825479505 ) ) ;
#3430 = DIRECTION ( 'NONE',  ( -1.000000000000000000, -2.081668171172169697E-15, 0.000000000000000000 ) ) ;
#3431 = CARTESIAN_POINT ( 'NONE',  ( 25.10785487294294072, 16.24701676603712386, -0.4719999067099902024 ) ) ;
#3432 = ORIENTED_EDGE ( 'NONE', *, *, #4791, .F. ) ;
#3433 = CARTESIAN_POINT ( 'NONE',  ( 26.49999999999999289, -13.99999999999999112, -0.6047207381380537150 ) ) ;
#3434 = CARTESIAN_POINT ( 'NONE',  ( 25.66114426259150605, 17.63876349037132485, 16.48822704292614816 ) ) ;
#3435 = CARTESIAN_POINT ( 'NONE',  ( 25.60673538605130872, -16.81641578953060545, 17.45626857212414151 ) ) ;
#3436 = EDGE_LOOP ( 'NONE', ( #1168, #3266, #3516, #2276 ) ) ;
#3437 = CARTESIAN_POINT ( 'NONE',  ( -26.50000000000000711, 11.20000000000000462, 6.399999999999999467 ) ) ;
#3438 = CARTESIAN_POINT ( 'NONE',  ( 30.17766799518103582, -19.09026210337652429, -1.382654054066313032 ) ) ;
#3439 = FACE_OUTER_BOUND ( 'NONE', #4586, .T. ) ;
#3440 = CARTESIAN_POINT ( 'NONE',  ( -31.99999999804794015, 15.74028692868410495, -0.3492051945567585802 ) ) ;
#3441 = EDGE_CURVE ( 'NONE', #4793, #5726, #3492, .T. ) ;
#3442 = ORIENTED_EDGE ( 'NONE', *, *, #2771, .T. ) ;
#3443 = ORIENTED_EDGE ( 'NONE', *, *, #1966, .F. ) ;
#3444 = CARTESIAN_POINT ( 'NONE',  ( 25.28633730499073096, 17.79655136879960153, 1.211663854500897752 ) ) ;
#3445 = PERSON_AND_ORGANIZATION_ROLE ( 'creator' ) ;
#3446 = CIRCLE ( 'NONE', #396, 0.5000000000000000000 ) ;
#3447 = CARTESIAN_POINT ( 'NONE',  ( 31.30860000117374042, 18.27235322725307753, -0.7430372380178978942 ) ) ;
#3448 = CARTESIAN_POINT ( 'NONE',  ( 27.99999999999999289, -16.49999999999999289, 17.49999999999999645 ) ) ;
#3449 = CARTESIAN_POINT ( 'NONE',  ( 13.16000000000000547, -13.99999999999999822, 17.00000000000000000 ) ) ;
#3450 = DIRECTION ( 'NONE',  ( 0.000000000000000000, 1.000000000000000000, 0.000000000000000000 ) ) ;
#3451 = VERTEX_POINT ( 'NONE', #3859 ) ;
#3452 = CARTESIAN_POINT ( 'NONE',  ( 26.15833275280115799, -15.27260709890498447, -1.038127725814494973 ) ) ;
#3453 = FACE_OUTER_BOUND ( 'NONE', #5199, .T. ) ;
#3454 = EDGE_CURVE ( 'NONE', #2386, #3071, #416, .T. ) ;
#3455 = CARTESIAN_POINT ( 'NONE',  ( 30.90603414244707992, 18.05220055143458069, -0.2451419797294449032 ) ) ;
#3456 = CARTESIAN_POINT ( 'NONE',  ( 27.99999999999999289, -3.219999999999994422, 7.650000000000000355 ) ) ;
#3457 = AXIS2_PLACEMENT_3D ( 'NONE', #286, #3112, #1651 ) ;
#3458 = CARTESIAN_POINT ( 'NONE',  ( 24.29020932602269411, 16.50474577385881858, -0.8950123287930391580 ) ) ;
#3459 = ADVANCED_FACE ( 'NONE', ( #3463 ), #1205, .T. ) ;
#3460 = EDGE_LOOP ( 'NONE', ( #2080, #3758, #5413, #6041 ) ) ;
#3461 = AXIS2_PLACEMENT_3D ( 'NONE', #5626, #5198, #4243 ) ;
#3462 = DIRECTION ( 'NONE',  ( -1.000000000000000000, 0.000000000000000000, 0.000000000000000000 ) ) ;
#3463 = FACE_OUTER_BOUND ( 'NONE', #2373, .T. ) ;
#3464 = CARTESIAN_POINT ( 'NONE',  ( 29.02973290820316521, -20.23585662417084663, -1.279163325494833803 ) ) ;
#3465 = CARTESIAN_POINT ( 'NONE',  ( -26.66374380579171088, 21.34226932051872438, -1.078909160477191653 ) ) ;
#3466 = DIRECTION ( 'NONE',  ( -1.239088197126290817E-16, 1.000000000000000000, 0.000000000000000000 ) ) ;
#3467 = CARTESIAN_POINT ( 'NONE',  ( -28.91270319084889451, 22.00000000000000000, -0.06440690007719629406 ) ) ;
#3468 = CARTESIAN_POINT ( 'NONE',  ( 0.000000000000000000, 22.00000000000000000, -330.0000000000000000 ) ) ;
#3469 = ORIENTED_EDGE ( 'NONE', *, *, #752, .F. ) ;
#3470 = CARTESIAN_POINT ( 'NONE',  ( 31.77549719953471552, -17.03388959288939120, -0.7838270320126289326 ) ) ;
#3471 = ORIENTED_EDGE ( 'NONE', *, *, #2044, .F. ) ;
#3472 = AXIS2_PLACEMENT_3D ( 'NONE', #5455, #4436, #4971 ) ;
#3473 = CIRCLE ( 'NONE', #6214, 0.5000000000000000000 ) ;
#3474 = DIRECTION ( 'NONE',  ( 0.000000000000000000, 1.000000000000000000, 0.000000000000000000 ) ) ;
#3475 = ORIENTED_EDGE ( 'NONE', *, *, #1393, .F. ) ;
#3476 = DIRECTION ( 'NONE',  ( -1.000000000000000000, 0.000000000000000000, -0.000000000000000000 ) ) ;
#3477 = ORIENTED_EDGE ( 'NONE', *, *, #5948, .F. ) ;
#3478 = CIRCLE ( 'NONE', #4000, 1.000000000000000000 ) ;
#3479 = CARTESIAN_POINT ( 'NONE',  ( -25.81932054130695775, 16.72907261777849186, 17.30745896344519252 ) ) ;
#3480 = CARTESIAN_POINT ( 'NONE',  ( 0.000000000000000000, 22.00000000000000000, -330.0000000000000000 ) ) ;
#3481 = DIRECTION ( 'NONE',  ( -0.000000000000000000, -0.000000000000000000, 1.000000000000000000 ) ) ;
#3482 = LINE ( 'NONE', #4535, #4318 ) ;
#3483 = CARTESIAN_POINT ( 'NONE',  ( 27.99999999999999289, 14.52730671879346858, 0.9317754465239527217 ) ) ;
#3484 = DIRECTION ( 'NONE',  ( 0.000000000000000000, 0.000000000000000000, 1.000000000000000000 ) ) ;
#3485 = CARTESIAN_POINT ( 'NONE',  ( 27.77888779497330063, -15.36352226982259239, 15.93576188587960552 ) ) ;
#3486 = EDGE_CURVE ( 'NONE', #3828, #313, #2850, .T. ) ;
#3487 = CARTESIAN_POINT ( 'NONE',  ( -31.10121728963840582, 18.65917188991747011, -0.9259730131693696409 ) ) ;
#3488 = CARTESIAN_POINT ( 'NONE',  ( -23.50000000000000355, 13.50000000000000355, 6.399999999999999467 ) ) ;
#3489 = DIRECTION ( 'NONE',  ( 0.000000000000000000, 0.000000000000000000, 1.000000000000000000 ) ) ;
#3490 = CIRCLE ( 'NONE', #941, 2.000000000000001776 ) ;
#3491 = CARTESIAN_POINT ( 'NONE',  ( 26.49999999999999289, 11.20000000000000462, 6.399999999999999467 ) ) ;
#3492 =( BOUNDED_CURVE ( )  B_SPLINE_CURVE ( 3, ( #5262, #5839, #3320, #1926 ),
 .UNSPECIFIED., .F., .T. ) 
 B_SPLINE_CURVE_WITH_KNOTS ( ( 4, 4 ),
 ( 3.141592653589793116, 6.283185307179586232 ),
 .UNSPECIFIED. ) 
 CURVE ( )  GEOMETRIC_REPRESENTATION_ITEM ( )  RATIONAL_B_SPLINE_CURVE ( ( 1.000000000000000000, 0.3333333333333333703, 0.3333333333333333703, 1.000000000000000000 ) ) 
 REPRESENTATION_ITEM ( '' )  );
#3493 = ADVANCED_FACE ( 'NONE', ( #2047 ), #1303, .F. ) ;
#3494 = VERTEX_POINT ( 'NONE', #4885 ) ;
#3495 = CARTESIAN_POINT ( 'NONE',  ( 26.49999999999999289, 3.220000000000008633, 9.810000000000000497 ) ) ;
#3496 = ORIENTED_EDGE ( 'NONE', *, *, #3202, .T. ) ;
#3497 = CARTESIAN_POINT ( 'NONE',  ( 31.95644838780356523, 16.18163603517935911, -0.7997814658760082906 ) ) ;
#3498 = EDGE_CURVE ( 'NONE', #252, #4419, #34, .T. ) ;
#3499 = CARTESIAN_POINT ( 'NONE',  ( -25.81932054130695775, -16.72907261777850607, 17.30745896344519252 ) ) ;
#3500 = AXIS2_PLACEMENT_3D ( 'NONE', #2859, #2922, #2419 ) ;
#3501 = ORIENTED_EDGE ( 'NONE', *, *, #5602, .F. ) ;
#3502 = ORIENTED_EDGE ( 'NONE', *, *, #2015, .F. ) ;
#3503 = CARTESIAN_POINT ( 'NONE',  ( 25.81932054130695775, -16.72907261777848831, 17.30745896344518897 ) ) ;
#3504 = CARTESIAN_POINT ( 'NONE',  ( 21.20000000000000284, 13.32802291931967709, 18.47251272689751644 ) ) ;
#3505 = CARTESIAN_POINT ( 'NONE',  ( -31.30889003752297128, -18.27176481168109845, -0.7430624025459525717 ) ) ;
#3506 = VERTEX_POINT ( 'NONE', #5412 ) ;
#3507 = DIRECTION ( 'NONE',  ( -0.9973598826385620120, 0.000000000000000000, 0.07261724659606692833 ) ) ;
#3508 = AXIS2_PLACEMENT_3D ( 'NONE', #3971, #3926, #1490 ) ;
#3509 = CARTESIAN_POINT ( 'NONE',  ( 27.57078463969396864, -15.84242801829140568, 15.48566584494731124 ) ) ;
#3510 = CARTESIAN_POINT ( 'NONE',  ( -31.64880406595392870, 17.48557456328375537, -1.520699334186237150 ) ) ;
#3511 = CARTESIAN_POINT ( 'NONE',  ( -31.40254313946099529, 18.07427572680927241, -0.9520836627089386273 ) ) ;
#3512 = CARTESIAN_POINT ( 'NONE',  ( -29.43892007367122332, 19.97317243661947117, -0.1108175834315163061 ) ) ;
#3513 = DIRECTION ( 'NONE',  ( -1.000000000000000000, -1.239088197126290817E-16, 0.000000000000000000 ) ) ;
#3514 = ORIENTED_EDGE ( 'NONE', *, *, #3584, .T. ) ;
#3515 = CARTESIAN_POINT ( 'NONE',  ( -26.17892019142738036, 21.95670070464050028, -0.3323719620023287691 ) ) ;
#3516 = ORIENTED_EDGE ( 'NONE', *, *, #2729, .F. ) ;
#3518 = DIRECTION ( 'NONE',  ( -0.8192319205190395914, 0.000000000000000000, -0.5734623443633295459 ) ) ;
#3517 = CARTESIAN_POINT ( 'NONE',  ( 28.74613782528992090, -15.29215936629499240, -0.04984948697132816908 ) ) ;
#3519 = CARTESIAN_POINT ( 'NONE',  ( -21.20000000000000639, -13.50000000000000178, 6.399999999999999467 ) ) ;
#3520 = CYLINDRICAL_SURFACE ( 'NONE', #543, 1.000000000000000000 ) ;
#3521 = CC_DESIGN_SECURITY_CLASSIFICATION ( #3304, ( #768 ) ) ;
#3522 = CARTESIAN_POINT ( 'NONE',  ( -23.50000000000000355, -13.50000000000000355, 6.399999999999999467 ) ) ;
#3523 = CARTESIAN_POINT ( 'NONE',  ( 20.08469709767365075, -16.99999999999999289, 19.11513975825479505 ) ) ;
#3524 = CARTESIAN_POINT ( 'NONE',  ( -20.08469709767365785, -18.00000000000000355, 18.11513975825479505 ) ) ;
#3525 = EDGE_CURVE ( 'NONE', #4686, #4203, #2120, .T. ) ;
#3526 = DIRECTION ( 'NONE',  ( 0.000000000000000000, -0.000000000000000000, 1.000000000000000000 ) ) ;
#3527 = ADVANCED_FACE ( 'NONE', ( #4832 ), #340, .T. ) ;
#3528 = ORIENTED_EDGE ( 'NONE', *, *, #3999, .T. ) ;
#3529 = CARTESIAN_POINT ( 'NONE',  ( 26.17891895516994794, 21.95670081294833409, -0.5329985618879324871 ) ) ;
#3530 = CARTESIAN_POINT ( 'NONE',  ( 26.75369173102252418, -16.08042953287596788, 16.65339913064428856 ) ) ;
#3531 = CARTESIAN_POINT ( 'NONE',  ( -31.41210422759333554, 16.11584421199239259, -1.498422832419244122 ) ) ;
#3532 = CARTESIAN_POINT ( 'NONE',  ( -32.00000000000000000, 15.29999999999999716, -1.004559302108243291 ) ) ;
#3533 = VERTEX_POINT ( 'NONE', #3011 ) ;
#3534 = CARTESIAN_POINT ( 'NONE',  ( -28.65072788418748218, 21.10607595671491410, -0.5217398998328338644 ) ) ;
#3535 = DIRECTION ( 'NONE',  ( 0.000000000000000000, 1.000000000000000000, 0.000000000000000000 ) ) ;
#3537 = DIRECTION ( 'NONE',  ( -0.000000000000000000, 0.000000000000000000, -1.000000000000000000 ) ) ;
#3536 = DIRECTION ( 'NONE',  ( 0.000000000000000000, -1.000000000000000000, -0.000000000000000000 ) ) ;
#3538 = CIRCLE ( 'NONE', #4776, 0.7999999999999986011 ) ;
#3539 = CARTESIAN_POINT ( 'NONE',  ( -28.25373882750395893, 16.50588599074543694, -0.007273965967734047702 ) ) ;
#3540 = DIRECTION ( 'NONE',  ( -1.239088197126290817E-16, 1.000000000000000000, -0.000000000000000000 ) ) ;
#3541 = EDGE_LOOP ( 'NONE', ( #3226, #4582, #4226, #1408 ) ) ;
#3542 = EDGE_CURVE ( 'NONE', #5489, #3055, #1891, .T. ) ;
#3543 = CARTESIAN_POINT ( 'NONE',  ( 32.00000000000000000, -15.30000000000000071, -1.555179672444835681 ) ) ;
#3544 = CARTESIAN_POINT ( 'NONE',  ( -27.17477946795895960, -16.44742336336928545, 1.020600900469692984 ) ) ;
#3545 = LINE ( 'NONE', #4826, #4089 ) ;
#3546 = AXIS2_PLACEMENT_3D ( 'NONE', #1241, #4136, #5068 ) ;
#3547 = DIRECTION ( 'NONE',  ( 0.000000000000000000, 0.000000000000000000, 1.000000000000000000 ) ) ;
#3548 = ORIENTED_EDGE ( 'NONE', *, *, #4963, .T. ) ;
#3549 = AXIS2_PLACEMENT_3D ( 'NONE', #1789, #406, #2723 ) ;
#3550 = CARTESIAN_POINT ( 'NONE',  ( -24.93201865350644653, 16.99999999999998934, 17.87916418962831955 ) ) ;
#3551 = VERTEX_POINT ( 'NONE', #2500 ) ;
#3552 = CARTESIAN_POINT ( 'NONE',  ( 27.99999999999999645, -13.99999999999999467, 15.26032778078668706 ) ) ;
#3553 = CARTESIAN_POINT ( 'NONE',  ( -28.23156294759917628, 21.34079010227375761, -1.209492809700437821 ) ) ;
#3554 = CIRCLE ( 'NONE', #4365, 0.5000000000000001110 ) ;
#3555 = CARTESIAN_POINT ( 'NONE',  ( -27.26258239095053071, -21.18107694962537479, -1.127850214797173845 ) ) ;
#3556 = CARTESIAN_POINT ( 'NONE',  ( -29.41489673419495432, 20.60569107535482303, -0.1084737629971068013 ) ) ;
#3557 = CARTESIAN_POINT ( 'NONE',  ( 26.97077382307518434, -17.97390613656562763, 0.1001241447373902027 ) ) ;
#3558 = ADVANCED_FACE ( 'NONE', ( #4455 ), #1131, .F. ) ;
#3559 = CYLINDRICAL_SURFACE ( 'NONE', #5498, 331.1999999999999886 ) ;
#3560 = CARTESIAN_POINT ( 'NONE',  ( 23.99999999999999289, 19.00000000000000355, 1.331918172698758562 ) ) ;
#3562 = CARTESIAN_POINT ( 'NONE',  ( 30.61941647911809028, -19.39726574417717586, -0.8846619685987253678 ) ) ;
#3561 = CARTESIAN_POINT ( 'NONE',  ( -21.20000000000000995, 16.03030688974592266, 18.35896484740289480 ) ) ;
#3563 = CARTESIAN_POINT ( 'NONE',  ( -26.59850358049679286, 17.05307465282980672, 0.1308595631302832130 ) ) ;
#3564 = CARTESIAN_POINT ( 'NONE',  ( 26.99999999999999289, -13.99999999999999467, 15.26032778078668528 ) ) ;
#3565 = LINE ( 'NONE', #1055, #4707 ) ;
#3566 = DIRECTION ( 'NONE',  ( 0.000000000000000000, 0.000000000000000000, 1.000000000000000000 ) ) ;
#3567 = CARTESIAN_POINT ( 'NONE',  ( 15.63867027083698247, -14.39130434782608248, 17.49999999999999645 ) ) ;
#3568 = CARTESIAN_POINT ( 'NONE',  ( -27.65868903605078799, -21.57492356212806683, -0.4438918919497208959 ) ) ;
#3569 = LINE ( 'NONE', #136, #1392 ) ;
#3570 = CARTESIAN_POINT ( 'NONE',  ( 28.84116082175982143, 20.99197877268759882, -0.7377337875559011326 ) ) ;
#3571 = DIRECTION ( 'NONE',  ( -1.000000000000000000, 0.000000000000000000, 0.000000000000000000 ) ) ;
#3572 = EDGE_CURVE ( 'NONE', #509, #3263, #5285, .T. ) ;
#3573 = DIRECTION ( 'NONE',  ( -1.000000000000000000, 0.000000000000000000, 0.000000000000000000 ) ) ;
#3574 = DIRECTION ( 'NONE',  ( 0.000000000000000000, 1.000000000000000000, 0.000000000000000000 ) ) ;
#3575 = DIRECTION ( 'NONE',  ( 1.000000000000000000, 0.000000000000000000, 0.000000000000000000 ) ) ;
#3576 = CARTESIAN_POINT ( 'NONE',  ( -26.75327868873804249, 21.34030559370005520, 0.1177705302141653504 ) ) ;
#3577 = ORIENTED_EDGE ( 'NONE', *, *, #5659, .F. ) ;
#3578 = ORIENTED_EDGE ( 'NONE', *, *, #5244, .F. ) ;
#3579 = CARTESIAN_POINT ( 'NONE',  ( 31.56627393221415545, 17.68183168006256167, -1.512802646424661335 ) ) ;
#3580 = DIRECTION ( 'NONE',  ( -1.000000000000000000, -1.239088197126290817E-16, -0.000000000000000000 ) ) ;
#3581 = ORIENTED_EDGE ( 'NONE', *, *, #3202, .F. ) ;
#3583 = CARTESIAN_POINT ( 'NONE',  ( 29.72345963810250780, -20.35112026994497825, -0.8095331457775404305 ) ) ;
#3582 = CARTESIAN_POINT ( 'NONE',  ( 23.99999999999999289, 16.50000000000000000, -0.3725587879552724746 ) ) ;
#3584 = EDGE_CURVE ( 'NONE', #3207, #2229, #4005, .T. ) ;
#3585 = CARTESIAN_POINT ( 'NONE',  ( -27.68123849871272313, 17.30641309911073122, 0.04127351954107804505 ) ) ;
#3586 = AXIS2_PLACEMENT_3D ( 'NONE', #3844, #1874, #5308 ) ;
#3587 = VERTEX_POINT ( 'NONE', #4501 ) ;
#3588 = ORIENTED_EDGE ( 'NONE', *, *, #3082, .F. ) ;
#3589 = DIRECTION ( 'NONE',  ( 0.000000000000000000, 1.000000000000000000, 0.000000000000000000 ) ) ;
#3590 = AXIS2_PLACEMENT_3D ( 'NONE', #1843, #452, #4878 ) ;
#3591 = CARTESIAN_POINT ( 'NONE',  ( -24.30009428946225469, 17.99999999999999645, 17.11012493850053318 ) ) ;
#3592 = CARTESIAN_POINT ( 'NONE',  ( -27.02957356396913369, -21.77663150736956155, -0.3958569647946345582 ) ) ;
#3593 = ADVANCED_FACE ( 'NONE', ( #1443 ), #5388, .F. ) ;
#3594 = ORIENTED_EDGE ( 'NONE', *, *, #4888, .T. ) ;
#3595 = CARTESIAN_POINT ( 'NONE',  ( 32.00000000000000000, 15.74307293109126071, -1.004559302108243291 ) ) ;
#3596 = SHAPE_DEFINITION_REPRESENTATION ( #2265, #1653 ) ;
#3597 = CARTESIAN_POINT ( 'NONE',  ( 25.26172465960665647, 21.50000000000000000, -0.9683217876700934701 ) ) ;
#3598 = CARTESIAN_POINT ( 'NONE',  ( 26.49999999999999289, -13.99999999999999289, 15.00000000000000355 ) ) ;
#3599 = CARTESIAN_POINT ( 'NONE',  ( 8.487254653930534687, -14.49999999999999467, 17.49999999999999645 ) ) ;
#3600 = CARTESIAN_POINT ( 'NONE',  ( -31.54762624735410625, 15.71043730838277419, -0.3059186485792720900 ) ) ;
#3601 = DIRECTION ( 'NONE',  ( -0.000000000000000000, -0.000000000000000000, 1.000000000000000000 ) ) ;
#3602 = CARTESIAN_POINT ( 'NONE',  ( 31.31041270870908733, 18.29340472886803681, -1.488317525656961182 ) ) ;
#3603 = VERTEX_POINT ( 'NONE', #3479 ) ;
#3604 = LINE ( 'NONE', #3004, #3285 ) ;
#3605 = DIRECTION ( 'NONE',  ( -0.000000000000000000, -0.000000000000000000, 1.000000000000000000 ) ) ;
#3606 = CARTESIAN_POINT ( 'NONE',  ( -24.00000000000000711, -16.49999999999999645, -0.3725587879552972881 ) ) ;
#3607 = CARTESIAN_POINT ( 'NONE',  ( 25.81932054130695420, 16.72907261777849541, 17.30745896344518897 ) ) ;
#3608 = VERTEX_POINT ( 'NONE', #4021 ) ;
#3609 =( BOUNDED_CURVE ( )  B_SPLINE_CURVE ( 3, ( #5712, #4262, #4431, #1078 ),
 .UNSPECIFIED., .F., .T. ) 
 B_SPLINE_CURVE_WITH_KNOTS ( ( 4, 4 ),
 ( 3.141592653589793116, 6.283185307179586232 ),
 .UNSPECIFIED. ) 
 CURVE ( )  GEOMETRIC_REPRESENTATION_ITEM ( )  RATIONAL_B_SPLINE_CURVE ( ( 1.000000000000000000, 0.3333333333333333703, 0.3333333333333333703, 1.000000000000000000 ) ) 
 REPRESENTATION_ITEM ( '' )  );
#3610 = VECTOR ( 'NONE', #5566, 1000.000000000000000 ) ;
#3611 = CARTESIAN_POINT ( 'NONE',  ( -27.02927459060003201, -21.77670991455454796, -0.3958344055955129170 ) ) ;
#3612 = EDGE_CURVE ( 'NONE', #3299, #4600, #1364, .T. ) ;
#3613 = ORIENTED_EDGE ( 'NONE', *, *, #3454, .F. ) ;
#3614 = CARTESIAN_POINT ( 'NONE',  ( -27.68370667582085787, 17.30359326757474037, 0.04106638480366343880 ) ) ;
#3615 = FACE_OUTER_BOUND ( 'NONE', #2783, .T. ) ;
#3616 = CARTESIAN_POINT ( 'NONE',  ( 24.30000000000000071, 13.50000000000000355, 6.399999999999999467 ) ) ;
#3617 = CARTESIAN_POINT ( 'NONE',  ( 21.20000000000000639, 13.50000000000000178, 6.399999999999999467 ) ) ;
#3618 = CARTESIAN_POINT ( 'NONE',  ( -26.24554094856894437, 15.11090008504402959, -0.5798254687570133514 ) ) ;
#3619 = CARTESIAN_POINT ( 'NONE',  ( -31.32002853648952723, 18.27359650188981632, -0.7440055401270414537 ) ) ;
#3620 = CIRCLE ( 'NONE', #4576, 0.5000000000000000000 ) ;
#3621 = EDGE_CURVE ( 'NONE', #5451, #590, #785, .T. ) ;
#3622 = CARTESIAN_POINT ( 'NONE',  ( 31.77538914931147929, 17.03429907026189838, -0.9847194969909913720 ) ) ;
#3623 = ADVANCED_FACE ( 'NONE', ( #192 ), #5751, .F. ) ;
#3624 = CARTESIAN_POINT ( 'NONE',  ( 25.94663616334983303, -17.50510193464842246, 0.1825112338282027791 ) ) ;
#3625 = B_SPLINE_CURVE_WITH_KNOTS ( 'NONE', 3,
 ( #5019, #2124, #3081, #712, #4063, #1195, #1666, #5038, #3716, #855, #2718, #6109, #4207, #3683, #319, #6141, #3243, #5584 ),
 .UNSPECIFIED., .F., .F.,
 ( 4, 2, 2, 2, 2, 2, 2, 2, 4 ),
 ( 0.000000000000000000, 0.0005862367499087201526, 0.001172473499817440305, 0.001758710249726160458, 0.002344946999634880611, 0.002931183749543600763, 0.003517420499452320916, 0.004103657249361040635, 0.004689893999269761221 ),
 .UNSPECIFIED. ) ;
#3626 = EDGE_CURVE ( 'NONE', #4716, #2784, #3233, .T. ) ;
#3627 = DIRECTION ( 'NONE',  ( -1.000000000000000000, -1.253261993481137234E-16, 0.000000000000000000 ) ) ;
#3628 = ORIENTED_EDGE ( 'NONE', *, *, #4654, .F. ) ;
#3629 = CARTESIAN_POINT ( 'NONE',  ( 26.49999999999999289, 14.16542403796166028, -0.6047207381381101143 ) ) ;
#3630 = ORIENTED_EDGE ( 'NONE', *, *, #1976, .T. ) ;
#3631 = CARTESIAN_POINT ( 'NONE',  ( -26.65530090437518496, -15.33114867353547695, -1.078275825729811732 ) ) ;
#3632 = CIRCLE ( 'NONE', #5339, 0.5000000000000000000 ) ;
#3633 = CARTESIAN_POINT ( 'NONE',  ( 24.58760108352669960, 17.96672528597501994, 16.99442340775220828 ) ) ;
#3634 = EDGE_CURVE ( 'NONE', #1293, #3730, #5818, .T. ) ;
#3635 = CARTESIAN_POINT ( 'NONE',  ( -31.40959178065338975, -18.05868866579248433, -0.2924644425633413647 ) ) ;
#3636 = CARTESIAN_POINT ( 'NONE',  ( -24.00000000000001066, 17.99999999999999645, 17.21886749202244005 ) ) ;
#3637 = ORIENTED_EDGE ( 'NONE', *, *, #3454, .T. ) ;
#3638 = AXIS2_PLACEMENT_3D ( 'NONE', #4202, #5707, #6137 ) ;
#3639 = VECTOR ( 'NONE', #5348, 1000.000000000000000 ) ;
#3640 = AXIS2_PLACEMENT_3D ( 'NONE', #6023, #5596, #3115 ) ;
#3641 = CARTESIAN_POINT ( 'NONE',  ( -27.22435598914425370, 17.76469338438764822, 0.07927465490409338345 ) ) ;
#3642 = CARTESIAN_POINT ( 'NONE',  ( 26.04442676674451818, -17.46378989442032292, 17.14988460563890271 ) ) ;
#3643 = EDGE_LOOP ( 'NONE', ( #3200, #4221, #3442, #3501 ) ) ;
#3644 = CARTESIAN_POINT ( 'NONE',  ( 26.97722755004010509, -16.68482532794058315, 0.1002907365478782481 ) ) ;
#3645 = CARTESIAN_POINT ( 'NONE',  ( 24.30000000000000071, 11.90000000000000391, 16.54000000000000270 ) ) ;
#3646 = CARTESIAN_POINT ( 'NONE',  ( -24.00000000000001066, 16.49999999999999289, -0.3725587879552886283 ) ) ;
#3647 = CIRCLE ( 'NONE', #982, 2.000000000000001776 ) ;
#3648 = CARTESIAN_POINT ( 'NONE',  ( 28.06755483918294303, 21.40557722246959571, -0.6763773769613171671 ) ) ;
#3649 = CARTESIAN_POINT ( 'NONE',  ( -25.66114426259150605, -17.63876349037133551, 16.48822704292615171 ) ) ;
#3650 = APPROVAL ( #3396, '未指定' ) ;
#3651 = LINE ( 'NONE', #1731, #2355 ) ;
#3652 = CARTESIAN_POINT ( 'NONE',  ( 21.20000000000000639, -13.50000000000000178, 18.47251272689750579 ) ) ;
#3653 = CARTESIAN_POINT ( 'NONE',  ( -25.86590847594625941, -15.67212711152672888, -1.015055557113338391 ) ) ;
#3654 = EDGE_CURVE ( 'NONE', #1369, #1198, #3538, .T. ) ;
#3655 = DIRECTION ( 'NONE',  ( 0.000000000000000000, 0.000000000000000000, -1.000000000000000000 ) ) ;
#3656 = EDGE_LOOP ( 'NONE', ( #5272, #5490, #6035, #4442 ) ) ;
#3657 = ORIENTED_EDGE ( 'NONE', *, *, #1069, .T. ) ;
#3658 = CARTESIAN_POINT ( 'NONE',  ( -29.11767980814126489, -20.23585314449659833, -0.08225984454573732896 ) ) ;
#3659 = DIRECTION ( 'NONE',  ( 1.239088197126290817E-16, -1.000000000000000000, -0.000000000000000000 ) ) ;
#3660 = ADVANCED_FACE ( 'NONE', ( #2629 ), #3167, .T. ) ;
#3661 = ORIENTED_EDGE ( 'NONE', *, *, #4688, .F. ) ;
#3662 = CARTESIAN_POINT ( 'NONE',  ( -28.91270319084889096, 13.99999999999999112, -0.06440690007722095489 ) ) ;
#3663 = ORIENTED_EDGE ( 'NONE', *, *, #2482, .T. ) ;
#3664 = CARTESIAN_POINT ( 'NONE',  ( 31.05797858079367657, 17.48696943877621024, -1.464753706108855802 ) ) ;
#3665 = EDGE_CURVE ( 'NONE', #701, #5139, #1235, .T. ) ;
#3666 = CARTESIAN_POINT ( 'NONE',  ( 28.61780188181629470, -20.56862945654986419, -0.03865319729705635893 ) ) ;
#3667 = CARTESIAN_POINT ( 'NONE',  ( -24.16486267427257317, 16.49999999999999289, -0.3869630651245642983 ) ) ;
#3668 = CARTESIAN_POINT ( 'NONE',  ( -30.63471085180152542, -18.40605682055681314, -1.424947112137175731 ) ) ;
#3669 = CARTESIAN_POINT ( 'NONE',  ( 21.20000000000000995, 16.47543372323688615, 17.71135707488954480 ) ) ;
#3670 = EDGE_LOOP ( 'NONE', ( #3628, #846, #5220, #1073 ) ) ;
#3671 = DIRECTION ( 'NONE',  ( 0.000000000000000000, 0.000000000000000000, 1.000000000000000000 ) ) ;
#3672 = CARTESIAN_POINT ( 'NONE',  ( 28.26468382353494846, 21.31236600875521958, -0.6918651473850410127 ) ) ;
#3673 = CARTESIAN_POINT ( 'NONE',  ( 31.54762624735409915, 15.29999999999999893, -0.3059186485793211618 ) ) ;
#3674 = CARTESIAN_POINT ( 'NONE',  ( 17.99999999999999645, -3.219999999999994422, 9.810000000000000497 ) ) ;
#3675 = VERTEX_POINT ( 'NONE', #6045 ) ;
#3676 = CARTESIAN_POINT ( 'NONE',  ( -24.25652600824167848, -18.99999999776029469, 0.3107167561137015310 ) ) ;
#3677 = EDGE_CURVE ( 'NONE', #1369, #234, #2477, .T. ) ;
#3678 = CARTESIAN_POINT ( 'NONE',  ( -25.94296680227806107, -16.26027259764622102, -1.021305142193465354 ) ) ;
#3679 = CYLINDRICAL_SURFACE ( 'NONE', #2453, 1.399999999999999245 ) ;
#3680 = ORIENTED_EDGE ( 'NONE', *, *, #308, .F. ) ;
#3681 = CARTESIAN_POINT ( 'NONE',  ( -29.43727062775560555, -19.97462573391251439, -0.1106702320672834916 ) ) ;
#3682 = AXIS2_PLACEMENT_3D ( 'NONE', #912, #2835, #6215 ) ;
#3683 = CARTESIAN_POINT ( 'NONE',  ( -24.93192408086590817, -16.84565921906649066, -0.9431177613180314889 ) ) ;
#3684 = FACE_OUTER_BOUND ( 'NONE', #5634, .T. ) ;
#3685 = CARTESIAN_POINT ( 'NONE',  ( -24.58263317736692954, 18.96759346282221870, 0.2866003779354832082 ) ) ;
#3686 = AXIS2_PLACEMENT_3D ( 'NONE', #3031, #4927, #3422 ) ;
#3687 = DIRECTION ( 'NONE',  ( -0.000000000000000000, 0.000000000000000000, 1.000000000000000000 ) ) ;
#3688 = CARTESIAN_POINT ( 'NONE',  ( 23.50000000000000355, -13.50000000000000355, 6.399999999999999467 ) ) ;
#3689 = CARTESIAN_POINT ( 'NONE',  ( 27.30608093336526920, 16.29145350433594785, 16.26672668900435781 ) ) ;
#3690 = CARTESIAN_POINT ( 'NONE',  ( -20.86955553836182631, 15.49999999999999467, 16.50000000000000000 ) ) ;
#3691 = ORIENTED_EDGE ( 'NONE', *, *, #3903, .F. ) ;
#3692 = CARTESIAN_POINT ( 'NONE',  ( -31.50000000000000000, 15.29999999999999716, -1.004559302108255725 ) ) ;
#3693 = VECTOR ( 'NONE', #505, 1000.000000000000000 ) ;
#3694 = CARTESIAN_POINT ( 'NONE',  ( -20.08469709767365785, -18.00000000000000355, 9.115139758254795055 ) ) ;
#3695 = CARTESIAN_POINT ( 'NONE',  ( -25.80943427677869195, -17.60413874941227164, 17.32324404821471120 ) ) ;
#3696 = ORIENTED_EDGE ( 'NONE', *, *, #4613, .F. ) ;
#3697 =( BOUNDED_CURVE ( )  B_SPLINE_CURVE ( 3, ( #4421, #3411, #2027, #5377 ),
 .UNSPECIFIED., .F., .F. ) 
 B_SPLINE_CURVE_WITH_KNOTS ( ( 4, 4 ),
 ( 0.000000000000000000, 3.141592653589793116 ),
 .UNSPECIFIED. ) 
 CURVE ( )  GEOMETRIC_REPRESENTATION_ITEM ( )  RATIONAL_B_SPLINE_CURVE ( ( 1.000000000000000000, 0.3333333333333333703, 0.3333333333333333703, 1.000000000000000000 ) ) 
 REPRESENTATION_ITEM ( '' )  );
#3698 = VECTOR ( 'NONE', #5577, 1000.000000000000000 ) ;
#3699 = CARTESIAN_POINT ( 'NONE',  ( -25.65189527273901149, -15.88356049766698241, -0.5228525742705234514 ) ) ;
#3700 = DIRECTION ( 'NONE',  ( -1.000000000000000000, -1.239088197126290817E-16, 0.000000000000000000 ) ) ;
#3701 = VECTOR ( 'NONE', #4413, 1000.000000000000000 ) ;
#3702 = EDGE_CURVE ( 'NONE', #2187, #399, #2331, .T. ) ;
#3703 = DIRECTION ( 'NONE',  ( -0.000000000000000000, -0.000000000000000000, 1.000000000000000000 ) ) ;
#3704 = TOROIDAL_SURFACE ( 'NONE', #4247, 1.000000000000000000, 1.000000000000000000 ) ;
#3705 = CARTESIAN_POINT ( 'NONE',  ( -23.96369137670198057, 16.49999999999999289, -0.8712387292745695788 ) ) ;
#3706 = ORIENTED_EDGE ( 'NONE', *, *, #5137, .T. ) ;
#3707 = ORIENTED_EDGE ( 'NONE', *, *, #6022, .T. ) ;
#3708 = EDGE_CURVE ( 'NONE', #4945, #4954, #1594, .T. ) ;
#3709 = CARTESIAN_POINT ( 'NONE',  ( -26.50000000000000711, -18.00000000000000355, 15.00000000000000355 ) ) ;
#3710 = FACE_OUTER_BOUND ( 'NONE', #138, .T. ) ;
#3711 = AXIS2_PLACEMENT_3D ( 'NONE', #6054, #5590, #1689 ) ;
#3712 = CARTESIAN_POINT ( 'NONE',  ( 24.30000000000000071, -13.50000000000000355, 16.54000000000000625 ) ) ;
#3713 = CARTESIAN_POINT ( 'NONE',  ( -31.64231030753181884, -17.47128456149199494, -1.520112361386792399 ) ) ;
#3714 = VECTOR ( 'NONE', #1439, 1000.000000000000000 ) ;
#3715 = CARTESIAN_POINT ( 'NONE',  ( -31.50726382231676936, -16.11584230130304363, -0.3020490520291411185 ) ) ;
#3716 = CARTESIAN_POINT ( 'NONE',  ( -26.21995055606332770, -15.98295274471241179, -1.043265191273904824 ) ) ;
#3717 = ADVANCED_FACE ( 'NONE', ( #3615 ), #4814, .T. ) ;
#3718 = LINE ( 'NONE', #5457, #5017 ) ;
#3719 = CARTESIAN_POINT ( 'NONE',  ( -21.20000000000000284, -13.32802291931968064, 18.47251272689752000 ) ) ;
#3720 = CARTESIAN_POINT ( 'NONE',  ( 25.64996359411492577, -15.88525577025361102, -0.5226697145841752157 ) ) ;
#3721 = CARTESIAN_POINT ( 'NONE',  ( 26.75369173102291853, 16.08042953287563037, 16.65339913064401145 ) ) ;
#3722 = CARTESIAN_POINT ( 'NONE',  ( -24.00000000000001066, -17.00000000000000000, 17.21886749202244005 ) ) ;
#3723 = DIRECTION ( 'NONE',  ( 0.000000000000000000, 0.000000000000000000, -1.000000000000000000 ) ) ;
#3724 = ADVANCED_FACE ( 'NONE', ( #4450 ), #1329, .F. ) ;
#3725 = LINE ( 'NONE', #1298, #2424 ) ;
#3726 = CARTESIAN_POINT ( 'NONE',  ( 27.66519371012352480, 21.57242311399801693, -0.6450895986364476586 ) ) ;
#3727 = CARTESIAN_POINT ( 'NONE',  ( 27.99999999999999289, -17.99999999999999645, 18.11513975825479505 ) ) ;
#3728 = ORIENTED_EDGE ( 'NONE', *, *, #4847, .T. ) ;
#3729 = CARTESIAN_POINT ( 'NONE',  ( -25.21451710846581307, -18.83332795563278950, 0.2388419099605607054 ) ) ;
#3730 = VERTEX_POINT ( 'NONE', #4186 ) ;
#3731 = CARTESIAN_POINT ( 'NONE',  ( -31.45234493192133129, -15.30000000000000071, -1.502283115569514216 ) ) ;
#3732 = EDGE_CURVE ( 'NONE', #2300, #3853, #2845, .T. ) ;
#3733 = VERTEX_POINT ( 'NONE', #2209 ) ;
#3734 = CARTESIAN_POINT ( 'NONE',  ( -31.95644838780356523, -16.18163603517936266, -0.7997814658874132787 ) ) ;
#3735 = CARTESIAN_POINT ( 'NONE',  ( 31.45234493192133129, 22.00000000000000000, -1.502283115569491567 ) ) ;
#3736 = ORIENTED_EDGE ( 'NONE', *, *, #2126, .F. ) ;
#3737 = CARTESIAN_POINT ( 'NONE',  ( -26.34260005227790558, 15.83370492650661809, -1.053074950123696896 ) ) ;
#3738 = ORIENTED_EDGE ( 'NONE', *, *, #3811, .T. ) ;
#3739 = CARTESIAN_POINT ( 'NONE',  ( 24.32682139866561499, -16.48386702607664489, -0.4012923721148538014 ) ) ;
#3740 = EDGE_CURVE ( 'NONE', #3533, #4205, #4222, .T. ) ;
#3741 = CARTESIAN_POINT ( 'NONE',  ( 27.37142898595879714, 15.11936137671712821, 16.22098305218889536 ) ) ;
#3742 = CARTESIAN_POINT ( 'NONE',  ( 31.77822139327463802, -17.02353994736619569, -0.3277644097681690627 ) ) ;
#3743 = CARTESIAN_POINT ( 'NONE',  ( 25.30000000000000071, 15.29999999999999716, -330.0000000000000000 ) ) ;
#3744 = ORIENTED_EDGE ( 'NONE', *, *, #5355, .T. ) ;
#3745 = FACE_OUTER_BOUND ( 'NONE', #1878, .T. ) ;
#3746 = PLANE ( 'NONE',  #1384 ) ;
#3747 = CARTESIAN_POINT ( 'NONE',  ( -24.58760108352649354, -17.96672528597506258, 16.99442340775230065 ) ) ;
#3748 = CARTESIAN_POINT ( 'NONE',  ( -24.52323627646417492, -17.97415407764328066, 1.284047860421418719 ) ) ;
#3749 = EDGE_CURVE ( 'NONE', #788, #4869, #704, .T. ) ;
#3750 = CARTESIAN_POINT ( 'NONE',  ( -31.64758462145410434, -17.45560371441771608, -0.9734927587198688448 ) ) ;
#3751 = CARTESIAN_POINT ( 'NONE',  ( 25.05684235368986279, 18.87276991521989800, 0.2508441732828786686 ) ) ;
#3752 = AXIS2_PLACEMENT_3D ( 'NONE', #2704, #6131, #881 ) ;
#3753 = DIRECTION ( 'NONE',  ( -1.000000000000000000, 0.000000000000000000, 0.000000000000000000 ) ) ;
#3754 = ORIENTED_EDGE ( 'NONE', *, *, #1498, .T. ) ;
#3755 = CYLINDRICAL_SURFACE ( 'NONE', #3965, 1.100000000000000311 ) ;
#3756 = CARTESIAN_POINT ( 'NONE',  ( -25.40438406085887380, 17.75597796091842895, 16.62302614883578045 ) ) ;
#3757 = DIRECTION ( 'NONE',  ( 1.000000000000000000, 0.000000000000000000, 0.000000000000000000 ) ) ;
#3758 = ORIENTED_EDGE ( 'NONE', *, *, #3104, .F. ) ;
#3759 = CIRCLE ( 'NONE', #5420, 1.000000000000000000 ) ;
#3760 = CARTESIAN_POINT ( 'NONE',  ( 31.38872337962170178, -16.70823546060376685, -0.2907498713923116207 ) ) ;
#3761 = DIRECTION ( 'NONE',  ( 1.224646799147353207E-16, 1.000000000000000000, 0.000000000000000000 ) ) ;
#3762 = ORIENTED_EDGE ( 'NONE', *, *, #4847, .F. ) ;
#3763 = CARTESIAN_POINT ( 'NONE',  ( 26.64300151673080208, -17.01372210246361405, 1.076122130963644397 ) ) ;
#3764 = CARTESIAN_POINT ( 'NONE',  ( -27.00000000000001066, 13.99999999999999289, -0.6047207381380859115 ) ) ;
#3765 = CARTESIAN_POINT ( 'NONE',  ( -27.01002274337331599, -16.64722027536329207, 1.037967053463408451 ) ) ;
#3766 = ORIENTED_EDGE ( 'NONE', *, *, #2263, .F. ) ;
#3767 = CARTESIAN_POINT ( 'NONE',  ( -31.45234493009724375, -15.71009240154415387, -1.502283115394864588 ) ) ;
#3768 = CARTESIAN_POINT ( 'NONE',  ( 25.03251831737457422, 17.86666236419379317, 1.235939862585663684 ) ) ;
#3769 = CIRCLE ( 'NONE', #4903, 1.000000000000000888 ) ;
#3770 = DIRECTION ( 'NONE',  ( 1.239088197126291063E-16, -1.000000000000000000, -0.000000000000000000 ) ) ;
#3771 = ORIENTED_EDGE ( 'NONE', *, *, #2423, .T. ) ;
#3772 = DIRECTION ( 'NONE',  ( 1.000000000000000000, -0.000000000000000000, -0.000000000000000000 ) ) ;
#3773 = ORIENTED_EDGE ( 'NONE', *, *, #4400, .F. ) ;
#3774 = AXIS2_PLACEMENT_3D ( 'NONE', #620, #5853, #2476 ) ;
#3775 = FACE_OUTER_BOUND ( 'NONE', #5567, .T. ) ;
#3776 = CARTESIAN_POINT ( 'NONE',  ( -26.87954077916857898, 14.79037931093782277, -1.096499187783575691 ) ) ;
#3777 = CARTESIAN_POINT ( 'NONE',  ( 24.16486267427256962, -16.49999999999999289, -0.3869630651245516417 ) ) ;
#3778 = VERTEX_POINT ( 'NONE', #5580 ) ;
#3779 = ORIENTED_EDGE ( 'NONE', *, *, #6199, .F. ) ;
#3780 = CARTESIAN_POINT ( 'NONE',  ( 31.99999999804794015, -15.74028692868359336, -0.3492051946023387310 ) ) ;
#3781 = VECTOR ( 'NONE', #2969, 1000.000000000000000 ) ;
#3782 = CARTESIAN_POINT ( 'NONE',  ( 26.23906226940194131, 15.12452221838421274, -1.044547052944552412 ) ) ;
#3783 = EDGE_CURVE ( 'NONE', #3055, #530, #1670, .T. ) ;
#3784 = AXIS2_PLACEMENT_3D ( 'NONE', #31, #3348, #1524 ) ;
#3785 = CARTESIAN_POINT ( 'NONE',  ( 25.29130492444357259, -17.79474661236351096, 1.211181784989645349 ) ) ;
#3786 = CYLINDRICAL_SURFACE ( 'NONE', #2441, 0.7999999999999986011 ) ;
#3787 = CARTESIAN_POINT ( 'NONE',  ( -27.67895670031391120, -17.30902534447302799, 0.04146504543260912806 ) ) ;
#3788 = CARTESIAN_POINT ( 'NONE',  ( -31.50000000000000000, -15.30000000000000071, -0.8036452206677924259 ) ) ;
#3789 = CARTESIAN_POINT ( 'NONE',  ( 26.38534759592955226, 17.22227066085666181, 0.1478979288243024992 ) ) ;
#3790 = AXIS2_PLACEMENT_3D ( 'NONE', #3764, #3310, #908 ) ;
#3791 = CIRCLE ( 'NONE', #3711, 1.000000000000000888 ) ;
#3792 = DIRECTION ( 'NONE',  ( 1.000000000000000000, 0.000000000000000000, 0.000000000000000000 ) ) ;
#3793 = AXIS2_PLACEMENT_3D ( 'NONE', #643, #3476, #3993 ) ;
#3794 = ORIENTED_EDGE ( 'NONE', *, *, #1379, .F. ) ;
#3795 = AXIS2_PLACEMENT_3D ( 'NONE', #5656, #1773, #3173 ) ;
#3796 = CIRCLE ( 'NONE', #896, 2.299999999999999822 ) ;
#3797 = DIRECTION ( 'NONE',  ( 0.000000000000000000, 1.000000000000000000, 0.000000000000000000 ) ) ;
#3798 = CARTESIAN_POINT ( 'NONE',  ( -26.50000000000001066, 14.32952654472896548, -0.6047207377644659987 ) ) ;
#3799 = CARTESIAN_POINT ( 'NONE',  ( -21.20000000000000995, -16.30555889954044346, 18.07259929031961221 ) ) ;
#3800 = CARTESIAN_POINT ( 'NONE',  ( -24.00000000000001066, -18.00000000000000355, 20.00000000000000000 ) ) ;
#3801 = ORIENTED_EDGE ( 'NONE', *, *, #1183, .F. ) ;
#3802 = ORIENTED_EDGE ( 'NONE', *, *, #3132, .T. ) ;
#3803 = PLANE ( 'NONE',  #5962 ) ;
#3804 = ADVANCED_FACE ( 'NONE', ( #1815 ), #4371, .F. ) ;
#3805 = DIRECTION ( 'NONE',  ( 0.000000000000000000, 0.000000000000000000, -1.000000000000000000 ) ) ;
#3806 = CARTESIAN_POINT ( 'NONE',  ( -26.97534279530618662, -16.68692078597176476, 0.1004440035382371532 ) ) ;
#3807 = CARTESIAN_POINT ( 'NONE',  ( -26.50000000000000711, 13.99999999999999289, 6.399999999999999467 ) ) ;
#3808 = CARTESIAN_POINT ( 'NONE',  ( -26.00373773041743064, 17.47189325123986947, 1.141083811868615072 ) ) ;
#3809 = EDGE_LOOP ( 'NONE', ( #4171, #1786, #5911, #5687 ) ) ;
#3810 = CARTESIAN_POINT ( 'NONE',  ( 27.14619196044912641, 16.48502119633071672, 0.08649825616832823583 ) ) ;
#3811 = EDGE_CURVE ( 'NONE', #5563, #5102, #2921, .T. ) ;
#3812 = B_SPLINE_CURVE_WITH_KNOTS ( 'NONE', 3,
 ( #4013, #3030, #4966, #589, #5405, #4496, #4926, #642, #2081, #5448, #4452, #1573, #2540, #5896, #189, #1076, #2987, #4430, #2035, #3515, #4988, #2496 ),
 .UNSPECIFIED., .F., .F.,
 ( 4, 2, 2, 2, 2, 2, 2, 2, 2, 2, 4 ),
 ( 0.000000000000000000, 0.001310334010543028494, 0.001965501015814544693, 0.002620668021086060891, 0.003931002031629103263, 0.005241336042172145201, 0.006551670052715187140, 0.007206837057986703772, 0.007862004063258220404, 0.009172338073801243261, 0.01048267208434426959 ),
 .UNSPECIFIED. ) ;
#3813 = ORIENTED_EDGE ( 'NONE', *, *, #1220, .F. ) ;
#3814 = DIRECTION ( 'NONE',  ( -1.239088197126290817E-16, 1.000000000000000000, -0.000000000000000000 ) ) ;
#3815 = LINE ( 'NONE', #3260, #4 ) ;
#3816 = CARTESIAN_POINT ( 'NONE',  ( -26.14981677774642321, -21.46000634279549146, 0.1662986417689419627 ) ) ;
#3817 = CARTESIAN_POINT ( 'NONE',  ( -27.57346234436333532, 15.20942657771416506, 16.07955970130572609 ) ) ;
#3818 = CARTESIAN_POINT ( 'NONE',  ( -25.68490374666393450, -18.68194209425418606, 0.2025872391423131358 ) ) ;
#3820 = CARTESIAN_POINT ( 'NONE',  ( 24.44933043719282395, -18.00944360849403125, 0.2967509833141750430 ) ) ;
#3819 = CARTESIAN_POINT ( 'NONE',  ( 26.91952486012472079, 16.22681461262959957, 16.53731594027274809 ) ) ;
#3821 = VERTEX_POINT ( 'NONE', #5647 ) ;
#3822 = EDGE_CURVE ( 'NONE', #1814, #3085, #5741, .T. ) ;
#3823 = CIRCLE ( 'NONE', #5427, 331.1999999999999318 ) ;
#3824 = CARTESIAN_POINT ( 'NONE',  ( -26.56118597662155167, 15.50712376401614634, -1.070652730315187151 ) ) ;
#3825 = CARTESIAN_POINT ( 'NONE',  ( 27.49575613633160032, -21.63385911822615526, 0.05680031963240426279 ) ) ;
#3826 = CARTESIAN_POINT ( 'NONE',  ( 26.49999999677018536, 14.16780116872504713, -1.065413436154242888 ) ) ;
#3827 = CARTESIAN_POINT ( 'NONE',  ( -24.00000000000001066, 17.99999999999999645, 1.331918172698745462 ) ) ;
#3828 = VERTEX_POINT ( 'NONE', #3203 ) ;
#3829 = ORIENTED_EDGE ( 'NONE', *, *, #3732, .F. ) ;
#3830 = DIRECTION ( 'NONE',  ( 0.000000000000000000, 1.000000000000000000, 0.000000000000000000 ) ) ;
#3831 = CARTESIAN_POINT ( 'NONE',  ( 26.49999999999999289, 13.99999999999999822, 6.399999999999999467 ) ) ;
#3832 = VECTOR ( 'NONE', #3797, 1000.000000000000000 ) ;
#3833 = CARTESIAN_POINT ( 'NONE',  ( -27.17982544904072029, 16.44071494103547693, 1.020067111751733924 ) ) ;
#3834 = AXIS2_PLACEMENT_3D ( 'NONE', #4240, #2789, #2750 ) ;
#3835 = EDGE_LOOP ( 'NONE', ( #1503, #447, #716, #4055 ) ) ;
#3836 = DIRECTION ( 'NONE',  ( -1.239088197126290817E-16, 1.000000000000000000, 0.000000000000000000 ) ) ;
#3837 = VECTOR ( 'NONE', #5472, 1000.000000000000000 ) ;
#3838 = CARTESIAN_POINT ( 'NONE',  ( 30.26770750339432681, 19.09206224903183724, -0.1858735937375638470 ) ) ;
#3839 = CARTESIAN_POINT ( 'NONE',  ( -26.33633824995721540, -17.28729600439473302, 16.94554656739013510 ) ) ;
#3840 = ORIENTED_EDGE ( 'NONE', *, *, #5576, .F. ) ;
#3841 = CIRCLE ( 'NONE', #5224, 1.000000000000000888 ) ;
#3842 = CARTESIAN_POINT ( 'NONE',  ( -24.80442652285896443, 16.37269345605836435, -0.4442136437298216944 ) ) ;
#3843 = CARTESIAN_POINT ( 'NONE',  ( 30.01326057630699751, -19.40043015303391982, -0.1625751649975579194 ) ) ;
#3844 = CARTESIAN_POINT ( 'NONE',  ( 7.487254653930533799, -14.49999999999999467, 18.50000000000000000 ) ) ;
#3845 = ORIENTED_EDGE ( 'NONE', *, *, #2841, .T. ) ;
#3846 = VECTOR ( 'NONE', #4895, 1000.000000000000000 ) ;
#3847 = CARTESIAN_POINT ( 'NONE',  ( 29.34963268701262251, -20.65582586479587945, -1.307383042447078036 ) ) ;
#3848 = EDGE_CURVE ( 'NONE', #1698, #5330, #5514, .T. ) ;
#3849 = CARTESIAN_POINT ( 'NONE',  ( 26.81764474979125978, 21.82948908976590019, -0.3799080091560235739 ) ) ;
#3850 = CARTESIAN_POINT ( 'NONE',  ( 17.99999999999999645, -3.219999999999994422, 6.250000000000000000 ) ) ;
#3851 = CARTESIAN_POINT ( 'NONE',  ( -27.62792622958981426, -21.58647261777490911, -1.158440619653150927 ) ) ;
#3852 = ORIENTED_EDGE ( 'NONE', *, *, #2762, .F. ) ;
#3853 = VERTEX_POINT ( 'NONE', #1721 ) ;
#3854 = CIRCLE ( 'NONE', #3062, 0.5000000000000001110 ) ;
#3855 = B_SPLINE_CURVE_WITH_KNOTS ( 'NONE', 3,
 ( #77, #2606, #2519, #5921 ),
 .UNSPECIFIED., .F., .F.,
 ( 4, 4 ),
 ( 0.000000000000000000, 0.001627485163824987776 ),
 .UNSPECIFIED. ) ;
#3856 = CARTESIAN_POINT ( 'NONE',  ( 25.30000000000000071, 22.00000000000000000, -0.4697889418938355766 ) ) ;
#3857 = DIRECTION ( 'NONE',  ( 0.000000000000000000, -1.000000000000000000, 0.000000000000000000 ) ) ;
#3858 = CIRCLE ( 'NONE', #538, 0.5000000000000000000 ) ;
#3859 = CARTESIAN_POINT ( 'NONE',  ( 25.33825219231932380, 21.50000000000000000, 0.2293339118110285513 ) ) ;
#3860 = CARTESIAN_POINT ( 'NONE',  ( 27.99999999999999289, 16.50000000000000000, 6.399999999999999467 ) ) ;
#3861 = CARTESIAN_POINT ( 'NONE',  ( 30.34439833976354706, -19.73111000431670803, -0.6605181372198861700 ) ) ;
#3862 = CARTESIAN_POINT ( 'NONE',  ( 26.48325164997887882, 14.33288815340323907, -1.064066793198696237 ) ) ;
#3863 = CIRCLE ( 'NONE', #2222, 2.600000000000001421 ) ;
#3864 = EDGE_CURVE ( 'NONE', #3821, #2740, #2776, .T. ) ;
#3865 = CARTESIAN_POINT ( 'NONE',  ( 20.86955553836180854, 15.49999999999999822, 16.50000000000000000 ) ) ;
#3866 = AXIS2_PLACEMENT_3D ( 'NONE', #4335, #3371, #5356 ) ;
#3867 = CARTESIAN_POINT ( 'NONE',  ( 29.69688478338411386, -20.37444572871686077, -1.338602926679890004 ) ) ;
#3868 = CARTESIAN_POINT ( 'NONE',  ( -26.81738079002218456, 21.82954910450413166, -0.5805438713207046186 ) ) ;
#3869 = CARTESIAN_POINT ( 'NONE',  ( 29.37862457971007757, 20.63347427140816137, -0.5803706150768747074 ) ) ;
#3870 = VECTOR ( 'NONE', #1753, 1000.000000000000000 ) ;
#3871 = CARTESIAN_POINT ( 'NONE',  ( -27.42218898162407470, -21.65892665039313059, -1.141223439498071368 ) ) ;
#3872 = AXIS2_PLACEMENT_3D ( 'NONE', #2512, #2075, #566 ) ;
#3873 = ADVANCED_FACE ( 'NONE', ( #1075 ), #187, .F. ) ;
#3874 = EDGE_LOOP ( 'NONE', ( #4375, #5401, #4675, #2166 ) ) ;
#3875 =( BOUNDED_CURVE ( )  B_SPLINE_CURVE ( 3, ( #2773, #6157, #436, #4386 ),
 .UNSPECIFIED., .F., .F. ) 
 B_SPLINE_CURVE_WITH_KNOTS ( ( 4, 4 ),
 ( 0.000000000000000000, 3.141592653589793116 ),
 .UNSPECIFIED. ) 
 CURVE ( )  GEOMETRIC_REPRESENTATION_ITEM ( )  RATIONAL_B_SPLINE_CURVE ( ( 1.000000000000000000, 0.3333333333333333703, 0.3333333333333333703, 1.000000000000000000 ) ) 
 REPRESENTATION_ITEM ( '' )  );
#3876 = ORIENTED_EDGE ( 'NONE', *, *, #733, .T. ) ;
#3877 = CARTESIAN_POINT ( 'NONE',  ( -26.33633824995692052, 17.28729600439327641, 16.94554656739085274 ) ) ;
#3878 = DIRECTION ( 'NONE',  ( 0.000000000000000000, 0.000000000000000000, -1.000000000000000000 ) ) ;
#3879 = CARTESIAN_POINT ( 'NONE',  ( -28.91270319084889806, -14.00000000000000178, -0.06440690007722156551 ) ) ;
#3880 = ORIENTED_EDGE ( 'NONE', *, *, #4158, .F. ) ;
#3881 = CARTESIAN_POINT ( 'NONE',  ( 31.57279193899533709, -17.66438602714582373, -0.7660475773130774879 ) ) ;
#3882 = CARTESIAN_POINT ( 'NONE',  ( 25.30000000000000782, -22.00000000000000355, -0.2692007106403680461 ) ) ;
#3883 = CARTESIAN_POINT ( 'NONE',  ( -25.74192042601081809, -22.00000000000000711, -0.5011858041033586675 ) ) ;
#3884 = EDGE_LOOP ( 'NONE', ( #4796, #5449, #5258, #6211, #2002 ) ) ;
#3885 = ORIENTED_EDGE ( 'NONE', *, *, #2841, .F. ) ;
#3886 = DIRECTION ( 'NONE',  ( -1.000000000000000000, 0.000000000000000000, -0.000000000000000000 ) ) ;
#3887 = CARTESIAN_POINT ( 'NONE',  ( 27.62099498901277528, -21.58908494308134252, -1.157857794374592686 ) ) ;
#3888 = CARTESIAN_POINT ( 'NONE',  ( -25.70387837873020231, 22.00253055550841097, -1.002268566224545632 ) ) ;
#3889 = CARTESIAN_POINT ( 'NONE',  ( 25.29070080498230055, -16.69672072640924654, -0.9704975318026347608 ) ) ;
#3890 = CARTESIAN_POINT ( 'NONE',  ( 0.000000000000000000, -22.00000000000000000, -330.0000000000000000 ) ) ;
#3891 = CARTESIAN_POINT ( 'NONE',  ( -26.17876704443829539, -21.95671525140824087, -0.5329875107984334281 ) ) ;
#3892 = ORIENTED_EDGE ( 'NONE', *, *, #2470, .T. ) ;
#3893 = CALENDAR_DATE ( 2025, 19, 6 ) ;
#3894 = ORIENTED_EDGE ( 'NONE', *, *, #1820, .T. ) ;
#3895 = EDGE_CURVE ( 'NONE', #2768, #3315, #1887, .T. ) ;
#3896 = CARTESIAN_POINT ( 'NONE',  ( -20.08469709767365785, 16.99999999999999289, 9.115139758254795055 ) ) ;
#3897 = CARTESIAN_POINT ( 'NONE',  ( 27.99999999999999289, -16.49999999999999289, 6.399999999999999467 ) ) ;
#3898 = CARTESIAN_POINT ( 'NONE',  ( -26.00762486593946576, 17.48059045497792852, 16.30632472616677831 ) ) ;
#3899 = ORIENTED_EDGE ( 'NONE', *, *, #5611, .T. ) ;
#3900 = CARTESIAN_POINT ( 'NONE',  ( -28.88041534887967288, -14.65677677012044100, -0.06157273707857675860 ) ) ;
#3901 = CIRCLE ( 'NONE', #4092, 330.0000000000000000 ) ;
#3902 = CARTESIAN_POINT ( 'NONE',  ( 0.000000000000000000, 0.000000000000000000, 18.50000000000000000 ) ) ;
#3903 = EDGE_CURVE ( 'NONE', #1706, #1260, #4754, .T. ) ;
#3904 = CARTESIAN_POINT ( 'NONE',  ( 21.20000000000000639, 13.50000000000000178, 6.399999999999999467 ) ) ;
#3905 = CARTESIAN_POINT ( 'NONE',  ( 28.68139133196683588, -21.08835218938237688, -0.04407606694730308028 ) ) ;
#3906 = AXIS2_PLACEMENT_3D ( 'NONE', #2978, #2464, #2006 ) ;
#3907 = CARTESIAN_POINT ( 'NONE',  ( -32.00000000000000711, -15.74307293109127315, -1.004559302108243291 ) ) ;
#3908 = ADVANCED_FACE ( 'NONE', ( #5588 ), #544, .T. ) ;
#3909 = ORIENTED_EDGE ( 'NONE', *, *, #2430, .T. ) ;
#3910 = FACE_OUTER_BOUND ( 'NONE', #5517, .T. ) ;
#3911 = AXIS2_PLACEMENT_3D ( 'NONE', #2561, #3048, #2139 ) ;
#3912 = CARTESIAN_POINT ( 'NONE',  ( -22.01648022708848629, 11.74239677874085253, 18.13846384103808163 ) ) ;
#3913 = CARTESIAN_POINT ( 'NONE',  ( 26.99071999654648479, -21.78699530266803563, -1.105545070085270698 ) ) ;
#3914 = CARTESIAN_POINT ( 'NONE',  ( -27.41160374334788941, 21.66247142857163865, -1.140340907083955857 ) ) ;
#3915 = CARTESIAN_POINT ( 'NONE',  ( -23.50000000000000355, -13.50000000000000355, 6.399999999999999467 ) ) ;
#3916 = ORIENTED_EDGE ( 'NONE', *, *, #193, .F. ) ;
#3917 = DIRECTION ( 'NONE',  ( 0.000000000000000000, -0.000000000000000000, 1.000000000000000000 ) ) ;
#3918 = FACE_OUTER_BOUND ( 'NONE', #966, .T. ) ;
#3919 = AXIS2_PLACEMENT_3D ( 'NONE', #3946, #2940, #2498 ) ;
#3920 = DIRECTION ( 'NONE',  ( 1.000000000000000000, 0.000000000000000000, 0.000000000000000000 ) ) ;
#3921 = AXIS2_PLACEMENT_3D ( 'NONE', #3690, #5171, #325 ) ;
#3922 = APPLICATION_CONTEXT ( 'configuration controlled 3d designs of mechanical parts and assemblies' ) ;
#3923 = CARTESIAN_POINT ( 'NONE',  ( 30.71466229878249976, 18.40848235868870120, -0.2272618376655367867 ) ) ;
#3924 = ORIENTED_EDGE ( 'NONE', *, *, #4086, .T. ) ;
#3925 = VECTOR ( 'NONE', #4760, 1000.000000000000000 ) ;
#3926 = DIRECTION ( 'NONE',  ( -0.5734623443633302120, 0.000000000000000000, -0.8192319205190392584 ) ) ;
#3927 = DIRECTION ( 'NONE',  ( 0.000000000000000000, 1.000000000000000000, 0.000000000000000000 ) ) ;
#3928 = VERTEX_POINT ( 'NONE', #336 ) ;
#3929 = ORIENTED_EDGE ( 'NONE', *, *, #5246, .F. ) ;
#3930 = DIRECTION ( 'NONE',  ( 0.5734623443633297679, -0.000000000000000000, 0.8192319205190395914 ) ) ;
#3931 = CARTESIAN_POINT ( 'NONE',  ( -31.45234493192133129, -15.30000000000000071, -1.502283115569502003 ) ) ;
#3932 = TOROIDAL_SURFACE ( 'NONE', #4697, 3.600000000000000977, 1.000000000000000000 ) ;
#3933 = CARTESIAN_POINT ( 'NONE',  ( 24.65736823335945971, 16.43383936840360704, -0.4307448273015132556 ) ) ;
#3934 = DIRECTION ( 'NONE',  ( -0.000000000000000000, -1.000000000000000000, -0.000000000000000000 ) ) ;
#3935 = EDGE_LOOP ( 'NONE', ( #3124, #2883, #1851, #1564 ) ) ;
#3936 = CARTESIAN_POINT ( 'NONE',  ( 26.85952561202566713, -21.29337397886379435, -1.094840705017180449 ) ) ;
#3937 = EDGE_CURVE ( 'NONE', #2765, #590, #6043, .T. ) ;
#3938 = VECTOR ( 'NONE', #5902, 1000.000000000000000 ) ;
#3939 = CARTESIAN_POINT ( 'NONE',  ( -31.54762624735409915, 15.29999999999999716, -0.3059186485792946830 ) ) ;
#3940 = CARTESIAN_POINT ( 'NONE',  ( -20.86955553836182631, 15.49999999999999467, 17.49999999999999645 ) ) ;
#3941 = CARTESIAN_POINT ( 'NONE',  ( -32.00000000000000000, 15.29999999999999716, -0.8036452206677923149 ) ) ;
#3942 = ADVANCED_FACE ( 'NONE', ( #3297 ), #410, .T. ) ;
#3943 = FACE_OUTER_BOUND ( 'NONE', #6123, .T. ) ;
#3944 = CARTESIAN_POINT ( 'NONE',  ( 27.46777859991845716, 16.01087477772412271, 0.9894518492763301198 ) ) ;
#3945 = CARTESIAN_POINT ( 'NONE',  ( 30.99868138395726547, 18.83035618909713804, -0.2535973504628706854 ) ) ;
#3947 = CARTESIAN_POINT ( 'NONE',  ( -21.20000000000000639, 16.49999999999999289, 6.399999999999999467 ) ) ;
#3946 = CARTESIAN_POINT ( 'NONE',  ( 12.06000000000000405, -13.99999999999999822, 19.00000000000000000 ) ) ;
#3948 = EDGE_CURVE ( 'NONE', #234, #1365, #3875, .T. ) ;
#3949 = DIRECTION ( 'NONE',  ( 0.000000000000000000, -1.000000000000000000, -0.000000000000000000 ) ) ;
#3950 = EDGE_CURVE ( 'NONE', #509, #1381, #5210, .T. ) ;
#3951 = CARTESIAN_POINT ( 'NONE',  ( -27.00000000000000711, -18.00000000000000355, 15.26032778078668528 ) ) ;
#3952 = CIRCLE ( 'NONE', #1022, 1.400000000000000133 ) ;
#3953 = CARTESIAN_POINT ( 'NONE',  ( 26.95915279396373521, -14.39543185363785938, -1.103049450695404055 ) ) ;
#3954 = CARTESIAN_POINT ( 'NONE',  ( 28.44334539396994899, 20.68433923988523304, -0.02343924228405309951 ) ) ;
#3955 = CARTESIAN_POINT ( 'NONE',  ( -24.57990767955909206, -17.96788894373201728, 16.99762205470947407 ) ) ;
#3956 = CARTESIAN_POINT ( 'NONE',  ( 25.50229907541583430, 16.00530918493649679, -0.9867239910910051703 ) ) ;
#3957 = ORIENTED_EDGE ( 'NONE', *, *, #1614, .T. ) ;
#3958 = ORIENTED_EDGE ( 'NONE', *, *, #1933, .F. ) ;
#3959 = EDGE_CURVE ( 'NONE', #5035, #1037, #4082, .T. ) ;
#3960 = AXIS2_PLACEMENT_3D ( 'NONE', #1142, #5400, #2535 ) ;
#3961 = CARTESIAN_POINT ( 'NONE',  ( 30.62189381718153314, -18.40848742039269581, -1.423815716606439574 ) ) ;
#3962 = DIRECTION ( 'NONE',  ( 0.000000000000000000, -0.000000000000000000, 1.000000000000000000 ) ) ;
#3963 = CARTESIAN_POINT ( 'NONE',  ( -31.38872337962223114, 16.70823546060411502, -0.2907498713923447053 ) ) ;
#3964 = VERTEX_POINT ( 'NONE', #1824 ) ;
#3965 = AXIS2_PLACEMENT_3D ( 'NONE', #4701, #3703, #5696 ) ;
#3966 = ORIENTED_EDGE ( 'NONE', *, *, #2884, .F. ) ;
#3967 = CARTESIAN_POINT ( 'NONE',  ( 25.30000000000000071, 22.00000000000000000, -0.2692007106403775385 ) ) ;
#3968 = CARTESIAN_POINT ( 'NONE',  ( 31.95696265563969263, 16.17620418102563207, -0.3450227270338168117 ) ) ;
#3969 = VERTEX_POINT ( 'NONE', #5219 ) ;
#3970 = CARTESIAN_POINT ( 'NONE',  ( 25.24585819694362598, -16.72907261777848476, 16.48822704292614816 ) ) ;
#3971 = CARTESIAN_POINT ( 'NONE',  ( 23.23691940586467197, -30.00000000000000000, 19.11513975825479505 ) ) ;
#3972 = CC_DESIGN_APPROVAL ( #3650, ( #768 ) ) ;
#3973 = CARTESIAN_POINT ( 'NONE',  ( 12.06000000000000405, -13.99999999999999822, 17.49999999999999645 ) ) ;
#3974 = CARTESIAN_POINT ( 'NONE',  ( -27.57346234436333887, -13.99999999999999112, 16.07955970130572609 ) ) ;
#3975 = ORIENTED_EDGE ( 'NONE', *, *, #2605, .T. ) ;
#3976 = TOROIDAL_SURFACE ( 'NONE', #5923, 330.5000000000000000, 0.5000000000000000000 ) ;
#3977 = CARTESIAN_POINT ( 'NONE',  ( 21.49651584119030545, 12.35781250618562233, 18.40069592062127768 ) ) ;
#3978 = EDGE_CURVE ( 'NONE', #1828, #5370, #4294, .T. ) ;
#3979 = CARTESIAN_POINT ( 'NONE',  ( -29.72346382849017843, -20.35111660308011139, -0.6087383690802107283 ) ) ;
#3980 = ADVANCED_FACE ( 'NONE', ( #3918 ), #627, .T. ) ;
#3981 = VERTEX_POINT ( 'NONE', #2792 ) ;
#3982 = CARTESIAN_POINT ( 'NONE',  ( -23.23691940586467553, -30.00000000000000000, 19.11513975825479505 ) ) ;
#3983 = LINE ( 'NONE', #1292, #172 ) ;
#3984 = CARTESIAN_POINT ( 'NONE',  ( 27.94524172235942316, -14.76165063995388138, 15.28907587654789779 ) ) ;
#3985 = CARTESIAN_POINT ( 'NONE',  ( -31.78280937810806961, 17.04893419075198224, -0.9853680936362338993 ) ) ;
#3986 = CARTESIAN_POINT ( 'NONE',  ( 26.87954077916856122, -14.79037931093782809, -1.096499187783575469 ) ) ;
#3987 = CARTESIAN_POINT ( 'NONE',  ( -27.97397177454309869, 14.52505804669042710, 0.9346311254869772434 ) ) ;
#3988 = EDGE_CURVE ( 'NONE', #4954, #199, #2042, .T. ) ;
#3989 = CARTESIAN_POINT ( 'NONE',  ( 24.68511502596652818, -16.99999999234005443, 17.99845527655288180 ) ) ;
#3990 = EDGE_LOOP ( 'NONE', ( #4887, #304, #3637, #2175, #1191, #2985, #753, #5240 ) ) ;
#3991 = CARTESIAN_POINT ( 'NONE',  ( 27.97396592357577916, 14.52667159455337931, 0.9346319907073311617 ) ) ;
#3992 = LINE ( 'NONE', #3860, #6107 ) ;
#3993 = DIRECTION ( 'NONE',  ( -0.000000000000000000, 0.000000000000000000, 1.000000000000000000 ) ) ;
#3994 = CARTESIAN_POINT ( 'NONE',  ( -28.65061583662008360, 15.60830878234262897, -0.04154126950014279396 ) ) ;
#3995 = CARTESIAN_POINT ( 'NONE',  ( 28.59484281563155150, -15.76448935938241291, -0.03670065465452474612 ) ) ;
#3996 = CARTESIAN_POINT ( 'NONE',  ( 21.20000000000000639, 13.50000000000000178, 6.399999999999999467 ) ) ;
#3997 = EDGE_LOOP ( 'NONE', ( #348, #5319, #1528, #6090 ) ) ;
#3998 = VECTOR ( 'NONE', #5100, 1000.000000000000000 ) ;
#3999 = EDGE_CURVE ( 'NONE', #5279, #3270, #1516, .T. ) ;
#4000 = AXIS2_PLACEMENT_3D ( 'NONE', #4459, #647, #3566 ) ;
#4001 = CARTESIAN_POINT ( 'NONE',  ( -31.78291852353936520, -17.04850222434290075, -0.7844753364256027428 ) ) ;
#4002 = CARTESIAN_POINT ( 'NONE',  ( 27.62966934277711673, 15.68647841506581209, 0.04659098750000286587 ) ) ;
#4003 = AXIS2_PLACEMENT_3D ( 'NONE', #5668, #4635, #2245 ) ;
#4004 = DIRECTION ( 'NONE',  ( 0.000000000000000000, -0.000000000000000000, 1.000000000000000000 ) ) ;
#4005 = LINE ( 'NONE', #4932, #2709 ) ;
#4006 = CARTESIAN_POINT ( 'NONE',  ( 27.95484093067383569, -14.69391611914476137, 15.81259469088751679 ) ) ;
#4007 = CARTESIAN_POINT ( 'NONE',  ( -30.17628811221257124, 19.09206710020375297, -1.382527219128458773 ) ) ;
#4008 = CARTESIAN_POINT ( 'NONE',  ( -31.65397640464521345, 17.46968618896690728, -0.9740216875319510637 ) ) ;
#4009 = DIRECTION ( 'NONE',  ( 0.000000000000000000, 0.000000000000000000, 1.000000000000000000 ) ) ;
#4010 = VERTEX_POINT ( 'NONE', #2449 ) ;
#4011 = CIRCLE ( 'NONE', #2378, 1.000000000000000888 ) ;
#4012 = ADVANCED_FACE ( 'NONE', ( #4151 ), #1438, .T. ) ;
#4013 = CARTESIAN_POINT ( 'NONE',  ( -32.00000000000000000, 15.29999999999999716, -0.8036452206677813237 ) ) ;
#4014 = AXIS2_PLACEMENT_3D ( 'NONE', #4190, #381, #5239 ) ;
#4015 = EDGE_LOOP ( 'NONE', ( #4876, #4962, #4057, #3924 ) ) ;
#4017 = CARTESIAN_POINT ( 'NONE',  ( 27.65868600430418311, -21.57492469372250810, -0.6445862813649290146 ) ) ;
#4016 = CARTESIAN_POINT ( 'NONE',  ( 25.29191471343406050, 16.69602794325252049, -0.9705915314798927440 ) ) ;
#4018 = ORIENTED_EDGE ( 'NONE', *, *, #3176, .F. ) ;
#4019 = CARTESIAN_POINT ( 'NONE',  ( -27.78969705568943738, 15.28664702597004066, 0.9547101155404134065 ) ) ;
#4020 = CIRCLE ( 'NONE', #5672, 331.1999999999999318 ) ;
#4021 = CARTESIAN_POINT ( 'NONE',  ( 27.99999999999999289, 14.00000000000000533, 15.26032778078668528 ) ) ;
#4022 = CARTESIAN_POINT ( 'NONE',  ( 28.84116527710854427, -20.99197600217506832, -0.5369827804196587451 ) ) ;
#4023 = VERTEX_POINT ( 'NONE', #4774 ) ;
#4024 = CARTESIAN_POINT ( 'NONE',  ( -14.09000000000000341, -17.40000000000000213, 8.650000000000002132 ) ) ;
#4025 = CARTESIAN_POINT ( 'NONE',  ( 21.21927750891054387, 13.15770779720566175, 18.46955758574734929 ) ) ;
#4026 = CARTESIAN_POINT ( 'NONE',  ( -28.26653709791770908, -21.32345219654165547, -0.4911215738551302779 ) ) ;
#4027 = VECTOR ( 'NONE', #1179, 1000.000000000000000 ) ;
#4028 = CARTESIAN_POINT ( 'NONE',  ( 27.04316367043190539, 21.78425359320180377, -0.5973630481592969721 ) ) ;
#4029 = CARTESIAN_POINT ( 'NONE',  ( 26.33127054721319737, -17.27264748817487572, 16.13641074349970594 ) ) ;
#4030 = EDGE_CURVE ( 'NONE', #2363, #2942, #258, .T. ) ;
#4031 = CARTESIAN_POINT ( 'NONE',  ( 32.00000000000000000, 22.00000000000000000, -1.004559302108243291 ) ) ;
#4032 = CARTESIAN_POINT ( 'NONE',  ( -29.72345963810251135, 20.35112026994498535, -0.8095331457775082340 ) ) ;
#4033 = CARTESIAN_POINT ( 'NONE',  ( -27.90155467389224242, 20.95065303881684926, 0.02269350248061271710 ) ) ;
#4034 = CYLINDRICAL_SURFACE ( 'NONE', #1895, 6.700000000000001066 ) ;
#4035 = CARTESIAN_POINT ( 'NONE',  ( -27.07819742074687142, 21.76354525764795511, 0.09130721689920262563 ) ) ;
#4036 = CYLINDRICAL_SURFACE ( 'NONE', #5213, 2.299999999999999822 ) ;
#4038 = CARTESIAN_POINT ( 'NONE',  ( 26.17649034625489080, -21.95670020252078558, -0.5328257152829330989 ) ) ;
#4037 = CARTESIAN_POINT ( 'NONE',  ( 25.25248603287401394, 16.16984851377993948, -0.4853950875953342847 ) ) ;
#4039 = EDGE_CURVE ( 'NONE', #154, #3506, #2195, .T. ) ;
#4040 = CARTESIAN_POINT ( 'NONE',  ( -27.78148489187976367, 15.31109524474564054, 0.03392501362920851554 ) ) ;
#4041 = AXIS2_PLACEMENT_3D ( 'NONE', #3002, #2109, #5997 ) ;
#4042 = DIRECTION ( 'NONE',  ( 0.000000000000000000, 0.000000000000000000, -1.000000000000000000 ) ) ;
#4043 = ORIENTED_EDGE ( 'NONE', *, *, #5271, .F. ) ;
#4044 = VERTEX_POINT ( 'NONE', #97 ) ;
#4045 = CARTESIAN_POINT ( 'NONE',  ( -27.00897177089220236, -16.64841281174943788, 1.038077276323854159 ) ) ;
#4046 = CARTESIAN_POINT ( 'NONE',  ( 0.000000000000000000, -22.00000000000000000, -330.0000000000000000 ) ) ;
#4047 = ADVANCED_FACE ( 'NONE', ( #3453 ), #5141, .T. ) ;
#4048 = ORIENTED_EDGE ( 'NONE', *, *, #2327, .F. ) ;
#4049 = CARTESIAN_POINT ( 'NONE',  ( 20.08469709767365075, 18.00000000000000355, 9.115139758254795055 ) ) ;
#4050 = CARTESIAN_POINT ( 'NONE',  ( 26.33633824995623840, -17.28729600439139702, 16.94554656739161658 ) ) ;
#4051 = CARTESIAN_POINT ( 'NONE',  ( -30.34134713913935855, 19.73459352799303446, -0.8610875335385514973 ) ) ;
#4052 = CARTESIAN_POINT ( 'NONE',  ( -26.15205917816216541, 21.46000652319129287, 0.1661262762513803504 ) ) ;
#4053 = CARTESIAN_POINT ( 'NONE',  ( -30.64268001669031349, 19.36656584965404448, -0.2202843361923518262 ) ) ;
#4054 = ORIENTED_EDGE ( 'NONE', *, *, #3542, .T. ) ;
#4055 = ORIENTED_EDGE ( 'NONE', *, *, #1729, .F. ) ;
#4056 = DIRECTION ( 'NONE',  ( -1.000000000000000000, -1.239088197126290817E-16, 0.000000000000000000 ) ) ;
#4057 = ORIENTED_EDGE ( 'NONE', *, *, #3811, .F. ) ;
#4058 = CARTESIAN_POINT ( 'NONE',  ( -25.30000000000000071, -22.00000000000000000, -0.2692007106404048500 ) ) ;
#4059 = CARTESIAN_POINT ( 'NONE',  ( -24.58255235177905718, 18.99999999704255771, 0.2871010649721756902 ) ) ;
#4060 = CIRCLE ( 'NONE', #3156, 1.400000000000000133 ) ;
#4061 = ORIENTED_EDGE ( 'NONE', *, *, #2518, .T. ) ;
#4062 = CARTESIAN_POINT ( 'NONE',  ( 24.68511502596589935, 16.99999999234136183, 17.99845527655319088 ) ) ;
#4063 = CARTESIAN_POINT ( 'NONE',  ( -26.80602228017233557, -14.96711170736623586, -1.090524830170337633 ) ) ;
#4064 = EDGE_CURVE ( 'NONE', #4233, #889, #4609, .T. ) ;
#4065 = CARTESIAN_POINT ( 'NONE',  ( 25.56193271650338517, -17.71938155856980757, 17.48992465714889377 ) ) ;
#4066 = ORIENTED_EDGE ( 'NONE', *, *, #4223, .F. ) ;
#4067 = FACE_OUTER_BOUND ( 'NONE', #2428, .T. ) ;
#4068 = CARTESIAN_POINT ( 'NONE',  ( -20.86955553836182631, 15.49999999999999467, 16.50000000000000000 ) ) ;
#4069 = DIRECTION ( 'NONE',  ( -1.239088197126290817E-16, 1.000000000000000000, -0.000000000000000000 ) ) ;
#4070 = DIRECTION ( 'NONE',  ( -0.000000000000000000, -0.000000000000000000, 1.000000000000000000 ) ) ;
#4071 = CARTESIAN_POINT ( 'NONE',  ( -31.65381129285892925, 17.47018348830925660, -0.9740071812709367727 ) ) ;
#4072 = CARTESIAN_POINT ( 'NONE',  ( -24.43503365581404907, 16.99999999999999289, 18.11928168466328870 ) ) ;
#4073 = VERTEX_POINT ( 'NONE', #3495 ) ;
#4074 = CARTESIAN_POINT ( 'NONE',  ( -31.57259695080211159, 17.66490643088429380, -0.7660305235705239246 ) ) ;
#4075 = LINE ( 'NONE', #3727, #5352 ) ;
#4076 = EDGE_CURVE ( 'NONE', #4044, #1167, #1884, .T. ) ;
#4077 = CARTESIAN_POINT ( 'NONE',  ( 31.05743441282706740, 17.48842505927509094, -1.464702242466010329 ) ) ;
#4078 = ADVANCED_FACE ( 'NONE', ( #333 ), #1741, .T. ) ;
#4079 = CARTESIAN_POINT ( 'NONE',  ( -31.13293076508893265, 17.30685299021837054, -1.471820410599602225 ) ) ;
#4080 = ORIENTED_EDGE ( 'NONE', *, *, #850, .T. ) ;
#4081 = PLANE ( 'NONE',  #151 ) ;
#4082 = CIRCLE ( 'NONE', #1981, 1.749999999999998002 ) ;
#4083 = DIRECTION ( 'NONE',  ( 0.000000000000000000, 0.000000000000000000, 1.000000000000000000 ) ) ;
#4084 =( BOUNDED_SURFACE ( )  B_SPLINE_SURFACE ( 3, 2, ( 
 ( #2931, #1502, #3391 ),
 ( #4422, #3888, #4380 ),
 ( #2028, #1051, #5890 ),
 ( #3465, #90, #3868 ),
 ( #2490, #2887, #3412 ),
 ( #50, #3914, #4534 ),
 ( #4511, #5423, #4467 ),
 ( #1590, #3553, #5978 ),
 ( #3041, #2577, #4958 ),
 ( #2073, #5958, #5503 ),
 ( #2553, #694, #5485 ),
 ( #2049, #5442, #4051 ),
 ( #4007, #2532, #1178 ),
 ( #1609, #3066, #5934 ),
 ( #636, #3024, #3487 ),
 ( #1162, #1650, #4491 ),
 ( #5022, #182, #2510 ),
 ( #204, #3510, #4071 ),
 ( #219, #1628, #3985 ),
 ( #3531, #1140, #239 ),
 ( #2132, #5005, #2596 ),
 ( #655, #4982, #676 ) ),
 .UNSPECIFIED., .F., .F., .T. ) 
 B_SPLINE_SURFACE_WITH_KNOTS ( ( 4, 2, 2, 2, 2, 2, 2, 2, 2, 2, 4 ),
 ( 3, 3 ),
 ( 0.000000000000000000, 0.001212853958219047576, 0.001819280937328571473, 0.002425707916438095153, 0.003638561874657142946, 0.004851415832876190305, 0.006064269791095238532, 0.006670696770204762212, 0.007277123749314285892, 0.008489977707533333251, 0.009702831665752380610 ),
 ( 0.000000000000000000, 1.000000000000000000 ),
 .UNSPECIFIED. ) 
 GEOMETRIC_REPRESENTATION_ITEM ( )  RATIONAL_B_SPLINE_SURFACE ( (
 ( 1.000000000000000000, 0.7071067811865450192, 1.000000000000000000),
 ( 1.000000000000000000, 0.7053219032478714734, 1.000000000000000000),
 ( 1.000000000000000000, 0.7034735416115234230, 1.000000000000000000),
 ( 1.000000000000000000, 0.7006146992319015609, 1.000000000000000000),
 ( 1.000000000000000000, 0.6996473878187865481, 1.000000000000000000),
 ( 1.000000000000000000, 0.6976861070495405936, 1.000000000000000000),
 ( 1.000000000000000000, 0.6966887842664921671, 1.000000000000000000),
 ( 1.000000000000000000, 0.6937260023189560920, 1.000000000000000000),
 ( 1.000000000000000000, 0.6917699312153453572, 1.000000000000000000),
 ( 1.000000000000000000, 0.6879386411475119090, 1.000000000000000000),
 ( 1.000000000000000000, 0.6860529992673426447, 1.000000000000000000),
 ( 1.000000000000000000, 0.6825779268496056096, 1.000000000000000000),
 ( 1.000000000000000000, 0.6809680668628774747, 1.000000000000000000),
 ( 1.000000000000000000, 0.6787924433511839384, 1.000000000000000000),
 ( 1.000000000000000000, 0.6781075188873928461, 1.000000000000000000),
 ( 1.000000000000000000, 0.6768554915909219538, 1.000000000000000000),
 ( 1.000000000000000000, 0.6762840804414429474, 1.000000000000000000),
 ( 1.000000000000000000, 0.6747398095612779922, 1.000000000000000000),
 ( 1.000000000000000000, 0.6739330951713765616, 1.000000000000000000),
 ( 1.000000000000000000, 0.6728425889160462026, 1.000000000000000000),
 ( 1.000000000000000000, 0.6725665504204442202, 1.000000000000000000),
 ( 1.000000000000000000, 0.6725659312820800873, 1.000000000000000000) ) ) 
 REPRESENTATION_ITEM ( '' )  SURFACE ( )  );
#4085 = ORIENTED_EDGE ( 'NONE', *, *, #149, .T. ) ;
#4086 = EDGE_CURVE ( 'NONE', #5563, #4807, #3812, .T. ) ;
#4087 = CARTESIAN_POINT ( 'NONE',  ( -25.74774751815355600, -21.49999999819169005, 0.1979136387702827293 ) ) ;
#4088 = CARTESIAN_POINT ( 'NONE',  ( -27.79307823281077816, -15.29636136583966532, 0.9543635200726016121 ) ) ;
#4089 = VECTOR ( 'NONE', #520, 1000.000000000000000 ) ;
#4090 = AXIS2_PLACEMENT_3D ( 'NONE', #2343, #24, #1953 ) ;
#4091 = ORIENTED_EDGE ( 'NONE', *, *, #4679, .T. ) ;
#4092 = AXIS2_PLACEMENT_3D ( 'NONE', #1909, #5305, #3340 ) ;
#4093 = CARTESIAN_POINT ( 'NONE',  ( 31.32031406130484541, 18.27300840244628688, -0.9449080214601819350 ) ) ;
#4094 = ORIENTED_EDGE ( 'NONE', *, *, #537, .F. ) ;
#4095 = CARTESIAN_POINT ( 'NONE',  ( 30.82487971565867113, 18.05001268452308949, -1.442773395309020934 ) ) ;
#4096 = CARTESIAN_POINT ( 'NONE',  ( 22.70000000000000639, 11.90000000000000391, 17.66000000000000725 ) ) ;
#4097 = DIRECTION ( 'NONE',  ( -1.000000000000000000, 0.000000000000000000, 0.000000000000000000 ) ) ;
#4098 = CARTESIAN_POINT ( 'NONE',  ( -31.22101878489998228, 17.29473381370434026, -0.2748242476518580890 ) ) ;
#4099 = EDGE_LOOP ( 'NONE', ( #681, #4085, #555, #440, #5830 ) ) ;
#4100 = FACE_BOUND ( 'NONE', #1877, .T. ) ;
#4101 = DIRECTION ( 'NONE',  ( 0.000000000000000000, 0.000000000000000000, -1.000000000000000000 ) ) ;
#4102 = CARTESIAN_POINT ( 'NONE',  ( 26.65569379692252738, 15.33033680463340076, -1.078307685275041727 ) ) ;
#4103 = CARTESIAN_POINT ( 'NONE',  ( -24.32835823882908954, -16.49999999999999645, -0.4012478960150108742 ) ) ;
#4104 = CARTESIAN_POINT ( 'NONE',  ( 25.66114426259150250, 17.63876349037132840, 16.48822704292614816 ) ) ;
#4105 = LINE ( 'NONE', #1163, #2069 ) ;
#4106 = CARTESIAN_POINT ( 'NONE',  ( -28.26604735303798677, -21.32368811975612388, -0.4910830599012049880 ) ) ;
#4107 = CARTESIAN_POINT ( 'NONE',  ( -25.14056658834607560, 17.84438452620237214, 16.75045475190727373 ) ) ;
#4108 = ADVANCED_FACE ( 'NONE', ( #2546 ), #1367, .T. ) ;
#4109 = FACE_OUTER_BOUND ( 'NONE', #3289, .T. ) ;
#4110 = CARTESIAN_POINT ( 'NONE',  ( 28.91270319084888030, 14.00000000000000533, -0.06440690007722127408 ) ) ;
#4111 = CARTESIAN_POINT ( 'NONE',  ( 31.45234493192133129, 15.29999999999999716, -1.502283115569518213 ) ) ;
#4112 = AXIS2_PLACEMENT_3D ( 'NONE', #3970, #124, #3397 ) ;
#4113 = CARTESIAN_POINT ( 'NONE',  ( 27.47123680761123765, -16.00470879236008770, 0.9890808832065001166 ) ) ;
#4114 = CARTESIAN_POINT ( 'NONE',  ( 30.01171844291980051, -19.40218161373623573, -0.1624347551072145013 ) ) ;
#4115 = CARTESIAN_POINT ( 'NONE',  ( -31.12717780939018297, -17.29338099313729771, -1.471306717734804481 ) ) ;
#4116 = CARTESIAN_POINT ( 'NONE',  ( -27.66519720850812902, 21.57242180575126511, -0.4443949387423298814 ) ) ;
#4117 = EDGE_LOOP ( 'NONE', ( #3432, #225, #4407, #4830 ) ) ;
#4118 = ORIENTED_EDGE ( 'NONE', *, *, #850, .F. ) ;
#4119 = CARTESIAN_POINT ( 'NONE',  ( 29.36115653711225804, 20.64734417617313866, -1.308408905091334340 ) ) ;
#4120 = CARTESIAN_POINT ( 'NONE',  ( 17.99999999999999645, 4.620000000000009877, 7.650000000000000355 ) ) ;
#4121 = ORIENTED_EDGE ( 'NONE', *, *, #2390, .F. ) ;
#4122 = CARTESIAN_POINT ( 'NONE',  ( -21.20000000000000639, 15.49999999999999467, 18.47251272689750934 ) ) ;
#4123 = EDGE_LOOP ( 'NONE', ( #2612, #5718, #374, #5794, #125 ) ) ;
#4124 = EDGE_CURVE ( 'NONE', #1484, #4502, #5066, .T. ) ;
#4125 = CARTESIAN_POINT ( 'NONE',  ( -29.92132584476678758, 19.40190855572142681, -1.359167944853914900 ) ) ;
#4126 = CARTESIAN_POINT ( 'NONE',  ( 25.14056658834568125, 17.84438452620245030, 16.75045475190764677 ) ) ;
#4127 = VERTEX_POINT ( 'NONE', #3967 ) ;
#4128 = ORIENTED_EDGE ( 'NONE', *, *, #4279, .T. ) ;
#4129 = CARTESIAN_POINT ( 'NONE',  ( -31.40228727556291233, -18.07484115866518337, -0.7511793416651377786 ) ) ;
#4130 = AXIS2_PLACEMENT_3D ( 'NONE', #719, #1200, #3571 ) ;
#4131 = CARTESIAN_POINT ( 'NONE',  ( -25.76996185166790809, -17.59662355575131798, 1.164368957764158719 ) ) ;
#4132 = ORIENTED_EDGE ( 'NONE', *, *, #3104, .T. ) ;
#4133 = AXIS2_PLACEMENT_3D ( 'NONE', #4756, #916, #5734 ) ;
#4134 = PERSON_AND_ORGANIZATION ( #2644, #6096 ) ;
#4135 = CARTESIAN_POINT ( 'NONE',  ( 26.59850358049678576, -17.05307465283037516, 0.1308595631392688308 ) ) ;
#4136 = DIRECTION ( 'NONE',  ( 1.000000000000000000, 0.000000000000000000, 0.000000000000000000 ) ) ;
#4137 = DIRECTION ( 'NONE',  ( -1.000000000000000000, 0.000000000000000000, 0.000000000000000000 ) ) ;
#4138 = ORIENTED_EDGE ( 'NONE', *, *, #4148, .T. ) ;
#4139 = CIRCLE ( 'NONE', #6140, 3.600000000000002309 ) ;
#4140 = CARTESIAN_POINT ( 'NONE',  ( 31.95583319720297055, 16.18548880350054020, -1.550414057690432612 ) ) ;
#4141 = ADVANCED_FACE ( 'NONE', ( #779 ), #5894, .T. ) ;
#4142 = CARTESIAN_POINT ( 'NONE',  ( -21.20000000000000639, 16.49999999999999289, 17.44382543818899833 ) ) ;
#4143 = CARTESIAN_POINT ( 'NONE',  ( -25.50229907541551100, -16.00530918493682364, -0.9867239910910085010 ) ) ;
#4144 = CARTESIAN_POINT ( 'NONE',  ( -32.00000000000000000, 15.29999999999999716, -1.555179672444839678 ) ) ;
#4145 = ORIENTED_EDGE ( 'NONE', *, *, #650, .T. ) ;
#4146 = CIRCLE ( 'NONE', #2983, 1.400000000000000133 ) ;
#4147 = DIRECTION ( 'NONE',  ( -1.239088197126290817E-16, 1.000000000000000000, 0.000000000000000000 ) ) ;
#4148 = EDGE_CURVE ( 'NONE', #4366, #5351, #1965, .T. ) ;
#4149 = ORIENTED_EDGE ( 'NONE', *, *, #4438, .T. ) ;
#4150 = DIRECTION ( 'NONE',  ( -1.000000000000000000, 0.000000000000000000, 0.000000000000000000 ) ) ;
#4151 = FACE_OUTER_BOUND ( 'NONE', #6119, .T. ) ;
#4152 = CARTESIAN_POINT ( 'NONE',  ( -22.70000000000000639, 13.50000000000000355, 6.399999999999999467 ) ) ;
#4153 = CARTESIAN_POINT ( 'NONE',  ( 24.30000000000000071, 13.50000000000000355, 16.54000000000000625 ) ) ;
#4154 = CARTESIAN_POINT ( 'NONE',  ( -24.12803422401485065, 16.50238863942195522, -0.8832044452430845016 ) ) ;
#4155 = CARTESIAN_POINT ( 'NONE',  ( -25.64996359411492932, 15.88525577025360569, -0.5226697145841888714 ) ) ;
#4156 = CARTESIAN_POINT ( 'NONE',  ( -21.20000000000000639, -16.50000000000000000, 20.00000000000000000 ) ) ;
#4157 = CYLINDRICAL_SURFACE ( 'NONE', #4325, 2.499999999999998668 ) ;
#4158 = EDGE_CURVE ( 'NONE', #1758, #742, #5671, .T. ) ;
#4159 = CARTESIAN_POINT ( 'NONE',  ( 31.45234493009725796, 15.71009240154363340, -1.502283115394870139 ) ) ;
#4160 = CARTESIAN_POINT ( 'NONE',  ( -25.02792532252039237, -17.90225109431957407, 17.81447604932023765 ) ) ;
#4161 =( BOUNDED_SURFACE ( )  B_SPLINE_SURFACE ( 3, 2, ( 
 ( #5778, #23, #62 ),
 ( #3362, #496, #2435 ),
 ( #4308, #80, #4372 ),
 ( #5857, #1517, #4863 ),
 ( #4820, #4396, #3403 ),
 ( #1999, #2457, #6221 ),
 ( #3322, #1910, #1929 ),
 ( #2398, #5800, #601 ),
 ( #3954, #3426, #4415 ),
 ( #1538, #1085, #4913 ),
 ( #2947, #5281, #2377 ),
 ( #3376, #1466, #493 ),
 ( #3838, #970, #4835 ),
 ( #5468, #3945, #99 ),
 ( #3923, #5385, #5429 ),
 ( #2473, #2962, #3447 ),
 ( #167, #593, #1556 ),
 ( #5407, #5941, #2497 ),
 ( #5897, #141, #618 ),
 ( #4475, #3968, #3497 ),
 ( #1678, #1090, #4975 ),
 ( #3673, #5050, #5551 ) ),
 .UNSPECIFIED., .F., .F., .T. ) 
 B_SPLINE_SURFACE_WITH_KNOTS ( ( 4, 2, 2, 2, 2, 2, 2, 2, 2, 2, 4 ),
 ( 3, 3 ),
 ( 0.000000000000000000, 0.001212851305149020018, 0.001819276957723530135, 0.002425702610298040036, 0.003638553915447060270, 0.004851405220596080071, 0.006064256525745100740, 0.006670682178319610640, 0.007277107830894120541, 0.008489959136043140342, 0.009702810441192160143 ),
 ( 0.000000000000000000, 1.000000000000000000 ),
 .UNSPECIFIED. ) 
 GEOMETRIC_REPRESENTATION_ITEM ( )  RATIONAL_B_SPLINE_SURFACE ( (
 ( 1.000000000000000000, 0.7071067811865450192, 1.000000000000000000),
 ( 1.000000000000000000, 0.7088905915706383842, 1.000000000000000000),
 ( 1.000000000000000000, 0.7107243003339834830, 1.000000000000000000),
 ( 1.000000000000000000, 0.7135371868563502584, 1.000000000000000000),
 ( 1.000000000000000000, 0.7144851853377470752, 1.000000000000000000),
 ( 1.000000000000000000, 0.7163993236157898403, 1.000000000000000000),
 ( 1.000000000000000000, 0.7173686675972293925, 1.000000000000000000),
 ( 1.000000000000000000, 0.7202364058505735800, 1.000000000000000000),
 ( 1.000000000000000000, 0.7221138515434604166, 1.000000000000000000),
 ( 1.000000000000000000, 0.7257625552454054496, 1.000000000000000000),
 ( 1.000000000000000000, 0.7275432998545952046, 1.000000000000000000),
 ( 1.000000000000000000, 0.7308026173097983413, 1.000000000000000000),
 ( 1.000000000000000000, 0.7323008167046599626, 1.000000000000000000),
 ( 1.000000000000000000, 0.7343147088317620863, 1.000000000000000000),
 ( 1.000000000000000000, 0.7349466975181446760, 1.000000000000000000),
 ( 1.000000000000000000, 0.7360992241190864593, 1.000000000000000000),
 ( 1.000000000000000000, 0.7366237576614216298, 1.000000000000000000),
 ( 1.000000000000000000, 0.7380386851637745771, 1.000000000000000000),
 ( 1.000000000000000000, 0.7387740034815702961, 1.000000000000000000),
 ( 1.000000000000000000, 0.7397667200677174870, 1.000000000000000000),
 ( 1.000000000000000000, 0.7400170701348468549, 1.000000000000000000),
 ( 1.000000000000000000, 0.7400177344862064466, 1.000000000000000000) ) ) 
 REPRESENTATION_ITEM ( '' )  SURFACE ( )  );
#4162 = CARTESIAN_POINT ( 'NONE',  ( -21.20000000000000639, 13.50000000000000178, 6.399999999999999467 ) ) ;
#4163 = CARTESIAN_POINT ( 'NONE',  ( -25.22480977367089849, -16.18595658771907253, -0.9653731100724521896 ) ) ;
#4164 = CARTESIAN_POINT ( 'NONE',  ( -31.50720163434564469, -16.11645978508178700, -0.3020430801079206917 ) ) ;
#4165 = VECTOR ( 'NONE', #2975, 1000.000000000000000 ) ;
#4166 = DIRECTION ( 'NONE',  ( -0.000000000000000000, -0.000000000000000000, 1.000000000000000000 ) ) ;
#4167 = ORIENTED_EDGE ( 'NONE', *, *, #4952, .T. ) ;
#4168 = ORIENTED_EDGE ( 'NONE', *, *, #2720, .F. ) ;
#4169 = CARTESIAN_POINT ( 'NONE',  ( -27.48522457973798439, -21.63752231917762359, 0.05767759887695074472 ) ) ;
#4170 = CARTESIAN_POINT ( 'NONE',  ( 20.86955553836180854, -15.49999999999999467, 16.50000000000000000 ) ) ;
#4171 = ORIENTED_EDGE ( 'NONE', *, *, #5561, .F. ) ;
#4172 = VECTOR ( 'NONE', #1601, 1000.000000000000000 ) ;
#4173 = AXIS2_PLACEMENT_3D ( 'NONE', #3722, #5191, #5207 ) ;
#4174 = CARTESIAN_POINT ( 'NONE',  ( 26.96516717675817887, 17.97805326502193068, 0.1005809532952422203 ) ) ;
#4175 = DIRECTION ( 'NONE',  ( 1.000000000000000000, 0.000000000000000000, 0.000000000000000000 ) ) ;
#4176 = CARTESIAN_POINT ( 'NONE',  ( 23.50000000000000355, 13.50000000000000355, 6.399999999999999467 ) ) ;
#4177 = CARTESIAN_POINT ( 'NONE',  ( 27.99999999999999645, 14.00000000000001421, 15.26032778078668706 ) ) ;
#4178 = CARTESIAN_POINT ( 'NONE',  ( -24.16478501332286655, 16.49999999999998934, -0.3869562797607444815 ) ) ;
#4179 = LINE ( 'NONE', #2216, #5232 ) ;
#4180 = DIRECTION ( 'NONE',  ( 0.000000000000000000, 1.000000000000000000, 0.000000000000000000 ) ) ;
#4181 = CARTESIAN_POINT ( 'NONE',  ( 26.14053956310526416, 21.96166941928570893, -1.036685192431717084 ) ) ;
#4182 = CARTESIAN_POINT ( 'NONE',  ( -24.68511502596544815, -16.99999999234136183, 17.99845527655341471 ) ) ;
#4183 = LINE ( 'NONE', #4618, #4856 ) ;
#4184 = DIRECTION ( 'NONE',  ( 0.000000000000000000, 0.000000000000000000, -1.000000000000000000 ) ) ;
#4185 = EDGE_CURVE ( 'NONE', #926, #2882, #6176, .T. ) ;
#4186 = CARTESIAN_POINT ( 'NONE',  ( 27.57346234436332111, -13.99999999999999467, 16.07955970130572609 ) ) ;
#4187 = EDGE_LOOP ( 'NONE', ( #1414, #1679, #4285, #2539, #5753, #2600 ) ) ;
#4188 = FACE_BOUND ( 'NONE', #3126, .T. ) ;
#4189 = CARTESIAN_POINT ( 'NONE',  ( -27.37142898595889307, 15.11936137671709623, 16.22098305218883851 ) ) ;
#4190 = CARTESIAN_POINT ( 'NONE',  ( -20.08469709767365785, 16.99999999999999289, 9.115139758254795055 ) ) ;
#4191 = ORIENTED_EDGE ( 'NONE', *, *, #382, .T. ) ;
#4192 = CARTESIAN_POINT ( 'NONE',  ( -28.91270319084889096, 14.33014340408584353, -0.06440690007722113530 ) ) ;
#4193 = ORIENTED_EDGE ( 'NONE', *, *, #2795, .T. ) ;
#4194 = CARTESIAN_POINT ( 'NONE',  ( 27.57078463969414273, 15.84242801829113745, 15.48566584494716203 ) ) ;
#4195 = CARTESIAN_POINT ( 'NONE',  ( -26.43334970823791963, 14.65956182425996701, -0.5981401611517813688 ) ) ;
#4196 = CARTESIAN_POINT ( 'NONE',  ( 21.20000000000000995, 16.49999999999999645, 17.57785026397234063 ) ) ;
#4197 = ORIENTED_EDGE ( 'NONE', *, *, #3082, .T. ) ;
#4198 = CARTESIAN_POINT ( 'NONE',  ( -26.04442676674451462, -17.46378989442033358, 17.14988460563890271 ) ) ;
#4199 = ORIENTED_EDGE ( 'NONE', *, *, #2137, .F. ) ;
#4200 = CARTESIAN_POINT ( 'NONE',  ( 27.99999999999999289, 14.00000000000000178, 0.9317754462390137604 ) ) ;
#4201 = EDGE_CURVE ( 'NONE', #4660, #3733, #3087, .T. ) ;
#4202 = CARTESIAN_POINT ( 'NONE',  ( -23.50000000000000355, -13.50000000000000355, 6.399999999999999467 ) ) ;
#4203 = VERTEX_POINT ( 'NONE', #5552 ) ;
#4204 = DIRECTION ( 'NONE',  ( 1.000000000000000000, -0.000000000000000000, -0.000000000000000000 ) ) ;
#4205 = VERTEX_POINT ( 'NONE', #3072 ) ;
#4206 = CARTESIAN_POINT ( 'NONE',  ( 27.99999999999999289, -17.99999999999999645, 15.26032778078668528 ) ) ;
#4207 = CARTESIAN_POINT ( 'NONE',  ( -25.29191471343407827, -16.69602794325252049, -0.9705915314798932991 ) ) ;
#4208 = LINE ( 'NONE', #4625, #1725 ) ;
#4209 = ORIENTED_EDGE ( 'NONE', *, *, #28, .T. ) ;
#4210 = DIRECTION ( 'NONE',  ( 0.000000000000000000, -1.000000000000000000, -0.000000000000000000 ) ) ;
#4211 = CARTESIAN_POINT ( 'NONE',  ( 25.10633127205121085, -16.24784003490428574, -0.4718587182277017011 ) ) ;
#4212 = CARTESIAN_POINT ( 'NONE',  ( -24.65701274739685900, -16.43391685878079045, -0.4307128779247807460 ) ) ;
#4213 = ORIENTED_EDGE ( 'NONE', *, *, #1649, .T. ) ;
#4214 = FACE_OUTER_BOUND ( 'NONE', #3460, .T. ) ;
#4215 = CARTESIAN_POINT ( 'NONE',  ( 27.45996155891745971, 21.64605776244996704, -0.6292895285697065466 ) ) ;
#4216 = CARTESIAN_POINT ( 'NONE',  ( -23.50000000000000355, 13.50000000000000355, 6.399999999999999467 ) ) ;
#4217 = ORIENTED_EDGE ( 'NONE', *, *, #149, .F. ) ;
#4218 = LINE ( 'NONE', #3616, #405 ) ;
#4219 = CARTESIAN_POINT ( 'NONE',  ( -31.05743441282672279, -17.48842505927509094, -1.464702242465964144 ) ) ;
#4220 = DIRECTION ( 'NONE',  ( 0.000000000000000000, -1.000000000000000000, -0.000000000000000000 ) ) ;
#4221 = ORIENTED_EDGE ( 'NONE', *, *, #825, .T. ) ;
#4222 = CIRCLE ( 'NONE', #474, 0.5000000000000000000 ) ;
#4223 = EDGE_CURVE ( 'NONE', #3085, #392, #6113, .T. ) ;
#4224 = CARTESIAN_POINT ( 'NONE',  ( -27.52239594819718960, -21.10732511416393464, 0.05453063542559651727 ) ) ;
#4225 = PLANE ( 'NONE',  #4133 ) ;
#4226 = ORIENTED_EDGE ( 'NONE', *, *, #3626, .F. ) ;
#4227 = CARTESIAN_POINT ( 'NONE',  ( 26.24554094856891240, -15.11090008504402071, -0.5798254687570545407 ) ) ;
#4228 = LINE ( 'NONE', #619, #485 ) ;
#4229 = CARTESIAN_POINT ( 'NONE',  ( 26.90697251554597003, 16.77390604383452199, 15.83416721012485873 ) ) ;
#4230 = CARTESIAN_POINT ( 'NONE',  ( -26.48374289996506548, -14.32805991715190608, -0.6031200071545933517 ) ) ;
#4231 = DIRECTION ( 'NONE',  ( 0.000000000000000000, 0.000000000000000000, -1.000000000000000000 ) ) ;
#4232 = VERTEX_POINT ( 'NONE', #292 ) ;
#4233 = VERTEX_POINT ( 'NONE', #3159 ) ;
#4234 = EDGE_CURVE ( 'NONE', #530, #2919, #2620, .T. ) ;
#4235 = CARTESIAN_POINT ( 'NONE',  ( 20.08469709767365075, -17.99999999999999645, 18.11513975825479505 ) ) ;
#4236 = CIRCLE ( 'NONE', #2654, 0.5000000000000000000 ) ;
#4237 = AXIS2_PLACEMENT_3D ( 'NONE', #5770, #2426, #3920 ) ;
#4238 = CARTESIAN_POINT ( 'NONE',  ( 25.77157846753928894, -17.59570299013804018, 1.164207086408125758 ) ) ;
#4239 = CARTESIAN_POINT ( 'NONE',  ( -27.37306563981748297, -16.15452654162939439, 0.06784612554773776505 ) ) ;
#4240 = CARTESIAN_POINT ( 'NONE',  ( 0.000000000000000000, 16.99999999999999645, -330.0000000000000000 ) ) ;
#4241 = AXIS2_PLACEMENT_3D ( 'NONE', #3560, #2669, #2602 ) ;
#4242 = EDGE_LOOP ( 'NONE', ( #2330, #5892, #3894, #1271 ) ) ;
#4243 = DIRECTION ( 'NONE',  ( -1.000000000000000000, 0.000000000000000000, 0.000000000000000000 ) ) ;
#4244 = LINE ( 'NONE', #4206, #4468 ) ;
#4245 = CARTESIAN_POINT ( 'NONE',  ( -27.94524172235936987, 14.76165063995411764, 15.28907587654789602 ) ) ;
#4246 = CARTESIAN_POINT ( 'NONE',  ( 25.81932054130695775, 16.72907261777847054, 17.30745896344518897 ) ) ;
#4247 = AXIS2_PLACEMENT_3D ( 'NONE', #2827, #4295, #4784 ) ;
#4248 = VECTOR ( 'NONE', #1715, 1000.000000000000000 ) ;
#4249 = CARTESIAN_POINT ( 'NONE',  ( -24.16139325871204235, 16.99999999999999645, -0.8856332989463018279 ) ) ;
#4250 = CARTESIAN_POINT ( 'NONE',  ( 24.16478501332284878, -16.49999999999999645, -0.3869562797607304372 ) ) ;
#4251 = DIRECTION ( 'NONE',  ( 0.000000000000000000, 1.000000000000000000, 0.000000000000000000 ) ) ;
#4252 = CARTESIAN_POINT ( 'NONE',  ( 31.54762624735409915, -15.30000000000000071, -0.3059186485792567689 ) ) ;
#4253 = TOROIDAL_SURFACE ( 'NONE', #5782, 330.5000000000000000, 0.5000000000000000000 ) ;
#4254 = ORIENTED_EDGE ( 'NONE', *, *, #2923, .F. ) ;
#4255 = CARTESIAN_POINT ( 'NONE',  ( -26.64081639501171495, -17.01564269596987700, 1.076347532776424254 ) ) ;
#4256 = ORIENTED_EDGE ( 'NONE', *, *, #5769, .F. ) ;
#4257 = CARTESIAN_POINT ( 'NONE',  ( -31.12672257538066489, -17.29473776548420361, -1.471263571478000909 ) ) ;
#4258 = EDGE_CURVE ( 'NONE', #519, #2774, #3367, .T. ) ;
#4259 = DIRECTION ( 'NONE',  ( 0.000000000000000000, 1.000000000000000000, 0.000000000000000000 ) ) ;
#4260 = B_SPLINE_CURVE_WITH_KNOTS ( 'NONE', 3,
 ( #3499, #2160, #3122, #5077 ),
 .UNSPECIFIED., .F., .F.,
 ( 4, 4 ),
 ( 0.000000000000000000, 0.001627485163825156478 ),
 .UNSPECIFIED. ) ;
#4261 = ORIENTED_EDGE ( 'NONE', *, *, #4556, .F. ) ;
#4262 = CARTESIAN_POINT ( 'NONE',  ( -24.30000000000000071, -11.90000000000000391, 16.54000000000000981 ) ) ;
#4263 = ORIENTED_EDGE ( 'NONE', *, *, #4634, .T. ) ;
#4264 = CARTESIAN_POINT ( 'NONE',  ( -31.50000000000000000, 22.00000000000000000, -1.504559302108243291 ) ) ;
#4265 = ORIENTED_EDGE ( 'NONE', *, *, #1576, .T. ) ;
#4266 = CARTESIAN_POINT ( 'NONE',  ( 25.52184291289637486, -15.99012812088939128, -0.5105714801466108010 ) ) ;
#4267 = EDGE_CURVE ( 'NONE', #323, #2558, #917, .T. ) ;
#4268 = CARTESIAN_POINT ( 'NONE',  ( 26.49999999999999289, -3.219999999999994422, 7.650000000000000355 ) ) ;
#4269 = CARTESIAN_POINT ( 'NONE',  ( -26.37185983549971979, -14.80695120089125183, -0.5921440430015452172 ) ) ;
#4270 = EDGE_CURVE ( 'NONE', #859, #1167, #1663, .T. ) ;
#4271 = CARTESIAN_POINT ( 'NONE',  ( 22.01648022708846852, -11.74239677874086496, 18.13846384103808518 ) ) ;
#4272 = ORIENTED_EDGE ( 'NONE', *, *, #5127, .F. ) ;
#4273 = CIRCLE ( 'NONE', #884, 1.000000000000000888 ) ;
#4274 = ORIENTED_EDGE ( 'NONE', *, *, #3948, .T. ) ;
#4275 = DIRECTION ( 'NONE',  ( -0.000000000000000000, -1.000000000000000000, -0.000000000000000000 ) ) ;
#4276 = CARTESIAN_POINT ( 'NONE',  ( 27.47052043797452470, -16.00595792562106467, 0.9891576345176054108 ) ) ;
#4277 = CARTESIAN_POINT ( 'NONE',  ( -27.46361306954728931, -16.00512949020433595, 0.9898556332278493075 ) ) ;
#4278 = DIRECTION ( 'NONE',  ( 0.000000000000000000, 1.000000000000000000, 0.000000000000000000 ) ) ;
#4279 = EDGE_CURVE ( 'NONE', #2768, #509, #699, .T. ) ;
#4280 = CARTESIAN_POINT ( 'NONE',  ( 27.21883801158090677, 17.76955336969400179, 0.07972999057770392695 ) ) ;
#4281 = VERTEX_POINT ( 'NONE', #5073 ) ;
#4282 = CYLINDRICAL_SURFACE ( 'NONE', #5226, 0.5000000000000000000 ) ;
#4283 = DIRECTION ( 'NONE',  ( 1.000000000000000000, 1.239088197126290817E-16, 0.000000000000000000 ) ) ;
#4284 = CARTESIAN_POINT ( 'NONE',  ( -30.60749382890752202, -18.58639143421963880, -0.2172921983538947943 ) ) ;
#4285 = ORIENTED_EDGE ( 'NONE', *, *, #3353, .T. ) ;
#4286 = ORIENTED_EDGE ( 'NONE', *, *, #3822, .F. ) ;
#4287 = CARTESIAN_POINT ( 'NONE',  ( -21.78916020506566653, -11.95401233892872916, 18.27950802991804835 ) ) ;
#4288 = FACE_OUTER_BOUND ( 'NONE', #6111, .T. ) ;
#4289 = CARTESIAN_POINT ( 'NONE',  ( 25.88129320399983868, -15.65448079057309805, -0.5446763781629933021 ) ) ;
#4290 = CARTESIAN_POINT ( 'NONE',  ( -24.77087255561573187, 16.38414829633761371, -0.9309324529079814337 ) ) ;
#4291 = CARTESIAN_POINT ( 'NONE',  ( 32.00000000000000000, -15.30000000000000249, -0.3492051947437728732 ) ) ;
#4292 = CC_DESIGN_DATE_AND_TIME_ASSIGNMENT ( #3427, #5320, ( #5268 ) ) ;
#4293 = EDGE_LOOP ( 'NONE', ( #4950, #1083, #6142, #3366 ) ) ;
#4294 = LINE ( 'NONE', #3257, #5360 ) ;
#4295 = DIRECTION ( 'NONE',  ( 0.000000000000000000, -0.000000000000000000, 1.000000000000000000 ) ) ;
#4296 = DIRECTION ( 'NONE',  ( 0.000000000000000000, 0.000000000000000000, 1.000000000000000000 ) ) ;
#4297 = EDGE_CURVE ( 'NONE', #1260, #4366, #4750, .T. ) ;
#4298 = CARTESIAN_POINT ( 'NONE',  ( -26.42084891983877171, -18.34204290771170776, 0.1445933289081893225 ) ) ;
#4299 = EDGE_LOOP ( 'NONE', ( #257, #164, #2817, #1963 ) ) ;
#4300 = CARTESIAN_POINT ( 'NONE',  ( -29.36115653711312490, -20.64734417617374973, -1.308408905080288953 ) ) ;
#4301 = CARTESIAN_POINT ( 'NONE',  ( 26.42084891983859407, 18.34204290771114287, 0.1445933289082723117 ) ) ;
#4302 = VECTOR ( 'NONE', #653, 1000.000000000000000 ) ;
#4303 = B_SPLINE_CURVE_WITH_KNOTS ( 'NONE', 3,
 ( #5462, #5980, #2555, #5960, #3555, #2579, #207, #5530, #677, #2110, #3134, #841, #6057, #3668, #2235, #2684, #4115, #4601, #5114, #5639, #5614, #1710 ),
 .UNSPECIFIED., .F., .F.,
 ( 4, 2, 2, 2, 2, 2, 2, 2, 2, 2, 4 ),
 ( 0.000000000000000000, 0.001221569422038149694, 0.002443138844076299387, 0.003053923555095374234, 0.003664708266114449081, 0.004886277688152598775, 0.006107847110190748469, 0.007329416532228898162, 0.007940201243247974744, 0.008550985954267051325, 0.009772555376305206223 ),
 .UNSPECIFIED. ) ;
#4304 = ORIENTED_EDGE ( 'NONE', *, *, #3325, .T. ) ;
#4305 = EDGE_CURVE ( 'NONE', #5351, #1814, #2462, .T. ) ;
#4306 = LINE ( 'NONE', #2308, #4692 ) ;
#4307 = DIRECTION ( 'NONE',  ( 0.000000000000000000, 0.000000000000000000, 1.000000000000000000 ) ) ;
#4308 = CARTESIAN_POINT ( 'NONE',  ( 26.15042142115814627, 21.45994487685660346, 0.1662510648378913436 ) ) ;
#4309 = ORIENTED_EDGE ( 'NONE', *, *, #825, .F. ) ;
#4310 = CARTESIAN_POINT ( 'NONE',  ( -26.50000000000000711, 14.00000000000000000, -1.065413436406440262 ) ) ;
#4311 = CARTESIAN_POINT ( 'NONE',  ( 28.06755881774004990, -21.40557543027254184, -0.4756637026650233357 ) ) ;
#4312 = CYLINDRICAL_SURFACE ( 'NONE', #6066, 0.5000000000000000000 ) ;
#4313 = CARTESIAN_POINT ( 'NONE',  ( 26.37201440761117155, 14.80648315086584255, -0.5921591762202728093 ) ) ;
#4314 = EDGE_LOOP ( 'NONE', ( #6184, #2093 ) ) ;
#4315 = EDGE_CURVE ( 'NONE', #4326, #5553, #4603, .T. ) ;
#4316 = DIRECTION ( 'NONE',  ( 0.000000000000000000, 0.000000000000000000, -1.000000000000000000 ) ) ;
#4317 = AXIS2_PLACEMENT_3D ( 'NONE', #2123, #4526, #2568 ) ;
#4318 = VECTOR ( 'NONE', #4666, 1000.000000000000000 ) ;
#4319 = CARTESIAN_POINT ( 'NONE',  ( -25.81932054130695775, -30.00000000000000000, 17.30745896344519252 ) ) ;
#4320 = DIRECTION ( 'NONE',  ( 0.000000000000000000, 0.000000000000000000, -1.000000000000000000 ) ) ;
#4321 = CARTESIAN_POINT ( 'NONE',  ( -25.26172465960665647, -22.00000000000000000, -0.9683217876700982440 ) ) ;
#4322 = CARTESIAN_POINT ( 'NONE',  ( -23.50000000000000355, -11.20000000000000284, 6.399999999999999467 ) ) ;
#4323 = LINE ( 'NONE', #4322, #432 ) ;
#4324 = CARTESIAN_POINT ( 'NONE',  ( 26.99999999999999289, -17.99999999999999645, 15.26032778078668528 ) ) ;
#4325 = AXIS2_PLACEMENT_3D ( 'NONE', #1351, #2897, #531 ) ;
#4326 = VERTEX_POINT ( 'NONE', #3649 ) ;
#4327 = CARTESIAN_POINT ( 'NONE',  ( -27.77888779497325800, -15.36352226982230107, 15.93576188587862497 ) ) ;
#4328 = PERSON_AND_ORGANIZATION ( #2644, #6096 ) ;
#4329 = CARTESIAN_POINT ( 'NONE',  ( 21.20000000000000639, -16.49999999999999289, 18.47251272689750579 ) ) ;
#4330 = CARTESIAN_POINT ( 'NONE',  ( -25.97080196110557537, 15.54732184407357742, -1.023306962259621589 ) ) ;
#4331 = ORIENTED_EDGE ( 'NONE', *, *, #2053, .T. ) ;
#4332 = ORIENTED_EDGE ( 'NONE', *, *, #3948, .F. ) ;
#4333 = CARTESIAN_POINT ( 'NONE',  ( 21.20000000000001350, -16.03030688974592621, 18.35896484740289125 ) ) ;
#4334 = CARTESIAN_POINT ( 'NONE',  ( 29.37804939678283134, -20.63390957812069360, -0.7811014516987451195 ) ) ;
#4335 = CARTESIAN_POINT ( 'NONE',  ( 0.000000000000000000, 19.00000000000000000, -330.0000000000000000 ) ) ;
#4336 = CARTESIAN_POINT ( 'NONE',  ( 20.86955553836180854, -16.49999999999999289, 16.50000000000000000 ) ) ;
#4337 = CARTESIAN_POINT ( 'NONE',  ( -26.14053956310597115, -21.96166941928571248, -1.036685192431801239 ) ) ;
#4338 = EDGE_LOOP ( 'NONE', ( #448, #3594, #4743, #3093 ) ) ;
#4339 = EDGE_CURVE ( 'NONE', #5475, #5489, #2114, .T. ) ;
#4340 = DIRECTION ( 'NONE',  ( -0.000000000000000000, -0.000000000000000000, 1.000000000000000000 ) ) ;
#4341 = B_SPLINE_CURVE_WITH_KNOTS ( 'NONE', 3,
 ( #2760, #4249, #1368, #2798, #5204, #2305, #3279, #404, #441, #2288, #3737, #6143, #3247, #3776, #5241, #5695 ),
 .UNSPECIFIED., .F., .F.,
 ( 4, 2, 2, 2, 2, 2, 2, 4 ),
 ( 0.000000000000000000, 0.0005862152044507444853, 0.001172430408901488971, 0.001758645613352233456, 0.002344860817802977941, 0.002931076022253722210, 0.003517291226704470815, 0.004689721635605967158 ),
 .UNSPECIFIED. ) ;
#4342 = ORIENTED_EDGE ( 'NONE', *, *, #2834, .T. ) ;
#4343 = APPROVAL_STATUS ( 'not_yet_approved' ) ;
#4344 = ORIENTED_EDGE ( 'NONE', *, *, #6162, .T. ) ;
#4345 = DIRECTION ( 'NONE',  ( 1.000000000000000000, 0.000000000000000000, 0.000000000000000000 ) ) ;
#4346 = CARTESIAN_POINT ( 'NONE',  ( 26.49999999999999289, -17.99999999999999645, 6.399999999999999467 ) ) ;
#4347 = CARTESIAN_POINT ( 'NONE',  ( -28.40711053538489850, -16.21809177747957165, -0.02046780132383234710 ) ) ;
#4348 = CARTESIAN_POINT ( 'NONE',  ( 25.46177743559844586, -16.60523683304156961, -0.9837017478143950111 ) ) ;
#4349 = ORIENTED_EDGE ( 'NONE', *, *, #5901, .T. ) ;
#4350 = EDGE_CURVE ( 'NONE', #5139, #5722, #4075, .T. ) ;
#4351 = UNCERTAINTY_MEASURE_WITH_UNIT (LENGTH_MEASURE( 1.000000000000000082E-05 ), #5814, 'distance_accuracy_value', 'NONE');
#4352 = CIRCLE ( 'NONE', #1244, 1.399999999999999245 ) ;
#4353 = CARTESIAN_POINT ( 'NONE',  ( 26.74352769906096583, 21.34249458651747489, 0.1185592257551044831 ) ) ;
#4354 = CARTESIAN_POINT ( 'NONE',  ( 28.08584280696100777, -20.86368005891324628, 0.007056998193890539131 ) ) ;
#4355 = CARTESIAN_POINT ( 'NONE',  ( 24.32835823882908954, 16.49999999999999645, -0.4012478960148047058 ) ) ;
#4356 = ADVANCED_FACE ( 'NONE', ( #4825 ), #2364, .T. ) ;
#4357 = CARTESIAN_POINT ( 'NONE',  ( -25.24585819694362598, 16.72907261777849186, 16.48822704292615171 ) ) ;
#4358 = CARTESIAN_POINT ( 'NONE',  ( 30.32088723838263888, -19.75813950381061090, -1.395521380129733258 ) ) ;
#4359 = DIRECTION ( 'NONE',  ( 0.000000000000000000, 0.000000000000000000, -1.000000000000000000 ) ) ;
#4360 = ORIENTED_EDGE ( 'NONE', *, *, #3398, .F. ) ;
#4361 = CARTESIAN_POINT ( 'NONE',  ( 31.40254502616823018, 18.07427155644058914, -0.7512017671851607403 ) ) ;
#4362 = CARTESIAN_POINT ( 'NONE',  ( -26.66473749307954932, 21.34204256771156594, -1.078989636223241400 ) ) ;
#4363 = LINE ( 'NONE', #5347, #471 ) ;
#4364 = CARTESIAN_POINT ( 'NONE',  ( -26.07368183580492271, -21.45994545696087741, -1.031424746007689741 ) ) ;
#4365 = AXIS2_PLACEMENT_3D ( 'NONE', #4493, #186, #5916 ) ;
#4366 = VERTEX_POINT ( 'NONE', #5663 ) ;
#4367 = FACE_OUTER_BOUND ( 'NONE', #4414, .T. ) ;
#4368 = CARTESIAN_POINT ( 'NONE',  ( 25.71042842561934094, -17.62590762837875502, 0.2009271683549144205 ) ) ;
#4369 = ORIENTED_EDGE ( 'NONE', *, *, #2025, .T. ) ;
#4370 = CARTESIAN_POINT ( 'NONE',  ( 26.65459240526796592, -15.33240292730697618, -1.078218482620734164 ) ) ;
#4371 = CYLINDRICAL_SURFACE ( 'NONE', #155, 1.399999999999999245 ) ;
#4372 = CARTESIAN_POINT ( 'NONE',  ( 26.17634176726971873, 21.95671462484462921, -0.3321883238749567813 ) ) ;
#4373 = CARTESIAN_POINT ( 'NONE',  ( -31.50000000000000000, 15.29999999999999716, -0.8036452206677813237 ) ) ;
#4374 = CARTESIAN_POINT ( 'NONE',  ( -14.09000000000000341, -16.50000000000000000, 8.650000000000002132 ) ) ;
#4375 = ORIENTED_EDGE ( 'NONE', *, *, #3959, .F. ) ;
#4376 = PLANE ( 'NONE',  #6177 ) ;
#4377 = CYLINDRICAL_SURFACE ( 'NONE', #4731, 6.700000000000001066 ) ;
#4378 = CARTESIAN_POINT ( 'NONE',  ( 27.24771144623564822, -21.17580948736751978, -1.126771919780972464 ) ) ;
#4379 = EDGE_CURVE ( 'NONE', #1641, #5466, #3446, .T. ) ;
#4380 = CARTESIAN_POINT ( 'NONE',  ( -25.74185047727304010, 22.00000000000000000, -0.5011808345194974645 ) ) ;
#4381 = DIRECTION ( 'NONE',  ( 0.000000000000000000, 0.000000000000000000, -1.000000000000000000 ) ) ;
#4382 = EDGE_LOOP ( 'NONE', ( #5345, #3514, #5437, #3588 ) ) ;
#4383 = FACE_OUTER_BOUND ( 'NONE', #1565, .T. ) ;
#4384 = ADVANCED_FACE ( 'NONE', ( #2915 ), #5160, .F. ) ;
#4385 = B_SPLINE_CURVE_WITH_KNOTS ( 'NONE', 3,
 ( #5987, #5032, #4038, #2097, #4542, #3051, #4017, #1188, #2119, #5470, #3583, #6003, #3562, #3075, #4499, #2604, #2583, #685, #3100, #227, #665, #4520 ),
 .UNSPECIFIED., .F., .F.,
 ( 4, 2, 2, 2, 2, 2, 2, 2, 2, 2, 4 ),
 ( 5.421010862427522170E-20, 0.001310318365037144162, 0.001965477547555716242, 0.002620636730074288323, 0.003930955095111432485, 0.005241273460148576646, 0.006551591825185721675, 0.007206751007704288552, 0.007861910190222861500, 0.009172228555259988314, 0.01048254692029711686 ),
 .UNSPECIFIED. ) ;
#4386 = CARTESIAN_POINT ( 'NONE',  ( 24.30000000000000071, -13.50000000000000355, 16.54000000000000625 ) ) ;
#4387 =( NAMED_UNIT ( * ) SI_UNIT ( $, .STERADIAN. ) SOLID_ANGLE_UNIT ( ) );
#4389 = DIRECTION ( 'NONE',  ( 0.000000000000000000, 0.000000000000000000, 1.000000000000000000 ) ) ;
#4388 = CARTESIAN_POINT ( 'NONE',  ( 28.78555798664698884, -15.13381222059356013, -0.05328815252450765094 ) ) ;
#4390 = ORIENTED_EDGE ( 'NONE', *, *, #4158, .T. ) ;
#4391 = EDGE_CURVE ( 'NONE', #2882, #701, #2770, .T. ) ;
#4392 = CARTESIAN_POINT ( 'NONE',  ( -28.91270318859464084, 14.33063729734451996, -0.06440689987962144869 ) ) ;
#4393 = CIRCLE ( 'NONE', #5148, 0.5000000000000000000 ) ;
#4394 = CARTESIAN_POINT ( 'NONE',  ( -26.75369173102265918, -16.08042953287620591, 16.65339913064420330 ) ) ;
#4395 = CARTESIAN_POINT ( 'NONE',  ( -26.49999999999999645, 11.20000000000000462, 15.00000000000001066 ) ) ;
#4396 = CARTESIAN_POINT ( 'NONE',  ( 27.06621914846283161, 21.76685043117457141, 0.09228973797580050653 ) ) ;
#4397 = CARTESIAN_POINT ( 'NONE',  ( 26.14981677774643032, 21.46000634279550212, 0.1662986417689427954 ) ) ;
#4398 = CARTESIAN_POINT ( 'NONE',  ( 26.15267041576558427, -21.45994534068353232, 0.1660781968222639904 ) ) ;
#4399 = CIRCLE ( 'NONE', #1150, 2.600000000000001421 ) ;
#4400 = EDGE_CURVE ( 'NONE', #2942, #3416, #6037, .T. ) ;
#4401 = AXIS2_PLACEMENT_3D ( 'NONE', #1813, #4231, #4704 ) ;
#4402 = CARTESIAN_POINT ( 'NONE',  ( 28.23156294759836982, -21.34079010227379669, -1.209492809677537473 ) ) ;
#4403 = PLANE ( 'NONE',  #1581 ) ;
#4404 = CARTESIAN_POINT ( 'NONE',  ( 24.16139325871201393, -16.99999999999999289, -0.8856332989462879501 ) ) ;
#4405 = FACE_OUTER_BOUND ( 'NONE', #4985, .T. ) ;
#4406 = DIRECTION ( 'NONE',  ( 0.000000000000000000, 1.000000000000000000, 0.000000000000000000 ) ) ;
#4407 = ORIENTED_EDGE ( 'NONE', *, *, #260, .T. ) ;
#4408 = DIRECTION ( 'NONE',  ( 0.000000000000000000, 0.000000000000000000, 1.000000000000000000 ) ) ;
#4409 = ORIENTED_EDGE ( 'NONE', *, *, #5697, .T. ) ;
#4410 = DIRECTION ( 'NONE',  ( -1.239088197126290817E-16, 1.000000000000000000, -0.000000000000000000 ) ) ;
#4411 = DIRECTION ( 'NONE',  ( 0.000000000000000000, 0.000000000000000000, -1.000000000000000000 ) ) ;
#4412 = AXIS2_PLACEMENT_3D ( 'NONE', #895, #3318, #2339 ) ;
#4413 = DIRECTION ( 'NONE',  ( -0.000000000000000000, -1.000000000000000000, -0.000000000000000000 ) ) ;
#4414 = EDGE_LOOP ( 'NONE', ( #4543, #3223, #5155, #4121, #1227 ) ) ;
#4415 = CARTESIAN_POINT ( 'NONE',  ( 28.65043826721131026, 21.11856014593977449, -0.5215922628073027534 ) ) ;
#4416 = DIRECTION ( 'NONE',  ( 0.1086956521739126796, -0.9940750752324937212, 0.000000000000000000 ) ) ;
#4417 = ADVANCED_FACE ( 'NONE', ( #2188, #5508 ), #2239, .T. ) ;
#4418 = ORIENTED_EDGE ( 'NONE', *, *, #5318, .F. ) ;
#4419 = VERTEX_POINT ( 'NONE', #4629 ) ;
#4420 = DIRECTION ( 'NONE',  ( 0.000000000000000000, 0.000000000000000000, -1.000000000000000000 ) ) ;
#4421 = CARTESIAN_POINT ( 'NONE',  ( 22.70000000000000639, 13.50000000000000355, 17.66000000000000725 ) ) ;
#4422 = CARTESIAN_POINT ( 'NONE',  ( -25.66998264975262245, 21.49999999818954777, -0.9996661888936613227 ) ) ;
#4423 = DIRECTION ( 'NONE',  ( -0.000000000000000000, -1.000000000000000000, -0.000000000000000000 ) ) ;
#4424 = CARTESIAN_POINT ( 'NONE',  ( 28.00393883047068755, -20.87335222915499244, -1.190145119890730685 ) ) ;
#4425 = VERTEX_POINT ( 'NONE', #412 ) ;
#4426 =( BOUNDED_CURVE ( )  B_SPLINE_CURVE ( 3, ( #4271, #942, #1914, #1413 ),
 .UNSPECIFIED., .F., .T. ) 
 B_SPLINE_CURVE_WITH_KNOTS ( ( 4, 4 ),
 ( 0.8697617936919387338, 1.570796326794896558 ),
 .UNSPECIFIED. ) 
 CURVE ( )  GEOMETRIC_REPRESENTATION_ITEM ( )  RATIONAL_B_SPLINE_CURVE ( ( 1.000000000000000000, 0.9594634784116247150, 0.9594634784116247150, 1.000000000000000000 ) ) 
 REPRESENTATION_ITEM ( '' )  );
#4427 = CALENDAR_DATE ( 2025, 19, 6 ) ;
#4428 = ORIENTED_EDGE ( 'NONE', *, *, #2567, .F. ) ;
#4429 = B_SPLINE_CURVE_WITH_KNOTS ( 'NONE', 3,
 ( #755, #1702, #2165, #775, #4088, #5082, #5518, #3544, #4045, #4549, #2653, #5061, #4131, #2628, #4573, #4615, #2611, #5105 ),
 .UNSPECIFIED., .F., .F.,
 ( 4, 2, 2, 2, 2, 2, 2, 2, 4 ),
 ( 0.000000000000000000, 0.0007895586309490433292, 0.001579117261898086658, 0.002368675892847130204, 0.003158234523796173317, 0.003947793154745216429, 0.004737351785694260409, 0.005526910416643303521, 0.006316469047592346633 ),
 .UNSPECIFIED. ) ;
#4430 = CARTESIAN_POINT ( 'NONE',  ( -27.46439565061340105, 21.65572078504637332, -0.4287895724201367664 ) ) ;
#4431 = CARTESIAN_POINT ( 'NONE',  ( -22.70000000000000639, -11.90000000000000391, 17.66000000000001080 ) ) ;
#4432 = ORIENTED_EDGE ( 'NONE', *, *, #3584, .F. ) ;
#4434 = CARTESIAN_POINT ( 'NONE',  ( -23.50000000000000355, 13.50000000000000355, 6.399999999999999467 ) ) ;
#4433 = CARTESIAN_POINT ( 'NONE',  ( 0.000000000000000000, -22.00000000000000000, 0.6999999999999229061 ) ) ;
#4435 = FACE_OUTER_BOUND ( 'NONE', #1704, .T. ) ;
#4436 = DIRECTION ( 'NONE',  ( -1.000000000000000000, 0.000000000000000000, 0.000000000000000000 ) ) ;
#4437 = CARTESIAN_POINT ( 'NONE',  ( 26.56118597662197089, -15.50712376401648918, -1.070652730315208023 ) ) ;
#4438 = EDGE_CURVE ( 'NONE', #5139, #1828, #1295, .T. ) ;
#4439 = CARTESIAN_POINT ( 'NONE',  ( 25.74745442512097782, 21.49999999999999645, 0.1979361275816078902 ) ) ;
#4440 = DIRECTION ( 'NONE',  ( 0.000000000000000000, -2.282530889443166627E-15, -1.000000000000000000 ) ) ;
#4441 = CARTESIAN_POINT ( 'NONE',  ( 25.97403876022562130, 15.54309271320202690, -1.023562086627569423 ) ) ;
#4442 = ORIENTED_EDGE ( 'NONE', *, *, #5989, .F. ) ;
#4443 = CARTESIAN_POINT ( 'NONE',  ( 27.99999999758608737, 14.53792581466444389, 0.01557451777428636372 ) ) ;
#4444 = CYLINDRICAL_SURFACE ( 'NONE', #1865, 1.000000000000000888 ) ;
#4445 = AXIS2_PLACEMENT_3D ( 'NONE', #2180, #2259, #3235 ) ;
#4446 = CARTESIAN_POINT ( 'NONE',  ( -20.86955553836182631, 15.49999999999999289, 18.50000000000000000 ) ) ;
#4447 = DIRECTION ( 'NONE',  ( -1.000000000000000000, 0.000000000000000000, 0.000000000000000000 ) ) ;
#4448 = CARTESIAN_POINT ( 'NONE',  ( 26.07204497786812425, -21.45988322444291541, -1.031299957150490831 ) ) ;
#4449 = VERTEX_POINT ( 'NONE', #4142 ) ;
#4450 = FACE_OUTER_BOUND ( 'NONE', #5203, .T. ) ;
#4451 = ADVANCED_FACE ( 'NONE', ( #3910 ), #773, .T. ) ;
#4452 = CARTESIAN_POINT ( 'NONE',  ( -30.34491301610196601, 19.73052561672863447, -0.6605614942937547696 ) ) ;
#4453 = ORIENTED_EDGE ( 'NONE', *, *, #5374, .T. ) ;
#4454 = CARTESIAN_POINT ( 'NONE',  ( 27.22435598914423593, -17.76469338438765888, 0.07927465490409300874 ) ) ;
#4455 = FACE_OUTER_BOUND ( 'NONE', #1534, .T. ) ;
#4456 = CARTESIAN_POINT ( 'NONE',  ( -26.75369173102279419, 16.08042953287597499, 16.65339913064411093 ) ) ;
#4457 = CARTESIAN_POINT ( 'NONE',  ( -26.95915279878972015, -13.99999999999999822, -1.103049451090977850 ) ) ;
#4458 = CARTESIAN_POINT ( 'NONE',  ( 27.86596518384623877, -15.03517029547186823, 0.9464182352098532425 ) ) ;
#4459 = CARTESIAN_POINT ( 'NONE',  ( -29.00000000000000711, -14.00000000000000178, 0.9317754462390137604 ) ) ;
#4460 = PLANE ( 'NONE',  #803 ) ;
#4461 = CIRCLE ( 'NONE', #2936, 330.5000000000000000 ) ;
#4462 = DIRECTION ( 'NONE',  ( -0.000000000000000000, -1.000000000000000000, -0.000000000000000000 ) ) ;
#4463 = DIRECTION ( 'NONE',  ( 0.000000000000000000, 0.000000000000000000, -1.000000000000000000 ) ) ;
#4464 = VERTEX_POINT ( 'NONE', #4725 ) ;
#4465 = CARTESIAN_POINT ( 'NONE',  ( 31.99999999870513889, -15.74668722968386092, -1.554718901811523279 ) ) ;
#4466 = EDGE_CURVE ( 'NONE', #1037, #1948, #848, .T. ) ;
#4467 = CARTESIAN_POINT ( 'NONE',  ( -27.65827807642779845, 21.57507675337274478, -0.6445547973490469706 ) ) ;
#4468 = VECTOR ( 'NONE', #1947, 1000.000000000000000 ) ;
#4469 = CARTESIAN_POINT ( 'NONE',  ( -31.10157325847625742, 18.65855526034392398, -0.9260037212988431188 ) ) ;
#4470 = CARTESIAN_POINT ( 'NONE',  ( -26.50000000000000711, -11.20000000000000462, 6.399999999999999467 ) ) ;
#4471 = DIRECTION ( 'NONE',  ( 0.000000000000000000, 1.000000000000000000, 0.000000000000000000 ) ) ;
#4472 = CARTESIAN_POINT ( 'NONE',  ( 24.30009428946185324, -17.99999999999997158, 17.11012493849862182 ) ) ;
#4473 = CIRCLE ( 'NONE', #3222, 330.5000000000000000 ) ;
#4474 = CARTESIAN_POINT ( 'NONE',  ( 25.76996185166789388, 17.59662355575131798, 1.164368957764172707 ) ) ;
#4475 = CARTESIAN_POINT ( 'NONE',  ( 31.50726382231569644, 16.11584230130304007, -0.3020490520290167735 ) ) ;
#4476 = DIRECTION ( 'NONE',  ( 1.000000000000000000, 1.239088197126290817E-16, 0.000000000000000000 ) ) ;
#4477 = EDGE_CURVE ( 'NONE', #5102, #2452, #5665, .T. ) ;
#4478 = CARTESIAN_POINT ( 'NONE',  ( -26.44176585473460150, 17.17912490864818409, 1.096803263590403921 ) ) ;
#4479 = CARTESIAN_POINT ( 'NONE',  ( 27.78148489187974945, -15.31109524474549666, 0.03392501362920862656 ) ) ;
#4480 = AXIS2_PLACEMENT_3D ( 'NONE', #672, #5435, #5479 ) ;
#4481 = CARTESIAN_POINT ( 'NONE',  ( -28.00000000000001066, -14.38086565572676889, 15.26032778078792340 ) ) ;
#4482 = CIRCLE ( 'NONE', #5827, 1.000000000000000888 ) ;
#4483 = CARTESIAN_POINT ( 'NONE',  ( 24.30000000000000071, 13.50000000000000355, 16.54000000000000625 ) ) ;
#4484 = CARTESIAN_POINT ( 'NONE',  ( -20.08469709767365785, -17.00000000000000000, 19.11513975825479505 ) ) ;
#4485 = ADVANCED_FACE ( 'NONE', ( #1068 ), #943, .F. ) ;
#4486 = CARTESIAN_POINT ( 'NONE',  ( 21.20000000000000639, -16.37886339802220448, 17.95780782437593004 ) ) ;
#4487 = VERTEX_POINT ( 'NONE', #2787 ) ;
#4488 = ORIENTED_EDGE ( 'NONE', *, *, #1776, .F. ) ;
#4489 = CARTESIAN_POINT ( 'NONE',  ( -21.20000000000000639, -16.50000000000000000, 17.44382543818899833 ) ) ;
#4490 = CARTESIAN_POINT ( 'NONE',  ( 31.29870199078502679, -18.29247798130895575, -1.487230517198321111 ) ) ;
#4491 = CARTESIAN_POINT ( 'NONE',  ( -31.30859750584744106, 18.27235829609002593, -0.9439140968261027220 ) ) ;
#4492 = CARTESIAN_POINT ( 'NONE',  ( -30.91663296731782395, 18.05336267998955435, -0.2461123353706840544 ) ) ;
#4493 = CARTESIAN_POINT ( 'NONE',  ( 25.30000000000000071, -21.50000000000000000, -0.4697889418938121509 ) ) ;
#4494 = ORIENTED_EDGE ( 'NONE', *, *, #5659, .T. ) ;
#4495 = ORIENTED_EDGE ( 'NONE', *, *, #2244, .F. ) ;
#4496 = CARTESIAN_POINT ( 'NONE',  ( -31.64774967906411973, 17.45511278439281355, -0.7726121034498077966 ) ) ;
#4497 = ORIENTED_EDGE ( 'NONE', *, *, #905, .T. ) ;
#4499 = CARTESIAN_POINT ( 'NONE',  ( 31.10157325847626453, -18.65855526034393819, -0.9260037212988769806 ) ) ;
#4498 = CARTESIAN_POINT ( 'NONE',  ( 26.95915279878970594, 13.99999999999999822, -1.103049451090946986 ) ) ;
#4500 = CARTESIAN_POINT ( 'NONE',  ( -26.95915279878972015, -13.99999999999999822, -1.103049451090921673 ) ) ;
#4501 = CARTESIAN_POINT ( 'NONE',  ( -26.50000000000000711, -13.99999999999999822, 6.399999999999999467 ) ) ;
#4502 = VERTEX_POINT ( 'NONE', #5702 ) ;
#4503 = ORIENTED_EDGE ( 'NONE', *, *, #1262, .F. ) ;
#4504 = CARTESIAN_POINT ( 'NONE',  ( 14.64459519560448975, -14.28260869565217028, 17.49999999999999645 ) ) ;
#4505 = EDGE_CURVE ( 'NONE', #2895, #5051, #1881, .T. ) ;
#4506 = CARTESIAN_POINT ( 'NONE',  ( -26.17649141554035808, -21.95670010127000893, -0.3321992085497907365 ) ) ;
#4507 = ORIENTED_EDGE ( 'NONE', *, *, #2053, .F. ) ;
#4508 = DIRECTION ( 'NONE',  ( 5.421010862427514281E-16, 1.000000000000000000, 0.000000000000000000 ) ) ;
#4509 = CYLINDRICAL_SURFACE ( 'NONE', #1199, 1.749999999999998002 ) ;
#4510 = CARTESIAN_POINT ( 'NONE',  ( 26.07918538982345069, -16.61044083439594132, 17.12555356948364249 ) ) ;
#4511 = CARTESIAN_POINT ( 'NONE',  ( -27.44071034123840391, 21.10678744314327915, -1.142823246960646300 ) ) ;
#4512 = CARTESIAN_POINT ( 'NONE',  ( 26.95915279878970949, -14.39646536824643164, -1.103049451090956312 ) ) ;
#4513 = DIRECTION ( 'NONE',  ( 1.239088197126291063E-16, -1.000000000000000000, -0.000000000000000000 ) ) ;
#4514 = CARTESIAN_POINT ( 'NONE',  ( -26.82683304988022499, 21.82742701278106523, -0.3805956692588914336 ) ) ;
#4515 = ADVANCED_FACE ( 'NONE', ( #5735 ), #1377, .F. ) ;
#4516 = ORIENTED_EDGE ( 'NONE', *, *, #4827, .F. ) ;
#4517 = CARTESIAN_POINT ( 'NONE',  ( 7.487254653930533799, -15.49999999999999645, 17.49999999999999645 ) ) ;
#4518 = LINE ( 'NONE', #5227, #2839 ) ;
#4520 = CARTESIAN_POINT ( 'NONE',  ( 32.00000000000000000, -15.30000000000000071, -1.004559302108243291 ) ) ;
#4519 = CARTESIAN_POINT ( 'NONE',  ( 27.99999999999999289, 4.620000000000008100, 8.410000000000000142 ) ) ;
#4521 = CARTESIAN_POINT ( 'NONE',  ( -25.77260007976019551, 17.59521007473097498, 1.164106123854783403 ) ) ;
#4522 = CARTESIAN_POINT ( 'NONE',  ( 29.72712142417024950, -20.34790060086134744, -0.6090406628337728945 ) ) ;
#4523 = ORIENTED_EDGE ( 'NONE', *, *, #3749, .T. ) ;
#4524 = VECTOR ( 'NONE', #49, 1000.000000000000000 ) ;
#4525 = EDGE_CURVE ( 'NONE', #5799, #1974, #3759, .T. ) ;
#4526 = DIRECTION ( 'NONE',  ( 0.000000000000000000, 0.000000000000000000, 1.000000000000000000 ) ) ;
#4527 = CARTESIAN_POINT ( 'NONE',  ( -24.43503365581404907, 17.99999999999999645, 18.11928168466328870 ) ) ;
#4528 = AXIS2_PLACEMENT_3D ( 'NONE', #5655, #3172, #1755 ) ;
#4529 = DIRECTION ( 'NONE',  ( -1.000000000000000000, -1.239088197126290817E-16, 0.000000000000000000 ) ) ;
#4530 = ORIENTED_EDGE ( 'NONE', *, *, #1220, .T. ) ;
#4531 = AXIS2_PLACEMENT_3D ( 'NONE', #3902, #2456, #1042 ) ;
#4532 = CARTESIAN_POINT ( 'NONE',  ( 30.62784715102022304, 19.38604835036414897, -0.8853797028655415735 ) ) ;
#4533 = CARTESIAN_POINT ( 'NONE',  ( -20.86955553836182631, -16.50000000000000000, 16.50000000000000000 ) ) ;
#4534 = CARTESIAN_POINT ( 'NONE',  ( -27.44939874935617752, 21.64966509152655760, -0.6284791499566410033 ) ) ;
#4535 = CARTESIAN_POINT ( 'NONE',  ( 32.00000000000000000, 22.00000000000000000, -0.8036452206677813237 ) ) ;
#4536 = CARTESIAN_POINT ( 'NONE',  ( -28.08418632555742889, 20.86449206802603484, 0.007197944815176285371 ) ) ;
#4537 = CARTESIAN_POINT ( 'NONE',  ( -31.65199178654757617, 17.44249964087858373, -0.3156314698997658708 ) ) ;
#4538 = ORIENTED_EDGE ( 'NONE', *, *, #3612, .F. ) ;
#4539 = FACE_BOUND ( 'NONE', #3152, .T. ) ;
#4540 = ORIENTED_EDGE ( 'NONE', *, *, #610, .F. ) ;
#4542 = CARTESIAN_POINT ( 'NONE',  ( 27.02957134677436812, -21.77663208815991069, -0.5965221547258152679 ) ) ;
#4541 = CARTESIAN_POINT ( 'NONE',  ( 24.16138153976520186, 17.00000000000000000, -0.8856324456959809854 ) ) ;
#4543 = ORIENTED_EDGE ( 'NONE', *, *, #5290, .T. ) ;
#4544 = CARTESIAN_POINT ( 'NONE',  ( -27.45125843662006915, 16.03977875754974747, 0.06141581134000184683 ) ) ;
#4545 = LINE ( 'NONE', #2965, #6127 ) ;
#4546 = CARTESIAN_POINT ( 'NONE',  ( -31.41216619141730249, 16.11522656114174978, -1.498428786427656645 ) ) ;
#4547 =( BOUNDED_SURFACE ( )  B_SPLINE_SURFACE ( 3, 2, ( 
 ( #5096, #314, #5119 ),
 ( #3676, #1284, #4652 ),
 ( #1761, #4708, #3748 ),
 ( #888, #2828, #5685 ),
 ( #3729, #1879, #909 ),
 ( #5766, #5233, #4786 ),
 ( #1862, #6209, #4769 ),
 ( #449, #1395, #8 ),
 ( #4298, #1378, #1420 ),
 ( #2769, #469, #6155 ),
 ( #2370, #1818, #4255 ),
 ( #3787, #3806, #3765 ),
 ( #3312, #5215, #5196 ),
 ( #2333, #4239, #3330 ),
 ( #1360, #433, #4277 ),
 ( #1841, #4749, #5723 ),
 ( #5252, #2810, #1900 ),
 ( #6189, #5273, #2296 ),
 ( #3290, #945, #924 ),
 ( #413, #4727, #2351 ) ),
 .UNSPECIFIED., .F., .F., .T. ) 
 B_SPLINE_SURFACE_WITH_KNOTS ( ( 4, 2, 2, 2, 2, 2, 2, 2, 2, 4 ),
 ( 3, 3 ),
 ( 0.000000000000000000, 0.0009778695628382778546, 0.001466804344257416782, 0.001955739125676555709, 0.002933608688514833564, 0.003911478251353111418, 0.004889347814191389273, 0.005378282595610527766, 0.005867217377029667127, 0.007822956502706222837 ),
 ( 0.000000000000000000, 1.000000000000000000 ),
 .UNSPECIFIED. ) 
 GEOMETRIC_REPRESENTATION_ITEM ( )  RATIONAL_B_SPLINE_SURFACE ( (
 ( 1.000000000000000000, 0.7071067811865475727, 1.000000000000000000),
 ( 1.000000000000000000, 0.7087914149374150430, 1.000000000000000000),
 ( 1.000000000000000000, 0.7105113614299561897, 1.000000000000000000),
 ( 1.000000000000000000, 0.7131346174516300929, 1.000000000000000000),
 ( 1.000000000000000000, 0.7140162409984072145, 1.000000000000000000),
 ( 1.000000000000000000, 0.7157918034593628853, 1.000000000000000000),
 ( 1.000000000000000000, 0.7166886478330077859, 1.000000000000000000),
 ( 1.000000000000000000, 0.7193358240680107762, 1.000000000000000000),
 ( 1.000000000000000000, 0.7210609082026845362, 1.000000000000000000),
 ( 1.000000000000000000, 0.7244021474846046305, 1.000000000000000000),
 ( 1.000000000000000000, 0.7260267048741722018, 1.000000000000000000),
 ( 1.000000000000000000, 0.7289926413614931100, 1.000000000000000000),
 ( 1.000000000000000000, 0.7303520985230943507, 1.000000000000000000),
 ( 1.000000000000000000, 0.7321764011566108676, 1.000000000000000000),
 ( 1.000000000000000000, 0.7327482066056594245, 1.000000000000000000),
 ( 1.000000000000000000, 0.7337902485958927024, 1.000000000000000000),
 ( 1.000000000000000000, 0.7342641044960140917, 1.000000000000000000),
 ( 1.000000000000000000, 0.7363933412289354052, 1.000000000000000000),
 ( 1.000000000000000000, 0.7373352167464393148, 1.000000000000000000),
 ( 1.000000000000000000, 0.7373251688200785914, 1.000000000000000000) ) ) 
 REPRESENTATION_ITEM ( '' )  SURFACE ( )  );
#4548 = DIRECTION ( 'NONE',  ( -0.000000000000000000, 1.000000000000000000, -0.000000000000000000 ) ) ;
#4549 = CARTESIAN_POINT ( 'NONE',  ( -26.63964989312732712, -17.01666205949184629, 1.076467819419851368 ) ) ;
#4550 = ORIENTED_EDGE ( 'NONE', *, *, #3132, .F. ) ;
#4551 = CARTESIAN_POINT ( 'NONE',  ( -26.81764474979127399, -21.82948908976590729, -0.3799080091559950967 ) ) ;
#4552 = ADVANCED_FACE ( 'NONE', ( #3079 ), #4444, .F. ) ;
#4553 = FACE_OUTER_BOUND ( 'NONE', #2545, .T. ) ;
#4554 = CARTESIAN_POINT ( 'NONE',  ( 31.82862386494152673, 16.82144292408752762, -0.9894114277345849029 ) ) ;
#4555 = CARTESIAN_POINT ( 'NONE',  ( 28.53495194081589048, 20.56640154402922960, -1.235973207166470411 ) ) ;
#4556 = EDGE_CURVE ( 'NONE', #1585, #764, #27, .T. ) ;
#4557 = CARTESIAN_POINT ( 'NONE',  ( 31.15097518058752968, -17.48987529015119335, -0.2681954962616037164 ) ) ;
#4558 = CARTESIAN_POINT ( 'NONE',  ( -28.00000000000000711, -14.00000000000000178, 15.26032778078668173 ) ) ;
#4559 = CARTESIAN_POINT ( 'NONE',  ( -30.72550175543450024, 18.40957014722507523, -0.2282078323818545473 ) ) ;
#4560 = FACE_OUTER_BOUND ( 'NONE', #1924, .T. ) ;
#4561 = CARTESIAN_POINT ( 'NONE',  ( -31.77822139327395590, 17.02353994736647991, -0.3277644097679602853 ) ) ;
#4562 = DIRECTION ( 'NONE',  ( -0.8192319205190394804, 4.441065139981067820E-16, -0.5734623443633296569 ) ) ;
#4563 = FACE_OUTER_BOUND ( 'NONE', #96, .T. ) ;
#4564 = CARTESIAN_POINT ( 'NONE',  ( 26.17892019142738036, -21.95670070464050028, -0.3323719620023452004 ) ) ;
#4565 = EDGE_CURVE ( 'NONE', #3964, #3416, #994, .T. ) ;
#4566 = CARTESIAN_POINT ( 'NONE',  ( -24.00000000000001066, 17.99999999999999289, 1.331918172698749681 ) ) ;
#4567 = AXIS2_PLACEMENT_3D ( 'NONE', #3370, #4359, #1480 ) ;
#4568 = DIRECTION ( 'NONE',  ( 0.000000000000000000, 0.000000000000000000, -1.000000000000000000 ) ) ;
#4569 = EDGE_LOOP ( 'NONE', ( #3528, #1094, #2528, #5946, #3281, #5856, #4612, #177 ) ) ;
#4570 = ORIENTED_EDGE ( 'NONE', *, *, #3040, .F. ) ;
#4571 = CARTESIAN_POINT ( 'NONE',  ( -25.30000000000000071, -22.00000000000000355, -0.2692007106404042394 ) ) ;
#4572 = AXIS2_PLACEMENT_3D ( 'NONE', #139, #3474, #5964 ) ;
#4573 = CARTESIAN_POINT ( 'NONE',  ( -25.03294984582752392, -17.87306147388503419, 1.236015610876167736 ) ) ;
#4574 = ORIENTED_EDGE ( 'NONE', *, *, #15, .T. ) ;
#4575 = CARTESIAN_POINT ( 'NONE',  ( 25.30000000000000071, 22.00000000000000000, -0.4697889418938355766 ) ) ;
#4576 = AXIS2_PLACEMENT_3D ( 'NONE', #2593, #3507, #6014 ) ;
#4577 = CARTESIAN_POINT ( 'NONE',  ( 31.45234493192133840, 15.70979688235717830, -1.502283115569525540 ) ) ;
#4578 = CARTESIAN_POINT ( 'NONE',  ( 31.38849431797100564, -16.70923619463997056, -0.2907280578009768801 ) ) ;
#4579 = DIRECTION ( 'NONE',  ( -2.309263891220325604E-14, 0.000000000000000000, 1.000000000000000000 ) ) ;
#4580 = DIRECTION ( 'NONE',  ( 0.000000000000000000, 0.000000000000000000, 1.000000000000000000 ) ) ;
#4581 = CARTESIAN_POINT ( 'NONE',  ( -30.34439833976319534, 19.73111000431705975, -0.6605181372311693666 ) ) ;
#4582 = ORIENTED_EDGE ( 'NONE', *, *, #2874, .F. ) ;
#4583 = ORIENTED_EDGE ( 'NONE', *, *, #3848, .T. ) ;
#4584 = CARTESIAN_POINT ( 'NONE',  ( 31.29392132887420885, 16.70823835322849504, -1.487150853791602723 ) ) ;
#4585 = ADVANCED_FACE ( 'NONE', ( #5970 ), #5787, .T. ) ;
#4586 = EDGE_LOOP ( 'NONE', ( #5833, #4197, #1712, #2819, #5116, #535 ) ) ;
#4587 = CARTESIAN_POINT ( 'NONE',  ( 26.86362881463126229, 14.77657607583127231, -1.095231253141201178 ) ) ;
#4588 = CARTESIAN_POINT ( 'NONE',  ( -26.23906226940199460, -15.12452221838429622, -1.044547052943982202 ) ) ;
#4589 = PERSON_AND_ORGANIZATION ( #2644, #6096 ) ;
#4590 = CARTESIAN_POINT ( 'NONE',  ( -16.83999999999999986, -17.40000000000000213, 8.650000000000002132 ) ) ;
#4591 = ORIENTED_EDGE ( 'NONE', *, *, #1019, .T. ) ;
#4592 = CARTESIAN_POINT ( 'NONE',  ( 26.95915279878970949, 22.00000000000000000, -1.103049451090964972 ) ) ;
#4593 = CARTESIAN_POINT ( 'NONE',  ( -25.38550581276955498, 16.88328839600674058, 17.59882308397018491 ) ) ;
#4594 = VECTOR ( 'NONE', #4678, 1000.000000000000000 ) ;
#4595 = EDGE_CURVE ( 'NONE', #2882, #5144, #1844, .T. ) ;
#4596 = CIRCLE ( 'NONE', #3417, 1.000000000000000888 ) ;
#4597 = CARTESIAN_POINT ( 'NONE',  ( 23.99999999999999289, 18.00000000000000355, 17.21886749202234412 ) ) ;
#4598 = CARTESIAN_POINT ( 'NONE',  ( 25.67029489724697910, 21.50000000000000000, -0.9996901619964077002 ) ) ;
#4599 = CARTESIAN_POINT ( 'NONE',  ( 27.15139743186705701, -16.47826039992420633, 0.08607204644355596901 ) ) ;
#4600 = VERTEX_POINT ( 'NONE', #3434 ) ;
#4601 = CARTESIAN_POINT ( 'NONE',  ( -31.24510658897566984, -16.90374923745379832, -1.482501497448963645 ) ) ;
#4602 = ORIENTED_EDGE ( 'NONE', *, *, #5948, .T. ) ;
#4603 = CIRCLE ( 'NONE', #4445, 1.000000000000000000 ) ;
#4604 = EDGE_CURVE ( 'NONE', #5176, #1948, #4987, .T. ) ;
#4605 = CARTESIAN_POINT ( 'NONE',  ( 28.03157340514490414, 21.42190559397253224, -1.192583372963009314 ) ) ;
#4606 = EDGE_CURVE ( 'NONE', #3853, #5755, #3697, .T. ) ;
#4607 = ORIENTED_EDGE ( 'NONE', *, *, #705, .T. ) ;
#4608 = CARTESIAN_POINT ( 'NONE',  ( 24.30000000000000071, -13.50000000000000355, 6.399999999999999467 ) ) ;
#4609 = CIRCLE ( 'NONE', #793, 0.5000000000000000000 ) ;
#4610 = DIRECTION ( 'NONE',  ( -0.000000000000000000, -0.000000000000000000, 1.000000000000000000 ) ) ;
#4611 = DIRECTION ( 'NONE',  ( -1.000000000000000000, 0.000000000000000000, 0.000000000000000000 ) ) ;
#4612 = ORIENTED_EDGE ( 'NONE', *, *, #1255, .T. ) ;
#4613 = EDGE_CURVE ( 'NONE', #2800, #3049, #3157, .T. ) ;
#4614 = CARTESIAN_POINT ( 'NONE',  ( -29.74600023709802699, -20.33131944685574410, -0.1382005531515483332 ) ) ;
#4615 = CARTESIAN_POINT ( 'NONE',  ( -24.52291438536425972, -17.97418559079300593, 1.284077614532142420 ) ) ;
#4616 = CYLINDRICAL_SURFACE ( 'NONE', #2078, 0.5000000000000000000 ) ;
#4617 = AXIS2_PLACEMENT_3D ( 'NONE', #2981, #4875, #94 ) ;
#4618 = CARTESIAN_POINT ( 'NONE',  ( 27.99999999999999289, 16.50000000000000000, 6.399999999999999467 ) ) ;
#4619 = ADVANCED_FACE ( 'NONE', ( #4367 ), #1275, .T. ) ;
#4620 = CARTESIAN_POINT ( 'NONE',  ( -28.25534906856128003, 16.50306067150363276, -0.007412003048317451076 ) ) ;
#4621 = DIRECTION ( 'NONE',  ( -0.000000000000000000, -0.000000000000000000, 1.000000000000000000 ) ) ;
#4622 = CARTESIAN_POINT ( 'NONE',  ( 27.90155467389224597, -20.95065303881684571, 0.02269350248061171443 ) ) ;
#4623 = VECTOR ( 'NONE', #2415, 1000.000000000000000 ) ;
#4624 = CARTESIAN_POINT ( 'NONE',  ( -25.66114426259150605, -17.63876349037133551, 16.48822704292615171 ) ) ;
#4625 = CARTESIAN_POINT ( 'NONE',  ( 17.99999999999999645, 4.620000000000008100, 8.410000000000000142 ) ) ;
#4626 = EDGE_LOOP ( 'NONE', ( #3420, #5813, #2747, #3779 ) ) ;
#4627 = CARTESIAN_POINT ( 'NONE',  ( 31.11400082625555541, 18.65844754562123597, -0.9270121157919626320 ) ) ;
#4628 = CYLINDRICAL_SURFACE ( 'NONE', #2976, 330.0000000000000000 ) ;
#4629 = CARTESIAN_POINT ( 'NONE',  ( 21.20000000000000639, 13.50000000000000178, 18.47251272689750579 ) ) ;
#4630 = APPROVAL ( #4343, '未指定' ) ;
#4631 =( BOUNDED_CURVE ( )  B_SPLINE_CURVE ( 3, ( #596, #2059, #1533, #143 ),
 .UNSPECIFIED., .F., .T. ) 
 B_SPLINE_CURVE_WITH_KNOTS ( ( 4, 4 ),
 ( 0.000000000000000000, 1.142539081706229309 ),
 .UNSPECIFIED. ) 
 CURVE ( )  GEOMETRIC_REPRESENTATION_ITEM ( )  RATIONAL_B_SPLINE_CURVE ( ( 1.000000000000000000, 0.8941434746364449460, 0.8941434746364449460, 1.000000000000000000 ) ) 
 REPRESENTATION_ITEM ( '' )  );
#4632 = DIRECTION ( 'NONE',  ( 0.000000000000000000, 1.000000000000000000, 0.000000000000000000 ) ) ;
#4633 = CARTESIAN_POINT ( 'NONE',  ( -26.86349168690253464, -14.77712328559046107, -1.095220046885296172 ) ) ;
#4634 = EDGE_CURVE ( 'NONE', #2813, #5581, #1225, .T. ) ;
#4635 = DIRECTION ( 'NONE',  ( 0.000000000000000000, -1.000000000000000000, 0.000000000000000000 ) ) ;
#4636 = CIRCLE ( 'NONE', #1111, 1.000000000000000888 ) ;
#4637 = CARTESIAN_POINT ( 'NONE',  ( -25.74185108622989304, -22.00000000000000355, -0.3005735495868630536 ) ) ;
#4638 = CARTESIAN_POINT ( 'NONE',  ( 0.000000000000000000, -21.50000000000000000, -330.0000000000000000 ) ) ;
#4639 = VECTOR ( 'NONE', #2203, 1000.000000000000000 ) ;
#4640 = CARTESIAN_POINT ( 'NONE',  ( 25.52931206837235578, 18.73776338969458877, 0.2146557356793393212 ) ) ;
#4641 = EDGE_CURVE ( 'NONE', #3129, #1645, #1153, .T. ) ;
#4642 = CARTESIAN_POINT ( 'NONE',  ( 27.34243559342371199, -21.18197848668169669, 0.06964588587878310644 ) ) ;
#4643 = DIRECTION ( 'NONE',  ( -1.000000000000000000, 0.000000000000000000, -6.938893903907222067E-15 ) ) ;
#4644 = CARTESIAN_POINT ( 'NONE',  ( -24.80401839655379348, 16.37282703205270806, -0.4441765773170937015 ) ) ;
#4645 = DIRECTION ( 'NONE',  ( 0.000000000000000000, 1.000000000000000000, 0.000000000000000000 ) ) ;
#4646 = VERTEX_POINT ( 'NONE', #3001 ) ;
#4647 = ORIENTED_EDGE ( 'NONE', *, *, #4270, .T. ) ;
#4648 = CARTESIAN_POINT ( 'NONE',  ( 31.64758462145400486, 17.45560371441803582, -0.9734927587199241339 ) ) ;
#4649 = ADVANCED_FACE ( 'NONE', ( #2262 ), #2633, .T. ) ;
#4650 = DIRECTION ( 'NONE',  ( 0.000000000000000000, 0.000000000000000000, 1.000000000000000000 ) ) ;
#4651 = EDGE_LOOP ( 'NONE', ( #3929, #4145, #5942, #4757 ) ) ;
#4652 = CARTESIAN_POINT ( 'NONE',  ( -24.26381145258849514, -18.00000000000000355, 1.308031721815300363 ) ) ;
#4653 = VERTEX_POINT ( 'NONE', #1984 ) ;
#4654 = EDGE_CURVE ( 'NONE', #75, #1484, #1808, .T. ) ;
#4655 = CARTESIAN_POINT ( 'NONE',  ( -24.29020932602272254, -16.50474577385890029, -0.8950123287930329408 ) ) ;
#4656 = AXIS2_PLACEMENT_3D ( 'NONE', #174, #2588, #232 ) ;
#4657 = ORIENTED_EDGE ( 'NONE', *, *, #4877, .F. ) ;
#4658 = CARTESIAN_POINT ( 'NONE',  ( -30.01043683427798925, -19.40364914752750281, -0.1623179838856060320 ) ) ;
#4659 = CARTESIAN_POINT ( 'NONE',  ( 27.99999999999999289, -16.49999999999999289, 20.00000000000000000 ) ) ;
#4660 = VERTEX_POINT ( 'NONE', #1238 ) ;
#4661 = CARTESIAN_POINT ( 'NONE',  ( 27.88769034830719562, 17.05481647110198296, 0.02386299823562731959 ) ) ;
#4662 = AXIS2_PLACEMENT_3D ( 'NONE', #296, #5968, #5034 ) ;
#4663 = FACE_OUTER_BOUND ( 'NONE', #2906, .T. ) ;
#4664 = CARTESIAN_POINT ( 'NONE',  ( -26.50000000000000711, -13.99999999999999822, -0.6047207381380537150 ) ) ;
#4665 = CARTESIAN_POINT ( 'NONE',  ( 26.86349168690252043, 14.77712328559029054, -1.095220046885296172 ) ) ;
#4666 = DIRECTION ( 'NONE',  ( 0.000000000000000000, -1.000000000000000000, 0.000000000000000000 ) ) ;
#4667 = CARTESIAN_POINT ( 'NONE',  ( -32.00000000000000000, -15.30000000000000071, -1.004559302108243291 ) ) ;
#4668 = ORIENTED_EDGE ( 'NONE', *, *, #3654, .T. ) ;
#4669 = CYLINDRICAL_SURFACE ( 'NONE', #4859, 1.400000000000000133 ) ;
#4670 = DIRECTION ( 'NONE',  ( -0.5734623443633297679, -0.000000000000000000, 0.8192319205190395914 ) ) ;
#4671 = CARTESIAN_POINT ( 'NONE',  ( 23.50000000000000355, 11.20000000000000284, 6.399999999999999467 ) ) ;
#4672 = CARTESIAN_POINT ( 'NONE',  ( 20.08469709767365075, 17.00000000000000000, 18.11513975825479505 ) ) ;
#4673 = EDGE_LOOP ( 'NONE', ( #3496, #3307, #1374, #446 ) ) ;
#4674 = CARTESIAN_POINT ( 'NONE',  ( 22.70000000000000639, 13.50000000000000355, 6.399999999999999467 ) ) ;
#4675 = ORIENTED_EDGE ( 'NONE', *, *, #4604, .T. ) ;
#4676 = CIRCLE ( 'NONE', #989, 0.5000000000000000000 ) ;
#4677 = DIRECTION ( 'NONE',  ( -2.664535259100375697E-15, 0.000000000000000000, 1.000000000000000000 ) ) ;
#4678 = DIRECTION ( 'NONE',  ( -0.000000000000000000, -1.000000000000000000, -0.000000000000000000 ) ) ;
#4679 = EDGE_CURVE ( 'NONE', #5264, #5755, #4218, .T. ) ;
#4680 = ORIENTED_EDGE ( 'NONE', *, *, #4688, .T. ) ;
#4681 = CARTESIAN_POINT ( 'NONE',  ( -24.25703397200652489, 18.99999999999999289, 0.3106799618005913755 ) ) ;
#4682 = VECTOR ( 'NONE', #6001, 1000.000000000000000 ) ;
#4683 = CARTESIAN_POINT ( 'NONE',  ( -24.64562375311410136, 16.42065643974345690, -0.4298274589791629685 ) ) ;
#4684 = CARTESIAN_POINT ( 'NONE',  ( 27.99999999999999289, -15.49999999999999289, 17.49999999999999645 ) ) ;
#4685 = DIRECTION ( 'NONE',  ( -1.239088197126290817E-16, 1.000000000000000000, -0.000000000000000000 ) ) ;
#4686 = VERTEX_POINT ( 'NONE', #2150 ) ;
#4687 = TOROIDAL_SURFACE ( 'NONE', #365, 1.000000000000000000, 1.000000000000000000 ) ;
#4688 = EDGE_CURVE ( 'NONE', #5481, #5524, #3274, .T. ) ;
#4689 = DIRECTION ( 'NONE',  ( 0.000000000000000000, 0.000000000000000000, -1.000000000000000000 ) ) ;
#4690 = ORIENTED_EDGE ( 'NONE', *, *, #2630, .T. ) ;
#4691 = CARTESIAN_POINT ( 'NONE',  ( -31.95645913488480971, -16.17892593922248778, -1.000694486696868335 ) ) ;
#4692 = VECTOR ( 'NONE', #408, 1000.000000000000000 ) ;
#4693 = EDGE_LOOP ( 'NONE', ( #1397, #2488, #5594, #2255, #6150 ) ) ;
#4694 = CARTESIAN_POINT ( 'NONE',  ( -27.57078463969382298, 15.84242801829165082, 15.48566584494757770 ) ) ;
#4695 = DIRECTION ( 'NONE',  ( 0.000000000000000000, -1.000000000000000000, 0.000000000000000000 ) ) ;
#4696 = VERTEX_POINT ( 'NONE', #1648 ) ;
#4697 = AXIS2_PLACEMENT_3D ( 'NONE', #567, #3917, #4961 ) ;
#4698 = CIRCLE ( 'NONE', #202, 0.5000000000000001110 ) ;
#4699 = CARTESIAN_POINT ( 'NONE',  ( 25.23861766489922331, -18.86765199395216186, 0.2375099059065356455 ) ) ;
#4700 = CARTESIAN_POINT ( 'NONE',  ( 0.000000000000000000, 22.00000000000000000, -330.0000000000000000 ) ) ;
#4701 = CARTESIAN_POINT ( 'NONE',  ( 12.06000000000000405, -13.99999999999999822, 17.00000000000000000 ) ) ;
#4702 = CARTESIAN_POINT ( 'NONE',  ( -26.42006498991899477, -14.64798730461095388, -0.5968699949225839685 ) ) ;
#4703 = FACE_BOUND ( 'NONE', #2814, .T. ) ;
#4704 = DIRECTION ( 'NONE',  ( -1.000000000000000000, 0.000000000000000000, -0.000000000000000000 ) ) ;
#4705 = ADVANCED_FACE ( 'NONE', ( #253, #3291 ), #6097, .T. ) ;
#4706 = DIRECTION ( 'NONE',  ( 0.000000000000000000, 0.000000000000000000, 1.000000000000000000 ) ) ;
#4707 = VECTOR ( 'NONE', #4406, 1000.000000000000000 ) ;
#4708 = CARTESIAN_POINT ( 'NONE',  ( -24.45004097787324682, -17.98384520258358776, 0.2964045521068686684 ) ) ;
#4709 = CARTESIAN_POINT ( 'NONE',  ( -32.00000000000000000, -15.30000000000000071, -1.004559302108255725 ) ) ;
#4710 = ORIENTED_EDGE ( 'NONE', *, *, #693, .T. ) ;
#4711 = EDGE_CURVE ( 'NONE', #5299, #1904, #4907, .T. ) ;
#4712 = DIRECTION ( 'NONE',  ( -0.9970692449028113469, -0.000000000000000000, -0.07650438463864533967 ) ) ;
#4713 = B_SPLINE_CURVE_WITH_KNOTS ( 'NONE', 3,
 ( #524, #4404, #4808, #2007, #4829, #3889, #72, #5295, #5314, #4851, #1961, #5336, #5829, #3986, #4512, #4983 ),
 .UNSPECIFIED., .F., .F.,
 ( 4, 2, 2, 2, 2, 2, 2, 4 ),
 ( 0.000000000000000000, 0.0005862152044507441600, 0.001172430408901488320, 0.001758645613352232372, 0.002344860817802976640, 0.002931076022253721342, 0.003517291226704469080, 0.004689721635605967158 ),
 .UNSPECIFIED. ) ;
#4714 = FACE_OUTER_BOUND ( 'NONE', #2205, .T. ) ;
#4715 = CARTESIAN_POINT ( 'NONE',  ( 27.99999999999999289, -4.619999999999993889, 8.410000000000000142 ) ) ;
#4716 = VERTEX_POINT ( 'NONE', #4918 ) ;
#4717 = ORIENTED_EDGE ( 'NONE', *, *, #5651, .T. ) ;
#4718 = PLANE ( 'NONE',  #3549 ) ;
#4719 = EDGE_CURVE ( 'NONE', #3275, #5726, #98, .T. ) ;
#4720 = CARTESIAN_POINT ( 'NONE',  ( 27.94524172235939474, 14.76165063995398263, 15.28907587654784095 ) ) ;
#4721 = CARTESIAN_POINT ( 'NONE',  ( -21.20000000000000639, -15.63414534763192520, 18.47251272689750579 ) ) ;
#4722 = DIRECTION ( 'NONE',  ( 0.000000000000000000, 0.000000000000000000, 1.000000000000000000 ) ) ;
#4723 = ORIENTED_EDGE ( 'NONE', *, *, #2675, .T. ) ;
#4724 = CARTESIAN_POINT ( 'NONE',  ( 21.20000000000000639, 15.49999999999999822, 18.47251272689750579 ) ) ;
#4725 = CARTESIAN_POINT ( 'NONE',  ( 25.30000000000000071, -22.00000000000000000, -0.4697889418938117068 ) ) ;
#4726 = ORIENTED_EDGE ( 'NONE', *, *, #1148, .T. ) ;
#4727 = CARTESIAN_POINT ( 'NONE',  ( -28.00000000000001066, -13.99999999999999822, 0.01557451753953581833 ) ) ;
#4728 = EDGE_CURVE ( 'NONE', #5299, #5628, #617, .T. ) ;
#4729 = DIRECTION ( 'NONE',  ( -0.000000000000000000, 0.000000000000000000, -1.000000000000000000 ) ) ;
#4730 = VERTEX_POINT ( 'NONE', #3110 ) ;
#4731 = AXIS2_PLACEMENT_3D ( 'NONE', #3743, #6148, #1038 ) ;
#4732 = DIRECTION ( 'NONE',  ( -1.239088197126290817E-16, 1.000000000000000000, 0.000000000000000000 ) ) ;
#4733 = ORIENTED_EDGE ( 'NONE', *, *, #1529, .T. ) ;
#4734 = CARTESIAN_POINT ( 'NONE',  ( -27.73062218879419305, 15.49248183562281156, 15.40175113166986698 ) ) ;
#4735 = AXIS2_PLACEMENT_3D ( 'NONE', #2135, #5024, #3068 ) ;
#4736 = CARTESIAN_POINT ( 'NONE',  ( 32.00000000000000000, -15.30000000000000071, -0.8036452206677813237 ) ) ;
#4737 = LOCAL_TIME ( 17, 26, 3.000000000000000000, #81 ) ;
#4738 =( BOUNDED_CURVE ( )  B_SPLINE_CURVE ( 3, ( #3138, #2710, #6151, #1795 ),
 .UNSPECIFIED., .F., .F. ) 
 B_SPLINE_CURVE_WITH_KNOTS ( ( 4, 4 ),
 ( 0.8697617936919481707, 1.570796326794896558 ),
 .UNSPECIFIED. ) 
 CURVE ( )  GEOMETRIC_REPRESENTATION_ITEM ( )  RATIONAL_B_SPLINE_CURVE ( ( 1.000000000000000000, 0.9594634784116258253, 0.9594634784116258253, 1.000000000000000000 ) ) 
 REPRESENTATION_ITEM ( '' )  );
#4739 = CARTESIAN_POINT ( 'NONE',  ( -23.50000000000000355, -11.20000000000000284, 17.10000000000001563 ) ) ;
#4740 = ORIENTED_EDGE ( 'NONE', *, *, #660, .T. ) ;
#4741 = CARTESIAN_POINT ( 'NONE',  ( -26.43344509458339076, 14.65914293458854978, -0.5981495811645458627 ) ) ;
#4742 = CARTESIAN_POINT ( 'NONE',  ( 31.64758605667503844, -17.45559944394629426, -0.7725977617826931265 ) ) ;
#4743 = ORIENTED_EDGE ( 'NONE', *, *, #3621, .T. ) ;
#4744 = CIRCLE ( 'NONE', #3872, 2.749999999999995559 ) ;
#4745 = CARTESIAN_POINT ( 'NONE',  ( 25.66996232901789554, 21.49999999879925738, -0.9996646287496512295 ) ) ;
#4746 = DIRECTION ( 'NONE',  ( 1.239088197126290817E-16, -1.000000000000000000, 0.000000000000000000 ) ) ;
#4747 = ORIENTED_EDGE ( 'NONE', *, *, #2423, .F. ) ;
#4748 = EDGE_LOOP ( 'NONE', ( #4168, #5255, #3046, #17 ) ) ;
#4749 = CARTESIAN_POINT ( 'NONE',  ( -27.57173546035295431, -15.80601162322074238, 0.05140786881671830649 ) ) ;
#4750 = LINE ( 'NONE', #767, #1958 ) ;
#4751 = B_SPLINE_CURVE_WITH_KNOTS ( 'NONE', 3,
 ( #5416, #82, #4914, #1020, #2000, #1561, #3455, #3404, #2021, #2948, #2879, #1518, #1495, #1087, #4891, #2483, #106, #5841, #4353, #4397, #4439, #2900 ),
 .UNSPECIFIED., .F., .F.,
 ( 4, 2, 2, 2, 2, 2, 2, 2, 2, 2, 4 ),
 ( 0.000000000000000000, 0.001224013076734582154, 0.002448026153469164308, 0.003060032691836455168, 0.003672039230203746028, 0.004896052306938337290, 0.006120065383672927684, 0.007344078460407518077, 0.007956084998774816744, 0.008568091537142115410, 0.009792104613876711008 ),
 .UNSPECIFIED. ) ;
#4752 = EDGE_LOOP ( 'NONE', ( #4342, #3801, #5776, #1983 ) ) ;
#4753 = CARTESIAN_POINT ( 'NONE',  ( 24.43503365581432618, 17.00000000000000000, 18.11928168466315370 ) ) ;
#4754 = CIRCLE ( 'NONE', #3461, 2.000000000000000000 ) ;
#4755 = AXIS2_PLACEMENT_3D ( 'NONE', #4434, #1127, #5410 ) ;
#4756 = CARTESIAN_POINT ( 'NONE',  ( -26.50000000000000711, -18.00000000000000355, 15.00000000000000355 ) ) ;
#4757 = ORIENTED_EDGE ( 'NONE', *, *, #522, .T. ) ;
#4758 = CARTESIAN_POINT ( 'NONE',  ( 25.10684196858957762, -16.24759362956694630, -0.4719057873829726746 ) ) ;
#4759 = VECTOR ( 'NONE', #5924, 1000.000000000000000 ) ;
#4760 = DIRECTION ( 'NONE',  ( -0.000000000000000000, -2.282530889443166627E-15, 1.000000000000000000 ) ) ;
#4761 = CARTESIAN_POINT ( 'NONE',  ( 32.00000000000000000, -15.74316338443234109, -0.8036452205419261086 ) ) ;
#4762 = ORIENTED_EDGE ( 'NONE', *, *, #4654, .T. ) ;
#4763 = ORIENTED_EDGE ( 'NONE', *, *, #3168, .T. ) ;
#4764 = EDGE_CURVE ( 'NONE', #1706, #3055, #5658, .T. ) ;
#4765 = ORIENTED_EDGE ( 'NONE', *, *, #4972, .T. ) ;
#4766 = ADVANCED_FACE ( 'NONE', ( #5810 ), #2767, .F. ) ;
#4767 = TOROIDAL_SURFACE ( 'NONE', #508, 330.5000000000000000, 0.5000000000000000000 ) ;
#4768 = AXIS2_PLACEMENT_3D ( 'NONE', #5529, #3574, #6077 ) ;
#4769 = CARTESIAN_POINT ( 'NONE',  ( -25.40810035559125879, -17.74625000302283695, 1.199756852361282045 ) ) ;
#4770 = CARTESIAN_POINT ( 'NONE',  ( -27.24905821356193769, 21.17535734977810336, -1.126883435961641755 ) ) ;
#4771 = CARTESIAN_POINT ( 'NONE',  ( -32.00000000000000000, -15.29999999999999893, -1.554718901937505615 ) ) ;
#4772 = CARTESIAN_POINT ( 'NONE',  ( 26.64081639501113230, 17.01564269597044188, 1.076347532767321535 ) ) ;
#4773 = ORIENTED_EDGE ( 'NONE', *, *, #4877, .T. ) ;
#4774 = CARTESIAN_POINT ( 'NONE',  ( 21.20000000000000639, 16.50000000000000000, 17.44382543818899123 ) ) ;
#4775 = CIRCLE ( 'NONE', #4090, 0.7999999999999986011 ) ;
#4776 = AXIS2_PLACEMENT_3D ( 'NONE', #2585, #2608, #1684 ) ;
#4777 = CIRCLE ( 'NONE', #3752, 0.5000000000000000000 ) ;
#4778 = CARTESIAN_POINT ( 'NONE',  ( -21.49651584119030900, -12.35781250618561167, 18.40069592062128123 ) ) ;
#4779 = CARTESIAN_POINT ( 'NONE',  ( 25.86473252998408512, -15.67344239076844836, -1.014963282621780705 ) ) ;
#4780 = CARTESIAN_POINT ( 'NONE',  ( -26.87940773822653640, 14.79097152154489692, -1.096488235421350987 ) ) ;
#4781 = CARTESIAN_POINT ( 'NONE',  ( -25.98757468271410431, -15.52520669097129868, -0.5548771027378099907 ) ) ;
#4782 = CARTESIAN_POINT ( 'NONE',  ( 27.99999999999999289, -14.26450983789575488, 0.9317754464257407276 ) ) ;
#4783 = FACE_OUTER_BOUND ( 'NONE', #1593, .T. ) ;
#4784 = DIRECTION ( 'NONE',  ( 1.000000000000000000, 0.000000000000000000, 0.000000000000000000 ) ) ;
#4785 = ORIENTED_EDGE ( 'NONE', *, *, #3988, .T. ) ;
#4786 = CARTESIAN_POINT ( 'NONE',  ( -25.28337970291127235, -17.79079258896371130, 1.211848231414574650 ) ) ;
#4787 = DIRECTION ( 'NONE',  ( -0.000000000000000000, -1.000000000000000000, -0.000000000000000000 ) ) ;
#4788 = ORIENTED_EDGE ( 'NONE', *, *, #6010, .F. ) ;
#4789 = CARTESIAN_POINT ( 'NONE',  ( -26.44059056202464575, 17.18001970887911156, 1.096923267593045370 ) ) ;
#4790 = CARTESIAN_POINT ( 'NONE',  ( 26.13482198262550327, 18.49516307744366372, 0.1673856315807565609 ) ) ;
#4791 = EDGE_CURVE ( 'NONE', #1832, #519, #5053, .T. ) ;
#4792 = VERTEX_POINT ( 'NONE', #3264 ) ;
#4793 = VERTEX_POINT ( 'NONE', #2761 ) ;
#4794 = CARTESIAN_POINT ( 'NONE',  ( 0.000000000000000000, -21.50000000000000000, -330.0000000000000000 ) ) ;
#4795 = CARTESIAN_POINT ( 'NONE',  ( -26.32191525477317384, -16.45448561613105554, 16.95564266401884623 ) ) ;
#4796 = ORIENTED_EDGE ( 'NONE', *, *, #2244, .T. ) ;
#4797 = CARTESIAN_POINT ( 'NONE',  ( 24.77087255561571766, -16.38414829633795833, -0.9309324529024699535 ) ) ;
#4798 = EDGE_CURVE ( 'NONE', #5408, #3587, #400, .T. ) ;
#4799 = DIRECTION ( 'NONE',  ( -1.000000000000000000, 0.000000000000000000, 0.000000000000000000 ) ) ;
#4800 = CARTESIAN_POINT ( 'NONE',  ( 27.04127861989745796, -21.77347139744440341, -0.3967415710676741036 ) ) ;
#4801 = AXIS2_PLACEMENT_3D ( 'NONE', #4794, #3450, #1129 ) ;
#4802 = CARTESIAN_POINT ( 'NONE',  ( 28.91270318859462662, -14.33063729734452352, -0.06440689987962144869 ) ) ;
#4803 = CARTESIAN_POINT ( 'NONE',  ( 26.65530090437517075, 15.33114867353547695, -1.078275825729802406 ) ) ;
#4804 = EDGE_LOOP ( 'NONE', ( #5913, #4816 ) ) ;
#4805 = FACE_OUTER_BOUND ( 'NONE', #2680, .T. ) ;
#4806 = CARTESIAN_POINT ( 'NONE',  ( -26.50000000000000711, -18.00000000000000355, 15.00000000000000355 ) ) ;
#4807 = VERTEX_POINT ( 'NONE', #901 ) ;
#4808 = CARTESIAN_POINT ( 'NONE',  ( 24.35578124001251865, -16.98059012368734244, -0.8999655340491103939 ) ) ;
#4809 = CARTESIAN_POINT ( 'NONE',  ( -26.86064172247853321, 21.29307993886584427, -1.094931783764855115 ) ) ;
#4810 = CARTESIAN_POINT ( 'NONE',  ( -26.67247490496390228, -21.34030617309649358, -1.079615743075045042 ) ) ;
#4811 = ORIENTED_EDGE ( 'NONE', *, *, #5706, .F. ) ;
#4812 = CIRCLE ( 'NONE', #4735, 1.100000000000000311 ) ;
#4813 = DIRECTION ( 'NONE',  ( -0.000000000000000000, -1.000000000000000000, -0.000000000000000000 ) ) ;
#4814 =( BOUNDED_SURFACE ( )  B_SPLINE_SURFACE ( 3, 2, ( 
 ( #2186, #1661, #709 ),
 ( #4062, #2626, #1251 ),
 ( #1190, #4993, #3633 ),
 ( #6029, #1171, #4126 ),
 ( #3123, #2101, #273 ),
 ( #3607, #5556, #4104 ) ),
 .UNSPECIFIED., .F., .F., .T. ) 
 B_SPLINE_SURFACE_WITH_KNOTS ( ( 4, 2, 4 ),
 ( 3, 3 ),
 ( 2.855788522326818679E-16, 0.0007347448127046410631, 0.001469489625408996547 ),
 ( 0.000000000000000000, 1.000000000000000000 ),
 .UNSPECIFIED. ) 
 GEOMETRIC_REPRESENTATION_ITEM ( )  RATIONAL_B_SPLINE_SURFACE ( (
 ( 1.000000000000000000, 0.7071067811865475727, 1.000000000000000000),
 ( 1.000000000000000000, 0.7186519684896754967, 1.000000000000000000),
 ( 1.000000000000000000, 0.7313918869030453518, 1.000000000000000000),
 ( 1.000000000000000000, 0.7582600226109974528, 1.000000000000000000),
 ( 1.000000000000000000, 0.7723900768394508232, 1.000000000000000000),
 ( 1.000000000000000000, 0.7868134851373147498, 1.000000000000000000) ) ) 
 REPRESENTATION_ITEM ( '' )  SURFACE ( )  );
#4815 = CARTESIAN_POINT ( 'NONE',  ( 25.13772223818783402, -17.84525784394304893, 16.75179836076682349 ) ) ;
#4816 = ORIENTED_EDGE ( 'NONE', *, *, #1415, .F. ) ;
#4817 = ORIENTED_EDGE ( 'NONE', *, *, #2595, .F. ) ;
#4818 = CARTESIAN_POINT ( 'NONE',  ( -27.95484093067398135, -14.69391611914479689, 15.81259469088842984 ) ) ;
#4819 = CARTESIAN_POINT ( 'NONE',  ( 23.96369137670195926, -16.99999999999999289, -0.8712387292745557010 ) ) ;
#4820 = CARTESIAN_POINT ( 'NONE',  ( 26.94089589046032529, 21.29337335408040843, 0.1025087537663521980 ) ) ;
#4821 = CARTESIAN_POINT ( 'NONE',  ( -25.28989234407157127, 16.69711235661984361, -0.9704354307150386827 ) ) ;
#4822 = CARTESIAN_POINT ( 'NONE',  ( 31.32814390741387456, -18.25687285802496262, -0.2846900417470689670 ) ) ;
#4823 = DIRECTION ( 'NONE',  ( 1.000000000000000000, 0.000000000000000000, 0.000000000000000000 ) ) ;
#4824 = VERTEX_POINT ( 'NONE', #880 ) ;
#4825 = FACE_OUTER_BOUND ( 'NONE', #297, .T. ) ;
#4826 = CARTESIAN_POINT ( 'NONE',  ( 20.86955553836180854, -12.36421833083992894, 18.50000000000000000 ) ) ;
#4827 = EDGE_CURVE ( 'NONE', #4949, #2784, #1736, .T. ) ;
#4828 = CARTESIAN_POINT ( 'NONE',  ( 27.99999999999999289, -17.99999999999999645, 20.00000000000000000 ) ) ;
#4829 = CARTESIAN_POINT ( 'NONE',  ( 24.92820733266559685, -16.84701330119964524, -0.9428354816502924063 ) ) ;
#4830 = ORIENTED_EDGE ( 'NONE', *, *, #1776, .T. ) ;
#4831 = CARTESIAN_POINT ( 'NONE',  ( -30.60966069181539240, -19.40992241129415063, -1.422320727701590570 ) ) ;
#4832 = FACE_OUTER_BOUND ( 'NONE', #1067, .T. ) ;
#4833 = ADVANCED_FACE ( 'NONE', ( #4214 ), #4718, .F. ) ;
#4834 = SECURITY_CLASSIFICATION_LEVEL ( 'unclassified' ) ;
#4835 = CARTESIAN_POINT ( 'NONE',  ( 30.61895007248158862, 19.39787372028737522, -0.6837813933170021619 ) ) ;
#4836 = ORIENTED_EDGE ( 'NONE', *, *, #216, .T. ) ;
#4837 = CARTESIAN_POINT ( 'NONE',  ( -26.74352769906096938, -21.34249458651747133, 0.1185592257551037060 ) ) ;
#4838 = TOROIDAL_SURFACE ( 'NONE', #3686, 332.1999999999999318, 1.000000000000000000 ) ;
#4839 = DIRECTION ( 'NONE',  ( -1.000000000000000000, 0.000000000000000000, 0.000000000000000000 ) ) ;
#4840 = CARTESIAN_POINT ( 'NONE',  ( -27.73062218879415042, -15.49248183562297143, 15.40175113166967158 ) ) ;
#4841 = CARTESIAN_POINT ( 'NONE',  ( 24.12803422401480447, -16.50238863942198009, -0.8832044452430007908 ) ) ;
#4842 = ORIENTED_EDGE ( 'NONE', *, *, #2292, .F. ) ;
#4843 = CARTESIAN_POINT ( 'NONE',  ( -20.86955553836182631, -15.49999999999999645, 18.50000000000000000 ) ) ;
#4844 = CARTESIAN_POINT ( 'NONE',  ( 29.38948709867125331, -20.62539422196323713, -0.5812559470003590967 ) ) ;
#4845 = LINE ( 'NONE', #3519, #2637 ) ;
#4846 = CARTESIAN_POINT ( 'NONE',  ( -27.46439284967022587, -21.65572170172679733, -0.6294747778140203920 ) ) ;
#4847 = EDGE_CURVE ( 'NONE', #1871, #1904, #2320, .T. ) ;
#4848 = AXIS2_PLACEMENT_3D ( 'NONE', #1718, #1267, #375 ) ;
#4849 = CARTESIAN_POINT ( 'NONE',  ( 30.17628811221223017, -19.09206710020304953, -1.382527219128404816 ) ) ;
#4850 = FACE_OUTER_BOUND ( 'NONE', #2517, .T. ) ;
#4851 = CARTESIAN_POINT ( 'NONE',  ( 26.21856902389918531, -15.98453227234229423, -1.043155023893702849 ) ) ;
#4852 = DIRECTION ( 'NONE',  ( 1.239088197126290817E-16, -1.000000000000000000, -0.000000000000000000 ) ) ;
#4853 = CARTESIAN_POINT ( 'NONE',  ( -26.82683030591580575, -21.82742763890321314, -0.5812515244919138624 ) ) ;
#4854 = AXIS2_PLACEMENT_3D ( 'NONE', #3229, #1770, #1809 ) ;
#4855 = CARTESIAN_POINT ( 'NONE',  ( 31.95648233141486827, -16.17870067352841801, -0.7997848244376553062 ) ) ;
#4856 = VECTOR ( 'NONE', #2212, 1000.000000000000000 ) ;
#4857 = CARTESIAN_POINT ( 'NONE',  ( 28.24423784074334876, 16.50641186259603899, -0.006501548066188256488 ) ) ;
#4858 = DIRECTION ( 'NONE',  ( -0.000000000000000000, -1.000000000000000000, 0.000000000000000000 ) ) ;
#4859 = AXIS2_PLACEMENT_3D ( 'NONE', #1088, #1110, #2995 ) ;
#4860 = CARTESIAN_POINT ( 'NONE',  ( -27.30608093336584474, -16.29145350433486072, 16.26672668900435426 ) ) ;
#4861 = FACE_OUTER_BOUND ( 'NONE', #3107, .T. ) ;
#4862 = CARTESIAN_POINT ( 'NONE',  ( 26.23845577721055378, -15.12557514802563041, -1.044498857581928064 ) ) ;
#4863 = CARTESIAN_POINT ( 'NONE',  ( 26.81738303169618121, 21.82954859523542623, -0.3798884091798027662 ) ) ;
#4864 = DIRECTION ( 'NONE',  ( 0.000000000000000000, 1.000000000000000000, 0.000000000000000000 ) ) ;
#4865 = CARTESIAN_POINT ( 'NONE',  ( 27.45996483439075675, -21.64605665589569838, -0.4286044713139847695 ) ) ;
#4866 = CARTESIAN_POINT ( 'NONE',  ( -32.00000000000000000, -15.30000000000000071, -1.004559302108243291 ) ) ;
#4867 = ADVANCED_FACE ( 'NONE', ( #2909 ), #3755, .F. ) ;
#4868 = ORIENTED_EDGE ( 'NONE', *, *, #5602, .T. ) ;
#4869 = VERTEX_POINT ( 'NONE', #4664 ) ;
#4870 = CARTESIAN_POINT ( 'NONE',  ( 13.16000000000000547, -13.99999999999999822, 19.00000000000000000 ) ) ;
#4871 = CARTESIAN_POINT ( 'NONE',  ( 27.44939874935617397, -21.64966509152656116, -0.6284791499566738660 ) ) ;
#4872 = DIRECTION ( 'NONE',  ( 1.000000000000000000, 0.000000000000000000, 0.000000000000000000 ) ) ;
#4873 = CARTESIAN_POINT ( 'NONE',  ( 28.65096572987710033, 21.11826047398853134, -0.5216343159491720893 ) ) ;
#4874 = DIRECTION ( 'NONE',  ( 1.000000000000000000, 0.000000000000000000, -0.000000000000000000 ) ) ;
#4875 = DIRECTION ( 'NONE',  ( 0.000000000000000000, 0.000000000000000000, 1.000000000000000000 ) ) ;
#4876 = ORIENTED_EDGE ( 'NONE', *, *, #181, .F. ) ;
#4877 = EDGE_CURVE ( 'NONE', #4600, #3608, #741, .T. ) ;
#4878 = DIRECTION ( 'NONE',  ( 1.000000000000000000, 0.000000000000000000, 0.000000000000000000 ) ) ;
#4879 = ORIENTED_EDGE ( 'NONE', *, *, #929, .T. ) ;
#4880 = ORIENTED_EDGE ( 'NONE', *, *, #1603, .F. ) ;
#4882 = PLANE ( 'NONE',  #781 ) ;
#4881 = CARTESIAN_POINT ( 'NONE',  ( 27.89397596770293575, -17.04640787978485150, 0.02333097619834341441 ) ) ;
#4883 = CARTESIAN_POINT ( 'NONE',  ( -28.00000000000000711, 13.99999999999999112, 0.01557451753958472365 ) ) ;
#4884 = DIRECTION ( 'NONE',  ( -1.000000000000000000, 0.000000000000000000, 0.000000000000000000 ) ) ;
#4885 = CARTESIAN_POINT ( 'NONE',  ( -23.50000000000000355, -11.20000000000000284, 6.399999999999999467 ) ) ;
#4886 = CARTESIAN_POINT ( 'NONE',  ( -18.58999999999999986, -17.40000000000000213, 8.650000000000002132 ) ) ;
#4887 = ORIENTED_EDGE ( 'NONE', *, *, #2762, .T. ) ;
#4888 = EDGE_CURVE ( 'NONE', #5370, #5451, #4518, .T. ) ;
#4889 = FACE_BOUND ( 'NONE', #900, .T. ) ;
#4890 = ORIENTED_EDGE ( 'NONE', *, *, #1687, .T. ) ;
#4891 = CARTESIAN_POINT ( 'NONE',  ( 28.08543289573876578, 20.87496479669263749, 0.007258019972765122896 ) ) ;
#4892 = CARTESIAN_POINT ( 'NONE',  ( 25.74182913278730211, -22.00000000000000355, -0.3005719908318552624 ) ) ;
#4893 = CARTESIAN_POINT ( 'NONE',  ( -27.04316367043190183, -21.78425359320180377, -0.5973630481592936414 ) ) ;
#4894 = AXIS2_PLACEMENT_3D ( 'NONE', #378, #1744, #6138 ) ;
#4895 = DIRECTION ( 'NONE',  ( 1.000000000000000000, -0.000000000000000000, -0.000000000000000000 ) ) ;
#4896 = CARTESIAN_POINT ( 'NONE',  ( 28.26604322456520180, -21.32369011287332228, -0.6918061173564432620 ) ) ;
#4897 = DIRECTION ( 'NONE',  ( -1.000000000000000000, 0.000000000000000000, 0.000000000000000000 ) ) ;
#4898 = ORIENTED_EDGE ( 'NONE', *, *, #2690, .T. ) ;
#4899 = CARTESIAN_POINT ( 'NONE',  ( 21.20000000000000639, -13.50000000000000178, 6.399999999999999467 ) ) ;
#4900 = CARTESIAN_POINT ( 'NONE',  ( -20.08469709767365785, 16.99999999999999289, 19.11513975825479505 ) ) ;
#4901 = LINE ( 'NONE', #1421, #2319 ) ;
#4902 = CARTESIAN_POINT ( 'NONE',  ( -26.50000000000000711, 13.99999999999999289, -0.6047207381380537150 ) ) ;
#4903 = AXIS2_PLACEMENT_3D ( 'NONE', #5633, #4150, #2699 ) ;
#4904 = ADVANCED_FACE ( 'NONE', ( #5501 ), #5428, .F. ) ;
#4905 = ORIENTED_EDGE ( 'NONE', *, *, #1620, .F. ) ;
#4906 = CARTESIAN_POINT ( 'NONE',  ( 31.50000000000000000, -15.30000000000000071, -1.004559302108259722 ) ) ;
#4907 = LINE ( 'NONE', #6015, #3610 ) ;
#4908 = CARTESIAN_POINT ( 'NONE',  ( 28.91270319084887674, -14.33014340408584708, -0.06440690007722113530 ) ) ;
#4909 = CARTESIAN_POINT ( 'NONE',  ( -26.94266513632115689, 15.86238163382644828, 16.52111774693524993 ) ) ;
#4910 = CARTESIAN_POINT ( 'NONE',  ( 26.13683453648178912, -18.49401259340623938, 0.1672244076245348043 ) ) ;
#4911 = CARTESIAN_POINT ( 'NONE',  ( 24.57990767955940825, 17.96788894373196754, 16.99762205470934617 ) ) ;
#4912 = ORIENTED_EDGE ( 'NONE', *, *, #5576, .T. ) ;
#4913 = CARTESIAN_POINT ( 'NONE',  ( 29.37805437443600454, 20.63390581782768152, -0.5803240657391698365 ) ) ;
#4914 = CARTESIAN_POINT ( 'NONE',  ( 31.50720163434564469, 16.11645978508177990, -0.3020430801079216354 ) ) ;
#4915 = CARTESIAN_POINT ( 'NONE',  ( -31.95648216798507946, -16.17870228852407521, -1.000696533768751451 ) ) ;
#4916 = CARTESIAN_POINT ( 'NONE',  ( 28.91270319084888030, 14.00000000000000533, -0.06440690007719976351 ) ) ;
#4917 = CARTESIAN_POINT ( 'NONE',  ( 28.99999999999998934, -13.99999999999999467, 0.9317754462389712389 ) ) ;
#4918 = CARTESIAN_POINT ( 'NONE',  ( -23.96369137670197702, 16.99999999999999289, -0.8712387292745700229 ) ) ;
#4919 = EDGE_CURVE ( 'NONE', #1698, #5835, #1655, .T. ) ;
#4920 = CARTESIAN_POINT ( 'NONE',  ( -20.08469709767365785, 16.99999999999999289, 18.11513975825479505 ) ) ;
#4921 = CARTESIAN_POINT ( 'NONE',  ( -32.00000000000000711, 15.74310217114771504, -1.004559302108244623 ) ) ;
#4922 = CARTESIAN_POINT ( 'NONE',  ( 27.24905821356193414, -21.17535734977811401, -1.126883435961641311 ) ) ;
#4923 = CARTESIAN_POINT ( 'NONE',  ( -31.95645932634534603, 16.17892405256019117, -0.7997827811037480084 ) ) ;
#4924 = ORIENTED_EDGE ( 'NONE', *, *, #4505, .F. ) ;
#4925 = FACE_OUTER_BOUND ( 'NONE', #3140, .T. ) ;
#4926 = CARTESIAN_POINT ( 'NONE',  ( -31.57279193899535130, 17.66438602714581663, -0.7660475773130602795 ) ) ;
#4927 = DIRECTION ( 'NONE',  ( -1.239088197126290817E-16, 1.000000000000000000, 0.000000000000000000 ) ) ;
#4928 = VERTEX_POINT ( 'NONE', #5653 ) ;
#4929 = EDGE_CURVE ( 'NONE', #140, #4686, #1537, .T. ) ;
#4930 = CIRCLE ( 'NONE', #5744, 1.000000000000000666 ) ;
#4931 = EDGE_CURVE ( 'NONE', #2057, #3778, #3901, .T. ) ;
#4932 = CARTESIAN_POINT ( 'NONE',  ( -26.50000000000001066, -11.20000000000000462, 15.00000000000000178 ) ) ;
#4933 = ADVANCED_FACE ( 'NONE', ( #2999 ), #328, .F. ) ;
#4934 = CIRCLE ( 'NONE', #1196, 1.000000000000000000 ) ;
#4935 = EDGE_CURVE ( 'NONE', #5644, #1136, #1216, .T. ) ;
#4936 = CARTESIAN_POINT ( 'NONE',  ( 21.20000000000000639, -16.49999999999999289, 6.399999999999999467 ) ) ;
#4937 = AXIS2_PLACEMENT_3D ( 'NONE', #2468, #160, #3415 ) ;
#4938 = CARTESIAN_POINT ( 'NONE',  ( 31.78280937810806961, -17.04893419075198580, -0.9853680936361722820 ) ) ;
#4939 = DIRECTION ( 'NONE',  ( -1.000000000000000000, 0.000000000000000000, 0.000000000000000000 ) ) ;
#4940 = CARTESIAN_POINT ( 'NONE',  ( 28.35918810355186537, -20.68334012188703142, -1.220635796416876362 ) ) ;
#4941 = FACE_OUTER_BOUND ( 'NONE', #5963, .T. ) ;
#4942 = CARTESIAN_POINT ( 'NONE',  ( -27.59361886841688616, 15.77616401921979872, 0.9759213742041749073 ) ) ;
#4943 = CARTESIAN_POINT ( 'NONE',  ( 24.92470122541786992, -16.97504396312595532, 17.86989936937361279 ) ) ;
#4944 = EDGE_LOOP ( 'NONE', ( #3744, #6059 ) ) ;
#4945 = VERTEX_POINT ( 'NONE', #22 ) ;
#4946 = CARTESIAN_POINT ( 'NONE',  ( -32.00000000000000000, 22.00000000000000000, -1.004559302108243291 ) ) ;
#4947 = CARTESIAN_POINT ( 'NONE',  ( 27.57868614091522019, -15.80712739270530953, 0.05084076844972800630 ) ) ;
#4948 = DIRECTION ( 'NONE',  ( 1.000000000000000000, 0.000000000000000000, 0.000000000000000000 ) ) ;
#4949 = VERTEX_POINT ( 'NONE', #2878 ) ;
#4950 = ORIENTED_EDGE ( 'NONE', *, *, #2630, .F. ) ;
#4951 = CARTESIAN_POINT ( 'NONE',  ( 27.99999999999999289, 3.220000000000009077, 8.410000000000000142 ) ) ;
#4952 = EDGE_CURVE ( 'NONE', #1037, #5035, #3360, .T. ) ;
#4953 = CARTESIAN_POINT ( 'NONE',  ( -31.10157598105081433, -18.65855053781882589, -0.7251378071024493499 ) ) ;
#4954 = VERTEX_POINT ( 'NONE', #2857 ) ;
#4955 = ORIENTED_EDGE ( 'NONE', *, *, #1856, .F. ) ;
#4956 = CARTESIAN_POINT ( 'NONE',  ( -21.20000000000000639, 13.32783496329851225, 18.47251272689750934 ) ) ;
#4957 = CARTESIAN_POINT ( 'NONE',  ( 31.41210422759334264, -16.11584421199239614, -1.498422832419227468 ) ) ;
#4958 = CARTESIAN_POINT ( 'NONE',  ( -28.65043380094951431, 21.11856267609308802, -0.7223338872064110072 ) ) ;
#4959 = CARTESIAN_POINT ( 'NONE',  ( -25.30000000000000071, 22.00000000000000000, -0.4697889418938340222 ) ) ;
#4960 = PLANE ( 'NONE',  #2447 ) ;
#4961 = DIRECTION ( 'NONE',  ( 1.000000000000000000, 0.000000000000000000, 0.000000000000000000 ) ) ;
#4962 = ORIENTED_EDGE ( 'NONE', *, *, #1371, .T. ) ;
#4963 = EDGE_CURVE ( 'NONE', #199, #3012, #2613, .T. ) ;
#4964 = CARTESIAN_POINT ( 'NONE',  ( 25.14056658834645575, -17.84438452620227622, 16.75045475190723820 ) ) ;
#4965 = ADVANCED_FACE ( 'NONE', ( #4288 ), #5018, .T. ) ;
#4966 = CARTESIAN_POINT ( 'NONE',  ( -31.95648233141486827, 16.17870067352841446, -0.7997848244376384308 ) ) ;
#4967 = VERTEX_POINT ( 'NONE', #443 ) ;
#4968 = CARTESIAN_POINT ( 'NONE',  ( 25.30000000000000426, -21.50000000000000000, -0.2692007106404045169 ) ) ;
#4969 = CARTESIAN_POINT ( 'NONE',  ( -28.78519261075621927, 15.13541791824461136, -0.05325626765053535078 ) ) ;
#4970 = FACE_OUTER_BOUND ( 'NONE', #4382, .T. ) ;
#4971 = DIRECTION ( 'NONE',  ( 0.000000000000000000, 0.000000000000000000, 1.000000000000000000 ) ) ;
#4972 = EDGE_CURVE ( 'NONE', #5000, #229, #3992, .T. ) ;
#4973 = CARTESIAN_POINT ( 'NONE',  ( -15.09000000000000341, -18.00000000000000355, 8.650000000000002132 ) ) ;
#4974 = DIRECTION ( 'NONE',  ( -0.000000000000000000, -0.000000000000000000, 1.000000000000000000 ) ) ;
#4975 = CARTESIAN_POINT ( 'NONE',  ( 32.00000000000000000, 15.74320140848375615, -0.8036452205665250981 ) ) ;
#4976 = AXIS2_PLACEMENT_3D ( 'NONE', #1629, #5007, #1117 ) ;
#4977 = ORIENTED_EDGE ( 'NONE', *, *, #3708, .F. ) ;
#4978 = DIRECTION ( 'NONE',  ( 0.000000000000000000, 0.000000000000000000, 1.000000000000000000 ) ) ;
#4979 = VERTEX_POINT ( 'NONE', #1515 ) ;
#4980 = FACE_OUTER_BOUND ( 'NONE', #1192, .T. ) ;
#4981 = CARTESIAN_POINT ( 'NONE',  ( 32.00000000000000000, -15.30000000000000249, -1.004559302108291030 ) ) ;
#4982 = CARTESIAN_POINT ( 'NONE',  ( -32.00000000000000000, 15.29999999999999361, -1.554718901937507392 ) ) ;
#4983 = CARTESIAN_POINT ( 'NONE',  ( 26.95915279878970594, -13.99999999999999289, -1.103049451090978295 ) ) ;
#4984 = CARTESIAN_POINT ( 'NONE',  ( -26.95231876628565004, 21.30071772161383947, 0.1017625712474050231 ) ) ;
#4985 = EDGE_LOOP ( 'NONE', ( #2359, #5657, #3332, #697, #748 ) ) ;
#4986 = CARTESIAN_POINT ( 'NONE',  ( -28.84061784458974387, 20.99231564180625398, -0.5369388446860746678 ) ) ;
#4987 = CIRCLE ( 'NONE', #5750, 1.749999999999998002 ) ;
#4988 = CARTESIAN_POINT ( 'NONE',  ( -25.74192098319867839, 22.00000000000000711, -0.3005785124641854877 ) ) ;
#4989 = AXIS2_PLACEMENT_3D ( 'NONE', #4659, #4147, #3700 ) ;
#4990 = CARTESIAN_POINT ( 'NONE',  ( -21.20000000000000639, 16.49999999999999289, 17.57788984248088937 ) ) ;
#4991 = VECTOR ( 'NONE', #2739, 1000.000000000000000 ) ;
#4992 = CARTESIAN_POINT ( 'NONE',  ( -23.92775436484047091, 17.99999999999998934, 0.3345313028230759711 ) ) ;
#4993 = CARTESIAN_POINT ( 'NONE',  ( 25.02792532251972446, 17.90225109431949591, 17.81447604932011330 ) ) ;
#4994 = EDGE_LOOP ( 'NONE', ( #933, #1246, #4261, #1266, #1274, #5216, #5664, #4977 ) ) ;
#4995 = CARTESIAN_POINT ( 'NONE',  ( -25.40427023291449160, -17.75602992489939780, 16.62308590850657808 ) ) ;
#4996 = VECTOR ( 'NONE', #2953, 1000.000000000000000 ) ;
#4997 = CARTESIAN_POINT ( 'NONE',  ( -31.95647128720171537, -16.18140944744260068, -0.7997835006093744203 ) ) ;
#4998 = ADVANCED_FACE ( 'NONE', ( #5965 ), #5390, .F. ) ;
#4999 = CARTESIAN_POINT ( 'NONE',  ( 27.57173546035292944, 15.80601162322103193, 0.05140786881211471121 ) ) ;
#5000 = VERTEX_POINT ( 'NONE', #5368 ) ;
#5001 = PLANE ( 'NONE',  #1428 ) ;
#5002 = ORIENTED_EDGE ( 'NONE', *, *, #3978, .F. ) ;
#5003 = CARTESIAN_POINT ( 'NONE',  ( 31.25166662298066456, -16.91841671373840938, -1.483120940674816701 ) ) ;
#5004 = EDGE_CURVE ( 'NONE', #5805, #511, #4363, .T. ) ;
#5005 = CARTESIAN_POINT ( 'NONE',  ( -31.99999999870513889, 15.74668722968386092, -1.554718901845640211 ) ) ;
#5006 = VECTOR ( 'NONE', #5344, 1000.000000000000000 ) ;
#5007 = DIRECTION ( 'NONE',  ( -0.9004141926408355534, -2.702791700830263456E-15, 0.4350336558140673882 ) ) ;
#5008 = DIRECTION ( 'NONE',  ( 0.000000000000000000, 0.000000000000000000, 1.000000000000000000 ) ) ;
#5009 = CARTESIAN_POINT ( 'NONE',  ( -30.36219384301177371, 19.71058619318079863, -0.1943084829738545849 ) ) ;
#5010 = B_SPLINE_CURVE_WITH_KNOTS ( 'NONE', 3,
 ( #1133, #1065, #3955, #671, #4995, #629 ),
 .UNSPECIFIED., .F., .F.,
 ( 4, 2, 4 ),
 ( 0.000000000000000000, 0.0009256646409277524733, 0.001851329281855504947 ),
 .UNSPECIFIED. ) ;
#5011 = FACE_OUTER_BOUND ( 'NONE', #1861, .T. ) ;
#5012 = CARTESIAN_POINT ( 'NONE',  ( 12.06000000000000405, -13.99999999999999822, 18.50000000000000000 ) ) ;
#5014 = CARTESIAN_POINT ( 'NONE',  ( -24.00000000000000711, -13.99999999999999822, 6.399999999999999467 ) ) ;
#5013 = CARTESIAN_POINT ( 'NONE',  ( 25.74192098319868194, -21.99999999999999289, -0.3005785124642024186 ) ) ;
#5015 = EDGE_CURVE ( 'NONE', #4281, #1143, #1586, .T. ) ;
#5016 = CARTESIAN_POINT ( 'NONE',  ( -25.23861766489896397, 18.86765199395215475, 0.2375099059065853835 ) ) ;
#5017 = VECTOR ( 'NONE', #3547, 1000.000000000000000 ) ;
#5018 =( BOUNDED_SURFACE ( )  B_SPLINE_SURFACE ( 3, 2, ( 
 ( #2360, #2380, #4819 ),
 ( #3777, #4841, #1928 ),
 ( #2820, #1471, #5777 ),
 ( #918, #2396, #5798 ),
 ( #999, #4797, #42 ),
 ( #4758, #5243, #2840 ),
 ( #3361, #514, #4348 ),
 ( #4266, #1952, #6198 ),
 ( #1409, #459, #936 ),
 ( #4289, #4779, #5263 ),
 ( #6220, #3321, #1063 ),
 ( #1018, #3452, #4437 ),
 ( #1082, #4862, #4370 ),
 ( #3381, #532, #61 ),
 ( #1998, #599, #3953 ),
 ( #554, #1559, #2434 ) ),
 .UNSPECIFIED., .F., .F., .F. ) 
 B_SPLINE_SURFACE_WITH_KNOTS ( ( 4, 2, 2, 2, 2, 2, 2, 4 ),
 ( 3, 3 ),
 ( 0.000000000000000000, 0.0005866710384321077373, 0.001173342076864215475, 0.001760013115296323212, 0.002346684153728430949, 0.002933355192160538687, 0.003520026230592646424, 0.004693368307456861899 ),
 ( 0.000000000000000000, 1.000000000000000000 ),
 .UNSPECIFIED. ) 
 GEOMETRIC_REPRESENTATION_ITEM ( )  RATIONAL_B_SPLINE_SURFACE ( (
 ( 1.000000000000000000, 0.7071067811865475727, 1.000000000000000000),
 ( 1.000000000000000000, 0.7087998717551629024, 1.000000000000000000),
 ( 1.000000000000000000, 0.7105006237493050048, 1.000000000000000000),
 ( 1.000000000000000000, 0.7139109757573731674, 1.000000000000000000),
 ( 1.000000000000000000, 0.7156389906259827960, 1.000000000000000000),
 ( 1.000000000000000000, 0.7189930499516239415, 1.000000000000000000),
 ( 1.000000000000000000, 0.7206128168400097733, 1.000000000000000000),
 ( 1.000000000000000000, 0.7237218098264576183, 1.000000000000000000),
 ( 1.000000000000000000, 0.7252184361912173971, 1.000000000000000000),
 ( 1.000000000000000000, 0.7279321094038645468, 1.000000000000000000),
 ( 1.000000000000000000, 0.7291661002127441948, 1.000000000000000000),
 ( 1.000000000000000000, 0.7313635477831287313, 1.000000000000000000),
 ( 1.000000000000000000, 0.7323095716447136638, 1.000000000000000000),
 ( 1.000000000000000000, 0.7345972523306332214, 1.000000000000000000),
 ( 1.000000000000000000, 0.7354311939573937584, 1.000000000000000000),
 ( 1.000000000000000000, 0.7354231443259642287, 1.000000000000000000) ) ) 
 REPRESENTATION_ITEM ( '' )  SURFACE ( )  );
#5019 = CARTESIAN_POINT ( 'NONE',  ( -26.95915279878972015, -13.99999999999999822, -1.103049451090977850 ) ) ;
#5020 = VECTOR ( 'NONE', #3170, 1000.000000000000000 ) ;
#5021 = CARTESIAN_POINT ( 'NONE',  ( 30.34490915039408065, 19.73053000079361041, -0.8613879069454531967 ) ) ;
#5022 = CARTESIAN_POINT ( 'NONE',  ( -30.90007237533224682, 17.86776795929763040, -1.449864431902052608 ) ) ;
#5023 = DIRECTION ( 'NONE',  ( 0.000000000000000000, -1.000000000000000000, -0.000000000000000000 ) ) ;
#5024 = DIRECTION ( 'NONE',  ( -0.000000000000000000, -0.000000000000000000, -1.000000000000000000 ) ) ;
#5025 = CARTESIAN_POINT ( 'NONE',  ( -27.53025132389660001, 21.10433062621925870, 0.05387479980682757102 ) ) ;
#5026 = ORIENTED_EDGE ( 'NONE', *, *, #1404, .F. ) ;
#5027 = VERTEX_POINT ( 'NONE', #147 ) ;
#5028 = ADVANCED_FACE ( 'NONE', ( #4067 ), #3402, .F. ) ;
#5029 = CARTESIAN_POINT ( 'NONE',  ( 1.920586705545750261E-15, -15.49999999999999645, 18.50000000000000000 ) ) ;
#5030 = ORIENTED_EDGE ( 'NONE', *, *, #4525, .F. ) ;
#5032 = CARTESIAN_POINT ( 'NONE',  ( 25.74195188204028639, -22.00000000000000711, -0.5011880389414440362 ) ) ;
#5031 = CARTESIAN_POINT ( 'NONE',  ( 26.49999999999999289, 13.99999999999999822, -0.6047207381380537150 ) ) ;
#5033 = CARTESIAN_POINT ( 'NONE',  ( -23.92775436484047091, 18.99999999999999289, 0.3345313028230759711 ) ) ;
#5034 = DIRECTION ( 'NONE',  ( -1.000000000000000000, 0.000000000000000000, 0.000000000000000000 ) ) ;
#5035 = VERTEX_POINT ( 'NONE', #4886 ) ;
#5036 = ORIENTED_EDGE ( 'NONE', *, *, #6010, .T. ) ;
#5037 = CARTESIAN_POINT ( 'NONE',  ( 27.57346234436331756, -15.20942657771416329, 16.07955970130572254 ) ) ;
#5038 = CARTESIAN_POINT ( 'NONE',  ( -26.34638462632391054, -15.82865389600602057, -1.053378341292769305 ) ) ;
#5039 = EDGE_CURVE ( 'NONE', #3275, #4646, #3073, .T. ) ;
#5040 = CARTESIAN_POINT ( 'NONE',  ( -21.20000000000000639, -13.50000000000000178, 6.399999999999999467 ) ) ;
#5041 = ORIENTED_EDGE ( 'NONE', *, *, #4929, .T. ) ;
#5042 = DIRECTION ( 'NONE',  ( 0.000000000000000000, 0.000000000000000000, 1.000000000000000000 ) ) ;
#5043 = VECTOR ( 'NONE', #3772, 1000.000000000000000 ) ;
#5044 = DIRECTION ( 'NONE',  ( -0.000000000000000000, -0.000000000000000000, 1.000000000000000000 ) ) ;
#5045 = DIRECTION ( 'NONE',  ( -1.000000000000000000, -1.239088197126290817E-16, 0.000000000000000000 ) ) ;
#5046 = CARTESIAN_POINT ( 'NONE',  ( -30.01171844291980051, 19.40218161373623218, -0.1624347551072131413 ) ) ;
#5047 = CARTESIAN_POINT ( 'NONE',  ( -29.44066466041120833, 19.97164632317366895, -0.1109733614038437566 ) ) ;
#5048 = EDGE_CURVE ( 'NONE', #4419, #5150, #5200, .T. ) ;
#5049 = CARTESIAN_POINT ( 'NONE',  ( 29.70057537419232219, 20.37123482596155455, -1.338936379445960112 ) ) ;
#5050 = CARTESIAN_POINT ( 'NONE',  ( 32.00000000000000000, 15.30000000000000249, -0.3492051947438373771 ) ) ;
#5051 = VERTEX_POINT ( 'NONE', #2946 ) ;
#5052 = CARTESIAN_POINT ( 'NONE',  ( -24.43503365581404907, -17.00000000000000000, 18.11928168466328870 ) ) ;
#5053 = LINE ( 'NONE', #1335, #249 ) ;
#5054 = CARTESIAN_POINT ( 'NONE',  ( 26.24613303639929285, 15.10985391050901683, -0.5798829736104579302 ) ) ;
#5055 = CARTESIAN_POINT ( 'NONE',  ( -25.05185697651354459, 17.89412159514974832, 1.234603836734634807 ) ) ;
#5056 = CARTESIAN_POINT ( 'NONE',  ( 22.70000000000000639, -13.50000000000000355, 6.399999999999999467 ) ) ;
#5057 = ORIENTED_EDGE ( 'NONE', *, *, #4350, .T. ) ;
#5058 = VECTOR ( 'NONE', #373, 1000.000000000000000 ) ;
#5059 = EDGE_CURVE ( 'NONE', #3263, #5740, #987, .T. ) ;
#5060 = CARTESIAN_POINT ( 'NONE',  ( -30.99868138395726902, -18.83035618909713804, -0.2535973504628333819 ) ) ;
#5061 = CARTESIAN_POINT ( 'NONE',  ( -25.99939995780972879, -17.47425814509496433, 1.141516473996133874 ) ) ;
#5062 = AXIS2_PLACEMENT_3D ( 'NONE', #2685, #6079, #327 ) ;
#5063 = ADVANCED_FACE ( 'NONE', ( #4980 ), #725, .F. ) ;
#5064 = ORIENTED_EDGE ( 'NONE', *, *, #4185, .T. ) ;
#5065 = AXIS2_PLACEMENT_3D ( 'NONE', #3372, #5789, #946 ) ;
#5066 = CIRCLE ( 'NONE', #6173, 2.600000000000001421 ) ;
#5067 = CARTESIAN_POINT ( 'NONE',  ( 29.43892007367122687, -19.97317243661947117, -0.1108175834315176939 ) ) ;
#5068 = DIRECTION ( 'NONE',  ( 0.000000000000000000, 0.000000000000000000, -1.000000000000000000 ) ) ;
#5069 = CARTESIAN_POINT ( 'NONE',  ( 12.06000000000000405, -13.99999999999999822, 18.50000000000000000 ) ) ;
#5070 = CARTESIAN_POINT ( 'NONE',  ( -25.77939499999771300, 21.99748381114405760, 0.1954853508811935092 ) ) ;
#5071 = LINE ( 'NONE', #6050, #3009 ) ;
#5072 = CARTESIAN_POINT ( 'NONE',  ( 30.60966069181540306, 19.40992241129483631, -1.422320727690342901 ) ) ;
#5073 = CARTESIAN_POINT ( 'NONE',  ( 8.460000000000004405, -13.99999999999999822, 18.50000000000000000 ) ) ;
#5074 = ORIENTED_EDGE ( 'NONE', *, *, #5290, .F. ) ;
#5075 = CARTESIAN_POINT ( 'NONE',  ( -21.20000000000000639, 16.49999999999999289, 18.47251272689750934 ) ) ;
#5076 = VERTEX_POINT ( 'NONE', #745 ) ;
#5077 = CARTESIAN_POINT ( 'NONE',  ( -24.43503365581404907, -17.00000000000000000, 18.11928168466328870 ) ) ;
#5078 = LINE ( 'NONE', #2050, #2721 ) ;
#5079 = DIRECTION ( 'NONE',  ( 0.000000000000000000, -1.000000000000000000, 0.000000000000000000 ) ) ;
#5080 = ORIENTED_EDGE ( 'NONE', *, *, #3959, .T. ) ;
#5081 = CARTESIAN_POINT ( 'NONE',  ( -30.71466229878232568, -18.40848235868799421, -0.2272618376654914896 ) ) ;
#5082 = CARTESIAN_POINT ( 'NONE',  ( -27.59267201187176255, -15.77783663090226085, 0.9760230606881380444 ) ) ;
#5083 = ORIENTED_EDGE ( 'NONE', *, *, #5478, .F. ) ;
#5084 = LINE ( 'NONE', #1002, #2345 ) ;
#5085 = CARTESIAN_POINT ( 'NONE',  ( -21.20000000000000639, 16.49999999999999289, 20.00000000000000000 ) ) ;
#5086 = CARTESIAN_POINT ( 'NONE',  ( 28.00266963863327518, 20.86286680846572850, -1.190203078753927279 ) ) ;
#5087 = CARTESIAN_POINT ( 'NONE',  ( 28.25373882750414722, -16.50588599074657736, -0.007273965967709463201 ) ) ;
#5088 = DIRECTION ( 'NONE',  ( 1.000000000000000000, 0.000000000000000000, 0.000000000000000000 ) ) ;
#5089 = CARTESIAN_POINT ( 'NONE',  ( -24.00000000000001066, 18.99999999999999645, 1.331918172698745462 ) ) ;
#5090 = VECTOR ( 'NONE', #637, 1000.000000000000000 ) ;
#5091 = CARTESIAN_POINT ( 'NONE',  ( 31.82854090652246271, 16.82180596237500581, -0.9894041126719880230 ) ) ;
#5092 = ADVANCED_FACE ( 'NONE', ( #93 ), #2557, .T. ) ;
#5093 = DIRECTION ( 'NONE',  ( 1.000000000000000000, 0.000000000000000000, 0.000000000000000000 ) ) ;
#5094 = VECTOR ( 'NONE', #100, 1000.000000000000000 ) ;
#5095 =( BOUNDED_SURFACE ( )  B_SPLINE_SURFACE ( 3, 2, ( 
 ( #1549, #2513, #3941 ),
 ( #639, #3440, #1989 ),
 ( #5382, #1074, #4923 ),
 ( #3963, #2493, #5893 ),
 ( #2077, #4561, #5547 ),
 ( #4098, #4537, #5961 ),
 ( #698, #1224, #4074 ),
 ( #1673, #3092, #3619 ),
 ( #763, #5507, #5981 ),
 ( #2136, #4053, #1165 ),
 ( #3069, #5009, #4581 ),
 ( #5047, #2092, #3044 ),
 ( #2174, #3556, #1692 ),
 ( #208, #2640, #4986 ),
 ( #5998, #1613, #3534 ),
 ( #262, #2598, #242 ),
 ( #5464, #2619, #1243 ),
 ( #5025, #1631, #4116 ),
 ( #678, #2153, #2581 ),
 ( #2556, #4035, #5531 ),
 ( #3576, #1182, #4514 ),
 ( #723, #289, #2112 ),
 ( #5488, #5070, #6036 ),
 ( #3135, #3114, #222 ) ),
 .UNSPECIFIED., .F., .F., .T. ) 
 B_SPLINE_SURFACE_WITH_KNOTS ( ( 4, 2, 2, 2, 2, 2, 2, 2, 2, 2, 2, 4 ),
 ( 3, 3 ),
 ( 0.000000000000000000, 0.001212850102002756411, 0.001819275153004134508, 0.002425700204005512822, 0.003638550306008269015, 0.004851400408011025643, 0.006064250510013781403, 0.006670675561015159717, 0.007277100612016538031, 0.007883525663017917212, 0.008489950714019294659, 0.009702800816022051286 ),
 ( 0.000000000000000000, 1.000000000000000000 ),
 .UNSPECIFIED. ) 
 GEOMETRIC_REPRESENTATION_ITEM ( )  RATIONAL_B_SPLINE_SURFACE ( (
 ( 1.000000000000000000, 0.7400177344862064466, 1.000000000000000000),
 ( 1.000000000000000000, 0.7400170586842876874, 1.000000000000000000),
 ( 1.000000000000000000, 0.7397668144122693246, 1.000000000000000000),
 ( 1.000000000000000000, 0.7390354406861036063, 1.000000000000000000),
 ( 1.000000000000000000, 0.7387321508548110316, 1.000000000000000000),
 ( 1.000000000000000000, 0.7380062986436877193, 1.000000000000000000),
 ( 1.000000000000000000, 0.7375818620051186603, 1.000000000000000000),
 ( 1.000000000000000000, 0.7361609289403612255, 1.000000000000000000),
 ( 1.000000000000000000, 0.7350115405467476659, 1.000000000000000000),
 ( 1.000000000000000000, 0.7323465965301041436, 1.000000000000000000),
 ( 1.000000000000000000, 0.7308189332473724598, 1.000000000000000000),
 ( 1.000000000000000000, 0.7275623441716854156, 1.000000000000000000),
 ( 1.000000000000000000, 0.7258207627353501223, 1.000000000000000000),
 ( 1.000000000000000000, 0.7230671041250622544, 1.000000000000000000),
 ( 1.000000000000000000, 0.7221273354605559636, 1.000000000000000000),
 ( 1.000000000000000000, 0.7202463244213166416, 1.000000000000000000),
 ( 1.000000000000000000, 0.7193001308558749640, 1.000000000000000000),
 ( 1.000000000000000000, 0.7174010150213033787, 1.000000000000000000),
 ( 1.000000000000000000, 0.7164480863987588988, 1.000000000000000000),
 ( 1.000000000000000000, 0.7145392726573763786, 1.000000000000000000),
 ( 1.000000000000000000, 0.7135790687201326588, 1.000000000000000000),
 ( 1.000000000000000000, 0.7107341383886675024, 1.000000000000000000),
 ( 1.000000000000000000, 0.7088904848540662496, 1.000000000000000000),
 ( 1.000000000000000000, 0.7071067811865450192, 1.000000000000000000) ) ) 
 REPRESENTATION_ITEM ( '' )  SURFACE ( )  );
#5096 = CARTESIAN_POINT ( 'NONE',  ( -23.92775436484047091, -19.00000000000000355, 0.3345313028230718633 ) ) ;
#5097 = EDGE_CURVE ( 'NONE', #323, #3263, #4738, .T. ) ;
#5098 = CARTESIAN_POINT ( 'NONE',  ( -24.65736823335947392, -16.43383936840360704, -0.4307448273015242468 ) ) ;
#5099 = AXIS2_PLACEMENT_3D ( 'NONE', #2749, #394, #354 ) ;
#5100 = DIRECTION ( 'NONE',  ( -0.000000000000000000, -0.000000000000000000, 1.000000000000000000 ) ) ;
#5101 = ORIENTED_EDGE ( 'NONE', *, *, #5048, .F. ) ;
#5102 = VERTEX_POINT ( 'NONE', #5617 ) ;
#5103 = DIRECTION ( 'NONE',  ( 0.000000000000000000, 0.000000000000000000, 1.000000000000000000 ) ) ;
#5104 = AXIS2_PLACEMENT_3D ( 'NONE', #5012, #5509, #5093 ) ;
#5105 = CARTESIAN_POINT ( 'NONE',  ( -24.00000000000001066, -18.00000000000000355, 1.331918172698745462 ) ) ;
#5106 = ORIENTED_EDGE ( 'NONE', *, *, #230, .F. ) ;
#5107 = ORIENTED_EDGE ( 'NONE', *, *, #4711, .F. ) ;
#5108 = CARTESIAN_POINT ( 'NONE',  ( 23.92775436484045315, 19.00000000000000355, 0.3345313028230846308 ) ) ;
#5109 = EDGE_LOOP ( 'NONE', ( #4149, #5999, #3383, #952 ) ) ;
#5110 = AXIS2_PLACEMENT_3D ( 'NONE', #4917, #5825, #3484 ) ;
#5111 = CARTESIAN_POINT ( 'NONE',  ( 27.26258239095053781, 21.18107694962536769, -1.127850214797174733 ) ) ;
#5112 = CARTESIAN_POINT ( 'NONE',  ( 30.27413959076354288, -19.08349601645294769, -0.1864650448606776367 ) ) ;
#5113 = CARTESIAN_POINT ( 'NONE',  ( -28.00000000000000711, -15.61256877028556644, 15.26032778078668173 ) ) ;
#5114 = CARTESIAN_POINT ( 'NONE',  ( -31.29414964127782994, -16.70723712004760841, -1.487172609459650019 ) ) ;
#5115 = CARTESIAN_POINT ( 'NONE',  ( 28.91270319084888030, 14.00000000000000533, -0.06440690007722127408 ) ) ;
#5116 = ORIENTED_EDGE ( 'NONE', *, *, #101, .F. ) ;
#5117 = CARTESIAN_POINT ( 'NONE',  ( 31.45234493192133129, 15.29999999999999716, -1.502283115569517991 ) ) ;
#5118 = ORIENTED_EDGE ( 'NONE', *, *, #4641, .T. ) ;
#5119 = CARTESIAN_POINT ( 'NONE',  ( -24.00000000000001066, -18.00000000000000355, 1.331918172698745462 ) ) ;
#5120 = CARTESIAN_POINT ( 'NONE',  ( -26.48325164997888947, -14.33288815340290334, -1.064066793198675143 ) ) ;
#5121 = CIRCLE ( 'NONE', #3119, 1.000000000000000888 ) ;
#5122 = DIRECTION ( 'NONE',  ( 0.000000000000000000, 0.000000000000000000, -1.000000000000000000 ) ) ;
#5123 = ORIENTED_EDGE ( 'NONE', *, *, #5622, .T. ) ;
#5124 = CARTESIAN_POINT ( 'NONE',  ( -27.06621914846276411, -21.76685043117494800, 0.09228973797610841301 ) ) ;
#5125 = CARTESIAN_POINT ( 'NONE',  ( 0.000000000000000000, 21.50000000000000000, 0.5000000000000004441 ) ) ;
#5126 = FACE_OUTER_BOUND ( 'NONE', #3935, .T. ) ;
#5127 = EDGE_CURVE ( 'NONE', #3299, #1167, #2694, .T. ) ;
#5128 = ADVANCED_FACE ( 'NONE', ( #5275 ), #3746, .F. ) ;
#5129 = CARTESIAN_POINT ( 'NONE',  ( 25.77260007976066092, -17.59521007473077958, 1.164106123863803077 ) ) ;
#5130 = CARTESIAN_POINT ( 'NONE',  ( 27.68141165623293887, 17.30622232940232053, 0.04125902552356348202 ) ) ;
#5131 = CARTESIAN_POINT ( 'NONE',  ( 26.00762486594036815, -17.48059045497751285, 16.30632472616927586 ) ) ;
#5132 = CARTESIAN_POINT ( 'NONE',  ( -22.70000000000000639, -13.50000000000000355, 6.399999999999999467 ) ) ;
#5133 = CARTESIAN_POINT ( 'NONE',  ( 27.57346234436332466, 14.00000000000001066, 16.07955970130572609 ) ) ;
#5134 = ORIENTED_EDGE ( 'NONE', *, *, #5582, .F. ) ;
#5135 = DIRECTION ( 'NONE',  ( -0.07224563515954154913, 0.000000000000000000, 0.9973868698756739315 ) ) ;
#5136 = VECTOR ( 'NONE', #925, 1000.000000000000000 ) ;
#5137 = EDGE_CURVE ( 'NONE', #2474, #1223, #4146, .T. ) ;
#5138 = AXIS2_PLACEMENT_3D ( 'NONE', #3190, #5612, #2172 ) ;
#5139 = VERTEX_POINT ( 'NONE', #4235 ) ;
#5140 = DIRECTION ( 'NONE',  ( -0.000000000000000000, -0.000000000000000000, 1.000000000000000000 ) ) ;
#5141 = CYLINDRICAL_SURFACE ( 'NONE', #2696, 1.000000000000000888 ) ;
#5142 = CARTESIAN_POINT ( 'NONE',  ( -26.50000000000000711, -14.16530364598006031, -0.6047207378371611819 ) ) ;
#5143 = CARTESIAN_POINT ( 'NONE',  ( 0.000000000000000000, 21.50000000000000000, 0.6999999999999229061 ) ) ;
#5144 = VERTEX_POINT ( 'NONE', #1357 ) ;
#5145 = DIRECTION ( 'NONE',  ( 0.000000000000000000, 0.000000000000000000, -1.000000000000000000 ) ) ;
#5146 = DIRECTION ( 'NONE',  ( -1.000000000000000000, 0.000000000000000000, 0.000000000000000000 ) ) ;
#5147 = LINE ( 'NONE', #1606, #4302 ) ;
#5148 = AXIS2_PLACEMENT_3D ( 'NONE', #2267, #4839, #5322 ) ;
#5149 = CARTESIAN_POINT ( 'NONE',  ( 25.21630904120883798, 18.83285492764833791, 0.2387051749927985023 ) ) ;
#5150 = VERTEX_POINT ( 'NONE', #4724 ) ;
#5151 = CARTESIAN_POINT ( 'NONE',  ( 25.98441531600744980, -15.52940894741360189, -0.5545731950387940978 ) ) ;
#5152 = CARTESIAN_POINT ( 'NONE',  ( 26.36815985813882435, 14.81824345662001718, -1.054842035035556069 ) ) ;
#5153 = LINE ( 'NONE', #1897, #4165 ) ;
#5154 = CARTESIAN_POINT ( 'NONE',  ( -24.00000000000001066, 17.99999999999999645, 17.21886749202244005 ) ) ;
#5155 = ORIENTED_EDGE ( 'NONE', *, *, #110, .F. ) ;
#5156 = ORIENTED_EDGE ( 'NONE', *, *, #1262, .T. ) ;
#5157 = ORIENTED_EDGE ( 'NONE', *, *, #2567, .T. ) ;
#5158 = DIRECTION ( 'NONE',  ( -1.000000000000000000, 0.000000000000000000, 0.000000000000000000 ) ) ;
#5159 = LINE ( 'NONE', #4946, #5006 ) ;
#5160 = PLANE ( 'NONE',  #1026 ) ;
#5161 = CARTESIAN_POINT ( 'NONE',  ( -31.24481053139386688, -16.90487376660768604, -1.482473325298382827 ) ) ;
#5162 = EDGE_CURVE ( 'NONE', #1198, #1369, #1802, .T. ) ;
#5163 = DIRECTION ( 'NONE',  ( 0.000000000000000000, 1.000000000000000000, 0.000000000000000000 ) ) ;
#5164 = FACE_OUTER_BOUND ( 'NONE', #2009, .T. ) ;
#5165 = CARTESIAN_POINT ( 'NONE',  ( 12.06000000000000405, -13.99999999999999822, 19.00000000000000000 ) ) ;
#5166 = ORIENTED_EDGE ( 'NONE', *, *, #2251, .F. ) ;
#5167 = FACE_OUTER_BOUND ( 'NONE', #4569, .T. ) ;
#5168 = CARTESIAN_POINT ( 'NONE',  ( -21.35112573340180830, -12.66281398006210779, 18.44263078098704156 ) ) ;
#5169 = CARTESIAN_POINT ( 'NONE',  ( -23.50000000000000355, 13.50000000000000355, 6.399999999999999467 ) ) ;
#5170 = CARTESIAN_POINT ( 'NONE',  ( 27.95484093067391740, 14.69391611914518947, 15.81259469088745817 ) ) ;
#5171 = DIRECTION ( 'NONE',  ( 1.239088197126290817E-16, -1.000000000000000000, 0.000000000000000000 ) ) ;
#5172 = DIRECTION ( 'NONE',  ( 1.000000000000000000, 1.239088197126290817E-16, 0.000000000000000000 ) ) ;
#5173 = LINE ( 'NONE', #3897, #5094 ) ;
#5174 = CARTESIAN_POINT ( 'NONE',  ( -31.45234493192133129, 15.29999999999999716, -1.502283115569514438 ) ) ;
#5175 = CARTESIAN_POINT ( 'NONE',  ( -25.38550581276905760, -16.88328839600717757, 17.59882308397047979 ) ) ;
#5176 = VERTEX_POINT ( 'NONE', #1375 ) ;
#5177 = EDGE_LOOP ( 'NONE', ( #2837, #4043, #1745, #1348 ) ) ;
#5178 = EDGE_CURVE ( 'NONE', #5722, #3241, #1434, .T. ) ;
#5179 = CARTESIAN_POINT ( 'NONE',  ( -31.22633312867802147, -17.30960110794080009, -0.2752958287560537398 ) ) ;
#5180 = AXIS2_PLACEMENT_3D ( 'NONE', #5486, #5398, #3067 ) ;
#5181 = DIRECTION ( 'NONE',  ( 0.000000000000000000, -0.000000000000000000, -1.000000000000000000 ) ) ;
#5182 = ORIENTED_EDGE ( 'NONE', *, *, #6193, .T. ) ;
#5183 = DIRECTION ( 'NONE',  ( -0.000000000000000000, -1.000000000000000000, -0.000000000000000000 ) ) ;
#5184 = AXIS2_PLACEMENT_3D ( 'NONE', #1973, #5840, #2968 ) ;
#5185 = DIRECTION ( 'NONE',  ( -1.000000000000000000, -1.239088197126290817E-16, 0.000000000000000000 ) ) ;
#5186 = ORIENTED_EDGE ( 'NONE', *, *, #2795, .F. ) ;
#5187 = CARTESIAN_POINT ( 'NONE',  ( -21.20000000000000639, 13.50000000000000178, 18.47251272689750934 ) ) ;
#5188 = ORIENTED_EDGE ( 'NONE', *, *, #3282, .F. ) ;
#5189 = DIRECTION ( 'NONE',  ( -0.000000000000000000, 1.000000000000000000, 0.000000000000000000 ) ) ;
#5190 = CARTESIAN_POINT ( 'NONE',  ( 27.25155082413420260, 15.38182101371857868, 16.30489776546611225 ) ) ;
#5191 = DIRECTION ( 'NONE',  ( -0.9004141926408489871, -0.000000000000000000, -0.4350336558140393550 ) ) ;
#5192 = AXIS2_PLACEMENT_3D ( 'NONE', #2853, #455, #1427 ) ;
#5193 = VERTEX_POINT ( 'NONE', #3234 ) ;
#5194 = APPROVAL_PERSON_ORGANIZATION ( #5565, #4630, #5384 ) ;
#5195 = CARTESIAN_POINT ( 'NONE',  ( 26.78804837234235237, 21.83650616667386046, -1.088977508256044890 ) ) ;
#5196 = CARTESIAN_POINT ( 'NONE',  ( -27.17573955295438637, -16.44617199771078830, 1.020499421721341005 ) ) ;
#5197 = CARTESIAN_POINT ( 'NONE',  ( -31.57259525545831025, -17.66491095127798516, -0.9669214882674582734 ) ) ;
#5198 = DIRECTION ( 'NONE',  ( -0.000000000000000000, -0.000000000000000000, 1.000000000000000000 ) ) ;
#5199 = EDGE_LOOP ( 'NONE', ( #4726, #5297, #3916, #679 ) ) ;
#5200 = LINE ( 'NONE', #3424, #1951 ) ;
#5201 = CARTESIAN_POINT ( 'NONE',  ( 0.000000000000000000, 22.00000000000000000, -330.0000000000000000 ) ) ;
#5202 = EDGE_CURVE ( 'NONE', #5988, #4464, #2541, .T. ) ;
#5203 = EDGE_LOOP ( 'NONE', ( #2318, #44, #2505, #224 ) ) ;
#5204 = CARTESIAN_POINT ( 'NONE',  ( -24.92820733266561817, 16.84701330119964524, -0.9428354816502922953 ) ) ;
#5205 = DIRECTION ( 'NONE',  ( -1.239088197126290817E-16, 1.000000000000000000, -0.000000000000000000 ) ) ;
#5206 = CARTESIAN_POINT ( 'NONE',  ( 26.94266513632046411, 15.86238163382645894, 16.52111774693572954 ) ) ;
#5207 = DIRECTION ( 'NONE',  ( -0.4350336558140394660, 0.000000000000000000, 0.9004141926408490981 ) ) ;
#5208 = DIRECTION ( 'NONE',  ( -0.000000000000000000, -1.000000000000000000, -0.000000000000000000 ) ) ;
#5209 = ORIENTED_EDGE ( 'NONE', *, *, #2292, .T. ) ;
#5210 = LINE ( 'NONE', #5362, #105 ) ;
#5211 = EDGE_CURVE ( 'NONE', #511, #2057, #5237, .T. ) ;
#5212 = CARTESIAN_POINT ( 'NONE',  ( 25.30000000000000071, 22.00000000000000000, -0.4697889418938448469 ) ) ;
#5213 = AXIS2_PLACEMENT_3D ( 'NONE', #3688, #820, #2384 ) ;
#5214 = DIRECTION ( 'NONE',  ( 1.000000000000000000, 1.239088197126290817E-16, 0.000000000000000000 ) ) ;
#5215 = CARTESIAN_POINT ( 'NONE',  ( -27.14619196044967708, -16.48502119633020158, 0.08649825617693522595 ) ) ;
#5216 = ORIENTED_EDGE ( 'NONE', *, *, #4963, .F. ) ;
#5217 = CARTESIAN_POINT ( 'NONE',  ( 25.21451710846544358, 18.83332795563278950, 0.2388419099605464391 ) ) ;
#5218 = AXIS2_PLACEMENT_3D ( 'NONE', #2753, #3239, #6067 ) ;
#5219 = CARTESIAN_POINT ( 'NONE',  ( -21.20000000000000639, 15.49999999999999467, 18.47251272689750934 ) ) ;
#5220 = ORIENTED_EDGE ( 'NONE', *, *, #434, .F. ) ;
#5221 = CARTESIAN_POINT ( 'NONE',  ( -28.00000000000001066, 13.99999999999999289, 15.78098334236005940 ) ) ;
#5222 = CARTESIAN_POINT ( 'NONE',  ( 24.58384280959596424, -17.96730983808371107, 16.99599181636453693 ) ) ;
#5223 = ORIENTED_EDGE ( 'NONE', *, *, #5977, .T. ) ;
#5224 = AXIS2_PLACEMENT_3D ( 'NONE', #1850, #4210, #3298 ) ;
#5225 = CIRCLE ( 'NONE', #3960, 331.1999999999999318 ) ;
#5226 = AXIS2_PLACEMENT_3D ( 'NONE', #5717, #6201, #2781 ) ;
#5227 = CARTESIAN_POINT ( 'NONE',  ( -23.23691940586468263, 16.99999999999999289, 19.11513975825479505 ) ) ;
#5228 = ORIENTED_EDGE ( 'NONE', *, *, #355, .F. ) ;
#5229 = CARTESIAN_POINT ( 'NONE',  ( -24.92754282268661115, 16.84723214613058317, -0.9427851812832283018 ) ) ;
#5230 = LINE ( 'NONE', #3904, #3781 ) ;
#5231 = DIRECTION ( 'NONE',  ( 1.000000000000000000, 1.257045997084643104E-16, 7.039457583674001187E-15 ) ) ;
#5232 = VECTOR ( 'NONE', #5045, 1000.000000000000000 ) ;
#5233 = CARTESIAN_POINT ( 'NONE',  ( -25.21567018376659419, -17.81372250517391720, 0.2388872136929881818 ) ) ;
#5234 = DIRECTION ( 'NONE',  ( -0.9004141926408489871, 0.000000000000000000, -0.4350336558140393550 ) ) ;
#5235 = EDGE_CURVE ( 'NONE', #3012, #5027, #178, .T. ) ;
#5236 = CARTESIAN_POINT ( 'NONE',  ( 26.49999999999999289, 13.99999999999999822, -1.065736050498977683 ) ) ;
#5237 = B_SPLINE_CURVE_WITH_KNOTS ( 'NONE', 3,
 ( #5174, #3196, #4546, #1057, #4079, #2711, #5764, #798, #2353, #2219, #4125, #5831, #986, #5315, #3349, #9, #4770, #4809, #4362, #52, #1440, #5809 ),
 .UNSPECIFIED., .F., .F.,
 ( 4, 2, 2, 2, 2, 2, 2, 2, 2, 2, 4 ),
 ( 0.000000000000000000, 0.001222158011875048569, 0.002444316023750097138, 0.003055395029687614592, 0.003666474035625131179, 0.004888632047500174327, 0.006110790059375217909, 0.007332948071250260623, 0.007944027077187778077, 0.008555106083125294664, 0.009777264095000329572 ),
 .UNSPECIFIED. ) ;
#5238 = FACE_BOUND ( 'NONE', #5533, .T. ) ;
#5239 = DIRECTION ( 'NONE',  ( 1.000000000000000000, 0.000000000000000000, 0.000000000000000000 ) ) ;
#5240 = ORIENTED_EDGE ( 'NONE', *, *, #5904, .T. ) ;
#5241 = CARTESIAN_POINT ( 'NONE',  ( -26.95915279878972370, 14.39646536824643341, -1.103049451090956756 ) ) ;
#5242 = CIRCLE ( 'NONE', #3774, 1.749999999999998002 ) ;
#5243 = CARTESIAN_POINT ( 'NONE',  ( 25.07654814106181007, -16.26253931394430197, -0.9540534891861524036 ) ) ;
#5244 = EDGE_CURVE ( 'NONE', #3270, #4979, #4676, .T. ) ;
#5245 = CARTESIAN_POINT ( 'NONE',  ( 21.20000000000000639, -15.49999999999999467, 18.47251272689750579 ) ) ;
#5246 = EDGE_CURVE ( 'NONE', #154, #740, #21, .T. ) ;
#5247 = CARTESIAN_POINT ( 'NONE',  ( -24.30000000000000071, -13.50000000000000355, 16.54000000000001336 ) ) ;
#5248 = VERTEX_POINT ( 'NONE', #2908 ) ;
#5249 = ORIENTED_EDGE ( 'NONE', *, *, #4931, .T. ) ;
#5250 = DIRECTION ( 'NONE',  ( -0.7673251572249022434, -0.3502942100631538103, -0.5371276100574334800 ) ) ;
#5251 = CARTESIAN_POINT ( 'NONE',  ( 27.79485807679751019, -15.29147488228672636, 0.9541705008715108960 ) ) ;
#5252 = CARTESIAN_POINT ( 'NONE',  ( -28.46816665592634266, -16.07038920189515352, -0.02574736040104280699 ) ) ;
#5253 = EDGE_CURVE ( 'NONE', #3339, #2800, #1290, .T. ) ;
#5254 = CARTESIAN_POINT ( 'NONE',  ( -24.00000000000001066, 17.99999999999999645, 1.331918172698745462 ) ) ;
#5255 = ORIENTED_EDGE ( 'NONE', *, *, #1019, .F. ) ;
#5256 = CARTESIAN_POINT ( 'NONE',  ( 27.88547915464731375, 17.05771499764470178, 0.02404999544273835749 ) ) ;
#5257 = CARTESIAN_POINT ( 'NONE',  ( -22.70000000000000639, -13.50000000000000355, 6.399999999999999467 ) ) ;
#5258 = ORIENTED_EDGE ( 'NONE', *, *, #5538, .F. ) ;
#5259 = LINE ( 'NONE', #5692, #5043 ) ;
#5260 = CARTESIAN_POINT ( 'NONE',  ( -26.91952486012472434, 16.22681461262960312, 16.53731594027275875 ) ) ;
#5261 = ORIENTED_EDGE ( 'NONE', *, *, #1332, .F. ) ;
#5262 = CARTESIAN_POINT ( 'NONE',  ( -24.30000000000000071, 13.50000000000000355, 16.54000000000001336 ) ) ;
#5263 = CARTESIAN_POINT ( 'NONE',  ( 26.21782786363164774, -15.98537694913592233, -1.043095929836520552 ) ) ;
#5264 = VERTEX_POINT ( 'NONE', #1940 ) ;
#5265 = VECTOR ( 'NONE', #1314, 1000.000000000000000 ) ;
#5266 = CARTESIAN_POINT ( 'NONE',  ( -25.65052664947746308, 15.88476327032232938, -0.5227230087303542660 ) ) ;
#5267 = CARTESIAN_POINT ( 'NONE',  ( 0.000000000000000000, -16.99999999999999289, -330.0000000000000000 ) ) ;
#5268 = PRODUCT_DEFINITION ( '未知', '', #768, #3058 ) ;
#5269 = DIRECTION ( 'NONE',  ( 0.000000000000000000, 1.000000000000000000, 0.000000000000000000 ) ) ;
#5270 = CARTESIAN_POINT ( 'NONE',  ( 23.99999999999999289, -17.99999999999999645, 1.331918172698759451 ) ) ;
#5271 = EDGE_CURVE ( 'NONE', #5644, #5475, #2455, .T. ) ;
#5272 = ORIENTED_EDGE ( 'NONE', *, *, #6101, .T. ) ;
#5273 = CARTESIAN_POINT ( 'NONE',  ( -27.88856813847654337, -15.07692444912435903, 0.02501228859793195800 ) ) ;
#5274 = CARTESIAN_POINT ( 'NONE',  ( 1.239088197126291803E-16, 18.00000000000000000, -330.0000000000000000 ) ) ;
#5275 = FACE_OUTER_BOUND ( 'NONE', #1681, .T. ) ;
#5276 = CARTESIAN_POINT ( 'NONE',  ( -28.35770293117642993, -20.67278924111328564, -1.220632148199207734 ) ) ;
#5277 = CARTESIAN_POINT ( 'NONE',  ( 26.96226515358373987, 17.98026405898409408, 0.1008179628505627423 ) ) ;
#5278 = B_SPLINE_CURVE_WITH_KNOTS ( 'NONE', 3,
 ( #3662, #4192, #2681, #1317, #6074, #303, #322, #3169, #4620, #1705, #3614, #3641, #5564, #1769, #2722, #1750, #838, #3685, #4681, #3149 ),
 .UNSPECIFIED., .F., .F.,
 ( 4, 2, 2, 2, 2, 2, 2, 2, 2, 4 ),
 ( 1.355252715606880543E-20, 0.0009764308697681292918, 0.001464646304652194751, 0.001952861739536260318, 0.002929292609304387333, 0.003905723479072514565, 0.004882154348840640930, 0.005858585218608768595, 0.006835016088376896261, 0.007811446958145023926 ),
 .UNSPECIFIED. ) ;
#5279 = VERTEX_POINT ( 'NONE', #3831 ) ;
#5280 = DIRECTION ( 'NONE',  ( 0.000000000000000000, -1.000000000000000000, 0.000000000000000000 ) ) ;
#5281 = CARTESIAN_POINT ( 'NONE',  ( 29.74600023709889030, 20.33131944685487014, -0.1382005531408818377 ) ) ;
#5282 = EDGE_CURVE ( 'NONE', #2673, #1698, #4901, .T. ) ;
#5283 = CARTESIAN_POINT ( 'NONE',  ( -26.94266513632107873, -15.86238163382619781, 16.52111774693530677 ) ) ;
#5284 = ORIENTED_EDGE ( 'NONE', *, *, #5452, .T. ) ;
#5285 = LINE ( 'NONE', #3033, #5900 ) ;
#5286 = DIRECTION ( 'NONE',  ( 0.000000000000000000, 0.000000000000000000, -1.000000000000000000 ) ) ;
#5287 = CARTESIAN_POINT ( 'NONE',  ( 27.53025132389647922, -21.10433062621891054, 0.05387479980687585879 ) ) ;
#5288 = CARTESIAN_POINT ( 'NONE',  ( 26.49999999999999289, 14.16530364597993774, -0.6047207378371611819 ) ) ;
#5289 = VERTEX_POINT ( 'NONE', #3807 ) ;
#5290 = EDGE_CURVE ( 'NONE', #2982, #4233, #769, .T. ) ;
#5291 = DIRECTION ( 'NONE',  ( -1.239088197126290817E-16, 1.000000000000000000, -0.000000000000000000 ) ) ;
#5292 = FACE_OUTER_BOUND ( 'NONE', #4338, .T. ) ;
#5293 = AXIS2_PLACEMENT_3D ( 'NONE', #3617, #6034, #783 ) ;
#5294 = DIRECTION ( 'NONE',  ( 0.000000000000000000, 1.000000000000000000, 0.000000000000000000 ) ) ;
#5295 = CARTESIAN_POINT ( 'NONE',  ( 25.78801588183572235, -16.38748779694224922, -1.009111270364609680 ) ) ;
#5296 = CARTESIAN_POINT ( 'NONE',  ( -29.70057537419301141, -20.37123482596087243, -1.338936379446095115 ) ) ;
#5297 = ORIENTED_EDGE ( 'NONE', *, *, #862, .F. ) ;
#5298 = AXIS2_PLACEMENT_3D ( 'NONE', #3097, #4101, #247 ) ;
#5299 = VERTEX_POINT ( 'NONE', #525 ) ;
#5300 = DIRECTION ( 'NONE',  ( 0.000000000000000000, 0.000000000000000000, 1.000000000000000000 ) ) ;
#5301 = AXIS2_PLACEMENT_3D ( 'NONE', #2846, #1477, #484 ) ;
#5302 = VECTOR ( 'NONE', #5591, 1000.000000000000000 ) ;
#5303 = AXIS2_PLACEMENT_3D ( 'NONE', #2794, #3814, #3757 ) ;
#5304 = DIRECTION ( 'NONE',  ( -0.000000000000000000, -1.000000000000000000, -0.000000000000000000 ) ) ;
#5305 = DIRECTION ( 'NONE',  ( 0.000000000000000000, 1.000000000000000000, 0.000000000000000000 ) ) ;
#5306 = CARTESIAN_POINT ( 'NONE',  ( -26.24581512615023726, 15.11033577277205531, -0.5798521470223536589 ) ) ;
#5307 = DIRECTION ( 'NONE',  ( 1.000000000000000000, -0.000000000000000000, -0.000000000000000000 ) ) ;
#5308 = DIRECTION ( 'NONE',  ( 1.000000000000000000, 2.949029909160569536E-14, 0.000000000000000000 ) ) ;
#5309 = ADVANCED_FACE ( 'NONE', ( #6167 ), #5730, .F. ) ;
#5310 = LINE ( 'NONE', #5257, #6073 ) ;
#5311 = DIRECTION ( 'NONE',  ( 0.000000000000000000, 1.000000000000000000, 0.000000000000000000 ) ) ;
#5312 = DIRECTION ( 'NONE',  ( 1.239088197126291063E-16, -1.000000000000000000, 0.000000000000000000 ) ) ;
#5313 = DIRECTION ( 'NONE',  ( -0.000000000000000000, -1.000000000000000000, -0.000000000000000000 ) ) ;
#5314 = CARTESIAN_POINT ( 'NONE',  ( 25.94217612858599509, -16.26097058518043070, -1.021242758733098777 ) ) ;
#5315 = CARTESIAN_POINT ( 'NONE',  ( -28.35918810355186537, 20.68334012188701720, -1.220635796416876362 ) ) ;
#5316 = CIRCLE ( 'NONE', #4480, 1.749999999999999778 ) ;
#5317 = CARTESIAN_POINT ( 'NONE',  ( -28.80817404356650968, -21.01250527339212226, -1.259678463204066290 ) ) ;
#5318 = EDGE_CURVE ( 'NONE', #3981, #5621, #2181, .T. ) ;
#5319 = ORIENTED_EDGE ( 'NONE', *, *, #4791, .T. ) ;
#5320 = DATE_TIME_ROLE ( 'creation_date' ) ;
#5321 = EDGE_LOOP ( 'NONE', ( #5982, #1035, #5885, #1733, #2676, #4344 ) ) ;
#5322 = DIRECTION ( 'NONE',  ( 0.000000000000000000, 0.000000000000000000, 1.000000000000000000 ) ) ;
#5323 = CARTESIAN_POINT ( 'NONE',  ( -27.94524172235941251, -14.76165063995399507, 15.28907587654809141 ) ) ;
#5324 = ORIENTED_EDGE ( 'NONE', *, *, #1700, .T. ) ;
#5325 = CARTESIAN_POINT ( 'NONE',  ( -16.83999999999999986, -17.40000000000000213, 8.650000000000002132 ) ) ;
#5326 = EDGE_CURVE ( 'NONE', #1167, #2813, #1062, .T. ) ;
#5327 = CARTESIAN_POINT ( 'NONE',  ( 27.90314889659462239, -20.94993547278803803, 0.02255875921265054415 ) ) ;
#5328 = AXIS2_PLACEMENT_3D ( 'NONE', #1643, #3526, #3018 ) ;
#5329 = CARTESIAN_POINT ( 'NONE',  ( -25.30000000000000071, -22.00000000000000000, -0.4697889418938117068 ) ) ;
#5330 = VERTEX_POINT ( 'NONE', #2407 ) ;
#5331 = ORIENTED_EDGE ( 'NONE', *, *, #6162, .F. ) ;
#5332 = AXIS2_PLACEMENT_3D ( 'NONE', #4533, #5422, #4447 ) ;
#5333 = DIRECTION ( 'NONE',  ( 0.000000000000000000, 0.000000000000000000, 1.000000000000000000 ) ) ;
#5334 = CARTESIAN_POINT ( 'NONE',  ( 30.61894603124377312, -19.39787896268181200, -0.8846219573721652019 ) ) ;
#5335 = PLANE ( 'NONE',  #500 ) ;
#5336 = CARTESIAN_POINT ( 'NONE',  ( 26.56168618094330469, -15.50625249713804443, -1.070693150476032862 ) ) ;
#5337 = CARTESIAN_POINT ( 'NONE',  ( -25.26172465960665647, -21.50000000000000000, -0.9683217876700982440 ) ) ;
#5338 = ORIENTED_EDGE ( 'NONE', *, *, #2171, .F. ) ;
#5339 = AXIS2_PLACEMENT_3D ( 'NONE', #388, #4645, #1734 ) ;
#5340 = CIRCLE ( 'NONE', #4173, 1.000000000000000888 ) ;
#5341 = VERTEX_POINT ( 'NONE', #6210 ) ;
#5342 = ADVANCED_FACE ( 'NONE', ( #3439, #913 ), #470, .F. ) ;
#5343 = DIRECTION ( 'NONE',  ( 1.000000000000000000, 0.000000000000000000, 0.000000000000000000 ) ) ;
#5344 = DIRECTION ( 'NONE',  ( 0.000000000000000000, -1.000000000000000000, 0.000000000000000000 ) ) ;
#5345 = ORIENTED_EDGE ( 'NONE', *, *, #1576, .F. ) ;
#5346 = CARTESIAN_POINT ( 'NONE',  ( -27.09513672375488724, -16.57178744185782193, 16.41438763573214032 ) ) ;
#5347 = CARTESIAN_POINT ( 'NONE',  ( -31.45234493192133129, 22.00000000000000000, -1.502283115569491567 ) ) ;
#5348 = DIRECTION ( 'NONE',  ( 0.000000000000000000, 1.000000000000000000, 0.000000000000000000 ) ) ;
#5349 = CARTESIAN_POINT ( 'NONE',  ( 29.72655947139548260, -20.34839199416644107, -0.6089942350052752751 ) ) ;
#5350 = CARTESIAN_POINT ( 'NONE',  ( -31.77549640192087210, -17.03389261940971977, -0.9847289411273109083 ) ) ;
#5351 = VERTEX_POINT ( 'NONE', #2352 ) ;
#5352 = VECTOR ( 'NONE', #827, 1000.000000000000000 ) ;
#5353 = DIRECTION ( 'NONE',  ( 0.000000000000000000, 0.000000000000000000, 1.000000000000000000 ) ) ;
#5354 = CARTESIAN_POINT ( 'NONE',  ( 26.17634051767438308, -21.95671474357423492, -0.5328148108413909290 ) ) ;
#5355 = EDGE_CURVE ( 'NONE', #389, #1832, #4744, .T. ) ;
#5356 = DIRECTION ( 'NONE',  ( 1.000000000000000000, 1.239088197126290817E-16, 0.000000000000000000 ) ) ;
#5357 = CARTESIAN_POINT ( 'NONE',  ( 31.45234493192133129, -15.30000000000000071, -1.502283115569518213 ) ) ;
#5358 = ORIENTED_EDGE ( 'NONE', *, *, #6064, .F. ) ;
#5359 = CARTESIAN_POINT ( 'NONE',  ( -27.79485807679752796, 15.29147488228672103, 0.9541705008715111180 ) ) ;
#5360 = VECTOR ( 'NONE', #4259, 1000.000000000000000 ) ;
#5361 = B_SPLINE_CURVE_WITH_KNOTS ( 'NONE', 3,
 ( #4959, #656, #612, #5915, #2074, #2511, #3042, #3026, #206, #2578, #4032, #183, #1099, #5979, #4469, #1569, #3511, #4008, #3003, #2979, #4921, #3532 ),
 .UNSPECIFIED., .F., .F.,
 ( 4, 2, 2, 2, 2, 2, 2, 2, 2, 2, 4 ),
 ( 0.000000000000000000, 0.001310318365037138090, 0.001965477547555707135, 0.002620636730074276180, 0.003930955095111414270, 0.005241273460148552360, 0.006551591825185689583, 0.007206751007704264265, 0.007861910190222842418, 0.009172228555259979640, 0.01048254692029711860 ),
 .UNSPECIFIED. ) ;
#5362 = CARTESIAN_POINT ( 'NONE',  ( -26.70000000000000995, 11.20000000000000462, 6.399999999999999467 ) ) ;
#5363 = MECHANICAL_CONTEXT ( 'NONE', #3922, 'mechanical' ) ;
#5364 = DIRECTION ( 'NONE',  ( -1.000000000000000000, 0.000000000000000000, 0.000000000000000000 ) ) ;
#5365 = FACE_OUTER_BOUND ( 'NONE', #1119, .T. ) ;
#5366 = EDGE_CURVE ( 'NONE', #2440, #1585, #3604, .T. ) ;
#5367 = CARTESIAN_POINT ( 'NONE',  ( -27.99999999811755913, 14.26982046208793342, 0.01557451768656132815 ) ) ;
#5368 = CARTESIAN_POINT ( 'NONE',  ( 23.99999999999999289, 16.50000000000000000, 6.399999999999999467 ) ) ;
#5369 = ORIENTED_EDGE ( 'NONE', *, *, #1069, .F. ) ;
#5370 = VERTEX_POINT ( 'NONE', #1525 ) ;
#5371 = FACE_OUTER_BOUND ( 'NONE', #960, .T. ) ;
#5372 = CARTESIAN_POINT ( 'NONE',  ( -31.64774844304384160, -17.45511646338850298, -0.9735071266134989187 ) ) ;
#5373 = ADVANCED_FACE ( 'NONE', ( #2030 ), #6102, .T. ) ;
#5374 = EDGE_CURVE ( 'NONE', #3085, #4010, #4596, .T. ) ;
#5375 = CARTESIAN_POINT ( 'NONE',  ( -26.70000000000000995, -11.20000000000000462, 6.399999999999999467 ) ) ;
#5376 = ORIENTED_EDGE ( 'NONE', *, *, #4764, .T. ) ;
#5377 = CARTESIAN_POINT ( 'NONE',  ( 24.30000000000000071, 13.50000000000000355, 16.54000000000000625 ) ) ;
#5378 = CARTESIAN_POINT ( 'NONE',  ( 23.50000000000000355, 13.50000000000000355, 6.399999999999999467 ) ) ;
#5379 = PERSON_AND_ORGANIZATION ( #2644, #6096 ) ;
#5380 = CARTESIAN_POINT ( 'NONE',  ( 26.49999999999999289, 11.20000000000000462, 20.00000000000000000 ) ) ;
#5381 = CARTESIAN_POINT ( 'NONE',  ( 31.25196311607995980, -16.91724053352422175, -1.483149174940892934 ) ) ;
#5382 = CARTESIAN_POINT ( 'NONE',  ( -31.50727395953094145, 16.11333270538212759, -0.3020503692447538135 ) ) ;
#5383 = CIRCLE ( 'NONE', #872, 10.00000000000000000 ) ;
#5384 = APPROVAL_ROLE ( '' ) ;
#5385 = CARTESIAN_POINT ( 'NONE',  ( 31.11189553335013258, 18.64066394067336319, -0.2642576833159427929 ) ) ;
#5386 = DIRECTION ( 'NONE',  ( -0.000000000000000000, -0.000000000000000000, 1.000000000000000000 ) ) ;
#5387 = CARTESIAN_POINT ( 'NONE',  ( -27.15893705594353236, 16.48317551176839402, 15.70188582641619490 ) ) ;
#5388 = PLANE ( 'NONE',  #476 ) ;
#5389 = TOROIDAL_SURFACE ( 'NONE', #5138, 1.000000000000000000, 1.000000000000000000 ) ;
#5390 = PLANE ( 'NONE',  #5184 ) ;
#5391 = CARTESIAN_POINT ( 'NONE',  ( 26.49999999999999289, -17.99999999999999645, 15.00000000000000355 ) ) ;
#5392 = CARTESIAN_POINT ( 'NONE',  ( 23.99999999999998934, 16.49999999999999645, -0.3725587879552969550 ) ) ;
#5393 = ORIENTED_EDGE ( 'NONE', *, *, #3168, .F. ) ;
#5394 = ORIENTED_EDGE ( 'NONE', *, *, #2285, .F. ) ;
#5395 = CARTESIAN_POINT ( 'NONE',  ( -24.30000000000000071, 11.90000000000000391, 16.54000000000000981 ) ) ;
#5396 = CARTESIAN_POINT ( 'NONE',  ( 27.87203034954584879, -15.03707212355524980, 0.9457603628687923925 ) ) ;
#5397 = ORIENTED_EDGE ( 'NONE', *, *, #2220, .F. ) ;
#5398 = DIRECTION ( 'NONE',  ( -0.9973598826385620120, 0.000000000000000000, -0.07261724659606701160 ) ) ;
#5399 = CARTESIAN_POINT ( 'NONE',  ( 26.66473749307955998, -21.34204256771158015, -1.078989636223241400 ) ) ;
#5400 = DIRECTION ( 'NONE',  ( 0.000000000000000000, 1.000000000000000000, 0.000000000000000000 ) ) ;
#5401 = ORIENTED_EDGE ( 'NONE', *, *, #2923, .T. ) ;
#5402 = ORIENTED_EDGE ( 'NONE', *, *, #5688, .F. ) ;
#5403 = AXIS2_PLACEMENT_3D ( 'NONE', #548, #5364, #4389 ) ;
#5404 = ADVANCED_FACE ( 'NONE', ( #12 ), #3520, .F. ) ;
#5405 = CARTESIAN_POINT ( 'NONE',  ( -31.77549719953471552, 17.03388959288938409, -0.7838270320126115021 ) ) ;
#5406 = ORIENTED_EDGE ( 'NONE', *, *, #3740, .T. ) ;
#5407 = CARTESIAN_POINT ( 'NONE',  ( 31.22678946067889072, 17.30822558722993421, -0.2753391312936148139 ) ) ;
#5408 = VERTEX_POINT ( 'NONE', #4470 ) ;
#5410 = DIRECTION ( 'NONE',  ( 1.000000000000000000, 0.000000000000000000, 0.000000000000000000 ) ) ;
#5409 = CARTESIAN_POINT ( 'NONE',  ( 0.000000000000000000, 22.00000000000000000, -330.0000000000000000 ) ) ;
#5411 = CARTESIAN_POINT ( 'NONE',  ( -27.30608093336618580, 16.29145350433570272, 16.26672668900341279 ) ) ;
#5412 = CARTESIAN_POINT ( 'NONE',  ( -25.33825219231932735, -21.50000000000000000, 0.2293339118110010177 ) ) ;
#5413 = ORIENTED_EDGE ( 'NONE', *, *, #4201, .T. ) ;
#5414 = EDGE_CURVE ( 'NONE', #590, #1828, #608, .T. ) ;
#5415 = APPROVAL_DATE_TIME ( #456, #3650 ) ;
#5416 = CARTESIAN_POINT ( 'NONE',  ( 31.54762624735409915, 15.29999999999999716, -0.3059186485793122245 ) ) ;
#5417 = DIRECTION ( 'NONE',  ( -1.239088197126291063E-16, 1.000000000000000000, 0.000000000000000000 ) ) ;
#5418 = CARTESIAN_POINT ( 'NONE',  ( 25.29110598996070536, 16.69642011922722702, -0.9705294076459886066 ) ) ;
#5419 = EDGE_LOOP ( 'NONE', ( #1957, #385 ) ) ;
#5420 = AXIS2_PLACEMENT_3D ( 'NONE', #923, #1916, #486 ) ;
#5421 = FACE_OUTER_BOUND ( 'NONE', #3295, .T. ) ;
#5422 = DIRECTION ( 'NONE',  ( -1.239088197126290817E-16, 1.000000000000000000, 0.000000000000000000 ) ) ;
#5423 = CARTESIAN_POINT ( 'NONE',  ( -27.62099498901245198, 21.58908494308133186, -1.157857794363154058 ) ) ;
#5424 = CARTESIAN_POINT ( 'NONE',  ( 27.99999999999999289, 3.220000000000008633, 6.250000000000000000 ) ) ;
#5425 = CARTESIAN_POINT ( 'NONE',  ( 25.02792532251879720, -17.90225109431908379, 17.81447604932101569 ) ) ;
#5426 = ORIENTED_EDGE ( 'NONE', *, *, #5004, .F. ) ;
#5427 = AXIS2_PLACEMENT_3D ( 'NONE', #4638, #3206, #1765 ) ;
#5428 = CYLINDRICAL_SURFACE ( 'NONE', #5711, 2.499999999999998668 ) ;
#5429 = CARTESIAN_POINT ( 'NONE',  ( 31.10122044438332622, 18.65916642001192827, -0.7251071549691657792 ) ) ;
#5430 = CARTESIAN_POINT ( 'NONE',  ( 25.22653915241118838, -18.83853296020943091, 0.2380443945532117189 ) ) ;
#5431 = ORIENTED_EDGE ( 'NONE', *, *, #3677, .T. ) ;
#5432 = VECTOR ( 'NONE', #5181, 1000.000000000000000 ) ;
#5433 = CARTESIAN_POINT ( 'NONE',  ( -24.30000000000000071, -13.50000000000000355, 6.399999999999999467 ) ) ;
#5434 = DIRECTION ( 'NONE',  ( 0.000000000000000000, 0.000000000000000000, -1.000000000000000000 ) ) ;
#5435 = DIRECTION ( 'NONE',  ( 0.000000000000000000, 0.000000000000000000, 1.000000000000000000 ) ) ;
#5436 = ADVANCED_FACE ( 'NONE', ( #687 ), #4960, .F. ) ;
#5437 = ORIENTED_EDGE ( 'NONE', *, *, #744, .F. ) ;
#5438 = CARTESIAN_POINT ( 'NONE',  ( 20.86955553836180854, 16.50000000000000000, 17.49999999999999645 ) ) ;
#5439 = LINE ( 'NONE', #4264, #6048 ) ;
#5440 = CARTESIAN_POINT ( 'NONE',  ( 27.64644571656623029, -15.68824636378144533, 16.02847134076385771 ) ) ;
#5441 = EDGE_CURVE ( 'NONE', #3071, #1974, #3352, .T. ) ;
#5442 = CARTESIAN_POINT ( 'NONE',  ( -30.32088723838262823, 19.75813950381061090, -1.395521380141025558 ) ) ;
#5443 = DIRECTION ( 'NONE',  ( 0.5734623443633297679, 0.000000000000000000, 0.8192319205190395914 ) ) ;
#5444 = DIRECTION ( 'NONE',  ( 0.000000000000000000, 0.000000000000000000, -1.000000000000000000 ) ) ;
#5445 = CARTESIAN_POINT ( 'NONE',  ( -28.00000000000001421, 14.26476538014478912, 0.9317754462389888914 ) ) ;
#5446 = CYLINDRICAL_SURFACE ( 'NONE', #680, 0.7999999999999986011 ) ;
#5447 = CARTESIAN_POINT ( 'NONE',  ( 24.43503365581440079, -17.99999999999996092, 18.11928168466311817 ) ) ;
#5448 = CARTESIAN_POINT ( 'NONE',  ( -30.62785074231693372, 19.38604362773495282, -0.6845386386232064080 ) ) ;
#5449 = ORIENTED_EDGE ( 'NONE', *, *, #1193, .T. ) ;
#5450 = CARTESIAN_POINT ( 'NONE',  ( -28.00000000000000711, -14.00000000000000178, 0.9317754462390137604 ) ) ;
#5451 = VERTEX_POINT ( 'NONE', #4900 ) ;
#5452 = EDGE_CURVE ( 'NONE', #2982, #454, #5731, .T. ) ;
#5453 = CARTESIAN_POINT ( 'NONE',  ( -25.71042842561879382, 17.62590762837875147, 0.2009271683459181446 ) ) ;
#5454 = DIRECTION ( 'NONE',  ( -0.000000000000000000, -0.000000000000000000, 1.000000000000000000 ) ) ;
#5455 = CARTESIAN_POINT ( 'NONE',  ( -21.20000000000000639, 13.50000000000000178, 6.399999999999999467 ) ) ;
#5456 = DIRECTION ( 'NONE',  ( 1.000000000000000000, 0.000000000000000000, 0.000000000000000000 ) ) ;
#5457 = CARTESIAN_POINT ( 'NONE',  ( -32.00000000000000000, -15.30000000000000071, -1.555179672444835681 ) ) ;
#5458 = CYLINDRICAL_SURFACE ( 'NONE', #4848, 1.400000000000000133 ) ;
#5459 = DIRECTION ( 'NONE',  ( 0.000000000000000000, 1.000000000000000000, 0.000000000000000000 ) ) ;
#5460 = CARTESIAN_POINT ( 'NONE',  ( 26.32191525477330885, -16.45448561613124383, 16.95564266401874676 ) ) ;
#5461 = DIRECTION ( 'NONE',  ( -0.000000000000000000, 1.000000000000000000, -0.000000000000000000 ) ) ;
#5462 = CARTESIAN_POINT ( 'NONE',  ( -25.26172465960665647, -21.50000000000000000, -0.9683217876700696003 ) ) ;
#5463 = CIRCLE ( 'NONE', #623, 2.749999999999995559 ) ;
#5464 = CARTESIAN_POINT ( 'NONE',  ( -27.90314889659449804, 20.94993547278768276, 0.02255875921262231326 ) ) ;
#5465 = ADVANCED_FACE ( 'NONE', ( #1944 ), #4509, .F. ) ;
#5466 = VERTEX_POINT ( 'NONE', #2639 ) ;
#5467 = LINE ( 'NONE', #3598, #5020 ) ;
#5468 = CARTESIAN_POINT ( 'NONE',  ( 30.60861693716947940, 18.58459242163850433, -0.2173964672289623867 ) ) ;
#5470 = CARTESIAN_POINT ( 'NONE',  ( 29.37862029116537244, -20.63347751095549754, -0.7811480856990015154 ) ) ;
#5469 = DIRECTION ( 'NONE',  ( 0.000000000000000000, -1.000000000000000000, 2.282530889443166627E-15 ) ) ;
#5471 = CARTESIAN_POINT ( 'NONE',  ( -26.00486198315799058, 17.47125108608164012, 1.140971353324694126 ) ) ;
#5472 = DIRECTION ( 'NONE',  ( 0.000000000000000000, 2.282530889443166627E-15, -1.000000000000000000 ) ) ;
#5473 = ORIENTED_EDGE ( 'NONE', *, *, #1332, .T. ) ;
#5474 =( BOUNDED_SURFACE ( )  B_SPLINE_SURFACE ( 3, 2, ( 
 ( #3731, #4771, #4709 ),
 ( #3767, #870, #3221 ),
 ( #1328, #910, #4691 ),
 ( #1821, #1798, #1361 ),
 ( #5161, #2264, #2733 ),
 ( #4257, #3713, #3750 ),
 ( #4219, #1863, #5197 ),
 ( #2298, #5686, #2772 ),
 ( #3255, #32, #1010 ),
 ( #526, #4831, #5811 ),
 ( #2389, #2425, #5790 ),
 ( #1921, #5296, #53 ),
 ( #1941, #4300, #3333 ),
 ( #947, #5317, #1964 ),
 ( #5276, #2408, #1902 ),
 ( #1506, #3350, #2372 ),
 ( #3393, #2890, #3374 ),
 ( #73, #3851, #1442 ),
 ( #5832, #3871, #2870 ),
 ( #1482, #988, #542 ),
 ( #4810, #507, #4853 ),
 ( #4364, #4337, #3891 ),
 ( #1032, #1463, #10 ),
 ( #5337, #4321, #1422 ) ),
 .UNSPECIFIED., .F., .F., .T. ) 
 B_SPLINE_SURFACE_WITH_KNOTS ( ( 4, 2, 2, 2, 2, 2, 2, 2, 2, 2, 2, 4 ),
 ( 3, 3 ),
 ( 0.000000000000000000, 0.001212852753497994191, 0.001819279130246991179, 0.002425705506995988383, 0.003638558260493982358, 0.004851411013991976766, 0.006064263767489971174, 0.006670690144238967945, 0.007277116520987964715, 0.007883542897736961486, 0.008489969274485958256, 0.009702822027983953532 ),
 ( 0.000000000000000000, 1.000000000000000000 ),
 .UNSPECIFIED. ) 
 GEOMETRIC_REPRESENTATION_ITEM ( )  RATIONAL_B_SPLINE_SURFACE ( (
 ( 1.000000000000000000, 0.6725659312820800873, 1.000000000000000000),
 ( 1.000000000000000000, 0.6725665694443094811, 1.000000000000000000),
 ( 1.000000000000000000, 0.6728424709256261016, 1.000000000000000000),
 ( 1.000000000000000000, 0.6736459107721332051, 1.000000000000000000),
 ( 1.000000000000000000, 0.6739788102669711511, 1.000000000000000000),
 ( 1.000000000000000000, 0.6747740239500873427, 1.000000000000000000),
 ( 1.000000000000000000, 0.6752383727538876501, 1.000000000000000000),
 ( 1.000000000000000000, 0.6767892569742381959, 1.000000000000000000),
 ( 1.000000000000000000, 0.6780394949366790325, 1.000000000000000000),
 ( 1.000000000000000000, 0.6809187608935771685, 1.000000000000000000),
 ( 1.000000000000000000, 0.6825604412839848534, 1.000000000000000000),
 ( 1.000000000000000000, 0.6860327833739096048, 1.000000000000000000),
 ( 1.000000000000000000, 0.6878772554416011653, 1.000000000000000000),
 ( 1.000000000000000000, 0.6907691068148938962, 1.000000000000000000),
 ( 1.000000000000000000, 0.6917521225879230684, 1.000000000000000000),
 ( 1.000000000000000000, 0.6937115807070186602, 1.000000000000000000),
 ( 1.000000000000000000, 0.6946932335623419164, 1.000000000000000000),
 ( 1.000000000000000000, 0.6966554369822322013, 1.000000000000000000),
 ( 1.000000000000000000, 0.6976359953946987824, 1.000000000000000000),
 ( 1.000000000000000000, 0.6995921098771166191, 1.000000000000000000),
 ( 1.000000000000000000, 0.7005720481425098400, 1.000000000000000000),
 ( 1.000000000000000000, 0.7034637136360016862, 1.000000000000000000),
 ( 1.000000000000000000, 0.7053220049787407575, 1.000000000000000000),
 ( 1.000000000000000000, 0.7071067811865475727, 1.000000000000000000) ) ) 
 REPRESENTATION_ITEM ( '' )  SURFACE ( )  );
#5475 = VERTEX_POINT ( 'NONE', #1180 ) ;
#5476 = CARTESIAN_POINT ( 'NONE',  ( 32.00000000000000000, 15.29999999999999716, -0.3495184289882269368 ) ) ;
#5477 = PLANE ( 'NONE',  #5758 ) ;
#5478 = EDGE_CURVE ( 'NONE', #4792, #2972, #4812, .T. ) ;
#5479 = DIRECTION ( 'NONE',  ( 1.000000000000000000, 0.000000000000000000, 0.000000000000000000 ) ) ;
#5480 = CARTESIAN_POINT ( 'NONE',  ( 28.39848359475607609, 16.21777210332603048, -0.01973980059156954167 ) ) ;
#5481 = VERTEX_POINT ( 'NONE', #696 ) ;
#5482 = CARTESIAN_POINT ( 'NONE',  ( 29.39005176995905799, 20.62496439201486353, -0.7820804566349692788 ) ) ;
#5483 =( BOUNDED_SURFACE ( )  B_SPLINE_SURFACE ( 3, 2, ( 
 ( #4252, #4291, #5738 ),
 ( #1873, #3780, #4761 ),
 ( #445, #2764, #426 ),
 ( #3760, #6147, #903 ),
 ( #3250, #3742, #1834 ),
 ( #5699, #1372, #4742 ),
 ( #2329, #6183, #2344 ),
 ( #1954, #4822, #1473 ),
 ( #3343, #557, #1977 ),
 ( #25, #2400, #65 ),
 ( #3843, #516, #3861 ),
 ( #5803, #3405, #5349 ),
 ( #499, #978, #4844 ),
 ( #2436, #3365, #1435 ),
 ( #2843, #3905, #957 ),
 ( #4354, #1496, #5842 ),
 ( #5327, #2420, #4311 ),
 ( #5287, #5820, #2925 ),
 ( #6222, #3825, #4865 ),
 ( #1453, #83, #4800 ),
 ( #1044, #3323, #482 ),
 ( #4398, #1912, #2383 ),
 ( #1519, #2862, #4892 ),
 ( #1021, #5781, #3882 ) ),
 .UNSPECIFIED., .F., .F., .F. ) 
 B_SPLINE_SURFACE_WITH_KNOTS ( ( 4, 2, 2, 2, 2, 2, 2, 2, 2, 2, 2, 4 ),
 ( 3, 3 ),
 ( 1.301042606982605321E-18, 0.001212850102002755977, 0.001819275153004133207, 0.002425700204005510653, 0.003638550306008265112, 0.004851400408011019572, 0.006064250510013774464, 0.006670675561015151911, 0.007277100612016528490, 0.007883525663017905069, 0.008489950714019282516, 0.009702800816022037408 ),
 ( 0.000000000000000000, 1.000000000000000000 ),
 .UNSPECIFIED. ) 
 GEOMETRIC_REPRESENTATION_ITEM ( )  RATIONAL_B_SPLINE_SURFACE ( (
 ( 1.000000000000000000, 0.7400177344862063356, 1.000000000000000000),
 ( 1.000000000000000000, 0.7400170586842879095, 1.000000000000000000),
 ( 1.000000000000000000, 0.7397668144122693246, 1.000000000000000000),
 ( 1.000000000000000000, 0.7390354406861036063, 1.000000000000000000),
 ( 1.000000000000000000, 0.7387321508550598326, 1.000000000000000000),
 ( 1.000000000000000000, 0.7380062986434386962, 1.000000000000000000),
 ( 1.000000000000000000, 0.7375818620053444796, 1.000000000000000000),
 ( 1.000000000000000000, 0.7361609289399095868, 1.000000000000000000),
 ( 1.000000000000000000, 0.7350115405471305818, 1.000000000000000000),
 ( 1.000000000000000000, 0.7323465965297212277, 1.000000000000000000),
 ( 1.000000000000000000, 0.7308189332473706834, 1.000000000000000000),
 ( 1.000000000000000000, 0.7275623441716836393, 1.000000000000000000),
 ( 1.000000000000000000, 0.7258207627353501223, 1.000000000000000000),
 ( 1.000000000000000000, 0.7230671041250622544, 1.000000000000000000),
 ( 1.000000000000000000, 0.7221273354605559636, 1.000000000000000000),
 ( 1.000000000000000000, 0.7202463244213166416, 1.000000000000000000),
 ( 1.000000000000000000, 0.7193001308558749640, 1.000000000000000000),
 ( 1.000000000000000000, 0.7174010150213033787, 1.000000000000000000),
 ( 1.000000000000000000, 0.7164480863987588988, 1.000000000000000000),
 ( 1.000000000000000000, 0.7145392726573763786, 1.000000000000000000),
 ( 1.000000000000000000, 0.7135790687201780669, 1.000000000000000000),
 ( 1.000000000000000000, 0.7107341383885766861, 1.000000000000000000),
 ( 1.000000000000000000, 0.7088904848541330850, 1.000000000000000000),
 ( 1.000000000000000000, 0.7071067811865475727, 1.000000000000000000) ) ) 
 REPRESENTATION_ITEM ( '' )  SURFACE ( )  );
#5484 = CARTESIAN_POINT ( 'NONE',  ( 31.45234493192133129, -15.30000000000000249, -1.502283115569549299 ) ) ;
#5485 = CARTESIAN_POINT ( 'NONE',  ( -29.72289238778686737, 20.35161594560426579, -0.8094862547543135722 ) ) ;
#5486 = CARTESIAN_POINT ( 'NONE',  ( -24.00000000000000711, -17.00000000000000000, -0.3725587879552902382 ) ) ;
#5487 = CARTESIAN_POINT ( 'NONE',  ( -29.12647265026712162, 20.22935022366101165, -0.08303398498070276024 ) ) ;
#5488 = CARTESIAN_POINT ( 'NONE',  ( -25.74772717074130313, 21.49999999879855039, 0.1979152000122073318 ) ) ;
#5489 = VERTEX_POINT ( 'NONE', #5505 ) ;
#5490 = ORIENTED_EDGE ( 'NONE', *, *, #4185, .F. ) ;
#5491 = ORIENTED_EDGE ( 'NONE', *, *, #4719, .T. ) ;
#5492 = CARTESIAN_POINT ( 'NONE',  ( -21.20000000000000995, 16.30658499000699990, 18.07133467733310539 ) ) ;
#5493 = CARTESIAN_POINT ( 'NONE',  ( -27.74494392142083754, 15.41159148762114661, 0.9595653458009026915 ) ) ;
#5494 = CYLINDRICAL_SURFACE ( 'NONE', #6033, 2.499999999999998668 ) ;
#5495 = EDGE_CURVE ( 'NONE', #2337, #1373, #453, .T. ) ;
#5496 = CARTESIAN_POINT ( 'NONE',  ( 21.90010747597277785, -11.84062217752260260, 18.21992476681906581 ) ) ;
#5497 = CARTESIAN_POINT ( 'NONE',  ( 20.08469709767365075, -16.99999999999999289, 9.115139758254795055 ) ) ;
#5498 = AXIS2_PLACEMENT_3D ( 'NONE', #2314, #2868, #4381 ) ;
#5499 = ADVANCED_FACE ( 'NONE', ( #4435 ), #5494, .F. ) ;
#5500 = ORIENTED_EDGE ( 'NONE', *, *, #3665, .F. ) ;
#5501 = FACE_OUTER_BOUND ( 'NONE', #1806, .T. ) ;
#5502 = CARTESIAN_POINT ( 'NONE',  ( 31.95644818932523279, -16.18163809995710878, -1.000693170023165823 ) ) ;
#5503 = CARTESIAN_POINT ( 'NONE',  ( -29.37804939678300187, 20.63390957812056925, -0.7811014516987562217 ) ) ;
#5504 = CARTESIAN_POINT ( 'NONE',  ( 23.50000000000000355, 13.50000000000000355, 6.399999999999999467 ) ) ;
#5505 = CARTESIAN_POINT ( 'NONE',  ( 16.63274534606947697, -15.49999999999999467, 18.50000000000000000 ) ) ;
#5506 = ORIENTED_EDGE ( 'NONE', *, *, #576, .F. ) ;
#5507 = CARTESIAN_POINT ( 'NONE',  ( -31.12423743729018000, 18.64033746697878868, -0.2653494604870564877 ) ) ;
#5508 = FACE_BOUND ( 'NONE', #4804, .T. ) ;
#5509 = DIRECTION ( 'NONE',  ( 0.000000000000000000, -0.000000000000000000, 1.000000000000000000 ) ) ;
#5510 = AXIS2_PLACEMENT_3D ( 'NONE', #2970, #130, #1562 ) ;
#5511 = ORIENTED_EDGE ( 'NONE', *, *, #3498, .T. ) ;
#5513 = CARTESIAN_POINT ( 'NONE',  ( -27.12808335434852225, 16.96908615017279942, 15.71808401975371261 ) ) ;
#5512 = DIRECTION ( 'NONE',  ( 0.000000000000000000, -2.282530889443166627E-15, -1.000000000000000000 ) ) ;
#5514 = CIRCLE ( 'NONE', #4894, 1.000000000000000888 ) ;
#5515 = CARTESIAN_POINT ( 'NONE',  ( -25.94663616334873524, 17.50510193464953801, 0.1825112338285709568 ) ) ;
#5516 = DIRECTION ( 'NONE',  ( -0.9973598826385620120, -6.298542121549709755E-17, -0.07261724659606701160 ) ) ;
#5517 = EDGE_LOOP ( 'NONE', ( #1289, #1450, #3680, #2156 ) ) ;
#5518 = CARTESIAN_POINT ( 'NONE',  ( -27.46777859991848203, -16.01087477772412271, 0.9894518492763162421 ) ) ;
#5519 = CIRCLE ( 'NONE', #1160, 1.999999999999998224 ) ;
#5520 = DIRECTION ( 'NONE',  ( 0.000000000000000000, 1.000000000000000000, 0.000000000000000000 ) ) ;
#5521 = ORIENTED_EDGE ( 'NONE', *, *, #972, .F. ) ;
#5522 = DIRECTION ( 'NONE',  ( -1.239088197126290817E-16, 1.000000000000000000, -0.000000000000000000 ) ) ;
#5523 = CARTESIAN_POINT ( 'NONE',  ( -25.39153204592830804, 16.90483467703932519, 17.60691091021024235 ) ) ;
#5524 = VERTEX_POINT ( 'NONE', #3113 ) ;
#5525 = CARTESIAN_POINT ( 'NONE',  ( 28.35945804026821193, 20.67177782323549096, -1.220783506706762722 ) ) ;
#5526 = EDGE_CURVE ( 'NONE', #2919, #4281, #4139, .T. ) ;
#5527 = CARTESIAN_POINT ( 'NONE',  ( 28.44185852204832798, -20.67379440472313945, -0.02343583101414595249 ) ) ;
#5528 = CIRCLE ( 'NONE', #1785, 330.5000000000000000 ) ;
#5529 = CARTESIAN_POINT ( 'NONE',  ( 0.000000000000000000, -21.50000000000000000, -330.0000000000000000 ) ) ;
#5530 = CARTESIAN_POINT ( 'NONE',  ( -28.35945804026821193, -20.67177782323549806, -1.220783506706763166 ) ) ;
#5531 = CARTESIAN_POINT ( 'NONE',  ( -27.04127861989703874, 21.77347139744452775, -0.3967415710676566176 ) ) ;
#5532 = EDGE_LOOP ( 'NONE', ( #644, #4304, #2713, #4740, #4836, #4128 ) ) ;
#5533 = EDGE_LOOP ( 'NONE', ( #1401, #6019 ) ) ;
#5534 = CARTESIAN_POINT ( 'NONE',  ( 29.04029647566491690, 20.22798024309525999, -1.280094367093616903 ) ) ;
#5535 = ADVANCED_FACE ( 'NONE', ( #1281 ), #3216, .T. ) ;
#5536 = CIRCLE ( 'NONE', #756, 331.1999999999999318 ) ;
#5537 = CARTESIAN_POINT ( 'NONE',  ( 26.48374289996505127, 14.32805991715190608, -0.6031200071545933517 ) ) ;
#5538 = EDGE_CURVE ( 'NONE', #4824, #5805, #4303, .T. ) ;
#5539 = CARTESIAN_POINT ( 'NONE',  ( -24.35712562173022278, -16.99999999510596282, -0.8998844689798591867 ) ) ;
#5540 = AXIS2_PLACEMENT_3D ( 'NONE', #4920, #4897, #1938 ) ;
#5541 = VECTOR ( 'NONE', #176, 1000.000000000000000 ) ;
#5542 = CARTESIAN_POINT ( 'NONE',  ( -30.34135148281522376, -19.73458859467419657, -0.6602613443662905812 ) ) ;
#5543 = AXIS2_PLACEMENT_3D ( 'NONE', #831, #1270, #1288 ) ;
#5544 = CARTESIAN_POINT ( 'NONE',  ( -26.04442676674450752, 17.46378989442032648, 17.14988460563890271 ) ) ;
#5545 = DIRECTION ( 'NONE',  ( 1.000000000000000000, 0.000000000000000000, 0.000000000000000000 ) ) ;
#5546 = CARTESIAN_POINT ( 'NONE',  ( 31.50721154231283450, -16.11394240325364891, -0.3020443775166343214 ) ) ;
#5547 = CARTESIAN_POINT ( 'NONE',  ( -31.77539007736342924, 17.03429555025087438, -0.7838176051185972160 ) ) ;
#5548 = ORIENTED_EDGE ( 'NONE', *, *, #3409, .F. ) ;
#5549 = VERTEX_POINT ( 'NONE', #1300 ) ;
#5550 = CARTESIAN_POINT ( 'NONE',  ( 28.84061272785659469, 20.99231882200964705, -0.7376897719246982010 ) ) ;
#5551 = CARTESIAN_POINT ( 'NONE',  ( 32.00000000000000000, 15.29999999999999893, -0.8036452206678187382 ) ) ;
#5552 = CARTESIAN_POINT ( 'NONE',  ( 25.81932054130695775, -16.72907261777848831, 17.30745896344518897 ) ) ;
#5553 = VERTEX_POINT ( 'NONE', #2726 ) ;
#5554 = CARTESIAN_POINT ( 'NONE',  ( 25.65133632301740008, 15.88404974534773828, -0.5227996667745047343 ) ) ;
#5555 = CARTESIAN_POINT ( 'NONE',  ( -25.98802928607478080, -15.52461014684028306, -0.5549208175365331064 ) ) ;
#5556 = CARTESIAN_POINT ( 'NONE',  ( 26.04442676674451107, 17.46378989442033003, 17.14988460563890271 ) ) ;
#5557 = ORIENTED_EDGE ( 'NONE', *, *, #1498, .F. ) ;
#5558 = EDGE_LOOP ( 'NONE', ( #3738, #2085, #5791, #3308 ) ) ;
#5559 = CARTESIAN_POINT ( 'NONE',  ( -31.30860000117337449, -18.27235322725377031, -0.7430372380235440444 ) ) ;
#5560 = CARTESIAN_POINT ( 'NONE',  ( -24.43503365581404907, 16.99999999999999289, 18.11928168466328870 ) ) ;
#5561 = EDGE_CURVE ( 'NONE', #2813, #920, #1792, .T. ) ;
#5562 = ADVANCED_FACE ( 'NONE', ( #4970 ), #2217, .F. ) ;
#5563 = VERTEX_POINT ( 'NONE', #2705 ) ;
#5564 = CARTESIAN_POINT ( 'NONE',  ( -26.97366303562356649, 17.97169183019974525, 0.09988807379623779181 ) ) ;
#5565 = PERSON_AND_ORGANIZATION ( #2644, #6096 ) ;
#5566 = DIRECTION ( 'NONE',  ( 0.000000000000000000, 0.000000000000000000, -1.000000000000000000 ) ) ;
#5567 = EDGE_LOOP ( 'NONE', ( #3845, #460, #5883, #1483 ) ) ;
#5568 = CARTESIAN_POINT ( 'NONE',  ( 27.68123849871345143, -17.30641309911016279, 0.04127351954099786613 ) ) ;
#5569 = CARTESIAN_POINT ( 'NONE',  ( 29.12647265026712162, -20.22935022366101165, -0.08303398498070366229 ) ) ;
#5570 = CARTESIAN_POINT ( 'NONE',  ( -26.50000000000000355, 14.33086390312160319, -0.6047207381380292901 ) ) ;
#5571 = DIRECTION ( 'NONE',  ( -0.000000000000000000, -1.000000000000000000, -0.000000000000000000 ) ) ;
#5572 = ORIENTED_EDGE ( 'NONE', *, *, #5889, .F. ) ;
#5573 = EDGE_CURVE ( 'NONE', #1293, #887, #173, .T. ) ;
#5574 = VECTOR ( 'NONE', #2980, 1000.000000000000000 ) ;
#5575 = CARTESIAN_POINT ( 'NONE',  ( 29.92260926138887811, 19.40043486388509208, -1.359284948278351335 ) ) ;
#5576 = EDGE_CURVE ( 'NONE', #764, #1635, #2899, .T. ) ;
#5577 = DIRECTION ( 'NONE',  ( -0.000000000000000000, -1.000000000000000000, -0.000000000000000000 ) ) ;
#5578 = DIRECTION ( 'NONE',  ( -0.000000000000000000, -1.000000000000000000, -0.000000000000000000 ) ) ;
#5579 = CARTESIAN_POINT ( 'NONE',  ( -26.36815985813887409, -14.81824345661975606, -1.054842035036137382 ) ) ;
#5580 = CARTESIAN_POINT ( 'NONE',  ( 0.000000000000000000, 21.50000000000000000, 0.000000000000000000 ) ) ;
#5581 = VERTEX_POINT ( 'NONE', #5154 ) ;
#5582 = EDGE_CURVE ( 'NONE', #5051, #2784, #5771, .T. ) ;
#5583 = CARTESIAN_POINT ( 'NONE',  ( -26.85476289456710219, -21.82085205135780015, 0.1095567667274593426 ) ) ;
#5584 = CARTESIAN_POINT ( 'NONE',  ( -23.96369137670197347, -16.99999999999999645, -0.8712387292745712442 ) ) ;
#5585 = ORIENTED_EDGE ( 'NONE', *, *, #1050, .T. ) ;
#5586 = AXIS2_PLACEMENT_3D ( 'NONE', #2018, #2479, #128 ) ;
#5587 = CARTESIAN_POINT ( 'NONE',  ( -26.50000000000000711, -11.20000000000000462, 15.00000000000000355 ) ) ;
#5588 = FACE_OUTER_BOUND ( 'NONE', #4123, .T. ) ;
#5589 = CARTESIAN_POINT ( 'NONE',  ( 25.81932054130695775, -16.72907261777848831, 17.30745896344518897 ) ) ;
#5590 = DIRECTION ( 'NONE',  ( -1.000000000000000000, 0.000000000000000000, 0.000000000000000000 ) ) ;
#5591 = DIRECTION ( 'NONE',  ( -0.000000000000000000, -0.000000000000000000, 1.000000000000000000 ) ) ;
#5592 = CARTESIAN_POINT ( 'NONE',  ( 27.99999999999999289, -13.99999999999999467, 15.26032778078668706 ) ) ;
#5593 = DIRECTION ( 'NONE',  ( 0.000000000000000000, 1.000000000000000000, 0.000000000000000000 ) ) ;
#5594 = ORIENTED_EDGE ( 'NONE', *, *, #5097, .T. ) ;
#5595 = VECTOR ( 'NONE', #2233, 1000.000000000000000 ) ;
#5596 = DIRECTION ( 'NONE',  ( 0.5734623443633297679, -0.000000000000000000, 0.8192319205190395914 ) ) ;
#5597 = ADVANCED_FACE ( 'NONE', ( #3684 ), #1137, .F. ) ;
#5598 = CC_DESIGN_DATE_AND_TIME_ASSIGNMENT ( #944, #5874, ( #3304 ) ) ;
#5599 = CARTESIAN_POINT ( 'NONE',  ( 27.99999999999999289, 4.620000000000009877, 7.650000000000000355 ) ) ;
#5600 = CARTESIAN_POINT ( 'NONE',  ( -26.16007760299299889, -15.26952627936393547, -1.038266323068661068 ) ) ;
#5601 = LINE ( 'NONE', #4519, #3925 ) ;
#5602 = EDGE_CURVE ( 'NONE', #4945, #2893, #4208, .T. ) ;
#5603 = CARTESIAN_POINT ( 'NONE',  ( 17.99999999999999645, -3.219999999999994866, 8.410000000000000142 ) ) ;
#5604 = ORIENTED_EDGE ( 'NONE', *, *, #5097, .F. ) ;
#5605 = CARTESIAN_POINT ( 'NONE',  ( -29.72289726394787124, -20.35161168043033442, -0.6086915632895690820 ) ) ;
#5606 = CARTESIAN_POINT ( 'NONE',  ( 27.57346234436332111, -30.00000000000000000, 16.07955970130572609 ) ) ;
#5607 = ORIENTED_EDGE ( 'NONE', *, *, #3486, .F. ) ;
#5608 = VECTOR ( 'NONE', #3589, 1000.000000000000000 ) ;
#5609 = CARTESIAN_POINT ( 'NONE',  ( 25.68490374666391318, 18.68194209425418606, 0.2025872391423131913 ) ) ;
#5610 = CARTESIAN_POINT ( 'NONE',  ( 27.82046563746785850, 20.94921670240575295, -1.174732544082711216 ) ) ;
#5611 = EDGE_CURVE ( 'NONE', #2708, #3551, #2100, .T. ) ;
#5612 = DIRECTION ( 'NONE',  ( -1.239088197126290817E-16, 1.000000000000000000, 0.000000000000000000 ) ) ;
#5613 = CARTESIAN_POINT ( 'NONE',  ( 26.33633824995758133, 17.28729600439345404, 16.94554656739096288 ) ) ;
#5614 = CARTESIAN_POINT ( 'NONE',  ( -31.45234493192133129, -15.70979688235717830, -1.502283115569525096 ) ) ;
#5615 = LINE ( 'NONE', #1591, #5090 ) ;
#5616 = CARTESIAN_POINT ( 'NONE',  ( 22.95123328238381788, 11.20000000000000462, 17.48413670233133743 ) ) ;
#5617 = CARTESIAN_POINT ( 'NONE',  ( -32.00000000000000000, 15.29999999999999716, -1.004559302108243291 ) ) ;
#5618 = DIRECTION ( 'NONE',  ( 0.000000000000000000, 0.000000000000000000, -1.000000000000000000 ) ) ;
#5619 = FACE_BOUND ( 'NONE', #4994, .T. ) ;
#5620 = DIRECTION ( 'NONE',  ( 0.000000000000000000, 0.000000000000000000, 1.000000000000000000 ) ) ;
#5621 = VERTEX_POINT ( 'NONE', #939 ) ;
#5622 = EDGE_CURVE ( 'NONE', #4487, #3129, #1445, .T. ) ;
#5623 = CARTESIAN_POINT ( 'NONE',  ( -24.75133984997619407, -16.92060724211896883, -0.9293367412529334182 ) ) ;
#5624 = CARTESIAN_POINT ( 'NONE',  ( 24.19028968782884093, 18.00475343986249044, 0.3155145784701667844 ) ) ;
#5625 = AXIS2_PLACEMENT_3D ( 'NONE', #1621, #318, #5145 ) ;
#5626 = CARTESIAN_POINT ( 'NONE',  ( 16.63274534606947697, -14.49999999999999467, 17.49999999999999645 ) ) ;
#5627 = ORIENTED_EDGE ( 'NONE', *, *, #424, .F. ) ;
#5628 = VERTEX_POINT ( 'NONE', #2274 ) ;
#5629 = CARTESIAN_POINT ( 'NONE',  ( -27.57346234436333532, 13.99999999999999112, 16.07955970130572965 ) ) ;
#5630 = AXIS2_PLACEMENT_3D ( 'NONE', #4517, #2204, #1185 ) ;
#5631 = ADVANCED_FACE ( 'NONE', ( #5421 ), #4282, .T. ) ;
#5632 = ORIENTED_EDGE ( 'NONE', *, *, #4613, .T. ) ;
#5633 = CARTESIAN_POINT ( 'NONE',  ( -20.86955553836182631, -15.50000000000000000, 17.50000000000000000 ) ) ;
#5634 = EDGE_LOOP ( 'NONE', ( #442, #2111, #2117, #278 ) ) ;
#5635 = AXIS2_PLACEMENT_3D ( 'NONE', #4049, #3109, #5974 ) ;
#5636 = CARTESIAN_POINT ( 'NONE',  ( 26.43334970823789476, -14.65956182425996346, -0.5981401611518230022 ) ) ;
#5637 = CARTESIAN_POINT ( 'NONE',  ( 26.16955615605157348, 15.25288572019877797, -0.5724397345960410277 ) ) ;
#5638 = CARTESIAN_POINT ( 'NONE',  ( -20.86955553836182631, -15.49999999999999822, 16.50000000000000000 ) ) ;
#5639 = CARTESIAN_POINT ( 'NONE',  ( -31.41217653361075435, -16.11272456179492707, -1.498430120932479293 ) ) ;
#5640 = AXIS2_PLACEMENT_3D ( 'NONE', #5201, #2302, #951 ) ;
#5641 = ORIENTED_EDGE ( 'NONE', *, *, #465, .F. ) ;
#5642 = CARTESIAN_POINT ( 'NONE',  ( 25.74182848619744846, 22.00000000000000000, -0.5011792721128688344 ) ) ;
#5643 = CARTESIAN_POINT ( 'NONE',  ( -24.30009428946162586, -18.00000000000000355, 17.11012493850013172 ) ) ;
#5644 = VERTEX_POINT ( 'NONE', #5245 ) ;
#5645 = CARTESIAN_POINT ( 'NONE',  ( 23.99999999999999289, 18.00000000000000355, 1.331918172698759451 ) ) ;
#5646 = ORIENTED_EDGE ( 'NONE', *, *, #2682, .F. ) ;
#5647 = CARTESIAN_POINT ( 'NONE',  ( 25.30000000000000071, -22.00000000000000000, -0.2692007106404048500 ) ) ;
#5648 = EDGE_LOOP ( 'NONE', ( #2357, #2751, #4199, #2104 ) ) ;
#5649 = DIRECTION ( 'NONE',  ( 0.000000000000000000, 0.000000000000000000, -1.000000000000000000 ) ) ;
#5650 = FACE_OUTER_BOUND ( 'NONE', #2304, .T. ) ;
#5651 = EDGE_CURVE ( 'NONE', #4928, #4869, #2391, .T. ) ;
#5652 = CARTESIAN_POINT ( 'NONE',  ( -21.29431646173333093, -12.82633898548713347, 18.45474824420844229 ) ) ;
#5653 = CARTESIAN_POINT ( 'NONE',  ( -24.00000000000000711, -16.50000000000000000, -0.3725587879552898496 ) ) ;
#5654 = ORIENTED_EDGE ( 'NONE', *, *, #3621, .F. ) ;
#5655 = CARTESIAN_POINT ( 'NONE',  ( -23.50000000000000355, -13.50000000000000355, 6.399999999999999467 ) ) ;
#5656 = CARTESIAN_POINT ( 'NONE',  ( -26.70000000000000995, -11.20000000000000462, 6.399999999999999467 ) ) ;
#5657 = ORIENTED_EDGE ( 'NONE', *, *, #1810, .T. ) ;
#5658 = CIRCLE ( 'NONE', #4854, 1.000000000000000888 ) ;
#5659 = EDGE_CURVE ( 'NONE', #3241, #2765, #5340, .T. ) ;
#5660 = CARTESIAN_POINT ( 'NONE',  ( 26.87061673685580487, 21.29037722521464104, -1.095747027153266329 ) ) ;
#5661 = ADVANCED_FACE ( 'NONE', ( #2248 ), #5483, .T. ) ;
#5662 = AXIS2_PLACEMENT_3D ( 'NONE', #1071, #563, #4872 ) ;
#5663 = CARTESIAN_POINT ( 'NONE',  ( 7.487254653930533799, -16.49999999999999645, 17.49999999999999645 ) ) ;
#5664 = ORIENTED_EDGE ( 'NONE', *, *, #3988, .F. ) ;
#5665 = CIRCLE ( 'NONE', #1543, 0.5000000000000000000 ) ;
#5666 = CARTESIAN_POINT ( 'NONE',  ( -24.00000000000001066, 16.99999999999999289, 17.21886749202244005 ) ) ;
#5667 = AXIS2_PLACEMENT_3D ( 'NONE', #683, #3535, #4408 ) ;
#5668 = CARTESIAN_POINT ( 'NONE',  ( -27.00000000000000711, -13.99999999999999822, -0.6047207381380852453 ) ) ;
#5669 = ORIENTED_EDGE ( 'NONE', *, *, #5928, .F. ) ;
#5670 = CARTESIAN_POINT ( 'NONE',  ( -31.99999999874213685, -15.74032507914256662, -0.3492051946325543388 ) ) ;
#5671 = LINE ( 'NONE', #3118, #1228 ) ;
#5672 = AXIS2_PLACEMENT_3D ( 'NONE', #428, #5208, #4722 ) ;
#5673 = CARTESIAN_POINT ( 'NONE',  ( 21.20000000000000284, -16.47612499492274551, 17.70920254522004100 ) ) ;
#5674 =( BOUNDED_CURVE ( )  B_SPLINE_CURVE ( 3, ( #1637, #212, #5513, #1618 ),
 .UNSPECIFIED., .F., .T. ) 
 B_SPLINE_CURVE_WITH_KNOTS ( ( 4, 4 ),
 ( 0.000000000000000000, 1.142539081706227089 ),
 .UNSPECIFIED. ) 
 CURVE ( )  GEOMETRIC_REPRESENTATION_ITEM ( )  RATIONAL_B_SPLINE_CURVE ( ( 1.000000000000000000, 0.8941434746364453900, 0.8941434746364453900, 1.000000000000000000 ) ) 
 REPRESENTATION_ITEM ( '' )  );
#5675 = CARTESIAN_POINT ( 'NONE',  ( 20.86955553836180854, -16.49999999999999289, 17.49999999999999645 ) ) ;
#5676 = ORIENTED_EDGE ( 'NONE', *, *, #2964, .T. ) ;
#5677 = LINE ( 'NONE', #1416, #1823 ) ;
#5678 = CARTESIAN_POINT ( 'NONE',  ( 26.33127054721292737, 17.27264748817511730, 16.13641074350009319 ) ) ;
#5679 = CARTESIAN_POINT ( 'NONE',  ( 8.487254653930534687, -14.49999999999999467, 18.50000000000000000 ) ) ;
#5680 = ORIENTED_EDGE ( 'NONE', *, *, #6136, .T. ) ;
#5681 = ORIENTED_EDGE ( 'NONE', *, *, #3220, .F. ) ;
#5682 = CARTESIAN_POINT ( 'NONE',  ( 27.25747119908995231, 21.17247136251150863, -1.127581072422346287 ) ) ;
#5683 = VECTOR ( 'NONE', #3174, 1000.000000000000000 ) ;
#5684 = DIRECTION ( 'NONE',  ( 0.000000000000000000, 0.000000000000000000, -1.000000000000000000 ) ) ;
#5685 = CARTESIAN_POINT ( 'NONE',  ( -24.90599765676653377, -17.89821593224359475, 1.247978364630772496 ) ) ;
#5686 = CARTESIAN_POINT ( 'NONE',  ( -31.31041270870897719, -18.29340472886901026, -1.488317525657556484 ) ) ;
#5687 = ORIENTED_EDGE ( 'NONE', *, *, #980, .F. ) ;
#5688 = EDGE_CURVE ( 'NONE', #199, #2474, #5956, .T. ) ;
#5689 = DIRECTION ( 'NONE',  ( -1.000000000000000000, 5.421010862427514281E-16, -0.000000000000000000 ) ) ;
#5690 = FACE_OUTER_BOUND ( 'NONE', #2060, .T. ) ;
#5691 = B_SPLINE_CURVE_WITH_KNOTS ( 'NONE', 3,
 ( #6129, #458, #4287, #1407, #4778, #5168, #5652, #3227, #3719, #2838 ),
 .UNSPECIFIED., .F., .F.,
 ( 4, 2, 2, 2, 4 ),
 ( 0.000000000000000000, 0.0005087900237785897327, 0.001017580047557179465, 0.001526370071335769307, 0.002035160095114358931 ),
 .UNSPECIFIED. ) ;
#5692 = CARTESIAN_POINT ( 'NONE',  ( 17.99999999999999645, 3.220000000000008633, 9.810000000000000497 ) ) ;
#5693 = ADVANCED_FACE ( 'NONE', ( #461 ), #1003, .F. ) ;
#5694 = LINE ( 'NONE', #194, #4639 ) ;
#5695 = CARTESIAN_POINT ( 'NONE',  ( -26.95915279878972015, 13.99999999999999289, -1.103049451090978073 ) ) ;
#5696 = DIRECTION ( 'NONE',  ( 1.000000000000000000, 0.000000000000000000, 0.000000000000000000 ) ) ;
#5697 = EDGE_CURVE ( 'NONE', #2893, #4967, #4352, .T. ) ;
#5698 = CARTESIAN_POINT ( 'NONE',  ( 26.49999999999999289, -4.619999999999993889, 8.410000000000000142 ) ) ;
#5699 = CARTESIAN_POINT ( 'NONE',  ( 31.22101878489928239, -17.29473381370469198, -0.2748242476518095723 ) ) ;
#5700 = DIRECTION ( 'NONE',  ( 0.000000000000000000, 1.000000000000000000, 0.000000000000000000 ) ) ;
#5701 = CIRCLE ( 'NONE', #5540, 1.000000000000000888 ) ;
#5702 = CARTESIAN_POINT ( 'NONE',  ( 9.460000000000002629, -13.99999999999999822, 17.49999999999999645 ) ) ;
#5703 = ORIENTED_EDGE ( 'NONE', *, *, #1415, .T. ) ;
#5704 = CARTESIAN_POINT ( 'NONE',  ( 25.30000000000000071, 22.00000000000000000, -0.2692007106403775385 ) ) ;
#5705 = ORIENTED_EDGE ( 'NONE', *, *, #110, .T. ) ;
#5706 = EDGE_CURVE ( 'NONE', #5076, #5027, #4060, .T. ) ;
#5707 = DIRECTION ( 'NONE',  ( -0.000000000000000000, 0.000000000000000000, -1.000000000000000000 ) ) ;
#5708 = AXIS2_PLACEMENT_3D ( 'NONE', #4968, #5943, #2963 ) ;
#5709 = CARTESIAN_POINT ( 'NONE',  ( 0.000000000000000000, -16.99999999999999289, -330.0000000000000000 ) ) ;
#5710 = ORIENTED_EDGE ( 'NONE', *, *, #3864, .F. ) ;
#5711 = AXIS2_PLACEMENT_3D ( 'NONE', #1852, #3687, #4175 ) ;
#5712 = CARTESIAN_POINT ( 'NONE',  ( -24.30000000000000071, -13.50000000000000355, 16.54000000000001336 ) ) ;
#5713 = ORIENTED_EDGE ( 'NONE', *, *, #1183, .T. ) ;
#5714 = VERTEX_POINT ( 'NONE', #197 ) ;
#5715 = CARTESIAN_POINT ( 'NONE',  ( 26.49999999999999289, -13.99999999999999289, -0.6047207381380537150 ) ) ;
#5716 = CARTESIAN_POINT ( 'NONE',  ( -25.22202942790827862, 16.18742781860049362, -0.9651606650363011575 ) ) ;
#5717 = CARTESIAN_POINT ( 'NONE',  ( 31.50000000000000000, 22.00000000000000000, -0.8036452206677813237 ) ) ;
#5718 = ORIENTED_EDGE ( 'NONE', *, *, #5732, .T. ) ;
#5719 = FACE_OUTER_BOUND ( 'NONE', #2591, .T. ) ;
#5720 = CARTESIAN_POINT ( 'NONE',  ( -16.83999999999999986, -17.40000000000000213, 8.650000000000002132 ) ) ;
#5721 = CARTESIAN_POINT ( 'NONE',  ( 26.49999999999998224, 11.20000000000000462, 15.00000000000001066 ) ) ;
#5722 = VERTEX_POINT ( 'NONE', #3524 ) ;
#5723 = CARTESIAN_POINT ( 'NONE',  ( -27.58738224657089688, -15.77421768253330825, 0.9765774101776881766 ) ) ;
#5724 = CARTESIAN_POINT ( 'NONE',  ( 7.487254653930533799, -14.49999999999999467, 18.50000000000000000 ) ) ;
#5725 = CARTESIAN_POINT ( 'NONE',  ( 24.83519509084718280, 17.91466920751500069, 0.2676459331799507790 ) ) ;
#5726 = VERTEX_POINT ( 'NONE', #5908 ) ;
#5727 = CARTESIAN_POINT ( 'NONE',  ( 25.66114426259150605, -17.63876349037132130, 16.48822704292614816 ) ) ;
#5728 = LINE ( 'NONE', #2087, #836 ) ;
#5729 = CARTESIAN_POINT ( 'NONE',  ( 26.70000000000000995, 11.20000000000000462, 6.399999999999999467 ) ) ;
#5730 = TOROIDAL_SURFACE ( 'NONE', #5065, 3.600000000000000977, 1.000000000000000000 ) ;
#5731 = B_SPLINE_CURVE_WITH_KNOTS ( 'NONE', 3,
 ( #5357, #2445, #5846, #5381, #2932, #2466, #5869, #2958, #115, #3438, #586, #1100, #1072, #4940, #4424, #1547, #4922, #2029, #5399, #4448, #2492, #1203 ),
 .UNSPECIFIED., .F., .F.,
 ( 4, 2, 2, 2, 2, 2, 2, 2, 2, 2, 4 ),
 ( 0.000000000000000000, 0.001222158011875054424, 0.002444316023750108847, 0.003055395029687628904, 0.003666474035625148960, 0.004888632047500181266, 0.006110790059375212704, 0.007332948071250244143, 0.007944027077187765934, 0.008555106083125285990, 0.009777264095000329572 ),
 .UNSPECIFIED. ) ;
#5732 = EDGE_CURVE ( 'NONE', #2738, #4419, #2872, .T. ) ;
#5733 = ORIENTED_EDGE ( 'NONE', *, *, #2399, .F. ) ;
#5734 = DIRECTION ( 'NONE',  ( 0.000000000000000000, -1.000000000000000000, -0.000000000000000000 ) ) ;
#5735 = FACE_OUTER_BOUND ( 'NONE', #3160, .T. ) ;
#5736 = DIRECTION ( 'NONE',  ( 1.000000000000000000, 0.000000000000000000, 0.000000000000000000 ) ) ;
#5737 = CARTESIAN_POINT ( 'NONE',  ( -26.43109623223906013, 14.66969115302764592, -1.059860607327809401 ) ) ;
#5738 = CARTESIAN_POINT ( 'NONE',  ( 32.00000000000000000, -15.30000000000000071, -0.8036452206677542343 ) ) ;
#5739 = CARTESIAN_POINT ( 'NONE',  ( 26.95915279878970594, 13.99999999999999822, -1.103049451090921673 ) ) ;
#5740 = VERTEX_POINT ( 'NONE', #578 ) ;
#5741 = LINE ( 'NONE', #2282, #3162 ) ;
#5742 = EDGE_CURVE ( 'NONE', #724, #742, #976, .T. ) ;
#5743 = DIRECTION ( 'NONE',  ( -1.000000000000000000, 0.000000000000000000, 0.000000000000000000 ) ) ;
#5744 = AXIS2_PLACEMENT_3D ( 'NONE', #1472, #4416, #5819 ) ;
#5745 = CARTESIAN_POINT ( 'NONE',  ( 27.17982544904069897, -16.44071494103548048, 1.020067111751734368 ) ) ;
#5746 = DIRECTION ( 'NONE',  ( -1.239088197126290817E-16, 1.000000000000000000, 0.000000000000000000 ) ) ;
#5747 = EDGE_LOOP ( 'NONE', ( #1780, #4747, #307, #2272 ) ) ;
#5748 = CARTESIAN_POINT ( 'NONE',  ( -24.26365049710722133, 17.99999999999998934, 1.308046295347363719 ) ) ;
#5749 = CARTESIAN_POINT ( 'NONE',  ( 25.94220357919890318, 17.50742416078058739, 0.1828572445500594446 ) ) ;
#5750 = AXIS2_PLACEMENT_3D ( 'NONE', #2489, #5312, #1027 ) ;
#5751 = CYLINDRICAL_SURFACE ( 'NONE', #5756, 2.749999999999995559 ) ;
#5752 = DIRECTION ( 'NONE',  ( -1.239088197126290817E-16, 1.000000000000000000, 0.000000000000000000 ) ) ;
#5753 = ORIENTED_EDGE ( 'NONE', *, *, #2682, .T. ) ;
#5754 = DIRECTION ( 'NONE',  ( 0.000000000000000000, 0.000000000000000000, -1.000000000000000000 ) ) ;
#5755 = VERTEX_POINT ( 'NONE', #4483 ) ;
#5756 = AXIS2_PLACEMENT_3D ( 'NONE', #4590, #3540, #2649 ) ;
#5757 = CIRCLE ( 'NONE', #1121, 1.000000000000000000 ) ;
#5758 = AXIS2_PLACEMENT_3D ( 'NONE', #2569, #5972, #3057 ) ;
#5759 = CARTESIAN_POINT ( 'NONE',  ( -26.33127054721319382, -17.27264748817489703, 16.13641074349954252 ) ) ;
#5760 = ORIENTED_EDGE ( 'NONE', *, *, #3950, .F. ) ;
#5761 = VERTEX_POINT ( 'NONE', #3035 ) ;
#5762 = COORDINATED_UNIVERSAL_TIME_OFFSET ( 8, 0, .AHEAD. ) ;
#5763 = CARTESIAN_POINT ( 'NONE',  ( -23.50000000000000355, 11.20000000000000284, 6.399999999999999467 ) ) ;
#5764 = CARTESIAN_POINT ( 'NONE',  ( -30.81432716145540596, 18.04887392114577338, -1.441806552158294341 ) ) ;
#5765 = CYLINDRICAL_SURFACE ( 'NONE', #1309, 0.7999999999999986011 ) ;
#5766 = CARTESIAN_POINT ( 'NONE',  ( -25.52714990055991606, -18.73849073581408220, 0.2148228002482970578 ) ) ;
#5767 = DIRECTION ( 'NONE',  ( 0.000000000000000000, 0.000000000000000000, 1.000000000000000000 ) ) ;
#5768 = CARTESIAN_POINT ( 'NONE',  ( -26.64184417912234082, 17.01473416785385240, 1.076241479491630182 ) ) ;
#5769 = EDGE_CURVE ( 'NONE', #3241, #4326, #5010, .T. ) ;
#5770 = CARTESIAN_POINT ( 'NONE',  ( 12.06000000000000405, -13.99999999999999822, 19.00000000000000000 ) ) ;
#5771 = B_SPLINE_CURVE_WITH_KNOTS ( 'NONE', 3,
 ( #2199, #5570, #4195, #3618, #762, #2660, #347, #4155, #3213, #1321, #1278, #4644, #4683, #3153, #4178, #3646 ),
 .UNSPECIFIED., .F., .F.,
 ( 4, 2, 2, 2, 2, 2, 2, 4 ),
 ( 0.000000000000000000, 0.0009866249702141680848, 0.001479937455321252452, 0.001973249940428337037, 0.002466562425535421404, 0.002959874910642505772, 0.003453187395749590573, 0.003946499880856674941 ),
 .UNSPECIFIED. ) ;
#5772 = FACE_OUTER_BOUND ( 'NONE', #2480, .T. ) ;
#5773 = ORIENTED_EDGE ( 'NONE', *, *, #1925, .T. ) ;
#5774 = CARTESIAN_POINT ( 'NONE',  ( 26.00486198315863007, -17.47125108608119959, 1.140971353324627513 ) ) ;
#5775 = CARTESIAN_POINT ( 'NONE',  ( -28.91270319084889096, -14.33016453095356013, -0.06440690007721350252 ) ) ;
#5776 = ORIENTED_EDGE ( 'NONE', *, *, #2955, .F. ) ;
#5777 = CARTESIAN_POINT ( 'NONE',  ( 24.35548824109537946, -16.98062002280783034, -0.8999439234066365367 ) ) ;
#5778 = CARTESIAN_POINT ( 'NONE',  ( 25.33825219231932380, 21.50000000000000000, 0.2293339118110281349 ) ) ;
#5779 = EDGE_CURVE ( 'NONE', #4949, #5289, #2833, .T. ) ;
#5780 = CARTESIAN_POINT ( 'NONE',  ( -26.23845577721056443, 15.12557514802562508, -1.044498857581934059 ) ) ;
#5781 = CARTESIAN_POINT ( 'NONE',  ( 25.33825219231933090, -22.00000000000000000, 0.2293339118110374886 ) ) ;
#5782 = AXIS2_PLACEMENT_3D ( 'NONE', #6011, #5520, #4978 ) ;
#5783 = CARTESIAN_POINT ( 'NONE',  ( -22.70000000000000639, -13.50000000000000355, 17.66000000000001080 ) ) ;
#5784 = ORIENTED_EDGE ( 'NONE', *, *, #1620, .T. ) ;
#5785 = ORIENTED_EDGE ( 'NONE', *, *, #5495, .F. ) ;
#5786 = CARTESIAN_POINT ( 'NONE',  ( 23.99999999999999289, -17.99999999999999645, 1.331918172698759451 ) ) ;
#5787 = PLANE ( 'NONE',  #360 ) ;
#5788 = CARTESIAN_POINT ( 'NONE',  ( 30.98718523213870313, 18.84885456335981502, -0.7152901136334864907 ) ) ;
#5789 = DIRECTION ( 'NONE',  ( 0.000000000000000000, -0.000000000000000000, 1.000000000000000000 ) ) ;
#5790 = CARTESIAN_POINT ( 'NONE',  ( -30.34439385065376982, -19.73111509507597106, -0.8613444708756408108 ) ) ;
#5791 = ORIENTED_EDGE ( 'NONE', *, *, #621, .T. ) ;
#5792 = AXIS2_PLACEMENT_3D ( 'NONE', #3468, #659, #2031 ) ;
#5793 = ADVANCED_FACE ( 'NONE', ( #5126 ), #4669, .F. ) ;
#5794 = ORIENTED_EDGE ( 'NONE', *, *, #789, .F. ) ;
#5795 = CARTESIAN_POINT ( 'NONE',  ( 0.000000000000000000, 21.50000000000000000, -330.0000000000000000 ) ) ;
#5796 = CARTESIAN_POINT ( 'NONE',  ( -27.32891230883532074, -21.17625865893413817, 0.07061163289277508359 ) ) ;
#5797 = CARTESIAN_POINT ( 'NONE',  ( -26.13750177133748309, -18.49386246282562851, 0.1671737177222611948 ) ) ;
#5798 = CARTESIAN_POINT ( 'NONE',  ( 24.73766059274531059, -16.90468949429007139, -0.9284502338782135711 ) ) ;
#5799 = VERTEX_POINT ( 'NONE', #5951 ) ;
#5800 = CARTESIAN_POINT ( 'NONE',  ( 28.29800313077568319, 21.30782446111825834, -0.01080225467598328569 ) ) ;
#5801 = FACE_OUTER_BOUND ( 'NONE', #4944, .T. ) ;
#5802 = CARTESIAN_POINT ( 'NONE',  ( -25.62914347736671417, 15.90365680820082162, -0.9965676540465980837 ) ) ;
#5803 = CARTESIAN_POINT ( 'NONE',  ( 29.44066466041222085, -19.97164632317436883, -0.1109733614039341149 ) ) ;
#5804 = CARTESIAN_POINT ( 'NONE',  ( 0.000000000000000000, 21.50000000000000000, -330.0000000000000000 ) ) ;
#5805 = VERTEX_POINT ( 'NONE', #3931 ) ;
#5806 = EDGE_CURVE ( 'NONE', #2051, #4824, #391, .T. ) ;
#5807 = EDGE_LOOP ( 'NONE', ( #5936, #5703, #5491, #1245 ) ) ;
#5808 = CARTESIAN_POINT ( 'NONE',  ( 31.65397760594817456, 17.46968256762424332, -0.7731263478616058338 ) ) ;
#5809 = CARTESIAN_POINT ( 'NONE',  ( -25.26172465960665647, 21.50000000000000000, -0.9683217876700920268 ) ) ;
#5810 = FACE_OUTER_BOUND ( 'NONE', #915, .T. ) ;
#5811 = CARTESIAN_POINT ( 'NONE',  ( -30.62737739478071575, -19.38666436326358777, -0.8853397371396686255 ) ) ;
#5812 = B_SPLINE_CURVE_WITH_KNOTS ( 'NONE', 3,
 ( #2678, #528, #4855, #1033, #3470, #1001, #3881, #243, #263, #350, #804, #4522, #2666, #4022, #2443, #2802, #6042, #226, #3050, #4564, #5013, #250 ),
 .UNSPECIFIED., .F., .F.,
 ( 4, 2, 2, 2, 2, 2, 2, 2, 2, 2, 4 ),
 ( 0.000000000000000000, 0.001310334010543026976, 0.001965501015814542524, 0.002620668021086058289, 0.003931002031629088518, 0.005241336042172120048, 0.006551670052715150711, 0.007206837057986673414, 0.007862004063258196118, 0.009172338073801232852, 0.01048267208434426959 ),
 .UNSPECIFIED. ) ;
#5813 = ORIENTED_EDGE ( 'NONE', *, *, #3486, .T. ) ;
#5814 =( LENGTH_UNIT ( ) NAMED_UNIT ( * ) SI_UNIT ( .MILLI., .METRE. ) );
#5815 = CARTESIAN_POINT ( 'NONE',  ( 26.99999999999999289, -13.99999999999999289, -0.6047207381380537150 ) ) ;
#5816 = CARTESIAN_POINT ( 'NONE',  ( -26.42366097950298709, -18.34043265312696747, 0.1443683103103214349 ) ) ;
#5817 = ORIENTED_EDGE ( 'NONE', *, *, #3311, .T. ) ;
#5818 = CIRCLE ( 'NONE', #995, 1.000000000000000888 ) ;
#5819 = DIRECTION ( 'NONE',  ( 0.9940750752324937212, 0.1086956521739126935, 0.000000000000000000 ) ) ;
#5820 = CARTESIAN_POINT ( 'NONE',  ( 27.70031802903608664, -21.55917798528698270, 0.03969752540799914575 ) ) ;
#5821 = CARTESIAN_POINT ( 'NONE',  ( -28.65125155551351099, -21.10577497694335847, -0.7225237581927056452 ) ) ;
#5822 = ADVANCED_FACE ( 'NONE', ( #5801, #1872 ), #4460, .T. ) ;
#5823 = ORIENTED_EDGE ( 'NONE', *, *, #101, .T. ) ;
#5824 = EDGE_CURVE ( 'NONE', #2011, #5076, #5728, .T. ) ;
#5825 = DIRECTION ( 'NONE',  ( 0.000000000000000000, 1.000000000000000000, 0.000000000000000000 ) ) ;
#5826 = CIRCLE ( 'NONE', #2303, 2.000000000000000000 ) ;
#5827 = AXIS2_PLACEMENT_3D ( 'NONE', #2280, #1779, #4184 ) ;
#5828 = DIRECTION ( 'NONE',  ( -1.000000000000000000, -1.239088197126290817E-16, 0.000000000000000000 ) ) ;
#5829 = CARTESIAN_POINT ( 'NONE',  ( 26.65498610682850966, -15.33159024497472345, -1.078250406874953660 ) ) ;
#5830 = ORIENTED_EDGE ( 'NONE', *, *, #2349, .T. ) ;
#5831 = CARTESIAN_POINT ( 'NONE',  ( -29.35011313284704570, 19.97309003544525652, -1.307661949207397978 ) ) ;
#5832 = CARTESIAN_POINT ( 'NONE',  ( -27.25747119908995231, -21.17247136251151218, -1.127581072422342068 ) ) ;
#5833 = ORIENTED_EDGE ( 'NONE', *, *, #4798, .F. ) ;
#5834 = AXIS2_PLACEMENT_3D ( 'NONE', #3915, #1570, #4874 ) ;
#5835 = VERTEX_POINT ( 'NONE', #5994 ) ;
#5836 = CIRCLE ( 'NONE', #3638, 0.7999999999999986011 ) ;
#5837 = CARTESIAN_POINT ( 'NONE',  ( 26.99999999999999289, 22.00000000000000000, -0.6047207381380537150 ) ) ;
#5838 = CARTESIAN_POINT ( 'NONE',  ( 10.96000000000000441, -13.99999999999999822, 17.49999999999999645 ) ) ;
#5839 = CARTESIAN_POINT ( 'NONE',  ( -24.30000000000000071, 15.10000000000000320, 16.54000000000000981 ) ) ;
#5840 = DIRECTION ( 'NONE',  ( 0.5734623443633297679, -0.000000000000000000, 0.8192319205190395914 ) ) ;
#5841 = CARTESIAN_POINT ( 'NONE',  ( 26.93978052308877125, 21.29366609032316049, 0.1025997126707700602 ) ) ;
#5842 = CARTESIAN_POINT ( 'NONE',  ( 28.26468805939437701, -21.31236393438544852, -0.4911420612983518064 ) ) ;
#5843 = CARTESIAN_POINT ( 'NONE',  ( 15.63274534606947519, -14.49999999999999467, 18.50000000000000000 ) ) ;
#5844 = CARTESIAN_POINT ( 'NONE',  ( 25.70387837872721448, -22.00253055550558301, -1.002268566263716076 ) ) ;
#5845 = CARTESIAN_POINT ( 'NONE',  ( 27.02957356396911948, 21.77663150736956155, -0.3958569647946625913 ) ) ;
#5846 = CARTESIAN_POINT ( 'NONE',  ( 31.41216619141729538, -16.11522656114174978, -1.498428786427657533 ) ) ;
#5847 = CYLINDRICAL_SURFACE ( 'NONE', #4755, 2.299999999999999822 ) ;
#5848 = EDGE_CURVE ( 'NONE', #4967, #1635, #3063, .T. ) ;
#5849 = ADVANCED_FACE ( 'NONE', ( #2992 ), #1005, .T. ) ;
#5850 = ORIENTED_EDGE ( 'NONE', *, *, #2251, .T. ) ;
#5851 = VECTOR ( 'NONE', #4476, 1000.000000000000000 ) ;
#5853 = DIRECTION ( 'NONE',  ( 1.239088197126291063E-16, -1.000000000000000000, 0.000000000000000000 ) ) ;
#5852 = CARTESIAN_POINT ( 'NONE',  ( 28.65134444707961237, -15.60613263251793548, -0.04160455473232646528 ) ) ;
#5854 = CARTESIAN_POINT ( 'NONE',  ( -27.09513672375400972, 16.57178744185758035, 16.41438763573087556 ) ) ;
#5855 = DIRECTION ( 'NONE',  ( 0.000000000000000000, -2.282530889443166627E-15, 1.000000000000000000 ) ) ;
#5856 = ORIENTED_EDGE ( 'NONE', *, *, #1720, .T. ) ;
#5857 = CARTESIAN_POINT ( 'NONE',  ( 26.74452067418024725, 21.34226884925498169, 0.1184788596159999652 ) ) ;
#5858 = EDGE_CURVE ( 'NONE', #2673, #926, #4429, .T. ) ;
#5859 = DIRECTION ( 'NONE',  ( -1.000000000000000000, 0.000000000000000000, 0.000000000000000000 ) ) ;
#5860 = CARTESIAN_POINT ( 'NONE',  ( -28.06801672965022831, -21.40536911855070912, -0.6764135229458412280 ) ) ;
#5861 = EDGE_LOOP ( 'NONE', ( #1920, #5223, #488, #5394 ) ) ;
#5862 =( BOUNDED_SURFACE ( )  B_SPLINE_SURFACE ( 3, 2, ( 
 ( #877, #2543, #1147 ),
 ( #3435, #1221, #3406 ),
 ( #3037, #4065, #4964 ),
 ( #4943, #5425, #163 ),
 ( #3989, #209, #4472 ),
 ( #2079, #5447, #2537 ) ),
 .UNSPECIFIED., .F., .F., .T. ) 
 B_SPLINE_SURFACE_WITH_KNOTS ( ( 4, 2, 4 ),
 ( 3, 3 ),
 ( 0.000000000000000000, 0.0007347448127044106702, 0.001469489625408821340 ),
 ( 0.000000000000000000, 1.000000000000000000 ),
 .UNSPECIFIED. ) 
 GEOMETRIC_REPRESENTATION_ITEM ( )  RATIONAL_B_SPLINE_SURFACE ( (
 ( 1.000000000000000000, 0.7868134851373147498, 1.000000000000000000),
 ( 1.000000000000000000, 0.7723900768394909022, 1.000000000000000000),
 ( 1.000000000000000000, 0.7582600226109404984, 1.000000000000000000),
 ( 1.000000000000000000, 0.7313918869030952008, 1.000000000000000000),
 ( 1.000000000000000000, 0.7186519684896146565, 1.000000000000000000),
 ( 1.000000000000000000, 0.7071067811865614505, 1.000000000000000000) ) ) 
 REPRESENTATION_ITEM ( '' )  SURFACE ( )  );
#5863 = ORIENTED_EDGE ( 'NONE', *, *, #2366, .F. ) ;
#5864 = AXIS2_PLACEMENT_3D ( 'NONE', #930, #4712, #1399 ) ;
#5865 = CARTESIAN_POINT ( 'NONE',  ( 0.000000000000000000, -22.00000000000000000, -330.0000000000000000 ) ) ;
#5866 = CARTESIAN_POINT ( 'NONE',  ( 25.74185047727061004, -22.00000000000000355, -0.5011808345537132059 ) ) ;
#5867 = DIRECTION ( 'NONE',  ( -1.239088197126290817E-16, 1.000000000000000000, 0.000000000000000000 ) ) ;
#5868 = CARTESIAN_POINT ( 'NONE',  ( 31.99999999999998579, 15.74310129406525682, -0.8036452206678039722 ) ) ;
#5869 = CARTESIAN_POINT ( 'NONE',  ( 30.81432716145540951, -18.04887392114578049, -1.441806552158294785 ) ) ;
#5870 = CARTESIAN_POINT ( 'NONE',  ( 26.49999999999999289, -4.619999999999995666, 7.650000000000000355 ) ) ;
#5871 = EDGE_LOOP ( 'NONE', ( #6013, #824, #3577, #1261 ) ) ;
#5872 = LOCAL_TIME ( 17, 26, 3.000000000000000000, #2310 ) ;
#5873 = CARTESIAN_POINT ( 'NONE',  ( 23.99999999999999289, 18.00000000000000355, 1.331918172698759451 ) ) ;
#5874 = DATE_TIME_ROLE ( 'classification_date' ) ;
#5875 = EDGE_LOOP ( 'NONE', ( #2312, #4690, #2253, #5324 ) ) ;
#5876 = CARTESIAN_POINT ( 'NONE',  ( 24.25703397200651423, -18.99999999999999645, 0.3106799618005917085 ) ) ;
#5877 = DIRECTION ( 'NONE',  ( -1.000000000000000000, -5.421010862427514281E-16, 0.000000000000000000 ) ) ;
#5878 = CIRCLE ( 'NONE', #41, 1.000000000000000666 ) ;
#5879 = CARTESIAN_POINT ( 'NONE',  ( 27.97401825539171938, -14.52460637959499046, 0.9346260201667688783 ) ) ;
#5880 = CARTESIAN_POINT ( 'NONE',  ( -27.99999999999753086, -14.34615758900517868, 15.78098334236104705 ) ) ;
#5881 = DIRECTION ( 'NONE',  ( 1.000000000000000000, 0.000000000000000000, 0.000000000000000000 ) ) ;
#5882 = CARTESIAN_POINT ( 'NONE',  ( 21.35112573340180830, 12.66281398006211845, 18.44263078098703801 ) ) ;
#5883 = ORIENTED_EDGE ( 'NONE', *, *, #343, .F. ) ;
#5884 = ADVANCED_FACE ( 'NONE', ( #5650 ), #5477, .F. ) ;
#5885 = ORIENTED_EDGE ( 'NONE', *, *, #789, .T. ) ;
#5886 = VECTOR ( 'NONE', #1342, 1000.000000000000000 ) ;
#5887 = DIRECTION ( 'NONE',  ( -0.000000000000000000, -1.000000000000000000, -0.000000000000000000 ) ) ;
#5888 = CARTESIAN_POINT ( 'NONE',  ( 25.66998264975263666, -21.49999999818955132, -0.9996661888936402285 ) ) ;
#5889 = EDGE_CURVE ( 'NONE', #1934, #530, #5878, .T. ) ;
#5890 = CARTESIAN_POINT ( 'NONE',  ( -26.17634051767438308, 21.95671474357423136, -0.5328148108414131334 ) ) ;
#5891 = CARTESIAN_POINT ( 'NONE',  ( 7.487254653930533799, -14.49999999999999467, 17.49999999999999645 ) ) ;
#5892 = ORIENTED_EDGE ( 'NONE', *, *, #308, .T. ) ;
#5893 = CARTESIAN_POINT ( 'NONE',  ( -31.82854162047414448, 16.82180283647437591, -0.7884993432164486560 ) ) ;
#5894 = CYLINDRICAL_SURFACE ( 'NONE', #3911, 1.000000000000000888 ) ;
#5895 = PRODUCT ( '03001塑壳2', '03001塑壳2', '', ( #5363 ) ) ;
#5896 = CARTESIAN_POINT ( 'NONE',  ( -28.84116527710855138, 20.99197600217506121, -0.5369827804196397603 ) ) ;
#5897 = CARTESIAN_POINT ( 'NONE',  ( 31.34634098388636048, 16.91841283110109373, -0.2867102469455953262 ) ) ;
#5898 = ORIENTED_EDGE ( 'NONE', *, *, #4315, .T. ) ;
#5899 = CARTESIAN_POINT ( 'NONE',  ( 28.40828536369538071, -16.21600709598270029, -0.02056874322995508667 ) ) ;
#5900 = VECTOR ( 'NONE', #195, 1000.000000000000000 ) ;
#5901 = EDGE_CURVE ( 'NONE', #788, #2708, #3625, .T. ) ;
#5902 = DIRECTION ( 'NONE',  ( -0.000000000000000000, 1.000000000000000000, -0.000000000000000000 ) ) ;
#5903 = CARTESIAN_POINT ( 'NONE',  ( 28.74566401638348978, -15.29396286945973849, -0.04980818935449878720 ) ) ;
#5904 = EDGE_CURVE ( 'NONE', #2603, #4425, #237, .T. ) ;
#5905 = DIRECTION ( 'NONE',  ( 0.000000000000000000, -0.000000000000000000, 1.000000000000000000 ) ) ;
#5906 = EDGE_LOOP ( 'NONE', ( #3691, #5376, #231, #3885 ) ) ;
#5907 = ORIENTED_EDGE ( 'NONE', *, *, #4030, .F. ) ;
#5908 = CARTESIAN_POINT ( 'NONE',  ( -22.70000000000000639, 13.50000000000000355, 17.66000000000001080 ) ) ;
#5909 = FACE_OUTER_BOUND ( 'NONE', #3215, .T. ) ;
#5910 = CARTESIAN_POINT ( 'NONE',  ( -31.32031406130484541, -18.27300840244629399, -0.9449080214601791594 ) ) ;
#5911 = ORIENTED_EDGE ( 'NONE', *, *, #4270, .F. ) ;
#5912 = CARTESIAN_POINT ( 'NONE',  ( -21.21909340170904912, 13.15890164502702220, 18.46958894014617769 ) ) ;
#5913 = ORIENTED_EDGE ( 'NONE', *, *, #5039, .F. ) ;
#5914 = FACE_OUTER_BOUND ( 'NONE', #3070, .T. ) ;
#5915 = CARTESIAN_POINT ( 'NONE',  ( -26.81764282352040851, 21.82948952740920134, -0.5805635068604634297 ) ) ;
#5916 = DIRECTION ( 'NONE',  ( 0.07655068078668557374, 0.000000000000000000, 0.9970656915525150099 ) ) ;
#5917 = ADVANCED_FACE ( 'NONE', ( #1493 ), #3147, .F. ) ;
#5918 = FACE_OUTER_BOUND ( 'NONE', #2974, .T. ) ;
#5919 = CARTESIAN_POINT ( 'NONE',  ( 26.43376011143578808, 17.18510307055081654, 1.097619429816538483 ) ) ;
#5920 = CARTESIAN_POINT ( 'NONE',  ( 26.13951517595167928, -18.49271017649213888, 0.1670124123598906996 ) ) ;
#5921 = CARTESIAN_POINT ( 'NONE',  ( 25.81932054130695775, -16.72907261777848831, 17.30745896344518897 ) ) ;
#5922 = CARTESIAN_POINT ( 'NONE',  ( 27.78969705568946580, -15.28664702596991276, 0.9547101155404135175 ) ) ;
#5923 = AXIS2_PLACEMENT_3D ( 'NONE', #5795, #2894, #2012 ) ;
#5924 = DIRECTION ( 'NONE',  ( -0.000000000000000000, -0.000000000000000000, 1.000000000000000000 ) ) ;
#5925 = CIRCLE ( 'NONE', #5992, 10.00000000000000178 ) ;
#5926 = CARTESIAN_POINT ( 'NONE',  ( 21.78841956322780504, -11.95467761278971786, 18.27993968475948350 ) ) ;
#5927 = CARTESIAN_POINT ( 'NONE',  ( 21.20000000000000639, 13.50000000000000178, 18.47251272689750579 ) ) ;
#5928 = EDGE_CURVE ( 'NONE', #5524, #2982, #765, .T. ) ;
#5929 = CARTESIAN_POINT ( 'NONE',  ( -29.37862457971008467, -20.63347427140816848, -0.5803706150769015748 ) ) ;
#5930 = ORIENTED_EDGE ( 'NONE', *, *, #2211, .F. ) ;
#5931 = CARTESIAN_POINT ( 'NONE',  ( 28.77996542993155771, 15.31839701142116894, -0.05270682298927859694 ) ) ;
#5932 = ORIENTED_EDGE ( 'NONE', *, *, #3052, .F. ) ;
#5933 = CARTESIAN_POINT ( 'NONE',  ( 7.487254653930533799, -14.49999999999999467, 17.49999999999999645 ) ) ;
#5934 = CARTESIAN_POINT ( 'NONE',  ( -30.98679251894064635, 18.84948454927464567, -0.9161164928989182776 ) ) ;
#5935 = DIRECTION ( 'NONE',  ( -0.7673251572249015773, 0.3502942100631556976, 0.5371276100574330359 ) ) ;
#5936 = ORIENTED_EDGE ( 'NONE', *, *, #271, .F. ) ;
#5937 = ORIENTED_EDGE ( 'NONE', *, *, #3271, .F. ) ;
#5938 = EDGE_CURVE ( 'NONE', #3730, #140, #3283, .T. ) ;
#5939 = EDGE_CURVE ( 'NONE', #4127, #6219, #3983, .T. ) ;
#5940 = CARTESIAN_POINT ( 'NONE',  ( 27.59267201187174123, 15.77783663090226796, 0.9760230606881519222 ) ) ;
#5941 = CARTESIAN_POINT ( 'NONE',  ( 31.65798921939908084, 17.45732960949277057, -0.3161711245973985451 ) ) ;
#5942 = ORIENTED_EDGE ( 'NONE', *, *, #621, .F. ) ;
#5943 = DIRECTION ( 'NONE',  ( -0.9970692449028113469, 0.000000000000000000, 0.07650438463864540906 ) ) ;
#5944 = CARTESIAN_POINT ( 'NONE',  ( -24.52541870229631371, 17.99999999999999289, 1.284344847553290592 ) ) ;
#5945 = CARTESIAN_POINT ( 'NONE',  ( 25.81932054130695775, -30.00000000000000000, 17.30745896344518897 ) ) ;
#5946 = ORIENTED_EDGE ( 'NONE', *, *, #2025, .F. ) ;
#5947 =( BOUNDED_CURVE ( )  B_SPLINE_CURVE ( 3, ( #1499, #1982, #5395, #2507 ),
 .UNSPECIFIED., .F., .T. ) 
 B_SPLINE_CURVE_WITH_KNOTS ( ( 4, 4 ),
 ( 0.000000000000000000, 3.141592653589793116 ),
 .UNSPECIFIED. ) 
 CURVE ( )  GEOMETRIC_REPRESENTATION_ITEM ( )  RATIONAL_B_SPLINE_CURVE ( ( 1.000000000000000000, 0.3333333333333333703, 0.3333333333333333703, 1.000000000000000000 ) ) 
 REPRESENTATION_ITEM ( '' )  );
#5948 = EDGE_CURVE ( 'NONE', #5714, #5193, #3823, .T. ) ;
#5949 = TOROIDAL_SURFACE ( 'NONE', #1124, 1.000000000000000000, 1.000000000000000000 ) ;
#5950 = DIRECTION ( 'NONE',  ( 0.000000000000000000, 0.000000000000000000, 1.000000000000000000 ) ) ;
#5951 = CARTESIAN_POINT ( 'NONE',  ( -28.00000000000000711, 13.99999999999999112, 0.9317754462390137604 ) ) ;
#5952 = AXIS2_PLACEMENT_3D ( 'NONE', #2847, #2788, #3268 ) ;
#5953 = ADVANCED_FACE ( 'NONE', ( #1578 ), #1426, .T. ) ;
#5954 = ORIENTED_EDGE ( 'NONE', *, *, #1810, .F. ) ;
#5955 = CARTESIAN_POINT ( 'NONE',  ( 31.11435319570841429, 18.65783312594642851, -0.9270425538759016204 ) ) ;
#5956 = LINE ( 'NONE', #2880, #2530 ) ;
#5957 = CARTESIAN_POINT ( 'NONE',  ( 31.95582408340942848, -16.18821344774707072, -1.550412755771775508 ) ) ;
#5958 = CARTESIAN_POINT ( 'NONE',  ( -29.34963268701390859, 20.65582586479666460, -1.307383042446766286 ) ) ;
#5959 = CARTESIAN_POINT ( 'NONE',  ( 24.30000000000000071, -13.50000000000000355, 16.54000000000000625 ) ) ;
#5960 = CARTESIAN_POINT ( 'NONE',  ( -26.87323619488026338, -21.30013302598061742, -1.095774141810642810 ) ) ;
#5961 = CARTESIAN_POINT ( 'NONE',  ( -31.64758605667513436, 17.45559944394596741, -0.7725977617826425003 ) ) ;
#5962 = AXIS2_PLACEMENT_3D ( 'NONE', #922, #6186, #1875 ) ;
#5963 = EDGE_LOOP ( 'NONE', ( #5156, #6217, #185, #4209 ) ) ;
#5964 = DIRECTION ( 'NONE',  ( 0.000000000000000000, 0.000000000000000000, 1.000000000000000000 ) ) ;
#5965 = FACE_OUTER_BOUND ( 'NONE', #2586, .T. ) ;
#5966 = CARTESIAN_POINT ( 'NONE',  ( 24.93192408086587974, 16.84565921906649066, -0.9431177613180307118 ) ) ;
#5967 = CARTESIAN_POINT ( 'NONE',  ( -27.97401825539173359, 14.52460637959498513, 0.9346260201667514478 ) ) ;
#5968 = DIRECTION ( 'NONE',  ( 1.239088197126290817E-16, -1.000000000000000000, -0.000000000000000000 ) ) ;
#5969 = ORIENTED_EDGE ( 'NONE', *, *, #650, .F. ) ;
#5970 = FACE_OUTER_BOUND ( 'NONE', #968, .T. ) ;
#5971 = CARTESIAN_POINT ( 'NONE',  ( 21.49569157459682600, -12.35933725501725000, 18.40095474029324052 ) ) ;
#5972 = DIRECTION ( 'NONE',  ( 1.000000000000000000, 0.000000000000000000, 0.000000000000000000 ) ) ;
#5973 = CARTESIAN_POINT ( 'NONE',  ( 27.89348916861635175, 15.05471760911897050, 0.9435108497192324917 ) ) ;
#5974 = DIRECTION ( 'NONE',  ( 1.000000000000000000, 0.000000000000000000, 0.000000000000000000 ) ) ;
#5975 = FACE_OUTER_BOUND ( 'NONE', #3997, .T. ) ;
#5976 = CARTESIAN_POINT ( 'NONE',  ( 27.57346234436006682, -14.28564924179517170, 16.07955970130800694 ) ) ;
#5977 = EDGE_CURVE ( 'NONE', #581, #3778, #2826, .T. ) ;
#5978 = CARTESIAN_POINT ( 'NONE',  ( -28.26604322456400453, 21.32369011287381610, -0.6918061173789131768 ) ) ;
#5979 = CARTESIAN_POINT ( 'NONE',  ( -30.98718218258522228, 18.84885944864903706, -0.9161499896911348140 ) ) ;
#5980 = CARTESIAN_POINT ( 'NONE',  ( -25.67029489724697910, -21.50000000000000711, -0.9996901619963840524 ) ) ;
#5981 = CARTESIAN_POINT ( 'NONE',  ( -31.11400382828387379, 18.65844229489085748, -0.7261456115738046391 ) ) ;
#5982 = ORIENTED_EDGE ( 'NONE', *, *, #3390, .F. ) ;
#5983 = FACE_BOUND ( 'NONE', #4314, .T. ) ;
#5984 = ADVANCED_FACE ( 'NONE', ( #5719 ), #3679, .F. ) ;
#5985 = ORIENTED_EDGE ( 'NONE', *, *, #3210, .T. ) ;
#5987 = CARTESIAN_POINT ( 'NONE',  ( 25.30000000000000071, -22.00000000000000000, -0.4697889418938117068 ) ) ;
#5986 = CARTESIAN_POINT ( 'NONE',  ( 26.80602228017232136, 14.96711170736623586, -1.090524830170337189 ) ) ;
#5988 = VERTEX_POINT ( 'NONE', #361 ) ;
#5989 = EDGE_CURVE ( 'NONE', #4653, #2386, #971, .T. ) ;
#5990 = CARTESIAN_POINT ( 'NONE',  ( -26.13683453648195254, 18.49401259340623227, 0.1672244076245512912 ) ) ;
#5991 = LINE ( 'NONE', #622, #1683 ) ;
#5992 = AXIS2_PLACEMENT_3D ( 'NONE', #2395, #38, #4345 ) ;
#5993 = CARTESIAN_POINT ( 'NONE',  ( 21.29399997152811608, -12.82735828833280145, 18.45481565223260390 ) ) ;
#5994 = CARTESIAN_POINT ( 'NONE',  ( -28.00000000000000711, 13.99999999999999112, 15.26032778078668350 ) ) ;
#5995 = CARTESIAN_POINT ( 'NONE',  ( 31.77549640192085789, 17.03389261940971267, -0.9847289411273136839 ) ) ;
#5996 = AXIS2_PLACEMENT_3D ( 'NONE', #883, #3761, #1836 ) ;
#5997 = DIRECTION ( 'NONE',  ( -1.000000000000000000, 0.000000000000000000, 0.000000000000000000 ) ) ;
#5998 = CARTESIAN_POINT ( 'NONE',  ( -28.44361380257752359, 20.67278670598532031, -0.02358710259863395706 ) ) ;
#5999 = ORIENTED_EDGE ( 'NONE', *, *, #5414, .F. ) ;
#6000 = CARTESIAN_POINT ( 'NONE',  ( 32.00000000000000000, 15.74316436943212771, -1.004559301962467899 ) ) ;
#6001 = DIRECTION ( 'NONE',  ( 1.000000000000000000, 1.239088197126290817E-16, -0.000000000000000000 ) ) ;
#6002 = TOROIDAL_SURFACE ( 'NONE', #1859, 330.6999999999999318, 0.5000000000000000000 ) ;
#6003 = CARTESIAN_POINT ( 'NONE',  ( 30.34186094331147743, -19.73401052994705296, -0.8611308419484671184 ) ) ;
#6004 = CARTESIAN_POINT ( 'NONE',  ( -27.89768353942365664, 14.90833433460952051, 0.9429597460238627882 ) ) ;
#6005 = DIRECTION ( 'NONE',  ( -0.000000000000000000, -0.000000000000000000, 1.000000000000000000 ) ) ;
#6006 = ORIENTED_EDGE ( 'NONE', *, *, #5162, .T. ) ;
#6007 = ORIENTED_EDGE ( 'NONE', *, *, #5573, .T. ) ;
#6008 = CARTESIAN_POINT ( 'NONE',  ( -26.17634176726971873, -21.95671462484462921, -0.3321883238749383516 ) ) ;
#6009 = CARTESIAN_POINT ( 'NONE',  ( -24.58760108352599971, 17.96672528597515495, 16.99442340775272697 ) ) ;
#6010 = EDGE_CURVE ( 'NONE', #5051, #5289, #2243, .T. ) ;
#6011 = CARTESIAN_POINT ( 'NONE',  ( 0.000000000000000000, -21.50000000000000000, -330.0000000000000000 ) ) ;
#6012 = ADVANCED_FACE ( 'NONE', ( #4889, #3745 ), #794, .T. ) ;
#6013 = ORIENTED_EDGE ( 'NONE', *, *, #2996, .T. ) ;
#6014 = DIRECTION ( 'NONE',  ( 0.07261724659606699772, 0.000000000000000000, 0.9973598826385620120 ) ) ;
#6015 = CARTESIAN_POINT ( 'NONE',  ( 23.99999999999999289, -16.49999999999999289, -1.065736050498977683 ) ) ;
#6016 = CARTESIAN_POINT ( 'NONE',  ( 31.22056212491432348, -17.29608969910204053, -0.2747809932736581806 ) ) ;
#6017 = CARTESIAN_POINT ( 'NONE',  ( 25.81932054130696486, 16.72907261777849186, 17.30745896344518542 ) ) ;
#6018 = DIRECTION ( 'NONE',  ( 0.000000000000000000, -0.000000000000000000, 1.000000000000000000 ) ) ;
#6019 = ORIENTED_EDGE ( 'NONE', *, *, #4604, .F. ) ;
#6020 = ORIENTED_EDGE ( 'NONE', *, *, #1687, .F. ) ;
#6021 = CARTESIAN_POINT ( 'NONE',  ( 23.99999999999999289, 18.00000000000000355, 1.331918172698759451 ) ) ;
#6022 = EDGE_CURVE ( 'NONE', #5451, #1475, #602, .T. ) ;
#6023 = CARTESIAN_POINT ( 'NONE',  ( 26.49999999999999289, -17.99999999999999645, 15.00000000000000355 ) ) ;
#6024 = CARTESIAN_POINT ( 'NONE',  ( -1.239088197126287612E-16, -18.00000000000000000, -330.0000000000000000 ) ) ;
#6025 = ORIENTED_EDGE ( 'NONE', *, *, #2910, .F. ) ;
#6026 = CARTESIAN_POINT ( 'NONE',  ( 24.35688152207640655, 16.98058996910253882, -0.9000457209312898721 ) ) ;
#6027 = PERSON_AND_ORGANIZATION ( #2644, #6096 ) ;
#6028 = ORIENTED_EDGE ( 'NONE', *, *, #54, .T. ) ;
#6029 = CARTESIAN_POINT ( 'NONE',  ( 25.38550581276913576, 16.88328839600715270, 17.59882308397041939 ) ) ;
#6030 = EDGE_CURVE ( 'NONE', #740, #5988, #316, .T. ) ;
#6031 = ORIENTED_EDGE ( 'NONE', *, *, #63, .F. ) ;
#6032 = VERTEX_POINT ( 'NONE', #1748 ) ;
#6033 = AXIS2_PLACEMENT_3D ( 'NONE', #1652, #4580, #3575 ) ;
#6034 = DIRECTION ( 'NONE',  ( 1.000000000000000000, -0.000000000000000000, 0.000000000000000000 ) ) ;
#6035 = ORIENTED_EDGE ( 'NONE', *, *, #2509, .T. ) ;
#6036 = CARTESIAN_POINT ( 'NONE',  ( -25.74182913278892926, 22.00000000000000000, -0.3005719908318182920 ) ) ;
#6037 = LINE ( 'NONE', #4671, #5886 ) ;
#6038 = CARTESIAN_POINT ( 'NONE',  ( 28.00101298495070878, 20.86368197847959038, -1.190062023090288079 ) ) ;
#6039 = ADVANCED_FACE ( 'NONE', ( #906 ), #5949, .F. ) ;
#6040 = AXIS2_PLACEMENT_3D ( 'NONE', #4324, #5280, #5754 ) ;
#6041 = ORIENTED_EDGE ( 'NONE', *, *, #1800, .T. ) ;
#6042 = CARTESIAN_POINT ( 'NONE',  ( 28.06802015168621978, -21.40536757675778290, -0.4756997831146484446 ) ) ;
#6043 = CIRCLE ( 'NONE', #6070, 10.00000000000000178 ) ;
#6044 = CARTESIAN_POINT ( 'NONE',  ( -26.21920539793528349, -15.98380249700893607, -1.043205777490033404 ) ) ;
#6045 = CARTESIAN_POINT ( 'NONE',  ( -20.08469709767365785, 17.99999999999999645, 18.11513975825479505 ) ) ;
#6046 = CARTESIAN_POINT ( 'NONE',  ( -28.08710256268733474, -20.87415915614809592, 0.007116088737176858199 ) ) ;
#6047 = CARTESIAN_POINT ( 'NONE',  ( -24.74101521395583703, 17.96787890793226694, 17.97144718499105309 ) ) ;
#6048 = VECTOR ( 'NONE', #5304, 1000.000000000000000 ) ;
#6049 = ORIENTED_EDGE ( 'NONE', *, *, #5889, .T. ) ;
#6050 = CARTESIAN_POINT ( 'NONE',  ( -28.00000000000000711, -14.00000000000000533, 0.9317754462390137604 ) ) ;
#6051 = CARTESIAN_POINT ( 'NONE',  ( 26.07429364805832250, 21.45988397893634314, -1.031472900954421901 ) ) ;
#6052 = AXIS2_PLACEMENT_3D ( 'NONE', #5014, #3537, #1657 ) ;
#6053 = CARTESIAN_POINT ( 'NONE',  ( 27.22156119210118419, -17.76715262834609277, 0.07950526727317605569 ) ) ;
#6054 = CARTESIAN_POINT ( 'NONE',  ( 20.86955553836180854, -15.49999999999999289, 17.49999999999999645 ) ) ;
#6055 = FACE_OUTER_BOUND ( 'NONE', #419, .T. ) ;
#6056 = DIRECTION ( 'NONE',  ( -0.000000000000000000, -1.000000000000000000, -0.000000000000000000 ) ) ;
#6057 = CARTESIAN_POINT ( 'NONE',  ( -30.18545775367726236, -19.07987437724164081, -1.383370735082392500 ) ) ;
#6058 = CARTESIAN_POINT ( 'NONE',  ( 22.43583420561108355, 11.38843752817592048, 17.84491605607225395 ) ) ;
#6059 = ORIENTED_EDGE ( 'NONE', *, *, #815, .T. ) ;
#6060 = CARTESIAN_POINT ( 'NONE',  ( 28.80817404356681877, 21.01250527339249885, -1.259678463198561804 ) ) ;
#6061 = VECTOR ( 'NONE', #5950, 1000.000000000000000 ) ;
#6062 = CARTESIAN_POINT ( 'NONE',  ( -22.01648022708848629, -12.36421833083990407, 18.13846384103808163 ) ) ;
#6063 = DIRECTION ( 'NONE',  ( 1.000000000000000000, 0.000000000000000000, 0.000000000000000000 ) ) ;
#6064 = EDGE_CURVE ( 'NONE', #887, #701, #1695, .T. ) ;
#6065 = CARTESIAN_POINT ( 'NONE',  ( -23.96369137670197702, -16.49999999999999645, -0.8712387292745782386 ) ) ;
#6066 = AXIS2_PLACEMENT_3D ( 'NONE', #577, #2924, #604 ) ;
#6067 = DIRECTION ( 'NONE',  ( 1.000000000000000000, 0.000000000000000000, 0.000000000000000000 ) ) ;
#6068 = LINE ( 'NONE', #695, #4027 ) ;
#6069 = CARTESIAN_POINT ( 'NONE',  ( -27.44940200489264726, -21.64966400279160652, -0.4277945844569970846 ) ) ;
#6070 = AXIS2_PLACEMENT_3D ( 'NONE', #1992, #5752, #1382 ) ;
#6071 = CARTESIAN_POINT ( 'NONE',  ( 0.000000000000000000, -18.99999999999999645, -330.0000000000000000 ) ) ;
#6072 = ADVANCED_FACE ( 'NONE', ( #4805 ), #1572, .F. ) ;
#6073 = VECTOR ( 'NONE', #1324, 1000.000000000000000 ) ;
#6074 = CARTESIAN_POINT ( 'NONE',  ( -28.74613782528993866, 15.29215936629499062, -0.04984948697138397861 ) ) ;
#6075 = CARTESIAN_POINT ( 'NONE',  ( 31.12717780939018652, 17.29338099313729060, -1.471306717734805813 ) ) ;
#6076 = CARTESIAN_POINT ( 'NONE',  ( 31.54762624735410625, -15.71043730838277774, -0.3059186485792726451 ) ) ;
#6077 = DIRECTION ( 'NONE',  ( 0.000000000000000000, 0.000000000000000000, 1.000000000000000000 ) ) ;
#6078 = CARTESIAN_POINT ( 'NONE',  ( 27.12808335434851870, -16.96908615017279587, 15.71808401975371261 ) ) ;
#6079 = DIRECTION ( 'NONE',  ( -0.000000000000000000, -1.000000000000000000, -0.000000000000000000 ) ) ;
#6080 = VERTEX_POINT ( 'NONE', #3296 ) ;
#6081 = EDGE_LOOP ( 'NONE', ( #1632, #3382, #1339, #4723, #2635, #3351 ) ) ;
#6082 = CARTESIAN_POINT ( 'NONE',  ( 30.63370546268610539, 18.40781713200809122, -1.424853247284050717 ) ) ;
#6083 = DIRECTION ( 'NONE',  ( 0.000000000000000000, 1.000000000000000000, 0.000000000000000000 ) ) ;
#6084 = ORIENTED_EDGE ( 'NONE', *, *, #1444, .F. ) ;
#6085 = CARTESIAN_POINT ( 'NONE',  ( 20.08469709767365075, 17.00000000000000000, 9.115139758254795055 ) ) ;
#6086 = ORIENTED_EDGE ( 'NONE', *, *, #2171, .T. ) ;
#6087 = CARTESIAN_POINT ( 'NONE',  ( -26.93969945249052600, -14.39342144397345180, -1.101453248834546983 ) ) ;
#6088 = CARTESIAN_POINT ( 'NONE',  ( -31.54762624735409915, -15.71046183334842716, -0.3059186485792946275 ) ) ;
#6089 = CARTESIAN_POINT ( 'NONE',  ( -20.86955553836182631, 0.000000000000000000, 16.50000000000000000 ) ) ;
#6090 = ORIENTED_EDGE ( 'NONE', *, *, #260, .F. ) ;
#6091 = CARTESIAN_POINT ( 'NONE',  ( -27.52384212937446151, -21.10678622670933180, 0.05441008162620519784 ) ) ;
#6092 = CARTESIAN_POINT ( 'NONE',  ( 27.99999999999999289, 15.50000000000000000, 17.49999999999999645 ) ) ;
#6093 = EDGE_CURVE ( 'NONE', #1198, #1365, #3815, .T. ) ;
#6094 = ORIENTED_EDGE ( 'NONE', *, *, #2690, .F. ) ;
#6095 = CARTESIAN_POINT ( 'NONE',  ( 28.75166992074657202, 15.30294186934483847, -0.05032860719146975415 ) ) ;
#6096 = ORGANIZATION ( '未指定', '未指定', '' ) ;
#6097 = PLANE ( 'NONE',  #2338 ) ;
#6098 = CARTESIAN_POINT ( 'NONE',  ( -23.96369137670197702, 16.99999999999999289, -0.8712387292745696898 ) ) ;
#6099 = CARTESIAN_POINT ( 'NONE',  ( 21.20000000000000639, 15.76589362860127430, 18.44523733377407737 ) ) ;
#6100 = ORIENTED_EDGE ( 'NONE', *, *, #3245, .F. ) ;
#6101 = EDGE_CURVE ( 'NONE', #4653, #2882, #2523, .T. ) ;
#6102 = CYLINDRICAL_SURFACE ( 'NONE', #235, 0.5000000000000000000 ) ;
#6103 = DIRECTION ( 'NONE',  ( -1.000000000000000000, 0.000000000000000000, 0.000000000000000000 ) ) ;
#6104 = CARTESIAN_POINT ( 'NONE',  ( -23.96369137670197347, -16.99999999999999645, -0.8712387292745783496 ) ) ;
#6105 = DIRECTION ( 'NONE',  ( 1.000000000000000000, 0.000000000000000000, 0.000000000000000000 ) ) ;
#6106 = VERTEX_POINT ( 'NONE', #4736 ) ;
#6107 = VECTOR ( 'NONE', #1491, 1000.000000000000000 ) ;
#6108 = CARTESIAN_POINT ( 'NONE',  ( -28.00000000000000711, 13.99999999999999112, 15.26032778078668706 ) ) ;
#6109 = CARTESIAN_POINT ( 'NONE',  ( -25.46593562676651246, -16.60293754569989844, -0.9840231092721728468 ) ) ;
#6110 = AXIS2_PLACEMENT_3D ( 'NONE', #3214, #369, #5135 ) ;
#6111 = EDGE_LOOP ( 'NONE', ( #2671, #91, #4550, #3762 ) ) ;
#6112 = CARTESIAN_POINT ( 'NONE',  ( -26.50000000000000711, -13.99999999999999822, -1.065736050498977683 ) ) ;
#6113 = LINE ( 'NONE', #727, #4682 ) ;
#6114 = CARTESIAN_POINT ( 'NONE',  ( 25.24975369922731616, -16.17133967147497486, -0.4851418008852237396 ) ) ;
#6115 = CARTESIAN_POINT ( 'NONE',  ( 27.15893705594319840, 16.48317551176890916, 15.70188582641660346 ) ) ;
#6116 = DIRECTION ( 'NONE',  ( 0.000000000000000000, 0.000000000000000000, -1.000000000000000000 ) ) ;
#6117 = CARTESIAN_POINT ( 'NONE',  ( -24.92470122541908495, -16.97504396312598729, 17.86989936937289869 ) ) ;
#6118 = CARTESIAN_POINT ( 'NONE',  ( 22.70000000000000639, -15.10000000000000320, 17.66000000000000725 ) ) ;
#6119 = EDGE_LOOP ( 'NONE', ( #777, #904, #6156, #6185 ) ) ;
#6120 = CARTESIAN_POINT ( 'NONE',  ( -25.30000000000000071, 21.50000000000000000, -0.4697889418938340222 ) ) ;
#6121 = CYLINDRICAL_SURFACE ( 'NONE', #3337, 2.749999999999995559 ) ;
#6122 = EDGE_CURVE ( 'NONE', #5581, #3675, #3345, .T. ) ;
#6123 = EDGE_LOOP ( 'NONE', ( #1699, #3975, #1674, #3261, #4879, #2162, #4602, #117, #661, #1794 ) ) ;
#6124 = CARTESIAN_POINT ( 'NONE',  ( -31.34634098388528756, -16.91841283110109728, -0.2867102469455147795 ) ) ;
#6125 = DIRECTION ( 'NONE',  ( 0.000000000000000000, 0.000000000000000000, 1.000000000000000000 ) ) ;
#6126 = ORIENTED_EDGE ( 'NONE', *, *, #2098, .T. ) ;
#6127 = VECTOR ( 'NONE', #1512, 1000.000000000000000 ) ;
#6128 =( BOUNDED_CURVE ( )  B_SPLINE_CURVE ( 3, ( #3503, #1109, #5037, #150 ),
 .UNSPECIFIED., .F., .T. ) 
 B_SPLINE_CURVE_WITH_KNOTS ( ( 4, 4 ),
 ( 5.140646225473362918, 6.283185307179586232 ),
 .UNSPECIFIED. ) 
 CURVE ( )  GEOMETRIC_REPRESENTATION_ITEM ( )  RATIONAL_B_SPLINE_CURVE ( ( 1.000000000000000000, 0.8941434746364459452, 0.8941434746364459452, 1.000000000000000000 ) ) 
 REPRESENTATION_ITEM ( '' )  );
#6129 = CARTESIAN_POINT ( 'NONE',  ( -22.01648022708848629, -11.74239677874085253, 18.13846384103808163 ) ) ;
#6130 = CARTESIAN_POINT ( 'NONE',  ( 24.80401839655376861, -16.37282703205270806, -0.4441765773171348908 ) ) ;
#6131 = DIRECTION ( 'NONE',  ( 0.000000000000000000, -1.000000000000000000, -0.000000000000000000 ) ) ;
#6132 = CARTESIAN_POINT ( 'NONE',  ( -21.20000000000000995, -16.37874638081762413, 17.95771606133231657 ) ) ;
#6133 = FACE_OUTER_BOUND ( 'NONE', #828, .T. ) ;
#6134 = CARTESIAN_POINT ( 'NONE',  ( -24.00000000000001066, -18.00000000000000355, 17.21886749202244005 ) ) ;
#6135 = FACE_OUTER_BOUND ( 'NONE', #1487, .T. ) ;
#6136 = EDGE_CURVE ( 'NONE', #4686, #954, #2178, .T. ) ;
#6137 = DIRECTION ( 'NONE',  ( 1.000000000000000000, 0.000000000000000000, 0.000000000000000000 ) ) ;
#6138 = DIRECTION ( 'NONE',  ( 0.000000000000000000, 0.000000000000000000, 1.000000000000000000 ) ) ;
#6139 = CARTESIAN_POINT ( 'NONE',  ( -25.13772223818783402, 17.84525784394305248, 16.75179836076683415 ) ) ;
#6140 = AXIS2_PLACEMENT_3D ( 'NONE', #5069, #6018, #2173 ) ;
#6141 = CARTESIAN_POINT ( 'NONE',  ( -24.35688152207642432, -16.98058996910253526, -0.9000457209312902052 ) ) ;
#6142 = ORIENTED_EDGE ( 'NONE', *, *, #3282, .T. ) ;
#6143 = CARTESIAN_POINT ( 'NONE',  ( -26.56168618094330824, 15.50625249713804088, -1.070693150476032640 ) ) ;
#6144 = ORIENTED_EDGE ( 'NONE', *, *, #4039, .T. ) ;
#6145 = DIRECTION ( 'NONE',  ( 0.000000000000000000, -1.000000000000000000, -0.000000000000000000 ) ) ;
#6146 = CARTESIAN_POINT ( 'NONE',  ( 26.00762486593982814, 17.48059045497776154, 16.30632472616716910 ) ) ;
#6147 = CARTESIAN_POINT ( 'NONE',  ( 31.83072168048073181, -16.81226245195833258, -0.3328283173333435596 ) ) ;
#6148 = DIRECTION ( 'NONE',  ( 0.000000000000000000, -0.000000000000000000, 1.000000000000000000 ) ) ;
#6149 = AXIS2_PLACEMENT_3D ( 'NONE', #6092, #402, #4695 ) ;
#6150 = ORIENTED_EDGE ( 'NONE', *, *, #4279, .F. ) ;
#6151 = CARTESIAN_POINT ( 'NONE',  ( -22.95123328238382499, 11.20000000000000639, 17.48413670233133743 ) ) ;
#6152 = ADVANCED_FACE ( 'NONE', ( #1212 ), #439, .T. ) ;
#6153 = CARTESIAN_POINT ( 'NONE',  ( -25.40605247977350345, -17.75521630534093731, 16.62215023031288652 ) ) ;
#6154 = VERTEX_POINT ( 'NONE', #492 ) ;
#6155 = CARTESIAN_POINT ( 'NONE',  ( -26.43493836743948222, -17.18421124754349094, 1.097499176547376054 ) ) ;
#6156 = ORIENTED_EDGE ( 'NONE', *, *, #2317, .F. ) ;
#6157 = CARTESIAN_POINT ( 'NONE',  ( 22.70000000000000639, -11.90000000000000391, 17.66000000000000725 ) ) ;
#6158 = ORIENTED_EDGE ( 'NONE', *, *, #937, .T. ) ;
#6159 = ORIENTED_EDGE ( 'NONE', *, *, #5742, .T. ) ;
#6160 = CARTESIAN_POINT ( 'NONE',  ( -31.78281043303066156, -17.04892999499930539, -0.7844658172373415450 ) ) ;
#6161 = FACE_OUTER_BOUND ( 'NONE', #1403, .T. ) ;
#6162 = EDGE_CURVE ( 'NONE', #5000, #5279, #2448, .T. ) ;
#6163 = DIRECTION ( 'NONE',  ( 0.000000000000000000, 0.000000000000000000, -1.000000000000000000 ) ) ;
#6164 = CARTESIAN_POINT ( 'NONE',  ( -25.88129320399986000, 15.65448079057309805, -0.5446763781629518908 ) ) ;
#6165 = CARTESIAN_POINT ( 'NONE',  ( -24.00000000000000711, -16.50000000000000000, -0.3725587879552898496 ) ) ;
#6166 = ORIENTED_EDGE ( 'NONE', *, *, #4565, .T. ) ;
#6167 = FACE_OUTER_BOUND ( 'NONE', #4293, .T. ) ;
#6168 = EDGE_CURVE ( 'NONE', #4073, #4967, #5259, .T. ) ;
#6169 = CARTESIAN_POINT ( 'NONE',  ( -31.50000000000000000, 15.29999999999999716, -1.004559302108255725 ) ) ;
#6170 = ORIENTED_EDGE ( 'NONE', *, *, #2771, .F. ) ;
#6171 = DIRECTION ( 'NONE',  ( 0.07655068078668557374, 0.000000000000000000, -0.9970656915525150099 ) ) ;
#6172 = CARTESIAN_POINT ( 'NONE',  ( 24.52323627646361359, 17.97415407764338724, 1.284047860421432707 ) ) ;
#6173 = AXIS2_PLACEMENT_3D ( 'NONE', #2646, #700, #267 ) ;
#6174 = ORIENTED_EDGE ( 'NONE', *, *, #4565, .F. ) ;
#6175 = DIRECTION ( 'NONE',  ( -1.000000000000000000, -1.239088197126290817E-16, 0.000000000000000000 ) ) ;
#6176 = CIRCLE ( 'NONE', #2190, 332.1999999999999318 ) ;
#6177 = AXIS2_PLACEMENT_3D ( 'NONE', #3982, #4463, #3886 ) ;
#6178 = ADVANCED_FACE ( 'NONE', ( #4663 ), #3144, .T. ) ;
#6179 = PLANE ( 'NONE',  #2815 ) ;
#6180 = EDGE_LOOP ( 'NONE', ( #4842, #5607 ) ) ;
#6181 = VECTOR ( 'NONE', #879, 1000.000000000000000 ) ;
#6182 = CARTESIAN_POINT ( 'NONE',  ( -26.49999999584700205, 14.33451836720395711, -1.065413436098557209 ) ) ;
#6183 = CARTESIAN_POINT ( 'NONE',  ( 31.57789014078655043, -17.65073536606950455, -0.3085271666641214994 ) ) ;
#6184 = ORIENTED_EDGE ( 'NONE', *, *, #5162, .F. ) ;
#6185 = ORIENTED_EDGE ( 'NONE', *, *, #6022, .F. ) ;
#6186 = DIRECTION ( 'NONE',  ( 1.000000000000000000, 0.000000000000000000, 0.000000000000000000 ) ) ;
#6187 = FACE_OUTER_BOUND ( 'NONE', #190, .T. ) ;
#6188 = CARTESIAN_POINT ( 'NONE',  ( 24.26365049710721067, -18.00000000000000000, 1.308046295347379040 ) ) ;
#6189 = CARTESIAN_POINT ( 'NONE',  ( -28.77996542993112783, -15.31839701141890231, -0.05270682298922464704 ) ) ;
#6190 = DIRECTION ( 'NONE',  ( -0.9970656915525151209, 0.000000000000000000, -0.07655068078668553211 ) ) ;
#6191 = CARTESIAN_POINT ( 'NONE',  ( 24.57983088039522457, 18.96769259722328727, 0.2868050914324696832 ) ) ;
#6192 = ORIENTED_EDGE ( 'NONE', *, *, #2183, .T. ) ;
#6193 = EDGE_CURVE ( 'NONE', #4023, #3217, #4273, .T. ) ;
#6194 = FACE_OUTER_BOUND ( 'NONE', #616, .T. ) ;
#6195 = B_SPLINE_CURVE_WITH_KNOTS ( 'NONE', 3,
 ( #2550, #3595, #735, #4554, #5995, #3021, #200, #4093, #5955, #4532, #5021, #3086, #5482, #3570, #717, #674, #1218, #3039, #4028, #3529, #1158, #4575 ),
 .UNSPECIFIED., .F., .F.,
 ( 4, 2, 2, 2, 2, 2, 2, 2, 2, 2, 4 ),
 ( 0.000000000000000000, 0.001310336478549108379, 0.001965504717823659750, 0.002620672957098211121, 0.003931009435647313428, 0.005241345914196416170, 0.006551682392745518044, 0.007206850632020069848, 0.007862018871294619918, 0.009172355349843721792, 0.01048269182839282540 ),
 .UNSPECIFIED. ) ;
#6196 =( BOUNDED_CURVE ( )  B_SPLINE_CURVE ( 3, ( #4624, #1709, #5113, #4558 ),
 .UNSPECIFIED., .F., .T. ) 
 B_SPLINE_CURVE_WITH_KNOTS ( ( 4, 4 ),
 ( 5.140646225473357589, 6.283185307179586232 ),
 .UNSPECIFIED. ) 
 CURVE ( )  GEOMETRIC_REPRESENTATION_ITEM ( )  RATIONAL_B_SPLINE_CURVE ( ( 1.000000000000000000, 0.8941434746364450570, 0.8941434746364450570, 1.000000000000000000 ) ) 
 REPRESENTATION_ITEM ( '' )  );
#6197 = CIRCLE ( 'NONE', #5180, 0.5000000000000000000 ) ;
#6198 = CARTESIAN_POINT ( 'NONE',  ( 25.78714007062635005, -16.38815374432250138, -1.009042627720541763 ) ) ;
#6199 = EDGE_CURVE ( 'NONE', #1132, #2170, #3609, .T. ) ;
#6200 = CARTESIAN_POINT ( 'NONE',  ( -25.52184291289576734, 15.99012812088980873, -0.5105714801465586206 ) ) ;
#6201 = DIRECTION ( 'NONE',  ( -0.000000000000000000, -1.000000000000000000, -0.000000000000000000 ) ) ;
#6202 = EDGE_CURVE ( 'NONE', #392, #3217, #5121, .T. ) ;
#6203 = CARTESIAN_POINT ( 'NONE',  ( 26.42016162276683744, 14.64760273803965696, -0.5968794712205964803 ) ) ;
#6204 = LINE ( 'NONE', #3111, #3870 ) ;
#6205 = DIRECTION ( 'NONE',  ( 0.000000000000000000, 0.000000000000000000, 1.000000000000000000 ) ) ;
#6206 = ADVANCED_FACE ( 'NONE', ( #6161 ), #3976, .T. ) ;
#6207 = DIRECTION ( 'NONE',  ( 1.000000000000000000, 1.239088197126290817E-16, 0.000000000000000000 ) ) ;
#6208 = ORIENTED_EDGE ( 'NONE', *, *, #1766, .F. ) ;
#6209 = CARTESIAN_POINT ( 'NONE',  ( -25.34174368397040666, -17.77121894188444884, 0.2292644467876056857 ) ) ;
#6210 = CARTESIAN_POINT ( 'NONE',  ( 32.00000000000000000, 15.29999999999999716, -1.004559302108243291 ) ) ;
#6211 = ORIENTED_EDGE ( 'NONE', *, *, #2334, .F. ) ;
#6212 = CARTESIAN_POINT ( 'NONE',  ( -25.04000388515631670, 17.87136980612391568, 1.235345643175802088 ) ) ;
#6213 = CARTESIAN_POINT ( 'NONE',  ( 26.59626346614011183, 17.05498601824606553, 0.1310392191183726018 ) ) ;
#6214 = AXIS2_PLACEMENT_3D ( 'NONE', #3692, #5571, #6116 ) ;
#6215 = DIRECTION ( 'NONE',  ( 0.000000000000000000, 0.000000000000000000, 1.000000000000000000 ) ) ;
#6216 = ORIENTED_EDGE ( 'NONE', *, *, #6202, .T. ) ;
#6217 = ORIENTED_EDGE ( 'NONE', *, *, #752, .T. ) ;
#6218 = CARTESIAN_POINT ( 'NONE',  ( -29.11586953669648636, -20.23722415089686777, -0.08210010948287983779 ) ) ;
#6219 = VERTEX_POINT ( 'NONE', #3856 ) ;
#6220 = CARTESIAN_POINT ( 'NONE',  ( 25.98487036740505474, -15.52881539620969775, -0.5546169450353383157 ) ) ;
#6221 = CARTESIAN_POINT ( 'NONE',  ( 27.44940200489254423, 21.64966400279163494, -0.4277945844569776557 ) ) ;
#6222 = CARTESIAN_POINT ( 'NONE',  ( 27.34004765544528581, -21.17247033853592342, 0.06968914150463877133 ) ) ;
ENDSEC;
END-ISO-10303-21;
