ISO-10303-21;
HEADER;
FILE_DESCRIPTION (( 'STEP AP203' ),
    '1' );
FILE_NAME ('04001节点下壳双.STEP',
    '2025-06-16T06:12:50',
    ( 'Windows 用户' ),
    ( '' ),
    'SwSTEP 2.0',
    'SolidWorks 2018',
    '' );
FILE_SCHEMA (( 'CONFIG_CONTROL_DESIGN' ));
ENDSEC;

DATA;
#1 = AXIS2_PLACEMENT_3D ( 'NONE', #2949, #820, #3306 ) ;
#2 = DIRECTION ( 'NONE',  ( 0.000000000000000000, 0.000000000000000000, 1.000000000000000000 ) ) ;
#3 = ORIENTED_EDGE ( 'NONE', *, *, #3149, .F. ) ;
#4 = ADVANCED_FACE ( 'NONE', ( #697 ), #1674, .T. ) ;
#5 = FACE_OUTER_BOUND ( 'NONE', #2269, .T. ) ;
#6 = VERTEX_POINT ( 'NONE', #981 ) ;
#7 = ORIENTED_EDGE ( 'NONE', *, *, #808, .T. ) ;
#8 = EDGE_CURVE ( 'NONE', #2087, #2330, #664, .T. ) ;
#9 = CARTESIAN_POINT ( 'NONE',  ( -3.500000000000000444, 12.00000000000000355, 1.500000000000000000 ) ) ;
#10 = CYLINDRICAL_SURFACE ( 'NONE', #1517, 3.800000000000002043 ) ;
#11 = AXIS2_PLACEMENT_3D ( 'NONE', #1235, #1811, #2611 ) ;
#12 = ORIENTED_EDGE ( 'NONE', *, *, #2893, .F. ) ;
#13 = APPLICATION_CONTEXT ( 'configuration controlled 3d designs of mechanical parts and assemblies' ) ;
#14 = VERTEX_POINT ( 'NONE', #1240 ) ;
#15 = EDGE_CURVE ( 'NONE', #1883, #2620, #146, .T. ) ;
#16 = CARTESIAN_POINT ( 'NONE',  ( -2.791057147390573423, 15.50000000000000533, 1.100000000000000311 ) ) ;
#17 = EDGE_CURVE ( 'NONE', #3490, #881, #1377, .T. ) ;
#18 = AXIS2_PLACEMENT_3D ( 'NONE', #3404, #1740, #112 ) ;
#19 = PLANE ( 'NONE',  #1213 ) ;
#20 = FACE_OUTER_BOUND ( 'NONE', #349, .T. ) ;
#21 = EDGE_LOOP ( 'NONE', ( #102, #71, #3557, #1265 ) ) ;
#22 = DIRECTION ( 'NONE',  ( -1.000000000000000000, -0.000000000000000000, -0.000000000000000000 ) ) ;
#23 = CARTESIAN_POINT ( 'NONE',  ( 5.499999999999999112, -11.19999999999999929, 1.500000000000000000 ) ) ;
#24 = ORIENTED_EDGE ( 'NONE', *, *, #1171, .T. ) ;
#25 = EDGE_CURVE ( 'NONE', #3558, #1373, #2878, .T. ) ;
#26 = APPROVAL_STATUS ( 'not_yet_approved' ) ;
#27 = CARTESIAN_POINT ( 'NONE',  ( -8.500000000000000000, 17.00000000000000355, 4.500000000000000000 ) ) ;
#28 = ORIENTED_EDGE ( 'NONE', *, *, #1382, .T. ) ;
#29 = ADVANCED_FACE ( 'NONE', ( #3494 ), #1804, .F. ) ;
#30 = DIRECTION ( 'NONE',  ( 0.000000000000000000, -0.000000000000000000, 1.000000000000000000 ) ) ;
#31 = APPROVAL ( #26, '未指定' ) ;
#32 = ORIENTED_EDGE ( 'NONE', *, *, #1163, .F. ) ;
#33 = CARTESIAN_POINT ( 'NONE',  ( 0.000000000000000000, 0.000000000000000000, 3.000000000000000000 ) ) ;
#34 = DIRECTION ( 'NONE',  ( -0.000000000000000000, 0.000000000000000000, 1.000000000000000000 ) ) ;
#35 = LINE ( 'NONE', #2799, #2673 ) ;
#36 = DIRECTION ( 'NONE',  ( -0.000000000000000000, 0.000000000000000000, -1.000000000000000000 ) ) ;
#37 = VECTOR ( 'NONE', #1687, 1000.000000000000000 ) ;
#38 = CIRCLE ( 'NONE', #2060, 3.500000000000000444 ) ;
#39 = DIRECTION ( 'NONE',  ( 0.000000000000000000, 0.000000000000000000, -1.000000000000000000 ) ) ;
#40 = EDGE_CURVE ( 'NONE', #1802, #1449, #3316, .T. ) ;
#41 = ORIENTED_EDGE ( 'NONE', *, *, #800, .F. ) ;
#42 = ORIENTED_EDGE ( 'NONE', *, *, #1907, .T. ) ;
#43 = PLANE ( 'NONE',  #1659 ) ;
#44 = CARTESIAN_POINT ( 'NONE',  ( 2.598076211353316900, -15.79999999999999893, 1.500000000000000000 ) ) ;
#45 = EDGE_LOOP ( 'NONE', ( #2900, #1444, #41, #1264, #1334, #1961 ) ) ;
#46 = ORIENTED_EDGE ( 'NONE', *, *, #1118, .T. ) ;
#47 = ADVANCED_FACE ( 'NONE', ( #2184 ), #965, .T. ) ;
#48 = CARTESIAN_POINT ( 'NONE',  ( -3.500000000000000444, 15.50000000000000533, 5.500000000000000000 ) ) ;
#49 = LINE ( 'NONE', #297, #2861 ) ;
#50 = ORIENTED_EDGE ( 'NONE', *, *, #3324, .F. ) ;
#51 = DATE_TIME_ROLE ( 'creation_date' ) ;
#52 = CIRCLE ( 'NONE', #145, 3.000000000000000444 ) ;
#53 = DIRECTION ( 'NONE',  ( 1.000000000000000000, 0.000000000000000000, 0.000000000000000000 ) ) ;
#54 = CARTESIAN_POINT ( 'NONE',  ( 4.699999999999998401, 8.199999999999999289, 3.000000000000000000 ) ) ;
#55 = ORIENTED_EDGE ( 'NONE', *, *, #374, .F. ) ;
#56 = CIRCLE ( 'NONE', #967, 4.300000000000001599 ) ;
#57 = DIRECTION ( 'NONE',  ( -0.000000000000000000, 1.000000000000000000, 0.000000000000000000 ) ) ;
#58 = DIRECTION ( 'NONE',  ( -1.000000000000000000, 0.000000000000000000, 0.000000000000000000 ) ) ;
#59 = DIRECTION ( 'NONE',  ( -1.000000000000000000, 3.614007241618347908E-17, 0.000000000000000000 ) ) ;
#60 = EDGE_CURVE ( 'NONE', #3542, #3442, #2753, .T. ) ;
#61 = APPROVAL_PERSON_ORGANIZATION ( #2299, #944, #3556 ) ;
#62 = ORIENTED_EDGE ( 'NONE', *, *, #15, .T. ) ;
#63 = CYLINDRICAL_SURFACE ( 'NONE', #2833, 3.499999999999999112 ) ;
#64 = ADVANCED_FACE ( 'NONE', ( #317 ), #2054, .F. ) ;
#65 = CARTESIAN_POINT ( 'NONE',  ( -3.500000000000001332, 16.30000000000000426, 1.500000000000000000 ) ) ;
#66 = ORIENTED_EDGE ( 'NONE', *, *, #950, .F. ) ;
#67 = ORIENTED_EDGE ( 'NONE', *, *, #658, .F. ) ;
#68 = VERTEX_POINT ( 'NONE', #1022 ) ;
#69 = DIRECTION ( 'NONE',  ( 0.000000000000000000, 0.000000000000000000, -1.000000000000000000 ) ) ;
#70 = ORIENTED_EDGE ( 'NONE', *, *, #2461, .T. ) ;
#71 = ORIENTED_EDGE ( 'NONE', *, *, #2767, .F. ) ;
#72 = DIRECTION ( 'NONE',  ( 0.000000000000000000, 0.000000000000000000, -1.000000000000000000 ) ) ;
#73 = ORIENTED_EDGE ( 'NONE', *, *, #3336, .T. ) ;
#74 = CARTESIAN_POINT ( 'NONE',  ( -7.000000000000000888, 11.99999999999999822, 5.099999999999999645 ) ) ;
#75 = AXIS2_PLACEMENT_3D ( 'NONE', #2297, #2595, #2034 ) ;
#76 = VECTOR ( 'NONE', #2934, 1000.000000000000000 ) ;
#77 = CARTESIAN_POINT ( 'NONE',  ( 8.500000000000000000, -11.99999999999999645, 5.500000000000000000 ) ) ;
#78 = TOROIDAL_SURFACE ( 'NONE', #3151, 4.000000000000000000, 1.000000000000000000 ) ;
#79 = CYLINDRICAL_SURFACE ( 'NONE', #1968, 0.8000000000000012657 ) ;
#80 = ADVANCED_FACE ( 'NONE', ( #1879 ), #2410, .F. ) ;
#81 = AXIS2_PLACEMENT_3D ( 'NONE', #3032, #1922, #2717 ) ;
#82 = CARTESIAN_POINT ( 'NONE',  ( -2.791057147390573423, 15.00000000000000533, 1.100000000000000089 ) ) ;
#83 = ORIENTED_EDGE ( 'NONE', *, *, #1524, .T. ) ;
#84 = CIRCLE ( 'NONE', #347, 5.000000000000000000 ) ;
#85 = ORIENTED_EDGE ( 'NONE', *, *, #191, .T. ) ;
#86 = CARTESIAN_POINT ( 'NONE',  ( -7.500000000000000888, 12.00000000000000355, 4.500000000000000000 ) ) ;
#87 = AXIS2_PLACEMENT_3D ( 'NONE', #3513, #504, #482 ) ;
#88 = CARTESIAN_POINT ( 'NONE',  ( -5.807179676972446636, -6.899999999999999467, 1.500000000000000000 ) ) ;
#89 = CARTESIAN_POINT ( 'NONE',  ( -4.699999999999998401, -9.199999999999999289, 3.000000000000000000 ) ) ;
#90 = DIRECTION ( 'NONE',  ( 3.614007241618347908E-17, 1.000000000000000000, 0.000000000000000000 ) ) ;
#91 = CYLINDRICAL_SURFACE ( 'NONE', #2014, 3.500000000000000444 ) ;
#92 = CARTESIAN_POINT ( 'NONE',  ( -7.300000000000000711, 12.00000000000000355, 1.500000000000000000 ) ) ;
#93 = ORIENTED_EDGE ( 'NONE', *, *, #2041, .T. ) ;
#94 = EDGE_CURVE ( 'NONE', #2671, #1719, #1540, .T. ) ;
#95 = AXIS2_PLACEMENT_3D ( 'NONE', #254, #2424, #1602 ) ;
#96 = ORIENTED_EDGE ( 'NONE', *, *, #1973, .T. ) ;
#97 = ORIENTED_EDGE ( 'NONE', *, *, #1171, .F. ) ;
#98 = ADVANCED_FACE ( 'NONE', ( #3135 ), #859, .F. ) ;
#99 = CARTESIAN_POINT ( 'NONE',  ( -4.699999999999998401, 9.199999999999999289, 3.000000000000000000 ) ) ;
#100 = LINE ( 'NONE', #1429, #2093 ) ;
#101 = ORIENTED_EDGE ( 'NONE', *, *, #208, .F. ) ;
#102 = ORIENTED_EDGE ( 'NONE', *, *, #2407, .T. ) ;
#103 = CARTESIAN_POINT ( 'NONE',  ( 3.499999999999999556, 15.80000000000000426, 1.500000000000000000 ) ) ;
#104 = AXIS2_PLACEMENT_3D ( 'NONE', #1102, #1643, #2194 ) ;
#105 = ORIENTED_EDGE ( 'NONE', *, *, #1306, .F. ) ;
#106 = DIRECTION ( 'NONE',  ( 0.000000000000000000, -1.000000000000000000, 0.000000000000000000 ) ) ;
#107 = VECTOR ( 'NONE', #1354, 1000.000000000000000 ) ;
#108 = EDGE_CURVE ( 'NONE', #3496, #2091, #1372, .T. ) ;
#109 = VECTOR ( 'NONE', #2320, 1000.000000000000000 ) ;
#110 = CARTESIAN_POINT ( 'NONE',  ( 2.598076211353316900, 16.30000000000000426, 1.500000000000000000 ) ) ;
#111 = VERTEX_POINT ( 'NONE', #2683 ) ;
#112 = DIRECTION ( 'NONE',  ( -1.000000000000000000, 0.000000000000000000, 0.000000000000000000 ) ) ;
#113 = CARTESIAN_POINT ( 'NONE',  ( -3.500000000000000444, -15.99999999999999645, 4.500000000000000000 ) ) ;
#114 = CARTESIAN_POINT ( 'NONE',  ( -7.000000000000000888, 11.99999999999999822, 5.099999999999999645 ) ) ;
#115 = ADVANCED_FACE ( 'NONE', ( #1927 ), #485, .T. ) ;
#116 = ORIENTED_EDGE ( 'NONE', *, *, #2041, .F. ) ;
#117 = DIRECTION ( 'NONE',  ( -0.000000000000000000, -1.000000000000000000, -0.000000000000000000 ) ) ;
#118 = LINE ( 'NONE', #1648, #495 ) ;
#119 = EDGE_CURVE ( 'NONE', #1595, #2271, #2533, .T. ) ;
#120 = LINE ( 'NONE', #899, #752 ) ;
#121 = VECTOR ( 'NONE', #2930, 1000.000000000000000 ) ;
#122 = DIRECTION ( 'NONE',  ( -0.000000000000000000, -0.000000000000000000, 1.000000000000000000 ) ) ;
#123 = DIRECTION ( 'NONE',  ( 0.000000000000000000, -1.000000000000000000, 0.000000000000000000 ) ) ;
#124 = ORIENTED_EDGE ( 'NONE', *, *, #1652, .T. ) ;
#125 = ORIENTED_EDGE ( 'NONE', *, *, #2838, .T. ) ;
#126 = ADVANCED_FACE ( 'NONE', ( #314 ), #3247, .F. ) ;
#127 = EDGE_CURVE ( 'NONE', #970, #3365, #2400, .T. ) ;
#128 = VECTOR ( 'NONE', #2361, 1000.000000000000000 ) ;
#129 = CARTESIAN_POINT ( 'NONE',  ( 5.499999999999999112, 11.19999999999999929, 4.000000000000000000 ) ) ;
#130 = EDGE_LOOP ( 'NONE', ( #960, #1330, #3272, #494, #55, #2681 ) ) ;
#131 = CARTESIAN_POINT ( 'NONE',  ( -6.999999999999999112, -11.99999999999999645, 5.099999999999999645 ) ) ;
#132 = CARTESIAN_POINT ( 'NONE',  ( 7.800000000000000711, 12.00000000000000355, 1.500000000000000000 ) ) ;
#133 = LINE ( 'NONE', #103, #1962 ) ;
#134 = EDGE_CURVE ( 'NONE', #2653, #136, #736, .T. ) ;
#135 = CARTESIAN_POINT ( 'NONE',  ( 8.500000000000000000, -16.99999999999999645, 5.500000000000000000 ) ) ;
#136 = VERTEX_POINT ( 'NONE', #1827 ) ;
#137 = VECTOR ( 'NONE', #3527, 1000.000000000000000 ) ;
#138 = AXIS2_PLACEMENT_3D ( 'NONE', #2607, #1218, #744 ) ;
#139 = PLANE ( 'NONE',  #1987 ) ;
#140 = ORIENTED_EDGE ( 'NONE', *, *, #3123, .T. ) ;
#141 = VECTOR ( 'NONE', #2926, 1000.000000000000000 ) ;
#142 = CARTESIAN_POINT ( 'NONE',  ( -5.499999999999999112, -11.19999999999999929, 1.500000000000000000 ) ) ;
#143 = CARTESIAN_POINT ( 'NONE',  ( -3.500000000000000000, 15.50000000000000000, 5.500000000000000000 ) ) ;
#144 = CARTESIAN_POINT ( 'NONE',  ( -7.000000000000000888, -11.99999999999999645, 5.500000000000000000 ) ) ;
#145 = AXIS2_PLACEMENT_3D ( 'NONE', #573, #1617, #3007 ) ;
#146 = LINE ( 'NONE', #2914, #109 ) ;
#147 = DIRECTION ( 'NONE',  ( 0.000000000000000000, 1.000000000000000000, 0.000000000000000000 ) ) ;
#148 = DIRECTION ( 'NONE',  ( 0.000000000000000000, 0.000000000000000000, -1.000000000000000000 ) ) ;
#149 = CARTESIAN_POINT ( 'NONE',  ( 5.499999999999999112, -9.199999999999999289, 3.000000000000000000 ) ) ;
#150 = EDGE_LOOP ( 'NONE', ( #2254, #105, #1619, #70 ) ) ;
#151 = AXIS2_PLACEMENT_3D ( 'NONE', #1593, #3355, #1428 ) ;
#152 = ORIENTED_EDGE ( 'NONE', *, *, #3006, .F. ) ;
#153 = CARTESIAN_POINT ( 'NONE',  ( 4.699999999999998401, -8.199999999999999289, 4.000000000000000000 ) ) ;
#154 = LINE ( 'NONE', #210, #3458 ) ;
#155 = CARTESIAN_POINT ( 'NONE',  ( 3.500000000000000444, -11.99999999999999645, 1.100000000000000089 ) ) ;
#156 =( GEOMETRIC_REPRESENTATION_CONTEXT ( 3 ) GLOBAL_UNCERTAINTY_ASSIGNED_CONTEXT ( ( #3229 ) ) GLOBAL_UNIT_ASSIGNED_CONTEXT ( ( #3043, #846, #3274 ) ) REPRESENTATION_CONTEXT ( 'NONE', 'WORKASPACE' ) );
#157 = DIRECTION ( 'NONE',  ( -1.000000000000000000, 0.000000000000000000, 0.000000000000000000 ) ) ;
#158 = LINE ( 'NONE', #600, #2976 ) ;
#159 = VECTOR ( 'NONE', #544, 1000.000000000000000 ) ;
#160 = ORIENTED_EDGE ( 'NONE', *, *, #3396, .F. ) ;
#161 = CARTESIAN_POINT ( 'NONE',  ( 5.499999999999999112, 8.199999999999999289, 3.000000000000000000 ) ) ;
#162 = LINE ( 'NONE', #1126, #1423 ) ;
#163 = AXIS2_PLACEMENT_3D ( 'NONE', #2957, #1312, #791 ) ;
#164 = ORIENTED_EDGE ( 'NONE', *, *, #170, .T. ) ;
#165 = ORIENTED_EDGE ( 'NONE', *, *, #255, .T. ) ;
#166 = PLANE ( 'NONE',  #407 ) ;
#167 = EDGE_CURVE ( 'NONE', #6, #1352, #1194, .T. ) ;
#168 = CARTESIAN_POINT ( 'NONE',  ( 7.000000000000000888, 12.00000000000000355, 4.000000000000000000 ) ) ;
#169 = DIRECTION ( 'NONE',  ( 0.000000000000000000, 1.000000000000000000, 0.000000000000000000 ) ) ;
#170 = EDGE_CURVE ( 'NONE', #2091, #1595, #189, .T. ) ;
#171 = CARTESIAN_POINT ( 'NONE',  ( 3.499999999999999556, -16.29999999999999716, 1.500000000000000000 ) ) ;
#172 = FACE_OUTER_BOUND ( 'NONE', #2913, .T. ) ;
#173 = VERTEX_POINT ( 'NONE', #3492 ) ;
#174 = DIRECTION ( 'NONE',  ( -0.000000000000000000, -0.000000000000000000, 1.000000000000000000 ) ) ;
#175 = VERTEX_POINT ( 'NONE', #2675 ) ;
#176 = ORIENTED_EDGE ( 'NONE', *, *, #1460, .F. ) ;
#177 = ORIENTED_EDGE ( 'NONE', *, *, #3396, .T. ) ;
#178 = PLANE ( 'NONE',  #2161 ) ;
#179 = CARTESIAN_POINT ( 'NONE',  ( 0.000000000000000000, -15.99999999999999645, 4.500000000000000000 ) ) ;
#180 = FACE_OUTER_BOUND ( 'NONE', #3258, .T. ) ;
#181 = DIRECTION ( 'NONE',  ( 0.000000000000000000, -0.000000000000000000, -1.000000000000000000 ) ) ;
#182 = ORIENTED_EDGE ( 'NONE', *, *, #1524, .F. ) ;
#183 = EDGE_CURVE ( 'NONE', #2966, #213, #1839, .T. ) ;
#184 = ORIENTED_EDGE ( 'NONE', *, *, #167, .F. ) ;
#185 = CARTESIAN_POINT ( 'NONE',  ( 7.000000000000000888, -11.99999999999999645, 5.500000000000000000 ) ) ;
#186 = ORIENTED_EDGE ( 'NONE', *, *, #1825, .F. ) ;
#187 = DIRECTION ( 'NONE',  ( -0.000000000000000000, 1.000000000000000000, 0.000000000000000000 ) ) ;
#188 = ORIENTED_EDGE ( 'NONE', *, *, #1081, .F. ) ;
#189 = CIRCLE ( 'NONE', #87, 4.300000000000001599 ) ;
#190 = ORIENTED_EDGE ( 'NONE', *, *, #3207, .F. ) ;
#191 = EDGE_CURVE ( 'NONE', #343, #1746, #1751, .T. ) ;
#192 = DIRECTION ( 'NONE',  ( -0.000000000000000000, -0.000000000000000000, 1.000000000000000000 ) ) ;
#193 = ORIENTED_EDGE ( 'NONE', *, *, #465, .F. ) ;
#194 = CARTESIAN_POINT ( 'NONE',  ( -4.699999999999998401, 11.19999999999999751, 1.500000000000000000 ) ) ;
#195 = ORIENTED_EDGE ( 'NONE', *, *, #3555, .F. ) ;
#196 = EDGE_CURVE ( 'NONE', #1308, #3442, #1796, .T. ) ;
#197 = PLANE ( 'NONE',  #2402 ) ;
#198 = CARTESIAN_POINT ( 'NONE',  ( -3.500000000000001332, 16.30000000000000426, 1.500000000000000000 ) ) ;
#199 = EDGE_CURVE ( 'NONE', #1128, #1802, #822, .T. ) ;
#200 = EDGE_LOOP ( 'NONE', ( #2090, #1600, #195, #2613 ) ) ;
#201 = EDGE_CURVE ( 'NONE', #2864, #1724, #267, .T. ) ;
#202 = LINE ( 'NONE', #590, #2582 ) ;
#203 = CARTESIAN_POINT ( 'NONE',  ( -6.499999999999999112, -6.500000000000000000, 1.500000000000000000 ) ) ;
#204 = VECTOR ( 'NONE', #3039, 1000.000000000000000 ) ;
#205 = CARTESIAN_POINT ( 'NONE',  ( -5.807179676972446636, -6.099999999999999645, 1.500000000000000000 ) ) ;
#206 = DIRECTION ( 'NONE',  ( 0.000000000000000000, 0.000000000000000000, -1.000000000000000000 ) ) ;
#207 = CARTESIAN_POINT ( 'NONE',  ( -3.500000000000000444, 15.50000000000000533, 4.000000000000000000 ) ) ;
#208 = EDGE_CURVE ( 'NONE', #802, #971, #2917, .T. ) ;
#209 = LINE ( 'NONE', #161, #3022 ) ;
#210 = CARTESIAN_POINT ( 'NONE',  ( -8.500000000000000000, 15.50000000000000533, 1.100000000000000311 ) ) ;
#211 = CC_DESIGN_DATE_AND_TIME_ASSIGNMENT ( #1902, #356, ( #1124 ) ) ;
#212 = DIRECTION ( 'NONE',  ( -0.000000000000000000, 1.000000000000000000, -0.000000000000000000 ) ) ;
#213 = VERTEX_POINT ( 'NONE', #3540 ) ;
#214 = AXIS2_PLACEMENT_3D ( 'NONE', #3339, #3288, #1630 ) ;
#215 = CARTESIAN_POINT ( 'NONE',  ( -2.598076211353316900, -14.99999999999999822, 1.500000000000000000 ) ) ;
#216 = FACE_OUTER_BOUND ( 'NONE', #851, .T. ) ;
#217 = DIRECTION ( 'NONE',  ( -1.000000000000000000, 0.000000000000000000, 0.000000000000000000 ) ) ;
#218 = DIRECTION ( 'NONE',  ( 1.000000000000000000, 0.000000000000000000, 0.000000000000000000 ) ) ;
#219 = ORIENTED_EDGE ( 'NONE', *, *, #3548, .T. ) ;
#220 = CIRCLE ( 'NONE', #860, 3.500000000000000888 ) ;
#221 = CARTESIAN_POINT ( 'NONE',  ( -5.499999999999999112, -8.199999999999999289, 4.000000000000000000 ) ) ;
#222 = EDGE_CURVE ( 'NONE', #1058, #484, #1670, .T. ) ;
#223 = ORIENTED_EDGE ( 'NONE', *, *, #684, .T. ) ;
#224 = CALENDAR_DATE ( 2025, 16, 6 ) ;
#225 = ORIENTED_EDGE ( 'NONE', *, *, #2348, .F. ) ;
#226 = DIRECTION ( 'NONE',  ( -0.000000000000000000, -0.000000000000000000, 1.000000000000000000 ) ) ;
#227 = LINE ( 'NONE', #2000, #775 ) ;
#228 = CARTESIAN_POINT ( 'NONE',  ( -4.699999999999998401, -8.199999999999999289, 3.000000000000000000 ) ) ;
#229 = CARTESIAN_POINT ( 'NONE',  ( 7.000000000000000888, -6.099999999999999645, 5.500000000000000000 ) ) ;
#230 = VECTOR ( 'NONE', #3331, 1000.000000000000000 ) ;
#231 = ORIENTED_EDGE ( 'NONE', *, *, #2114, .F. ) ;
#232 = DIRECTION ( 'NONE',  ( -0.000000000000000000, 1.000000000000000000, 0.000000000000000000 ) ) ;
#233 = ORIENTED_EDGE ( 'NONE', *, *, #3359, .T. ) ;
#234 = DIRECTION ( 'NONE',  ( 0.000000000000000000, 0.000000000000000000, -1.000000000000000000 ) ) ;
#235 = EDGE_LOOP ( 'NONE', ( #616, #801, #613, #3055 ) ) ;
#236 = EDGE_CURVE ( 'NONE', #988, #898, #941, .T. ) ;
#237 = CARTESIAN_POINT ( 'NONE',  ( -3.500000000000000444, -11.99999999999999645, 0.000000000000000000 ) ) ;
#238 = ORIENTED_EDGE ( 'NONE', *, *, #2023, .T. ) ;
#239 = ADVANCED_FACE ( 'NONE', ( #3271 ), #261, .F. ) ;
#240 = DIRECTION ( 'NONE',  ( 0.000000000000000000, -0.000000000000000000, 1.000000000000000000 ) ) ;
#241 = DIRECTION ( 'NONE',  ( 0.000000000000000000, 1.000000000000000000, 0.000000000000000000 ) ) ;
#242 = LINE ( 'NONE', #2409, #2153 ) ;
#243 = VECTOR ( 'NONE', #829, 1000.000000000000000 ) ;
#244 = LINE ( 'NONE', #1332, #159 ) ;
#245 = FACE_OUTER_BOUND ( 'NONE', #468, .T. ) ;
#246 = EDGE_LOOP ( 'NONE', ( #2344, #3433, #2743, #3422, #788, #3321, #1177, #2881, #534, #7, #93, #268 ) ) ;
#247 = VERTEX_POINT ( 'NONE', #2988 ) ;
#248 = AXIS2_PLACEMENT_3D ( 'NONE', #205, #2662, #2885 ) ;
#249 = CARTESIAN_POINT ( 'NONE',  ( 5.499999999999999112, 9.199999999999999289, 1.500000000000000000 ) ) ;
#250 = DIRECTION ( 'NONE',  ( -0.000000000000000000, -0.000000000000000000, 1.000000000000000000 ) ) ;
#251 = VECTOR ( 'NONE', #2680, 1000.000000000000000 ) ;
#252 = AXIS2_PLACEMENT_3D ( 'NONE', #155, #3148, #3236 ) ;
#253 = ORIENTED_EDGE ( 'NONE', *, *, #1193, .T. ) ;
#254 = CARTESIAN_POINT ( 'NONE',  ( 4.699999999999998401, -11.19999999999999751, 1.500000000000000000 ) ) ;
#255 = EDGE_CURVE ( 'NONE', #3291, #1309, #2573, .T. ) ;
#256 = DIRECTION ( 'NONE',  ( 0.000000000000000000, 0.000000000000000000, 1.000000000000000000 ) ) ;
#257 = ORIENTED_EDGE ( 'NONE', *, *, #333, .T. ) ;
#258 = ORIENTED_EDGE ( 'NONE', *, *, #3192, .T. ) ;
#259 = VERTEX_POINT ( 'NONE', #299 ) ;
#260 = CIRCLE ( 'NONE', #1584, 3.800000000000002043 ) ;
#261 = PLANE ( 'NONE',  #2525 ) ;
#262 = PLANE ( 'NONE',  #3329 ) ;
#263 = ORIENTED_EDGE ( 'NONE', *, *, #399, .F. ) ;
#264 = ORIENTED_EDGE ( 'NONE', *, *, #923, .T. ) ;
#265 = DIRECTION ( 'NONE',  ( 0.000000000000000000, 0.000000000000000000, -1.000000000000000000 ) ) ;
#266 = CARTESIAN_POINT ( 'NONE',  ( 7.800000000000000711, 12.00000000000000355, 0.000000000000000000 ) ) ;
#267 = LINE ( 'NONE', #1053, #1107 ) ;
#268 = ORIENTED_EDGE ( 'NONE', *, *, #3196, .T. ) ;
#269 = CARTESIAN_POINT ( 'NONE',  ( -7.800000000000001599, -11.99999999999999645, 0.000000000000000000 ) ) ;
#270 = EDGE_CURVE ( 'NONE', #902, #3516, #3228, .T. ) ;
#271 = EDGE_LOOP ( 'NONE', ( #2439, #2657, #2508, #2133 ) ) ;
#272 = ORIENTED_EDGE ( 'NONE', *, *, #283, .F. ) ;
#273 = CARTESIAN_POINT ( 'NONE',  ( -6.499999999999999112, 6.500000000000000000, 1.500000000000000000 ) ) ;
#274 = PLANE ( 'NONE',  #3190 ) ;
#275 = ORIENTED_EDGE ( 'NONE', *, *, #2244, .T. ) ;
#276 = AXIS2_PLACEMENT_3D ( 'NONE', #3470, #2124, #3483 ) ;
#277 = DIRECTION ( 'NONE',  ( 0.000000000000000000, -1.000000000000000000, 0.000000000000000000 ) ) ;
#278 = ORIENTED_EDGE ( 'NONE', *, *, #938, .T. ) ;
#279 = LINE ( 'NONE', #704, #1681 ) ;
#280 = MECHANICAL_CONTEXT ( 'NONE', #13, 'mechanical' ) ;
#281 = CARTESIAN_POINT ( 'NONE',  ( 2.598076211353316900, -16.29999999999999716, 1.500000000000000000 ) ) ;
#282 = CARTESIAN_POINT ( 'NONE',  ( 7.800000000000000711, 12.00000000000000355, 1.500000000000000000 ) ) ;
#283 = EDGE_CURVE ( 'NONE', #2781, #3496, #983, .T. ) ;
#284 = CIRCLE ( 'NONE', #3218, 0.8000000000000012657 ) ;
#285 = DIRECTION ( 'NONE',  ( 0.000000000000000000, 1.000000000000000000, 0.000000000000000000 ) ) ;
#286 = DIRECTION ( 'NONE',  ( -7.228014483236695816E-17, -1.000000000000000000, 0.000000000000000000 ) ) ;
#287 = CARTESIAN_POINT ( 'NONE',  ( -5.699999999999997513, -6.500000000000000000, 1.500000000000000000 ) ) ;
#288 = CIRCLE ( 'NONE', #276, 3.000000000000000444 ) ;
#289 = ADVANCED_FACE ( 'NONE', ( #1715 ), #3304, .T. ) ;
#290 = DIRECTION ( 'NONE',  ( -1.000000000000000000, 0.000000000000000000, 0.000000000000000000 ) ) ;
#291 = ORIENTED_EDGE ( 'NONE', *, *, #2639, .T. ) ;
#292 = PERSON_AND_ORGANIZATION ( #2815, #3166 ) ;
#293 = EDGE_CURVE ( 'NONE', #2966, #970, #1451, .T. ) ;
#294 = CARTESIAN_POINT ( 'NONE',  ( 2.598076211353316900, 15.80000000000000426, 1.500000000000000000 ) ) ;
#295 = ORIENTED_EDGE ( 'NONE', *, *, #501, .T. ) ;
#296 = DIRECTION ( 'NONE',  ( 1.445602896647339163E-16, 1.000000000000000000, 0.000000000000000000 ) ) ;
#297 = CARTESIAN_POINT ( 'NONE',  ( 4.699999999999998401, -11.19999999999999751, 1.500000000000000000 ) ) ;
#298 = LINE ( 'NONE', #269, #3515 ) ;
#299 = CARTESIAN_POINT ( 'NONE',  ( -5.699999999999997513, 6.500000000000000000, 4.000000000000000000 ) ) ;
#300 = DIRECTION ( 'NONE',  ( -1.000000000000000000, -2.168404344971008079E-15, -0.000000000000000000 ) ) ;
#301 = VECTOR ( 'NONE', #570, 1000.000000000000000 ) ;
#302 = CARTESIAN_POINT ( 'NONE',  ( 5.499999999999999112, -11.19999999999999929, 1.500000000000000000 ) ) ;
#303 = EDGE_LOOP ( 'NONE', ( #1014, #2860, #2234, #1511 ) ) ;
#304 = CIRCLE ( 'NONE', #3137, 3.500000000000000000 ) ;
#305 = VERTEX_POINT ( 'NONE', #1620 ) ;
#306 = VERTEX_POINT ( 'NONE', #807 ) ;
#307 = ADVANCED_FACE ( 'NONE', ( #20 ), #2358, .F. ) ;
#308 = PLANE ( 'NONE',  #884 ) ;
#309 = CARTESIAN_POINT ( 'NONE',  ( -3.500000000000000444, -15.79999999999999893, 1.100000000000000089 ) ) ;
#310 = LINE ( 'NONE', #3319, #1227 ) ;
#311 = EDGE_CURVE ( 'NONE', #2482, #2514, #3091, .T. ) ;
#312 = DIRECTION ( 'NONE',  ( 0.000000000000000000, -0.000000000000000000, -1.000000000000000000 ) ) ;
#313 = ORIENTED_EDGE ( 'NONE', *, *, #1293, .F. ) ;
#314 = FACE_OUTER_BOUND ( 'NONE', #2101, .T. ) ;
#315 = CARTESIAN_POINT ( 'NONE',  ( -5.499999999999999112, 9.199999999999999289, 1.500000000000000000 ) ) ;
#316 = CARTESIAN_POINT ( 'NONE',  ( 3.500000000000001776, 11.99999999999999822, 5.099999999999999645 ) ) ;
#317 = FACE_OUTER_BOUND ( 'NONE', #1427, .T. ) ;
#318 = LINE ( 'NONE', #3104, #1793 ) ;
#319 = EDGE_CURVE ( 'NONE', #920, #2253, #1623, .T. ) ;
#320 = DIRECTION ( 'NONE',  ( 0.000000000000000000, 0.000000000000000000, 1.000000000000000000 ) ) ;
#321 = ORIENTED_EDGE ( 'NONE', *, *, #60, .F. ) ;
#322 = AXIS2_PLACEMENT_3D ( 'NONE', #2378, #192, #3437 ) ;
#323 = ORIENTED_EDGE ( 'NONE', *, *, #3109, .F. ) ;
#324 = DIRECTION ( 'NONE',  ( -0.000000000000000000, -0.000000000000000000, -1.000000000000000000 ) ) ;
#325 = DIRECTION ( 'NONE',  ( 0.000000000000000000, -1.000000000000000000, 0.000000000000000000 ) ) ;
#326 = PLANE ( 'NONE',  #2148 ) ;
#327 = ADVANCED_FACE ( 'NONE', ( #1019 ), #1885, .T. ) ;
#328 = VECTOR ( 'NONE', #1713, 1000.000000000000000 ) ;
#329 = PERSON_AND_ORGANIZATION_ROLE ( 'creator' ) ;
#330 = CYLINDRICAL_SURFACE ( 'NONE', #3023, 3.500000000000000000 ) ;
#331 = CARTESIAN_POINT ( 'NONE',  ( -7.000000000000000888, -11.99999999999999645, 1.100000000000000311 ) ) ;
#332 = DIRECTION ( 'NONE',  ( 0.000000000000000000, 1.000000000000000000, 0.000000000000000000 ) ) ;
#333 = EDGE_CURVE ( 'NONE', #2620, #1518, #3048, .T. ) ;
#334 = VECTOR ( 'NONE', #3509, 1000.000000000000000 ) ;
#335 = PLANE ( 'NONE',  #2453 ) ;
#336 = DIRECTION ( 'NONE',  ( 0.000000000000000000, 0.000000000000000000, -1.000000000000000000 ) ) ;
#337 = CARTESIAN_POINT ( 'NONE',  ( -3.500000000000000444, 12.00000000000000355, 1.500000000000000000 ) ) ;
#338 = ORIENTED_EDGE ( 'NONE', *, *, #979, .T. ) ;
#339 = ORIENTED_EDGE ( 'NONE', *, *, #413, .T. ) ;
#340 = DIRECTION ( 'NONE',  ( 0.000000000000000000, -0.000000000000000000, 1.000000000000000000 ) ) ;
#341 = ADVANCED_FACE ( 'NONE', ( #3402 ), #335, .F. ) ;
#342 = LINE ( 'NONE', #229, #3256 ) ;
#343 = VERTEX_POINT ( 'NONE', #88 ) ;
#344 = VECTOR ( 'NONE', #2716, 1000.000000000000000 ) ;
#345 = CARTESIAN_POINT ( 'NONE',  ( 0.000000000000000000, 15.50000000000000533, 3.000000000000000444 ) ) ;
#346 = VERTEX_POINT ( 'NONE', #1417 ) ;
#347 = AXIS2_PLACEMENT_3D ( 'NONE', #2138, #2127, #3536 ) ;
#348 = DIRECTION ( 'NONE',  ( 1.000000000000000000, 0.000000000000000000, 0.000000000000000000 ) ) ;
#349 = EDGE_LOOP ( 'NONE', ( #219, #521, #3005, #1759 ) ) ;
#350 = ORIENTED_EDGE ( 'NONE', *, *, #2652, .T. ) ;
#351 = EDGE_CURVE ( 'NONE', #2793, #755, #901, .T. ) ;
#352 = CIRCLE ( 'NONE', #2440, 3.000000000000000444 ) ;
#353 = CARTESIAN_POINT ( 'NONE',  ( -3.500000000000000444, 12.00000000000000355, 5.500000000000000000 ) ) ;
#354 = ORIENTED_EDGE ( 'NONE', *, *, #1279, .T. ) ;
#355 = EDGE_CURVE ( 'NONE', #1359, #400, #2016, .T. ) ;
#356 = DATE_TIME_ROLE ( 'classification_date' ) ;
#357 = FACE_OUTER_BOUND ( 'NONE', #2397, .T. ) ;
#358 = ORIENTED_EDGE ( 'NONE', *, *, #817, .T. ) ;
#359 = VECTOR ( 'NONE', #1378, 1000.000000000000000 ) ;
#360 = ORIENTED_EDGE ( 'NONE', *, *, #684, .F. ) ;
#361 = ADVANCED_FACE ( 'NONE', ( #2276 ), #2750, .T. ) ;
#362 = ORIENTED_EDGE ( 'NONE', *, *, #1279, .F. ) ;
#363 = DIRECTION ( 'NONE',  ( 0.000000000000000000, 0.000000000000000000, -1.000000000000000000 ) ) ;
#364 = EDGE_CURVE ( 'NONE', #2446, #3000, #3489, .T. ) ;
#365 = ORIENTED_EDGE ( 'NONE', *, *, #1087, .F. ) ;
#366 = DIRECTION ( 'NONE',  ( 0.000000000000000000, -0.000000000000000000, 1.000000000000000000 ) ) ;
#367 = AXIS2_PLACEMENT_3D ( 'NONE', #3010, #2513, #1976 ) ;
#368 = LINE ( 'NONE', #450, #789 ) ;
#369 = DIRECTION ( 'NONE',  ( 1.000000000000000000, 0.000000000000000000, 0.000000000000000000 ) ) ;
#370 = DIRECTION ( 'NONE',  ( -1.000000000000000000, 0.000000000000000000, 0.000000000000000000 ) ) ;
#371 = EDGE_CURVE ( 'NONE', #1580, #2756, #1286, .T. ) ;
#372 = VECTOR ( 'NONE', #3061, 1000.000000000000000 ) ;
#373 = VECTOR ( 'NONE', #370, 1000.000000000000000 ) ;
#374 = EDGE_CURVE ( 'NONE', #2567, #509, #2959, .T. ) ;
#375 = APPROVAL_STATUS ( 'not_yet_approved' ) ;
#376 = ORIENTED_EDGE ( 'NONE', *, *, #2376, .F. ) ;
#377 = ADVANCED_FACE ( 'NONE', ( #1409 ), #1708, .F. ) ;
#378 = EDGE_CURVE ( 'NONE', #1979, #2312, #693, .T. ) ;
#379 = DIRECTION ( 'NONE',  ( 0.000000000000000000, -1.000000000000000000, 0.000000000000000000 ) ) ;
#380 = VERTEX_POINT ( 'NONE', #3343 ) ;
#381 = CARTESIAN_POINT ( 'NONE',  ( -3.500000000000000000, 15.50000000000000000, 5.099999999999999645 ) ) ;
#382 = VECTOR ( 'NONE', #2343, 1000.000000000000000 ) ;
#383 = EDGE_CURVE ( 'NONE', #2920, #3558, #2061, .T. ) ;
#384 = EDGE_LOOP ( 'NONE', ( #62, #1150, #1270, #2425 ) ) ;
#385 = CIRCLE ( 'NONE', #574, 5.000000000000000000 ) ;
#386 = AXIS2_PLACEMENT_3D ( 'NONE', #3204, #2106, #3165 ) ;
#387 = ORIENTED_EDGE ( 'NONE', *, *, #1422, .T. ) ;
#388 = CARTESIAN_POINT ( 'NONE',  ( 0.000000000000000000, 0.000000000000000000, 1.500000000000000000 ) ) ;
#389 = CIRCLE ( 'NONE', #1078, 1.000000000000000000 ) ;
#390 = VERTEX_POINT ( 'NONE', #2512 ) ;
#391 = FACE_OUTER_BOUND ( 'NONE', #3380, .T. ) ;
#392 = DIRECTION ( 'NONE',  ( 0.000000000000000000, 1.000000000000000000, 0.000000000000000000 ) ) ;
#393 = AXIS2_PLACEMENT_3D ( 'NONE', #2807, #1984, #2283 ) ;
#394 = DIRECTION ( 'NONE',  ( 0.000000000000000000, 0.000000000000000000, -1.000000000000000000 ) ) ;
#395 = ADVANCED_FACE ( 'NONE', ( #3530 ), #2794, .T. ) ;
#396 = CARTESIAN_POINT ( 'NONE',  ( 5.499999999999999112, 11.19999999999999929, 1.500000000000000000 ) ) ;
#397 = VECTOR ( 'NONE', #285, 1000.000000000000000 ) ;
#398 = ORIENTED_EDGE ( 'NONE', *, *, #2867, .F. ) ;
#399 = EDGE_CURVE ( 'NONE', #2672, #1706, #1875, .T. ) ;
#400 = VERTEX_POINT ( 'NONE', #1999 ) ;
#401 = CARTESIAN_POINT ( 'NONE',  ( -7.000000000000000888, 6.899999999999999467, 5.500000000000000000 ) ) ;
#402 = DIRECTION ( 'NONE',  ( 0.000000000000000000, 0.000000000000000000, -1.000000000000000000 ) ) ;
#403 = ORIENTED_EDGE ( 'NONE', *, *, #3290, .T. ) ;
#404 = CARTESIAN_POINT ( 'NONE',  ( -3.500000000000000444, 12.00000000000000355, 1.100000000000000089 ) ) ;
#405 = DIRECTION ( 'NONE',  ( 0.000000000000000000, -1.000000000000000000, 0.000000000000000000 ) ) ;
#406 = VECTOR ( 'NONE', #2262, 1000.000000000000000 ) ;
#407 = AXIS2_PLACEMENT_3D ( 'NONE', #732, #3533, #1335 ) ;
#408 = VECTOR ( 'NONE', #22, 1000.000000000000000 ) ;
#409 = CARTESIAN_POINT ( 'NONE',  ( 0.000000000000000000, 17.00000000000000355, 3.000000000000000444 ) ) ;
#410 = AXIS2_PLACEMENT_3D ( 'NONE', #1959, #2509, #1394 ) ;
#411 = VECTOR ( 'NONE', #3141, 1000.000000000000000 ) ;
#412 = CARTESIAN_POINT ( 'NONE',  ( -2.791057147390573423, -15.79999999999999893, 1.100000000000000089 ) ) ;
#413 = EDGE_CURVE ( 'NONE', #3365, #1112, #1328, .T. ) ;
#414 = DIRECTION ( 'NONE',  ( -0.000000000000000000, -0.000000000000000000, 1.000000000000000000 ) ) ;
#415 = CARTESIAN_POINT ( 'NONE',  ( -4.699999999999998401, -11.19999999999999751, 1.500000000000000000 ) ) ;
#416 = VECTOR ( 'NONE', #1063, 1000.000000000000000 ) ;
#417 = ORIENTED_EDGE ( 'NONE', *, *, #763, .T. ) ;
#418 = DIRECTION ( 'NONE',  ( 0.000000000000000000, -0.000000000000000000, -1.000000000000000000 ) ) ;
#419 = DIRECTION ( 'NONE',  ( -0.000000000000000000, -0.000000000000000000, -1.000000000000000000 ) ) ;
#420 = CARTESIAN_POINT ( 'NONE',  ( -3.499999999999999556, -16.29999999999999716, 0.000000000000000000 ) ) ;
#421 = ORIENTED_EDGE ( 'NONE', *, *, #2678, .F. ) ;
#422 = VERTEX_POINT ( 'NONE', #1754 ) ;
#423 = CARTESIAN_POINT ( 'NONE',  ( 7.000000000000000888, 6.899999999999999467, 1.499999999999999556 ) ) ;
#424 = ORIENTED_EDGE ( 'NONE', *, *, #371, .F. ) ;
#425 = VECTOR ( 'NONE', #1787, 1000.000000000000000 ) ;
#426 = DIRECTION ( 'NONE',  ( 0.000000000000000000, 0.000000000000000000, -1.000000000000000000 ) ) ;
#427 = ORIENTED_EDGE ( 'NONE', *, *, #355, .F. ) ;
#428 = LINE ( 'NONE', #756, #1699 ) ;
#429 = VERTEX_POINT ( 'NONE', #3144 ) ;
#430 = DIRECTION ( 'NONE',  ( -1.000000000000000000, 2.168404344971008079E-15, 0.000000000000000000 ) ) ;
#431 = VECTOR ( 'NONE', #1514, 1000.000000000000000 ) ;
#432 = ORIENTED_EDGE ( 'NONE', *, *, #1825, .T. ) ;
#433 = DIRECTION ( 'NONE',  ( 0.000000000000000000, 0.000000000000000000, -1.000000000000000000 ) ) ;
#434 = ORIENTED_EDGE ( 'NONE', *, *, #2923, .F. ) ;
#435 = VECTOR ( 'NONE', #2485, 1000.000000000000000 ) ;
#436 = DIRECTION ( 'NONE',  ( 0.000000000000000000, 0.000000000000000000, -1.000000000000000000 ) ) ;
#437 = AXIS2_PLACEMENT_3D ( 'NONE', #2139, #218, #759 ) ;
#438 = ORIENTED_EDGE ( 'NONE', *, *, #1376, .T. ) ;
#439 = VECTOR ( 'NONE', #762, 1000.000000000000000 ) ;
#440 = EDGE_CURVE ( 'NONE', #1416, #2572, #2528, .T. ) ;
#441 = DIRECTION ( 'NONE',  ( 0.000000000000000000, 0.000000000000000000, -1.000000000000000000 ) ) ;
#442 = DIRECTION ( 'NONE',  ( 1.000000000000000000, -0.000000000000000000, 0.000000000000000000 ) ) ;
#443 = PLANE ( 'NONE',  #1817 ) ;
#444 = ORIENTED_EDGE ( 'NONE', *, *, #3510, .F. ) ;
#445 = ORIENTED_EDGE ( 'NONE', *, *, #2938, .F. ) ;
#446 = AXIS2_PLACEMENT_3D ( 'NONE', #1105, #324, #2499 ) ;
#447 = ORIENTED_EDGE ( 'NONE', *, *, #3477, .F. ) ;
#448 = CARTESIAN_POINT ( 'NONE',  ( -3.500000000000001332, 16.30000000000000426, 0.000000000000000000 ) ) ;
#449 = VECTOR ( 'NONE', #117, 1000.000000000000000 ) ;
#450 = CARTESIAN_POINT ( 'NONE',  ( 5.499999999999999112, -11.19999999999999929, 1.500000000000000000 ) ) ;
#451 = EDGE_CURVE ( 'NONE', #766, #2432, #615, .T. ) ;
#452 = FACE_OUTER_BOUND ( 'NONE', #271, .T. ) ;
#453 = DIRECTION ( 'NONE',  ( 0.000000000000000000, -0.000000000000000000, 1.000000000000000000 ) ) ;
#454 = CIRCLE ( 'NONE', #994, 3.500000000000000444 ) ;
#455 = PLANE ( 'NONE',  #599 ) ;
#456 = FACE_OUTER_BOUND ( 'NONE', #1498, .T. ) ;
#457 = AXIS2_PLACEMENT_3D ( 'NONE', #496, #779, #2670 ) ;
#458 = EDGE_LOOP ( 'NONE', ( #2129, #184, #987, #1106, #3161, #1937 ) ) ;
#459 = DIRECTION ( 'NONE',  ( -1.000000000000000000, 0.000000000000000000, 0.000000000000000000 ) ) ;
#460 = ORIENTED_EDGE ( 'NONE', *, *, #1448, .T. ) ;
#461 = CALENDAR_DATE ( 2025, 16, 6 ) ;
#462 = ORIENTED_EDGE ( 'NONE', *, *, #1519, .F. ) ;
#463 = DIRECTION ( 'NONE',  ( -1.000000000000000000, 0.000000000000000000, 0.000000000000000000 ) ) ;
#464 = CARTESIAN_POINT ( 'NONE',  ( -8.500000000000000000, -16.99999999999999645, 0.000000000000000000 ) ) ;
#465 = EDGE_CURVE ( 'NONE', #625, #3516, #318, .T. ) ;
#466 = DIRECTION ( 'NONE',  ( 1.000000000000000000, 0.000000000000000000, 0.000000000000000000 ) ) ;
#467 = CIRCLE ( 'NONE', #691, 0.8000000000000012657 ) ;
#468 = EDGE_LOOP ( 'NONE', ( #2103, #3384, #3058, #3182 ) ) ;
#469 = DIRECTION ( 'NONE',  ( 0.000000000000000000, -1.000000000000000000, 0.000000000000000000 ) ) ;
#470 = CIRCLE ( 'NONE', #386, 1.000000000000000000 ) ;
#471 = ORIENTED_EDGE ( 'NONE', *, *, #2570, .F. ) ;
#472 = ADVANCED_FACE ( 'NONE', ( #3267 ), #63, .F. ) ;
#473 = VERTEX_POINT ( 'NONE', #701 ) ;
#474 = CARTESIAN_POINT ( 'NONE',  ( 0.000000000000000000, 16.30000000000000426, 0.000000000000000000 ) ) ;
#475 = EDGE_LOOP ( 'NONE', ( #3122, #2600, #699, #3098 ) ) ;
#476 = VECTOR ( 'NONE', #3070, 1000.000000000000000 ) ;
#477 = DIRECTION ( 'NONE',  ( -1.000000000000000000, 0.000000000000000000, 0.000000000000000000 ) ) ;
#478 = DIRECTION ( 'NONE',  ( 0.000000000000000000, 0.000000000000000000, -1.000000000000000000 ) ) ;
#479 = EDGE_CURVE ( 'NONE', #2312, #2756, #3181, .T. ) ;
#480 = DIRECTION ( 'NONE',  ( -0.000000000000000000, -0.000000000000000000, -1.000000000000000000 ) ) ;
#481 = FACE_OUTER_BOUND ( 'NONE', #3410, .T. ) ;
#482 = DIRECTION ( 'NONE',  ( -1.000000000000000000, 0.000000000000000000, 0.000000000000000000 ) ) ;
#483 = DIRECTION ( 'NONE',  ( -1.000000000000000000, 0.000000000000000000, 0.000000000000000000 ) ) ;
#484 = VERTEX_POINT ( 'NONE', #2108 ) ;
#485 = CYLINDRICAL_SURFACE ( 'NONE', #696, 0.8000000000000012657 ) ;
#486 = CARTESIAN_POINT ( 'NONE',  ( -5.699999999999997513, 6.500000000000000000, 1.500000000000000000 ) ) ;
#487 = CARTESIAN_POINT ( 'NONE',  ( 0.000000000000000000, 15.00000000000000533, 0.000000000000000000 ) ) ;
#488 = ORIENTED_EDGE ( 'NONE', *, *, #3099, .T. ) ;
#489 = ORIENTED_EDGE ( 'NONE', *, *, #183, .F. ) ;
#490 = DIRECTION ( 'NONE',  ( 0.000000000000000000, -0.000000000000000000, 1.000000000000000000 ) ) ;
#491 = ADVANCED_FACE ( 'NONE', ( #357 ), #778, .T. ) ;
#492 = DIRECTION ( 'NONE',  ( -1.000000000000000000, -2.168404344971008079E-15, -0.000000000000000000 ) ) ;
#493 = EDGE_CURVE ( 'NONE', #136, #2980, #1971, .T. ) ;
#494 = ORIENTED_EDGE ( 'NONE', *, *, #1923, .T. ) ;
#495 = VECTOR ( 'NONE', #749, 1000.000000000000000 ) ;
#496 = CARTESIAN_POINT ( 'NONE',  ( -6.499999999999999112, -6.500000000000000000, 1.500000000000000000 ) ) ;
#497 = FACE_BOUND ( 'NONE', #622, .T. ) ;
#498 = PLANE ( 'NONE',  #1050 ) ;
#499 = DIRECTION ( 'NONE',  ( 0.000000000000000000, 0.000000000000000000, -1.000000000000000000 ) ) ;
#500 = DIRECTION ( 'NONE',  ( 0.000000000000000000, 0.000000000000000000, 1.000000000000000000 ) ) ;
#501 = EDGE_CURVE ( 'NONE', #2514, #2446, #1231, .T. ) ;
#502 = CIRCLE ( 'NONE', #2541, 0.8000000000000012657 ) ;
#503 = CARTESIAN_POINT ( 'NONE',  ( 3.500000000000000444, -11.99999999999999645, 5.500000000000000000 ) ) ;
#504 = DIRECTION ( 'NONE',  ( 0.000000000000000000, 0.000000000000000000, -1.000000000000000000 ) ) ;
#505 = CARTESIAN_POINT ( 'NONE',  ( 7.000000000000000888, 6.899999999999999467, 4.000000000000000000 ) ) ;
#506 = EDGE_CURVE ( 'NONE', #3532, #2317, #2701, .T. ) ;
#507 = ORIENTED_EDGE ( 'NONE', *, *, #1686, .T. ) ;
#508 = CARTESIAN_POINT ( 'NONE',  ( -5.499999999999999112, 9.199999999999999289, 1.500000000000000000 ) ) ;
#509 = VERTEX_POINT ( 'NONE', #836 ) ;
#510 = ORIENTED_EDGE ( 'NONE', *, *, #25, .T. ) ;
#511 = DATE_AND_TIME ( #461, #2726 ) ;
#512 = LINE ( 'NONE', #2208, #1737 ) ;
#513 = CARTESIAN_POINT ( 'NONE',  ( 3.500000000000000444, -11.99999999999999645, 1.500000000000000000 ) ) ;
#514 = ORIENTED_EDGE ( 'NONE', *, *, #3175, .T. ) ;
#515 = EDGE_LOOP ( 'NONE', ( #1978, #510, #682, #3012, #3448 ) ) ;
#516 = VECTOR ( 'NONE', #2772, 1000.000000000000000 ) ;
#517 = EDGE_CURVE ( 'NONE', #715, #1518, #2438, .T. ) ;
#518 = CARTESIAN_POINT ( 'NONE',  ( 3.500000000000001332, -15.79999999999999893, 1.100000000000000089 ) ) ;
#519 = VERTEX_POINT ( 'NONE', #975 ) ;
#520 = VECTOR ( 'NONE', #649, 1000.000000000000000 ) ;
#521 = ORIENTED_EDGE ( 'NONE', *, *, #1673, .F. ) ;
#522 = LINE ( 'NONE', #3213, #2609 ) ;
#523 = PLANE ( 'NONE',  #95 ) ;
#524 = ORIENTED_EDGE ( 'NONE', *, *, #763, .F. ) ;
#525 = DIRECTION ( 'NONE',  ( 0.000000000000000000, -0.000000000000000000, 1.000000000000000000 ) ) ;
#526 = CC_DESIGN_PERSON_AND_ORGANIZATION_ASSIGNMENT ( #2057, #3017, ( #2349 ) ) ;
#527 = VECTOR ( 'NONE', #1771, 1000.000000000000000 ) ;
#528 = ORIENTED_EDGE ( 'NONE', *, *, #2003, .T. ) ;
#529 = ORIENTED_EDGE ( 'NONE', *, *, #2449, .T. ) ;
#530 = CARTESIAN_POINT ( 'NONE',  ( 5.499999999999999112, 11.19999999999999929, 1.500000000000000000 ) ) ;
#531 = ORIENTED_EDGE ( 'NONE', *, *, #127, .F. ) ;
#532 = ORIENTED_EDGE ( 'NONE', *, *, #546, .T. ) ;
#533 = CARTESIAN_POINT ( 'NONE',  ( -6.499999999999999112, 6.500000000000000000, 4.000000000000000000 ) ) ;
#534 = ORIENTED_EDGE ( 'NONE', *, *, #25, .F. ) ;
#535 = EDGE_CURVE ( 'NONE', #2317, #621, #2140, .T. ) ;
#536 = ORIENTED_EDGE ( 'NONE', *, *, #2083, .T. ) ;
#537 = CARTESIAN_POINT ( 'NONE',  ( 2.598076211353316900, 15.00000000000000533, 1.500000000000000000 ) ) ;
#538 = ORIENTED_EDGE ( 'NONE', *, *, #803, .T. ) ;
#539 = DIRECTION ( 'NONE',  ( 1.000000000000000000, 0.000000000000000000, -0.000000000000000000 ) ) ;
#540 = CARTESIAN_POINT ( 'NONE',  ( 3.499999999999999556, -15.49999999999999822, 4.000000000000000000 ) ) ;
#541 = EDGE_CURVE ( 'NONE', #3554, #2864, #2227, .T. ) ;
#542 = FACE_OUTER_BOUND ( 'NONE', #2379, .T. ) ;
#543 = FACE_OUTER_BOUND ( 'NONE', #1599, .T. ) ;
#544 = DIRECTION ( 'NONE',  ( -0.000000000000000000, -0.000000000000000000, 1.000000000000000000 ) ) ;
#545 = VECTOR ( 'NONE', #1876, 1000.000000000000000 ) ;
#546 = EDGE_CURVE ( 'NONE', #1097, #876, #660, .T. ) ;
#547 = CARTESIAN_POINT ( 'NONE',  ( -7.000000000000000888, 12.00000000000000355, 5.500000000000000000 ) ) ;
#548 = LINE ( 'NONE', #1288, #3421 ) ;
#549 = ORIENTED_EDGE ( 'NONE', *, *, #720, .F. ) ;
#550 = PLANE ( 'NONE',  #3454 ) ;
#551 = VERTEX_POINT ( 'NONE', #1628 ) ;
#552 = ORIENTED_EDGE ( 'NONE', *, *, #3544, .T. ) ;
#553 = COORDINATED_UNIVERSAL_TIME_OFFSET ( 8, 0, .AHEAD. ) ;
#554 = AXIS2_PLACEMENT_3D ( 'NONE', #3081, #639, #931 ) ;
#555 = ORIENTED_EDGE ( 'NONE', *, *, #3488, .T. ) ;
#556 = EDGE_CURVE ( 'NONE', #2346, #473, #1758, .T. ) ;
#557 = LINE ( 'NONE', #114, #2823 ) ;
#558 = AXIS2_PLACEMENT_3D ( 'NONE', #963, #1550, #1823 ) ;
#559 = ORIENTED_EDGE ( 'NONE', *, *, #1618, .F. ) ;
#560 = ADVANCED_FACE ( 'NONE', ( #1145 ), #632, .T. ) ;
#561 = EDGE_CURVE ( 'NONE', #1473, #746, #1596, .T. ) ;
#562 = CIRCLE ( 'NONE', #138, 3.500000000000000444 ) ;
#563 = EDGE_CURVE ( 'NONE', #3389, #1278, #3549, .T. ) ;
#564 = EDGE_LOOP ( 'NONE', ( #1546, #973, #532, #3251, #677, #823, #2605, #2805 ) ) ;
#565 = LINE ( 'NONE', #614, #476 ) ;
#566 = AXIS2_PLACEMENT_3D ( 'NONE', #2504, #2230, #2813 ) ;
#567 = DIRECTION ( 'NONE',  ( 0.000000000000000000, 1.000000000000000000, 0.000000000000000000 ) ) ;
#568 = ORIENTED_EDGE ( 'NONE', *, *, #3006, .T. ) ;
#569 = EDGE_CURVE ( 'NONE', #175, #3000, #878, .T. ) ;
#570 = DIRECTION ( 'NONE',  ( -7.228014483236695816E-17, -1.000000000000000000, -0.000000000000000000 ) ) ;
#571 = VECTOR ( 'NONE', #3318, 1000.000000000000000 ) ;
#572 = ORIENTED_EDGE ( 'NONE', *, *, #1791, .F. ) ;
#573 = CARTESIAN_POINT ( 'NONE',  ( 0.000000000000000000, -15.49999999999999822, 0.000000000000000000 ) ) ;
#574 = AXIS2_PLACEMENT_3D ( 'NONE', #1903, #1391, #3028 ) ;
#575 = ORIENTED_EDGE ( 'NONE', *, *, #2224, .T. ) ;
#576 = DIRECTION ( 'NONE',  ( 0.000000000000000000, 0.000000000000000000, -1.000000000000000000 ) ) ;
#577 = DIRECTION ( 'NONE',  ( 0.000000000000000000, -0.000000000000000000, 1.000000000000000000 ) ) ;
#578 = EDGE_LOOP ( 'NONE', ( #1005, #828, #2392, #936 ) ) ;
#579 = ADVANCED_FACE ( 'NONE', ( #1767 ), #2635, .F. ) ;
#580 = AXIS2_PLACEMENT_3D ( 'NONE', #353, #1390, #856 ) ;
#581 = DIRECTION ( 'NONE',  ( -1.000000000000000000, 0.000000000000000000, 0.000000000000000000 ) ) ;
#582 = ORIENTED_EDGE ( 'NONE', *, *, #451, .F. ) ;
#583 = LINE ( 'NONE', #2674, #1203 ) ;
#584 = PERSON_AND_ORGANIZATION_ROLE ( 'design_owner' ) ;
#585 = PLANE ( 'NONE',  #1610 ) ;
#586 = EDGE_CURVE ( 'NONE', #1085, #2671, #1689, .T. ) ;
#587 = FACE_OUTER_BOUND ( 'NONE', #1877, .T. ) ;
#588 = CARTESIAN_POINT ( 'NONE',  ( -5.807179676972446636, 6.099999999999999645, 1.500000000000000000 ) ) ;
#589 = CARTESIAN_POINT ( 'NONE',  ( -7.800000000000001599, 12.00000000000000355, 1.500000000000000000 ) ) ;
#590 = CARTESIAN_POINT ( 'NONE',  ( 5.807179676972446636, -6.099999999999999645, 4.000000000000000000 ) ) ;
#591 = VECTOR ( 'NONE', #2058, 1000.000000000000000 ) ;
#592 = DIRECTION ( 'NONE',  ( 0.000000000000000000, 1.000000000000000000, 0.000000000000000000 ) ) ;
#593 = DIRECTION ( 'NONE',  ( 0.000000000000000000, 0.000000000000000000, 1.000000000000000000 ) ) ;
#594 = ORIENTED_EDGE ( 'NONE', *, *, #3015, .F. ) ;
#595 = ORIENTED_EDGE ( 'NONE', *, *, #2838, .F. ) ;
#596 = ADVANCED_FACE ( 'NONE', ( #452 ), #78, .T. ) ;
#597 = DIRECTION ( 'NONE',  ( -1.000000000000000000, 0.000000000000000000, 0.000000000000000000 ) ) ;
#598 = FACE_OUTER_BOUND ( 'NONE', #2877, .T. ) ;
#599 = AXIS2_PLACEMENT_3D ( 'NONE', #1307, #730, #2104 ) ;
#600 = CARTESIAN_POINT ( 'NONE',  ( -3.500000000000001332, 15.80000000000000426, 1.100000000000000089 ) ) ;
#601 = ORIENTED_EDGE ( 'NONE', *, *, #2179, .F. ) ;
#602 = CIRCLE ( 'NONE', #11, 3.800000000000002043 ) ;
#603 = EDGE_CURVE ( 'NONE', #2864, #2602, #2078, .T. ) ;
#604 = DIRECTION ( 'NONE',  ( -1.000000000000000000, 0.000000000000000000, 0.000000000000000000 ) ) ;
#605 = ORIENTED_EDGE ( 'NONE', *, *, #1642, .T. ) ;
#606 = VECTOR ( 'NONE', #336, 1000.000000000000000 ) ;
#607 = ORIENTED_EDGE ( 'NONE', *, *, #2396, .F. ) ;
#608 = SECURITY_CLASSIFICATION_LEVEL ( 'unclassified' ) ;
#609 = CARTESIAN_POINT ( 'NONE',  ( -7.000000000000000888, 6.099999999999997868, 5.500000000000000000 ) ) ;
#610 = DIRECTION ( 'NONE',  ( -0.000000000000000000, -0.000000000000000000, 1.000000000000000000 ) ) ;
#611 = LINE ( 'NONE', #171, #2480 ) ;
#612 = ORIENTED_EDGE ( 'NONE', *, *, #2699, .F. ) ;
#613 = ORIENTED_EDGE ( 'NONE', *, *, #681, .T. ) ;
#614 = CARTESIAN_POINT ( 'NONE',  ( -5.499999999999999112, -11.19999999999999929, 1.500000000000000000 ) ) ;
#615 = LINE ( 'NONE', #131, #3142 ) ;
#616 = ORIENTED_EDGE ( 'NONE', *, *, #2018, .T. ) ;
#617 = DIRECTION ( 'NONE',  ( -1.000000000000000000, 0.000000000000000000, 0.000000000000000000 ) ) ;
#618 = ADVANCED_FACE ( 'NONE', ( #1342 ), #1035, .T. ) ;
#619 = ORIENTED_EDGE ( 'NONE', *, *, #3001, .T. ) ;
#620 = DIRECTION ( 'NONE',  ( -0.000000000000000000, 0.000000000000000000, 1.000000000000000000 ) ) ;
#621 = VERTEX_POINT ( 'NONE', #2922 ) ;
#622 = EDGE_LOOP ( 'NONE', ( #1434, #3260, #3189, #934 ) ) ;
#623 = VERTEX_POINT ( 'NONE', #758 ) ;
#624 = DIRECTION ( 'NONE',  ( -1.000000000000000000, 2.168404344971008079E-15, 0.000000000000000000 ) ) ;
#625 = VERTEX_POINT ( 'NONE', #2943 ) ;
#626 = AXIS2_PLACEMENT_3D ( 'NONE', #2306, #369, #1998 ) ;
#627 = VERTEX_POINT ( 'NONE', #3485 ) ;
#628 = CARTESIAN_POINT ( 'NONE',  ( 7.000000000000000888, -16.99999999999999645, 1.100000000000000311 ) ) ;
#629 = AXIS2_PLACEMENT_3D ( 'NONE', #337, #69, #617 ) ;
#630 = VECTOR ( 'NONE', #2839, 1000.000000000000000 ) ;
#631 = EDGE_CURVE ( 'NONE', #1883, #1904, #2719, .T. ) ;
#632 = CYLINDRICAL_SURFACE ( 'NONE', #1646, 1.000000000000000000 ) ;
#633 = LINE ( 'NONE', #1031, #709 ) ;
#634 = ADVANCED_FACE ( 'NONE', ( #2895 ), #2324, .F. ) ;
#635 = CARTESIAN_POINT ( 'NONE',  ( 4.699999999999998401, 11.19999999999999751, 1.500000000000000000 ) ) ;
#636 = AXIS2_PLACEMENT_3D ( 'NONE', #2755, #2770, #320 ) ;
#637 = CYLINDRICAL_SURFACE ( 'NONE', #1682, 3.500000000000000888 ) ;
#638 = DIRECTION ( 'NONE',  ( 0.000000000000000000, -0.000000000000000000, 1.000000000000000000 ) ) ;
#639 = DIRECTION ( 'NONE',  ( 0.000000000000000000, 0.000000000000000000, -1.000000000000000000 ) ) ;
#640 = EDGE_LOOP ( 'NONE', ( #1799, #1287, #2354, #2708 ) ) ;
#641 = APPROVAL_DATE_TIME ( #511, #750 ) ;
#642 = DIRECTION ( 'NONE',  ( 0.000000000000000000, 0.000000000000000000, -1.000000000000000000 ) ) ;
#643 = ORIENTED_EDGE ( 'NONE', *, *, #2554, .F. ) ;
#644 = EDGE_CURVE ( 'NONE', #1526, #2924, #2982, .T. ) ;
#645 = AXIS2_PLACEMENT_3D ( 'NONE', #1347, #1892, #858 ) ;
#646 = LINE ( 'NONE', #3117, #1520 ) ;
#647 = DIRECTION ( 'NONE',  ( -1.000000000000000000, 0.000000000000000000, 0.000000000000000000 ) ) ;
#648 = ORIENTED_EDGE ( 'NONE', *, *, #1627, .F. ) ;
#649 = DIRECTION ( 'NONE',  ( 1.000000000000000000, 0.000000000000000000, 0.000000000000000000 ) ) ;
#650 = LINE ( 'NONE', #215, #847 ) ;
#651 = DIRECTION ( 'NONE',  ( -0.000000000000000000, -0.000000000000000000, 1.000000000000000000 ) ) ;
#652 = AXIS2_PLACEMENT_3D ( 'NONE', #1625, #3295, #265 ) ;
#653 = ORIENTED_EDGE ( 'NONE', *, *, #3207, .T. ) ;
#654 = ADVANCED_FACE ( 'NONE', ( #1988 ), #3461, .F. ) ;
#655 = LINE ( 'NONE', #3115, #2740 ) ;
#656 = EDGE_LOOP ( 'NONE', ( #3008, #811, #1195, #2937 ) ) ;
#657 = CARTESIAN_POINT ( 'NONE',  ( -8.500000000000000000, -11.99999999999999645, 0.000000000000000000 ) ) ;
#658 = EDGE_CURVE ( 'NONE', #175, #1416, #3063, .T. ) ;
#659 = CARTESIAN_POINT ( 'NONE',  ( -2.598076211353316900, -15.79999999999999893, 1.500000000000000000 ) ) ;
#660 = CIRCLE ( 'NONE', #636, 3.000000000000000444 ) ;
#661 = EDGE_LOOP ( 'NONE', ( #3067, #360, #619, #96 ) ) ;
#662 = CARTESIAN_POINT ( 'NONE',  ( 7.000000000000000888, -11.99999999999999645, 5.099999999999999645 ) ) ;
#663 = DIRECTION ( 'NONE',  ( -0.000000000000000000, -0.000000000000000000, 1.000000000000000000 ) ) ;
#664 = LINE ( 'NONE', #705, #1411 ) ;
#665 = DIRECTION ( 'NONE',  ( -0.000000000000000000, -0.000000000000000000, -1.000000000000000000 ) ) ;
#666 = EDGE_CURVE ( 'NONE', #947, #766, #2809, .T. ) ;
#667 = EDGE_LOOP ( 'NONE', ( #957, #2186, #1242, #721, #28, #3338, #773, #1210, #1733, #2776, #2275, #42 ) ) ;
#668 = ADVANCED_FACE ( 'NONE', ( #1512 ), #3276, .F. ) ;
#669 = DIRECTION ( 'NONE',  ( 0.000000000000000000, 0.000000000000000000, 1.000000000000000000 ) ) ;
#670 = FACE_OUTER_BOUND ( 'NONE', #2928, .T. ) ;
#671 = CARTESIAN_POINT ( 'NONE',  ( -3.500000000000001332, 15.80000000000000426, 1.500000000000000000 ) ) ;
#672 = LINE ( 'NONE', #1637, #1592 ) ;
#673 = CARTESIAN_POINT ( 'NONE',  ( -3.500000000000000444, 12.00000000000000355, 1.500000000000000000 ) ) ;
#674 = LINE ( 'NONE', #635, #3506 ) ;
#675 = DIRECTION ( 'NONE',  ( -1.000000000000000000, -0.000000000000000000, -0.000000000000000000 ) ) ;
#676 = ORIENTED_EDGE ( 'NONE', *, *, #2203, .T. ) ;
#677 = ORIENTED_EDGE ( 'NONE', *, *, #3297, .F. ) ;
#678 = CARTESIAN_POINT ( 'NONE',  ( -3.500000000000000000, -15.49999999999999645, 5.099999999999999645 ) ) ;
#679 = CARTESIAN_POINT ( 'NONE',  ( -5.499999999999999112, -9.199999999999999289, 1.500000000000000000 ) ) ;
#680 = VECTOR ( 'NONE', #1672, 1000.000000000000000 ) ;
#681 = EDGE_CURVE ( 'NONE', #173, #627, #3158, .T. ) ;
#682 = ORIENTED_EDGE ( 'NONE', *, *, #1690, .T. ) ;
#683 = LINE ( 'NONE', #2585, #2002 ) ;
#684 = EDGE_CURVE ( 'NONE', #2777, #3029, #3249, .T. ) ;
#685 = ORIENTED_EDGE ( 'NONE', *, *, #1894, .F. ) ;
#686 = CARTESIAN_POINT ( 'NONE',  ( 5.807179676972446636, 6.899999999999999467, 1.500000000000000000 ) ) ;
#687 = FACE_OUTER_BOUND ( 'NONE', #3363, .T. ) ;
#688 = EDGE_LOOP ( 'NONE', ( #3456, #703, #2040, #295, #2907, #2507, #2990, #3102 ) ) ;
#689 = VECTOR ( 'NONE', #212, 1000.000000000000000 ) ;
#690 = CARTESIAN_POINT ( 'NONE',  ( 5.807179676972446636, -6.099999999999999645, 1.500000000000000000 ) ) ;
#691 = AXIS2_PLACEMENT_3D ( 'NONE', #2899, #1248, #3440 ) ;
#692 = ORIENTED_EDGE ( 'NONE', *, *, #644, .F. ) ;
#693 = LINE ( 'NONE', #2225, #1057 ) ;
#694 = CARTESIAN_POINT ( 'NONE',  ( -5.499999999999999112, 8.199999999999999289, 3.000000000000000000 ) ) ;
#695 = VERTEX_POINT ( 'NONE', #804 ) ;
#696 = AXIS2_PLACEMENT_3D ( 'NONE', #3237, #1553, #1281 ) ;
#697 = FACE_OUTER_BOUND ( 'NONE', #384, .T. ) ;
#698 = DIRECTION ( 'NONE',  ( 1.000000000000000000, 0.000000000000000000, 0.000000000000000000 ) ) ;
#699 = ORIENTED_EDGE ( 'NONE', *, *, #3317, .F. ) ;
#700 = ORIENTED_EDGE ( 'NONE', *, *, #2564, .F. ) ;
#701 = CARTESIAN_POINT ( 'NONE',  ( -3.500000000000000444, 17.00000000000000355, 0.000000000000000000 ) ) ;
#702 = DIRECTION ( 'NONE',  ( 1.000000000000000000, -0.000000000000000000, 0.000000000000000000 ) ) ;
#703 = ORIENTED_EDGE ( 'NONE', *, *, #3457, .T. ) ;
#704 = CARTESIAN_POINT ( 'NONE',  ( -5.499999999999999112, -11.19999999999999929, 1.500000000000000000 ) ) ;
#705 = CARTESIAN_POINT ( 'NONE',  ( 0.000000000000000000, -15.49999999999999822, 4.000000000000000000 ) ) ;
#706 = LINE ( 'NONE', #832, #2973 ) ;
#707 = CARTESIAN_POINT ( 'NONE',  ( -6.499999999999999112, -6.500000000000000000, 1.500000000000000000 ) ) ;
#708 = VECTOR ( 'NONE', #2625, 1000.000000000000000 ) ;
#709 = VECTOR ( 'NONE', #1041, 1000.000000000000000 ) ;
#710 = DIRECTION ( 'NONE',  ( 1.000000000000000000, 2.168404344971008079E-15, 0.000000000000000000 ) ) ;
#711 = EDGE_CURVE ( 'NONE', #1979, #1309, #713, .T. ) ;
#712 = CARTESIAN_POINT ( 'NONE',  ( 3.500000000000001332, -15.79999999999999893, 1.500000000000000000 ) ) ;
#713 = LINE ( 'NONE', #3522, #3371 ) ;
#714 = EDGE_CURVE ( 'NONE', #746, #390, #2245, .T. ) ;
#715 = VERTEX_POINT ( 'NONE', #2969 ) ;
#716 = ORIENTED_EDGE ( 'NONE', *, *, #2893, .T. ) ;
#717 = LINE ( 'NONE', #2821, #2515 ) ;
#718 = DIRECTION ( 'NONE',  ( -0.000000000000000000, -0.000000000000000000, 1.000000000000000000 ) ) ;
#719 = DIRECTION ( 'NONE',  ( -1.000000000000000000, 0.000000000000000000, 0.000000000000000000 ) ) ;
#720 = EDGE_CURVE ( 'NONE', #2572, #1570, #2157, .T. ) ;
#721 = ORIENTED_EDGE ( 'NONE', *, *, #293, .T. ) ;
#722 = VECTOR ( 'NONE', #3311, 1000.000000000000000 ) ;
#723 = EDGE_LOOP ( 'NONE', ( #2850, #605, #2069, #3027 ) ) ;
#724 = CARTESIAN_POINT ( 'NONE',  ( -3.000000000000000444, 17.00000000000000355, 0.000000000000000000 ) ) ;
#725 = DIRECTION ( 'NONE',  ( -0.000000000000000000, 1.000000000000000000, 0.000000000000000000 ) ) ;
#726 = DIRECTION ( 'NONE',  ( -0.000000000000000000, -1.000000000000000000, -0.000000000000000000 ) ) ;
#727 = ORIENTED_EDGE ( 'NONE', *, *, #535, .F. ) ;
#728 = ORIENTED_EDGE ( 'NONE', *, *, #517, .T. ) ;
#729 = CIRCLE ( 'NONE', #1960, 3.000000000000000444 ) ;
#730 = DIRECTION ( 'NONE',  ( 1.000000000000000000, -0.000000000000000000, 0.000000000000000000 ) ) ;
#731 = EDGE_CURVE ( 'NONE', #2840, #862, #2420, .T. ) ;
#732 = CARTESIAN_POINT ( 'NONE',  ( -8.500000000000000000, 17.00000000000000355, 5.500000000000000000 ) ) ;
#733 = AXIS2_PLACEMENT_3D ( 'NONE', #3156, #426, #2329 ) ;
#734 = DIRECTION ( 'NONE',  ( 0.000000000000000000, 0.000000000000000000, 1.000000000000000000 ) ) ;
#735 = ORIENTED_EDGE ( 'NONE', *, *, #913, .F. ) ;
#736 = LINE ( 'NONE', #1039, #2442 ) ;
#737 = VERTEX_POINT ( 'NONE', #1880 ) ;
#738 = EDGE_CURVE ( 'NONE', #6, #2567, #793, .T. ) ;
#739 = CARTESIAN_POINT ( 'NONE',  ( -3.500000000000000000, 15.50000000000000000, 5.099999999999999645 ) ) ;
#740 = ORIENTED_EDGE ( 'NONE', *, *, #2802, .T. ) ;
#741 = EDGE_CURVE ( 'NONE', #882, #2356, #3153, .T. ) ;
#742 = AXIS2_PLACEMENT_3D ( 'NONE', #179, #2634, #206 ) ;
#743 = EDGE_LOOP ( 'NONE', ( #1624, #3273, #3176, #549 ) ) ;
#744 = DIRECTION ( 'NONE',  ( -1.000000000000000000, 0.000000000000000000, 0.000000000000000000 ) ) ;
#745 = DIRECTION ( 'NONE',  ( 1.000000000000000000, 0.000000000000000000, 0.000000000000000000 ) ) ;
#746 = VERTEX_POINT ( 'NONE', #2679 ) ;
#747 = EDGE_CURVE ( 'NONE', #2281, #175, #84, .T. ) ;
#748 = LINE ( 'NONE', #2491, #2852 ) ;
#749 = DIRECTION ( 'NONE',  ( -1.000000000000000000, 0.000000000000000000, 0.000000000000000000 ) ) ;
#750 = APPROVAL ( #375, '未指定' ) ;
#751 = CARTESIAN_POINT ( 'NONE',  ( -7.800000000000001599, 12.00000000000000355, 1.500000000000000000 ) ) ;
#752 = VECTOR ( 'NONE', #924, 1000.000000000000000 ) ;
#753 = LINE ( 'NONE', #99, #999 ) ;
#754 = AXIS2_PLACEMENT_3D ( 'NONE', #86, #1461, #2523 ) ;
#755 = VERTEX_POINT ( 'NONE', #3254 ) ;
#756 = CARTESIAN_POINT ( 'NONE',  ( -7.800000000000001599, -11.99999999999999645, 1.500000000000000000 ) ) ;
#757 = ORIENTED_EDGE ( 'NONE', *, *, #119, .F. ) ;
#758 = CARTESIAN_POINT ( 'NONE',  ( -5.499999999999999112, -11.19999999999999929, 1.500000000000000000 ) ) ;
#759 = DIRECTION ( 'NONE',  ( 0.000000000000000000, 0.000000000000000000, -1.000000000000000000 ) ) ;
#760 = ORIENTED_EDGE ( 'NONE', *, *, #731, .T. ) ;
#761 = DIRECTION ( 'NONE',  ( -0.000000000000000000, -0.000000000000000000, 1.000000000000000000 ) ) ;
#762 = DIRECTION ( 'NONE',  ( -1.000000000000000000, 0.000000000000000000, 0.000000000000000000 ) ) ;
#763 = EDGE_CURVE ( 'NONE', #3164, #111, #162, .T. ) ;
#764 = DIRECTION ( 'NONE',  ( -1.000000000000000000, 0.000000000000000000, 0.000000000000000000 ) ) ;
#765 = LINE ( 'NONE', #1375, #2126 ) ;
#766 = VERTEX_POINT ( 'NONE', #3559 ) ;
#767 = CARTESIAN_POINT ( 'NONE',  ( -3.500000000000000000, 15.50000000000000000, 5.099999999999999645 ) ) ;
#768 = CIRCLE ( 'NONE', #1727, 0.8000000000000012657 ) ;
#769 = ORIENTED_EDGE ( 'NONE', *, *, #2013, .F. ) ;
#770 = DIRECTION ( 'NONE',  ( -0.000000000000000000, -0.000000000000000000, -1.000000000000000000 ) ) ;
#771 = LINE ( 'NONE', #381, #3219 ) ;
#772 = CARTESIAN_POINT ( 'NONE',  ( -3.500000000000001332, 15.80000000000000426, 1.100000000000000089 ) ) ;
#773 = ORIENTED_EDGE ( 'NONE', *, *, #1049, .F. ) ;
#774 = CC_DESIGN_PERSON_AND_ORGANIZATION_ASSIGNMENT ( #3034, #584, ( #3087 ) ) ;
#775 = VECTOR ( 'NONE', #58, 1000.000000000000000 ) ;
#776 = DIRECTION ( 'NONE',  ( 0.000000000000000000, -0.000000000000000000, -1.000000000000000000 ) ) ;
#777 = CARTESIAN_POINT ( 'NONE',  ( 3.499999999999999556, 12.00000000000000355, 1.500000000000000000 ) ) ;
#778 = CYLINDRICAL_SURFACE ( 'NONE', #742, 1.000000000000000000 ) ;
#779 = DIRECTION ( 'NONE',  ( -0.000000000000000000, -0.000000000000000000, 1.000000000000000000 ) ) ;
#780 = EDGE_CURVE ( 'NONE', #68, #3203, #2505, .T. ) ;
#781 = CARTESIAN_POINT ( 'NONE',  ( -5.807179676972446636, 6.099999999999999645, 1.500000000000000000 ) ) ;
#782 = ORIENTED_EDGE ( 'NONE', *, *, #2827, .F. ) ;
#783 = ORIENTED_EDGE ( 'NONE', *, *, #1453, .T. ) ;
#784 = DIRECTION ( 'NONE',  ( -0.000000000000000000, -1.000000000000000000, -0.000000000000000000 ) ) ;
#785 = CARTESIAN_POINT ( 'NONE',  ( 0.000000000000000000, 0.000000000000000000, 3.000000000000000000 ) ) ;
#786 = ORIENTED_EDGE ( 'NONE', *, *, #1183, .T. ) ;
#787 = VERTEX_POINT ( 'NONE', #331 ) ;
#788 = ORIENTED_EDGE ( 'NONE', *, *, #2731, .T. ) ;
#789 = VECTOR ( 'NONE', #430, 1000.000000000000000 ) ;
#790 = DIRECTION ( 'NONE',  ( -0.000000000000000000, -0.000000000000000000, -1.000000000000000000 ) ) ;
#791 = DIRECTION ( 'NONE',  ( 0.000000000000000000, 0.000000000000000000, 1.000000000000000000 ) ) ;
#792 = DIRECTION ( 'NONE',  ( -1.000000000000000000, 0.000000000000000000, 0.000000000000000000 ) ) ;
#793 = LINE ( 'NONE', #1046, #3553 ) ;
#794 = CIRCLE ( 'NONE', #948, 3.000000000000000444 ) ;
#795 = AXIS2_PLACEMENT_3D ( 'NONE', #2656, #1504, #3446 ) ;
#796 = CARTESIAN_POINT ( 'NONE',  ( -7.500000000000000888, -11.99999999999999645, 4.500000000000000000 ) ) ;
#797 = DIRECTION ( 'NONE',  ( 0.000000000000000000, 0.000000000000000000, -1.000000000000000000 ) ) ;
#798 = ORIENTED_EDGE ( 'NONE', *, *, #2457, .F. ) ;
#799 = VECTOR ( 'NONE', #2459, 1000.000000000000000 ) ;
#800 = EDGE_CURVE ( 'NONE', #2062, #173, #959, .T. ) ;
#801 = ORIENTED_EDGE ( 'NONE', *, *, #800, .T. ) ;
#802 = VERTEX_POINT ( 'NONE', #3056 ) ;
#803 = EDGE_CURVE ( 'NONE', #920, #390, #2154, .T. ) ;
#804 = CARTESIAN_POINT ( 'NONE',  ( 3.500000000000001776, -15.49999999999999645, 5.500000000000000000 ) ) ;
#805 = CARTESIAN_POINT ( 'NONE',  ( 7.000000000000000888, 6.899999999999999467, 5.500000000000000000 ) ) ;
#806 = LINE ( 'NONE', #978, #2130 ) ;
#807 = CARTESIAN_POINT ( 'NONE',  ( 7.300000000000004263, 12.00000000000000355, 1.500000000000000000 ) ) ;
#808 = EDGE_CURVE ( 'NONE', #3558, #2555, #954, .T. ) ;
#809 = ORIENTED_EDGE ( 'NONE', *, *, #1932, .T. ) ;
#810 = VECTOR ( 'NONE', #3507, 1000.000000000000000 ) ;
#811 = ORIENTED_EDGE ( 'NONE', *, *, #1155, .T. ) ;
#812 = ORIENTED_EDGE ( 'NONE', *, *, #2282, .T. ) ;
#813 = ORIENTED_EDGE ( 'NONE', *, *, #2172, .T. ) ;
#814 = LINE ( 'NONE', #3130, #3435 ) ;
#815 = ORIENTED_EDGE ( 'NONE', *, *, #3457, .F. ) ;
#816 = DIRECTION ( 'NONE',  ( -1.000000000000000000, 0.000000000000000000, 0.000000000000000000 ) ) ;
#817 = EDGE_CURVE ( 'NONE', #2844, #896, #1166, .T. ) ;
#818 = ORIENTED_EDGE ( 'NONE', *, *, #183, .T. ) ;
#819 = DIRECTION ( 'NONE',  ( -1.000000000000000000, 0.000000000000000000, 0.000000000000000000 ) ) ;
#820 = DIRECTION ( 'NONE',  ( -0.000000000000000000, -0.000000000000000000, -1.000000000000000000 ) ) ;
#821 = ORIENTED_EDGE ( 'NONE', *, *, #666, .T. ) ;
#822 = LINE ( 'NONE', #2175, #1151 ) ;
#823 = ORIENTED_EDGE ( 'NONE', *, *, #3379, .T. ) ;
#824 = DIRECTION ( 'NONE',  ( 0.000000000000000000, 0.000000000000000000, 1.000000000000000000 ) ) ;
#825 = ADVANCED_FACE ( 'NONE', ( #543 ), #585, .T. ) ;
#826 = CARTESIAN_POINT ( 'NONE',  ( -6.499999999999999112, -6.500000000000000000, 1.500000000000000000 ) ) ;
#827 = VECTOR ( 'NONE', #725, 1000.000000000000000 ) ;
#828 = ORIENTED_EDGE ( 'NONE', *, *, #2203, .F. ) ;
#829 = DIRECTION ( 'NONE',  ( 1.000000000000000000, 0.000000000000000000, 0.000000000000000000 ) ) ;
#830 = EDGE_CURVE ( 'NONE', #1408, #2704, #3068, .T. ) ;
#831 = VECTOR ( 'NONE', #2925, 1000.000000000000000 ) ;
#832 = CARTESIAN_POINT ( 'NONE',  ( -5.499999999999999112, -11.19999999999999929, 1.500000000000000000 ) ) ;
#833 = LINE ( 'NONE', #2804, #3504 ) ;
#834 = EDGE_CURVE ( 'NONE', #766, #1219, #3283, .T. ) ;
#835 = VECTOR ( 'NONE', #2660, 1000.000000000000000 ) ;
#836 = CARTESIAN_POINT ( 'NONE',  ( -5.499999999999999112, 9.199999999999999289, 3.000000000000000000 ) ) ;
#837 = ADVANCED_FACE ( 'NONE', ( #1591 ), #2471, .F. ) ;
#838 = VERTEX_POINT ( 'NONE', #1362 ) ;
#839 = DIRECTION ( 'NONE',  ( 1.000000000000000000, -0.000000000000000000, -0.000000000000000000 ) ) ;
#840 = CARTESIAN_POINT ( 'NONE',  ( 0.000000000000000000, 0.000000000000000000, 1.500000000000000000 ) ) ;
#841 = ORIENTED_EDGE ( 'NONE', *, *, #3477, .T. ) ;
#842 = ORIENTED_EDGE ( 'NONE', *, *, #2199, .T. ) ;
#843 = CARTESIAN_POINT ( 'NONE',  ( 3.500000000000000444, -11.99999999999999645, 4.500000000000000000 ) ) ;
#844 = LINE ( 'NONE', #2055, #128 ) ;
#845 = ORIENTED_EDGE ( 'NONE', *, *, #2407, .F. ) ;
#846 =( NAMED_UNIT ( * ) PLANE_ANGLE_UNIT ( ) SI_UNIT ( $, .RADIAN. ) );
#847 = VECTOR ( 'NONE', #1302, 1000.000000000000000 ) ;
#848 = EDGE_LOOP ( 'NONE', ( #223, #264, #1660, #3140 ) ) ;
#849 = VECTOR ( 'NONE', #2596, 1000.000000000000000 ) ;
#850 = CARTESIAN_POINT ( 'NONE',  ( -5.807179676972446636, 6.099999999999999645, 1.500000000000000000 ) ) ;
#851 = EDGE_LOOP ( 'NONE', ( #2964, #447, #2643, #815 ) ) ;
#852 = CARTESIAN_POINT ( 'NONE',  ( 3.499999999999999112, 16.30000000000000426, 0.000000000000000000 ) ) ;
#853 = DIRECTION ( 'NONE',  ( -1.000000000000000000, 0.000000000000000000, 0.000000000000000000 ) ) ;
#854 = ADVANCED_FACE ( 'NONE', ( #2331 ), #1507, .T. ) ;
#855 = VECTOR ( 'NONE', #3478, 1000.000000000000000 ) ;
#856 = DIRECTION ( 'NONE',  ( -1.000000000000000000, 0.000000000000000000, 0.000000000000000000 ) ) ;
#857 = EDGE_CURVE ( 'NONE', #1724, #519, #2546, .T. ) ;
#858 = DIRECTION ( 'NONE',  ( -1.000000000000000000, 0.000000000000000000, 0.000000000000000000 ) ) ;
#859 = CYLINDRICAL_SURFACE ( 'NONE', #1415, 4.300000000000001599 ) ;
#860 = AXIS2_PLACEMENT_3D ( 'NONE', #1810, #3183, #2909 ) ;
#861 = EDGE_CURVE ( 'NONE', #2253, #2920, #1076, .T. ) ;
#862 = VERTEX_POINT ( 'NONE', #16 ) ;
#863 = CARTESIAN_POINT ( 'NONE',  ( 2.791057147390573423, 15.00000000000000533, 1.100000000000000089 ) ) ;
#864 = CARTESIAN_POINT ( 'NONE',  ( -8.500000000000000000, 15.50000000000000533, 5.500000000000000000 ) ) ;
#865 = CARTESIAN_POINT ( 'NONE',  ( 4.699999999999998401, 11.19999999999999751, 1.500000000000000000 ) ) ;
#866 = EDGE_LOOP ( 'NONE', ( #3474, #601, #1487, #3408 ) ) ;
#867 = DIRECTION ( 'NONE',  ( -1.000000000000000000, 0.000000000000000000, 0.000000000000000000 ) ) ;
#868 = VERTEX_POINT ( 'NONE', #281 ) ;
#869 = ADVANCED_FACE ( 'NONE', ( #2122 ), #308, .F. ) ;
#870 = CARTESIAN_POINT ( 'NONE',  ( 3.500000000000000444, -11.99999999999999645, 1.500000000000000000 ) ) ;
#871 = FACE_OUTER_BOUND ( 'NONE', #1649, .T. ) ;
#872 = LINE ( 'NONE', #3131, #373 ) ;
#873 = CARTESIAN_POINT ( 'NONE',  ( 0.000000000000000000, 0.000000000000000000, 0.000000000000000000 ) ) ;
#874 = CIRCLE ( 'NONE', #2636, 3.500000000000000444 ) ;
#875 = CARTESIAN_POINT ( 'NONE',  ( -3.500000000000000444, -16.99999999999999645, 4.500000000000000000 ) ) ;
#876 = VERTEX_POINT ( 'NONE', #2771 ) ;
#877 = DESIGN_CONTEXT ( 'detailed design', #2180, 'design' ) ;
#878 = CIRCLE ( 'NONE', #1831, 1.000000000000000000 ) ;
#879 = ORIENTED_EDGE ( 'NONE', *, *, #2867, .T. ) ;
#880 = AXIS2_PLACEMENT_3D ( 'NONE', #1113, #2170, #1614 ) ;
#881 = VERTEX_POINT ( 'NONE', #1116 ) ;
#882 = VERTEX_POINT ( 'NONE', #3044 ) ;
#883 = CARTESIAN_POINT ( 'NONE',  ( 4.699999999999998401, 11.19999999999999751, 4.000000000000000000 ) ) ;
#884 = AXIS2_PLACEMENT_3D ( 'NONE', #2757, #1935, #2487 ) ;
#885 = ADVANCED_FACE ( 'NONE', ( #245 ), #3373, .F. ) ;
#886 = FACE_OUTER_BOUND ( 'NONE', #1260, .T. ) ;
#887 = DIRECTION ( 'NONE',  ( -1.000000000000000000, 0.000000000000000000, 0.000000000000000000 ) ) ;
#888 = ORIENTED_EDGE ( 'NONE', *, *, #293, .F. ) ;
#889 = LINE ( 'NONE', #1654, #301 ) ;
#890 = ORIENTED_EDGE ( 'NONE', *, *, #900, .F. ) ;
#891 = EDGE_CURVE ( 'NONE', #2441, #2317, #1765, .T. ) ;
#892 = EDGE_LOOP ( 'NONE', ( #3157, #1717, #529, #2111 ) ) ;
#893 = EDGE_LOOP ( 'NONE', ( #1329, #1012, #323, #507 ) ) ;
#894 = PLANE ( 'NONE',  #1430 ) ;
#895 = VECTOR ( 'NONE', #3047, 1000.000000000000000 ) ;
#896 = VERTEX_POINT ( 'NONE', #2247 ) ;
#897 = EDGE_LOOP ( 'NONE', ( #2526, #432, #842, #2739 ) ) ;
#898 = VERTEX_POINT ( 'NONE', #1718 ) ;
#899 = CARTESIAN_POINT ( 'NONE',  ( -8.500000000000000000, 15.50000000000000533, 4.000000000000000000 ) ) ;
#900 = EDGE_CURVE ( 'NONE', #1516, #2218, #1944, .T. ) ;
#901 = LINE ( 'NONE', #2251, #2102 ) ;
#902 = VERTEX_POINT ( 'NONE', #2022 ) ;
#903 = ADVANCED_FACE ( 'NONE', ( #2590 ), #3352, .F. ) ;
#904 = CARTESIAN_POINT ( 'NONE',  ( 6.499999999999999112, 6.500000000000000000, 1.500000000000000000 ) ) ;
#905 = DIRECTION ( 'NONE',  ( -0.000000000000000000, -1.000000000000000000, -0.000000000000000000 ) ) ;
#906 = VERTEX_POINT ( 'NONE', #659 ) ;
#907 = DIRECTION ( 'NONE',  ( 0.000000000000000000, 1.000000000000000000, 0.000000000000000000 ) ) ;
#908 = EDGE_CURVE ( 'NONE', #1587, #1883, #2549, .T. ) ;
#909 = VERTEX_POINT ( 'NONE', #110 ) ;
#910 = AXIS2_PLACEMENT_3D ( 'NONE', #3547, #2970, #1292 ) ;
#911 = CARTESIAN_POINT ( 'NONE',  ( 3.500000000000001332, -15.79999999999999893, 1.100000000000000089 ) ) ;
#912 = LINE ( 'NONE', #2383, #831 ) ;
#913 = EDGE_CURVE ( 'NONE', #1994, #2924, #674, .T. ) ;
#914 = VECTOR ( 'NONE', #907, 1000.000000000000000 ) ;
#915 = EDGE_CURVE ( 'NONE', #3511, #6, #1641, .T. ) ;
#916 = DIRECTION ( 'NONE',  ( -0.000000000000000000, -0.000000000000000000, 1.000000000000000000 ) ) ;
#917 = AXIS2_PLACEMENT_3D ( 'NONE', #1560, #718, #1822 ) ;
#918 = VECTOR ( 'NONE', #1730, 1000.000000000000000 ) ;
#919 = CARTESIAN_POINT ( 'NONE',  ( 3.000000000000000444, 15.00000000000000533, 0.000000000000000000 ) ) ;
#920 = VERTEX_POINT ( 'NONE', #2559 ) ;
#921 = ADVANCED_FACE ( 'NONE', ( #1854 ), #894, .F. ) ;
#922 = PERSON_AND_ORGANIZATION ( #2815, #3166 ) ;
#923 = EDGE_CURVE ( 'NONE', #3029, #2169, #2638, .T. ) ;
#924 = DIRECTION ( 'NONE',  ( 1.000000000000000000, 0.000000000000000000, 0.000000000000000000 ) ) ;
#925 = VERTEX_POINT ( 'NONE', #1425 ) ;
#926 = CC_DESIGN_APPROVAL ( #750, ( #1124 ) ) ;
#927 = LINE ( 'NONE', #282, #680 ) ;
#928 = ORIENTED_EDGE ( 'NONE', *, *, #1049, .T. ) ;
#929 = DIRECTION ( 'NONE',  ( 0.000000000000000000, 0.000000000000000000, 1.000000000000000000 ) ) ;
#930 = CIRCLE ( 'NONE', #3066, 3.000000000000000444 ) ;
#931 = DIRECTION ( 'NONE',  ( -1.000000000000000000, 0.000000000000000000, 0.000000000000000000 ) ) ;
#932 = AXIS2_PLACEMENT_3D ( 'NONE', #203, #3241, #2401 ) ;
#933 = CARTESIAN_POINT ( 'NONE',  ( 4.699999999999998401, -9.199999999999999289, 3.000000000000000000 ) ) ;
#934 = ORIENTED_EDGE ( 'NONE', *, *, #3132, .F. ) ;
#935 = VECTOR ( 'NONE', #1464, 1000.000000000000000 ) ;
#936 = ORIENTED_EDGE ( 'NONE', *, *, #1163, .T. ) ;
#937 = FACE_OUTER_BOUND ( 'NONE', #1446, .T. ) ;
#938 = EDGE_CURVE ( 'NONE', #484, #925, #1469, .T. ) ;
#939 = ADVANCED_FACE ( 'NONE', ( #1125 ), #330, .F. ) ;
#940 = DIRECTION ( 'NONE',  ( 1.000000000000000000, 0.000000000000000000, 0.000000000000000000 ) ) ;
#941 = LINE ( 'NONE', #1368, #397 ) ;
#942 = DIRECTION ( 'NONE',  ( 0.000000000000000000, 0.000000000000000000, -1.000000000000000000 ) ) ;
#943 = APPROVAL_DATE_TIME ( #2841, #944 ) ;
#944 = APPROVAL ( #2768, '未指定' ) ;
#945 = DIRECTION ( 'NONE',  ( -0.000000000000000000, -0.000000000000000000, 1.000000000000000000 ) ) ;
#946 = VERTEX_POINT ( 'NONE', #1693 ) ;
#947 = VERTEX_POINT ( 'NONE', #74 ) ;
#948 = AXIS2_PLACEMENT_3D ( 'NONE', #1158, #405, #642 ) ;
#949 = CARTESIAN_POINT ( 'NONE',  ( -3.500000000000000444, -11.99999999999999645, 1.500000000000000000 ) ) ;
#950 = EDGE_CURVE ( 'NONE', #1085, #3238, #2201, .T. ) ;
#951 = CARTESIAN_POINT ( 'NONE',  ( -7.300000000000000711, 12.00000000000000355, 1.500000000000000000 ) ) ;
#952 = LINE ( 'NONE', #3429, #1030 ) ;
#953 = DIRECTION ( 'NONE',  ( 1.000000000000000000, -0.000000000000000000, -0.000000000000000000 ) ) ;
#954 = LINE ( 'NONE', #609, #3459 ) ;
#955 = CARTESIAN_POINT ( 'NONE',  ( -3.500000000000001332, 15.80000000000000426, 1.500000000000000000 ) ) ;
#956 = FACE_OUTER_BOUND ( 'NONE', #661, .T. ) ;
#957 = ORIENTED_EDGE ( 'NONE', *, *, #923, .F. ) ;
#958 = CARTESIAN_POINT ( 'NONE',  ( 5.499999999999999112, 9.199999999999999289, 1.500000000000000000 ) ) ;
#959 = LINE ( 'NONE', #1088, #2890 ) ;
#960 = ORIENTED_EDGE ( 'NONE', *, *, #2608, .T. ) ;
#961 = COORDINATED_UNIVERSAL_TIME_OFFSET ( 8, 0, .AHEAD. ) ;
#962 = DIRECTION ( 'NONE',  ( 0.000000000000000000, 0.000000000000000000, -1.000000000000000000 ) ) ;
#963 = CARTESIAN_POINT ( 'NONE',  ( -4.699999999999998401, -11.19999999999999751, 1.500000000000000000 ) ) ;
#964 = ORIENTED_EDGE ( 'NONE', *, *, #535, .T. ) ;
#965 = PLANE ( 'NONE',  #3077 ) ;
#966 = CARTESIAN_POINT ( 'NONE',  ( -8.500000000000000000, -11.99999999999999645, 4.500000000000000000 ) ) ;
#967 = AXIS2_PLACEMENT_3D ( 'NONE', #1418, #2226, #2527 ) ;
#968 = ORIENTED_EDGE ( 'NONE', *, *, #546, .F. ) ;
#969 = DIRECTION ( 'NONE',  ( -1.000000000000000000, 0.000000000000000000, 0.000000000000000000 ) ) ;
#970 = VERTEX_POINT ( 'NONE', #1972 ) ;
#971 = VERTEX_POINT ( 'NONE', #1148 ) ;
#972 = EDGE_CURVE ( 'NONE', #509, #3511, #753, .T. ) ;
#973 = ORIENTED_EDGE ( 'NONE', *, *, #1283, .T. ) ;
#974 = CARTESIAN_POINT ( 'NONE',  ( -7.000000000000000888, -6.099999999999999645, 5.500000000000000000 ) ) ;
#975 = CARTESIAN_POINT ( 'NONE',  ( 8.500000000000000000, 12.00000000000000355, 0.000000000000000000 ) ) ;
#976 = LINE ( 'NONE', #955, #431 ) ;
#977 = AXIS2_PLACEMENT_3D ( 'NONE', #1480, #2889, #1237 ) ;
#978 = CARTESIAN_POINT ( 'NONE',  ( -4.699999999999998401, 8.199999999999999289, 4.000000000000000000 ) ) ;
#979 = EDGE_CURVE ( 'NONE', #3086, #695, #2458, .T. ) ;
#980 = CARTESIAN_POINT ( 'NONE',  ( -3.500000000000000000, 15.50000000000000000, 5.500000000000000000 ) ) ;
#981 = CARTESIAN_POINT ( 'NONE',  ( -4.699999999999998401, 8.199999999999999289, 3.000000000000000000 ) ) ;
#982 = AXIS2_PLACEMENT_3D ( 'NONE', #135, #157, #2879 ) ;
#983 = CIRCLE ( 'NONE', #1720, 4.300000000000001599 ) ;
#984 = ORIENTED_EDGE ( 'NONE', *, *, #8, .F. ) ;
#985 = CARTESIAN_POINT ( 'NONE',  ( 3.500000000000001776, -15.49999999999999645, 5.099999999999999645 ) ) ;
#986 = CARTESIAN_POINT ( 'NONE',  ( -5.807179676972446636, -6.899999999999999467, 1.500000000000000000 ) ) ;
#987 = ORIENTED_EDGE ( 'NONE', *, *, #915, .F. ) ;
#988 = VERTEX_POINT ( 'NONE', #2353 ) ;
#989 = DIRECTION ( 'NONE',  ( -1.000000000000000000, 0.000000000000000000, 0.000000000000000000 ) ) ;
#990 = CARTESIAN_POINT ( 'NONE',  ( -3.500000000000000444, 16.00000000000000355, 4.500000000000000000 ) ) ;
#991 = ORIENTED_EDGE ( 'NONE', *, *, #1099, .T. ) ;
#992 = EDGE_CURVE ( 'NONE', #422, #2441, #2814, .T. ) ;
#993 = LINE ( 'NONE', #185, #3062 ) ;
#994 = AXIS2_PLACEMENT_3D ( 'NONE', #2714, #72, #604 ) ;
#995 = LINE ( 'NONE', #2455, #2417 ) ;
#996 = CARTESIAN_POINT ( 'NONE',  ( 7.000000000000000888, -11.99999999999999645, 5.500000000000000000 ) ) ;
#997 = CARTESIAN_POINT ( 'NONE',  ( 3.500000000000000444, -11.99999999999999645, 5.500000000000000000 ) ) ;
#998 = DIRECTION ( 'NONE',  ( 0.000000000000000000, 0.000000000000000000, -1.000000000000000000 ) ) ;
#999 = VECTOR ( 'NONE', #1704, 1000.000000000000000 ) ;
#1000 = CARTESIAN_POINT ( 'NONE',  ( -7.000000000000000888, -6.899999999999999467, 1.499999999999999556 ) ) ;
#1001 = CARTESIAN_POINT ( 'NONE',  ( 5.807179676972446636, 6.099999999999999645, 1.500000000000000000 ) ) ;
#1002 = EDGE_CURVE ( 'NONE', #746, #1373, #2677, .T. ) ;
#1003 = ORIENTED_EDGE ( 'NONE', *, *, #891, .F. ) ;
#1004 = DIRECTION ( 'NONE',  ( 0.000000000000000000, 0.000000000000000000, -1.000000000000000000 ) ) ;
#1005 = ORIENTED_EDGE ( 'NONE', *, *, #1707, .T. ) ;
#1006 = VECTOR ( 'NONE', #2100, 1000.000000000000000 ) ;
#1007 = CARTESIAN_POINT ( 'NONE',  ( -3.500000000000000000, -15.49999999999999645, 5.099999999999999645 ) ) ;
#1008 = CARTESIAN_POINT ( 'NONE',  ( -2.598076211353316900, 15.00000000000000533, 1.500000000000000000 ) ) ;
#1009 = EDGE_CURVE ( 'NONE', #2135, #343, #1557, .T. ) ;
#1010 = ORIENTED_EDGE ( 'NONE', *, *, #2064, .F. ) ;
#1011 = DIRECTION ( 'NONE',  ( -0.000000000000000000, 1.000000000000000000, 0.000000000000000000 ) ) ;
#1012 = ORIENTED_EDGE ( 'NONE', *, *, #3088, .T. ) ;
#1013 = VECTOR ( 'NONE', #929, 1000.000000000000000 ) ;
#1014 = ORIENTED_EDGE ( 'NONE', *, *, #950, .T. ) ;
#1015 = VECTOR ( 'NONE', #492, 1000.000000000000000 ) ;
#1016 = CARTESIAN_POINT ( 'NONE',  ( 5.499999999999999112, 9.199999999999999289, 3.000000000000000000 ) ) ;
#1017 = DIRECTION ( 'NONE',  ( 0.000000000000000000, 0.000000000000000000, -1.000000000000000000 ) ) ;
#1018 = CARTESIAN_POINT ( 'NONE',  ( -4.699999999999998401, 9.199999999999999289, 1.500000000000000000 ) ) ;
#1019 = FACE_OUTER_BOUND ( 'NONE', #246, .T. ) ;
#1020 = ORIENTED_EDGE ( 'NONE', *, *, #780, .T. ) ;
#1021 = CARTESIAN_POINT ( 'NONE',  ( 3.499999999999999556, 17.00000000000000355, 0.000000000000000000 ) ) ;
#1022 = CARTESIAN_POINT ( 'NONE',  ( -3.000000000000000444, -16.99999999999999645, 0.000000000000000000 ) ) ;
#1023 = VECTOR ( 'NONE', #1251, 1000.000000000000000 ) ;
#1024 = VECTOR ( 'NONE', #1397, 1000.000000000000000 ) ;
#1025 = CARTESIAN_POINT ( 'NONE',  ( -3.499999999999999556, -15.49999999999999645, 5.099999999999999645 ) ) ;
#1026 = ORIENTED_EDGE ( 'NONE', *, *, #1542, .T. ) ;
#1027 = CARTESIAN_POINT ( 'NONE',  ( 7.300000000000004263, 12.00000000000000355, 1.500000000000000000 ) ) ;
#1028 = AXIS2_PLACEMENT_3D ( 'NONE', #986, #2357, #1548 ) ;
#1029 = CARTESIAN_POINT ( 'NONE',  ( -5.807179676972446636, 6.099999999999999645, 4.000000000000000000 ) ) ;
#1030 = VECTOR ( 'NONE', #1775, 1000.000000000000000 ) ;
#1031 = CARTESIAN_POINT ( 'NONE',  ( -3.500000000000000000, -15.49999999999999645, 5.500000000000000000 ) ) ;
#1032 = LINE ( 'NONE', #1215, #591 ) ;
#1033 = AXIS2_PLACEMENT_3D ( 'NONE', #671, #1490, #1466 ) ;
#1034 = DIRECTION ( 'NONE',  ( -0.000000000000000000, 1.000000000000000000, -0.000000000000000000 ) ) ;
#1035 = CYLINDRICAL_SURFACE ( 'NONE', #1040, 5.000000000000000000 ) ;
#1036 = CARTESIAN_POINT ( 'NONE',  ( -8.500000000000000000, -15.49999999999999822, 1.100000000000000311 ) ) ;
#1037 = ORIENTED_EDGE ( 'NONE', *, *, #563, .T. ) ;
#1038 = ORIENTED_EDGE ( 'NONE', *, *, #720, .T. ) ;
#1039 = CARTESIAN_POINT ( 'NONE',  ( 3.499999999999999556, -16.29999999999999716, 1.500000000000000000 ) ) ;
#1040 = AXIS2_PLACEMENT_3D ( 'NONE', #997, #2395, #989 ) ;
#1041 = DIRECTION ( 'NONE',  ( 1.000000000000000000, 0.000000000000000000, 0.000000000000000000 ) ) ;
#1042 = LINE ( 'NONE', #1036, #1438 ) ;
#1043 = ORIENTED_EDGE ( 'NONE', *, *, #972, .T. ) ;
#1044 = CARTESIAN_POINT ( 'NONE',  ( 3.499999999999999556, -16.99999999999999645, 0.000000000000000000 ) ) ;
#1045 = CYLINDRICAL_SURFACE ( 'NONE', #1908, 4.300000000000001599 ) ;
#1046 = CARTESIAN_POINT ( 'NONE',  ( -4.699999999999998401, 8.199999999999999289, 3.000000000000000000 ) ) ;
#1047 = EDGE_LOOP ( 'NONE', ( #3449, #2462, #559, #3401 ) ) ;
#1048 = EDGE_LOOP ( 'NONE', ( #3382, #124, #3431, #740 ) ) ;
#1049 = EDGE_CURVE ( 'NONE', #2178, #2704, #1032, .T. ) ;
#1050 = AXIS2_PLACEMENT_3D ( 'NONE', #2403, #2149, #3546 ) ;
#1051 = EDGE_LOOP ( 'NONE', ( #2556, #1432, #2619, #3188 ) ) ;
#1052 = CIRCLE ( 'NONE', #1884, 4.300000000000001599 ) ;
#1053 = CARTESIAN_POINT ( 'NONE',  ( 3.499999999999999556, 17.00000000000000355, 5.500000000000000000 ) ) ;
#1054 = ORIENTED_EDGE ( 'NONE', *, *, #1460, .T. ) ;
#1055 = DIRECTION ( 'NONE',  ( 0.000000000000000000, 0.000000000000000000, -1.000000000000000000 ) ) ;
#1056 = AXIS2_PLACEMENT_3D ( 'NONE', #3076, #2537, #3101 ) ;
#1057 = VECTOR ( 'NONE', #1129, 1000.000000000000000 ) ;
#1058 = VERTEX_POINT ( 'NONE', #2623 ) ;
#1059 = DIRECTION ( 'NONE',  ( -1.000000000000000000, 0.000000000000000000, 0.000000000000000000 ) ) ;
#1060 = VECTOR ( 'NONE', #1850, 1000.000000000000000 ) ;
#1061 = ORIENTED_EDGE ( 'NONE', *, *, #2915, .F. ) ;
#1062 = CARTESIAN_POINT ( 'NONE',  ( 7.500000000000000888, 0.000000000000000000, 4.500000000000000000 ) ) ;
#1063 = DIRECTION ( 'NONE',  ( 1.000000000000000000, -0.000000000000000000, -0.000000000000000000 ) ) ;
#1064 = CARTESIAN_POINT ( 'NONE',  ( -2.598076211353316900, 15.80000000000000426, 1.500000000000000000 ) ) ;
#1065 = EDGE_CURVE ( 'NONE', #1416, #2482, #3375, .T. ) ;
#1066 = ORIENTED_EDGE ( 'NONE', *, *, #15, .F. ) ;
#1067 = ORIENTED_EDGE ( 'NONE', *, *, #501, .F. ) ;
#1068 = DIRECTION ( 'NONE',  ( -0.000000000000000000, -0.000000000000000000, 1.000000000000000000 ) ) ;
#1069 = CARTESIAN_POINT ( 'NONE',  ( -3.500000000000001332, 15.80000000000000426, 1.500000000000000000 ) ) ;
#1070 = ORIENTED_EDGE ( 'NONE', *, *, #3099, .F. ) ;
#1071 = LINE ( 'NONE', #911, #630 ) ;
#1072 = EDGE_CURVE ( 'NONE', #2169, #3291, #1304, .T. ) ;
#1073 = CARTESIAN_POINT ( 'NONE',  ( 7.000000000000000888, -16.99999999999999645, 5.500000000000000000 ) ) ;
#1074 = ADVANCED_FACE ( 'NONE', ( #2033 ), #637, .F. ) ;
#1075 = DIRECTION ( 'NONE',  ( -1.000000000000000000, 0.000000000000000000, 0.000000000000000000 ) ) ;
#1076 = CIRCLE ( 'NONE', #104, 0.8000000000000012657 ) ;
#1077 = FACE_OUTER_BOUND ( 'NONE', #2760, .T. ) ;
#1078 = AXIS2_PLACEMENT_3D ( 'NONE', #1753, #459, #2633 ) ;
#1079 = CARTESIAN_POINT ( 'NONE',  ( 7.000000000000000888, 6.099999999999997868, 5.500000000000000000 ) ) ;
#1080 = FACE_OUTER_BOUND ( 'NONE', #897, .T. ) ;
#1081 = EDGE_CURVE ( 'NONE', #2924, #2793, #3462, .T. ) ;
#1082 = ORIENTED_EDGE ( 'NONE', *, *, #378, .T. ) ;
#1083 = AXIS2_PLACEMENT_3D ( 'NONE', #3420, #2825, #1202 ) ;
#1084 = CARTESIAN_POINT ( 'NONE',  ( -7.000000000000000888, 6.100000000000001421, 1.499999999999999556 ) ) ;
#1085 = VERTEX_POINT ( 'NONE', #958 ) ;
#1086 = DIRECTION ( 'NONE',  ( -0.000000000000000000, -1.000000000000000000, -0.000000000000000000 ) ) ;
#1087 = EDGE_CURVE ( 'NONE', #3516, #305, #502, .T. ) ;
#1088 = CARTESIAN_POINT ( 'NONE',  ( -5.499999999999999112, -9.199999999999999289, 3.000000000000000000 ) ) ;
#1089 = EDGE_CURVE ( 'NONE', #429, #1774, #3154, .T. ) ;
#1090 = LINE ( 'NONE', #1221, #382 ) ;
#1091 = EDGE_CURVE ( 'NONE', #1710, #1572, #3333, .T. ) ;
#1092 = DIRECTION ( 'NONE',  ( -0.000000000000000000, -1.000000000000000000, -0.000000000000000000 ) ) ;
#1093 = VERTEX_POINT ( 'NONE', #2862 ) ;
#1094 = CARTESIAN_POINT ( 'NONE',  ( -5.499999999999999112, 11.19999999999999929, 1.500000000000000000 ) ) ;
#1095 = ADVANCED_FACE ( 'NONE', ( #1731 ), #1229, .F. ) ;
#1096 = FACE_OUTER_BOUND ( 'NONE', #1393, .T. ) ;
#1097 = VERTEX_POINT ( 'NONE', #409 ) ;
#1098 = FACE_OUTER_BOUND ( 'NONE', #130, .T. ) ;
#1099 = EDGE_CURVE ( 'NONE', #2565, #755, #209, .T. ) ;
#1100 = EDGE_LOOP ( 'NONE', ( #3083, #2189, #798, #338 ) ) ;
#1101 = DIRECTION ( 'NONE',  ( 1.000000000000000000, 0.000000000000000000, 0.000000000000000000 ) ) ;
#1102 = CARTESIAN_POINT ( 'NONE',  ( -6.499999999999999112, 6.500000000000000000, 1.500000000000000000 ) ) ;
#1103 = DIRECTION ( 'NONE',  ( 0.000000000000000000, -1.000000000000000000, 0.000000000000000000 ) ) ;
#1104 = CYLINDRICAL_SURFACE ( 'NONE', #1, 4.300000000000001599 ) ;
#1105 = CARTESIAN_POINT ( 'NONE',  ( 3.499999999999999556, 12.00000000000000355, 1.500000000000000000 ) ) ;
#1106 = ORIENTED_EDGE ( 'NONE', *, *, #1118, .F. ) ;
#1107 = VECTOR ( 'NONE', #1632, 1000.000000000000000 ) ;
#1108 = VERTEX_POINT ( 'NONE', #1798 ) ;
#1109 = DIRECTION ( 'NONE',  ( 1.000000000000000000, 0.000000000000000000, -0.000000000000000000 ) ) ;
#1110 = AXIS2_PLACEMENT_3D ( 'NONE', #1930, #2517, #340 ) ;
#1111 = DIRECTION ( 'NONE',  ( 0.000000000000000000, 0.000000000000000000, -1.000000000000000000 ) ) ;
#1112 = VERTEX_POINT ( 'NONE', #686 ) ;
#1113 = CARTESIAN_POINT ( 'NONE',  ( -3.500000000000000444, 12.00000000000000355, 5.500000000000000000 ) ) ;
#1114 = VERTEX_POINT ( 'NONE', #423 ) ;
#1115 = ADVANCED_FACE ( 'NONE', ( #1257 ), #139, .T. ) ;
#1116 = CARTESIAN_POINT ( 'NONE',  ( -5.499999999999999112, 11.19999999999999929, 4.000000000000000000 ) ) ;
#1117 = DIRECTION ( 'NONE',  ( 0.000000000000000000, 0.000000000000000000, 1.000000000000000000 ) ) ;
#1118 = EDGE_CURVE ( 'NONE', #2261, #3511, #1170, .T. ) ;
#1119 = CARTESIAN_POINT ( 'NONE',  ( 5.499999999999999112, -8.199999999999999289, 3.000000000000000000 ) ) ;
#1120 = FACE_OUTER_BOUND ( 'NONE', #2749, .T. ) ;
#1121 = DIRECTION ( 'NONE',  ( 1.000000000000000000, 0.000000000000000000, 0.000000000000000000 ) ) ;
#1122 = CARTESIAN_POINT ( 'NONE',  ( -3.500000000000000444, 12.00000000000000355, 1.500000000000000000 ) ) ;
#1123 = LINE ( 'NONE', #396, #2808 ) ;
#1124 = SECURITY_CLASSIFICATION ( '', '', #608 ) ;
#1125 = FACE_OUTER_BOUND ( 'NONE', #1047, .T. ) ;
#1126 = CARTESIAN_POINT ( 'NONE',  ( -2.791057147390573423, -14.99999999999999822, 1.100000000000000089 ) ) ;
#1127 = CARTESIAN_POINT ( 'NONE',  ( 3.500000000000001776, -11.99999999999999645, 5.099999999999999645 ) ) ;
#1128 = VERTEX_POINT ( 'NONE', #1256 ) ;
#1129 = DIRECTION ( 'NONE',  ( 0.000000000000000000, -1.000000000000000000, 0.000000000000000000 ) ) ;
#1130 = AXIS2_PLACEMENT_3D ( 'NONE', #707, #2043, #1779 ) ;
#1131 = ORIENTED_EDGE ( 'NONE', *, *, #3379, .F. ) ;
#1132 = ORIENTED_EDGE ( 'NONE', *, *, #3544, .F. ) ;
#1133 = ADVANCED_FACE ( 'NONE', ( #1900 ), #455, .F. ) ;
#1134 = EDGE_CURVE ( 'NONE', #1629, #473, #548, .T. ) ;
#1135 = DIRECTION ( 'NONE',  ( -1.000000000000000000, -0.000000000000000000, -0.000000000000000000 ) ) ;
#1136 = ORIENTED_EDGE ( 'NONE', *, *, #134, .F. ) ;
#1137 = VECTOR ( 'NONE', #1723, 1000.000000000000000 ) ;
#1138 = CARTESIAN_POINT ( 'NONE',  ( -6.499999999999999112, -6.500000000000000000, 1.500000000000000000 ) ) ;
#1139 = ORIENTED_EDGE ( 'NONE', *, *, #2457, .T. ) ;
#1140 = VECTOR ( 'NONE', #122, 1000.000000000000000 ) ;
#1141 = ORIENTED_EDGE ( 'NONE', *, *, #2958, .F. ) ;
#1142 = DIRECTION ( 'NONE',  ( 0.000000000000000000, -1.000000000000000000, 0.000000000000000000 ) ) ;
#1143 = LINE ( 'NONE', #198, #3224 ) ;
#1144 = EDGE_LOOP ( 'NONE', ( #3250, #2067, #73, #1739 ) ) ;
#1145 = FACE_OUTER_BOUND ( 'NONE', #475, .T. ) ;
#1146 = ORIENTED_EDGE ( 'NONE', *, *, #1350, .T. ) ;
#1147 = ADVANCED_FACE ( 'NONE', ( #456 ), #3230, .T. ) ;
#1148 = CARTESIAN_POINT ( 'NONE',  ( -4.699999999999998401, 11.19999999999999751, 4.000000000000000000 ) ) ;
#1149 = AXIS2_PLACEMENT_3D ( 'NONE', #662, #702, #1233 ) ;
#1150 = ORIENTED_EDGE ( 'NONE', *, *, #1711, .F. ) ;
#1151 = VECTOR ( 'NONE', #2997, 1000.000000000000000 ) ;
#1152 = ORIENTED_EDGE ( 'NONE', *, *, #17, .T. ) ;
#1153 = PLANE ( 'NONE',  #2008 ) ;
#1154 = CARTESIAN_POINT ( 'NONE',  ( 7.000000000000000888, -6.899999999999999467, 4.000000000000000000 ) ) ;
#1155 = EDGE_CURVE ( 'NONE', #2271, #868, #288, .T. ) ;
#1156 = ORIENTED_EDGE ( 'NONE', *, *, #1134, .T. ) ;
#1157 = ORIENTED_EDGE ( 'NONE', *, *, #1838, .T. ) ;
#1158 = CARTESIAN_POINT ( 'NONE',  ( 0.000000000000000000, 15.50000000000000533, 0.000000000000000000 ) ) ;
#1159 = PRODUCT_DEFINITION_SHAPE ( 'NONE', 'NONE',  #2349 ) ;
#1160 = EDGE_LOOP ( 'NONE', ( #427, #575, #1379, #552, #1500, #257, #3097, #2404, #809, #424, #238, #2381 ) ) ;
#1161 = EDGE_CURVE ( 'NONE', #2253, #259, #3286, .T. ) ;
#1162 = CARTESIAN_POINT ( 'NONE',  ( 7.000000000000000888, -16.99999999999999645, 1.499999999999999556 ) ) ;
#1163 = EDGE_CURVE ( 'NONE', #3365, #213, #3246, .T. ) ;
#1164 = VECTOR ( 'NONE', #2311, 1000.000000000000000 ) ;
#1165 = DIRECTION ( 'NONE',  ( -1.000000000000000000, -0.000000000000000000, -0.000000000000000000 ) ) ;
#1166 = LINE ( 'NONE', #65, #2630 ) ;
#1167 = DIRECTION ( 'NONE',  ( 0.000000000000000000, -1.000000000000000000, 0.000000000000000000 ) ) ;
#1168 = LINE ( 'NONE', #1863, #545 ) ;
#1169 = ADVANCED_FACE ( 'NONE', ( #1080 ), #1813, .T. ) ;
#1170 = LINE ( 'NONE', #1569, #2856 ) ;
#1171 = EDGE_CURVE ( 'NONE', #3512, #2091, #2933, .T. ) ;
#1172 = CC_DESIGN_DATE_AND_TIME_ASSIGNMENT ( #2335, #51, ( #2349 ) ) ;
#1173 = ORIENTED_EDGE ( 'NONE', *, *, #2264, .F. ) ;
#1174 = DIRECTION ( 'NONE',  ( 1.000000000000000000, 0.000000000000000000, -0.000000000000000000 ) ) ;
#1175 = ORIENTED_EDGE ( 'NONE', *, *, #2655, .F. ) ;
#1176 = APPROVAL_DATE_TIME ( #1694, #31 ) ;
#1177 = ORIENTED_EDGE ( 'NONE', *, *, #561, .T. ) ;
#1178 = AXIS2_PLACEMENT_3D ( 'NONE', #2707, #525, #539 ) ;
#1179 = LINE ( 'NONE', #3455, #2168 ) ;
#1180 = DIRECTION ( 'NONE',  ( 0.000000000000000000, 0.000000000000000000, -1.000000000000000000 ) ) ;
#1181 = ORIENTED_EDGE ( 'NONE', *, *, #440, .T. ) ;
#1182 = LINE ( 'NONE', #537, #2992 ) ;
#1183 = EDGE_CURVE ( 'NONE', #346, #1706, #2375, .T. ) ;
#1184 = ORIENTED_EDGE ( 'NONE', *, *, #3001, .F. ) ;
#1185 = ADVANCED_FACE ( 'NONE', ( #1991 ), #2288, .T. ) ;
#1186 = VERTEX_POINT ( 'NONE', #3495 ) ;
#1187 = VECTOR ( 'NONE', #1755, 1000.000000000000000 ) ;
#1188 = EDGE_LOOP ( 'NONE', ( #253, #362, #1769, #2552 ) ) ;
#1189 = VECTOR ( 'NONE', #3514, 1000.000000000000000 ) ;
#1190 = DIRECTION ( 'NONE',  ( -1.000000000000000000, 0.000000000000000000, -0.000000000000000000 ) ) ;
#1191 = PLANE ( 'NONE',  #1033 ) ;
#1192 = CARTESIAN_POINT ( 'NONE',  ( 8.500000000000000000, -16.99999999999999645, 4.500000000000000000 ) ) ;
#1193 = EDGE_CURVE ( 'NONE', #2305, #2672, #38, .T. ) ;
#1194 = LINE ( 'NONE', #3198, #2621 ) ;
#1195 = ORIENTED_EDGE ( 'NONE', *, *, #1982, .F. ) ;
#1196 = DIRECTION ( 'NONE',  ( 0.000000000000000000, 0.000000000000000000, -1.000000000000000000 ) ) ;
#1197 = ORIENTED_EDGE ( 'NONE', *, *, #1748, .F. ) ;
#1198 = CARTESIAN_POINT ( 'NONE',  ( -7.800000000000001599, -11.99999999999999645, 1.500000000000000000 ) ) ;
#1199 = DIRECTION ( 'NONE',  ( -0.000000000000000000, -0.000000000000000000, 1.000000000000000000 ) ) ;
#1200 = ADVANCED_FACE ( 'NONE', ( #1555 ), #2136, .F. ) ;
#1201 = ORIENTED_EDGE ( 'NONE', *, *, #2003, .F. ) ;
#1202 = DIRECTION ( 'NONE',  ( -1.000000000000000000, 0.000000000000000000, -0.000000000000000000 ) ) ;
#1203 = VECTOR ( 'NONE', #1280, 1000.000000000000000 ) ;
#1204 = CIRCLE ( 'NONE', #2606, 3.000000000000000444 ) ;
#1205 = DIRECTION ( 'NONE',  ( 0.000000000000000000, -1.000000000000000000, -0.000000000000000000 ) ) ;
#1206 = VECTOR ( 'NONE', #433, 1000.000000000000000 ) ;
#1207 = PLANE ( 'NONE',  #2030 ) ;
#1208 = CARTESIAN_POINT ( 'NONE',  ( 5.499999999999999112, 11.19999999999999929, 1.500000000000000000 ) ) ;
#1209 = DIRECTION ( 'NONE',  ( -0.000000000000000000, -0.000000000000000000, 1.000000000000000000 ) ) ;
#1210 = ORIENTED_EDGE ( 'NONE', *, *, #3088, .F. ) ;
#1211 = EDGE_LOOP ( 'NONE', ( #3366, #1559, #1722, #1926 ) ) ;
#1212 = LOCAL_TIME ( 14, 12, 50.00000000000000000, #1953 ) ;
#1213 = AXIS2_PLACEMENT_3D ( 'NONE', #1069, #2762, #1647 ) ;
#1214 = VECTOR ( 'NONE', #1351, 1000.000000000000000 ) ;
#1215 = CARTESIAN_POINT ( 'NONE',  ( 7.000000000000000888, -16.99999999999999645, 4.000000000000000000 ) ) ;
#1216 = ORIENTED_EDGE ( 'NONE', *, *, #2027, .F. ) ;
#1217 = EDGE_LOOP ( 'NONE', ( #1530, #438, #2575, #1952 ) ) ;
#1218 = DIRECTION ( 'NONE',  ( -0.000000000000000000, -0.000000000000000000, 1.000000000000000000 ) ) ;
#1219 = VERTEX_POINT ( 'NONE', #1025 ) ;
#1220 = LINE ( 'NONE', #3289, #2601 ) ;
#1221 = CARTESIAN_POINT ( 'NONE',  ( 5.807179676972446636, 6.899999999999999467, 1.500000000000000000 ) ) ;
#1222 = ORIENTED_EDGE ( 'NONE', *, *, #2197, .T. ) ;
#1223 = VECTOR ( 'NONE', #414, 1000.000000000000000 ) ;
#1224 = VERTEX_POINT ( 'NONE', #3201 ) ;
#1225 = CARTESIAN_POINT ( 'NONE',  ( -5.499999999999999112, -9.199999999999999289, 1.500000000000000000 ) ) ;
#1226 = CARTESIAN_POINT ( 'NONE',  ( 7.500000000000000888, 12.00000000000000355, 5.500000000000000000 ) ) ;
#1227 = VECTOR ( 'NONE', #1092, 1000.000000000000000 ) ;
#1228 = AXIS2_PLACEMENT_3D ( 'NONE', #1509, #436, #477 ) ;
#1229 = PLANE ( 'NONE',  #2661 ) ;
#1230 = ORIENTED_EDGE ( 'NONE', *, *, #2979, .T. ) ;
#1231 = CIRCLE ( 'NONE', #2591, 4.000000000000000000 ) ;
#1232 = ORIENTED_EDGE ( 'NONE', *, *, #3488, .F. ) ;
#1233 = DIRECTION ( 'NONE',  ( 0.000000000000000000, 0.000000000000000000, -1.000000000000000000 ) ) ;
#1234 = ORIENTED_EDGE ( 'NONE', *, *, #351, .F. ) ;
#1235 = CARTESIAN_POINT ( 'NONE',  ( 3.499999999999999556, 12.00000000000000355, 1.100000000000000089 ) ) ;
#1236 = VERTEX_POINT ( 'NONE', #2374 ) ;
#1237 = DIRECTION ( 'NONE',  ( 0.000000000000000000, 0.000000000000000000, 1.000000000000000000 ) ) ;
#1238 = EDGE_CURVE ( 'NONE', #2346, #1570, #3372, .T. ) ;
#1239 = AXIS2_PLACEMENT_3D ( 'NONE', #1640, #1943, #1101 ) ;
#1240 = CARTESIAN_POINT ( 'NONE',  ( -7.000000000000000888, -6.899999999999999467, 4.000000000000000000 ) ) ;
#1241 = CARTESIAN_POINT ( 'NONE',  ( -7.000000000000000888, 6.100000000000001421, 4.000000000000000000 ) ) ;
#1242 = ORIENTED_EDGE ( 'NONE', *, *, #2244, .F. ) ;
#1243 = ORIENTED_EDGE ( 'NONE', *, *, #127, .T. ) ;
#1244 = CARTESIAN_POINT ( 'NONE',  ( 0.000000000000000000, -16.29999999999999716, 0.000000000000000000 ) ) ;
#1245 = ORIENTED_EDGE ( 'NONE', *, *, #1686, .F. ) ;
#1246 = CARTESIAN_POINT ( 'NONE',  ( -3.000000000000000444, -16.29999999999999716, 0.000000000000000000 ) ) ;
#1247 = CARTESIAN_POINT ( 'NONE',  ( 3.499999999999999556, -15.99999999999999645, 4.500000000000000000 ) ) ;
#1248 = DIRECTION ( 'NONE',  ( -0.000000000000000000, 0.000000000000000000, -1.000000000000000000 ) ) ;
#1249 = FACE_BOUND ( 'NONE', #1399, .T. ) ;
#1250 = CARTESIAN_POINT ( 'NONE',  ( 3.499999999999999112, 16.30000000000000426, 1.500000000000000000 ) ) ;
#1251 = DIRECTION ( 'NONE',  ( -0.000000000000000000, -1.000000000000000000, -0.000000000000000000 ) ) ;
#1252 = EDGE_CURVE ( 'NONE', #1474, #695, #633, .T. ) ;
#1253 = VECTOR ( 'NONE', #2405, 1000.000000000000000 ) ;
#1254 = PLANE ( 'NONE',  #1470 ) ;
#1255 = VECTOR ( 'NONE', #250, 1000.000000000000000 ) ;
#1256 = CARTESIAN_POINT ( 'NONE',  ( 4.699999999999998401, -9.199999999999999289, 1.500000000000000000 ) ) ;
#1257 = FACE_OUTER_BOUND ( 'NONE', #1714, .T. ) ;
#1258 = ORIENTED_EDGE ( 'NONE', *, *, #1907, .F. ) ;
#1259 = CARTESIAN_POINT ( 'NONE',  ( 5.807179676972446636, -6.899999999999999467, 1.500000000000000000 ) ) ;
#1260 = EDGE_LOOP ( 'NONE', ( #1888, #1663, #1997, #1043 ) ) ;
#1261 = CALENDAR_DATE ( 2025, 16, 6 ) ;
#1262 = CARTESIAN_POINT ( 'NONE',  ( -3.500000000000000444, -11.99999999999999645, 1.500000000000000000 ) ) ;
#1263 = EDGE_CURVE ( 'NONE', #625, #2135, #284, .T. ) ;
#1264 = ORIENTED_EDGE ( 'NONE', *, *, #2369, .F. ) ;
#1265 = ORIENTED_EDGE ( 'NONE', *, *, #3411, .T. ) ;
#1266 = CARTESIAN_POINT ( 'NONE',  ( 7.800000000000000711, 12.00000000000000355, 0.000000000000000000 ) ) ;
#1267 = DIRECTION ( 'NONE',  ( 1.000000000000000000, 0.000000000000000000, 0.000000000000000000 ) ) ;
#1268 = FACE_BOUND ( 'NONE', #2521, .T. ) ;
#1269 = AXIS2_PLACEMENT_3D ( 'NONE', #1489, #1833, #1814 ) ;
#1270 = ORIENTED_EDGE ( 'NONE', *, *, #2187, .F. ) ;
#1271 = CARTESIAN_POINT ( 'NONE',  ( 5.807179676972446636, 6.099999999999999645, 1.500000000000000000 ) ) ;
#1272 = LINE ( 'NONE', #3231, #3079 ) ;
#1273 = EDGE_CURVE ( 'NONE', #1518, #1904, #1685, .T. ) ;
#1274 = ORIENTED_EDGE ( 'NONE', *, *, #3052, .F. ) ;
#1275 = DIRECTION ( 'NONE',  ( 2.168404344971008079E-15, -1.000000000000000000, 0.000000000000000000 ) ) ;
#1276 = LOCAL_TIME ( 14, 12, 50.00000000000000000, #1486 ) ;
#1277 = PLANE ( 'NONE',  #558 ) ;
#1278 = VERTEX_POINT ( 'NONE', #2466 ) ;
#1279 = EDGE_CURVE ( 'NONE', #925, #2672, #672, .T. ) ;
#1280 = DIRECTION ( 'NONE',  ( -1.000000000000000000, -0.000000000000000000, -0.000000000000000000 ) ) ;
#1281 = DIRECTION ( 'NONE',  ( 1.000000000000000000, 0.000000000000000000, 0.000000000000000000 ) ) ;
#1282 = CARTESIAN_POINT ( 'NONE',  ( 5.499999999999999112, 8.199999999999999289, 3.000000000000000000 ) ) ;
#1283 = EDGE_CURVE ( 'NONE', #2840, #1097, #1168, .T. ) ;
#1284 = EDGE_CURVE ( 'NONE', #802, #2261, #995, .T. ) ;
#1285 = EDGE_LOOP ( 'NONE', ( #1931, #1067, #2647, #3111 ) ) ;
#1286 = LINE ( 'NONE', #628, #571 ) ;
#1287 = ORIENTED_EDGE ( 'NONE', *, *, #191, .F. ) ;
#1288 = CARTESIAN_POINT ( 'NONE',  ( -8.500000000000000000, 17.00000000000000355, 0.000000000000000000 ) ) ;
#1289 = DIRECTION ( 'NONE',  ( 0.000000000000000000, 0.000000000000000000, -1.000000000000000000 ) ) ;
#1290 = ORIENTED_EDGE ( 'NONE', *, *, #803, .F. ) ;
#1291 = CARTESIAN_POINT ( 'NONE',  ( 3.499999999999999556, 12.00000000000000355, 4.500000000000000000 ) ) ;
#1292 = DIRECTION ( 'NONE',  ( -1.000000000000000000, 0.000000000000000000, 0.000000000000000000 ) ) ;
#1293 = EDGE_CURVE ( 'NONE', #3542, #519, #3460, .T. ) ;
#1294 = EDGE_LOOP ( 'NONE', ( #2367, #101, #2231, #1152 ) ) ;
#1295 = PLANE ( 'NONE',  #1846 ) ;
#1296 = DIRECTION ( 'NONE',  ( 0.000000000000000000, -1.000000000000000000, -0.000000000000000000 ) ) ;
#1297 = DIRECTION ( 'NONE',  ( 0.000000000000000000, 0.000000000000000000, 1.000000000000000000 ) ) ;
#1298 = VECTOR ( 'NONE', #106, 1000.000000000000000 ) ;
#1299 = DIRECTION ( 'NONE',  ( 0.000000000000000000, 0.000000000000000000, -1.000000000000000000 ) ) ;
#1300 = AXIS2_PLACEMENT_3D ( 'NONE', #2531, #3024, #2792 ) ;
#1301 = VECTOR ( 'NONE', #1209, 1000.000000000000000 ) ;
#1302 = DIRECTION ( 'NONE',  ( 0.000000000000000000, 1.000000000000000000, 0.000000000000000000 ) ) ;
#1303 = DIRECTION ( 'NONE',  ( 0.000000000000000000, 0.000000000000000000, -1.000000000000000000 ) ) ;
#1304 = LINE ( 'NONE', #3412, #2501 ) ;
#1305 = CARTESIAN_POINT ( 'NONE',  ( 7.000000000000000888, -11.99999999999999645, 5.500000000000000000 ) ) ;
#1306 = EDGE_CURVE ( 'NONE', #484, #2305, #244, .T. ) ;
#1307 = CARTESIAN_POINT ( 'NONE',  ( -5.499999999999999112, -11.19999999999999929, 1.500000000000000000 ) ) ;
#1308 = VERTEX_POINT ( 'NONE', #3284 ) ;
#1309 = VERTEX_POINT ( 'NONE', #2977 ) ;
#1310 = CARTESIAN_POINT ( 'NONE',  ( -3.500000000000000444, -11.99999999999999645, 1.500000000000000000 ) ) ;
#1311 = CIRCLE ( 'NONE', #2703, 3.499999999999999112 ) ;
#1312 = DIRECTION ( 'NONE',  ( 0.000000000000000000, 1.000000000000000000, 0.000000000000000000 ) ) ;
#1313 = DIRECTION ( 'NONE',  ( -1.000000000000000000, 0.000000000000000000, -0.000000000000000000 ) ) ;
#1314 = ORIENTED_EDGE ( 'NONE', *, *, #834, .T. ) ;
#1315 = ORIENTED_EDGE ( 'NONE', *, *, #333, .F. ) ;
#1316 = LINE ( 'NONE', #2095, #1777 ) ;
#1317 = DIRECTION ( 'NONE',  ( -0.000000000000000000, -0.000000000000000000, -1.000000000000000000 ) ) ;
#1318 = CARTESIAN_POINT ( 'NONE',  ( -8.500000000000000000, 15.50000000000000533, 1.100000000000000311 ) ) ;
#1319 = EDGE_LOOP ( 'NONE', ( #2107, #190, #3499, #845, #2146, #3344, #3072, #2477, #1038, #2258, #3538, #1545 ) ) ;
#1320 = VECTOR ( 'NONE', #2318, 1000.000000000000000 ) ;
#1321 = ORIENTED_EDGE ( 'NONE', *, *, #2018, .F. ) ;
#1322 = EDGE_CURVE ( 'NONE', #1449, #1919, #1897, .T. ) ;
#1323 = CIRCLE ( 'NONE', #3374, 0.8000000000000012657 ) ;
#1324 = CARTESIAN_POINT ( 'NONE',  ( 7.000000000000000888, -6.099999999999999645, 4.000000000000000000 ) ) ;
#1325 = ORIENTED_EDGE ( 'NONE', *, *, #1009, .T. ) ;
#1326 = CARTESIAN_POINT ( 'NONE',  ( 7.000000000000000888, -16.99999999999999645, 4.000000000000000000 ) ) ;
#1327 = EDGE_CURVE ( 'NONE', #390, #259, #2978, .T. ) ;
#1328 = CIRCLE ( 'NONE', #3126, 0.8000000000000012657 ) ;
#1329 = ORIENTED_EDGE ( 'NONE', *, *, #2023, .F. ) ;
#1330 = ORIENTED_EDGE ( 'NONE', *, *, #17, .F. ) ;
#1331 = ORIENTED_EDGE ( 'NONE', *, *, #1993, .T. ) ;
#1332 = CARTESIAN_POINT ( 'NONE',  ( 7.000000000000000888, 11.99999999999999822, 5.099999999999999645 ) ) ;
#1333 = VERTEX_POINT ( 'NONE', #2445 ) ;
#1334 = ORIENTED_EDGE ( 'NONE', *, *, #1652, .F. ) ;
#1335 = DIRECTION ( 'NONE',  ( 0.000000000000000000, -0.000000000000000000, -1.000000000000000000 ) ) ;
#1336 = ORIENTED_EDGE ( 'NONE', *, *, #1805, .T. ) ;
#1337 = CARTESIAN_POINT ( 'NONE',  ( 3.000000000000000444, -16.29999999999999716, 0.000000000000000000 ) ) ;
#1338 = ADVANCED_FACE ( 'NONE', ( #3550 ), #2720, .F. ) ;
#1339 = AXIS2_PLACEMENT_3D ( 'NONE', #2927, #2618, #466 ) ;
#1340 = CARTESIAN_POINT ( 'NONE',  ( 7.000000000000000888, -11.99999999999999645, 5.099999999999999645 ) ) ;
#1341 = LINE ( 'NONE', #919, #1298 ) ;
#1342 = FACE_OUTER_BOUND ( 'NONE', #3413, .T. ) ;
#1343 = EDGE_CURVE ( 'NONE', #1473, #2145, #454, .T. ) ;
#1344 = CARTESIAN_POINT ( 'NONE',  ( -4.699999999999998401, 8.199999999999999289, 4.000000000000000000 ) ) ;
#1345 = CYLINDRICAL_SURFACE ( 'NONE', #580, 3.500000000000000444 ) ;
#1346 = AXIS2_PLACEMENT_3D ( 'NONE', #1803, #441, #2053 ) ;
#1347 = CARTESIAN_POINT ( 'NONE',  ( -3.500000000000000000, -11.99999999999999645, 5.500000000000000000 ) ) ;
#1348 = ADVANCED_BREP_SHAPE_REPRESENTATION ( '04001节点下壳双', ( #1721, #1239 ), #156 ) ;
#1349 = VECTOR ( 'NONE', #2032, 1000.000000000000000 ) ;
#1350 = EDGE_CURVE ( 'NONE', #1493, #1956, #2118, .T. ) ;
#1351 = DIRECTION ( 'NONE',  ( -1.000000000000000000, 0.000000000000000000, 0.000000000000000000 ) ) ;
#1352 = VERTEX_POINT ( 'NONE', #1344 ) ;
#1353 = LOCAL_TIME ( 14, 12, 50.00000000000000000, #961 ) ;
#1354 = DIRECTION ( 'NONE',  ( -0.000000000000000000, -0.000000000000000000, 1.000000000000000000 ) ) ;
#1355 = DIRECTION ( 'NONE',  ( -1.000000000000000000, 7.228014483236695816E-17, 0.000000000000000000 ) ) ;
#1356 = EDGE_LOOP ( 'NONE', ( #164, #3136, #398, #24 ) ) ;
#1357 = CARTESIAN_POINT ( 'NONE',  ( 8.500000000000000000, -16.99999999999999645, 0.000000000000000000 ) ) ;
#1358 = FACE_OUTER_BOUND ( 'NONE', #688, .T. ) ;
#1359 = VERTEX_POINT ( 'NONE', #2965 ) ;
#1360 = CARTESIAN_POINT ( 'NONE',  ( -3.500000000000000444, 17.00000000000000355, 4.500000000000000000 ) ) ;
#1361 = CIRCLE ( 'NONE', #2415, 4.300000000000001599 ) ;
#1362 = CARTESIAN_POINT ( 'NONE',  ( 3.499999999999999556, 15.80000000000000426, 1.500000000000000000 ) ) ;
#1363 = CARTESIAN_POINT ( 'NONE',  ( 4.699999999999998401, -8.199999999999999289, 3.000000000000000000 ) ) ;
#1364 = EDGE_CURVE ( 'NONE', #2565, #2419, #3107, .T. ) ;
#1365 = CC_DESIGN_SECURITY_CLASSIFICATION ( #1124, ( #1543 ) ) ;
#1366 = ORIENTED_EDGE ( 'NONE', *, *, #201, .F. ) ;
#1367 = FACE_OUTER_BOUND ( 'NONE', #1855, .T. ) ;
#1368 = CARTESIAN_POINT ( 'NONE',  ( 4.699999999999998401, -11.19999999999999751, 4.000000000000000000 ) ) ;
#1369 = ORIENTED_EDGE ( 'NONE', *, *, #2160, .F. ) ;
#1370 = DIRECTION ( 'NONE',  ( -0.000000000000000000, -0.000000000000000000, 1.000000000000000000 ) ) ;
#1371 = CARTESIAN_POINT ( 'NONE',  ( -3.500000000000001332, 15.80000000000000426, 1.500000000000000000 ) ) ;
#1372 = LINE ( 'NONE', #1266, #2313 ) ;
#1373 = VERTEX_POINT ( 'NONE', #1969 ) ;
#1374 = ADVANCED_FACE ( 'NONE', ( #3285 ), #2494, .F. ) ;
#1375 = CARTESIAN_POINT ( 'NONE',  ( -7.000000000000000888, -16.99999999999999645, 1.499999999999999556 ) ) ;
#1376 = EDGE_CURVE ( 'NONE', #3389, #2145, #2854, .T. ) ;
#1377 = LINE ( 'NONE', #1764, #1757 ) ;
#1378 = DIRECTION ( 'NONE',  ( -0.000000000000000000, -0.000000000000000000, 1.000000000000000000 ) ) ;
#1379 = ORIENTED_EDGE ( 'NONE', *, *, #2179, .T. ) ;
#1380 = CARTESIAN_POINT ( 'NONE',  ( 0.000000000000000000, 16.00000000000000355, 5.500000000000000000 ) ) ;
#1381 = VECTOR ( 'NONE', #3071, 1000.000000000000000 ) ;
#1382 = EDGE_CURVE ( 'NONE', #970, #1114, #2155, .T. ) ;
#1383 = DIRECTION ( 'NONE',  ( -0.000000000000000000, -0.000000000000000000, 1.000000000000000000 ) ) ;
#1384 = DIRECTION ( 'NONE',  ( 0.000000000000000000, -0.000000000000000000, -1.000000000000000000 ) ) ;
#1385 = FACE_OUTER_BOUND ( 'NONE', #1217, .T. ) ;
#1386 = DIRECTION ( 'NONE',  ( 0.000000000000000000, -1.000000000000000000, 0.000000000000000000 ) ) ;
#1387 = PLANE ( 'NONE',  #3383 ) ;
#1388 = VECTOR ( 'NONE', #916, 1000.000000000000000 ) ;
#1389 = ADVANCED_FACE ( 'NONE', ( #1385 ), #1345, .F. ) ;
#1390 = DIRECTION ( 'NONE',  ( 0.000000000000000000, 0.000000000000000000, -1.000000000000000000 ) ) ;
#1391 = DIRECTION ( 'NONE',  ( 0.000000000000000000, 0.000000000000000000, -1.000000000000000000 ) ) ;
#1392 = ORIENTED_EDGE ( 'NONE', *, *, #3123, .F. ) ;
#1393 = EDGE_LOOP ( 'NONE', ( #2882, #1315, #1066, #1768 ) ) ;
#1394 = DIRECTION ( 'NONE',  ( -1.000000000000000000, 0.000000000000000000, 0.000000000000000000 ) ) ;
#1395 = CARTESIAN_POINT ( 'NONE',  ( 3.499999999999999556, 15.80000000000000426, 1.100000000000000089 ) ) ;
#1396 = LINE ( 'NONE', #805, #1955 ) ;
#1397 = DIRECTION ( 'NONE',  ( -1.000000000000000000, 0.000000000000000000, 0.000000000000000000 ) ) ;
#1398 = CARTESIAN_POINT ( 'NONE',  ( 5.807179676972446636, -6.099999999999999645, 4.000000000000000000 ) ) ;
#1399 = EDGE_LOOP ( 'NONE', ( #2443, #1234, #188, #692 ) ) ;
#1400 = FACE_OUTER_BOUND ( 'NONE', #1613, .T. ) ;
#1401 = CARTESIAN_POINT ( 'NONE',  ( 4.699999999999998401, -11.19999999999999751, 1.500000000000000000 ) ) ;
#1402 = EDGE_LOOP ( 'NONE', ( #2842, #1858, #538, #2474 ) ) ;
#1403 = LINE ( 'NONE', #2868, #1187 ) ;
#1404 = ADVANCED_FACE ( 'NONE', ( #1077 ), #2503, .F. ) ;
#1405 = LINE ( 'NONE', #1586, #689 ) ;
#1406 = AXIS2_PLACEMENT_3D ( 'NONE', #3493, #1544, #1806 ) ;
#1407 = EDGE_CURVE ( 'NONE', #862, #882, #1508, .T. ) ;
#1408 = VERTEX_POINT ( 'NONE', #1678 ) ;
#1409 = FACE_OUTER_BOUND ( 'NONE', #1144, .T. ) ;
#1410 = DIRECTION ( 'NONE',  ( 0.000000000000000000, 0.000000000000000000, -1.000000000000000000 ) ) ;
#1411 = VECTOR ( 'NONE', #442, 1000.000000000000000 ) ;
#1412 = ORIENTED_EDGE ( 'NONE', *, *, #1161, .T. ) ;
#1413 = DIRECTION ( 'NONE',  ( 0.000000000000000000, 0.000000000000000000, -1.000000000000000000 ) ) ;
#1414 = ORIENTED_EDGE ( 'NONE', *, *, #2473, .T. ) ;
#1415 = AXIS2_PLACEMENT_3D ( 'NONE', #2132, #1317, #1565 ) ;
#1416 = VERTEX_POINT ( 'NONE', #875 ) ;
#1417 = CARTESIAN_POINT ( 'NONE',  ( -3.500000000000000000, 15.50000000000000000, 5.099999999999999645 ) ) ;
#1418 = CARTESIAN_POINT ( 'NONE',  ( 3.500000000000000444, -11.99999999999999645, 1.500000000000000000 ) ) ;
#1419 = ADVANCED_FACE ( 'NONE', ( #956 ), #1650, .F. ) ;
#1420 = CARTESIAN_POINT ( 'NONE',  ( -8.500000000000000000, -15.49999999999999822, 1.100000000000000311 ) ) ;
#1421 = CYLINDRICAL_SURFACE ( 'NONE', #977, 3.000000000000000444 ) ;
#1422 = EDGE_CURVE ( 'NONE', #2205, #988, #2811, .T. ) ;
#1423 = VECTOR ( 'NONE', #2236, 1000.000000000000000 ) ;
#1424 = LINE ( 'NONE', #2578, #1164 ) ;
#1425 = CARTESIAN_POINT ( 'NONE',  ( 3.500000000000001776, 15.50000000000000000, 5.099999999999999645 ) ) ;
#1426 = VECTOR ( 'NONE', #2120, 1000.000000000000000 ) ;
#1427 = EDGE_LOOP ( 'NONE', ( #2669, #2826, #1290, #3215 ) ) ;
#1428 = DIRECTION ( 'NONE',  ( 0.000000000000000000, 0.000000000000000000, -1.000000000000000000 ) ) ;
#1429 = CARTESIAN_POINT ( 'NONE',  ( 5.499999999999999112, -11.19999999999999929, 4.000000000000000000 ) ) ;
#1430 = AXIS2_PLACEMENT_3D ( 'NONE', #388, #3387, #2818 ) ;
#1431 = CARTESIAN_POINT ( 'NONE',  ( 3.500000000000001332, -15.79999999999999893, 1.500000000000000000 ) ) ;
#1432 = ORIENTED_EDGE ( 'NONE', *, *, #2088, .F. ) ;
#1433 = CARTESIAN_POINT ( 'NONE',  ( 2.791057147390573423, -15.79999999999999893, 1.100000000000000089 ) ) ;
#1434 = ORIENTED_EDGE ( 'NONE', *, *, #1871, .F. ) ;
#1435 = EDGE_CURVE ( 'NONE', #1236, #737, #1989, .T. ) ;
#1436 = PERSON_AND_ORGANIZATION_ROLE ( 'classification_officer' ) ;
#1437 = ADVANCED_FACE ( 'NONE', ( #2931 ), #1809, .T. ) ;
#1438 = VECTOR ( 'NONE', #2151, 1000.000000000000000 ) ;
#1439 = ORIENTED_EDGE ( 'NONE', *, *, #311, .T. ) ;
#1440 = FACE_OUTER_BOUND ( 'NONE', #640, .T. ) ;
#1441 = ORIENTED_EDGE ( 'NONE', *, *, #2901, .T. ) ;
#1442 = CARTESIAN_POINT ( 'NONE',  ( 3.499999999999999556, 17.00000000000000355, 4.500000000000000000 ) ) ;
#1443 = DIRECTION ( 'NONE',  ( -1.000000000000000000, 0.000000000000000000, 0.000000000000000000 ) ) ;
#1444 = ORIENTED_EDGE ( 'NONE', *, *, #1812, .F. ) ;
#1445 = ORIENTED_EDGE ( 'NONE', *, *, #569, .F. ) ;
#1446 = EDGE_LOOP ( 'NONE', ( #1222, #727, #2983, #258 ) ) ;
#1447 = LINE ( 'NONE', #153, #1320 ) ;
#1448 = EDGE_CURVE ( 'NONE', #1570, #2482, #2456, .T. ) ;
#1449 = VERTEX_POINT ( 'NONE', #302 ) ;
#1450 = AXIS2_PLACEMENT_3D ( 'NONE', #113, #2310, #2857 ) ;
#1451 = LINE ( 'NONE', #1079, #2665 ) ;
#1452 = DIRECTION ( 'NONE',  ( 3.614007241618347908E-17, -1.000000000000000000, -0.000000000000000000 ) ) ;
#1453 = EDGE_CURVE ( 'NONE', #946, #3490, #833, .T. ) ;
#1454 = EDGE_LOOP ( 'NONE', ( #3014, #3445, #152, #2464 ) ) ;
#1455 = ADVANCED_FACE ( 'NONE', ( #3020 ), #3200, .T. ) ;
#1456 = AXIS2_PLACEMENT_3D ( 'NONE', #2278, #3106, #3417 ) ;
#1457 = CARTESIAN_POINT ( 'NONE',  ( -6.999999999999999112, -11.99999999999999645, 5.500000000000000000 ) ) ;
#1458 = ORIENTED_EDGE ( 'NONE', *, *, #1542, .F. ) ;
#1459 = EDGE_CURVE ( 'NONE', #2994, #625, #2766, .T. ) ;
#1460 = EDGE_CURVE ( 'NONE', #2145, #1494, #120, .T. ) ;
#1461 = DIRECTION ( 'NONE',  ( 0.000000000000000000, 1.000000000000000000, -0.000000000000000000 ) ) ;
#1462 = ORIENTED_EDGE ( 'NONE', *, *, #644, .T. ) ;
#1463 = FACE_OUTER_BOUND ( 'NONE', #2005, .T. ) ;
#1464 = DIRECTION ( 'NONE',  ( 7.228014483236695816E-17, 1.000000000000000000, 0.000000000000000000 ) ) ;
#1465 = CARTESIAN_POINT ( 'NONE',  ( -3.500000000000000000, 11.99999999999999822, 5.500000000000000000 ) ) ;
#1466 = DIRECTION ( 'NONE',  ( 0.000000000000000000, -0.000000000000000000, 1.000000000000000000 ) ) ;
#1467 = FACE_OUTER_BOUND ( 'NONE', #3487, .T. ) ;
#1468 = EDGE_CURVE ( 'NONE', #380, #715, #3064, .T. ) ;
#1469 = CIRCLE ( 'NONE', #1547, 3.500000000000000444 ) ;
#1470 = AXIS2_PLACEMENT_3D ( 'NONE', #2071, #2332, #2641 ) ;
#1471 = ORIENTED_EDGE ( 'NONE', *, *, #2570, .T. ) ;
#1472 = ADVANCED_FACE ( 'NONE', ( #1467 ), #2892, .F. ) ;
#1473 = VERTEX_POINT ( 'NONE', #1990 ) ;
#1474 = VERTEX_POINT ( 'NONE', #2037 ) ;
#1475 = ORIENTED_EDGE ( 'NONE', *, *, #1252, .T. ) ;
#1476 = DIRECTION ( 'NONE',  ( 0.000000000000000000, 0.000000000000000000, 1.000000000000000000 ) ) ;
#1477 = AXIS2_PLACEMENT_3D ( 'NONE', #2427, #500, #1561 ) ;
#1478 = CARTESIAN_POINT ( 'NONE',  ( -5.499999999999999112, -9.199999999999999289, 3.000000000000000000 ) ) ;
#1479 = LINE ( 'NONE', #2237, #2042 ) ;
#1480 = CARTESIAN_POINT ( 'NONE',  ( 0.000000000000000000, 15.00000000000000533, 0.000000000000000000 ) ) ;
#1481 = ORIENTED_EDGE ( 'NONE', *, *, #1263, .F. ) ;
#1482 = VECTOR ( 'NONE', #2897, 1000.000000000000000 ) ;
#1483 = EDGE_CURVE ( 'NONE', #400, #2840, #794, .T. ) ;
#1484 = ORIENTED_EDGE ( 'NONE', *, *, #1382, .F. ) ;
#1485 = DIRECTION ( 'NONE',  ( 0.000000000000000000, 0.000000000000000000, -1.000000000000000000 ) ) ;
#1486 = COORDINATED_UNIVERSAL_TIME_OFFSET ( 8, 0, .AHEAD. ) ;
#1487 = ORIENTED_EDGE ( 'NONE', *, *, #2944, .F. ) ;
#1488 = VECTOR ( 'NONE', #1925, 1000.000000000000000 ) ;
#1489 = CARTESIAN_POINT ( 'NONE',  ( -4.699999999999998401, 8.199999999999999289, 3.000000000000000000 ) ) ;
#1490 = DIRECTION ( 'NONE',  ( 0.000000000000000000, 1.000000000000000000, 0.000000000000000000 ) ) ;
#1491 = DIRECTION ( 'NONE',  ( 0.000000000000000000, 1.000000000000000000, 0.000000000000000000 ) ) ;
#1492 = VECTOR ( 'NONE', #942, 1000.000000000000000 ) ;
#1493 = VERTEX_POINT ( 'NONE', #92 ) ;
#1494 = VERTEX_POINT ( 'NONE', #3108 ) ;
#1495 = CARTESIAN_POINT ( 'NONE',  ( -5.499999999999999112, -11.19999999999999929, 4.000000000000000000 ) ) ;
#1496 = AXIS2_PLACEMENT_3D ( 'NONE', #843, #1111, #1954 ) ;
#1497 = PLANE ( 'NONE',  #248 ) ;
#1498 = EDGE_LOOP ( 'NONE', ( #2846, #421, #1037, #3080, #2627, #2863, #524, #1867, #3025, #964, #2338, #1331 ) ) ;
#1499 = EDGE_CURVE ( 'NONE', #881, #971, #1424, .T. ) ;
#1500 = ORIENTED_EDGE ( 'NONE', *, *, #1711, .T. ) ;
#1501 = ORIENTED_EDGE ( 'NONE', *, *, #2292, .T. ) ;
#1502 = DIRECTION ( 'NONE',  ( -0.000000000000000000, -0.000000000000000000, -1.000000000000000000 ) ) ;
#1503 = EDGE_CURVE ( 'NONE', #2602, #2281, #2498, .T. ) ;
#1504 = DIRECTION ( 'NONE',  ( -0.000000000000000000, -0.000000000000000000, 1.000000000000000000 ) ) ;
#1505 = VECTOR ( 'NONE', #1913, 1000.000000000000000 ) ;
#1506 = CARTESIAN_POINT ( 'NONE',  ( -3.500000000000000444, -11.99999999999999645, 4.500000000000000000 ) ) ;
#1507 = CYLINDRICAL_SURFACE ( 'NONE', #1862, 5.000000000000000000 ) ;
#1508 = LINE ( 'NONE', #82, #372 ) ;
#1509 = CARTESIAN_POINT ( 'NONE',  ( 3.499999999999999556, 12.00000000000000355, 5.500000000000000000 ) ) ;
#1510 = DIRECTION ( 'NONE',  ( 1.000000000000000000, 2.168404344971008079E-15, -0.000000000000000000 ) ) ;
#1511 = ORIENTED_EDGE ( 'NONE', *, *, #586, .F. ) ;
#1512 = FACE_OUTER_BOUND ( 'NONE', #723, .T. ) ;
#1513 = DIRECTION ( 'NONE',  ( 0.000000000000000000, -1.000000000000000000, 0.000000000000000000 ) ) ;
#1514 = DIRECTION ( 'NONE',  ( 1.000000000000000000, 0.000000000000000000, 0.000000000000000000 ) ) ;
#1515 = ORIENTED_EDGE ( 'NONE', *, *, #741, .T. ) ;
#1516 = VERTEX_POINT ( 'NONE', #3397 ) ;
#1517 = AXIS2_PLACEMENT_3D ( 'NONE', #949, #2550, #3390 ) ;
#1518 = VERTEX_POINT ( 'NONE', #1433 ) ;
#1519 = EDGE_CURVE ( 'NONE', #2419, #1719, #3370, .T. ) ;
#1520 = VECTOR ( 'NONE', #123, 1000.000000000000000 ) ;
#1521 = AXIS2_PLACEMENT_3D ( 'NONE', #3464, #463, #2077 ) ;
#1522 = DIRECTION ( 'NONE',  ( -1.000000000000000000, 0.000000000000000000, 0.000000000000000000 ) ) ;
#1523 = ORIENTED_EDGE ( 'NONE', *, *, #1435, .F. ) ;
#1524 = EDGE_CURVE ( 'NONE', #1691, #2432, #2243, .T. ) ;
#1525 = FACE_OUTER_BOUND ( 'NONE', #1577, .T. ) ;
#1526 = VERTEX_POINT ( 'NONE', #2290 ) ;
#1527 = CARTESIAN_POINT ( 'NONE',  ( -8.500000000000000000, -16.99999999999999645, 4.500000000000000000 ) ) ;
#1528 = ORIENTED_EDGE ( 'NONE', *, *, #270, .F. ) ;
#1529 = DIRECTION ( 'NONE',  ( 0.000000000000000000, 0.000000000000000000, -1.000000000000000000 ) ) ;
#1530 = ORIENTED_EDGE ( 'NONE', *, *, #563, .F. ) ;
#1531 = LINE ( 'NONE', #3199, #855 ) ;
#1532 = AXIS2_PLACEMENT_3D ( 'NONE', #1860, #1011, #240 ) ;
#1533 = EDGE_LOOP ( 'NONE', ( #3143, #2019, #716, #3534 ) ) ;
#1534 = DIRECTION ( 'NONE',  ( 0.000000000000000000, -0.000000000000000000, 1.000000000000000000 ) ) ;
#1535 = EDGE_LOOP ( 'NONE', ( #1462, #735, #3232, #2787, #462, #403 ) ) ;
#1536 = ORIENTED_EDGE ( 'NONE', *, *, #3426, .F. ) ;
#1537 = PLANE ( 'NONE',  #1028 ) ;
#1538 = DIRECTION ( 'NONE',  ( -0.000000000000000000, -0.000000000000000000, 1.000000000000000000 ) ) ;
#1539 = CARTESIAN_POINT ( 'NONE',  ( 5.499999999999999112, 9.199999999999999289, 1.500000000000000000 ) ) ;
#1540 = LINE ( 'NONE', #3150, #1576 ) ;
#1541 = ORIENTED_EDGE ( 'NONE', *, *, #1072, .F. ) ;
#1542 = EDGE_CURVE ( 'NONE', #1308, #68, #1204, .T. ) ;
#1543 = PRODUCT_DEFINITION_FORMATION_WITH_SPECIFIED_SOURCE ( '任何', '', #3087, .NOT_KNOWN. ) ;
#1544 = DIRECTION ( 'NONE',  ( 0.000000000000000000, 0.000000000000000000, -1.000000000000000000 ) ) ;
#1545 = ORIENTED_EDGE ( 'NONE', *, *, #1134, .F. ) ;
#1546 = ORIENTED_EDGE ( 'NONE', *, *, #1483, .T. ) ;
#1547 = AXIS2_PLACEMENT_3D ( 'NONE', #1995, #669, #647 ) ;
#1548 = DIRECTION ( 'NONE',  ( 0.000000000000000000, -0.000000000000000000, 1.000000000000000000 ) ) ;
#1549 = ORIENTED_EDGE ( 'NONE', *, *, #134, .T. ) ;
#1550 = DIRECTION ( 'NONE',  ( -1.000000000000000000, 0.000000000000000000, 0.000000000000000000 ) ) ;
#1551 = VECTOR ( 'NONE', #2751, 1000.000000000000000 ) ;
#1552 = DIRECTION ( 'NONE',  ( 1.000000000000000000, 0.000000000000000000, 0.000000000000000000 ) ) ;
#1553 = DIRECTION ( 'NONE',  ( -0.000000000000000000, -0.000000000000000000, 1.000000000000000000 ) ) ;
#1554 = EDGE_CURVE ( 'NONE', #838, #306, #2586, .T. ) ;
#1555 = FACE_OUTER_BOUND ( 'NONE', #3134, .T. ) ;
#1556 = DIRECTION ( 'NONE',  ( -0.000000000000000000, 1.000000000000000000, 0.000000000000000000 ) ) ;
#1557 = CIRCLE ( 'NONE', #1130, 0.8000000000000012657 ) ;
#1558 = EDGE_LOOP ( 'NONE', ( #2339, #3170, #1622, #1325, #85 ) ) ;
#1559 = ORIENTED_EDGE ( 'NONE', *, *, #2064, .T. ) ;
#1560 = CARTESIAN_POINT ( 'NONE',  ( -3.500000000000000444, 12.00000000000000355, 1.100000000000000311 ) ) ;
#1561 = DIRECTION ( 'NONE',  ( 1.000000000000000000, 0.000000000000000000, 0.000000000000000000 ) ) ;
#1562 = EDGE_CURVE ( 'NONE', #2735, #2793, #1123, .T. ) ;
#1563 = ORIENTED_EDGE ( 'NONE', *, *, #2038, .F. ) ;
#1564 = CARTESIAN_POINT ( 'NONE',  ( -3.500000000000001332, 15.80000000000000426, 1.500000000000000000 ) ) ;
#1565 = DIRECTION ( 'NONE',  ( -1.000000000000000000, 0.000000000000000000, 0.000000000000000000 ) ) ;
#1566 = CARTESIAN_POINT ( 'NONE',  ( -7.000000000000000888, -16.99999999999999645, 1.100000000000000311 ) ) ;
#1567 = LINE ( 'NONE', #2079, #3341 ) ;
#1568 = ORIENTED_EDGE ( 'NONE', *, *, #3175, .F. ) ;
#1569 = CARTESIAN_POINT ( 'NONE',  ( -4.699999999999998401, 9.199999999999999289, 1.500000000000000000 ) ) ;
#1570 = VERTEX_POINT ( 'NONE', #657 ) ;
#1571 = VECTOR ( 'NONE', #2574, 1000.000000000000000 ) ;
#1572 = VERTEX_POINT ( 'NONE', #2543 ) ;
#1573 = VECTOR ( 'NONE', #2936, 1000.000000000000000 ) ;
#1574 = DIRECTION ( 'NONE',  ( -1.000000000000000000, 0.000000000000000000, 0.000000000000000000 ) ) ;
#1575 = ORIENTED_EDGE ( 'NONE', *, *, #1866, .T. ) ;
#1576 = VECTOR ( 'NONE', #3225, 1000.000000000000000 ) ;
#1577 = EDGE_LOOP ( 'NONE', ( #1615, #760, #2560, #1515, #812, #3348, #3092, #488 ) ) ;
#1578 = DIRECTION ( 'NONE',  ( -1.000000000000000000, 0.000000000000000000, -0.000000000000000000 ) ) ;
#1579 = DIRECTION ( 'NONE',  ( -1.000000000000000000, 0.000000000000000000, 0.000000000000000000 ) ) ;
#1580 = VERTEX_POINT ( 'NONE', #1734 ) ;
#1581 = PLANE ( 'NONE',  #910 ) ;
#1582 = ORIENTED_EDGE ( 'NONE', *, *, #3109, .T. ) ;
#1583 = ADVANCED_FACE ( 'NONE', ( #3281, #1249, #497, #3195, #2544 ), #2268, .T. ) ;
#1584 = AXIS2_PLACEMENT_3D ( 'NONE', #3239, #797, #483 ) ;
#1585 = CARTESIAN_POINT ( 'NONE',  ( 3.500000000000000444, -11.99999999999999645, 0.000000000000000000 ) ) ;
#1586 = CARTESIAN_POINT ( 'NONE',  ( -5.499999999999999112, 11.19999999999999929, 4.000000000000000000 ) ) ;
#1587 = VERTEX_POINT ( 'NONE', #2280 ) ;
#1588 = AXIS2_PLACEMENT_3D ( 'NONE', #1790, #1491, #2370 ) ;
#1589 = LINE ( 'NONE', #1564, #76 ) ;
#1590 = DIRECTION ( 'NONE',  ( 0.000000000000000000, 0.000000000000000000, -1.000000000000000000 ) ) ;
#1591 = FACE_OUTER_BOUND ( 'NONE', #1558, .T. ) ;
#1592 = VECTOR ( 'NONE', #2167, 1000.000000000000000 ) ;
#1593 = CARTESIAN_POINT ( 'NONE',  ( -7.000000000000000888, -16.99999999999999645, 5.500000000000000000 ) ) ;
#1594 = AXIS2_PLACEMENT_3D ( 'NONE', #1007, #1801, #181 ) ;
#1595 = VERTEX_POINT ( 'NONE', #2553 ) ;
#1596 = LINE ( 'NONE', #3193, #708 ) ;
#1597 = ADVANCED_FACE ( 'NONE', ( #3545 ), #1807, .T. ) ;
#1598 = DIRECTION ( 'NONE',  ( -0.000000000000000000, 0.000000000000000000, -1.000000000000000000 ) ) ;
#1599 = EDGE_LOOP ( 'NONE', ( #2884, #1132, #1783, #2141 ) ) ;
#1600 = ORIENTED_EDGE ( 'NONE', *, *, #1993, .F. ) ;
#1601 = COORDINATED_UNIVERSAL_TIME_OFFSET ( 8, 0, .AHEAD. ) ;
#1602 = DIRECTION ( 'NONE',  ( 0.000000000000000000, 0.000000000000000000, -1.000000000000000000 ) ) ;
#1603 = DIRECTION ( 'NONE',  ( 0.000000000000000000, -1.000000000000000000, 0.000000000000000000 ) ) ;
#1604 = EDGE_CURVE ( 'NONE', #3164, #2441, #1071, .T. ) ;
#1605 = LINE ( 'NONE', #772, #251 ) ;
#1606 = CARTESIAN_POINT ( 'NONE',  ( 0.000000000000000000, 15.80000000000000426, 0.000000000000000000 ) ) ;
#1607 = ORIENTED_EDGE ( 'NONE', *, *, #1982, .T. ) ;
#1608 = VECTOR ( 'NONE', #1383, 1000.000000000000000 ) ;
#1609 = ORIENTED_EDGE ( 'NONE', *, *, #3555, .T. ) ;
#1610 = AXIS2_PLACEMENT_3D ( 'NONE', #3328, #2745, #296 ) ;
#1611 = ORIENTED_EDGE ( 'NONE', *, *, #1923, .F. ) ;
#1612 = VECTOR ( 'NONE', #1370, 1000.000000000000000 ) ;
#1613 = EDGE_LOOP ( 'NONE', ( #460, #1970, #1441, #1778 ) ) ;
#1614 = DIRECTION ( 'NONE',  ( -1.000000000000000000, 0.000000000000000000, 0.000000000000000000 ) ) ;
#1615 = ORIENTED_EDGE ( 'NONE', *, *, #1283, .F. ) ;
#1616 = DIRECTION ( 'NONE',  ( -1.000000000000000000, -0.000000000000000000, -0.000000000000000000 ) ) ;
#1617 = DIRECTION ( 'NONE',  ( 0.000000000000000000, 1.000000000000000000, 0.000000000000000000 ) ) ;
#1618 = EDGE_CURVE ( 'NONE', #2312, #2330, #3152, .T. ) ;
#1619 = ORIENTED_EDGE ( 'NONE', *, *, #222, .F. ) ;
#1620 = CARTESIAN_POINT ( 'NONE',  ( -5.699999999999997513, -6.500000000000000000, 4.000000000000000000 ) ) ;
#1621 = CARTESIAN_POINT ( 'NONE',  ( -7.000000000000000888, -6.899999999999999467, 5.500000000000000000 ) ) ;
#1622 = ORIENTED_EDGE ( 'NONE', *, *, #1263, .T. ) ;
#1623 = CIRCLE ( 'NONE', #3388, 0.8000000000000012657 ) ;
#1624 = ORIENTED_EDGE ( 'NONE', *, *, #440, .F. ) ;
#1625 = CARTESIAN_POINT ( 'NONE',  ( 0.000000000000000000, -15.79999999999999893, 0.000000000000000000 ) ) ;
#1626 = ORIENTED_EDGE ( 'NONE', *, *, #2780, .T. ) ;
#1627 = EDGE_CURVE ( 'NONE', #2482, #1516, #2414, .T. ) ;
#1628 = CARTESIAN_POINT ( 'NONE',  ( 3.499999999999999112, 16.30000000000000426, 1.500000000000000000 ) ) ;
#1629 = VERTEX_POINT ( 'NONE', #724 ) ;
#1630 = DIRECTION ( 'NONE',  ( -1.000000000000000000, 0.000000000000000000, 0.000000000000000000 ) ) ;
#1631 = ORIENTED_EDGE ( 'NONE', *, *, #236, .F. ) ;
#1632 = DIRECTION ( 'NONE',  ( 0.000000000000000000, 0.000000000000000000, -1.000000000000000000 ) ) ;
#1633 = FACE_OUTER_BOUND ( 'NONE', #21, .T. ) ;
#1634 = CARTESIAN_POINT ( 'NONE',  ( -8.500000000000000000, 17.00000000000000355, 0.000000000000000000 ) ) ;
#1635 = ADVANCED_FACE ( 'NONE', ( #2454 ), #1421, .F. ) ;
#1636 = EDGE_CURVE ( 'NONE', #1789, #2305, #993, .T. ) ;
#1637 = CARTESIAN_POINT ( 'NONE',  ( 3.500000000000001776, 15.50000000000000000, 5.099999999999999645 ) ) ;
#1638 = VECTOR ( 'NONE', #581, 1000.000000000000000 ) ;
#1639 = AXIS2_PLACEMENT_3D ( 'NONE', #2200, #232, #577 ) ;
#1640 = CARTESIAN_POINT ( 'NONE',  ( 0.000000000000000000, 0.000000000000000000, 0.000000000000000000 ) ) ;
#1641 = LINE ( 'NONE', #2273, #2722 ) ;
#1642 = EDGE_CURVE ( 'NONE', #1449, #2205, #368, .T. ) ;
#1643 = DIRECTION ( 'NONE',  ( 0.000000000000000000, 0.000000000000000000, -1.000000000000000000 ) ) ;
#1644 = DIRECTION ( 'NONE',  ( 0.000000000000000000, -1.000000000000000000, -0.000000000000000000 ) ) ;
#1645 = EDGE_CURVE ( 'NONE', #551, #2781, #2888, .T. ) ;
#1646 = AXIS2_PLACEMENT_3D ( 'NONE', #1062, #1921, #2481 ) ;
#1647 = DIRECTION ( 'NONE',  ( 0.000000000000000000, -0.000000000000000000, 1.000000000000000000 ) ) ;
#1648 = CARTESIAN_POINT ( 'NONE',  ( 3.499999999999999556, -16.29999999999999716, -0.000000000000000000 ) ) ;
#1649 = EDGE_LOOP ( 'NONE', ( #653, #350, #3463, #2987 ) ) ;
#1650 = PLANE ( 'NONE',  #1300 ) ;
#1651 = FACE_OUTER_BOUND ( 'NONE', #2484, .T. ) ;
#1652 = EDGE_CURVE ( 'NONE', #623, #3036, #279, .T. ) ;
#1653 = ORIENTED_EDGE ( 'NONE', *, *, #1284, .T. ) ;
#1654 = CARTESIAN_POINT ( 'NONE',  ( 7.300000000000002487, 12.00000000000000355, 1.100000000000000089 ) ) ;
#1655 = ADVANCED_FACE ( 'NONE', ( #2031 ), #2359, .F. ) ;
#1656 = LINE ( 'NONE', #781, #2430 ) ;
#1657 = CARTESIAN_POINT ( 'NONE',  ( 5.807179676972446636, 6.899999999999999467, 4.000000000000000000 ) ) ;
#1658 = DIRECTION ( 'NONE',  ( -0.000000000000000000, -0.000000000000000000, 1.000000000000000000 ) ) ;
#1659 = AXIS2_PLACEMENT_3D ( 'NONE', #1939, #2734, #312 ) ;
#1660 = ORIENTED_EDGE ( 'NONE', *, *, #1072, .T. ) ;
#1661 = LINE ( 'NONE', #2010, #935 ) ;
#1662 = DIRECTION ( 'NONE',  ( 0.000000000000000000, -0.000000000000000000, 1.000000000000000000 ) ) ;
#1663 = ORIENTED_EDGE ( 'NONE', *, *, #738, .T. ) ;
#1664 = CARTESIAN_POINT ( 'NONE',  ( -7.300000000000002487, -11.99999999999999822, 1.500000000000000000 ) ) ;
#1665 = CARTESIAN_POINT ( 'NONE',  ( 3.499999999999999556, -16.29999999999999716, 1.500000000000000000 ) ) ;
#1666 = EDGE_LOOP ( 'NONE', ( #2986, #97, #1563, #3096 ) ) ;
#1667 = VECTOR ( 'NONE', #3552, 1000.000000000000000 ) ;
#1668 = AXIS2_PLACEMENT_3D ( 'NONE', #3500, #2406, #792 ) ;
#1669 = CARTESIAN_POINT ( 'NONE',  ( 7.000000000000000888, -16.99999999999999645, 1.499999999999999556 ) ) ;
#1670 = LINE ( 'NONE', #1340, #3312 ) ;
#1671 = DIRECTION ( 'NONE',  ( -0.000000000000000000, -0.000000000000000000, 1.000000000000000000 ) ) ;
#1672 = DIRECTION ( 'NONE',  ( -0.000000000000000000, -0.000000000000000000, -1.000000000000000000 ) ) ;
#1673 = EDGE_CURVE ( 'NONE', #1219, #1474, #2368, .T. ) ;
#1674 = CYLINDRICAL_SURFACE ( 'NONE', #2388, 3.800000000000000711 ) ;
#1675 = CARTESIAN_POINT ( 'NONE',  ( -7.800000000000001599, -11.99999999999999645, 1.500000000000000000 ) ) ;
#1676 = ORIENTED_EDGE ( 'NONE', *, *, #908, .F. ) ;
#1677 = ADVANCED_FACE ( 'NONE', ( #871 ), #2347, .F. ) ;
#1678 = CARTESIAN_POINT ( 'NONE',  ( 5.807179676972446636, 6.899999999999999467, 4.000000000000000000 ) ) ;
#1679 = PERSON_AND_ORGANIZATION_ROLE ( 'design_supplier' ) ;
#1680 = DIRECTION ( 'NONE',  ( 1.000000000000000000, 0.000000000000000000, 0.000000000000000000 ) ) ;
#1681 = VECTOR ( 'NONE', #147, 1000.000000000000000 ) ;
#1682 = AXIS2_PLACEMENT_3D ( 'NONE', #2894, #174, #698 ) ;
#1683 = VECTOR ( 'NONE', #1671, 1000.000000000000000 ) ;
#1684 = CARTESIAN_POINT ( 'NONE',  ( 5.499999999999999112, -11.19999999999999929, 4.000000000000000000 ) ) ;
#1685 = CIRCLE ( 'NONE', #652, 3.000000000000000444 ) ;
#1686 = EDGE_CURVE ( 'NONE', #1494, #1784, #952, .T. ) ;
#1687 = DIRECTION ( 'NONE',  ( -0.000000000000000000, -0.000000000000000000, 1.000000000000000000 ) ) ;
#1688 = ORIENTED_EDGE ( 'NONE', *, *, #1707, .F. ) ;
#1689 = LINE ( 'NONE', #1539, #1426 ) ;
#1690 = EDGE_CURVE ( 'NONE', #1373, #920, #3103, .T. ) ;
#1691 = VERTEX_POINT ( 'NONE', #3173 ) ;
#1692 = ADVANCED_FACE ( 'NONE', ( #542 ), #197, .F. ) ;
#1693 = CARTESIAN_POINT ( 'NONE',  ( -5.499999999999999112, 9.199999999999999289, 1.500000000000000000 ) ) ;
#1694 = DATE_AND_TIME ( #3026, #3113 ) ;
#1695 = ORIENTED_EDGE ( 'NONE', *, *, #8, .T. ) ;
#1696 = DIRECTION ( 'NONE',  ( -1.000000000000000000, 0.000000000000000000, 0.000000000000000000 ) ) ;
#1697 = CIRCLE ( 'NONE', #2516, 3.800000000000000266 ) ;
#1698 = CARTESIAN_POINT ( 'NONE',  ( -5.807179676972446636, -6.099999999999999645, 1.500000000000000000 ) ) ;
#1699 = VECTOR ( 'NONE', #790, 1000.000000000000000 ) ;
#1700 = ORIENTED_EDGE ( 'NONE', *, *, #493, .T. ) ;
#1701 = ORIENTED_EDGE ( 'NONE', *, *, #2307, .T. ) ;
#1702 = ORIENTED_EDGE ( 'NONE', *, *, #3196, .F. ) ;
#1703 = EDGE_LOOP ( 'NONE', ( #1626, #1917, #2831, #568, #471, #2642 ) ) ;
#1704 = DIRECTION ( 'NONE',  ( 1.000000000000000000, -0.000000000000000000, -0.000000000000000000 ) ) ;
#1705 = CYLINDRICAL_SURFACE ( 'NONE', #795, 3.500000000000000444 ) ;
#1706 = VERTEX_POINT ( 'NONE', #980 ) ;
#1707 = EDGE_CURVE ( 'NONE', #213, #1408, #2076, .T. ) ;
#1708 = PLANE ( 'NONE',  #2274 ) ;
#1709 = CARTESIAN_POINT ( 'NONE',  ( 0.000000000000000000, -15.79999999999999893, 0.000000000000000000 ) ) ;
#1710 = VERTEX_POINT ( 'NONE', #2640 ) ;
#1711 = EDGE_CURVE ( 'NONE', #1186, #2620, #2629, .T. ) ;
#1712 = ADVANCED_FACE ( 'NONE', ( #587 ), #2587, .T. ) ;
#1713 = DIRECTION ( 'NONE',  ( -0.000000000000000000, 1.000000000000000000, -0.000000000000000000 ) ) ;
#1714 = EDGE_LOOP ( 'NONE', ( #1414, #177, #2068, #2162 ) ) ;
#1715 = FACE_OUTER_BOUND ( 'NONE', #2052, .T. ) ;
#1716 = EDGE_CURVE ( 'NONE', #3479, #2281, #1942, .T. ) ;
#1717 = ORIENTED_EDGE ( 'NONE', *, *, #3297, .T. ) ;
#1718 = CARTESIAN_POINT ( 'NONE',  ( 4.699999999999998401, -8.199999999999999289, 4.000000000000000000 ) ) ;
#1719 = VERTEX_POINT ( 'NONE', #3502 ) ;
#1720 = AXIS2_PLACEMENT_3D ( 'NONE', #3257, #576, #2710 ) ;
#1721 = MANIFOLD_SOLID_BREP ( '凸台-拉伸4', #1735 ) ;
#1722 = ORIENTED_EDGE ( 'NONE', *, *, #586, .T. ) ;
#1723 = DIRECTION ( 'NONE',  ( 0.000000000000000000, -1.000000000000000000, 0.000000000000000000 ) ) ;
#1724 = VERTEX_POINT ( 'NONE', #1021 ) ;
#1725 = VECTOR ( 'NONE', #953, 1000.000000000000000 ) ;
#1726 = EDGE_CURVE ( 'NONE', #3000, #3479, #1891, .T. ) ;
#1727 = AXIS2_PLACEMENT_3D ( 'NONE', #2932, #1289, #1878 ) ;
#1728 = VECTOR ( 'NONE', #2188, 1000.000000000000000 ) ;
#1729 = ADVANCED_FACE ( 'NONE', ( #2676 ), #3292, .F. ) ;
#1730 = DIRECTION ( 'NONE',  ( 0.000000000000000000, -1.000000000000000000, 0.000000000000000000 ) ) ;
#1731 = FACE_OUTER_BOUND ( 'NONE', #1454, .T. ) ;
#1732 = AXIS2_PLACEMENT_3D ( 'NONE', #1738, #3112, #624 ) ;
#1733 = ORIENTED_EDGE ( 'NONE', *, *, #371, .T. ) ;
#1734 = CARTESIAN_POINT ( 'NONE',  ( 7.000000000000000888, 12.00000000000000355, 1.100000000000000311 ) ) ;
#1735 = CLOSED_SHELL ( 'NONE', ( #1169, #2557, #1635, #1583, #3529, #327, #2765, #3013, #3084, #2272, #1147, #3364, #2782, #361, #2020, #1597, #2801, #3100, #2837, #4, #825, #1945, #29, #3327, #2289, #1404, #2035, #2214, #2686, #618, #854, #1455, #560, #491, #596, #395, #1929, #1437, #2522, #98, #2576, #2744, #1677, #1338, #1983, #3345, #2302, #2465, #47, #634, #2855, #1389, #2176, #1712, #939, #1472, #3399, #1074, #3030, #472, #654, #307, #1655, #2542, #2486, #1374, #3118, #1744, #579, #1200, #2817, #3307, #3051, #239, #2365, #1905, #869, #885, #3381, #1095, #668, #3139, #1133, #1692, #2192, #921, #3065, #2235, #1729, #1115, #3419, #2255, #126, #289, #64, #115, #377, #2380, #1966, #2974, #341, #903, #837, #1185, #3243, #3287, #2502, #2001, #1419, #80 ) ) ;
#1736 = EDGE_CURVE ( 'NONE', #1724, #876, #1853, .T. ) ;
#1737 = VECTOR ( 'NONE', #1658, 1000.000000000000000 ) ;
#1738 = CARTESIAN_POINT ( 'NONE',  ( 5.499999999999999112, -11.19999999999999929, 1.500000000000000000 ) ) ;
#1739 = ORIENTED_EDGE ( 'NONE', *, *, #2699, .T. ) ;
#1740 = DIRECTION ( 'NONE',  ( 0.000000000000000000, 0.000000000000000000, -1.000000000000000000 ) ) ;
#1741 = PLANE ( 'NONE',  #2580 ) ;
#1742 = CARTESIAN_POINT ( 'NONE',  ( 7.800000000000001599, -11.99999999999999645, -0.000000000000000000 ) ) ;
#1743 = ORIENTED_EDGE ( 'NONE', *, *, #201, .T. ) ;
#1744 = ADVANCED_FACE ( 'NONE', ( #3330 ), #1295, .F. ) ;
#1745 = VECTOR ( 'NONE', #3425, 1000.000000000000000 ) ;
#1746 = VERTEX_POINT ( 'NONE', #1000 ) ;
#1747 = CARTESIAN_POINT ( 'NONE',  ( 4.699999999999998401, 9.199999999999999289, 3.000000000000000000 ) ) ;
#1748 = EDGE_CURVE ( 'NONE', #1956, #2356, #1589, .T. ) ;
#1749 = LINE ( 'NONE', #3248, #137 ) ;
#1750 = ORIENTED_EDGE ( 'NONE', *, *, #1468, .T. ) ;
#1751 = LINE ( 'NONE', #2935, #439 ) ;
#1752 = ORIENTED_EDGE ( 'NONE', *, *, #196, .T. ) ;
#1753 = CARTESIAN_POINT ( 'NONE',  ( 3.499999999999999556, 16.00000000000000355, 4.500000000000000000 ) ) ;
#1754 = CARTESIAN_POINT ( 'NONE',  ( -3.500000000000000444, -15.79999999999999893, 1.500000000000000000 ) ) ;
#1755 = DIRECTION ( 'NONE',  ( -1.000000000000000000, -0.000000000000000000, -0.000000000000000000 ) ) ;
#1756 = CARTESIAN_POINT ( 'NONE',  ( 0.000000000000000000, 0.000000000000000000, 5.500000000000000000 ) ) ;
#1757 = VECTOR ( 'NONE', #945, 1000.000000000000000 ) ;
#1758 = CIRCLE ( 'NONE', #566, 5.000000000000000000 ) ;
#1759 = ORIENTED_EDGE ( 'NONE', *, *, #451, .T. ) ;
#1760 = CIRCLE ( 'NONE', #1456, 3.500000000000000000 ) ;
#1761 = DIRECTION ( 'NONE',  ( 1.000000000000000000, 0.000000000000000000, 0.000000000000000000 ) ) ;
#1762 = VECTOR ( 'NONE', #1502, 1000.000000000000000 ) ;
#1763 = DIRECTION ( 'NONE',  ( -0.000000000000000000, 1.000000000000000000, -0.000000000000000000 ) ) ;
#1764 = CARTESIAN_POINT ( 'NONE',  ( -5.499999999999999112, 11.19999999999999929, 1.500000000000000000 ) ) ;
#1765 = CIRCLE ( 'NONE', #393, 3.800000000000002043 ) ;
#1766 = AXIS2_PLACEMENT_3D ( 'NONE', #2584, #1772, #2298 ) ;
#1767 = FACE_OUTER_BOUND ( 'NONE', #458, .T. ) ;
#1768 = ORIENTED_EDGE ( 'NONE', *, *, #631, .T. ) ;
#1769 = ORIENTED_EDGE ( 'NONE', *, *, #938, .F. ) ;
#1770 = DIRECTION ( 'NONE',  ( 0.000000000000000000, 0.000000000000000000, 1.000000000000000000 ) ) ;
#1771 = DIRECTION ( 'NONE',  ( -0.000000000000000000, -0.000000000000000000, -1.000000000000000000 ) ) ;
#1772 = DIRECTION ( 'NONE',  ( 0.000000000000000000, -1.000000000000000000, 0.000000000000000000 ) ) ;
#1773 = AXIS2_PLACEMENT_3D ( 'NONE', #503, #3210, #1928 ) ;
#1774 = VERTEX_POINT ( 'NONE', #221 ) ;
#1775 = DIRECTION ( 'NONE',  ( 0.000000000000000000, -0.000000000000000000, -1.000000000000000000 ) ) ;
#1776 = DIRECTION ( 'NONE',  ( -0.000000000000000000, -1.000000000000000000, -0.000000000000000000 ) ) ;
#1777 = VECTOR ( 'NONE', #3206, 1000.000000000000000 ) ;
#1778 = ORIENTED_EDGE ( 'NONE', *, *, #1238, .T. ) ;
#1779 = DIRECTION ( 'NONE',  ( 1.000000000000000000, 0.000000000000000000, 0.000000000000000000 ) ) ;
#1780 = VECTOR ( 'NONE', #2469, 1000.000000000000000 ) ;
#1781 = ORIENTED_EDGE ( 'NONE', *, *, #2588, .F. ) ;
#1782 = ORIENTED_EDGE ( 'NONE', *, *, #236, .T. ) ;
#1783 = ORIENTED_EDGE ( 'NONE', *, *, #2985, .F. ) ;
#1784 = VERTEX_POINT ( 'NONE', #2736 ) ;
#1785 = LINE ( 'NONE', #2748, #895 ) ;
#1786 = DIRECTION ( 'NONE',  ( -1.000000000000000000, 0.000000000000000000, 0.000000000000000000 ) ) ;
#1787 = DIRECTION ( 'NONE',  ( -0.000000000000000000, -0.000000000000000000, -1.000000000000000000 ) ) ;
#1788 = VERTEX_POINT ( 'NONE', #3491 ) ;
#1789 = VERTEX_POINT ( 'NONE', #1305 ) ;
#1790 = CARTESIAN_POINT ( 'NONE',  ( -3.500000000000001332, 16.30000000000000426, 1.500000000000000000 ) ) ;
#1791 = EDGE_CURVE ( 'NONE', #2006, #623, #706, .T. ) ;
#1792 = AXIS2_PLACEMENT_3D ( 'NONE', #228, #2981, #2156 ) ;
#1793 = VECTOR ( 'NONE', #3392, 1000.000000000000000 ) ;
#1794 = PLANE ( 'NONE',  #2773 ) ;
#1795 = ORIENTED_EDGE ( 'NONE', *, *, #1155, .F. ) ;
#1796 = LINE ( 'NONE', #464, #2181 ) ;
#1797 = ORIENTED_EDGE ( 'NONE', *, *, #1087, .T. ) ;
#1798 = CARTESIAN_POINT ( 'NONE',  ( -3.500000000000000444, -15.49999999999999645, 1.100000000000000311 ) ) ;
#1799 = ORIENTED_EDGE ( 'NONE', *, *, #2806, .F. ) ;
#1800 = EDGE_LOOP ( 'NONE', ( #1702, #2451, #193, #2536 ) ) ;
#1801 = DIRECTION ( 'NONE',  ( 0.000000000000000000, -1.000000000000000000, 0.000000000000000000 ) ) ;
#1802 = VERTEX_POINT ( 'NONE', #3011 ) ;
#1803 = CARTESIAN_POINT ( 'NONE',  ( 3.500000000000000444, -11.99999999999999645, 4.000000000000000000 ) ) ;
#1804 = PLANE ( 'NONE',  #982 ) ;
#1805 = EDGE_CURVE ( 'NONE', #3490, #802, #2322, .T. ) ;
#1806 = DIRECTION ( 'NONE',  ( -1.000000000000000000, 0.000000000000000000, -0.000000000000000000 ) ) ;
#1807 = CYLINDRICAL_SURFACE ( 'NONE', #3146, 3.800000000000000266 ) ;
#1808 = VECTOR ( 'NONE', #784, 1000.000000000000000 ) ;
#1809 = CYLINDRICAL_SURFACE ( 'NONE', #2421, 1.000000000000000000 ) ;
#1810 = CARTESIAN_POINT ( 'NONE',  ( -3.500000000000000000, 11.99999999999999822, 5.099999999999999645 ) ) ;
#1811 = DIRECTION ( 'NONE',  ( 0.000000000000000000, 0.000000000000000000, -1.000000000000000000 ) ) ;
#1812 = EDGE_CURVE ( 'NONE', #173, #1774, #242, .T. ) ;
#1813 = CYLINDRICAL_SURFACE ( 'NONE', #932, 0.8000000000000012657 ) ;
#1814 = DIRECTION ( 'NONE',  ( 0.000000000000000000, -0.000000000000000000, 1.000000000000000000 ) ) ;
#1815 = DIRECTION ( 'NONE',  ( -0.000000000000000000, -0.000000000000000000, 1.000000000000000000 ) ) ;
#1816 = ORIENTED_EDGE ( 'NONE', *, *, #2822, .F. ) ;
#1817 = AXIS2_PLACEMENT_3D ( 'NONE', #739, #187, #453 ) ;
#1818 = ORIENTED_EDGE ( 'NONE', *, *, #2853, .F. ) ;
#1819 = EDGE_CURVE ( 'NONE', #400, #1784, #154, .T. ) ;
#1820 = CARTESIAN_POINT ( 'NONE',  ( 5.499999999999999112, -8.199999999999999289, 3.000000000000000000 ) ) ;
#1821 = FACE_OUTER_BOUND ( 'NONE', #3441, .T. ) ;
#1822 = DIRECTION ( 'NONE',  ( -1.000000000000000000, -9.912705577010324563E-16, 0.000000000000000000 ) ) ;
#1823 = DIRECTION ( 'NONE',  ( 0.000000000000000000, 0.000000000000000000, 1.000000000000000000 ) ) ;
#1824 = ORIENTED_EDGE ( 'NONE', *, *, #3226, .F. ) ;
#1825 = EDGE_CURVE ( 'NONE', #2135, #305, #2715, .T. ) ;
#1826 = VECTOR ( 'NONE', #2648, 1000.000000000000000 ) ;
#1827 = CARTESIAN_POINT ( 'NONE',  ( -3.499999999999999556, -16.29999999999999716, 1.500000000000000000 ) ) ;
#1828 = DIRECTION ( 'NONE',  ( 0.000000000000000000, 0.000000000000000000, -1.000000000000000000 ) ) ;
#1829 = EDGE_CURVE ( 'NONE', #2261, #946, #583, .T. ) ;
#1830 = VECTOR ( 'NONE', #2836, 1000.000000000000000 ) ;
#1831 = AXIS2_PLACEMENT_3D ( 'NONE', #1247, #3498, #2650 ) ;
#1832 = EDGE_LOOP ( 'NONE', ( #1445, #2916, #2797, #3520 ) ) ;
#1833 = DIRECTION ( 'NONE',  ( 0.000000000000000000, 1.000000000000000000, 0.000000000000000000 ) ) ;
#1834 = LINE ( 'NONE', #2774, #1667 ) ;
#1835 = DIRECTION ( 'NONE',  ( 0.000000000000000000, 0.000000000000000000, 1.000000000000000000 ) ) ;
#1836 = DIRECTION ( 'NONE',  ( -1.000000000000000000, 0.000000000000000000, 0.000000000000000000 ) ) ;
#1837 = PLANE ( 'NONE',  #437 ) ;
#1838 = EDGE_CURVE ( 'NONE', #136, #2561, #3016, .T. ) ;
#1839 = LINE ( 'NONE', #1843, #141 ) ;
#1840 = ORIENTED_EDGE ( 'NONE', *, *, #2021, .T. ) ;
#1841 = DIRECTION ( 'NONE',  ( -2.168404344971008079E-15, -1.000000000000000000, 0.000000000000000000 ) ) ;
#1842 = AXIS2_PLACEMENT_3D ( 'NONE', #2668, #241, #1297 ) ;
#1843 = CARTESIAN_POINT ( 'NONE',  ( 5.807179676972446636, 6.099999999999999645, 4.000000000000000000 ) ) ;
#1844 = VERTEX_POINT ( 'NONE', #2112 ) ;
#1845 = ORIENTED_EDGE ( 'NONE', *, *, #1838, .F. ) ;
#1846 = AXIS2_PLACEMENT_3D ( 'NONE', #2131, #1841, #2947 ) ;
#1847 = DIRECTION ( 'NONE',  ( -1.445602896647339163E-16, -1.000000000000000000, -0.000000000000000000 ) ) ;
#1848 = DIRECTION ( 'NONE',  ( 0.000000000000000000, 0.000000000000000000, -1.000000000000000000 ) ) ;
#1849 = LINE ( 'NONE', #2228, #2190 ) ;
#1850 = DIRECTION ( 'NONE',  ( -1.000000000000000000, 0.000000000000000000, 0.000000000000000000 ) ) ;
#1851 = EDGE_CURVE ( 'NONE', #3203, #2561, #118, .T. ) ;
#1852 = CARTESIAN_POINT ( 'NONE',  ( -4.699999999999998401, -8.199999999999999289, 4.000000000000000000 ) ) ;
#1853 = LINE ( 'NONE', #1634, #408 ) ;
#1854 = FACE_OUTER_BOUND ( 'NONE', #1048, .T. ) ;
#1855 = EDGE_LOOP ( 'NONE', ( #2295, #700, #3268, #2624 ) ) ;
#1856 = CARTESIAN_POINT ( 'NONE',  ( -8.500000000000000000, -16.99999999999999645, 4.500000000000000000 ) ) ;
#1857 = CC_DESIGN_PERSON_AND_ORGANIZATION_ASSIGNMENT ( #2463, #1436, ( #1124 ) ) ;
#1858 = ORIENTED_EDGE ( 'NONE', *, *, #319, .F. ) ;
#1859 = ORIENTED_EDGE ( 'NONE', *, *, #1889, .T. ) ;
#1860 = CARTESIAN_POINT ( 'NONE',  ( 5.807179676972446636, -6.899999999999999467, 1.500000000000000000 ) ) ;
#1861 = CARTESIAN_POINT ( 'NONE',  ( 4.699999999999998401, 9.199999999999999289, 1.500000000000000000 ) ) ;
#1862 = AXIS2_PLACEMENT_3D ( 'NONE', #2785, #2221, #597 ) ;
#1863 = CARTESIAN_POINT ( 'NONE',  ( 0.000000000000000000, 15.00000000000000533, 3.000000000000000444 ) ) ;
#1864 = ORIENTED_EDGE ( 'NONE', *, *, #1364, .F. ) ;
#1865 = LINE ( 'NONE', #1208, #3346 ) ;
#1866 = EDGE_CURVE ( 'NONE', #2980, #2713, #35, .T. ) ;
#1867 = ORIENTED_EDGE ( 'NONE', *, *, #1604, .T. ) ;
#1868 = LINE ( 'NONE', #77, #606 ) ;
#1869 = PLANE ( 'NONE',  #3519 ) ;
#1870 = ORIENTED_EDGE ( 'NONE', *, *, #861, .F. ) ;
#1871 = EDGE_CURVE ( 'NONE', #1774, #2723, #912, .T. ) ;
#1872 = LINE ( 'NONE', #1873, #1573 ) ;
#1873 = CARTESIAN_POINT ( 'NONE',  ( 7.500000000000000888, 0.000000000000000000, 5.500000000000000000 ) ) ;
#1874 = ORIENTED_EDGE ( 'NONE', *, *, #1736, .F. ) ;
#1875 = LINE ( 'NONE', #143, #3357 ) ;
#1876 = DIRECTION ( 'NONE',  ( -0.000000000000000000, 1.000000000000000000, -0.000000000000000000 ) ) ;
#1877 = EDGE_LOOP ( 'NONE', ( #3298, #3482, #1369, #1695, #685, #1750 ) ) ;
#1878 = DIRECTION ( 'NONE',  ( -1.000000000000000000, 0.000000000000000000, 0.000000000000000000 ) ) ;
#1879 = FACE_OUTER_BOUND ( 'NONE', #2728, .T. ) ;
#1880 = CARTESIAN_POINT ( 'NONE',  ( -3.500000000000000444, 16.00000000000000355, 5.500000000000000000 ) ) ;
#1881 = PLANE ( 'NONE',  #2955 ) ;
#1882 = ORIENTED_EDGE ( 'NONE', *, *, #603, .T. ) ;
#1883 = VERTEX_POINT ( 'NONE', #1431 ) ;
#1884 = AXIS2_PLACEMENT_3D ( 'NONE', #777, #1828, #764 ) ;
#1885 = PLANE ( 'NONE',  #151 ) ;
#1886 = CARTESIAN_POINT ( 'NONE',  ( 4.699999999999998401, -8.199999999999999289, 3.000000000000000000 ) ) ;
#1887 = EDGE_CURVE ( 'NONE', #2006, #1788, #2929, .T. ) ;
#1888 = ORIENTED_EDGE ( 'NONE', *, *, #915, .T. ) ;
#1889 = EDGE_CURVE ( 'NONE', #2713, #2844, #2285, .T. ) ;
#1890 = AXIS2_PLACEMENT_3D ( 'NONE', #3223, #2123, #824 ) ;
#1891 = CIRCLE ( 'NONE', #1773, 4.000000000000000000 ) ;
#1892 = DIRECTION ( 'NONE',  ( 0.000000000000000000, 0.000000000000000000, 1.000000000000000000 ) ) ;
#1893 = CARTESIAN_POINT ( 'NONE',  ( 2.791057147390573423, -14.99999999999999822, 1.100000000000000089 ) ) ;
#1894 = EDGE_CURVE ( 'NONE', #380, #2330, #748, .T. ) ;
#1895 = CARTESIAN_POINT ( 'NONE',  ( 7.000000000000000888, 11.99999999999999822, 5.500000000000000000 ) ) ;
#1896 = VECTOR ( 'NONE', #2109, 1000.000000000000000 ) ;
#1897 = LINE ( 'NONE', #23, #1255 ) ;
#1898 = AXIS2_PLACEMENT_3D ( 'NONE', #796, #2198, #2163 ) ;
#1899 = PLANE ( 'NONE',  #367 ) ;
#1900 = FACE_OUTER_BOUND ( 'NONE', #45, .T. ) ;
#1901 = EDGE_LOOP ( 'NONE', ( #3178, #3294, #2182, #2150 ) ) ;
#1902 = DATE_AND_TIME ( #1261, #1212 ) ;
#1903 = CARTESIAN_POINT ( 'NONE',  ( -3.500000000000000444, 12.00000000000000355, 4.500000000000000000 ) ) ;
#1904 = VERTEX_POINT ( 'NONE', #44 ) ;
#1905 = ADVANCED_FACE ( 'NONE', ( #2116 ), #326, .F. ) ;
#1906 = CARTESIAN_POINT ( 'NONE',  ( -6.499999999999999112, 6.500000000000000000, 1.500000000000000000 ) ) ;
#1907 = EDGE_CURVE ( 'NONE', #1979, #2169, #1849, .T. ) ;
#1908 = AXIS2_PLACEMENT_3D ( 'NONE', #1310, #770, #2956 ) ;
#1909 = CIRCLE ( 'NONE', #3334, 1.000000000000000000 ) ;
#1910 = DIRECTION ( 'NONE',  ( 0.000000000000000000, 1.000000000000000000, 0.000000000000000000 ) ) ;
#1911 = CARTESIAN_POINT ( 'NONE',  ( 7.800000000000000711, 12.00000000000000355, 1.500000000000000000 ) ) ;
#1912 = EDGE_LOOP ( 'NONE', ( #1870, #1412, #2940, #3310 ) ) ;
#1913 = DIRECTION ( 'NONE',  ( 1.000000000000000000, -2.168404344971008079E-15, 0.000000000000000000 ) ) ;
#1914 = VECTOR ( 'NONE', #1847, 1000.000000000000000 ) ;
#1915 = AXIS2_PLACEMENT_3D ( 'NONE', #2117, #234, #1578 ) ;
#1916 = DIRECTION ( 'NONE',  ( 0.000000000000000000, 0.000000000000000000, -1.000000000000000000 ) ) ;
#1917 = ORIENTED_EDGE ( 'NONE', *, *, #1322, .F. ) ;
#1918 = FACE_OUTER_BOUND ( 'NONE', #2682, .T. ) ;
#1919 = VERTEX_POINT ( 'NONE', #1684 ) ;
#1920 = APPLICATION_PROTOCOL_DEFINITION ( 'international standard', 'config_control_design', 1994, #13 ) ;
#1921 = DIRECTION ( 'NONE',  ( 0.000000000000000000, 1.000000000000000000, 0.000000000000000000 ) ) ;
#1922 = DIRECTION ( 'NONE',  ( 1.000000000000000000, 0.000000000000000000, 0.000000000000000000 ) ) ;
#1923 = EDGE_CURVE ( 'NONE', #946, #509, #3240, .T. ) ;
#1924 = DIRECTION ( 'NONE',  ( -1.000000000000000000, 0.000000000000000000, -0.000000000000000000 ) ) ;
#1925 = DIRECTION ( 'NONE',  ( 1.000000000000000000, 0.000000000000000000, 0.000000000000000000 ) ) ;
#1926 = ORIENTED_EDGE ( 'NONE', *, *, #2360, .T. ) ;
#1927 = FACE_OUTER_BOUND ( 'NONE', #1402, .T. ) ;
#1928 = DIRECTION ( 'NONE',  ( -1.000000000000000000, 0.000000000000000000, 0.000000000000000000 ) ) ;
#1929 = ADVANCED_FACE ( 'NONE', ( #670 ), #3325, .T. ) ;
#1930 = CARTESIAN_POINT ( 'NONE',  ( -8.500000000000000000, -16.99999999999999645, 5.500000000000000000 ) ) ;
#1931 = ORIENTED_EDGE ( 'NONE', *, *, #2958, .T. ) ;
#1932 = EDGE_CURVE ( 'NONE', #380, #2756, #3501, .T. ) ;
#1933 = CARTESIAN_POINT ( 'NONE',  ( -4.699999999999998401, 9.199999999999999289, 3.000000000000000000 ) ) ;
#1934 = ORIENTED_EDGE ( 'NONE', *, *, #2493, .T. ) ;
#1935 = DIRECTION ( 'NONE',  ( -1.000000000000000000, 0.000000000000000000, 0.000000000000000000 ) ) ;
#1936 = DIRECTION ( 'NONE',  ( -1.000000000000000000, 0.000000000000000000, -0.000000000000000000 ) ) ;
#1937 = ORIENTED_EDGE ( 'NONE', *, *, #208, .T. ) ;
#1938 = CARTESIAN_POINT ( 'NONE',  ( 0.000000000000000000, -15.99999999999999645, 5.500000000000000000 ) ) ;
#1939 = CARTESIAN_POINT ( 'NONE',  ( 3.499999999999999556, -16.29999999999999716, 1.500000000000000000 ) ) ;
#1940 = LINE ( 'NONE', #1665, #2495 ) ;
#1941 = DIRECTION ( 'NONE',  ( 0.000000000000000000, 0.000000000000000000, -1.000000000000000000 ) ) ;
#1942 = CIRCLE ( 'NONE', #1890, 1.000000000000000000 ) ;
#1943 = DIRECTION ( 'NONE',  ( 0.000000000000000000, 0.000000000000000000, 1.000000000000000000 ) ) ;
#1944 = CIRCLE ( 'NONE', #754, 1.000000000000000000 ) ;
#1945 = ADVANCED_FACE ( 'NONE', ( #1120 ), #1387, .T. ) ;
#1946 = CARTESIAN_POINT ( 'NONE',  ( -3.000000000000000444, -14.99999999999999822, 0.000000000000000000 ) ) ;
#1947 = CARTESIAN_POINT ( 'NONE',  ( -4.699999999999998401, -8.199999999999999289, 3.000000000000000000 ) ) ;
#1948 = ORIENTED_EDGE ( 'NONE', *, *, #1636, .F. ) ;
#1949 = CARTESIAN_POINT ( 'NONE',  ( -3.500000000000001332, 16.30000000000000426, 1.500000000000000000 ) ) ;
#1950 = DIRECTION ( 'NONE',  ( -3.614007241618347908E-17, -1.000000000000000000, 0.000000000000000000 ) ) ;
#1951 = ORIENTED_EDGE ( 'NONE', *, *, #556, .F. ) ;
#1952 = ORIENTED_EDGE ( 'NONE', *, *, #3505, .T. ) ;
#1953 = COORDINATED_UNIVERSAL_TIME_OFFSET ( 8, 0, .AHEAD. ) ;
#1954 = DIRECTION ( 'NONE',  ( -1.000000000000000000, 0.000000000000000000, 0.000000000000000000 ) ) ;
#1955 = VECTOR ( 'NONE', #1117, 1000.000000000000000 ) ;
#1956 = VERTEX_POINT ( 'NONE', #2775 ) ;
#1957 = ORIENTED_EDGE ( 'NONE', *, *, #1851, .T. ) ;
#1958 = FACE_OUTER_BOUND ( 'NONE', #1535, .T. ) ;
#1959 = CARTESIAN_POINT ( 'NONE',  ( -3.500000000000000000, -11.99999999999999645, 5.099999999999999645 ) ) ;
#1960 = AXIS2_PLACEMENT_3D ( 'NONE', #1244, #469, #1004 ) ;
#1961 = ORIENTED_EDGE ( 'NONE', *, *, #2843, .T. ) ;
#1962 = VECTOR ( 'NONE', #2327, 1000.000000000000000 ) ;
#1963 = ORIENTED_EDGE ( 'NONE', *, *, #666, .F. ) ;
#1964 = CARTESIAN_POINT ( 'NONE',  ( -8.500000000000000000, -16.99999999999999645, 0.000000000000000000 ) ) ;
#1965 = CARTESIAN_POINT ( 'NONE',  ( 0.000000000000000000, 16.00000000000000355, 4.500000000000000000 ) ) ;
#1966 = ADVANCED_FACE ( 'NONE', ( #2763 ), #2029, .T. ) ;
#1967 = VECTOR ( 'NONE', #325, 1000.000000000000000 ) ;
#1968 = AXIS2_PLACEMENT_3D ( 'NONE', #2500, #3147, #1761 ) ;
#1969 = CARTESIAN_POINT ( 'NONE',  ( -7.000000000000000888, 6.899999999999999467, 1.500000000000000000 ) ) ;
#1970 = ORIENTED_EDGE ( 'NONE', *, *, #1627, .T. ) ;
#1971 = CIRCLE ( 'NONE', #2411, 4.300000000000001599 ) ;
#1972 = CARTESIAN_POINT ( 'NONE',  ( 7.000000000000000888, 6.099999999999999645, 1.500000000000000000 ) ) ;
#1973 = EDGE_CURVE ( 'NONE', #2800, #3394, #202, .T. ) ;
#1974 = EDGE_LOOP ( 'NONE', ( #783, #1336, #1653, #3227 ) ) ;
#1975 = CARTESIAN_POINT ( 'NONE',  ( 5.807179676972446636, 6.099999999999999645, 1.500000000000000000 ) ) ;
#1976 = DIRECTION ( 'NONE',  ( 0.000000000000000000, -0.000000000000000000, -1.000000000000000000 ) ) ;
#1977 = CARTESIAN_POINT ( 'NONE',  ( 3.500000000000000444, -11.99999999999999645, 1.100000000000000311 ) ) ;
#1978 = ORIENTED_EDGE ( 'NONE', *, *, #383, .T. ) ;
#1979 = VERTEX_POINT ( 'NONE', #1154 ) ;
#1980 = CARTESIAN_POINT ( 'NONE',  ( -8.500000000000000000, -11.99999999999999645, 5.500000000000000000 ) ) ;
#1981 = ORIENTED_EDGE ( 'NONE', *, *, #2655, .T. ) ;
#1982 = EDGE_CURVE ( 'NONE', #3265, #868, #1940, .T. ) ;
#1983 = ADVANCED_FACE ( 'NONE', ( #1633 ), #3332, .F. ) ;
#1984 = DIRECTION ( 'NONE',  ( 0.000000000000000000, 0.000000000000000000, -1.000000000000000000 ) ) ;
#1985 = VECTOR ( 'NONE', #2812, 1000.000000000000000 ) ;
#1986 = DIRECTION ( 'NONE',  ( 0.000000000000000000, -0.000000000000000000, -1.000000000000000000 ) ) ;
#1987 = AXIS2_PLACEMENT_3D ( 'NONE', #3434, #1299, #2363 ) ;
#1988 = FACE_OUTER_BOUND ( 'NONE', #3302, .T. ) ;
#1989 = LINE ( 'NONE', #1380, #1638 ) ;
#1990 = CARTESIAN_POINT ( 'NONE',  ( -7.000000000000000888, 12.00000000000000355, 4.000000000000000000 ) ) ;
#1991 = FACE_OUTER_BOUND ( 'NONE', #3049, .T. ) ;
#1992 = ORIENTED_EDGE ( 'NONE', *, *, #2396, .T. ) ;
#1993 = EDGE_CURVE ( 'NONE', #2165, #882, #158, .T. ) ;
#1994 = VERTEX_POINT ( 'NONE', #865 ) ;
#1995 = CARTESIAN_POINT ( 'NONE',  ( 3.500000000000001776, 11.99999999999999822, 5.099999999999999645 ) ) ;
#1996 = APPROVAL_PERSON_ORGANIZATION ( #292, #750, #2506 ) ;
#1997 = ORIENTED_EDGE ( 'NONE', *, *, #374, .T. ) ;
#1998 = DIRECTION ( 'NONE',  ( 0.000000000000000000, 0.000000000000000000, -1.000000000000000000 ) ) ;
#1999 = CARTESIAN_POINT ( 'NONE',  ( 2.791057147390573423, 15.50000000000000533, 1.100000000000000311 ) ) ;
#2000 = CARTESIAN_POINT ( 'NONE',  ( -5.807179676972446636, -6.899999999999999467, 4.000000000000000000 ) ) ;
#2001 = ADVANCED_FACE ( 'NONE', ( #1463 ), #79, .T. ) ;
#2002 = VECTOR ( 'NONE', #2858, 1000.000000000000000 ) ;
#2003 = EDGE_CURVE ( 'NONE', #3447, #2087, #874, .T. ) ;
#2004 = LINE ( 'NONE', #2991, #722 ) ;
#2005 = EDGE_LOOP ( 'NONE', ( #2039, #1184, #434, #165 ) ) ;
#2006 = VERTEX_POINT ( 'NONE', #415 ) ;
#2007 = CIRCLE ( 'NONE', #75, 3.000000000000000444 ) ;
#2008 = AXIS2_PLACEMENT_3D ( 'NONE', #864, #3094, #1986 ) ;
#2009 = EDGE_LOOP ( 'NONE', ( #3174, #841, #1232, #1951 ) ) ;
#2010 = CARTESIAN_POINT ( 'NONE',  ( -7.300000000000002487, -11.99999999999999822, 1.500000000000000000 ) ) ;
#2011 = DIRECTION ( 'NONE',  ( -0.000000000000000000, 0.000000000000000000, 1.000000000000000000 ) ) ;
#2012 = DIRECTION ( 'NONE',  ( -1.000000000000000000, 0.000000000000000000, 0.000000000000000000 ) ) ;
#2013 = EDGE_CURVE ( 'NONE', #876, #2202, #1341, .T. ) ;
#2014 = AXIS2_PLACEMENT_3D ( 'NONE', #3169, #998, #719 ) ;
#2015 = ORIENTED_EDGE ( 'NONE', *, *, #2199, .F. ) ;
#2016 = LINE ( 'NONE', #863, #2483 ) ;
#2017 = EDGE_LOOP ( 'NONE', ( #278, #514, #2362, #821, #1314, #140, #1139, #2092 ) ) ;
#2018 = EDGE_CURVE ( 'NONE', #2263, #2062, #872, .T. ) ;
#2019 = ORIENTED_EDGE ( 'NONE', *, *, #1503, .T. ) ;
#2020 = ADVANCED_FACE ( 'NONE', ( #3244 ), #1191, .T. ) ;
#2021 = EDGE_CURVE ( 'NONE', #1572, #2352, #2246, .T. ) ;
#2022 = CARTESIAN_POINT ( 'NONE',  ( -7.000000000000000888, -6.099999999999999645, 4.000000000000000000 ) ) ;
#2023 = EDGE_CURVE ( 'NONE', #1580, #1784, #1760, .T. ) ;
#2024 = VERTEX_POINT ( 'NONE', #3378 ) ;
#2025 = PLANE ( 'NONE',  #1269 ) ;
#2026 = ORIENTED_EDGE ( 'NONE', *, *, #3278, .F. ) ;
#2027 = EDGE_CURVE ( 'NONE', #3036, #1093, #683, .T. ) ;
#2028 = DIRECTION ( 'NONE',  ( -1.000000000000000000, 0.000000000000000000, 0.000000000000000000 ) ) ;
#2029 = CYLINDRICAL_SURFACE ( 'NONE', #2824, 0.8000000000000012657 ) ;
#2030 = AXIS2_PLACEMENT_3D ( 'NONE', #2286, #962, #1190 ) ;
#2031 = FACE_OUTER_BOUND ( 'NONE', #3208, .T. ) ;
#2032 = DIRECTION ( 'NONE',  ( 0.000000000000000000, 1.000000000000000000, 0.000000000000000000 ) ) ;
#2033 = FACE_OUTER_BOUND ( 'NONE', #1188, .T. ) ;
#2034 = DIRECTION ( 'NONE',  ( 0.000000000000000000, 0.000000000000000000, 1.000000000000000000 ) ) ;
#2035 = ADVANCED_FACE ( 'NONE', ( #1268, #1358 ), #2869, .F. ) ;
#2036 = VERTEX_POINT ( 'NONE', #2849 ) ;
#2037 = CARTESIAN_POINT ( 'NONE',  ( -3.499999999999999556, -15.49999999999999645, 5.500000000000000000 ) ) ;
#2038 = EDGE_CURVE ( 'NONE', #2789, #3512, #2866, .T. ) ;
#2039 = ORIENTED_EDGE ( 'NONE', *, *, #2822, .T. ) ;
#2040 = ORIENTED_EDGE ( 'NONE', *, *, #3149, .T. ) ;
#2041 = EDGE_CURVE ( 'NONE', #2555, #902, #717, .T. ) ;
#2042 = VECTOR ( 'NONE', #610, 1000.000000000000000 ) ;
#2043 = DIRECTION ( 'NONE',  ( -0.000000000000000000, 0.000000000000000000, -1.000000000000000000 ) ) ;
#2044 = ORIENTED_EDGE ( 'NONE', *, *, #714, .F. ) ;
#2045 = DIRECTION ( 'NONE',  ( -1.000000000000000000, -2.168404344971008079E-15, 0.000000000000000000 ) ) ;
#2046 = ORIENTED_EDGE ( 'NONE', *, *, #108, .F. ) ;
#2047 = VECTOR ( 'NONE', #2758, 1000.000000000000000 ) ;
#2048 = PLANE ( 'NONE',  #1766 ) ;
#2049 = CARTESIAN_POINT ( 'NONE',  ( -3.500000000000000444, -11.99999999999999645, 4.000000000000000000 ) ) ;
#2050 = ORIENTED_EDGE ( 'NONE', *, *, #2718, .T. ) ;
#2051 = LINE ( 'NONE', #144, #1140 ) ;
#2052 = EDGE_LOOP ( 'NONE', ( #1840, #2612, #1471, #2173 ) ) ;
#2053 = DIRECTION ( 'NONE',  ( -1.000000000000000000, 0.000000000000000000, 0.000000000000000000 ) ) ;
#2054 = PLANE ( 'NONE',  #2336 ) ;
#2055 = CARTESIAN_POINT ( 'NONE',  ( -5.807179676972446636, -6.899999999999999467, 1.500000000000000000 ) ) ;
#2056 = LINE ( 'NONE', #1886, #1488 ) ;
#2057 = PERSON_AND_ORGANIZATION ( #2815, #3166 ) ;
#2058 = DIRECTION ( 'NONE',  ( 0.000000000000000000, -1.000000000000000000, 0.000000000000000000 ) ) ;
#2059 = ORIENTED_EDGE ( 'NONE', *, *, #3385, .F. ) ;
#2060 = AXIS2_PLACEMENT_3D ( 'NONE', #2413, #2688, #2905 ) ;
#2061 = LINE ( 'NONE', #850, #1024 ) ;
#2062 = VERTEX_POINT ( 'NONE', #1478 ) ;
#2063 = CARTESIAN_POINT ( 'NONE',  ( 5.499999999999999112, 11.19999999999999929, 1.500000000000000000 ) ) ;
#2064 = EDGE_CURVE ( 'NONE', #2735, #1085, #3386, .T. ) ;
#2065 = CARTESIAN_POINT ( 'NONE',  ( -3.500000000000000444, -11.99999999999999645, 5.500000000000000000 ) ) ;
#2066 = DIRECTION ( 'NONE',  ( -1.000000000000000000, 0.000000000000000000, 0.000000000000000000 ) ) ;
#2067 = ORIENTED_EDGE ( 'NONE', *, *, #383, .F. ) ;
#2068 = ORIENTED_EDGE ( 'NONE', *, *, #1364, .T. ) ;
#2069 = ORIENTED_EDGE ( 'NONE', *, *, #2444, .T. ) ;
#2070 = EDGE_CURVE ( 'NONE', #621, #2165, #1697, .T. ) ;
#2071 = CARTESIAN_POINT ( 'NONE',  ( 7.800000000000000711, 12.00000000000000355, 1.500000000000000000 ) ) ;
#2072 = ORIENTED_EDGE ( 'NONE', *, *, #2224, .F. ) ;
#2073 = ORIENTED_EDGE ( 'NONE', *, *, #2883, .T. ) ;
#2074 = ORIENTED_EDGE ( 'NONE', *, *, #1350, .F. ) ;
#2075 = DIRECTION ( 'NONE',  ( 0.000000000000000000, 0.000000000000000000, -1.000000000000000000 ) ) ;
#2076 = CIRCLE ( 'NONE', #2086, 0.8000000000000012657 ) ;
#2077 = DIRECTION ( 'NONE',  ( 0.000000000000000000, 0.000000000000000000, 1.000000000000000000 ) ) ;
#2078 = CIRCLE ( 'NONE', #2786, 5.000000000000000000 ) ;
#2079 = CARTESIAN_POINT ( 'NONE',  ( 3.000000000000000444, -14.99999999999999822, 0.000000000000000000 ) ) ;
#2080 = VECTOR ( 'NONE', #592, 1000.000000000000000 ) ;
#2081 = AXIS2_PLACEMENT_3D ( 'NONE', #3160, #1529, #2321 ) ;
#2082 = VECTOR ( 'NONE', #675, 1000.000000000000000 ) ;
#2083 = EDGE_CURVE ( 'NONE', #947, #1691, #557, .T. ) ;
#2084 = ORIENTED_EDGE ( 'NONE', *, *, #2678, .T. ) ;
#2085 = DIRECTION ( 'NONE',  ( 0.000000000000000000, 0.000000000000000000, -1.000000000000000000 ) ) ;
#2086 = AXIS2_PLACEMENT_3D ( 'NONE', #2096, #3197, #3476 ) ;
#2087 = VERTEX_POINT ( 'NONE', #3095 ) ;
#2088 = EDGE_CURVE ( 'NONE', #971, #1352, #646, .T. ) ;
#2089 = FACE_OUTER_BOUND ( 'NONE', #235, .T. ) ;
#2090 = ORIENTED_EDGE ( 'NONE', *, *, #741, .F. ) ;
#2091 = VERTEX_POINT ( 'NONE', #1742 ) ;
#2092 = ORIENTED_EDGE ( 'NONE', *, *, #222, .T. ) ;
#2093 = VECTOR ( 'NONE', #3367, 1000.000000000000000 ) ;
#2094 = DIRECTION ( 'NONE',  ( -1.000000000000000000, 0.000000000000000000, -0.000000000000000000 ) ) ;
#2095 = CARTESIAN_POINT ( 'NONE',  ( 7.300000000000000711, -11.99999999999999467, 1.500000000000000000 ) ) ;
#2096 = CARTESIAN_POINT ( 'NONE',  ( 6.499999999999999112, 6.500000000000000000, 4.000000000000000000 ) ) ;
#2097 = EDGE_CURVE ( 'NONE', #1994, #2735, #1865, .T. ) ;
#2098 = PRODUCT_RELATED_PRODUCT_CATEGORY ( 'detail', '', ( #3087 ) ) ;
#2099 = DIRECTION ( 'NONE',  ( -1.000000000000000000, 0.000000000000000000, 0.000000000000000000 ) ) ;
#2100 = DIRECTION ( 'NONE',  ( 1.000000000000000000, 0.000000000000000000, 0.000000000000000000 ) ) ;
#2101 = EDGE_LOOP ( 'NONE', ( #2382, #3424, #2738, #1701 ) ) ;
#2102 = VECTOR ( 'NONE', #1386, 1000.000000000000000 ) ;
#2103 = ORIENTED_EDGE ( 'NONE', *, *, #2915, .T. ) ;
#2104 = DIRECTION ( 'NONE',  ( 0.000000000000000000, 0.000000000000000000, -1.000000000000000000 ) ) ;
#2105 = AXIS2_PLACEMENT_3D ( 'NONE', #9, #2177, #290 ) ;
#2106 = DIRECTION ( 'NONE',  ( 0.000000000000000000, 1.000000000000000000, 0.000000000000000000 ) ) ;
#2107 = ORIENTED_EDGE ( 'NONE', *, *, #3465, .F. ) ;
#2108 = CARTESIAN_POINT ( 'NONE',  ( 7.000000000000000888, 11.99999999999999822, 5.099999999999999645 ) ) ;
#2109 = DIRECTION ( 'NONE',  ( -0.000000000000000000, 1.000000000000000000, -0.000000000000000000 ) ) ;
#2110 = CARTESIAN_POINT ( 'NONE',  ( 7.000000000000000888, -6.899999999999999467, 1.500000000000000000 ) ) ;
#2111 = ORIENTED_EDGE ( 'NONE', *, *, #1645, .F. ) ;
#2112 = CARTESIAN_POINT ( 'NONE',  ( -7.800000000000001599, -11.99999999999999645, 0.000000000000000000 ) ) ;
#2113 = DIRECTION ( 'NONE',  ( 1.000000000000000000, 0.000000000000000000, 0.000000000000000000 ) ) ;
#2114 = EDGE_CURVE ( 'NONE', #737, #3554, #1909, .T. ) ;
#2115 = ORIENTED_EDGE ( 'NONE', *, *, #465, .T. ) ;
#2116 = FACE_OUTER_BOUND ( 'NONE', #1211, .T. ) ;
#2117 = CARTESIAN_POINT ( 'NONE',  ( -3.500000000000000444, 12.00000000000000355, 1.100000000000000089 ) ) ;
#2118 = CIRCLE ( 'NONE', #2240, 3.800000000000000266 ) ;
#2119 = CARTESIAN_POINT ( 'NONE',  ( -7.000000000000000888, -11.99999999999999645, 4.000000000000000000 ) ) ;
#2120 = DIRECTION ( 'NONE',  ( -1.000000000000000000, 0.000000000000000000, 0.000000000000000000 ) ) ;
#2121 = DIRECTION ( 'NONE',  ( -0.000000000000000000, 1.000000000000000000, -0.000000000000000000 ) ) ;
#2122 = FACE_OUTER_BOUND ( 'NONE', #1703, .T. ) ;
#2123 = DIRECTION ( 'NONE',  ( 0.000000000000000000, 1.000000000000000000, 0.000000000000000000 ) ) ;
#2124 = DIRECTION ( 'NONE',  ( 0.000000000000000000, -1.000000000000000000, 0.000000000000000000 ) ) ;
#2125 = ORIENTED_EDGE ( 'NONE', *, *, #3426, .T. ) ;
#2126 = VECTOR ( 'NONE', #1644, 1000.000000000000000 ) ;
#2127 = DIRECTION ( 'NONE',  ( 0.000000000000000000, 0.000000000000000000, -1.000000000000000000 ) ) ;
#2128 = CARTESIAN_POINT ( 'NONE',  ( -5.699999999999997513, 6.500000000000000000, 1.500000000000000000 ) ) ;
#2129 = ORIENTED_EDGE ( 'NONE', *, *, #2088, .T. ) ;
#2130 = VECTOR ( 'NONE', #2597, 1000.000000000000000 ) ;
#2131 = CARTESIAN_POINT ( 'NONE',  ( -5.499999999999999112, 11.19999999999999929, 1.500000000000000000 ) ) ;
#2132 = CARTESIAN_POINT ( 'NONE',  ( 3.500000000000000444, -11.99999999999999645, 1.500000000000000000 ) ) ;
#2133 = ORIENTED_EDGE ( 'NONE', *, *, #3242, .F. ) ;
#2134 = LINE ( 'NONE', #89, #1571 ) ;
#2135 = VERTEX_POINT ( 'NONE', #2637 ) ;
#2136 = PLANE ( 'NONE',  #2355 ) ;
#2137 = FACE_OUTER_BOUND ( 'NONE', #2009, .T. ) ;
#2138 = CARTESIAN_POINT ( 'NONE',  ( 3.500000000000000444, -11.99999999999999645, 4.500000000000000000 ) ) ;
#2139 = CARTESIAN_POINT ( 'NONE',  ( -8.500000000000000000, -16.99999999999999645, 5.500000000000000000 ) ) ;
#2140 = LINE ( 'NONE', #2206, #435 ) ;
#2141 = ORIENTED_EDGE ( 'NONE', *, *, #3385, .T. ) ;
#2142 = AXIS2_PLACEMENT_3D ( 'NONE', #2385, #1055, #1574 ) ;
#2143 = DIRECTION ( 'NONE',  ( 3.614007241618347908E-17, -1.000000000000000000, -0.000000000000000000 ) ) ;
#2144 = DIRECTION ( 'NONE',  ( 1.000000000000000000, 0.000000000000000000, 0.000000000000000000 ) ) ;
#2145 = VERTEX_POINT ( 'NONE', #207 ) ;
#2146 = ORIENTED_EDGE ( 'NONE', *, *, #3359, .F. ) ;
#2147 = ORIENTED_EDGE ( 'NONE', *, *, #992, .F. ) ;
#2148 = AXIS2_PLACEMENT_3D ( 'NONE', #840, #2764, #1109 ) ;
#2149 = DIRECTION ( 'NONE',  ( 0.000000000000000000, -1.000000000000000000, 0.000000000000000000 ) ) ;
#2150 = ORIENTED_EDGE ( 'NONE', *, *, #913, .T. ) ;
#2151 = DIRECTION ( 'NONE',  ( -1.000000000000000000, 0.000000000000000000, 0.000000000000000000 ) ) ;
#2152 = DIRECTION ( 'NONE',  ( 0.000000000000000000, 1.000000000000000000, 0.000000000000000000 ) ) ;
#2153 = VECTOR ( 'NONE', #761, 1000.000000000000000 ) ;
#2154 = LINE ( 'NONE', #3245, #1683 ) ;
#2155 = LINE ( 'NONE', #1669, #2080 ) ;
#2156 = DIRECTION ( 'NONE',  ( 0.000000000000000000, 0.000000000000000000, -1.000000000000000000 ) ) ;
#2157 = CIRCLE ( 'NONE', #3543, 5.000000000000000000 ) ;
#2158 = CARTESIAN_POINT ( 'NONE',  ( -3.500000000000000444, -11.99999999999999645, 0.000000000000000000 ) ) ;
#2159 = CARTESIAN_POINT ( 'NONE',  ( 4.699999999999998401, 11.19999999999999751, 1.500000000000000000 ) ) ;
#2160 = EDGE_CURVE ( 'NONE', #2087, #1108, #2989, .T. ) ;
#2161 = AXIS2_PLACEMENT_3D ( 'NONE', #2063, #1275, #710 ) ;
#2162 = ORIENTED_EDGE ( 'NONE', *, *, #1519, .T. ) ;
#2163 = DIRECTION ( 'NONE',  ( 0.000000000000000000, 0.000000000000000000, 1.000000000000000000 ) ) ;
#2164 = DIRECTION ( 'NONE',  ( 1.000000000000000000, 0.000000000000000000, 0.000000000000000000 ) ) ;
#2165 = VERTEX_POINT ( 'NONE', #2912 ) ;
#2166 = AXIS2_PLACEMENT_3D ( 'NONE', #533, #1916, #2433 ) ;
#2167 = DIRECTION ( 'NONE',  ( -0.000000000000000000, -0.000000000000000000, 1.000000000000000000 ) ) ;
#2168 = VECTOR ( 'NONE', #3184, 1000.000000000000000 ) ;
#2169 = VERTEX_POINT ( 'NONE', #2110 ) ;
#2170 = DIRECTION ( 'NONE',  ( -0.000000000000000000, -0.000000000000000000, 1.000000000000000000 ) ) ;
#2171 = CARTESIAN_POINT ( 'NONE',  ( -7.300000000000002487, -11.99999999999999645, 1.100000000000000089 ) ) ;
#2172 = EDGE_CURVE ( 'NONE', #1093, #2263, #1179, .T. ) ;
#2173 = ORIENTED_EDGE ( 'NONE', *, *, #1091, .T. ) ;
#2174 = LINE ( 'NONE', #678, #520 ) ;
#2175 = CARTESIAN_POINT ( 'NONE',  ( 5.499999999999999112, -9.199999999999999289, 1.500000000000000000 ) ) ;
#2176 = ADVANCED_FACE ( 'NONE', ( #1821 ), #91, .F. ) ;
#2177 = DIRECTION ( 'NONE',  ( -0.000000000000000000, -0.000000000000000000, -1.000000000000000000 ) ) ;
#2178 = VERTEX_POINT ( 'NONE', #168 ) ;
#2179 = EDGE_CURVE ( 'NONE', #2408, #1224, #602, .T. ) ;
#2180 = APPLICATION_CONTEXT ( 'configuration controlled 3d designs of mechanical parts and assemblies' ) ;
#2181 = VECTOR ( 'NONE', #2113, 1000.000000000000000 ) ;
#2182 = ORIENTED_EDGE ( 'NONE', *, *, #2097, .F. ) ;
#2183 = CARTESIAN_POINT ( 'NONE',  ( -5.807179676972446636, 6.099999999999999645, 4.000000000000000000 ) ) ;
#2184 = FACE_OUTER_BOUND ( 'NONE', #1160, .T. ) ;
#2185 = AXIS2_PLACEMENT_3D ( 'NONE', #1709, #1142, #2277 ) ;
#2186 = ORIENTED_EDGE ( 'NONE', *, *, #2241, .T. ) ;
#2187 = EDGE_CURVE ( 'NONE', #1587, #1186, #1316, .T. ) ;
#2188 = DIRECTION ( 'NONE',  ( 0.000000000000000000, 1.000000000000000000, 0.000000000000000000 ) ) ;
#2189 = ORIENTED_EDGE ( 'NONE', *, *, #2461, .F. ) ;
#2190 = VECTOR ( 'NONE', #1941, 1000.000000000000000 ) ;
#2191 = PLANE ( 'NONE',  #3398 ) ;
#2192 = ADVANCED_FACE ( 'NONE', ( #2690 ), #1277, .F. ) ;
#2193 = EDGE_CURVE ( 'NONE', #1352, #2036, #806, .T. ) ;
#2194 = DIRECTION ( 'NONE',  ( -1.000000000000000000, 0.000000000000000000, 0.000000000000000000 ) ) ;
#2195 = PLANE ( 'NONE',  #81 ) ;
#2196 = VECTOR ( 'NONE', #620, 1000.000000000000000 ) ;
#2197 = EDGE_CURVE ( 'NONE', #1493, #621, #2558, .T. ) ;
#2198 = DIRECTION ( 'NONE',  ( 0.000000000000000000, 1.000000000000000000, -0.000000000000000000 ) ) ;
#2199 = EDGE_CURVE ( 'NONE', #305, #1333, #467, .T. ) ;
#2200 = CARTESIAN_POINT ( 'NONE',  ( 4.699999999999998401, 8.199999999999999289, 3.000000000000000000 ) ) ;
#2201 = LINE ( 'NONE', #2571, #1388 ) ;
#2202 = VERTEX_POINT ( 'NONE', #2887 ) ;
#2203 = EDGE_CURVE ( 'NONE', #1112, #1408, #1090, .T. ) ;
#2204 = CARTESIAN_POINT ( 'NONE',  ( -5.807179676972446636, -6.099999999999999645, 4.000000000000000000 ) ) ;
#2205 = VERTEX_POINT ( 'NONE', #2626 ) ;
#2206 = CARTESIAN_POINT ( 'NONE',  ( -7.300000000000002487, -11.99999999999999645, 1.100000000000000089 ) ) ;
#2207 = DIRECTION ( 'NONE',  ( 0.000000000000000000, 1.000000000000000000, 0.000000000000000000 ) ) ;
#2208 = CARTESIAN_POINT ( 'NONE',  ( -5.499999999999999112, -9.199999999999999289, 1.500000000000000000 ) ) ;
#2209 = AXIS2_PLACEMENT_3D ( 'NONE', #1465, #1476, #2066 ) ;
#2210 = LINE ( 'NONE', #2880, #1006 ) ;
#2211 = CARTESIAN_POINT ( 'NONE',  ( 3.500000000000001332, -15.79999999999999893, 1.100000000000000089 ) ) ;
#2212 = CARTESIAN_POINT ( 'NONE',  ( 5.499999999999999112, 11.19999999999999929, 4.000000000000000000 ) ) ;
#2213 = ORIENTED_EDGE ( 'NONE', *, *, #561, .F. ) ;
#2214 = ADVANCED_FACE ( 'NONE', ( #2257 ), #3296, .T. ) ;
#2215 = FACE_OUTER_BOUND ( 'NONE', #2691, .T. ) ;
#2216 = ORIENTED_EDGE ( 'NONE', *, *, #972, .F. ) ;
#2217 = FACE_OUTER_BOUND ( 'NONE', #150, .T. ) ;
#2218 = VERTEX_POINT ( 'NONE', #2664 ) ;
#2219 = EDGE_CURVE ( 'NONE', #111, #1108, #1042, .T. ) ;
#2220 = CARTESIAN_POINT ( 'NONE',  ( -5.499999999999999112, 11.19999999999999929, 1.500000000000000000 ) ) ;
#2221 = DIRECTION ( 'NONE',  ( 0.000000000000000000, 0.000000000000000000, -1.000000000000000000 ) ) ;
#2222 = PLANE ( 'NONE',  #2819 ) ;
#2223 = FACE_OUTER_BOUND ( 'NONE', #1974, .T. ) ;
#2224 = EDGE_CURVE ( 'NONE', #1359, #2408, #1605, .T. ) ;
#2225 = CARTESIAN_POINT ( 'NONE',  ( 7.000000000000000888, -16.99999999999999645, 4.000000000000000000 ) ) ;
#2226 = DIRECTION ( 'NONE',  ( 0.000000000000000000, 0.000000000000000000, -1.000000000000000000 ) ) ;
#2227 = LINE ( 'NONE', #27, #3138 ) ;
#2228 = CARTESIAN_POINT ( 'NONE',  ( 7.000000000000000888, -6.899999999999999467, 5.500000000000000000 ) ) ;
#2229 = CARTESIAN_POINT ( 'NONE',  ( 4.699999999999998401, 8.199999999999999289, 3.000000000000000000 ) ) ;
#2230 = DIRECTION ( 'NONE',  ( 0.000000000000000000, 0.000000000000000000, -1.000000000000000000 ) ) ;
#2231 = ORIENTED_EDGE ( 'NONE', *, *, #1805, .F. ) ;
#2232 = ORIENTED_EDGE ( 'NONE', *, *, #3015, .T. ) ;
#2233 = APPROVAL_ROLE ( '' ) ;
#2234 = ORIENTED_EDGE ( 'NONE', *, *, #94, .F. ) ;
#2235 = ADVANCED_FACE ( 'NONE', ( #886 ), #1581, .T. ) ;
#2236 = DIRECTION ( 'NONE',  ( 0.000000000000000000, 1.000000000000000000, 0.000000000000000000 ) ) ;
#2237 = CARTESIAN_POINT ( 'NONE',  ( 7.000000000000000888, -11.99999999999999645, 5.099999999999999645 ) ) ;
#2238 = ORIENTED_EDGE ( 'NONE', *, *, #1193, .F. ) ;
#2239 = DIRECTION ( 'NONE',  ( 0.000000000000000000, 0.000000000000000000, -1.000000000000000000 ) ) ;
#2240 = AXIS2_PLACEMENT_3D ( 'NONE', #1122, #3347, #867 ) ;
#2241 = EDGE_CURVE ( 'NONE', #3029, #3394, #342, .T. ) ;
#2242 = CARTESIAN_POINT ( 'NONE',  ( -7.500000000000000888, 0.000000000000000000, 4.500000000000000000 ) ) ;
#2243 = LINE ( 'NONE', #1457, #449 ) ;
#2244 = EDGE_CURVE ( 'NONE', #2966, #3394, #2903, .T. ) ;
#2245 = LINE ( 'NONE', #3266, #416 ) ;
#2246 = LINE ( 'NONE', #933, #914 ) ;
#2247 = CARTESIAN_POINT ( 'NONE',  ( -2.598076211353316900, 16.30000000000000426, 1.500000000000000000 ) ) ;
#2248 = ORIENTED_EDGE ( 'NONE', *, *, #283, .T. ) ;
#2249 = ORIENTED_EDGE ( 'NONE', *, *, #830, .T. ) ;
#2250 = VECTOR ( 'NONE', #2694, 1000.000000000000000 ) ;
#2251 = CARTESIAN_POINT ( 'NONE',  ( 5.499999999999999112, 11.19999999999999929, 4.000000000000000000 ) ) ;
#2252 = DIRECTION ( 'NONE',  ( 0.000000000000000000, 0.000000000000000000, -1.000000000000000000 ) ) ;
#2253 = VERTEX_POINT ( 'NONE', #2128 ) ;
#2254 = ORIENTED_EDGE ( 'NONE', *, *, #1636, .T. ) ;
#2255 = ADVANCED_FACE ( 'NONE', ( #2089 ), #1869, .T. ) ;
#2256 = DIRECTION ( 'NONE',  ( -1.000000000000000000, 0.000000000000000000, 0.000000000000000000 ) ) ;
#2257 = FACE_OUTER_BOUND ( 'NONE', #3535, .T. ) ;
#2258 = ORIENTED_EDGE ( 'NONE', *, *, #1238, .F. ) ;
#2259 = FACE_OUTER_BOUND ( 'NONE', #2960, .T. ) ;
#2260 = DIRECTION ( 'NONE',  ( 0.000000000000000000, -1.000000000000000000, 0.000000000000000000 ) ) ;
#2261 = VERTEX_POINT ( 'NONE', #1018 ) ;
#2262 = DIRECTION ( 'NONE',  ( -0.000000000000000000, -0.000000000000000000, 1.000000000000000000 ) ) ;
#2263 = VERTEX_POINT ( 'NONE', #3537 ) ;
#2264 = EDGE_CURVE ( 'NONE', #695, #1789, #2784, .T. ) ;
#2265 = ORIENTED_EDGE ( 'NONE', *, *, #1812, .T. ) ;
#2266 = FACE_OUTER_BOUND ( 'NONE', #1666, .T. ) ;
#2267 = AXIS2_PLACEMENT_3D ( 'NONE', #1977, #3050, #3037 ) ;
#2268 = PLANE ( 'NONE',  #1083 ) ;
#2269 = EDGE_LOOP ( 'NONE', ( #2945, #968, #1070, #1156, #555, #2431, #1743 ) ) ;
#2270 = EDGE_CURVE ( 'NONE', #2658, #2024, #3473, .T. ) ;
#2271 = VERTEX_POINT ( 'NONE', #1337 ) ;
#2272 = ADVANCED_FACE ( 'NONE', ( #172 ), #1881, .T. ) ;
#2273 = CARTESIAN_POINT ( 'NONE',  ( -4.699999999999998401, 9.199999999999999289, 3.000000000000000000 ) ) ;
#2274 = AXIS2_PLACEMENT_3D ( 'NONE', #588, #3035, #1662 ) ;
#2275 = ORIENTED_EDGE ( 'NONE', *, *, #378, .F. ) ;
#2276 = FACE_OUTER_BOUND ( 'NONE', #866, .T. ) ;
#2277 = DIRECTION ( 'NONE',  ( 0.000000000000000000, 0.000000000000000000, -1.000000000000000000 ) ) ;
#2278 = CARTESIAN_POINT ( 'NONE',  ( 3.499999999999999556, 12.00000000000000355, 1.100000000000000311 ) ) ;
#2279 = ORIENTED_EDGE ( 'NONE', *, *, #2631, .F. ) ;
#2280 = CARTESIAN_POINT ( 'NONE',  ( 7.300000000000000711, -11.99999999999999467, 1.500000000000000000 ) ) ;
#2281 = VERTEX_POINT ( 'NONE', #3221 ) ;
#2282 = EDGE_CURVE ( 'NONE', #2356, #896, #3518, .T. ) ;
#2283 = DIRECTION ( 'NONE',  ( -1.000000000000000000, 0.000000000000000000, 0.000000000000000000 ) ) ;
#2284 = ORIENTED_EDGE ( 'NONE', *, *, #1252, .F. ) ;
#2285 = CIRCLE ( 'NONE', #629, 4.300000000000000711 ) ;
#2286 = CARTESIAN_POINT ( 'NONE',  ( 0.000000000000000000, 0.000000000000000000, 0.000000000000000000 ) ) ;
#2287 = CARTESIAN_POINT ( 'NONE',  ( 5.499999999999999112, 11.19999999999999929, 1.500000000000000000 ) ) ;
#2288 = CYLINDRICAL_SURFACE ( 'NONE', #457, 0.8000000000000012657 ) ;
#2289 = ADVANCED_FACE ( 'NONE', ( #1400 ), #1837, .F. ) ;
#2290 = CARTESIAN_POINT ( 'NONE',  ( 4.699999999999998401, 8.199999999999999289, 4.000000000000000000 ) ) ;
#2291 = VECTOR ( 'NONE', #2337, 1000.000000000000000 ) ;
#2292 = EDGE_CURVE ( 'NONE', #111, #715, #52, .T. ) ;
#2293 = ORIENTED_EDGE ( 'NONE', *, *, #493, .F. ) ;
#2294 = SHAPE_DEFINITION_REPRESENTATION ( #1159, #1348 ) ;
#2295 = ORIENTED_EDGE ( 'NONE', *, *, #2193, .T. ) ;
#2296 = EDGE_LOOP ( 'NONE', ( #275, #2795, #1816, #2700, #1082, #3233, #984, #1201, #1818, #782, #2015, #365, #1528, #116, #612, #50, #3090, #2044, #2213, #3054, #1054, #1582, #928, #2422, #1688, #489 ) ) ;
#2297 = CARTESIAN_POINT ( 'NONE',  ( 0.000000000000000000, 17.00000000000000355, 0.000000000000000000 ) ) ;
#2298 = DIRECTION ( 'NONE',  ( 0.000000000000000000, -0.000000000000000000, -1.000000000000000000 ) ) ;
#2299 = PERSON_AND_ORGANIZATION ( #2815, #3166 ) ;
#2300 = EDGE_LOOP ( 'NONE', ( #595, #1992, #2904, #3180 ) ) ;
#2301 = ORIENTED_EDGE ( 'NONE', *, *, #1376, .F. ) ;
#2302 = ADVANCED_FACE ( 'NONE', ( #3432 ), #550, .F. ) ;
#2303 = DIRECTION ( 'NONE',  ( -1.000000000000000000, -0.000000000000000000, -0.000000000000000000 ) ) ;
#2304 = CIRCLE ( 'NONE', #1450, 1.000000000000000000 ) ;
#2305 = VERTEX_POINT ( 'NONE', #1895 ) ;
#2306 = CARTESIAN_POINT ( 'NONE',  ( -5.499999999999999112, 11.19999999999999929, 1.500000000000000000 ) ) ;
#2307 = EDGE_CURVE ( 'NONE', #2352, #898, #1220, .T. ) ;
#2308 = DIRECTION ( 'NONE',  ( -0.000000000000000000, 0.000000000000000000, -1.000000000000000000 ) ) ;
#2309 = VECTOR ( 'NONE', #2, 1000.000000000000000 ) ;
#2310 = DIRECTION ( 'NONE',  ( -1.000000000000000000, 0.000000000000000000, 0.000000000000000000 ) ) ;
#2311 = DIRECTION ( 'NONE',  ( 1.000000000000000000, -2.168404344971008079E-15, 0.000000000000000000 ) ) ;
#2312 = VERTEX_POINT ( 'NONE', #2730 ) ;
#2313 = VECTOR ( 'NONE', #2143, 1000.000000000000000 ) ;
#2314 = ORIENTED_EDGE ( 'NONE', *, *, #2944, .T. ) ;
#2315 = ORIENTED_EDGE ( 'NONE', *, *, #3290, .F. ) ;
#2316 = DIRECTION ( 'NONE',  ( -0.000000000000000000, -0.000000000000000000, 1.000000000000000000 ) ) ;
#2317 = VERTEX_POINT ( 'NONE', #2171 ) ;
#2318 = DIRECTION ( 'NONE',  ( 1.000000000000000000, 0.000000000000000000, 0.000000000000000000 ) ) ;
#2319 = VERTEX_POINT ( 'NONE', #2183 ) ;
#2320 = DIRECTION ( 'NONE',  ( -0.000000000000000000, -0.000000000000000000, -1.000000000000000000 ) ) ;
#2321 = DIRECTION ( 'NONE',  ( -1.000000000000000000, 0.000000000000000000, 0.000000000000000000 ) ) ;
#2322 = LINE ( 'NONE', #1094, #1505 ) ;
#2323 = DIRECTION ( 'NONE',  ( -0.000000000000000000, -0.000000000000000000, -1.000000000000000000 ) ) ;
#2324 = CYLINDRICAL_SURFACE ( 'NONE', #1228, 3.500000000000000000 ) ;
#2325 = VECTOR ( 'NONE', #887, 1000.000000000000000 ) ;
#2326 = DIRECTION ( 'NONE',  ( -0.000000000000000000, -0.000000000000000000, 1.000000000000000000 ) ) ;
#2327 = DIRECTION ( 'NONE',  ( -0.000000000000000000, -0.000000000000000000, -1.000000000000000000 ) ) ;
#2328 = AXIS2_PLACEMENT_3D ( 'NONE', #1756, #3407, #3393 ) ;
#2329 = DIRECTION ( 'NONE',  ( -1.000000000000000000, 0.000000000000000000, 0.000000000000000000 ) ) ;
#2330 = VERTEX_POINT ( 'NONE', #540 ) ;
#2331 = FACE_OUTER_BOUND ( 'NONE', #743, .T. ) ;
#2332 = DIRECTION ( 'NONE',  ( 1.000000000000000000, 3.614007241618347908E-17, -0.000000000000000000 ) ) ;
#2333 = ORIENTED_EDGE ( 'NONE', *, *, #2070, .F. ) ;
#2334 = EDGE_LOOP ( 'NONE', ( #1484, #1243, #339, #3436 ) ) ;
#2335 = DATE_AND_TIME ( #2644, #1353 ) ;
#2336 = AXIS2_PLACEMENT_3D ( 'NONE', #2666, #1296, #2961 ) ;
#2337 = DIRECTION ( 'NONE',  ( -0.000000000000000000, -0.000000000000000000, 1.000000000000000000 ) ) ;
#2338 = ORIENTED_EDGE ( 'NONE', *, *, #2070, .T. ) ;
#2339 = ORIENTED_EDGE ( 'NONE', *, *, #2428, .F. ) ;
#2340 = CARTESIAN_POINT ( 'NONE',  ( 4.699999999999998401, 8.199999999999999289, 3.000000000000000000 ) ) ;
#2341 = VECTOR ( 'NONE', #2121, 1000.000000000000000 ) ;
#2342 = CARTESIAN_POINT ( 'NONE',  ( 3.499999999999999556, 12.00000000000000355, 4.500000000000000000 ) ) ;
#2343 = DIRECTION ( 'NONE',  ( -0.000000000000000000, -0.000000000000000000, 1.000000000000000000 ) ) ;
#2344 = ORIENTED_EDGE ( 'NONE', *, *, #2428, .T. ) ;
#2345 = LINE ( 'NONE', #2496, #1608 ) ;
#2346 = VERTEX_POINT ( 'NONE', #2488 ) ;
#2347 = PLANE ( 'NONE',  #1588 ) ;
#2348 = EDGE_CURVE ( 'NONE', #627, #2723, #2429, .T. ) ;
#2349 = PRODUCT_DEFINITION ( '未知', '', #1543, #877 ) ;
#2350 = ORIENTED_EDGE ( 'NONE', *, *, #979, .F. ) ;
#2351 = VECTOR ( 'NONE', #1776, 1000.000000000000000 ) ;
#2352 = VERTEX_POINT ( 'NONE', #1363 ) ;
#2353 = CARTESIAN_POINT ( 'NONE',  ( 4.699999999999998401, -11.19999999999999751, 4.000000000000000000 ) ) ;
#2354 = ORIENTED_EDGE ( 'NONE', *, *, #2534, .T. ) ;
#2355 = AXIS2_PLACEMENT_3D ( 'NONE', #508, #1556, #1534 ) ;
#2356 = VERTEX_POINT ( 'NONE', #1064 ) ;
#2357 = DIRECTION ( 'NONE',  ( 0.000000000000000000, 1.000000000000000000, 0.000000000000000000 ) ) ;
#2358 = CYLINDRICAL_SURFACE ( 'NONE', #2711, 3.499999999999999556 ) ;
#2359 = PLANE ( 'NONE',  #1521 ) ;
#2360 = EDGE_CURVE ( 'NONE', #2671, #1994, #3075, .T. ) ;
#2361 = DIRECTION ( 'NONE',  ( -0.000000000000000000, -0.000000000000000000, 1.000000000000000000 ) ) ;
#2362 = ORIENTED_EDGE ( 'NONE', *, *, #3278, .T. ) ;
#2363 = DIRECTION ( 'NONE',  ( -1.000000000000000000, 0.000000000000000000, -0.000000000000000000 ) ) ;
#2364 = ORIENTED_EDGE ( 'NONE', *, *, #1273, .T. ) ;
#2365 = ADVANCED_FACE ( 'NONE', ( #1958 ), #2195, .F. ) ;
#2366 = CARTESIAN_POINT ( 'NONE',  ( 3.500000000000001776, -11.99999999999999645, 5.099999999999999645 ) ) ;
#2367 = ORIENTED_EDGE ( 'NONE', *, *, #1499, .T. ) ;
#2368 = LINE ( 'NONE', #3159, #1301 ) ;
#2369 = EDGE_CURVE ( 'NONE', #3036, #2062, #512, .T. ) ;
#2370 = DIRECTION ( 'NONE',  ( 0.000000000000000000, -0.000000000000000000, 1.000000000000000000 ) ) ;
#2371 = DIRECTION ( 'NONE',  ( 0.000000000000000000, -1.000000000000000000, 0.000000000000000000 ) ) ;
#2372 = DIRECTION ( 'NONE',  ( -1.000000000000000000, 0.000000000000000000, -0.000000000000000000 ) ) ;
#2373 = VECTOR ( 'NONE', #2778, 1000.000000000000000 ) ;
#2374 = CARTESIAN_POINT ( 'NONE',  ( 3.499999999999999556, 16.00000000000000355, 5.500000000000000000 ) ) ;
#2375 = LINE ( 'NONE', #767, #835 ) ;
#2376 = EDGE_CURVE ( 'NONE', #1114, #2704, #1396, .T. ) ;
#2377 = ORIENTED_EDGE ( 'NONE', *, *, #3167, .T. ) ;
#2378 = CARTESIAN_POINT ( 'NONE',  ( 3.499999999999999556, 12.00000000000000355, 5.500000000000000000 ) ) ;
#2379 = EDGE_LOOP ( 'NONE', ( #3042, #1321, #3255, #1216 ) ) ;
#2380 = ADVANCED_FACE ( 'NONE', ( #2387 ), #3018, .T. ) ;
#2381 = ORIENTED_EDGE ( 'NONE', *, *, #1819, .F. ) ;
#2382 = ORIENTED_EDGE ( 'NONE', *, *, #3019, .T. ) ;
#2383 = CARTESIAN_POINT ( 'NONE',  ( -4.699999999999998401, -8.199999999999999289, 4.000000000000000000 ) ) ;
#2384 = CARTESIAN_POINT ( 'NONE',  ( 3.499999999999999556, -16.29999999999999716, -0.000000000000000000 ) ) ;
#2385 = CARTESIAN_POINT ( 'NONE',  ( -3.500000000000000444, 12.00000000000000355, 5.500000000000000000 ) ) ;
#2386 = EDGE_CURVE ( 'NONE', #2789, #3496, #927, .T. ) ;
#2387 = FACE_OUTER_BOUND ( 'NONE', #515, .T. ) ;
#2388 = AXIS2_PLACEMENT_3D ( 'NONE', #2589, #419, #3186 ) ;
#2389 = ORIENTED_EDGE ( 'NONE', *, *, #1673, .T. ) ;
#2390 = DIRECTION ( 'NONE',  ( -0.000000000000000000, -0.000000000000000000, -1.000000000000000000 ) ) ;
#2391 = VECTOR ( 'NONE', #2754, 1000.000000000000000 ) ;
#2392 = ORIENTED_EDGE ( 'NONE', *, *, #413, .F. ) ;
#2393 = CARTESIAN_POINT ( 'NONE',  ( 5.807179676972446636, 6.099999999999999645, 1.500000000000000000 ) ) ;
#2394 = LINE ( 'NONE', #3403, #1013 ) ;
#2395 = DIRECTION ( 'NONE',  ( 0.000000000000000000, 0.000000000000000000, -1.000000000000000000 ) ) ;
#2396 = EDGE_CURVE ( 'NONE', #906, #422, #2685, .T. ) ;
#2397 = EDGE_LOOP ( 'NONE', ( #3423, #2706, #1141, #67 ) ) ;
#2398 = VECTOR ( 'NONE', #3280, 1000.000000000000000 ) ;
#2399 = EDGE_LOOP ( 'NONE', ( #1609, #2333, #2796, #1146 ) ) ;
#2400 = LINE ( 'NONE', #1001, #3361 ) ;
#2401 = DIRECTION ( 'NONE',  ( 1.000000000000000000, 0.000000000000000000, 0.000000000000000000 ) ) ;
#2402 = AXIS2_PLACEMENT_3D ( 'NONE', #1225, #1513, #418 ) ;
#2403 = CARTESIAN_POINT ( 'NONE',  ( 3.500000000000001332, -15.79999999999999893, 1.500000000000000000 ) ) ;
#2404 = ORIENTED_EDGE ( 'NONE', *, *, #1468, .F. ) ;
#2405 = DIRECTION ( 'NONE',  ( -1.000000000000000000, 0.000000000000000000, -0.000000000000000000 ) ) ;
#2406 = DIRECTION ( 'NONE',  ( 0.000000000000000000, 0.000000000000000000, -1.000000000000000000 ) ) ;
#2407 = EDGE_CURVE ( 'NONE', #1844, #2658, #298, .T. ) ;
#2408 = VERTEX_POINT ( 'NONE', #1395 ) ;
#2409 = CARTESIAN_POINT ( 'NONE',  ( -5.499999999999999112, -8.199999999999999289, 3.000000000000000000 ) ) ;
#2410 = PLANE ( 'NONE',  #1532 ) ;
#2411 = AXIS2_PLACEMENT_3D ( 'NONE', #1262, #2075, #3438 ) ;
#2412 = CARTESIAN_POINT ( 'NONE',  ( -5.499999999999999112, -11.19999999999999929, 4.000000000000000000 ) ) ;
#2413 = CARTESIAN_POINT ( 'NONE',  ( 3.500000000000001776, 11.99999999999999822, 5.500000000000000000 ) ) ;
#2414 = LINE ( 'NONE', #1527, #3418 ) ;
#2415 = AXIS2_PLACEMENT_3D ( 'NONE', #237, #2692, #1579 ) ;
#2416 = VECTOR ( 'NONE', #1836, 1000.000000000000000 ) ;
#2417 = VECTOR ( 'NONE', #277, 1000.000000000000000 ) ;
#2418 = DIRECTION ( 'NONE',  ( -1.000000000000000000, -0.000000000000000000, -0.000000000000000000 ) ) ;
#2419 = VERTEX_POINT ( 'NONE', #54 ) ;
#2420 = CIRCLE ( 'NONE', #2724, 3.000000000000000444 ) ;
#2421 = AXIS2_PLACEMENT_3D ( 'NONE', #2242, #3053, #3309 ) ;
#2422 = ORIENTED_EDGE ( 'NONE', *, *, #830, .F. ) ;
#2423 = EDGE_CURVE ( 'NONE', #1112, #1114, #2779, .T. ) ;
#2424 = DIRECTION ( 'NONE',  ( 1.000000000000000000, -0.000000000000000000, 0.000000000000000000 ) ) ;
#2425 = ORIENTED_EDGE ( 'NONE', *, *, #908, .T. ) ;
#2426 = DIRECTION ( 'NONE',  ( 0.000000000000000000, -1.000000000000000000, 0.000000000000000000 ) ) ;
#2427 = CARTESIAN_POINT ( 'NONE',  ( 3.500000000000001776, -11.99999999999999645, 5.500000000000000000 ) ) ;
#2428 = EDGE_CURVE ( 'NONE', #2994, #1746, #765, .T. ) ;
#2429 = LINE ( 'NONE', #1947, #516 ) ;
#2430 = VECTOR ( 'NONE', #3253, 1000.000000000000000 ) ;
#2431 = ORIENTED_EDGE ( 'NONE', *, *, #541, .T. ) ;
#2432 = VERTEX_POINT ( 'NONE', #2460 ) ;
#2433 = DIRECTION ( 'NONE',  ( -1.000000000000000000, 0.000000000000000000, 0.000000000000000000 ) ) ;
#2434 = EDGE_LOOP ( 'NONE', ( #2050, #3191, #572, #2896 ) ) ;
#2435 = FACE_OUTER_BOUND ( 'NONE', #656, .T. ) ;
#2436 = DIRECTION ( 'NONE',  ( 0.000000000000000000, -1.000000000000000000, 0.000000000000000000 ) ) ;
#2437 = ORIENTED_EDGE ( 'NONE', *, *, #681, .F. ) ;
#2438 = LINE ( 'NONE', #1893, #2617 ) ;
#2439 = ORIENTED_EDGE ( 'NONE', *, *, #3317, .T. ) ;
#2440 = AXIS2_PLACEMENT_3D ( 'NONE', #1606, #2152, #2698 ) ;
#2441 = VERTEX_POINT ( 'NONE', #309 ) ;
#2442 = VECTOR ( 'NONE', #2099, 1000.000000000000000 ) ;
#2443 = ORIENTED_EDGE ( 'NONE', *, *, #3033, .F. ) ;
#2444 = EDGE_CURVE ( 'NONE', #2205, #1128, #49, .T. ) ;
#2445 = CARTESIAN_POINT ( 'NONE',  ( -5.807179676972446636, -6.899999999999999467, 4.000000000000000000 ) ) ;
#2446 = VERTEX_POINT ( 'NONE', #3301 ) ;
#2447 = AXIS2_PLACEMENT_3D ( 'NONE', #1965, #3368, #2810 ) ;
#2448 = ORIENTED_EDGE ( 'NONE', *, *, #1562, .T. ) ;
#2449 = EDGE_CURVE ( 'NONE', #2202, #2781, #3428, .T. ) ;
#2450 = DIRECTION ( 'NONE',  ( 3.614007241618347908E-17, 1.000000000000000000, 0.000000000000000000 ) ) ;
#2451 = ORIENTED_EDGE ( 'NONE', *, *, #270, .T. ) ;
#2452 = DIRECTION ( 'NONE',  ( 0.000000000000000000, 0.000000000000000000, -1.000000000000000000 ) ) ;
#2453 = AXIS2_PLACEMENT_3D ( 'NONE', #1975, #57, #638 ) ;
#2454 = FACE_OUTER_BOUND ( 'NONE', #564, .T. ) ;
#2455 = CARTESIAN_POINT ( 'NONE',  ( -4.699999999999998401, 11.19999999999999751, 1.500000000000000000 ) ) ;
#2456 = LINE ( 'NONE', #1980, #2373 ) ;
#2457 = EDGE_CURVE ( 'NONE', #3086, #1058, #1311, .T. ) ;
#2458 = LINE ( 'NONE', #985, #2291 ) ;
#2459 = DIRECTION ( 'NONE',  ( 0.000000000000000000, 1.000000000000000000, 0.000000000000000000 ) ) ;
#2460 = CARTESIAN_POINT ( 'NONE',  ( -6.999999999999999112, -11.99999999999999645, 5.500000000000000000 ) ) ;
#2461 = EDGE_CURVE ( 'NONE', #1058, #1789, #1479, .T. ) ;
#2462 = ORIENTED_EDGE ( 'NONE', *, *, #1894, .T. ) ;
#2463 = PERSON_AND_ORGANIZATION ( #2815, #3166 ) ;
#2464 = ORIENTED_EDGE ( 'NONE', *, *, #199, .F. ) ;
#2465 = ADVANCED_FACE ( 'NONE', ( #598 ), #2222, .T. ) ;
#2466 = CARTESIAN_POINT ( 'NONE',  ( -7.000000000000000888, 12.00000000000000355, 1.100000000000000311 ) ) ;
#2467 = VECTOR ( 'NONE', #2497, 1000.000000000000000 ) ;
#2468 = EDGE_LOOP ( 'NONE', ( #888, #818, #32, #531 ) ) ;
#2469 = DIRECTION ( 'NONE',  ( 0.000000000000000000, 0.000000000000000000, -1.000000000000000000 ) ) ;
#2470 = FACE_OUTER_BOUND ( 'NONE', #1901, .T. ) ;
#2471 = PLANE ( 'NONE',  #3472 ) ;
#2472 = CARTESIAN_POINT ( 'NONE',  ( 3.499999999999999556, -16.29999999999999716, 1.500000000000000000 ) ) ;
#2473 = EDGE_CURVE ( 'NONE', #1719, #3238, #2210, .T. ) ;
#2474 = ORIENTED_EDGE ( 'NONE', *, *, #1327, .T. ) ;
#2475 = VECTOR ( 'NONE', #2085, 1000.000000000000000 ) ;
#2476 = DIRECTION ( 'NONE',  ( 0.000000000000000000, -0.000000000000000000, 1.000000000000000000 ) ) ;
#2477 = ORIENTED_EDGE ( 'NONE', *, *, #2883, .F. ) ;
#2478 = CARTESIAN_POINT ( 'NONE',  ( 7.000000000000000888, -11.99999999999999645, 1.100000000000000311 ) ) ;
#2479 = DIRECTION ( 'NONE',  ( 0.000000000000000000, -0.000000000000000000, 1.000000000000000000 ) ) ;
#2480 = VECTOR ( 'NONE', #2628, 1000.000000000000000 ) ;
#2481 = DIRECTION ( 'NONE',  ( 0.000000000000000000, 0.000000000000000000, 1.000000000000000000 ) ) ;
#2482 = VERTEX_POINT ( 'NONE', #966 ) ;
#2483 = VECTOR ( 'NONE', #2260, 1000.000000000000000 ) ;
#2484 = EDGE_LOOP ( 'NONE', ( #2816, #2622, #1568, #354 ) ) ;
#2485 = DIRECTION ( 'NONE',  ( 7.228014483236695816E-17, 1.000000000000000000, 0.000000000000000000 ) ) ;
#2486 = ADVANCED_FACE ( 'NONE', ( #1651 ), #443, .F. ) ;
#2487 = DIRECTION ( 'NONE',  ( 0.000000000000000000, 0.000000000000000000, 1.000000000000000000 ) ) ;
#2488 = CARTESIAN_POINT ( 'NONE',  ( -8.500000000000000000, 12.00000000000000355, 0.000000000000000000 ) ) ;
#2489 = VERTEX_POINT ( 'NONE', #1226 ) ;
#2490 = CARTESIAN_POINT ( 'NONE',  ( 0.000000000000000000, 0.000000000000000000, 1.500000000000000000 ) ) ;
#2491 = CARTESIAN_POINT ( 'NONE',  ( 3.499999999999999556, -15.49999999999999822, 5.500000000000000000 ) ) ;
#2492 = VERTEX_POINT ( 'NONE', #3187 ) ;
#2493 = EDGE_CURVE ( 'NONE', #2271, #1308, #1567, .T. ) ;
#2494 = PLANE ( 'NONE',  #3406 ) ;
#2495 = VECTOR ( 'NONE', #853, 1000.000000000000000 ) ;
#2496 = CARTESIAN_POINT ( 'NONE',  ( -3.500000000000000444, 17.00000000000000355, 5.500000000000000000 ) ) ;
#2497 = DIRECTION ( 'NONE',  ( 1.000000000000000000, 0.000000000000000000, 0.000000000000000000 ) ) ;
#2498 = LINE ( 'NONE', #1192, #1985 ) ;
#2499 = DIRECTION ( 'NONE',  ( -1.000000000000000000, 0.000000000000000000, 0.000000000000000000 ) ) ;
#2500 = CARTESIAN_POINT ( 'NONE',  ( 6.499999999999999112, -6.500000000000000000, 1.500000000000000000 ) ) ;
#2501 = VECTOR ( 'NONE', #2303, 1000.000000000000000 ) ;
#2502 = ADVANCED_FACE ( 'NONE', ( #3119 ), #3468, .T. ) ;
#2503 = PLANE ( 'NONE',  #1110 ) ;
#2504 = CARTESIAN_POINT ( 'NONE',  ( -3.500000000000000444, 12.00000000000000355, 0.000000000000000000 ) ) ;
#2505 = LINE ( 'NONE', #1946, #799 ) ;
#2506 = APPROVAL_ROLE ( '' ) ;
#2507 = ORIENTED_EDGE ( 'NONE', *, *, #1726, .T. ) ;
#2508 = ORIENTED_EDGE ( 'NONE', *, *, #3167, .F. ) ;
#2509 = DIRECTION ( 'NONE',  ( 0.000000000000000000, 0.000000000000000000, 1.000000000000000000 ) ) ;
#2510 = CARTESIAN_POINT ( 'NONE',  ( 3.500000000000001776, -15.49999999999999645, 5.099999999999999645 ) ) ;
#2511 = AXIS2_PLACEMENT_3D ( 'NONE', #142, #3415, #2045 ) ;
#2512 = CARTESIAN_POINT ( 'NONE',  ( -5.807179676972446636, 6.899999999999999467, 4.000000000000000000 ) ) ;
#2513 = DIRECTION ( 'NONE',  ( 0.000000000000000000, -1.000000000000000000, 0.000000000000000000 ) ) ;
#2514 = VERTEX_POINT ( 'NONE', #2891 ) ;
#2515 = VECTOR ( 'NONE', #1167, 1000.000000000000000 ) ;
#2516 = AXIS2_PLACEMENT_3D ( 'NONE', #404, #394, #2012 ) ;
#2517 = DIRECTION ( 'NONE',  ( 0.000000000000000000, 1.000000000000000000, 0.000000000000000000 ) ) ;
#2518 = ORIENTED_EDGE ( 'NONE', *, *, #2282, .F. ) ;
#2519 = LINE ( 'NONE', #1016, #344 ) ;
#2520 = ORIENTED_EDGE ( 'NONE', *, *, #3411, .F. ) ;
#2521 = EDGE_LOOP ( 'NONE', ( #263, #2238, #1948, #1173, #2284, #2995, #182, #594 ) ) ;
#2522 = ADVANCED_FACE ( 'NONE', ( #216 ), #2942, .T. ) ;
#2523 = DIRECTION ( 'NONE',  ( 0.000000000000000000, 0.000000000000000000, 1.000000000000000000 ) ) ;
#2524 = FACE_OUTER_BOUND ( 'NONE', #1912, .T. ) ;
#2525 = AXIS2_PLACEMENT_3D ( 'NONE', #249, #1910, #2476 ) ;
#2526 = ORIENTED_EDGE ( 'NONE', *, *, #1009, .F. ) ;
#2527 = DIRECTION ( 'NONE',  ( -1.000000000000000000, 0.000000000000000000, 0.000000000000000000 ) ) ;
#2528 = LINE ( 'NONE', #2551, #1492 ) ;
#2529 = ORIENTED_EDGE ( 'NONE', *, *, #60, .T. ) ;
#2530 = CARTESIAN_POINT ( 'NONE',  ( -4.699999999999998401, -11.19999999999999751, 1.500000000000000000 ) ) ;
#2531 = CARTESIAN_POINT ( 'NONE',  ( 5.807179676972446636, -6.099999999999999645, 1.500000000000000000 ) ) ;
#2532 = EDGE_LOOP ( 'NONE', ( #2968, #3354, #2538, #3089 ) ) ;
#2533 = LINE ( 'NONE', #2384, #1060 ) ;
#2534 = EDGE_CURVE ( 'NONE', #343, #1333, #844, .T. ) ;
#2535 = CC_DESIGN_APPROVAL ( #31, ( #1543 ) ) ;
#2536 = ORIENTED_EDGE ( 'NONE', *, *, #1459, .F. ) ;
#2537 = DIRECTION ( 'NONE',  ( 0.000000000000000000, 0.000000000000000000, -1.000000000000000000 ) ) ;
#2538 = ORIENTED_EDGE ( 'NONE', *, *, #1889, .F. ) ;
#2539 = ORIENTED_EDGE ( 'NONE', *, *, #2083, .F. ) ;
#2540 = CARTESIAN_POINT ( 'NONE',  ( 6.499999999999999112, -6.500000000000000000, 4.000000000000000000 ) ) ;
#2541 = AXIS2_PLACEMENT_3D ( 'NONE', #2581, #2592, #940 ) ;
#2542 = ADVANCED_FACE ( 'NONE', ( #180 ), #1705, .F. ) ;
#2543 = CARTESIAN_POINT ( 'NONE',  ( 4.699999999999998401, -9.199999999999999289, 3.000000000000000000 ) ) ;
#2544 = FACE_OUTER_BOUND ( 'NONE', #2296, .T. ) ;
#2545 = EDGE_CURVE ( 'NONE', #909, #551, #1143, .T. ) ;
#2546 = CIRCLE ( 'NONE', #214, 5.000000000000000000 ) ;
#2547 = VECTOR ( 'NONE', #1135, 1000.000000000000000 ) ;
#2548 = CARTESIAN_POINT ( 'NONE',  ( 3.500000000000000444, -11.99999999999999645, 5.500000000000000000 ) ) ;
#2549 = CIRCLE ( 'NONE', #1056, 3.800000000000000711 ) ;
#2550 = DIRECTION ( 'NONE',  ( -0.000000000000000000, -0.000000000000000000, -1.000000000000000000 ) ) ;
#2551 = CARTESIAN_POINT ( 'NONE',  ( -3.500000000000000444, -16.99999999999999645, 5.500000000000000000 ) ) ;
#2552 = ORIENTED_EDGE ( 'NONE', *, *, #1306, .T. ) ;
#2553 = CARTESIAN_POINT ( 'NONE',  ( 3.499999999999999556, -16.29999999999999716, -0.000000000000000000 ) ) ;
#2554 = EDGE_CURVE ( 'NONE', #519, #2602, #1531, .T. ) ;
#2555 = VERTEX_POINT ( 'NONE', #1241 ) ;
#2556 = ORIENTED_EDGE ( 'NONE', *, *, #2193, .F. ) ;
#2557 = ADVANCED_FACE ( 'NONE', ( #2524 ), #2996, .T. ) ;
#2558 = LINE ( 'NONE', #951, #425 ) ;
#2559 = CARTESIAN_POINT ( 'NONE',  ( -5.807179676972446636, 6.899999999999999467, 1.500000000000000000 ) ) ;
#2560 = ORIENTED_EDGE ( 'NONE', *, *, #1407, .T. ) ;
#2561 = VERTEX_POINT ( 'NONE', #420 ) ;
#2562 = DIRECTION ( 'NONE',  ( -1.000000000000000000, -0.000000000000000000, -0.000000000000000000 ) ) ;
#2563 = CIRCLE ( 'NONE', #322, 4.000000000000000000 ) ;
#2564 = EDGE_CURVE ( 'NONE', #2567, #2036, #522, .T. ) ;
#2565 = VERTEX_POINT ( 'NONE', #1282 ) ;
#2566 = CIRCLE ( 'NONE', #2185, 3.000000000000000444 ) ;
#2567 = VERTEX_POINT ( 'NONE', #694 ) ;
#2568 = DIRECTION ( 'NONE',  ( 0.000000000000000000, 0.000000000000000000, -1.000000000000000000 ) ) ;
#2569 = LINE ( 'NONE', #1029, #1189 ) ;
#2570 = EDGE_CURVE ( 'NONE', #3194, #1710, #3439, .T. ) ;
#2571 = CARTESIAN_POINT ( 'NONE',  ( 5.499999999999999112, 9.199999999999999289, 1.500000000000000000 ) ) ;
#2572 = VERTEX_POINT ( 'NONE', #2599 ) ;
#2573 = LINE ( 'NONE', #3279, #107 ) ;
#2574 = DIRECTION ( 'NONE',  ( -0.000000000000000000, -1.000000000000000000, -0.000000000000000000 ) ) ;
#2575 = ORIENTED_EDGE ( 'NONE', *, *, #1343, .F. ) ;
#2576 = ADVANCED_FACE ( 'NONE', ( #2266 ), #1254, .F. ) ;
#2577 = EDGE_CURVE ( 'NONE', #3265, #1595, #611, .T. ) ;
#2578 = CARTESIAN_POINT ( 'NONE',  ( -5.499999999999999112, 11.19999999999999929, 4.000000000000000000 ) ) ;
#2579 = ORIENTED_EDGE ( 'NONE', *, *, #3192, .F. ) ;
#2580 = AXIS2_PLACEMENT_3D ( 'NONE', #3116, #3168, #2011 ) ;
#2581 = CARTESIAN_POINT ( 'NONE',  ( -6.499999999999999112, -6.500000000000000000, 4.000000000000000000 ) ) ;
#2582 = VECTOR ( 'NONE', #348, 1000.000000000000000 ) ;
#2583 = DIRECTION ( 'NONE',  ( 1.000000000000000000, 0.000000000000000000, 0.000000000000000000 ) ) ;
#2584 = CARTESIAN_POINT ( 'NONE',  ( 5.807179676972446636, 6.899999999999999467, 1.500000000000000000 ) ) ;
#2585 = CARTESIAN_POINT ( 'NONE',  ( -5.499999999999999112, -9.199999999999999289, 1.500000000000000000 ) ) ;
#2586 = CIRCLE ( 'NONE', #2975, 3.800000000000002931 ) ;
#2587 = PLANE ( 'NONE',  #3263 ) ;
#2588 = EDGE_CURVE ( 'NONE', #3480, #838, #976, .T. ) ;
#2589 = CARTESIAN_POINT ( 'NONE',  ( 3.500000000000000444, -11.99999999999999645, 1.500000000000000000 ) ) ;
#2590 = FACE_OUTER_BOUND ( 'NONE', #2334, .T. ) ;
#2591 = AXIS2_PLACEMENT_3D ( 'NONE', #2065, #2326, #3452 ) ;
#2592 = DIRECTION ( 'NONE',  ( -0.000000000000000000, 0.000000000000000000, -1.000000000000000000 ) ) ;
#2593 = EDGE_LOOP ( 'NONE', ( #1439, #3, #890, #648 ) ) ;
#2594 = ORIENTED_EDGE ( 'NONE', *, *, #1099, .F. ) ;
#2595 = DIRECTION ( 'NONE',  ( 0.000000000000000000, 1.000000000000000000, 0.000000000000000000 ) ) ;
#2596 = DIRECTION ( 'NONE',  ( -0.000000000000000000, -0.000000000000000000, -1.000000000000000000 ) ) ;
#2597 = DIRECTION ( 'NONE',  ( -1.000000000000000000, 0.000000000000000000, 0.000000000000000000 ) ) ;
#2598 = DIRECTION ( 'NONE',  ( -1.000000000000000000, 0.000000000000000000, -0.000000000000000000 ) ) ;
#2599 = CARTESIAN_POINT ( 'NONE',  ( -3.500000000000000444, -16.99999999999999645, 0.000000000000000000 ) ) ;
#2600 = ORIENTED_EDGE ( 'NONE', *, *, #1503, .F. ) ;
#2601 = VECTOR ( 'NONE', #3315, 1000.000000000000000 ) ;
#2602 = VERTEX_POINT ( 'NONE', #2684 ) ;
#2603 = CARTESIAN_POINT ( 'NONE',  ( 4.699999999999998401, -9.199999999999999289, 3.000000000000000000 ) ) ;
#2604 = FACE_OUTER_BOUND ( 'NONE', #3078, .T. ) ;
#2605 = ORIENTED_EDGE ( 'NONE', *, *, #2631, .T. ) ;
#2606 = AXIS2_PLACEMENT_3D ( 'NONE', #3369, #3409, #2568 ) ;
#2607 = CARTESIAN_POINT ( 'NONE',  ( -3.500000000000000444, -11.99999999999999645, 1.100000000000000311 ) ) ;
#2608 = EDGE_CURVE ( 'NONE', #2036, #881, #1405, .T. ) ;
#2609 = VECTOR ( 'NONE', #3177, 1000.000000000000000 ) ;
#2610 = DIRECTION ( 'NONE',  ( 0.000000000000000000, -0.000000000000000000, 1.000000000000000000 ) ) ;
#2611 = DIRECTION ( 'NONE',  ( -1.000000000000000000, 0.000000000000000000, 0.000000000000000000 ) ) ;
#2612 = ORIENTED_EDGE ( 'NONE', *, *, #2759, .T. ) ;
#2613 = ORIENTED_EDGE ( 'NONE', *, *, #1748, .T. ) ;
#2614 = CARTESIAN_POINT ( 'NONE',  ( -5.807179676972446636, 6.899999999999999467, 1.500000000000000000 ) ) ;
#2615 = CARTESIAN_POINT ( 'NONE',  ( 5.499999999999999112, -11.19999999999999929, 1.500000000000000000 ) ) ;
#2616 = EDGE_CURVE ( 'NONE', #551, #2789, #1052, .T. ) ;
#2617 = VECTOR ( 'NONE', #1086, 1000.000000000000000 ) ;
#2618 = DIRECTION ( 'NONE',  ( -0.000000000000000000, -0.000000000000000000, 1.000000000000000000 ) ) ;
#2619 = ORIENTED_EDGE ( 'NONE', *, *, #1499, .F. ) ;
#2620 = VERTEX_POINT ( 'NONE', #518 ) ;
#2621 = VECTOR ( 'NONE', #1815, 1000.000000000000000 ) ;
#2622 = ORIENTED_EDGE ( 'NONE', *, *, #1183, .F. ) ;
#2623 = CARTESIAN_POINT ( 'NONE',  ( 7.000000000000000888, -11.99999999999999645, 5.099999999999999645 ) ) ;
#2624 = ORIENTED_EDGE ( 'NONE', *, *, #167, .T. ) ;
#2625 = DIRECTION ( 'NONE',  ( 0.000000000000000000, -1.000000000000000000, 0.000000000000000000 ) ) ;
#2626 = CARTESIAN_POINT ( 'NONE',  ( 4.699999999999998401, -11.19999999999999751, 1.500000000000000000 ) ) ;
#2627 = ORIENTED_EDGE ( 'NONE', *, *, #3226, .T. ) ;
#2628 = DIRECTION ( 'NONE',  ( -0.000000000000000000, -0.000000000000000000, -1.000000000000000000 ) ) ;
#2629 = CIRCLE ( 'NONE', #252, 3.800000000000000711 ) ;
#2630 = VECTOR ( 'NONE', #53, 1000.000000000000000 ) ;
#2631 = EDGE_CURVE ( 'NONE', #3480, #1359, #352, .T. ) ;
#2632 = VECTOR ( 'NONE', #3216, 1000.000000000000000 ) ;
#2633 = DIRECTION ( 'NONE',  ( 0.000000000000000000, 0.000000000000000000, 1.000000000000000000 ) ) ;
#2634 = DIRECTION ( 'NONE',  ( 1.000000000000000000, -0.000000000000000000, 0.000000000000000000 ) ) ;
#2635 = PLANE ( 'NONE',  #2962 ) ;
#2636 = AXIS2_PLACEMENT_3D ( 'NONE', #2049, #1199, #1443 ) ;
#2637 = CARTESIAN_POINT ( 'NONE',  ( -5.699999999999997513, -6.500000000000000000, 1.500000000000000000 ) ) ;
#2638 = LINE ( 'NONE', #1162, #918 ) ;
#2639 = EDGE_CURVE ( 'NONE', #422, #3532, #260, .T. ) ;
#2640 = CARTESIAN_POINT ( 'NONE',  ( 5.499999999999999112, -9.199999999999999289, 3.000000000000000000 ) ) ;
#2641 = DIRECTION ( 'NONE',  ( -3.614007241618347908E-17, 1.000000000000000000, 0.000000000000000000 ) ) ;
#2642 = ORIENTED_EDGE ( 'NONE', *, *, #2752, .T. ) ;
#2643 = ORIENTED_EDGE ( 'NONE', *, *, #900, .T. ) ;
#2644 = CALENDAR_DATE ( 2025, 16, 6 ) ;
#2645 = AXIS2_PLACEMENT_3D ( 'NONE', #33, #3551, #1924 ) ;
#2646 = ORIENTED_EDGE ( 'NONE', *, *, #2545, .T. ) ;
#2647 = ORIENTED_EDGE ( 'NONE', *, *, #311, .F. ) ;
#2648 = DIRECTION ( 'NONE',  ( -0.000000000000000000, -0.000000000000000000, 1.000000000000000000 ) ) ;
#2649 = VECTOR ( 'NONE', #1452, 1000.000000000000000 ) ;
#2650 = DIRECTION ( 'NONE',  ( 0.000000000000000000, 0.000000000000000000, 1.000000000000000000 ) ) ;
#2651 = CARTESIAN_POINT ( 'NONE',  ( -3.500000000000000444, -15.49999999999999822, 5.500000000000000000 ) ) ;
#2652 = EDGE_CURVE ( 'NONE', #247, #896, #2791, .T. ) ;
#2653 = VERTEX_POINT ( 'NONE', #2972 ) ;
#2654 = LINE ( 'NONE', #2340, #1826 ) ;
#2655 = EDGE_CURVE ( 'NONE', #3442, #175, #1749, .T. ) ;
#2656 = CARTESIAN_POINT ( 'NONE',  ( -3.500000000000000000, 11.99999999999999822, 5.099999999999999645 ) ) ;
#2657 = ORIENTED_EDGE ( 'NONE', *, *, #603, .F. ) ;
#2658 = VERTEX_POINT ( 'NONE', #2712 ) ;
#2659 = CIRCLE ( 'NONE', #554, 0.8000000000000012657 ) ;
#2660 = DIRECTION ( 'NONE',  ( -0.000000000000000000, -0.000000000000000000, 1.000000000000000000 ) ) ;
#2661 = AXIS2_PLACEMENT_3D ( 'NONE', #3163, #1205, #1485 ) ;
#2662 = DIRECTION ( 'NONE',  ( 0.000000000000000000, -1.000000000000000000, -0.000000000000000000 ) ) ;
#2663 = CARTESIAN_POINT ( 'NONE',  ( -6.999999999999999112, -11.99999999999999645, 5.099999999999999645 ) ) ;
#2664 = CARTESIAN_POINT ( 'NONE',  ( -7.500000000000000888, 12.00000000000000355, 5.500000000000000000 ) ) ;
#2665 = VECTOR ( 'NONE', #2971, 1000.000000000000000 ) ;
#2666 = CARTESIAN_POINT ( 'NONE',  ( -5.807179676972446636, 6.899999999999999467, 1.500000000000000000 ) ) ;
#2667 = EDGE_CURVE ( 'NONE', #3479, #2489, #1872, .T. ) ;
#2668 = CARTESIAN_POINT ( 'NONE',  ( 0.000000000000000000, 16.30000000000000426, 0.000000000000000000 ) ) ;
#2669 = ORIENTED_EDGE ( 'NONE', *, *, #1002, .F. ) ;
#2670 = DIRECTION ( 'NONE',  ( 1.000000000000000000, 0.000000000000000000, 0.000000000000000000 ) ) ;
#2671 = VERTEX_POINT ( 'NONE', #1861 ) ;
#2672 = VERTEX_POINT ( 'NONE', #3541 ) ;
#2673 = VECTOR ( 'NONE', #90, 1000.000000000000000 ) ;
#2674 = CARTESIAN_POINT ( 'NONE',  ( -5.499999999999999112, 9.199999999999999289, 1.500000000000000000 ) ) ;
#2675 = CARTESIAN_POINT ( 'NONE',  ( 3.499999999999999556, -16.99999999999999645, 4.500000000000000000 ) ) ;
#2676 = FACE_OUTER_BOUND ( 'NONE', #2998, .T. ) ;
#2677 = LINE ( 'NONE', #401, #1206 ) ;
#2678 = EDGE_CURVE ( 'NONE', #3389, #862, #3179, .T. ) ;
#2679 = CARTESIAN_POINT ( 'NONE',  ( -7.000000000000000888, 6.899999999999999467, 4.000000000000000000 ) ) ;
#2680 = DIRECTION ( 'NONE',  ( 1.000000000000000000, 0.000000000000000000, 0.000000000000000000 ) ) ;
#2681 = ORIENTED_EDGE ( 'NONE', *, *, #2564, .T. ) ;
#2682 = EDGE_LOOP ( 'NONE', ( #2689, #2820, #1245, #176, #2301, #2084, #2696 ) ) ;
#2683 = CARTESIAN_POINT ( 'NONE',  ( -2.791057147390573423, -15.49999999999999822, 1.100000000000000311 ) ) ;
#2684 = CARTESIAN_POINT ( 'NONE',  ( 8.500000000000000000, 12.00000000000000355, 4.500000000000000000 ) ) ;
#2685 = LINE ( 'NONE', #2993, #1214 ) ;
#2686 = ADVANCED_FACE ( 'NONE', ( #2137 ), #2697, .T. ) ;
#2687 = EDGE_LOOP ( 'NONE', ( #1136, #3342, #1957, #1845 ) ) ;
#2688 = DIRECTION ( 'NONE',  ( 0.000000000000000000, 0.000000000000000000, 1.000000000000000000 ) ) ;
#2689 = ORIENTED_EDGE ( 'NONE', *, *, #1483, .F. ) ;
#2690 = FACE_OUTER_BOUND ( 'NONE', #3114, .T. ) ;
#2691 = EDGE_LOOP ( 'NONE', ( #1782, #2830, #3305, #444, #3261, #387 ) ) ;
#2692 = DIRECTION ( 'NONE',  ( 0.000000000000000000, 0.000000000000000000, -1.000000000000000000 ) ) ;
#2693 = LINE ( 'NONE', #974, #2475 ) ;
#2694 = DIRECTION ( 'NONE',  ( 1.000000000000000000, -0.000000000000000000, -0.000000000000000000 ) ) ;
#2695 = DIRECTION ( 'NONE',  ( -1.000000000000000000, 0.000000000000000000, -0.000000000000000000 ) ) ;
#2696 = ORIENTED_EDGE ( 'NONE', *, *, #731, .F. ) ;
#2697 = CYLINDRICAL_SURFACE ( 'NONE', #2142, 5.000000000000000000 ) ;
#2698 = DIRECTION ( 'NONE',  ( 0.000000000000000000, 0.000000000000000000, 1.000000000000000000 ) ) ;
#2699 = EDGE_CURVE ( 'NONE', #2319, #2555, #2569, .T. ) ;
#2700 = ORIENTED_EDGE ( 'NONE', *, *, #711, .F. ) ;
#2701 = LINE ( 'NONE', #2921, #527 ) ;
#2702 = DIRECTION ( 'NONE',  ( 1.000000000000000000, 0.000000000000000000, 0.000000000000000000 ) ) ;
#2703 = AXIS2_PLACEMENT_3D ( 'NONE', #1127, #3057, #1680 ) ;
#2704 = VERTEX_POINT ( 'NONE', #505 ) ;
#2705 = PLANE ( 'NONE',  #1792 ) ;
#2706 = ORIENTED_EDGE ( 'NONE', *, *, #364, .F. ) ;
#2707 = CARTESIAN_POINT ( 'NONE',  ( 0.000000000000000000, 0.000000000000000000, 1.500000000000000000 ) ) ;
#2708 = ORIENTED_EDGE ( 'NONE', *, *, #2827, .T. ) ;
#2709 = ORIENTED_EDGE ( 'NONE', *, *, #541, .F. ) ;
#2710 = DIRECTION ( 'NONE',  ( -1.000000000000000000, 0.000000000000000000, 0.000000000000000000 ) ) ;
#2711 = AXIS2_PLACEMENT_3D ( 'NONE', #3269, #1068, #3009 ) ;
#2712 = CARTESIAN_POINT ( 'NONE',  ( -7.800000000000001599, 12.00000000000000355, 0.000000000000000000 ) ) ;
#2713 = VERTEX_POINT ( 'NONE', #751 ) ;
#2714 = CARTESIAN_POINT ( 'NONE',  ( -3.500000000000000444, 12.00000000000000355, 4.000000000000000000 ) ) ;
#2715 = LINE ( 'NONE', #287, #1551 ) ;
#2716 = DIRECTION ( 'NONE',  ( 0.000000000000000000, -1.000000000000000000, 0.000000000000000000 ) ) ;
#2717 = DIRECTION ( 'NONE',  ( 0.000000000000000000, 0.000000000000000000, -1.000000000000000000 ) ) ;
#2718 = EDGE_CURVE ( 'NONE', #1788, #429, #3308, .T. ) ;
#2719 = LINE ( 'NONE', #712, #2416 ) ;
#2720 = CYLINDRICAL_SURFACE ( 'NONE', #2105, 4.300000000000000711 ) ;
#2721 = CARTESIAN_POINT ( 'NONE',  ( -3.500000000000001332, 16.30000000000000426, 1.500000000000000000 ) ) ;
#2722 = VECTOR ( 'NONE', #379, 1000.000000000000000 ) ;
#2723 = VERTEX_POINT ( 'NONE', #1852 ) ;
#2724 = AXIS2_PLACEMENT_3D ( 'NONE', #2984, #2426, #499 ) ;
#2725 = ORIENTED_EDGE ( 'NONE', *, *, #196, .F. ) ;
#2726 = LOCAL_TIME ( 14, 12, 50.00000000000000000, #1601 ) ;
#2727 = CARTESIAN_POINT ( 'NONE',  ( -7.300000000000002487, -11.99999999999999645, 1.500000000000000000 ) ) ;
#2728 = EDGE_LOOP ( 'NONE', ( #1258, #3222, #3350, #1541 ) ) ;
#2729 = CARTESIAN_POINT ( 'NONE',  ( 5.807179676972446636, -6.099999999999999645, 1.500000000000000000 ) ) ;
#2730 = CARTESIAN_POINT ( 'NONE',  ( 7.000000000000000888, -11.99999999999999645, 4.000000000000000000 ) ) ;
#2731 = EDGE_CURVE ( 'NONE', #787, #1278, #3262, .T. ) ;
#2732 = VECTOR ( 'NONE', #3486, 1000.000000000000000 ) ;
#2733 = CARTESIAN_POINT ( 'NONE',  ( -5.807179676972446636, -6.099999999999999645, 4.000000000000000000 ) ) ;
#2734 = DIRECTION ( 'NONE',  ( 0.000000000000000000, -1.000000000000000000, 0.000000000000000000 ) ) ;
#2735 = VERTEX_POINT ( 'NONE', #530 ) ;
#2736 = CARTESIAN_POINT ( 'NONE',  ( 3.499999999999999556, 15.50000000000000355, 1.100000000000000311 ) ) ;
#2737 = LINE ( 'NONE', #1027, #1914 ) ;
#2738 = ORIENTED_EDGE ( 'NONE', *, *, #2759, .F. ) ;
#2739 = ORIENTED_EDGE ( 'NONE', *, *, #2534, .F. ) ;
#2740 = VECTOR ( 'NONE', #905, 1000.000000000000000 ) ;
#2741 = EDGE_CURVE ( 'NONE', #2844, #2024, #1785, .T. ) ;
#2742 = APPLICATION_PROTOCOL_DEFINITION ( 'international standard', 'config_control_design', 1994, #2180 ) ;
#2743 = ORIENTED_EDGE ( 'NONE', *, *, #2853, .T. ) ;
#2744 = ADVANCED_FACE ( 'NONE', ( #481 ), #1104, .F. ) ;
#2745 = DIRECTION ( 'NONE',  ( 1.000000000000000000, -1.445602896647339163E-16, 0.000000000000000000 ) ) ;
#2746 = CARTESIAN_POINT ( 'NONE',  ( 5.807179676972446636, 6.899999999999999467, 1.500000000000000000 ) ) ;
#2747 = DIRECTION ( 'NONE',  ( 0.000000000000000000, 1.000000000000000000, 0.000000000000000000 ) ) ;
#2748 = CARTESIAN_POINT ( 'NONE',  ( -3.500000000000001332, 16.30000000000000426, 1.500000000000000000 ) ) ;
#2749 = EDGE_LOOP ( 'NONE', ( #769, #1874, #3337, #313, #2529, #2725, #3293, #757, #3127, #2046, #272, #3451 ) ) ;
#2750 = CYLINDRICAL_SURFACE ( 'NONE', #446, 3.800000000000002931 ) ;
#2751 = DIRECTION ( 'NONE',  ( -0.000000000000000000, -0.000000000000000000, 1.000000000000000000 ) ) ;
#2752 = EDGE_CURVE ( 'NONE', #3194, #2492, #3353, .T. ) ;
#2753 = CIRCLE ( 'NONE', #2761, 5.000000000000000000 ) ;
#2754 = DIRECTION ( 'NONE',  ( -0.000000000000000000, -0.000000000000000000, -1.000000000000000000 ) ) ;
#2755 = CARTESIAN_POINT ( 'NONE',  ( 0.000000000000000000, 17.00000000000000355, 0.000000000000000000 ) ) ;
#2756 = VERTEX_POINT ( 'NONE', #2478 ) ;
#2757 = CARTESIAN_POINT ( 'NONE',  ( 5.499999999999999112, -11.19999999999999929, 1.500000000000000000 ) ) ;
#2758 = DIRECTION ( 'NONE',  ( -0.000000000000000000, 1.000000000000000000, -0.000000000000000000 ) ) ;
#2759 = EDGE_CURVE ( 'NONE', #2352, #3194, #2056, .T. ) ;
#2760 = EDGE_LOOP ( 'NONE', ( #2073, #1458, #1752, #1981, #3508, #1181 ) ) ;
#2761 = AXIS2_PLACEMENT_3D ( 'NONE', #1585, #3526, #3212 ) ;
#2762 = DIRECTION ( 'NONE',  ( 0.000000000000000000, 1.000000000000000000, 0.000000000000000000 ) ) ;
#2763 = FACE_OUTER_BOUND ( 'NONE', #578, .T. ) ;
#2764 = DIRECTION ( 'NONE',  ( 0.000000000000000000, 0.000000000000000000, 1.000000000000000000 ) ) ;
#2765 = ADVANCED_FACE ( 'NONE', ( #391 ), #19, .T. ) ;
#2766 = LINE ( 'NONE', #1698, #204 ) ;
#2767 = EDGE_CURVE ( 'NONE', #2713, #2658, #3129, .T. ) ;
#2768 = APPROVAL_STATUS ( 'not_yet_approved' ) ;
#2769 = VECTOR ( 'NONE', #2323, 1000.000000000000000 ) ;
#2770 = DIRECTION ( 'NONE',  ( 0.000000000000000000, 1.000000000000000000, 0.000000000000000000 ) ) ;
#2771 = CARTESIAN_POINT ( 'NONE',  ( 3.000000000000000444, 17.00000000000000355, 0.000000000000000000 ) ) ;
#2772 = DIRECTION ( 'NONE',  ( -0.000000000000000000, -0.000000000000000000, 1.000000000000000000 ) ) ;
#2773 = AXIS2_PLACEMENT_3D ( 'NONE', #2721, #392, #2610 ) ;
#2774 = CARTESIAN_POINT ( 'NONE',  ( -4.699999999999998401, -11.19999999999999751, 1.500000000000000000 ) ) ;
#2775 = CARTESIAN_POINT ( 'NONE',  ( -3.500000000000001332, 15.80000000000000426, 1.500000000000000000 ) ) ;
#2776 = ORIENTED_EDGE ( 'NONE', *, *, #479, .F. ) ;
#2777 = VERTEX_POINT ( 'NONE', #2999 ) ;
#2778 = DIRECTION ( 'NONE',  ( -0.000000000000000000, -0.000000000000000000, 1.000000000000000000 ) ) ;
#2779 = LINE ( 'NONE', #2746, #3214 ) ;
#2780 = EDGE_CURVE ( 'NONE', #2492, #1919, #310, .T. ) ;
#2781 = VERTEX_POINT ( 'NONE', #852 ) ;
#2782 = ADVANCED_FACE ( 'NONE', ( #2435 ), #43, .F. ) ;
#2783 = ORIENTED_EDGE ( 'NONE', *, *, #1645, .T. ) ;
#2784 = CIRCLE ( 'NONE', #1477, 3.499999999999999112 ) ;
#2785 = CARTESIAN_POINT ( 'NONE',  ( -3.500000000000000444, -11.99999999999999645, 5.500000000000000000 ) ) ;
#2786 = AXIS2_PLACEMENT_3D ( 'NONE', #2342, #1017, #1786 ) ;
#2787 = ORIENTED_EDGE ( 'NONE', *, *, #94, .T. ) ;
#2788 = VECTOR ( 'NONE', #2252, 1000.000000000000000 ) ;
#2789 = VERTEX_POINT ( 'NONE', #1911 ) ;
#2790 = CARTESIAN_POINT ( 'NONE',  ( 6.499999999999999112, 6.500000000000000000, 1.500000000000000000 ) ) ;
#2791 = CIRCLE ( 'NONE', #1842, 3.000000000000000444 ) ;
#2792 = DIRECTION ( 'NONE',  ( 0.000000000000000000, -0.000000000000000000, -1.000000000000000000 ) ) ;
#2793 = VERTEX_POINT ( 'NONE', #2212 ) ;
#2794 = TOROIDAL_SURFACE ( 'NONE', #18, 4.000000000000000000, 1.000000000000000000 ) ;
#2795 = ORIENTED_EDGE ( 'NONE', *, *, #1973, .F. ) ;
#2796 = ORIENTED_EDGE ( 'NONE', *, *, #2197, .F. ) ;
#2797 = ORIENTED_EDGE ( 'NONE', *, *, #1716, .F. ) ;
#2798 = AXIS2_PLACEMENT_3D ( 'NONE', #3335, #2851, #1180 ) ;
#2799 = CARTESIAN_POINT ( 'NONE',  ( -7.800000000000001599, -11.99999999999999645, 1.500000000000000000 ) ) ;
#2800 = VERTEX_POINT ( 'NONE', #1398 ) ;
#2801 = ADVANCED_FACE ( 'NONE', ( #937 ), #262, .T. ) ;
#2802 = EDGE_CURVE ( 'NONE', #1093, #2006, #1834, .T. ) ;
#2803 = ORIENTED_EDGE ( 'NONE', *, *, #3132, .T. ) ;
#2804 = CARTESIAN_POINT ( 'NONE',  ( -5.499999999999999112, 11.19999999999999929, 1.500000000000000000 ) ) ;
#2805 = ORIENTED_EDGE ( 'NONE', *, *, #355, .T. ) ;
#2806 = EDGE_CURVE ( 'NONE', #1746, #14, #3046, .T. ) ;
#2807 = CARTESIAN_POINT ( 'NONE',  ( -3.500000000000000444, -11.99999999999999645, 1.100000000000000089 ) ) ;
#2808 = VECTOR ( 'NONE', #2859, 1000.000000000000000 ) ;
#2809 = LINE ( 'NONE', #2663, #1808 ) ;
#2810 = DIRECTION ( 'NONE',  ( 0.000000000000000000, 0.000000000000000000, 1.000000000000000000 ) ) ;
#2811 = LINE ( 'NONE', #1401, #37 ) ;
#2812 = DIRECTION ( 'NONE',  ( -0.000000000000000000, -1.000000000000000000, -0.000000000000000000 ) ) ;
#2813 = DIRECTION ( 'NONE',  ( -1.000000000000000000, 0.000000000000000000, 0.000000000000000000 ) ) ;
#2814 = LINE ( 'NONE', #3124, #2769 ) ;
#2815 = PERSON ( '未指定', '未指定', '未指定', ('未指定'), ('未指定'), ('未指定') ) ;
#2816 = ORIENTED_EDGE ( 'NONE', *, *, #399, .T. ) ;
#2817 = ADVANCED_FACE ( 'NONE', ( #2223 ), #274, .F. ) ;
#2818 = DIRECTION ( 'NONE',  ( 1.000000000000000000, 0.000000000000000000, -0.000000000000000000 ) ) ;
#2819 = AXIS2_PLACEMENT_3D ( 'NONE', #870, #3340, #2372 ) ;
#2820 = ORIENTED_EDGE ( 'NONE', *, *, #1819, .T. ) ;
#2821 = CARTESIAN_POINT ( 'NONE',  ( -7.000000000000000888, 0.000000000000000000, 4.000000000000000000 ) ) ;
#2822 = EDGE_CURVE ( 'NONE', #1309, #2800, #1323, .T. ) ;
#2823 = VECTOR ( 'NONE', #663, 1000.000000000000000 ) ;
#2824 = AXIS2_PLACEMENT_3D ( 'NONE', #2790, #3358, #3320 ) ;
#2825 = DIRECTION ( 'NONE',  ( 0.000000000000000000, 0.000000000000000000, -1.000000000000000000 ) ) ;
#2826 = ORIENTED_EDGE ( 'NONE', *, *, #714, .T. ) ;
#2827 = EDGE_CURVE ( 'NONE', #1333, #14, #227, .T. ) ;
#2828 = CIRCLE ( 'NONE', #880, 4.000000000000000000 ) ;
#2829 = ORIENTED_EDGE ( 'NONE', *, *, #2038, .T. ) ;
#2830 = ORIENTED_EDGE ( 'NONE', *, *, #2307, .F. ) ;
#2831 = ORIENTED_EDGE ( 'NONE', *, *, #40, .F. ) ;
#2832 = LINE ( 'NONE', #690, #1223 ) ;
#2833 = AXIS2_PLACEMENT_3D ( 'NONE', #2366, #1538, #745 ) ;
#2834 = PLANE ( 'NONE',  #2511 ) ;
#2835 = CARTESIAN_POINT ( 'NONE',  ( 6.499999999999999112, 6.500000000000000000, 1.500000000000000000 ) ) ;
#2836 = DIRECTION ( 'NONE',  ( 1.000000000000000000, 0.000000000000000000, 0.000000000000000000 ) ) ;
#2837 = ADVANCED_FACE ( 'NONE', ( #2954 ), #1899, .T. ) ;
#2838 = EDGE_CURVE ( 'NONE', #906, #3164, #2566, .T. ) ;
#2839 = DIRECTION ( 'NONE',  ( -1.000000000000000000, 0.000000000000000000, 0.000000000000000000 ) ) ;
#2840 = VERTEX_POINT ( 'NONE', #345 ) ;
#2841 = DATE_AND_TIME ( #224, #1276 ) ;
#2842 = ORIENTED_EDGE ( 'NONE', *, *, #1161, .F. ) ;
#2843 = EDGE_CURVE ( 'NONE', #623, #429, #565, .T. ) ;
#2844 = VERTEX_POINT ( 'NONE', #1949 ) ;
#2845 = DIRECTION ( 'NONE',  ( -1.000000000000000000, 0.000000000000000000, 0.000000000000000000 ) ) ;
#2846 = ORIENTED_EDGE ( 'NONE', *, *, #1407, .F. ) ;
#2847 = DIRECTION ( 'NONE',  ( -0.000000000000000000, -0.000000000000000000, 1.000000000000000000 ) ) ;
#2848 = AXIS2_PLACEMENT_3D ( 'NONE', #1506, #1196, #969 ) ;
#2849 = CARTESIAN_POINT ( 'NONE',  ( -5.499999999999999112, 8.199999999999999289, 4.000000000000000000 ) ) ;
#2850 = ORIENTED_EDGE ( 'NONE', *, *, #40, .T. ) ;
#2851 = DIRECTION ( 'NONE',  ( -0.000000000000000000, -1.000000000000000000, -0.000000000000000000 ) ) ;
#2852 = VECTOR ( 'NONE', #2479, 1000.000000000000000 ) ;
#2853 = EDGE_CURVE ( 'NONE', #14, #3447, #2874, .T. ) ;
#2854 = LINE ( 'NONE', #48, #2196 ) ;
#2855 = ADVANCED_FACE ( 'NONE', ( #1918 ), #1153, .T. ) ;
#2856 = VECTOR ( 'NONE', #226, 1000.000000000000000 ) ;
#2857 = DIRECTION ( 'NONE',  ( 0.000000000000000000, 0.000000000000000000, 1.000000000000000000 ) ) ;
#2858 = DIRECTION ( 'NONE',  ( 1.000000000000000000, 0.000000000000000000, 0.000000000000000000 ) ) ;
#2859 = DIRECTION ( 'NONE',  ( -0.000000000000000000, -0.000000000000000000, 1.000000000000000000 ) ) ;
#2860 = ORIENTED_EDGE ( 'NONE', *, *, #2473, .F. ) ;
#2861 = VECTOR ( 'NONE', #332, 1000.000000000000000 ) ;
#2862 = CARTESIAN_POINT ( 'NONE',  ( -4.699999999999998401, -9.199999999999999289, 1.500000000000000000 ) ) ;
#2863 = ORIENTED_EDGE ( 'NONE', *, *, #2219, .F. ) ;
#2864 = VERTEX_POINT ( 'NONE', #1442 ) ;
#2865 = CARTESIAN_POINT ( 'NONE',  ( 3.499999999999999556, 12.00000000000000355, 4.000000000000000000 ) ) ;
#2866 = LINE ( 'NONE', #132, #2649 ) ;
#2867 = EDGE_CURVE ( 'NONE', #3512, #3265, #56, .T. ) ;
#2868 = CARTESIAN_POINT ( 'NONE',  ( 4.699999999999998401, 8.199999999999999289, 4.000000000000000000 ) ) ;
#2869 = PLANE ( 'NONE',  #2328 ) ;
#2870 = ORIENTED_EDGE ( 'NONE', *, *, #2780, .F. ) ;
#2871 = FACE_OUTER_BOUND ( 'NONE', #892, .T. ) ;
#2872 = ORIENTED_EDGE ( 'NONE', *, *, #3362, .T. ) ;
#2873 = CARTESIAN_POINT ( 'NONE',  ( -3.500000000000000444, 12.00000000000000355, 1.100000000000000089 ) ) ;
#2874 = LINE ( 'NONE', #3356, #1967 ) ;
#2875 = VECTOR ( 'NONE', #3059, 1000.000000000000000 ) ;
#2876 = CARTESIAN_POINT ( 'NONE',  ( 7.000000000000000888, -6.099999999999999645, 1.499999999999999556 ) ) ;
#2877 = EDGE_LOOP ( 'NONE', ( #1676, #2059, #3531, #1781, #1131, #2646, #3539, #2829, #879, #1607, #3235, #3471 ) ) ;
#2878 = LINE ( 'NONE', #3467, #827 ) ;
#2879 = DIRECTION ( 'NONE',  ( 0.000000000000000000, 0.000000000000000000, 1.000000000000000000 ) ) ;
#2880 = CARTESIAN_POINT ( 'NONE',  ( 4.699999999999998401, 9.199999999999999289, 3.000000000000000000 ) ) ;
#2881 = ORIENTED_EDGE ( 'NONE', *, *, #1002, .T. ) ;
#2882 = ORIENTED_EDGE ( 'NONE', *, *, #1273, .F. ) ;
#2883 = EDGE_CURVE ( 'NONE', #2572, #68, #3303, .T. ) ;
#2884 = ORIENTED_EDGE ( 'NONE', *, *, #2187, .T. ) ;
#2885 = DIRECTION ( 'NONE',  ( 0.000000000000000000, 0.000000000000000000, -1.000000000000000000 ) ) ;
#2886 = CARTESIAN_POINT ( 'NONE',  ( -7.000000000000000888, -6.099999999999999645, 1.500000000000000000 ) ) ;
#2887 = CARTESIAN_POINT ( 'NONE',  ( 3.000000000000000444, 16.30000000000000426, 0.000000000000000000 ) ) ;
#2888 = LINE ( 'NONE', #1250, #1762 ) ;
#2889 = DIRECTION ( 'NONE',  ( -0.000000000000000000, 1.000000000000000000, -0.000000000000000000 ) ) ;
#2890 = VECTOR ( 'NONE', #2207, 1000.000000000000000 ) ;
#2891 = CARTESIAN_POINT ( 'NONE',  ( -7.500000000000000888, -11.99999999999999645, 5.500000000000000000 ) ) ;
#2892 = CYLINDRICAL_SURFACE ( 'NONE', #2798, 3.000000000000000444 ) ;
#2893 = EDGE_CURVE ( 'NONE', #2281, #3542, #1868, .T. ) ;
#2894 = CARTESIAN_POINT ( 'NONE',  ( 3.500000000000001776, 11.99999999999999822, 5.099999999999999645 ) ) ;
#2895 = FACE_OUTER_BOUND ( 'NONE', #893, .T. ) ;
#2896 = ORIENTED_EDGE ( 'NONE', *, *, #1887, .T. ) ;
#2897 = DIRECTION ( 'NONE',  ( 1.000000000000000000, 0.000000000000000000, 0.000000000000000000 ) ) ;
#2898 = PERSON_AND_ORGANIZATION ( #2815, #3166 ) ;
#2899 = CARTESIAN_POINT ( 'NONE',  ( -6.499999999999999112, -6.500000000000000000, 4.000000000000000000 ) ) ;
#2900 = ORIENTED_EDGE ( 'NONE', *, *, #1089, .T. ) ;
#2901 = EDGE_CURVE ( 'NONE', #1516, #2346, #3395, .T. ) ;
#2902 = CC_DESIGN_APPROVAL ( #944, ( #2349 ) ) ;
#2903 = LINE ( 'NONE', #1326, #3560 ) ;
#2904 = ORIENTED_EDGE ( 'NONE', *, *, #992, .T. ) ;
#2905 = DIRECTION ( 'NONE',  ( -1.000000000000000000, 0.000000000000000000, 0.000000000000000000 ) ) ;
#2906 = ORIENTED_EDGE ( 'NONE', *, *, #2160, .T. ) ;
#2907 = ORIENTED_EDGE ( 'NONE', *, *, #364, .T. ) ;
#2908 = ORIENTED_EDGE ( 'NONE', *, *, #506, .T. ) ;
#2909 = DIRECTION ( 'NONE',  ( -1.000000000000000000, 0.000000000000000000, 0.000000000000000000 ) ) ;
#2910 = DIRECTION ( 'NONE',  ( -0.000000000000000000, -0.000000000000000000, -1.000000000000000000 ) ) ;
#2911 = FACE_OUTER_BOUND ( 'NONE', #3209, .T. ) ;
#2912 = CARTESIAN_POINT ( 'NONE',  ( -3.500000000000001332, 15.80000000000000426, 1.100000000000000089 ) ) ;
#2913 = EDGE_LOOP ( 'NONE', ( #2074, #2579, #3040, #607, #1536, #1549, #1700, #1575, #1859, #358, #2518, #1197 ) ) ;
#2914 = CARTESIAN_POINT ( 'NONE',  ( 3.500000000000001332, -15.79999999999999893, 1.500000000000000000 ) ) ;
#2915 = EDGE_CURVE ( 'NONE', #1919, #988, #100, .T. ) ;
#2916 = ORIENTED_EDGE ( 'NONE', *, *, #747, .F. ) ;
#2917 = LINE ( 'NONE', #2948, #359 ) ;
#2918 = DIRECTION ( 'NONE',  ( -0.000000000000000000, -0.000000000000000000, 1.000000000000000000 ) ) ;
#2919 = CARTESIAN_POINT ( 'NONE',  ( 5.499999999999999112, 9.199999999999999289, 3.000000000000000000 ) ) ;
#2920 = VERTEX_POINT ( 'NONE', #3060 ) ;
#2921 = CARTESIAN_POINT ( 'NONE',  ( -7.300000000000002487, -11.99999999999999645, 1.500000000000000000 ) ) ;
#2922 = CARTESIAN_POINT ( 'NONE',  ( -7.300000000000000711, 12.00000000000000355, 1.100000000000000089 ) ) ;
#2923 = EDGE_CURVE ( 'NONE', #3291, #2777, #2659, .T. ) ;
#2924 = VERTEX_POINT ( 'NONE', #883 ) ;
#2925 = DIRECTION ( 'NONE',  ( 1.000000000000000000, -0.000000000000000000, -0.000000000000000000 ) ) ;
#2926 = DIRECTION ( 'NONE',  ( -1.000000000000000000, -0.000000000000000000, -0.000000000000000000 ) ) ;
#2927 = CARTESIAN_POINT ( 'NONE',  ( -6.499999999999999112, 6.500000000000000000, 1.500000000000000000 ) ) ;
#2928 = EDGE_LOOP ( 'NONE', ( #2377, #2709, #231, #1523 ) ) ;
#2929 = LINE ( 'NONE', #2530, #406 ) ;
#2930 = DIRECTION ( 'NONE',  ( -0.000000000000000000, -0.000000000000000000, 1.000000000000000000 ) ) ;
#2931 = FACE_OUTER_BOUND ( 'NONE', #2593, .T. ) ;
#2932 = CARTESIAN_POINT ( 'NONE',  ( -6.499999999999999112, 6.500000000000000000, 4.000000000000000000 ) ) ;
#2933 = LINE ( 'NONE', #3517, #3202 ) ;
#2934 = DIRECTION ( 'NONE',  ( 1.000000000000000000, 0.000000000000000000, 0.000000000000000000 ) ) ;
#2935 = CARTESIAN_POINT ( 'NONE',  ( -5.807179676972446636, -6.899999999999999467, 1.500000000000000000 ) ) ;
#2936 = DIRECTION ( 'NONE',  ( 0.000000000000000000, 1.000000000000000000, 0.000000000000000000 ) ) ;
#2937 = ORIENTED_EDGE ( 'NONE', *, *, #2577, .T. ) ;
#2938 = EDGE_CURVE ( 'NONE', #627, #2263, #2134, .T. ) ;
#2939 = CARTESIAN_POINT ( 'NONE',  ( -8.500000000000000000, -16.99999999999999645, 0.000000000000000000 ) ) ;
#2940 = ORIENTED_EDGE ( 'NONE', *, *, #3324, .T. ) ;
#2941 = CARTESIAN_POINT ( 'NONE',  ( 7.500000000000000888, -11.99999999999999645, 5.500000000000000000 ) ) ;
#2942 = TOROIDAL_SURFACE ( 'NONE', #2081, 4.000000000000000000, 1.000000000000000000 ) ;
#2943 = CARTESIAN_POINT ( 'NONE',  ( -5.807179676972446636, -6.099999999999999645, 1.500000000000000000 ) ) ;
#2944 = EDGE_CURVE ( 'NONE', #838, #2408, #133, .T. ) ;
#2945 = ORIENTED_EDGE ( 'NONE', *, *, #1736, .T. ) ;
#2946 = LINE ( 'NONE', #2967, #810 ) ;
#2947 = DIRECTION ( 'NONE',  ( 1.000000000000000000, -2.168404344971008079E-15, 0.000000000000000000 ) ) ;
#2948 = CARTESIAN_POINT ( 'NONE',  ( -4.699999999999998401, 11.19999999999999751, 1.500000000000000000 ) ) ;
#2949 = CARTESIAN_POINT ( 'NONE',  ( 3.499999999999999556, 12.00000000000000355, 1.500000000000000000 ) ) ;
#2950 = ORIENTED_EDGE ( 'NONE', *, *, #3033, .T. ) ;
#2951 = FACE_OUTER_BOUND ( 'NONE', #1319, .T. ) ;
#2952 = ORIENTED_EDGE ( 'NONE', *, *, #2616, .F. ) ;
#2953 = DIRECTION ( 'NONE',  ( -1.000000000000000000, -0.000000000000000000, -0.000000000000000000 ) ) ;
#2954 = FACE_OUTER_BOUND ( 'NONE', #2300, .T. ) ;
#2955 = AXIS2_PLACEMENT_3D ( 'NONE', #513, #478, #2695 ) ;
#2956 = DIRECTION ( 'NONE',  ( -1.000000000000000000, 0.000000000000000000, 0.000000000000000000 ) ) ;
#2957 = CARTESIAN_POINT ( 'NONE',  ( 0.000000000000000000, 15.80000000000000426, 0.000000000000000000 ) ) ;
#2958 = EDGE_CURVE ( 'NONE', #1416, #2446, #2304, .T. ) ;
#2959 = LINE ( 'NONE', #3069, #2875 ) ;
#2960 = EDGE_LOOP ( 'NONE', ( #3162, #225, #2437, #2265 ) ) ;
#2961 = DIRECTION ( 'NONE',  ( 0.000000000000000000, 0.000000000000000000, -1.000000000000000000 ) ) ;
#2962 = AXIS2_PLACEMENT_3D ( 'NONE', #194, #2094, #3453 ) ;
#2963 = DIRECTION ( 'NONE',  ( -0.000000000000000000, 1.000000000000000000, 0.000000000000000000 ) ) ;
#2964 = ORIENTED_EDGE ( 'NONE', *, *, #2114, .T. ) ;
#2965 = CARTESIAN_POINT ( 'NONE',  ( 2.791057147390573423, 15.80000000000000426, 1.100000000000000089 ) ) ;
#2966 = VERTEX_POINT ( 'NONE', #3405 ) ;
#2967 = CARTESIAN_POINT ( 'NONE',  ( 2.598076211353316900, -14.99999999999999822, 1.500000000000000000 ) ) ;
#2968 = ORIENTED_EDGE ( 'NONE', *, *, #2270, .T. ) ;
#2969 = CARTESIAN_POINT ( 'NONE',  ( 2.791057147390573423, -15.49999999999999822, 1.100000000000000311 ) ) ;
#2970 = DIRECTION ( 'NONE',  ( -0.000000000000000000, 0.000000000000000000, -1.000000000000000000 ) ) ;
#2971 = DIRECTION ( 'NONE',  ( 0.000000000000000000, 0.000000000000000000, -1.000000000000000000 ) ) ;
#2972 = CARTESIAN_POINT ( 'NONE',  ( -2.598076211353316900, -16.29999999999999716, 1.500000000000000000 ) ) ;
#2973 = VECTOR ( 'NONE', #300, 1000.000000000000000 ) ;
#2974 = ADVANCED_FACE ( 'NONE', ( #2604 ), #2048, .F. ) ;
#2975 = AXIS2_PLACEMENT_3D ( 'NONE', #3120, #363, #2028 ) ;
#2976 = VECTOR ( 'NONE', #1121, 1000.000000000000000 ) ;
#2977 = CARTESIAN_POINT ( 'NONE',  ( 5.807179676972446636, -6.899999999999999467, 4.000000000000000000 ) ) ;
#2978 = CIRCLE ( 'NONE', #2166, 0.8000000000000012657 ) ;
#2979 = EDGE_CURVE ( 'NONE', #787, #3447, #2051, .T. ) ;
#2980 = VERTEX_POINT ( 'NONE', #1198 ) ;
#2981 = DIRECTION ( 'NONE',  ( 0.000000000000000000, -1.000000000000000000, -0.000000000000000000 ) ) ;
#2982 = LINE ( 'NONE', #3220, #1896 ) ;
#2983 = ORIENTED_EDGE ( 'NONE', *, *, #506, .F. ) ;
#2984 = CARTESIAN_POINT ( 'NONE',  ( 0.000000000000000000, 15.50000000000000533, 0.000000000000000000 ) ) ;
#2985 = EDGE_CURVE ( 'NONE', #306, #1224, #3481, .T. ) ;
#2986 = ORIENTED_EDGE ( 'NONE', *, *, #108, .T. ) ;
#2987 = ORIENTED_EDGE ( 'NONE', *, *, #2741, .T. ) ;
#2988 = CARTESIAN_POINT ( 'NONE',  ( -3.000000000000000444, 16.30000000000000426, 0.000000000000000000 ) ) ;
#2989 = LINE ( 'NONE', #2651, #2732 ) ;
#2990 = ORIENTED_EDGE ( 'NONE', *, *, #2667, .T. ) ;
#2991 = CARTESIAN_POINT ( 'NONE',  ( 4.699999999999998401, -9.199999999999999289, 1.500000000000000000 ) ) ;
#2992 = VECTOR ( 'NONE', #2436, 1000.000000000000000 ) ;
#2993 = CARTESIAN_POINT ( 'NONE',  ( 3.500000000000001332, -15.79999999999999893, 1.500000000000000000 ) ) ;
#2994 = VERTEX_POINT ( 'NONE', #2886 ) ;
#2995 = ORIENTED_EDGE ( 'NONE', *, *, #3548, .F. ) ;
#2996 = CYLINDRICAL_SURFACE ( 'NONE', #1339, 0.8000000000000012657 ) ;
#2997 = DIRECTION ( 'NONE',  ( 1.000000000000000000, -0.000000000000000000, -0.000000000000000000 ) ) ;
#2998 = EDGE_LOOP ( 'NONE', ( #2950, #2315, #1864, #991 ) ) ;
#2999 = CARTESIAN_POINT ( 'NONE',  ( 5.807179676972446636, -6.099999999999999645, 1.500000000000000000 ) ) ;
#3000 = VERTEX_POINT ( 'NONE', #3145 ) ;
#3001 = EDGE_CURVE ( 'NONE', #2777, #2800, #2832, .T. ) ;
#3002 = AXIS2_PLACEMENT_3D ( 'NONE', #1675, #59, #1950 ) ;
#3003 = CARTESIAN_POINT ( 'NONE',  ( 8.500000000000000000, -11.99999999999999645, 0.000000000000000000 ) ) ;
#3004 = VECTOR ( 'NONE', #1696, 1000.000000000000000 ) ;
#3005 = ORIENTED_EDGE ( 'NONE', *, *, #834, .F. ) ;
#3006 = EDGE_CURVE ( 'NONE', #1802, #1710, #814, .T. ) ;
#3007 = DIRECTION ( 'NONE',  ( 0.000000000000000000, 0.000000000000000000, 1.000000000000000000 ) ) ;
#3008 = ORIENTED_EDGE ( 'NONE', *, *, #119, .T. ) ;
#3009 = DIRECTION ( 'NONE',  ( 1.000000000000000000, 0.000000000000000000, 0.000000000000000000 ) ) ;
#3010 = CARTESIAN_POINT ( 'NONE',  ( 3.500000000000001332, -15.79999999999999893, 1.500000000000000000 ) ) ;
#3011 = CARTESIAN_POINT ( 'NONE',  ( 5.499999999999999112, -9.199999999999999289, 1.500000000000000000 ) ) ;
#3012 = ORIENTED_EDGE ( 'NONE', *, *, #319, .T. ) ;
#3013 = ADVANCED_FACE ( 'NONE', ( #2951 ), #1207, .T. ) ;
#3014 = ORIENTED_EDGE ( 'NONE', *, *, #3510, .T. ) ;
#3015 = EDGE_CURVE ( 'NONE', #1706, #1691, #3041, .T. ) ;
#3016 = LINE ( 'NONE', #3021, #3414 ) ;
#3017 = PERSON_AND_ORGANIZATION_ROLE ( 'creator' ) ;
#3018 = PLANE ( 'NONE',  #3074 ) ;
#3019 = EDGE_CURVE ( 'NONE', #898, #2492, #1447, .T. ) ;
#3020 = FACE_OUTER_BOUND ( 'NONE', #1832, .T. ) ;
#3021 = CARTESIAN_POINT ( 'NONE',  ( -3.499999999999999556, -16.29999999999999716, 1.500000000000000000 ) ) ;
#3022 = VECTOR ( 'NONE', #2316, 1000.000000000000000 ) ;
#3023 = AXIS2_PLACEMENT_3D ( 'NONE', #2548, #1413, #2845 ) ;
#3024 = DIRECTION ( 'NONE',  ( 0.000000000000000000, -1.000000000000000000, 0.000000000000000000 ) ) ;
#3025 = ORIENTED_EDGE ( 'NONE', *, *, #891, .T. ) ;
#3026 = CALENDAR_DATE ( 2025, 16, 6 ) ;
#3027 = ORIENTED_EDGE ( 'NONE', *, *, #199, .T. ) ;
#3028 = DIRECTION ( 'NONE',  ( -1.000000000000000000, 0.000000000000000000, 0.000000000000000000 ) ) ;
#3029 = VERTEX_POINT ( 'NONE', #2876 ) ;
#3030 = ADVANCED_FACE ( 'NONE', ( #2217 ), #3416, .F. ) ;
#3031 = DIRECTION ( 'NONE',  ( 1.000000000000000000, 0.000000000000000000, -0.000000000000000000 ) ) ;
#3032 = CARTESIAN_POINT ( 'NONE',  ( 4.699999999999998401, 11.19999999999999751, 1.500000000000000000 ) ) ;
#3033 = EDGE_CURVE ( 'NONE', #755, #1526, #1403, .T. ) ;
#3034 = PERSON_AND_ORGANIZATION ( #2815, #3166 ) ;
#3035 = DIRECTION ( 'NONE',  ( 0.000000000000000000, 1.000000000000000000, 0.000000000000000000 ) ) ;
#3036 = VERTEX_POINT ( 'NONE', #679 ) ;
#3037 = DIRECTION ( 'NONE',  ( -1.000000000000000000, 0.000000000000000000, 0.000000000000000000 ) ) ;
#3038 = LINE ( 'NONE', #547, #1780 ) ;
#3039 = DIRECTION ( 'NONE',  ( 1.000000000000000000, -0.000000000000000000, -0.000000000000000000 ) ) ;
#3040 = ORIENTED_EDGE ( 'NONE', *, *, #2639, .F. ) ;
#3041 = CIRCLE ( 'NONE', #2209, 3.500000000000000888 ) ;
#3042 = ORIENTED_EDGE ( 'NONE', *, *, #2369, .T. ) ;
#3043 =( LENGTH_UNIT ( ) NAMED_UNIT ( * ) SI_UNIT ( .MILLI., .METRE. ) );
#3044 = CARTESIAN_POINT ( 'NONE',  ( -2.791057147390573423, 15.80000000000000426, 1.100000000000000089 ) ) ;
#3045 = DIRECTION ( 'NONE',  ( 1.000000000000000000, 0.000000000000000000, 0.000000000000000000 ) ) ;
#3046 = LINE ( 'NONE', #1621, #2309 ) ;
#3047 = DIRECTION ( 'NONE',  ( -0.000000000000000000, -0.000000000000000000, -1.000000000000000000 ) ) ;
#3048 = LINE ( 'NONE', #2211, #3004 ) ;
#3049 = EDGE_LOOP ( 'NONE', ( #186, #1481, #2115, #1797 ) ) ;
#3050 = DIRECTION ( 'NONE',  ( -0.000000000000000000, -0.000000000000000000, 1.000000000000000000 ) ) ;
#3051 = ADVANCED_FACE ( 'NONE', ( #2911 ), #1741, .F. ) ;
#3052 = EDGE_CURVE ( 'NONE', #2653, #3203, #729, .T. ) ;
#3053 = DIRECTION ( 'NONE',  ( 0.000000000000000000, -1.000000000000000000, 0.000000000000000000 ) ) ;
#3054 = ORIENTED_EDGE ( 'NONE', *, *, #1343, .T. ) ;
#3055 = ORIENTED_EDGE ( 'NONE', *, *, #2938, .T. ) ;
#3056 = CARTESIAN_POINT ( 'NONE',  ( -4.699999999999998401, 11.19999999999999751, 1.500000000000000000 ) ) ;
#3057 = DIRECTION ( 'NONE',  ( 0.000000000000000000, 0.000000000000000000, 1.000000000000000000 ) ) ;
#3058 = ORIENTED_EDGE ( 'NONE', *, *, #1642, .F. ) ;
#3059 = DIRECTION ( 'NONE',  ( -0.000000000000000000, 1.000000000000000000, -0.000000000000000000 ) ) ;
#3060 = CARTESIAN_POINT ( 'NONE',  ( -5.807179676972446636, 6.099999999999999645, 1.500000000000000000 ) ) ;
#3061 = DIRECTION ( 'NONE',  ( -0.000000000000000000, 1.000000000000000000, -0.000000000000000000 ) ) ;
#3062 = VECTOR ( 'NONE', #169, 1000.000000000000000 ) ;
#3063 = LINE ( 'NONE', #1856, #1253 ) ;
#3064 = LINE ( 'NONE', #1420, #2325 ) ;
#3065 = ADVANCED_FACE ( 'NONE', ( #1367 ), #2025, .F. ) ;
#3066 = AXIS2_PLACEMENT_3D ( 'NONE', #474, #3155, #1770 ) ;
#3067 = ORIENTED_EDGE ( 'NONE', *, *, #2241, .F. ) ;
#3068 = LINE ( 'NONE', #1657, #243 ) ;
#3069 = CARTESIAN_POINT ( 'NONE',  ( -5.499999999999999112, 9.199999999999999289, 3.000000000000000000 ) ) ;
#3070 = DIRECTION ( 'NONE',  ( -0.000000000000000000, -0.000000000000000000, 1.000000000000000000 ) ) ;
#3071 = DIRECTION ( 'NONE',  ( -0.000000000000000000, -0.000000000000000000, 1.000000000000000000 ) ) ;
#3072 = ORIENTED_EDGE ( 'NONE', *, *, #780, .F. ) ;
#3073 = PERSON_AND_ORGANIZATION ( #2815, #3166 ) ;
#3074 = AXIS2_PLACEMENT_3D ( 'NONE', #1906, #39, #1936 ) ;
#3075 = LINE ( 'NONE', #2159, #2047 ) ;
#3076 = CARTESIAN_POINT ( 'NONE',  ( 3.500000000000000444, -11.99999999999999645, 1.500000000000000000 ) ) ;
#3077 = AXIS2_PLACEMENT_3D ( 'NONE', #2873, #148, #2598 ) ;
#3078 = EDGE_LOOP ( 'NONE', ( #376, #3275, #676, #2249 ) ) ;
#3079 = VECTOR ( 'NONE', #1034, 1000.000000000000000 ) ;
#3080 = ORIENTED_EDGE ( 'NONE', *, *, #2731, .F. ) ;
#3081 = CARTESIAN_POINT ( 'NONE',  ( 6.499999999999999112, -6.500000000000000000, 1.500000000000000000 ) ) ;
#3082 = DIRECTION ( 'NONE',  ( -1.000000000000000000, 0.000000000000000000, -0.000000000000000000 ) ) ;
#3083 = ORIENTED_EDGE ( 'NONE', *, *, #2264, .T. ) ;
#3084 = ADVANCED_FACE ( 'NONE', ( #2871 ), #1794, .F. ) ;
#3085 = VECTOR ( 'NONE', #2963, 1000.000000000000000 ) ;
#3086 = VERTEX_POINT ( 'NONE', #2510 ) ;
#3087 = PRODUCT ( '04001节点下壳双', '04001节点下壳双', '', ( #280 ) ) ;
#3088 = EDGE_CURVE ( 'NONE', #1580, #2178, #2394, .T. ) ;
#3089 = ORIENTED_EDGE ( 'NONE', *, *, #2767, .T. ) ;
#3090 = ORIENTED_EDGE ( 'NONE', *, *, #1327, .F. ) ;
#3091 = CIRCLE ( 'NONE', #1898, 1.000000000000000000 ) ;
#3092 = ORIENTED_EDGE ( 'NONE', *, *, #3465, .T. ) ;
#3093 = DIRECTION ( 'NONE',  ( -1.000000000000000000, 0.000000000000000000, 0.000000000000000000 ) ) ;
#3094 = DIRECTION ( 'NONE',  ( 0.000000000000000000, -1.000000000000000000, 0.000000000000000000 ) ) ;
#3095 = CARTESIAN_POINT ( 'NONE',  ( -3.500000000000000444, -15.49999999999999822, 4.000000000000000000 ) ) ;
#3096 = ORIENTED_EDGE ( 'NONE', *, *, #2386, .T. ) ;
#3097 = ORIENTED_EDGE ( 'NONE', *, *, #517, .F. ) ;
#3098 = ORIENTED_EDGE ( 'NONE', *, *, #2667, .F. ) ;
#3099 = EDGE_CURVE ( 'NONE', #1629, #1097, #2007, .T. ) ;
#3100 = ADVANCED_FACE ( 'NONE', ( #687 ), #10, .T. ) ;
#3101 = DIRECTION ( 'NONE',  ( -1.000000000000000000, 0.000000000000000000, 0.000000000000000000 ) ) ;
#3102 = ORIENTED_EDGE ( 'NONE', *, *, #3242, .T. ) ;
#3103 = LINE ( 'NONE', #2614, #1725 ) ;
#3104 = CARTESIAN_POINT ( 'NONE',  ( -5.807179676972446636, -6.099999999999999645, 1.500000000000000000 ) ) ;
#3105 = DIRECTION ( 'NONE',  ( -1.000000000000000000, 0.000000000000000000, 0.000000000000000000 ) ) ;
#3106 = DIRECTION ( 'NONE',  ( -0.000000000000000000, -0.000000000000000000, 1.000000000000000000 ) ) ;
#3107 = LINE ( 'NONE', #2229, #2547 ) ;
#3108 = CARTESIAN_POINT ( 'NONE',  ( 3.499999999999999556, 15.50000000000000533, 4.000000000000000000 ) ) ;
#3109 = EDGE_CURVE ( 'NONE', #1494, #2178, #304, .T. ) ;
#3110 = VECTOR ( 'NONE', #2918, 1000.000000000000000 ) ;
#3111 = ORIENTED_EDGE ( 'NONE', *, *, #1065, .F. ) ;
#3112 = DIRECTION ( 'NONE',  ( 2.168404344971008079E-15, 1.000000000000000000, 0.000000000000000000 ) ) ;
#3113 = LOCAL_TIME ( 14, 12, 50.00000000000000000, #553 ) ;
#3114 = EDGE_LOOP ( 'NONE', ( #2803, #3469, #3450, #813, #445, #3523 ) ) ;
#3115 = CARTESIAN_POINT ( 'NONE',  ( -4.699999999999998401, -11.19999999999999751, 4.000000000000000000 ) ) ;
#3116 = CARTESIAN_POINT ( 'NONE',  ( 5.499999999999999112, 11.19999999999999929, 1.500000000000000000 ) ) ;
#3117 = CARTESIAN_POINT ( 'NONE',  ( -4.699999999999998401, 11.19999999999999751, 4.000000000000000000 ) ) ;
#3118 = ADVANCED_FACE ( 'NONE', ( #1098 ), #3376, .F. ) ;
#3119 = FACE_OUTER_BOUND ( 'NONE', #848, .T. ) ;
#3120 = CARTESIAN_POINT ( 'NONE',  ( 3.499999999999999556, 12.00000000000000355, 1.500000000000000000 ) ) ;
#3121 = ORIENTED_EDGE ( 'NONE', *, *, #3019, .F. ) ;
#3122 = ORIENTED_EDGE ( 'NONE', *, *, #1716, .T. ) ;
#3123 = EDGE_CURVE ( 'NONE', #1219, #3086, #2174, .T. ) ;
#3124 = CARTESIAN_POINT ( 'NONE',  ( -3.500000000000000444, -15.79999999999999893, 1.500000000000000000 ) ) ;
#3125 = LINE ( 'NONE', #3128, #1745 ) ;
#3126 = AXIS2_PLACEMENT_3D ( 'NONE', #2835, #2308, #2583 ) ;
#3127 = ORIENTED_EDGE ( 'NONE', *, *, #170, .F. ) ;
#3128 = CARTESIAN_POINT ( 'NONE',  ( -7.500000000000000888, 0.000000000000000000, 5.500000000000000000 ) ) ;
#3129 = LINE ( 'NONE', #589, #2398 ) ;
#3130 = CARTESIAN_POINT ( 'NONE',  ( 5.499999999999999112, -9.199999999999999289, 1.500000000000000000 ) ) ;
#3131 = CARTESIAN_POINT ( 'NONE',  ( -4.699999999999998401, -9.199999999999999289, 3.000000000000000000 ) ) ;
#3132 = EDGE_CURVE ( 'NONE', #2723, #1788, #655, .T. ) ;
#3133 = DIRECTION ( 'NONE',  ( -1.000000000000000000, 0.000000000000000000, 0.000000000000000000 ) ) ;
#3134 = EDGE_LOOP ( 'NONE', ( #46, #2216, #1611, #3323 ) ) ;
#3135 = FACE_OUTER_BOUND ( 'NONE', #1356, .T. ) ;
#3136 = ORIENTED_EDGE ( 'NONE', *, *, #2577, .F. ) ;
#3137 = AXIS2_PLACEMENT_3D ( 'NONE', #2865, #402, #3093 ) ;
#3138 = VECTOR ( 'NONE', #3314, 1000.000000000000000 ) ;
#3139 = ADVANCED_FACE ( 'NONE', ( #3521 ), #2834, .F. ) ;
#3140 = ORIENTED_EDGE ( 'NONE', *, *, #2923, .T. ) ;
#3141 = DIRECTION ( 'NONE',  ( 1.000000000000000000, 2.168404344971008079E-15, -0.000000000000000000 ) ) ;
#3142 = VECTOR ( 'NONE', #651, 1000.000000000000000 ) ;
#3143 = ORIENTED_EDGE ( 'NONE', *, *, #2554, .T. ) ;
#3144 = CARTESIAN_POINT ( 'NONE',  ( -5.499999999999999112, -11.19999999999999929, 4.000000000000000000 ) ) ;
#3145 = CARTESIAN_POINT ( 'NONE',  ( 3.499999999999999556, -15.99999999999999645, 5.500000000000000000 ) ) ;
#3146 = AXIS2_PLACEMENT_3D ( 'NONE', #673, #665, #3133 ) ;
#3147 = DIRECTION ( 'NONE',  ( -0.000000000000000000, -0.000000000000000000, 1.000000000000000000 ) ) ;
#3148 = DIRECTION ( 'NONE',  ( 0.000000000000000000, 0.000000000000000000, -1.000000000000000000 ) ) ;
#3149 = EDGE_CURVE ( 'NONE', #2218, #2514, #3125, .T. ) ;
#3150 = CARTESIAN_POINT ( 'NONE',  ( 4.699999999999998401, 9.199999999999999289, 1.500000000000000000 ) ) ;
#3151 = AXIS2_PLACEMENT_3D ( 'NONE', #1291, #1303, #217 ) ;
#3152 = CIRCLE ( 'NONE', #1346, 3.500000000000000000 ) ;
#3153 = CIRCLE ( 'NONE', #163, 3.000000000000000444 ) ;
#3154 = LINE ( 'NONE', #1495, #1349 ) ;
#3155 = DIRECTION ( 'NONE',  ( 0.000000000000000000, 1.000000000000000000, 0.000000000000000000 ) ) ;
#3156 = CARTESIAN_POINT ( 'NONE',  ( 3.499999999999999556, 12.00000000000000355, 5.500000000000000000 ) ) ;
#3157 = ORIENTED_EDGE ( 'NONE', *, *, #2545, .F. ) ;
#3158 = LINE ( 'NONE', #3234, #2250 ) ;
#3159 = CARTESIAN_POINT ( 'NONE',  ( -3.499999999999999556, -15.49999999999999645, 5.099999999999999645 ) ) ;
#3160 = CARTESIAN_POINT ( 'NONE',  ( -3.500000000000000444, 12.00000000000000355, 4.500000000000000000 ) ) ;
#3161 = ORIENTED_EDGE ( 'NONE', *, *, #1284, .F. ) ;
#3162 = ORIENTED_EDGE ( 'NONE', *, *, #1871, .T. ) ;
#3163 = CARTESIAN_POINT ( 'NONE',  ( 5.499999999999999112, -9.199999999999999289, 1.500000000000000000 ) ) ;
#3164 = VERTEX_POINT ( 'NONE', #412 ) ;
#3165 = DIRECTION ( 'NONE',  ( 0.000000000000000000, 0.000000000000000000, 1.000000000000000000 ) ) ;
#3166 = ORGANIZATION ( '未指定', '未指定', '' ) ;
#3167 = EDGE_CURVE ( 'NONE', #1236, #2864, #389, .T. ) ;
#3168 = DIRECTION ( 'NONE',  ( -1.000000000000000000, 0.000000000000000000, -0.000000000000000000 ) ) ;
#3169 = CARTESIAN_POINT ( 'NONE',  ( -3.500000000000000444, -11.99999999999999645, 5.500000000000000000 ) ) ;
#3170 = ORIENTED_EDGE ( 'NONE', *, *, #1459, .T. ) ;
#3171 = LINE ( 'NONE', #1371, #2391 ) ;
#3172 = ORIENTED_EDGE ( 'NONE', *, *, #857, .F. ) ;
#3173 = CARTESIAN_POINT ( 'NONE',  ( -7.000000000000000888, 11.99999999999999822, 5.500000000000000000 ) ) ;
#3174 = ORIENTED_EDGE ( 'NONE', *, *, #2901, .F. ) ;
#3175 = EDGE_CURVE ( 'NONE', #925, #346, #771, .T. ) ;
#3176 = ORIENTED_EDGE ( 'NONE', *, *, #1448, .F. ) ;
#3177 = DIRECTION ( 'NONE',  ( -0.000000000000000000, -0.000000000000000000, 1.000000000000000000 ) ) ;
#3178 = ORIENTED_EDGE ( 'NONE', *, *, #1081, .T. ) ;
#3179 = LINE ( 'NONE', #1318, #3525 ) ;
#3180 = ORIENTED_EDGE ( 'NONE', *, *, #1604, .F. ) ;
#3181 = LINE ( 'NONE', #996, #3444 ) ;
#3182 = ORIENTED_EDGE ( 'NONE', *, *, #1322, .T. ) ;
#3183 = DIRECTION ( 'NONE',  ( 0.000000000000000000, 0.000000000000000000, 1.000000000000000000 ) ) ;
#3184 = DIRECTION ( 'NONE',  ( -0.000000000000000000, -0.000000000000000000, 1.000000000000000000 ) ) ;
#3185 = VECTOR ( 'NONE', #839, 1000.000000000000000 ) ;
#3186 = DIRECTION ( 'NONE',  ( -1.000000000000000000, 0.000000000000000000, 0.000000000000000000 ) ) ;
#3187 = CARTESIAN_POINT ( 'NONE',  ( 5.499999999999999112, -8.199999999999999289, 4.000000000000000000 ) ) ;
#3188 = ORIENTED_EDGE ( 'NONE', *, *, #2608, .F. ) ;
#3189 = ORIENTED_EDGE ( 'NONE', *, *, #2718, .F. ) ;
#3190 = AXIS2_PLACEMENT_3D ( 'NONE', #2490, #34, #2164 ) ;
#3191 = ORIENTED_EDGE ( 'NONE', *, *, #2843, .F. ) ;
#3192 = EDGE_CURVE ( 'NONE', #3532, #1493, #1661, .T. ) ;
#3193 = CARTESIAN_POINT ( 'NONE',  ( -7.000000000000000888, 0.000000000000000000, 4.000000000000000000 ) ) ;
#3194 = VERTEX_POINT ( 'NONE', #1820 ) ;
#3195 = FACE_BOUND ( 'NONE', #3524, .T. ) ;
#3196 = EDGE_CURVE ( 'NONE', #902, #2994, #2693, .T. ) ;
#3197 = DIRECTION ( 'NONE',  ( -0.000000000000000000, 0.000000000000000000, -1.000000000000000000 ) ) ;
#3198 = CARTESIAN_POINT ( 'NONE',  ( -4.699999999999998401, 8.199999999999999289, 3.000000000000000000 ) ) ;
#3199 = CARTESIAN_POINT ( 'NONE',  ( 8.500000000000000000, 12.00000000000000355, 5.500000000000000000 ) ) ;
#3200 = TOROIDAL_SURFACE ( 'NONE', #1496, 4.000000000000000000, 1.000000000000000000 ) ;
#3201 = CARTESIAN_POINT ( 'NONE',  ( 7.300000000000004263, 12.00000000000000355, 1.100000000000000089 ) ) ;
#3202 = VECTOR ( 'NONE', #2390, 1000.000000000000000 ) ;
#3203 = VERTEX_POINT ( 'NONE', #1246 ) ;
#3204 = CARTESIAN_POINT ( 'NONE',  ( 7.500000000000000888, 12.00000000000000355, 4.500000000000000000 ) ) ;
#3205 = APPROVAL_PERSON_ORGANIZATION ( #2898, #31, #2233 ) ;
#3206 = DIRECTION ( 'NONE',  ( -0.000000000000000000, -0.000000000000000000, -1.000000000000000000 ) ) ;
#3207 = EDGE_CURVE ( 'NONE', #2024, #247, #3349, .T. ) ;
#3208 = EDGE_LOOP ( 'NONE', ( #83, #582, #1963, #536 ) ) ;
#3209 = EDGE_LOOP ( 'NONE', ( #3528, #2594, #160, #66, #1010, #2448 ) ) ;
#3210 = DIRECTION ( 'NONE',  ( -0.000000000000000000, -0.000000000000000000, 1.000000000000000000 ) ) ;
#3211 = AXIS2_PLACEMENT_3D ( 'NONE', #487, #3497, #1835 ) ;
#3212 = DIRECTION ( 'NONE',  ( -1.000000000000000000, 0.000000000000000000, 0.000000000000000000 ) ) ;
#3213 = CARTESIAN_POINT ( 'NONE',  ( -5.499999999999999112, 8.199999999999999289, 3.000000000000000000 ) ) ;
#3214 = VECTOR ( 'NONE', #3045, 1000.000000000000000 ) ;
#3215 = ORIENTED_EDGE ( 'NONE', *, *, #1690, .F. ) ;
#3216 = DIRECTION ( 'NONE',  ( -0.000000000000000000, -1.000000000000000000, -0.000000000000000000 ) ) ;
#3217 = FACE_OUTER_BOUND ( 'NONE', #667, .T. ) ;
#3218 = AXIS2_PLACEMENT_3D ( 'NONE', #826, #1598, #2702 ) ;
#3219 = VECTOR ( 'NONE', #2562, 1000.000000000000000 ) ;
#3220 = CARTESIAN_POINT ( 'NONE',  ( 4.699999999999998401, 11.19999999999999751, 4.000000000000000000 ) ) ;
#3221 = CARTESIAN_POINT ( 'NONE',  ( 8.500000000000000000, -11.99999999999999645, 4.500000000000000000 ) ) ;
#3222 = ORIENTED_EDGE ( 'NONE', *, *, #711, .T. ) ;
#3223 = CARTESIAN_POINT ( 'NONE',  ( 7.500000000000000888, -11.99999999999999645, 4.500000000000000000 ) ) ;
#3224 = VECTOR ( 'NONE', #1267, 1000.000000000000000 ) ;
#3225 = DIRECTION ( 'NONE',  ( -0.000000000000000000, -0.000000000000000000, 1.000000000000000000 ) ) ;
#3226 = EDGE_CURVE ( 'NONE', #787, #1108, #562, .T. ) ;
#3227 = ORIENTED_EDGE ( 'NONE', *, *, #1829, .T. ) ;
#3228 = LINE ( 'NONE', #2733, #3185 ) ;
#3229 = UNCERTAINTY_MEASURE_WITH_UNIT (LENGTH_MEASURE( 1.000000000000000082E-05 ), #3043, 'distance_accuracy_value', 'NONE');
#3230 = PLANE ( 'NONE',  #1915 ) ;
#3231 = CARTESIAN_POINT ( 'NONE',  ( -3.000000000000000444, 15.00000000000000533, 0.000000000000000000 ) ) ;
#3232 = ORIENTED_EDGE ( 'NONE', *, *, #2360, .F. ) ;
#3233 = ORIENTED_EDGE ( 'NONE', *, *, #1618, .T. ) ;
#3234 = CARTESIAN_POINT ( 'NONE',  ( -4.699999999999998401, -8.199999999999999289, 3.000000000000000000 ) ) ;
#3235 = ORIENTED_EDGE ( 'NONE', *, *, #3362, .F. ) ;
#3236 = DIRECTION ( 'NONE',  ( -1.000000000000000000, 0.000000000000000000, 0.000000000000000000 ) ) ;
#3237 = CARTESIAN_POINT ( 'NONE',  ( -6.499999999999999112, 6.500000000000000000, 1.500000000000000000 ) ) ;
#3238 = VERTEX_POINT ( 'NONE', #2919 ) ;
#3239 = CARTESIAN_POINT ( 'NONE',  ( -3.500000000000000444, -11.99999999999999645, 1.500000000000000000 ) ) ;
#3240 = LINE ( 'NONE', #315, #1381 ) ;
#3241 = DIRECTION ( 'NONE',  ( -0.000000000000000000, -0.000000000000000000, 1.000000000000000000 ) ) ;
#3242 = EDGE_CURVE ( 'NONE', #2489, #1236, #2563, .T. ) ;
#3243 = ADVANCED_FACE ( 'NONE', ( #1440 ), #1537, .F. ) ;
#3244 = FACE_OUTER_BOUND ( 'NONE', #200, .T. ) ;
#3245 = CARTESIAN_POINT ( 'NONE',  ( -5.807179676972446636, 6.899999999999999467, 1.500000000000000000 ) ) ;
#3246 = LINE ( 'NONE', #1271, #121 ) ;
#3247 = PLANE ( 'NONE',  #3270 ) ;
#3248 = CARTESIAN_POINT ( 'NONE',  ( 3.499999999999999556, -16.99999999999999645, 5.500000000000000000 ) ) ;
#3249 = LINE ( 'NONE', #2729, #334 ) ;
#3250 = ORIENTED_EDGE ( 'NONE', *, *, #808, .F. ) ;
#3251 = ORIENTED_EDGE ( 'NONE', *, *, #2013, .T. ) ;
#3252 = ORIENTED_EDGE ( 'NONE', *, *, #2588, .T. ) ;
#3253 = DIRECTION ( 'NONE',  ( -0.000000000000000000, -0.000000000000000000, 1.000000000000000000 ) ) ;
#3254 = CARTESIAN_POINT ( 'NONE',  ( 5.499999999999999112, 8.199999999999999289, 4.000000000000000000 ) ) ;
#3255 = ORIENTED_EDGE ( 'NONE', *, *, #2172, .F. ) ;
#3256 = VECTOR ( 'NONE', #256, 1000.000000000000000 ) ;
#3257 = CARTESIAN_POINT ( 'NONE',  ( 3.499999999999999556, 12.00000000000000355, 0.000000000000000000 ) ) ;
#3258 = EDGE_LOOP ( 'NONE', ( #2232, #2539, #2026, #786 ) ) ;
#3259 = FACE_OUTER_BOUND ( 'NONE', #1800, .T. ) ;
#3260 = ORIENTED_EDGE ( 'NONE', *, *, #1089, .F. ) ;
#3261 = ORIENTED_EDGE ( 'NONE', *, *, #2444, .F. ) ;
#3262 = LINE ( 'NONE', #1566, #3085 ) ;
#3263 = AXIS2_PLACEMENT_3D ( 'NONE', #3443, #567, #490 ) ;
#3264 = CARTESIAN_POINT ( 'NONE',  ( -3.500000000000001332, 15.50000000000000533, 1.100000000000000311 ) ) ;
#3265 = VERTEX_POINT ( 'NONE', #3484 ) ;
#3266 = CARTESIAN_POINT ( 'NONE',  ( -5.807179676972446636, 6.899999999999999467, 4.000000000000000000 ) ) ;
#3267 = FACE_OUTER_BOUND ( 'NONE', #1100, .T. ) ;
#3268 = ORIENTED_EDGE ( 'NONE', *, *, #738, .F. ) ;
#3269 = CARTESIAN_POINT ( 'NONE',  ( -3.500000000000000000, -11.99999999999999645, 5.099999999999999645 ) ) ;
#3270 = AXIS2_PLACEMENT_3D ( 'NONE', #3503, #2371, #776 ) ;
#3271 = FACE_OUTER_BOUND ( 'NONE', #303, .T. ) ;
#3272 = ORIENTED_EDGE ( 'NONE', *, *, #1453, .F. ) ;
#3273 = ORIENTED_EDGE ( 'NONE', *, *, #1065, .T. ) ;
#3274 =( NAMED_UNIT ( * ) SI_UNIT ( $, .STERADIAN. ) SOLID_ANGLE_UNIT ( ) );
#3275 = ORIENTED_EDGE ( 'NONE', *, *, #2423, .F. ) ;
#3276 = PLANE ( 'NONE',  #1178 ) ;
#3277 = CARTESIAN_POINT ( 'NONE',  ( -3.500000000000001332, 16.30000000000000426, 0.000000000000000000 ) ) ;
#3278 = EDGE_CURVE ( 'NONE', #346, #947, #220, .T. ) ;
#3279 = CARTESIAN_POINT ( 'NONE',  ( 5.807179676972446636, -6.899999999999999467, 1.500000000000000000 ) ) ;
#3280 = DIRECTION ( 'NONE',  ( -0.000000000000000000, -0.000000000000000000, -1.000000000000000000 ) ) ;
#3281 = FACE_BOUND ( 'NONE', #1051, .T. ) ;
#3282 = AXIS2_PLACEMENT_3D ( 'NONE', #904, #366, #1174 ) ;
#3283 = CIRCLE ( 'NONE', #410, 3.499999999999999112 ) ;
#3284 = CARTESIAN_POINT ( 'NONE',  ( 3.000000000000000444, -16.99999999999999645, 0.000000000000000000 ) ) ;
#3285 = FACE_OUTER_BOUND ( 'NONE', #2017, .T. ) ;
#3286 = LINE ( 'NONE', #486, #3110 ) ;
#3287 = ADVANCED_FACE ( 'NONE', ( #3259 ), #1497, .F. ) ;
#3288 = DIRECTION ( 'NONE',  ( 0.000000000000000000, 0.000000000000000000, -1.000000000000000000 ) ) ;
#3289 = CARTESIAN_POINT ( 'NONE',  ( 4.699999999999998401, -8.199999999999999289, 3.000000000000000000 ) ) ;
#3290 = EDGE_CURVE ( 'NONE', #2419, #1526, #2654, .T. ) ;
#3291 = VERTEX_POINT ( 'NONE', #1259 ) ;
#3292 = PLANE ( 'NONE',  #1639 ) ;
#3293 = ORIENTED_EDGE ( 'NONE', *, *, #2493, .F. ) ;
#3294 = ORIENTED_EDGE ( 'NONE', *, *, #1562, .F. ) ;
#3295 = DIRECTION ( 'NONE',  ( 0.000000000000000000, -1.000000000000000000, 0.000000000000000000 ) ) ;
#3296 = CYLINDRICAL_SURFACE ( 'NONE', #733, 5.000000000000000000 ) ;
#3297 = EDGE_CURVE ( 'NONE', #909, #2202, #930, .T. ) ;
#3298 = ORIENTED_EDGE ( 'NONE', *, *, #2292, .F. ) ;
#3299 = CYLINDRICAL_SURFACE ( 'NONE', #3211, 3.000000000000000444 ) ;
#3300 = DIRECTION ( 'NONE',  ( 0.000000000000000000, 0.000000000000000000, 1.000000000000000000 ) ) ;
#3301 = CARTESIAN_POINT ( 'NONE',  ( -3.500000000000000444, -15.99999999999999645, 5.500000000000000000 ) ) ;
#3302 = EDGE_LOOP ( 'NONE', ( #1475, #2350, #1392, #2389 ) ) ;
#3303 = LINE ( 'NONE', #1964, #1830 ) ;
#3304 = PLANE ( 'NONE',  #2645 ) ;
#3305 = ORIENTED_EDGE ( 'NONE', *, *, #2021, .F. ) ;
#3306 = DIRECTION ( 'NONE',  ( -1.000000000000000000, 0.000000000000000000, 0.000000000000000000 ) ) ;
#3307 = ADVANCED_FACE ( 'NONE', ( #2470 ), #178, .F. ) ;
#3308 = LINE ( 'NONE', #2412, #1015 ) ;
#3309 = DIRECTION ( 'NONE',  ( 0.000000000000000000, 0.000000000000000000, -1.000000000000000000 ) ) ;
#3310 = ORIENTED_EDGE ( 'NONE', *, *, #3336, .F. ) ;
#3311 = DIRECTION ( 'NONE',  ( -0.000000000000000000, -0.000000000000000000, 1.000000000000000000 ) ) ;
#3312 = VECTOR ( 'NONE', #2747, 1000.000000000000000 ) ;
#3313 = ORIENTED_EDGE ( 'NONE', *, *, #2386, .F. ) ;
#3314 = DIRECTION ( 'NONE',  ( 1.000000000000000000, -0.000000000000000000, -0.000000000000000000 ) ) ;
#3315 = DIRECTION ( 'NONE',  ( -0.000000000000000000, -0.000000000000000000, 1.000000000000000000 ) ) ;
#3316 = LINE ( 'NONE', #2615, #1023 ) ;
#3317 = EDGE_CURVE ( 'NONE', #2489, #2602, #470, .T. ) ;
#3318 = DIRECTION ( 'NONE',  ( 0.000000000000000000, -1.000000000000000000, 0.000000000000000000 ) ) ;
#3319 = CARTESIAN_POINT ( 'NONE',  ( 5.499999999999999112, -11.19999999999999929, 4.000000000000000000 ) ) ;
#3320 = DIRECTION ( 'NONE',  ( 1.000000000000000000, 0.000000000000000000, 0.000000000000000000 ) ) ;
#3321 = ORIENTED_EDGE ( 'NONE', *, *, #3505, .F. ) ;
#3322 = DIRECTION ( 'NONE',  ( -0.000000000000000000, 1.000000000000000000, -0.000000000000000000 ) ) ;
#3323 = ORIENTED_EDGE ( 'NONE', *, *, #1829, .F. ) ;
#3324 = EDGE_CURVE ( 'NONE', #259, #2319, #768, .T. ) ;
#3325 = CYLINDRICAL_SURFACE ( 'NONE', #2447, 1.000000000000000000 ) ;
#3326 = CARTESIAN_POINT ( 'NONE',  ( 7.800000000000001599, -11.99999999999999645, 1.500000000000000000 ) ) ;
#3327 = ADVANCED_FACE ( 'NONE', ( #5 ), #166, .F. ) ;
#3328 = CARTESIAN_POINT ( 'NONE',  ( 7.300000000000004263, 12.00000000000000355, 1.500000000000000000 ) ) ;
#3329 = AXIS2_PLACEMENT_3D ( 'NONE', #1664, #1355, #286 ) ;
#3330 = FACE_OUTER_BOUND ( 'NONE', #1294, .T. ) ;
#3331 = DIRECTION ( 'NONE',  ( 1.000000000000000000, -0.000000000000000000, 0.000000000000000000 ) ) ;
#3332 = PLANE ( 'NONE',  #3002 ) ;
#3333 = LINE ( 'NONE', #2603, #2082 ) ;
#3334 = AXIS2_PLACEMENT_3D ( 'NONE', #990, #1522, #734 ) ;
#3335 = CARTESIAN_POINT ( 'NONE',  ( 0.000000000000000000, -14.99999999999999822, 0.000000000000000000 ) ) ;
#3336 = EDGE_CURVE ( 'NONE', #2920, #2319, #1656, .T. ) ;
#3337 = ORIENTED_EDGE ( 'NONE', *, *, #857, .T. ) ;
#3338 = ORIENTED_EDGE ( 'NONE', *, *, #2376, .T. ) ;
#3339 = CARTESIAN_POINT ( 'NONE',  ( 3.499999999999999556, 12.00000000000000355, 0.000000000000000000 ) ) ;
#3340 = DIRECTION ( 'NONE',  ( 0.000000000000000000, 0.000000000000000000, -1.000000000000000000 ) ) ;
#3341 = VECTOR ( 'NONE', #726, 1000.000000000000000 ) ;
#3342 = ORIENTED_EDGE ( 'NONE', *, *, #3052, .T. ) ;
#3343 = CARTESIAN_POINT ( 'NONE',  ( 3.499999999999999556, -15.49999999999999822, 1.100000000000000311 ) ) ;
#3344 = ORIENTED_EDGE ( 'NONE', *, *, #1851, .F. ) ;
#3345 = ADVANCED_FACE ( 'NONE', ( #3391 ), #1045, .F. ) ;
#3346 = VECTOR ( 'NONE', #1510, 1000.000000000000000 ) ;
#3347 = DIRECTION ( 'NONE',  ( 0.000000000000000000, 0.000000000000000000, -1.000000000000000000 ) ) ;
#3348 = ORIENTED_EDGE ( 'NONE', *, *, #2652, .F. ) ;
#3349 = LINE ( 'NONE', #448, #1482 ) ;
#3350 = ORIENTED_EDGE ( 'NONE', *, *, #255, .F. ) ;
#3351 = CC_DESIGN_PERSON_AND_ORGANIZATION_ASSIGNMENT ( #922, #1679, ( #1543 ) ) ;
#3352 = PLANE ( 'NONE',  #3282 ) ;
#3353 = LINE ( 'NONE', #1119, #1612 ) ;
#3354 = ORIENTED_EDGE ( 'NONE', *, *, #2741, .F. ) ;
#3355 = DIRECTION ( 'NONE',  ( 1.000000000000000000, 0.000000000000000000, 0.000000000000000000 ) ) ;
#3356 = CARTESIAN_POINT ( 'NONE',  ( -7.000000000000000888, 0.000000000000000000, 4.000000000000000000 ) ) ;
#3357 = VECTOR ( 'NONE', #1165, 1000.000000000000000 ) ;
#3358 = DIRECTION ( 'NONE',  ( -0.000000000000000000, -0.000000000000000000, 1.000000000000000000 ) ) ;
#3359 = EDGE_CURVE ( 'NONE', #2561, #1844, #1361, .T. ) ;
#3360 = ORIENTED_EDGE ( 'NONE', *, *, #747, .T. ) ;
#3361 = VECTOR ( 'NONE', #2418, 1000.000000000000000 ) ;
#3362 = EDGE_CURVE ( 'NONE', #1904, #868, #2946, .T. ) ;
#3363 = EDGE_LOOP ( 'NONE', ( #2908, #1003, #2147, #291 ) ) ;
#3364 = ADVANCED_FACE ( 'NONE', ( #1096 ), #498, .T. ) ;
#3365 = VERTEX_POINT ( 'NONE', #2393 ) ;
#3366 = ORIENTED_EDGE ( 'NONE', *, *, #2097, .T. ) ;
#3367 = DIRECTION ( 'NONE',  ( -1.000000000000000000, 2.168404344971008079E-15, 0.000000000000000000 ) ) ;
#3368 = DIRECTION ( 'NONE',  ( -1.000000000000000000, 0.000000000000000000, 0.000000000000000000 ) ) ;
#3369 = CARTESIAN_POINT ( 'NONE',  ( 0.000000000000000000, -16.99999999999999645, 0.000000000000000000 ) ) ;
#3370 = LINE ( 'NONE', #1747, #328 ) ;
#3371 = VECTOR ( 'NONE', #1616, 1000.000000000000000 ) ;
#3372 = LINE ( 'NONE', #2939, #2632 ) ;
#3373 = PLANE ( 'NONE',  #1732 ) ;
#3374 = AXIS2_PLACEMENT_3D ( 'NONE', #2540, #2239, #3105 ) ;
#3375 = CIRCLE ( 'NONE', #2848, 5.000000000000000000 ) ;
#3376 = PLANE ( 'NONE',  #626 ) ;
#3377 = CARTESIAN_POINT ( 'NONE',  ( -8.500000000000000000, 12.00000000000000355, 5.500000000000000000 ) ) ;
#3378 = CARTESIAN_POINT ( 'NONE',  ( -3.500000000000001332, 16.30000000000000426, 0.000000000000000000 ) ) ;
#3379 = EDGE_CURVE ( 'NONE', #909, #3480, #1182, .T. ) ;
#3380 = EDGE_LOOP ( 'NONE', ( #2279, #3252, #2314, #2072 ) ) ;
#3381 = ADVANCED_FACE ( 'NONE', ( #2215 ), #523, .F. ) ;
#3382 = ORIENTED_EDGE ( 'NONE', *, *, #1791, .T. ) ;
#3383 = AXIS2_PLACEMENT_3D ( 'NONE', #873, #1410, #3082 ) ;
#3384 = ORIENTED_EDGE ( 'NONE', *, *, #1422, .F. ) ;
#3385 = EDGE_CURVE ( 'NONE', #306, #1587, #2737, .T. ) ;
#3386 = LINE ( 'NONE', #2287, #1137 ) ;
#3387 = DIRECTION ( 'NONE',  ( 0.000000000000000000, 0.000000000000000000, 1.000000000000000000 ) ) ;
#3388 = AXIS2_PLACEMENT_3D ( 'NONE', #273, #2452, #819 ) ;
#3389 = VERTEX_POINT ( 'NONE', #3264 ) ;
#3390 = DIRECTION ( 'NONE',  ( -1.000000000000000000, 0.000000000000000000, 0.000000000000000000 ) ) ;
#3391 = FACE_OUTER_BOUND ( 'NONE', #3430, .T. ) ;
#3392 = DIRECTION ( 'NONE',  ( -0.000000000000000000, -0.000000000000000000, 1.000000000000000000 ) ) ;
#3393 = DIRECTION ( 'NONE',  ( -1.000000000000000000, 0.000000000000000000, -0.000000000000000000 ) ) ;
#3394 = VERTEX_POINT ( 'NONE', #1324 ) ;
#3395 = LINE ( 'NONE', #3377, #2788 ) ;
#3396 = EDGE_CURVE ( 'NONE', #3238, #2565, #2519, .T. ) ;
#3397 = CARTESIAN_POINT ( 'NONE',  ( -8.500000000000000000, 12.00000000000000355, 4.500000000000000000 ) ) ;
#3398 = AXIS2_PLACEMENT_3D ( 'NONE', #1073, #1059, #593 ) ;
#3399 = ADVANCED_FACE ( 'NONE', ( #1525 ), #3299, .F. ) ;
#3400 = DIRECTION ( 'NONE',  ( -0.000000000000000000, -0.000000000000000000, 1.000000000000000000 ) ) ;
#3401 = ORIENTED_EDGE ( 'NONE', *, *, #479, .T. ) ;
#3402 = FACE_OUTER_BOUND ( 'NONE', #2468, .T. ) ;
#3403 = CARTESIAN_POINT ( 'NONE',  ( 7.000000000000000888, 12.00000000000000355, 5.500000000000000000 ) ) ;
#3404 = CARTESIAN_POINT ( 'NONE',  ( -3.500000000000000444, -11.99999999999999645, 4.500000000000000000 ) ) ;
#3405 = CARTESIAN_POINT ( 'NONE',  ( 7.000000000000000888, 6.099999999999999645, 4.000000000000000000 ) ) ;
#3406 = AXIS2_PLACEMENT_3D ( 'NONE', #316, #36, #2256 ) ;
#3407 = DIRECTION ( 'NONE',  ( 0.000000000000000000, 0.000000000000000000, -1.000000000000000000 ) ) ;
#3408 = ORIENTED_EDGE ( 'NONE', *, *, #1554, .T. ) ;
#3409 = DIRECTION ( 'NONE',  ( 0.000000000000000000, -1.000000000000000000, 0.000000000000000000 ) ) ;
#3410 = EDGE_LOOP ( 'NONE', ( #2248, #3313, #2952, #2783 ) ) ;
#3411 = EDGE_CURVE ( 'NONE', #2980, #1844, #428, .T. ) ;
#3412 = CARTESIAN_POINT ( 'NONE',  ( 5.807179676972446636, -6.899999999999999467, 1.500000000000000000 ) ) ;
#3413 = EDGE_LOOP ( 'NONE', ( #12, #3360, #1175, #321 ) ) ;
#3414 = VECTOR ( 'NONE', #480, 1000.000000000000000 ) ;
#3415 = DIRECTION ( 'NONE',  ( -2.168404344971008079E-15, 1.000000000000000000, 0.000000000000000000 ) ) ;
#3416 = PLANE ( 'NONE',  #1149 ) ;
#3417 = DIRECTION ( 'NONE',  ( -1.000000000000000000, 0.000000000000000000, 0.000000000000000000 ) ) ;
#3418 = VECTOR ( 'NONE', #1763, 1000.000000000000000 ) ;
#3419 = ADVANCED_FACE ( 'NONE', ( #2259 ), #2705, .F. ) ;
#3420 = CARTESIAN_POINT ( 'NONE',  ( 0.000000000000000000, 0.000000000000000000, 4.000000000000000000 ) ) ;
#3421 = VECTOR ( 'NONE', #2953, 1000.000000000000000 ) ;
#3422 = ORIENTED_EDGE ( 'NONE', *, *, #2979, .F. ) ;
#3423 = ORIENTED_EDGE ( 'NONE', *, *, #569, .T. ) ;
#3424 = ORIENTED_EDGE ( 'NONE', *, *, #2752, .F. ) ;
#3425 = DIRECTION ( 'NONE',  ( 0.000000000000000000, -1.000000000000000000, 0.000000000000000000 ) ) ;
#3426 = EDGE_CURVE ( 'NONE', #2653, #906, #650, .T. ) ;
#3427 = CARTESIAN_POINT ( 'NONE',  ( 7.300000000000004263, 12.00000000000000355, 1.500000000000000000 ) ) ;
#3428 = LINE ( 'NONE', #3277, #2467 ) ;
#3429 = CARTESIAN_POINT ( 'NONE',  ( 3.499999999999999556, 15.50000000000000533, 5.500000000000000000 ) ) ;
#3430 = EDGE_LOOP ( 'NONE', ( #233, #2520, #2293, #1157 ) ) ;
#3431 = ORIENTED_EDGE ( 'NONE', *, *, #2027, .T. ) ;
#3432 = FACE_OUTER_BOUND ( 'NONE', #2687, .T. ) ;
#3433 = ORIENTED_EDGE ( 'NONE', *, *, #2806, .T. ) ;
#3434 = CARTESIAN_POINT ( 'NONE',  ( 0.000000000000000000, 0.000000000000000000, 3.000000000000000000 ) ) ;
#3435 = VECTOR ( 'NONE', #2847, 1000.000000000000000 ) ;
#3436 = ORIENTED_EDGE ( 'NONE', *, *, #2423, .T. ) ;
#3437 = DIRECTION ( 'NONE',  ( -1.000000000000000000, 0.000000000000000000, 0.000000000000000000 ) ) ;
#3438 = DIRECTION ( 'NONE',  ( -1.000000000000000000, 0.000000000000000000, 0.000000000000000000 ) ) ;
#3439 = LINE ( 'NONE', #149, #2351 ) ;
#3440 = DIRECTION ( 'NONE',  ( 1.000000000000000000, 0.000000000000000000, 0.000000000000000000 ) ) ;
#3441 = EDGE_LOOP ( 'NONE', ( #1824, #1230, #528, #2906 ) ) ;
#3442 = VERTEX_POINT ( 'NONE', #1044 ) ;
#3443 = CARTESIAN_POINT ( 'NONE',  ( -8.500000000000000000, -15.49999999999999822, 5.500000000000000000 ) ) ;
#3444 = VECTOR ( 'NONE', #2910, 1000.000000000000000 ) ;
#3445 = ORIENTED_EDGE ( 'NONE', *, *, #1091, .F. ) ;
#3446 = DIRECTION ( 'NONE',  ( 1.000000000000000000, 0.000000000000000000, 0.000000000000000000 ) ) ;
#3447 = VERTEX_POINT ( 'NONE', #2119 ) ;
#3448 = ORIENTED_EDGE ( 'NONE', *, *, #861, .T. ) ;
#3449 = ORIENTED_EDGE ( 'NONE', *, *, #1932, .F. ) ;
#3450 = ORIENTED_EDGE ( 'NONE', *, *, #2802, .F. ) ;
#3451 = ORIENTED_EDGE ( 'NONE', *, *, #2449, .F. ) ;
#3452 = DIRECTION ( 'NONE',  ( -1.000000000000000000, 0.000000000000000000, 0.000000000000000000 ) ) ;
#3453 = DIRECTION ( 'NONE',  ( -0.000000000000000000, 0.000000000000000000, 1.000000000000000000 ) ) ;
#3454 = AXIS2_PLACEMENT_3D ( 'NONE', #2472, #1103, #1384 ) ;
#3455 = CARTESIAN_POINT ( 'NONE',  ( -4.699999999999998401, -9.199999999999999289, 1.500000000000000000 ) ) ;
#3456 = ORIENTED_EDGE ( 'NONE', *, *, #1435, .T. ) ;
#3457 = EDGE_CURVE ( 'NONE', #737, #2218, #2828, .T. ) ;
#3458 = VECTOR ( 'NONE', #1552, 1000.000000000000000 ) ;
#3459 = VECTOR ( 'NONE', #3300, 1000.000000000000000 ) ;
#3460 = LINE ( 'NONE', #1357, #1728 ) ;
#3461 = PLANE ( 'NONE',  #1594 ) ;
#3462 = LINE ( 'NONE', #129, #411 ) ;
#3463 = ORIENTED_EDGE ( 'NONE', *, *, #817, .F. ) ;
#3464 = CARTESIAN_POINT ( 'NONE',  ( -6.999999999999999112, -11.99999999999999645, 5.099999999999999645 ) ) ;
#3465 = EDGE_CURVE ( 'NONE', #247, #1629, #1272, .T. ) ;
#3466 = CC_DESIGN_PERSON_AND_ORGANIZATION_ASSIGNMENT ( #3073, #329, ( #1543 ) ) ;
#3467 = CARTESIAN_POINT ( 'NONE',  ( -7.000000000000000888, -16.99999999999999645, 1.499999999999999556 ) ) ;
#3468 = PLANE ( 'NONE',  #1406 ) ;
#3469 = ORIENTED_EDGE ( 'NONE', *, *, #1887, .F. ) ;
#3470 = CARTESIAN_POINT ( 'NONE',  ( 0.000000000000000000, -16.29999999999999716, 0.000000000000000000 ) ) ;
#3471 = ORIENTED_EDGE ( 'NONE', *, *, #631, .F. ) ;
#3472 = AXIS2_PLACEMENT_3D ( 'NONE', #1138, #30, #3031 ) ;
#3473 = CIRCLE ( 'NONE', #1668, 4.300000000000000711 ) ;
#3474 = ORIENTED_EDGE ( 'NONE', *, *, #2985, .T. ) ;
#3475 = CIRCLE ( 'NONE', #645, 3.499999999999999112 ) ;
#3476 = DIRECTION ( 'NONE',  ( 1.000000000000000000, 0.000000000000000000, 0.000000000000000000 ) ) ;
#3477 = EDGE_CURVE ( 'NONE', #1516, #3554, #385, .T. ) ;
#3478 = DIRECTION ( 'NONE',  ( -0.000000000000000000, -0.000000000000000000, 1.000000000000000000 ) ) ;
#3479 = VERTEX_POINT ( 'NONE', #2941 ) ;
#3480 = VERTEX_POINT ( 'NONE', #294 ) ;
#3481 = LINE ( 'NONE', #3427, #849 ) ;
#3482 = ORIENTED_EDGE ( 'NONE', *, *, #2219, .T. ) ;
#3483 = DIRECTION ( 'NONE',  ( 0.000000000000000000, 0.000000000000000000, -1.000000000000000000 ) ) ;
#3484 = CARTESIAN_POINT ( 'NONE',  ( 3.499999999999999556, -16.29999999999999716, 1.500000000000000000 ) ) ;
#3485 = CARTESIAN_POINT ( 'NONE',  ( -4.699999999999998401, -8.199999999999999289, 3.000000000000000000 ) ) ;
#3486 = DIRECTION ( 'NONE',  ( -0.000000000000000000, 0.000000000000000000, -1.000000000000000000 ) ) ;
#3487 = EDGE_LOOP ( 'NONE', ( #1934, #1026, #1020, #1274, #2125, #125, #417, #1501, #728, #2364, #2872, #1795 ) ) ;
#3488 = EDGE_CURVE ( 'NONE', #473, #3554, #2345, .T. ) ;
#3489 = LINE ( 'NONE', #1938, #230 ) ;
#3490 = VERTEX_POINT ( 'NONE', #2220 ) ;
#3491 = CARTESIAN_POINT ( 'NONE',  ( -4.699999999999998401, -11.19999999999999751, 4.000000000000000000 ) ) ;
#3492 = CARTESIAN_POINT ( 'NONE',  ( -5.499999999999999112, -8.199999999999999289, 3.000000000000000000 ) ) ;
#3493 = CARTESIAN_POINT ( 'NONE',  ( 6.499999999999999112, -6.500000000000000000, 1.500000000000000000 ) ) ;
#3494 = FACE_OUTER_BOUND ( 'NONE', #1533, .T. ) ;
#3495 = CARTESIAN_POINT ( 'NONE',  ( 7.300000000000000711, -11.99999999999999467, 1.100000000000000089 ) ) ;
#3496 = VERTEX_POINT ( 'NONE', #266 ) ;
#3497 = DIRECTION ( 'NONE',  ( -0.000000000000000000, 1.000000000000000000, -0.000000000000000000 ) ) ;
#3498 = DIRECTION ( 'NONE',  ( -1.000000000000000000, 0.000000000000000000, 0.000000000000000000 ) ) ;
#3499 = ORIENTED_EDGE ( 'NONE', *, *, #2270, .F. ) ;
#3500 = CARTESIAN_POINT ( 'NONE',  ( -3.500000000000000444, 12.00000000000000355, 0.000000000000000000 ) ) ;
#3501 = CIRCLE ( 'NONE', #2267, 3.500000000000000000 ) ;
#3502 = CARTESIAN_POINT ( 'NONE',  ( 4.699999999999998401, 9.199999999999999289, 3.000000000000000000 ) ) ;
#3503 = CARTESIAN_POINT ( 'NONE',  ( 4.699999999999998401, -8.199999999999999289, 3.000000000000000000 ) ) ;
#3504 = VECTOR ( 'NONE', #3322, 1000.000000000000000 ) ;
#3505 = EDGE_CURVE ( 'NONE', #1473, #1278, #3038, .T. ) ;
#3506 = VECTOR ( 'NONE', #3400, 1000.000000000000000 ) ;
#3507 = DIRECTION ( 'NONE',  ( -0.000000000000000000, -1.000000000000000000, -0.000000000000000000 ) ) ;
#3508 = ORIENTED_EDGE ( 'NONE', *, *, #658, .T. ) ;
#3509 = DIRECTION ( 'NONE',  ( 1.000000000000000000, 0.000000000000000000, 0.000000000000000000 ) ) ;
#3510 = EDGE_CURVE ( 'NONE', #1128, #1572, #2004, .T. ) ;
#3511 = VERTEX_POINT ( 'NONE', #1933 ) ;
#3512 = VERTEX_POINT ( 'NONE', #3326 ) ;
#3513 = CARTESIAN_POINT ( 'NONE',  ( 3.500000000000000444, -11.99999999999999645, -0.000000000000000000 ) ) ;
#3514 = DIRECTION ( 'NONE',  ( -1.000000000000000000, 0.000000000000000000, 0.000000000000000000 ) ) ;
#3515 = VECTOR ( 'NONE', #2450, 1000.000000000000000 ) ;
#3516 = VERTEX_POINT ( 'NONE', #2204 ) ;
#3517 = CARTESIAN_POINT ( 'NONE',  ( 7.800000000000001599, -11.99999999999999645, 1.500000000000000000 ) ) ;
#3518 = LINE ( 'NONE', #1008, #2341 ) ;
#3519 = AXIS2_PLACEMENT_3D ( 'NONE', #785, #1590, #1313 ) ;
#3520 = ORIENTED_EDGE ( 'NONE', *, *, #1726, .F. ) ;
#3521 = FACE_OUTER_BOUND ( 'NONE', #2434, .T. ) ;
#3522 = CARTESIAN_POINT ( 'NONE',  ( 5.807179676972446636, -6.899999999999999467, 4.000000000000000000 ) ) ;
#3523 = ORIENTED_EDGE ( 'NONE', *, *, #2348, .T. ) ;
#3524 = EDGE_LOOP ( 'NONE', ( #3121, #1631, #1061, #2870 ) ) ;
#3525 = VECTOR ( 'NONE', #2144, 1000.000000000000000 ) ;
#3526 = DIRECTION ( 'NONE',  ( 0.000000000000000000, 0.000000000000000000, -1.000000000000000000 ) ) ;
#3527 = DIRECTION ( 'NONE',  ( -0.000000000000000000, -0.000000000000000000, 1.000000000000000000 ) ) ;
#3528 = ORIENTED_EDGE ( 'NONE', *, *, #351, .T. ) ;
#3529 = ADVANCED_FACE ( 'NONE', ( #3217 ), #2191, .T. ) ;
#3530 = FACE_OUTER_BOUND ( 'NONE', #1285, .T. ) ;
#3531 = ORIENTED_EDGE ( 'NONE', *, *, #1554, .F. ) ;
#3532 = VERTEX_POINT ( 'NONE', #2727 ) ;
#3533 = DIRECTION ( 'NONE',  ( 0.000000000000000000, -1.000000000000000000, 0.000000000000000000 ) ) ;
#3534 = ORIENTED_EDGE ( 'NONE', *, *, #1293, .T. ) ;
#3535 = EDGE_LOOP ( 'NONE', ( #1366, #1882, #643, #3172 ) ) ;
#3536 = DIRECTION ( 'NONE',  ( -1.000000000000000000, 0.000000000000000000, 0.000000000000000000 ) ) ;
#3537 = CARTESIAN_POINT ( 'NONE',  ( -4.699999999999998401, -9.199999999999999289, 3.000000000000000000 ) ) ;
#3538 = ORIENTED_EDGE ( 'NONE', *, *, #556, .T. ) ;
#3539 = ORIENTED_EDGE ( 'NONE', *, *, #2616, .T. ) ;
#3540 = CARTESIAN_POINT ( 'NONE',  ( 5.807179676972446636, 6.099999999999999645, 4.000000000000000000 ) ) ;
#3541 = CARTESIAN_POINT ( 'NONE',  ( 3.500000000000001776, 15.50000000000000000, 5.500000000000000000 ) ) ;
#3542 = VERTEX_POINT ( 'NONE', #3003 ) ;
#3543 = AXIS2_PLACEMENT_3D ( 'NONE', #2158, #1848, #816 ) ;
#3544 = EDGE_CURVE ( 'NONE', #1224, #1186, #889, .T. ) ;
#3545 = FACE_OUTER_BOUND ( 'NONE', #2399, .T. ) ;
#3546 = DIRECTION ( 'NONE',  ( 0.000000000000000000, -0.000000000000000000, -1.000000000000000000 ) ) ;
#3547 = CARTESIAN_POINT ( 'NONE',  ( 0.000000000000000000, 0.000000000000000000, 3.000000000000000000 ) ) ;
#3548 = EDGE_CURVE ( 'NONE', #2432, #1474, #3475, .T. ) ;
#3549 = CIRCLE ( 'NONE', #917, 3.500000000000000444 ) ;
#3550 = FACE_OUTER_BOUND ( 'NONE', #2532, .T. ) ;
#3551 = DIRECTION ( 'NONE',  ( 0.000000000000000000, 0.000000000000000000, -1.000000000000000000 ) ) ;
#3552 = DIRECTION ( 'NONE',  ( -0.000000000000000000, -1.000000000000000000, -0.000000000000000000 ) ) ;
#3553 = VECTOR ( 'NONE', #1075, 1000.000000000000000 ) ;
#3554 = VERTEX_POINT ( 'NONE', #1360 ) ;
#3555 = EDGE_CURVE ( 'NONE', #1956, #2165, #3171, .T. ) ;
#3556 = APPROVAL_ROLE ( '' ) ;
#3557 = ORIENTED_EDGE ( 'NONE', *, *, #1866, .F. ) ;
#3558 = VERTEX_POINT ( 'NONE', #1084 ) ;
#3559 = CARTESIAN_POINT ( 'NONE',  ( -6.999999999999999112, -11.99999999999999645, 5.099999999999999645 ) ) ;
#3560 = VECTOR ( 'NONE', #1603, 1000.000000000000000 ) ;
ENDSEC;
END-ISO-10303-21;
