ISO-10303-21;
HEADER;
FILE_DESCRIPTION (( 'STEP AP203' ),
    '1' );
FILE_NAME ('04004节点上壳单.STEP',
    '2025-06-16T06:13:02',
    ( 'Windows 用户' ),
    ( '' ),
    'SwSTEP 2.0',
    'SolidWorks 2018',
    '' );
FILE_SCHEMA (( 'CONFIG_CONTROL_DESIGN' ));
ENDSEC;

DATA;
#1 = B_SPLINE_CURVE_WITH_KNOTS ( 'NONE', 3,
 ( #3682, #4450, #3364, #4078 ),
 .UNSPECIFIED., .F., .F.,
 ( 4, 4 ),
 ( 7.222943432168816820E-15, 0.002112858603266619395 ),
 .UNSPECIFIED. ) ;
#2 = CARTESIAN_POINT ( 'NONE',  ( -5.775597202626044258, 9.836158620388694374, 3.528429203676505921 ) ) ;
#3 = PLANE ( 'NONE',  #3117 ) ;
#4 = CARTESIAN_POINT ( 'NONE',  ( -6.800000000000001599, 8.000000000000000000, -1.000000000000000000 ) ) ;
#5 = CARTESIAN_POINT ( 'NONE',  ( -7.161423597798410867, 5.673204499567274794, 3.083163152012548647 ) ) ;
#6 = CARTESIAN_POINT ( 'NONE',  ( -5.499101485645052634, -8.788910153945952430, 3.721177044268316525 ) ) ;
#7 = CARTESIAN_POINT ( 'NONE',  ( -4.508939686755027765, -9.880722975421337040, 2.677762650588847215 ) ) ;
#8 = B_SPLINE_CURVE_WITH_KNOTS ( 'NONE', 3,
 ( #325, #3662, #4016, #1808, #2180, #3313, #1065, #1887, #1126, #3802, #401, #2270, #2217, #1498, #4165, #4565 ),
 .UNSPECIFIED., .F., .F.,
 ( 4, 2, 2, 2, 2, 2, 2, 4 ),
 ( 0.000000000000000000, 0.003768821078769537657, 0.005653231618154307137, 0.007537642157539077917, 0.009422052696923853901, 0.01130646323630862815, 0.01319087377569340414, 0.01507528431507818012 ),
 .UNSPECIFIED. ) ;
#9 = EDGE_CURVE ( 'NONE', #2988, #488, #990, .T. ) ;
#10 = ORIENTED_EDGE ( 'NONE', *, *, #242, .F. ) ;
#11 = CARTESIAN_POINT ( 'NONE',  ( -3.791724223914322511, 8.028151701052369305, 3.092440718648654219 ) ) ;
#12 = VERTEX_POINT ( 'NONE', #4503 ) ;
#13 = CARTESIAN_POINT ( 'NONE',  ( -7.175062185668038772, 13.43266555941613838, -0.05788069774976258020 ) ) ;
#14 = AXIS2_PLACEMENT_3D ( 'NONE', #3509, #909, #4280 ) ;
#15 = CARTESIAN_POINT ( 'NONE',  ( -3.647829841155219466, 4.417242817085384132, 4.844829074109870959 ) ) ;
#16 = DIRECTION ( 'NONE',  ( -0.9306137368775584395, 0.000000000000000000, 0.3660028315939460319 ) ) ;
#17 = ORIENTED_EDGE ( 'NONE', *, *, #46, .F. ) ;
#18 = CARTESIAN_POINT ( 'NONE',  ( 3.962211240237813570, 17.00000000000001421, 3.248177203496636967 ) ) ;
#19 = CARTESIAN_POINT ( 'NONE',  ( -3.484466166161384049, 2.289937914954061959, 3.213829121204493600 ) ) ;
#20 = CARTESIAN_POINT ( 'NONE',  ( 5.830911285226734186, 16.30301762710903546, 2.928173273876526483 ) ) ;
#21 = CARTESIAN_POINT ( 'NONE',  ( 3.740744278288951286, 15.50000000000000533, 2.782398349347866340 ) ) ;
#22 = ORIENTED_EDGE ( 'NONE', *, *, #2206, .F. ) ;
#23 = CARTESIAN_POINT ( 'NONE',  ( 7.846203012310810188, 5.673204499567274794, 2.464230218698603814 ) ) ;
#24 = CARTESIAN_POINT ( 'NONE',  ( -4.238607068700617653, 9.313889816110055619, 5.022436594670373289 ) ) ;
#25 = ORIENTED_EDGE ( 'NONE', *, *, #3538, .F. ) ;
#26 = CARTESIAN_POINT ( 'NONE',  ( 5.890128448743354284, -3.617506578778901805, 1.053186223501894059 ) ) ;
#27 = CARTESIAN_POINT ( 'NONE',  ( 2.613621009981749399, 16.05551877572547426, 4.746460363159571649 ) ) ;
#28 = DIRECTION ( 'NONE',  ( 0.000000000000000000, 0.000000000000000000, -1.000000000000000000 ) ) ;
#29 = ORIENTED_EDGE ( 'NONE', *, *, #4489, .F. ) ;
#30 = CARTESIAN_POINT ( 'NONE',  ( 0.5182601975883724954, -15.68575543997215505, 3.572152950829308615 ) ) ;
#31 = CARTESIAN_POINT ( 'NONE',  ( 7.191120846559561741, -14.68404540603687813, 2.337103464635323036 ) ) ;
#32 = CARTESIAN_POINT ( 'NONE',  ( 7.000000000000000888, 8.800000000000000711, -1.000000000000000000 ) ) ;
#33 = CIRCLE ( 'NONE', #4577, 3.000000000000000444 ) ;
#34 = CARTESIAN_POINT ( 'NONE',  ( -3.476121146398311268, 2.542449703351433055, 3.227508231756921475 ) ) ;
#35 = CARTESIAN_POINT ( 'NONE',  ( -4.197246502468027884, 16.96286617561375820, 3.160352503009407066 ) ) ;
#36 = CARTESIAN_POINT ( 'NONE',  ( 6.321881422821855168, 11.61497939203879959, 3.110019073138039936 ) ) ;
#37 = ORIENTED_EDGE ( 'NONE', *, *, #2891, .T. ) ;
#38 = DIRECTION ( 'NONE',  ( 0.000000000000000000, 0.000000000000000000, -1.000000000000000000 ) ) ;
#39 = EDGE_CURVE ( 'NONE', #1094, #2430, #3321, .T. ) ;
#40 = CARTESIAN_POINT ( 'NONE',  ( -7.840946592019299999, -13.79911508643551343, 1.507885816094676867 ) ) ;
#41 = CARTESIAN_POINT ( 'NONE',  ( 4.087452648773688857, 16.30301762710903901, 4.186603236703452247 ) ) ;
#42 = PLANE ( 'NONE',  #893 ) ;
#43 = CARTESIAN_POINT ( 'NONE',  ( -9.522911929551659327, 16.99999999999988987, -0.6826918731978554034 ) ) ;
#44 = CARTESIAN_POINT ( 'NONE',  ( -2.806730575724751375, 1.571953573119729830, 5.825407003050831811 ) ) ;
#45 = VECTOR ( 'NONE', #2911, 1000.000000000000000 ) ;
#46 = EDGE_CURVE ( 'NONE', #3872, #3218, #3809, .T. ) ;
#47 = B_SPLINE_CURVE_WITH_KNOTS ( 'NONE', 3,
 ( #448, #4130, #89, #4145 ),
 .UNSPECIFIED., .F., .F.,
 ( 4, 4 ),
 ( 1.569458948929238574E-16, 0.0004615308312342452615 ),
 .UNSPECIFIED. ) ;
#48 = CARTESIAN_POINT ( 'NONE',  ( 5.953926329804184903, -15.68575498462453055, 1.355110853330504073 ) ) ;
#49 = CARTESIAN_POINT ( 'NONE',  ( 6.800000000000001599, 8.000000000000000000, -1.000000000000000000 ) ) ;
#50 = CARTESIAN_POINT ( 'NONE',  ( -7.000000000000000888, 12.00000000000000711, -1.000000000000000000 ) ) ;
#51 = CARTESIAN_POINT ( 'NONE',  ( -7.083942162741550419, 8.208890894755766610, -0.01343345821297698903 ) ) ;
#52 = FACE_OUTER_BOUND ( 'NONE', #4530, .T. ) ;
#53 = CARTESIAN_POINT ( 'NONE',  ( 7.135388082577050817, -15.09496267583966223, 2.503948325771719219 ) ) ;
#54 = ORIENTED_EDGE ( 'NONE', *, *, #1136, .T. ) ;
#55 = ORIENTED_EDGE ( 'NONE', *, *, #2275, .F. ) ;
#56 = CARTESIAN_POINT ( 'NONE',  ( 5.859341495088923324, 16.41369920345488609, 2.431072238357912418 ) ) ;
#57 = LINE ( 'NONE', #4282, #3890 ) ;
#58 = CARTESIAN_POINT ( 'NONE',  ( 0.6586142723082873962, 16.30301762710903901, 5.008583402847172295 ) ) ;
#59 = ORIENTED_EDGE ( 'NONE', *, *, #1771, .F. ) ;
#60 = CARTESIAN_POINT ( 'NONE',  ( 2.939250811322422940, -16.99999999999999645, 3.614142708031303997 ) ) ;
#61 = CARTESIAN_POINT ( 'NONE',  ( 9.522904515850502349, 16.99999999999988987, -0.6826818883343728217 ) ) ;
#62 = CARTESIAN_POINT ( 'NONE',  ( -3.846219941155136546, -16.99999999999999645, 4.273917554386415851 ) ) ;
#63 = CARTESIAN_POINT ( 'NONE',  ( 4.618947909805124930, -1.240077465189744821, 2.170619357434298458 ) ) ;
#64 = EDGE_CURVE ( 'NONE', #1342, #4446, #4049, .T. ) ;
#65 = VERTEX_POINT ( 'NONE', #2696 ) ;
#66 = CARTESIAN_POINT ( 'NONE',  ( 2.641964017908577489, -15.68575965299418407, 3.197656994517496187 ) ) ;
#67 = CARTESIAN_POINT ( 'NONE',  ( -3.412847331472854684, 6.153745303937180111, 3.298765603028291693 ) ) ;
#68 = CARTESIAN_POINT ( 'NONE',  ( -4.369648370868839393, 8.770334494722423102, 2.721289949000632369 ) ) ;
#69 = CARTESIAN_POINT ( 'NONE',  ( 8.500000000000000000, 15.93125800956547700, 0.6896581637535965648 ) ) ;
#70 = CARTESIAN_POINT ( 'NONE',  ( -8.500000000000003553, 11.99550807692978260, 0.6906178178119257716 ) ) ;
#71 = B_SPLINE_CURVE_WITH_KNOTS ( 'NONE', 3,
 ( #2898, #2942, #2105, #4766, #2884, #2531, #1021, #1748 ),
 .UNSPECIFIED., .F., .F.,
 ( 4, 2, 2, 4 ),
 ( 0.000000000000000000, 0.001786445788973759809, 0.002679668683460639713, 0.003572891577947519617 ),
 .UNSPECIFIED. ) ;
#72 = CARTESIAN_POINT ( 'NONE',  ( 7.429411538004530691, -15.11038817373126086, 2.088291698934330309 ) ) ;
#73 = DIRECTION ( 'NONE',  ( -0.000000000000000000, -0.000000000000000000, 1.000000000000000000 ) ) ;
#74 = CARTESIAN_POINT ( 'NONE',  ( 2.366496047463003016, -17.00000000000000000, 3.777080498333188707 ) ) ;
#75 = CARTESIAN_POINT ( 'NONE',  ( 1.125269958208030108, 16.99999999999988987, 4.999999999928347094 ) ) ;
#76 = CARTESIAN_POINT ( 'NONE',  ( -3.244440769219875786, -16.05550402771252649, 4.567017181508486345 ) ) ;
#77 = CARTESIAN_POINT ( 'NONE',  ( 7.044430843153786093, -4.696943384333228444, -0.003651843894403569105 ) ) ;
#78 = DIRECTION ( 'NONE',  ( -1.301806676957722016E-17, -0.9999279128092666280, 0.01200704730164269159 ) ) ;
#79 = ORIENTED_EDGE ( 'NONE', *, *, #3139, .T. ) ;
#80 = CARTESIAN_POINT ( 'NONE',  ( 6.090652238998559120, -7.208430103995586258, 0.9478475462959108366 ) ) ;
#81 = CARTESIAN_POINT ( 'NONE',  ( -5.965740629108888804, 14.48397325870506513, 1.428192722201298226 ) ) ;
#82 = CARTESIAN_POINT ( 'NONE',  ( -7.026001995961950186, -2.017111628449808341E-05, -0.0006527661764480982565 ) ) ;
#83 = LINE ( 'NONE', #3496, #492 ) ;
#84 = ORIENTED_EDGE ( 'NONE', *, *, #3607, .T. ) ;
#85 = CARTESIAN_POINT ( 'NONE',  ( 8.304055440616266992, -16.74426452206272131, 0.9761242674009628084 ) ) ;
#86 = ORIENTED_EDGE ( 'NONE', *, *, #994, .F. ) ;
#87 = CARTESIAN_POINT ( 'NONE',  ( 8.472432193275805545, -12.60219072593822531, 0.3474834380248726373 ) ) ;
#88 = ORIENTED_EDGE ( 'NONE', *, *, #4637, .F. ) ;
#89 = CARTESIAN_POINT ( 'NONE',  ( -7.229620809029771777, -15.33313656452589591, 1.627344281652629121 ) ) ;
#90 = VERTEX_POINT ( 'NONE', #1957 ) ;
#91 = ORIENTED_EDGE ( 'NONE', *, *, #1040, .T. ) ;
#92 = CYLINDRICAL_SURFACE ( 'NONE', #4281, 4.000000000000000888 ) ;
#93 = CARTESIAN_POINT ( 'NONE',  ( 4.424172302781528288, 15.38361117242808618, 2.446081512662708679 ) ) ;
#94 = CARTESIAN_POINT ( 'NONE',  ( -8.500000000000000000, -4.243408341370129122, 0.6898790942667326620 ) ) ;
#95 = CARTESIAN_POINT ( 'NONE',  ( 6.138474834417982251, 14.29966313797108590, 1.251397191380044571 ) ) ;
#96 = VECTOR ( 'NONE', #3153, 1000.000000000000000 ) ;
#97 = APPROVAL_DATE_TIME ( #4704, #4387 ) ;
#98 = CARTESIAN_POINT ( 'NONE',  ( 3.500000000000000444, 17.00000000000000711, 3.393604471454717331 ) ) ;
#99 = CARTESIAN_POINT ( 'NONE',  ( 6.415004208455043155, -10.74192066878503304, 0.7401708093031582614 ) ) ;
#100 = CARTESIAN_POINT ( 'NONE',  ( 8.085977841639552466, -13.18667392185358977, 1.191265201354314573 ) ) ;
#101 = CARTESIAN_POINT ( 'NONE',  ( 8.493065091427860480, -17.00000000000000355, 0.7034772776992480603 ) ) ;
#102 = AXIS2_PLACEMENT_3D ( 'NONE', #1629, #4308, #955 ) ;
#103 = CARTESIAN_POINT ( 'NONE',  ( -8.253887699138484635, 11.99212167138166230, 0.9730025424401032019 ) ) ;
#104 = CARTESIAN_POINT ( 'NONE',  ( -7.068890054484497476, 14.79971263184673802, 2.437624182468224543 ) ) ;
#105 = EDGE_CURVE ( 'NONE', #992, #4052, #2157, .T. ) ;
#106 = CARTESIAN_POINT ( 'NONE',  ( -8.500000000000000000, 12.00000000000000711, 5.500000000000000000 ) ) ;
#107 = CARTESIAN_POINT ( 'NONE',  ( 8.500000000000000000, -7.932088382651944158, 0.6902646714590263688 ) ) ;
#108 = LINE ( 'NONE', #1160, #2161 ) ;
#109 = CARTESIAN_POINT ( 'NONE',  ( 7.971411096418743902, 14.25355320427387618, 0.8616169728243462389 ) ) ;
#110 = DIRECTION ( 'NONE',  ( -0.000000000000000000, 0.000000000000000000, 1.000000000000000000 ) ) ;
#111 = ORIENTED_EDGE ( 'NONE', *, *, #4772, .T. ) ;
#112 = CARTESIAN_POINT ( 'NONE',  ( 6.545692612707804336, 11.89964527538291605, 0.6419569816815834384 ) ) ;
#113 = AXIS2_PLACEMENT_3D ( 'NONE', #2129, #3997, #321 ) ;
#114 = VECTOR ( 'NONE', #1858, 1000.000000000000000 ) ;
#115 = B_SPLINE_CURVE_WITH_KNOTS ( 'NONE', 3,
 ( #4426, #293, #1013, #2917, #277, #1043, #3627, #3673, #4026, #686, #1363, #2096 ),
 .UNSPECIFIED., .F., .F.,
 ( 4, 2, 2, 2, 2, 4 ),
 ( 0.000000000000000000, 0.0007327728694613718473, 0.001099159304192060373, 0.001465545738922748899, 0.002198318608384132022, 0.002931091477845515578 ),
 .UNSPECIFIED. ) ;
#116 = ORIENTED_EDGE ( 'NONE', *, *, #540, .T. ) ;
#117 = CARTESIAN_POINT ( 'NONE',  ( 7.152686515473578588, -12.27794993010784275, -0.04329738460769072539 ) ) ;
#118 = CARTESIAN_POINT ( 'NONE',  ( 8.500000000000000000, -12.31562379893403758, 0.3193102591897816755 ) ) ;
#119 = CARTESIAN_POINT ( 'NONE',  ( 6.365720117296365999, 14.01856020937096226, 0.9531198218103824615 ) ) ;
#120 = CARTESIAN_POINT ( 'NONE',  ( 8.499999999999984013, -16.99999999999996803, 0.6907730210981130048 ) ) ;
#121 = CIRCLE ( 'NONE', #4142, 0.9999999999999996669 ) ;
#122 = CARTESIAN_POINT ( 'NONE',  ( -8.475973996473285865, 12.56402715624324706, 0.7193482151947410141 ) ) ;
#123 = CARTESIAN_POINT ( 'NONE',  ( -5.067486119352103913, 15.91331639362451789, 3.775548230059294852 ) ) ;
#124 = DIRECTION ( 'NONE',  ( -0.000000000000000000, -0.000000000000000000, 1.000000000000000000 ) ) ;
#125 = CARTESIAN_POINT ( 'NONE',  ( 3.938673706978692124, 8.643303503039424740, 3.007290843584463413 ) ) ;
#126 = CARTESIAN_POINT ( 'NONE',  ( 2.967834385658953522, -2.708646844815410848, 3.516704267050002386 ) ) ;
#127 = ORIENTED_EDGE ( 'NONE', *, *, #3231, .T. ) ;
#128 = CARTESIAN_POINT ( 'NONE',  ( 5.274178237488415633, 8.584743867144585039, 1.809208991291651580 ) ) ;
#129 = CARTESIAN_POINT ( 'NONE',  ( 6.029675800550529985, 14.42050737826521534, 1.377587369353785895 ) ) ;
#130 = AXIS2_PLACEMENT_3D ( 'NONE', #732, #4440, #711 ) ;
#131 = ORIENTED_EDGE ( 'NONE', *, *, #272, .F. ) ;
#132 = CARTESIAN_POINT ( 'NONE',  ( 2.297013675967249036, -17.00000000000000355, 4.813736087495770199 ) ) ;
#133 = ADVANCED_FACE ( 'NONE', ( #543 ), #816, .T. ) ;
#134 = EDGE_LOOP ( 'NONE', ( #4077, #3436, #267, #4758 ) ) ;
#135 = ORIENTED_EDGE ( 'NONE', *, *, #4637, .T. ) ;
#136 = ORIENTED_EDGE ( 'NONE', *, *, #3577, .F. ) ;
#137 = CARTESIAN_POINT ( 'NONE',  ( -8.257289294597782714, 12.24093256705145549, 0.9720828356162974915 ) ) ;
#138 = LINE ( 'NONE', #313, #4458 ) ;
#139 = CARTESIAN_POINT ( 'NONE',  ( 7.398589619441357179, 15.13065472053117588, 1.468155143893614678 ) ) ;
#140 = EDGE_CURVE ( 'NONE', #2006, #1401, #2646, .T. ) ;
#141 = CARTESIAN_POINT ( 'NONE',  ( -1.199023406117251556, -16.99999999999999645, 3.997581512803449755 ) ) ;
#142 = CARTESIAN_POINT ( 'NONE',  ( 7.069633576149488619, 7.039111376661997710, -0.009554536329177409915 ) ) ;
#143 = ORIENTED_EDGE ( 'NONE', *, *, #3065, .F. ) ;
#144 = CARTESIAN_POINT ( 'NONE',  ( 4.419336277530006463, 16.93495558212180185, 3.079923500038660222 ) ) ;
#145 = ORIENTED_EDGE ( 'NONE', *, *, #4552, .T. ) ;
#146 = CARTESIAN_POINT ( 'NONE',  ( 8.470392123468043266, -12.62222461759724546, 0.3495732067000144605 ) ) ;
#147 = CARTESIAN_POINT ( 'NONE',  ( 7.379031889555276003, -17.00000000000000355, 1.988011351067821453 ) ) ;
#148 = DIRECTION ( 'NONE',  ( 0.000000000000000000, 0.000000000000000000, -1.000000000000000000 ) ) ;
#149 = EDGE_CURVE ( 'NONE', #3860, #4237, #4401, .T. ) ;
#150 = ORIENTED_EDGE ( 'NONE', *, *, #4406, .F. ) ;
#151 = VECTOR ( 'NONE', #2466, 1000.000000000000000 ) ;
#152 = CARTESIAN_POINT ( 'NONE',  ( -5.235404092263180154, -16.70734696341377656, 3.630108528481479357 ) ) ;
#153 = CALENDAR_DATE ( 2025, 16, 6 ) ;
#154 = ORIENTED_EDGE ( 'NONE', *, *, #2053, .T. ) ;
#155 = EDGE_CURVE ( 'NONE', #1528, #2558, #1393, .T. ) ;
#156 = DIRECTION ( 'NONE',  ( -0.000000000000000000, 0.000000000000000000, -1.000000000000000000 ) ) ;
#157 = CARTESIAN_POINT ( 'NONE',  ( 2.128223271402678218E-11, -16.99999999999999289, 4.055598451454732079 ) ) ;
#158 = CARTESIAN_POINT ( 'NONE',  ( 3.330245278072800907, 1.107547600864663195, 4.986274205922015312 ) ) ;
#159 = EDGE_CURVE ( 'NONE', #4639, #3470, #138, .T. ) ;
#160 = CARTESIAN_POINT ( 'NONE',  ( -7.132640967568830703, 15.43568328003920165, 1.690557708725227926 ) ) ;
#161 = CARTESIAN_POINT ( 'NONE',  ( -8.500000000000001776, -11.99550181193129283, 0.6908802596846975730 ) ) ;
#162 = AXIS2_PLACEMENT_3D ( 'NONE', #2251, #3719, #1452 ) ;
#163 = FACE_OUTER_BOUND ( 'NONE', #4808, .T. ) ;
#164 = DIRECTION ( 'NONE',  ( 1.000000000000000000, 0.000000000000000000, 0.000000000000000000 ) ) ;
#165 = CARTESIAN_POINT ( 'NONE',  ( 7.000000000000000888, 8.800000000000000711, -1.000000000000000000 ) ) ;
#166 = CARTESIAN_POINT ( 'NONE',  ( -4.206773395368912816, -16.96166094510031286, 3.156900974439880603 ) ) ;
#167 = LINE ( 'NONE', #2729, #4486 ) ;
#168 = CARTESIAN_POINT ( 'NONE',  ( 6.600000000000002309, -8.800000000000000711, -1.800000000000000044 ) ) ;
#169 = CARTESIAN_POINT ( 'NONE',  ( 3.412847331472852019, 6.153745303937185440, 3.298765603028291249 ) ) ;
#170 = CARTESIAN_POINT ( 'NONE',  ( 3.744331867265386915, -5.073660154703675929, 3.077324749856917396 ) ) ;
#171 = VECTOR ( 'NONE', #2718, 1000.000000000000000 ) ;
#172 = CARTESIAN_POINT ( 'NONE',  ( 6.080980314991612623, 12.66150403091627297, 1.207083134674653113 ) ) ;
#173 = CARTESIAN_POINT ( 'NONE',  ( 7.068890054484497476, 14.79971263184673802, 2.437624182468224543 ) ) ;
#174 = EDGE_CURVE ( 'NONE', #593, #501, #3287, .T. ) ;
#175 = CARTESIAN_POINT ( 'NONE',  ( -3.000000000000000444, -15.49999999999999822, 0.000000000000000000 ) ) ;
#176 = LINE ( 'NONE', #472, #4059 ) ;
#177 = CARTESIAN_POINT ( 'NONE',  ( -8.493045261942677726, -17.00000000000000355, 0.7035033307615214948 ) ) ;
#178 = CARTESIAN_POINT ( 'NONE',  ( -5.911794842850816245, -15.60735357418972136, 3.283962310458480083 ) ) ;
#179 = CARTESIAN_POINT ( 'NONE',  ( 7.000000000000000888, 8.800000000000000711, 0.07876482681012930698 ) ) ;
#180 = CARTESIAN_POINT ( 'NONE',  ( 7.319174858439363440, 15.22954954941229389, 1.552971513632697365 ) ) ;
#181 = CARTESIAN_POINT ( 'NONE',  ( 4.388533790460629191, -8.636981791252864582, 2.694698590103022262 ) ) ;
#182 = CARTESIAN_POINT ( 'NONE',  ( 5.338512543871587468, -8.107904325347307761, 3.826953120457875723 ) ) ;
#183 = CARTESIAN_POINT ( 'NONE',  ( -6.600000000000002309, 8.800000000000000711, -1.800000000000000044 ) ) ;
#184 = ORIENTED_EDGE ( 'NONE', *, *, #197, .F. ) ;
#185 = CARTESIAN_POINT ( 'NONE',  ( 3.340527922669936700, -0.2316062867005384274, 4.981886850370443653 ) ) ;
#186 = CARTESIAN_POINT ( 'NONE',  ( -6.166035330179911789, 15.47619896409449147, 3.116403581723015570 ) ) ;
#187 = CARTESIAN_POINT ( 'NONE',  ( 3.862845999278949449, 16.18291776767484791, 4.316191648312767803 ) ) ;
#188 = CARTESIAN_POINT ( 'NONE',  ( 2.440560692072349269, -5.673204499567389369, 5.469452507919965178 ) ) ;
#189 = ORIENTED_EDGE ( 'NONE', *, *, #2961, .F. ) ;
#190 = CARTESIAN_POINT ( 'NONE',  ( -3.350307906965573679, -1.505296417637466577, 4.977713967887812174 ) ) ;
#191 = ORIENTED_EDGE ( 'NONE', *, *, #3120, .T. ) ;
#192 = CARTESIAN_POINT ( 'NONE',  ( 4.183666810623214438, -16.05551261457823031, 4.197626687441331050 ) ) ;
#193 = CARTESIAN_POINT ( 'NONE',  ( -5.504664865595273682, -15.77040650457673898, 3.528772038058781035 ) ) ;
#194 = FACE_OUTER_BOUND ( 'NONE', #1604, .T. ) ;
#195 = DIRECTION ( 'NONE',  ( -1.000000000000000000, 0.000000000000000000, 0.000000000000000000 ) ) ;
#196 = ORIENTED_EDGE ( 'NONE', *, *, #2628, .F. ) ;
#197 = EDGE_CURVE ( 'NONE', #230, #3872, #2544, .T. ) ;
#198 = CARTESIAN_POINT ( 'NONE',  ( 1.626455356711372996E-16, 16.05550737207287426, 5.054056728823172584 ) ) ;
#199 = ORIENTED_EDGE ( 'NONE', *, *, #1901, .F. ) ;
#200 = CARTESIAN_POINT ( 'NONE',  ( 5.465143739131677059, -10.03382536801854030, 3.863836452970928814 ) ) ;
#201 = CARTESIAN_POINT ( 'NONE',  ( -3.500000000000000444, -16.99999999999999645, 3.393604602115719349 ) ) ;
#202 = CARTESIAN_POINT ( 'NONE',  ( -3.196696435356802812, -0.2284296290629114490, 3.453836816310272617 ) ) ;
#203 = VERTEX_POINT ( 'NONE', #2926 ) ;
#204 = CARTESIAN_POINT ( 'NONE',  ( 3.499999999999999556, 15.50000000000000888, -1.000000000000000000 ) ) ;
#205 = CARTESIAN_POINT ( 'NONE',  ( -4.262551360373133313, -8.054984584080148835, 2.774279857167192276 ) ) ;
#206 = CARTESIAN_POINT ( 'NONE',  ( 6.663677151821396194, -13.51170551024265620, 0.5657951658115912830 ) ) ;
#207 = CARTESIAN_POINT ( 'NONE',  ( -5.940176378252781220, -5.673204499567389369, 4.042423986752211817 ) ) ;
#208 = VECTOR ( 'NONE', #1272, 1000.000000000000000 ) ;
#209 = CARTESIAN_POINT ( 'NONE',  ( 3.846219941155150313, 17.00000000000001066, 4.273917554386397200 ) ) ;
#210 = APPROVAL_PERSON_ORGANIZATION ( #3052, #4387, #3746 ) ;
#211 = CARTESIAN_POINT ( 'NONE',  ( -8.086015013659892503, 13.18669873443002771, 1.191004653812117731 ) ) ;
#212 = CARTESIAN_POINT ( 'NONE',  ( 5.549114637676898276, -16.57918860043489673, 3.453171334996854469 ) ) ;
#213 = CARTESIAN_POINT ( 'NONE',  ( -3.500000000000001776, 16.00000000000000711, 3.393604602115698921 ) ) ;
#214 = CARTESIAN_POINT ( 'NONE',  ( -6.275741791688800753, 12.36698886518087548, 3.232480929937271874 ) ) ;
#215 = DIRECTION ( 'NONE',  ( 0.005551637742388555903, -0.9999812057924141184, -0.002601418906455315195 ) ) ;
#216 = CARTESIAN_POINT ( 'NONE',  ( 6.519838586555795068, -13.74998237626262565, 2.966407064671041649 ) ) ;
#217 = CARTESIAN_POINT ( 'NONE',  ( 4.939587974936022086, 6.073979408793408474, 4.074075572905499598 ) ) ;
#218 = CARTESIAN_POINT ( 'NONE',  ( -5.476002928686111382, -9.780458865632683185, 1.682449502540366737 ) ) ;
#219 = ADVANCED_FACE ( 'NONE', ( #3285 ), #712, .F. ) ;
#220 = CARTESIAN_POINT ( 'NONE',  ( -2.598892537461849006, 16.99999999999587885, 4.695841245428988842 ) ) ;
#221 = VECTOR ( 'NONE', #2159, 1000.000000000000000 ) ;
#222 = ADVANCED_FACE ( 'NONE', ( #2264 ), #463, .F. ) ;
#223 = EDGE_LOOP ( 'NONE', ( #4560, #3102, #4745, #612, #1196, #4032, #3970, #504, #999, #3575, #4175, #1022, #1731, #496, #4792, #2083, #2563, #2058, #550, #915 ) ) ;
#224 = CARTESIAN_POINT ( 'NONE',  ( 3.865438509202322681, 16.05550970860615578, 4.322783469849164284 ) ) ;
#225 = CARTESIAN_POINT ( 'NONE',  ( 9.024558874739236458, 5.673204499567274794, 1.106399472485704027 ) ) ;
#226 = CARTESIAN_POINT ( 'NONE',  ( -5.338512543871551053, -8.107904325346471097, 3.826953120457853963 ) ) ;
#227 = VECTOR ( 'NONE', #2491, 1000.000000000000000 ) ;
#228 = CARTESIAN_POINT ( 'NONE',  ( -8.070703021464549209, 14.10308047471992055, 1.233600504511942919 ) ) ;
#229 = CARTESIAN_POINT ( 'NONE',  ( 5.504664865595407797, -15.77040650457724880, 3.528772038058663796 ) ) ;
#230 = VERTEX_POINT ( 'NONE', #2591 ) ;
#231 = CARTESIAN_POINT ( 'NONE',  ( -6.881758153087481844, 12.90871853737034947, 0.2855881683877982691 ) ) ;
#232 = AXIS2_PLACEMENT_3D ( 'NONE', #4568, #3059, #2274 ) ;
#233 = CARTESIAN_POINT ( 'NONE',  ( -6.319944663583140887, 11.61000606673881030, 3.111783369279113920 ) ) ;
#234 = EDGE_CURVE ( 'NONE', #3769, #2106, #3220, .T. ) ;
#235 = CYLINDRICAL_SURFACE ( 'NONE', #3143, 4.000000000000000888 ) ;
#236 = CARTESIAN_POINT ( 'NONE',  ( -3.500000000000000444, 12.00000000000000711, -1.000000000000000000 ) ) ;
#237 = CARTESIAN_POINT ( 'NONE',  ( -4.178415204570333330, -16.05551257171494584, 4.199692104050400054 ) ) ;
#238 = CARTESIAN_POINT ( 'NONE',  ( 8.500000000000000000, -11.99999999999999645, 0.3162782702059308004 ) ) ;
#239 = CARTESIAN_POINT ( 'NONE',  ( 5.865683417252501641, 13.92649204819232978, 1.559364611694769476 ) ) ;
#240 = DIRECTION ( 'NONE',  ( -0.000000000000000000, -1.000000000000000000, -0.000000000000000000 ) ) ;
#241 = CARTESIAN_POINT ( 'NONE',  ( -6.800000000000001599, -8.800000000000000711, -1.000000000000000000 ) ) ;
#242 = EDGE_CURVE ( 'NONE', #3402, #2981, #3695, .T. ) ;
#243 = CARTESIAN_POINT ( 'NONE',  ( -7.398064217433257816, 14.45998512909891254, 2.093355370013521455 ) ) ;
#244 = CARTESIAN_POINT ( 'NONE',  ( -7.964294548486692271, -17.00000000000000355, 1.364941450711289583 ) ) ;
#245 = VERTEX_POINT ( 'NONE', #468 ) ;
#246 = CARTESIAN_POINT ( 'NONE',  ( -8.276283442145283331, 13.49247224659259992, 0.9688540960002515190 ) ) ;
#247 = CARTESIAN_POINT ( 'NONE',  ( 7.132763194922159045, -15.43555404114371221, 1.690478039325851611 ) ) ;
#248 = ORIENTED_EDGE ( 'NONE', *, *, #3086, .T. ) ;
#249 = CARTESIAN_POINT ( 'NONE',  ( -6.868478580443388992, -14.99310745927266275, 2.602182991775916499 ) ) ;
#250 = CARTESIAN_POINT ( 'NONE',  ( -6.999999999999998224, -9.866700521004382551, 0.09285887819678723121 ) ) ;
#251 = ORIENTED_EDGE ( 'NONE', *, *, #2109, .F. ) ;
#252 = EDGE_LOOP ( 'NONE', ( #263, #3898, #495, #1556 ) ) ;
#253 = CARTESIAN_POINT ( 'NONE',  ( 7.398064217433264034, 14.45998512909891076, 2.093355370013514349 ) ) ;
#254 = DIRECTION ( 'NONE',  ( 0.000000000000000000, 1.000000000000000000, 0.000000000000000000 ) ) ;
#255 = CARTESIAN_POINT ( 'NONE',  ( -5.499999999999999112, 8.800000000000000711, -1.800000000000000044 ) ) ;
#256 = CARTESIAN_POINT ( 'NONE',  ( 4.434830591813775591, 1.039792340965796091, 4.354019354987090473 ) ) ;
#257 = ORIENTED_EDGE ( 'NONE', *, *, #1326, .T. ) ;
#258 = CARTESIAN_POINT ( 'NONE',  ( -2.886905449481142583, -0.2304051965655633805, 3.552122810676981768 ) ) ;
#259 = CARTESIAN_POINT ( 'NONE',  ( 3.423179333278755454, 4.190963387274084795, 3.337719070391322873 ) ) ;
#260 = ORIENTED_EDGE ( 'NONE', *, *, #4501, .F. ) ;
#261 =( BOUNDED_SURFACE ( )  B_SPLINE_SURFACE ( 3, 2, ( 
 ( #1587, #1522, #98 ),
 ( #2291, #1892, #3453 ),
 ( #4554, #2305, #144 ),
 ( #1925, #4615, #2276 ),
 ( #4569, #1540, #2658 ),
 ( #3043, #820, #489 ) ),
 .UNSPECIFIED., .F., .F., .T. ) 
 B_SPLINE_SURFACE_WITH_KNOTS ( ( 4, 2, 4 ),
 ( 3, 3 ),
 ( -6.505213034913026604E-19, 0.001195107569920304900, 0.002390215139840610233 ),
 ( 0.1689927705975841632, 1.000000000000000000 ),
 .UNSPECIFIED. ) 
 GEOMETRIC_REPRESENTATION_ITEM ( )  RATIONAL_B_SPLINE_SURFACE ( (
 ( 0.9231733230826999481, 0.7726924156411270062, 1.000000000000000000),
 ( 0.9265056786658303345, 0.7825518775913242742, 1.000000000000000000),
 ( 0.9305610814623408444, 0.7945506239938178172, 1.000000000000000000),
 ( 0.9394604762985383495, 0.8208813208772642867, 1.000000000000000000),
 ( 0.9443350630607840746, 0.8353037921611197181, 1.000000000000000000),
 ( 0.9490713880340209130, 0.8493171873983496045, 1.000000000000000000) ) ) 
 REPRESENTATION_ITEM ( '' )  SURFACE ( )  );
#262 = CARTESIAN_POINT ( 'NONE',  ( -5.499999999999999112, -8.000000000000000000, 1.557051869895076379 ) ) ;
#263 = ORIENTED_EDGE ( 'NONE', *, *, #2834, .F. ) ;
#264 = ORIENTED_EDGE ( 'NONE', *, *, #410, .T. ) ;
#265 = CARTESIAN_POINT ( 'NONE',  ( 5.965830160618817324, -14.48388438116241872, 1.428121856341098228 ) ) ;
#266 = CARTESIAN_POINT ( 'NONE',  ( 3.859869623213355805, 17.00000000000000711, 3.280377558176783115 ) ) ;
#267 = ORIENTED_EDGE ( 'NONE', *, *, #4213, .T. ) ;
#268 = ORIENTED_EDGE ( 'NONE', *, *, #2488, .F. ) ;
#269 = CARTESIAN_POINT ( 'NONE',  ( -7.305361374962807908, 14.73991460621526528, 2.229730604993380272 ) ) ;
#270 = VERTEX_POINT ( 'NONE', #4580 ) ;
#271 = CARTESIAN_POINT ( 'NONE',  ( -5.920841673201076460, 13.74984166455064916, 1.478035855216384586 ) ) ;
#272 = EDGE_CURVE ( 'NONE', #2927, #3460, #1274, .T. ) ;
#273 = VECTOR ( 'NONE', #856, 1000.000000000000000 ) ;
#274 = EDGE_CURVE ( 'NONE', #2250, #4516, #1843, .T. ) ;
#275 = CARTESIAN_POINT ( 'NONE',  ( -5.896374714499789782, -15.61461421983890929, 3.293773531959866219 ) ) ;
#276 = CARTESIAN_POINT ( 'NONE',  ( 8.500000000000000000, 12.00000000000001066, 0.3160464792015754143 ) ) ;
#277 = CARTESIAN_POINT ( 'NONE',  ( 8.149357977068154568, -12.95485614127263752, 1.110329928005827416 ) ) ;
#278 = CARTESIAN_POINT ( 'NONE',  ( -6.349257336864623014, -13.77856142140993256, 0.9635012685583207448 ) ) ;
#279 = CARTESIAN_POINT ( 'NONE',  ( -3.228443435611127121, 17.00000000000314415, 4.516889832675154537 ) ) ;
#280 = ORIENTED_EDGE ( 'NONE', *, *, #888, .T. ) ;
#281 = CARTESIAN_POINT ( 'NONE',  ( -7.000000000000000888, -16.99999999999999645, 5.500000000000000000 ) ) ;
#282 = CARTESIAN_POINT ( 'NONE',  ( 0.6675461114700386167, 16.05550737213857460, 5.054056728862302172 ) ) ;
#283 = CARTESIAN_POINT ( 'NONE',  ( 7.964323372838652659, 16.99999999999988987, 1.364908001160543227 ) ) ;
#284 = CARTESIAN_POINT ( 'NONE',  ( -3.918379119785941889, -6.268327888726007657, 2.983465853163711046 ) ) ;
#285 = CARTESIAN_POINT ( 'NONE',  ( 8.379144873658905368, 13.10668396177463357, 0.8388240321220816753 ) ) ;
#286 = PLANE ( 'NONE',  #3901 ) ;
#287 = CARTESIAN_POINT ( 'NONE',  ( -5.106074705639135125, -15.68574532108093678, 2.024329554957845279 ) ) ;
#288 = LINE ( 'NONE', #3800, #2644 ) ;
#289 = CARTESIAN_POINT ( 'NONE',  ( -7.000000000000000888, 8.000000000000000000, 500000.0000000000582 ) ) ;
#290 = AXIS2_PLACEMENT_3D ( 'NONE', #733, #2999, #2214 ) ;
#291 = CARTESIAN_POINT ( 'NONE',  ( -5.499999999999999112, 8.800000000000000711, 1.597353125134759466 ) ) ;
#292 = VECTOR ( 'NONE', #3562, 1000.000000000000000 ) ;
#293 = CARTESIAN_POINT ( 'NONE',  ( 8.257252297987161427, -12.24091981329487488, 0.9723612674724636529 ) ) ;
#294 = CARTESIAN_POINT ( 'NONE',  ( -5.865683417279655032, 13.92649204817918118, 1.559364611689761260 ) ) ;
#295 = CARTESIAN_POINT ( 'NONE',  ( -3.500000000000002220, 17.00000000000000711, 3.393604602115698032 ) ) ;
#296 = DIRECTION ( 'NONE',  ( 1.000000000000000000, 0.000000000000000000, 0.000000000000000000 ) ) ;
#297 = FACE_OUTER_BOUND ( 'NONE', #4372, .T. ) ;
#298 = CARTESIAN_POINT ( 'NONE',  ( 0.6645598660140700220, 16.30446273992010120, 5.008122779494873278 ) ) ;
#299 = CARTESIAN_POINT ( 'NONE',  ( 2.297013675967249036, 16.99999999999988987, 4.813736087495770199 ) ) ;
#300 = CARTESIAN_POINT ( 'NONE',  ( 5.198690933645781165, 16.70568150105824046, 2.748125988582798218 ) ) ;
#301 = FACE_OUTER_BOUND ( 'NONE', #3618, .T. ) ;
#302 = PLANE ( 'NONE',  #4068 ) ;
#303 = DIRECTION ( 'NONE',  ( 0.000000000000000000, 0.000000000000000000, -1.000000000000000000 ) ) ;
#304 = CARTESIAN_POINT ( 'NONE',  ( 6.519526591119150893, -13.74765888588478369, 2.966029247366428034 ) ) ;
#305 = EDGE_CURVE ( 'NONE', #940, #3311, #369, .T. ) ;
#306 = ADVANCED_FACE ( 'NONE', ( #1439 ), #2744, .T. ) ;
#307 = ORIENTED_EDGE ( 'NONE', *, *, #2047, .T. ) ;
#308 = DIRECTION ( 'NONE',  ( 1.000000000000000000, 0.000000000000000000, 0.000000000000000000 ) ) ;
#309 = DIRECTION ( 'NONE',  ( 0.000000000000000000, 0.000000000000000000, 1.000000000000000000 ) ) ;
#310 = CARTESIAN_POINT ( 'NONE',  ( 6.954880052746790220, -13.38506602018743763, 2.549652036505292152 ) ) ;
#311 = CARTESIAN_POINT ( 'NONE',  ( -6.800000000000001599, 8.800000000000000711, -0.1753788748764676109 ) ) ;
#312 = CARTESIAN_POINT ( 'NONE',  ( 7.000000000000000888, 12.00000000000000711, 5.500000000000000000 ) ) ;
#313 = CARTESIAN_POINT ( 'NONE',  ( -6.800000000000001599, -8.800000000000000711, -0.1753788748764676109 ) ) ;
#314 = DIRECTION ( 'NONE',  ( -0.000000000000000000, 1.000000000000000000, 0.000000000000000000 ) ) ;
#315 = DIRECTION ( 'NONE',  ( -0.000000000000000000, 1.000000000000000000, 0.000000000000000000 ) ) ;
#316 = ADVANCED_FACE ( 'NONE', ( #194 ), #2719, .T. ) ;
#317 = ORIENTED_EDGE ( 'NONE', *, *, #2769, .T. ) ;
#318 = EDGE_CURVE ( 'NONE', #1142, #363, #3035, .T. ) ;
#319 = CARTESIAN_POINT ( 'NONE',  ( 7.500000000000001776, 12.00000000000000711, -1.000000000000000000 ) ) ;
#320 = CARTESIAN_POINT ( 'NONE',  ( 1.199407005032140816, -15.50000000000000000, 3.506877462589378602 ) ) ;
#321 = DIRECTION ( 'NONE',  ( -0.9999845894361576448, 0.005551656527505922055, 0.000000000000000000 ) ) ;
#322 = FACE_OUTER_BOUND ( 'NONE', #3094, .T. ) ;
#323 = ORIENTED_EDGE ( 'NONE', *, *, #140, .T. ) ;
#324 = CARTESIAN_POINT ( 'NONE',  ( 5.499101485645052634, -8.788910153945952430, 3.721177044268316525 ) ) ;
#325 = CARTESIAN_POINT ( 'NONE',  ( 3.438019418218539069, -0.2265235218480349533, 3.236135003773283891 ) ) ;
#326 = ORIENTED_EDGE ( 'NONE', *, *, #4274, .T. ) ;
#327 = CARTESIAN_POINT ( 'NONE',  ( 5.587420632936048293, -17.00000000000000355, 3.471525893868137036 ) ) ;
#328 = ORIENTED_EDGE ( 'NONE', *, *, #3930, .T. ) ;
#329 = CIRCLE ( 'NONE', #387, 4.000000000000000888 ) ;
#330 = CARTESIAN_POINT ( 'NONE',  ( -7.000000000000000888, 12.00000000000000711, -1.000000000000000000 ) ) ;
#331 = SHAPE_DEFINITION_REPRESENTATION ( #3186, #3806 ) ;
#332 = CARTESIAN_POINT ( 'NONE',  ( -6.503847409524802003, 13.70183970951668684, 2.975719503441948355 ) ) ;
#333 = DIRECTION ( 'NONE',  ( 0.000000000000000000, 1.000000000000000000, 0.000000000000000000 ) ) ;
#334 = CARTESIAN_POINT ( 'NONE',  ( -5.017278528412239424, 11.57338017193907653, 2.303267818376187659 ) ) ;
#335 = CARTESIAN_POINT ( 'NONE',  ( 3.846220195821776766, 17.00000000000000711, 4.273917322562042820 ) ) ;
#336 = ADVANCED_FACE ( 'NONE', ( #4203 ), #2370, .T. ) ;
#337 = CARTESIAN_POINT ( 'NONE',  ( -8.500000000000000000, -3.998307959119816957, 0.6898764002630306535 ) ) ;
#338 = CARTESIAN_POINT ( 'NONE',  ( 4.814462930844435995, -5.673204499567389369, 4.656620685584276664 ) ) ;
#339 = CARTESIAN_POINT ( 'NONE',  ( -5.131764745955423201, 9.140628210363614059, 4.114334109695246156 ) ) ;
#340 = CARTESIAN_POINT ( 'NONE',  ( -8.500000000000000000, 4.000340882375637896, 0.2201132092462994572 ) ) ;
#341 = LINE ( 'NONE', #289, #3309 ) ;
#342 = DIRECTION ( 'NONE',  ( -1.000000000000000000, 0.000000000000000000, 0.000000000000000000 ) ) ;
#343 = ORIENTED_EDGE ( 'NONE', *, *, #46, .T. ) ;
#344 = CARTESIAN_POINT ( 'NONE',  ( -1.583681156815979429, 15.68573351382642933, 3.432264375776117760 ) ) ;
#345 = VECTOR ( 'NONE', #3308, 1000.000000000000000 ) ;
#346 = APPROVAL_ROLE ( '' ) ;
#347 = CARTESIAN_POINT ( 'NONE',  ( -4.837590271169981193, 11.64997209169374237, 2.409242852264311008 ) ) ;
#348 = VECTOR ( 'NONE', #3576, 1000.000000000000000 ) ;
#349 = CARTESIAN_POINT ( 'NONE',  ( -3.438019418218539069, -0.2265235218480349533, 3.236135003773283891 ) ) ;
#350 = EDGE_CURVE ( 'NONE', #2558, #4435, #83, .T. ) ;
#351 = CARTESIAN_POINT ( 'NONE',  ( 8.660410047183610516, -5.673204499567389369, 1.569995537461300827 ) ) ;
#352 = CARTESIAN_POINT ( 'NONE',  ( -6.999999999999993783, 12.00000000000000178, 0.1284764056646238439 ) ) ;
#353 = CARTESIAN_POINT ( 'NONE',  ( -4.070540281092598356, -8.106298466912244649, 2.965635877251200370 ) ) ;
#354 = B_SPLINE_CURVE_WITH_KNOTS ( 'NONE', 3,
 ( #3481, #1544, #3859, #480, #4597, #4191, #4562, #87, #2666, #946 ),
 .UNSPECIFIED., .F., .F.,
 ( 4, 2, 2, 2, 4 ),
 ( 0.0002162177938942247402, 0.001126547047027587215, 0.002036876300160949445, 0.002947205553294311893, 0.003857534806427674341 ),
 .UNSPECIFIED. ) ;
#355 = CARTESIAN_POINT ( 'NONE',  ( 3.152630597441687943, 15.68575428288010087, 3.008737950001703076 ) ) ;
#356 = CARTESIAN_POINT ( 'NONE',  ( 4.514998415706318546, -8.500528806256573588, 4.398186767171249123 ) ) ;
#357 = ORIENTED_EDGE ( 'NONE', *, *, #3188, .F. ) ;
#358 = AXIS2_PLACEMENT_3D ( 'NONE', #2056, #2458, #254 ) ;
#359 = ORIENTED_EDGE ( 'NONE', *, *, #1262, .T. ) ;
#360 = APPLICATION_CONTEXT ( 'configuration controlled 3d designs of mechanical parts and assemblies' ) ;
#361 = CARTESIAN_POINT ( 'NONE',  ( -4.442755860149892655, -0.2238429372659262451, 4.349911236560384253 ) ) ;
#362 = CARTESIAN_POINT ( 'NONE',  ( 2.358683905154205451, 17.00000000000001776, 3.779087361174870097 ) ) ;
#363 = VERTEX_POINT ( 'NONE', #4195 ) ;
#364 = VERTEX_POINT ( 'NONE', #2338 ) ;
#365 = CARTESIAN_POINT ( 'NONE',  ( -8.500000000000000000, -8.000199737924024390, 0.2682490171877894292 ) ) ;
#366 = CARTESIAN_POINT ( 'NONE',  ( -5.587490302409322318, -17.00000000000000355, 3.471481049151375231 ) ) ;
#367 = VERTEX_POINT ( 'NONE', #1975 ) ;
#368 = CARTESIAN_POINT ( 'NONE',  ( -5.038910104005798196, -11.63904059027365889, 2.286098379608218156 ) ) ;
#369 = LINE ( 'NONE', #2272, #1786 ) ;
#370 = VERTEX_POINT ( 'NONE', #1583 ) ;
#371 = CARTESIAN_POINT ( 'NONE',  ( 1.052484468692392130E-14, -15.68575543997278920, 3.572152950790355774 ) ) ;
#372 = ORIENTED_EDGE ( 'NONE', *, *, #1953, .T. ) ;
#373 = CARTESIAN_POINT ( 'NONE',  ( -6.178895645364203659, 8.397669314119445616, 0.8975743476141051502 ) ) ;
#374 = VERTEX_POINT ( 'NONE', #1209 ) ;
#375 = DATE_TIME_ROLE ( 'classification_date' ) ;
#376 = EDGE_LOOP ( 'NONE', ( #3818, #2069, #3923, #1791 ) ) ;
#377 = ORIENTED_EDGE ( 'NONE', *, *, #2324, .T. ) ;
#378 = B_SPLINE_CURVE_WITH_KNOTS ( 'NONE', 3,
 ( #3996, #1392, #4023, #332, #2072, #4733, #1029, #3653, #4009, #4828, #731, #4066, #1088, #413, #15, #3307, #1802, #2615 ),
 .UNSPECIFIED., .F., .F.,
 ( 4, 2, 2, 2, 2, 2, 2, 2, 4 ),
 ( 9.065901224340267016E-18, 0.001010173242238100949, 0.002020346484476192792, 0.004040692968952370838, 0.006061039453428549752, 0.008081385937904727798, 0.01010173242238090671, 0.01212207890685708563, 0.01616277187580943825 ),
 .UNSPECIFIED. ) ;
#379 = CARTESIAN_POINT ( 'NONE',  ( 6.046377682275388743, 16.30301762710890046, 2.331747339460344737 ) ) ;
#380 = ORIENTED_EDGE ( 'NONE', *, *, #654, .T. ) ;
#381 = CARTESIAN_POINT ( 'NONE',  ( -6.569529501566507612, -13.69260977145047065, 0.6876231164827795173 ) ) ;
#382 = FACE_OUTER_BOUND ( 'NONE', #439, .T. ) ;
#383 = DIRECTION ( 'NONE',  ( 0.000000000000000000, 0.000000000000000000, -1.000000000000000000 ) ) ;
#384 = CARTESIAN_POINT ( 'NONE',  ( -4.814549319508723890, 5.673204499567274794, 4.656581076779744421 ) ) ;
#385 = ADVANCED_FACE ( 'NONE', ( #322 ), #2155, .F. ) ;
#386 = CARTESIAN_POINT ( 'NONE',  ( -7.420444627656435976, 14.97127101777086189, 2.124910620772689995 ) ) ;
#387 = AXIS2_PLACEMENT_3D ( 'NONE', #977, #3978, #308 ) ;
#388 = VERTEX_POINT ( 'NONE', #1597 ) ;
#389 = DIRECTION ( 'NONE',  ( 0.000000000000000000, -1.000000000000000000, 0.000000000000000000 ) ) ;
#390 = EDGE_CURVE ( 'NONE', #4008, #1099, #3350, .T. ) ;
#391 = B_SPLINE_CURVE_WITH_KNOTS ( 'NONE', 3,
 ( #1534, #21, #449, #93, #2641, #3019, #2984, #1161, #2621, #3393 ),
 .UNSPECIFIED., .F., .F.,
 ( 4, 2, 2, 2, 4 ),
 ( 4.336808689942017736E-19, 0.0007704773513785826864, 0.001540954702757164939, 0.002311432054135747084, 0.003081909405514329445 ),
 .UNSPECIFIED. ) ;
#392 = CARTESIAN_POINT ( 'NONE',  ( -3.500000000000000444, -15.99999999999999645, 0.000000000000000000 ) ) ;
#393 = CARTESIAN_POINT ( 'NONE',  ( -5.760541973597356424, -12.06159039248682419, 3.584119440112006227 ) ) ;
#394 = CARTESIAN_POINT ( 'NONE',  ( -6.838147819167755159, 14.16297708942981437, 0.3747767771881532206 ) ) ;
#395 = APPLICATION_PROTOCOL_DEFINITION ( 'international standard', 'config_control_design', 1994, #360 ) ;
#396 = CARTESIAN_POINT ( 'NONE',  ( 4.442755860149892655, -0.2238429372659262451, 4.349911236560384253 ) ) ;
#397 = CIRCLE ( 'NONE', #565, 1.000000000000000222 ) ;
#398 = EDGE_CURVE ( 'NONE', #3042, #4810, #2677, .T. ) ;
#399 = DIRECTION ( 'NONE',  ( 0.9999845894361576448, 0.005551656527505913381, 0.000000000000000000 ) ) ;
#400 = CARTESIAN_POINT ( 'NONE',  ( -3.722531566472726539, 4.788994951531824640, 3.088710811360143804 ) ) ;
#401 = CARTESIAN_POINT ( 'NONE',  ( 4.801059466259871122, 10.27975893087756809, 2.414327043988800714 ) ) ;
#402 = FACE_OUTER_BOUND ( 'NONE', #2743, .T. ) ;
#403 = CARTESIAN_POINT ( 'NONE',  ( 5.499999999999999112, -8.000000000000000000, 500000.0000000000582 ) ) ;
#404 = CARTESIAN_POINT ( 'NONE',  ( -4.537231715916167474, -2.712886064591401691, 4.300140980678034630 ) ) ;
#405 = CARTESIAN_POINT ( 'NONE',  ( -6.001421287074209410, -14.56249461662252287, 1.392189446240658102 ) ) ;
#406 = EDGE_CURVE ( 'NONE', #1453, #3042, #932, .T. ) ;
#407 =( BOUNDED_SURFACE ( )  B_SPLINE_SURFACE ( 3, 2, ( 
 ( #2025, #209, #1697 ),
 ( #4746, #4351, #266 ),
 ( #1351, #2778, #1386 ),
 ( #4765, #4005, #1005 ),
 ( #647, #1768, #1019 ),
 ( #3650, #4019, #300 ),
 ( #1038, #1747, #3664 ),
 ( #2883, #2498, #4823 ),
 ( #2529, #4400, #3681 ),
 ( #1797, #2154, #1069 ),
 ( #4046, #3694, #2862 ),
 ( #2123, #1730, #1369 ) ),
 .UNSPECIFIED., .F., .F., .F. ) 
 B_SPLINE_SURFACE_WITH_KNOTS ( ( 4, 2, 2, 2, 2, 4 ),
 ( 3, 3 ),
 ( 0.01378194286373472452, 0.01469677441828426759, 0.01515419019555903912, 0.01561160597283381239, 0.01652643752738335720, 0.01744126908193290026 ),
 ( 0.000000000000000000, 1.000000000000000000 ),
 .UNSPECIFIED. ) 
 GEOMETRIC_REPRESENTATION_ITEM ( )  RATIONAL_B_SPLINE_SURFACE ( (
 ( 1.000000000000000000, 0.7264673800681472615, 1.000000000000000000),
 ( 1.000000000000000000, 0.7355288094221853479, 1.000000000000000000),
 ( 1.000000000000000000, 0.7461181095274540542, 1.000000000000000000),
 ( 1.000000000000000000, 0.7634476269155308081, 1.000000000000000000),
 ( 1.000000000000000000, 0.7694672511636708734, 1.000000000000000000),
 ( 1.000000000000000000, 0.7818857882614862476, 1.000000000000000000),
 ( 1.000000000000000000, 0.7883047580940463206, 1.000000000000000000),
 ( 1.000000000000000000, 0.8076184009762517046, 1.000000000000000000),
 ( 1.000000000000000000, 0.8206733891949258286, 1.000000000000000000),
 ( 1.000000000000000000, 0.8465123472452742437, 1.000000000000000000),
 ( 1.000000000000000000, 0.8592345762493587280, 1.000000000000000000),
 ( 1.000000000000000000, 0.8708284618005698308, 1.000000000000000000) ) ) 
 REPRESENTATION_ITEM ( '' )  SURFACE ( )  );
#408 = CARTESIAN_POINT ( 'NONE',  ( 6.326834273217343707, -5.244133452838918963, 1.786257369949748375 ) ) ;
#409 = CARTESIAN_POINT ( 'NONE',  ( -3.500000000000000000, -15.99999999999999645, 0.000000000000000000 ) ) ;
#410 = EDGE_CURVE ( 'NONE', #2213, #3500, #3574, .T. ) ;
#411 = CARTESIAN_POINT ( 'NONE',  ( -0.3307307696745051540, 16.05550737207310519, 5.054056728844338764 ) ) ;
#412 = CARTESIAN_POINT ( 'NONE',  ( -7.069633576149488619, 7.039111376661997710, -0.009554536329177409915 ) ) ;
#413 = CARTESIAN_POINT ( 'NONE',  ( -3.749480106238713084, 5.074851180426763086, 4.797534170726422964 ) ) ;
#414 = VECTOR ( 'NONE', #1048, 1000.000000000000000 ) ;
#415 = CARTESIAN_POINT ( 'NONE',  ( 7.000000000000000888, -7.999999999999992895, -1.000000000000000000 ) ) ;
#416 = CARTESIAN_POINT ( 'NONE',  ( -7.398064217433262257, 14.45998512909891431, 2.093355370013519678 ) ) ;
#417 = CARTESIAN_POINT ( 'NONE',  ( 3.848795190691579826, 16.30301762710903901, 4.280465488958522080 ) ) ;
#418 = CARTESIAN_POINT ( 'NONE',  ( -8.500000000000000000, 12.00000000000000711, 0.3160464792015763580 ) ) ;
#419 = CARTESIAN_POINT ( 'NONE',  ( 6.955781789587259567, 16.99999999999988987, 2.381177943152650744 ) ) ;
#420 = CARTESIAN_POINT ( 'NONE',  ( -3.999999999996948663, 5.336418849670974962E-06, 4.749025747734373581 ) ) ;
#421 = CARTESIAN_POINT ( 'NONE',  ( -5.361802817076918082, -12.14857302411292572, 1.981168752086597262 ) ) ;
#422 = CARTESIAN_POINT ( 'NONE',  ( 5.896295488500212123, 15.61465072518972974, 3.293823545999628344 ) ) ;
#423 = ORIENTED_EDGE ( 'NONE', *, *, #2519, .F. ) ;
#424 = CARTESIAN_POINT ( 'NONE',  ( -5.499999999999998224, 8.000000000000000000, 1.556978433250941318 ) ) ;
#425 = EDGE_CURVE ( 'NONE', #3218, #1483, #598, .T. ) ;
#426 = CARTESIAN_POINT ( 'NONE',  ( 8.500000000000000000, -15.93156793960837092, 0.6900070899942822855 ) ) ;
#427 = ORIENTED_EDGE ( 'NONE', *, *, #1320, .T. ) ;
#428 = CARTESIAN_POINT ( 'NONE',  ( 5.047819424846338165, 16.75956960809284624, 2.815913378355074492 ) ) ;
#429 = ORIENTED_EDGE ( 'NONE', *, *, #2114, .F. ) ;
#430 = CARTESIAN_POINT ( 'NONE',  ( -3.173673295518856907, -4.576444807103287715, 3.418511229122279449 ) ) ;
#431 = VERTEX_POINT ( 'NONE', #928 ) ;
#432 = CARTESIAN_POINT ( 'NONE',  ( 7.396282100295878514, 5.673204499567274794, 2.882169578175977520 ) ) ;
#433 = CARTESIAN_POINT ( 'NONE',  ( -8.500000000000000000, -8.492270429675626175, 0.6899256230799029055 ) ) ;
#434 = VERTEX_POINT ( 'NONE', #949 ) ;
#435 = CARTESIAN_POINT ( 'NONE',  ( 3.596494633233264793, -3.803311815036229504, 3.164613669062918966 ) ) ;
#436 = CARTESIAN_POINT ( 'NONE',  ( 3.740755437082106560, -15.50000000000000711, 2.782393692358072546 ) ) ;
#437 = ORIENTED_EDGE ( 'NONE', *, *, #454, .T. ) ;
#438 = CARTESIAN_POINT ( 'NONE',  ( 4.924509830471341054, -5.244128545055433577, 2.793769545247131614 ) ) ;
#439 = EDGE_LOOP ( 'NONE', ( #1778, #1427, #4014, #4190, #4207, #4156, #4143 ) ) ;
#440 = CARTESIAN_POINT ( 'NONE',  ( 7.300546792640097316, -14.57027218151820769, 2.222762328862544212 ) ) ;
#441 = CARTESIAN_POINT ( 'NONE',  ( 4.480990882814430698, -16.02569362378823214, 4.065180483639630360 ) ) ;
#442 = AXIS2_PLACEMENT_3D ( 'NONE', #1936, #515, #3888 ) ;
#443 = CARTESIAN_POINT ( 'NONE',  ( 8.304060376885793460, 16.74427064384016006, 0.9762135460547544108 ) ) ;
#444 = ORIENTED_EDGE ( 'NONE', *, *, #4749, .F. ) ;
#445 = CARTESIAN_POINT ( 'NONE',  ( 7.398575301341614008, -15.13067255071000972, 1.468212637043910807 ) ) ;
#446 = EDGE_CURVE ( 'NONE', #4147, #4517, #1903, .T. ) ;
#447 = PERSON_AND_ORGANIZATION ( #3814, #3586 ) ;
#448 = CARTESIAN_POINT ( 'NONE',  ( -7.398575301341594468, -15.13067255071021044, 1.468212637043939228 ) ) ;
#449 = CARTESIAN_POINT ( 'NONE',  ( 3.973352025398507514, 15.47546498636655166, 2.674656796424783600 ) ) ;
#450 = CARTESIAN_POINT ( 'NONE',  ( -8.493065091427860480, 16.99999999999988987, 0.7034772776992480603 ) ) ;
#451 = CARTESIAN_POINT ( 'NONE',  ( -2.598782935313538545, -16.99999999999999645, 4.695872528469824836 ) ) ;
#452 = CARTESIAN_POINT ( 'NONE',  ( 4.743289762500685569, -3.710785106353062357, 2.108847388320084892 ) ) ;
#453 = CARTESIAN_POINT ( 'NONE',  ( -2.942488318068232633, 15.50000000000001066, 3.115540996051098688 ) ) ;
#454 = EDGE_CURVE ( 'NONE', #4769, #1401, #2929, .T. ) ;
#455 = DIRECTION ( 'NONE',  ( -0.7071067811865474617, 0.000000000000000000, 0.7071067811865474617 ) ) ;
#456 = CARTESIAN_POINT ( 'NONE',  ( -8.257301033318928063, -12.24448645564812033, 0.9723481754121992005 ) ) ;
#457 = DIRECTION ( 'NONE',  ( 0.000000000000000000, -1.000000000000000000, 0.000000000000000000 ) ) ;
#458 = CARTESIAN_POINT ( 'NONE',  ( -4.618947909805124930, -1.240077465189744821, 2.170619357434298458 ) ) ;
#459 = VECTOR ( 'NONE', #3588, 1000.000000000000000 ) ;
#460 = CARTESIAN_POINT ( 'NONE',  ( 8.500000000000000000, -16.64271604770783952, 0.6900148776976180454 ) ) ;
#461 = CARTESIAN_POINT ( 'NONE',  ( 7.231805131909299966, -15.33082685620300367, 1.625920495908282914 ) ) ;
#462 = VECTOR ( 'NONE', #4126, 1000.000000000000000 ) ;
#463 = B_SPLINE_SURFACE_WITH_KNOTS ( 'NONE', 3, 1, ( 
 ( #721, #769, #1782 ),
 ( #3376, #2966, #2219 ),
 ( #4031, #4448, #3346 ),
 ( #4433, #386, #3361 ),
 ( #2939, #1068, #1095 ),
 ( #24, #339, #3317 ),
 ( #1080, #3693, #1905 ),
 ( #44, #2624, #3776 ),
 ( #3756, #420, #3003 ),
 ( #3072, #4167, #786 ),
 ( #4567, #1487, #94 ),
 ( #1501, #2238, #433 ),
 ( #3037, #3395, #1183 ),
 ( #3021, #3804, #486 ),
 ( #4514, #1889, #1548 ),
 ( #2287, #1195, #2669 ),
 ( #1536, #1163, #4113 ) ),
 .UNSPECIFIED., .F., .F., .F.,
 ( 4, 1, 1, 1, 1, 1, 2, 1, 1, 1, 1, 1, 1, 4 ),
 ( 2, 1, 2 ),
 ( 0.000000000000000000, 0.03152426866617133450, 0.06277649519569961090, 0.1252670713340897080, 0.2503872555759903973, 0.3754722620238697406, 0.5000000000000000000, 0.5000002159989012096, 0.6247008733225286603, 0.7497172937406438864, 0.8748998120258564271, 0.9372516375206353390, 0.9684749453859866630, 1.000000000000000000 ),
 ( -0.2651708119800425534, 0.000000000000000000, 1.000000000000000000 ),
 .UNSPECIFIED. ) ;
#464 = VERTEX_POINT ( 'NONE', #1686 ) ;
#465 = VERTEX_POINT ( 'NONE', #198 ) ;
#466 = DIRECTION ( 'NONE',  ( -0.000000000000000000, -1.000000000000000000, -0.000000000000000000 ) ) ;
#467 = CARTESIAN_POINT ( 'NONE',  ( 9.024538358400803872, 5.673204499567274794, 1.106426445840184680 ) ) ;
#468 = CARTESIAN_POINT ( 'NONE',  ( -5.499999999999999112, 8.000000000000000000, -1.800000000000000044 ) ) ;
#469 = FACE_OUTER_BOUND ( 'NONE', #1170, .T. ) ;
#470 = CARTESIAN_POINT ( 'NONE',  ( 5.935132235694497105, -4.820468788198533083, 1.031246035083011714 ) ) ;
#471 = CARTESIAN_POINT ( 'NONE',  ( 5.965830160618817324, -14.48388438116241872, 1.428121856341098228 ) ) ;
#472 = CARTESIAN_POINT ( 'NONE',  ( -250006.9499999999825, 8.800000000000000711, 249998.5500000000757 ) ) ;
#473 = ADVANCED_FACE ( 'NONE', ( #1581 ), #3167, .F. ) ;
#474 = CARTESIAN_POINT ( 'NONE',  ( 6.081039429776330607, -12.66150731589966050, 1.207117304298483740 ) ) ;
#475 = CARTESIAN_POINT ( 'NONE',  ( 8.271274739271159859, -13.50228478603818871, 0.5521410141066790400 ) ) ;
#476 = CARTESIAN_POINT ( 'NONE',  ( 6.999999999999993783, 12.00000000000000178, 0.1284764056646238439 ) ) ;
#477 = CARTESIAN_POINT ( 'NONE',  ( 6.800000000000001599, 8.800000000000000711, -1.000000000000000000 ) ) ;
#478 = CARTESIAN_POINT ( 'NONE',  ( -1.406515900939100820E-15, -10.33774716522214909, 3.860708921537636673 ) ) ;
#479 = B_SPLINE_CURVE_WITH_KNOTS ( 'NONE', 3,
 ( #2629, #4206, #3813, #2681, #478, #3427 ),
 .UNSPECIFIED., .F., .F.,
 ( 4, 2, 4 ),
 ( 0.0001860079832889423713, 0.01569371181834291334, 0.03120141565339688144 ),
 .UNSPECIFIED. ) ;
#480 = CARTESIAN_POINT ( 'NONE',  ( 7.971418524135986949, -14.25353936818041056, 0.8617778209148224677 ) ) ;
#481 = ORIENTED_EDGE ( 'NONE', *, *, #4445, .F. ) ;
#482 = AXIS2_PLACEMENT_3D ( 'NONE', #4342, #2098, #4738 ) ;
#483 = CARTESIAN_POINT ( 'NONE',  ( 6.073957843880779528, -11.82755140847605979, 3.399178507757740331 ) ) ;
#484 = CARTESIAN_POINT ( 'NONE',  ( 6.490213394921256373, -14.31816132863583846, 0.8170240876568728439 ) ) ;
#485 = EDGE_CURVE ( 'NONE', #2429, #4837, #3761, .T. ) ;
#486 = CARTESIAN_POINT ( 'NONE',  ( -8.500000000000000000, -14.51376580923473902, 0.6899915638018416786 ) ) ;
#487 = CARTESIAN_POINT ( 'NONE',  ( -0.6021517986947992895, 15.50000000000002309, 3.566776734745230826 ) ) ;
#488 = VERTEX_POINT ( 'NONE', #625 ) ;
#489 = CARTESIAN_POINT ( 'NONE',  ( 6.059712997058346318, 16.29509829604523929, 2.324656567993069523 ) ) ;
#490 = CARTESIAN_POINT ( 'NONE',  ( 7.069658235047431738, -7.039150162648549092, -0.009441736917769000606 ) ) ;
#491 = CARTESIAN_POINT ( 'NONE',  ( -8.379150514792517157, -13.10665885375688688, 0.8390811114354654876 ) ) ;
#492 = VECTOR ( 'NONE', #1240, 1000.000000000000000 ) ;
#493 = CARTESIAN_POINT ( 'NONE',  ( -4.519772323971400496, -2.679167222142925020, 4.310509776156814965 ) ) ;
#494 = EDGE_CURVE ( 'NONE', #501, #3911, #4546, .T. ) ;
#495 = ORIENTED_EDGE ( 'NONE', *, *, #398, .F. ) ;
#496 = ORIENTED_EDGE ( 'NONE', *, *, #2577, .T. ) ;
#497 = CARTESIAN_POINT ( 'NONE',  ( -3.500000000000000444, 12.00000000000000711, 5.500000000000000000 ) ) ;
#498 = ORIENTED_EDGE ( 'NONE', *, *, #726, .F. ) ;
#499 = DIRECTION ( 'NONE',  ( 0.000000000000000000, 1.000000000000000000, 0.000000000000000000 ) ) ;
#500 = ORIENTED_EDGE ( 'NONE', *, *, #603, .F. ) ;
#501 = VERTEX_POINT ( 'NONE', #3625 ) ;
#502 = CARTESIAN_POINT ( 'NONE',  ( 3.791724223914319403, 8.028151701052381739, 3.092440718648655107 ) ) ;
#503 = CARTESIAN_POINT ( 'NONE',  ( 4.294034255068604367, -9.952414673979337323, 2.786236860696347684 ) ) ;
#504 = ORIENTED_EDGE ( 'NONE', *, *, #350, .F. ) ;
#505 = CARTESIAN_POINT ( 'NONE',  ( 6.288454155700320847, 9.579419793715768350, 0.8315370786534707070 ) ) ;
#506 = CARTESIAN_POINT ( 'NONE',  ( 6.600000000000002309, -8.000000000000000000, -1.800000000000000044 ) ) ;
#507 = FACE_OUTER_BOUND ( 'NONE', #2382, .T. ) ;
#508 = DIRECTION ( 'NONE',  ( -0.000000000000000000, 0.000000000000000000, 1.000000000000000000 ) ) ;
#509 = ADVANCED_FACE ( 'NONE', ( #3665 ), #2468, .T. ) ;
#510 = CARTESIAN_POINT ( 'NONE',  ( -8.407649332664689723, -12.97152344821366121, 0.8036851779636658977 ) ) ;
#511 = CARTESIAN_POINT ( 'NONE',  ( 3.854015623710976612, -17.00000000000000000, 3.282219424294073207 ) ) ;
#512 = CARTESIAN_POINT ( 'NONE',  ( -4.442755860151642366, -0.2238429372659141714, 4.349911236558804184 ) ) ;
#513 = CARTESIAN_POINT ( 'NONE',  ( -4.442755860151642366, -0.2238429372661468186, 4.349911236558803296 ) ) ;
#514 = CIRCLE ( 'NONE', #2581, 3.500000000000000444 ) ;
#515 = DIRECTION ( 'NONE',  ( -0.000000000000000000, -0.000000000000000000, -1.000000000000000000 ) ) ;
#516 = CARTESIAN_POINT ( 'NONE',  ( -1.324446933045756003, -16.05552492316603619, 4.990002475150784989 ) ) ;
#517 = CARTESIAN_POINT ( 'NONE',  ( 6.211782430521667564, 13.22493095829200982, 1.092682349250752916 ) ) ;
#518 = EDGE_CURVE ( 'NONE', #2622, #230, #4796, .T. ) ;
#519 = CARTESIAN_POINT ( 'NONE',  ( 6.782862553073290890, 14.25910142786417900, 2.720077177215462605 ) ) ;
#520 = VECTOR ( 'NONE', #858, 1000.000000000000000 ) ;
#521 = DIRECTION ( 'NONE',  ( 0.000000000000000000, -1.000000000000000000, 0.000000000000000000 ) ) ;
#522 = ORIENTED_EDGE ( 'NONE', *, *, #3512, .T. ) ;
#523 = CARTESIAN_POINT ( 'NONE',  ( -8.147805742151641439, -12.96127170118329275, 1.112307184954208550 ) ) ;
#524 = CARTESIAN_POINT ( 'NONE',  ( 6.734706500011156116, -17.00000000000000355, 2.570359893976820409 ) ) ;
#525 = FACE_OUTER_BOUND ( 'NONE', #4809, .T. ) ;
#526 = DIRECTION ( 'NONE',  ( 0.000000000000000000, 1.000000000000000000, 0.000000000000000000 ) ) ;
#527 = CARTESIAN_POINT ( 'NONE',  ( -6.108788892067163800, -16.27830512404486640, 2.302352340301658362 ) ) ;
#528 = CARTESIAN_POINT ( 'NONE',  ( -8.149396903999893027, 12.95487532506626316, 1.110057399559257529 ) ) ;
#529 = LINE ( 'NONE', #1821, #1370 ) ;
#530 = DIRECTION ( 'NONE',  ( -1.000000000000000000, 0.000000000000000000, 0.000000000000000000 ) ) ;
#531 = CARTESIAN_POINT ( 'NONE',  ( 0.000000000000000000, 0.000000000000000000, -1.800000000000000044 ) ) ;
#532 = ORIENTED_EDGE ( 'NONE', *, *, #3733, .T. ) ;
#533 = CARTESIAN_POINT ( 'NONE',  ( 2.611678416373787393, 16.05551879583918762, 4.746882908145715341 ) ) ;
#534 = CARTESIAN_POINT ( 'NONE',  ( 5.185831030138781550, -16.71029533779931597, 2.753910517688780146 ) ) ;
#535 = CARTESIAN_POINT ( 'NONE',  ( 2.935973745884089843E-18, 5.357342147779511343, 5.648800696659975529 ) ) ;
#536 = CARTESIAN_POINT ( 'NONE',  ( 4.570442615920584650, -16.91084029522363608, 3.970835745116111148 ) ) ;
#537 = CARTESIAN_POINT ( 'NONE',  ( -8.175667154860434493, 12.83745615685685060, 1.076651818011820749 ) ) ;
#538 = ORIENTED_EDGE ( 'NONE', *, *, #1441, .F. ) ;
#539 = CARTESIAN_POINT ( 'NONE',  ( 6.800000000000001599, 8.800000000000000711, -1.600000000000001199 ) ) ;
#540 = EDGE_CURVE ( 'NONE', #2969, #665, #1526, .T. ) ;
#541 = CARTESIAN_POINT ( 'NONE',  ( 3.824567363740256631, -8.167945500619319787, 3.073494765602263534 ) ) ;
#542 = CARTESIAN_POINT ( 'NONE',  ( -3.973352025398507514, 15.47546498636655166, 2.674656796424783600 ) ) ;
#543 = FACE_OUTER_BOUND ( 'NONE', #2066, .T. ) ;
#544 = CARTESIAN_POINT ( 'NONE',  ( -5.926866518542016848, -13.76502361715889577, 1.471795580628236788 ) ) ;
#545 = ORIENTED_EDGE ( 'NONE', *, *, #494, .F. ) ;
#546 = CARTESIAN_POINT ( 'NONE',  ( -5.499999999999999112, 8.800000000000000711, 1.597353125134759466 ) ) ;
#547 = CARTESIAN_POINT ( 'NONE',  ( 10.05890442947390362, 5.673204499567274794, -0.2859375931339788734 ) ) ;
#548 =( BOUNDED_SURFACE ( )  B_SPLINE_SURFACE ( 3, 2, ( 
 ( #512, #2395, #2361 ),
 ( #3518, #2761, #190 ),
 ( #493, #3845, #1943 ),
 ( #566, #2087, #3547 ),
 ( #4291, #3910, #921 ),
 ( #226, #2483, #4328 ),
 ( #2064, #2815, #2846 ),
 ( #578, #939, #2009 ),
 ( #3582, #2828, #1657 ),
 ( #4677, #594, #632 ),
 ( #1645, #619, #3217 ),
 ( #1318, #1678, #3204 ),
 ( #1714, #3159, #3177 ),
 ( #987, #3235, #4728 ) ),
 .UNSPECIFIED., .F., .F., .F. ) 
 B_SPLINE_SURFACE_WITH_KNOTS ( ( 4, 2, 2, 2, 2, 2, 4 ),
 ( 3, 3 ),
 ( 0.000000000000000000, 0.003725773039019360158, 0.007451546078038720315, 0.009314432597548400611, 0.01117731911705808004, 0.01304020563656775947, 0.01490309215607744063 ),
 ( 0.000000000000000000, 1.000000000000000000 ),
 .UNSPECIFIED. ) 
 GEOMETRIC_REPRESENTATION_ITEM ( )  RATIONAL_B_SPLINE_SURFACE ( (
 ( 1.000000000000000000, 0.9773211704534868760, 1.000000000000000000),
 ( 1.000000000000000000, 0.9773825773480151469, 1.000000000000000000),
 ( 1.000000000000000000, 0.9779048000091736803, 1.000000000000000000),
 ( 1.000000000000000000, 0.9798621087450645195, 1.000000000000000000),
 ( 1.000000000000000000, 0.9812607725936842717, 1.000000000000000000),
 ( 1.000000000000000000, 0.9837613730665059064, 1.000000000000000000),
 ( 1.000000000000000000, 0.9846601219694358642, 1.000000000000000000),
 ( 1.000000000000000000, 0.9865780692674984698, 1.000000000000000000),
 ( 1.000000000000000000, 0.9875989643154022835, 1.000000000000000000),
 ( 1.000000000000000000, 0.9897330239849603251, 1.000000000000000000),
 ( 1.000000000000000000, 0.9908502045905458466, 1.000000000000000000),
 ( 1.000000000000000000, 0.9931594480648939793, 1.000000000000000000),
 ( 1.000000000000000000, 0.9943697904991360970, 1.000000000000000000),
 ( 1.000000000000000000, 0.9953946788648949662, 1.000000000000000000) ) ) 
 REPRESENTATION_ITEM ( '' )  SURFACE ( )  );
#549 = CARTESIAN_POINT ( 'NONE',  ( 5.499999999999999112, -8.800000000000000711, 500000.0000000000582 ) ) ;
#550 = ORIENTED_EDGE ( 'NONE', *, *, #2372, .T. ) ;
#551 = VERTEX_POINT ( 'NONE', #1030 ) ;
#552 = LINE ( 'NONE', #2210, #2810 ) ;
#553 = DIRECTION ( 'NONE',  ( 1.000000000000000000, 0.000000000000000000, 0.000000000000000000 ) ) ;
#554 = EDGE_CURVE ( 'NONE', #3412, #3349, #2584, .T. ) ;
#555 = CARTESIAN_POINT ( 'NONE',  ( -3.865438509202292039, -16.05550970860616289, 4.322783469849194482 ) ) ;
#556 = CARTESIAN_POINT ( 'NONE',  ( 3.707191210956029881, -6.315234070227798924, 3.185798884448611368 ) ) ;
#557 = FACE_OUTER_BOUND ( 'NONE', #223, .T. ) ;
#558 = DIRECTION ( 'NONE',  ( 0.000000000000000000, 0.000000000000000000, -1.000000000000000000 ) ) ;
#559 = CARTESIAN_POINT ( 'NONE',  ( 4.220198752223979888, 4.257169403153241660, 4.646734497990575363 ) ) ;
#560 = DIRECTION ( 'NONE',  ( 0.000000000000000000, 0.000000000000000000, -1.000000000000000000 ) ) ;
#561 = CARTESIAN_POINT ( 'NONE',  ( 3.000000000000000444, -15.99999999999999645, -1.000000000000000000 ) ) ;
#562 = ADVANCED_FACE ( 'NONE', ( #1632 ), #3752, .T. ) ;
#563 = CARTESIAN_POINT ( 'NONE',  ( 6.365739240866126636, -14.01853357731715022, 0.9531948996660606355 ) ) ;
#564 = CARTESIAN_POINT ( 'NONE',  ( 2.440560692072078819, 5.673204499567274794, 5.469452507920496309 ) ) ;
#565 = AXIS2_PLACEMENT_3D ( 'NONE', #2943, #2559, #4386 ) ;
#566 = CARTESIAN_POINT ( 'NONE',  ( -4.775515710916937273, -5.105856219645973582, 4.169642858279609676 ) ) ;
#567 = LINE ( 'NONE', #1515, #4657 ) ;
#568 = DIRECTION ( 'NONE',  ( 0.000000000000000000, -1.000000000000000000, 0.000000000000000000 ) ) ;
#569 = VERTEX_POINT ( 'NONE', #1484 ) ;
#570 = DIRECTION ( 'NONE',  ( 0.000000000000000000, -0.01200704730164314782, -0.9999279128092666280 ) ) ;
#571 = FACE_OUTER_BOUND ( 'NONE', #3565, .T. ) ;
#572 = CARTESIAN_POINT ( 'NONE',  ( -7.141659081231551021, -11.69977566974131555, -0.03667179046047581992 ) ) ;
#573 = DIRECTION ( 'NONE',  ( 0.000000000000000000, -1.000000000000000000, 0.000000000000000000 ) ) ;
#574 = CARTESIAN_POINT ( 'NONE',  ( -5.701668357188143688, 16.50753368062994042, 3.362485618902075313 ) ) ;
#575 = LINE ( 'NONE', #4834, #414 ) ;
#576 = CARTESIAN_POINT ( 'NONE',  ( -7.300565249291132375, 14.57026450914178284, 2.222725382856316045 ) ) ;
#577 = CARTESIAN_POINT ( 'NONE',  ( -9.024538358400809201, -5.673204499567389369, 1.106426445840189343 ) ) ;
#578 = CARTESIAN_POINT ( 'NONE',  ( -5.791730885292470710, -9.892710342882095276, 3.516798970714436479 ) ) ;
#579 = CARTESIAN_POINT ( 'NONE',  ( 8.086015013660105666, 13.18669873442992113, 1.191004653811860159 ) ) ;
#580 = CARTESIAN_POINT ( 'NONE',  ( 7.844267763808139726, 14.52585474082995098, 1.536313916186081485 ) ) ;
#581 = CARTESIAN_POINT ( 'NONE',  ( -6.904707056672686249, -15.67670115613217874, 1.839129660937371513 ) ) ;
#582 = DIRECTION ( 'NONE',  ( 0.000000000000000000, 1.000000000000000000, 0.000000000000000000 ) ) ;
#583 = ADVANCED_FACE ( 'NONE', ( #2530 ), #2215, .T. ) ;
#584 = CARTESIAN_POINT ( 'NONE',  ( 7.428273003436314248, 15.11172529619405225, 2.089297055093119138 ) ) ;
#585 = CARTESIAN_POINT ( 'NONE',  ( -6.634260995664842397, -15.17742874546487108, 2.783374513999080424 ) ) ;
#586 = CARTESIAN_POINT ( 'NONE',  ( 4.333196801695399891, -5.186274379297255877, 4.584676821096521415 ) ) ;
#587 = CARTESIAN_POINT ( 'NONE',  ( 4.639904255889389262, 6.804129475025464835, 4.406018776539834647 ) ) ;
#588 = CARTESIAN_POINT ( 'NONE',  ( -3.716858933926507014, -5.064157695585422836, 3.101714659589981160 ) ) ;
#589 = CARTESIAN_POINT ( 'NONE',  ( 4.033720064596262311, 7.938714287302462758, 2.988539594409782119 ) ) ;
#590 = CARTESIAN_POINT ( 'NONE',  ( -5.911713235601708583, 15.60739155592916561, 3.284014011121596965 ) ) ;
#591 = CARTESIAN_POINT ( 'NONE',  ( 6.569529501566507612, -13.69260977145047065, 0.6876231164827795173 ) ) ;
#592 = CARTESIAN_POINT ( 'NONE',  ( 7.846245456778551564, 5.673204499567274794, 2.464188436468094157 ) ) ;
#593 = VERTEX_POINT ( 'NONE', #1721 ) ;
#594 = CARTESIAN_POINT ( 'NONE',  ( -6.073957843878890372, -11.82755140847606690, 3.399178507757996570 ) ) ;
#595 = EDGE_CURVE ( 'NONE', #4326, #3754, #2224, .T. ) ;
#596 = CARTESIAN_POINT ( 'NONE',  ( -8.379144873659230441, 13.10668396177420192, 0.8388240321220070683 ) ) ;
#597 = CARTESIAN_POINT ( 'NONE',  ( -7.000000000000000888, -10.93336514270480819, 0.1096072640581646218 ) ) ;
#598 = LINE ( 'NONE', #4284, #2797 ) ;
#599 = CARTESIAN_POINT ( 'NONE',  ( -5.223435509139375377, 10.68751818467685766, 3.963893342779067908 ) ) ;
#600 = ORIENTED_EDGE ( 'NONE', *, *, #4445, .T. ) ;
#601 = ORIENTED_EDGE ( 'NONE', *, *, #1077, .F. ) ;
#602 = CARTESIAN_POINT ( 'NONE',  ( -3.246145018437523788, -16.05550404331329517, 4.566346913187675050 ) ) ;
#603 = EDGE_CURVE ( 'NONE', #2071, #2927, #1870, .T. ) ;
#604 = CARTESIAN_POINT ( 'NONE',  ( 6.029732821979809643, -14.42044619904621783, 1.377541180153956324 ) ) ;
#605 = EDGE_LOOP ( 'NONE', ( #3038, #111, #3318, #3841 ) ) ;
#606 = CARTESIAN_POINT ( 'NONE',  ( 4.450477890383402801, -1.455073120063597347, 4.345908467956572707 ) ) ;
#607 = CARTESIAN_POINT ( 'NONE',  ( 3.330484655076402678, 1.076372416787436448, 4.986172069492220693 ) ) ;
#608 = CARTESIAN_POINT ( 'NONE',  ( -4.743289762500685569, -3.710785106353062357, 2.108847388320084892 ) ) ;
#609 = ORIENTED_EDGE ( 'NONE', *, *, #1717, .F. ) ;
#610 = CARTESIAN_POINT ( 'NONE',  ( 4.171027893311987533, 8.553503438948926174, 2.902858075898724355 ) ) ;
#611 = CARTESIAN_POINT ( 'NONE',  ( 7.068997572471222846, -14.79960888190957213, 2.437535899921394300 ) ) ;
#612 = ORIENTED_EDGE ( 'NONE', *, *, #3490, .T. ) ;
#613 = VECTOR ( 'NONE', #2127, 1000.000000000000000 ) ;
#614 = CARTESIAN_POINT ( 'NONE',  ( -3.509835669209737663, -2.677132421366372750, 3.201054870575583688 ) ) ;
#615 = ORIENTED_EDGE ( 'NONE', *, *, #2367, .T. ) ;
#616 = CARTESIAN_POINT ( 'NONE',  ( 7.132763194922194572, -15.43555404114375662, 1.690478039325826964 ) ) ;
#617 = CARTESIAN_POINT ( 'NONE',  ( -7.161368890685505306, -5.673204499567389369, 3.083208752424732246 ) ) ;
#618 = FACE_OUTER_BOUND ( 'NONE', #2435, .T. ) ;
#619 = CARTESIAN_POINT ( 'NONE',  ( -6.298506683450804111, -12.42530797000400611, 3.212728460742583891 ) ) ;
#620 = CARTESIAN_POINT ( 'NONE',  ( -8.271265618860702773, 13.50231382526974500, 0.5519339266988071424 ) ) ;
#621 = CARTESIAN_POINT ( 'NONE',  ( 7.119578829281690169, -15.47648455043559856, 2.357691344728269023 ) ) ;
#622 = CARTESIAN_POINT ( 'NONE',  ( -7.068997572471222846, -14.79960888190957213, 2.437535899921394300 ) ) ;
#623 = CARTESIAN_POINT ( 'NONE',  ( 7.605734146720589450, 14.87269861362524814, 1.863935818334490069 ) ) ;
#624 = AXIS2_PLACEMENT_3D ( 'NONE', #4057, #2175, #3593 ) ;
#625 = CARTESIAN_POINT ( 'NONE',  ( -7.000000000000000888, -11.99999999999999645, -1.000000000000000000 ) ) ;
#626 = CARTESIAN_POINT ( 'NONE',  ( 3.951227559954832547, 1.057821466734203630, 4.789876073812644464 ) ) ;
#627 = CARTESIAN_POINT ( 'NONE',  ( -4.663750318936735972, -9.979848744343957634, 2.533826536353419367 ) ) ;
#628 = CARTESIAN_POINT ( 'NONE',  ( 6.105318425805035254, 14.49247182850652216, 1.306783633041446846 ) ) ;
#629 = VECTOR ( 'NONE', #813, 1000.000000000000000 ) ;
#630 = CARTESIAN_POINT ( 'NONE',  ( -8.143086955726264620, -17.00000000000000355, 1.149034154632009974 ) ) ;
#631 = CARTESIAN_POINT ( 'NONE',  ( 7.379031889555276003, 16.99999999999988987, 1.988011351067821453 ) ) ;
#632 = CARTESIAN_POINT ( 'NONE',  ( -5.726684369424456911, -11.98070479999020321, 3.609556158753580934 ) ) ;
#633 = VECTOR ( 'NONE', #3535, 1000.000000000000000 ) ;
#634 = CARTESIAN_POINT ( 'NONE',  ( -7.000000000000000888, -11.99999999999999645, 0.1286928708730964155 ) ) ;
#635 =( GEOMETRIC_REPRESENTATION_CONTEXT ( 3 ) GLOBAL_UNCERTAINTY_ASSIGNED_CONTEXT ( ( #4676 ) ) GLOBAL_UNIT_ASSIGNED_CONTEXT ( ( #1817, #2160, #4813 ) ) REPRESENTATION_CONTEXT ( 'NONE', 'WORKASPACE' ) );
#636 = CARTESIAN_POINT ( 'NONE',  ( -4.162696899107555026, -15.68573565240298784, 2.581597158702328976 ) ) ;
#637 = EDGE_CURVE ( 'NONE', #779, #3412, #108, .T. ) ;
#638 = VECTOR ( 'NONE', #1695, 1000.000000000000000 ) ;
#639 = DIRECTION ( 'NONE',  ( 0.000000000000000000, 0.000000000000000000, -1.000000000000000000 ) ) ;
#640 = CARTESIAN_POINT ( 'NONE',  ( 2.611678416351616239, -16.05551879584013264, 4.746882908151993874 ) ) ;
#641 = CARTESIAN_POINT ( 'NONE',  ( 6.504571611808041887, 13.71982133600984710, 2.980179894582928313 ) ) ;
#642 = CARTESIAN_POINT ( 'NONE',  ( -7.044430843153786093, -4.696943384333228444, -0.003651843894403569105 ) ) ;
#643 = CARTESIAN_POINT ( 'NONE',  ( 5.959087364836152645, 13.85183910018425735, 1.441239911705421095 ) ) ;
#644 = CARTESIAN_POINT ( 'NONE',  ( 8.052597117171783836, 13.28956076937033259, 1.233819304055185917 ) ) ;
#645 = CARTESIAN_POINT ( 'NONE',  ( -7.964323372838652659, -17.00000000000000355, 1.364908001160543227 ) ) ;
#646 = CARTESIAN_POINT ( 'NONE',  ( -10.74679753135523441, 5.673204499567274794, -1.212263627612107930 ) ) ;
#647 = CARTESIAN_POINT ( 'NONE',  ( 5.078400111754241664, 15.90326127528429012, 3.765962275978062657 ) ) ;
#648 = CARTESIAN_POINT ( 'NONE',  ( -7.398589619441352738, 15.13065472053118299, 1.468155143893619785 ) ) ;
#649 = CARTESIAN_POINT ( 'NONE',  ( -1.583681156815979874, -15.68573351382642933, 3.432264375776106213 ) ) ;
#650 = EDGE_CURVE ( 'NONE', #1094, #1588, #47, .T. ) ;
#651 = CARTESIAN_POINT ( 'NONE',  ( 5.087299498283851307, -10.30761622531468014, 4.051553256119208690 ) ) ;
#652 = ORIENTED_EDGE ( 'NONE', *, *, #2836, .T. ) ;
#653 = DIRECTION ( 'NONE',  ( -0.000000000000000000, -1.000000000000000000, -0.000000000000000000 ) ) ;
#654 = EDGE_CURVE ( 'NONE', #4056, #2495, #3792, .T. ) ;
#655 = ORIENTED_EDGE ( 'NONE', *, *, #4651, .T. ) ;
#656 = CARTESIAN_POINT ( 'NONE',  ( -7.429411537976345237, -15.11038817376276455, 2.088291698937652541 ) ) ;
#657 = CARTESIAN_POINT ( 'NONE',  ( -4.197276690464671667, -16.96286294757553748, 3.160341790495790004 ) ) ;
#658 = CARTESIAN_POINT ( 'NONE',  ( -6.186451920751704137, 14.42023422213980410, 1.201078632499833265 ) ) ;
#659 = CARTESIAN_POINT ( 'NONE',  ( -1.315184073008104138, 17.00000000000101963, 4.923220936464134390 ) ) ;
#660 = ORIENTED_EDGE ( 'NONE', *, *, #3742, .F. ) ;
#661 = CARTESIAN_POINT ( 'NONE',  ( 6.600000000000002309, 0.000000000000000000, -1.800000000000000044 ) ) ;
#662 = ORIENTED_EDGE ( 'NONE', *, *, #2577, .F. ) ;
#663 = CARTESIAN_POINT ( 'NONE',  ( -10.21187485054754873, -17.00000000000000355, -1.610458536087166825 ) ) ;
#664 = CARTESIAN_POINT ( 'NONE',  ( 3.837347805297153247, -8.222364033861387256, 3.066108686102529290 ) ) ;
#665 = VERTEX_POINT ( 'NONE', #2315 ) ;
#666 = ORIENTED_EDGE ( 'NONE', *, *, #2923, .T. ) ;
#667 = ORIENTED_EDGE ( 'NONE', *, *, #1416, .F. ) ;
#668 = CARTESIAN_POINT ( 'NONE',  ( -4.354472869261621248, 8.485527028543433659, 2.716646997514154283 ) ) ;
#669 = PERSON_AND_ORGANIZATION ( #3814, #3586 ) ;
#670 = CARTESIAN_POINT ( 'NONE',  ( 2.942488318068205544, -15.50000000000000355, 3.115540996051123557 ) ) ;
#671 = EDGE_CURVE ( 'NONE', #270, #4586, #3782, .T. ) ;
#672 = CARTESIAN_POINT ( 'NONE',  ( -6.502186883251429350, 8.800000000000004263, 0.5871117476033709259 ) ) ;
#673 =( BOUNDED_SURFACE ( )  B_SPLINE_SURFACE ( 3, 2, ( 
 ( #3774, #3429, #800 ),
 ( #3190, #4684, #606 ),
 ( #4286, #2388, #4705 ),
 ( #3821, #586, #3540 ),
 ( #2004, #1280, #4669 ),
 ( #2400, #950, #182 ),
 ( #3918, #828, #1920 ),
 ( #1624, #200, #901 ),
 ( #4180, #2422, #2784 ),
 ( #3525, #483, #3444 ),
 ( #3169, #4263, #4300 ),
 ( #216, #1546, #3891 ),
 ( #2438, #4578, #3903 ),
 ( #2299, #1992, #3569 ) ),
 .UNSPECIFIED., .F., .F., .T. ) 
 B_SPLINE_SURFACE_WITH_KNOTS ( ( 4, 2, 2, 2, 2, 2, 4 ),
 ( 3, 3 ),
 ( 0.000000000000000000, 0.003725773039019354520, 0.007451546078038709039, 0.009314432597548386733, 0.01117731911705806269, 0.01304020563656774039, 0.01490309215607741808 ),
 ( 0.000000000000000000, 1.000000000000000000 ),
 .UNSPECIFIED. ) 
 GEOMETRIC_REPRESENTATION_ITEM ( )  RATIONAL_B_SPLINE_SURFACE ( (
 ( 1.000000000000000000, 0.9773211704534868760, 1.000000000000000000),
 ( 1.000000000000000000, 0.9773825773480662171, 1.000000000000000000),
 ( 1.000000000000000000, 0.9779048000091048465, 1.000000000000000000),
 ( 1.000000000000000000, 0.9798621087451340195, 1.000000000000000000),
 ( 1.000000000000000000, 0.9812607725934772152, 1.000000000000000000),
 ( 1.000000000000000000, 0.9837613730666092682, 1.000000000000000000),
 ( 1.000000000000000000, 0.9846601219694014473, 1.000000000000000000),
 ( 1.000000000000000000, 0.9865780692675333308, 1.000000000000000000),
 ( 1.000000000000000000, 0.9875989643154020614, 1.000000000000000000),
 ( 1.000000000000000000, 0.9897330239849601030, 1.000000000000000000),
 ( 1.000000000000000000, 0.9908502045904403754, 1.000000000000000000),
 ( 1.000000000000000000, 0.9931594480649992285, 1.000000000000000000),
 ( 1.000000000000000000, 0.9943697904990583814, 1.000000000000000000),
 ( 1.000000000000000000, 0.9953946788648947441, 1.000000000000000000) ) ) 
 REPRESENTATION_ITEM ( '' )  SURFACE ( )  );
#674 = CARTESIAN_POINT ( 'NONE',  ( 6.049160179793222625, 11.76057885971748362, 3.419504235056938235 ) ) ;
#675 = CARTESIAN_POINT ( 'NONE',  ( -3.681500414573612989, 6.073961676907911666, 3.196579494804323129 ) ) ;
#676 = CARTESIAN_POINT ( 'NONE',  ( -1.196468122625830244, 16.99999999999997868, 3.984307033862412251 ) ) ;
#677 = ORIENTED_EDGE ( 'NONE', *, *, #2665, .T. ) ;
#678 = CARTESIAN_POINT ( 'NONE',  ( -3.438019418218539069, -0.2265235218480349533, 3.236135003773283891 ) ) ;
#679 = CARTESIAN_POINT ( 'NONE',  ( 7.500000000000001776, -11.99999999999999645, -1.000000000000000000 ) ) ;
#680 = CIRCLE ( 'NONE', #1314, 3.500000000000000444 ) ;
#681 = CARTESIAN_POINT ( 'NONE',  ( 3.441202228100360472, -2.818654001366228901, 4.939723937804169296 ) ) ;
#682 = CARTESIAN_POINT ( 'NONE',  ( -3.000000000000000444, -15.49999999999999822, -1.000000000000000000 ) ) ;
#683 = AXIS2_PLACEMENT_3D ( 'NONE', #3336, #16, #2599 ) ;
#684 = CARTESIAN_POINT ( 'NONE',  ( -7.322234847889878218, -15.23520625469090106, 2.183030846755996013 ) ) ;
#685 = FACE_OUTER_BOUND ( 'NONE', #1660, .T. ) ;
#686 = CARTESIAN_POINT ( 'NONE',  ( 7.632630417030162207, -14.15398063858306799, 1.781707571551524927 ) ) ;
#687 = CARTESIAN_POINT ( 'NONE',  ( -3.484148000395145939, 2.283962744755287488, 3.213985586035701836 ) ) ;
#688 = CARTESIAN_POINT ( 'NONE',  ( -0.6016039374225365943, 16.99999999999997868, 4.040914616512094604 ) ) ;
#689 = EDGE_LOOP ( 'NONE', ( #655, #4114, #2919, #3400 ) ) ;
#690 = DIRECTION ( 'NONE',  ( -1.000000000000000000, 0.000000000000000000, 0.000000000000000000 ) ) ;
#691 = EDGE_CURVE ( 'NONE', #374, #2121, #567, .T. ) ;
#692 = VECTOR ( 'NONE', #2782, 1000.000000000000000 ) ;
#693 = CARTESIAN_POINT ( 'NONE',  ( 8.143061379733341099, -17.00000000000000355, 1.149065253945515286 ) ) ;
#694 = CARTESIAN_POINT ( 'NONE',  ( 3.500000000000000444, 12.00000000000000711, -1.000000000000000000 ) ) ;
#695 = ORIENTED_EDGE ( 'NONE', *, *, #3979, .F. ) ;
#696 = CARTESIAN_POINT ( 'NONE',  ( -3.196696435356802368, -0.2284296290626744719, 3.453836816310275282 ) ) ;
#697 = LINE ( 'NONE', #4724, #1204 ) ;
#698 = CARTESIAN_POINT ( 'NONE',  ( -5.499999999999998224, -8.266706646544989212, 1.569693387085542735 ) ) ;
#699 =( BOUNDED_SURFACE ( )  B_SPLINE_SURFACE ( 3, 2, ( 
 ( #1710, #2477, #295 ),
 ( #2855, #279, #1725 ),
 ( #1014, #220, #4379 ),
 ( #3244, #1000, #3629 ),
 ( #3264, #659, #676 ),
 ( #2148, #2132, #688 ),
 ( #3342, #2936, #4416 ),
 ( #3326, #4071, #2920 ),
 ( #4428, #2906, #1091 ),
 ( #2525, #1806, #362 ),
 ( #1434, #3676, #4060 ),
 ( #3720, #335, #2571 ) ),
 .UNSPECIFIED., .F., .F., .F. ) 
 B_SPLINE_SURFACE_WITH_KNOTS ( ( 4, 2, 2, 2, 2, 4 ),
 ( 3, 3 ),
 ( 0.000000000000000000, 0.001781699108611211474, 0.002672548662916817211, 0.003563398217222422948, 0.005345097325833634422, 0.007126796434444845896 ),
 ( 0.000000000000000000, 1.000000000000000000 ),
 .UNSPECIFIED. ) 
 GEOMETRIC_REPRESENTATION_ITEM ( )  RATIONAL_B_SPLINE_SURFACE ( (
 ( 1.000000000000000000, 0.7264673800681448190, 1.000000000000000000),
 ( 1.000000000000000000, 0.7264643778866750612, 1.000000000000000000),
 ( 1.000000000000000000, 0.7264705063656293760, 1.000000000000000000),
 ( 1.000000000000000000, 0.7264720887393244508, 1.000000000000000000),
 ( 1.000000000000000000, 0.7264714272347243540, 1.000000000000000000),
 ( 1.000000000000000000, 0.7264686948709040415, 1.000000000000000000),
 ( 1.000000000000000000, 0.7264665785844239831, 1.000000000000000000),
 ( 1.000000000000000000, 0.7264665708156600177, 1.000000000000000000),
 ( 1.000000000000000000, 0.7264725925337840451, 1.000000000000000000),
 ( 1.000000000000000000, 0.7264705605901626839, 1.000000000000000000),
 ( 1.000000000000000000, 0.7264643705810462926, 1.000000000000000000),
 ( 1.000000000000000000, 0.7264673804073478180, 1.000000000000000000) ) ) 
 REPRESENTATION_ITEM ( '' )  SURFACE ( )  );
#700 = CARTESIAN_POINT ( 'NONE',  ( 7.000000000000003553, -9.866700521004453606, 0.09285887819678295685 ) ) ;
#701 = EDGE_CURVE ( 'NONE', #3099, #3149, #3363, .T. ) ;
#702 = CARTESIAN_POINT ( 'NONE',  ( -6.099671574509589078, 16.28399855037548249, 2.307297062148759625 ) ) ;
#703 = CARTESIAN_POINT ( 'NONE',  ( 5.953577835543140573, 12.52076745562135329, 3.438919910789278056 ) ) ;
#704 = CARTESIAN_POINT ( 'NONE',  ( -3.498313487866582694, 4.819082365004970114, 3.297843684004459597 ) ) ;
#705 = CARTESIAN_POINT ( 'NONE',  ( 6.142383694491868162, -14.47255597319056619, 1.259569656664225823 ) ) ;
#706 = CARTESIAN_POINT ( 'NONE',  ( 10.05889772328632503, -5.673204499567389369, -0.2859285610115608334 ) ) ;
#707 = CARTESIAN_POINT ( 'NONE',  ( -3.522440070708874771, -5.112634107638772463, 3.285223468673857283 ) ) ;
#708 = CARTESIAN_POINT ( 'NONE',  ( 7.500000000000001776, -11.99999999999999645, -1.000000000000000000 ) ) ;
#709 = ORIENTED_EDGE ( 'NONE', *, *, #4593, .F. ) ;
#710 = APPROVAL_STATUS ( 'not_yet_approved' ) ;
#711 = DIRECTION ( 'NONE',  ( 0.000000000000000000, 0.000000000000000000, 1.000000000000000000 ) ) ;
#712 = CYLINDRICAL_SURFACE ( 'NONE', #2489, 3.500000000000000444 ) ;
#713 = ORIENTED_EDGE ( 'NONE', *, *, #4323, .F. ) ;
#714 = CARTESIAN_POINT ( 'NONE',  ( 1.626455356711372996E-16, 16.05550737207287426, 5.054056728823172584 ) ) ;
#715 = CARTESIAN_POINT ( 'NONE',  ( -3.932242561687585347, 8.617836641169480671, 3.011140379311213700 ) ) ;
#716 = ORIENTED_EDGE ( 'NONE', *, *, #1560, .F. ) ;
#717 = CARTESIAN_POINT ( 'NONE',  ( -3.430570263984148660, 1.034432384816117434, 3.239820068724316382 ) ) ;
#718 = CARTESIAN_POINT ( 'NONE',  ( -8.199233907777804475, 7.994450880694703443, 0.9877795684306014401 ) ) ;
#719 = ORIENTED_EDGE ( 'NONE', *, *, #174, .T. ) ;
#720 = CARTESIAN_POINT ( 'NONE',  ( -7.846245456778687455, -5.673204499567389369, 2.464188436467968479 ) ) ;
#721 = CARTESIAN_POINT ( 'NONE',  ( -8.499999999999991118, 16.99999999999999645, 0.6910717521980062061 ) ) ;
#722 = ORIENTED_EDGE ( 'NONE', *, *, #390, .F. ) ;
#723 = ORIENTED_EDGE ( 'NONE', *, *, #1451, .T. ) ;
#724 = AXIS2_PLACEMENT_3D ( 'NONE', #1626, #3922, #560 ) ;
#725 = CARTESIAN_POINT ( 'NONE',  ( -6.185628823228009665, -14.41813625272910748, 1.201986286228662770 ) ) ;
#726 = EDGE_CURVE ( 'NONE', #1323, #2429, #791, .T. ) ;
#727 = B_SPLINE_CURVE_WITH_KNOTS ( 'NONE', 3,
 ( #4500, #4138, #1474, #2612, #772, #422, #3383, #1134, #1490, #4120 ),
 .UNSPECIFIED., .F., .F.,
 ( 4, 2, 2, 2, 4 ),
 ( 0.000000000000000000, 0.0009952737580956963221, 0.001990547516191392644, 0.002985821274287092219, 0.003981095032382792227 ),
 .UNSPECIFIED. ) ;
#728 = CARTESIAN_POINT ( 'NONE',  ( -0.5182601975883478485, 15.68575543997217636, 3.572152950829300178 ) ) ;
#729 = LINE ( 'NONE', #3031, #2016 ) ;
#730 = CARTESIAN_POINT ( 'NONE',  ( -7.141608960160334085, 11.69973918795796131, -0.03684458872414537317 ) ) ;
#731 = CARTESIAN_POINT ( 'NONE',  ( -4.461054600686111371, 8.308492876808685423, 4.428772733312130505 ) ) ;
#732 = CARTESIAN_POINT ( 'NONE',  ( 5.499999999999999112, -8.800000000000000711, 500000.0000000000582 ) ) ;
#733 = CARTESIAN_POINT ( 'NONE',  ( 7.000000000000000888, -16.99999999999999645, 5.500000000000000000 ) ) ;
#734 = EDGE_CURVE ( 'NONE', #1719, #3311, #3488, .T. ) ;
#735 = CARTESIAN_POINT ( 'NONE',  ( 7.000000000000000888, -11.99999999999999645, 0.1286928708730964155 ) ) ;
#736 = CARTESIAN_POINT ( 'NONE',  ( -8.253852295016923080, -11.99211084253228599, 0.9732748291711731392 ) ) ;
#737 = CARTESIAN_POINT ( 'NONE',  ( 8.060884114155383529, -5.673204499567389369, 2.247676629344534494 ) ) ;
#738 = CARTESIAN_POINT ( 'NONE',  ( -4.162696899107540816, 15.68573565240303758, 2.581597158702297889 ) ) ;
#739 = CARTESIAN_POINT ( 'NONE',  ( -3.435484883271798573, -6.367349476627419236, 3.291179189617453371 ) ) ;
#740 = CARTESIAN_POINT ( 'NONE',  ( 1.052325132340649949, -15.68573146019886266, 3.526026864726263810 ) ) ;
#741 = ORIENTED_EDGE ( 'NONE', *, *, #3791, .F. ) ;
#742 = CARTESIAN_POINT ( 'NONE',  ( -5.965830160618817324, -14.48388438116241872, 1.428121856341098228 ) ) ;
#743 = CARTESIAN_POINT ( 'NONE',  ( -3.896937940489517693, 6.314712165024799262, 3.006319247325072386 ) ) ;
#744 = LINE ( 'NONE', #3025, #1361 ) ;
#745 = ORIENTED_EDGE ( 'NONE', *, *, #3404, .T. ) ;
#746 = DIRECTION ( 'NONE',  ( -1.000000000000000000, -0.000000000000000000, -0.000000000000000000 ) ) ;
#747 = DIRECTION ( 'NONE',  ( 0.000000000000000000, 0.000000000000000000, -1.000000000000000000 ) ) ;
#748 = B_SPLINE_CURVE_WITH_KNOTS ( 'NONE', 3,
 ( #3779, #440, #31, #2205 ),
 .UNSPECIFIED., .F., .F.,
 ( 4, 4 ),
 ( 0.000000000000000000, 0.0005847442544451253400 ),
 .UNSPECIFIED. ) ;
#749 = CARTESIAN_POINT ( 'NONE',  ( -6.519883694314622780, 12.19844462181477063, 2.945254537122304228 ) ) ;
#750 = CARTESIAN_POINT ( 'NONE',  ( -7.000000000000000888, -8.800000000000000711, 0.07892945023968422902 ) ) ;
#751 = FACE_OUTER_BOUND ( 'NONE', #4689, .T. ) ;
#752 = CARTESIAN_POINT ( 'NONE',  ( -6.818157012236776282, -13.11887942889337388, 0.3672489416634172610 ) ) ;
#753 = VERTEX_POINT ( 'NONE', #4164 ) ;
#754 = DIRECTION ( 'NONE',  ( 0.000000000000000000, 0.000000000000000000, -1.000000000000000000 ) ) ;
#755 = CARTESIAN_POINT ( 'NONE',  ( -7.846245456778551564, 5.673204499567274794, 2.464188436468094157 ) ) ;
#756 = CARTESIAN_POINT ( 'NONE',  ( 4.672891932896884093, -9.803200722154807423, 2.503865585132916127 ) ) ;
#757 = B_SPLINE_CURVE_WITH_KNOTS ( 'NONE', 3,
 ( #4317, #2019, #2772, #1310, #2687, #2804 ),
 .UNSPECIFIED., .F., .F.,
 ( 4, 2, 4 ),
 ( 0.000000000000000000, 0.01199251080382998658, 0.02398502160765997315 ),
 .UNSPECIFIED. ) ;
#758 = CARTESIAN_POINT ( 'NONE',  ( -7.132763194922194572, -15.43555404114375662, 1.690478039325826964 ) ) ;
#759 = EDGE_CURVE ( 'NONE', #3914, #3100, #4363, .T. ) ;
#760 = CARTESIAN_POINT ( 'NONE',  ( -4.194012262982486305, -7.267307889117337716, 4.574747322297906038 ) ) ;
#761 = CARTESIAN_POINT ( 'NONE',  ( -5.950178199461556794, 12.09807710354053789, 1.321483920098553311 ) ) ;
#762 = AXIS2_PLACEMENT_3D ( 'NONE', #1400, #2541, #1425 ) ;
#763 = APPROVAL_STATUS ( 'not_yet_approved' ) ;
#764 = CARTESIAN_POINT ( 'NONE',  ( -4.936287475931390389, 6.151713047513032606, 4.080191119039315417 ) ) ;
#765 = CARTESIAN_POINT ( 'NONE',  ( -7.068997572471192647, -14.79960888190960233, 2.437535899921423610 ) ) ;
#766 = EDGE_LOOP ( 'NONE', ( #3583, #1508, #1107, #3517 ) ) ;
#767 = ORIENTED_EDGE ( 'NONE', *, *, #603, .T. ) ;
#768 = CARTESIAN_POINT ( 'NONE',  ( 1.198573338057726145, 5.673204499567274794, 5.666858955788243613 ) ) ;
#769 = CARTESIAN_POINT ( 'NONE',  ( -8.499999999999992895, 17.00000000000000000, 0.6907730210980260743 ) ) ;
#770 = CARTESIAN_POINT ( 'NONE',  ( 4.660611274131134074, 2.478739357574267110, 2.151283890118714570 ) ) ;
#771 = VERTEX_POINT ( 'NONE', #4564 ) ;
#772 = CARTESIAN_POINT ( 'NONE',  ( 5.353642116310343368, 15.82973664393919044, 3.619009900539066571 ) ) ;
#773 = ORIENTED_EDGE ( 'NONE', *, *, #2185, .F. ) ;
#774 = CARTESIAN_POINT ( 'NONE',  ( -7.132640967568808499, 15.43568328003921053, 1.690557708725252128 ) ) ;
#775 = CARTESIAN_POINT ( 'NONE',  ( -4.446430630300159059, 10.45664405776652650, 2.686563108867941363 ) ) ;
#776 = CARTESIAN_POINT ( 'NONE',  ( -4.660611274131134074, 2.478739357574267110, 2.151283890118714570 ) ) ;
#777 = ORIENTED_EDGE ( 'NONE', *, *, #4082, .F. ) ;
#778 = CARTESIAN_POINT ( 'NONE',  ( 4.000000789868109585, -1.540410116175755961, 4.749027541198059588 ) ) ;
#779 = VERTEX_POINT ( 'NONE', #1902 ) ;
#780 = CARTESIAN_POINT ( 'NONE',  ( -5.949617237398256542, 10.43390801758813069, 3.401796709909473471 ) ) ;
#781 = EDGE_CURVE ( 'NONE', #1914, #3322, #855, .T. ) ;
#782 = ORIENTED_EDGE ( 'NONE', *, *, #4225, .T. ) ;
#783 = CARTESIAN_POINT ( 'NONE',  ( 5.900785301186040499, 16.30301762710903546, 2.821448837124267861 ) ) ;
#784 = CIRCLE ( 'NONE', #1868, 1.000000000000000222 ) ;
#785 = CARTESIAN_POINT ( 'NONE',  ( 7.378991983057118453, 16.99999999999988987, 1.988050634642130499 ) ) ;
#786 = CARTESIAN_POINT ( 'NONE',  ( -8.500000000000000000, -1.413279012309497595, 0.6898481018372155660 ) ) ;
#787 = CARTESIAN_POINT ( 'NONE',  ( 7.037044041007222361, -3.523316880205158874, -0.002321338531415580858 ) ) ;
#788 = CARTESIAN_POINT ( 'NONE',  ( 4.262551360373130649, -8.054984584080145282, 2.774279857167190499 ) ) ;
#789 = ORIENTED_EDGE ( 'NONE', *, *, #2082, .F. ) ;
#790 = EDGE_CURVE ( 'NONE', #2452, #3914, #2650, .T. ) ;
#791 = B_SPLINE_CURVE_WITH_KNOTS ( 'NONE', 3,
 ( #4576, #58, #3034, #2701, #2640, #799 ),
 .UNSPECIFIED., .F., .F.,
 ( 4, 2, 4 ),
 ( 0.000000000000000000, 0.001966750974011642790, 0.003933501948023285580 ),
 .UNSPECIFIED. ) ;
#792 = CARTESIAN_POINT ( 'NONE',  ( 3.893946906976664124, 5.244131397371613268, 3.342331702431903029 ) ) ;
#793 = DIRECTION ( 'NONE',  ( -1.000000000000000000, 0.000000000000000000, 0.000000000000000000 ) ) ;
#794 = CARTESIAN_POINT ( 'NONE',  ( -7.131044210207174494, 11.11994058108482264, -0.03150349345761701420 ) ) ;
#795 = DIRECTION ( 'NONE',  ( -0.000000000000000000, 0.000000000000000000, -1.000000000000000000 ) ) ;
#796 = FACE_OUTER_BOUND ( 'NONE', #2734, .T. ) ;
#797 = CARTESIAN_POINT ( 'NONE',  ( 7.132763194922123517, -15.43555404114375484, 1.690478039325878923 ) ) ;
#798 = CARTESIAN_POINT ( 'NONE',  ( 5.258976985151560868, 16.68557699978645914, 2.721529657345127529 ) ) ;
#799 = CARTESIAN_POINT ( 'NONE',  ( 3.848795190691579826, 16.30301762710903901, 4.280465488958522080 ) ) ;
#800 = CARTESIAN_POINT ( 'NONE',  ( 4.442755860151642366, -0.2238429372659141714, 4.349911236558804184 ) ) ;
#801 = LINE ( 'NONE', #168, #3604 ) ;
#802 = CARTESIAN_POINT ( 'NONE',  ( 10.21187524874969732, 16.99999999999988987, -1.610459072316499318 ) ) ;
#803 = CARTESIAN_POINT ( 'NONE',  ( 5.629942947784252638, -14.78622370504522365, 1.686717235592112729 ) ) ;
#804 = EDGE_CURVE ( 'NONE', #245, #3349, #1413, .T. ) ;
#805 = LINE ( 'NONE', #1685, #692 ) ;
#806 = CARTESIAN_POINT ( 'NONE',  ( 3.152630597441723026, -15.68575428288006890, 3.008737950001707517 ) ) ;
#807 = ADVANCED_FACE ( 'NONE', ( #3834 ), #4293, .F. ) ;
#808 = ORIENTED_EDGE ( 'NONE', *, *, #3086, .F. ) ;
#809 = CARTESIAN_POINT ( 'NONE',  ( -8.500000000000000000, 12.00000000000000711, 0.3160464792015763580 ) ) ;
#810 = CARTESIAN_POINT ( 'NONE',  ( -5.845124661792212351, -2.414544369359268750, 1.075126411920776404 ) ) ;
#811 = CARTESIAN_POINT ( 'NONE',  ( 8.500000000000000000, 4.240258800534958183, 0.6897861905774058666 ) ) ;
#812 = LINE ( 'NONE', #2554, #2899 ) ;
#813 = DIRECTION ( 'NONE',  ( -0.000000000000000000, -1.000000000000000000, -0.000000000000000000 ) ) ;
#814 = AXIS2_PLACEMENT_3D ( 'NONE', #497, #3848, #2065 ) ;
#815 = DIRECTION ( 'NONE',  ( -1.000000000000000000, 0.000000000000000000, 0.000000000000000000 ) ) ;
#816 =( BOUNDED_SURFACE ( )  B_SPLINE_SURFACE ( 3, 3, ( 
 ( #3475, #4222, #1260, #4172, #101, #2329, #1969, #2342, #147, #1601, #524, #1218, #3112, #132, #1913, #4628, #3843, #2309, #2712, #1233, #3856, #3870, #2748, #244, #1615, #177, #2827, #4290, #3940, #956 ),
 ( #4272, #2008, #1997, #3158, #4659, #4309, #2376, #4675, #1336, #3581, #4255, #2777, #3598, #188, #972, #3546, #4645, #1980, #207, #617, #3215, #2407, #2044, #4710, #2792, #577, #4325, #2759, #2813, #1270 ),
 ( #3176, #1300, #547, #3142, #225, #2394, #2447, #3531, #592, #906, #938, #3897, #1630, #564, #4690, #920, #1286, #3908, #1643, #3560, #3201, #3928, #1317, #1676, #1655, #2024, #2427, #2497, #646, #2909 ),
 ( #4004, #2137, #1765, #3283, #3632, #3649, #283, #4419, #631, #4794, #4763, #1746, #2482, #299, #4399, #3680, #4779, #1713, #1729, #4365, #3249, #2085, #2122, #4727, #4383, #3954, #1037, #1696, #2861, #1050 ) ),
 .UNSPECIFIED., .F., .F., .F. ) 
 B_SPLINE_SURFACE_WITH_KNOTS ( ( 4, 4 ),
 ( 4, 2, 2, 2, 2, 2, 2, 2, 2, 2, 2, 2, 2, 2, 4 ),
 ( 0.000000000000000000, 1.000000000000000000 ),
 ( 0.000000000000000000, 0.1250025009225660677, 0.1562531261532075777, 0.1875037513838491154, 0.2187543766144906254, 0.2500050018451321354, 0.3750075027676982309, 0.5000100036902642708, 0.6250075027676982309, 0.7500050018451320799, 0.7812543766144905977, 0.8125037513838491154, 0.8437531261532076332, 0.8750025009225660400, 1.000000000000000000 ),
 .UNSPECIFIED. ) 
 GEOMETRIC_REPRESENTATION_ITEM ( )  RATIONAL_B_SPLINE_SURFACE ( (
 ( 1.000000000000000000, 1.000000000000000000, 1.000000000000000000, 1.000000000000000000, 1.000000000000000000, 1.000000000000000000, 1.000000000000000000, 1.000000000000000000, 1.000000000000000000, 1.000000000000000000, 1.000000000000000000, 1.000000000000000000, 1.000000000000000000, 1.000000000000000000, 1.000000000000000000, 1.000000000000000000, 1.000000000000000000, 1.000000000000000000, 1.000000000000000000, 1.000000000000000000, 1.000000000000000000, 1.000000000000000000, 1.000000000000000000, 1.000000000000000000, 1.000000000000000000, 1.000000000000000000, 1.000000000000000000, 1.000000000000000000, 1.000000000000000000, 1.000000000000000000),
 ( 0.9988475943532122425, 0.9988475943532122425, 0.9988475943532122425, 0.9988475943532122425, 0.9988475943532122425, 0.9988475943532122425, 0.9988475943532122425, 0.9988475943532122425, 0.9988475943532122425, 0.9988475943532122425, 0.9988475943532122425, 0.9988475943532122425, 0.9988475943532122425, 0.9988475943532122425, 0.9988475943532122425, 0.9988475943532122425, 0.9988475943532122425, 0.9988475943532122425, 0.9988475943532122425, 0.9988475943532122425, 0.9988475943532122425, 0.9988475943532122425, 0.9988475943532122425, 0.9988475943532122425, 0.9988475943532122425, 0.9988475943532122425, 0.9988475943532122425, 0.9988475943532122425, 0.9988475943532122425, 0.9988475943532122425),
 ( 0.9988475943532122425, 0.9988475943532122425, 0.9988475943532122425, 0.9988475943532122425, 0.9988475943532122425, 0.9988475943532122425, 0.9988475943532122425, 0.9988475943532122425, 0.9988475943532122425, 0.9988475943532122425, 0.9988475943532122425, 0.9988475943532122425, 0.9988475943532122425, 0.9988475943532122425, 0.9988475943532122425, 0.9988475943532122425, 0.9988475943532122425, 0.9988475943532122425, 0.9988475943532122425, 0.9988475943532122425, 0.9988475943532122425, 0.9988475943532122425, 0.9988475943532122425, 0.9988475943532122425, 0.9988475943532122425, 0.9988475943532122425, 0.9988475943532122425, 0.9988475943532122425, 0.9988475943532122425, 0.9988475943532122425),
 ( 1.000000000000000000, 1.000000000000000000, 1.000000000000000000, 1.000000000000000000, 1.000000000000000000, 1.000000000000000000, 1.000000000000000000, 1.000000000000000000, 1.000000000000000000, 1.000000000000000000, 1.000000000000000000, 1.000000000000000000, 1.000000000000000000, 1.000000000000000000, 1.000000000000000000, 1.000000000000000000, 1.000000000000000000, 1.000000000000000000, 1.000000000000000000, 1.000000000000000000, 1.000000000000000000, 1.000000000000000000, 1.000000000000000000, 1.000000000000000000, 1.000000000000000000, 1.000000000000000000, 1.000000000000000000, 1.000000000000000000, 1.000000000000000000, 1.000000000000000000) ) ) 
 REPRESENTATION_ITEM ( '' )  SURFACE ( )  );
#817 = CARTESIAN_POINT ( 'NONE',  ( -2.611678416344302978, -16.05551879583915920, 4.746882908154154812 ) ) ;
#818 = CARTESIAN_POINT ( 'NONE',  ( 6.002380075943666959, -6.019166695937133049, 0.9980365435886023873 ) ) ;
#819 = DIRECTION ( 'NONE',  ( -1.000000000000000000, 0.000000000000000000, 0.000000000000000000 ) ) ;
#820 = CARTESIAN_POINT ( 'NONE',  ( 6.299264856812601288, 16.15233462298866129, 2.812447553490571295 ) ) ;
#821 = CARTESIAN_POINT ( 'NONE',  ( 6.762035820103532657, -13.60613853654325212, 0.4526213513220261331 ) ) ;
#822 = CARTESIAN_POINT ( 'NONE',  ( -7.398575301341539401, -15.13067255071010564, 1.468212637043992297 ) ) ;
#823 = CARTESIAN_POINT ( 'NONE',  ( -4.618943695588781040, 1.240056100294762320, 2.170611085712618848 ) ) ;
#824 = CARTESIAN_POINT ( 'NONE',  ( 8.499999999999978684, -16.99999999999996092, 0.6909730210981130938 ) ) ;
#825 = ORIENTED_EDGE ( 'NONE', *, *, #2834, .T. ) ;
#826 = CARTESIAN_POINT ( 'NONE',  ( 7.320025890597036344, -15.22848884663476277, 1.552085634103177014 ) ) ;
#827 = CARTESIAN_POINT ( 'NONE',  ( -5.499999999999999112, 8.000000000000000000, -1.800000000000000044 ) ) ;
#828 = CARTESIAN_POINT ( 'NONE',  ( 5.116827204879569102, -8.832293404359951694, 4.104364008418327714 ) ) ;
#829 = VERTEX_POINT ( 'NONE', #2733 ) ;
#830 = EDGE_LOOP ( 'NONE', ( #2198, #196, #1646, #3476, #4137, #3857 ) ) ;
#831 = CARTESIAN_POINT ( 'NONE',  ( 7.300565249291129710, 14.57026450914178284, 2.222725382856312493 ) ) ;
#832 = ORIENTED_EDGE ( 'NONE', *, *, #2229, .T. ) ;
#833 = CARTESIAN_POINT ( 'NONE',  ( 3.415415407070579334, 1.272172676325613594, 3.256248102972242986 ) ) ;
#834 = CARTESIAN_POINT ( 'NONE',  ( 3.000000000000000444, -15.99999999999999645, 0.000000000000000000 ) ) ;
#835 = ORIENTED_EDGE ( 'NONE', *, *, #1496, .T. ) ;
#836 = CARTESIAN_POINT ( 'NONE',  ( 7.132640967568808499, 15.43568328003921053, 1.690557708725252128 ) ) ;
#837 = ORIENTED_EDGE ( 'NONE', *, *, #2714, .T. ) ;
#838 = CARTESIAN_POINT ( 'NONE',  ( 5.003706378856802139, -11.14319043899050321, 2.276669140863757601 ) ) ;
#839 = CARTESIAN_POINT ( 'NONE',  ( -8.470392123468043266, -12.62222461759724546, 0.3495732067000144605 ) ) ;
#840 = ORIENTED_EDGE ( 'NONE', *, *, #3239, .T. ) ;
#841 = DATE_AND_TIME ( #1796, #1514 ) ;
#842 = DIRECTION ( 'NONE',  ( 0.000000000000000000, 1.000000000000000000, 0.000000000000000000 ) ) ;
#843 = CARTESIAN_POINT ( 'NONE',  ( -8.500000000000000000, 12.00000000000001066, 0.3160464792015759139 ) ) ;
#844 = B_SPLINE_CURVE_WITH_KNOTS ( 'NONE', 3,
 ( #2103, #4420, #340, #2543 ),
 .UNSPECIFIED., .F., .F.,
 ( 4, 4 ),
 ( 0.000000000000000000, 0.02400041248623109580 ),
 .UNSPECIFIED. ) ;
#845 = LINE ( 'NONE', #3356, #1800 ) ;
#846 = CARTESIAN_POINT ( 'NONE',  ( -3.500000000000000444, 12.00000000000000711, 5.500000000000000000 ) ) ;
#847 = CARTESIAN_POINT ( 'NONE',  ( -2.942488318068205544, -15.50000000000000355, 3.115540996051123557 ) ) ;
#848 = CARTESIAN_POINT ( 'NONE',  ( 7.141608960160334085, 11.69973918795796131, -0.03684458872414537317 ) ) ;
#849 = EDGE_CURVE ( 'NONE', #3222, #1954, #2404, .T. ) ;
#850 = CARTESIAN_POINT ( 'NONE',  ( 5.259225032541672284, -15.03394574444741139, 1.944997076528045765 ) ) ;
#851 = B_SPLINE_CURVE_WITH_KNOTS ( 'NONE', 3,
 ( #3191, #2035, #3541, #2839, #2821, #4671, #2460, #201 ),
 .UNSPECIFIED., .F., .F.,
 ( 4, 2, 2, 4 ),
 ( 0.003610020490472956763, 0.004512682948299071711, 0.005415345406125187527, 0.007220670321777418292 ),
 .UNSPECIFIED. ) ;
#852 = CARTESIAN_POINT ( 'NONE',  ( 3.896957240221362806, -6.314725832006615747, 3.006310748143756761 ) ) ;
#853 = CARTESIAN_POINT ( 'NONE',  ( -8.500000000000000000, -11.99999999999999645, 0.3162782702059309115 ) ) ;
#854 = CARTESIAN_POINT ( 'NONE',  ( 5.809590572025904009, -16.44742197751835278, 2.459170984249575032 ) ) ;
#855 = LINE ( 'NONE', #4179, #3430 ) ;
#856 = DIRECTION ( 'NONE',  ( 0.000000000000000000, 1.000000000000000000, 0.000000000000000000 ) ) ;
#857 = ADVANCED_FACE ( 'NONE', ( #685 ), #903, .T. ) ;
#858 = DIRECTION ( 'NONE',  ( 0.000000000000000000, -1.000000000000000000, -0.000000000000000000 ) ) ;
#859 = FACE_OUTER_BOUND ( 'NONE', #1103, .T. ) ;
#860 = ADVANCED_FACE ( 'NONE', ( #2764 ), #1605, .T. ) ;
#861 = CARTESIAN_POINT ( 'NONE',  ( -3.152630597441687943, 15.68575428288010087, 3.008737950001703076 ) ) ;
#862 = LINE ( 'NONE', #3850, #3787 ) ;
#863 = CARTESIAN_POINT ( 'NONE',  ( 7.044415303577549636, 4.696903817023125427, -0.003728842089555352290 ) ) ;
#864 = CARTESIAN_POINT ( 'NONE',  ( -5.259225032541672284, -15.03394574444741139, 1.944997076528045765 ) ) ;
#865 = AXIS2_PLACEMENT_3D ( 'NONE', #4734, #1377, #4010 ) ;
#866 = DIRECTION ( 'NONE',  ( -0.7071067811865475727, 0.000000000000000000, 0.7071067811865475727 ) ) ;
#867 = CARTESIAN_POINT ( 'NONE',  ( -8.085977841639552466, -13.18667392185358977, 1.191265201354314573 ) ) ;
#868 = CARTESIAN_POINT ( 'NONE',  ( -4.874705495365462049, -16.81031980756531041, 2.889543320959667927 ) ) ;
#869 = CARTESIAN_POINT ( 'NONE',  ( 3.000000000000000444, -15.99999999999999645, -1.000000000000000000 ) ) ;
#870 = DIRECTION ( 'NONE',  ( 0.7071067811865474617, -0.000000000000000000, 0.7071067811865474617 ) ) ;
#871 = EDGE_CURVE ( 'NONE', #3402, #3218, #514, .T. ) ;
#872 = ADVANCED_FACE ( 'NONE', ( #2941 ), #1756, .T. ) ;
#873 = CARTESIAN_POINT ( 'NONE',  ( 7.163651472816709109, 12.85609097490034003, -0.05010055011722721469 ) ) ;
#874 = CARTESIAN_POINT ( 'NONE',  ( 6.503847409524802003, 13.70183970951668684, 2.975719503441948355 ) ) ;
#875 = ORIENTED_EDGE ( 'NONE', *, *, #4499, .F. ) ;
#876 = DIRECTION ( 'NONE',  ( -1.000000000000000000, 0.000000000000000000, 0.000000000000000000 ) ) ;
#877 = DIRECTION ( 'NONE',  ( 0.000000000000000000, 0.000000000000000000, -1.000000000000000000 ) ) ;
#878 = VERTEX_POINT ( 'NONE', #1621 ) ;
#879 = DIRECTION ( 'NONE',  ( -1.000000000000000000, 0.000000000000000000, 0.000000000000000000 ) ) ;
#880 = ORIENTED_EDGE ( 'NONE', *, *, #39, .F. ) ;
#881 = CARTESIAN_POINT ( 'NONE',  ( -8.253852295016923080, -11.99211084253228599, 0.9732748291711733613 ) ) ;
#882 = ORIENTED_EDGE ( 'NONE', *, *, #554, .F. ) ;
#883 = CARTESIAN_POINT ( 'NONE',  ( -3.500000000000000888, 16.00000000000000711, -1.000000000000000000 ) ) ;
#884 = ORIENTED_EDGE ( 'NONE', *, *, #105, .F. ) ;
#885 = EDGE_CURVE ( 'NONE', #4397, #2592, #801, .T. ) ;
#886 = ORIENTED_EDGE ( 'NONE', *, *, #2193, .F. ) ;
#887 = CARTESIAN_POINT ( 'NONE',  ( -3.500000000000001332, 15.50000000000000888, 2.882870115353428186 ) ) ;
#888 = EDGE_CURVE ( 'NONE', #1090, #1914, #1194, .T. ) ;
#889 = CIRCLE ( 'NONE', #1935, 5.000000000000000000 ) ;
#890 = CARTESIAN_POINT ( 'NONE',  ( -6.868372023860995768, 14.99319642437059485, 2.602266829536896253 ) ) ;
#891 = DIRECTION ( 'NONE',  ( 0.5995692532999423729, -0.6339408073747588857, -0.4885035959359855795 ) ) ;
#892 = CARTESIAN_POINT ( 'NONE',  ( -8.500000000000000000, -11.99999999999999645, 0.3162782702059302453 ) ) ;
#893 = AXIS2_PLACEMENT_3D ( 'NONE', #1869, #4545, #3055 ) ;
#894 = CARTESIAN_POINT ( 'NONE',  ( -7.000000000000000888, -8.800000000000000711, -1.000000000000000000 ) ) ;
#895 = CARTESIAN_POINT ( 'NONE',  ( 7.398589619441352738, 15.13065472053118299, 1.468155143893619785 ) ) ;
#896 = AXIS2_PLACEMENT_3D ( 'NONE', #3128, #148, #164 ) ;
#897 = DIRECTION ( 'NONE',  ( 0.000000000000000000, 0.000000000000000000, -1.000000000000000000 ) ) ;
#898 = LINE ( 'NONE', #1097, #1752 ) ;
#899 = DIRECTION ( 'NONE',  ( 0.000000000000000000, 0.000000000000000000, -1.000000000000000000 ) ) ;
#900 = CARTESIAN_POINT ( 'NONE',  ( 4.260798710889837970, -8.046845859820635383, 2.775386183463740331 ) ) ;
#901 = CARTESIAN_POINT ( 'NONE',  ( 5.791730885294259501, -9.892710342883198393, 3.516798970712721850 ) ) ;
#902 = CARTESIAN_POINT ( 'NONE',  ( 6.414960112461423059, 10.74189593772167761, 0.7400723557377244521 ) ) ;
#903 = CYLINDRICAL_SURFACE ( 'NONE', #1479, 4.000000000000000888 ) ;
#904 = CARTESIAN_POINT ( 'NONE',  ( -5.198690933645781165, 16.70568150105824046, 2.748125988582798218 ) ) ;
#905 = CARTESIAN_POINT ( 'NONE',  ( 6.782227650108917594, -13.21983946506258434, 0.4133026697637042779 ) ) ;
#906 = CARTESIAN_POINT ( 'NONE',  ( 7.396332721094023732, 5.673204499567274794, 2.882124953488357733 ) ) ;
#907 = LINE ( 'NONE', #312, #1702 ) ;
#908 = ORIENTED_EDGE ( 'NONE', *, *, #4731, .F. ) ;
#909 = DIRECTION ( 'NONE',  ( -0.000000000000000000, -0.000000000000000000, 1.000000000000000000 ) ) ;
#910 = VECTOR ( 'NONE', #4131, 1000.000000000000000 ) ;
#911 = CARTESIAN_POINT ( 'NONE',  ( 3.499999999999999556, 17.00000000000000711, 5.500000000000000000 ) ) ;
#912 = CARTESIAN_POINT ( 'NONE',  ( 6.001600786046846103, -8.000000000000000000, 1.062667702988649321 ) ) ;
#913 = CARTESIAN_POINT ( 'NONE',  ( 5.038910104004181711, -11.63904059027310467, 2.286098379609695641 ) ) ;
#914 = CARTESIAN_POINT ( 'NONE',  ( -7.000000000000006217, 7.999999999999976019, 0.06889184760450628442 ) ) ;
#915 = ORIENTED_EDGE ( 'NONE', *, *, #759, .F. ) ;
#916 = CARTESIAN_POINT ( 'NONE',  ( 6.142304878553871639, 14.47260550735137308, 1.259642525891381926 ) ) ;
#917 = CARTESIAN_POINT ( 'NONE',  ( 3.484148000390779210, 2.283962744754968188, 3.213985586039687981 ) ) ;
#918 = CARTESIAN_POINT ( 'NONE',  ( -5.164823017968434904, -11.52531928149826257, 2.139752316757875583 ) ) ;
#919 = CARTESIAN_POINT ( 'NONE',  ( -6.138485717105668371, -14.29965065186635798, 1.251423217374605157 ) ) ;
#920 = CARTESIAN_POINT ( 'NONE',  ( -1.198573338057726145, 5.673204499567274794, 5.666858955788243613 ) ) ;
#921 = CARTESIAN_POINT ( 'NONE',  ( -4.003863517158884555, -6.511733331239652145, 4.677789154011926520 ) ) ;
#922 = EDGE_CURVE ( 'NONE', #364, #2901, #3698, .T. ) ;
#923 = DIRECTION ( 'NONE',  ( 0.000000000000000000, 0.000000000000000000, -1.000000000000000000 ) ) ;
#924 = ORIENTED_EDGE ( 'NONE', *, *, #3878, .T. ) ;
#925 = EDGE_LOOP ( 'NONE', ( #660, #3703, #4115, #1727, #4200, #3282, #3461 ) ) ;
#926 = CARTESIAN_POINT ( 'NONE',  ( 7.322127639006358990, 15.23533389118046166, 2.183123244447104483 ) ) ;
#927 = EDGE_CURVE ( 'NONE', #3311, #3232, #3716, .T. ) ;
#928 = CARTESIAN_POINT ( 'NONE',  ( -5.499999999999999112, -8.800000000000000711, 1.597427474109736067 ) ) ;
#929 = CARTESIAN_POINT ( 'NONE',  ( 8.500000000000001776, -11.99550181193129461, 0.6908802596846987942 ) ) ;
#930 = CARTESIAN_POINT ( 'NONE',  ( -5.936697060824712047, -13.95001687425945747, 1.474839364578669931 ) ) ;
#931 = CARTESIAN_POINT ( 'NONE',  ( 5.970246853206527149, 12.55769189253561180, 3.425292431247950908 ) ) ;
#932 = LINE ( 'NONE', #980, #3338 ) ;
#933 = VERTEX_POINT ( 'NONE', #4208 ) ;
#934 = CARTESIAN_POINT ( 'NONE',  ( -4.672891932896884981, -9.803200722154805646, 2.503865585132916127 ) ) ;
#935 = ORIENTED_EDGE ( 'NONE', *, *, #1627, .F. ) ;
#936 = ADVANCED_FACE ( 'NONE', ( #3938 ), #4123, .T. ) ;
#937 = CARTESIAN_POINT ( 'NONE',  ( 7.698804131265292838, -14.75680250134134397, 1.147636126619989927 ) ) ;
#938 = CARTESIAN_POINT ( 'NONE',  ( 7.161423597798410867, 5.673204499567274794, 3.083163152012548647 ) ) ;
#939 = CARTESIAN_POINT ( 'NONE',  ( -5.465143739128174971, -10.03382536801694691, 3.863836452973351321 ) ) ;
#940 = VERTEX_POINT ( 'NONE', #883 ) ;
#941 = CARTESIAN_POINT ( 'NONE',  ( -7.605734146720589450, 14.87269861362524637, 1.863935818334494954 ) ) ;
#942 = VERTEX_POINT ( 'NONE', #2799 ) ;
#943 = EDGE_LOOP ( 'NONE', ( #29, #2321, #4804, #713, #10 ) ) ;
#944 = LINE ( 'NONE', #2951, #1673 ) ;
#945 = CARTESIAN_POINT ( 'NONE',  ( -6.818144234519652791, 13.11891752379617415, 0.3670678008080824339 ) ) ;
#946 = CARTESIAN_POINT ( 'NONE',  ( 8.500000000000000000, -11.99999999999999645, 0.3162782702059302453 ) ) ;
#947 = CARTESIAN_POINT ( 'NONE',  ( -7.205427422122521186, 14.01400877981439308, 2.305127122828885433 ) ) ;
#948 = LINE ( 'NONE', #204, #3874 ) ;
#949 = CARTESIAN_POINT ( 'NONE',  ( 3.000000000000000444, -15.49999999999999822, 0.000000000000000000 ) ) ;
#950 = CARTESIAN_POINT ( 'NONE',  ( 4.961586031849402723, -8.228961331731861506, 4.205330412869094481 ) ) ;
#951 = CARTESIAN_POINT ( 'NONE',  ( -7.083971389432679011, -8.208928548481694065, -0.01330277597169587239 ) ) ;
#952 = CARTESIAN_POINT ( 'NONE',  ( 5.214666540681103690, 12.16756598610849416, 2.145443354918701306 ) ) ;
#953 = DIRECTION ( 'NONE',  ( 0.000000000000000000, -0.000000000000000000, 1.000000000000000000 ) ) ;
#954 = CARTESIAN_POINT ( 'NONE',  ( -4.933166324567438643, 15.93867607250053631, 3.841681705181861695 ) ) ;
#955 = DIRECTION ( 'NONE',  ( -1.000000000000000000, 0.000000000000000000, 0.000000000000000000 ) ) ;
#956 = CARTESIAN_POINT ( 'NONE',  ( -10.89969988970540626, -17.00000000000000355, -2.536691632741522540 ) ) ;
#957 = CARTESIAN_POINT ( 'NONE',  ( -7.844267763811440197, 14.52585474083324968, 1.536313916184234074 ) ) ;
#958 = CARTESIAN_POINT ( 'NONE',  ( 6.108788892068284682, -16.27830512404408125, 2.302352340301459410 ) ) ;
#959 = CARTESIAN_POINT ( 'NONE',  ( -4.423792844546224678, 5.244126914494835923, 3.089601423201878916 ) ) ;
#960 = LINE ( 'NONE', #1055, #4829 ) ;
#961 = EDGE_CURVE ( 'NONE', #464, #374, #341, .T. ) ;
#962 = CARTESIAN_POINT ( 'NONE',  ( -1.321204351794668552, -16.05552146512999201, 4.975434643386645206 ) ) ;
#963 = CYLINDRICAL_SURFACE ( 'NONE', #1895, 4.000000000000000888 ) ;
#964 = CARTESIAN_POINT ( 'NONE',  ( -3.350494564956763455, -1.529605807535537432, 4.977634325356008915 ) ) ;
#965 = CARTESIAN_POINT ( 'NONE',  ( 3.960109894424665988, -0.2276551516954563592, 4.785314861635944439 ) ) ;
#966 = CARTESIAN_POINT ( 'NONE',  ( -6.288489702646222312, -9.579444220466429627, 0.8316280271953800929 ) ) ;
#967 = ORIENTED_EDGE ( 'NONE', *, *, #4612, .F. ) ;
#968 = CARTESIAN_POINT ( 'NONE',  ( 5.637377314731589983, 13.34368604677800185, 1.774822100210396325 ) ) ;
#969 = CARTESIAN_POINT ( 'NONE',  ( 1.646600951363113463, -16.05552339510894200, 4.929184973211448551 ) ) ;
#970 = EDGE_CURVE ( 'NONE', #4008, #1588, #4173, .T. ) ;
#971 = LINE ( 'NONE', #4556, #1819 ) ;
#972 = CARTESIAN_POINT ( 'NONE',  ( 1.198621299643044757, -5.673204499567389369, 5.666858955951016519 ) ) ;
#973 = CARTESIAN_POINT ( 'NONE',  ( -7.855490534841374384, 13.81629915314769619, 1.487859767047520654 ) ) ;
#974 = CARTESIAN_POINT ( 'NONE',  ( 6.401539796609201360, -16.09939057245071936, 2.908717382685093167 ) ) ;
#975 = CARTESIAN_POINT ( 'NONE',  ( -2.641964017908577489, -15.68575965299418407, 3.197656994517496187 ) ) ;
#976 = CARTESIAN_POINT ( 'NONE',  ( -4.939587974936060277, 6.073979408794545343, 4.074075572905525355 ) ) ;
#977 = CARTESIAN_POINT ( 'NONE',  ( 3.500000000000000444, 12.00000000000000711, 0.000000000000000000 ) ) ;
#978 = CARTESIAN_POINT ( 'NONE',  ( 7.500000000000000888, -11.99999999999999645, 0.3162782702059314111 ) ) ;
#979 = ORIENTED_EDGE ( 'NONE', *, *, #4541, .F. ) ;
#980 = CARTESIAN_POINT ( 'NONE',  ( -5.499999999999999112, -8.800000000000000711, -1.800000000000000044 ) ) ;
#981 = CARTESIAN_POINT ( 'NONE',  ( 8.169798766663367573, -3.997091566041819810, 0.9877291425882019915 ) ) ;
#982 = CARTESIAN_POINT ( 'NONE',  ( 3.635146077426020472, 4.326861554436074897, 4.850674098404268442 ) ) ;
#983 = CARTESIAN_POINT ( 'NONE',  ( -6.415004208455043155, -10.74192066878503304, 0.7401708093031582614 ) ) ;
#984 = CARTESIAN_POINT ( 'NONE',  ( -7.190264124508590982, 14.68486765212071710, 2.337810016613183883 ) ) ;
#985 = DIRECTION ( 'NONE',  ( 1.000000000000000000, 0.000000000000000000, 0.000000000000000000 ) ) ;
#986 = ORIENTED_EDGE ( 'NONE', *, *, #1277, .T. ) ;
#987 = CARTESIAN_POINT ( 'NONE',  ( -7.456307260088583355, -14.59607752681250226, 2.030061495117619241 ) ) ;
#988 = CARTESIAN_POINT ( 'NONE',  ( -0.6016039374872621526, 16.99999999999998579, 4.040914616822338878 ) ) ;
#989 = CARTESIAN_POINT ( 'NONE',  ( -2.806989658068409721, -5.244135032971846577, 3.744374705187337504 ) ) ;
#990 = LINE ( 'NONE', #50, #4025 ) ;
#991 = CARTESIAN_POINT ( 'NONE',  ( -5.077831858564733736, 8.687249532437437693, 4.130283431255015181 ) ) ;
#992 = VERTEX_POINT ( 'NONE', #3947 ) ;
#993 = CARTESIAN_POINT ( 'NONE',  ( -7.132640967568808499, 15.43568328003921053, 1.690557708725252128 ) ) ;
#994 = EDGE_CURVE ( 'NONE', #2859, #363, #2702, .T. ) ;
#995 = ORIENTED_EDGE ( 'NONE', *, *, #3221, .F. ) ;
#996 = CARTESIAN_POINT ( 'NONE',  ( 8.199233907777804475, 7.994450880694703443, 0.9877795684306014401 ) ) ;
#997 = CARTESIAN_POINT ( 'NONE',  ( 6.319944663583681788, 11.61000606673882096, 3.111783369278537936 ) ) ;
#998 = CARTESIAN_POINT ( 'NONE',  ( -6.002380075943666959, -6.019166695937133049, 0.9980365435886023873 ) ) ;
#999 = ORIENTED_EDGE ( 'NONE', *, *, #155, .F. ) ;
#1000 = CARTESIAN_POINT ( 'NONE',  ( -1.638278843355293724, 17.00000000000206057, 4.877284164821681145 ) ) ;
#1001 = CARTESIAN_POINT ( 'NONE',  ( 8.175667154860434493, 12.83745615685685060, 1.076651818011820749 ) ) ;
#1002 = EDGE_LOOP ( 'NONE', ( #4337, #3672, #2513, #2436 ) ) ;
#1003 = CARTESIAN_POINT ( 'NONE',  ( -8.500000000000000000, -16.99999999999999645, 0.000000000000000000 ) ) ;
#1004 = VECTOR ( 'NONE', #1261, 1000.000000000000000 ) ;
#1005 = CARTESIAN_POINT ( 'NONE',  ( 4.709833324081664330, 16.85445185002587820, 2.958112980369635547 ) ) ;
#1006 = CARTESIAN_POINT ( 'NONE',  ( 8.313455442139829898, 13.36699565659791489, 0.9215515823239925908 ) ) ;
#1007 = CARTESIAN_POINT ( 'NONE',  ( 0.000000000000000000, 0.000000000000000000, -1.800000000000000044 ) ) ;
#1008 = CARTESIAN_POINT ( 'NONE',  ( -0.5522146070352152991, -5.244133606963467642, 4.142191580947024221 ) ) ;
#1009 = ORIENTED_EDGE ( 'NONE', *, *, #970, .T. ) ;
#1010 = CARTESIAN_POINT ( 'NONE',  ( -7.398575301341594468, -15.13067255071021044, 1.468212637043939228 ) ) ;
#1011 = CARTESIAN_POINT ( 'NONE',  ( -7.320025890660573964, -15.22848884655559765, 1.552085634208836940 ) ) ;
#1012 = CARTESIAN_POINT ( 'NONE',  ( -6.710246266948109007E-11, -16.99999999999999289, 5.001549473480877417 ) ) ;
#1013 = CARTESIAN_POINT ( 'NONE',  ( 8.237428170530172622, -12.48328765812665964, 0.9980799329551501842 ) ) ;
#1014 = CARTESIAN_POINT ( 'NONE',  ( -2.611788561061508140, 16.05551879323570574, 4.746851468235560922 ) ) ;
#1015 = CIRCLE ( 'NONE', #2478, 1.500000000000000000 ) ;
#1016 = CARTESIAN_POINT ( 'NONE',  ( 8.237466493950348578, 12.48330262663377432, 0.9977987987362373357 ) ) ;
#1017 = EDGE_CURVE ( 'NONE', #4237, #1319, #3183, .T. ) ;
#1018 = CARTESIAN_POINT ( 'NONE',  ( -9.522911929551659327, -17.00000000000000355, -0.6826918731978554034 ) ) ;
#1019 = CARTESIAN_POINT ( 'NONE',  ( 4.874646970353100350, 16.81033626520549618, 2.889567957868351744 ) ) ;
#1020 = FACE_OUTER_BOUND ( 'NONE', #2379, .T. ) ;
#1021 = CARTESIAN_POINT ( 'NONE',  ( 0.2994463389365628614, 15.50000000000001243, 3.582233659944477289 ) ) ;
#1022 = ORIENTED_EDGE ( 'NONE', *, *, #734, .T. ) ;
#1023 = CARTESIAN_POINT ( 'NONE',  ( -5.499999999999999112, -8.000000000000000000, 1.557051869895076379 ) ) ;
#1024 = ORIENTED_EDGE ( 'NONE', *, *, #3969, .F. ) ;
#1025 = SECURITY_CLASSIFICATION ( '', '', #4844 ) ;
#1026 = CARTESIAN_POINT ( 'NONE',  ( 6.502185764435045812, -8.800000000000004263, 0.5872453111812229176 ) ) ;
#1027 = CARTESIAN_POINT ( 'NONE',  ( -5.499999999999999112, -8.800000000000000711, 500000.0000000000582 ) ) ;
#1028 = EDGE_CURVE ( 'NONE', #4586, #2188, #3666, .T. ) ;
#1029 = CARTESIAN_POINT ( 'NONE',  ( -5.722706475598326570, 11.97112495016757805, 3.612450251122476530 ) ) ;
#1030 = CARTESIAN_POINT ( 'NONE',  ( -3.500000000000000444, 17.00000000000000711, 3.393604602115698921 ) ) ;
#1031 = CARTESIAN_POINT ( 'NONE',  ( -5.637377314732686884, 13.34368604677635517, 1.774822100209296094 ) ) ;
#1032 = VECTOR ( 'NONE', #558, 1000.000000000000000 ) ;
#1033 = CARTESIAN_POINT ( 'NONE',  ( 4.786157094010056845, -5.186903665269442243, 4.163664660345053115 ) ) ;
#1034 = CARTESIAN_POINT ( 'NONE',  ( -8.169806029146529980, 3.997073791087947914, 0.9876409237400080032 ) ) ;
#1035 = ORIENTED_EDGE ( 'NONE', *, *, #3513, .F. ) ;
#1036 = CARTESIAN_POINT ( 'NONE',  ( -8.500000000000000000, -16.99999999999999645, 5.500000000000000000 ) ) ;
#1037 = CARTESIAN_POINT ( 'NONE',  ( -8.663259755551697694, 16.99999999999988987, 0.4749240142366602524 ) ) ;
#1038 = CARTESIAN_POINT ( 'NONE',  ( 5.504596786394738039, 15.77043111951338972, 3.528811659103521237 ) ) ;
#1039 = CARTESIAN_POINT ( 'NONE',  ( -5.953926329804176909, 15.68575498462455187, 1.355110853330501186 ) ) ;
#1040 = EDGE_CURVE ( 'NONE', #2974, #3232, #3063, .T. ) ;
#1041 = DIRECTION ( 'NONE',  ( -1.000000000000000000, 0.000000000000000000, 0.000000000000000000 ) ) ;
#1042 = DIRECTION ( 'NONE',  ( 0.000000000000000000, 1.000000000000000000, 0.000000000000000000 ) ) ;
#1043 = CARTESIAN_POINT ( 'NONE',  ( 8.087759971718931240, -13.18089382659725395, 1.188984536237271739 ) ) ;
#1044 = CARTESIAN_POINT ( 'NONE',  ( -3.245594023978975340, 2.301394150487221069, 3.430436313364373824 ) ) ;
#1045 = CARTESIAN_POINT ( 'NONE',  ( 4.442755860149892655, -0.2238429372659262451, 4.349911236560384253 ) ) ;
#1046 = AXIS2_PLACEMENT_3D ( 'NONE', #4606, #3101, #1236 ) ;
#1047 = ORIENTED_EDGE ( 'NONE', *, *, #1372, .T. ) ;
#1048 = DIRECTION ( 'NONE',  ( -0.000000000000000000, -0.000000000000000000, 1.000000000000000000 ) ) ;
#1049 = CARTESIAN_POINT ( 'NONE',  ( -9.198506161110451274, -5.673204499567389369, 0.8726829910503903776 ) ) ;
#1050 = CARTESIAN_POINT ( 'NONE',  ( -10.89969988970540626, 16.99999999999988987, -2.536691632741522540 ) ) ;
#1051 = CARTESIAN_POINT ( 'NONE',  ( -3.445247216430570081, -1.450009303561693885, 3.232559442526390825 ) ) ;
#1052 = VERTEX_POINT ( 'NONE', #1391 ) ;
#1053 = VERTEX_POINT ( 'NONE', #4827 ) ;
#1054 = CARTESIAN_POINT ( 'NONE',  ( 1.030797802063077661E-14, 15.68575543997281052, 3.572152950790346893 ) ) ;
#1055 = CARTESIAN_POINT ( 'NONE',  ( 7.000000000000000888, 12.00000000000000711, -1.000000000000000000 ) ) ;
#1056 = ORIENTED_EDGE ( 'NONE', *, *, #1813, .F. ) ;
#1057 = CARTESIAN_POINT ( 'NONE',  ( -5.345824703355304131, 16.64987866024773311, 2.680814952351304292 ) ) ;
#1058 = ORIENTED_EDGE ( 'NONE', *, *, #970, .F. ) ;
#1059 = ORIENTED_EDGE ( 'NONE', *, *, #4357, .F. ) ;
#1060 = APPROVAL_DATE_TIME ( #2014, #2670 ) ;
#1061 = CARTESIAN_POINT ( 'NONE',  ( -8.500000000000000000, 17.00000000000000711, 0.000000000000000000 ) ) ;
#1062 = CARTESIAN_POINT ( 'NONE',  ( -5.156213598363860839, 11.49871291510896754, 2.146754133068809356 ) ) ;
#1063 = PLANE ( 'NONE',  #2350 ) ;
#1064 = LINE ( 'NONE', #2046, #151 ) ;
#1065 = CARTESIAN_POINT ( 'NONE',  ( 3.996050055586740868, 6.653104188891942883, 2.935487863295568989 ) ) ;
#1066 = CALENDAR_DATE ( 2025, 16, 6 ) ;
#1067 = CARTESIAN_POINT ( 'NONE',  ( 7.378991983057118453, -17.00000000000000355, 1.988050634642130499 ) ) ;
#1068 = CARTESIAN_POINT ( 'NONE',  ( -6.378785121537236869, 12.71012210463546488, 3.193653462413720501 ) ) ;
#1069 = CARTESIAN_POINT ( 'NONE',  ( 6.650148402442153106, 15.89695127579160072, 1.995744124369544403 ) ) ;
#1070 = CARTESIAN_POINT ( 'NONE',  ( 5.499999999999999112, 8.000000000000000000, 500000.0000000000582 ) ) ;
#1071 = CARTESIAN_POINT ( 'NONE',  ( 5.106074705639120026, 15.68574532108097941, 2.024329554957821298 ) ) ;
#1072 = CIRCLE ( 'NONE', #3986, 4.000000000000000888 ) ;
#1073 = B_SPLINE_CURVE_WITH_KNOTS ( 'NONE', 3,
 ( #361, #4474, #4442, #2162, #764, #4090, #2192, #2, #780, #3389, #749, #1461, #2934, #416 ),
 .UNSPECIFIED., .F., .F.,
 ( 4, 2, 2, 2, 2, 2, 4 ),
 ( 0.000000000000000000, 0.003836564398298941345, 0.007673128796597882689, 0.009591410995747350759, 0.01150969319489682056, 0.01342797539404628863, 0.01534625759319575844 ),
 .UNSPECIFIED. ) ;
#1074 = CARTESIAN_POINT ( 'NONE',  ( -4.807529029856650205, 10.30383611282922729, 2.409798288896849439 ) ) ;
#1075 = ORIENTED_EDGE ( 'NONE', *, *, #4177, .F. ) ;
#1076 = CARTESIAN_POINT ( 'NONE',  ( 5.499999999999999112, 8.000000000000000000, 500000.0000000000582 ) ) ;
#1077 = EDGE_CURVE ( 'NONE', #940, #2974, #1072, .T. ) ;
#1078 = LINE ( 'NONE', #3210, #227 ) ;
#1079 = CARTESIAN_POINT ( 'NONE',  ( -1.125314986517430782, -17.00000000000000355, 5.000000000071665340 ) ) ;
#1080 = CARTESIAN_POINT ( 'NONE',  ( -3.069718906044064166, 4.722861481506992476, 5.694435053641273115 ) ) ;
#1081 = CARTESIAN_POINT ( 'NONE',  ( 0.5985490426018913457, 17.00000000000002132, 4.055618704503838323 ) ) ;
#1082 = FACE_OUTER_BOUND ( 'NONE', #4574, .T. ) ;
#1083 = CARTESIAN_POINT ( 'NONE',  ( 5.499999999999999112, -8.000000000000000000, -1.800000000000000044 ) ) ;
#1084 = EDGE_CURVE ( 'NONE', #374, #1052, #1928, .T. ) ;
#1085 = VERTEX_POINT ( 'NONE', #2931 ) ;
#1086 = CARTESIAN_POINT ( 'NONE',  ( -5.935116392585362277, 4.820439932966838370, 1.031196006976172086 ) ) ;
#1087 = AXIS2_PLACEMENT_3D ( 'NONE', #4753, #3735, #2236 ) ;
#1088 = CARTESIAN_POINT ( 'NONE',  ( -3.995482220876762192, 6.385012300257498552, 4.676828934715453023 ) ) ;
#1089 = DIRECTION ( 'NONE',  ( -0.7265526389844300104, 0.6871108082287459284, 0.000000000000000000 ) ) ;
#1090 = VERTEX_POINT ( 'NONE', #4438 ) ;
#1091 = CARTESIAN_POINT ( 'NONE',  ( 1.189915581691497692, 17.00000000000001776, 3.998762593559789469 ) ) ;
#1092 = CARTESIAN_POINT ( 'NONE',  ( -6.001601518665172108, 7.999999999999992895, 1.062569141041155740 ) ) ;
#1093 = CARTESIAN_POINT ( 'NONE',  ( 11.43508150738720097, -5.673204499567389369, -2.139114733925760348 ) ) ;
#1094 = VERTEX_POINT ( 'NONE', #1010 ) ;
#1095 = CARTESIAN_POINT ( 'NONE',  ( -8.500000000000000000, 12.03111734946785560, 0.6897008737574372716 ) ) ;
#1096 = CARTESIAN_POINT ( 'NONE',  ( -4.388533790461575990, -8.636981791253402818, 2.694698590102113656 ) ) ;
#1097 = CARTESIAN_POINT ( 'NONE',  ( 3.499999999999999556, 16.00000000000000711, -1.000000000000000000 ) ) ;
#1098 = CARTESIAN_POINT ( 'NONE',  ( -5.087299498283851307, -10.30761622531468014, 4.051553256119208690 ) ) ;
#1099 = VERTEX_POINT ( 'NONE', #3271 ) ;
#1100 = CARTESIAN_POINT ( 'NONE',  ( -5.545585019006231242, 12.85139625441366107, 1.833231171263284720 ) ) ;
#1101 = ORIENTED_EDGE ( 'NONE', *, *, #1705, .F. ) ;
#1102 = DIRECTION ( 'NONE',  ( 0.000000000000000000, 0.000000000000000000, -1.000000000000000000 ) ) ;
#1103 = EDGE_LOOP ( 'NONE', ( #54, #1704, #4582, #4636 ) ) ;
#1104 = B_SPLINE_CURVE_WITH_KNOTS ( 'NONE', 3,
 ( #774, #3384, #4083, #1135 ),
 .UNSPECIFIED., .F., .F.,
 ( 4, 4 ),
 ( 1.084202172485504434E-18, 0.0004617726804306008571 ),
 .UNSPECIFIED. ) ;
#1105 = CARTESIAN_POINT ( 'NONE',  ( -3.500000000000000444, -11.99999999999999645, -1.000000000000000000 ) ) ;
#1106 = ORIENTED_EDGE ( 'NONE', *, *, #3239, .F. ) ;
#1107 = ORIENTED_EDGE ( 'NONE', *, *, #2408, .F. ) ;
#1108 = CARTESIAN_POINT ( 'NONE',  ( -6.881767450329678404, -12.90868368872096639, 0.2857839234764212311 ) ) ;
#1109 = CARTESIAN_POINT ( 'NONE',  ( 4.319586062845542251, 16.30301762710903901, 4.080931638199019496 ) ) ;
#1110 = CARTESIAN_POINT ( 'NONE',  ( 7.398064217433262257, 14.45998512909891431, 2.093355370013519678 ) ) ;
#1111 = EDGE_LOOP ( 'NONE', ( #131, #500, #3977, #4687 ) ) ;
#1112 = CARTESIAN_POINT ( 'NONE',  ( 9.522904515850502349, -17.00000000000000355, -0.6826818883343728217 ) ) ;
#1113 = CARTESIAN_POINT ( 'NONE',  ( -6.999999999999998224, 8.799999999999911893, 0.07876482680197892383 ) ) ;
#1114 = ORIENTED_EDGE ( 'NONE', *, *, #2870, .T. ) ;
#1115 = AXIS2_PLACEMENT_3D ( 'NONE', #2945, #4037, #2582 ) ;
#1116 = CARTESIAN_POINT ( 'NONE',  ( 0.3307307696745051540, 16.05550737207310519, 5.054056728844338764 ) ) ;
#1117 = EDGE_CURVE ( 'NONE', #4517, #2863, #4451, .T. ) ;
#1118 = ORIENTED_EDGE ( 'NONE', *, *, #2193, .T. ) ;
#1119 = B_SPLINE_CURVE_WITH_KNOTS ( 'NONE', 3,
 ( #3555, #3151, #1293, #914 ),
 .UNSPECIFIED., .F., .F.,
 ( 4, 4 ),
 ( 0.004000435262749321534, 0.02000068265630467954 ),
 .UNSPECIFIED. ) ;
#1120 = CARTESIAN_POINT ( 'NONE',  ( 5.106074705639135125, -15.68574532108093678, 2.024329554957845279 ) ) ;
#1121 = CARTESIAN_POINT ( 'NONE',  ( 7.068997572471215740, -14.79960888190956148, 2.437535899921397853 ) ) ;
#1122 = CIRCLE ( 'NONE', #2732, 1.000000000000000000 ) ;
#1123 = CARTESIAN_POINT ( 'NONE',  ( -6.090627863853350199, 7.208402673361170798, 0.9477751079395616562 ) ) ;
#1124 = APPROVAL_STATUS ( 'not_yet_approved' ) ;
#1125 = CARTESIAN_POINT ( 'NONE',  ( 4.769014436843740157, 16.30301762710903901, 3.842727374439867560 ) ) ;
#1126 = CARTESIAN_POINT ( 'NONE',  ( 4.354472869261623025, 8.485527028543433659, 2.716646997514153394 ) ) ;
#1127 = CARTESIAN_POINT ( 'NONE',  ( -10.89969988970539738, 16.99999999999988987, -2.536691632741497671 ) ) ;
#1128 = CARTESIAN_POINT ( 'NONE',  ( -4.466694066952876518, -1.469851295077285513, 4.337524533774127278 ) ) ;
#1129 = CARTESIAN_POINT ( 'NONE',  ( 5.845117066208599610, 2.414512222915902839, 1.075097827279213103 ) ) ;
#1130 = CARTESIAN_POINT ( 'NONE',  ( 3.509835669209738551, -2.677132421366374970, 3.201054870575583244 ) ) ;
#1131 = LINE ( 'NONE', #4767, #2222 ) ;
#1132 = EDGE_CURVE ( 'NONE', #3466, #12, #4603, .T. ) ;
#1133 = DIRECTION ( 'NONE',  ( 1.000000000000000000, 0.000000000000000000, 0.000000000000000000 ) ) ;
#1134 = CARTESIAN_POINT ( 'NONE',  ( 6.634160713736777737, 15.17750089945837821, 2.783449310192835036 ) ) ;
#1135 = CARTESIAN_POINT ( 'NONE',  ( -7.398589619441357179, 15.13065472053117588, 1.468155143893614678 ) ) ;
#1136 = EDGE_CURVE ( 'NONE', #569, #2509, #960, .T. ) ;
#1137 = CARTESIAN_POINT ( 'NONE',  ( -3.214591688504278011, 4.886195856473412036, 3.398867887152546174 ) ) ;
#1138 = CARTESIAN_POINT ( 'NONE',  ( -7.000000000000000888, 12.00000000000000711, 5.500000000000000000 ) ) ;
#1139 = CARTESIAN_POINT ( 'NONE',  ( -5.709187996035489654, 10.94330031162036576, 1.508099010837318676 ) ) ;
#1140 = LINE ( 'NONE', #4402, #3885 ) ;
#1141 = CARTESIAN_POINT ( 'NONE',  ( 5.131764745955423201, 9.140628210363614059, 4.114334109695246156 ) ) ;
#1142 = VERTEX_POINT ( 'NONE', #2889 ) ;
#1143 = AXIS2_PLACEMENT_3D ( 'NONE', #2900, #2499, #4020 ) ;
#1144 = DIRECTION ( 'NONE',  ( -1.000000000000000000, 0.000000000000000000, 0.000000000000000000 ) ) ;
#1145 = VECTOR ( 'NONE', #1269, 1000.000000000000000 ) ;
#1146 = DIRECTION ( 'NONE',  ( 0.000000000000000000, -1.000000000000000000, 0.000000000000000000 ) ) ;
#1147 = ORIENTED_EDGE ( 'NONE', *, *, #4086, .F. ) ;
#1148 = CARTESIAN_POINT ( 'NONE',  ( -1.198621299643043647, 5.673204499567274794, 5.666858955951009413 ) ) ;
#1149 = CIRCLE ( 'NONE', #4506, 1.500000000000000000 ) ;
#1150 = CARTESIAN_POINT ( 'NONE',  ( 3.476121146398311268, 2.542449703351433055, 3.227508231756921475 ) ) ;
#1151 = CARTESIAN_POINT ( 'NONE',  ( -4.260798710888356489, -8.046845859820644264, 2.775386183465172518 ) ) ;
#1152 = B_SPLINE_CURVE_WITH_KNOTS ( 'NONE', 3,
 ( #4110, #2254, #3374, #4531, #1836, #74, #60, #4493 ),
 .UNSPECIFIED., .F., .F.,
 ( 4, 2, 2, 4 ),
 ( 0.003610020490472956763, 0.004512682948299071711, 0.005415345406125187527, 0.007220670321777418292 ),
 .UNSPECIFIED. ) ;
#1153 = CARTESIAN_POINT ( 'NONE',  ( 3.350468282522537145, -5.244133215171730811, 3.543353203809723517 ) ) ;
#1154 = CARTESIAN_POINT ( 'NONE',  ( -4.693314383006716994, -9.109040555360474301, 4.295398366682364077 ) ) ;
#1155 = CARTESIAN_POINT ( 'NONE',  ( -6.211782430521667564, 13.22493095829200982, 1.092682349250752916 ) ) ;
#1156 = AXIS2_PLACEMENT_3D ( 'NONE', #694, #3233, #985 ) ;
#1157 = CARTESIAN_POINT ( 'NONE',  ( 5.816300849831117503, 12.89017434690156882, 3.857628603507236686 ) ) ;
#1158 = CARTESIAN_POINT ( 'NONE',  ( 7.605698278543252755, -14.87274569627883558, 1.864038068797140957 ) ) ;
#1159 = DIRECTION ( 'NONE',  ( -1.000000000000000000, 0.000000000000000000, 0.000000000000000000 ) ) ;
#1160 = CARTESIAN_POINT ( 'NONE',  ( -6.800000000000001599, 8.000000000000000000, -1.600000000000001199 ) ) ;
#1161 = CARTESIAN_POINT ( 'NONE',  ( 5.629860221589437330, 14.78628610682456745, 1.686777389054428200 ) ) ;
#1162 = CARTESIAN_POINT ( 'NONE',  ( 5.965740629108888804, 14.48397325870506513, 1.428192722201298226 ) ) ;
#1163 = CARTESIAN_POINT ( 'NONE',  ( -8.499999999999984013, -16.99999999999996803, 0.6907730210981130048 ) ) ;
#1164 = ORIENTED_EDGE ( 'NONE', *, *, #2991, .T. ) ;
#1165 = PLANE ( 'NONE',  #4314 ) ;
#1166 = CARTESIAN_POINT ( 'NONE',  ( 1.118835119079167439, -5.244125495205002707, 4.093304639518753341 ) ) ;
#1167 = CARTESIAN_POINT ( 'NONE',  ( 7.141659081231551021, -11.69977566974131555, -0.03667179046047581992 ) ) ;
#1168 = CARTESIAN_POINT ( 'NONE',  ( -3.865438509202312467, 16.05550970860616289, 4.322783469849168725 ) ) ;
#1169 = CARTESIAN_POINT ( 'NONE',  ( -3.476130332540022572, -2.542465934487034396, 3.227512678535856327 ) ) ;
#1170 = EDGE_LOOP ( 'NONE', ( #4815, #1276, #1910, #4055 ) ) ;
#1171 = CARTESIAN_POINT ( 'NONE',  ( 2.806730575724751375, 1.571953573119729830, 5.825407003050831811 ) ) ;
#1172 = VERTEX_POINT ( 'NONE', #3306 ) ;
#1173 = CARTESIAN_POINT ( 'NONE',  ( -8.174319683241291656, 12.84400058405910805, 1.078366919362818699 ) ) ;
#1174 = B_SPLINE_CURVE_WITH_KNOTS ( 'NONE', 3,
 ( #2202, #453, #3448, #1538, #3853, #487, #3024, #4601 ),
 .UNSPECIFIED., .F., .F.,
 ( 4, 2, 2, 4 ),
 ( 0.000000000000000000, 0.001786445788973760459, 0.002679668683460640580, 0.003572891577947520918 ),
 .UNSPECIFIED. ) ;
#1175 = CARTESIAN_POINT ( 'NONE',  ( 3.499999999999999556, -15.50000000000000178, 2.882870115353455276 ) ) ;
#1176 = EDGE_CURVE ( 'NONE', #431, #1453, #1297, .T. ) ;
#1177 = ORIENTED_EDGE ( 'NONE', *, *, #3767, .T. ) ;
#1178 = CARTESIAN_POINT ( 'NONE',  ( 3.499999999999999556, 16.00000000000000711, 0.000000000000000000 ) ) ;
#1179 = ORIENTED_EDGE ( 'NONE', *, *, #1409, .F. ) ;
#1180 = VECTOR ( 'NONE', #3671, 1000.000000000000000 ) ;
#1181 = CARTESIAN_POINT ( 'NONE',  ( 5.499999999999999112, -8.000000000000000000, -1.800000000000000044 ) ) ;
#1182 = CARTESIAN_POINT ( 'NONE',  ( -6.734706500011156116, 16.99999999999988987, 2.570359893976820409 ) ) ;
#1183 = CARTESIAN_POINT ( 'NONE',  ( -8.500000000000000000, -12.03451242392084275, 0.6899644137755123197 ) ) ;
#1184 = CARTESIAN_POINT ( 'NONE',  ( 7.398589619441357179, 15.13065472053117588, 1.468155143893614678 ) ) ;
#1185 = LINE ( 'NONE', #2356, #96 ) ;
#1186 = EDGE_CURVE ( 'NONE', #2449, #2429, #1973, .T. ) ;
#1187 = B_SPLINE_CURVE_WITH_KNOTS ( 'NONE', 3,
 ( #179, #4620, #4649, #2796 ),
 .UNSPECIFIED., .F., .F.,
 ( 4, 4 ),
 ( 0.02080073874085157370, 0.02400110516834941601 ),
 .UNSPECIFIED. ) ;
#1188 = CARTESIAN_POINT ( 'NONE',  ( 8.500000000000000000, 12.00000000000000711, 0.3160464792015763580 ) ) ;
#1189 = CARTESIAN_POINT ( 'NONE',  ( 6.616674292636591126, -12.47039332537688949, 0.5815727752654346050 ) ) ;
#1190 = CARTESIAN_POINT ( 'NONE',  ( -7.500000000000001776, 12.00000000000000711, 0.000000000000000000 ) ) ;
#1191 = CARTESIAN_POINT ( 'NONE',  ( -7.026003680606011770, -1.174972398385492278, -0.0006426421801188095338 ) ) ;
#1192 = CARTESIAN_POINT ( 'NONE',  ( 4.208247639047562494, -4.625149577601144202, 4.645319932912073568 ) ) ;
#1193 = CARTESIAN_POINT ( 'NONE',  ( 7.000000000000000888, -11.99999999999999645, 5.500000000000000000 ) ) ;
#1194 = LINE ( 'NONE', #4635, #2285 ) ;
#1195 = CARTESIAN_POINT ( 'NONE',  ( -8.345124027895433727, -16.72298068343394561, 0.9161577723914753335 ) ) ;
#1196 = ORIENTED_EDGE ( 'NONE', *, *, #234, .F. ) ;
#1197 = CARTESIAN_POINT ( 'NONE',  ( 4.424213421973409943, -15.38360064857365472, 2.446059714344824165 ) ) ;
#1198 = FACE_OUTER_BOUND ( 'NONE', #3697, .T. ) ;
#1199 = CARTESIAN_POINT ( 'NONE',  ( -7.500000000000001776, 12.00000000000000711, -1.000000000000000000 ) ) ;
#1200 = ORIENTED_EDGE ( 'NONE', *, *, #1627, .T. ) ;
#1201 = CARTESIAN_POINT ( 'NONE',  ( 6.178924402053451281, -8.397693512054040355, 0.8976585490032193970 ) ) ;
#1202 = CARTESIAN_POINT ( 'NONE',  ( 6.881758153087481844, 12.90871853737034947, 0.2855881683877982691 ) ) ;
#1203 = CARTESIAN_POINT ( 'NONE',  ( 7.420444627656435976, 14.97127101777086189, 2.124910620772689995 ) ) ;
#1204 = VECTOR ( 'NONE', #2041, 1000.000000000000000 ) ;
#1205 = CARTESIAN_POINT ( 'NONE',  ( -4.864366364610354765, -11.72549712226637730, 2.389027324354344284 ) ) ;
#1206 = ADVANCED_FACE ( 'NONE', ( #4777 ), #1775, .T. ) ;
#1207 = CARTESIAN_POINT ( 'NONE',  ( -1.199407005032140816, -15.50000000000000000, 3.506877462589378602 ) ) ;
#1208 = EDGE_CURVE ( 'NONE', #771, #2622, #4825, .T. ) ;
#1209 = CARTESIAN_POINT ( 'NONE',  ( -7.000000000000000888, 8.000000000000000000, -1.000000000000000000 ) ) ;
#1210 = CARTESIAN_POINT ( 'NONE',  ( 5.545585019006231242, 12.85139625441366107, 1.833231171263284720 ) ) ;
#1211 = CARTESIAN_POINT ( 'NONE',  ( -3.973373594334705938, -15.47546273733017408, 2.674646810422178334 ) ) ;
#1212 = B_SPLINE_CURVE_WITH_KNOTS ( 'NONE', 3,
 ( #396, #2566, #2947, #2232, #1459, #2977, #2583, #1481, #1829, #36, #3551, #1681, #4712, #2990 ),
 .UNSPECIFIED., .F., .F.,
 ( 4, 2, 2, 2, 2, 2, 4 ),
 ( 0.000000000000000000, 0.003836564398298941345, 0.007673128796597882689, 0.009591410995747350759, 0.01150969319489682056, 0.01342797539404628863, 0.01534625759319575844 ),
 .UNSPECIFIED. ) ;
#1213 = CARTESIAN_POINT ( 'NONE',  ( 6.810655687419772342, 15.77612703584727427, 1.900429667736555306 ) ) ;
#1214 = CARTESIAN_POINT ( 'NONE',  ( 4.663750318936735972, -9.979848744343957634, 2.533826536353419367 ) ) ;
#1215 = ADVANCED_FACE ( 'NONE', ( #796 ), #2373, .F. ) ;
#1216 = ORIENTED_EDGE ( 'NONE', *, *, #485, .F. ) ;
#1217 = CARTESIAN_POINT ( 'NONE',  ( -8.386667942445210855, -13.06933004924700903, 0.4346463937437429204 ) ) ;
#1218 = CARTESIAN_POINT ( 'NONE',  ( 5.587490302409322318, -17.00000000000000355, 3.471481049151375231 ) ) ;
#1219 = EDGE_CURVE ( 'NONE', #2730, #2495, #1443, .T. ) ;
#1220 = EDGE_LOOP ( 'NONE', ( #4527, #2349, #4193, #4341 ) ) ;
#1221 = CARTESIAN_POINT ( 'NONE',  ( -4.217863551317319271, -16.97538166221638178, 4.129220914962679068 ) ) ;
#1222 = ORIENTED_EDGE ( 'NONE', *, *, #1326, .F. ) ;
#1223 = DIRECTION ( 'NONE',  ( 0.000000000000000000, -1.000000000000000000, -0.000000000000000000 ) ) ;
#1224 = ORIENTED_EDGE ( 'NONE', *, *, #1560, .T. ) ;
#1225 = CARTESIAN_POINT ( 'NONE',  ( 2.940267243798243779, 2.338723335094415656, 3.529218080311074868 ) ) ;
#1226 = CARTESIAN_POINT ( 'NONE',  ( 9.057124354345250935E-11, -16.99999999999999289, 5.001549473480875641 ) ) ;
#1227 = VERTEX_POINT ( 'NONE', #4027 ) ;
#1228 = CARTESIAN_POINT ( 'NONE',  ( 3.896937940489517693, 6.314712165024799262, 3.006319247325072386 ) ) ;
#1229 = CARTESIAN_POINT ( 'NONE',  ( -5.965830160618817324, -14.48388438116241872, 1.428121856341098228 ) ) ;
#1230 = ORIENTED_EDGE ( 'NONE', *, *, #3399, .F. ) ;
#1231 = ORIENTED_EDGE ( 'NONE', *, *, #1937, .F. ) ;
#1232 = CARTESIAN_POINT ( 'NONE',  ( 8.500000000000001776, -11.99550181193129283, 0.6908802596846975730 ) ) ;
#1233 = CARTESIAN_POINT ( 'NONE',  ( -6.734655002074924290, -17.00000000000000355, 2.570402814421166582 ) ) ;
#1234 = ORIENTED_EDGE ( 'NONE', *, *, #2888, .T. ) ;
#1235 = FACE_OUTER_BOUND ( 'NONE', #1613, .T. ) ;
#1236 = DIRECTION ( 'NONE',  ( 0.000000000000000000, 0.7311789186762770454, 0.6821857436823127729 ) ) ;
#1237 = CARTESIAN_POINT ( 'NONE',  ( -3.340527922673345529, -0.2316062867007602222, 4.981886850369362740 ) ) ;
#1238 = ORIENTED_EDGE ( 'NONE', *, *, #3257, .T. ) ;
#1239 = CARTESIAN_POINT ( 'NONE',  ( 7.068997572471215740, -14.79960888190956148, 2.437535899921397853 ) ) ;
#1240 = DIRECTION ( 'NONE',  ( -1.000000000000000000, -0.000000000000000000, -0.000000000000000000 ) ) ;
#1241 = CARTESIAN_POINT ( 'NONE',  ( 5.936629839774330897, 13.95004711802127417, 1.474894486715730091 ) ) ;
#1242 = EDGE_CURVE ( 'NONE', #431, #3203, #2611, .T. ) ;
#1243 = AXIS2_PLACEMENT_3D ( 'NONE', #2365, #1593, #3482 ) ;
#1244 = CARTESIAN_POINT ( 'NONE',  ( -5.358340568349618138, 16.64487496076481321, 2.674997287872329377 ) ) ;
#1245 = CARTESIAN_POINT ( 'NONE',  ( 8.386667942445210855, -13.06933004924700903, 0.4346463937437429204 ) ) ;
#1246 = CARTESIAN_POINT ( 'NONE',  ( -8.500000000000000000, -12.30441071974256850, 0.3192025401371950122 ) ) ;
#1247 = VECTOR ( 'NONE', #2595, 1000.000000000000000 ) ;
#1248 =( BOUNDED_SURFACE ( )  B_SPLINE_SURFACE ( 3, 2, ( 
 ( #1308, #926, #2385 ),
 ( #3567, #584, #1663 ),
 ( #3554, #3608, #180 ),
 ( #253, #623, #3961 ) ),
 .UNSPECIFIED., .F., .F., .F. ) 
 B_SPLINE_SURFACE_WITH_KNOTS ( ( 4, 4 ),
 ( 3, 3 ),
 ( 0.006699106837019863821, 0.007089796373280151352 ),
 ( 0.000000000000000000, 1.000000000000000000 ),
 .UNSPECIFIED. ) 
 GEOMETRIC_REPRESENTATION_ITEM ( )  RATIONAL_B_SPLINE_SURFACE ( (
 ( 1.000000000000000000, 0.8708284618006908451, 1.000000000000000000),
 ( 1.000000000000000000, 0.8769160657073939991, 1.000000000000000000),
 ( 1.000000000000000000, 0.8830175840298676304, 1.000000000000000000),
 ( 1.000000000000000000, 0.8887247465245395883, 1.000000000000000000) ) ) 
 REPRESENTATION_ITEM ( '' )  SURFACE ( )  );
#1249 = PLANE ( 'NONE',  #896 ) ;
#1250 = CARTESIAN_POINT ( 'NONE',  ( 3.846219941155125444, -17.00000000000000000, 4.273917554386410522 ) ) ;
#1251 = CARTESIAN_POINT ( 'NONE',  ( -5.499999999999999112, -8.000000000000000000, 500000.0000000000582 ) ) ;
#1252 = CIRCLE ( 'NONE', #683, 1.000000000000000222 ) ;
#1253 = CARTESIAN_POINT ( 'NONE',  ( -3.951227559953140123, 1.057821466735460847, 4.789876073810966695 ) ) ;
#1254 = CARTESIAN_POINT ( 'NONE',  ( -2.371094666038198628, -15.49999999999999467, 3.287864679577328086 ) ) ;
#1255 = CARTESIAN_POINT ( 'NONE',  ( 3.272124985441844824, -2.685216407988011866, 3.417099846430845744 ) ) ;
#1256 = FACE_OUTER_BOUND ( 'NONE', #4453, .T. ) ;
#1257 = CARTESIAN_POINT ( 'NONE',  ( 7.101353029578827858, 9.376561229519394303, -0.01857030143352403698 ) ) ;
#1258 = CARTESIAN_POINT ( 'NONE',  ( 3.430595829480938885, 1.030104737924027791, 3.239807421693131406 ) ) ;
#1259 = LINE ( 'NONE', #241, #348 ) ;
#1260 = CARTESIAN_POINT ( 'NONE',  ( 9.522911929551659327, -17.00000000000000355, -0.6826918731978554034 ) ) ;
#1261 = DIRECTION ( 'NONE',  ( 0.000000000000000000, 0.000000000000000000, -1.000000000000000000 ) ) ;
#1262 = EDGE_CURVE ( 'NONE', #1606, #2006, #1015, .T. ) ;
#1263 = ORIENTED_EDGE ( 'NONE', *, *, #1717, .T. ) ;
#1264 = DIRECTION ( 'NONE',  ( -1.000000000000000000, 0.000000000000000000, 0.000000000000000000 ) ) ;
#1265 = EDGE_CURVE ( 'NONE', #3812, #593, #4482, .T. ) ;
#1266 = CARTESIAN_POINT ( 'NONE',  ( 4.833482535788352408, -10.39671470224260830, 2.390987453709433108 ) ) ;
#1267 = CARTESIAN_POINT ( 'NONE',  ( 5.257012545915023871, 10.77801118433966110, 3.941311720533508201 ) ) ;
#1268 = CARTESIAN_POINT ( 'NONE',  ( -5.549046079880921134, 16.57921909767676638, 3.453211239263997534 ) ) ;
#1269 = DIRECTION ( 'NONE',  ( 1.000000000000000000, 0.000000000000000000, 0.000000000000000000 ) ) ;
#1270 = CARTESIAN_POINT ( 'NONE',  ( -11.43508150738720097, -5.673204499567389369, -2.139114733925760348 ) ) ;
#1271 = ORIENTED_EDGE ( 'NONE', *, *, #1815, .F. ) ;
#1272 = DIRECTION ( 'NONE',  ( 0.000000000000000000, 1.000000000000000000, 0.000000000000000000 ) ) ;
#1273 = CARTESIAN_POINT ( 'NONE',  ( -6.644312284798338020, -15.16993199105542089, 2.775766063552605356 ) ) ;
#1274 = LINE ( 'NONE', #3446, #2916 ) ;
#1275 = DIRECTION ( 'NONE',  ( 0.000000000000000000, 1.000000000000000000, 0.000000000000000000 ) ) ;
#1276 = ORIENTED_EDGE ( 'NONE', *, *, #2053, .F. ) ;
#1277 = EDGE_CURVE ( 'NONE', #3690, #942, #2989, .T. ) ;
#1278 = CARTESIAN_POINT ( 'NONE',  ( -0.6641488689806723800, -16.05551351039992269, 5.037901760730980172 ) ) ;
#1279 = ORIENTED_EDGE ( 'NONE', *, *, #2995, .T. ) ;
#1280 = CARTESIAN_POINT ( 'NONE',  ( 4.544974289212046159, -6.407900974207811018, 4.466426793353233116 ) ) ;
#1281 = CARTESIAN_POINT ( 'NONE',  ( 4.674770515425362483, 4.190116067059424410, 4.225323857982738573 ) ) ;
#1282 = EDGE_LOOP ( 'NONE', ( #199, #2387, #908, #609 ) ) ;
#1283 = CARTESIAN_POINT ( 'NONE',  ( -5.965740629108888804, 14.48397325870506513, 1.428192722201298226 ) ) ;
#1284 = CARTESIAN_POINT ( 'NONE',  ( -4.489663523438053083, 16.02474160328907971, 4.061271097120245699 ) ) ;
#1285 = CARTESIAN_POINT ( 'NONE',  ( 7.974859162365333987, -14.30137865892546500, 0.8572256043362708189 ) ) ;
#1286 = CARTESIAN_POINT ( 'NONE',  ( -2.440486839160199484, 5.673204499567274794, 5.469467766334782155 ) ) ;
#1287 = AXIS2_PLACEMENT_3D ( 'NONE', #213, #4292, #2415 ) ;
#1288 = LINE ( 'NONE', #2534, #2516 ) ;
#1289 = DIRECTION ( 'NONE',  ( 0.000000000000000000, 0.000000000000000000, -1.000000000000000000 ) ) ;
#1290 = AXIS2_PLACEMENT_3D ( 'NONE', #4534, #4469, #4097 ) ;
#1291 = CARTESIAN_POINT ( 'NONE',  ( -7.000000000000000888, -8.800000000000000711, -0.9999999999763531378 ) ) ;
#1292 = CARTESIAN_POINT ( 'NONE',  ( -6.861453763912989778, -14.99988633134611860, 2.607951101621318379 ) ) ;
#1293 = CARTESIAN_POINT ( 'NONE',  ( -7.000000000000006217, 2.666907608360277404, 0.006705253606764520133 ) ) ;
#1294 = CARTESIAN_POINT ( 'NONE',  ( 3.340527922673345529, -0.2316062867007602222, 4.981886850369362740 ) ) ;
#1295 = CARTESIAN_POINT ( 'NONE',  ( -5.499999999999924505, 8.533377894285088416, 1.583039221779428907 ) ) ;
#1296 = CARTESIAN_POINT ( 'NONE',  ( 4.640777389967179367, 8.936662010248680232, 4.326400435022095259 ) ) ;
#1297 = LINE ( 'NONE', #1027, #3777 ) ;
#1298 = CARTESIAN_POINT ( 'NONE',  ( -4.829023431823672219, -10.38005994999021375, 2.394088466259146841 ) ) ;
#1299 = EDGE_LOOP ( 'NONE', ( #2803, #1726, #825, #3647, #1446, #154, #1024 ) ) ;
#1300 = CARTESIAN_POINT ( 'NONE',  ( 10.74679766453189877, 5.673204499567274794, -1.212263806941826783 ) ) ;
#1301 = CARTESIAN_POINT ( 'NONE',  ( -7.499999999999999112, 12.00000000000000533, 0.3160464792015773572 ) ) ;
#1302 = LINE ( 'NONE', #4771, #345 ) ;
#1303 = CARTESIAN_POINT ( 'NONE',  ( 8.351801573254213906, 13.21735119381656887, 0.4697941358288255098 ) ) ;
#1304 = CARTESIAN_POINT ( 'NONE',  ( 3.500000000000000444, -16.99999999999999645, 0.000000000000000000 ) ) ;
#1305 = EDGE_LOOP ( 'NONE', ( #4092, #4087, #4563, #357, #709 ) ) ;
#1306 = CARTESIAN_POINT ( 'NONE',  ( -5.953577835543163665, 12.52076745562023063, 3.438919910789322465 ) ) ;
#1307 = ORIENTED_EDGE ( 'NONE', *, *, #3404, .F. ) ;
#1308 = CARTESIAN_POINT ( 'NONE',  ( 7.068890054485246210, 14.79971263184780028, 2.437624182467625022 ) ) ;
#1309 = CARTESIAN_POINT ( 'NONE',  ( -7.398575301340923005, -15.13067255071087480, 1.468212637042757285 ) ) ;
#1310 = CARTESIAN_POINT ( 'NONE',  ( -8.169798805193474678, -3.997526653621023218, 0.9877291440988246185 ) ) ;
#1311 = CARTESIAN_POINT ( 'NONE',  ( 5.301579459471142286, 7.943881252612748689, 3.850888293662543482 ) ) ;
#1312 = CARTESIAN_POINT ( 'NONE',  ( -5.003706378856802139, -11.14319043899050321, 2.276669140863757601 ) ) ;
#1313 = CARTESIAN_POINT ( 'NONE',  ( -7.500000000000001776, 12.00000000000000711, -1.000000000000000000 ) ) ;
#1314 = AXIS2_PLACEMENT_3D ( 'NONE', #1105, #2949, #1159 ) ;
#1315 = CARTESIAN_POINT ( 'NONE',  ( 7.499999999999999112, 12.00000000000000533, 0.3160464792015773572 ) ) ;
#1316 = CARTESIAN_POINT ( 'NONE',  ( 6.976296507738985575, -12.46550080274232464, 0.1642999441504939262 ) ) ;
#1317 = CARTESIAN_POINT ( 'NONE',  ( -8.060884114155376423, 5.673204499567274794, 2.247676629344529164 ) ) ;
#1318 = CARTESIAN_POINT ( 'NONE',  ( -6.978665955347957528, -13.44790745605024362, 2.527310507135727580 ) ) ;
#1319 = VERTEX_POINT ( 'NONE', #2570 ) ;
#1320 = EDGE_CURVE ( 'NONE', #488, #2831, #680, .T. ) ;
#1321 = ORIENTED_EDGE ( 'NONE', *, *, #3082, .T. ) ;
#1322 = CARTESIAN_POINT ( 'NONE',  ( 6.892618395844277046, -15.69964866854523500, 2.542004156912256008 ) ) ;
#1323 = VERTEX_POINT ( 'NONE', #3786 ) ;
#1324 = CARTESIAN_POINT ( 'NONE',  ( -0.5522146070350064662, 5.244133606963492511, 4.142191580947014451 ) ) ;
#1325 = CARTESIAN_POINT ( 'NONE',  ( -4.605257500804081694, 8.817382171499126287, 4.347126495688080183 ) ) ;
#1326 = EDGE_CURVE ( 'NONE', #2449, #4837, #2186, .T. ) ;
#1327 = EDGE_LOOP ( 'NONE', ( #1672, #615, #1773, #145 ) ) ;
#1328 = AXIS2_PLACEMENT_3D ( 'NONE', #4109, #2620, #3000 ) ;
#1329 = CARTESIAN_POINT ( 'NONE',  ( 5.176686153987745342, -11.56426166148039059, 2.130477334122572675 ) ) ;
#1330 = DIRECTION ( 'NONE',  ( -0.000000000000000000, -0.000000000000000000, -1.000000000000000000 ) ) ;
#1331 = CARTESIAN_POINT ( 'NONE',  ( 5.443011835911803153, 8.560697474071650603, 3.758854934271439685 ) ) ;
#1332 = CARTESIAN_POINT ( 'NONE',  ( -6.211845908516060888, -13.22492608599671904, 1.092713080736558595 ) ) ;
#1333 = ORIENTED_EDGE ( 'NONE', *, *, #1017, .T. ) ;
#1334 = ORIENTED_EDGE ( 'NONE', *, *, #4406, .T. ) ;
#1335 = ADVANCED_FACE ( 'NONE', ( #4650 ), #2602, .T. ) ;
#1336 = CARTESIAN_POINT ( 'NONE',  ( 7.846245456778687455, -5.673204499567389369, 2.464188436467968479 ) ) ;
#1337 = ORIENTED_EDGE ( 'NONE', *, *, #1937, .T. ) ;
#1338 = ORIENTED_EDGE ( 'NONE', *, *, #1084, .T. ) ;
#1339 = ADVANCED_FACE ( 'NONE', ( #2887 ), #1482, .F. ) ;
#1340 = PLANE ( 'NONE',  #2377 ) ;
#1341 = CARTESIAN_POINT ( 'NONE',  ( -5.443011835912472840, 8.560697474072773261, 3.758854934270856596 ) ) ;
#1342 = VERTEX_POINT ( 'NONE', #3492 ) ;
#1343 = CARTESIAN_POINT ( 'NONE',  ( 8.500000000000000000, 12.00000000000000711, 5.500000000000000000 ) ) ;
#1344 = FACE_OUTER_BOUND ( 'NONE', #2269, .T. ) ;
#1345 = DIRECTION ( 'NONE',  ( 0.000000000000000000, 1.000000000000000000, 0.000000000000000000 ) ) ;
#1346 = CARTESIAN_POINT ( 'NONE',  ( -3.865438509202292039, -16.05550970860616289, 4.322783469849194482 ) ) ;
#1347 = CARTESIAN_POINT ( 'NONE',  ( 5.431070424901039750, 9.924817442613656837, 3.888188644133073080 ) ) ;
#1348 = CARTESIAN_POINT ( 'NONE',  ( -5.274206190631983482, -8.584755228354779888, 1.809246294269677646 ) ) ;
#1349 = CARTESIAN_POINT ( 'NONE',  ( 2.613621009981848431, -16.05551877572546360, 4.746460363159532569 ) ) ;
#1350 = CARTESIAN_POINT ( 'NONE',  ( 0.6670855747272328440, 16.18291580641135852, 5.046973701297471138 ) ) ;
#1351 = CARTESIAN_POINT ( 'NONE',  ( 4.489663523438053083, 16.02474160328907971, 4.061271097120245699 ) ) ;
#1352 = CARTESIAN_POINT ( 'NONE',  ( -8.407644793126406668, 12.97154681912932617, 0.8034238058413736283 ) ) ;
#1353 = CARTESIAN_POINT ( 'NONE',  ( -7.322234847889907527, -15.23520625469086021, 2.183030846755966703 ) ) ;
#1354 = CC_DESIGN_PERSON_AND_ORGANIZATION_ASSIGNMENT ( #3416, #4505, ( #4183 ) ) ;
#1355 = CARTESIAN_POINT ( 'NONE',  ( -5.894812976834485241, 5.244133329345123329, 2.159868431886920792 ) ) ;
#1356 = FACE_OUTER_BOUND ( 'NONE', #4470, .T. ) ;
#1357 = CARTESIAN_POINT ( 'NONE',  ( -6.049160179793509506, 11.76057885971694006, 3.419504235057357455 ) ) ;
#1358 = EDGE_CURVE ( 'NONE', #2213, #1398, #288, .T. ) ;
#1359 = CARTESIAN_POINT ( 'NONE',  ( 3.000000000000000444, -15.99999999999999645, -1.000000000000000000 ) ) ;
#1360 = CARTESIAN_POINT ( 'NONE',  ( 5.499999999998029132, -7.999999999998811617, 1.557051869887186468 ) ) ;
#1361 = VECTOR ( 'NONE', #4099, 1000.000000000000000 ) ;
#1362 = CARTESIAN_POINT ( 'NONE',  ( 2.598782935320870457, -17.00000000000102673, 4.695872528468390428 ) ) ;
#1363 = CARTESIAN_POINT ( 'NONE',  ( 7.518350994360749162, -14.31470880646898358, 1.933170022193211768 ) ) ;
#1364 = CARTESIAN_POINT ( 'NONE',  ( -5.111909429770475022, -7.376149879456106895, 1.905643125675869687 ) ) ;
#1365 = CARTESIAN_POINT ( 'NONE',  ( 3.995250858140739769, 6.648725583015692386, 2.935964339517844301 ) ) ;
#1366 = DIRECTION ( 'NONE',  ( -1.728098251455187786E-15, 0.9999281016873260430, 0.01199130751755555883 ) ) ;
#1367 = DIRECTION ( 'NONE',  ( 0.000000000000000000, 0.000000000000000000, 1.000000000000000000 ) ) ;
#1368 = CARTESIAN_POINT ( 'NONE',  ( 2.895168030937351311, -1.478407468795788660, 3.548452935293824773 ) ) ;
#1369 = CARTESIAN_POINT ( 'NONE',  ( 7.132640967568830703, 15.43568328003920165, 1.690557708725227926 ) ) ;
#1370 = VECTOR ( 'NONE', #690, 1000.000000000000000 ) ;
#1371 = CARTESIAN_POINT ( 'NONE',  ( 3.874475724195747317E-13, -5.244133606963682581, 4.142191580903618942 ) ) ;
#1372 = EDGE_CURVE ( 'NONE', #4277, #4154, #4105, .T. ) ;
#1373 = CARTESIAN_POINT ( 'NONE',  ( 3.801812452720979341, -5.377954418010556736, 4.772492591284934527 ) ) ;
#1374 = ORIENTED_EDGE ( 'NONE', *, *, #4117, .F. ) ;
#1375 = CARTESIAN_POINT ( 'NONE',  ( 5.499999999999999112, 8.800000000000000711, 500000.0000000000582 ) ) ;
#1376 = EDGE_CURVE ( 'NONE', #4277, #90, #354, .T. ) ;
#1377 = DIRECTION ( 'NONE',  ( 0.000000000000000000, -1.000000000000000000, -0.000000000000000000 ) ) ;
#1378 = CARTESIAN_POINT ( 'NONE',  ( 6.008613001701404777, 16.30301762710904256, 2.587969663482340810 ) ) ;
#1379 = CARTESIAN_POINT ( 'NONE',  ( 8.500000000000000000, -3.998307959119816957, 0.6898764002630306535 ) ) ;
#1380 = PLANE ( 'NONE',  #4373 ) ;
#1381 = AXIS2_PLACEMENT_3D ( 'NONE', #3982, #3626, #4786 ) ;
#1382 = DIRECTION ( 'NONE',  ( -0.4804004369322095735, 0.5982404077704310819, 0.6413453318657668101 ) ) ;
#1383 = ORIENTED_EDGE ( 'NONE', *, *, #4824, .F. ) ;
#1384 = DIRECTION ( 'NONE',  ( 0.000000000000000000, -0.000000000000000000, 1.000000000000000000 ) ) ;
#1385 = AXIS2_PLACEMENT_3D ( 'NONE', #3599, #4312, #2448 ) ;
#1386 = CARTESIAN_POINT ( 'NONE',  ( 4.206742464903705958, 16.96166432091228771, 3.156911976632965189 ) ) ;
#1387 = CARTESIAN_POINT ( 'NONE',  ( 2.115037181291292256, 15.68573556745398889, 3.338501886825967713 ) ) ;
#1388 = CARTESIAN_POINT ( 'NONE',  ( 6.002042614202399484, -8.799999999999998934, 1.093287373405223306 ) ) ;
#1389 = ORIENTED_EDGE ( 'NONE', *, *, #1990, .F. ) ;
#1390 =( BOUNDED_SURFACE ( )  B_SPLINE_SURFACE ( 3, 2, ( 
 ( #2362, #1250, #1984 ),
 ( #1999, #2751, #192 ),
 ( #3873, #536, #1603 ),
 ( #1619, #2380, #3146 ),
 ( #3549, #1647, #4679 ),
 ( #2411, #212, #2451 ),
 ( #3205, #1680, #229 ),
 ( #3601, #3219, #2049 ),
 ( #958, #974, #2830 ),
 ( #3584, #1322, #3945 ),
 ( #4330, #621, #4711 ),
 ( #247, #2441, #611 ) ),
 .UNSPECIFIED., .F., .F., .F. ) 
 B_SPLINE_SURFACE_WITH_KNOTS ( ( 4, 2, 2, 2, 2, 4 ),
 ( 3, 3 ),
 ( 0.01378194286373493269, 0.01469681519695679311, 0.01515425136356772506, 0.01561168753017865528, 0.01652655986340051744, 0.01744143219662237787 ),
 ( 0.000000000000000000, 1.000000000000000000 ),
 .UNSPECIFIED. ) 
 GEOMETRIC_REPRESENTATION_ITEM ( )  RATIONAL_B_SPLINE_SURFACE ( (
 ( 1.000000000000000000, 0.7264673800681518134, 1.000000000000000000),
 ( 1.000000000000000000, 0.7355292143367647695, 1.000000000000000000),
 ( 1.000000000000000000, 0.7461190524677104863, 1.000000000000000000),
 ( 1.000000000000000000, 0.7634494728470586633, 1.000000000000000000),
 ( 1.000000000000000000, 0.7694694144563163363, 1.000000000000000000),
 ( 1.000000000000000000, 0.7818886070027870616, 1.000000000000000000),
 ( 1.000000000000000000, 0.7883078981068785129, 1.000000000000000000),
 ( 1.000000000000000000, 0.8076224518457925106, 1.000000000000000000),
 ( 1.000000000000000000, 0.8206780311759878099, 1.000000000000000000),
 ( 1.000000000000000000, 0.8465180712084894310, 1.000000000000000000),
 ( 1.000000000000000000, 0.8592406087591387687, 1.000000000000000000),
 ( 1.000000000000000000, 0.8708346933779280707, 1.000000000000000000) ) ) 
 REPRESENTATION_ITEM ( '' )  SURFACE ( )  );
#1391 = CARTESIAN_POINT ( 'NONE',  ( -7.000000000000000888, -8.000000000000000000, -1.000000000000000000 ) ) ;
#1392 = CARTESIAN_POINT ( 'NONE',  ( -6.924833652884673896, 14.53232247646764108, 2.583740492993787718 ) ) ;
#1393 = CIRCLE ( 'NONE', #762, 4.000000000000000888 ) ;
#1394 = CARTESIAN_POINT ( 'NONE',  ( -3.340527922669936700, -0.2316062867005384274, 4.981886850370443653 ) ) ;
#1395 = CARTESIAN_POINT ( 'NONE',  ( 7.305361374962807020, 14.73991460621527416, 2.229730604993392706 ) ) ;
#1396 = CARTESIAN_POINT ( 'NONE',  ( -5.214666540679998796, 12.16756598611015328, 2.145443354919803536 ) ) ;
#1397 = ORIENTED_EDGE ( 'NONE', *, *, #4541, .T. ) ;
#1398 = VERTEX_POINT ( 'NONE', #1561 ) ;
#1399 = CARTESIAN_POINT ( 'NONE',  ( -7.230721112493833758, 15.33198048687852122, 1.626628479119300863 ) ) ;
#1400 = CARTESIAN_POINT ( 'NONE',  ( 3.500000000000000444, -11.99999999999999645, 0.000000000000000000 ) ) ;
#1401 = VERTEX_POINT ( 'NONE', #2397 ) ;
#1402 = CARTESIAN_POINT ( 'NONE',  ( -6.029675800550529985, 14.42050737826521534, 1.377587369353785895 ) ) ;
#1403 = PLANE ( 'NONE',  #1143 ) ;
#1404 = CARTESIAN_POINT ( 'NONE',  ( 6.790698545250141827, -14.28309598386047519, 2.719817515204433711 ) ) ;
#1405 = LINE ( 'NONE', #682, #613 ) ;
#1406 = CARTESIAN_POINT ( 'NONE',  ( -4.801059466259872899, 10.27975893087757164, 2.414327043988800714 ) ) ;
#1407 = CARTESIAN_POINT ( 'NONE',  ( -8.500000000000000000, 17.00000000000000711, 5.500000000000000000 ) ) ;
#1408 = CARTESIAN_POINT ( 'NONE',  ( -7.000000000000000888, -8.800000000000000711, 500000.0000000000582 ) ) ;
#1409 = EDGE_CURVE ( 'NONE', #2062, #551, #4539, .T. ) ;
#1410 = CARTESIAN_POINT ( 'NONE',  ( -9.024558874739241787, -5.673204499567389369, 1.106399472485708912 ) ) ;
#1411 = CARTESIAN_POINT ( 'NONE',  ( -4.980988154448614758, -6.402523379138123971, 4.053604648335595861 ) ) ;
#1412 = CARTESIAN_POINT ( 'NONE',  ( 6.138485717105668371, -14.29965065186635798, 1.251423217374605157 ) ) ;
#1413 = LINE ( 'NONE', #827, #4047 ) ;
#1414 = CARTESIAN_POINT ( 'NONE',  ( 4.162696899107540816, 15.68573565240303758, 2.581597158702297889 ) ) ;
#1415 = CARTESIAN_POINT ( 'NONE',  ( 7.000000000000003553, -8.799999999999792877, 0.07892945026442246825 ) ) ;
#1416 = EDGE_CURVE ( 'NONE', #1559, #1342, #1187, .T. ) ;
#1417 = CARTESIAN_POINT ( 'NONE',  ( -3.500000000000000444, 17.00000000000000711, 3.393604602115698921 ) ) ;
#1418 = ORIENTED_EDGE ( 'NONE', *, *, #155, .T. ) ;
#1419 = ORIENTED_EDGE ( 'NONE', *, *, #2109, .T. ) ;
#1420 = CARTESIAN_POINT ( 'NONE',  ( -5.499999999999999112, -8.000000000000000000, 500000.0000000000582 ) ) ;
#1421 = CARTESIAN_POINT ( 'NONE',  ( 5.937632089314314854, 10.39466832938616214, 3.410935153289440969 ) ) ;
#1422 = CARTESIAN_POINT ( 'NONE',  ( -3.130023176958742770, 4.225330321409846768, 3.439562128559514154 ) ) ;
#1423 = LINE ( 'NONE', #3418, #910 ) ;
#1424 = CARTESIAN_POINT ( 'NONE',  ( -11.43508150738719031, -5.673204499567389369, -2.139114733925735035 ) ) ;
#1425 = DIRECTION ( 'NONE',  ( 1.000000000000000000, 0.000000000000000000, 0.000000000000000000 ) ) ;
#1426 = CARTESIAN_POINT ( 'NONE',  ( -1.030797802063077661E-14, 15.68575543997281052, 3.572152950790346893 ) ) ;
#1427 = ORIENTED_EDGE ( 'NONE', *, *, #2408, .T. ) ;
#1428 = ORIENTED_EDGE ( 'NONE', *, *, #1262, .F. ) ;
#1429 = CARTESIAN_POINT ( 'NONE',  ( 6.046377682275388743, 16.30301762710890046, 2.331747339460344737 ) ) ;
#1430 = ADVANCED_FACE ( 'NONE', ( #2998 ), #3932, .F. ) ;
#1431 = B_SPLINE_CURVE_WITH_KNOTS ( 'NONE', 3,
 ( #1900, #4575, #4561, #123, #1512, #3443, #2249, #2297, #3014, #104 ),
 .UNSPECIFIED., .F., .F.,
 ( 4, 2, 2, 2, 4 ),
 ( 0.000000000000000000, 0.0009952737580956963221, 0.001990547516191392644, 0.002985821274287092219, 0.003981095032382792227 ),
 .UNSPECIFIED. ) ;
#1432 = CARTESIAN_POINT ( 'NONE',  ( -3.500000000000000444, -15.49999999999999822, -1.000000000000000000 ) ) ;
#1433 = CARTESIAN_POINT ( 'NONE',  ( -4.649064098216688201, 10.37530641069215065, 2.580182349566743305 ) ) ;
#1434 = CARTESIAN_POINT ( 'NONE',  ( 3.243730499836837922, 16.05550402091974149, 4.567296602391873961 ) ) ;
#1435 = ORIENTED_EDGE ( 'NONE', *, *, #2322, .F. ) ;
#1436 = CARTESIAN_POINT ( 'NONE',  ( -8.660436974895951323, -5.673204499567389369, 1.569962763141375284 ) ) ;
#1437 = CARTESIAN_POINT ( 'NONE',  ( -4.442755860149892655, -0.2238429372659262451, 4.349911236560384253 ) ) ;
#1438 = CARTESIAN_POINT ( 'NONE',  ( 3.921527756928557373, -6.286582826825647174, 2.981633881534182962 ) ) ;
#1439 = FACE_OUTER_BOUND ( 'NONE', #4346, .T. ) ;
#1440 =( BOUNDED_SURFACE ( )  B_SPLINE_SURFACE ( 3, 2, ( 
 ( #1741, #3611, #2474 ),
 ( #1687, #4719, #2459 ),
 ( #640, #1362, #3209 ),
 ( #2116, #1722, #2838 ),
 ( #4774, #3241, #4755 ),
 ( #3260, #1012, #2507 ) ),
 .UNSPECIFIED., .F., .F., .T. ) 
 B_SPLINE_SURFACE_WITH_KNOTS ( ( 4, 2, 4 ),
 ( 3, 3 ),
 ( -8.673617379884035472E-19, 0.001781854398348663117, 0.003563708796697327100 ),
 ( 0.000000000000000000, 1.000000000000000000 ),
 .UNSPECIFIED. ) 
 GEOMETRIC_REPRESENTATION_ITEM ( )  RATIONAL_B_SPLINE_SURFACE ( (
 ( 1.000000000000000000, 0.7264673800681493709, 1.000000000000000000),
 ( 1.000000000000000000, 0.7264643777606274444, 1.000000000000000000),
 ( 1.000000000000000000, 0.7264705072600823321, 1.000000000000000000),
 ( 1.000000000000000000, 0.7264726158542400558, 1.000000000000000000),
 ( 1.000000000000000000, 0.7264677756943590525, 1.000000000000000000),
 ( 1.000000000000000000, 0.7264665759939871181, 1.000000000000000000) ) ) 
 REPRESENTATION_ITEM ( '' )  SURFACE ( )  );
#1441 = EDGE_CURVE ( 'NONE', #2121, #370, #3118, .T. ) ;
#1442 = ORIENTED_EDGE ( 'NONE', *, *, #4283, .T. ) ;
#1443 = B_SPLINE_CURVE_WITH_KNOTS ( 'NONE', 3,
 ( #4000, #2524, #4427, #2163 ),
 .UNSPECIFIED., .F., .F.,
 ( 4, 4 ),
 ( 2.168404344971008868E-19, 0.0003081791965865465256 ),
 .UNSPECIFIED. ) ;
#1444 = CARTESIAN_POINT ( 'NONE',  ( 1.583681156815979874, -15.68573351382642933, 3.432264375776106213 ) ) ;
#1445 = CARTESIAN_POINT ( 'NONE',  ( -6.616616223866403246, 12.47037455227388847, 0.5814677498561202640 ) ) ;
#1446 = ORIENTED_EDGE ( 'NONE', *, *, #1242, .T. ) ;
#1447 = ADVANCED_FACE ( 'NONE', ( #4230 ), #1340, .T. ) ;
#1448 = VERTEX_POINT ( 'NONE', #3182 ) ;
#1449 = EDGE_LOOP ( 'NONE', ( #2330, #3292, #2288, #3071, #4267, #1035 ) ) ;
#1450 = CARTESIAN_POINT ( 'NONE',  ( -6.099772131538911957, -16.28393870100824614, 2.307243413663479181 ) ) ;
#1451 = EDGE_CURVE ( 'NONE', #3754, #2188, #4119, .T. ) ;
#1452 = DIRECTION ( 'NONE',  ( 0.000000000000000000, 0.000000000000000000, 1.000000000000000000 ) ) ;
#1453 = VERTEX_POINT ( 'NONE', #3270 ) ;
#1454 = DIRECTION ( 'NONE',  ( 0.000000000000000000, -1.000000000000000000, 0.000000000000000000 ) ) ;
#1455 = LINE ( 'NONE', #2344, #2572 ) ;
#1456 = CARTESIAN_POINT ( 'NONE',  ( -8.469926403589887798, 5.673204499567274794, 1.800178046496884621 ) ) ;
#1457 = CARTESIAN_POINT ( 'NONE',  ( -5.719564757981389747, 13.93827253282387346, 1.675495273587002121 ) ) ;
#1458 = APPLICATION_PROTOCOL_DEFINITION ( 'international standard', 'config_control_design', 1994, #4104 ) ;
#1459 = CARTESIAN_POINT ( 'NONE',  ( 4.936287475931390389, 6.151713047513032606, 4.080191119039315417 ) ) ;
#1460 = VECTOR ( 'NONE', #124, 1000.000000000000000 ) ;
#1461 = CARTESIAN_POINT ( 'NONE',  ( -6.940393514242463091, 13.34811049370153668, 2.563703378528923604 ) ) ;
#1462 = CARTESIAN_POINT ( 'NONE',  ( -8.149357977068154568, -12.95485614127263752, 1.110329928005827416 ) ) ;
#1463 = CARTESIAN_POINT ( 'NONE',  ( -6.782227650108917594, -13.21983946506258434, 0.4133026697637042779 ) ) ;
#1464 = CARTESIAN_POINT ( 'NONE',  ( -2.641964017908510431, 15.68575965299419828, 3.197656994517520168 ) ) ;
#1465 = ADVANCED_FACE ( 'NONE', ( #2099 ), #1718, .T. ) ;
#1466 = DIRECTION ( 'NONE',  ( 0.000000000000000000, 0.000000000000000000, -1.000000000000000000 ) ) ;
#1467 = CYLINDRICAL_SURFACE ( 'NONE', #1827, 3.500000000000000444 ) ;
#1468 = CARTESIAN_POINT ( 'NONE',  ( -8.469926403589637331, -5.673204499567389369, 1.800178046496890172 ) ) ;
#1469 = CARTESIAN_POINT ( 'NONE',  ( -4.786157094010056845, -5.186903665269442243, 4.163664660345053115 ) ) ;
#1470 = ORIENTED_EDGE ( 'NONE', *, *, #149, .T. ) ;
#1471 = CARTESIAN_POINT ( 'NONE',  ( 3.438019418218539069, -0.2265235218480349533, 3.236135003773283891 ) ) ;
#1472 = VECTOR ( 'NONE', #793, 1000.000000000000000 ) ;
#1473 = B_SPLINE_CURVE_WITH_KNOTS ( 'NONE', 3,
 ( #836, #1213, #3794, #2724 ),
 .UNSPECIFIED., .F., .F.,
 ( 4, 4 ),
 ( 0.0002470351579464830907, 0.001786652495172466951 ),
 .UNSPECIFIED. ) ;
#1474 = CARTESIAN_POINT ( 'NONE',  ( 4.480964761805809715, 16.02569616992792589, 4.065192089080237103 ) ) ;
#1475 = EDGE_CURVE ( 'NONE', #2010, #2429, #397, .T. ) ;
#1476 = DIRECTION ( 'NONE',  ( -1.000000000000000000, 0.000000000000000000, 0.000000000000000000 ) ) ;
#1477 = CARTESIAN_POINT ( 'NONE',  ( -7.000000000000000888, 8.800000000000000711, 500000.0000000000582 ) ) ;
#1478 = CARTESIAN_POINT ( 'NONE',  ( -6.478213090841974164, 11.32313400972463135, 0.6943399942798513802 ) ) ;
#1479 = AXIS2_PLACEMENT_3D ( 'NONE', #2765, #2348, #553 ) ;
#1480 = LINE ( 'NONE', #2745, #3320 ) ;
#1481 = CARTESIAN_POINT ( 'NONE',  ( 5.775597202626044258, 9.836158620388694374, 3.528429203676505921 ) ) ;
#1482 = PLANE ( 'NONE',  #162 ) ;
#1483 = VERTEX_POINT ( 'NONE', #4051 ) ;
#1484 = CARTESIAN_POINT ( 'NONE',  ( 7.000000000000000888, 12.00000000000000711, -1.000000000000000000 ) ) ;
#1485 = CARTESIAN_POINT ( 'NONE',  ( -8.090563204470139880, 14.00175640737779581, 0.7377388801264781470 ) ) ;
#1486 = CARTESIAN_POINT ( 'NONE',  ( 2.440486839160199484, 5.673204499567274794, 5.469467766334782155 ) ) ;
#1487 = CARTESIAN_POINT ( 'NONE',  ( -4.208247639047562494, -4.625149577601144202, 4.645319932912073568 ) ) ;
#1488 = CARTESIAN_POINT ( 'NONE',  ( 4.825943893860567435, 4.942788030064924953, 2.066371558826163746 ) ) ;
#1489 = CARTESIAN_POINT ( 'NONE',  ( -6.104483590420485939, -14.49035354807112874, 1.307672037361518935 ) ) ;
#1490 = CARTESIAN_POINT ( 'NONE',  ( 6.861348878663243056, 14.99997319828900011, 2.608033439013242027 ) ) ;
#1491 = CARTESIAN_POINT ( 'NONE',  ( -2.940267243798247332, 2.338723335094413880, 3.529218080311073535 ) ) ;
#1492 = CARTESIAN_POINT ( 'NONE',  ( -7.029650524940019629, 2.349649665394667242, -0.001031361675407803423 ) ) ;
#1493 = CARTESIAN_POINT ( 'NONE',  ( 5.133205504684436704, -9.145842104159196850, 4.113405141178261282 ) ) ;
#1494 = ORIENTED_EDGE ( 'NONE', *, *, #961, .T. ) ;
#1495 = CARTESIAN_POINT ( 'NONE',  ( -3.500000000000000000, -15.99999999999999645, -1.000000000000000000 ) ) ;
#1496 = EDGE_CURVE ( 'NONE', #2312, #4397, #2760, .T. ) ;
#1497 = EDGE_LOOP ( 'NONE', ( #782, #4621, #4260, #1435 ) ) ;
#1498 = CARTESIAN_POINT ( 'NONE',  ( 5.713146207533207566, 13.18264185940123312, 1.672771439098486690 ) ) ;
#1499 = ORIENTED_EDGE ( 'NONE', *, *, #1186, .T. ) ;
#1500 = CARTESIAN_POINT ( 'NONE',  ( 7.161368890685368527, 5.673204499567274794, 3.083208752424859256 ) ) ;
#1501 = CARTESIAN_POINT ( 'NONE',  ( -4.240429874591670867, -9.319150235769161128, 5.021211984789448302 ) ) ;
#1502 = ORIENTED_EDGE ( 'NONE', *, *, #1857, .T. ) ;
#1503 = CC_DESIGN_PERSON_AND_ORGANIZATION_ASSIGNMENT ( #4820, #2932, ( #1025 ) ) ;
#1504 = EDGE_CURVE ( 'NONE', #2013, #431, #1539, .T. ) ;
#1505 = ORIENTED_EDGE ( 'NONE', *, *, #274, .F. ) ;
#1506 = B_SPLINE_CURVE_WITH_KNOTS ( 'NONE', 3,
 ( #418, #3753, #1517, #3359, #2604, #1485, #1853, #2667, #4146, #4512 ),
 .UNSPECIFIED., .F., .F.,
 ( 4, 2, 2, 2, 4 ),
 ( 0.000000000000000000, 0.0009003176064187102569, 0.001800635212837420514, 0.002700952819256130771, 0.003601270425674841028 ),
 .UNSPECIFIED. ) ;
#1507 = CARTESIAN_POINT ( 'NONE',  ( 6.600000000000002309, 0.000000000000000000, -1.800000000000000044 ) ) ;
#1508 = ORIENTED_EDGE ( 'NONE', *, *, #885, .F. ) ;
#1509 = FACE_OUTER_BOUND ( 'NONE', #4072, .T. ) ;
#1510 = CARTESIAN_POINT ( 'NONE',  ( -5.111885600490109205, 7.376133232100791304, 1.905611386244143279 ) ) ;
#1511 = CARTESIAN_POINT ( 'NONE',  ( 2.806732345407885632, -1.574121574215890940, 5.825403449106069331 ) ) ;
#1512 = CARTESIAN_POINT ( 'NONE',  ( -5.353642116310343368, 15.82973664393919044, 3.619009900539066571 ) ) ;
#1513 = DIRECTION ( 'NONE',  ( 1.000000000000000000, -0.000000000000000000, 0.000000000000000000 ) ) ;
#1514 = LOCAL_TIME ( 14, 13, 2.000000000000000000, #4163 ) ;
#1515 = CARTESIAN_POINT ( 'NONE',  ( -6.800000000000001599, 8.000000000000000000, -1.000000000000000000 ) ) ;
#1516 = ADVANCED_FACE ( 'NONE', ( #163 ), #302, .F. ) ;
#1517 = CARTESIAN_POINT ( 'NONE',  ( -8.472431339071651024, 12.60219989442398258, 0.3472478949589824504 ) ) ;
#1518 = CARTESIAN_POINT ( 'NONE',  ( -5.499999999999999112, -8.800000000000000711, -1.800000000000000044 ) ) ;
#1519 = CARTESIAN_POINT ( 'NONE',  ( 3.596482080150976923, 3.803299019745322695, 3.164613774835050464 ) ) ;
#1520 = DIRECTION ( 'NONE',  ( 0.000000000000000000, -0.01200704730164314782, -0.9999279128092666280 ) ) ;
#1521 = EDGE_CURVE ( 'NONE', #1398, #3521, #2526, .T. ) ;
#1522 = CARTESIAN_POINT ( 'NONE',  ( 3.770499625845406655, 17.00000000000000711, 4.081387274783779162 ) ) ;
#1523 = CARTESIAN_POINT ( 'NONE',  ( 5.736320828879674316, -13.40762019779619507, 1.664846281707584641 ) ) ;
#1524 = CARTESIAN_POINT ( 'NONE',  ( -3.132970862334121698, 4.250619244245323003, 3.438150618767151556 ) ) ;
#1525 = CARTESIAN_POINT ( 'NONE',  ( -7.029657238860657742, -2.349690376077087528, -0.0009908331684275913098 ) ) ;
#1526 = CIRCLE ( 'NONE', #3091, 1.000000000000000000 ) ;
#1527 = CARTESIAN_POINT ( 'NONE',  ( 8.500000000000000000, -1.413279012309497595, 0.6898481018372155660 ) ) ;
#1528 = VERTEX_POINT ( 'NONE', #3683 ) ;
#1529 = B_SPLINE_CURVE_WITH_KNOTS ( 'NONE', 3,
 ( #4613, #4196, #2643, #1184 ),
 .UNSPECIFIED., .F., .F.,
 ( 4, 4 ),
 ( 1.084202172485504434E-18, 0.0004617726804306008571 ),
 .UNSPECIFIED. ) ;
#1530 = CARTESIAN_POINT ( 'NONE',  ( -7.000000000000000888, -11.99999999999999645, 0.1286928708730964155 ) ) ;
#1531 = VECTOR ( 'NONE', #3949, 1000.000000000000000 ) ;
#1532 = CARTESIAN_POINT ( 'NONE',  ( -3.576021989031852755, -7.022043828109029384, 3.212766568700618386 ) ) ;
#1533 = ORIENTED_EDGE ( 'NONE', *, *, #9, .T. ) ;
#1534 = CARTESIAN_POINT ( 'NONE',  ( 3.500000000000001332, 15.50000000000000888, 2.882870115353428186 ) ) ;
#1535 = CARTESIAN_POINT ( 'NONE',  ( 6.734655002074924290, 16.99999999999988987, 2.570402814421166582 ) ) ;
#1536 = CARTESIAN_POINT ( 'NONE',  ( -8.499999999999978684, -16.99999999999996092, 0.6909730210981130938 ) ) ;
#1537 = FACE_OUTER_BOUND ( 'NONE', #2191, .T. ) ;
#1538 = CARTESIAN_POINT ( 'NONE',  ( -1.494736328930658331, 15.50000000000001066, 3.462589666434585656 ) ) ;
#1539 = B_SPLINE_CURVE_WITH_KNOTS ( 'NONE', 3,
 ( #1023, #698, #3994, #3712 ),
 .UNSPECIFIED., .F., .F.,
 ( 4, 4 ),
 ( 4.967572047453626224E-16, 0.0008010182204023162103 ),
 .UNSPECIFIED. ) ;
#1540 = CARTESIAN_POINT ( 'NONE',  ( 5.946283328773442456, 16.39111568662242036, 3.044031559313925772 ) ) ;
#1541 = CARTESIAN_POINT ( 'NONE',  ( 5.354968495874588008, -12.29514935595602942, 2.001541545095655295 ) ) ;
#1542 = ADVANCED_FACE ( 'NONE', ( #1356 ), #1403, .T. ) ;
#1543 = CARTESIAN_POINT ( 'NONE',  ( -8.271274739271159859, -13.50228478603818871, 0.5521410141066790400 ) ) ;
#1544 = CARTESIAN_POINT ( 'NONE',  ( 7.556531802803812425, -14.93397190402399133, 1.299550811459012190 ) ) ;
#1545 = CARTESIAN_POINT ( 'NONE',  ( -4.483529124898230300, -10.57470597399385426, 2.661326422750016185 ) ) ;
#1546 = CARTESIAN_POINT ( 'NONE',  ( 6.777469941247868057, -13.59816291039283698, 2.776862139152029396 ) ) ;
#1547 = CARTESIAN_POINT ( 'NONE',  ( -7.582096392547984287, 16.99999999999988987, 1.783071889694517687 ) ) ;
#1548 = CARTESIAN_POINT ( 'NONE',  ( -8.500000000000000000, -15.93156793960837092, 0.6900070899942822855 ) ) ;
#1549 = CARTESIAN_POINT ( 'NONE',  ( 7.026003680606011770, -1.174972398385492278, -0.0006426421801188095338 ) ) ;
#1550 = CARTESIAN_POINT ( 'NONE',  ( 5.965740629108888804, 14.48397325870506513, 1.428192722201298226 ) ) ;
#1551 = EDGE_LOOP ( 'NONE', ( #4803, #4209, #3472, #2418, #789, #1494, #4812 ) ) ;
#1552 = CARTESIAN_POINT ( 'NONE',  ( 7.000000000000002665, 7.999999999999979572, 0.06889184760450738076 ) ) ;
#1553 = CARTESIAN_POINT ( 'NONE',  ( 7.083971389432679011, -8.208928548481694065, -0.01330277597169587239 ) ) ;
#1554 = CARTESIAN_POINT ( 'NONE',  ( -7.855452040900424038, -13.81628957021340653, 1.488078197030434424 ) ) ;
#1555 = CARTESIAN_POINT ( 'NONE',  ( -8.090570340251794335, -14.00174015150274620, 0.7379211148045500268 ) ) ;
#1556 = ORIENTED_EDGE ( 'NONE', *, *, #406, .F. ) ;
#1557 = CARTESIAN_POINT ( 'NONE',  ( 8.036854502086573149, -16.17159358188890650, 1.364769971311847963 ) ) ;
#1558 = ORIENTED_EDGE ( 'NONE', *, *, #3887, .T. ) ;
#1559 = VERTEX_POINT ( 'NONE', #2885 ) ;
#1560 = EDGE_CURVE ( 'NONE', #3550, #1559, #2125, .T. ) ;
#1561 = CARTESIAN_POINT ( 'NONE',  ( -7.500000000000001776, -11.99999999999999645, 0.000000000000000000 ) ) ;
#1562 = ORIENTED_EDGE ( 'NONE', *, *, #3930, .F. ) ;
#1563 = CARTESIAN_POINT ( 'NONE',  ( -5.727868992218295041, -13.95643612736274619, 1.667174552696774281 ) ) ;
#1564 = VERTEX_POINT ( 'NONE', #708 ) ;
#1565 = ADVANCED_FACE ( 'NONE', ( #2343 ), #3462, .F. ) ;
#1566 = ORIENTED_EDGE ( 'NONE', *, *, #1860, .T. ) ;
#1567 = LINE ( 'NONE', #1343, #1180 ) ;
#1568 = CARTESIAN_POINT ( 'NONE',  ( 2.886905449478252894, -0.2304051965653416134, 3.552122810677898368 ) ) ;
#1569 = CARTESIAN_POINT ( 'NONE',  ( 6.800000000000001599, -8.000000000000000000, -1.600000000000001199 ) ) ;
#1570 = ORIENTED_EDGE ( 'NONE', *, *, #922, .T. ) ;
#1571 = CARTESIAN_POINT ( 'NONE',  ( 5.935116392585362277, 4.820439932966838370, 1.031196006976172086 ) ) ;
#1572 = EDGE_CURVE ( 'NONE', #3344, #3222, #1131, .T. ) ;
#1573 = CARTESIAN_POINT ( 'NONE',  ( -3.740755437082106560, -15.50000000000000711, 2.782393692358072546 ) ) ;
#1574 = AXIS2_PLACEMENT_3D ( 'NONE', #3886, #1223, #1961 ) ;
#1575 = B_SPLINE_CURVE_WITH_KNOTS ( 'NONE', 3,
 ( #555, #602, #3187, #2031, #962, #1278, #3207, #2437 ),
 .UNSPECIFIED., .F., .F.,
 ( 4, 2, 2, 4 ),
 ( 0.000000000000000000, 0.001967915775970437414, 0.002951873663955655903, 0.003935831551940874827 ),
 .UNSPECIFIED. ) ;
#1576 = CARTESIAN_POINT ( 'NONE',  ( 8.500000000000000000, -4.000339336979397586, 0.2202190415880112273 ) ) ;
#1577 = CARTESIAN_POINT ( 'NONE',  ( -7.605698278547471602, -14.87274569627360066, 1.864038068805266457 ) ) ;
#1578 = CARTESIAN_POINT ( 'NONE',  ( 7.000000000000003553, -8.000000000000127898, 0.06904263691690751270 ) ) ;
#1579 = CARTESIAN_POINT ( 'NONE',  ( -8.470390623561733889, 12.62223992326183719, 0.3493382971229114786 ) ) ;
#1580 = CARTESIAN_POINT ( 'NONE',  ( -4.933211987915633756, -15.93866591798485999, 3.841658415707243979 ) ) ;
#1581 = FACE_OUTER_BOUND ( 'NONE', #1637, .T. ) ;
#1582 = CARTESIAN_POINT ( 'NONE',  ( -8.253887699138481082, 11.99212167138165697, 0.9730025424401035350 ) ) ;
#1583 = CARTESIAN_POINT ( 'NONE',  ( -6.800000000000001599, 8.800000000000000711, -1.000000000000000000 ) ) ;
#1584 = CARTESIAN_POINT ( 'NONE',  ( 6.616616223866403246, 12.47037455227388847, 0.5814677498561202640 ) ) ;
#1585 = CARTESIAN_POINT ( 'NONE',  ( 5.062513180856168304, -15.14007310577494003, 2.073020755993751685 ) ) ;
#1586 = FACE_OUTER_BOUND ( 'NONE', #1220, .T. ) ;
#1587 = CARTESIAN_POINT ( 'NONE',  ( 3.849886122220426810, 16.29348098403800194, 4.283238448709204782 ) ) ;
#1588 = VERTEX_POINT ( 'NONE', #758 ) ;
#1589 = CARTESIAN_POINT ( 'NONE',  ( 8.500283700581912072, -12.28368745231593273, 0.6910247500705147816 ) ) ;
#1590 = CARTESIAN_POINT ( 'NONE',  ( 6.099772131538911957, -16.28393870100824614, 2.307243413663479181 ) ) ;
#1591 = CARTESIAN_POINT ( 'NONE',  ( 3.499999999999999556, 12.00000000000000711, 5.500000000000000000 ) ) ;
#1592 = VECTOR ( 'NONE', #2695, 1000.000000000000000 ) ;
#1593 = DIRECTION ( 'NONE',  ( 0.000000000000000000, 0.000000000000000000, -1.000000000000000000 ) ) ;
#1594 = CC_DESIGN_PERSON_AND_ORGANIZATION_ASSIGNMENT ( #1620, #3334, ( #3379 ) ) ;
#1595 = PLANE ( 'NONE',  #4198 ) ;
#1596 = EDGE_CURVE ( 'NONE', #878, #203, #3883, .T. ) ;
#1597 = CARTESIAN_POINT ( 'NONE',  ( 7.132640967568808499, 15.43568328003921053, 1.690557708725252128 ) ) ;
#1598 = CARTESIAN_POINT ( 'NONE',  ( 5.499999999999999112, 8.800000000000000711, 1.597353125134759466 ) ) ;
#1599 = CARTESIAN_POINT ( 'NONE',  ( -6.401446952602871221, 16.09945558556228562, 2.908782550431026959 ) ) ;
#1600 = CARTESIAN_POINT ( 'NONE',  ( -7.398003010518307221, -14.46004242684115582, 2.093477928884600825 ) ) ;
#1601 = CARTESIAN_POINT ( 'NONE',  ( 6.955829407322111635, -17.00000000000000355, 2.381135966999900155 ) ) ;
#1602 = ORIENTED_EDGE ( 'NONE', *, *, #3399, .T. ) ;
#1603 = CARTESIAN_POINT ( 'NONE',  ( 4.489690811541551696, -16.02473889357991510, 4.061258946625816435 ) ) ;
#1604 = EDGE_LOOP ( 'NONE', ( #835, #3696, #2625, #3967 ) ) ;
#1605 = PLANE ( 'NONE',  #1574 ) ;
#1606 = VERTEX_POINT ( 'NONE', #3007 ) ;
#1607 = EDGE_CURVE ( 'NONE', #3860, #940, #898, .T. ) ;
#1608 = CARTESIAN_POINT ( 'NONE',  ( 3.500000000000000444, -16.99999999999999645, 5.500000000000000000 ) ) ;
#1609 = CARTESIAN_POINT ( 'NONE',  ( 3.196696435356803256, -0.2284296290629114490, 3.453836816310272617 ) ) ;
#1610 = EDGE_CURVE ( 'NONE', #3521, #203, #3246, .T. ) ;
#1611 = ORIENTED_EDGE ( 'NONE', *, *, #4234, .T. ) ;
#1612 = CARTESIAN_POINT ( 'NONE',  ( -7.119471675313812753, 15.47659581625304170, 2.357779812728455049 ) ) ;
#1613 = EDGE_LOOP ( 'NONE', ( #359, #3815, #3614, #773 ) ) ;
#1614 = CARTESIAN_POINT ( 'NONE',  ( 7.605698278547471602, -14.87274569627360066, 1.864038068805266457 ) ) ;
#1615 = CARTESIAN_POINT ( 'NONE',  ( -8.143061379733341099, -17.00000000000000355, 1.149065253945515286 ) ) ;
#1616 = AXIS2_PLACEMENT_3D ( 'NONE', #1507, #866, #521 ) ;
#1617 = CARTESIAN_POINT ( 'NONE',  ( -3.500000000000000444, 12.00000000000000711, 0.000000000000000000 ) ) ;
#1618 = ORIENTED_EDGE ( 'NONE', *, *, #1219, .F. ) ;
#1619 = CARTESIAN_POINT ( 'NONE',  ( 4.709885134662874506, -16.85443920062405709, 2.958091896952459887 ) ) ;
#1620 = PERSON_AND_ORGANIZATION ( #3814, #3586 ) ;
#1621 = CARTESIAN_POINT ( 'NONE',  ( -3.000000000000000444, -16.99999999999999645, 0.000000000000000000 ) ) ;
#1622 = ORIENTED_EDGE ( 'NONE', *, *, #140, .F. ) ;
#1623 = CARTESIAN_POINT ( 'NONE',  ( 2.886905449481139918, -0.2304051965653242662, 3.552122810676984432 ) ) ;
#1624 = CARTESIAN_POINT ( 'NONE',  ( 5.041869308718273324, -10.17814230963905331, 4.080710636721342155 ) ) ;
#1625 = CARTESIAN_POINT ( 'NONE',  ( 5.173633218570633296, 11.72485959063512695, 2.148118285991719389 ) ) ;
#1626 = CARTESIAN_POINT ( 'NONE',  ( 5.499999999999999112, 8.800000000000000711, 500000.0000000000582 ) ) ;
#1627 = EDGE_CURVE ( 'NONE', #2010, #4516, #727, .T. ) ;
#1628 = CARTESIAN_POINT ( 'NONE',  ( -5.725389414014641964, -13.21637666050500926, 1.661349638097659120 ) ) ;
#1629 = CARTESIAN_POINT ( 'NONE',  ( -3.500000000000000444, -11.99999999999999645, 5.500000000000000000 ) ) ;
#1630 = CARTESIAN_POINT ( 'NONE',  ( 4.814549319508723890, 5.673204499567274794, 4.656581076779744421 ) ) ;
#1631 = CARTESIAN_POINT ( 'NONE',  ( 3.739784241004762102E-13, -16.05550737207284939, 5.054056728823178801 ) ) ;
#1632 = FACE_OUTER_BOUND ( 'NONE', #2314, .T. ) ;
#1633 = PLANE ( 'NONE',  #1976 ) ;
#1634 = DIRECTION ( 'NONE',  ( -1.000000000000000000, 0.000000000000000000, 0.000000000000000000 ) ) ;
#1635 = VECTOR ( 'NONE', #899, 1000.000000000000000 ) ;
#1636 = CARTESIAN_POINT ( 'NONE',  ( -6.600000000000002309, 8.800000000000000711, -1.800000000000000044 ) ) ;
#1637 = EDGE_LOOP ( 'NONE', ( #3899, #1075, #3519, #2107 ) ) ;
#1638 = CARTESIAN_POINT ( 'NONE',  ( -5.629860221589437330, 14.78628610682456745, 1.686777389054428200 ) ) ;
#1639 = CARTESIAN_POINT ( 'NONE',  ( -3.865438509202312467, 16.05550970860616289, 4.322783469849168725 ) ) ;
#1640 = ADVANCED_FACE ( 'NONE', ( #2485 ), #4519, .F. ) ;
#1641 = LINE ( 'NONE', #2693, #2416 ) ;
#1642 = ADVANCED_FACE ( 'NONE', ( #301 ), #1859, .T. ) ;
#1643 = CARTESIAN_POINT ( 'NONE',  ( -5.940176378253308798, 5.673204499567274794, 4.042423986751674470 ) ) ;
#1644 = ORIENTED_EDGE ( 'NONE', *, *, #2740, .T. ) ;
#1645 = CARTESIAN_POINT ( 'NONE',  ( -6.545842469243856598, -12.27375599635668024, 2.923222946360142238 ) ) ;
#1646 = ORIENTED_EDGE ( 'NONE', *, *, #671, .F. ) ;
#1647 = CARTESIAN_POINT ( 'NONE',  ( 5.235404092262927911, -16.70734696341376591, 3.630108528481369667 ) ) ;
#1648 = CARTESIAN_POINT ( 'NONE',  ( -4.674770515425979767, 4.190116067060270844, 4.225323857982203002 ) ) ;
#1649 = AXIS2_PLACEMENT_3D ( 'NONE', #4683, #215, #2802 ) ;
#1650 = CARTESIAN_POINT ( 'NONE',  ( 3.404081422360637710, 2.379520161877826556, 4.955760889651198653 ) ) ;
#1651 = CARTESIAN_POINT ( 'NONE',  ( -2.878441545700751281, 1.048005268248278332, 3.555882104528643506 ) ) ;
#1652 = CARTESIAN_POINT ( 'NONE',  ( -5.259153115496399522, 15.03398667578352033, 1.945044662239670874 ) ) ;
#1653 = CARTESIAN_POINT ( 'NONE',  ( -6.644209832556962070, 15.17000617520583283, 2.775842663350636119 ) ) ;
#1654 = CARTESIAN_POINT ( 'NONE',  ( 8.070708415780861955, -14.10306931705946276, 1.233802373324190071 ) ) ;
#1655 = CARTESIAN_POINT ( 'NONE',  ( -8.660410047183605187, 5.673204499567274794, 1.569995537461295942 ) ) ;
#1656 = ORIENTED_EDGE ( 'NONE', *, *, #494, .T. ) ;
#1657 = CARTESIAN_POINT ( 'NONE',  ( -5.258271662460171747, -10.78143579432804522, 3.940525177691942993 ) ) ;
#1658 = CARTESIAN_POINT ( 'NONE',  ( -7.000000000000000888, -16.99999999999999645, 5.500000000000000000 ) ) ;
#1659 = ORIENTED_EDGE ( 'NONE', *, *, #2206, .T. ) ;
#1660 = EDGE_LOOP ( 'NONE', ( #4634, #3877, #264, #4410 ) ) ;
#1661 = CARTESIAN_POINT ( 'NONE',  ( -5.937632089314852202, 10.39466832938615504, 3.410935153288868538 ) ) ;
#1662 = EDGE_LOOP ( 'NONE', ( #3747, #3866, #2412, #3524 ) ) ;
#1663 = CARTESIAN_POINT ( 'NONE',  ( 7.230721112486627078, 15.33198048688614001, 1.626628479049463172 ) ) ;
#1664 = CARTESIAN_POINT ( 'NONE',  ( 6.087111731022416095, -14.35859418244194430, 1.318932217598825396 ) ) ;
#1665 = ORIENTED_EDGE ( 'NONE', *, *, #961, .F. ) ;
#1666 = DIRECTION ( 'NONE',  ( 0.000000000000000000, 1.000000000000000000, 0.000000000000000000 ) ) ;
#1667 = CARTESIAN_POINT ( 'NONE',  ( -7.000000000000000888, 12.00000000000000711, -1.000000000000000000 ) ) ;
#1668 = CARTESIAN_POINT ( 'NONE',  ( -3.896957240221362806, -6.314725832006615747, 3.006310748143756761 ) ) ;
#1669 = ORIENTED_EDGE ( 'NONE', *, *, #654, .F. ) ;
#1670 = CARTESIAN_POINT ( 'NONE',  ( 2.939376820593679884, 2.321761989871118814, 3.529600871274176210 ) ) ;
#1671 = CARTESIAN_POINT ( 'NONE',  ( 7.500000000000001776, 12.00000000000000711, -1.000000000000000000 ) ) ;
#1672 = ORIENTED_EDGE ( 'NONE', *, *, #804, .T. ) ;
#1673 = VECTOR ( 'NONE', #1454, 1000.000000000000000 ) ;
#1674 = DIRECTION ( 'NONE',  ( 0.000000000000000000, 0.000000000000000000, -1.000000000000000000 ) ) ;
#1675 = DIRECTION ( 'NONE',  ( 0.7265281935137593017, 0.6871366560078379093, 0.000000000000000000 ) ) ;
#1676 = CARTESIAN_POINT ( 'NONE',  ( -8.469895836717554971, 5.673204499567274794, 1.800213536562100813 ) ) ;
#1677 = VECTOR ( 'NONE', #842, 1000.000000000000000 ) ;
#1678 = CARTESIAN_POINT ( 'NONE',  ( -6.777469941245156448, -13.59816291039291691, 2.776862139152152409 ) ) ;
#1679 = CARTESIAN_POINT ( 'NONE',  ( 8.470390623561733889, 12.62223992326183719, 0.3493382971229249678 ) ) ;
#1680 = CARTESIAN_POINT ( 'NONE',  ( 5.701741879278861447, -16.50749788558456288, 3.362441313192055414 ) ) ;
#1681 = CARTESIAN_POINT ( 'NONE',  ( 6.940393514242463091, 13.34811049370153668, 2.563703378528923604 ) ) ;
#1682 = CARTESIAN_POINT ( 'NONE',  ( -2.115037181291310464, -15.68573556745399600, 3.338501886825949061 ) ) ;
#1683 = CARTESIAN_POINT ( 'NONE',  ( -6.966624690609075188, 13.41742094197199009, 2.539073651739544246 ) ) ;
#1684 = EDGE_CURVE ( 'NONE', #2592, #1142, #1641, .T. ) ;
#1685 = CARTESIAN_POINT ( 'NONE',  ( 6.800000000000001599, -8.800000000000000711, -1.000000000000000000 ) ) ;
#1686 = CARTESIAN_POINT ( 'NONE',  ( -7.000000000000006217, 7.999999999999976019, 0.06889184760450628442 ) ) ;
#1687 = CARTESIAN_POINT ( 'NONE',  ( 3.244440769223669641, -16.05550402771252649, 4.567017181506994206 ) ) ;
#1688 = CARTESIAN_POINT ( 'NONE',  ( 4.605257500803293880, 8.817382171499689392, 4.347126495688450554 ) ) ;
#1689 = CARTESIAN_POINT ( 'NONE',  ( -6.490213394921256373, -14.31816132863583846, 0.8170240876568728439 ) ) ;
#1690 = CARTESIAN_POINT ( 'NONE',  ( 5.048650291557291503, 12.24471207197864508, 2.249460468434535620 ) ) ;
#1691 = VECTOR ( 'NONE', #1801, 1000.000000000000000 ) ;
#1692 = PLANE ( 'NONE',  #4845 ) ;
#1693 = EDGE_CURVE ( 'NONE', #364, #753, #121, .T. ) ;
#1694 = ADVANCED_FACE ( 'NONE', ( #4182 ), #235, .T. ) ;
#1695 = DIRECTION ( 'NONE',  ( -0.000000000000000000, -0.000000000000000000, -1.000000000000000000 ) ) ;
#1696 = CARTESIAN_POINT ( 'NONE',  ( -9.522904515850502349, 16.99999999999988987, -0.6826818883343728217 ) ) ;
#1697 = CARTESIAN_POINT ( 'NONE',  ( 3.500000000000002665, 17.00000000000000711, 3.393604602115698032 ) ) ;
#1698 = FACE_OUTER_BOUND ( 'NONE', #925, .T. ) ;
#1699 = ORIENTED_EDGE ( 'NONE', *, *, #2704, .F. ) ;
#1700 = CARTESIAN_POINT ( 'NONE',  ( -6.569508166201213584, 13.69264784499225485, 0.6875022840785933731 ) ) ;
#1701 = CARTESIAN_POINT ( 'NONE',  ( -4.110615936915651858, 6.911150057873581609, 4.618463092115105084 ) ) ;
#1702 = VECTOR ( 'NONE', #3597, 1000.000000000000000 ) ;
#1703 = CARTESIAN_POINT ( 'NONE',  ( -6.600000000000002309, -8.800000000000000711, -1.800000000000000044 ) ) ;
#1704 = ORIENTED_EDGE ( 'NONE', *, *, #3871, .F. ) ;
#1705 = EDGE_CURVE ( 'NONE', #388, #4837, #1473, .T. ) ;
#1706 = CARTESIAN_POINT ( 'NONE',  ( 5.752289817292600915, -14.01418074216132403, 1.644961917790581873 ) ) ;
#1707 = CARTESIAN_POINT ( 'NONE',  ( 8.500000000000000000, 4.000080222292037746, 0.2451047771379477880 ) ) ;
#1708 = CARTESIAN_POINT ( 'NONE',  ( 7.457254575442673783, 14.59806478682517472, 2.028964732352218636 ) ) ;
#1709 = CARTESIAN_POINT ( 'NONE',  ( -6.081039429776330607, -12.66150731589966050, 1.207117304298483740 ) ) ;
#1710 = CARTESIAN_POINT ( 'NONE',  ( -3.865438509202322681, 16.05550970860615578, 4.322783469849164284 ) ) ;
#1711 = CARTESIAN_POINT ( 'NONE',  ( 7.632678824383416050, 14.15395710910476446, 1.781534591060850659 ) ) ;
#1712 = CARTESIAN_POINT ( 'NONE',  ( -8.663277263988527821, -17.00000000000000355, 0.4749004375466582828 ) ) ;
#1713 = CARTESIAN_POINT ( 'NONE',  ( -4.525965575822585407, 16.99999999999988987, 4.050535744935335636 ) ) ;
#1714 = CARTESIAN_POINT ( 'NONE',  ( -7.210170235685201767, -14.02507201497444989, 2.299907437314206771 ) ) ;
#1715 = CARTESIAN_POINT ( 'NONE',  ( 8.500000000000000000, 12.31563174393043170, 0.3190745692660170163 ) ) ;
#1716 = CARTESIAN_POINT ( 'NONE',  ( -1.052484468692392130E-14, -15.68575543997278920, 3.572152950790355774 ) ) ;
#1717 = EDGE_CURVE ( 'NONE', #90, #1733, #2518, .T. ) ;
#1718 = B_SPLINE_SURFACE_WITH_KNOTS ( 'NONE', 3, 3, ( 
 ( #2832, #2886, #287, #2051, #636, #2868, #2432, #975, #1682, #649, #4747, #4713, #1716 ),
 ( #4007, #4353, #3603, #1751, #2068, #3957, #3636, #989, #3254, #2027, #4699, #1008, #1371 ),
 ( #3621, #1355, #3206, #1734, #959, #4388, #3975, #4332, #2108, #4768, #3587, #1324, #2454 ),
 ( #1039, #3668, #3366, #3971, #738, #3419, #861, #1464, #4665, #344, #4542, #728, #1426 ) ),
 .UNSPECIFIED., .F., .F., .F.,
 ( 4, 4 ),
 ( 4, 3, 3, 3, 4 ),
 ( 0.03630541643988192957, 0.9636945835601221644 ),
 ( 0.2322576516575634298, 0.2991957396667726532, 0.3661338276759818489, 0.4330719156851911000, 0.5000100036944002957 ),
 .UNSPECIFIED. ) ;
#1719 = VERTEX_POINT ( 'NONE', #1909 ) ;
#1720 = CARTESIAN_POINT ( 'NONE',  ( 3.499999999999999556, -15.50000000000000178, 2.882870115353455276 ) ) ;
#1721 = CARTESIAN_POINT ( 'NONE',  ( -7.398003010518374722, -14.46004242684107588, 2.093477928884512007 ) ) ;
#1722 = CARTESIAN_POINT ( 'NONE',  ( 1.317849907975381152, -16.99999999999896261, 4.937796933729607929 ) ) ;
#1723 = CARTESIAN_POINT ( 'NONE',  ( -3.500000000000000444, -16.99999999999999645, 3.393604602115719349 ) ) ;
#1724 = CARTESIAN_POINT ( 'NONE',  ( -6.545745358429781113, -11.89966903793889230, 0.6420624698989659818 ) ) ;
#1725 = CARTESIAN_POINT ( 'NONE',  ( -2.939305463425300413, 17.00000000000000711, 3.614121213644436281 ) ) ;
#1726 = ORIENTED_EDGE ( 'NONE', *, *, #4692, .T. ) ;
#1727 = ORIENTED_EDGE ( 'NONE', *, *, #2610, .T. ) ;
#1728 = CARTESIAN_POINT ( 'NONE',  ( -7.322127639006358102, 15.23533389118046344, 2.183123244447102707 ) ) ;
#1729 = CARTESIAN_POINT ( 'NONE',  ( -5.587420632936048293, 16.99999999999988987, 3.471525893868137036 ) ) ;
#1730 = CARTESIAN_POINT ( 'NONE',  ( 7.322127639006013489, 15.23533389117961612, 2.183123244447731537 ) ) ;
#1731 = ORIENTED_EDGE ( 'NONE', *, *, #927, .T. ) ;
#1732 = CARTESIAN_POINT ( 'NONE',  ( -8.351801573254324040, 13.21735119381618162, 0.4697941358285808722 ) ) ;
#1733 = VERTEX_POINT ( 'NONE', #4199 ) ;
#1734 = CARTESIAN_POINT ( 'NONE',  ( -4.924509830471275329, 5.244128545055433577, 2.793769545246960195 ) ) ;
#1735 = CARTESIAN_POINT ( 'NONE',  ( 3.350494564956763455, -1.529605807535537432, 4.977634325356008915 ) ) ;
#1736 = ORIENTED_EDGE ( 'NONE', *, *, #3639, .T. ) ;
#1737 = CARTESIAN_POINT ( 'NONE',  ( -3.996050055586739980, 6.653104188891945547, 2.935487863295569433 ) ) ;
#1738 = LINE ( 'NONE', #4647, #208 ) ;
#1739 = AXIS2_PLACEMENT_3D ( 'NONE', #1036, #2881, #1384 ) ;
#1740 = CARTESIAN_POINT ( 'NONE',  ( -7.132763194922123517, -15.43555404114375484, 1.690478039325878923 ) ) ;
#1741 = CARTESIAN_POINT ( 'NONE',  ( 3.865438509202300477, -16.05550970860615934, 4.322783469849192706 ) ) ;
#1742 = CARTESIAN_POINT ( 'NONE',  ( -4.261568694894753762, 9.842661905013560641, 2.807276353352828213 ) ) ;
#1743 = CARTESIAN_POINT ( 'NONE',  ( 6.186451920751701472, 14.42023422213979345, 1.201078632499837706 ) ) ;
#1744 = DIRECTION ( 'NONE',  ( 0.000000000000000000, 0.7312534820549337899, -0.6821058165582043475 ) ) ;
#1745 = CARTESIAN_POINT ( 'NONE',  ( -8.493065091427860480, -17.00000000000000355, 0.7034772776992480603 ) ) ;
#1746 = CARTESIAN_POINT ( 'NONE',  ( 5.587490302409322318, 16.99999999999988987, 3.471481049151375231 ) ) ;
#1747 = CARTESIAN_POINT ( 'NONE',  ( 5.701668357188363068, 16.50753368062939686, 3.362485618901695617 ) ) ;
#1748 = CARTESIAN_POINT ( 'NONE',  ( 4.747261670776265408E-16, 15.49999999997581845, 3.582233659923280022 ) ) ;
#1749 = CARTESIAN_POINT ( 'NONE',  ( 6.002043646762306395, 8.800000000000002487, 1.093183840234247750 ) ) ;
#1750 = APPROVAL ( #1124, '未指定' ) ;
#1751 = CARTESIAN_POINT ( 'NONE',  ( -4.924509830471341054, -5.244128545055433577, 2.793769545247131614 ) ) ;
#1752 = VECTOR ( 'NONE', #4081, 1000.000000000000000 ) ;
#1753 = EDGE_CURVE ( 'NONE', #3216, #779, #176, .T. ) ;
#1754 = CARTESIAN_POINT ( 'NONE',  ( 6.138485717105668371, -14.29965065186635798, 1.251423217374605157 ) ) ;
#1755 = CARTESIAN_POINT ( 'NONE',  ( -7.523224732788801106, -14.98878749553583667, 1.982142500419723286 ) ) ;
#1756 = CYLINDRICAL_SURFACE ( 'NONE', #1243, 5.000000000000000000 ) ;
#1757 = CARTESIAN_POINT ( 'NONE',  ( -6.800000000000001599, 8.800000000000000711, -0.1753788748764676109 ) ) ;
#1758 = CARTESIAN_POINT ( 'NONE',  ( -7.500000000000001776, 12.00000000000000711, 0.000000000000000000 ) ) ;
#1759 = CARTESIAN_POINT ( 'NONE',  ( -6.002260132673800541, 14.56463338003966612, 1.391318605760247351 ) ) ;
#1760 = DIRECTION ( 'NONE',  ( 0.000000000000000000, -0.000000000000000000, -1.000000000000000000 ) ) ;
#1761 = ADVANCED_FACE ( 'NONE', ( #4247 ), #261, .T. ) ;
#1762 = CARTESIAN_POINT ( 'NONE',  ( 7.000000000000003553, -8.799999999999792877, 0.07892945026442246825 ) ) ;
#1763 = FACE_OUTER_BOUND ( 'NONE', #2144, .T. ) ;
#1764 = CARTESIAN_POINT ( 'NONE',  ( 2.467765934968701484E-12, 16.30446247608345445, 5.008122782197586886 ) ) ;
#1765 = CARTESIAN_POINT ( 'NONE',  ( 9.522911929551659327, 16.99999999999988987, -0.6826918731978554034 ) ) ;
#1766 = EDGE_LOOP ( 'NONE', ( #317, #884, #37, #4403, #2136, #3702 ) ) ;
#1767 = B_SPLINE_SURFACE_WITH_KNOTS ( 'NONE', 3, 1, ( 
 ( #3049, #3440, #2679 ),
 ( #443, #1882, #4592 ),
 ( #2265, #4573, #69 ),
 ( #3457, #1203, #4174 ),
 ( #1157, #3783, #2651 ),
 ( #4525, #1141, #1929 ),
 ( #3426, #2996, #811 ),
 ( #1171, #3831, #2636 ),
 ( #3768, #3798, #3387 ),
 ( #1511, #778, #1527 ),
 ( #4161, #1192, #1864 ),
 ( #4124, #1493, #2246 ),
 ( #2697, #4558, #3064 ),
 ( #53, #4189, #2280 ),
 ( #3011, #1557, #426 ),
 ( #85, #2662, #460 ),
 ( #824, #120, #3811 ) ),
 .UNSPECIFIED., .F., .F., .F.,
 ( 4, 1, 1, 1, 1, 1, 2, 1, 1, 1, 1, 1, 1, 4 ),
 ( 2, 1, 2 ),
 ( 0.000000000000000000, 0.03152426866617133450, 0.06277649519569961090, 0.1252670713340897080, 0.2503872555759903973, 0.3754722620238697406, 0.5000000000000000000, 0.5000002159989012096, 0.6247008733225286603, 0.7497172937406438864, 0.8748998120258564271, 0.9372516375206353390, 0.9684749453859866630, 1.000000000000000000 ),
 ( -0.2651708119800425534, 0.000000000000000000, 1.000000000000000000 ),
 .UNSPECIFIED. ) ;
#1768 = CARTESIAN_POINT ( 'NONE',  ( 5.235347026707008133, 16.70736774516020517, 3.630139457102054656 ) ) ;
#1769 = VECTOR ( 'NONE', #2857, 1000.000000000000000 ) ;
#1770 = CARTESIAN_POINT ( 'NONE',  ( 4.634385802373330421, 15.68574048674200760, 2.302963356830059816 ) ) ;
#1771 = EDGE_CURVE ( 'NONE', #4089, #933, #2575, .T. ) ;
#1772 = CARTESIAN_POINT ( 'NONE',  ( 5.760541973597356424, -12.06159039248682419, 3.584119440112006227 ) ) ;
#1773 = ORIENTED_EDGE ( 'NONE', *, *, #3065, .T. ) ;
#1774 = CARTESIAN_POINT ( 'NONE',  ( 3.500000000000000444, -11.99999999999999645, -1.000000000000000000 ) ) ;
#1775 = B_SPLINE_SURFACE_WITH_KNOTS ( 'NONE', 3, 3, ( 
 ( #3010, #4538, #394, #1828 ),
 ( #2973, #2209, #4522, #13 ),
 ( #3406, #1155, #4122, #1863 ),
 ( #1100, #4485, #1445, #4473 ),
 ( #1880, #761, #3367, #730 ),
 ( #1846, #2245, #1478, #794 ),
 ( #4843, #1139, #3333, #4065 ),
 ( #2958, #2263, #3386, #2580 ),
 ( #68, #3781, #373, #51 ),
 ( #2189, #1510, #1123, #412 ),
 ( #743, #2994, #3745, #4103 ),
 ( #2649, #4140, #1086, #1814 ),
 ( #4504, #3354, #3732, #2228 ),
 ( #34, #776, #3766, #1492 ),
 ( #2661, #823, #4160, #3797 ),
 ( #3425, #3439, #4557, #82 ),
 ( #2279, #458, #3030, #1191 ),
 ( #1169, #3048, #810, #1525 ),
 ( #1896, #608, #4757, #4361 ),
 ( #588, #4737, #3243, #642 ),
 ( #1668, #2078, #998, #2840 ),
 ( #3628, #1364, #3952, #3192 ),
 ( #3171, #1348, #4685, #951 ),
 ( #627, #218, #966, #3227 ),
 ( #1312, #2424, #983, #2461 ),
 ( #4721, #3984, #3571, #3613 ),
 ( #3935, #4319, #1724, #572 ),
 ( #4377, #1709, #2476, #3965 ),
 ( #2036, #1332, #4706, #2097 ),
 ( #930, #278, #2822, #2805 ),
 ( #3211, #1689, #2854, #4340 ) ),
 .UNSPECIFIED., .F., .F., .F.,
 ( 4, 3, 3, 3, 3, 3, 3, 3, 3, 3, 4 ),
 ( 4, 4 ),
 ( 0.08982139898880694973, 0.1410937604223855280, 0.1923661218559641339, 0.2949108447231212904, 0.3974555675902784468, 0.5000002904574356588, 0.6025450133245928708, 0.7050897361917499717, 0.8076344590589070727, 0.8589068204924856786, 0.9101791819260642846 ),
 ( 0.09336028954376650313, 0.8957123539599899376 ),
 .UNSPECIFIED. ) ;
#1776 = CARTESIAN_POINT ( 'NONE',  ( 0.2994463389364331318, -15.50000000000000355, 3.582233659944487503 ) ) ;
#1777 = CARTESIAN_POINT ( 'NONE',  ( 3.500000000000000444, 12.00000000000000711, 5.500000000000000000 ) ) ;
#1778 = ORIENTED_EDGE ( 'NONE', *, *, #994, .T. ) ;
#1779 = CARTESIAN_POINT ( 'NONE',  ( 4.537231715916167474, -2.712886064591401691, 4.300140980678034630 ) ) ;
#1780 = DIRECTION ( 'NONE',  ( 0.000000000000000000, -1.000000000000000000, -0.000000000000000000 ) ) ;
#1781 = CARTESIAN_POINT ( 'NONE',  ( -1.198621299643044757, -5.673204499567389369, 5.666858955951016519 ) ) ;
#1782 = CARTESIAN_POINT ( 'NONE',  ( -8.500000000000000000, 17.00000000000000711, 0.6896464600796793354 ) ) ;
#1783 = CARTESIAN_POINT ( 'NONE',  ( -3.204380187752905229, -1.462077165468880668, 3.450045465637757491 ) ) ;
#1784 = DIRECTION ( 'NONE',  ( 1.000000000000000000, 0.000000000000000000, 0.000000000000000000 ) ) ;
#1785 = EDGE_LOOP ( 'NONE', ( #25, #1659, #652, #323, #4205, #191, #1993 ) ) ;
#1786 = VECTOR ( 'NONE', #3432, 1000.000000000000000 ) ;
#1787 = ORIENTED_EDGE ( 'NONE', *, *, #1607, .F. ) ;
#1788 = CARTESIAN_POINT ( 'NONE',  ( -3.500000000000000888, 16.00000000000000711, 0.000000000000000000 ) ) ;
#1789 = CARTESIAN_POINT ( 'NONE',  ( -5.501388046893424644, 13.42033910613888104, 1.871775971630282420 ) ) ;
#1790 = ORIENTED_EDGE ( 'NONE', *, *, #871, .T. ) ;
#1791 = ORIENTED_EDGE ( 'NONE', *, *, #1028, .T. ) ;
#1792 = CARTESIAN_POINT ( 'NONE',  ( -4.526047039959395946, -17.00000000000000355, 4.050498434667638037 ) ) ;
#1793 = DIRECTION ( 'NONE',  ( 1.000000000000000000, 0.000000000000000000, 0.000000000000000000 ) ) ;
#1794 = ORIENTED_EDGE ( 'NONE', *, *, #105, .T. ) ;
#1795 = VERTEX_POINT ( 'NONE', #2327 ) ;
#1796 = CALENDAR_DATE ( 2025, 16, 6 ) ;
#1797 = CARTESIAN_POINT ( 'NONE',  ( 6.644209832556962070, 15.17000617520583283, 2.775842663350636119 ) ) ;
#1798 = DIRECTION ( 'NONE',  ( -0.000000000000000000, 1.000000000000000000, 0.000000000000000000 ) ) ;
#1799 = CARTESIAN_POINT ( 'NONE',  ( 5.894812976834485241, 5.244133329345123329, 2.159868431886920792 ) ) ;
#1800 = VECTOR ( 'NONE', #747, 1000.000000000000000 ) ;
#1801 = DIRECTION ( 'NONE',  ( 0.000000000000000000, -1.000000000000000000, 0.000000000000000000 ) ) ;
#1802 = CARTESIAN_POINT ( 'NONE',  ( -3.330245278072800907, 1.107547600864663195, 4.986274205922015312 ) ) ;
#1803 = PRODUCT ( '04004节点上壳单', '04004节点上壳单', '', ( #4487 ) ) ;
#1804 = CARTESIAN_POINT ( 'NONE',  ( -7.132763194922194572, -15.43555404114375662, 1.690478039325826964 ) ) ;
#1805 = CARTESIAN_POINT ( 'NONE',  ( -3.893992228007530976, 6.027341175897641179, 2.993716876086822243 ) ) ;
#1806 = CARTESIAN_POINT ( 'NONE',  ( 2.590206540919019140, 16.99999999999589306, 4.698075223519689203 ) ) ;
#1807 = ADVANCED_FACE ( 'NONE', ( #2775 ), #4441, .T. ) ;
#1808 = CARTESIAN_POINT ( 'NONE',  ( 3.651733313953494431, 4.165266858837277653, 3.126348878315253543 ) ) ;
#1809 = CARTESIAN_POINT ( 'NONE',  ( 9.198488475794981412, -5.673204499567389369, 0.8727068059256591903 ) ) ;
#1810 = CARTESIAN_POINT ( 'NONE',  ( -7.000000000000011546, 10.93336811405203868, 0.1094045573663132570 ) ) ;
#1811 = CARTESIAN_POINT ( 'NONE',  ( 4.829023431823671331, -10.38005994999021020, 2.394088466259143289 ) ) ;
#1812 = CARTESIAN_POINT ( 'NONE',  ( 4.423792844546300174, -5.244126914494841252, 3.089601423202076536 ) ) ;
#1813 = EDGE_CURVE ( 'NONE', #933, #1085, #4518, .T. ) ;
#1814 = CARTESIAN_POINT ( 'NONE',  ( -7.044415303577549636, 4.696903817023125427, -0.003728842089555352290 ) ) ;
#1815 = EDGE_CURVE ( 'NONE', #933, #3099, #1480, .T. ) ;
#1816 = FACE_OUTER_BOUND ( 'NONE', #4343, .T. ) ;
#1817 =( LENGTH_UNIT ( ) NAMED_UNIT ( * ) SI_UNIT ( .MILLI., .METRE. ) );
#1818 = CARTESIAN_POINT ( 'NONE',  ( -7.935378394437879734, -13.60376002662298234, 1.385061352726854489 ) ) ;
#1819 = VECTOR ( 'NONE', #1826, 1000.000000000000000 ) ;
#1820 = CARTESIAN_POINT ( 'NONE',  ( -6.976296507738985575, -12.46550080274232464, 0.1642999441504939262 ) ) ;
#1821 = CARTESIAN_POINT ( 'NONE',  ( 5.499999999999999112, 8.800000000000000711, -1.800000000000000044 ) ) ;
#1822 = CARTESIAN_POINT ( 'NONE',  ( 4.525965575822585407, -17.00000000000000355, 4.050535744935335636 ) ) ;
#1823 = CARTESIAN_POINT ( 'NONE',  ( -6.954880052746790220, -13.38506602018743763, 2.549652036505292152 ) ) ;
#1824 = CARTESIAN_POINT ( 'NONE',  ( 3.445258463699081286, -1.451913259780175380, 3.232553878729392594 ) ) ;
#1825 = CARTESIAN_POINT ( 'NONE',  ( 3.893946906976663680, -5.244131397371616821, 3.342331702432109530 ) ) ;
#1826 = DIRECTION ( 'NONE',  ( 0.000000000000000000, 0.000000000000000000, 1.000000000000000000 ) ) ;
#1827 = AXIS2_PLACEMENT_3D ( 'NONE', #1777, #3276, #4459 ) ;
#1828 = CARTESIAN_POINT ( 'NONE',  ( -7.186429737720893662, 14.00694566944490660, -0.06700504564162250432 ) ) ;
#1829 = CARTESIAN_POINT ( 'NONE',  ( 5.949617237398256542, 10.43390801758813069, 3.401796709909473471 ) ) ;
#1830 = B_SPLINE_CURVE_WITH_KNOTS ( 'NONE', 3,
 ( #1924, #4551, #4656, #1598 ),
 .UNSPECIFIED., .F., .F.,
 ( 4, 4 ),
 ( 1.644352554693136106E-14, 0.0008010181744292573002 ),
 .UNSPECIFIED. ) ;
#1831 = DIRECTION ( 'NONE',  ( 1.000000000000000000, 0.000000000000000000, 0.000000000000000000 ) ) ;
#1832 = CARTESIAN_POINT ( 'NONE',  ( -7.632630417030162207, -14.15398063858306799, 1.781707571551524927 ) ) ;
#1833 = CARTESIAN_POINT ( 'NONE',  ( 7.000000000000000888, -8.000000000000000000, 500000.0000000000582 ) ) ;
#1834 = CARTESIAN_POINT ( 'NONE',  ( -7.191561045258805684, -14.68362884728303719, 2.336741451867863084 ) ) ;
#1835 = ORIENTED_EDGE ( 'NONE', *, *, #781, .F. ) ;
#1836 = CARTESIAN_POINT ( 'NONE',  ( 1.490891566456927109, -16.99999999999999645, 3.942456259151452258 ) ) ;
#1837 = CARTESIAN_POINT ( 'NONE',  ( 7.582060380162162438, -17.00000000000000355, 1.783109371916105745 ) ) ;
#1838 = CC_DESIGN_DATE_AND_TIME_ASSIGNMENT ( #841, #2190, ( #4183 ) ) ;
#1839 = CARTESIAN_POINT ( 'NONE',  ( 1.321204351794923681, 16.05552146513000622, 4.975434643386614120 ) ) ;
#1840 = ORIENTED_EDGE ( 'NONE', *, *, #888, .F. ) ;
#1841 = CARTESIAN_POINT ( 'NONE',  ( 3.000000000000000444, -15.49999999999999822, -1.000000000000000000 ) ) ;
#1842 = EDGE_CURVE ( 'NONE', #3222, #4435, #3263, .T. ) ;
#1843 = B_SPLINE_CURVE_WITH_KNOTS ( 'NONE', 3,
 ( #4533, #831, #2688, #1872 ),
 .UNSPECIFIED., .F., .F.,
 ( 4, 4 ),
 ( 6.269651592512720910E-18, 0.0005850567672502160824 ),
 .UNSPECIFIED. ) ;
#1844 = CARTESIAN_POINT ( 'NONE',  ( 0.5522146070352152991, -5.244133606963467642, 4.142191580947024221 ) ) ;
#1845 = CARTESIAN_POINT ( 'NONE',  ( -0.6641488689809867951, 16.05551351039993335, 5.037901760730956191 ) ) ;
#1846 = CARTESIAN_POINT ( 'NONE',  ( -5.173633218570633296, 11.72485959063512695, 2.148118285991719389 ) ) ;
#1847 = VERTEX_POINT ( 'NONE', #175 ) ;
#1848 = ORIENTED_EDGE ( 'NONE', *, *, #4411, .T. ) ;
#1849 = PLANE ( 'NONE',  #3009 ) ;
#1850 = ORIENTED_EDGE ( 'NONE', *, *, #242, .T. ) ;
#1851 = CARTESIAN_POINT ( 'NONE',  ( -7.398003010524622169, -14.46004242685544305, 2.093477928875855376 ) ) ;
#1852 = FACE_OUTER_BOUND ( 'NONE', #4461, .T. ) ;
#1853 = CARTESIAN_POINT ( 'NONE',  ( -7.971411096418743902, 14.25355320427387618, 0.8616169728243462389 ) ) ;
#1854 = DATE_AND_TIME ( #153, #2692 ) ;
#1855 = CARTESIAN_POINT ( 'NONE',  ( -8.143086955726264620, 16.99999999999988987, 1.149034154632009974 ) ) ;
#1856 = CARTESIAN_POINT ( 'NONE',  ( -4.676502825040985023, -10.46852735489320985, 2.560342940101427711 ) ) ;
#1857 = EDGE_CURVE ( 'NONE', #2730, #4354, #3729, .T. ) ;
#1858 = DIRECTION ( 'NONE',  ( 0.000000000000000000, 0.000000000000000000, 1.000000000000000000 ) ) ;
#1859 = PLANE ( 'NONE',  #4344 ) ;
#1860 = EDGE_CURVE ( 'NONE', #1795, #665, #2956, .T. ) ;
#1861 = CARTESIAN_POINT ( 'NONE',  ( 1.626455356711372996E-16, 16.05550737207287426, 5.054056728823172584 ) ) ;
#1862 = CARTESIAN_POINT ( 'NONE',  ( -7.704509401827031922, -14.71921385548719385, 1.142495428716365780 ) ) ;
#1863 = CARTESIAN_POINT ( 'NONE',  ( -7.163651472816709109, 12.85609097490034003, -0.05010055011722721469 ) ) ;
#1864 = CARTESIAN_POINT ( 'NONE',  ( 8.500000000000000000, -4.243408341370129122, 0.6898790942667326620 ) ) ;
#1865 = LINE ( 'NONE', #4258, #3660 ) ;
#1866 = CARTESIAN_POINT ( 'NONE',  ( 7.523224732720755981, -14.98878749563491475, 1.982142500316079081 ) ) ;
#1867 = DIRECTION ( 'NONE',  ( 0.000000000000000000, 0.000000000000000000, -1.000000000000000000 ) ) ;
#1868 = AXIS2_PLACEMENT_3D ( 'NONE', #2728, #4224, #4662 ) ;
#1869 = CARTESIAN_POINT ( 'NONE',  ( -7.000000000000000888, -16.99999999999999645, 5.500000000000000000 ) ) ;
#1870 = LINE ( 'NONE', #3773, #4425 ) ;
#1871 = CARTESIAN_POINT ( 'NONE',  ( 11.43508150738719387, 5.673204499567274794, -2.139114733925764789 ) ) ;
#1872 = CARTESIAN_POINT ( 'NONE',  ( 7.068890054484497476, 14.79971263184673802, 2.437624182468224543 ) ) ;
#1873 = CARTESIAN_POINT ( 'NONE',  ( -3.824567363740084325, -8.167945500618770893, 3.073494765602355461 ) ) ;
#1874 = LINE ( 'NONE', #1190, #1592 ) ;
#1875 = B_SPLINE_CURVE_WITH_KNOTS ( 'NONE', 3,
 ( #1121, #2227, #4158, #3353, #4537, #2278, #2262, #441, #1879, #2660 ),
 .UNSPECIFIED., .F., .F.,
 ( 4, 2, 2, 2, 4 ),
 ( 0.0003139708664207955732, 0.001318774879158616338, 0.002323578891896437102, 0.003328382904634254180, 0.004333186917372070825 ),
 .UNSPECIFIED. ) ;
#1876 = CARTESIAN_POINT ( 'NONE',  ( 2.246670004072731874, -5.244126883571096798, 3.894260718924675846 ) ) ;
#1877 = ORIENTED_EDGE ( 'NONE', *, *, #1860, .F. ) ;
#1878 = ADVANCED_FACE ( 'NONE', ( #3377 ), #2826, .T. ) ;
#1879 = CARTESIAN_POINT ( 'NONE',  ( 4.178415204570333330, -16.05551257171494584, 4.199692104050400054 ) ) ;
#1880 = CARTESIAN_POINT ( 'NONE',  ( -5.354912181355858003, 12.29514968981626843, 2.001572285481913571 ) ) ;
#1881 = AXIS2_PLACEMENT_3D ( 'NONE', #531, #3889, #3106 ) ;
#1882 = CARTESIAN_POINT ( 'NONE',  ( 8.345127929557943247, 16.72298738905994497, 0.9161519411868709328 ) ) ;
#1883 = FACE_OUTER_BOUND ( 'NONE', #1002, .T. ) ;
#1884 =( BOUNDED_SURFACE ( )  B_SPLINE_SURFACE ( 3, 2, ( 
 ( #2844, #1728, #2896 ),
 ( #1399, #4017, #984 ),
 ( #4793, #2481, #4364 ),
 ( #2860, #3266, #243 ) ),
 .UNSPECIFIED., .F., .F., .T. ) 
 B_SPLINE_SURFACE_WITH_KNOTS ( ( 4, 4 ),
 ( 3, 3 ),
 ( 0.006699106837019865555, 0.007089796373280151352 ),
 ( 0.000000000000000000, 1.000000000000000000 ),
 .UNSPECIFIED. ) 
 GEOMETRIC_REPRESENTATION_ITEM ( )  RATIONAL_B_SPLINE_SURFACE ( (
 ( 1.000000000000000000, 0.8708284618006917333, 1.000000000000000000),
 ( 1.000000000000000000, 0.8769160657073410414, 1.000000000000000000),
 ( 1.000000000000000000, 0.8830175840298770673, 1.000000000000000000),
 ( 1.000000000000000000, 0.8887247465245385891, 1.000000000000000000) ) ) 
 REPRESENTATION_ITEM ( '' )  SURFACE ( )  );
#1885 = VERTEX_POINT ( 'NONE', #2060 ) ;
#1886 = CARTESIAN_POINT ( 'NONE',  ( -4.306112086696993302, -9.993066605428992943, 2.778371716233171806 ) ) ;
#1887 = CARTESIAN_POINT ( 'NONE',  ( 4.225753644747491933, 7.878513874140964823, 2.797229611462533683 ) ) ;
#1888 = DIRECTION ( 'NONE',  ( 0.000000000000000000, 0.000000000000000000, -1.000000000000000000 ) ) ;
#1889 = CARTESIAN_POINT ( 'NONE',  ( -8.036854502086573149, -16.17159358188890650, 1.364769971311847963 ) ) ;
#1890 = CARTESIAN_POINT ( 'NONE',  ( 7.037032914258784189, 3.523276741208896556, -0.002380101882481578182 ) ) ;
#1891 = CARTESIAN_POINT ( 'NONE',  ( 5.965740629108888804, 14.48397325870506513, 1.428192722201298226 ) ) ;
#1892 = CARTESIAN_POINT ( 'NONE',  ( 4.252832201833680159, 16.97484576703011072, 3.903985526978183795 ) ) ;
#1893 = CARTESIAN_POINT ( 'NONE',  ( 7.131090426063634524, -11.11997758566202421, -0.03133696915853714099 ) ) ;
#1894 = CARTESIAN_POINT ( 'NONE',  ( -1.321204351794923681, 16.05552146513000622, 4.975434643386614120 ) ) ;
#1895 = AXIS2_PLACEMENT_3D ( 'NONE', #236, #4652, #2768 ) ;
#1896 = CARTESIAN_POINT ( 'NONE',  ( -3.596494633233264793, -3.803311815036229504, 3.164613669062918966 ) ) ;
#1897 = CARTESIAN_POINT ( 'NONE',  ( -3.340527922669936700, -0.2316062867005384274, 4.981886850370443653 ) ) ;
#1898 = EDGE_LOOP ( 'NONE', ( #3701, #1383, #3579, #2267 ) ) ;
#1899 = B_SPLINE_CURVE_WITH_KNOTS ( 'NONE', 3,
 ( #1550, #129, #1940, #95 ),
 .UNSPECIFIED., .F., .F.,
 ( 4, 4 ),
 ( 9.697399036122160616E-19, 0.0003083244816862686826 ),
 .UNSPECIFIED. ) ;
#1900 = CARTESIAN_POINT ( 'NONE',  ( -3.865438509202312467, 16.05550970860616289, 4.322783469849168725 ) ) ;
#1901 = EDGE_CURVE ( 'NONE', #2106, #90, #697, .T. ) ;
#1902 = CARTESIAN_POINT ( 'NONE',  ( -6.800000000000001599, 8.800000000000000711, -1.600000000000001199 ) ) ;
#1903 = CIRCLE ( 'NONE', #1649, 3.000000000000000444 ) ;
#1904 = CARTESIAN_POINT ( 'NONE',  ( 5.719564757981393299, 13.93827253282387701, 1.675495273587000788 ) ) ;
#1905 = CARTESIAN_POINT ( 'NONE',  ( -8.500000000000000000, 4.240258800534958183, 0.6897861905774058666 ) ) ;
#1906 = ORIENTED_EDGE ( 'NONE', *, *, #3533, .T. ) ;
#1907 = ORIENTED_EDGE ( 'NONE', *, *, #4523, .T. ) ;
#1908 = B_SPLINE_CURVE_WITH_KNOTS ( 'NONE', 3,
 ( #2300, #4194, #1948, #2337, #2317, #4610, #109, #3522, #3119, #139 ),
 .UNSPECIFIED., .F., .F.,
 ( 4, 2, 2, 2, 4 ),
 ( 0.000000000000000000, 0.0009003176064187102569, 0.001800635212837420514, 0.002700952819256130771, 0.003601270425674841028 ),
 .UNSPECIFIED. ) ;
#1909 = CARTESIAN_POINT ( 'NONE',  ( 3.500000000000000888, 16.00000000000000711, 0.000000000000000000 ) ) ;
#1910 = ORIENTED_EDGE ( 'NONE', *, *, #3878, .F. ) ;
#1911 = CARTESIAN_POINT ( 'NONE',  ( 7.163713949715607043, -12.85612419047436994, -0.04992297875490563086 ) ) ;
#1912 = CARTESIAN_POINT ( 'NONE',  ( -8.236844228930859657, -12.48889567467896455, 0.9988330922223811470 ) ) ;
#1913 = CARTESIAN_POINT ( 'NONE',  ( 1.125314986517430782, -17.00000000000000355, 5.000000000071665340 ) ) ;
#1914 = VERTEX_POINT ( 'NONE', #2511 ) ;
#1915 = LINE ( 'NONE', #1703, #4033 ) ;
#1916 = DIRECTION ( 'NONE',  ( -0.000000000000000000, -0.000000000000000000, -1.000000000000000000 ) ) ;
#1917 = VECTOR ( 'NONE', #795, 1000.000000000000000 ) ;
#1918 = DIRECTION ( 'NONE',  ( 0.000000000000000000, 0.000000000000000000, -1.000000000000000000 ) ) ;
#1919 = CARTESIAN_POINT ( 'NONE',  ( -2.886905449478252894, -0.2304051965653416134, 3.552122810677898368 ) ) ;
#1920 = CARTESIAN_POINT ( 'NONE',  ( 5.478023828200073275, -8.703881575259638126, 3.735388151649956523 ) ) ;
#1921 = CARTESIAN_POINT ( 'NONE',  ( 7.582060380162162438, 16.99999999999988987, 1.783109371916105745 ) ) ;
#1922 = CARTESIAN_POINT ( 'NONE',  ( -3.500000000000000444, 15.50000000000000888, 5.500000000000000000 ) ) ;
#1923 = CARTESIAN_POINT ( 'NONE',  ( 6.478213090841974164, 11.32313400972463135, 0.6943399942798513802 ) ) ;
#1924 = CARTESIAN_POINT ( 'NONE',  ( 5.499999999999999112, 8.000000000000000000, 1.556978433313815913 ) ) ;
#1925 = CARTESIAN_POINT ( 'NONE',  ( 5.473509428365802343, 16.01376041750256363, 3.514052784228777426 ) ) ;
#1926 = CARTESIAN_POINT ( 'NONE',  ( 4.133316276661813227, -7.542529723394062025, 2.863795403465891454 ) ) ;
#1927 = CARTESIAN_POINT ( 'NONE',  ( 3.500000000000000000, -15.99999999999999645, 0.000000000000000000 ) ) ;
#1928 = LINE ( 'NONE', #330, #1691 ) ;
#1929 = CARTESIAN_POINT ( 'NONE',  ( 8.500000000000000000, 8.487231992081936127, 0.6897396824493325918 ) ) ;
#1930 = ORIENTED_EDGE ( 'NONE', *, *, #2870, .F. ) ;
#1931 = CARTESIAN_POINT ( 'NONE',  ( 0.000000000000000000, -14.99999999999999822, 0.000000000000000000 ) ) ;
#1932 = FACE_OUTER_BOUND ( 'NONE', #1449, .T. ) ;
#1933 = DIRECTION ( 'NONE',  ( 0.000000000000000000, -1.000000000000000000, 0.000000000000000000 ) ) ;
#1934 = ORIENTED_EDGE ( 'NONE', *, *, #3502, .T. ) ;
#1935 = AXIS2_PLACEMENT_3D ( 'NONE', #1617, #3477, #4618 ) ;
#1936 = CARTESIAN_POINT ( 'NONE',  ( 3.500000000000000444, -11.99999999999999645, -1.000000000000000000 ) ) ;
#1937 = EDGE_CURVE ( 'NONE', #367, #4639, #1259, .T. ) ;
#1938 = CARTESIAN_POINT ( 'NONE',  ( -1.317849907959944833, -16.99999999999999645, 4.937796933732475857 ) ) ;
#1939 = LINE ( 'NONE', #1608, #1635 ) ;
#1940 = CARTESIAN_POINT ( 'NONE',  ( 6.087080689101214581, 14.35862923470747887, 1.318946523779447322 ) ) ;
#1941 = B_SPLINE_CURVE_WITH_KNOTS ( 'NONE', 3,
 ( #4716, #2457, #912, #4702 ),
 .UNSPECIFIED., .F., .F.,
 ( 4, 4 ),
 ( 7.222943432168816820E-15, 0.002112858603262461697 ),
 .UNSPECIFIED. ) ;
#1942 = CARTESIAN_POINT ( 'NONE',  ( 4.697620952746432543, -16.85744324808984373, 2.963086320890721215 ) ) ;
#1943 = CARTESIAN_POINT ( 'NONE',  ( -3.437868706820442544, -2.768135674158138215, 4.941062077081364912 ) ) ;
#1944 = EDGE_CURVE ( 'NONE', #2250, #3690, #4080, .T. ) ;
#1945 = ORIENTED_EDGE ( 'NONE', *, *, #3959, .F. ) ;
#1946 = CARTESIAN_POINT ( 'NONE',  ( -7.518404185136702722, 14.31466998219655196, 1.933022505742270969 ) ) ;
#1947 = ADVANCED_FACE ( 'NONE', ( #4125 ), #1692, .F. ) ;
#1948 = CARTESIAN_POINT ( 'NONE',  ( 8.472431339071651024, 12.60219989442398258, 0.3472478949589824504 ) ) ;
#1949 = CARTESIAN_POINT ( 'NONE',  ( -0.6641321022576701649, -17.00000000000208900, 5.001549472537773156 ) ) ;
#1950 = CARTESIAN_POINT ( 'NONE',  ( 5.736257856656603593, 13.40764281901105370, 1.664890057044656091 ) ) ;
#1951 = EDGE_LOOP ( 'NONE', ( #2384, #1216, #4257, #1200, #4079 ) ) ;
#1952 = CARTESIAN_POINT ( 'NONE',  ( 5.499999999999999112, -8.800000000000000711, -1.800000000000000044 ) ) ;
#1953 = EDGE_CURVE ( 'NONE', #370, #1483, #1988, .T. ) ;
#1954 = VERTEX_POINT ( 'NONE', #3630 ) ;
#1955 = CARTESIAN_POINT ( 'NONE',  ( 8.500000000000000000, -11.99999999999999645, 0.3162782702059302453 ) ) ;
#1956 = CARTESIAN_POINT ( 'NONE',  ( 8.475975821761711160, -12.56400946530490614, 0.7196173591216107335 ) ) ;
#1957 = CARTESIAN_POINT ( 'NONE',  ( 8.500000000000000000, -11.99999999999999645, 0.3162782702059302453 ) ) ;
#1958 = VECTOR ( 'NONE', #877, 1000.000000000000000 ) ;
#1959 = CARTESIAN_POINT ( 'NONE',  ( -6.166124708204229421, -15.47615030880229625, 3.116343556527999770 ) ) ;
#1960 = EDGE_LOOP ( 'NONE', ( #3226, #2063, #1930, #2378, #1669, #3113, #2535 ) ) ;
#1961 = DIRECTION ( 'NONE',  ( 0.000000000000000000, 0.000000000000000000, -1.000000000000000000 ) ) ;
#1962 = ORIENTED_EDGE ( 'NONE', *, *, #726, .T. ) ;
#1963 = CARTESIAN_POINT ( 'NONE',  ( 2.878378433642872825, 1.057537947373657916, 3.555910136185290948 ) ) ;
#1964 = EDGE_LOOP ( 'NONE', ( #837, #2619, #1419, #2683, #1224, #2453, #4296 ) ) ;
#1965 = EDGE_CURVE ( 'NONE', #3460, #3322, #3133, .T. ) ;
#1966 = CARTESIAN_POINT ( 'NONE',  ( 3.995482220876762192, 6.385012300257498552, 4.676828934715453023 ) ) ;
#1967 = EDGE_CURVE ( 'NONE', #3690, #1733, #4006, .T. ) ;
#1968 = CARTESIAN_POINT ( 'NONE',  ( 8.257301033318928063, -12.24448645564812033, 0.9723481754121992005 ) ) ;
#1969 = CARTESIAN_POINT ( 'NONE',  ( 7.964323372838652659, -17.00000000000000355, 1.364908001160543227 ) ) ;
#1970 = ORIENTED_EDGE ( 'NONE', *, *, #1953, .F. ) ;
#1971 = DIRECTION ( 'NONE',  ( -1.000000000000000000, 0.000000000000000000, 0.000000000000000000 ) ) ;
#1972 = CARTESIAN_POINT ( 'NONE',  ( -3.635146077426444133, 4.326861554436768564, 4.850674098404110346 ) ) ;
#1973 = CIRCLE ( 'NONE', #3844, 1.000000000000000000 ) ;
#1974 = DIRECTION ( 'NONE',  ( 0.000000000000000000, -0.000000000000000000, 1.000000000000000000 ) ) ;
#1975 = CARTESIAN_POINT ( 'NONE',  ( -6.800000000000001599, -8.000000000000000000, -1.000000000000000000 ) ) ;
#1976 = AXIS2_PLACEMENT_3D ( 'NONE', #2420, #1345, #2835 ) ;
#1977 = LINE ( 'NONE', #2700, #520 ) ;
#1978 = EDGE_LOOP ( 'NONE', ( #4210, #2170, #3388, #2781, #2140, #3293 ) ) ;
#1979 = CARTESIAN_POINT ( 'NONE',  ( 7.000000000000001776, -12.23647315843176209, 0.1329241536717462313 ) ) ;
#1980 = CARTESIAN_POINT ( 'NONE',  ( -4.814462930844435995, -5.673204499567389369, 4.656620685584276664 ) ) ;
#1981 = EDGE_LOOP ( 'NONE', ( #2963, #2133, #3760, #3286 ) ) ;
#1982 = DIRECTION ( 'NONE',  ( -1.000000000000000000, 0.000000000000000000, 0.000000000000000000 ) ) ;
#1983 = LINE ( 'NONE', #4682, #1531 ) ;
#1984 = CARTESIAN_POINT ( 'NONE',  ( 3.865438509202291151, -16.05550970860616644, 4.322783469849192706 ) ) ;
#1985 = EDGE_LOOP ( 'NONE', ( #832, #4204, #3185, #1333 ) ) ;
#1986 = CARTESIAN_POINT ( 'NONE',  ( -3.859885660103016036, -16.99999999999999645, 3.280372512435188348 ) ) ;
#1987 = CARTESIAN_POINT ( 'NONE',  ( -7.632678824383416050, 14.15395710910476446, 1.781534591060850659 ) ) ;
#1988 = LINE ( 'NONE', #3280, #1769 ) ;
#1989 = CARTESIAN_POINT ( 'NONE',  ( 0.000000000000000000, -15.49999999999999822, 3.582233659921982394 ) ) ;
#1990 = EDGE_CURVE ( 'NONE', #2250, #4697, #3896, .T. ) ;
#1991 = DIRECTION ( 'NONE',  ( 0.000000000000000000, -0.000000000000000000, 1.000000000000000000 ) ) ;
#1992 = CARTESIAN_POINT ( 'NONE',  ( 7.304398632778039691, -14.73788232863894443, 2.230778028364647891 ) ) ;
#1993 = ORIENTED_EDGE ( 'NONE', *, *, #3654, .F. ) ;
#1994 = CARTESIAN_POINT ( 'NONE',  ( -4.570411599722464580, 16.91084591464192499, 3.970849659764161821 ) ) ;
#1995 = ORIENTED_EDGE ( 'NONE', *, *, #701, .F. ) ;
#1996 = CARTESIAN_POINT ( 'NONE',  ( 7.637248708785655538, -14.17112656238241541, 1.774793928300132606 ) ) ;
#1997 = CARTESIAN_POINT ( 'NONE',  ( 10.05890442947290886, -5.673204499567389369, -0.2859375931339738774 ) ) ;
#1998 = CARTESIAN_POINT ( 'NONE',  ( 8.500000000000000000, -16.99999999999999645, 0.000000000000000000 ) ) ;
#1999 = CARTESIAN_POINT ( 'NONE',  ( 3.859885660103016036, -16.99999999999999645, 3.280372512435188348 ) ) ;
#2000 = DIRECTION ( 'NONE',  ( 0.000000000000000000, -1.000000000000000000, 0.000000000000000000 ) ) ;
#2001 = ORIENTED_EDGE ( 'NONE', *, *, #4741, .T. ) ;
#2002 = EDGE_CURVE ( 'NONE', #4354, #4056, #1149, .T. ) ;
#2003 = CARTESIAN_POINT ( 'NONE',  ( -5.499999999999999112, 8.800000000000000711, -1.800000000000000044 ) ) ;
#2004 = CARTESIAN_POINT ( 'NONE',  ( 4.003863517152022489, -6.511733331236960964, 4.677789154014961426 ) ) ;
#2005 = PLANE ( 'NONE',  #724 ) ;
#2006 = VERTEX_POINT ( 'NONE', #2100 ) ;
#2007 = ORIENTED_EDGE ( 'NONE', *, *, #3120, .F. ) ;
#2008 = CARTESIAN_POINT ( 'NONE',  ( 10.74679766452910634, -5.673204499567389369, -1.212263806944451794 ) ) ;
#2009 = CARTESIAN_POINT ( 'NONE',  ( -5.041869308715073217, -10.17814230963580258, 4.080710636723055451 ) ) ;
#2010 = VERTEX_POINT ( 'NONE', #4380 ) ;
#2011 = CARTESIAN_POINT ( 'NONE',  ( 8.500000000000003553, 11.99550807692978260, 0.6906178178119257716 ) ) ;
#2012 = ORIENTED_EDGE ( 'NONE', *, *, #3381, .T. ) ;
#2013 = VERTEX_POINT ( 'NONE', #262 ) ;
#2014 = DATE_AND_TIME ( #3168, #2520 ) ;
#2015 = CARTESIAN_POINT ( 'NONE',  ( -3.971303517438319552, 6.267696200755512592, 4.688955414417203649 ) ) ;
#2016 = VECTOR ( 'NONE', #1916, 1000.000000000000000 ) ;
#2017 = DIRECTION ( 'NONE',  ( -1.301806676957722016E-17, 0.9999279128092666280, -0.01200704730164269159 ) ) ;
#2018 = DIRECTION ( 'NONE',  ( -1.000000000000000000, 0.000000000000000000, 0.000000000000000000 ) ) ;
#2019 = CARTESIAN_POINT ( 'NONE',  ( -8.199241186425847872, 7.994983288551856582, 0.9877776005681475624 ) ) ;
#2020 = CARTESIAN_POINT ( 'NONE',  ( 3.733222031035955624, 4.974705747746950735, 4.805199888620340865 ) ) ;
#2021 = CARTESIAN_POINT ( 'NONE',  ( -3.430595829480940218, 1.030104737923815739, 3.239807421693130962 ) ) ;
#2022 = CARTESIAN_POINT ( 'NONE',  ( 3.340527922669936700, -0.2316062867005384274, 4.981886850370443653 ) ) ;
#2023 = CARTESIAN_POINT ( 'NONE',  ( -3.746698476376537190, -5.092829428069499009, 3.076049409166150994 ) ) ;
#2024 = CARTESIAN_POINT ( 'NONE',  ( -9.024538358400803872, 5.673204499567274794, 1.106426445840184680 ) ) ;
#2025 = CARTESIAN_POINT ( 'NONE',  ( 3.865438509202312467, 16.05550970860616289, 4.322783469849168725 ) ) ;
#2026 = CARTESIAN_POINT ( 'NONE',  ( -7.974846093035855787, 14.30140355879213843, 0.8570676191315375059 ) ) ;
#2027 = CARTESIAN_POINT ( 'NONE',  ( -1.682752561575949546, -5.244126189388048864, 3.993782679221713927 ) ) ;
#2028 = VECTOR ( 'NONE', #4407, 1000.000000000000000 ) ;
#2029 = CARTESIAN_POINT ( 'NONE',  ( -6.764049199626561482, 13.56780103386334524, 2.789969177789020538 ) ) ;
#2030 = VERTEX_POINT ( 'NONE', #4430 ) ;
#2031 = CARTESIAN_POINT ( 'NONE',  ( -1.646600951362686693, -16.05552339510893134, 4.929184973211516052 ) ) ;
#2032 = CARTESIAN_POINT ( 'NONE',  ( 5.234192313126631468, -12.22393209529520419, 2.129061274267414650 ) ) ;
#2033 = LINE ( 'NONE', #1841, #114 ) ;
#2034 = CARTESIAN_POINT ( 'NONE',  ( 8.253852295016923080, -11.99211084253228599, 0.9732748291711731392 ) ) ;
#2035 = CARTESIAN_POINT ( 'NONE',  ( -0.2994558711136121598, -16.99999999999999289, 4.055598451475979083 ) ) ;
#2036 = CARTESIAN_POINT ( 'NONE',  ( -5.736320828879674316, -13.40762019779619507, 1.664846281707584641 ) ) ;
#2037 = ORIENTED_EDGE ( 'NONE', *, *, #595, .T. ) ;
#2038 = ORIENTED_EDGE ( 'NONE', *, *, #446, .F. ) ;
#2039 = CARTESIAN_POINT ( 'NONE',  ( 3.650994112227905042, 4.158173566024457202, 3.126740406189134180 ) ) ;
#2040 = AXIS2_PLACEMENT_3D ( 'NONE', #281, #296, #1674 ) ;
#2041 = DIRECTION ( 'NONE',  ( -0.000000000000000000, -0.000000000000000000, 1.000000000000000000 ) ) ;
#2042 = LINE ( 'NONE', #4095, #4789 ) ;
#2043 = CARTESIAN_POINT ( 'NONE',  ( 3.242275522368335050, 16.18291239759594902, 4.560258083604117552 ) ) ;
#2044 = CARTESIAN_POINT ( 'NONE',  ( -8.060884114155383529, -5.673204499567389369, 2.247676629344534494 ) ) ;
#2045 = EDGE_LOOP ( 'NONE', ( #2139, #3160, #4748, #4304, #1271, #2306, #4269 ) ) ;
#2046 = CARTESIAN_POINT ( 'NONE',  ( -6.800000000000001599, -8.800000000000000711, -1.600000000000001199 ) ) ;
#2047 = EDGE_CURVE ( 'NONE', #3100, #2430, #575, .T. ) ;
#2048 = CARTESIAN_POINT ( 'NONE',  ( 8.500000000000000000, 12.00000000000001066, 0.3160464792015759139 ) ) ;
#2049 = CARTESIAN_POINT ( 'NONE',  ( 5.911794842850548903, -15.60735357418869640, 3.283962310458714562 ) ) ;
#2050 = CARTESIAN_POINT ( 'NONE',  ( -6.782213146143427629, 13.21987858347074862, 0.4131300371079048017 ) ) ;
#2051 = CARTESIAN_POINT ( 'NONE',  ( -4.634385802373345520, -15.68574048674196320, 2.302963356830086905 ) ) ;
#2052 = CARTESIAN_POINT ( 'NONE',  ( -3.733222031034333366, 4.974705747745820972, 4.805199888620973248 ) ) ;
#2053 = EDGE_CURVE ( 'NONE', #3203, #2988, #4496, .T. ) ;
#2054 = CARTESIAN_POINT ( 'NONE',  ( -7.500000000000001776, 12.00000000000000711, -1.000000000000000000 ) ) ;
#2055 = AXIS2_PLACEMENT_3D ( 'NONE', #846, #897, #2398 ) ;
#2056 = CARTESIAN_POINT ( 'NONE',  ( -6.600000000000002309, 0.000000000000000000, -1.800000000000000044 ) ) ;
#2057 = CARTESIAN_POINT ( 'NONE',  ( 8.169806029146529980, 3.997073791087947914, 0.9876409237400080032 ) ) ;
#2058 = ORIENTED_EDGE ( 'NONE', *, *, #2722, .F. ) ;
#2059 = CARTESIAN_POINT ( 'NONE',  ( 4.478608825185671272, 9.771425645522034742, 2.698748076340624635 ) ) ;
#2060 = CARTESIAN_POINT ( 'NONE',  ( 7.000000000000000888, -8.800000000000000711, -1.000000000000000000 ) ) ;
#2061 = CARTESIAN_POINT ( 'NONE',  ( 3.982810839199969699, -8.816959642123535446, 2.980836408712900454 ) ) ;
#2062 = VERTEX_POINT ( 'NONE', #3343 ) ;
#2063 = ORIENTED_EDGE ( 'NONE', *, *, #3654, .T. ) ;
#2064 = CARTESIAN_POINT ( 'NONE',  ( -5.478023828201872725, -8.703881575260757231, 3.735388151648234345 ) ) ;
#2065 = DIRECTION ( 'NONE',  ( -1.000000000000000000, 0.000000000000000000, 0.000000000000000000 ) ) ;
#2066 = EDGE_LOOP ( 'NONE', ( #2259, #1877, #2684, #4021, #260, #935, #2515 ) ) ;
#2067 = CARTESIAN_POINT ( 'NONE',  ( -7.119578829281304699, -15.47648455043508342, 2.357691344730840743 ) ) ;
#2068 = CARTESIAN_POINT ( 'NONE',  ( -4.423792844546300174, -5.244126914494841252, 3.089601423202076536 ) ) ;
#2069 = ORIENTED_EDGE ( 'NONE', *, *, #4117, .T. ) ;
#2070 = CARTESIAN_POINT ( 'NONE',  ( -5.698734326662188820, 11.91366764346333085, 3.630379325853810180 ) ) ;
#2071 = VERTEX_POINT ( 'NONE', #3988 ) ;
#2072 = CARTESIAN_POINT ( 'NONE',  ( -6.366168280302351157, 13.41829823143314293, 3.095281147393388554 ) ) ;
#2073 = CARTESIAN_POINT ( 'NONE',  ( -7.000000000000003553, -8.000000000000127898, 0.06904263691690751270 ) ) ;
#2074 = AXIS2_PLACEMENT_3D ( 'NONE', #2979, #3357, #1089 ) ;
#2075 = CARTESIAN_POINT ( 'NONE',  ( 6.104483590420484163, -14.49035354807112874, 1.307672037361521156 ) ) ;
#2076 = EDGE_LOOP ( 'NONE', ( #2557, #4693, #4535, #1231 ) ) ;
#2077 = CARTESIAN_POINT ( 'NONE',  ( 8.500000000000000000, 7.932062000222377840, 0.6900903445781578771 ) ) ;
#2078 = CARTESIAN_POINT ( 'NONE',  ( -4.949612668908965674, -6.167544530557437454, 2.002039957082061949 ) ) ;
#2079 = ORIENTED_EDGE ( 'NONE', *, *, #64, .F. ) ;
#2080 = CARTESIAN_POINT ( 'NONE',  ( 3.721604574199856685, 4.781489210568302894, 3.089211955458624814 ) ) ;
#2081 = CARTESIAN_POINT ( 'NONE',  ( 1.321204351795159937, -16.05552146512998135, 4.975434643386581257 ) ) ;
#2082 = EDGE_CURVE ( 'NONE', #464, #771, #3382, .T. ) ;
#2083 = ORIENTED_EDGE ( 'NONE', *, *, #1610, .T. ) ;
#2084 = DIRECTION ( 'NONE',  ( 1.000000000000000000, 0.000000000000000000, 0.000000000000000000 ) ) ;
#2085 = CARTESIAN_POINT ( 'NONE',  ( -7.378991983057118453, 16.99999999999988987, 1.988050634642130499 ) ) ;
#2086 = FACE_OUTER_BOUND ( 'NONE', #1305, .T. ) ;
#2087 = CARTESIAN_POINT ( 'NONE',  ( -4.333196801693787847, -5.186274379296269110, 4.584676821098672583 ) ) ;
#2088 = CARTESIAN_POINT ( 'NONE',  ( 8.257338105409358420, 12.24450308808621379, 0.9720696412295450894 ) ) ;
#2089 = CC_DESIGN_DATE_AND_TIME_ASSIGNMENT ( #1854, #375, ( #1025 ) ) ;
#2090 = CARTESIAN_POINT ( 'NONE',  ( 5.499999999999999112, -8.800000000000000711, 1.597427474109736067 ) ) ;
#2091 = ORIENTED_EDGE ( 'NONE', *, *, #3291, .F. ) ;
#2092 = CARTESIAN_POINT ( 'NONE',  ( -5.301579459473308553, 7.943881252613342880, 3.850888293660496675 ) ) ;
#2093 = EDGE_CURVE ( 'NONE', #2188, #1885, #812, .T. ) ;
#2094 = DIRECTION ( 'NONE',  ( 0.7071067811865474617, -0.000000000000000000, -0.7071067811865474617 ) ) ;
#2095 = CARTESIAN_POINT ( 'NONE',  ( -8.500000000000000000, -11.99999999999999645, 0.000000000000000000 ) ) ;
#2096 = CARTESIAN_POINT ( 'NONE',  ( 7.398003010518374722, -14.46004242684107588, 2.093477928884512007 ) ) ;
#2097 = CARTESIAN_POINT ( 'NONE',  ( -7.163713949715607043, -12.85612419047436994, -0.04992297875490563086 ) ) ;
#2098 = DIRECTION ( 'NONE',  ( -0.000000000000000000, -0.000000000000000000, -1.000000000000000000 ) ) ;
#2099 = FACE_OUTER_BOUND ( 'NONE', #1960, .T. ) ;
#2100 = CARTESIAN_POINT ( 'NONE',  ( 2.886905449478252894, -0.2304051965653416134, 3.552122810677898368 ) ) ;
#2101 = CARTESIAN_POINT ( 'NONE',  ( -7.068997572471215740, -14.79960888190956148, 2.437535899921397853 ) ) ;
#2102 = CARTESIAN_POINT ( 'NONE',  ( 4.306112086696995078, -9.993066605428991167, 2.778371716233172251 ) ) ;
#2103 = CARTESIAN_POINT ( 'NONE',  ( -8.500000000000000000, -11.99999999999999645, 0.3162782702059302453 ) ) ;
#2104 = LINE ( 'NONE', #3642, #4299 ) ;
#2105 = CARTESIAN_POINT ( 'NONE',  ( 2.371094666038255472, 15.50000000000000533, 3.287864679577329419 ) ) ;
#2106 = VERTEX_POINT ( 'NONE', #2197 ) ;
#2107 = ORIENTED_EDGE ( 'NONE', *, *, #4022, .F. ) ;
#2108 = CARTESIAN_POINT ( 'NONE',  ( -2.246670004072600424, 5.244126883571145648, 3.894260718924888121 ) ) ;
#2109 = EDGE_CURVE ( 'NONE', #3460, #1090, #529, .T. ) ;
#2110 = CARTESIAN_POINT ( 'NONE',  ( 4.051106619049901880, -6.642676389907879120, 4.648554795528657024 ) ) ;
#2111 = CIRCLE ( 'NONE', #442, 3.500000000000000444 ) ;
#2112 = ADVANCED_FACE ( 'NONE', ( #3553 ), #4739, .T. ) ;
#2113 = CARTESIAN_POINT ( 'NONE',  ( -6.138474834417982251, 14.29966313797108590, 1.251397191380044571 ) ) ;
#2114 = EDGE_CURVE ( 'NONE', #1085, #1914, #4559, .T. ) ;
#2115 = CARTESIAN_POINT ( 'NONE',  ( -7.231805131882349968, -15.33082685623150176, 1.625920495910613939 ) ) ;
#2116 = CARTESIAN_POINT ( 'NONE',  ( 1.324446933061323106, -16.05552492316505564, 4.990002475148624050 ) ) ;
#2117 = CARTESIAN_POINT ( 'NONE',  ( -3.522760585287405100, 6.752358317741005145, 3.241441724089767717 ) ) ;
#2118 = VECTOR ( 'NONE', #4444, 1000.000000000000000 ) ;
#2119 = CARTESIAN_POINT ( 'NONE',  ( 7.172125187822313563, -13.93000181687362371, 2.337225010450951768 ) ) ;
#2120 = CARTESIAN_POINT ( 'NONE',  ( -7.000000000000006217, 7.999999999999976019, 0.06889184760450628442 ) ) ;
#2121 = VERTEX_POINT ( 'NONE', #4 ) ;
#2122 = CARTESIAN_POINT ( 'NONE',  ( -7.582060380162162438, 16.99999999999988987, 1.783109371916105745 ) ) ;
#2123 = CARTESIAN_POINT ( 'NONE',  ( 7.068890054484530339, 14.79971263184672026, 2.437624182468205003 ) ) ;
#2124 = CARTESIAN_POINT ( 'NONE',  ( 5.499999999999999112, 8.800000000000000711, 1.597353125134759466 ) ) ;
#2125 = B_SPLINE_CURVE_WITH_KNOTS ( 'NONE', 3,
 ( #2545, #1749, #4452, #4404 ),
 .UNSPECIFIED., .F., .F.,
 ( 4, 4 ),
 ( 2.911773046872346197E-16, 0.002134504724709519567 ),
 .UNSPECIFIED. ) ;
#2126 = CARTESIAN_POINT ( 'NONE',  ( 1.583681156815979429, 15.68573351382642933, 3.432264375776117760 ) ) ;
#2127 = DIRECTION ( 'NONE',  ( -0.000000000000000000, -0.000000000000000000, 1.000000000000000000 ) ) ;
#2128 = CARTESIAN_POINT ( 'NONE',  ( 7.000000000000000888, 8.000000000000000000, -1.000000000000000000 ) ) ;
#2129 = CARTESIAN_POINT ( 'NONE',  ( -2.433282976287185484, -0.2292041064301472142, 2.122358770987628596 ) ) ;
#2130 = CARTESIAN_POINT ( 'NONE',  ( 250006.9499999999825, -8.000000000000000000, 249998.5500000000757 ) ) ;
#2131 = CARTESIAN_POINT ( 'NONE',  ( 6.764049199626856357, 13.56780103386112835, 2.789969177788023558 ) ) ;
#2132 = CARTESIAN_POINT ( 'NONE',  ( -0.6621096564472500612, 16.99999999999894484, 4.985375402653147603 ) ) ;
#2133 = ORIENTED_EDGE ( 'NONE', *, *, #3652, .F. ) ;
#2134 = CARTESIAN_POINT ( 'NONE',  ( -8.500000000000000000, 3.998275403591427413, 0.6897888504436309187 ) ) ;
#2135 = CARTESIAN_POINT ( 'NONE',  ( 7.398575301341594468, -15.13067255071021044, 1.468212637043939228 ) ) ;
#2136 = ORIENTED_EDGE ( 'NONE', *, *, #1901, .T. ) ;
#2137 = CARTESIAN_POINT ( 'NONE',  ( 10.21187485054754873, 16.99999999999988987, -1.610458536087166825 ) ) ;
#2138 = CARTESIAN_POINT ( 'NONE',  ( -6.138474834417982251, 14.29966313797108590, 1.251397191380044571 ) ) ;
#2139 = ORIENTED_EDGE ( 'NONE', *, *, #781, .T. ) ;
#2140 = ORIENTED_EDGE ( 'NONE', *, *, #2261, .T. ) ;
#2141 = CARTESIAN_POINT ( 'NONE',  ( 2.641964017908510431, 15.68575965299419828, 3.197656994517520168 ) ) ;
#2142 = CARTESIAN_POINT ( 'NONE',  ( 7.068997572471215740, -14.79960888190956148, 2.437535899921397853 ) ) ;
#2143 = EDGE_LOOP ( 'NONE', ( #2663, #2336, #1945, #3407, #4150, #84, #3409 ) ) ;
#2144 = EDGE_LOOP ( 'NONE', ( #4264, #423, #2332, #3088 ) ) ;
#2145 = FACE_OUTER_BOUND ( 'NONE', #1964, .T. ) ;
#2146 = AXIS2_PLACEMENT_3D ( 'NONE', #978, #2017, #570 ) ;
#2147 = CARTESIAN_POINT ( 'NONE',  ( -4.355700592429683660, 8.491525211715613253, 2.715894130255277261 ) ) ;
#2148 = CARTESIAN_POINT ( 'NONE',  ( -0.6654690751084706424, 16.05551352927093589, 5.037805703827126891 ) ) ;
#2149 = ADVANCED_FACE ( 'NONE', ( #3012 ), #4805, .T. ) ;
#2150 = MANIFOLD_SOLID_BREP ( '倒角1', #3467 ) ;
#2151 = LINE ( 'NONE', #549, #1004 ) ;
#2152 = COORDINATED_UNIVERSAL_TIME_OFFSET ( 8, 0, .AHEAD. ) ;
#2153 = CARTESIAN_POINT ( 'NONE',  ( -2.440560692072349269, -5.673204499567389369, 5.469452507919965178 ) ) ;
#2154 = CARTESIAN_POINT ( 'NONE',  ( 6.892514724202490228, 15.69974329422025328, 2.542085608632862481 ) ) ;
#2155 =( BOUNDED_SURFACE ( )  B_SPLINE_SURFACE ( 3, 2, ( 
 ( #1623, #3862, #4232 ),
 ( #4623, #2318, #3511 ),
 ( #126, #1255, #3879 ),
 ( #4249, #4638, #170 ),
 ( #2756, #556, #2386 ),
 ( #541, #3136, #900 ),
 ( #2705, #3523, #181 ),
 ( #503, #2770, #4653 ),
 ( #3150, #3084, #1266 ),
 ( #4262, #913, #1329 ),
 ( #3568, #2032, #3933 ),
 ( #2472, #3902, #3916 ),
 ( #1706, #3962, #2837 ),
 ( #4703, #2075, #4735 ) ),
 .UNSPECIFIED., .F., .F., .T. ) 
 B_SPLINE_SURFACE_WITH_KNOTS ( ( 4, 2, 2, 2, 2, 2, 4 ),
 ( 3, 3 ),
 ( 0.000000000000000000, 0.003658863707044260859, 0.007317727414088521717, 0.009147159267610650846, 0.01097659112113278171, 0.01280602297465491257, 0.01463545482817704343 ),
 ( 0.000000000000000000, 1.000000000000000000 ),
 .UNSPECIFIED. ) 
 GEOMETRIC_REPRESENTATION_ITEM ( )  RATIONAL_B_SPLINE_SURFACE ( (
 ( 1.000000000000000000, 0.9773211704534868760, 1.000000000000000000),
 ( 1.000000000000000000, 0.9773826902693142360, 1.000000000000000000),
 ( 1.000000000000000000, 0.9778845718805144749, 1.000000000000000000),
 ( 1.000000000000000000, 0.9797776820589179092, 1.000000000000000000),
 ( 1.000000000000000000, 0.9811313949168272153, 1.000000000000000000),
 ( 1.000000000000000000, 0.9835582001515844608, 1.000000000000000000),
 ( 1.000000000000000000, 0.9844319787512989528, 1.000000000000000000),
 ( 1.000000000000000000, 0.9862926704041461434, 1.000000000000000000),
 ( 1.000000000000000000, 0.9872850761811635678, 1.000000000000000000),
 ( 1.000000000000000000, 0.9893604188798164056, 1.000000000000000000),
 ( 1.000000000000000000, 0.9904472264877982601, 1.000000000000000000),
 ( 1.000000000000000000, 0.9926953427423986787, 1.000000000000000000),
 ( 1.000000000000000000, 0.9938974062449579261, 1.000000000000000000),
 ( 1.000000000000000000, 0.9949344481097800452, 1.000000000000000000) ) ) 
 REPRESENTATION_ITEM ( '' )  SURFACE ( )  );
#2156 = CARTESIAN_POINT ( 'NONE',  ( 2.939624025757741510, 17.00000000000000711, 3.613995982599787826 ) ) ;
#2157 = B_SPLINE_CURVE_WITH_KNOTS ( 'NONE', 3,
 ( #4589, #511, #3830, #1942, #3516, #534, #3456, #854, #1590, #3079, #2727, #4188 ),
 .UNSPECIFIED., .F., .F.,
 ( 4, 2, 2, 2, 2, 4 ),
 ( 0.000000000000000000, 0.001095701276596570441, 0.001643551914894855444, 0.002191402553193140448, 0.003287103829789706552, 0.004382805106386272222 ),
 .UNSPECIFIED. ) ;
#2158 = DIRECTION ( 'NONE',  ( -0.000000000000000000, -0.000000000000000000, 1.000000000000000000 ) ) ;
#2159 = DIRECTION ( 'NONE',  ( 0.000000000000000000, 0.000000000000000000, 1.000000000000000000 ) ) ;
#2160 =( NAMED_UNIT ( * ) PLANE_ANGLE_UNIT ( ) SI_UNIT ( $, .RADIAN. ) );
#2161 = VECTOR ( 'NONE', #1933, 1000.000000000000000 ) ;
#2162 = CARTESIAN_POINT ( 'NONE',  ( -4.743001151591029085, 4.881097171547851943, 4.187971103115769367 ) ) ;
#2163 = CARTESIAN_POINT ( 'NONE',  ( -5.965830160618817324, -14.48388438116241872, 1.428121856341098228 ) ) ;
#2164 = EDGE_LOOP ( 'NONE', ( #59, #1164, #2037, #723, #3228, #3810, #326, #2737, #2079, #667, #716, #481, #1056 ) ) ;
#2165 = CARTESIAN_POINT ( 'NONE',  ( -7.000000000000000888, -11.99999999999999645, 0.1286928708730964155 ) ) ;
#2166 = CARTESIAN_POINT ( 'NONE',  ( -8.500000000000000000, 8.000185327572156169, 0.2680800229514073152 ) ) ;
#2167 = LINE ( 'NONE', #4360, #3001 ) ;
#2168 = CARTESIAN_POINT ( 'NONE',  ( -10.05890442947290886, -5.673204499567389369, -0.2859375931339738774 ) ) ;
#2169 = ORIENTED_EDGE ( 'NONE', *, *, #2512, .T. ) ;
#2170 = ORIENTED_EDGE ( 'NONE', *, *, #4390, .F. ) ;
#2171 = CARTESIAN_POINT ( 'NONE',  ( -3.236829226521702463, -5.155121236543802610, 3.388418198332026510 ) ) ;
#2172 = VECTOR ( 'NONE', #4375, 1000.000000000000114 ) ;
#2173 = CARTESIAN_POINT ( 'NONE',  ( 5.425226816396325979, 5.244130175616032119, 2.497937667292041475 ) ) ;
#2174 = CARTESIAN_POINT ( 'NONE',  ( 3.696007467287277581, -4.738592706851699532, 4.822349619244489460 ) ) ;
#2175 = DIRECTION ( 'NONE',  ( 0.000000000000000000, 0.000000000000000000, -1.000000000000000000 ) ) ;
#2176 = CARTESIAN_POINT ( 'NONE',  ( 0.000000000000000000, 16.30301762710903901, 5.008583402889539293 ) ) ;
#2177 = CARTESIAN_POINT ( 'NONE',  ( -5.746768419704097575, 14.00237564882214691, 1.650609164540997043 ) ) ;
#2178 = CARTESIAN_POINT ( 'NONE',  ( -6.800000000000001599, -8.000000000000000000, -1.600000000000001199 ) ) ;
#2179 =( BOUNDED_CURVE ( )  B_SPLINE_CURVE ( 3, ( #4256, #535, #4604, #1631 ),
 .UNSPECIFIED., .F., .F. ) 
 B_SPLINE_CURVE_WITH_KNOTS ( ( 4, 4 ),
 ( 0.0001926507065348248343, 0.03231893930267427939 ),
 .UNSPECIFIED. ) 
 CURVE ( )  GEOMETRIC_REPRESENTATION_ITEM ( )  RATIONAL_B_SPLINE_CURVE ( ( 0.9999064849935848098, 0.9988787660220174169, 0.9988787660220173059, 0.9999064849935846988 ) ) 
 REPRESENTATION_ITEM ( '' )  );
#2180 = CARTESIAN_POINT ( 'NONE',  ( 3.722531566472722542, 4.788994951531822863, 3.088710811360147801 ) ) ;
#2181 = EDGE_LOOP ( 'NONE', ( #1418, #3757, #2201, #1644 ) ) ;
#2182 = CARTESIAN_POINT ( 'NONE',  ( -10.74679766453189877, 5.673204499567274794, -1.212263806941826783 ) ) ;
#2183 = CARTESIAN_POINT ( 'NONE',  ( -7.398003010518374722, -14.46004242684107588, 2.093477928884512007 ) ) ;
#2184 = CARTESIAN_POINT ( 'NONE',  ( -5.870820803241165287, -13.93840147230629967, 1.553898295592953893 ) ) ;
#2185 = EDGE_CURVE ( 'NONE', #1606, #4446, #8, .T. ) ;
#2186 = B_SPLINE_CURVE_WITH_KNOTS ( 'NONE', 3,
 ( #4128, #18, #3390, #428, #798, #4529, #56, #379 ),
 .UNSPECIFIED., .F., .F.,
 ( 4, 2, 2, 4 ),
 ( 4.336808689942017736E-19, 0.001430573829475832292, 0.002145860744213749522, 0.002861147658951666752 ),
 .UNSPECIFIED. ) ;
#2187 = CARTESIAN_POINT ( 'NONE',  ( 3.663297176974867675, -15.68574891276595551, 2.819818905485918847 ) ) ;
#2188 = VERTEX_POINT ( 'NONE', #1762 ) ;
#2189 = CARTESIAN_POINT ( 'NONE',  ( -4.133293155679178099, 7.542523329873612070, 2.863804598162852155 ) ) ;
#2190 = DATE_TIME_ROLE ( 'creation_date' ) ;
#2191 = EDGE_LOOP ( 'NONE', ( #2806, #986, #3040, #1263 ) ) ;
#2192 = CARTESIAN_POINT ( 'NONE',  ( -5.458735165888096041, 8.625404042979536001, 3.748337051649398344 ) ) ;
#2193 = EDGE_CURVE ( 'NONE', #2969, #992, #1152, .T. ) ;
#2194 = CARTESIAN_POINT ( 'NONE',  ( 2.433282976287185484, -0.2292041064301472142, 2.122358770987628596 ) ) ;
#2195 = ORIENTED_EDGE ( 'NONE', *, *, #3325, .F. ) ;
#2196 = EDGE_LOOP ( 'NONE', ( #2793, #1962, #3398, #2296, #1179, #268 ) ) ;
#2197 = CARTESIAN_POINT ( 'NONE',  ( 8.500000000000000000, -11.99999999999999645, 0.000000000000000000 ) ) ;
#2198 = ORIENTED_EDGE ( 'NONE', *, *, #454, .F. ) ;
#2199 = CARTESIAN_POINT ( 'NONE',  ( -7.396332721094023732, 5.673204499567274794, 2.882124953488357733 ) ) ;
#2200 = CARTESIAN_POINT ( 'NONE',  ( -6.544171627791703472, -12.26743133987527479, 2.924129830109955641 ) ) ;
#2201 = ORIENTED_EDGE ( 'NONE', *, *, #3639, .F. ) ;
#2202 = CARTESIAN_POINT ( 'NONE',  ( -3.500000000000001332, 15.50000000000000888, 2.882870115353428186 ) ) ;
#2203 = ORIENTED_EDGE ( 'NONE', *, *, #3832, .T. ) ;
#2204 = CARTESIAN_POINT ( 'NONE',  ( 5.425226816396381047, -5.244130175616026790, 2.497937667292186248 ) ) ;
#2205 = CARTESIAN_POINT ( 'NONE',  ( 7.068997572471215740, -14.79960888190956148, 2.437535899921397853 ) ) ;
#2206 = EDGE_CURVE ( 'NONE', #2798, #4429, #391, .T. ) ;
#2207 = CARTESIAN_POINT ( 'NONE',  ( -4.834085106088260808, 11.63936197669288397, 2.411744996852328793 ) ) ;
#2208 = LINE ( 'NONE', #2690, #2930 ) ;
#2209 = CARTESIAN_POINT ( 'NONE',  ( -6.349188190942357757, 13.77857172133519370, 0.9634785175404079194 ) ) ;
#2210 = CARTESIAN_POINT ( 'NONE',  ( 6.800000000000001599, -8.800000000000000711, -0.1753788748764676109 ) ) ;
#2211 = DIRECTION ( 'NONE',  ( 0.000000000000000000, 0.000000000000000000, 1.000000000000000000 ) ) ;
#2212 = B_SPLINE_CURVE_WITH_KNOTS ( 'NONE', 3,
 ( #714, #2617, #2601, #2176 ),
 .UNSPECIFIED., .F., .F.,
 ( 4, 4 ),
 ( 1.769077770938648657E-17, 0.0002516528357073345473 ),
 .UNSPECIFIED. ) ;
#2213 = VERTEX_POINT ( 'NONE', #3736 ) ;
#2214 = DIRECTION ( 'NONE',  ( 0.000000000000000000, 0.000000000000000000, -1.000000000000000000 ) ) ;
#2215 = PLANE ( 'NONE',  #1328 ) ;
#2216 = AXIS2_PLACEMENT_3D ( 'NONE', #2223, #28, #1133 ) ;
#2217 = CARTESIAN_POINT ( 'NONE',  ( 5.325233568658153338, 12.03527203456008365, 2.011376990433651812 ) ) ;
#2218 = CARTESIAN_POINT ( 'NONE',  ( 2.296944441079279642, -17.00000000000000355, 4.813750377047830931 ) ) ;
#2219 = CARTESIAN_POINT ( 'NONE',  ( -8.500000000000000000, 16.64272495511673711, 0.6896503725587075362 ) ) ;
#2220 = CARTESIAN_POINT ( 'NONE',  ( 5.890116729396980944, 3.617476077941371049, 1.053146917127692594 ) ) ;
#2221 = CARTESIAN_POINT ( 'NONE',  ( 5.164823017968434904, -11.52531928149825902, 2.139752316757869810 ) ) ;
#2222 = VECTOR ( 'NONE', #2225, 1000.000000000000000 ) ;
#2223 = CARTESIAN_POINT ( 'NONE',  ( 3.500000000000000444, -11.99999999999999645, -1.000000000000000000 ) ) ;
#2224 = B_SPLINE_CURVE_WITH_KNOTS ( 'NONE', 3,
 ( #1360, #4374, #2875, #3413 ),
 .UNSPECIFIED., .F., .F.,
 ( 4, 4 ),
 ( 1.089054287189474207E-15, 0.0008010182204023161018 ),
 .UNSPECIFIED. ) ;
#2225 = DIRECTION ( 'NONE',  ( -1.000000000000000000, -0.000000000000000000, -0.000000000000000000 ) ) ;
#2226 = EDGE_CURVE ( 'NONE', #2452, #753, #1506, .T. ) ;
#2227 = CARTESIAN_POINT ( 'NONE',  ( 6.861453763912989778, -14.99988633134611860, 2.607951101621318379 ) ) ;
#2228 = CARTESIAN_POINT ( 'NONE',  ( -7.037032914258784189, 3.523276741208896556, -0.002380101882481578182 ) ) ;
#2229 = EDGE_CURVE ( 'NONE', #1319, #1528, #2042, .T. ) ;
#2230 = FACE_OUTER_BOUND ( 'NONE', #4511, .T. ) ;
#2231 = ADVANCED_FACE ( 'NONE', ( #1082 ), #42, .T. ) ;
#2232 = CARTESIAN_POINT ( 'NONE',  ( 4.743001151591029085, 4.881097171547851943, 4.187971103115769367 ) ) ;
#2233 = CARTESIAN_POINT ( 'NONE',  ( -3.500000000000000444, -11.99999999999999645, -1.000000000000000000 ) ) ;
#2234 = CARTESIAN_POINT ( 'NONE',  ( -8.257252297987161427, -12.24091981329487488, 0.9723612674724636529 ) ) ;
#2235 = VECTOR ( 'NONE', #3803, 1000.000000000000000 ) ;
#2236 = DIRECTION ( 'NONE',  ( -0.000000000000000000, 0.000000000000000000, -1.000000000000000000 ) ) ;
#2237 = CARTESIAN_POINT ( 'NONE',  ( -6.955829407322111635, 16.99999999999988987, 2.381135966999900155 ) ) ;
#2238 = CARTESIAN_POINT ( 'NONE',  ( -5.133205504684436704, -9.145842104159196850, 4.113405141178261282 ) ) ;
#2239 = CARTESIAN_POINT ( 'NONE',  ( 4.825959838757724718, -4.942806845363801216, 2.066394338758821725 ) ) ;
#2240 = CARTESIAN_POINT ( 'NONE',  ( 1.626455356711372996E-16, 16.05550737207287426, 5.054056728823172584 ) ) ;
#2241 = CARTESIAN_POINT ( 'NONE',  ( 8.050752866573326116, 13.29494174779576987, 1.236188035225170179 ) ) ;
#2242 = ORIENTED_EDGE ( 'NONE', *, *, #2762, .T. ) ;
#2243 = CARTESIAN_POINT ( 'NONE',  ( 2.246670004072600424, 5.244126883571145648, 3.894260718924888121 ) ) ;
#2244 = CARTESIAN_POINT ( 'NONE',  ( -2.886905449478252894, -0.2304051965653416134, 3.552122810677898368 ) ) ;
#2245 = CARTESIAN_POINT ( 'NONE',  ( -5.825798090247809924, 11.52472690016453960, 1.420941674867391757 ) ) ;
#2246 = CARTESIAN_POINT ( 'NONE',  ( 8.500000000000000000, -8.492270429675626175, 0.6899256230799029055 ) ) ;
#2247 = B_SPLINE_CURVE_WITH_KNOTS ( 'NONE', 3,
 ( #3763, #2578, #3403, #4107, #3068, #988, #4421, #1081, #4385, #3304, #2156, #3269 ),
 .UNSPECIFIED., .F., .F.,
 ( 4, 2, 2, 2, 2, 4 ),
 ( 0.000000000000000000, 0.001781699108611209739, 0.002672548662916814175, 0.003563398217222419045, 0.005345097325833627483, 0.007126796434444834620 ),
 .UNSPECIFIED. ) ;
#2248 =( BOUNDED_SURFACE ( )  B_SPLINE_SURFACE ( 3, 2, ( 
 ( #3556, #965, #1294 ),
 ( #256, #626, #607 ),
 ( #2785, #3919, #1650 ),
 ( #1281, #559, #982 ),
 ( #2423, #4265, #2020 ),
 ( #217, #3612, #3904 ),
 ( #4287, #587, #3570 ),
 ( #1311, #2439, #3594 ),
 ( #1331, #3951, #1688 ),
 ( #4339, #1347, #3964 ),
 ( #1421, #4393, #4012 ),
 ( #997, #674, #3296 ),
 ( #4756, #3310, #703 ),
 ( #4775, #2131, #641 ),
 ( #2853, #4736, #2475 ),
 ( #1708, #1395, #2904 ) ),
 .UNSPECIFIED., .F., .F., .T. ) 
 B_SPLINE_SURFACE_WITH_KNOTS ( ( 4, 2, 2, 2, 2, 2, 2, 4 ),
 ( 3, 3 ),
 ( 1.684082769345332754E-06, 0.003872626412199052341, 0.005808097576913905449, 0.007743568741628759425, 0.009679039906343611666, 0.01161451107105846564, 0.01354998223577331962, 0.01548545340048817359 ),
 ( 0.000000000000000000, 1.000000000000000000 ),
 .UNSPECIFIED. ) 
 GEOMETRIC_REPRESENTATION_ITEM ( )  RATIONAL_B_SPLINE_SURFACE ( (
 ( 1.000000000000000000, 0.9773211704534870981, 1.000000000000000000),
 ( 1.000000000000000000, 0.9772646909160120909, 1.000000000000000000),
 ( 1.000000000000000000, 0.9777008457978116907, 1.000000000000000000),
 ( 1.000000000000000000, 0.9790882662853157559, 1.000000000000000000),
 ( 1.000000000000000000, 0.9796746924983112947, 1.000000000000000000),
 ( 1.000000000000000000, 0.9810399716839877104, 1.000000000000000000),
 ( 1.000000000000000000, 0.9818190528690523555, 1.000000000000000000),
 ( 1.000000000000000000, 0.9835176286452084193, 1.000000000000000000),
 ( 1.000000000000000000, 0.9844367216119841446, 1.000000000000000000),
 ( 1.000000000000000000, 0.9863923991666644353, 1.000000000000000000),
 ( 1.000000000000000000, 0.9874339346001164142, 1.000000000000000000),
 ( 1.000000000000000000, 0.9896053374013371595, 1.000000000000000000),
 ( 1.000000000000000000, 0.9907347590898929468, 1.000000000000000000),
 ( 1.000000000000000000, 0.9930920859622256458, 1.000000000000000000),
 ( 1.000000000000000000, 0.9943457696046582583, 1.000000000000000000),
 ( 1.000000000000000000, 0.9953931506427837750, 1.000000000000000000) ) ) 
 REPRESENTATION_ITEM ( '' )  SURFACE ( )  );
#2249 = CARTESIAN_POINT ( 'NONE',  ( -6.151894719761751062, 15.48413922191591574, 3.126001973628518726 ) ) ;
#2250 = VERTEX_POINT ( 'NONE', #1110 ) ;
#2251 = CARTESIAN_POINT ( 'NONE',  ( -5.499999999999999112, -8.800000000000000711, 500000.0000000000582 ) ) ;
#2252 = CARTESIAN_POINT ( 'NONE',  ( -3.460172667988121287, -6.416305271773509844, 3.274084778893012082 ) ) ;
#2253 = ORIENTED_EDGE ( 'NONE', *, *, #3221, .T. ) ;
#2254 = CARTESIAN_POINT ( 'NONE',  ( 0.2994558711136121598, -16.99999999999999289, 4.055598451475979083 ) ) ;
#2255 = CARTESIAN_POINT ( 'NONE',  ( -1.125314986517430782, 16.99999999999988987, 5.000000000071665340 ) ) ;
#2256 = CARTESIAN_POINT ( 'NONE',  ( -3.499999999999999556, -16.99999999999999645, 3.393604602115719349 ) ) ;
#2257 = CC_DESIGN_SECURITY_CLASSIFICATION ( #1025, ( #3379 ) ) ;
#2258 = CARTESIAN_POINT ( 'NONE',  ( -4.294034255067480821, -9.952414673979331994, 2.786236860696901019 ) ) ;
#2259 = ORIENTED_EDGE ( 'NONE', *, *, #4139, .T. ) ;
#2260 = CARTESIAN_POINT ( 'NONE',  ( 6.800000000000001599, -8.800000000000000711, -1.600000000000001199 ) ) ;
#2261 = EDGE_CURVE ( 'NONE', #488, #3478, #1423, .T. ) ;
#2262 = CARTESIAN_POINT ( 'NONE',  ( 5.067535933409860860, -15.91330438999146857, 3.775522336057459682 ) ) ;
#2263 = CARTESIAN_POINT ( 'NONE',  ( -5.475967807610848226, 9.780447134532018083, 1.682413682777172736 ) ) ;
#2264 = FACE_OUTER_BOUND ( 'NONE', #3566, .T. ) ;
#2265 = CARTESIAN_POINT ( 'NONE',  ( 7.913872013141925343, 16.23501877606901900, 1.544036471360235474 ) ) ;
#2266 = ORIENTED_EDGE ( 'NONE', *, *, #2455, .T. ) ;
#2267 = ORIENTED_EDGE ( 'NONE', *, *, #3483, .F. ) ;
#2268 = CARTESIAN_POINT ( 'NONE',  ( 7.000000000000000888, 12.00000000000000711, -1.000000000000000000 ) ) ;
#2269 = EDGE_LOOP ( 'NONE', ( #1618, #1502, #3347, #380 ) ) ;
#2270 = CARTESIAN_POINT ( 'NONE',  ( 5.142717996859052398, 11.45426512057556678, 2.157266912645932511 ) ) ;
#2271 = CARTESIAN_POINT ( 'NONE',  ( -5.587490302409322318, 16.99999999999988987, 3.471481049151375231 ) ) ;
#2272 = CARTESIAN_POINT ( 'NONE',  ( -3.500000000000000888, 16.00000000000000711, -1.000000000000000000 ) ) ;
#2273 = CARTESIAN_POINT ( 'NONE',  ( 5.845124661792212351, -2.414544369359268750, 1.075126411920776404 ) ) ;
#2274 = DIRECTION ( 'NONE',  ( 0.000000000000000000, 0.7311789186762770454, 0.6821857436823127729 ) ) ;
#2275 = EDGE_CURVE ( 'NONE', #3506, #65, #3073, .T. ) ;
#2276 = CARTESIAN_POINT ( 'NONE',  ( 5.278372458254844801, 16.69428984921238523, 2.718710114958088564 ) ) ;
#2277 = CARTESIAN_POINT ( 'NONE',  ( 5.111909429770475022, -7.376149879456106895, 1.905643125675869687 ) ) ;
#2278 = CARTESIAN_POINT ( 'NONE',  ( 5.353703401029502373, -15.82971745518482720, 3.618975712531590894 ) ) ;
#2279 = CARTESIAN_POINT ( 'NONE',  ( -3.415420005073726006, -1.272185103000725181, 3.256250327942611378 ) ) ;
#2280 = CARTESIAN_POINT ( 'NONE',  ( 8.500000000000000000, -14.51376580923473902, 0.6899915638018416786 ) ) ;
#2281 = B_SPLINE_CURVE_WITH_KNOTS ( 'NONE', 3,
 ( #887, #4672, #542, #3501, #2721, #3905, #1652, #1638, #2402, #1283 ),
 .UNSPECIFIED., .F., .F.,
 ( 4, 2, 2, 2, 4 ),
 ( 4.336808689942017736E-19, 0.0007704773513785826864, 0.001540954702757164939, 0.002311432054135747084, 0.003081909405514329445 ),
 .UNSPECIFIED. ) ;
#2282 = DIRECTION ( 'NONE',  ( -0.000000000000000000, -1.000000000000000000, -0.000000000000000000 ) ) ;
#2283 = DIRECTION ( 'NONE',  ( 1.000000000000000000, 0.000000000000000000, 0.000000000000000000 ) ) ;
#2284 = AXIS2_PLACEMENT_3D ( 'NONE', #2302, #819, #3469 ) ;
#2285 = VECTOR ( 'NONE', #568, 1000.000000000000000 ) ;
#2286 = CARTESIAN_POINT ( 'NONE',  ( -7.379031889555276003, 16.99999999999988987, 1.988011351067821453 ) ) ;
#2287 = CARTESIAN_POINT ( 'NONE',  ( -8.304055440616266992, -16.74426452206272131, 0.9761242674009628084 ) ) ;
#2288 = ORIENTED_EDGE ( 'NONE', *, *, #4136, .F. ) ;
#2289 = CARTESIAN_POINT ( 'NONE',  ( -7.500000000000000888, -11.99999999999999645, 0.3162782702059314111 ) ) ;
#2290 = FACE_OUTER_BOUND ( 'NONE', #376, .T. ) ;
#2291 = CARTESIAN_POINT ( 'NONE',  ( 4.283003527759606577, 16.28884412526875636, 4.114427202897839919 ) ) ;
#2292 = CARTESIAN_POINT ( 'NONE',  ( 5.709233020922733104, -10.94331293184809617, 1.508135875514283519 ) ) ;
#2293 = CARTESIAN_POINT ( 'NONE',  ( 7.000000000000000888, -8.800000000000000711, -1.000000000000000000 ) ) ;
#2294 = CARTESIAN_POINT ( 'NONE',  ( 6.138474834417982251, 14.29966313797108590, 1.251397191380044571 ) ) ;
#2295 = LINE ( 'NONE', #3934, #1032 ) ;
#2296 = ORIENTED_EDGE ( 'NONE', *, *, #3533, .F. ) ;
#2297 = CARTESIAN_POINT ( 'NONE',  ( -6.634160713736777737, 15.17750089945837821, 2.783449310192835036 ) ) ;
#2298 = CARTESIAN_POINT ( 'NONE',  ( -3.258897967711009258, -5.194149003014285171, 3.376995485863339752 ) ) ;
#2299 = CARTESIAN_POINT ( 'NONE',  ( 7.112177170948744909, -14.87945271746971621, 2.393506926258133660 ) ) ;
#2300 = CARTESIAN_POINT ( 'NONE',  ( 8.500000000000000000, 12.00000000000000711, 0.3160464792015763580 ) ) ;
#2301 = CARTESIAN_POINT ( 'NONE',  ( 4.949592963491802777, 6.167522597056998457, 2.002013781196635200 ) ) ;
#2302 = CARTESIAN_POINT ( 'NONE',  ( -6.800000000000001599, -8.800000000000000711, -0.1753788748764676109 ) ) ;
#2303 = ORIENTED_EDGE ( 'NONE', *, *, #174, .F. ) ;
#2304 = ORIENTED_EDGE ( 'NONE', *, *, #2002, .F. ) ;
#2305 = CARTESIAN_POINT ( 'NONE',  ( 4.704960207185861165, 16.88292742323365658, 3.705062665187747406 ) ) ;
#2306 = ORIENTED_EDGE ( 'NONE', *, *, #1813, .T. ) ;
#2307 = CARTESIAN_POINT ( 'NONE',  ( 5.825848067041044409, -11.52473996495580266, 1.420979062001241466 ) ) ;
#2308 = CARTESIAN_POINT ( 'NONE',  ( -7.637248708786875895, -14.17112656238489699, 1.774793928298788348 ) ) ;
#2309 = CARTESIAN_POINT ( 'NONE',  ( -4.525965575822585407, -17.00000000000000355, 4.050535744935335636 ) ) ;
#2310 = CARTESIAN_POINT ( 'NONE',  ( -3.500000000000000444, 17.00000000000000711, 0.000000000000000000 ) ) ;
#2311 = CARTESIAN_POINT ( 'NONE',  ( -8.236881911315363070, 12.48891712219432470, 0.9985527889994864070 ) ) ;
#2312 = VERTEX_POINT ( 'NONE', #1181 ) ;
#2313 = CARTESIAN_POINT ( 'NONE',  ( -3.865438509202291151, -16.05550970860616644, 4.322783469849192706 ) ) ;
#2314 = EDGE_LOOP ( 'NONE', ( #4266, #767, #4067, #1562 ) ) ;
#2315 = CARTESIAN_POINT ( 'NONE',  ( 3.739784241004762102E-13, -16.05550737207284939, 5.054056728823178801 ) ) ;
#2316 = VECTOR ( 'NONE', #3851, 1000.000000000000000 ) ;
#2317 = CARTESIAN_POINT ( 'NONE',  ( 8.287337731154670095, 13.47027096025735737, 0.5351861079559938617 ) ) ;
#2318 = CARTESIAN_POINT ( 'NONE',  ( 3.204380187752903897, -1.462077165468692819, 3.450045465637758380 ) ) ;
#2319 = ADVANCED_FACE ( 'NONE', ( #1883 ), #673, .T. ) ;
#2320 = ORIENTED_EDGE ( 'NONE', *, *, #2769, .F. ) ;
#2321 = ORIENTED_EDGE ( 'NONE', *, *, #4749, .T. ) ;
#2322 = EDGE_CURVE ( 'NONE', #2901, #3812, #757, .T. ) ;
#2323 = CARTESIAN_POINT ( 'NONE',  ( 5.804716786438320675, -14.64382669584753316, 1.555647427816201356 ) ) ;
#2324 = EDGE_CURVE ( 'NONE', #3550, #1090, #2295, .T. ) ;
#2325 = ORIENTED_EDGE ( 'NONE', *, *, #1842, .F. ) ;
#2326 = B_SPLINE_CURVE_WITH_KNOTS ( 'NONE', 3,
 ( #2791, #576, #2375, #3175 ),
 .UNSPECIFIED., .F., .F.,
 ( 4, 4 ),
 ( 6.269651592512720910E-18, 0.0005850567672502160824 ),
 .UNSPECIFIED. ) ;
#2327 = CARTESIAN_POINT ( 'NONE',  ( 3.865438509202292039, -16.05550970860616289, 4.322783469849194482 ) ) ;
#2328 = ORIENTED_EDGE ( 'NONE', *, *, #1132, .T. ) ;
#2329 = CARTESIAN_POINT ( 'NONE',  ( 8.143086955726264620, -17.00000000000000355, 1.149034154632009974 ) ) ;
#2330 = ORIENTED_EDGE ( 'NONE', *, *, #4824, .T. ) ;
#2331 = CARTESIAN_POINT ( 'NONE',  ( 3.000000000000000444, -15.99999999999999645, 0.000000000000000000 ) ) ;
#2332 = ORIENTED_EDGE ( 'NONE', *, *, #1607, .T. ) ;
#2333 = LINE ( 'NONE', #3619, #3765 ) ;
#2334 = LOCAL_TIME ( 14, 13, 2.000000000000000000, #2152 ) ;
#2335 = CARTESIAN_POINT ( 'NONE',  ( -3.330484655076395129, 1.076372416788472286, 4.986172069492224246 ) ) ;
#2336 = ORIENTED_EDGE ( 'NONE', *, *, #2971, .T. ) ;
#2337 = CARTESIAN_POINT ( 'NONE',  ( 8.366566982756664217, 13.18500799025525971, 0.4548582454252074747 ) ) ;
#2338 = CARTESIAN_POINT ( 'NONE',  ( -7.398064217433262257, 14.45998512909891431, 2.093355370013519678 ) ) ;
#2339 = CARTESIAN_POINT ( 'NONE',  ( 3.438019418220291445, -0.2265235218482566648, 3.236135003771702046 ) ) ;
#2340 = CARTESIAN_POINT ( 'NONE',  ( -6.618871695553085743, 14.50452377642493751, 1.468155143893614456 ) ) ;
#2341 = CARTESIAN_POINT ( 'NONE',  ( -7.974859162365387277, -14.30137865892532112, 0.8572256043362708189 ) ) ;
#2342 = CARTESIAN_POINT ( 'NONE',  ( 7.582096392547984287, -17.00000000000000355, 1.783071889694517687 ) ) ;
#2343 = FACE_OUTER_BOUND ( 'NONE', #1785, .T. ) ;
#2344 = CARTESIAN_POINT ( 'NONE',  ( 7.000000000000000888, 12.00000000000000711, -1.000000000000000000 ) ) ;
#2345 = EDGE_CURVE ( 'NONE', #3137, #464, #1119, .T. ) ;
#2346 = ADVANCED_FACE ( 'NONE', ( #1537 ), #2678, .T. ) ;
#2347 = VECTOR ( 'NONE', #1831, 1000.000000000000000 ) ;
#2348 = DIRECTION ( 'NONE',  ( -0.000000000000000000, -0.000000000000000000, 1.000000000000000000 ) ) ;
#2349 = ORIENTED_EDGE ( 'NONE', *, *, #1693, .T. ) ;
#2350 = AXIS2_PLACEMENT_3D ( 'NONE', #1407, #3689, #1760 ) ;
#2351 = CARTESIAN_POINT ( 'NONE',  ( 3.132970862334111484, 4.250619244245327444, 3.438150618767154665 ) ) ;
#2352 = EDGE_CURVE ( 'NONE', #370, #779, #4666, .T. ) ;
#2353 = CARTESIAN_POINT ( 'NONE',  ( 9.441729444812153988E-11, -16.05550737207284939, 5.054056728823178801 ) ) ;
#2354 = FACE_OUTER_BOUND ( 'NONE', #2766, .T. ) ;
#2355 = CARTESIAN_POINT ( 'NONE',  ( 5.111885600490109205, 7.376133232100791304, 1.905611386244143279 ) ) ;
#2356 = CARTESIAN_POINT ( 'NONE',  ( -3.500000000000000444, -16.99999999999999645, 5.500000000000000000 ) ) ;
#2357 = CARTESIAN_POINT ( 'NONE',  ( -5.235347026707008133, 16.70736774516020517, 3.630139457102054656 ) ) ;
#2358 = VECTOR ( 'NONE', #4345, 1000.000000000000000 ) ;
#2359 = CARTESIAN_POINT ( 'NONE',  ( 8.351808598974070463, -13.21732310209334571, 0.4700132396954622704 ) ) ;
#2360 = CARTESIAN_POINT ( 'NONE',  ( -8.366570944778287000, -13.18499064408601207, 0.4550826156070530981 ) ) ;
#2361 = CARTESIAN_POINT ( 'NONE',  ( -3.340527922673340644, -0.2316062867005189707, 4.981886850369365405 ) ) ;
#2362 = CARTESIAN_POINT ( 'NONE',  ( 3.500000000000000000, -16.99999999999999645, 3.393604602115716240 ) ) ;
#2363 = CARTESIAN_POINT ( 'NONE',  ( -4.570442615920584650, -16.91084029522363608, 3.970835745116111148 ) ) ;
#2364 = CARTESIAN_POINT ( 'NONE',  ( -6.800000000000001599, 8.800000000000000711, -1.000000000000000000 ) ) ;
#2365 = CARTESIAN_POINT ( 'NONE',  ( 3.500000000000000444, -11.99999999999999645, 5.500000000000000000 ) ) ;
#2366 = ORIENTED_EDGE ( 'NONE', *, *, #1944, .T. ) ;
#2367 = EDGE_CURVE ( 'NONE', #3349, #3216, #2537, .T. ) ;
#2368 = CARTESIAN_POINT ( 'NONE',  ( 4.446430630300164388, 10.45664405776653005, 2.686563108867939142 ) ) ;
#2369 = ORIENTED_EDGE ( 'NONE', *, *, #1136, .F. ) ;
#2370 = PLANE ( 'NONE',  #3700 ) ;
#2371 = CARTESIAN_POINT ( 'NONE',  ( 5.709187996035489654, 10.94330031162036576, 1.508099010837318676 ) ) ;
#2372 = EDGE_CURVE ( 'NONE', #4584, #3100, #3675, .T. ) ;
#2373 =( BOUNDED_SURFACE ( )  B_SPLINE_SURFACE ( 3, 2, ( 
 ( #258, #202, #2786 ),
 ( #1651, #4302, #2021 ),
 ( #2893, #1044, #687 ),
 ( #1422, #3674, #4818 ),
 ( #4394, #704, #2492 ),
 ( #3643, #675, #1805 ),
 ( #2117, #3297, #4460 ),
 ( #3277, #3688, #4802 ),
 ( #715, #4013, #2147 ),
 ( #1742, #2536, #4415 ),
 ( #3262, #1433, #1074 ),
 ( #347, #334, #1062 ),
 ( #4040, #1396, #2918 ),
 ( #1789, #1031, #3706 ),
 ( #2177, #294, #4788 ),
 ( #1759, #2877, #658 ) ),
 .UNSPECIFIED., .F., .F., .F. ) 
 B_SPLINE_SURFACE_WITH_KNOTS ( ( 4, 2, 2, 2, 2, 2, 2, 4 ),
 ( 3, 3 ),
 ( 1.684082769345332754E-06, 0.003804825009397863958, 0.005706395472712123308, 0.007607965936026382658, 0.009509536399340642876, 0.01141110686265490136, 0.01331267732596915984, 0.01521424778928342006 ),
 ( 0.000000000000000000, 1.000000000000000000 ),
 .UNSPECIFIED. ) 
 GEOMETRIC_REPRESENTATION_ITEM ( )  RATIONAL_B_SPLINE_SURFACE ( (
 ( 1.000000000000000000, 0.9773211704534870981, 1.000000000000000000),
 ( 1.000000000000000000, 0.9772654857334558409, 1.000000000000000000),
 ( 1.000000000000000000, 0.9776859301417831771, 1.000000000000000000),
 ( 1.000000000000000000, 0.9790235034475880394, 1.000000000000000000),
 ( 1.000000000000000000, 0.9795901023205636493, 1.000000000000000000),
 ( 1.000000000000000000, 0.9809109804481689343, 1.000000000000000000),
 ( 1.000000000000000000, 0.9816664579045502048, 1.000000000000000000),
 ( 1.000000000000000000, 0.9833153342698164323, 1.000000000000000000),
 ( 1.000000000000000000, 0.9842096916785176841, 1.000000000000000000),
 ( 1.000000000000000000, 0.9861086529316096527, 1.000000000000000000),
 ( 1.000000000000000000, 0.9871217921508407267, 1.000000000000000000),
 ( 1.000000000000000000, 0.9892359541122713873, 1.000000000000000000),
 ( 1.000000000000000000, 0.9903363290339443070, 1.000000000000000000),
 ( 1.000000000000000000, 0.9926280236057652973, 1.000000000000000000),
 ( 1.000000000000000000, 0.9938690551953752728, 1.000000000000000000),
 ( 1.000000000000000000, 0.9949333322710819383, 1.000000000000000000) ) ) 
 REPRESENTATION_ITEM ( '' )  SURFACE ( )  );
#2374 = CARTESIAN_POINT ( 'NONE',  ( 6.501704734194675872, 8.000000000000000000, 0.5666332060737548915 ) ) ;
#2375 = CARTESIAN_POINT ( 'NONE',  ( -7.191083445833763577, 14.68409242090411659, 2.337136231761411942 ) ) ;
#2376 = CARTESIAN_POINT ( 'NONE',  ( 8.469926403589637331, -5.673204499567389369, 1.800178046496890172 ) ) ;
#2377 = AXIS2_PLACEMENT_3D ( 'NONE', #2486, #2500, #303 ) ;
#2378 = ORIENTED_EDGE ( 'NONE', *, *, #4390, .T. ) ;
#2379 = EDGE_LOOP ( 'NONE', ( #2750, #4696, #3793, #3156 ) ) ;
#2380 = CARTESIAN_POINT ( 'NONE',  ( 5.073907051769759313, -16.76382099308090901, 3.716467738931982012 ) ) ;
#2381 = CARTESIAN_POINT ( 'NONE',  ( -5.701741879278221070, -16.50749788558374220, 3.362441313191599335 ) ) ;
#2382 = EDGE_LOOP ( 'NONE', ( #2242, #4244, #545, #2303 ) ) ;
#2383 = DIRECTION ( 'NONE',  ( 0.000000000000000000, 0.000000000000000000, 1.000000000000000000 ) ) ;
#2384 = ORIENTED_EDGE ( 'NONE', *, *, #1705, .T. ) ;
#2385 = CARTESIAN_POINT ( 'NONE',  ( 7.132640967569241042, 15.43568328003996015, 1.690557708724911512 ) ) ;
#2386 = CARTESIAN_POINT ( 'NONE',  ( 3.918379119782993136, -6.268327888726031638, 2.983465853166562542 ) ) ;
#2387 = ORIENTED_EDGE ( 'NONE', *, *, #3490, .F. ) ;
#2388 = CARTESIAN_POINT ( 'NONE',  ( 4.046174856157567667, -2.721684468602505014, 4.741705958761645689 ) ) ;
#2389 = CARTESIAN_POINT ( 'NONE',  ( 6.838147819167755159, 14.16297708942981437, 0.3747767771881532206 ) ) ;
#2390 = ORIENTED_EDGE ( 'NONE', *, *, #2367, .F. ) ;
#2391 = CARTESIAN_POINT ( 'NONE',  ( 2.878441545700753057, 1.048005268248038746, 3.555882104528642618 ) ) ;
#2392 = CALENDAR_DATE ( 2025, 16, 6 ) ;
#2393 = CARTESIAN_POINT ( 'NONE',  ( -5.363930448337280055, 15.81924611656246960, 3.609655703586641451 ) ) ;
#2394 = CARTESIAN_POINT ( 'NONE',  ( 8.660436974895945994, 5.673204499567274794, 1.569962763141370621 ) ) ;
#2395 = CARTESIAN_POINT ( 'NONE',  ( -3.960109894424665100, -0.2276551516952193543, 4.785314861635947103 ) ) ;
#2396 = PERSON_AND_ORGANIZATION ( #3814, #3586 ) ;
#2397 = CARTESIAN_POINT ( 'NONE',  ( 5.965830160618817324, -14.48388438116241872, 1.428121856341098228 ) ) ;
#2398 = DIRECTION ( 'NONE',  ( -1.000000000000000000, 0.000000000000000000, 0.000000000000000000 ) ) ;
#2399 = DIRECTION ( 'NONE',  ( -0.000000000000000000, -0.000000000000000000, 1.000000000000000000 ) ) ;
#2400 = CARTESIAN_POINT ( 'NONE',  ( 4.474003663876732872, -8.353454557361585486, 4.421381164466080982 ) ) ;
#2401 = CARTESIAN_POINT ( 'NONE',  ( 7.186429737720893662, 14.00694566944490660, -0.06700504564162250432 ) ) ;
#2402 = CARTESIAN_POINT ( 'NONE',  ( -5.804629536147778879, 14.64390177899900181, 1.555713827144048489 ) ) ;
#2403 = AXIS2_PLACEMENT_3D ( 'NONE', #2914, #1042, #4424 ) ;
#2404 = LINE ( 'NONE', #869, #4480 ) ;
#2405 = CARTESIAN_POINT ( 'NONE',  ( -3.500000000000002665, 17.00000000000000711, 3.393604602115698032 ) ) ;
#2406 = CARTESIAN_POINT ( 'NONE',  ( 7.000000000000000888, -11.99999999999999645, 0.1286928708730964155 ) ) ;
#2407 = CARTESIAN_POINT ( 'NONE',  ( -7.846203012310815517, -5.673204499567389369, 2.464230218698741481 ) ) ;
#2408 = EDGE_CURVE ( 'NONE', #363, #4397, #3198, .T. ) ;
#2409 = CYLINDRICAL_SURFACE ( 'NONE', #624, 5.000000000000000000 ) ;
#2410 = CARTESIAN_POINT ( 'NONE',  ( -8.313455442139501272, 13.36699565659835365, 0.9215515823240679749 ) ) ;
#2411 = CARTESIAN_POINT ( 'NONE',  ( 5.198762406848085327, -16.70565597288230109, 2.748093882198141547 ) ) ;
#2412 = ORIENTED_EDGE ( 'NONE', *, *, #3281, .F. ) ;
#2413 = VERTEX_POINT ( 'NONE', #255 ) ;
#2414 = CARTESIAN_POINT ( 'NONE',  ( -6.999999999999993783, 12.00000000000000178, 0.1284764056646238439 ) ) ;
#2415 = DIRECTION ( 'NONE',  ( -0.3660028315939644616, 0.000000000000000000, 0.9306137368775512231 ) ) ;
#2416 = VECTOR ( 'NONE', #4220, 1000.000000000000114 ) ;
#2417 = ADVANCED_FACE ( 'NONE', ( #3548 ), #2852, .T. ) ;
#2418 = ORIENTED_EDGE ( 'NONE', *, *, #4772, .F. ) ;
#2419 = AXIS2_PLACEMENT_3D ( 'NONE', #1375, #3224, #3606 ) ;
#2420 = CARTESIAN_POINT ( 'NONE',  ( 3.499999999999999556, 16.00000000000000711, -1.000000000000000000 ) ) ;
#2421 = CARTESIAN_POINT ( 'NONE',  ( -4.480990882814430698, -16.02569362378823214, 4.065180483639630360 ) ) ;
#2422 = CARTESIAN_POINT ( 'NONE',  ( 5.657490690718548265, -10.63293451846734960, 3.724647643040274403 ) ) ;
#2423 = CARTESIAN_POINT ( 'NONE',  ( 4.751698955602437380, 4.817659192166618531, 4.182633776350697552 ) ) ;
#2424 = CARTESIAN_POINT ( 'NONE',  ( -5.709233020922733104, -10.94331293184809617, 1.508135875514283519 ) ) ;
#2425 = CARTESIAN_POINT ( 'NONE',  ( 5.501388046892797590, 13.42033910613887038, 1.871775971630718072 ) ) ;
#2426 = CARTESIAN_POINT ( 'NONE',  ( -6.650148402442153106, 15.89695127579160072, 1.995744124369544403 ) ) ;
#2427 = CARTESIAN_POINT ( 'NONE',  ( -9.198488475794976083, 5.673204499567274794, 0.8727068059256545274 ) ) ;
#2428 = DIRECTION ( 'NONE',  ( 0.000000000000000000, 0.01199130751755594915, -0.9999281016873260430 ) ) ;
#2429 = VERTEX_POINT ( 'NONE', #3275 ) ;
#2430 = VERTEX_POINT ( 'NONE', #4338 ) ;
#2431 = CARTESIAN_POINT ( 'NONE',  ( 7.974846093035446337, 14.30140355879321845, 0.8570676191305385272 ) ) ;
#2432 = CARTESIAN_POINT ( 'NONE',  ( -3.152630597441723026, -15.68575428288006890, 3.008737950001707517 ) ) ;
#2433 = CARTESIAN_POINT ( 'NONE',  ( -7.457254575442677336, 14.59806478682516406, 2.028964732352216860 ) ) ;
#2434 = ADVANCED_FACE ( 'NONE', ( #525 ), #1440, .T. ) ;
#2435 = EDGE_LOOP ( 'NONE', ( #4368, #2390, #882, #3335 ) ) ;
#2436 = ORIENTED_EDGE ( 'NONE', *, *, #1117, .T. ) ;
#2437 = CARTESIAN_POINT ( 'NONE',  ( 3.739784241004762102E-13, -16.05550737207284939, 5.054056728823178801 ) ) ;
#2438 = CARTESIAN_POINT ( 'NONE',  ( 6.810307721761733823, -14.32333250627344867, 2.702940561425308363 ) ) ;
#2439 = CARTESIAN_POINT ( 'NONE',  ( 4.920450714021162852, 8.062948878235852490, 4.231786004568357740 ) ) ;
#2440 = CARTESIAN_POINT ( 'NONE',  ( 5.743506946725378093, 13.26855235583489723, 1.645021442135709888 ) ) ;
#2441 = CARTESIAN_POINT ( 'NONE',  ( 7.322234847889907527, -15.23520625469086021, 2.183030846755966703 ) ) ;
#2442 = EDGE_LOOP ( 'NONE', ( #1114, #2007, #2328, #532, #4316, #808, #3744, #1307, #2561 ) ) ;
#2443 = DIRECTION ( 'NONE',  ( -0.000000000000000000, 0.000000000000000000, -1.000000000000000000 ) ) ;
#2444 = ORIENTED_EDGE ( 'NONE', *, *, #4501, .T. ) ;
#2445 = EDGE_LOOP ( 'NONE', ( #4303, #3017, #2960, #91 ) ) ;
#2446 = CARTESIAN_POINT ( 'NONE',  ( 2.609938859766035790, 16.18292610353507754, 4.740001781119006274 ) ) ;
#2447 = CARTESIAN_POINT ( 'NONE',  ( 8.469926403589887798, 5.673204499567274794, 1.800178046496884621 ) ) ;
#2448 = DIRECTION ( 'NONE',  ( 0.000000000000000000, 1.000000000000000000, 0.000000000000000000 ) ) ;
#2449 = VERTEX_POINT ( 'NONE', #2972 ) ;
#2450 = CARTESIAN_POINT ( 'NONE',  ( 8.500283312384485868, 12.28369974669457143, 0.6907566850894323318 ) ) ;
#2451 = CARTESIAN_POINT ( 'NONE',  ( 5.363993424214237749, -15.81922562283079969, 3.609620215088957806 ) ) ;
#2452 = VERTEX_POINT ( 'NONE', #809 ) ;
#2453 = ORIENTED_EDGE ( 'NONE', *, *, #3871, .T. ) ;
#2454 = CARTESIAN_POINT ( 'NONE',  ( 3.873516091321978328E-13, 5.244133606963704786, 4.142191580903609172 ) ) ;
#2455 = EDGE_CURVE ( 'NONE', #2863, #1795, #1875, .T. ) ;
#2456 = ORIENTED_EDGE ( 'NONE', *, *, #2762, .F. ) ;
#2457 = CARTESIAN_POINT ( 'NONE',  ( 6.501703938099879565, -8.000000000000000000, 0.5667575028251018443 ) ) ;
#2458 = DIRECTION ( 'NONE',  ( 0.7071067811865475727, -0.000000000000000000, 0.7071067811865475727 ) ) ;
#2459 = CARTESIAN_POINT ( 'NONE',  ( 2.939256607140257493, -16.99999999999999645, 3.614140428422698559 ) ) ;
#2460 = CARTESIAN_POINT ( 'NONE',  ( -2.939250811322422940, -16.99999999999999645, 3.614142708031303997 ) ) ;
#2461 = CARTESIAN_POINT ( 'NONE',  ( -7.121189817713720949, -10.53885127891453521, -0.02703285807638508564 ) ) ;
#2462 = CARTESIAN_POINT ( 'NONE',  ( 5.156213598362831441, 11.49871291511276716, 2.146754133070229109 ) ) ;
#2463 = EDGE_CURVE ( 'NONE', #3911, #4008, #3027, .T. ) ;
#2464 = CARTESIAN_POINT ( 'NONE',  ( -10.89969988970539738, -17.00000000000000355, -2.536691632741497671 ) ) ;
#2465 = CARTESIAN_POINT ( 'NONE',  ( 5.068323923075347182, -12.29670817481160228, 2.233461189958886983 ) ) ;
#2466 = DIRECTION ( 'NONE',  ( 0.000000000000000000, -1.000000000000000000, 0.000000000000000000 ) ) ;
#2467 = VECTOR ( 'NONE', #1146, 1000.000000000000000 ) ;
#2468 =( BOUNDED_SURFACE ( )  B_SPLINE_SURFACE ( 3, 2, ( 
 ( #1309, #3225, #1851 ),
 ( #1011, #1755, #4094 ),
 ( #2115, #656, #1834 ),
 ( #1740, #684, #765 ) ),
 .UNSPECIFIED., .F., .F., .F. ) 
 B_SPLINE_SURFACE_WITH_KNOTS ( ( 4, 4 ),
 ( 3, 3 ),
 ( 0.006756986296832324761, 0.007148097322388561985 ),
 ( 0.000000000000000000, 1.000000000000000000 ),
 .UNSPECIFIED. ) 
 GEOMETRIC_REPRESENTATION_ITEM ( )  RATIONAL_B_SPLINE_SURFACE ( (
 ( 1.000000000000000000, 0.8887207413312885329, 1.000000000000000000),
 ( 1.000000000000000000, 0.8830771071545210349, 1.000000000000000000),
 ( 1.000000000000000000, 0.8769826137894908280, 1.000000000000000000),
 ( 1.000000000000000000, 0.8708346933779258503, 1.000000000000000000) ) ) 
 REPRESENTATION_ITEM ( '' )  SURFACE ( )  );
#2469 = CARTESIAN_POINT ( 'NONE',  ( -7.028893800614189225, 14.16277069277938239, 2.531535968669154979 ) ) ;
#2470 = CARTESIAN_POINT ( 'NONE',  ( -4.642103005321666309, 9.686157910436779872, 2.525209238973473269 ) ) ;
#2471 = EDGE_CURVE ( 'NONE', #230, #1483, #3616, .T. ) ;
#2472 = CARTESIAN_POINT ( 'NONE',  ( 5.514230183611986469, -13.45094155697006499, 1.860233216474890705 ) ) ;
#2473 = LINE ( 'NONE', #3161, #292 ) ;
#2474 = CARTESIAN_POINT ( 'NONE',  ( 3.499999999999999556, -16.99999999999999645, 3.393604602115719349 ) ) ;
#2475 = CARTESIAN_POINT ( 'NONE',  ( 6.804327387364258684, 14.31266933273845865, 2.709128558080759142 ) ) ;
#2476 = CARTESIAN_POINT ( 'NONE',  ( -6.616674292636591126, -12.47039332537688949, 0.5815727752654346050 ) ) ;
#2477 = CARTESIAN_POINT ( 'NONE',  ( -3.846219941155161859, 17.00000000000000355, 4.273917554386398976 ) ) ;
#2478 = AXIS2_PLACEMENT_3D ( 'NONE', #2194, #3371, #399 ) ;
#2479 = CARTESIAN_POINT ( 'NONE',  ( 0.3307307696748469361, -16.05550737207309098, 5.054056728844335211 ) ) ;
#2480 = VECTOR ( 'NONE', #1367, 1000.000000000000000 ) ;
#2481 = CARTESIAN_POINT ( 'NONE',  ( -7.522347697929420818, 14.99002774525271064, 1.983374801183811265 ) ) ;
#2482 = CARTESIAN_POINT ( 'NONE',  ( 4.526047039959395946, 16.99999999999988987, 4.050498434667638037 ) ) ;
#2483 = CARTESIAN_POINT ( 'NONE',  ( -4.961586031847537548, -8.228961331730589635, 4.205330412869082934 ) ) ;
#2484 = CARTESIAN_POINT ( 'NONE',  ( -8.225699009937384787, 13.63945508813920959, 0.5985900872980139953 ) ) ;
#2485 = FACE_OUTER_BOUND ( 'NONE', #1111, .T. ) ;
#2486 = CARTESIAN_POINT ( 'NONE',  ( 3.500000000000000444, -15.99999999999999645, -1.000000000000000000 ) ) ;
#2487 = CARTESIAN_POINT ( 'NONE',  ( -4.751698955602395635, 4.817659192165485216, 4.182633776350676236 ) ) ;
#2488 = EDGE_CURVE ( 'NONE', #465, #2062, #3422, .T. ) ;
#2489 = AXIS2_PLACEMENT_3D ( 'NONE', #4044, #2954, #1793 ) ;
#2490 = CARTESIAN_POINT ( 'NONE',  ( 8.500000000000001776, 11.99550807692978083, 0.6906178178119245503 ) ) ;
#2491 = DIRECTION ( 'NONE',  ( 0.000000000000000000, 0.000000000000000000, -1.000000000000000000 ) ) ;
#2492 = CARTESIAN_POINT ( 'NONE',  ( -3.721604574198899229, 4.781489210567730908, 3.089211955459489900 ) ) ;
#2493 = CARTESIAN_POINT ( 'NONE',  ( 3.932242561688804816, 8.617836641168372225, 3.011140379310659032 ) ) ;
#2494 = CARTESIAN_POINT ( 'NONE',  ( 3.739784241004762102E-13, -16.05550737207284939, 5.054056728823178801 ) ) ;
#2495 = VERTEX_POINT ( 'NONE', #742 ) ;
#2496 = CARTESIAN_POINT ( 'NONE',  ( -7.398003010518374722, -14.46004242684107588, 2.093477928884512007 ) ) ;
#2497 = CARTESIAN_POINT ( 'NONE',  ( -10.05889772328631970, 5.673204499567274794, -0.2859285610115660514 ) ) ;
#2498 = CARTESIAN_POINT ( 'NONE',  ( 6.134749043340486985, 16.27698294898900500, 3.092192776812677124 ) ) ;
#2499 = DIRECTION ( 'NONE',  ( -1.000000000000000000, 0.000000000000000000, 0.000000000000000000 ) ) ;
#2500 = DIRECTION ( 'NONE',  ( 0.000000000000000000, -1.000000000000000000, 0.000000000000000000 ) ) ;
#2501 = ORIENTED_EDGE ( 'NONE', *, *, #4731, .T. ) ;
#2502 = CARTESIAN_POINT ( 'NONE',  ( 6.005310560938113440, -12.63697469759292602, 3.397370064303815163 ) ) ;
#2503 = CARTESIAN_POINT ( 'NONE',  ( -5.713146207533208454, 13.18264185940122957, 1.672771439098483803 ) ) ;
#2504 = ORIENTED_EDGE ( 'NONE', *, *, #3352, .T. ) ;
#2505 = CARTESIAN_POINT ( 'NONE',  ( 6.046377682275388743, 16.30301762710890046, 2.331747339460344737 ) ) ;
#2506 = ORIENTED_EDGE ( 'NONE', *, *, #1475, .T. ) ;
#2507 = CARTESIAN_POINT ( 'NONE',  ( 1.113392099858660728E-14, -16.99999999999999289, 4.055598451454732967 ) ) ;
#2508 = DIRECTION ( 'NONE',  ( -1.000000000000000000, 0.000000000000000000, 0.000000000000000000 ) ) ;
#2509 = VERTEX_POINT ( 'NONE', #32 ) ;
#2510 = CARTESIAN_POINT ( 'NONE',  ( -3.500000000000000444, -16.99999999999999645, 0.000000000000000000 ) ) ;
#2511 = CARTESIAN_POINT ( 'NONE',  ( 5.499999999999999112, 8.000000000000000000, -1.800000000000000044 ) ) ;
#2512 = EDGE_CURVE ( 'NONE', #1448, #4056, #3826, .T. ) ;
#2513 = ORIENTED_EDGE ( 'NONE', *, *, #446, .T. ) ;
#2514 = CARTESIAN_POINT ( 'NONE',  ( 3.258897967711004373, -5.194149003014288724, 3.376995485863341528 ) ) ;
#2515 = ORIENTED_EDGE ( 'NONE', *, *, #4283, .F. ) ;
#2516 = VECTOR ( 'NONE', #639, 1000.000000000000000 ) ;
#2517 = CARTESIAN_POINT ( 'NONE',  ( 5.499999999999999112, -8.000000000000000000, 500000.0000000000582 ) ) ;
#2518 = B_SPLINE_CURVE_WITH_KNOTS ( 'NONE', 3,
 ( #1955, #1576, #2711, #1188 ),
 .UNSPECIFIED., .F., .F.,
 ( 4, 4 ),
 ( 0.000000000000000000, 0.02400041248623109580 ),
 .UNSPECIFIED. ) ;
#2519 = EDGE_CURVE ( 'NONE', #3860, #1719, #971, .T. ) ;
#2520 = LOCAL_TIME ( 14, 13, 2.000000000000000000, #3534 ) ;
#2521 = CARTESIAN_POINT ( 'NONE',  ( -3.500000000000000444, -16.99999999999999645, 3.393604602115719349 ) ) ;
#2522 = CARTESIAN_POINT ( 'NONE',  ( 5.398197844490257857, 16.30301762710904256, 3.404034413371270773 ) ) ;
#2523 = CARTESIAN_POINT ( 'NONE',  ( -3.854015623710976612, -17.00000000000000000, 3.282219424294073207 ) ) ;
#2524 = CARTESIAN_POINT ( 'NONE',  ( -6.087111731022416095, -14.35859418244194430, 1.318932217598825396 ) ) ;
#2525 = CARTESIAN_POINT ( 'NONE',  ( 2.603059655994049759, 16.05551895081995184, 4.749096612140367490 ) ) ;
#2526 = CIRCLE ( 'NONE', #2978, 4.000000000000000888 ) ;
#2527 = CARTESIAN_POINT ( 'NONE',  ( -8.500000000000000000, 12.00000000000001066, 0.3160464792015754143 ) ) ;
#2528 = CARTESIAN_POINT ( 'NONE',  ( -10.74679766452910634, -5.673204499567389369, -1.212263806944451794 ) ) ;
#2529 = CARTESIAN_POINT ( 'NONE',  ( 6.166035330179911789, 15.47619896409449147, 3.116403581723015570 ) ) ;
#2530 = FACE_OUTER_BOUND ( 'NONE', #605, .T. ) ;
#2531 = CARTESIAN_POINT ( 'NONE',  ( 0.6021517986947996226, 15.50000000000002309, 3.566776734745230826 ) ) ;
#2532 = EDGE_LOOP ( 'NONE', ( #3960, #3032, #86, #1279 ) ) ;
#2533 = FACE_OUTER_BOUND ( 'NONE', #1978, .T. ) ;
#2534 = CARTESIAN_POINT ( 'NONE',  ( -5.499999999999999112, 8.000000000000000000, 500000.0000000000582 ) ) ;
#2535 = ORIENTED_EDGE ( 'NONE', *, *, #4481, .F. ) ;
#2536 = CARTESIAN_POINT ( 'NONE',  ( -4.478608825186770837, 9.771425645520443126, 2.698748076339391844 ) ) ;
#2537 = LINE ( 'NONE', #1636, #4437 ) ;
#2538 = CARTESIAN_POINT ( 'NONE',  ( 5.811707768304000155, -9.962533720275649429, 3.502336767165806553 ) ) ;
#2539 = DIRECTION ( 'NONE',  ( 0.000000000000000000, 0.000000000000000000, -1.000000000000000000 ) ) ;
#2540 = CARTESIAN_POINT ( 'NONE',  ( 7.396282100295883843, -5.673204499567389369, 2.882169578175852731 ) ) ;
#2541 = DIRECTION ( 'NONE',  ( 0.000000000000000000, 0.000000000000000000, -1.000000000000000000 ) ) ;
#2542 = AXIS2_PLACEMENT_3D ( 'NONE', #1070, #315, #2910 ) ;
#2543 = CARTESIAN_POINT ( 'NONE',  ( -8.500000000000000000, 12.00000000000000711, 0.3160464792015763580 ) ) ;
#2544 = B_SPLINE_CURVE_WITH_KNOTS ( 'NONE', 3,
 ( #1113, #2986, #1810, #352 ),
 .UNSPECIFIED., .F., .F.,
 ( 4, 4 ),
 ( 0.02080073874085137248, 0.02400110516834941601 ),
 .UNSPECIFIED. ) ;
#2545 = CARTESIAN_POINT ( 'NONE',  ( 5.499999999999999112, 8.800000000000000711, 1.597353125134759466 ) ) ;
#2546 = CARTESIAN_POINT ( 'NONE',  ( 3.340527922669936700, -0.2316062867005384274, 4.981886850370443653 ) ) ;
#2547 = PERSON_AND_ORGANIZATION_ROLE ( 'design_supplier' ) ;
#2548 = CARTESIAN_POINT ( 'NONE',  ( -6.900889582540773226, -15.68073776255956098, 1.841617963530864932 ) ) ;
#2549 = EDGE_CURVE ( 'NONE', #3099, #4630, #2594, .T. ) ;
#2550 = CARTESIAN_POINT ( 'NONE',  ( -5.499999999999999112, -8.800000000000000711, 1.597427474109736067 ) ) ;
#2551 = CARTESIAN_POINT ( 'NONE',  ( -7.000000000000001776, -12.23647315843176209, 0.1329241536717462313 ) ) ;
#2552 = ADVANCED_FACE ( 'NONE', ( #4839 ), #4002, .T. ) ;
#2553 = EDGE_LOOP ( 'NONE', ( #1499, #3253, #1222 ) ) ;
#2554 = CARTESIAN_POINT ( 'NONE',  ( 7.000000000000000888, -8.800000000000000711, 500000.0000000000582 ) ) ;
#2555 = CARTESIAN_POINT ( 'NONE',  ( -2.297013675967249036, -17.00000000000000355, 4.813736087495770199 ) ) ;
#2556 = CARTESIAN_POINT ( 'NONE',  ( -5.811707768304000155, -9.962533720275649429, 3.502336767165806553 ) ) ;
#2557 = ORIENTED_EDGE ( 'NONE', *, *, #3959, .T. ) ;
#2558 = VERTEX_POINT ( 'NONE', #1927 ) ;
#2559 = DIRECTION ( 'NONE',  ( -0.9306137368775511121, -1.210768122320992367E-15, 0.3660028315939645727 ) ) ;
#2560 = CARTESIAN_POINT ( 'NONE',  ( 4.194012262982486305, -7.267307889117337716, 4.574747322297906038 ) ) ;
#2561 = ORIENTED_EDGE ( 'NONE', *, *, #3894, .F. ) ;
#2562 = CARTESIAN_POINT ( 'NONE',  ( -3.854000060904507752, 17.00000000000001066, 3.282224320874454371 ) ) ;
#2563 = ORIENTED_EDGE ( 'NONE', *, *, #1596, .F. ) ;
#2564 = ORIENTED_EDGE ( 'NONE', *, *, #1753, .T. ) ;
#2565 = FACE_OUTER_BOUND ( 'NONE', #1981, .T. ) ;
#2566 = CARTESIAN_POINT ( 'NONE',  ( 4.434700834559747840, 1.060481385610233751, 4.354086615452374076 ) ) ;
#2567 = AXIS2_PLACEMENT_3D ( 'NONE', #1251, #3875, #4633 ) ;
#2568 = B_SPLINE_CURVE_WITH_KNOTS ( 'NONE', 3,
 ( #4001, #2119, #310, #4462, #4776, #2894, #2538, #324, #4790, #3278, #1033, #3658, #1779, #3312, #3298, #1045 ),
 .UNSPECIFIED., .F., .F.,
 ( 4, 2, 2, 2, 2, 2, 2, 4 ),
 ( 3.805534180917389138E-18, 0.001871416463148970226, 0.003742832926297936548, 0.005614249389446902654, 0.007485665852595868759, 0.01122849877889380531, 0.01309991524204277141, 0.01497133170519174099 ),
 .UNSPECIFIED. ) ;
#2569 = CARTESIAN_POINT ( 'NONE',  ( 6.600000000000002309, 8.000000000000000000, -1.800000000000000044 ) ) ;
#2570 = CARTESIAN_POINT ( 'NONE',  ( 7.500000000000001776, 12.00000000000000711, 0.000000000000000000 ) ) ;
#2571 = CARTESIAN_POINT ( 'NONE',  ( 3.500000000000003553, 17.00000000000000711, 3.393604471454715554 ) ) ;
#2572 = VECTOR ( 'NONE', #2749, 1000.000000000000000 ) ;
#2573 = CARTESIAN_POINT ( 'NONE',  ( -6.734706500011156116, -17.00000000000000355, 2.570359893976820409 ) ) ;
#2574 = CARTESIAN_POINT ( 'NONE',  ( -5.754769411282262048, -13.29929209859731110, 1.634416142651753168 ) ) ;
#2575 = B_SPLINE_CURVE_WITH_KNOTS ( 'NONE', 3,
 ( #3827, #3471, #4602, #3840 ),
 .UNSPECIFIED., .F., .F.,
 ( 4, 4 ),
 ( 0.004000435262749321534, 0.02000068265630468300 ),
 .UNSPECIFIED. ) ;
#2576 = CARTESIAN_POINT ( 'NONE',  ( 2.115037181291310464, -15.68573556745399600, 3.338501886825949061 ) ) ;
#2577 = EDGE_CURVE ( 'NONE', #3232, #1398, #1874, .T. ) ;
#2578 = CARTESIAN_POINT ( 'NONE',  ( -2.939299680968772588, 17.00000000000000711, 3.614123487995920314 ) ) ;
#2579 = ADVANCED_FACE ( 'NONE', ( #297 ), #3135, .T. ) ;
#2580 = CARTESIAN_POINT ( 'NONE',  ( -7.101353029578827858, 9.376561229519394303, -0.01857030143352403698 ) ) ;
#2581 = AXIS2_PLACEMENT_3D ( 'NONE', #3849, #2383, #195 ) ;
#2582 = DIRECTION ( 'NONE',  ( 1.000000000000000000, 0.000000000000000000, 0.000000000000000000 ) ) ;
#2583 = CARTESIAN_POINT ( 'NONE',  ( 5.458735165888096041, 8.625404042979536001, 3.748337051649398344 ) ) ;
#2584 = LINE ( 'NONE', #3208, #4780 ) ;
#2585 = PLANE ( 'NONE',  #290 ) ;
#2586 = CARTESIAN_POINT ( 'NONE',  ( 8.169798805193474678, -3.997526653621023218, 0.9877291440988246185 ) ) ;
#2587 = CARTESIAN_POINT ( 'NONE',  ( -6.365739240866126636, -14.01853357731715022, 0.9531948996660606355 ) ) ;
#2588 = DIRECTION ( 'NONE',  ( -0.9999845894361576448, 0.005551656527505913381, 0.000000000000000000 ) ) ;
#2589 = FACE_OUTER_BOUND ( 'NONE', #252, .T. ) ;
#2590 = CARTESIAN_POINT ( 'NONE',  ( -5.940250666416571512, 5.673204499567274794, 4.042376151033725939 ) ) ;
#2591 = CARTESIAN_POINT ( 'NONE',  ( -6.999999999999998224, 8.799999999999911893, 0.07876482680197892383 ) ) ;
#2592 = VERTEX_POINT ( 'NONE', #3486 ) ;
#2593 = CARTESIAN_POINT ( 'NONE',  ( -4.473255002660109447, -10.54249216096958364, 2.668423906463001760 ) ) ;
#2594 = LINE ( 'NONE', #49, #1472 ) ;
#2595 = DIRECTION ( 'NONE',  ( 0.000000000000000000, 1.000000000000000000, 0.000000000000000000 ) ) ;
#2596 = CARTESIAN_POINT ( 'NONE',  ( -3.441202228100360472, -2.818654001366228901, 4.939723937804169296 ) ) ;
#2597 = DIRECTION ( 'NONE',  ( 0.9306136308538550672, 0.000000000000000000, -0.3660031011740267348 ) ) ;
#2598 = CARTESIAN_POINT ( 'NONE',  ( -5.809498809030472444, 16.44746858485389041, 2.459217174825643060 ) ) ;
#2599 = DIRECTION ( 'NONE',  ( 0.3660028315939458099, 0.000000000000000000, 0.9306137368775585506 ) ) ;
#2600 = B_SPLINE_CURVE_WITH_KNOTS ( 'NONE', 3,
 ( #2240, #1116, #4838, #1839, #4498, #27, #4116, #4515 ),
 .UNSPECIFIED., .F., .F.,
 ( 4, 2, 2, 4 ),
 ( 0.003987014580741400811, 0.004983972414547436884, 0.005980930248353472090, 0.007974845915965544235 ),
 .UNSPECIFIED. ) ;
#2601 = CARTESIAN_POINT ( 'NONE',  ( 0.000000000000000000, 16.22243673706357114, 5.034205455006047103 ) ) ;
#2602 = PLANE ( 'NONE',  #3245 ) ;
#2603 = CARTESIAN_POINT ( 'NONE',  ( -3.651733313953490434, 4.165266858837275876, 3.126348878315254431 ) ) ;
#2604 = CARTESIAN_POINT ( 'NONE',  ( -8.287337731154670095, 13.47027096025735737, 0.5351861079559938617 ) ) ;
#2605 = CARTESIAN_POINT ( 'NONE',  ( 3.500000000000001332, 15.50000000000000888, 2.882870115353428186 ) ) ;
#2606 = CARTESIAN_POINT ( 'NONE',  ( -4.446666417103918967, -0.8473572084001674831, 4.347884171992501656 ) ) ;
#2607 = CARTESIAN_POINT ( 'NONE',  ( 4.660619686243644644, -2.478763367342322610, 2.151300437881347172 ) ) ;
#2608 = CC_DESIGN_APPROVAL ( #2670, ( #4183 ) ) ;
#2609 = CARTESIAN_POINT ( 'NONE',  ( -5.069565823297504714, -12.30105132386809785, 2.232809273822974561 ) ) ;
#2610 = EDGE_CURVE ( 'NONE', #4074, #1885, #3372, .T. ) ;
#2611 = B_SPLINE_CURVE_WITH_KNOTS ( 'NONE', 3,
 ( #2550, #2935, #2639, #750 ),
 .UNSPECIFIED., .F., .F.,
 ( 4, 4 ),
 ( 7.372214451826198724E-15, 0.002134440500099683922 ),
 .UNSPECIFIED. ) ;
#2612 = CARTESIAN_POINT ( 'NONE',  ( 5.067486119352103913, 15.91331639362451789, 3.775548230059294852 ) ) ;
#2613 = EDGE_LOOP ( 'NONE', ( #741, #189, #840, #2001 ) ) ;
#2614 = DIRECTION ( 'NONE',  ( -0.3660031011740267903, 0.000000000000000000, -0.9306136308538550672 ) ) ;
#2615 = CARTESIAN_POINT ( 'NONE',  ( -3.340527922669936700, -0.2316062867005384274, 4.981886850370443653 ) ) ;
#2616 = ORIENTED_EDGE ( 'NONE', *, *, #1771, .T. ) ;
#2617 = CARTESIAN_POINT ( 'NONE',  ( 3.767469130765711605E-13, 16.13993331871816039, 5.049363230317262641 ) ) ;
#2618 = CARTESIAN_POINT ( 'NONE',  ( -7.398003010518374722, -14.46004242684107588, 2.093477928884512007 ) ) ;
#2619 = ORIENTED_EDGE ( 'NONE', *, *, #272, .T. ) ;
#2620 = DIRECTION ( 'NONE',  ( 1.000000000000000000, 0.000000000000000000, 0.000000000000000000 ) ) ;
#2621 = CARTESIAN_POINT ( 'NONE',  ( 5.804629536147778879, 14.64390177899900181, 1.555713827144048489 ) ) ;
#2622 = VERTEX_POINT ( 'NONE', #546 ) ;
#2623 = CARTESIAN_POINT ( 'NONE',  ( 4.525965575822585407, 16.99999999999988987, 4.050535744935335636 ) ) ;
#2624 = CARTESIAN_POINT ( 'NONE',  ( -3.999999391097984525, 1.538284736321978485, 4.749023867174533287 ) ) ;
#2625 = ORIENTED_EDGE ( 'NONE', *, *, #3742, .T. ) ;
#2626 = CARTESIAN_POINT ( 'NONE',  ( 7.026000311317889491, 1.174932056152923288, -0.0006628901727773869792 ) ) ;
#2627 = CARTESIAN_POINT ( 'NONE',  ( -4.833482535786908230, -10.39671470224205407, 2.390987453710915034 ) ) ;
#2628 = EDGE_CURVE ( 'NONE', #4586, #4769, #4585, .T. ) ;
#2629 = CARTESIAN_POINT ( 'NONE',  ( 4.747261670776265408E-16, 15.49999999997581845, 3.582233659923280022 ) ) ;
#2630 = ORIENTED_EDGE ( 'NONE', *, *, #1504, .F. ) ;
#2631 = CARTESIAN_POINT ( 'NONE',  ( 0.5522146070350064662, 5.244133606963492511, 4.142191580947014451 ) ) ;
#2632 = EDGE_CURVE ( 'NONE', #364, #3090, #2326, .T. ) ;
#2633 = CARTESIAN_POINT ( 'NONE',  ( -3.528889254045150636, 6.784074070551612046, 3.238168408645074603 ) ) ;
#2634 = CARTESIAN_POINT ( 'NONE',  ( -7.971418524135986949, -14.25353936818041056, 0.8617778209148224677 ) ) ;
#2635 = APPROVAL_DATE_TIME ( #2686, #1750 ) ;
#2636 = CARTESIAN_POINT ( 'NONE',  ( 8.500000000000000000, 1.411314363729516907, 0.6898171700313004973 ) ) ;
#2637 = B_SPLINE_CURVE_WITH_KNOTS ( 'NONE', 3,
 ( #3268, #1402, #3634, #2138 ),
 .UNSPECIFIED., .F., .F.,
 ( 4, 4 ),
 ( 9.697399036122160616E-19, 0.0003083244816862686826 ),
 .UNSPECIFIED. ) ;
#2638 = ORIENTED_EDGE ( 'NONE', *, *, #1572, .F. ) ;
#2639 = CARTESIAN_POINT ( 'NONE',  ( -6.502185764435045812, -8.800000000000004263, 0.5872453111812229176 ) ) ;
#2640 = CARTESIAN_POINT ( 'NONE',  ( 3.235890981529917720, 16.30301762710903901, 4.521515815585597231 ) ) ;
#2641 = CARTESIAN_POINT ( 'NONE',  ( 4.643859247304865434, 15.31558263028962230, 2.324322483077787549 ) ) ;
#2642 = CARTESIAN_POINT ( 'NONE',  ( -7.964323372838652659, 16.99999999999988987, 1.364908001160543227 ) ) ;
#2643 = CARTESIAN_POINT ( 'NONE',  ( 7.318123579784081123, 15.23085870178407752, 1.554094314536295318 ) ) ;
#2644 = VECTOR ( 'NONE', #73, 1000.000000000000000 ) ;
#2645 = DIRECTION ( 'NONE',  ( 0.7071067811865475727, 0.000000000000000000, -0.7071067811865475727 ) ) ;
#2646 = B_SPLINE_CURVE_WITH_KNOTS ( 'NONE', 3,
 ( #4744, #1368, #3302, #4349, #2514, #4018, #3990, #664, #2061, #2102, #2882, #3267, #2465, #2845, #3663, #265 ),
 .UNSPECIFIED., .F., .F.,
 ( 4, 2, 2, 2, 2, 2, 2, 4 ),
 ( 0.000000000000000000, 0.003734998440042229875, 0.005602497660063342211, 0.007469996880084456281, 0.009337496100105570351, 0.01120499532012668095, 0.01307249454014779502, 0.01493999376016890909 ),
 .UNSPECIFIED. ) ;
#2647 = CARTESIAN_POINT ( 'NONE',  ( 2.806989658067836846, 5.244135032971886545, 3.744374705187601737 ) ) ;
#2648 = CARTESIAN_POINT ( 'NONE',  ( -3.246145018437603724, 16.05550404331332004, 4.566346913187638634 ) ) ;
#2649 = CARTESIAN_POINT ( 'NONE',  ( -3.716843013903642134, 5.064148336139211004, 3.101719317913179452 ) ) ;
#2650 = LINE ( 'NONE', #106, #4714 ) ;
#2651 = CARTESIAN_POINT ( 'NONE',  ( 8.500000000000000000, 12.03111734946785560, 0.6897008737574372716 ) ) ;
#2652 = ORIENTED_EDGE ( 'NONE', *, *, #2891, .F. ) ;
#2653 = ORIENTED_EDGE ( 'NONE', *, *, #1693, .F. ) ;
#2654 = ADVANCED_FACE ( 'NONE', ( #2533 ), #4553, .F. ) ;
#2655 = CARTESIAN_POINT ( 'NONE',  ( 3.499999999999999556, 12.00000000000000711, 0.000000000000000000 ) ) ;
#2656 = CARTESIAN_POINT ( 'NONE',  ( -2.366496047446567719, -16.99999999999999645, 3.777080498291200072 ) ) ;
#2657 = CARTESIAN_POINT ( 'NONE',  ( -5.062513180856168304, -15.14007310577494003, 2.073020755993751685 ) ) ;
#2658 = CARTESIAN_POINT ( 'NONE',  ( 5.689770833719300036, 16.51556956314772862, 2.521618998557923153 ) ) ;
#2659 = CARTESIAN_POINT ( 'NONE',  ( 5.936697060824712047, -13.95001687425945747, 1.474839364578669931 ) ) ;
#2660 = CARTESIAN_POINT ( 'NONE',  ( 3.865438509202292039, -16.05550970860616289, 4.322783469849194482 ) ) ;
#2661 = CARTESIAN_POINT ( 'NONE',  ( -3.415415407070579334, 1.272172676325613594, 3.256248102972242986 ) ) ;
#2662 = CARTESIAN_POINT ( 'NONE',  ( 8.345124027895433727, -16.72298068343394561, 0.9161577723914753335 ) ) ;
#2663 = ORIENTED_EDGE ( 'NONE', *, *, #398, .T. ) ;
#2664 = B_SPLINE_CURVE_WITH_KNOTS ( 'NONE', 3,
 ( #2165, #2551, #1820, #3734, #1108, #752, #1463, #3358, #381, #2587, #2982, #4093 ),
 .UNSPECIFIED., .F., .F.,
 ( 4, 2, 2, 2, 2, 4 ),
 ( 0.000000000000000000, 0.0006967276100297323076, 0.001045091415044598678, 0.001393455220059465266, 0.002090182830089197790, 0.002786910440118930965 ),
 .UNSPECIFIED. ) ;
#2665 = EDGE_CURVE ( 'NONE', #388, #4516, #3847, .T. ) ;
#2666 = CARTESIAN_POINT ( 'NONE',  ( 8.500000000000000000, -12.30441071974256850, 0.3192025401371950122 ) ) ;
#2667 = CARTESIAN_POINT ( 'NONE',  ( -7.704508748271762464, 14.71921411870708951, 1.142381903696367162 ) ) ;
#2668 = CARTESIAN_POINT ( 'NONE',  ( 10.89969988970540626, 16.99999999999988987, -2.536691632741522540 ) ) ;
#2669 = CARTESIAN_POINT ( 'NONE',  ( -8.500000000000000000, -16.64271604770783952, 0.6900148776976180454 ) ) ;
#2670 = APPROVAL ( #763, '未指定' ) ;
#2671 = PLANE ( 'NONE',  #2284 ) ;
#2672 = ORIENTED_EDGE ( 'NONE', *, *, #406, .T. ) ;
#2673 = B_SPLINE_CURVE_WITH_KNOTS ( 'NONE', 3,
 ( #3495, #847, #1254, #3861, #1207, #3083, #4600, #1989 ),
 .UNSPECIFIED., .F., .F.,
 ( 4, 2, 2, 4 ),
 ( 4.336808689942017736E-19, 0.001786445788973828981, 0.002679668683460743363, 0.003572891577947657528 ),
 .UNSPECIFIED. ) ;
#2674 = CARTESIAN_POINT ( 'NONE',  ( 7.121189817713720949, -10.53885127891453521, -0.02703285807638508564 ) ) ;
#2675 = CARTESIAN_POINT ( 'NONE',  ( 8.313461974219540807, -13.36697211067426494, 0.9217984367457771055 ) ) ;
#2676 = CARTESIAN_POINT ( 'NONE',  ( -8.287343433709661866, -13.47025253975454007, 0.5353996235811161464 ) ) ;
#2677 = LINE ( 'NONE', #3539, #4333 ) ;
#2678 =( BOUNDED_SURFACE ( )  B_SPLINE_SURFACE ( 3, 2, ( 
 ( #238, #929, #2034 ),
 ( #2820, #107, #4654 ),
 ( #3999, #1379, #981 ),
 ( #1707, #3950, #2057 ),
 ( #4011, #2077, #996 ),
 ( #276, #2490, #4359 ) ),
 .UNSPECIFIED., .F., .F., .T. ) 
 B_SPLINE_SURFACE_WITH_KNOTS ( ( 4, 2, 4 ),
 ( 3, 3 ),
 ( 0.000000000000000000, 0.01200020624311555137, 0.02400041248623110274 ),
 ( 0.000000000000000000, 1.000000000000000000 ),
 .UNSPECIFIED. ) 
 GEOMETRIC_REPRESENTATION_ITEM ( )  RATIONAL_B_SPLINE_SURFACE ( (
 ( 1.000000000000000000, 0.9364433498661096644, 1.000000000000000000),
 ( 1.000000000000000000, 0.9215347448656525664, 1.000000000000000000),
 ( 1.000000000000000000, 0.9137282874752340467, 1.000000000000000000),
 ( 1.000000000000000000, 0.9137302745200569509, 1.000000000000000000),
 ( 1.000000000000000000, 0.9215394215462696659, 1.000000000000000000),
 ( 1.000000000000000000, 0.9364528015705020358, 1.000000000000000000) ) ) 
 REPRESENTATION_ITEM ( '' )  SURFACE ( )  );
#2679 = CARTESIAN_POINT ( 'NONE',  ( 8.500000000000000000, 17.00000000000000711, 0.6896464600796793354 ) ) ;
#2680 = ORIENTED_EDGE ( 'NONE', *, *, #3887, .F. ) ;
#2681 = CARTESIAN_POINT ( 'NONE',  ( -4.373600898173214831E-15, -5.170153135384584431, 3.999987029301766750 ) ) ;
#2682 = CARTESIAN_POINT ( 'NONE',  ( 7.068997572471190871, -14.79960888190960944, 2.437535899921424942 ) ) ;
#2683 = ORIENTED_EDGE ( 'NONE', *, *, #2324, .F. ) ;
#2684 = ORIENTED_EDGE ( 'NONE', *, *, #2455, .F. ) ;
#2685 = ORIENTED_EDGE ( 'NONE', *, *, #1815, .T. ) ;
#2686 = DATE_AND_TIME ( #2392, #3704 ) ;
#2687 = CARTESIAN_POINT ( 'NONE',  ( -8.199230929699766079, -7.994971485548212797, 0.9879512831983423560 ) ) ;
#2688 = CARTESIAN_POINT ( 'NONE',  ( 7.191083445833763577, 14.68409242090411659, 2.337136231761411054 ) ) ;
#2689 = CARTESIAN_POINT ( 'NONE',  ( 7.131044210207174494, 11.11994058108482264, -0.03150349345761701420 ) ) ;
#2690 = CARTESIAN_POINT ( 'NONE',  ( 6.800000000000001599, -8.000000000000000000, -1.000000000000000000 ) ) ;
#2691 = LINE ( 'NONE', #477, #1677 ) ;
#2692 = LOCAL_TIME ( 14, 13, 2.000000000000000000, #3355 ) ;
#2693 = CARTESIAN_POINT ( 'NONE',  ( 250006.9499999999825, -8.800000000000000711, 249998.5500000000757 ) ) ;
#2694 = CARTESIAN_POINT ( 'NONE',  ( 6.838231512537493728, -14.16297946131469843, 0.3748643974487820274 ) ) ;
#2695 = DIRECTION ( 'NONE',  ( -0.000000000000000000, -1.000000000000000000, -0.000000000000000000 ) ) ;
#2696 = CARTESIAN_POINT ( 'NONE',  ( 8.500000000000000000, 12.00000000000000711, 0.000000000000000000 ) ) ;
#2697 = CARTESIAN_POINT ( 'NONE',  ( 5.818023082803191137, -12.89345389006058973, 3.856112974706847218 ) ) ;
#2698 = ADVANCED_FACE ( 'NONE', ( #751 ), #2921, .T. ) ;
#2699 = B_SPLINE_CURVE_WITH_KNOTS ( 'NONE', 3,
 ( #1412, #3739, #2987, #4076, #2221, #1811, #756, #3005, #788, #1438, #3380, #1130, #1824, #1471 ),
 .UNSPECIFIED., .F., .F.,
 ( 4, 2, 2, 2, 2, 2, 4 ),
 ( 2.045668567712605528E-18, 0.001843239990848549465, 0.003686479981697097195, 0.005529719972545644492, 0.007372959963394191789, 0.01105943994509129072, 0.01474591992678838878 ),
 .UNSPECIFIED. ) ;
#2700 = CARTESIAN_POINT ( 'NONE',  ( 8.500000000000000000, -16.99999999999999645, 0.000000000000000000 ) ) ;
#2701 = CARTESIAN_POINT ( 'NONE',  ( 2.604941691323406250, 16.30301762710903901, 4.701977128628977987 ) ) ;
#2702 = LINE ( 'NONE', #3184, #459 ) ;
#2703 = CARTESIAN_POINT ( 'NONE',  ( 6.800000000000001599, -8.000000000000000000, -1.000000000000000000 ) ) ;
#2704 = EDGE_CURVE ( 'NONE', #1342, #569, #907, .T. ) ;
#2705 = CARTESIAN_POINT ( 'NONE',  ( 3.969548123687305807, -8.765161636444942062, 2.988816044693449747 ) ) ;
#2706 = CARTESIAN_POINT ( 'NONE',  ( 7.055324989557427706, 5.869331858568229698, -0.005675614445377830802 ) ) ;
#2707 = ORIENTED_EDGE ( 'NONE', *, *, #4799, .T. ) ;
#2708 = CARTESIAN_POINT ( 'NONE',  ( 6.138474834417982251, 14.29966313797108590, 1.251397191380044571 ) ) ;
#2709 = LINE ( 'NONE', #3242, #3368 ) ;
#2710 = B_SPLINE_CURVE_WITH_KNOTS ( 'NONE', 3,
 ( #1723, #2523, #657, #2892, #3657, #4413, #4787, #2959, #1450, #4830, #2548, #1804 ),
 .UNSPECIFIED., .F., .F.,
 ( 4, 2, 2, 2, 2, 4 ),
 ( 0.000000000000000000, 0.001095701276596570441, 0.001643551914894855444, 0.002191402553193140448, 0.003287103829789706552, 0.004382805106386272222 ),
 .UNSPECIFIED. ) ;
#2711 = CARTESIAN_POINT ( 'NONE',  ( 8.500000000000000000, 4.000340882375637896, 0.2201132092462994572 ) ) ;
#2712 = CARTESIAN_POINT ( 'NONE',  ( -5.587420632936048293, -17.00000000000000355, 3.471525893868137036 ) ) ;
#2713 = CARTESIAN_POINT ( 'NONE',  ( 4.442755860149892655, -0.2238429372659262451, 4.349911236560384253 ) ) ;
#2714 = EDGE_CURVE ( 'NONE', #1172, #2927, #2833, .T. ) ;
#2715 = VECTOR ( 'NONE', #2801, 1000.000000000000000 ) ;
#2716 = CARTESIAN_POINT ( 'NONE',  ( -5.078451683401370431, -15.90324806347910958, 3.765935057839471689 ) ) ;
#2717 = CARTESIAN_POINT ( 'NONE',  ( -4.434830591813766709, 1.039792340967064632, 4.354019354987094914 ) ) ;
#2718 = DIRECTION ( 'NONE',  ( -0.000000000000000000, -0.000000000000000000, 1.000000000000000000 ) ) ;
#2719 = PLANE ( 'NONE',  #1881 ) ;
#2720 = CARTESIAN_POINT ( 'NONE',  ( 4.663715896427572005, 9.979849301708798137, 2.533846163918672900 ) ) ;
#2721 = CARTESIAN_POINT ( 'NONE',  ( -4.643859247304865434, 15.31558263028962230, 2.324322483077787549 ) ) ;
#2722 = EDGE_CURVE ( 'NONE', #4584, #878, #3948, .T. ) ;
#2723 = ADVANCED_FACE ( 'NONE', ( #4242 ), #4398, .F. ) ;
#2724 = CARTESIAN_POINT ( 'NONE',  ( 6.046377682275388743, 16.30301762710890046, 2.331747339460344737 ) ) ;
#2725 = ORIENTED_EDGE ( 'NONE', *, *, #425, .T. ) ;
#2726 = CARTESIAN_POINT ( 'NONE',  ( 8.174282288653895279, -12.84397490359008742, 1.078640694774647635 ) ) ;
#2727 = CARTESIAN_POINT ( 'NONE',  ( 6.900889582540773226, -15.68073776255956098, 1.841617963530864932 ) ) ;
#2728 = CARTESIAN_POINT ( 'NONE',  ( -6.406112774055037207, 14.74854662403135919, 1.690557708725248132 ) ) ;
#2729 = CARTESIAN_POINT ( 'NONE',  ( -3.500000000000000444, 17.00000000000000711, 5.500000000000000000 ) ) ;
#2730 = VERTEX_POINT ( 'NONE', #919 ) ;
#2731 = ORIENTED_EDGE ( 'NONE', *, *, #1572, .T. ) ;
#2732 = AXIS2_PLACEMENT_3D ( 'NONE', #1301, #4366, #2428 ) ;
#2733 = CARTESIAN_POINT ( 'NONE',  ( 3.000000000000000444, -16.99999999999999645, 0.000000000000000000 ) ) ;
#2734 = EDGE_LOOP ( 'NONE', ( #2304, #135, #2856, #2169 ) ) ;
#2735 = CARTESIAN_POINT ( 'NONE',  ( 4.834085106088268802, 11.63936197669289641, 2.411744996852325684 ) ) ;
#2736 = CARTESIAN_POINT ( 'NONE',  ( -0.6026374667307744515, -16.99999999999999289, 4.055598450897266893 ) ) ;
#2737 = ORIENTED_EDGE ( 'NONE', *, *, #2185, .T. ) ;
#2738 = CARTESIAN_POINT ( 'NONE',  ( 5.475967807610848226, 9.780447134532018083, 1.682413682777172736 ) ) ;
#2739 = ORIENTED_EDGE ( 'NONE', *, *, #1242, .F. ) ;
#2740 = EDGE_CURVE ( 'NONE', #1564, #1528, #3497, .T. ) ;
#2741 = CARTESIAN_POINT ( 'NONE',  ( 4.138547749276127341, 7.033219359514973235, 4.603958450520138967 ) ) ;
#2742 = AXIS2_PLACEMENT_3D ( 'NONE', #3057, #3823, #4133 ) ;
#2743 = EDGE_LOOP ( 'NONE', ( #2038, #4732, #3917, #2444 ) ) ;
#2744 =( BOUNDED_SURFACE ( )  B_SPLINE_SURFACE ( 3, 2, ( 
 ( #2256, #62, #3790 ),
 ( #4149, #4548, #76 ),
 ( #2656, #451, #817 ),
 ( #141, #1938, #516 ),
 ( #2736, #1949, #3836 ),
 ( #157, #1226, #2353 ) ),
 .UNSPECIFIED., .F., .F., .F. ) 
 B_SPLINE_SURFACE_WITH_KNOTS ( ( 4, 2, 4 ),
 ( 3, 3 ),
 ( -8.673617379884035472E-19, 0.001781854398359220860, 0.003563708796718442588 ),
 ( 0.000000000000000000, 1.000000000000000000 ),
 .UNSPECIFIED. ) 
 GEOMETRIC_REPRESENTATION_ITEM ( )  RATIONAL_B_SPLINE_SURFACE ( (
 ( 1.000000000000000000, 0.7264673800681493709, 1.000000000000000000),
 ( 1.000000000000000000, 0.7264643777606263342, 1.000000000000000000),
 ( 1.000000000000000000, 0.7264705072600821101, 1.000000000000000000),
 ( 1.000000000000000000, 0.7264726158542398338, 1.000000000000000000),
 ( 1.000000000000000000, 0.7264677756943581644, 1.000000000000000000),
 ( 1.000000000000000000, 0.7264665759939871181, 1.000000000000000000) ) ) 
 REPRESENTATION_ITEM ( '' )  SURFACE ( )  );
#2745 = CARTESIAN_POINT ( 'NONE',  ( 7.000000000000000888, 8.000000000000000000, 500000.0000000000582 ) ) ;
#2746 = ORIENTED_EDGE ( 'NONE', *, *, #3791, .T. ) ;
#2747 = CARTESIAN_POINT ( 'NONE',  ( 8.225709030115313070, -13.63942624982315444, 0.5987899487967476286 ) ) ;
#2748 = CARTESIAN_POINT ( 'NONE',  ( -7.582060380162162438, -17.00000000000000355, 1.783109371916105745 ) ) ;
#2749 = DIRECTION ( 'NONE',  ( 0.000000000000000000, -1.000000000000000000, 0.000000000000000000 ) ) ;
#2750 = ORIENTED_EDGE ( 'NONE', *, *, #595, .F. ) ;
#2751 = CARTESIAN_POINT ( 'NONE',  ( 4.217863551317319271, -16.97538166221638178, 4.129220914962679068 ) ) ;
#2752 = CIRCLE ( 'NONE', #232, 0.9999999999999991118 ) ;
#2753 = CARTESIAN_POINT ( 'NONE',  ( -8.237466493950348578, 12.48330262663377432, 0.9977987987362373357 ) ) ;
#2754 = ORIENTED_EDGE ( 'NONE', *, *, #1967, .T. ) ;
#2755 = CARTESIAN_POINT ( 'NONE',  ( -7.132640967568808499, 15.43568328003921053, 1.690557708725252128 ) ) ;
#2756 = CARTESIAN_POINT ( 'NONE',  ( 3.435484883271463730, -6.367349476626319671, 3.291179189617623457 ) ) ;
#2757 = CARTESIAN_POINT ( 'NONE',  ( 3.188802501325814109, 1.038963181385898160, 3.457731875725214010 ) ) ;
#2758 = CARTESIAN_POINT ( 'NONE',  ( 7.398575301341539401, -15.13067255071010564, 1.468212637043992297 ) ) ;
#2759 = CARTESIAN_POINT ( 'NONE',  ( -10.05889772328632503, -5.673204499567389369, -0.2859285610115608334 ) ) ;
#2760 = LINE ( 'NONE', #1083, #45 ) ;
#2761 = CARTESIAN_POINT ( 'NONE',  ( -3.968760947204025058, -1.479659991711053335, 4.780872416093126631 ) ) ;
#2762 = EDGE_CURVE ( 'NONE', #593, #4008, #3452, .T. ) ;
#2763 = CARTESIAN_POINT ( 'NONE',  ( 7.698795422387926024, 14.75680984412622898, 1.147529963430289568 ) ) ;
#2764 = FACE_OUTER_BOUND ( 'NONE', #1551, .T. ) ;
#2765 = CARTESIAN_POINT ( 'NONE',  ( -3.500000000000000444, -11.99999999999999645, -1.000000000000000000 ) ) ;
#2766 = EDGE_LOOP ( 'NONE', ( #777, #3279, #2653, #4335 ) ) ;
#2767 =( BOUNDED_SURFACE ( )  B_SPLINE_SURFACE ( 3, 3, ( 
 ( #2464, #663, #1018, #1712, #1745, #630, #645, #3248, #4778, #3679, #2573, #366, #1792, #2555, #1079, #2938, #2218, #1822, #327, #3692, #4494, #1067, #1837, #4447, #693, #2908, #3708, #1112, #3737, #3301 ),
 ( #1424, #2528, #2168, #1049, #1410, #1436, #1468, #4096, #720, #2965, #4030, #4062, #2925, #2153, #1781, #4821, #4043, #338, #3360, #2953, #2540, #3329, #737, #4432, #351, #4806, #1809, #706, #3345, #1093 ),
 ( #4465, #2182, #3315, #4836, #3724, #4073, #1456, #4477, #755, #2199, #5, #2590, #384, #3002, #1148, #768, #1486, #2985, #3822, #1500, #432, #23, #4532, #4547, #3775, #467, #4513, #4132, #3375, #1871 ),
 ( #1127, #3755, #43, #4181, #450, #1855, #2642, #1547, #2286, #2237, #1182, #2271, #4112, #3056, #2255, #75, #4148, #2623, #3789, #1535, #419, #785, #1921, #4579, #3394, #3020, #3036, #61, #802, #2668 ) ),
 .UNSPECIFIED., .F., .F., .T. ) 
 B_SPLINE_SURFACE_WITH_KNOTS ( ( 4, 4 ),
 ( 4, 2, 2, 2, 2, 2, 2, 2, 2, 2, 2, 2, 2, 2, 4 ),
 ( 0.000000000000000000, 1.000000000000000000 ),
 ( 0.000000000000000000, 0.1250025009225660677, 0.1562531261532075777, 0.1875037513838491154, 0.2187543766144906254, 0.2500050018451321354, 0.3750075027676982309, 0.5000100036902642708, 0.6250075027676982309, 0.7500050018451320799, 0.7812543766144905977, 0.8125037513838491154, 0.8437531261532076332, 0.8750025009225660400, 1.000000000000000000 ),
 .UNSPECIFIED. ) 
 GEOMETRIC_REPRESENTATION_ITEM ( )  RATIONAL_B_SPLINE_SURFACE ( (
 ( 1.000000000000000000, 1.000000000000000000, 1.000000000000000000, 1.000000000000000000, 1.000000000000000000, 1.000000000000000000, 1.000000000000000000, 1.000000000000000000, 1.000000000000000000, 1.000000000000000000, 1.000000000000000000, 1.000000000000000000, 1.000000000000000000, 1.000000000000000000, 1.000000000000000000, 1.000000000000000000, 1.000000000000000000, 1.000000000000000000, 1.000000000000000000, 1.000000000000000000, 1.000000000000000000, 1.000000000000000000, 1.000000000000000000, 1.000000000000000000, 1.000000000000000000, 1.000000000000000000, 1.000000000000000000, 1.000000000000000000, 1.000000000000000000, 1.000000000000000000),
 ( 0.9988475943532122425, 0.9988475943532122425, 0.9988475943532122425, 0.9988475943532122425, 0.9988475943532122425, 0.9988475943532122425, 0.9988475943532122425, 0.9988475943532122425, 0.9988475943532122425, 0.9988475943532122425, 0.9988475943532122425, 0.9988475943532122425, 0.9988475943532122425, 0.9988475943532122425, 0.9988475943532122425, 0.9988475943532122425, 0.9988475943532122425, 0.9988475943532122425, 0.9988475943532122425, 0.9988475943532122425, 0.9988475943532122425, 0.9988475943532122425, 0.9988475943532122425, 0.9988475943532122425, 0.9988475943532122425, 0.9988475943532122425, 0.9988475943532122425, 0.9988475943532122425, 0.9988475943532122425, 0.9988475943532122425),
 ( 0.9988475943532122425, 0.9988475943532122425, 0.9988475943532122425, 0.9988475943532122425, 0.9988475943532122425, 0.9988475943532122425, 0.9988475943532122425, 0.9988475943532122425, 0.9988475943532122425, 0.9988475943532122425, 0.9988475943532122425, 0.9988475943532122425, 0.9988475943532122425, 0.9988475943532122425, 0.9988475943532122425, 0.9988475943532122425, 0.9988475943532122425, 0.9988475943532122425, 0.9988475943532122425, 0.9988475943532122425, 0.9988475943532122425, 0.9988475943532122425, 0.9988475943532122425, 0.9988475943532122425, 0.9988475943532122425, 0.9988475943532122425, 0.9988475943532122425, 0.9988475943532122425, 0.9988475943532122425, 0.9988475943532122425),
 ( 1.000000000000000000, 1.000000000000000000, 1.000000000000000000, 1.000000000000000000, 1.000000000000000000, 1.000000000000000000, 1.000000000000000000, 1.000000000000000000, 1.000000000000000000, 1.000000000000000000, 1.000000000000000000, 1.000000000000000000, 1.000000000000000000, 1.000000000000000000, 1.000000000000000000, 1.000000000000000000, 1.000000000000000000, 1.000000000000000000, 1.000000000000000000, 1.000000000000000000, 1.000000000000000000, 1.000000000000000000, 1.000000000000000000, 1.000000000000000000, 1.000000000000000000, 1.000000000000000000, 1.000000000000000000, 1.000000000000000000, 1.000000000000000000, 1.000000000000000000) ) ) 
 REPRESENTATION_ITEM ( '' )  SURFACE ( )  );
#2768 = DIRECTION ( 'NONE',  ( 1.000000000000000000, 0.000000000000000000, 0.000000000000000000 ) ) ;
#2769 = EDGE_CURVE ( 'NONE', #4277, #4052, #4219, .T. ) ;
#2770 = CARTESIAN_POINT ( 'NONE',  ( 4.508939686755827125, -9.880722975420805909, 2.677762650587515392 ) ) ;
#2771 = FACE_OUTER_BOUND ( 'NONE', #1299, .T. ) ;
#2772 = CARTESIAN_POINT ( 'NONE',  ( -8.169805990602243995, 3.997493201631922677, 0.9876409224023805500 ) ) ;
#2773 = CARTESIAN_POINT ( 'NONE',  ( 0.000000000000000000, -16.99999999999999645, 0.000000000000000000 ) ) ;
#2774 = CARTESIAN_POINT ( 'NONE',  ( -6.904585824879808875, 15.67681215795703054, 1.839205438775417978 ) ) ;
#2775 = FACE_OUTER_BOUND ( 'NONE', #1898, .T. ) ;
#2776 = CARTESIAN_POINT ( 'NONE',  ( 3.244440769234761213, 16.05550402771656948, 4.567017181502384560 ) ) ;
#2777 = CARTESIAN_POINT ( 'NONE',  ( 5.940250666417106196, -5.673204499567389369, 4.042376151033732157 ) ) ;
#2778 = CARTESIAN_POINT ( 'NONE',  ( 4.570411599722464580, 16.91084591464192499, 3.970849659764161821 ) ) ;
#2779 = EDGE_LOOP ( 'NONE', ( #1611, #3202, #343, #4814, #1850, #3272 ) ) ;
#2780 = CARTESIAN_POINT ( 'NONE',  ( -3.960109894424665988, -0.2276551516954563592, 4.785314861635945327 ) ) ;
#2781 = ORIENTED_EDGE ( 'NONE', *, *, #1320, .F. ) ;
#2782 = DIRECTION ( 'NONE',  ( 0.000000000000000000, -1.000000000000000000, 0.000000000000000000 ) ) ;
#2783 = CARTESIAN_POINT ( 'NONE',  ( 5.965830160618817324, -14.48388438116241872, 1.428121856341098228 ) ) ;
#2784 = CARTESIAN_POINT ( 'NONE',  ( 5.965559838912156465, -10.48748282494359074, 3.389950634918734274 ) ) ;
#2785 = CARTESIAN_POINT ( 'NONE',  ( 4.493116504166801306, 2.302506682651923597, 4.324550617802471741 ) ) ;
#2786 = CARTESIAN_POINT ( 'NONE',  ( -3.438019418220291445, -0.2265235218482566648, 3.236135003771702046 ) ) ;
#2787 = CARTESIAN_POINT ( 'NONE',  ( 5.039179097677697783, 10.17124223471043010, 4.082500210434072407 ) ) ;
#2788 = CARTESIAN_POINT ( 'NONE',  ( -3.921527756928561814, -6.286582826825641845, 2.981633881534182962 ) ) ;
#2789 = ADVANCED_FACE ( 'NONE', ( #2354 ), #1884, .T. ) ;
#2790 = ADVANCED_FACE ( 'NONE', ( #1256 ), #2767, .F. ) ;
#2791 = CARTESIAN_POINT ( 'NONE',  ( -7.398064217433262257, 14.45998512909891431, 2.093355370013519678 ) ) ;
#2792 = CARTESIAN_POINT ( 'NONE',  ( -8.660410047183610516, -5.673204499567389369, 1.569995537461300827 ) ) ;
#2793 = ORIENTED_EDGE ( 'NONE', *, *, #3325, .T. ) ;
#2794 = CARTESIAN_POINT ( 'NONE',  ( 7.855490534841734984, 13.81629915314769796, 1.487859767047083670 ) ) ;
#2795 = CARTESIAN_POINT ( 'NONE',  ( -6.892618395844772650, -15.69964866854369134, 2.542004156912147206 ) ) ;
#2796 = CARTESIAN_POINT ( 'NONE',  ( 6.999999999999993783, 12.00000000000000178, 0.1284764056646238439 ) ) ;
#2797 = VECTOR ( 'NONE', #4668, 1000.000000000000000 ) ;
#2798 = VERTEX_POINT ( 'NONE', #2605 ) ;
#2799 = CARTESIAN_POINT ( 'NONE',  ( 8.253852295016923080, -11.99211084253228599, 0.9732748291711733613 ) ) ;
#2800 = ORIENTED_EDGE ( 'NONE', *, *, #701, .T. ) ;
#2801 = DIRECTION ( 'NONE',  ( 1.000000000000000000, -0.000000000000000000, -0.000000000000000000 ) ) ;
#2802 = DIRECTION ( 'NONE',  ( 0.9999845894361576448, 0.005551656527505922055, 0.000000000000000000 ) ) ;
#2803 = ORIENTED_EDGE ( 'NONE', *, *, #159, .T. ) ;
#2804 = CARTESIAN_POINT ( 'NONE',  ( -8.253852295016923080, -11.99211084253228599, 0.9732748291711733613 ) ) ;
#2805 = CARTESIAN_POINT ( 'NONE',  ( -7.175133063745372297, -13.43269760921511136, -0.05770440494091909345 ) ) ;
#2806 = ORIENTED_EDGE ( 'NONE', *, *, #1967, .F. ) ;
#2807 = CARTESIAN_POINT ( 'NONE',  ( 3.788955506164781717, 6.699394084682245065, 3.135438969564375178 ) ) ;
#2808 = DIRECTION ( 'NONE',  ( 1.000000000000000000, 0.000000000000000000, -0.000000000000000000 ) ) ;
#2809 = EDGE_LOOP ( 'NONE', ( #875, #1147, #2652, #886, #2253, #1907, #4722 ) ) ;
#2810 = VECTOR ( 'NONE', #4088, 1000.000000000000000 ) ;
#2811 = CARTESIAN_POINT ( 'NONE',  ( -7.068890054484530339, 14.79971263184672026, 2.437624182468205003 ) ) ;
#2812 = EDGE_CURVE ( 'NONE', #4326, #2312, #3256, .T. ) ;
#2813 = CARTESIAN_POINT ( 'NONE',  ( -10.74679753135571936, -5.673204499567389369, -1.212263627611744665 ) ) ;
#2814 = VECTOR ( 'NONE', #1102, 1000.000000000000000 ) ;
#2815 = CARTESIAN_POINT ( 'NONE',  ( -5.116827204883098723, -8.832293404361601930, 4.104364008415880782 ) ) ;
#2816 = CARTESIAN_POINT ( 'NONE',  ( 8.253887699138481082, 11.99212167138165697, 0.9730025424401035350 ) ) ;
#2817 = CARTESIAN_POINT ( 'NONE',  ( 7.000000000000003553, -8.799999999999792877, 0.07892945026442246825 ) ) ;
#2818 = CARTESIAN_POINT ( 'NONE',  ( -5.049871397361508585, 6.700708954410282914, 4.008529390056333241 ) ) ;
#2819 = CARTESIAN_POINT ( 'NONE',  ( 6.138485717105668371, -14.29965065186635798, 1.251423217374605157 ) ) ;
#2820 = CARTESIAN_POINT ( 'NONE',  ( 8.500000000000000000, -8.000199737924024390, 0.2682490171877894292 ) ) ;
#2821 = CARTESIAN_POINT ( 'NONE',  ( -1.490891566456927109, -16.99999999999999645, 3.942456259151452258 ) ) ;
#2822 = CARTESIAN_POINT ( 'NONE',  ( -6.762035820103532657, -13.60613853654325212, 0.4526213513220261331 ) ) ;
#2823 = CARTESIAN_POINT ( 'NONE',  ( 3.522760585287082247, 6.752358317741562033, 3.241441724089887177 ) ) ;
#2824 = CARTESIAN_POINT ( 'NONE',  ( 3.500000000000000888, 16.00000000000000711, -1.000000000000000000 ) ) ;
#2825 = VECTOR ( 'NONE', #4798, 1000.000000000000000 ) ;
#2826 = PLANE ( 'NONE',  #2040 ) ;
#2827 = CARTESIAN_POINT ( 'NONE',  ( -8.663259755551697694, -17.00000000000000355, 0.4749240142366602524 ) ) ;
#2828 = CARTESIAN_POINT ( 'NONE',  ( -5.657490690720476501, -10.63293451846735849, 3.724647643039985301 ) ) ;
#2829 = CARTESIAN_POINT ( 'NONE',  ( 8.475973996472857763, 12.56402715624324706, 0.7193482151948082937 ) ) ;
#2830 = CARTESIAN_POINT ( 'NONE',  ( 6.166124708204415050, -15.47615030880175802, 3.116343556527894521 ) ) ;
#2831 = VERTEX_POINT ( 'NONE', #3648 ) ;
#2832 = CARTESIAN_POINT ( 'NONE',  ( -5.953926329804184903, -15.68575498462453055, 1.355110853330504073 ) ) ;
#2833 = LINE ( 'NONE', #3953, #638 ) ;
#2834 = EDGE_CURVE ( 'NONE', #4215, #1453, #3006, .T. ) ;
#2835 = DIRECTION ( 'NONE',  ( 0.000000000000000000, -0.000000000000000000, 1.000000000000000000 ) ) ;
#2836 = EDGE_CURVE ( 'NONE', #4429, #2006, #3092, .T. ) ;
#2837 = CARTESIAN_POINT ( 'NONE',  ( 5.963923525271407122, -13.86379079394110292, 1.436107688907451774 ) ) ;
#2838 = CARTESIAN_POINT ( 'NONE',  ( 1.199023406130956371, -16.99999999999999289, 3.997581512800449932 ) ) ;
#2839 = CARTESIAN_POINT ( 'NONE',  ( -1.196262220019154832, -16.99999999999999289, 3.984333901663532629 ) ) ;
#2840 = CARTESIAN_POINT ( 'NONE',  ( -7.055345080662183577, -5.869371776815403230, -0.005580697863842128820 ) ) ;
#2841 = CARTESIAN_POINT ( 'NONE',  ( 3.785106167482985118, 7.999405175047649585, 3.096228853248660595 ) ) ;
#2842 = CARTESIAN_POINT ( 'NONE',  ( 8.257289294597782714, 12.24093256705145549, 0.9720828356162974915 ) ) ;
#2843 = ADVANCED_FACE ( 'NONE', ( #4370 ), #4166, .T. ) ;
#2844 = CARTESIAN_POINT ( 'NONE',  ( -7.132640967569243706, 15.43568328003995838, 1.690557708724909736 ) ) ;
#2845 = CARTESIAN_POINT ( 'NONE',  ( 5.499184508928862236, -13.41312348773799634, 1.873213933395048381 ) ) ;
#2846 = CARTESIAN_POINT ( 'NONE',  ( -4.649307406179334912, -8.964209757244113064, 4.321327399936137681 ) ) ;
#2847 = CARTESIAN_POINT ( 'NONE',  ( -6.365720117296365999, 14.01856020937096226, 0.9531198218103824615 ) ) ;
#2848 = CARTESIAN_POINT ( 'NONE',  ( -7.500000000000001776, 12.00000000000000711, -1.000000000000000000 ) ) ;
#2849 = PLANE ( 'NONE',  #2419 ) ;
#2850 = EDGE_LOOP ( 'NONE', ( #429, #600, #377, #280 ) ) ;
#2851 = CARTESIAN_POINT ( 'NONE',  ( -6.151981748986032450, -15.48409227493653262, 3.125943721664738550 ) ) ;
#2852 = PLANE ( 'NONE',  #3924 ) ;
#2853 = CARTESIAN_POINT ( 'NONE',  ( 7.205427422119907277, 14.01400877981851423, 2.305127122832456354 ) ) ;
#2854 = CARTESIAN_POINT ( 'NONE',  ( -6.838231512537493728, -14.16297946131469843, 0.3748643974487820274 ) ) ;
#2855 = CARTESIAN_POINT ( 'NONE',  ( -3.244494993822763629, 16.05550402821261358, 4.566995855382274705 ) ) ;
#2856 = ORIENTED_EDGE ( 'NONE', *, *, #4234, .F. ) ;
#2857 = DIRECTION ( 'NONE',  ( -1.000000000000000000, 0.000000000000000000, 0.000000000000000000 ) ) ;
#2858 = EDGE_CURVE ( 'NONE', #3322, #2071, #862, .T. ) ;
#2859 = VERTEX_POINT ( 'NONE', #2703 ) ;
#2860 = CARTESIAN_POINT ( 'NONE',  ( -7.398589619441355403, 15.13065472053117944, 1.468155143893614678 ) ) ;
#2861 = CARTESIAN_POINT ( 'NONE',  ( -10.21187524874969732, 16.99999999999988987, -1.610459072316499318 ) ) ;
#2862 = CARTESIAN_POINT ( 'NONE',  ( 6.904585824879880818, 15.67681215795695415, 1.839205438775641355 ) ) ;
#2863 = VERTEX_POINT ( 'NONE', #1239 ) ;
#2864 = CARTESIAN_POINT ( 'NONE',  ( 8.147842807479102945, 12.96129863841876784, 1.112037241965001311 ) ) ;
#2865 = ORIENTED_EDGE ( 'NONE', *, *, #4357, .T. ) ;
#2866 = CARTESIAN_POINT ( 'NONE',  ( 3.499999999999999556, 17.00000000000000711, 0.000000000000000000 ) ) ;
#2867 = PRODUCT_RELATED_PRODUCT_CATEGORY ( 'detail', '', ( #1803 ) ) ;
#2868 = CARTESIAN_POINT ( 'NONE',  ( -3.663297176974867675, -15.68574891276595551, 2.819818905485918847 ) ) ;
#2869 = CARTESIAN_POINT ( 'NONE',  ( -6.804327387352758549, 14.31266933274923758, 2.709128558090338590 ) ) ;
#2870 = EDGE_CURVE ( 'NONE', #3799, #1227, #2673, .T. ) ;
#2871 = ORIENTED_EDGE ( 'NONE', *, *, #1596, .T. ) ;
#2872 = CARTESIAN_POINT ( 'NONE',  ( 3.500000000000000444, 15.50000000000000888, 5.500000000000000000 ) ) ;
#2873 = VECTOR ( 'NONE', #1982, 1000.000000000000000 ) ;
#2874 = PLANE ( 'NONE',  #865 ) ;
#2875 = CARTESIAN_POINT ( 'NONE',  ( 5.499999999999924505, -8.533377859820038935, 1.583113926869744059 ) ) ;
#2876 = CARTESIAN_POINT ( 'NONE',  ( -8.500000000000000000, 15.50000000000000888, 5.500000000000000000 ) ) ;
#2877 = CARTESIAN_POINT ( 'NONE',  ( -6.105318425805025484, 14.49247182850653815, 1.306783633041443293 ) ) ;
#2878 = CARTESIAN_POINT ( 'NONE',  ( 3.210833178781584252, 4.858640642667998222, 3.400702037833605917 ) ) ;
#2879 = ORIENTED_EDGE ( 'NONE', *, *, #3178, .T. ) ;
#2880 = CARTESIAN_POINT ( 'NONE',  ( 8.149396903999893027, 12.95487532506626316, 1.110057399559257529 ) ) ;
#2881 = DIRECTION ( 'NONE',  ( 0.000000000000000000, 1.000000000000000000, 0.000000000000000000 ) ) ;
#2882 = CARTESIAN_POINT ( 'NONE',  ( 4.483529124898226748, -10.57470597399385603, 2.661326422750017073 ) ) ;
#2883 = CARTESIAN_POINT ( 'NONE',  ( 5.911713235601085081, 15.60739155593022254, 3.284014011121919818 ) ) ;
#2884 = CARTESIAN_POINT ( 'NONE',  ( 1.199407005032238738, 15.50000000000002487, 3.506877462589373717 ) ) ;
#2885 = CARTESIAN_POINT ( 'NONE',  ( 7.000000000000000888, 8.800000000000000711, 0.07876482681012930698 ) ) ;
#2886 = CARTESIAN_POINT ( 'NONE',  ( -5.547201430501584873, -15.68575461921160574, 1.706839137996379208 ) ) ;
#2887 = FACE_OUTER_BOUND ( 'NONE', #4327, .T. ) ;
#2888 = EDGE_CURVE ( 'NONE', #1733, #4697, #1908, .T. ) ;
#2889 = CARTESIAN_POINT ( 'NONE',  ( 6.800000000000001599, -8.800000000000000711, -1.600000000000001199 ) ) ;
#2890 = CARTESIAN_POINT ( 'NONE',  ( -5.325233568658151562, 12.03527203456008010, 2.011376990433652256 ) ) ;
#2891 = EDGE_CURVE ( 'NONE', #992, #3769, #1939, .T. ) ;
#2892 = CARTESIAN_POINT ( 'NONE',  ( -4.697620952746432543, -16.85744324808984373, 2.963086320890721215 ) ) ;
#2893 = CARTESIAN_POINT ( 'NONE',  ( -2.939376820601841356, 2.321761989870864351, 3.529600871271400209 ) ) ;
#2894 = CARTESIAN_POINT ( 'NONE',  ( 5.982791253256243280, -10.54370287799435069, 3.376784190906492622 ) ) ;
#2895 = DIRECTION ( 'NONE',  ( 1.000000000000000000, 0.000000000000000000, -0.000000000000000000 ) ) ;
#2896 = CARTESIAN_POINT ( 'NONE',  ( -7.068890054485246210, 14.79971263184780383, 2.437624182467624578 ) ) ;
#2897 = DIRECTION ( 'NONE',  ( 0.000000000000000000, -0.000000000000000000, 1.000000000000000000 ) ) ;
#2898 = CARTESIAN_POINT ( 'NONE',  ( 3.500000000000001332, 15.50000000000000888, 2.882870115353428186 ) ) ;
#2899 = VECTOR ( 'NONE', #754, 1000.000000000000000 ) ;
#2900 = CARTESIAN_POINT ( 'NONE',  ( 7.000000000000000888, -16.99999999999999645, 5.500000000000000000 ) ) ;
#2901 = VERTEX_POINT ( 'NONE', #1582 ) ;
#2902 = CARTESIAN_POINT ( 'NONE',  ( 0.6021517986946806067, -15.50000000000000000, 3.566776734745238819 ) ) ;
#2903 = DIRECTION ( 'NONE',  ( 0.7071067811865474617, 0.000000000000000000, -0.7071067811865474617 ) ) ;
#2904 = CARTESIAN_POINT ( 'NONE',  ( 7.113136628587162669, 14.88153037318329197, 2.392501832970800546 ) ) ;
#2905 = ORIENTED_EDGE ( 'NONE', *, *, #4213, .F. ) ;
#2906 = CARTESIAN_POINT ( 'NONE',  ( 1.307861787294614331, 17.00000000000414246, 4.939091953081870656 ) ) ;
#2907 = CARTESIAN_POINT ( 'NONE',  ( -8.500000000000000000, -4.000113168696210586, 0.2451865064945584760 ) ) ;
#2908 = CARTESIAN_POINT ( 'NONE',  ( 8.493045261942677726, -17.00000000000000355, 0.7035033307615214948 ) ) ;
#2909 = CARTESIAN_POINT ( 'NONE',  ( -11.43508150738719387, 5.673204499567274794, -2.139114733925764789 ) ) ;
#2910 = DIRECTION ( 'NONE',  ( 0.000000000000000000, -0.000000000000000000, 1.000000000000000000 ) ) ;
#2911 = DIRECTION ( 'NONE',  ( 1.000000000000000000, 0.000000000000000000, 0.000000000000000000 ) ) ;
#2912 = ORIENTED_EDGE ( 'NONE', *, *, #197, .T. ) ;
#2913 = CARTESIAN_POINT ( 'NONE',  ( 7.398589619441357179, 15.13065472053117588, 1.468155143893614678 ) ) ;
#2914 = CARTESIAN_POINT ( 'NONE',  ( 0.000000000000000000, -15.49999999999999822, 0.000000000000000000 ) ) ;
#2915 = AXIS2_PLACEMENT_3D ( 'NONE', #4507, #3705, #3718 ) ;
#2916 = VECTOR ( 'NONE', #3465, 1000.000000000000114 ) ;
#2917 = CARTESIAN_POINT ( 'NONE',  ( 8.175628185078318566, -12.83743817085026606, 1.076927756990703644 ) ) ;
#2918 = CARTESIAN_POINT ( 'NONE',  ( -5.343332559826234451, 12.09225146740025103, 1.996684562594255752 ) ) ;
#2919 = ORIENTED_EDGE ( 'NONE', *, *, #149, .F. ) ;
#2920 = CARTESIAN_POINT ( 'NONE',  ( 0.5985490425913213564, 17.00000000000000711, 4.055618704422705001 ) ) ;
#2921 =( BOUNDED_SURFACE ( )  B_SPLINE_SURFACE ( 3, 2, ( 
 ( #3126, #187, #224 ),
 ( #4324, #2043, #2776 ),
 ( #4709, #2446, #533 ),
 ( #3545, #3515, #3907 ),
 ( #298, #1350, #282 ),
 ( #1764, #3989, #4762 ) ),
 .UNSPECIFIED., .F., .F., .T. ) 
 B_SPLINE_SURFACE_WITH_KNOTS ( ( 4, 2, 4 ),
 ( 3, 3 ),
 ( 0.000000000000000000, 0.001781854398317180271, 0.003563708796634360541 ),
 ( 0.8232877461513228301, 1.000000000000000000 ),
 .UNSPECIFIED. ) 
 GEOMETRIC_REPRESENTATION_ITEM ( )  RATIONAL_B_SPLINE_SURFACE ( (
 ( 0.9204101954222092541, 0.9516634342307083161, 1.000000000000000000),
 ( 0.9204093218405919874, 0.9516629036861803392, 1.000000000000000000),
 ( 0.9204111053414565369, 0.9516639868438447891, 1.000000000000000000),
 ( 0.9204117188792386717, 0.9516643594582708809, 1.000000000000000000),
 ( 0.9204103105375945892, 0.9516635041427079500, 1.000000000000000000),
 ( 0.9204099614606982005, 0.9516632921409515777, 1.000000000000000000) ) ) 
 REPRESENTATION_ITEM ( '' )  SURFACE ( )  );
#2922 = CARTESIAN_POINT ( 'NONE',  ( -5.499999999999998224, 8.000000000000000000, 1.556978433250941318 ) ) ;
#2923 = EDGE_CURVE ( 'NONE', #1052, #367, #4118, .T. ) ;
#2924 = ORIENTED_EDGE ( 'NONE', *, *, #1265, .F. ) ;
#2925 = CARTESIAN_POINT ( 'NONE',  ( -4.814549319508460101, -5.673204499567389369, 4.656581076780288875 ) ) ;
#2926 = CARTESIAN_POINT ( 'NONE',  ( -3.000000000000000444, -15.99999999999999645, 0.000000000000000000 ) ) ;
#2927 = VERTEX_POINT ( 'NONE', #539 ) ;
#2928 = CARTESIAN_POINT ( 'NONE',  ( -3.744331867263989366, -5.073660154704707104, 3.077324749858239006 ) ) ;
#2929 = B_SPLINE_CURVE_WITH_KNOTS ( 'NONE', 3,
 ( #2819, #1664, #604, #2783 ),
 .UNSPECIFIED., .F., .F.,
 ( 4, 4 ),
 ( 2.168404344971008868E-19, 0.0003081791965865465256 ),
 .UNSPECIFIED. ) ;
#2930 = VECTOR ( 'NONE', #4233, 1000.000000000000000 ) ;
#2931 = CARTESIAN_POINT ( 'NONE',  ( 5.499999999999999112, 8.000000000000000000, 1.556978433313815913 ) ) ;
#2932 = PERSON_AND_ORGANIZATION_ROLE ( 'classification_officer' ) ;
#2933 = ADVANCED_FACE ( 'NONE', ( #2771 ), #1595, .F. ) ;
#2934 = CARTESIAN_POINT ( 'NONE',  ( -7.165226327835397591, 13.91365363167628466, 2.344623155812558313 ) ) ;
#2935 = CARTESIAN_POINT ( 'NONE',  ( -6.002042614202399484, -8.799999999999998934, 1.093287373405223306 ) ) ;
#2936 = CARTESIAN_POINT ( 'NONE',  ( -0.3303710009044757978, 17.00000000000208900, 5.001538299119036246 ) ) ;
#2937 = CARTESIAN_POINT ( 'NONE',  ( -8.500000000000000000, -7.932088382651944158, 0.6902646714590263688 ) ) ;
#2938 = CARTESIAN_POINT ( 'NONE',  ( 1.125269958208030108, -17.00000000000000355, 4.999999999928347094 ) ) ;
#2939 = CARTESIAN_POINT ( 'NONE',  ( -5.816300849831117503, 12.89017434690156882, 3.857628603507236686 ) ) ;
#2940 = CARTESIAN_POINT ( 'NONE',  ( -5.514230183611714686, -13.45094155696900629, 1.860233216475138507 ) ) ;
#2941 = FACE_OUTER_BOUND ( 'NONE', #1766, .T. ) ;
#2942 = CARTESIAN_POINT ( 'NONE',  ( 2.942488318068232633, 15.50000000000001066, 3.115540996051098244 ) ) ;
#2943 = CARTESIAN_POINT ( 'NONE',  ( 3.500000000000001776, 16.00000000000000711, 3.393604602115698921 ) ) ;
#2944 = CARTESIAN_POINT ( 'NONE',  ( 3.500000000000000000, 16.00000000000000711, 3.393604471454717331 ) ) ;
#2945 = CARTESIAN_POINT ( 'NONE',  ( 0.000000000000000000, 0.000000000000000000, 0.000000000000000000 ) ) ;
#2946 = VERTEX_POINT ( 'NONE', #2755 ) ;
#2947 = CARTESIAN_POINT ( 'NONE',  ( 4.494887386370386650, 2.338249921247996799, 4.323662633470306993 ) ) ;
#2948 = CARTESIAN_POINT ( 'NONE',  ( 3.500000000000000000, -15.99999999999999645, -1.000000000000000000 ) ) ;
#2949 = DIRECTION ( 'NONE',  ( 0.000000000000000000, 0.000000000000000000, 1.000000000000000000 ) ) ;
#2950 = LINE ( 'NONE', #165, #633 ) ;
#2951 = CARTESIAN_POINT ( 'NONE',  ( -5.499999999999999112, 8.800000000000000711, -1.800000000000000044 ) ) ;
#2952 = CARTESIAN_POINT ( 'NONE',  ( -8.253887699138484635, 11.99212167138166230, 0.9730025424401026468 ) ) ;
#2953 = CARTESIAN_POINT ( 'NONE',  ( 7.161368890685505306, -5.673204499567389369, 3.083208752424732246 ) ) ;
#2954 = DIRECTION ( 'NONE',  ( 0.000000000000000000, 0.000000000000000000, -1.000000000000000000 ) ) ;
#2955 = EDGE_CURVE ( 'NONE', #270, #12, #2111, .T. ) ;
#2956 = B_SPLINE_CURVE_WITH_KNOTS ( 'NONE', 3,
 ( #3124, #3895, #1349, #969, #2081, #3968, #2479, #2494 ),
 .UNSPECIFIED., .F., .F.,
 ( 4, 2, 2, 4 ),
 ( 0.000000000000000000, 0.001967915775970065749, 0.002951873663955099491, 0.003935831551940133233 ),
 .UNSPECIFIED. ) ;
#2957 = CARTESIAN_POINT ( 'NONE',  ( -3.938673706978696121, 8.643303503039422964, 3.007290843584459861 ) ) ;
#2958 = CARTESIAN_POINT ( 'NONE',  ( -4.663715896427572005, 9.979849301708798137, 2.533846163918672900 ) ) ;
#2959 = CARTESIAN_POINT ( 'NONE',  ( -5.809590572025904009, -16.44742197751835278, 2.459170984249575032 ) ) ;
#2960 = ORIENTED_EDGE ( 'NONE', *, *, #1077, .T. ) ;
#2961 = EDGE_CURVE ( 'NONE', #1053, #203, #3670, .T. ) ;
#2962 = DIRECTION ( 'NONE',  ( 0.000000000000000000, 0.000000000000000000, -1.000000000000000000 ) ) ;
#2963 = ORIENTED_EDGE ( 'NONE', *, *, #3979, .T. ) ;
#2964 = CARTESIAN_POINT ( 'NONE',  ( -3.500000000000000444, -15.99999999999999645, -1.000000000000000000 ) ) ;
#2965 = CARTESIAN_POINT ( 'NONE',  ( -7.396332721093896723, -5.673204499567389369, 2.882124953488494956 ) ) ;
#2966 = CARTESIAN_POINT ( 'NONE',  ( -8.345127929557943247, 16.72298738905994497, 0.9161519411868709328 ) ) ;
#2967 = CARTESIAN_POINT ( 'NONE',  ( -5.752289817274904848, -14.01418074217691334, 1.644961917804882656 ) ) ;
#2968 = ORIENTED_EDGE ( 'NONE', *, *, #4614, .F. ) ;
#2969 = VERTEX_POINT ( 'NONE', #4336 ) ;
#2970 = DIRECTION ( 'NONE',  ( 1.000000000000000000, -0.000000000000000000, -0.000000000000000000 ) ) ;
#2971 = EDGE_CURVE ( 'NONE', #4810, #4609, #57, .T. ) ;
#2972 = CARTESIAN_POINT ( 'NONE',  ( 3.499999999999999556, 17.00000000000000711, 3.393604471454716887 ) ) ;
#2973 = CARTESIAN_POINT ( 'NONE',  ( -5.936629839774330897, 13.95004711802127417, 1.474894486715730091 ) ) ;
#2974 = VERTEX_POINT ( 'NONE', #2054 ) ;
#2975 = PERSON_AND_ORGANIZATION_ROLE ( 'design_owner' ) ;
#2976 = ORIENTED_EDGE ( 'NONE', *, *, #1857, .F. ) ;
#2977 = CARTESIAN_POINT ( 'NONE',  ( 5.316706647580239142, 8.012079857078049372, 3.841128802184054614 ) ) ;
#2978 = AXIS2_PLACEMENT_3D ( 'NONE', #4826, #2158, #342 ) ;
#2979 = CARTESIAN_POINT ( 'NONE',  ( 6.406210555937712492, -14.74844323291500103, 1.690478039325865600 ) ) ;
#2980 = CARTESIAN_POINT ( 'NONE',  ( -3.000000000000000444, -15.99999999999999645, -1.000000000000000000 ) ) ;
#2981 = VERTEX_POINT ( 'NONE', #4667 ) ;
#2982 = CARTESIAN_POINT ( 'NONE',  ( -6.255463465216558383, -14.16543717150172732, 1.097706299036796285 ) ) ;
#2983 = LINE ( 'NONE', #894, #2873 ) ;
#2984 = CARTESIAN_POINT ( 'NONE',  ( 5.259153115496399522, 15.03398667578352033, 1.945044662239670874 ) ) ;
#2985 = CARTESIAN_POINT ( 'NONE',  ( 4.814462930844433330, 5.673204499567274794, 4.656620685584804242 ) ) ;
#2986 = CARTESIAN_POINT ( 'NONE',  ( -7.000000000000002665, 9.866703644271494156, 0.09267603780230213029 ) ) ;
#2987 = CARTESIAN_POINT ( 'NONE',  ( 5.725389414014640188, -13.21637666050500570, 1.661349638097654680 ) ) ;
#2988 = VERTEX_POINT ( 'NONE', #1291 ) ;
#2989 = B_SPLINE_CURVE_WITH_KNOTS ( 'NONE', 3,
 ( #3771, #3750, #3339, #2586, #4475, #4832 ),
 .UNSPECIFIED., .F., .F.,
 ( 4, 2, 4 ),
 ( 0.000000000000000000, 0.01199251080382998658, 0.02398502160765997315 ),
 .UNSPECIFIED. ) ;
#2990 = CARTESIAN_POINT ( 'NONE',  ( 7.398064217433262257, 14.45998512909891431, 2.093355370013519678 ) ) ;
#2991 = EDGE_CURVE ( 'NONE', #4089, #4326, #1941, .T. ) ;
#2992 = ADVANCED_FACE ( 'NONE', ( #1763 ), #1633, .T. ) ;
#2993 = CARTESIAN_POINT ( 'NONE',  ( -5.482198088229919719, 13.37232302896912373, 1.888402975697641040 ) ) ;
#2994 = CARTESIAN_POINT ( 'NONE',  ( -4.949592963491802777, 6.167522597056998457, 2.002013781196635200 ) ) ;
#2995 = EDGE_CURVE ( 'NONE', #2859, #4074, #805, .T. ) ;
#2996 = CARTESIAN_POINT ( 'NONE',  ( 4.207867236158151947, 4.621711388914500063, 4.645496214610756347 ) ) ;
#2997 = PLANE ( 'NONE',  #130 ) ;
#2998 = FACE_OUTER_BOUND ( 'NONE', #2143, .T. ) ;
#2999 = DIRECTION ( 'NONE',  ( -1.000000000000000000, 0.000000000000000000, 0.000000000000000000 ) ) ;
#3000 = DIRECTION ( 'NONE',  ( 0.000000000000000000, 0.000000000000000000, -1.000000000000000000 ) ) ;
#3001 = VECTOR ( 'NONE', #333, 1000.000000000000000 ) ;
#3002 = CARTESIAN_POINT ( 'NONE',  ( -2.440560692072078819, 5.673204499567274794, 5.469452507920496309 ) ) ;
#3003 = CARTESIAN_POINT ( 'NONE',  ( -8.500000000000000000, -2.447987506280779879E-06, 0.6898326252037423334 ) ) ;
#3004 = CARTESIAN_POINT ( 'NONE',  ( 3.716858933926507014, -5.064157695585422836, 3.101714659589981160 ) ) ;
#3005 = CARTESIAN_POINT ( 'NONE',  ( 4.389480285001389426, -8.640705764064513517, 2.694050950366418729 ) ) ;
#3006 = LINE ( 'NONE', #1518, #2235 ) ;
#3007 = CARTESIAN_POINT ( 'NONE',  ( 3.438019418218539069, -0.2265235218480349533, 3.236135003773283891 ) ) ;
#3008 = CARTESIAN_POINT ( 'NONE',  ( -6.790698545250141827, -14.28309598386047519, 2.719817515204433711 ) ) ;
#3009 = AXIS2_PLACEMENT_3D ( 'NONE', #2233, #38, #1144 ) ;
#3010 = CARTESIAN_POINT ( 'NONE',  ( -6.142304878553871639, 14.47260550735137308, 1.259642525891381926 ) ) ;
#3011 = CARTESIAN_POINT ( 'NONE',  ( 7.914041834339968773, -16.23524137634846554, 1.543697392444820071 ) ) ;
#3012 = FACE_OUTER_BOUND ( 'NONE', #134, .T. ) ;
#3013 = B_SPLINE_CURVE_WITH_KNOTS ( 'NONE', 3,
 ( #2414, #4331, #3181, #3602, #231, #945, #2050, #3956, #1700, #2847, #3620, #3974 ),
 .UNSPECIFIED., .F., .F.,
 ( 4, 2, 2, 2, 2, 4 ),
 ( 3.496446946337351263E-18, 0.0006967570217373237436, 0.001045135532605983826, 0.001393514043474644018, 0.002090271065211959847, 0.002787028086949275892 ),
 .UNSPECIFIED. ) ;
#3014 = CARTESIAN_POINT ( 'NONE',  ( -6.861348878663243056, 14.99997319828900011, 2.608033439013242027 ) ) ;
#3015 = EDGE_CURVE ( 'NONE', #942, #90, #4431, .T. ) ;
#3016 = CARTESIAN_POINT ( 'NONE',  ( -8.175628185078318566, -12.83743817085026606, 1.076927756990703644 ) ) ;
#3017 = ORIENTED_EDGE ( 'NONE', *, *, #305, .F. ) ;
#3018 = CARTESIAN_POINT ( 'NONE',  ( -5.965830160618817324, -14.48388438116241872, 1.428121856341098228 ) ) ;
#3019 = CARTESIAN_POINT ( 'NONE',  ( 5.062447629136725524, 15.14010502406020819, 2.073061954163437193 ) ) ;
#3020 = CARTESIAN_POINT ( 'NONE',  ( 8.493045261942677726, 16.99999999999988987, 0.7035033307615214948 ) ) ;
#3021 = CARTESIAN_POINT ( 'NONE',  ( -7.135388082577050817, -15.09496267583966223, 2.503948325771719219 ) ) ;
#3022 = ORIENTED_EDGE ( 'NONE', *, *, #3015, .F. ) ;
#3023 = CARTESIAN_POINT ( 'NONE',  ( 3.476130332540022572, -2.542465934487034396, 3.227512678535856327 ) ) ;
#3024 = CARTESIAN_POINT ( 'NONE',  ( -0.2994463389365630279, 15.50000000000001243, 3.582233659944477289 ) ) ;
#3025 = CARTESIAN_POINT ( 'NONE',  ( -3.500000000000000000, -15.99999999999999645, -1.000000000000000000 ) ) ;
#3026 = EDGE_CURVE ( 'NONE', #4464, #2312, #1983, .T. ) ;
#3027 = B_SPLINE_CURVE_WITH_KNOTS ( 'NONE', 3,
 ( #1394, #964, #2596, #3743, #3796, #3405, #760, #3764, #1154, #1098, #4101, #393, #4121, #3731, #3008, #3780 ),
 .UNSPECIFIED., .F., .F.,
 ( 4, 2, 2, 2, 2, 2, 2, 4 ),
 ( 0.000000000000000000, 0.003877056081674959583, 0.005815584122512439808, 0.007754112163349919165, 0.009692640204187398523, 0.01163116824502487962, 0.01356969628586235897, 0.01550822432669983833 ),
 .UNSPECIFIED. ) ;
#3028 = CARTESIAN_POINT ( 'NONE',  ( 4.634385802373345520, -15.68574048674196320, 2.302963356830086905 ) ) ;
#3029 = ADVANCED_FACE ( 'NONE', ( #571 ), #1248, .T. ) ;
#3030 = CARTESIAN_POINT ( 'NONE',  ( -5.822475803741637534, -1.207694439680158993, 1.084988370088152410 ) ) ;
#3031 = CARTESIAN_POINT ( 'NONE',  ( -6.800000000000001599, -8.000000000000000000, -0.1753788748764676109 ) ) ;
#3032 = ORIENTED_EDGE ( 'NONE', *, *, #318, .T. ) ;
#3033 = CARTESIAN_POINT ( 'NONE',  ( -6.800000000000001599, -8.800000000000000711, -1.600000000000001199 ) ) ;
#3034 = CARTESIAN_POINT ( 'NONE',  ( 1.311216130799889301, 16.30301762710903901, 4.946126382768521346 ) ) ;
#3035 = LINE ( 'NONE', #1569, #2316 ) ;
#3036 = CARTESIAN_POINT ( 'NONE',  ( 8.663259755551697694, 16.99999999999988987, 0.4749240142366602524 ) ) ;
#3037 = CARTESIAN_POINT ( 'NONE',  ( -5.818023082803191137, -12.89345389006058973, 3.856112974706847218 ) ) ;
#3038 = ORIENTED_EDGE ( 'NONE', *, *, #1208, .F. ) ;
#3039 = CARTESIAN_POINT ( 'NONE',  ( 7.029657238860657742, -2.349690376077087528, -0.0009908331684275913098 ) ) ;
#3040 = ORIENTED_EDGE ( 'NONE', *, *, #3015, .T. ) ;
#3041 = CARTESIAN_POINT ( 'NONE',  ( -5.629942947784252638, -14.78622370504522365, 1.686717235592112729 ) ) ;
#3042 = VERTEX_POINT ( 'NONE', #4297 ) ;
#3043 = CARTESIAN_POINT ( 'NONE',  ( 6.178171320853056869, 15.66583664769247086, 3.066145564855406569 ) ) ;
#3044 = ORIENTED_EDGE ( 'NONE', *, *, #4752, .T. ) ;
#3045 = CARTESIAN_POINT ( 'NONE',  ( 6.349257336864623014, -13.77856142140993256, 0.9635012685583207448 ) ) ;
#3046 = CARTESIAN_POINT ( 'NONE',  ( -8.070708415781298939, -14.10306931705989797, 1.233802373323918067 ) ) ;
#3047 = CARTESIAN_POINT ( 'NONE',  ( -7.556531802803812425, -14.93397190402399133, 1.299550811459012190 ) ) ;
#3048 = CARTESIAN_POINT ( 'NONE',  ( -4.660619686243644644, -2.478763367342322610, 2.151300437881347172 ) ) ;
#3049 = CARTESIAN_POINT ( 'NONE',  ( 8.499999999999991118, 16.99999999999999645, 0.6910717521980062061 ) ) ;
#3050 = B_SPLINE_CURVE_WITH_KNOTS ( 'NONE', 3,
 ( #349, #717, #19, #2603, #400, #3640, #1737, #4409, #668, #2470, #1406, #4751, #2890, #2503, #271, #2113 ),
 .UNSPECIFIED., .F., .F.,
 ( 4, 2, 2, 2, 2, 2, 2, 4 ),
 ( 0.000000000000000000, 0.003768821078769546331, 0.005653231618154318412, 0.007537642157539090927, 0.009422052696923864309, 0.01130646323630863682, 0.01319087377569341107, 0.01507528431507818185 ),
 .UNSPECIFIED. ) ;
#3051 = LINE ( 'NONE', #1998, #3590 ) ;
#3052 = PERSON_AND_ORGANIZATION ( #3814, #3586 ) ;
#3053 = CARTESIAN_POINT ( 'NONE',  ( -5.068323923075349846, -12.29670817481160761, 2.233461189958886095 ) ) ;
#3054 = ADVANCED_FACE ( 'NONE', ( #3129 ), #963, .T. ) ;
#3055 = DIRECTION ( 'NONE',  ( 0.000000000000000000, 0.000000000000000000, -1.000000000000000000 ) ) ;
#3056 = CARTESIAN_POINT ( 'NONE',  ( -2.297013675967249036, 16.99999999999988987, 4.813736087495770199 ) ) ;
#3057 = CARTESIAN_POINT ( 'NONE',  ( 3.500000000000000444, -11.99999999999999645, 0.000000000000000000 ) ) ;
#3058 = CARTESIAN_POINT ( 'NONE',  ( 4.618945802696953429, -1.068244749116833933E-05, 2.170615221573458431 ) ) ;
#3059 = DIRECTION ( 'NONE',  ( -0.4804471976572154968, 0.5982930338595835451, -0.6412612072302705801 ) ) ;
#3060 = DIRECTION ( 'NONE',  ( -1.000000000000000000, 0.000000000000000000, -0.000000000000000000 ) ) ;
#3061 = CARTESIAN_POINT ( 'NONE',  ( 7.101388601013894686, -9.376598665419558998, -0.01842463591208099230 ) ) ;
#3062 = CARTESIAN_POINT ( 'NONE',  ( -8.472432193275805545, -12.60219072593822531, 0.3474834380248726373 ) ) ;
#3063 = LINE ( 'NONE', #2848, #2028 ) ;
#3064 = CARTESIAN_POINT ( 'NONE',  ( 8.500000000000000000, -12.03451242392084275, 0.6899644137755123197 ) ) ;
#3065 = EDGE_CURVE ( 'NONE', #3216, #2413, #4725, .T. ) ;
#3066 = ORIENTED_EDGE ( 'NONE', *, *, #2082, .T. ) ;
#3067 = EDGE_LOOP ( 'NONE', ( #1787, #1470, #3044, #1736, #2731, #3578, #4754, #4629, #1374, #4250, #4842, #4024, #1995, #4275, #328, #1177, #2369, #979, #3987, #1790, #2725, #1970, #538, #4625, #1338, #666, #1337, #3328, #1533, #427, #745, #1106, #2905, #3946, #4329, #601 ) ) ;
#3068 = CARTESIAN_POINT ( 'NONE',  ( -1.196468122561106240, 16.99999999999998224, 3.984307033552169308 ) ) ;
#3069 = CYLINDRICAL_SURFACE ( 'NONE', #3854, 3.000000000000000444 ) ;
#3070 = CARTESIAN_POINT ( 'NONE',  ( -8.500000000000000000, -16.99999999999999645, 0.000000000000000000 ) ) ;
#3071 = ORIENTED_EDGE ( 'NONE', *, *, #790, .F. ) ;
#3072 = CARTESIAN_POINT ( 'NONE',  ( -2.806732345407885632, -1.574121574215890940, 5.825403449106069331 ) ) ;
#3073 = CIRCLE ( 'NONE', #3080, 5.000000000000000000 ) ;
#3074 = CARTESIAN_POINT ( 'NONE',  ( 5.950178199461556794, 12.09807710354053789, 1.321483920098553311 ) ) ;
#3075 =( BOUNDED_SURFACE ( )  B_SPLINE_SURFACE ( 3, 2, ( 
 ( #2048, #2011, #3600 ),
 ( #1715, #2450, #2088 ),
 ( #1679, #2829, #3561 ),
 ( #3955, #4729, #3236 ),
 ( #1303, #285, #2864 ),
 ( #3179, #1006, #579 ),
 ( #3931, #4048, #2241 ),
 ( #2431, #4276, #2794 ),
 ( #2763, #580, #4648 ),
 ( #895, #4243, #3180 ) ),
 .UNSPECIFIED., .F., .F., .F. ) 
 B_SPLINE_SURFACE_WITH_KNOTS ( ( 4, 2, 2, 2, 4 ),
 ( 3, 3 ),
 ( -5.204170427930421283E-18, 0.0007440693040891185580, 0.001116103956133680493, 0.001488138608178242320, 0.002976277216356489844 ),
 ( 0.000000000000000000, 1.000000000000000000 ),
 .UNSPECIFIED. ) 
 GEOMETRIC_REPRESENTATION_ITEM ( )  RATIONAL_B_SPLINE_SURFACE ( (
 ( 1.000000000000000000, 0.9364528015705018138, 1.000000000000000000),
 ( 1.000000000000000000, 0.9372363968015019475, 1.000000000000000000),
 ( 1.000000000000000000, 0.9367773820606729585, 1.000000000000000000),
 ( 1.000000000000000000, 0.9341383579957760475, 1.000000000000000000),
 ( 1.000000000000000000, 0.9329185290044760270, 1.000000000000000000),
 ( 1.000000000000000000, 0.9298715174388776372, 1.000000000000000000),
 ( 1.000000000000000000, 0.9280499794828213078, 1.000000000000000000),
 ( 1.000000000000000000, 0.9175333714223470327, 1.000000000000000000),
 ( 1.000000000000000000, 0.9044658464314037083, 1.000000000000000000),
 ( 1.000000000000000000, 0.8887247465245390332, 1.000000000000000000) ) ) 
 REPRESENTATION_ITEM ( '' )  SURFACE ( )  );
#3076 = DIRECTION ( 'NONE',  ( -0.4804004369322095735, -0.5982404077704310819, -0.6413453318657668101 ) ) ;
#3077 = CARTESIAN_POINT ( 'NONE',  ( 6.211845908516060888, -13.22492608599671904, 1.092713080736558595 ) ) ;
#3078 = CARTESIAN_POINT ( 'NONE',  ( -8.225709030115300635, -13.63942624982319174, 0.5987899487967476286 ) ) ;
#3079 = CARTESIAN_POINT ( 'NONE',  ( 6.645044663113450767, -15.90123570128032782, 1.998841730312536091 ) ) ;
#3080 = AXIS2_PLACEMENT_3D ( 'NONE', #2655, #1466, #815 ) ;
#3081 = B_SPLINE_CURVE_WITH_KNOTS ( 'NONE', 3,
 ( #4305, #4251, #519, #874, #3528, #931, #3558, #1267, #2787, #1296, #3893, #2741, #1966, #3865, #4641, #3880, #158, #185 ),
 .UNSPECIFIED., .F., .F.,
 ( 4, 2, 2, 2, 2, 2, 2, 2, 4 ),
 ( 9.065901224340267016E-18, 0.001010173242238100949, 0.002020346484476192792, 0.004040692968952370838, 0.006061039453428549752, 0.008081385937904727798, 0.01010173242238090671, 0.01212207890685708563, 0.01616277187580943825 ),
 .UNSPECIFIED. ) ;
#3082 = EDGE_CURVE ( 'NONE', #1099, #665, #1575, .T. ) ;
#3083 = CARTESIAN_POINT ( 'NONE',  ( -0.6021517986946806067, -15.50000000000000000, 3.566776734745238819 ) ) ;
#3084 = CARTESIAN_POINT ( 'NONE',  ( 4.676502825042580191, -10.46852735489372854, 2.560342940099961773 ) ) ;
#3085 = CARTESIAN_POINT ( 'NONE',  ( 7.121147149997725911, 10.53881413056301319, -0.02719242944958601832 ) ) ;
#3086 = EDGE_CURVE ( 'NONE', #1847, #434, #3123, .T. ) ;
#3087 = ADVANCED_FACE ( 'NONE', ( #1698 ), #2874, .T. ) ;
#3088 = ORIENTED_EDGE ( 'NONE', *, *, #305, .T. ) ;
#3089 = CARTESIAN_POINT ( 'NONE',  ( -4.643910107445904600, -15.31556574599923159, 2.324293803720447915 ) ) ;
#3090 = VERTEX_POINT ( 'NONE', #3591 ) ;
#3091 = AXIS2_PLACEMENT_3D ( 'NONE', #4392, #4510, #3981 ) ;
#3092 = B_SPLINE_CURVE_WITH_KNOTS ( 'NONE', 3,
 ( #1162, #1904, #4566, #3445, #2735, #2368, #4212, #125, #502, #3835, #169, #3105, #2351, #1225, #1963, #1568 ),
 .UNSPECIFIED., .F., .F.,
 ( 4, 2, 2, 2, 2, 2, 2, 4 ),
 ( 2.168404344971008868E-19, 0.001942229335438027792, 0.003884458670876055585, 0.005826688006314082076, 0.007768917341752110302, 0.009711146677190137660, 0.01165337601262816415, 0.01553783468350422407 ),
 .UNSPECIFIED. ) ;
#3093 = DIRECTION ( 'NONE',  ( 0.000000000000000000, 0.000000000000000000, 1.000000000000000000 ) ) ;
#3094 = EDGE_LOOP ( 'NONE', ( #437, #1622, #1428, #4715 ) ) ;
#3095 = CARTESIAN_POINT ( 'NONE',  ( -8.313461974219650941, -13.36697211067426494, 0.9217984367457771055 ) ) ;
#3096 = CARTESIAN_POINT ( 'NONE',  ( 6.663657857304469800, 13.51174618981656650, 0.5656513251758541472 ) ) ;
#3097 = ORIENTED_EDGE ( 'NONE', *, *, #650, .F. ) ;
#3098 = CARTESIAN_POINT ( 'NONE',  ( -7.068997572471215740, -14.79960888190956148, 2.437535899921397853 ) ) ;
#3099 = VERTEX_POINT ( 'NONE', #2128 ) ;
#3100 = VERTEX_POINT ( 'NONE', #2095 ) ;
#3101 = DIRECTION ( 'NONE',  ( -0.4804471976572154968, -0.5982930338595835451, 0.6412612072302705801 ) ) ;
#3102 = ORIENTED_EDGE ( 'NONE', *, *, #3139, .F. ) ;
#3103 = CARTESIAN_POINT ( 'NONE',  ( -4.016326400071231539, 2.339153701705462662, 4.757306777079778115 ) ) ;
#3104 = ORIENTED_EDGE ( 'NONE', *, *, #3727, .T. ) ;
#3105 = CARTESIAN_POINT ( 'NONE',  ( 3.214591688504274902, 4.886195856473415589, 3.398867887152545286 ) ) ;
#3106 = DIRECTION ( 'NONE',  ( 1.000000000000000000, 0.000000000000000000, 0.000000000000000000 ) ) ;
#3107 = ORIENTED_EDGE ( 'NONE', *, *, #2888, .F. ) ;
#3108 = CARTESIAN_POINT ( 'NONE',  ( 6.687539835025002155, 13.04110382916486266, 0.5209785180306572006 ) ) ;
#3109 = DIRECTION ( 'NONE',  ( -1.000000000000000000, 0.000000000000000000, 0.000000000000000000 ) ) ;
#3110 = CIRCLE ( 'NONE', #4045, 1.000000000000000000 ) ;
#3111 = CARTESIAN_POINT ( 'NONE',  ( 8.147805742151641439, -12.96127170118329275, 1.112307184954208550 ) ) ;
#3112 = CARTESIAN_POINT ( 'NONE',  ( 4.526047039959395946, -17.00000000000000355, 4.050498434667638037 ) ) ;
#3113 = ORIENTED_EDGE ( 'NONE', *, *, #2512, .F. ) ;
#3114 = DIRECTION ( 'NONE',  ( 0.000000000000000000, 0.000000000000000000, -1.000000000000000000 ) ) ;
#3115 = EDGE_CURVE ( 'NONE', #4630, #2071, #1302, .T. ) ;
#3116 = CARTESIAN_POINT ( 'NONE',  ( 5.499999999999999112, -8.800000000000000711, 1.597427474109736067 ) ) ;
#3117 = AXIS2_PLACEMENT_3D ( 'NONE', #1359, #1041, #4391 ) ;
#3118 = LINE ( 'NONE', #2364, #3537 ) ;
#3119 = CARTESIAN_POINT ( 'NONE',  ( 7.556536529973883809, 14.93396417468891357, 1.299465016299996556 ) ) ;
#3120 = EDGE_CURVE ( 'NONE', #3466, #1227, #4185, .T. ) ;
#3121 = CARTESIAN_POINT ( 'NONE',  ( 6.178895645364203659, 8.397669314119445616, 0.8975743476141051502 ) ) ;
#3122 = CARTESIAN_POINT ( 'NONE',  ( 2.886905449481142583, -0.2304051965655633805, 3.552122810676981768 ) ) ;
#3123 = CIRCLE ( 'NONE', #2403, 3.000000000000000444 ) ;
#3124 = CARTESIAN_POINT ( 'NONE',  ( 3.865438509202292039, -16.05550970860616289, 4.322783469849194482 ) ) ;
#3125 = VERTEX_POINT ( 'NONE', #4038 ) ;
#3126 = CARTESIAN_POINT ( 'NONE',  ( 3.848626380233307387, 16.30446437353920075, 4.280036264597813833 ) ) ;
#3127 = CARTESIAN_POINT ( 'NONE',  ( 6.255447461118870400, 14.16545681584933547, 1.097655499715582295 ) ) ;
#3128 = CARTESIAN_POINT ( 'NONE',  ( 0.000000000000000000, 0.000000000000000000, -1.800000000000000044 ) ) ;
#3129 = FACE_OUTER_BOUND ( 'NONE', #2445, .T. ) ;
#3130 = DIRECTION ( 'NONE',  ( -0.000000000000000000, -0.000000000000000000, 1.000000000000000000 ) ) ;
#3131 = CARTESIAN_POINT ( 'NONE',  ( -5.198762406848042694, -16.70565597288231530, 2.748093882198174853 ) ) ;
#3132 = CARTESIAN_POINT ( 'NONE',  ( -8.253887699138481082, 11.99212167138165697, 0.9730025424401035350 ) ) ;
#3133 = LINE ( 'NONE', #661, #2358 ) ;
#3134 = EDGE_CURVE ( 'NONE', #2013, #3042, #4178, .T. ) ;
#3135 =( BOUNDED_SURFACE ( )  B_SPLINE_SURFACE ( 3, 2, ( 
 ( #3808, #1232, #3855 ),
 ( #1968, #1589, #118 ),
 ( #4221, #1956, #146 ),
 ( #2726, #3504, #1245 ),
 ( #3111, #4238, #2359 ),
 ( #100, #2675, #475 ),
 ( #4271, #3157, #2747 ),
 ( #4289, #1654, #1285 ),
 ( #1996, #4644, #937 ),
 ( #3882, #1614, #2758 ) ),
 .UNSPECIFIED., .F., .F., .T. ) 
 B_SPLINE_SURFACE_WITH_KNOTS ( ( 4, 2, 2, 2, 4 ),
 ( 3, 3 ),
 ( 0.000000000000000000, 0.0007440508497519274667, 0.001116076274627891309, 0.001488101699503854933, 0.002976203399007709867 ),
 ( 0.000000000000000000, 1.000000000000000000 ),
 .UNSPECIFIED. ) 
 GEOMETRIC_REPRESENTATION_ITEM ( )  RATIONAL_B_SPLINE_SURFACE ( (
 ( 1.000000000000000000, 0.9364433498661098865, 1.000000000000000000),
 ( 1.000000000000000000, 0.9372263344389629713, 1.000000000000000000),
 ( 1.000000000000000000, 0.9367667859809849507, 1.000000000000000000),
 ( 1.000000000000000000, 0.9341273533665251927, 1.000000000000000000),
 ( 1.000000000000000000, 0.9329074324585313605, 1.000000000000000000),
 ( 1.000000000000000000, 0.9298603687939981377, 1.000000000000000000),
 ( 1.000000000000000000, 0.9280388867434608002, 1.000000000000000000),
 ( 1.000000000000000000, 0.9175230447535887013, 1.000000000000000000),
 ( 1.000000000000000000, 0.9044577143731357127, 1.000000000000000000),
 ( 1.000000000000000000, 0.8887207413274162970, 1.000000000000000000) ) ) 
 REPRESENTATION_ITEM ( '' )  SURFACE ( )  );
#3136 = CARTESIAN_POINT ( 'NONE',  ( 4.070540281093147250, -8.106298466912065237, 2.965635877250127894 ) ) ;
#3137 = VERTEX_POINT ( 'NONE', #2073 ) ;
#3138 = CARTESIAN_POINT ( 'NONE',  ( -3.000000000000000444, -15.49999999999999822, -1.000000000000000000 ) ) ;
#3139 = EDGE_CURVE ( 'NONE', #3506, #3909, #4607, .T. ) ;
#3140 = CARTESIAN_POINT ( 'NONE',  ( -3.859869623213355805, 17.00000000000000711, 3.280377558176783115 ) ) ;
#3141 = CARTESIAN_POINT ( 'NONE',  ( 6.881767450329678404, -12.90868368872096639, 0.2857839234764212311 ) ) ;
#3142 = CARTESIAN_POINT ( 'NONE',  ( 9.198506161110195478, 5.673204499567274794, 0.8726829910503856036 ) ) ;
#3143 = AXIS2_PLACEMENT_3D ( 'NONE', #4155, #3093, #876 ) ;
#3144 = CARTESIAN_POINT ( 'NONE',  ( -2.886905449478252894, -0.2304051965653416134, 3.552122810677898368 ) ) ;
#3145 = ORIENTED_EDGE ( 'NONE', *, *, #1265, .T. ) ;
#3146 = CARTESIAN_POINT ( 'NONE',  ( 4.933211987915633756, -15.93866591798485999, 3.841658415707243979 ) ) ;
#3147 = CARTESIAN_POINT ( 'NONE',  ( -5.073907051769759313, -16.76382099308090901, 3.716467738931982012 ) ) ;
#3148 = CARTESIAN_POINT ( 'NONE',  ( -7.935419272055862727, 13.60376866141336549, 1.384824351588715752 ) ) ;
#3149 = VERTEX_POINT ( 'NONE', #415 ) ;
#3150 = CARTESIAN_POINT ( 'NONE',  ( 4.473255002660908808, -10.54249216096960673, 2.668423906462539019 ) ) ;
#3151 = CARTESIAN_POINT ( 'NONE',  ( -6.999999999999985789, -2.666944876948521781, 0.006761969177389911406 ) ) ;
#3152 = ORIENTED_EDGE ( 'NONE', *, *, #64, .T. ) ;
#3153 = DIRECTION ( 'NONE',  ( 0.000000000000000000, 0.000000000000000000, -1.000000000000000000 ) ) ;
#3154 = FACE_OUTER_BOUND ( 'NONE', #4408, .T. ) ;
#3155 = CARTESIAN_POINT ( 'NONE',  ( -5.344936258724429123, -12.09566195882542061, 1.994912350571963033 ) ) ;
#3156 = ORIENTED_EDGE ( 'NONE', *, *, #4058, .F. ) ;
#3157 = CARTESIAN_POINT ( 'NONE',  ( 8.276290145445805990, -13.49245021220421847, 0.9690945299611936070 ) ) ;
#3158 = CARTESIAN_POINT ( 'NONE',  ( 9.198506161110451274, -5.673204499567389369, 0.8726829910503903776 ) ) ;
#3159 = CARTESIAN_POINT ( 'NONE',  ( -7.034167733991672833, -14.17366062378186697, 2.525704588560939268 ) ) ;
#3160 = ORIENTED_EDGE ( 'NONE', *, *, #2858, .T. ) ;
#3161 = CARTESIAN_POINT ( 'NONE',  ( 3.500000000000000444, -15.49999999999999822, -1.000000000000000000 ) ) ;
#3162 = ORIENTED_EDGE ( 'NONE', *, *, #350, .T. ) ;
#3163 = FACE_OUTER_BOUND ( 'NONE', #2196, .T. ) ;
#3164 = DIRECTION ( 'NONE',  ( 0.000000000000000000, 0.000000000000000000, -1.000000000000000000 ) ) ;
#3165 = ADVANCED_FACE ( 'NONE', ( #1020 ), #2997, .T. ) ;
#3166 = FACE_OUTER_BOUND ( 'NONE', #2850, .T. ) ;
#3167 = PLANE ( 'NONE',  #358 ) ;
#3168 = CALENDAR_DATE ( 2025, 16, 6 ) ;
#3169 = CARTESIAN_POINT ( 'NONE',  ( 5.979278243627743628, -12.57901601813075310, 3.418536085093366150 ) ) ;
#3170 = CARTESIAN_POINT ( 'NONE',  ( 7.175062185668038772, 13.43266555941613838, -0.05788069774976258020 ) ) ;
#3171 = CARTESIAN_POINT ( 'NONE',  ( -4.369675313102263203, -8.770333614781508302, 2.721280058788026146 ) ) ;
#3172 = DIRECTION ( 'NONE',  ( 0.000000000000000000, 0.000000000000000000, -1.000000000000000000 ) ) ;
#3173 = AXIS2_PLACEMENT_3D ( 'NONE', #3770, #3324, #3749 ) ;
#3174 = CARTESIAN_POINT ( 'NONE',  ( -7.322127639006013489, 15.23533389117961612, 2.183123244447731981 ) ) ;
#3175 = CARTESIAN_POINT ( 'NONE',  ( -7.068890054484497476, 14.79971263184673802, 2.437624182468224543 ) ) ;
#3176 = CARTESIAN_POINT ( 'NONE',  ( 11.43508150738718321, 5.673204499567274794, -2.139114733925739920 ) ) ;
#3177 = CARTESIAN_POINT ( 'NONE',  ( -6.810307721745308740, -14.32333250629073618, 2.702940561438856193 ) ) ;
#3178 = EDGE_CURVE ( 'NONE', #992, #1795, #1252, .T. ) ;
#3179 = CARTESIAN_POINT ( 'NONE',  ( 8.271265618860812907, 13.50231382526935775, 0.5519339266985624493 ) ) ;
#3180 = CARTESIAN_POINT ( 'NONE',  ( 7.398064217433261369, 14.45998512909891076, 2.093355370013518790 ) ) ;
#3181 = CARTESIAN_POINT ( 'NONE',  ( -6.976294481368403133, 12.46552017975848514, 0.1640834266404955777 ) ) ;
#3182 = CARTESIAN_POINT ( 'NONE',  ( -5.965740629108888804, 14.48397325870506513, 1.428192722201298226 ) ) ;
#3183 = LINE ( 'NONE', #319, #221 ) ;
#3184 = CARTESIAN_POINT ( 'NONE',  ( 6.800000000000001599, -8.000000000000000000, -0.1753788748764676109 ) ) ;
#3185 = ORIENTED_EDGE ( 'NONE', *, *, #4752, .F. ) ;
#3186 = PRODUCT_DEFINITION_SHAPE ( 'NONE', 'NONE',  #4183 ) ;
#3187 = CARTESIAN_POINT ( 'NONE',  ( -2.613621009981609511, -16.05551877572545294, 4.746460363159597406 ) ) ;
#3188 = EDGE_CURVE ( 'NONE', #4147, #2250, #1212, .T. ) ;
#3189 = VECTOR ( 'NONE', #746, 1000.000000000000000 ) ;
#3190 = CARTESIAN_POINT ( 'NONE',  ( 3.350307906965567462, -1.505296417636677431, 4.977713967887814839 ) ) ;
#3191 = CARTESIAN_POINT ( 'NONE',  ( 0.000000000000000000, -16.99999999999999645, 4.055598451454732967 ) ) ;
#3192 = CARTESIAN_POINT ( 'NONE',  ( -7.069658235047431738, -7.039150162648549092, -0.009441736917769000606 ) ) ;
#3193 = ADVANCED_FACE ( 'NONE', ( #1816 ), #2409, .T. ) ;
#3194 = ORIENTED_EDGE ( 'NONE', *, *, #540, .F. ) ;
#3195 = CARTESIAN_POINT ( 'NONE',  ( 4.646214305028250280, 9.702429764559749259, 2.522407425072488607 ) ) ;
#3196 = PLANE ( 'NONE',  #3508 ) ;
#3197 = CARTESIAN_POINT ( 'NONE',  ( -5.820284331298695157, 16.44178487754494000, 2.453715005014700523 ) ) ;
#3198 = LINE ( 'NONE', #2130, #2172 ) ;
#3199 = ADVANCED_FACE ( 'NONE', ( #3998 ), #3392, .F. ) ;
#3200 = CARTESIAN_POINT ( 'NONE',  ( 6.818157012236776282, -13.11887942889337388, 0.3672489416634172610 ) ) ;
#3201 = CARTESIAN_POINT ( 'NONE',  ( -7.396282100295878514, 5.673204499567274794, 2.882169578175977520 ) ) ;
#3202 = ORIENTED_EDGE ( 'NONE', *, *, #3502, .F. ) ;
#3203 = VERTEX_POINT ( 'NONE', #4720 ) ;
#3204 = CARTESIAN_POINT ( 'NONE',  ( -6.519838586552978654, -13.74998237626429365, 2.966407064672962335 ) ) ;
#3205 = CARTESIAN_POINT ( 'NONE',  ( 5.358417829491148865, -16.64484429913384034, 2.674961454971588104 ) ) ;
#3206 = CARTESIAN_POINT ( 'NONE',  ( -5.425226816396325979, 5.244130175616032119, 2.497937667292041475 ) ) ;
#3207 = CARTESIAN_POINT ( 'NONE',  ( -0.3307307696741583203, -16.05550737207309098, 5.054056728844356527 ) ) ;
#3208 = CARTESIAN_POINT ( 'NONE',  ( -250006.9499999999825, 8.000000000000000000, 249998.5500000000757 ) ) ;
#3209 = CARTESIAN_POINT ( 'NONE',  ( 2.366496047453612306, -16.99999999999999289, 3.777080498290279476 ) ) ;
#3210 = CARTESIAN_POINT ( 'NONE',  ( -5.499999999999999112, 8.800000000000000711, 500000.0000000000582 ) ) ;
#3211 = CARTESIAN_POINT ( 'NONE',  ( -6.142383694491868162, -14.47255597319056619, 1.259569656664225823 ) ) ;
#3212 = CARTESIAN_POINT ( 'NONE',  ( 5.017278528409524263, 11.57338017194186541, 2.303267818378221587 ) ) ;
#3213 = CARTESIAN_POINT ( 'NONE',  ( 8.253887699138481082, 11.99212167138165697, 0.9730025424401035350 ) ) ;
#3214 = CARTESIAN_POINT ( 'NONE',  ( 7.229620809029770889, -15.33313656452589591, 1.627344281652626679 ) ) ;
#3215 = CARTESIAN_POINT ( 'NONE',  ( -7.396282100295883843, -5.673204499567389369, 2.882169578175852731 ) ) ;
#3216 = VERTEX_POINT ( 'NONE', #183 ) ;
#3217 = CARTESIAN_POINT ( 'NONE',  ( -5.979278243630565370, -12.57901601812909576, 3.418536085091440135 ) ) ;
#3218 = VERTEX_POINT ( 'NONE', #1667 ) ;
#3219 = CARTESIAN_POINT ( 'NONE',  ( 6.134834996749576774, -16.27693066003495659, 3.092136044933415651 ) ) ;
#3220 = CIRCLE ( 'NONE', #2742, 5.000000000000000000 ) ;
#3221 = EDGE_CURVE ( 'NONE', #2969, #4681, #851, .T. ) ;
#3222 = VERTEX_POINT ( 'NONE', #4655 ) ;
#3223 = ADVANCED_FACE ( 'NONE', ( #402 ), #2248, .T. ) ;
#3224 = DIRECTION ( 'NONE',  ( 0.000000000000000000, -1.000000000000000000, -0.000000000000000000 ) ) ;
#3225 = CARTESIAN_POINT ( 'NONE',  ( -7.605698278542609714, -14.87274569627975751, 1.864038068795828007 ) ) ;
#3226 = ORIENTED_EDGE ( 'NONE', *, *, #4323, .T. ) ;
#3227 = CARTESIAN_POINT ( 'NONE',  ( -7.101388601013894686, -9.376598665419558998, -0.01842463591208099230 ) ) ;
#3228 = ORIENTED_EDGE ( 'NONE', *, *, #1028, .F. ) ;
#3229 = CARTESIAN_POINT ( 'NONE',  ( 3.130023176962818177, 4.225330321409715317, 3.439562128558128595 ) ) ;
#3230 = DIRECTION ( 'NONE',  ( 0.000000000000000000, 0.01199130751755594915, -0.9999281016873260430 ) ) ;
#3231 = EDGE_CURVE ( 'NONE', #2622, #2413, #1078, .T. ) ;
#3232 = VERTEX_POINT ( 'NONE', #1758 ) ;
#3233 = DIRECTION ( 'NONE',  ( 0.000000000000000000, 0.000000000000000000, -1.000000000000000000 ) ) ;
#3234 = CYLINDRICAL_SURFACE ( 'NONE', #3991, 5.000000000000000000 ) ;
#3235 = CARTESIAN_POINT ( 'NONE',  ( -7.304398632778045908, -14.73788232863896397, 2.230778028364617249 ) ) ;
#3236 = CARTESIAN_POINT ( 'NONE',  ( 8.174319683241304091, 12.84400058405910805, 1.078366919362802934 ) ) ;
#3237 = CARTESIAN_POINT ( 'NONE',  ( -7.132763194922159045, -15.43555404114371221, 1.690478039325851611 ) ) ;
#3238 = ORIENTED_EDGE ( 'NONE', *, *, #3483, .T. ) ;
#3239 = EDGE_CURVE ( 'NONE', #1053, #4492, #2167, .T. ) ;
#3240 = CARTESIAN_POINT ( 'NONE',  ( -7.068997572471215740, -14.79960888190956148, 2.437535899921397853 ) ) ;
#3241 = CARTESIAN_POINT ( 'NONE',  ( 0.6641321022771777827, -17.00000000000208544, 5.001549472534114749 ) ) ;
#3242 = CARTESIAN_POINT ( 'NONE',  ( -6.800000000000001599, 8.000000000000000000, -0.1753788748764676109 ) ) ;
#3243 = CARTESIAN_POINT ( 'NONE',  ( -5.935132235694497105, -4.820468788198533083, 1.031246035083011714 ) ) ;
#3244 = CARTESIAN_POINT ( 'NONE',  ( -1.646452142963878318, 16.05552339143416773, 4.929190628293561360 ) ) ;
#3245 = AXIS2_PLACEMENT_3D ( 'NONE', #2980, #1513, #3411 ) ;
#3246 = LINE ( 'NONE', #392, #3995 ) ;
#3247 = CARTESIAN_POINT ( 'NONE',  ( 8.087799515656993066, 13.18091094989175360, 1.188720654983380198 ) ) ;
#3248 = CARTESIAN_POINT ( 'NONE',  ( -7.582096392547984287, -17.00000000000000355, 1.783071889694517687 ) ) ;
#3249 = CARTESIAN_POINT ( 'NONE',  ( -6.955781789587259567, 16.99999999999988987, 2.381177943152650744 ) ) ;
#3250 = CARTESIAN_POINT ( 'NONE',  ( -3.707191210957019312, -6.315234070226937391, 3.185798884446536139 ) ) ;
#3251 = CARTESIAN_POINT ( 'NONE',  ( -8.050752866573416711, 13.29494174779576987, 1.236188035225060933 ) ) ;
#3252 = ORIENTED_EDGE ( 'NONE', *, *, #2372, .F. ) ;
#3253 = ORIENTED_EDGE ( 'NONE', *, *, #485, .T. ) ;
#3254 = CARTESIAN_POINT ( 'NONE',  ( -2.246670004072731874, -5.244126883571096798, 3.894260718924675846 ) ) ;
#3255 = CARTESIAN_POINT ( 'NONE',  ( 4.693314383006716994, -9.109040555360474301, 4.295398366682364077 ) ) ;
#3256 = LINE ( 'NONE', #403, #4783 ) ;
#3257 = EDGE_CURVE ( 'NONE', #942, #4154, #115, .T. ) ;
#3258 = ORIENTED_EDGE ( 'NONE', *, *, #3381, .F. ) ;
#3259 = EDGE_CURVE ( 'NONE', #3344, #2558, #2104, .T. ) ;
#3260 = CARTESIAN_POINT ( 'NONE',  ( -7.082776204657635910E-11, -16.05550737207284939, 5.054056728823178801 ) ) ;
#3261 = DIRECTION ( 'NONE',  ( 0.000000000000000000, 0.000000000000000000, 1.000000000000000000 ) ) ;
#3262 = CARTESIAN_POINT ( 'NONE',  ( -4.443898813313952978, 10.44900338047877675, 2.688375179668939907 ) ) ;
#3263 = LINE ( 'NONE', #561, #4378 ) ;
#3264 = CARTESIAN_POINT ( 'NONE',  ( -1.321775889576977114, 16.05552146915334077, 4.975350764713227569 ) ) ;
#3265 = CARTESIAN_POINT ( 'NONE',  ( 7.518404185136702722, 14.31466998219655196, 1.933022505742270969 ) ) ;
#3266 = CARTESIAN_POINT ( 'NONE',  ( -7.605734146720588562, 14.87269861362524992, 1.863935818334495176 ) ) ;
#3267 = CARTESIAN_POINT ( 'NONE',  ( 4.864366364610358318, -11.72549712226637908, 2.389027324354343396 ) ) ;
#3268 = CARTESIAN_POINT ( 'NONE',  ( -5.965740629108888804, 14.48397325870506513, 1.428192722201298226 ) ) ;
#3269 = CARTESIAN_POINT ( 'NONE',  ( 3.499999999999999556, 17.00000000000000711, 3.393604471454716887 ) ) ;
#3270 = CARTESIAN_POINT ( 'NONE',  ( -5.499999999999999112, -8.800000000000000711, -1.800000000000000044 ) ) ;
#3271 = CARTESIAN_POINT ( 'NONE',  ( -3.865438509202292039, -16.05550970860616289, 4.322783469849194482 ) ) ;
#3272 = ORIENTED_EDGE ( 'NONE', *, *, #4481, .T. ) ;
#3273 = CARTESIAN_POINT ( 'NONE',  ( 4.747261670776265408E-16, 15.49999999997581845, 3.582233659923280022 ) ) ;
#3274 = CARTESIAN_POINT ( 'NONE',  ( -6.999999999999998224, 8.799999999999911893, 0.07876482680197892383 ) ) ;
#3275 = CARTESIAN_POINT ( 'NONE',  ( 3.848795190691579826, 16.30301762710903901, 4.280465488958522080 ) ) ;
#3276 = DIRECTION ( 'NONE',  ( 0.000000000000000000, 0.000000000000000000, -1.000000000000000000 ) ) ;
#3277 = CARTESIAN_POINT ( 'NONE',  ( -3.785106167482659600, 7.999405175048221572, 3.096228853248782720 ) ) ;
#3278 = CARTESIAN_POINT ( 'NONE',  ( 4.980988154448614758, -6.402523379138123971, 4.053604648335595861 ) ) ;
#3279 = ORIENTED_EDGE ( 'NONE', *, *, #3513, .T. ) ;
#3280 = CARTESIAN_POINT ( 'NONE',  ( -7.000000000000000888, 8.800000000000000711, -1.000000000000000000 ) ) ;
#3281 = EDGE_CURVE ( 'NONE', #2121, #3412, #2709, .T. ) ;
#3282 = ORIENTED_EDGE ( 'NONE', *, *, #1451, .F. ) ;
#3283 = CARTESIAN_POINT ( 'NONE',  ( 8.663277263988527821, 16.99999999999988987, 0.4749004375466582828 ) ) ;
#3284 = CARTESIAN_POINT ( 'NONE',  ( 7.500000000000001776, 12.00000000000000711, -1.000000000000000000 ) ) ;
#3285 = FACE_OUTER_BOUND ( 'NONE', #830, .T. ) ;
#3286 = ORIENTED_EDGE ( 'NONE', *, *, #1842, .T. ) ;
#3287 = B_SPLINE_CURVE_WITH_KNOTS ( 'NONE', 3,
 ( #2183, #4495, #1823, #2200, #3738, #4478, #2556, #6, #3710, #1411, #1469, #4822, #404, #1128, #2606, #1437 ),
 .UNSPECIFIED., .F., .F.,
 ( 4, 2, 2, 2, 2, 2, 2, 4 ),
 ( 3.805534180917389138E-18, 0.001871416463148970226, 0.003742832926297936548, 0.005614249389446902654, 0.007485665852595868759, 0.01122849877889380531, 0.01309991524204277141, 0.01497133170519174099 ),
 .UNSPECIFIED. ) ;
#3288 = DIRECTION ( 'NONE',  ( 0.000000000000000000, 0.000000000000000000, -1.000000000000000000 ) ) ;
#3289 = ADVANCED_FACE ( 'NONE', ( #4835 ), #1380, .F. ) ;
#3290 = DIRECTION ( 'NONE',  ( -1.000000000000000000, 0.000000000000000000, 0.000000000000000000 ) ) ;
#3291 = EDGE_CURVE ( 'NONE', #4681, #1588, #2710, .T. ) ;
#3292 = ORIENTED_EDGE ( 'NONE', *, *, #3727, .F. ) ;
#3293 = ORIENTED_EDGE ( 'NONE', *, *, #4612, .T. ) ;
#3294 = VECTOR ( 'NONE', #2962, 1000.000000000000000 ) ;
#3295 = CARTESIAN_POINT ( 'NONE',  ( -6.002043646762306395, 8.800000000000002487, 1.093183840234247750 ) ) ;
#3296 = CARTESIAN_POINT ( 'NONE',  ( 5.698734326662880711, 11.91366764346332552, 3.630379325853406058 ) ) ;
#3297 = CARTESIAN_POINT ( 'NONE',  ( -3.788955506163961484, 6.699394084681998152, 3.135438969564925848 ) ) ;
#3298 = CARTESIAN_POINT ( 'NONE',  ( 4.446666417103918967, -0.8473572084001674831, 4.347884171992501656 ) ) ;
#3299 = CARTESIAN_POINT ( 'NONE',  ( -8.500000000000000000, -11.99999999999999645, 0.3162782702059308004 ) ) ;
#3300 = LINE ( 'NONE', #1833, #3294 ) ;
#3301 = CARTESIAN_POINT ( 'NONE',  ( 10.89969988970540626, -17.00000000000000355, -2.536691632741522540 ) ) ;
#3302 = CARTESIAN_POINT ( 'NONE',  ( 2.968275381353289610, -2.720954951699892543, 3.516545516435277463 ) ) ;
#3303 = CARTESIAN_POINT ( 'NONE',  ( -2.886905449481139918, -0.2304051965653242662, 3.552122810676984432 ) ) ;
#3304 = CARTESIAN_POINT ( 'NONE',  ( 2.358683905189379093, 17.00000000000001421, 3.779087361445549131 ) ) ;
#3305 = CARTESIAN_POINT ( 'NONE',  ( 0.5182601975883478485, 15.68575543997217636, 3.572152950829300178 ) ) ;
#3306 = CARTESIAN_POINT ( 'NONE',  ( 6.800000000000001599, 8.800000000000000711, -1.000000000000000000 ) ) ;
#3307 = CARTESIAN_POINT ( 'NONE',  ( -3.407316159794952171, 2.437092594548681657, 4.954428675887725397 ) ) ;
#3308 = DIRECTION ( 'NONE',  ( -0.000000000000000000, -0.000000000000000000, -1.000000000000000000 ) ) ;
#3309 = VECTOR ( 'NONE', #3164, 1000.000000000000000 ) ;
#3310 = CARTESIAN_POINT ( 'NONE',  ( 6.275741791688534299, 12.36698886518314744, 3.232480929938239989 ) ) ;
#3311 = VERTEX_POINT ( 'NONE', #1788 ) ;
#3312 = CARTESIAN_POINT ( 'NONE',  ( 4.466694066952876518, -1.469851295077285513, 4.337524533774127278 ) ) ;
#3313 = CARTESIAN_POINT ( 'NONE',  ( 3.894958767021305945, 6.033511146000616776, 2.993168951656200782 ) ) ;
#3314 = CIRCLE ( 'NONE', #2074, 0.9999999999999995559 ) ;
#3315 = CARTESIAN_POINT ( 'NONE',  ( -10.05890442947390362, 5.673204499567274794, -0.2859375931339788734 ) ) ;
#3316 = ADVANCED_FACE ( 'NONE', ( #52 ), #1467, .F. ) ;
#3317 = CARTESIAN_POINT ( 'NONE',  ( -8.500000000000000000, 8.487231992081936127, 0.6897396824493325918 ) ) ;
#3318 = ORIENTED_EDGE ( 'NONE', *, *, #4552, .F. ) ;
#3319 = CARTESIAN_POINT ( 'NONE',  ( -2.967834385660622409, -2.708646844814883270, 3.516704267049433064 ) ) ;
#3320 = VECTOR ( 'NONE', #3530, 1000.000000000000000 ) ;
#3321 = B_SPLINE_CURVE_WITH_KNOTS ( 'NONE', 3,
 ( #4102, #3047, #1862, #2634, #1555, #2676, #2360, #3062, #1246, #892 ),
 .UNSPECIFIED., .F., .F.,
 ( 4, 2, 2, 2, 4 ),
 ( 0.0002162177938942247402, 0.001126547047027587215, 0.002036876300160949445, 0.002947205553294311893, 0.003857534806427674341 ),
 .UNSPECIFIED. ) ;
#3322 = VERTEX_POINT ( 'NONE', #2569 ) ;
#3323 = CARTESIAN_POINT ( 'NONE',  ( 7.000000000000000888, -10.93336514270484372, 0.1096072640581652602 ) ) ;
#3324 = DIRECTION ( 'NONE',  ( -1.000000000000000000, 0.000000000000000000, 0.000000000000000000 ) ) ;
#3325 = EDGE_CURVE ( 'NONE', #465, #1323, #2212, .T. ) ;
#3326 = CARTESIAN_POINT ( 'NONE',  ( 0.6631011721621186128, 16.05550736265710654, 5.054079166640241816 ) ) ;
#3327 = CARTESIAN_POINT ( 'NONE',  ( -8.500000000000001776, 11.99550807692978083, 0.6906178178119245503 ) ) ;
#3328 = ORIENTED_EDGE ( 'NONE', *, *, #3969, .T. ) ;
#3329 = CARTESIAN_POINT ( 'NONE',  ( 7.846203012310815517, -5.673204499567389369, 2.464230218698741481 ) ) ;
#3330 = CARTESIAN_POINT ( 'NONE',  ( -4.674879288233825925, -9.811193510246404514, 2.502519423017321554 ) ) ;
#3331 = ADVANCED_FACE ( 'NONE', ( #859 ), #2585, .T. ) ;
#3332 = ORIENTED_EDGE ( 'NONE', *, *, #3082, .F. ) ;
#3333 = CARTESIAN_POINT ( 'NONE',  ( -6.414960112461423059, 10.74189593772167761, 0.7400723557377244521 ) ) ;
#3334 = PERSON_AND_ORGANIZATION_ROLE ( 'creator' ) ;
#3335 = ORIENTED_EDGE ( 'NONE', *, *, #637, .F. ) ;
#3336 = CARTESIAN_POINT ( 'NONE',  ( 3.500000000000000444, -15.99999999999999645, 3.393604602115719349 ) ) ;
#3337 = AXIS2_PLACEMENT_3D ( 'NONE', #3552, #4369, #3913 ) ;
#3338 = VECTOR ( 'NONE', #4717, 1000.000000000000000 ) ;
#3339 = CARTESIAN_POINT ( 'NONE',  ( 8.169805990602243995, 3.997493201631922677, 0.9876409224023805500 ) ) ;
#3340 = ORIENTED_EDGE ( 'NONE', *, *, #2632, .F. ) ;
#3341 = EDGE_LOOP ( 'NONE', ( #248, #695, #136, #4223, #2871, #2746 ) ) ;
#3342 = CARTESIAN_POINT ( 'NONE',  ( -0.3320710108190228493, 16.05550737678444051, 5.054045501111938954 ) ) ;
#3343 = CARTESIAN_POINT ( 'NONE',  ( -3.865438509202312467, 16.05550970860616289, 4.322783469849168725 ) ) ;
#3344 = VERTEX_POINT ( 'NONE', #2948 ) ;
#3345 = CARTESIAN_POINT ( 'NONE',  ( 10.74679753135571936, -5.673204499567389369, -1.212263627611744665 ) ) ;
#3346 = CARTESIAN_POINT ( 'NONE',  ( -8.500000000000000000, 15.93125800956547700, 0.6896581637535965648 ) ) ;
#3347 = ORIENTED_EDGE ( 'NONE', *, *, #2002, .T. ) ;
#3348 = CARTESIAN_POINT ( 'NONE',  ( -4.860742060525241826, -11.71567238619068796, 2.391858472688222381 ) ) ;
#3349 = VERTEX_POINT ( 'NONE', #4039 ) ;
#3350 = B_SPLINE_CURVE_WITH_KNOTS ( 'NONE', 3,
 ( #3240, #1292, #585, #2851, #275, #3592, #3609, #2421, #237, #1346 ),
 .UNSPECIFIED., .F., .F.,
 ( 4, 2, 2, 2, 4 ),
 ( 0.0003139708664207955732, 0.001318774879158616338, 0.002323578891896437102, 0.003328382904634254180, 0.004333186917372070825 ),
 .UNSPECIFIED. ) ;
#3351 = CARTESIAN_POINT ( 'NONE',  ( 1.118835119079322871, 5.244125495205041787, 4.093304639518837718 ) ) ;
#3352 = EDGE_CURVE ( 'NONE', #2863, #4052, #3314, .T. ) ;
#3353 = CARTESIAN_POINT ( 'NONE',  ( 6.151981748986032450, -15.48409227493653262, 3.125943721664738550 ) ) ;
#3354 = CARTESIAN_POINT ( 'NONE',  ( -4.743277583995850755, 3.710763693819596920, 2.108827724472439158 ) ) ;
#3355 = COORDINATED_UNIVERSAL_TIME_OFFSET ( 8, 0, .AHEAD. ) ;
#3356 = CARTESIAN_POINT ( 'NONE',  ( 7.000000000000000888, 8.800000000000000711, 500000.0000000000582 ) ) ;
#3357 = DIRECTION ( 'NONE',  ( 0.5995489605276330680, 0.6339645283628064787, -0.4884977182218553371 ) ) ;
#3358 = CARTESIAN_POINT ( 'NONE',  ( -6.663677151821396194, -13.51170551024265620, 0.5657951658115912830 ) ) ;
#3359 = CARTESIAN_POINT ( 'NONE',  ( -8.366566982756664217, 13.18500799025525971, 0.4548582454252074747 ) ) ;
#3360 = CARTESIAN_POINT ( 'NONE',  ( 5.940176378252781220, -5.673204499567389369, 4.042423986752211817 ) ) ;
#3361 = CARTESIAN_POINT ( 'NONE',  ( -8.500000000000000000, 14.51156453444579775, 0.6896737106579415855 ) ) ;
#3362 = CARTESIAN_POINT ( 'NONE',  ( -5.234192313125281437, -12.22393209529628244, 2.129061274267213033 ) ) ;
#3363 = LINE ( 'NONE', #2268, #2467 ) ;
#3364 = CARTESIAN_POINT ( 'NONE',  ( -6.001600786046846103, -8.000000000000000000, 1.062667702988649321 ) ) ;
#3365 = CARTESIAN_POINT ( 'NONE',  ( -2.613621009981749399, 16.05551877572547426, 4.746460363159571649 ) ) ;
#3366 = CARTESIAN_POINT ( 'NONE',  ( -5.106074705639120026, 15.68574532108097941, 2.024329554957821298 ) ) ;
#3367 = CARTESIAN_POINT ( 'NONE',  ( -6.545692612707804336, 11.89964527538291605, 0.6419569816815834384 ) ) ;
#3368 = VECTOR ( 'NONE', #3983, 1000.000000000000000 ) ;
#3369 = APPROVAL_ROLE ( '' ) ;
#3370 = ORIENTED_EDGE ( 'NONE', *, *, #1040, .F. ) ;
#3371 = DIRECTION ( 'NONE',  ( 0.005551637742388555903, -0.9999812057924141184, -0.002601418906455315195 ) ) ;
#3372 = LINE ( 'NONE', #2293, #1145 ) ;
#3373 = CARTESIAN_POINT ( 'NONE',  ( 5.592673250196603441, 16.30301762710903901, 3.230389790259646343 ) ) ;
#3374 = CARTESIAN_POINT ( 'NONE',  ( 0.6013432130872453651, -16.99999999999999289, 4.040932147464044277 ) ) ;
#3375 = CARTESIAN_POINT ( 'NONE',  ( 10.74679753135523441, 5.673204499567274794, -1.212263627612107930 ) ) ;
#3376 = CARTESIAN_POINT ( 'NONE',  ( -8.304060376885793460, 16.74427064384016006, 0.9762135460547544108 ) ) ;
#3377 = FACE_OUTER_BOUND ( 'NONE', #3644, .T. ) ;
#3378 = CARTESIAN_POINT ( 'NONE',  ( 7.029650524940019629, 2.349649665394667242, -0.001031361675407803423 ) ) ;
#3379 = PRODUCT_DEFINITION_FORMATION_WITH_SPECIFIED_SOURCE ( '任何', '', #1803, .NOT_KNOWN. ) ;
#3380 = CARTESIAN_POINT ( 'NONE',  ( 3.746698476376541187, -5.092829428069498121, 3.076049409166149662 ) ) ;
#3381 = EDGE_CURVE ( 'NONE', #4681, #1099, #3943, .T. ) ;
#3382 = B_SPLINE_CURVE_WITH_KNOTS ( 'NONE', 3,
 ( #2120, #4061, #1092, #2922 ),
 .UNSPECIFIED., .F., .F.,
 ( 4, 4 ),
 ( 3.567797691744155669E-17, 0.002112913080649803359 ),
 .UNSPECIFIED. ) ;
#3383 = CARTESIAN_POINT ( 'NONE',  ( 6.151894719761751062, 15.48413922191591574, 3.126001973628518726 ) ) ;
#3384 = CARTESIAN_POINT ( 'NONE',  ( -7.229553145276725878, 15.33321541024355206, 1.627389763351468233 ) ) ;
#3385 = CARTESIAN_POINT ( 'NONE',  ( -4.266005848565670000, 9.857563953826215197, 2.804393602504711147 ) ) ;
#3386 = CARTESIAN_POINT ( 'NONE',  ( -6.288454155700320847, 9.579419793715768350, 0.8315370786534707070 ) ) ;
#3387 = CARTESIAN_POINT ( 'NONE',  ( 8.500000000000000000, -2.447987506280779879E-06, 0.6898326252037423334 ) ) ;
#3388 = ORIENTED_EDGE ( 'NONE', *, *, #3894, .T. ) ;
#3389 = CARTESIAN_POINT ( 'NONE',  ( -6.321881422821855168, 11.61497939203879959, 3.110019073138039936 ) ) ;
#3390 = CARTESIAN_POINT ( 'NONE',  ( 4.406194197024434267, 16.93718577553346449, 3.084904020428257176 ) ) ;
#3391 = DIRECTION ( 'NONE',  ( 1.000000000000000000, 0.000000000000000000, 0.000000000000000000 ) ) ;
#3392 = B_SPLINE_SURFACE_WITH_KNOTS ( 'NONE', 3, 3, ( 
 ( #705, #484, #2694, #3828 ),
 ( #2659, #3045, #821, #3795 ),
 ( #1523, #3077, #3437, #1911 ),
 ( #3807, #474, #1189, #117 ),
 ( #1541, #4157, #4171, #1167 ),
 ( #4570, #2307, #4587, #1893 ),
 ( #838, #2292, #99, #2674 ),
 ( #1214, #4186, #3424, #3061 ),
 ( #3454, #4555, #1201, #1553 ),
 ( #1926, #2277, #80, #490 ),
 ( #852, #3473, #818, #4549 ),
 ( #3004, #2239, #470, #77 ),
 ( #435, #452, #26, #787 ),
 ( #3023, #2607, #2273, #3039 ),
 ( #3824, #63, #3396, #1549 ),
 ( #4134, #3058, #3420, #3433 ),
 ( #833, #3447, #4497, #2626 ),
 ( #1150, #770, #1129, #3378 ),
 ( #1519, #4151, #2220, #1890 ),
 ( #3758, #1488, #1571, #863 ),
 ( #1228, #2301, #3498, #2706 ),
 ( #3892, #2355, #3837, #142 ),
 ( #4640, #128, #3121, #4624 ),
 ( #2720, #2738, #505, #1257 ),
 ( #3526, #2371, #902, #3085 ),
 ( #1625, #4583, #1923, #2689 ),
 ( #3468, #3074, #112, #848 ),
 ( #1210, #172, #1584, #4216 ),
 ( #1950, #517, #3108, #873 ),
 ( #1241, #3864, #4318, #3170 ),
 ( #916, #4301, #2389, #2401 ) ),
 .UNSPECIFIED., .F., .F., .F.,
 ( 4, 3, 3, 3, 3, 3, 3, 3, 3, 3, 4 ),
 ( 4, 4 ),
 ( 0.000000000000000000, 0.05127236143357860598, 0.1025447228671572120, 0.2050894457343143129, 0.3076341686014714139, 0.4101788914686286258, 0.5127236143357858378, 0.6152683372029430497, 0.7178130600701001507, 0.7690854215036787567, 0.8203577829372573627 ),
 ( 0.09336028954376650313, 0.8957123539599899376 ),
 .UNSPECIFIED. ) ;
#3393 = CARTESIAN_POINT ( 'NONE',  ( 5.965740629108888804, 14.48397325870506513, 1.428192722201298226 ) ) ;
#3394 = CARTESIAN_POINT ( 'NONE',  ( 8.143061379733341099, 16.99999999999988987, 1.149065253945515286 ) ) ;
#3395 = CARTESIAN_POINT ( 'NONE',  ( -6.380146386716424090, -12.71342586233274297, 3.192510734755038548 ) ) ;
#3396 = CARTESIAN_POINT ( 'NONE',  ( 5.822475803741637534, -1.207694439680158993, 1.084988370088152410 ) ) ;
#3397 = CARTESIAN_POINT ( 'NONE',  ( 5.499999999998029132, -7.999999999998811617, 1.557051869887186468 ) ) ;
#3398 = ORIENTED_EDGE ( 'NONE', *, *, #1186, .F. ) ;
#3399 = EDGE_CURVE ( 'NONE', #501, #364, #1073, .T. ) ;
#3400 = ORIENTED_EDGE ( 'NONE', *, *, #2519, .T. ) ;
#3401 = CARTESIAN_POINT ( 'NONE',  ( 1.682752561575949546, -5.244126189388048864, 3.993782679221713927 ) ) ;
#3402 = VERTEX_POINT ( 'NONE', #4488 ) ;
#3403 = CARTESIAN_POINT ( 'NONE',  ( -2.366595858810094821, 17.00000000000000000, 3.777051999559315032 ) ) ;
#3404 = EDGE_CURVE ( 'NONE', #2831, #4492, #3610, .T. ) ;
#3405 = CARTESIAN_POINT ( 'NONE',  ( -4.051106619049901880, -6.642676389907879120, 4.648554795528657024 ) ) ;
#3406 = CARTESIAN_POINT ( 'NONE',  ( -5.736257856656603593, 13.40764281901105370, 1.664890057044656091 ) ) ;
#3407 = ORIENTED_EDGE ( 'NONE', *, *, #2923, .F. ) ;
#3408 = CARTESIAN_POINT ( 'NONE',  ( -8.500000000000000000, 12.00000000000000711, 0.000000000000000000 ) ) ;
#3409 = ORIENTED_EDGE ( 'NONE', *, *, #3134, .T. ) ;
#3410 = CARTESIAN_POINT ( 'NONE',  ( -8.500283312384269152, 12.28369974669456255, 0.6907566850894323318 ) ) ;
#3411 = DIRECTION ( 'NONE',  ( 0.000000000000000000, 0.000000000000000000, -1.000000000000000000 ) ) ;
#3412 = VERTEX_POINT ( 'NONE', #4817 ) ;
#3413 = CARTESIAN_POINT ( 'NONE',  ( 5.499999999999999112, -8.800000000000000711, 1.597427474109736067 ) ) ;
#3414 = ORIENTED_EDGE ( 'NONE', *, *, #3178, .F. ) ;
#3415 = ADVANCED_FACE ( 'NONE', ( #2290 ), #4069, .T. ) ;
#3416 = PERSON_AND_ORGANIZATION ( #3814, #3586 ) ;
#3417 = AXIS2_PLACEMENT_3D ( 'NONE', #2517, #314, #2897 ) ;
#3418 = CARTESIAN_POINT ( 'NONE',  ( -7.000000000000000888, -11.99999999999999645, 5.500000000000000000 ) ) ;
#3419 = CARTESIAN_POINT ( 'NONE',  ( -3.663297176974865454, 15.68574891276600525, 2.819818905485886429 ) ) ;
#3420 = CARTESIAN_POINT ( 'NONE',  ( 5.822473899326157110, -1.532191971401734802E-05, 1.084981227694668870 ) ) ;
#3421 = PERSON_AND_ORGANIZATION ( #3814, #3586 ) ;
#3422 = B_SPLINE_CURVE_WITH_KNOTS ( 'NONE', 3,
 ( #1861, #411, #1845, #1894, #4084, #3365, #2648, #1168 ),
 .UNSPECIFIED., .F., .F.,
 ( 4, 2, 2, 4 ),
 ( 0.003987014580741400811, 0.004983972414547436884, 0.005980930248353472090, 0.007974845915965544235 ),
 .UNSPECIFIED. ) ;
#3423 = CARTESIAN_POINT ( 'NONE',  ( -3.873516091321978328E-13, 5.244133606963704786, 4.142191580903609172 ) ) ;
#3424 = CARTESIAN_POINT ( 'NONE',  ( 6.288489702646222312, -9.579444220466429627, 0.8316280271953800929 ) ) ;
#3425 = CARTESIAN_POINT ( 'NONE',  ( -3.415417706072152448, -6.213337555741967240E-06, 3.256249215457427404 ) ) ;
#3426 = CARTESIAN_POINT ( 'NONE',  ( 3.069718906044064166, 4.722861481506992476, 5.694435053641273115 ) ) ;
#3427 = CARTESIAN_POINT ( 'NONE',  ( 0.000000000000000000, -15.49999999999999822, 3.582233659921982394 ) ) ;
#3428 = CARTESIAN_POINT ( 'NONE',  ( 7.300887119472259101, -14.56988724899131427, 2.222310854899131716 ) ) ;
#3429 = CARTESIAN_POINT ( 'NONE',  ( 3.960109894424665988, -0.2276551516952193543, 4.785314861635947103 ) ) ;
#3430 = VECTOR ( 'NONE', #2283, 1000.000000000000000 ) ;
#3431 = ADVANCED_FACE ( 'NONE', ( #3839 ), #1849, .T. ) ;
#3432 = DIRECTION ( 'NONE',  ( -0.000000000000000000, -0.000000000000000000, 1.000000000000000000 ) ) ;
#3433 = CARTESIAN_POINT ( 'NONE',  ( 7.026001995961950186, -2.017111628449808341E-05, -0.0006527661764480982565 ) ) ;
#3434 = CARTESIAN_POINT ( 'NONE',  ( 3.973373594334705938, -15.47546273733017408, 2.674646810422178334 ) ) ;
#3435 = ORIENTED_EDGE ( 'NONE', *, *, #4799, .F. ) ;
#3436 = ORIENTED_EDGE ( 'NONE', *, *, #3631, .F. ) ;
#3437 = CARTESIAN_POINT ( 'NONE',  ( 6.687603226843402027, -13.04111761281488846, 0.5210830806319031172 ) ) ;
#3438 = ADVANCED_FACE ( 'NONE', ( #1198 ), #3661, .T. ) ;
#3439 = CARTESIAN_POINT ( 'NONE',  ( -4.618945802696953429, -1.068244749116833933E-05, 2.170615221573458431 ) ) ;
#3440 = CARTESIAN_POINT ( 'NONE',  ( 8.499999999999992895, 17.00000000000000000, 0.6907730210980260743 ) ) ;
#3441 = VECTOR ( 'NONE', #383, 1000.000000000000000 ) ;
#3442 = B_SPLINE_CURVE_WITH_KNOTS ( 'NONE', 3,
 ( #993, #3624, #3715, #702, #2598, #1057, #4457, #3685, #4054, #35, #2562, #1417 ),
 .UNSPECIFIED., .F., .F.,
 ( 4, 2, 2, 2, 2, 4 ),
 ( 0.0002470351579464830907, 0.001355760519856675193, 0.002464485881766867621, 0.003018848562721962534, 0.003573211243677057447, 0.004681936605587246406 ),
 .UNSPECIFIED. ) ;
#3443 = CARTESIAN_POINT ( 'NONE',  ( -5.896295488500212123, 15.61465072518972974, 3.293823545999628344 ) ) ;
#3444 = CARTESIAN_POINT ( 'NONE',  ( 6.342356309991917129, -11.67682296822755994, 3.093329141300122043 ) ) ;
#3445 = CARTESIAN_POINT ( 'NONE',  ( 5.041084119995324464, 12.22313684551217428, 2.255115355331131166 ) ) ;
#3446 = CARTESIAN_POINT ( 'NONE',  ( 6.600000000000002309, 8.800000000000000711, -1.800000000000000044 ) ) ;
#3447 = CARTESIAN_POINT ( 'NONE',  ( 4.618943695588781040, 1.240056100294762320, 2.170611085712618848 ) ) ;
#3448 = CARTESIAN_POINT ( 'NONE',  ( -2.371094666038255472, 15.50000000000000533, 3.287864679577328975 ) ) ;
#3449 =( BOUNDED_SURFACE ( )  B_SPLINE_SURFACE ( 3, 2, ( 
 ( #4449, #696, #3303 ),
 ( #1051, #1783, #4436 ),
 ( #4807, #4384, #3319 ),
 ( #2928, #707, #2171 ),
 ( #284, #3250, #739 ),
 ( #1151, #353, #1873 ),
 ( #1096, #4063, #3711 ),
 ( #3330, #7, #2258 ),
 ( #2627, #1856, #2593 ),
 ( #4479, #368, #3348 ),
 ( #421, #3362, #2609 ),
 ( #2574, #3726, #2940 ),
 ( #3759, #2184, #2967 ),
 ( #725, #1489, #405 ) ),
 .UNSPECIFIED., .F., .F., .F. ) 
 B_SPLINE_SURFACE_WITH_KNOTS ( ( 4, 2, 2, 2, 2, 2, 4 ),
 ( 3, 3 ),
 ( 0.000000000000000000, 0.003658863707044260425, 0.007317727414088520850, 0.009147159267610650846, 0.01097659112113278171, 0.01280602297465491257, 0.01463545482817704170 ),
 ( 0.000000000000000000, 1.000000000000000000 ),
 .UNSPECIFIED. ) 
 GEOMETRIC_REPRESENTATION_ITEM ( )  RATIONAL_B_SPLINE_SURFACE ( (
 ( 1.000000000000000000, 0.9773211704534868760, 1.000000000000000000),
 ( 1.000000000000000000, 0.9773826902693142360, 1.000000000000000000),
 ( 1.000000000000000000, 0.9778845718805144749, 1.000000000000000000),
 ( 1.000000000000000000, 0.9797776820589179092, 1.000000000000000000),
 ( 1.000000000000000000, 0.9811313949165563209, 1.000000000000000000),
 ( 1.000000000000000000, 0.9835582001517199080, 1.000000000000000000),
 ( 1.000000000000000000, 0.9844319787512987308, 1.000000000000000000),
 ( 1.000000000000000000, 0.9862926704041459214, 1.000000000000000000),
 ( 1.000000000000000000, 0.9872850761811978737, 1.000000000000000000),
 ( 1.000000000000000000, 0.9893604188797823218, 1.000000000000000000),
 ( 1.000000000000000000, 0.9904472264877982601, 1.000000000000000000),
 ( 1.000000000000000000, 0.9926953427423986787, 1.000000000000000000),
 ( 1.000000000000000000, 0.9938974062449580371, 1.000000000000000000),
 ( 1.000000000000000000, 0.9949344481097801562, 1.000000000000000000) ) ) 
 REPRESENTATION_ITEM ( '' )  SURFACE ( )  );
#3450 = ORIENTED_EDGE ( 'NONE', *, *, #1176, .T. ) ;
#3451 = AXIS2_PLACEMENT_3D ( 'NONE', #4298, #2399, #2018 ) ;
#3452 = B_SPLINE_CURVE_WITH_KNOTS ( 'NONE', 3,
 ( #2496, #4382, #4347, #2101 ),
 .UNSPECIFIED., .F., .F.,
 ( 4, 4 ),
 ( 0.000000000000000000, 0.0005847442544451253400 ),
 .UNSPECIFIED. ) ;
#3453 = CARTESIAN_POINT ( 'NONE',  ( 3.970687123000961716, 17.00000000000000711, 3.245510402254728088 ) ) ;
#3454 = CARTESIAN_POINT ( 'NONE',  ( 4.369675313102263203, -8.770333614781508302, 2.721280058788026146 ) ) ;
#3455 = CARTESIAN_POINT ( 'NONE',  ( -8.475975821761711160, -12.56400946530490614, 0.7196173591216107335 ) ) ;
#3456 = CARTESIAN_POINT ( 'NONE',  ( 5.345901127448602352, -16.64984857192253287, 2.680779595245754265 ) ) ;
#3457 = CARTESIAN_POINT ( 'NONE',  ( 7.134178052994675667, 15.09317175922666010, 2.505493557611545352 ) ) ;
#3458 = ADVANCED_FACE ( 'NONE', ( #4053 ), #3069, .F. ) ;
#3459 = CARTESIAN_POINT ( 'NONE',  ( -8.500000000000000000, 12.31563174393043170, 0.3190745692660170163 ) ) ;
#3460 = VERTEX_POINT ( 'NONE', #3785 ) ;
#3461 = ORIENTED_EDGE ( 'NONE', *, *, #4058, .T. ) ;
#3462 = B_SPLINE_SURFACE_WITH_KNOTS ( 'NONE', 3, 3, ( 
 ( #4811, #3667, #1071, #1770, #1414, #4422, #355, #2141, #1387, #2126, #4797, #3305, #1054 ),
 ( #3699, #1799, #2173, #4100, #3778, #792, #4064, #2647, #2243, #3730, #3351, #2631, #3423 ),
 ( #408, #3740, #2204, #438, #1812, #1825, #1153, #4536, #1876, #3401, #1166, #1844, #3762 ),
 ( #48, #4840, #1120, #3028, #4471, #2187, #806, #66, #2576, #1444, #740, #30, #371 ) ),
 .UNSPECIFIED., .F., .F., .F.,
 ( 4, 4 ),
 ( 4, 3, 3, 3, 4 ),
 ( 0.000000000000000000, 0.9273891671202402209 ),
 ( 0.2322576516575634298, 0.2991957396667726532, 0.3661338276759818489, 0.4330719156851911000, 0.5000100036944002957 ),
 .UNSPECIFIED. ) ;
#3463 = VECTOR ( 'NONE', #110, 1000.000000000000000 ) ;
#3464 = CARTESIAN_POINT ( 'NONE',  ( 0.000000000000000000, 0.000000000000000000, -1.800000000000000044 ) ) ;
#3465 = DIRECTION ( 'NONE',  ( -0.7071067811865474617, -0.000000000000000000, -0.7071067811865474617 ) ) ;
#3466 = VERTEX_POINT ( 'NONE', #1175 ) ;
#3467 = CLOSED_SHELL ( 'NONE', ( #1542, #3199, #2933, #1430, #3503, #3772, #1878, #4726, #3564, #4144, #3331, #3415, #4611, #2790, #2723, #4075, #4544, #1761, #306, #1465, #2417, #3846, #3458, #2992, #3431, #3193, #3686, #4599, #1516, #222, #1807, #3659, #2112, #2552, #3499, #509, #4170, #936, #2789, #2654, #807, #2231, #1206, #4270, #1215, #1335, #2149, #857, #1642, #3054, #133, #2698, #2434, #1565, #872, #4295, #3926, #4226, #3709, #2346, #2579, #3816, #3438, #2319, #3223, #3029, #219, #3316, #385, #4526, #4674, #1447, #4743, #3863, #1694, #336, #583, #2843, #860, #1947, #4509, #562, #1339, #4348, #316, #3087, #4228, #3165, #3289, #3623, #1640, #473, #4201 ) ) ;
#3468 = CARTESIAN_POINT ( 'NONE',  ( 5.354912181355858003, 12.29514968981626843, 2.001572285481913571 ) ) ;
#3469 = DIRECTION ( 'NONE',  ( 0.000000000000000000, 0.000000000000000000, 1.000000000000000000 ) ) ;
#3470 = VERTEX_POINT ( 'NONE', #3033 ) ;
#3471 = CARTESIAN_POINT ( 'NONE',  ( 6.999999999999985789, -2.666944876948520893, 0.006761969177389897528 ) ) ;
#3472 = ORIENTED_EDGE ( 'NONE', *, *, #804, .F. ) ;
#3473 = CARTESIAN_POINT ( 'NONE',  ( 4.949612668908965674, -6.167544530557437454, 2.002039957082061949 ) ) ;
#3474 = CARTESIAN_POINT ( 'NONE',  ( -8.050715598502874215, -13.29491881422737087, 1.236442588975174228 ) ) ;
#3475 = CARTESIAN_POINT ( 'NONE',  ( 10.89969988970539738, -17.00000000000000355, -2.536691632741497671 ) ) ;
#3476 = ORIENTED_EDGE ( 'NONE', *, *, #2955, .T. ) ;
#3477 = DIRECTION ( 'NONE',  ( 0.000000000000000000, 0.000000000000000000, -1.000000000000000000 ) ) ;
#3478 = VERTEX_POINT ( 'NONE', #1530 ) ;
#3479 = FACE_OUTER_BOUND ( 'NONE', #1951, .T. ) ;
#3480 = CARTESIAN_POINT ( 'NONE',  ( -4.183666810623214438, -16.05551261457823031, 4.197626687441331050 ) ) ;
#3481 = CARTESIAN_POINT ( 'NONE',  ( 7.398575301341594468, -15.13067255071021044, 1.468212637043939228 ) ) ;
#3482 = DIRECTION ( 'NONE',  ( 1.000000000000000000, 0.000000000000000000, 0.000000000000000000 ) ) ;
#3483 = EDGE_CURVE ( 'NONE', #2062, #3090, #1431, .T. ) ;
#3484 = CARTESIAN_POINT ( 'NONE',  ( -5.499999999999999112, 8.800000000000000711, 500000.0000000000582 ) ) ;
#3485 = CARTESIAN_POINT ( 'NONE',  ( -4.424213421973409943, -15.38360064857365472, 2.446059714344824165 ) ) ;
#3486 = CARTESIAN_POINT ( 'NONE',  ( 6.600000000000002309, -8.800000000000000711, -1.800000000000000044 ) ) ;
#3487 = CARTESIAN_POINT ( 'NONE',  ( 6.782213146143427629, 13.21987858347074862, 0.4131300371079048017 ) ) ;
#3488 = LINE ( 'NONE', #1178, #3543 ) ;
#3489 = CARTESIAN_POINT ( 'NONE',  ( 7.132763194922194572, -15.43555404114375662, 1.690478039325826964 ) ) ;
#3490 = EDGE_CURVE ( 'NONE', #65, #2106, #1977, .T. ) ;
#3491 = CARTESIAN_POINT ( 'NONE',  ( -5.363993424214122285, -15.81922562283080325, 3.609620215089023088 ) ) ;
#3492 = CARTESIAN_POINT ( 'NONE',  ( 6.999999999999993783, 12.00000000000000178, 0.1284764056646238439 ) ) ;
#3493 = CYLINDRICAL_SURFACE ( 'NONE', #814, 5.000000000000000000 ) ;
#3494 = CARTESIAN_POINT ( 'NONE',  ( -7.840988097669326251, 13.79911665845658852, 1.507669090115587140 ) ) ;
#3495 = CARTESIAN_POINT ( 'NONE',  ( -3.499999999999999556, -15.50000000000000178, 2.882870115353455276 ) ) ;
#3496 = CARTESIAN_POINT ( 'NONE',  ( 3.500000000000000444, -15.99999999999999645, 0.000000000000000000 ) ) ;
#3497 = LINE ( 'NONE', #679, #2480 ) ;
#3498 = CARTESIAN_POINT ( 'NONE',  ( 6.002360082342497627, 6.019136032602897757, 0.9979758682650181623 ) ) ;
#3499 = ADVANCED_FACE ( 'NONE', ( #2230 ), #4153, .T. ) ;
#3500 = VERTEX_POINT ( 'NONE', #1495 ) ;
#3501 = CARTESIAN_POINT ( 'NONE',  ( -4.424172302781528288, 15.38361117242808618, 2.446081512662708679 ) ) ;
#3502 = EDGE_CURVE ( 'NONE', #3872, #2030, #3013, .T. ) ;
#3503 = ADVANCED_FACE ( 'NONE', ( #2589 ), #286, .T. ) ;
#3504 = CARTESIAN_POINT ( 'NONE',  ( 8.407649332664689723, -12.97152344821366121, 0.8036851779636658977 ) ) ;
#3505 = CARTESIAN_POINT ( 'NONE',  ( 6.976294481368403133, 12.46552017975848514, 0.1640834266404955777 ) ) ;
#3506 = VERTEX_POINT ( 'NONE', #2866 ) ;
#3507 = CARTESIAN_POINT ( 'NONE',  ( -7.000000000000000888, -8.800000000000000711, 0.07892945023968422902 ) ) ;
#3508 = AXIS2_PLACEMENT_3D ( 'NONE', #3937, #4321, #953 ) ;
#3509 = CARTESIAN_POINT ( 'NONE',  ( -3.500000000000000444, 12.00000000000000711, 0.000000000000000000 ) ) ;
#3510 = DIRECTION ( 'NONE',  ( 1.000000000000000000, 0.000000000000000000, 0.000000000000000000 ) ) ;
#3511 = CARTESIAN_POINT ( 'NONE',  ( 3.445247216430565640, -1.450009303560932050, 3.232559442526393045 ) ) ;
#3512 = EDGE_CURVE ( 'NONE', #4154, #2863, #748, .T. ) ;
#3513 = EDGE_CURVE ( 'NONE', #2946, #753, #1104, .T. ) ;
#3514 = DIRECTION ( 'NONE',  ( 0.000000000000000000, 0.000000000000000000, 1.000000000000000000 ) ) ;
#3515 = CARTESIAN_POINT ( 'NONE',  ( 1.323557014587244840, 16.18293172422118431, 4.982960107172185182 ) ) ;
#3516 = CARTESIAN_POINT ( 'NONE',  ( 4.861959953096159914, -16.81393534622507602, 2.894920333778090438 ) ) ;
#3517 = ORIENTED_EDGE ( 'NONE', *, *, #318, .F. ) ;
#3518 = CARTESIAN_POINT ( 'NONE',  ( -4.450477890383389479, -1.455073120061571634, 4.345908467956579813 ) ) ;
#3519 = ORIENTED_EDGE ( 'NONE', *, *, #2971, .F. ) ;
#3520 = EDGE_LOOP ( 'NONE', ( #880, #1334, #2924, #1848 ) ) ;
#3521 = VERTEX_POINT ( 'NONE', #409 ) ;
#3522 = CARTESIAN_POINT ( 'NONE',  ( 7.704508748271762464, 14.71921411870708951, 1.142381903696367162 ) ) ;
#3523 = CARTESIAN_POINT ( 'NONE',  ( 4.205835476762816327, -8.699927197674583113, 2.880455661843611903 ) ) ;
#3524 = ORIENTED_EDGE ( 'NONE', *, *, #1441, .T. ) ;
#3525 = CARTESIAN_POINT ( 'NONE',  ( 5.726684369426881638, -11.98070479999182325, 3.609556158752081689 ) ) ;
#3526 = CARTESIAN_POINT ( 'NONE',  ( 5.003660777856279829, 11.14318949432635009, 2.276694245300703745 ) ) ;
#3527 = ORIENTED_EDGE ( 'NONE', *, *, #3134, .F. ) ;
#3528 = CARTESIAN_POINT ( 'NONE',  ( 6.366168280302351157, 13.41829823143314293, 3.095281147393388554 ) ) ;
#3529 = VECTOR ( 'NONE', #4800, 1000.000000000000000 ) ;
#3530 = DIRECTION ( 'NONE',  ( 0.000000000000000000, 0.000000000000000000, -1.000000000000000000 ) ) ;
#3531 = CARTESIAN_POINT ( 'NONE',  ( 8.060922489607458274, 5.673204499567274794, 2.247636696101496412 ) ) ;
#3532 = CARTESIAN_POINT ( 'NONE',  ( 6.800000000000001599, -8.800000000000000711, -1.000000000000000000 ) ) ;
#3533 = EDGE_CURVE ( 'NONE', #551, #2449, #2247, .T. ) ;
#3534 = COORDINATED_UNIVERSAL_TIME_OFFSET ( 8, 0, .AHEAD. ) ;
#3535 = DIRECTION ( 'NONE',  ( 1.000000000000000000, 0.000000000000000000, 0.000000000000000000 ) ) ;
#3536 = CARTESIAN_POINT ( 'NONE',  ( -5.820376901659280122, -16.44173756574107159, 2.453668306492946538 ) ) ;
#3537 = VECTOR ( 'NONE', #582, 1000.000000000000000 ) ;
#3538 = EDGE_CURVE ( 'NONE', #2798, #4660, #71, .T. ) ;
#3539 = CARTESIAN_POINT ( 'NONE',  ( -5.499999999999999112, -8.000000000000000000, -1.800000000000000044 ) ) ;
#3540 = CARTESIAN_POINT ( 'NONE',  ( 4.775515710918112333, -5.105856219648669203, 4.169642858278634456 ) ) ;
#3541 = CARTESIAN_POINT ( 'NONE',  ( -0.6013432130872453651, -16.99999999999999289, 4.040932147464044277 ) ) ;
#3542 = CARTESIAN_POINT ( 'NONE',  ( 3.245594023972066200, 2.301394150487222401, 3.430436313368518508 ) ) ;
#3543 = VECTOR ( 'NONE', #3801, 1000.000000000000000 ) ;
#3544 = CARTESIAN_POINT ( 'NONE',  ( -4.389480285001391202, -8.640705764064520622, 2.694050950366420949 ) ) ;
#3545 = CARTESIAN_POINT ( 'NONE',  ( 1.318676559933397163, 16.30447672897577505, 4.944342638286153502 ) ) ;
#3546 = CARTESIAN_POINT ( 'NONE',  ( -1.198573338057727478, -5.673204499567389369, 5.666858955788250718 ) ) ;
#3547 = CARTESIAN_POINT ( 'NONE',  ( -3.763569624912368017, -5.271518198255590093, 4.791412832140103717 ) ) ;
#3548 = FACE_OUTER_BOUND ( 'NONE', #943, .T. ) ;
#3549 = CARTESIAN_POINT ( 'NONE',  ( 4.874705495365419416, -16.81031980756532462, 2.889543320959701234 ) ) ;
#3550 = VERTEX_POINT ( 'NONE', #2124 ) ;
#3551 = CARTESIAN_POINT ( 'NONE',  ( 6.519883694314622780, 12.19844462181477063, 2.945254537122304228 ) ) ;
#3552 = CARTESIAN_POINT ( 'NONE',  ( -6.406210555937712492, -14.74844323291500103, 1.690478039325865600 ) ) ;
#3553 = FACE_OUTER_BOUND ( 'NONE', #1497, .T. ) ;
#3554 = CARTESIAN_POINT ( 'NONE',  ( 7.299879771907118453, 14.57103986298205278, 2.223634934771081095 ) ) ;
#3555 = CARTESIAN_POINT ( 'NONE',  ( -7.000000000000003553, -8.000000000000127898, 0.06904263691690751270 ) ) ;
#3556 = CARTESIAN_POINT ( 'NONE',  ( 4.442755860151642366, -0.2238429372661468186, 4.349911236558803296 ) ) ;
#3557 = CARTESIAN_POINT ( 'NONE',  ( -5.499999999961204367, 8.266706672688364677, 1.569619074904272216 ) ) ;
#3558 = CARTESIAN_POINT ( 'NONE',  ( 5.722706475598326570, 11.97112495016757805, 3.612450251122476530 ) ) ;
#3559 = CARTESIAN_POINT ( 'NONE',  ( -4.874646970353100350, 16.81033626520549618, 2.889567957868351744 ) ) ;
#3560 = CARTESIAN_POINT ( 'NONE',  ( -7.161368890685368527, 5.673204499567274794, 3.083208752424859256 ) ) ;
#3561 = CARTESIAN_POINT ( 'NONE',  ( 8.236881911315336424, 12.48891712219432470, 0.9985527889995178263 ) ) ;
#3562 = DIRECTION ( 'NONE',  ( -1.000000000000000000, 0.000000000000000000, 0.000000000000000000 ) ) ;
#3563 = CARTESIAN_POINT ( 'NONE',  ( -7.113136628587175991, 14.88153037318327954, 2.392501832970788556 ) ) ;
#3564 = ADVANCED_FACE ( 'NONE', ( #4111 ), #4781, .F. ) ;
#3565 = EDGE_LOOP ( 'NONE', ( #677, #1505, #3972, #1059 ) ) ;
#3566 = EDGE_LOOP ( 'NONE', ( #3145, #719, #1602, #1570, #3868 ) ) ;
#3567 = CARTESIAN_POINT ( 'NONE',  ( 7.190264124531503320, 14.68486765215984136, 2.337810016590176510 ) ) ;
#3568 = CARTESIAN_POINT ( 'NONE',  ( 5.069565823297232043, -12.30105132386704092, 2.232809273823221918 ) ) ;
#3569 = CARTESIAN_POINT ( 'NONE',  ( 7.456307260088570921, -14.59607752681248449, 2.030061495117631676 ) ) ;
#3570 = CARTESIAN_POINT ( 'NONE',  ( 4.110615936920100744, 6.911150057873604702, 4.618463092113210600 ) ) ;
#3571 = CARTESIAN_POINT ( 'NONE',  ( -6.478261461359454465, -11.32315889294433475, 0.6944422003570472901 ) ) ;
#3572 = CARTESIAN_POINT ( 'NONE',  ( 4.355700592430213014, 8.491525211711788756, 2.715894130254442373 ) ) ;
#3573 = PLANE ( 'NONE',  #3820 ) ;
#3574 = CIRCLE ( 'NONE', #3451, 4.000000000000000888 ) ;
#3575 = ORIENTED_EDGE ( 'NONE', *, *, #2229, .F. ) ;
#3576 = DIRECTION ( 'NONE',  ( 0.000000000000000000, -1.000000000000000000, 0.000000000000000000 ) ) ;
#3577 = EDGE_CURVE ( 'NONE', #829, #4435, #1140, .T. ) ;
#3578 = ORIENTED_EDGE ( 'NONE', *, *, #849, .T. ) ;
#3579 = ORIENTED_EDGE ( 'NONE', *, *, #4082, .T. ) ;
#3580 = CARTESIAN_POINT ( 'NONE',  ( 6.255463465216558383, -14.16543717150172732, 1.097706299036796285 ) ) ;
#3581 = CARTESIAN_POINT ( 'NONE',  ( 7.396332721093896723, -5.673204499567389369, 2.882124953488494956 ) ) ;
#3582 = CARTESIAN_POINT ( 'NONE',  ( -5.965559838913086388, -10.48748282494197426, 3.389950634917603178 ) ) ;
#3583 = ORIENTED_EDGE ( 'NONE', *, *, #1684, .F. ) ;
#3584 = CARTESIAN_POINT ( 'NONE',  ( 6.650264305646296670, -15.89685886610890009, 1.995675250910613707 ) ) ;
#3585 = ORIENTED_EDGE ( 'NONE', *, *, #1358, .T. ) ;
#3586 = ORGANIZATION ( '未指定', '未指定', '' ) ;
#3587 = CARTESIAN_POINT ( 'NONE',  ( -1.118835119079322871, 5.244125495205041787, 4.093304639518837718 ) ) ;
#3588 = DIRECTION ( 'NONE',  ( -0.000000000000000000, -0.000000000000000000, -1.000000000000000000 ) ) ;
#3589 = DESIGN_CONTEXT ( 'detailed design', #360, 'design' ) ;
#3590 = VECTOR ( 'NONE', #879, 1000.000000000000000 ) ;
#3591 = CARTESIAN_POINT ( 'NONE',  ( -7.068890054484497476, 14.79971263184673802, 2.437624182468224543 ) ) ;
#3592 = CARTESIAN_POINT ( 'NONE',  ( -5.353703401029502373, -15.82971745518482720, 3.618975712531590894 ) ) ;
#3593 = DIRECTION ( 'NONE',  ( -1.000000000000000000, 0.000000000000000000, 0.000000000000000000 ) ) ;
#3594 = CARTESIAN_POINT ( 'NONE',  ( 4.427537005185796737, 8.185535643718790055, 4.447529311557939735 ) ) ;
#3595 = CARTESIAN_POINT ( 'NONE',  ( 5.746768419683960794, 14.00237564883911823, 1.650609164557322872 ) ) ;
#3596 = CARTESIAN_POINT ( 'NONE',  ( 7.840988097669326251, 13.79911665845658852, 1.507669090115587140 ) ) ;
#3597 = DIRECTION ( 'NONE',  ( 0.000000000000000000, 0.000000000000000000, -1.000000000000000000 ) ) ;
#3598 = CARTESIAN_POINT ( 'NONE',  ( 4.814549319508460101, -5.673204499567389369, 4.656581076780288875 ) ) ;
#3599 = CARTESIAN_POINT ( 'NONE',  ( -6.800000000000001599, 8.800000000000000711, -1.600000000000001199 ) ) ;
#3600 = CARTESIAN_POINT ( 'NONE',  ( 8.253887699138484635, 11.99212167138166230, 0.9730025424401032019 ) ) ;
#3601 = CARTESIAN_POINT ( 'NONE',  ( 5.820376901659394697, -16.44173756574102185, 2.453668306492813311 ) ) ;
#3602 = CARTESIAN_POINT ( 'NONE',  ( -6.909521739111720073, 12.79874564178047613, 0.2500668917242114819 ) ) ;
#3603 = CARTESIAN_POINT ( 'NONE',  ( -5.425226816396381047, -5.244130175616026790, 2.497937667292186248 ) ) ;
#3604 = VECTOR ( 'NONE', #2000, 1000.000000000000000 ) ;
#3605 = CARTESIAN_POINT ( 'NONE',  ( -4.427537005190254504, 8.185535643718802490, 4.447529311556043474 ) ) ;
#3606 = DIRECTION ( 'NONE',  ( 0.000000000000000000, 0.000000000000000000, -1.000000000000000000 ) ) ;
#3607 = EDGE_CURVE ( 'NONE', #3137, #2013, #1, .T. ) ;
#3608 = CARTESIAN_POINT ( 'NONE',  ( 7.522347697907771469, 14.99002774528326043, 1.983374801181062352 ) ) ;
#3609 = CARTESIAN_POINT ( 'NONE',  ( -5.067535933409860860, -15.91330438999146857, 3.775522336057459682 ) ) ;
#3610 = LINE ( 'NONE', #1432, #2347 ) ;
#3611 = CARTESIAN_POINT ( 'NONE',  ( 3.846219941155136546, -16.99999999999999645, 4.273917554386415851 ) ) ;
#3612 = CARTESIAN_POINT ( 'NONE',  ( 4.516779692247772537, 6.169147866144949255, 4.478618966223576692 ) ) ;
#3613 = CARTESIAN_POINT ( 'NONE',  ( -7.131090426063634524, -11.11997758566202421, -0.03133696915853714099 ) ) ;
#3614 = ORIENTED_EDGE ( 'NONE', *, *, #4381, .T. ) ;
#3615 = CARTESIAN_POINT ( 'NONE',  ( 6.002260132673805870, 14.56463338003965902, 1.391318605760242466 ) ) ;
#3616 = LINE ( 'NONE', #1477, #4490 ) ;
#3617 = DIRECTION ( 'NONE',  ( -0.000000000000000000, -0.000000000000000000, -1.000000000000000000 ) ) ;
#3618 = EDGE_LOOP ( 'NONE', ( #662, #3370, #2203, #3585 ) ) ;
#3619 = CARTESIAN_POINT ( 'NONE',  ( -3.500000000000000444, -15.99999999999999645, -1.000000000000000000 ) ) ;
#3620 = CARTESIAN_POINT ( 'NONE',  ( -6.255447461118870400, 14.16545681584933547, 1.097655499715582295 ) ) ;
#3621 = CARTESIAN_POINT ( 'NONE',  ( -6.326834273217333049, 5.244133452838948273, 1.786257369949769913 ) ) ;
#3622 = CARTESIAN_POINT ( 'NONE',  ( -5.003477616940259942, 10.06831856221410781, 4.105208053824592973 ) ) ;
#3623 = ADVANCED_FACE ( 'NONE', ( #3723 ), #1165, .T. ) ;
#3624 = CARTESIAN_POINT ( 'NONE',  ( -6.900769555347504358, 15.68084720307508206, 1.841692901921282877 ) ) ;
#3625 = CARTESIAN_POINT ( 'NONE',  ( -4.442755860149892655, -0.2238429372659262451, 4.349911236560384253 ) ) ;
#3626 = DIRECTION ( 'NONE',  ( 0.000000000000000000, 0.000000000000000000, -1.000000000000000000 ) ) ;
#3627 = CARTESIAN_POINT ( 'NONE',  ( 8.052557275434027773, -13.28954530443824034, 1.234077496128609619 ) ) ;
#3628 = CARTESIAN_POINT ( 'NONE',  ( -4.133316276661813227, -7.542529723394062025, 2.863795403465891454 ) ) ;
#3629 = CARTESIAN_POINT ( 'NONE',  ( -1.491070588861624913, 17.00000000000000000, 3.942427268933897722 ) ) ;
#3630 = CARTESIAN_POINT ( 'NONE',  ( 3.000000000000000444, -15.49999999999999822, -1.000000000000000000 ) ) ;
#3631 = EDGE_CURVE ( 'NONE', #3500, #3521, #744, .T. ) ;
#3632 = CARTESIAN_POINT ( 'NONE',  ( 8.493065091427860480, 16.99999999999988987, 0.7034772776992480603 ) ) ;
#3633 = ORIENTED_EDGE ( 'NONE', *, *, #390, .T. ) ;
#3634 = CARTESIAN_POINT ( 'NONE',  ( -6.087080689101213693, 14.35862923470747887, 1.318946523779446878 ) ) ;
#3635 = AXIS2_PLACEMENT_3D ( 'NONE', #4041, #4833, #4443 ) ;
#3636 = CARTESIAN_POINT ( 'NONE',  ( -3.350468282522537145, -5.244133215171730811, 3.543353203809723517 ) ) ;
#3637 = ORIENTED_EDGE ( 'NONE', *, *, #3852, .T. ) ;
#3638 = CARTESIAN_POINT ( 'NONE',  ( 3.500000000000000444, -15.49999999999999822, 5.500000000000000000 ) ) ;
#3639 = EDGE_CURVE ( 'NONE', #1564, #3344, #4235, .T. ) ;
#3640 = CARTESIAN_POINT ( 'NONE',  ( -3.894958767021309498, 6.033511146000615000, 2.993168951656195897 ) ) ;
#3641 = ORIENTED_EDGE ( 'NONE', *, *, #39, .T. ) ;
#3642 = CARTESIAN_POINT ( 'NONE',  ( 3.500000000000000000, -15.99999999999999645, -1.000000000000000000 ) ) ;
#3643 = CARTESIAN_POINT ( 'NONE',  ( -3.407460228523482737, 6.122668155884253061, 3.301546320324325823 ) ) ;
#3644 = EDGE_LOOP ( 'NONE', ( #4761, #3637, #4782, #1665 ) ) ;
#3645 = CARTESIAN_POINT ( 'NONE',  ( 4.226064426122300155, 7.880286662382432361, 2.797047102515558770 ) ) ;
#3646 = CARTESIAN_POINT ( 'NONE',  ( 6.618871695553085743, 14.50452377642493751, 1.468155143893614456 ) ) ;
#3647 = ORIENTED_EDGE ( 'NONE', *, *, #1176, .F. ) ;
#3648 = CARTESIAN_POINT ( 'NONE',  ( -3.500000000000000000, -15.49999999999999822, -1.000000000000000000 ) ) ;
#3649 = CARTESIAN_POINT ( 'NONE',  ( 8.143086955726264620, 16.99999999999988987, 1.149034154632009974 ) ) ;
#3650 = CARTESIAN_POINT ( 'NONE',  ( 5.363930448337280055, 15.81924611656246960, 3.609655703586641451 ) ) ;
#3651 = ORIENTED_EDGE ( 'NONE', *, *, #425, .F. ) ;
#3652 = EDGE_CURVE ( 'NONE', #1954, #434, #2033, .T. ) ;
#3653 = CARTESIAN_POINT ( 'NONE',  ( -5.257012545915023871, 10.77801118433966110, 3.941311720533508201 ) ) ;
#3654 = EDGE_CURVE ( 'NONE', #4660, #1227, #479, .T. ) ;
#3655 = CARTESIAN_POINT ( 'NONE',  ( 2.371094666038198628, -15.49999999999999467, 3.287864679577328086 ) ) ;
#3656 = DIRECTION ( 'NONE',  ( 0.000000000000000000, -0.000000000000000000, -1.000000000000000000 ) ) ;
#3657 = CARTESIAN_POINT ( 'NONE',  ( -4.861959953096159914, -16.81393534622507602, 2.894920333778090438 ) ) ;
#3658 = CARTESIAN_POINT ( 'NONE',  ( 4.587874541335999368, -3.334632939790282524, 4.273052449041081502 ) ) ;
#3659 = ADVANCED_FACE ( 'NONE', ( #1586 ), #4311, .T. ) ;
#3660 = VECTOR ( 'NONE', #1971, 1000.000000000000000 ) ;
#3661 =( BOUNDED_SURFACE ( )  B_SPLINE_SURFACE ( 3, 2, ( 
 ( #4596, #1158, #445 ),
 ( #3428, #1866, #826 ),
 ( #4127, #72, #461 ),
 ( #2682, #4176, #797 ) ),
 .UNSPECIFIED., .F., .F., .T. ) 
 B_SPLINE_SURFACE_WITH_KNOTS ( ( 4, 4 ),
 ( 3, 3 ),
 ( 0.006756986296832324761, 0.007148097322388561985 ),
 ( 0.000000000000000000, 1.000000000000000000 ),
 .UNSPECIFIED. ) 
 GEOMETRIC_REPRESENTATION_ITEM ( )  RATIONAL_B_SPLINE_SURFACE ( (
 ( 1.000000000000000000, 0.8887207413312411264, 1.000000000000000000),
 ( 1.000000000000000000, 0.8830771071547429685, 1.000000000000000000),
 ( 1.000000000000000000, 0.8769826137894148887, 1.000000000000000000),
 ( 1.000000000000000000, 0.8708346933779267385, 1.000000000000000000) ) ) 
 REPRESENTATION_ITEM ( '' )  SURFACE ( )  );
#3662 = CARTESIAN_POINT ( 'NONE',  ( 3.430570263984149548, 1.034432384816117656, 3.239820068724315494 ) ) ;
#3663 = CARTESIAN_POINT ( 'NONE',  ( 5.727868992218298594, -13.95643612736275330, 1.667174552696774503 ) ) ;
#3664 = CARTESIAN_POINT ( 'NONE',  ( 5.358340568350246969, 16.64487496076453610, 2.674997287872162843 ) ) ;
#3665 = FACE_OUTER_BOUND ( 'NONE', #4028, .T. ) ;
#3666 = B_SPLINE_CURVE_WITH_KNOTS ( 'NONE', 3,
 ( #3669, #3323, #700, #1415 ),
 .UNSPECIFIED., .F., .F.,
 ( 4, 4 ),
 ( 0.000000000000000000, 0.003200374228577368592 ),
 .UNSPECIFIED. ) ;
#3667 = CARTESIAN_POINT ( 'NONE',  ( 5.547201430501560004, 15.68575461921161995, 1.706839137996397859 ) ) ;
#3668 = CARTESIAN_POINT ( 'NONE',  ( -5.547201430501560004, 15.68575461921161995, 1.706839137996397859 ) ) ;
#3669 = CARTESIAN_POINT ( 'NONE',  ( 7.000000000000000888, -11.99999999999999645, 0.1286928708730964155 ) ) ;
#3670 = LINE ( 'NONE', #4261, #171 ) ;
#3671 = DIRECTION ( 'NONE',  ( 0.000000000000000000, 0.000000000000000000, -1.000000000000000000 ) ) ;
#3672 = ORIENTED_EDGE ( 'NONE', *, *, #4593, .T. ) ;
#3673 = CARTESIAN_POINT ( 'NONE',  ( 7.935378394437879734, -13.60376002662298234, 1.385061352726854489 ) ) ;
#3674 = CARTESIAN_POINT ( 'NONE',  ( -3.423179333275330638, 4.190963387274295293, 3.337719070393380338 ) ) ;
#3675 = CIRCLE ( 'NONE', #1381, 5.000000000000000000 ) ;
#3676 = CARTESIAN_POINT ( 'NONE',  ( 3.227683420610530263, 16.99999999997484679, 4.517188825037372624 ) ) ;
#3677 = CARTESIAN_POINT ( 'NONE',  ( -8.500000000000000000, 7.932062000222377840, 0.6900903445781578771 ) ) ;
#3678 = ORIENTED_EDGE ( 'NONE', *, *, #4523, .F. ) ;
#3679 = CARTESIAN_POINT ( 'NONE',  ( -6.955829407322111635, -17.00000000000000355, 2.381135966999900155 ) ) ;
#3680 = CARTESIAN_POINT ( 'NONE',  ( -1.125269958208030108, 16.99999999999988987, 4.999999999928347094 ) ) ;
#3681 = CARTESIAN_POINT ( 'NONE',  ( 6.108687576343999837, 16.27836573148335120, 2.302406492497931279 ) ) ;
#3682 = CARTESIAN_POINT ( 'NONE',  ( -7.000000000000003553, -8.000000000000127898, 0.06904263691690751270 ) ) ;
#3683 = CARTESIAN_POINT ( 'NONE',  ( 7.500000000000001776, -11.99999999999999645, 0.000000000000000000 ) ) ;
#3684 = DIRECTION ( 'NONE',  ( 0.000000000000000000, -1.000000000000000000, 0.000000000000000000 ) ) ;
#3685 = CARTESIAN_POINT ( 'NONE',  ( -4.861902367322994856, 16.81395137175240606, 2.894944512081604859 ) ) ;
#3686 = ADVANCED_FACE ( 'NONE', ( #1932 ), #3493, .T. ) ;
#3687 = CARTESIAN_POINT ( 'NONE',  ( 0.000000000000000000, -15.49999999999999822, 3.582233659921982394 ) ) ;
#3688 = CARTESIAN_POINT ( 'NONE',  ( -4.033720064597089205, 7.938714287302767403, 2.988539594409234557 ) ) ;
#3689 = DIRECTION ( 'NONE',  ( 0.000000000000000000, -1.000000000000000000, 0.000000000000000000 ) ) ;
#3690 = VERTEX_POINT ( 'NONE', #2816 ) ;
#3691 = CARTESIAN_POINT ( 'NONE',  ( -8.500000000000001776, -11.99550181193129461, 0.6908802596846987942 ) ) ;
#3692 = CARTESIAN_POINT ( 'NONE',  ( 6.734655002074924290, -17.00000000000000355, 2.570402814421166582 ) ) ;
#3693 = CARTESIAN_POINT ( 'NONE',  ( -4.207867236158151947, 4.621711388914500063, 4.645496214610756347 ) ) ;
#3694 = CARTESIAN_POINT ( 'NONE',  ( 7.119471675312690984, 15.47659581625247505, 2.357779812727931024 ) ) ;
#3695 = LINE ( 'NONE', #1922, #3463 ) ;
#3696 = ORIENTED_EDGE ( 'NONE', *, *, #885, .T. ) ;
#3697 = EDGE_LOOP ( 'NONE', ( #2320, #1047, #522, #2504 ) ) ;
#3698 = B_SPLINE_CURVE_WITH_KNOTS ( 'NONE', 3,
 ( #4259, #1946, #1987, #3494, #3148, #4229, #4608, #528, #537, #2753, #137, #3132 ),
 .UNSPECIFIED., .F., .F.,
 ( 4, 2, 2, 2, 2, 4 ),
 ( 0.0002729074853404997447, 0.001015700170623855996, 0.001758492855907213765, 0.002129889198548895468, 0.002501285541190577822, 0.003244078226473942096 ),
 .UNSPECIFIED. ) ;
#3699 = CARTESIAN_POINT ( 'NONE',  ( 6.326834273217333049, 5.244133452838948273, 1.786257369949769913 ) ) ;
#3700 = AXIS2_PLACEMENT_3D ( 'NONE', #3484, #4214, #1991 ) ;
#3701 = ORIENTED_EDGE ( 'NONE', *, *, #1409, .T. ) ;
#3702 = ORIENTED_EDGE ( 'NONE', *, *, #1376, .F. ) ;
#3703 = ORIENTED_EDGE ( 'NONE', *, *, #1684, .T. ) ;
#3704 = LOCAL_TIME ( 14, 13, 2.000000000000000000, #4698 ) ;
#3705 = DIRECTION ( 'NONE',  ( -0.9306137368775584395, -0.000000000000000000, -0.3660028315939460319 ) ) ;
#3706 = CARTESIAN_POINT ( 'NONE',  ( -5.743506946725508655, 13.26855235583436432, 1.645021442135513157 ) ) ;
#3707 = LINE ( 'NONE', #4141, #1917 ) ;
#3708 = CARTESIAN_POINT ( 'NONE',  ( 8.663259755551697694, -17.00000000000000355, 0.4749240142366602524 ) ) ;
#3709 = ADVANCED_FACE ( 'NONE', ( #4718 ), #3075, .T. ) ;
#3710 = CARTESIAN_POINT ( 'NONE',  ( -5.358538995191175935, -8.196163720623472315, 3.813913667028251187 ) ) ;
#3711 = CARTESIAN_POINT ( 'NONE',  ( -3.969548123688417807, -8.765161636444943838, 2.988816044692903962 ) ) ;
#3712 = CARTESIAN_POINT ( 'NONE',  ( -5.499999999999999112, -8.800000000000000711, 1.597427474109736067 ) ) ;
#3713 = AXIS2_PLACEMENT_3D ( 'NONE', #4254, #891, #1675 ) ;
#3714 = CARTESIAN_POINT ( 'NONE',  ( -8.253852295016923080, -11.99211084253228599, 0.9732748291711733613 ) ) ;
#3715 = CARTESIAN_POINT ( 'NONE',  ( -6.644929482792626629, 15.90132726430302412, 1.998910099831599174 ) ) ;
#3716 = CIRCLE ( 'NONE', #14, 4.000000000000000888 ) ;
#3717 = B_SPLINE_CURVE_WITH_KNOTS ( 'NONE', 3,
 ( #4152, #1573, #1211, #3485, #3089, #2657, #864, #3041, #4184, #1229 ),
 .UNSPECIFIED., .F., .F.,
 ( 4, 2, 2, 2, 4 ),
 ( 0.000000000000000000, 0.0007705130639506771245, 0.001541026127901354249, 0.002311539191852031265, 0.003082052255802708498 ),
 .UNSPECIFIED. ) ;
#3718 = DIRECTION ( 'NONE',  ( -0.3660028315939458099, 0.000000000000000000, 0.9306137368775585506 ) ) ;
#3719 = DIRECTION ( 'NONE',  ( -1.000000000000000000, 0.000000000000000000, 0.000000000000000000 ) ) ;
#3720 = CARTESIAN_POINT ( 'NONE',  ( 3.865438778346669491, 16.05550970959183488, 4.322783233276965120 ) ) ;
#3721 = ORIENTED_EDGE ( 'NONE', *, *, #2345, .T. ) ;
#3722 = CARTESIAN_POINT ( 'NONE',  ( -8.169798766663367573, -3.997091566041819810, 0.9877291425882019915 ) ) ;
#3723 = FACE_OUTER_BOUND ( 'NONE', #766, .T. ) ;
#3724 = CARTESIAN_POINT ( 'NONE',  ( -9.024558874739236458, 5.673204499567274794, 1.106399472485704027 ) ) ;
#3725 = CC_DESIGN_APPROVAL ( #4387, ( #1025 ) ) ;
#3726 = CARTESIAN_POINT ( 'NONE',  ( -5.649318951294417523, -13.37438859779426892, 1.763574039399978588 ) ) ;
#3727 = EDGE_CURVE ( 'NONE', #3909, #551, #167, .T. ) ;
#3728 = LINE ( 'NONE', #4631, #4367 ) ;
#3729 = B_SPLINE_CURVE_WITH_KNOTS ( 'NONE', 3,
 ( #4688, #544, #1628, #3155, #918, #1298, #934, #3544, #205, #2788, #2023, #614, #4760, #678 ),
 .UNSPECIFIED., .F., .F.,
 ( 4, 2, 2, 2, 2, 2, 4 ),
 ( 2.045668567712605528E-18, 0.001843239990848550332, 0.003686479981697098930, 0.005529719972545646227, 0.007372959963394195258, 0.01105943994509129245, 0.01474591992678839225 ),
 .UNSPECIFIED. ) ;
#3730 = CARTESIAN_POINT ( 'NONE',  ( 1.682752561575961536, 5.244126189388094161, 3.993782679221863141 ) ) ;
#3731 = CARTESIAN_POINT ( 'NONE',  ( -6.519526591119150893, -13.74765888588478369, 2.966029247366428034 ) ) ;
#3732 = CARTESIAN_POINT ( 'NONE',  ( -5.890116729396980944, 3.617476077941371049, 1.053146917127692594 ) ) ;
#3733 = EDGE_CURVE ( 'NONE', #12, #1954, #2473, .T. ) ;
#3734 = CARTESIAN_POINT ( 'NONE',  ( -6.909529012842486217, -12.79871397405663380, 0.2502690813653938862 ) ) ;
#3735 = DIRECTION ( 'NONE',  ( 1.000000000000000000, 0.000000000000000000, -0.000000000000000000 ) ) ;
#3736 = CARTESIAN_POINT ( 'NONE',  ( -7.500000000000001776, -11.99999999999999645, -1.000000000000000000 ) ) ;
#3737 = CARTESIAN_POINT ( 'NONE',  ( 10.21187524874969732, -17.00000000000000355, -1.610459072316499318 ) ) ;
#3738 = CARTESIAN_POINT ( 'NONE',  ( -6.348787152421283331, -11.69516921452236780, 3.087841593279997632 ) ) ;
#3739 = CARTESIAN_POINT ( 'NONE',  ( 5.926866518542015960, -13.76502361715888867, 1.471795580628235678 ) ) ;
#3740 = CARTESIAN_POINT ( 'NONE',  ( 5.894812976834408857, -5.244133329345087802, 2.159868431886921236 ) ) ;
#3741 = ORIENTED_EDGE ( 'NONE', *, *, #3259, .T. ) ;
#3742 = EDGE_CURVE ( 'NONE', #2592, #4464, #1865, .T. ) ;
#3743 = CARTESIAN_POINT ( 'NONE',  ( -3.696007467287277581, -4.738592706851699532, 4.822349619244489460 ) ) ;
#3744 = ORIENTED_EDGE ( 'NONE', *, *, #4741, .F. ) ;
#3745 = CARTESIAN_POINT ( 'NONE',  ( -6.002360082342497627, 6.019136032602897757, 0.9979758682650181623 ) ) ;
#3746 = APPROVAL_ROLE ( '' ) ;
#3747 = ORIENTED_EDGE ( 'NONE', *, *, #2352, .T. ) ;
#3748 = B_SPLINE_CURVE_WITH_KNOTS ( 'NONE', 3,
 ( #3838, #436, #3434, #1197, #4168, #1585, #850, #803, #2323, #471 ),
 .UNSPECIFIED., .F., .F.,
 ( 4, 2, 2, 2, 4 ),
 ( 0.000000000000000000, 0.0007705130639506771245, 0.001541026127901354249, 0.002311539191852031265, 0.003082052255802708498 ),
 .UNSPECIFIED. ) ;
#3749 = DIRECTION ( 'NONE',  ( 0.000000000000000000, 0.000000000000000000, -1.000000000000000000 ) ) ;
#3750 = CARTESIAN_POINT ( 'NONE',  ( 8.199241186425847872, 7.994983288551856582, 0.9877776005681475624 ) ) ;
#3751 = ORIENTED_EDGE ( 'NONE', *, *, #650, .T. ) ;
#3752 = PLANE ( 'NONE',  #1087 ) ;
#3753 = CARTESIAN_POINT ( 'NONE',  ( -8.500000000000001776, 12.30441539494243486, 0.3189669600702897956 ) ) ;
#3754 = VERTEX_POINT ( 'NONE', #3116 ) ;
#3755 = CARTESIAN_POINT ( 'NONE',  ( -10.21187485054754873, 16.99999999999988987, -1.610458536087166825 ) ) ;
#3756 = CARTESIAN_POINT ( 'NONE',  ( -2.806731346085947987, 7.400616203861305811E-06, 5.825405284019624652 ) ) ;
#3757 = ORIENTED_EDGE ( 'NONE', *, *, #3259, .F. ) ;
#3758 = CARTESIAN_POINT ( 'NONE',  ( 3.716843013903642134, 5.064148336139211004, 3.101719317913179452 ) ) ;
#3759 = CARTESIAN_POINT ( 'NONE',  ( -5.963923525263313152, -13.86379079394927238, 1.436107688918067060 ) ) ;
#3760 = ORIENTED_EDGE ( 'NONE', *, *, #849, .F. ) ;
#3761 = B_SPLINE_CURVE_WITH_KNOTS ( 'NONE', 3,
 ( #417, #41, #1109, #1125, #4773, #2522, #3373, #20, #783, #1378, #4412, #2505 ),
 .UNSPECIFIED., .F., .F.,
 ( 4, 2, 2, 2, 2, 4 ),
 ( 0.000000000000000000, 0.0007628639157527251869, 0.001525727831505450374, 0.002288591747258175452, 0.002670023705134538534, 0.003051455663010901615 ),
 .UNSPECIFIED. ) ;
#3762 = CARTESIAN_POINT ( 'NONE',  ( -3.874475724195747317E-13, -5.244133606963682581, 4.142191580903618942 ) ) ;
#3763 = CARTESIAN_POINT ( 'NONE',  ( -3.500000000000000444, 17.00000000000000711, 3.393604602115698921 ) ) ;
#3764 = CARTESIAN_POINT ( 'NONE',  ( -4.514998415706318546, -8.500528806256573588, 4.398186767171249123 ) ) ;
#3765 = VECTOR ( 'NONE', #4691, 1000.000000000000000 ) ;
#3766 = CARTESIAN_POINT ( 'NONE',  ( -5.845117066208599610, 2.414512222915902839, 1.075097827279213103 ) ) ;
#3767 = EDGE_CURVE ( 'NONE', #1172, #2509, #2950, .T. ) ;
#3768 = CARTESIAN_POINT ( 'NONE',  ( 2.806731346085947987, 7.400616203861305811E-06, 5.825405284019624652 ) ) ;
#3769 = VERTEX_POINT ( 'NONE', #1304 ) ;
#3770 = CARTESIAN_POINT ( 'NONE',  ( 7.000000000000000888, -16.99999999999999645, 5.500000000000000000 ) ) ;
#3771 = CARTESIAN_POINT ( 'NONE',  ( 8.253887699138481082, 11.99212167138165697, 0.9730025424401035350 ) ) ;
#3772 = ADVANCED_FACE ( 'NONE', ( #469 ), #3884, .T. ) ;
#3773 = CARTESIAN_POINT ( 'NONE',  ( 6.800000000000001599, 8.800000000000000711, -1.600000000000001199 ) ) ;
#3774 = CARTESIAN_POINT ( 'NONE',  ( 3.340527922673340644, -0.2316062867005189707, 4.981886850369365405 ) ) ;
#3775 = CARTESIAN_POINT ( 'NONE',  ( 8.660410047183605187, 5.673204499567274794, 1.569995537461295942 ) ) ;
#3776 = CARTESIAN_POINT ( 'NONE',  ( -8.500000000000000000, 1.411314363729516907, 0.6898171700313004973 ) ) ;
#3777 = VECTOR ( 'NONE', #4085, 1000.000000000000000 ) ;
#3778 = CARTESIAN_POINT ( 'NONE',  ( 4.423792844546224678, 5.244126914494835923, 3.089601423201878916 ) ) ;
#3779 = CARTESIAN_POINT ( 'NONE',  ( 7.398003010518374722, -14.46004242684107588, 2.093477928884512007 ) ) ;
#3780 = CARTESIAN_POINT ( 'NONE',  ( -7.068997572471215740, -14.79960888190956148, 2.437535899921397853 ) ) ;
#3781 = CARTESIAN_POINT ( 'NONE',  ( -5.274178237488415633, 8.584743867144585039, 1.809208991291651580 ) ) ;
#3782 = LINE ( 'NONE', #1193, #1460 ) ;
#3783 = CARTESIAN_POINT ( 'NONE',  ( 6.378785121537236869, 12.71012210463546488, 3.193653462413720501 ) ) ;
#3784 = CARTESIAN_POINT ( 'NONE',  ( -6.999999999999993783, 12.00000000000000178, 0.1284764056646238439 ) ) ;
#3785 = CARTESIAN_POINT ( 'NONE',  ( 6.600000000000002309, 8.800000000000000711, -1.800000000000000044 ) ) ;
#3786 = CARTESIAN_POINT ( 'NONE',  ( 0.000000000000000000, 16.30301762710903901, 5.008583402889539293 ) ) ;
#3787 = VECTOR ( 'NONE', #870, 1000.000000000000114 ) ;
#3788 = CARTESIAN_POINT ( 'NONE',  ( -2.895168030937353976, -1.478407468795788660, 3.548452935293823884 ) ) ;
#3789 = CARTESIAN_POINT ( 'NONE',  ( 5.587420632936048293, 16.99999999999988987, 3.471525893868137036 ) ) ;
#3790 = CARTESIAN_POINT ( 'NONE',  ( -3.865438509202300477, -16.05550970860615934, 4.322783469849192706 ) ) ;
#3791 = EDGE_CURVE ( 'NONE', #203, #1847, #3728, .T. ) ;
#3792 = B_SPLINE_CURVE_WITH_KNOTS ( 'NONE', 3,
 ( #1919, #3788, #3833, #430, #2298, #2252, #1532, #4192, #4598, #1886, #1545, #1205, #3053, #4543, #1563, #3018 ),
 .UNSPECIFIED., .F., .F.,
 ( 4, 2, 2, 2, 2, 2, 2, 4 ),
 ( 0.000000000000000000, 0.003734998440042231610, 0.005602497660063345680, 0.007469996880084461485, 0.009337496100105573821, 0.01120499532012668442, 0.01307249454014779849, 0.01493999376016890909 ),
 .UNSPECIFIED. ) ;
#3793 = ORIENTED_EDGE ( 'NONE', *, *, #3026, .F. ) ;
#3794 = CARTESIAN_POINT ( 'NONE',  ( 6.444216577824632530, 16.06759026599712570, 2.120476381154652756 ) ) ;
#3795 = CARTESIAN_POINT ( 'NONE',  ( 7.175133063745372297, -13.43269760921511136, -0.05770440494091909345 ) ) ;
#3796 = CARTESIAN_POINT ( 'NONE',  ( -3.801812452720979341, -5.377954418010556736, 4.772492591284934527 ) ) ;
#3797 = CARTESIAN_POINT ( 'NONE',  ( -7.026000311317889491, 1.174932056152923288, -0.0006628901727773869792 ) ) ;
#3798 = CARTESIAN_POINT ( 'NONE',  ( 3.999999999996948663, 5.336418849670974962E-06, 4.749025747734373581 ) ) ;
#3799 = VERTEX_POINT ( 'NONE', #4695 ) ;
#3800 = CARTESIAN_POINT ( 'NONE',  ( -7.500000000000001776, -11.99999999999999645, -1.000000000000000000 ) ) ;
#3801 = DIRECTION ( 'NONE',  ( -1.000000000000000000, 0.000000000000000000, 0.000000000000000000 ) ) ;
#3802 = CARTESIAN_POINT ( 'NONE',  ( 4.642103005321668086, 9.686157910436781648, 2.525209238973471049 ) ) ;
#3803 = DIRECTION ( 'NONE',  ( 1.000000000000000000, 0.000000000000000000, 0.000000000000000000 ) ) ;
#3804 = CARTESIAN_POINT ( 'NONE',  ( -7.421401043636726591, -14.97314794254156567, 2.123755878306508027 ) ) ;
#3805 = ORIENTED_EDGE ( 'NONE', *, *, #1208, .T. ) ;
#3806 = ADVANCED_BREP_SHAPE_REPRESENTATION ( '04004节点上壳单', ( #2150, #1115 ), #635 ) ;
#3807 = CARTESIAN_POINT ( 'NONE',  ( 5.545644662377131162, -12.85138477687611314, 1.833193913401619746 ) ) ;
#3808 = CARTESIAN_POINT ( 'NONE',  ( 8.253852295016923080, -11.99211084253228599, 0.9732748291711721400 ) ) ;
#3809 = LINE ( 'NONE', #1138, #1958 ) ;
#3810 = ORIENTED_EDGE ( 'NONE', *, *, #2628, .T. ) ;
#3811 = CARTESIAN_POINT ( 'NONE',  ( 8.500000000000000000, -16.99999999999999289, 0.6900187902741902191 ) ) ;
#3812 = VERTEX_POINT ( 'NONE', #881 ) ;
#3813 = CARTESIAN_POINT ( 'NONE',  ( -4.373600898173216409E-15, 5.168709240426715645, 4.000012968886914599 ) ) ;
#3814 = PERSON ( '未指定', '未指定', '未指定', ('未指定'), ('未指定'), ('未指定') ) ;
#3815 = ORIENTED_EDGE ( 'NONE', *, *, #2836, .F. ) ;
#3816 = ADVANCED_FACE ( 'NONE', ( #3154 ), #1390, .T. ) ;
#3817 = ORIENTED_EDGE ( 'NONE', *, *, #518, .T. ) ;
#3818 = ORIENTED_EDGE ( 'NONE', *, *, #2093, .T. ) ;
#3819 = LINE ( 'NONE', #2872, #3529 ) ;
#3820 = AXIS2_PLACEMENT_3D ( 'NONE', #1671, #2808, #2211 ) ;
#3821 = CARTESIAN_POINT ( 'NONE',  ( 3.763569624914326006, -5.271518198254516285, 4.791412832139442024 ) ) ;
#3822 = CARTESIAN_POINT ( 'NONE',  ( 5.940176378253308798, 5.673204499567274794, 4.042423986751674470 ) ) ;
#3823 = DIRECTION ( 'NONE',  ( -0.000000000000000000, -0.000000000000000000, 1.000000000000000000 ) ) ;
#3824 = CARTESIAN_POINT ( 'NONE',  ( 3.415420005073726006, -1.272185103000725181, 3.256250327942611378 ) ) ;
#3825 = LINE ( 'NONE', #4708, #2814 ) ;
#3826 = B_SPLINE_CURVE_WITH_KNOTS ( 'NONE', 3,
 ( #81, #1457, #2993, #4484, #2207, #775, #3385, #2957, #11, #2633, #67, #1137, #1524, #1491, #4521, #2244 ),
 .UNSPECIFIED., .F., .F.,
 ( 4, 2, 2, 2, 2, 2, 2, 4 ),
 ( 2.168404344971008868E-19, 0.001942229335438038417, 0.003884458670876076401, 0.005826688006314115036, 0.007768917341752152803, 0.009711146677190194906, 0.01165337601262824048, 0.01553783468350432642 ),
 .UNSPECIFIED. ) ;
#3827 = CARTESIAN_POINT ( 'NONE',  ( 7.000000000000003553, -8.000000000000127898, 0.06904263691690751270 ) ) ;
#3828 = CARTESIAN_POINT ( 'NONE',  ( 7.186514580020266330, -14.00697515752413125, -0.06683842701043422874 ) ) ;
#3829 = CARTESIAN_POINT ( 'NONE',  ( -8.500283700582567548, -12.28368745231593273, 0.6910247500705147816 ) ) ;
#3830 = CARTESIAN_POINT ( 'NONE',  ( 4.197276690464671667, -16.96286294757553748, 3.160341790495790004 ) ) ;
#3831 = CARTESIAN_POINT ( 'NONE',  ( 3.999999391097984525, 1.538284736321978485, 4.749023867174533287 ) ) ;
#3832 = EDGE_CURVE ( 'NONE', #2974, #2213, #4819, .T. ) ;
#3833 = CARTESIAN_POINT ( 'NONE',  ( -2.968275381353284281, -2.720954951699892543, 3.516545516435280572 ) ) ;
#3834 = FACE_OUTER_BOUND ( 'NONE', #2779, .T. ) ;
#3835 = CARTESIAN_POINT ( 'NONE',  ( 3.528889254045151969, 6.784074070551623592, 3.238168408645075491 ) ) ;
#3836 = CARTESIAN_POINT ( 'NONE',  ( -0.6675461113918884637, -16.05550737214792889, 5.054056728867900361 ) ) ;
#3837 = CARTESIAN_POINT ( 'NONE',  ( 6.090627863853350199, 7.208402673361170798, 0.9477751079395616562 ) ) ;
#3838 = CARTESIAN_POINT ( 'NONE',  ( 3.499999999999999556, -15.50000000000000178, 2.882870115353455276 ) ) ;
#3839 = FACE_OUTER_BOUND ( 'NONE', #3067, .T. ) ;
#3840 = CARTESIAN_POINT ( 'NONE',  ( 7.000000000000002665, 7.999999999999979572, 0.06889184760450738076 ) ) ;
#3841 = ORIENTED_EDGE ( 'NONE', *, *, #3231, .F. ) ;
#3842 = CARTESIAN_POINT ( 'NONE',  ( -8.276290145445697632, -13.49245021220411012, 0.9690945299612611086 ) ) ;
#3843 = CARTESIAN_POINT ( 'NONE',  ( -2.296944441079279642, -17.00000000000000355, 4.813750377047830931 ) ) ;
#3844 = AXIS2_PLACEMENT_3D ( 'NONE', #2944, #2597, #2614 ) ;
#3845 = CARTESIAN_POINT ( 'NONE',  ( -4.046174856159198363, -2.721684468603674745, 4.741705958759474981 ) ) ;
#3846 = ADVANCED_FACE ( 'NONE', ( #4701 ), #3196, .T. ) ;
#3847 = CIRCLE ( 'NONE', #3713, 1.000000000000000222 ) ;
#3848 = DIRECTION ( 'NONE',  ( 0.000000000000000000, 0.000000000000000000, -1.000000000000000000 ) ) ;
#3849 = CARTESIAN_POINT ( 'NONE',  ( -3.500000000000000444, 12.00000000000000711, -1.000000000000000000 ) ) ;
#3850 = CARTESIAN_POINT ( 'NONE',  ( 6.600000000000002309, 8.000000000000000000, -1.800000000000000044 ) ) ;
#3851 = DIRECTION ( 'NONE',  ( 0.000000000000000000, 1.000000000000000000, 0.000000000000000000 ) ) ;
#3852 = EDGE_CURVE ( 'NONE', #3137, #1052, #3825, .T. ) ;
#3853 = CARTESIAN_POINT ( 'NONE',  ( -1.199407005032238960, 15.50000000000002487, 3.506877462589373717 ) ) ;
#3854 = AXIS2_PLACEMENT_3D ( 'NONE', #1931, #2282, #1918 ) ;
#3855 = CARTESIAN_POINT ( 'NONE',  ( 8.500000000000000000, -11.99999999999999645, 0.3162782702059309115 ) ) ;
#3856 = CARTESIAN_POINT ( 'NONE',  ( -6.955781789587259567, -17.00000000000000355, 2.381177943152650744 ) ) ;
#3857 = ORIENTED_EDGE ( 'NONE', *, *, #4358, .T. ) ;
#3858 = CARTESIAN_POINT ( 'NONE',  ( -5.549114637676619388, -16.57918860043490383, 3.453171334996763875 ) ) ;
#3859 = CARTESIAN_POINT ( 'NONE',  ( 7.704509401827031922, -14.71921385548719385, 1.142495428716365780 ) ) ;
#3860 = VERTEX_POINT ( 'NONE', #2824 ) ;
#3861 = CARTESIAN_POINT ( 'NONE',  ( -1.494736328930567293, -15.50000000000000000, 3.462589666434589208 ) ) ;
#3862 = CARTESIAN_POINT ( 'NONE',  ( 3.196696435356802368, -0.2284296290626744719, 3.453836816310275282 ) ) ;
#3863 = ADVANCED_FACE ( 'NONE', ( #4472 ), #3573, .T. ) ;
#3864 = CARTESIAN_POINT ( 'NONE',  ( 6.349188190942357757, 13.77857172133519370, 0.9634785175404079194 ) ) ;
#3865 = CARTESIAN_POINT ( 'NONE',  ( 3.749480106238713084, 5.074851180426763086, 4.797534170726422964 ) ) ;
#3866 = ORIENTED_EDGE ( 'NONE', *, *, #637, .T. ) ;
#3867 = CARTESIAN_POINT ( 'NONE',  ( -5.504596786394426289, 15.77043111951391730, 3.528811659103682441 ) ) ;
#3868 = ORIENTED_EDGE ( 'NONE', *, *, #2322, .T. ) ;
#3869 = CARTESIAN_POINT ( 'NONE',  ( -8.500000000000000000, -12.31562379893403758, 0.3193102591897816755 ) ) ;
#3870 = CARTESIAN_POINT ( 'NONE',  ( -7.378991983057118453, -17.00000000000000355, 1.988050634642130499 ) ) ;
#3871 = EDGE_CURVE ( 'NONE', #1559, #2509, #845, .T. ) ;
#3872 = VERTEX_POINT ( 'NONE', #3784 ) ;
#3873 = CARTESIAN_POINT ( 'NONE',  ( 4.206773395368912816, -16.96166094510031286, 3.156900974439880603 ) ) ;
#3874 = VECTOR ( 'NONE', #3109, 1000.000000000000000 ) ;
#3875 = DIRECTION ( 'NONE',  ( 0.000000000000000000, -1.000000000000000000, -0.000000000000000000 ) ) ;
#3876 = CARTESIAN_POINT ( 'NONE',  ( -3.404081422359823694, 2.379520161876439666, 4.955760889651493528 ) ) ;
#3877 = ORIENTED_EDGE ( 'NONE', *, *, #1358, .F. ) ;
#3878 = EDGE_CURVE ( 'NONE', #3478, #3203, #4106, .T. ) ;
#3879 = CARTESIAN_POINT ( 'NONE',  ( 3.509125680576310913, -2.664859070650802852, 3.201402871914857062 ) ) ;
#3880 = CARTESIAN_POINT ( 'NONE',  ( 3.407316159794952171, 2.437092594548681657, 4.954428675887725397 ) ) ;
#3881 = CARTESIAN_POINT ( 'NONE',  ( -4.217847185629909568, 16.97538274631402544, 4.129227286818580644 ) ) ;
#3882 = CARTESIAN_POINT ( 'NONE',  ( 7.398003010518307221, -14.46004242684115582, 2.093477928884600825 ) ) ;
#3883 = LINE ( 'NONE', #4483, #1247 ) ;
#3884 = PLANE ( 'NONE',  #4245 ) ;
#3885 = VECTOR ( 'NONE', #1798, 1000.000000000000000 ) ;
#3886 = CARTESIAN_POINT ( 'NONE',  ( -5.499999999999999112, 8.000000000000000000, 500000.0000000000582 ) ) ;
#3887 = EDGE_CURVE ( 'NONE', #2449, #3506, #3980, .T. ) ;
#3888 = DIRECTION ( 'NONE',  ( 1.000000000000000000, 0.000000000000000000, 0.000000000000000000 ) ) ;
#3889 = DIRECTION ( 'NONE',  ( 0.000000000000000000, 0.000000000000000000, -1.000000000000000000 ) ) ;
#3890 = VECTOR ( 'NONE', #3915, 1000.000000000000114 ) ;
#3891 = CARTESIAN_POINT ( 'NONE',  ( 6.978665955348801297, -13.44790745605136451, 2.527310507134861606 ) ) ;
#3892 = CARTESIAN_POINT ( 'NONE',  ( 4.133293155679178099, 7.542523329873612070, 2.863804598162852155 ) ) ;
#3893 = CARTESIAN_POINT ( 'NONE',  ( 4.461054600686111371, 8.308492876808685423, 4.428772733312130505 ) ) ;
#3894 = EDGE_CURVE ( 'NONE', #3799, #2831, #3707, .T. ) ;
#3895 = CARTESIAN_POINT ( 'NONE',  ( 3.246145018437640584, -16.05550404331330583, 4.566346913187632417 ) ) ;
#3896 = CIRCLE ( 'NONE', #4240, 0.9999999999999996669 ) ;
#3897 = CARTESIAN_POINT ( 'NONE',  ( 5.940250666416571512, 5.673204499567274794, 4.042376151033725939 ) ) ;
#3898 = ORIENTED_EDGE ( 'NONE', *, *, #4022, .T. ) ;
#3899 = ORIENTED_EDGE ( 'NONE', *, *, #4692, .F. ) ;
#3900 = DIRECTION ( 'NONE',  ( 1.000000000000000000, 0.000000000000000000, 0.000000000000000000 ) ) ;
#3901 = AXIS2_PLACEMENT_3D ( 'NONE', #1007, #1289, #1476 ) ;
#3902 = CARTESIAN_POINT ( 'NONE',  ( 5.649318951293072821, -13.37438859779534539, 1.763574039399776749 ) ) ;
#3903 = CARTESIAN_POINT ( 'NONE',  ( 7.210170235679303374, -14.02507201497918743, 2.299907437321945913 ) ) ;
#3904 = CARTESIAN_POINT ( 'NONE',  ( 3.971303517436697295, 6.267696200754388158, 4.688955414417836032 ) ) ;
#3905 = CARTESIAN_POINT ( 'NONE',  ( -5.062447629136725524, 15.14010502406020819, 2.073061954163437193 ) ) ;
#3906 = CARTESIAN_POINT ( 'NONE',  ( -5.078400111754241664, 15.90326127528429012, 3.765962275978062657 ) ) ;
#3907 = CARTESIAN_POINT ( 'NONE',  ( 1.324446933107399804, 16.05552492316605040, 4.990002475142026661 ) ) ;
#3908 = CARTESIAN_POINT ( 'NONE',  ( -4.814462930844433330, 5.673204499567274794, 4.656620685584804242 ) ) ;
#3909 = VERTEX_POINT ( 'NONE', #2310 ) ;
#3910 = CARTESIAN_POINT ( 'NONE',  ( -4.544974289215884866, -6.407900974210772205, 4.466426793353196700 ) ) ;
#3911 = VERTEX_POINT ( 'NONE', #1897 ) ;
#3912 = EDGE_LOOP ( 'NONE', ( #143, #2564, #4801, #372, #4396, #4197, #127 ) ) ;
#3913 = DIRECTION ( 'NONE',  ( 0.7265526389844300104, 0.6871108082287459284, 0.000000000000000000 ) ) ;
#3914 = VERTEX_POINT ( 'NONE', #3408 ) ;
#3915 = DIRECTION ( 'NONE',  ( -0.7071067811865474617, -0.000000000000000000, 0.7071067811865474617 ) ) ;
#3916 = CARTESIAN_POINT ( 'NONE',  ( 5.754769411282370406, -13.29929209859786354, 1.634416142651677895 ) ) ;
#3917 = ORIENTED_EDGE ( 'NONE', *, *, #274, .T. ) ;
#3918 = CARTESIAN_POINT ( 'NONE',  ( 4.649307406176135693, -8.964209757240841014, 4.321327399937852753 ) ) ;
#3919 = CARTESIAN_POINT ( 'NONE',  ( 4.016326400071783098, 2.339153701707143984, 4.757306777080908766 ) ) ;
#3920 = CARTESIAN_POINT ( 'NONE',  ( -5.499999999999999112, 8.800000000000000711, 1.597353125134759466 ) ) ;
#3921 = ORIENTED_EDGE ( 'NONE', *, *, #759, .T. ) ;
#3922 = DIRECTION ( 'NONE',  ( 1.000000000000000000, 0.000000000000000000, 0.000000000000000000 ) ) ;
#3923 = ORIENTED_EDGE ( 'NONE', *, *, #671, .T. ) ;
#3924 = AXIS2_PLACEMENT_3D ( 'NONE', #2876, #3963, #3656 ) ;
#3925 = CARTESIAN_POINT ( 'NONE',  ( -4.206742464903705958, 16.96166432091228771, 3.156911976632965189 ) ) ;
#3926 = ADVANCED_FACE ( 'NONE', ( #2086 ), #1767, .T. ) ;
#3927 = CARTESIAN_POINT ( 'NONE',  ( 6.909529012842486217, -12.79871397405663380, 0.2502690813653938862 ) ) ;
#3928 = CARTESIAN_POINT ( 'NONE',  ( -7.846203012310810188, 5.673204499567274794, 2.464230218698603814 ) ) ;
#3929 = CARTESIAN_POINT ( 'NONE',  ( -6.600000000000002309, -8.800000000000000711, -1.800000000000000044 ) ) ;
#3930 = EDGE_CURVE ( 'NONE', #4630, #1172, #2691, .T. ) ;
#3931 = CARTESIAN_POINT ( 'NONE',  ( 8.225699009937487816, 13.63945508813894136, 0.5985900872982636844 ) ) ;
#3932 = PLANE ( 'NONE',  #2567 ) ;
#3933 = CARTESIAN_POINT ( 'NONE',  ( 5.361802817076810612, -12.14857302411237505, 1.981168752086672091 ) ) ;
#3934 = CARTESIAN_POINT ( 'NONE',  ( 5.499999999999999112, 8.800000000000000711, 500000.0000000000582 ) ) ;
#3935 = CARTESIAN_POINT ( 'NONE',  ( -5.354968495874588008, -12.29514935595602942, 2.001541545095655295 ) ) ;
#3936 = CARTESIAN_POINT ( 'NONE',  ( 3.498313487868236926, 4.819082365005243673, 3.297843684003769482 ) ) ;
#3937 = CARTESIAN_POINT ( 'NONE',  ( -8.500000000000000000, -15.49999999999999822, 5.500000000000000000 ) ) ;
#3938 = FACE_OUTER_BOUND ( 'NONE', #4467, .T. ) ;
#3939 = CARTESIAN_POINT ( 'NONE',  ( 6.138485717105668371, -14.29965065186635798, 1.251423217374605157 ) ) ;
#3940 = CARTESIAN_POINT ( 'NONE',  ( -10.21187524874969732, -17.00000000000000355, -1.610459072316499318 ) ) ;
#3941 =( BOUNDED_SURFACE ( )  B_SPLINE_SURFACE ( 3, 2, ( 
 ( #2339, #1609, #3122 ),
 ( #1258, #2757, #2391 ),
 ( #917, #3542, #1670 ),
 ( #2039, #259, #3229 ),
 ( #2080, #3936, #2878 ),
 ( #4362, #3966, #4320 ),
 ( #1365, #2807, #2823 ),
 ( #3645, #589, #2841 ),
 ( #3572, #610, #2493 ),
 ( #3195, #2059, #4395 ),
 ( #4759, #3985, #4723 ),
 ( #2462, #3212, #4707 ),
 ( #4686, #952, #1690 ),
 ( #2440, #968, #2425 ),
 ( #643, #239, #3595 ),
 ( #1743, #628, #3615 ) ),
 .UNSPECIFIED., .F., .F., .F. ) 
 B_SPLINE_SURFACE_WITH_KNOTS ( ( 4, 2, 2, 2, 2, 2, 2, 4 ),
 ( 3, 3 ),
 ( 1.684082769345332754E-06, 0.003804825009397861356, 0.005706395472712118971, 0.007607965936026377454, 0.009509536399340635937, 0.01141110686265489269, 0.01331267732596915117, 0.01521424778928340965 ),
 ( 0.000000000000000000, 1.000000000000000000 ),
 .UNSPECIFIED. ) 
 GEOMETRIC_REPRESENTATION_ITEM ( )  RATIONAL_B_SPLINE_SURFACE ( (
 ( 1.000000000000000000, 0.9773211704534870981, 1.000000000000000000),
 ( 1.000000000000000000, 0.9772654857336141587, 1.000000000000000000),
 ( 1.000000000000000000, 0.9776859301415717907, 1.000000000000000000),
 ( 1.000000000000000000, 0.9790235034476933995, 1.000000000000000000),
 ( 1.000000000000000000, 0.9795901023205633162, 1.000000000000000000),
 ( 1.000000000000000000, 0.9809109804481686012, 1.000000000000000000),
 ( 1.000000000000000000, 0.9816664579045151218, 1.000000000000000000),
 ( 1.000000000000000000, 0.9833153342698517374, 1.000000000000000000),
 ( 1.000000000000000000, 0.9842096916784824900, 1.000000000000000000),
 ( 1.000000000000000000, 0.9861086529316446248, 1.000000000000000000),
 ( 1.000000000000000000, 0.9871217921509458648, 1.000000000000000000),
 ( 1.000000000000000000, 0.9892359541121664712, 1.000000000000000000),
 ( 1.000000000000000000, 0.9903363290339444180, 1.000000000000000000),
 ( 1.000000000000000000, 0.9926280236057654083, 1.000000000000000000),
 ( 1.000000000000000000, 0.9938690551953739405, 1.000000000000000000),
 ( 1.000000000000000000, 0.9949333322710822713, 1.000000000000000000) ) ) 
 REPRESENTATION_ITEM ( '' )  SURFACE ( )  );
#3942 = PLANE ( 'NONE',  #1385 ) ;
#3943 = CIRCLE ( 'NONE', #2915, 1.000000000000000222 ) ;
#3944 = CARTESIAN_POINT ( 'NONE',  ( -7.637292219330829468, 14.17110811506944579, 1.774624100851815545 ) ) ;
#3945 = CARTESIAN_POINT ( 'NONE',  ( 6.644312284798151502, -15.16993199105595913, 2.775766063552710161 ) ) ;
#3946 = ORIENTED_EDGE ( 'NONE', *, *, #410, .F. ) ;
#3947 = CARTESIAN_POINT ( 'NONE',  ( 3.500000000000000444, -16.99999999999999645, 3.393604602115719349 ) ) ;
#3948 = LINE ( 'NONE', #1003, #4003 ) ;
#3949 = DIRECTION ( 'NONE',  ( 0.000000000000000000, 1.000000000000000000, 0.000000000000000000 ) ) ;
#3950 = CARTESIAN_POINT ( 'NONE',  ( 8.500000000000000000, 3.998275403591427413, 0.6897888504436309187 ) ) ;
#3951 = CARTESIAN_POINT ( 'NONE',  ( 5.077831858564457512, 8.687249532436881694, 4.130283431257241844 ) ) ;
#3952 = CARTESIAN_POINT ( 'NONE',  ( -6.090652238998559120, -7.208430103995586258, 0.9478475462959108366 ) ) ;
#3953 = CARTESIAN_POINT ( 'NONE',  ( 6.800000000000001599, 8.800000000000000711, -0.1753788748764676109 ) ) ;
#3954 = CARTESIAN_POINT ( 'NONE',  ( -8.493045261942677726, 16.99999999999988987, 0.7035033307615214948 ) ) ;
#3955 = CARTESIAN_POINT ( 'NONE',  ( 8.386662579333583167, 13.06935504111762292, 0.4344220270559298047 ) ) ;
#3956 = CARTESIAN_POINT ( 'NONE',  ( -6.663657857304469800, 13.51174618981656650, 0.5656513251758541472 ) ) ;
#3957 = CARTESIAN_POINT ( 'NONE',  ( -3.893946906976663680, -5.244131397371616821, 3.342331702432109530 ) ) ;
#3958 = CARTESIAN_POINT ( 'NONE',  ( -5.431070424900759086, 9.924817442613093732, 3.888188644135301075 ) ) ;
#3959 = EDGE_CURVE ( 'NONE', #367, #4609, #729, .T. ) ;
#3960 = ORIENTED_EDGE ( 'NONE', *, *, #4831, .T. ) ;
#3961 = CARTESIAN_POINT ( 'NONE',  ( 7.398589619441355403, 15.13065472053117944, 1.468155143893614678 ) ) ;
#3962 = CARTESIAN_POINT ( 'NONE',  ( 5.870820803253026909, -13.93840147229520987, 1.553898295580305344 ) ) ;
#3963 = DIRECTION ( 'NONE',  ( 0.000000000000000000, -1.000000000000000000, 0.000000000000000000 ) ) ;
#3964 = CARTESIAN_POINT ( 'NONE',  ( 5.003477616941052197, 10.06831856221355181, 4.105208053824223491 ) ) ;
#3965 = CARTESIAN_POINT ( 'NONE',  ( -7.152686515473578588, -12.27794993010784275, -0.04329738460769072539 ) ) ;
#3966 = CARTESIAN_POINT ( 'NONE',  ( 3.681500414571959645, 6.073961676907631002, 3.196579494805010579 ) ) ;
#3967 = ORIENTED_EDGE ( 'NONE', *, *, #3026, .T. ) ;
#3968 = CARTESIAN_POINT ( 'NONE',  ( 0.6641488689812951041, -16.05551351039991204, 5.037901760730940204 ) ) ;
#3969 = EDGE_CURVE ( 'NONE', #4639, #2988, #2983, .T. ) ;
#3970 = ORIENTED_EDGE ( 'NONE', *, *, #3577, .T. ) ;
#3971 = CARTESIAN_POINT ( 'NONE',  ( -4.634385802373330421, 15.68574048674200760, 2.302963356830059816 ) ) ;
#3972 = ORIENTED_EDGE ( 'NONE', *, *, #1990, .T. ) ;
#3973 = ORIENTED_EDGE ( 'NONE', *, *, #2488, .T. ) ;
#3974 = CARTESIAN_POINT ( 'NONE',  ( -6.138474834417982251, 14.29966313797108590, 1.251397191380044571 ) ) ;
#3975 = CARTESIAN_POINT ( 'NONE',  ( -3.350468282522251151, 5.244133215171750351, 3.543353203809752383 ) ) ;
#3976 = CARTESIAN_POINT ( 'NONE',  ( -6.525288978853074795, 12.21546122699404968, 2.941121497944828800 ) ) ;
#3977 = ORIENTED_EDGE ( 'NONE', *, *, #2858, .F. ) ;
#3978 = DIRECTION ( 'NONE',  ( 0.000000000000000000, 0.000000000000000000, -1.000000000000000000 ) ) ;
#3979 = EDGE_CURVE ( 'NONE', #4435, #434, #4035, .T. ) ;
#3980 = LINE ( 'NONE', #911, #4764 ) ;
#3981 = DIRECTION ( 'NONE',  ( 0.000000000000000000, 0.000000000000000000, -1.000000000000000000 ) ) ;
#3982 = CARTESIAN_POINT ( 'NONE',  ( -3.500000000000000444, -11.99999999999999645, 0.000000000000000000 ) ) ;
#3983 = DIRECTION ( 'NONE',  ( -0.000000000000000000, -0.000000000000000000, -1.000000000000000000 ) ) ;
#3984 = CARTESIAN_POINT ( 'NONE',  ( -5.825848067041044409, -11.52473996495580266, 1.420979062001241466 ) ) ;
#3985 = CARTESIAN_POINT ( 'NONE',  ( 4.649064098219445107, 10.37530641068946657, 2.580182349564671629 ) ) ;
#3986 = AXIS2_PLACEMENT_3D ( 'NONE', #4036, #4389, #3290 ) ;
#3987 = ORIENTED_EDGE ( 'NONE', *, *, #4489, .T. ) ;
#3988 = CARTESIAN_POINT ( 'NONE',  ( 6.800000000000001599, 8.000000000000000000, -1.600000000000001199 ) ) ;
#3989 = CARTESIAN_POINT ( 'NONE',  ( -2.218182869746521203E-14, 16.18291562433459774, 5.046973711511640204 ) ) ;
#3990 = CARTESIAN_POINT ( 'NONE',  ( 3.576021989031857196, -7.022043828109030272, 3.212766568700620606 ) ) ;
#3991 = AXIS2_PLACEMENT_3D ( 'NONE', #1591, #3114, #4273 ) ;
#3992 = PLANE ( 'NONE',  #3417 ) ;
#3993 = CARTESIAN_POINT ( 'NONE',  ( -8.147842807479316107, 12.96129863841866126, 1.112037241964743739 ) ) ;
#3994 = CARTESIAN_POINT ( 'NONE',  ( -5.499999999999924505, -8.533377859820038935, 1.583113926869744059 ) ) ;
#3995 = VECTOR ( 'NONE', #2970, 1000.000000000000000 ) ;
#3996 = CARTESIAN_POINT ( 'NONE',  ( -7.068890054484497476, 14.79971263184673802, 2.437624182468224543 ) ) ;
#3997 = DIRECTION ( 'NONE',  ( 0.005551637742388555903, 0.9999812057924141184, 0.002601418906455315195 ) ) ;
#3998 = FACE_OUTER_BOUND ( 'NONE', #2164, .T. ) ;
#3999 = CARTESIAN_POINT ( 'NONE',  ( 8.500000000000000000, -4.000113168696210586, 0.2451865064945584760 ) ) ;
#4000 = CARTESIAN_POINT ( 'NONE',  ( -6.138485717105668371, -14.29965065186635798, 1.251423217374605157 ) ) ;
#4001 = CARTESIAN_POINT ( 'NONE',  ( 7.398003010518374722, -14.46004242684107588, 2.093477928884512007 ) ) ;
#4002 =( BOUNDED_SURFACE ( )  B_SPLINE_SURFACE ( 3, 2, ( 
 ( #853, #161, #4616 ),
 ( #3869, #3829, #456 ),
 ( #839, #3455, #1912 ),
 ( #1217, #510, #4187 ),
 ( #4571, #491, #523 ),
 ( #1543, #3095, #867 ),
 ( #3078, #3842, #3474 ),
 ( #2341, #3046, #1554 ),
 ( #4588, #4627, #2308 ),
 ( #822, #1577, #1600 ) ),
 .UNSPECIFIED., .F., .F., .T. ) 
 B_SPLINE_SURFACE_WITH_KNOTS ( ( 4, 2, 2, 2, 4 ),
 ( 3, 3 ),
 ( 0.000000000000000000, 0.0007440508497519274667, 0.001116076274627891309, 0.001488101699503854933, 0.002976203399007709867 ),
 ( 0.000000000000000000, 1.000000000000000000 ),
 .UNSPECIFIED. ) 
 GEOMETRIC_REPRESENTATION_ITEM ( )  RATIONAL_B_SPLINE_SURFACE ( (
 ( 1.000000000000000000, 0.9364433498661098865, 1.000000000000000000),
 ( 1.000000000000000000, 0.9372263344389629713, 1.000000000000000000),
 ( 1.000000000000000000, 0.9367667859809849507, 1.000000000000000000),
 ( 1.000000000000000000, 0.9341273533665251927, 1.000000000000000000),
 ( 1.000000000000000000, 0.9329074324585313605, 1.000000000000000000),
 ( 1.000000000000000000, 0.9298603687939981377, 1.000000000000000000),
 ( 1.000000000000000000, 0.9280388867434608002, 1.000000000000000000),
 ( 1.000000000000000000, 0.9175230447535887013, 1.000000000000000000),
 ( 1.000000000000000000, 0.9044577143731357127, 1.000000000000000000),
 ( 1.000000000000000000, 0.8887207413274162970, 1.000000000000000000) ) ) 
 REPRESENTATION_ITEM ( '' )  SURFACE ( )  );
#4003 = VECTOR ( 'NONE', #2084, 1000.000000000000000 ) ;
#4004 = CARTESIAN_POINT ( 'NONE',  ( 10.89969988970539738, 16.99999999999988987, -2.536691632741497671 ) ) ;
#4005 = CARTESIAN_POINT ( 'NONE',  ( 5.073856102096556242, 16.76383755070238024, 3.716494338320986301 ) ) ;
#4006 = CIRCLE ( 'NONE', #4417, 1.000000000000000000 ) ;
#4007 = CARTESIAN_POINT ( 'NONE',  ( -6.326834273217343707, -5.244133452838918963, 1.786257369949748375 ) ) ;
#4008 = VERTEX_POINT ( 'NONE', #3098 ) ;
#4009 = CARTESIAN_POINT ( 'NONE',  ( -5.039179097677697783, 10.17124223471043010, 4.082500210434072407 ) ) ;
#4010 = DIRECTION ( 'NONE',  ( 0.000000000000000000, 0.000000000000000000, -1.000000000000000000 ) ) ;
#4011 = CARTESIAN_POINT ( 'NONE',  ( 8.500000000000000000, 8.000185327572156169, 0.2680800229514073152 ) ) ;
#4012 = CARTESIAN_POINT ( 'NONE',  ( 5.223435509138697697, 10.68751818467687364, 3.963893342779462259 ) ) ;
#4013 = CARTESIAN_POINT ( 'NONE',  ( -4.171027893310898627, 8.553503438950613713, 2.902858075899954038 ) ) ;
#4014 = ORIENTED_EDGE ( 'NONE', *, *, #1496, .F. ) ;
#4015 = PLANE ( 'NONE',  #3635 ) ;
#4016 = CARTESIAN_POINT ( 'NONE',  ( 3.484466166161381828, 2.289937914954066844, 3.213829121204494932 ) ) ;
#4017 = CARTESIAN_POINT ( 'NONE',  ( -7.428273003448068401, 15.11172529617929250, 2.089297055171577266 ) ) ;
#4018 = CARTESIAN_POINT ( 'NONE',  ( 3.460172667988120399, -6.416305271773515173, 3.274084778893013858 ) ) ;
#4019 = CARTESIAN_POINT ( 'NONE',  ( 5.549046079880921134, 16.57921909767676638, 3.453211239263997534 ) ) ;
#4020 = DIRECTION ( 'NONE',  ( 0.000000000000000000, 0.000000000000000000, -1.000000000000000000 ) ) ;
#4021 = ORIENTED_EDGE ( 'NONE', *, *, #1117, .F. ) ;
#4022 = EDGE_CURVE ( 'NONE', #4215, #4810, #1738, .T. ) ;
#4023 = CARTESIAN_POINT ( 'NONE',  ( -6.782862553073290890, 14.25910142786417900, 2.720077177215462605 ) ) ;
#4024 = ORIENTED_EDGE ( 'NONE', *, *, #4456, .F. ) ;
#4025 = VECTOR ( 'NONE', #457, 1000.000000000000000 ) ;
#4026 = CARTESIAN_POINT ( 'NONE',  ( 7.840946592019299999, -13.79911508643551343, 1.507885816094676867 ) ) ;
#4027 = CARTESIAN_POINT ( 'NONE',  ( 0.000000000000000000, -15.49999999999999822, 3.582233659921982394 ) ) ;
#4028 = EDGE_LOOP ( 'NONE', ( #3751, #1058, #2456, #150 ) ) ;
#4029 = ORIENTED_EDGE ( 'NONE', *, *, #3352, .F. ) ;
#4030 = CARTESIAN_POINT ( 'NONE',  ( -7.161423597798282081, -5.673204499567389369, 3.083163152012554864 ) ) ;
#4031 = CARTESIAN_POINT ( 'NONE',  ( -7.913872013141925343, 16.23501877606901900, 1.544036471360235474 ) ) ;
#4032 = ORIENTED_EDGE ( 'NONE', *, *, #4086, .T. ) ;
#4033 = VECTOR ( 'NONE', #2094, 1000.000000000000114 ) ;
#4034 = CARTESIAN_POINT ( 'NONE',  ( -8.500000000000000000, -16.99999999999999645, 5.500000000000000000 ) ) ;
#4035 = LINE ( 'NONE', #2331, #273 ) ;
#4036 = CARTESIAN_POINT ( 'NONE',  ( -3.500000000000000444, 12.00000000000000711, -1.000000000000000000 ) ) ;
#4037 = DIRECTION ( 'NONE',  ( 0.000000000000000000, 0.000000000000000000, 1.000000000000000000 ) ) ;
#4038 = CARTESIAN_POINT ( 'NONE',  ( 3.500000000000000444, 15.50000000000000888, -1.000000000000000000 ) ) ;
#4039 = CARTESIAN_POINT ( 'NONE',  ( -6.600000000000002309, 8.000000000000000000, -1.800000000000000044 ) ) ;
#4040 = CARTESIAN_POINT ( 'NONE',  ( -5.048650291556659120, 12.24471207197864153, 2.249460468434972604 ) ) ;
#4041 = CARTESIAN_POINT ( 'NONE',  ( 0.000000000000000000, 0.000000000000000000, 0.000000000000000000 ) ) ;
#4042 = CARTESIAN_POINT ( 'NONE',  ( -8.199223809551481779, -7.994450431773313603, 0.9879531962446593818 ) ) ;
#4043 = CARTESIAN_POINT ( 'NONE',  ( 2.440486839160202148, -5.673204499567389369, 5.469467766335323944 ) ) ;
#4044 = CARTESIAN_POINT ( 'NONE',  ( 3.500000000000000444, -11.99999999999999645, 5.500000000000000000 ) ) ;
#4045 = AXIS2_PLACEMENT_3D ( 'NONE', #2289, #78, #1520 ) ;
#4046 = CARTESIAN_POINT ( 'NONE',  ( 6.868372023860525033, 14.99319642436970668, 2.602266829537374981 ) ) ;
#4047 = VECTOR ( 'NONE', #1264, 1000.000000000000000 ) ;
#4048 = CARTESIAN_POINT ( 'NONE',  ( 8.276283442144956481, 13.49247224659250577, 0.9688540960003101388 ) ) ;
#4049 = B_SPLINE_CURVE_WITH_KNOTS ( 'NONE', 3,
 ( #476, #4572, #3505, #4239, #1202, #4617, #3487, #3096, #4202, #119, #3127, #2294 ),
 .UNSPECIFIED., .F., .F.,
 ( 4, 2, 2, 2, 2, 4 ),
 ( 3.496446946337351263E-18, 0.0006967570217373237436, 0.001045135532605983826, 0.001393514043474644018, 0.002090271065211959847, 0.002787028086949275892 ),
 .UNSPECIFIED. ) ;
#4050 = ORIENTED_EDGE ( 'NONE', *, *, #1965, .T. ) ;
#4051 = CARTESIAN_POINT ( 'NONE',  ( -7.000000000000000888, 8.799999999999998934, -1.000000000000000000 ) ) ;
#4052 = VERTEX_POINT ( 'NONE', #3489 ) ;
#4053 = FACE_OUTER_BOUND ( 'NONE', #3341, .T. ) ;
#4054 = CARTESIAN_POINT ( 'NONE',  ( -4.697570060072604470, 16.85745553677864450, 2.963106979068636626 ) ) ;
#4055 = ORIENTED_EDGE ( 'NONE', *, *, #2261, .F. ) ;
#4056 = VERTEX_POINT ( 'NONE', #3144 ) ;
#4057 = CARTESIAN_POINT ( 'NONE',  ( -3.500000000000000444, -11.99999999999999645, 5.500000000000000000 ) ) ;
#4058 = EDGE_CURVE ( 'NONE', #3754, #4464, #2151, .T. ) ;
#4059 = VECTOR ( 'NONE', #455, 1000.000000000000114 ) ;
#4060 = CARTESIAN_POINT ( 'NONE',  ( 2.938626576477308738, 17.00000000000000711, 3.614388272436318328 ) ) ;
#4061 = CARTESIAN_POINT ( 'NONE',  ( -6.501704734194675872, 8.000000000000000000, 0.5666332060737548915 ) ) ;
#4062 = CARTESIAN_POINT ( 'NONE',  ( -5.940250666417106196, -5.673204499567389369, 4.042376151033732157 ) ) ;
#4063 = CARTESIAN_POINT ( 'NONE',  ( -4.205835476763609471, -8.699927197674050205, 2.880455661842289850 ) ) ;
#4064 = CARTESIAN_POINT ( 'NONE',  ( 3.350468282522251151, 5.244133215171750351, 3.543353203809752383 ) ) ;
#4065 = CARTESIAN_POINT ( 'NONE',  ( -7.121147149997725911, 10.53881413056301319, -0.02719242944958601832 ) ) ;
#4066 = CARTESIAN_POINT ( 'NONE',  ( -4.138547749276127341, 7.033219359514973235, 4.603958450520138967 ) ) ;
#4067 = ORIENTED_EDGE ( 'NONE', *, *, #2714, .F. ) ;
#4068 = AXIS2_PLACEMENT_3D ( 'NONE', #4034, #1784, #3288 ) ;
#4069 = PLANE ( 'NONE',  #3173 ) ;
#4070 = CARTESIAN_POINT ( 'NONE',  ( -8.237428170530172622, -12.48328765812665964, 0.9980799329551501842 ) ) ;
#4071 = CARTESIAN_POINT ( 'NONE',  ( 0.6597064880470826509, 16.99999999999585398, 5.001571804682897415 ) ) ;
#4072 = EDGE_LOOP ( 'NONE', ( #3104, #1906, #1558, #79 ) ) ;
#4073 = CARTESIAN_POINT ( 'NONE',  ( -8.660436974895945994, 5.673204499567274794, 1.569962763141370621 ) ) ;
#4074 = VERTEX_POINT ( 'NONE', #3532 ) ;
#4075 = ADVANCED_FACE ( 'NONE', ( #1852 ), #3234, .T. ) ;
#4076 = CARTESIAN_POINT ( 'NONE',  ( 5.344936258724425571, -12.09566195882541173, 1.994912350571955262 ) ) ;
#4077 = ORIENTED_EDGE ( 'NONE', *, *, #1610, .F. ) ;
#4078 = CARTESIAN_POINT ( 'NONE',  ( -5.499999999999999112, -8.000000000000000000, 1.557051869895076379 ) ) ;
#4079 = ORIENTED_EDGE ( 'NONE', *, *, #2665, .F. ) ;
#4080 = B_SPLINE_CURVE_WITH_KNOTS ( 'NONE', 3,
 ( #4322, #3265, #1711, #3596, #4740, #644, #3247, #2880, #1001, #1016, #2842, #3213 ),
 .UNSPECIFIED., .F., .F.,
 ( 4, 2, 2, 2, 2, 4 ),
 ( 0.0002729074853404997447, 0.001015700170623855996, 0.001758492855907213765, 0.002129889198548895468, 0.002501285541190577822, 0.003244078226473942096 ),
 .UNSPECIFIED. ) ;
#4081 = DIRECTION ( 'NONE',  ( -1.000000000000000000, 0.000000000000000000, 0.000000000000000000 ) ) ;
#4082 = EDGE_CURVE ( 'NONE', #2946, #3090, #784, .T. ) ;
#4083 = CARTESIAN_POINT ( 'NONE',  ( -7.318123579784082011, 15.23085870178407575, 1.554094314536299315 ) ) ;
#4084 = CARTESIAN_POINT ( 'NONE',  ( -1.646600951362913401, 16.05552339510895266, 4.929184973211488519 ) ) ;
#4085 = DIRECTION ( 'NONE',  ( 0.000000000000000000, 0.000000000000000000, -1.000000000000000000 ) ) ;
#4086 = EDGE_CURVE ( 'NONE', #3769, #829, #3051, .T. ) ;
#4087 = ORIENTED_EDGE ( 'NONE', *, *, #1277, .F. ) ;
#4088 = DIRECTION ( 'NONE',  ( -0.000000000000000000, -0.000000000000000000, -1.000000000000000000 ) ) ;
#4089 = VERTEX_POINT ( 'NONE', #1578 ) ;
#4090 = CARTESIAN_POINT ( 'NONE',  ( -5.316706647580239142, 8.012079857078049372, 3.841128802184054614 ) ) ;
#4091 = CARTESIAN_POINT ( 'NONE',  ( -7.518350994360749162, -14.31470880646898358, 1.933170022193211768 ) ) ;
#4092 = ORIENTED_EDGE ( 'NONE', *, *, #3257, .F. ) ;
#4093 = CARTESIAN_POINT ( 'NONE',  ( -6.138485717105668371, -14.29965065186635798, 1.251423217374605157 ) ) ;
#4094 = CARTESIAN_POINT ( 'NONE',  ( -7.300887119433450145, -14.56988724890391573, 2.222310854939399505 ) ) ;
#4095 = CARTESIAN_POINT ( 'NONE',  ( 7.500000000000001776, 12.00000000000000711, 0.000000000000000000 ) ) ;
#4096 = CARTESIAN_POINT ( 'NONE',  ( -8.060922489607724728, -5.673204499567389369, 2.247636696101501741 ) ) ;
#4097 = DIRECTION ( 'NONE',  ( 0.000000000000000000, 0.000000000000000000, -1.000000000000000000 ) ) ;
#4098 = EDGE_LOOP ( 'NONE', ( #2366, #2754, #1234, #1389 ) ) ;
#4099 = DIRECTION ( 'NONE',  ( -0.000000000000000000, -0.000000000000000000, 1.000000000000000000 ) ) ;
#4100 = CARTESIAN_POINT ( 'NONE',  ( 4.924509830471275329, 5.244128545055433577, 2.793769545246960195 ) ) ;
#4101 = CARTESIAN_POINT ( 'NONE',  ( -5.301921279481220495, -10.89808339221739431, 3.910961616636483118 ) ) ;
#4102 = CARTESIAN_POINT ( 'NONE',  ( -7.398575301341594468, -15.13067255071021044, 1.468212637043939228 ) ) ;
#4103 = CARTESIAN_POINT ( 'NONE',  ( -7.055324989557427706, 5.869331858568229698, -0.005675614445377830802 ) ) ;
#4104 = APPLICATION_CONTEXT ( 'configuration controlled 3d designs of mechanical parts and assemblies' ) ;
#4105 = CIRCLE ( 'NONE', #1046, 0.9999999999999991118 ) ;
#4106 = B_SPLINE_CURVE_WITH_KNOTS ( 'NONE', 3,
 ( #634, #597, #250, #3507 ),
 .UNSPECIFIED., .F., .F.,
 ( 4, 4 ),
 ( 0.000000000000000000, 0.003200374228577474410 ),
 .UNSPECIFIED. ) ;
#4107 = CARTESIAN_POINT ( 'NONE',  ( -1.491070588856500345, 17.00000000000000355, 3.942427268912027216 ) ) ;
#4108 = CARTESIAN_POINT ( 'NONE',  ( -8.052557275434027773, -13.28954530443824034, 1.234077496128609619 ) ) ;
#4109 = CARTESIAN_POINT ( 'NONE',  ( -5.499999999999999112, 8.800000000000000711, 500000.0000000000582 ) ) ;
#4110 = CARTESIAN_POINT ( 'NONE',  ( 0.000000000000000000, -16.99999999999999645, 4.055598451454732967 ) ) ;
#4111 = FACE_OUTER_BOUND ( 'NONE', #2045, .T. ) ;
#4112 = CARTESIAN_POINT ( 'NONE',  ( -4.526047039959395946, 16.99999999999988987, 4.050498434667638037 ) ) ;
#4113 = CARTESIAN_POINT ( 'NONE',  ( -8.500000000000000000, -16.99999999999999289, 0.6900187902741902191 ) ) ;
#4114 = ORIENTED_EDGE ( 'NONE', *, *, #1017, .F. ) ;
#4115 = ORIENTED_EDGE ( 'NONE', *, *, #4831, .F. ) ;
#4116 = CARTESIAN_POINT ( 'NONE',  ( 3.246145018437603724, 16.05550404331332004, 4.566346913187638634 ) ) ;
#4117 = EDGE_CURVE ( 'NONE', #1885, #270, #1455, .T. ) ;
#4118 = LINE ( 'NONE', #4231, #4663 ) ;
#4119 = B_SPLINE_CURVE_WITH_KNOTS ( 'NONE', 3,
 ( #2090, #1388, #1026, #2817 ),
 .UNSPECIFIED., .F., .F.,
 ( 4, 4 ),
 ( 7.372214451826198724E-15, 0.002134440500082086453 ),
 .UNSPECIFIED. ) ;
#4120 = CARTESIAN_POINT ( 'NONE',  ( 7.068890054484497476, 14.79971263184673802, 2.437624182468224543 ) ) ;
#4121 = CARTESIAN_POINT ( 'NONE',  ( -6.005310560938113440, -12.63697469759292602, 3.397370064303815163 ) ) ;
#4122 = CARTESIAN_POINT ( 'NONE',  ( -6.687539835025002155, 13.04110382916486266, 0.5209785180306572006 ) ) ;
#4123 =( BOUNDED_SURFACE ( )  B_SPLINE_SURFACE ( 3, 2, ( 
 ( #1237, #2780, #513 ),
 ( #2335, #1253, #2717 ),
 ( #3876, #3103, #4246 ),
 ( #1972, #4334, #1648 ),
 ( #2052, #4294, #2487 ),
 ( #2015, #4700, #976 ),
 ( #1701, #4680, #2818 ),
 ( #3605, #4750, #2092 ),
 ( #1325, #991, #1341 ),
 ( #3622, #3958, #4315 ),
 ( #599, #4355, #1661 ),
 ( #2070, #1357, #233 ),
 ( #1306, #214, #3976 ),
 ( #4730, #2029, #1683 ),
 ( #2869, #2469, #947 ),
 ( #3563, #269, #2433 ) ),
 .UNSPECIFIED., .F., .F., .T. ) 
 B_SPLINE_SURFACE_WITH_KNOTS ( ( 4, 2, 2, 2, 2, 2, 2, 4 ),
 ( 3, 3 ),
 ( 1.684082769345332754E-06, 0.003872626412199050173, 0.005808097576913902847, 0.007743568741628755088, 0.009679039906343608196, 0.01161451107105846044, 0.01354998223577331268, 0.01548545340048816492 ),
 ( 0.000000000000000000, 1.000000000000000000 ),
 .UNSPECIFIED. ) 
 GEOMETRIC_REPRESENTATION_ITEM ( )  RATIONAL_B_SPLINE_SURFACE ( (
 ( 1.000000000000000000, 0.9773211704534870981, 1.000000000000000000),
 ( 1.000000000000000000, 0.9772646909160120909, 1.000000000000000000),
 ( 1.000000000000000000, 0.9777008457978118017, 1.000000000000000000),
 ( 1.000000000000000000, 0.9790882662853158669, 1.000000000000000000),
 ( 1.000000000000000000, 0.9796746924982394633, 1.000000000000000000),
 ( 1.000000000000000000, 0.9810399716840595419, 1.000000000000000000),
 ( 1.000000000000000000, 0.9818190528689809682, 1.000000000000000000),
 ( 1.000000000000000000, 0.9835176286452800287, 1.000000000000000000),
 ( 1.000000000000000000, 0.9844367216119840336, 1.000000000000000000),
 ( 1.000000000000000000, 0.9863923991666643243, 1.000000000000000000),
 ( 1.000000000000000000, 0.9874339346001518303, 1.000000000000000000),
 ( 1.000000000000000000, 0.9896053374013012993, 1.000000000000000000),
 ( 1.000000000000000000, 0.9907347590898569756, 1.000000000000000000),
 ( 1.000000000000000000, 0.9930920859622613950, 1.000000000000000000),
 ( 1.000000000000000000, 0.9943457696046320571, 1.000000000000000000),
 ( 1.000000000000000000, 0.9953931506427839970, 1.000000000000000000) ) ) 
 REPRESENTATION_ITEM ( '' )  SURFACE ( )  );
#4124 = CARTESIAN_POINT ( 'NONE',  ( 4.240429874591670867, -9.319150235769161128, 5.021211984789448302 ) ) ;
#4125 = FACE_OUTER_BOUND ( 'NONE', #1662, .T. ) ;
#4126 = DIRECTION ( 'NONE',  ( 0.000000000000000000, 0.000000000000000000, -1.000000000000000000 ) ) ;
#4127 = CARTESIAN_POINT ( 'NONE',  ( 7.191561045255855156, -14.68362884726841600, 2.336741451871484188 ) ) ;
#4128 = CARTESIAN_POINT ( 'NONE',  ( 3.499999999999999556, 17.00000000000000711, 3.393604471454716887 ) ) ;
#4129 = ORIENTED_EDGE ( 'NONE', *, *, #790, .T. ) ;
#4130 = CARTESIAN_POINT ( 'NONE',  ( -7.318145816812859472, -15.23083007175523207, 1.554093139371437449 ) ) ;
#4131 = DIRECTION ( 'NONE',  ( -0.000000000000000000, -0.000000000000000000, 1.000000000000000000 ) ) ;
#4132 = CARTESIAN_POINT ( 'NONE',  ( 10.05889772328631970, 5.673204499567274794, -0.2859285610115660514 ) ) ;
#4133 = DIRECTION ( 'NONE',  ( 1.000000000000000000, 0.000000000000000000, 0.000000000000000000 ) ) ;
#4134 = CARTESIAN_POINT ( 'NONE',  ( 3.415417706072152448, -6.213337555741967240E-06, 3.256249215457427404 ) ) ;
#4135 = PLANE ( 'NONE',  #1290 ) ;
#4136 = EDGE_CURVE ( 'NONE', #3914, #3909, #889, .T. ) ;
#4137 = ORIENTED_EDGE ( 'NONE', *, *, #1132, .F. ) ;
#4138 = CARTESIAN_POINT ( 'NONE',  ( 4.178401698433395595, 16.05551257159139311, 4.199697415911822773 ) ) ;
#4139 = EDGE_CURVE ( 'NONE', #465, #665, #2179, .T. ) ;
#4140 = CARTESIAN_POINT ( 'NONE',  ( -4.825943893860567435, 4.942788030064924953, 2.066371558826163746 ) ) ;
#4141 = CARTESIAN_POINT ( 'NONE',  ( -3.500000000000000444, -15.49999999999999822, 5.500000000000000000 ) ) ;
#4142 = AXIS2_PLACEMENT_3D ( 'NONE', #2340, #3076, #4169 ) ;
#4143 = ORIENTED_EDGE ( 'NONE', *, *, #4456, .T. ) ;
#4144 = ADVANCED_FACE ( 'NONE', ( #4595 ), #1249, .T. ) ;
#4145 = CARTESIAN_POINT ( 'NONE',  ( -7.132763194922194572, -15.43555404114375662, 1.690478039325826964 ) ) ;
#4146 = CARTESIAN_POINT ( 'NONE',  ( -7.556536529973883809, 14.93396417468891357, 1.299465016299996556 ) ) ;
#4147 = VERTEX_POINT ( 'NONE', #2713 ) ;
#4148 = CARTESIAN_POINT ( 'NONE',  ( 2.296944441079279642, 16.99999999999988987, 4.813750377047830931 ) ) ;
#4149 = CARTESIAN_POINT ( 'NONE',  ( -2.939256607136842447, -16.99999999999999645, 3.614140428424041485 ) ) ;
#4150 = ORIENTED_EDGE ( 'NONE', *, *, #3852, .F. ) ;
#4151 = CARTESIAN_POINT ( 'NONE',  ( 4.743277583995850755, 3.710763693819596920, 2.108827724472439158 ) ) ;
#4152 = CARTESIAN_POINT ( 'NONE',  ( -3.499999999999999556, -15.50000000000000178, 2.882870115353455276 ) ) ;
#4153 =( BOUNDED_SURFACE ( )  B_SPLINE_SURFACE ( 3, 2, ( 
 ( #2313, #4540, #4162 ),
 ( #3480, #1221, #1986 ),
 ( #4632, #2363, #166 ),
 ( #1580, #3147, #4605 ),
 ( #2716, #152, #868 ),
 ( #3491, #3858, #3131 ),
 ( #193, #2381, #4279 ),
 ( #178, #4227, #3536 ),
 ( #1959, #4619, #527 ),
 ( #1273, #2795, #4313 ),
 ( #249, #2067, #581 ),
 ( #622, #1353, #3237 ) ),
 .UNSPECIFIED., .F., .F., .F. ) 
 B_SPLINE_SURFACE_WITH_KNOTS ( ( 4, 2, 2, 2, 2, 4 ),
 ( 3, 3 ),
 ( 0.01378194286373493269, 0.01469681519695679311, 0.01515425136356772506, 0.01561168753017865528, 0.01652655986340051744, 0.01744143219662237787 ),
 ( 0.000000000000000000, 1.000000000000000000 ),
 .UNSPECIFIED. ) 
 GEOMETRIC_REPRESENTATION_ITEM ( )  RATIONAL_B_SPLINE_SURFACE ( (
 ( 1.000000000000000000, 0.7264673800681518134, 1.000000000000000000),
 ( 1.000000000000000000, 0.7355292143367647695, 1.000000000000000000),
 ( 1.000000000000000000, 0.7461190524677104863, 1.000000000000000000),
 ( 1.000000000000000000, 0.7634494728470586633, 1.000000000000000000),
 ( 1.000000000000000000, 0.7694694144562396199, 1.000000000000000000),
 ( 1.000000000000000000, 0.7818886070028636670, 1.000000000000000000),
 ( 1.000000000000000000, 0.7883078981070488211, 1.000000000000000000),
 ( 1.000000000000000000, 0.8076224518454516721, 1.000000000000000000),
 ( 1.000000000000000000, 0.8206780311758858915, 1.000000000000000000),
 ( 1.000000000000000000, 0.8465180712085913495, 1.000000000000000000),
 ( 1.000000000000000000, 0.8592406087590621633, 1.000000000000000000),
 ( 1.000000000000000000, 0.8708346933779280707, 1.000000000000000000) ) ) 
 REPRESENTATION_ITEM ( '' )  SURFACE ( )  );
#4154 = VERTEX_POINT ( 'NONE', #4241 ) ;
#4155 = CARTESIAN_POINT ( 'NONE',  ( 3.500000000000000444, 12.00000000000000711, -1.000000000000000000 ) ) ;
#4156 = ORIENTED_EDGE ( 'NONE', *, *, #4614, .T. ) ;
#4157 = CARTESIAN_POINT ( 'NONE',  ( 5.950232951036601214, -12.09808854580260196, 1.321521527860408884 ) ) ;
#4158 = CARTESIAN_POINT ( 'NONE',  ( 6.634260995664842397, -15.17742874546487108, 2.783374513999080424 ) ) ;
#4159 = LINE ( 'NONE', #4356, #4278 ) ;
#4160 = CARTESIAN_POINT ( 'NONE',  ( -5.822471994910676685, 1.207663795840731025, 1.084974085301185331 ) ) ;
#4161 = CARTESIAN_POINT ( 'NONE',  ( 3.070200180676539770, -4.726376211178788367, 5.694187391834678813 ) ) ;
#4162 = CARTESIAN_POINT ( 'NONE',  ( -3.500000000000000000, -16.99999999999999645, 3.393604602115716240 ) ) ;
#4163 = COORDINATED_UNIVERSAL_TIME_OFFSET ( 8, 0, .AHEAD. ) ;
#4164 = CARTESIAN_POINT ( 'NONE',  ( -7.398589619441357179, 15.13065472053117588, 1.468155143893614678 ) ) ;
#4165 = CARTESIAN_POINT ( 'NONE',  ( 5.920841673201081790, 13.74984166455064383, 1.478035855216375261 ) ) ;
#4166 = PLANE ( 'NONE',  #4785 ) ;
#4167 = CARTESIAN_POINT ( 'NONE',  ( -4.000000789868109585, -1.540410116175755961, 4.749027541198059588 ) ) ;
#4168 = CARTESIAN_POINT ( 'NONE',  ( 4.643910107445904600, -15.31556574599923159, 2.324293803720447915 ) ) ;
#4169 = DIRECTION ( 'NONE',  ( 0.000000000000000000, 0.7312534820549337899, -0.6821058165582043475 ) ) ;
#4170 = ADVANCED_FACE ( 'NONE', ( #507 ), #548, .T. ) ;
#4171 = CARTESIAN_POINT ( 'NONE',  ( 6.545745358429781113, -11.89966903793889230, 0.6420624698989659818 ) ) ;
#4172 = CARTESIAN_POINT ( 'NONE',  ( 8.663277263988527821, -17.00000000000000355, 0.4749004375466582828 ) ) ;
#4173 = CIRCLE ( 'NONE', #3337, 0.9999999999999995559 ) ;
#4174 = CARTESIAN_POINT ( 'NONE',  ( 8.500000000000000000, 14.51156453444579775, 0.6896737106579415855 ) ) ;
#4175 = ORIENTED_EDGE ( 'NONE', *, *, #4651, .F. ) ;
#4176 = CARTESIAN_POINT ( 'NONE',  ( 7.322234847889873777, -15.23520625469090106, 2.183030846755995569 ) ) ;
#4177 = EDGE_CURVE ( 'NONE', #4609, #3470, #1064, .T. ) ;
#4178 = LINE ( 'NONE', #1420, #462 ) ;
#4179 = CARTESIAN_POINT ( 'NONE',  ( 5.499999999999999112, 8.000000000000000000, -1.800000000000000044 ) ) ;
#4180 = CARTESIAN_POINT ( 'NONE',  ( 5.258271662457702611, -10.78143579432639498, 3.940525177693473768 ) ) ;
#4181 = CARTESIAN_POINT ( 'NONE',  ( -8.663277263988527821, 16.99999999999988987, 0.4749004375466582828 ) ) ;
#4182 = FACE_OUTER_BOUND ( 'NONE', #689, .T. ) ;
#4183 = PRODUCT_DEFINITION ( '未知', '', #3379, #3589 ) ;
#4184 = CARTESIAN_POINT ( 'NONE',  ( -5.804716786438320675, -14.64382669584753316, 1.555647427816201356 ) ) ;
#4185 = B_SPLINE_CURVE_WITH_KNOTS ( 'NONE', 3,
 ( #1720, #670, #3655, #4784, #320, #2902, #1776, #3687 ),
 .UNSPECIFIED., .F., .F.,
 ( 4, 2, 2, 4 ),
 ( 4.336808689942017736E-19, 0.001786445788973828981, 0.002679668683460743363, 0.003572891577947657528 ),
 .UNSPECIFIED. ) ;
#4186 = CARTESIAN_POINT ( 'NONE',  ( 5.476002928686111382, -9.780458865632683185, 1.682449502540366737 ) ) ;
#4187 = CARTESIAN_POINT ( 'NONE',  ( -8.174282288653895279, -12.84397490359008742, 1.078640694774647635 ) ) ;
#4188 = CARTESIAN_POINT ( 'NONE',  ( 7.132763194922194572, -15.43555404114375662, 1.690478039325826964 ) ) ;
#4189 = CARTESIAN_POINT ( 'NONE',  ( 7.421401043636726591, -14.97314794254156567, 2.123755878306508027 ) ) ;
#4190 = ORIENTED_EDGE ( 'NONE', *, *, #2812, .F. ) ;
#4191 = CARTESIAN_POINT ( 'NONE',  ( 8.287343433709661866, -13.47025253975454007, 0.5353996235811161464 ) ) ;
#4192 = CARTESIAN_POINT ( 'NONE',  ( -3.837347805297152359, -8.222364033861381927, 3.066108686102527070 ) ) ;
#4193 = ORIENTED_EDGE ( 'NONE', *, *, #2226, .F. ) ;
#4194 = CARTESIAN_POINT ( 'NONE',  ( 8.500000000000001776, 12.30441539494243486, 0.3189669600702897956 ) ) ;
#4195 = CARTESIAN_POINT ( 'NONE',  ( 6.800000000000001599, -8.000000000000000000, -1.600000000000001199 ) ) ;
#4196 = CARTESIAN_POINT ( 'NONE',  ( 7.229553145276725878, 15.33321541024355206, 1.627389763351468899 ) ) ;
#4197 = ORIENTED_EDGE ( 'NONE', *, *, #518, .F. ) ;
#4198 = AXIS2_PLACEMENT_3D ( 'NONE', #4622, #4248, #1974 ) ;
#4199 = CARTESIAN_POINT ( 'NONE',  ( 8.500000000000000000, 12.00000000000000711, 0.3160464792015763580 ) ) ;
#4200 = ORIENTED_EDGE ( 'NONE', *, *, #2093, .F. ) ;
#4201 = ADVANCED_FACE ( 'NONE', ( #618 ), #3942, .T. ) ;
#4202 = CARTESIAN_POINT ( 'NONE',  ( 6.569508166201213584, 13.69264784499225485, 0.6875022840785933731 ) ) ;
#4203 = FACE_OUTER_BOUND ( 'NONE', #3912, .T. ) ;
#4204 = ORIENTED_EDGE ( 'NONE', *, *, #2740, .F. ) ;
#4205 = ORIENTED_EDGE ( 'NONE', *, *, #4358, .F. ) ;
#4206 = CARTESIAN_POINT ( 'NONE',  ( 4.747261670776254561E-16, 10.33771805765541885, 3.860710491730966254 ) ) ;
#4207 = ORIENTED_EDGE ( 'NONE', *, *, #2991, .F. ) ;
#4208 = CARTESIAN_POINT ( 'NONE',  ( 7.000000000000002665, 7.999999999999979572, 0.06889184760450738076 ) ) ;
#4209 = ORIENTED_EDGE ( 'NONE', *, *, #554, .T. ) ;
#4210 = ORIENTED_EDGE ( 'NONE', *, *, #1219, .T. ) ;
#4211 = CC_DESIGN_PERSON_AND_ORGANIZATION_ASSIGNMENT ( #669, #2547, ( #3379 ) ) ;
#4212 = CARTESIAN_POINT ( 'NONE',  ( 4.266005848565672665, 9.857563953826216974, 2.804393602504708038 ) ) ;
#4213 = EDGE_CURVE ( 'NONE', #3500, #1053, #2333, .T. ) ;
#4214 = DIRECTION ( 'NONE',  ( 0.000000000000000000, 1.000000000000000000, 0.000000000000000000 ) ) ;
#4215 = VERTEX_POINT ( 'NONE', #3929 ) ;
#4216 = CARTESIAN_POINT ( 'NONE',  ( 7.152630216488521597, 12.27791508142914978, -0.04347256942068629393 ) ) ;
#4217 = CARTESIAN_POINT ( 'NONE',  ( -3.438019418218539069, -0.2265235218480349533, 3.236135003773283891 ) ) ;
#4218 = FACE_OUTER_BOUND ( 'NONE', #1282, .T. ) ;
#4219 = B_SPLINE_CURVE_WITH_KNOTS ( 'NONE', 3,
 ( #2135, #4742, #3214, #616 ),
 .UNSPECIFIED., .F., .F.,
 ( 4, 4 ),
 ( 1.569458948929238574E-16, 0.0004615308312342452615 ),
 .UNSPECIFIED. ) ;
#4220 = DIRECTION ( 'NONE',  ( 0.7071067811865474617, 0.000000000000000000, 0.7071067811865474617 ) ) ;
#4221 = CARTESIAN_POINT ( 'NONE',  ( 8.236844228930859657, -12.48889567467896455, 0.9988330922223811470 ) ) ;
#4222 = CARTESIAN_POINT ( 'NONE',  ( 10.21187485054754873, -17.00000000000000355, -1.610458536087166825 ) ) ;
#4223 = ORIENTED_EDGE ( 'NONE', *, *, #4499, .T. ) ;
#4224 = DIRECTION ( 'NONE',  ( 0.5995692532999423729, 0.6339408073747588857, 0.4885035959359855795 ) ) ;
#4225 = EDGE_CURVE ( 'NONE', #2901, #2452, #1122, .T. ) ;
#4226 = ADVANCED_FACE ( 'NONE', ( #3479 ), #407, .T. ) ;
#4227 = CARTESIAN_POINT ( 'NONE',  ( -6.134834996751006742, -16.27693066003646294, 3.092136044934191474 ) ) ;
#4228 = ADVANCED_FACE ( 'NONE', ( #382 ), #3992, .T. ) ;
#4229 = CARTESIAN_POINT ( 'NONE',  ( -8.052597117171783836, 13.28956076937033259, 1.233819304055185917 ) ) ;
#4230 = FACE_OUTER_BOUND ( 'NONE', #4664, .T. ) ;
#4231 = CARTESIAN_POINT ( 'NONE',  ( -6.800000000000001599, -8.000000000000000000, -1.000000000000000000 ) ) ;
#4232 = CARTESIAN_POINT ( 'NONE',  ( 3.438019418220290557, -0.2265235218480218526, 3.236135003771703822 ) ) ;
#4233 = DIRECTION ( 'NONE',  ( -1.000000000000000000, 0.000000000000000000, 0.000000000000000000 ) ) ;
#4234 = EDGE_CURVE ( 'NONE', #1448, #2030, #2637, .T. ) ;
#4235 = CIRCLE ( 'NONE', #2216, 4.000000000000000888 ) ;
#4236 = CARTESIAN_POINT ( 'NONE',  ( -6.108687576343999837, 16.27836573148335120, 2.302406492497931279 ) ) ;
#4237 = VERTEX_POINT ( 'NONE', #3284 ) ;
#4238 = CARTESIAN_POINT ( 'NONE',  ( 8.379150514792625515, -13.10665885375688688, 0.8390811114354654876 ) ) ;
#4239 = CARTESIAN_POINT ( 'NONE',  ( 6.909521739111720073, 12.79874564178047613, 0.2500668917242114819 ) ) ;
#4240 = AXIS2_PLACEMENT_3D ( 'NONE', #3646, #1382, #1744 ) ;
#4241 = CARTESIAN_POINT ( 'NONE',  ( 7.398003010518374722, -14.46004242684107588, 2.093477928884512007 ) ) ;
#4242 = FACE_OUTER_BOUND ( 'NONE', #2809, .T. ) ;
#4243 = CARTESIAN_POINT ( 'NONE',  ( 7.605734146720589450, 14.87269861362524637, 1.863935818334494954 ) ) ;
#4244 = ORIENTED_EDGE ( 'NONE', *, *, #2463, .F. ) ;
#4245 = AXIS2_PLACEMENT_3D ( 'NONE', #1658, #3900, #923 ) ;
#4246 = CARTESIAN_POINT ( 'NONE',  ( -4.493116504165586278, 2.302506682650225400, 4.324550617803524233 ) ) ;
#4247 = FACE_OUTER_BOUND ( 'NONE', #2553, .T. ) ;
#4248 = DIRECTION ( 'NONE',  ( -0.000000000000000000, 1.000000000000000000, 0.000000000000000000 ) ) ;
#4249 = CARTESIAN_POINT ( 'NONE',  ( 3.236829226523374015, -5.155121236543276808, 3.388418198331456743 ) ) ;
#4250 = ORIENTED_EDGE ( 'NONE', *, *, #2610, .F. ) ;
#4251 = CARTESIAN_POINT ( 'NONE',  ( 6.924833652884673896, 14.53232247646764108, 2.583740492993787718 ) ) ;
#4252 = EDGE_CURVE ( 'NONE', #2430, #2452, #844, .T. ) ;
#4253 = CARTESIAN_POINT ( 'NONE',  ( -4.183652629989651039, 16.05551261445523181, 4.197632264576772521 ) ) ;
#4254 = CARTESIAN_POINT ( 'NONE',  ( 6.406112774055037207, 14.74854662403135919, 1.690557708725248132 ) ) ;
#4255 = CARTESIAN_POINT ( 'NONE',  ( 7.161423597798282081, -5.673204499567389369, 3.083163152012554864 ) ) ;
#4256 = CARTESIAN_POINT ( 'NONE',  ( 1.626455356711372996E-16, 16.05550737207287426, 5.054056728823172584 ) ) ;
#4257 = ORIENTED_EDGE ( 'NONE', *, *, #1475, .F. ) ;
#4258 = CARTESIAN_POINT ( 'NONE',  ( 5.499999999999999112, -8.800000000000000711, -1.800000000000000044 ) ) ;
#4259 = CARTESIAN_POINT ( 'NONE',  ( -7.398064217433262257, 14.45998512909891431, 2.093355370013519678 ) ) ;
#4260 = ORIENTED_EDGE ( 'NONE', *, *, #4411, .F. ) ;
#4261 = CARTESIAN_POINT ( 'NONE',  ( -3.000000000000000444, -15.99999999999999645, -1.000000000000000000 ) ) ;
#4262 = CARTESIAN_POINT ( 'NONE',  ( 4.860742060524427366, -11.71567238619067020, 2.391858472688694892 ) ) ;
#4263 = CARTESIAN_POINT ( 'NONE',  ( 6.298506683448031218, -12.42530797000393150, 3.212728460742735770 ) ) ;
#4264 = ORIENTED_EDGE ( 'NONE', *, *, #734, .F. ) ;
#4265 = CARTESIAN_POINT ( 'NONE',  ( 4.306536574247347815, 4.894605984282714317, 4.599156709133302101 ) ) ;
#4266 = ORIENTED_EDGE ( 'NONE', *, *, #3115, .T. ) ;
#4267 = ORIENTED_EDGE ( 'NONE', *, *, #2226, .T. ) ;
#4268 = CARTESIAN_POINT ( 'NONE',  ( -6.892514724202490228, 15.69974329422024972, 2.542085608632862481 ) ) ;
#4269 = ORIENTED_EDGE ( 'NONE', *, *, #2114, .T. ) ;
#4270 = ADVANCED_FACE ( 'NONE', ( #1344 ), #3449, .F. ) ;
#4271 = CARTESIAN_POINT ( 'NONE',  ( 8.050715598502874215, -13.29491881422737087, 1.236442588975174228 ) ) ;
#4272 = CARTESIAN_POINT ( 'NONE',  ( 11.43508150738719031, -5.673204499567389369, -2.139114733925735035 ) ) ;
#4273 = DIRECTION ( 'NONE',  ( -1.000000000000000000, 0.000000000000000000, 0.000000000000000000 ) ) ;
#4274 = EDGE_CURVE ( 'NONE', #4769, #1606, #2699, .T. ) ;
#4275 = ORIENTED_EDGE ( 'NONE', *, *, #2549, .T. ) ;
#4276 = CARTESIAN_POINT ( 'NONE',  ( 8.070703021465790883, 14.10308047472053339, 1.233600504511801255 ) ) ;
#4277 = VERTEX_POINT ( 'NONE', #4795 ) ;
#4278 = VECTOR ( 'NONE', #653, 1000.000000000000000 ) ;
#4279 = CARTESIAN_POINT ( 'NONE',  ( -5.358417829491207485, -16.64484429913381547, 2.674961454971521935 ) ) ;
#4280 = DIRECTION ( 'NONE',  ( -1.000000000000000000, 0.000000000000000000, 0.000000000000000000 ) ) ;
#4281 = AXIS2_PLACEMENT_3D ( 'NONE', #1774, #4423, #4371 ) ;
#4282 = CARTESIAN_POINT ( 'NONE',  ( -6.600000000000002309, -8.000000000000000000, -1.800000000000000044 ) ) ;
#4283 = EDGE_CURVE ( 'NONE', #465, #2010, #2600, .T. ) ;
#4284 = CARTESIAN_POINT ( 'NONE',  ( -7.000000000000000888, 12.00000000000000711, -1.000000000000000000 ) ) ;
#4285 = APPROVAL_PERSON_ORGANIZATION ( #447, #1750, #346 ) ;
#4286 = CARTESIAN_POINT ( 'NONE',  ( 3.437868706818494768, -2.768135674159199144, 4.941062077082024828 ) ) ;
#4287 = CARTESIAN_POINT ( 'NONE',  ( 5.049871397363673964, 6.700708954410894869, 4.008529390054285102 ) ) ;
#4288 = CARTESIAN_POINT ( 'NONE',  ( -5.073856102096556242, 16.76383755070238024, 3.716494338320986301 ) ) ;
#4289 = CARTESIAN_POINT ( 'NONE',  ( 7.855452040900424038, -13.81628957021340653, 1.488078197030434424 ) ) ;
#4290 = CARTESIAN_POINT ( 'NONE',  ( -9.522904515850502349, -17.00000000000000355, -0.6826818883343728217 ) ) ;
#4291 = CARTESIAN_POINT ( 'NONE',  ( -4.964917070836415647, -6.310745808196182693, 4.063077141240908574 ) ) ;
#4292 = DIRECTION ( 'NONE',  ( -0.9306137368775511121, 1.210768122320992367E-15, -0.3660028315939645727 ) ) ;
#4293 = CYLINDRICAL_SURFACE ( 'NONE', #2055, 3.500000000000000444 ) ;
#4294 = CARTESIAN_POINT ( 'NONE',  ( -4.306536574246496052, 4.894605984281822586, 4.599156709135271193 ) ) ;
#4295 = ADVANCED_FACE ( 'NONE', ( #4218 ), #4135, .F. ) ;
#4296 = ORIENTED_EDGE ( 'NONE', *, *, #3767, .F. ) ;
#4297 = CARTESIAN_POINT ( 'NONE',  ( -5.499999999999999112, -8.000000000000000000, -1.800000000000000044 ) ) ;
#4298 = CARTESIAN_POINT ( 'NONE',  ( -3.500000000000000444, -11.99999999999999645, -1.000000000000000000 ) ) ;
#4299 = VECTOR ( 'NONE', #3261, 1000.000000000000000 ) ;
#4300 = CARTESIAN_POINT ( 'NONE',  ( 6.545842469243009276, -12.27375599635553094, 2.923222946361017094 ) ) ;
#4301 = CARTESIAN_POINT ( 'NONE',  ( 6.490131782308258046, 14.31818534890372163, 0.8170163336197653337 ) ) ;
#4302 = CARTESIAN_POINT ( 'NONE',  ( -3.188802501326636563, 1.038963181386357348, 3.457731875725490678 ) ) ;
#4303 = ORIENTED_EDGE ( 'NONE', *, *, #927, .F. ) ;
#4304 = ORIENTED_EDGE ( 'NONE', *, *, #2549, .F. ) ;
#4305 = CARTESIAN_POINT ( 'NONE',  ( 7.068890054484497476, 14.79971263184673802, 2.437624182468224543 ) ) ;
#4306 = CARTESIAN_POINT ( 'NONE',  ( 5.499999999999999112, 8.000000000000000000, 1.556978433313815913 ) ) ;
#4307 = VECTOR ( 'NONE', #1330, 1000.000000000000000 ) ;
#4308 = DIRECTION ( 'NONE',  ( 0.000000000000000000, 0.000000000000000000, -1.000000000000000000 ) ) ;
#4309 = CARTESIAN_POINT ( 'NONE',  ( 8.660436974895951323, -5.673204499567389369, 1.569962763141375284 ) ) ;
#4310 = EDGE_LOOP ( 'NONE', ( #2739, #2630, #4646, #3721, #3066, #3805, #3817, #2912, #1934, #88, #2976, #967, #924 ) ) ;
#4311 =( BOUNDED_SURFACE ( )  B_SPLINE_SURFACE ( 3, 2, ( 
 ( #103, #70, #843 ),
 ( #4594, #3410, #3459 ),
 ( #2311, #122, #1579 ),
 ( #1173, #1352, #4678 ),
 ( #3993, #596, #1732 ),
 ( #211, #2410, #620 ),
 ( #3251, #246, #2484 ),
 ( #973, #228, #2026 ),
 ( #3944, #957, #4694 ),
 ( #4352, #941, #648 ) ),
 .UNSPECIFIED., .F., .F., .F. ) 
 B_SPLINE_SURFACE_WITH_KNOTS ( ( 4, 2, 2, 2, 4 ),
 ( 3, 3 ),
 ( -5.204170427930421283E-18, 0.0007440693040891185580, 0.001116103956133680493, 0.001488138608178242320, 0.002976277216356489844 ),
 ( 0.000000000000000000, 1.000000000000000000 ),
 .UNSPECIFIED. ) 
 GEOMETRIC_REPRESENTATION_ITEM ( )  RATIONAL_B_SPLINE_SURFACE ( (
 ( 1.000000000000000000, 0.9364528015705018138, 1.000000000000000000),
 ( 1.000000000000000000, 0.9372363968015019475, 1.000000000000000000),
 ( 1.000000000000000000, 0.9367773820606729585, 1.000000000000000000),
 ( 1.000000000000000000, 0.9341383579957760475, 1.000000000000000000),
 ( 1.000000000000000000, 0.9329185290044829104, 1.000000000000000000),
 ( 1.000000000000000000, 0.9298715174388706428, 1.000000000000000000),
 ( 1.000000000000000000, 0.9280499794827383742, 1.000000000000000000),
 ( 1.000000000000000000, 0.9175333714226787674, 1.000000000000000000),
 ( 1.000000000000000000, 0.9044658464311551294, 1.000000000000000000),
 ( 1.000000000000000000, 0.8887247465245390332, 1.000000000000000000) ) ) 
 REPRESENTATION_ITEM ( '' )  SURFACE ( )  );
#4312 = DIRECTION ( 'NONE',  ( -0.7071067811865475727, 0.000000000000000000, -0.7071067811865475727 ) ) ;
#4313 = CARTESIAN_POINT ( 'NONE',  ( -6.650264305647417551, -15.89685886610811139, 1.995675250910414533 ) ) ;
#4314 = AXIS2_PLACEMENT_3D ( 'NONE', #2260, #2645, #389 ) ;
#4315 = CARTESIAN_POINT ( 'NONE',  ( -5.761008670522747011, 9.784622138283967985, 3.538912365930698911 ) ) ;
#4316 = ORIENTED_EDGE ( 'NONE', *, *, #3652, .T. ) ;
#4317 = CARTESIAN_POINT ( 'NONE',  ( -8.253887699138481082, 11.99212167138165697, 0.9730025424401035350 ) ) ;
#4318 = CARTESIAN_POINT ( 'NONE',  ( 6.761965380152718197, 13.60612802336830818, 0.4525214200747990079 ) ) ;
#4319 = CARTESIAN_POINT ( 'NONE',  ( -5.950232951036601214, -12.09808854580260196, 1.321521527860408884 ) ) ;
#4320 = CARTESIAN_POINT ( 'NONE',  ( 3.407460228522016354, 6.122668155883700614, 3.301546320324884043 ) ) ;
#4321 = DIRECTION ( 'NONE',  ( 0.000000000000000000, 1.000000000000000000, 0.000000000000000000 ) ) ;
#4322 = CARTESIAN_POINT ( 'NONE',  ( 7.398064217433262257, 14.45998512909891431, 2.093355370013519678 ) ) ;
#4323 = EDGE_CURVE ( 'NONE', #2981, #4660, #1174, .T. ) ;
#4324 = CARTESIAN_POINT ( 'NONE',  ( 3.230400318075337562, 16.30445952990198677, 4.523181145255230184 ) ) ;
#4325 = CARTESIAN_POINT ( 'NONE',  ( -9.198488475794981412, -5.673204499567389369, 0.8727068059256591903 ) ) ;
#4326 = VERTEX_POINT ( 'NONE', #3397 ) ;
#4327 = EDGE_LOOP ( 'NONE', ( #3527, #4414, #3450, #2672 ) ) ;
#4328 = CARTESIAN_POINT ( 'NONE',  ( -4.474003663873307168, -8.353454557360253219, 4.421381164467598879 ) ) ;
#4329 = ORIENTED_EDGE ( 'NONE', *, *, #3832, .F. ) ;
#4330 = CARTESIAN_POINT ( 'NONE',  ( 6.904707056673251131, -15.67670115613157833, 1.839129660936813071 ) ) ;
#4331 = CARTESIAN_POINT ( 'NONE',  ( -7.000000000000003553, 12.23648329834614401, 0.1327048312822610154 ) ) ;
#4332 = CARTESIAN_POINT ( 'NONE',  ( -2.806989658067836846, 5.244135032971886545, 3.744374705187601737 ) ) ;
#4333 = VECTOR ( 'NONE', #1634, 1000.000000000000000 ) ;
#4334 = CARTESIAN_POINT ( 'NONE',  ( -4.220198752224270322, 4.257169403154080989, 4.646734497991125146 ) ) ;
#4335 = ORIENTED_EDGE ( 'NONE', *, *, #2632, .T. ) ;
#4336 = CARTESIAN_POINT ( 'NONE',  ( 0.000000000000000000, -16.99999999999999645, 4.055598451454732967 ) ) ;
#4337 = ORIENTED_EDGE ( 'NONE', *, *, #3512, .F. ) ;
#4338 = CARTESIAN_POINT ( 'NONE',  ( -8.500000000000000000, -11.99999999999999645, 0.3162782702059302453 ) ) ;
#4339 = CARTESIAN_POINT ( 'NONE',  ( 5.761008670523417585, 9.784622138285099524, 3.538912365930117598 ) ) ;
#4340 = CARTESIAN_POINT ( 'NONE',  ( -7.186514580020266330, -14.00697515752413125, -0.06683842701043422874 ) ) ;
#4341 = ORIENTED_EDGE ( 'NONE', *, *, #4225, .F. ) ;
#4342 = CARTESIAN_POINT ( 'NONE',  ( 3.500000000000000444, 12.00000000000000711, -1.000000000000000000 ) ) ;
#4343 = EDGE_LOOP ( 'NONE', ( #3097, #3641, #4520, #3252, #3678, #4590 ) ) ;
#4344 = AXIS2_PLACEMENT_3D ( 'NONE', #1199, #3060, #508 ) ;
#4345 = DIRECTION ( 'NONE',  ( 0.000000000000000000, -1.000000000000000000, 0.000000000000000000 ) ) ;
#4346 = EDGE_LOOP ( 'NONE', ( #995, #116, #3332, #3258 ) ) ;
#4347 = CARTESIAN_POINT ( 'NONE',  ( -7.191120846559562629, -14.68404540603687636, 2.337103464635325256 ) ) ;
#4348 = ADVANCED_FACE ( 'NONE', ( #4642 ), #2671, .T. ) ;
#4349 = CARTESIAN_POINT ( 'NONE',  ( 3.173673295518859128, -4.576444807103285939, 3.418511229122276784 ) ) ;
#4350 = VECTOR ( 'NONE', #240, 1000.000000000000000 ) ;
#4351 = CARTESIAN_POINT ( 'NONE',  ( 4.217847185629909568, 16.97538274631402544, 4.129227286818580644 ) ) ;
#4352 = CARTESIAN_POINT ( 'NONE',  ( -7.398064217433261369, 14.45998512909891076, 2.093355370013518790 ) ) ;
#4353 = CARTESIAN_POINT ( 'NONE',  ( -5.894812976834408857, -5.244133329345087802, 2.159868431886921236 ) ) ;
#4354 = VERTEX_POINT ( 'NONE', #4217 ) ;
#4355 = CARTESIAN_POINT ( 'NONE',  ( -5.626558010511665486, 10.53951963317500784, 3.747742849653904251 ) ) ;
#4356 = CARTESIAN_POINT ( 'NONE',  ( 7.500000000000001776, 12.00000000000000711, -1.000000000000000000 ) ) ;
#4357 = EDGE_CURVE ( 'NONE', #388, #4697, #1529, .T. ) ;
#4358 = EDGE_CURVE ( 'NONE', #3466, #1401, #3748, .T. ) ;
#4359 = CARTESIAN_POINT ( 'NONE',  ( 8.253887699138484635, 11.99212167138166230, 0.9730025424401026468 ) ) ;
#4360 = CARTESIAN_POINT ( 'NONE',  ( -3.000000000000000444, -15.99999999999999645, -1.000000000000000000 ) ) ;
#4361 = CARTESIAN_POINT ( 'NONE',  ( -7.037044041007222361, -3.523316880205158874, -0.002321338531415580858 ) ) ;
#4362 = CARTESIAN_POINT ( 'NONE',  ( 3.893992228006573519, 6.027341175897062975, 2.993716876087684220 ) ) ;
#4363 = LINE ( 'NONE', #3070, #629 ) ;
#4364 = CARTESIAN_POINT ( 'NONE',  ( -7.299879771900781300, 14.57103986296294629, 2.223634934777614092 ) ) ;
#4365 = CARTESIAN_POINT ( 'NONE',  ( -6.734655002074924290, 16.99999999999988987, 2.570402814421166582 ) ) ;
#4366 = DIRECTION ( 'NONE',  ( -1.728098251455187786E-15, -0.9999281016873260430, -0.01199130751755555883 ) ) ;
#4367 = VECTOR ( 'NONE', #526, 1000.000000000000000 ) ;
#4368 = ORIENTED_EDGE ( 'NONE', *, *, #1753, .F. ) ;
#4369 = DIRECTION ( 'NONE',  ( 0.5995489605276330680, -0.6339645283628064787, 0.4884977182218553371 ) ) ;
#4370 = FACE_OUTER_BOUND ( 'NONE', #1327, .T. ) ;
#4371 = DIRECTION ( 'NONE',  ( -1.000000000000000000, 0.000000000000000000, 0.000000000000000000 ) ) ;
#4372 = EDGE_LOOP ( 'NONE', ( #4581, #3022, #1238, #4455 ) ) ;
#4373 = AXIS2_PLACEMENT_3D ( 'NONE', #4376, #2508, #309 ) ;
#4374 = CARTESIAN_POINT ( 'NONE',  ( 5.499999999999998224, -8.266706646544989212, 1.569693387085542735 ) ) ;
#4375 = DIRECTION ( 'NONE',  ( -0.7071067811865474617, 0.000000000000000000, -0.7071067811865474617 ) ) ;
#4376 = CARTESIAN_POINT ( 'NONE',  ( 6.800000000000001599, -8.800000000000000711, -0.1753788748764676109 ) ) ;
#4377 = CARTESIAN_POINT ( 'NONE',  ( -5.545644662377131162, -12.85138477687611314, 1.833193913401619746 ) ) ;
#4378 = VECTOR ( 'NONE', #3514, 1000.000000000000000 ) ;
#4379 = CARTESIAN_POINT ( 'NONE',  ( -2.366595858799845242, 17.00000000000000000, 3.777051999515574909 ) ) ;
#4380 = CARTESIAN_POINT ( 'NONE',  ( 3.865438509202312467, 16.05550970860616289, 4.322783469849168725 ) ) ;
#4381 = EDGE_CURVE ( 'NONE', #4429, #4446, #1899, .T. ) ;
#4382 = CARTESIAN_POINT ( 'NONE',  ( -7.300546792640096427, -14.57027218151820769, 2.222762328862543324 ) ) ;
#4383 = CARTESIAN_POINT ( 'NONE',  ( -8.143061379733341099, 16.99999999999988987, 1.149065253945515286 ) ) ;
#4384 = CARTESIAN_POINT ( 'NONE',  ( -3.272124985443435552, -2.685216407987744969, 3.417099846428988119 ) ) ;
#4385 = CARTESIAN_POINT ( 'NONE',  ( 1.189915581656310506, 17.00000000000002132, 3.998762593289113543 ) ) ;
#4386 = DIRECTION ( 'NONE',  ( 0.3660028315939644616, 0.000000000000000000, 0.9306137368775512231 ) ) ;
#4387 = APPROVAL ( #710, '未指定' ) ;
#4388 = CARTESIAN_POINT ( 'NONE',  ( -3.893946906976664124, 5.244131397371613268, 3.342331702431903029 ) ) ;
#4389 = DIRECTION ( 'NONE',  ( -0.000000000000000000, -0.000000000000000000, 1.000000000000000000 ) ) ;
#4390 = EDGE_CURVE ( 'NONE', #3799, #2495, #3717, .T. ) ;
#4391 = DIRECTION ( 'NONE',  ( 0.000000000000000000, 0.000000000000000000, -1.000000000000000000 ) ) ;
#4392 = CARTESIAN_POINT ( 'NONE',  ( 2.129267421893928966E-11, -15.99999999999999289, 4.055598451454732967 ) ) ;
#4393 = CARTESIAN_POINT ( 'NONE',  ( 5.626558010511935493, 10.53951963317443230, 3.747742849654320363 ) ) ;
#4394 = CARTESIAN_POINT ( 'NONE',  ( -3.210833178780126307, 4.858640642667452880, 3.400702037834162361 ) ) ;
#4395 = CARTESIAN_POINT ( 'NONE',  ( 4.261568694893527187, 9.842661905014621126, 2.807276353353385989 ) ) ;
#4396 = ORIENTED_EDGE ( 'NONE', *, *, #2471, .F. ) ;
#4397 = VERTEX_POINT ( 'NONE', #506 ) ;
#4398 = PLANE ( 'NONE',  #1739 ) ;
#4399 = CARTESIAN_POINT ( 'NONE',  ( 1.125314986517430782, 16.99999999999988987, 5.000000000071665340 ) ) ;
#4400 = CARTESIAN_POINT ( 'NONE',  ( 6.401446952602871221, 16.09945558556228917, 2.908782550431026959 ) ) ;
#4401 = CIRCLE ( 'NONE', #1156, 4.000000000000000888 ) ;
#4402 = CARTESIAN_POINT ( 'NONE',  ( 3.000000000000000444, -14.99999999999999822, 0.000000000000000000 ) ) ;
#4403 = ORIENTED_EDGE ( 'NONE', *, *, #234, .T. ) ;
#4404 = CARTESIAN_POINT ( 'NONE',  ( 7.000000000000000888, 8.800000000000000711, 0.07876482681012930698 ) ) ;
#4405 = ORIENTED_EDGE ( 'NONE', *, *, #2463, .T. ) ;
#4406 = EDGE_CURVE ( 'NONE', #1094, #593, #2752, .T. ) ;
#4407 = DIRECTION ( 'NONE',  ( -0.000000000000000000, -0.000000000000000000, 1.000000000000000000 ) ) ;
#4408 = EDGE_LOOP ( 'NONE', ( #2266, #3414, #1794, #4029 ) ) ;
#4409 = CARTESIAN_POINT ( 'NONE',  ( -4.225753644747494597, 7.878513874140968376, 2.797229611462532795 ) ) ;
#4410 = ORIENTED_EDGE ( 'NONE', *, *, #3631, .T. ) ;
#4411 = EDGE_CURVE ( 'NONE', #3812, #2430, #3110, .T. ) ;
#4412 = CARTESIAN_POINT ( 'NONE',  ( 6.046377682275135612, 16.30301762710903546, 2.462580629024023082 ) ) ;
#4413 = CARTESIAN_POINT ( 'NONE',  ( -5.185831030138781550, -16.71029533779931597, 2.753910517688780146 ) ) ;
#4414 = ORIENTED_EDGE ( 'NONE', *, *, #1504, .T. ) ;
#4415 = CARTESIAN_POINT ( 'NONE',  ( -4.646214305028782299, 9.702429764555963843, 2.522407425071650167 ) ) ;
#4416 = CARTESIAN_POINT ( 'NONE',  ( -0.2997442821759812581, 17.00000000000000711, 4.055588317025174305 ) ) ;
#4417 = AXIS2_PLACEMENT_3D ( 'NONE', #1315, #1366, #3230 ) ;
#4418 = DIRECTION ( 'NONE',  ( 0.005551637742388555903, 0.9999812057924141184, 0.002601418906455315195 ) ) ;
#4419 = CARTESIAN_POINT ( 'NONE',  ( 7.582096392547984287, 16.99999999999988987, 1.783071889694517687 ) ) ;
#4420 = CARTESIAN_POINT ( 'NONE',  ( -8.500000000000000000, -4.000339336979397586, 0.2202190415880112273 ) ) ;
#4421 = CARTESIAN_POINT ( 'NONE',  ( -0.2997442821812733027, 17.00000000000001776, 4.055588316984609421 ) ) ;
#4422 = CARTESIAN_POINT ( 'NONE',  ( 3.663297176974865454, 15.68574891276600525, 2.819818905485886429 ) ) ;
#4423 = DIRECTION ( 'NONE',  ( 0.000000000000000000, 0.000000000000000000, 1.000000000000000000 ) ) ;
#4424 = DIRECTION ( 'NONE',  ( 0.000000000000000000, 0.000000000000000000, 1.000000000000000000 ) ) ;
#4425 = VECTOR ( 'NONE', #499, 1000.000000000000000 ) ;
#4426 = CARTESIAN_POINT ( 'NONE',  ( 8.253852295016923080, -11.99211084253228599, 0.9732748291711733613 ) ) ;
#4427 = CARTESIAN_POINT ( 'NONE',  ( -6.029732821979809643, -14.42044619904621783, 1.377541180153956546 ) ) ;
#4428 = CARTESIAN_POINT ( 'NONE',  ( 1.314409954435896033, 16.05552485538984087, 4.991303750871590950 ) ) ;
#4429 = VERTEX_POINT ( 'NONE', #1891 ) ;
#4430 = CARTESIAN_POINT ( 'NONE',  ( -6.138474834417982251, 14.29966313797108590, 1.251397191380044571 ) ) ;
#4431 = CIRCLE ( 'NONE', #2146, 1.000000000000000000 ) ;
#4432 = CARTESIAN_POINT ( 'NONE',  ( 8.469895836717562077, -5.673204499567389369, 1.800213536562106142 ) ) ;
#4433 = CARTESIAN_POINT ( 'NONE',  ( -7.134178052994675667, 15.09317175922666010, 2.505493557611545352 ) ) ;
#4434 = ORIENTED_EDGE ( 'NONE', *, *, #4381, .F. ) ;
#4435 = VERTEX_POINT ( 'NONE', #834 ) ;
#4436 = CARTESIAN_POINT ( 'NONE',  ( -2.895143748011245410, -1.474739610069713658, 3.548463720786745323 ) ) ;
#4437 = VECTOR ( 'NONE', #1666, 1000.000000000000000 ) ;
#4438 = CARTESIAN_POINT ( 'NONE',  ( 5.499999999999999112, 8.800000000000000711, -1.800000000000000044 ) ) ;
#4439 = CARTESIAN_POINT ( 'NONE',  ( -6.600000000000002309, -8.000000000000000000, -1.800000000000000044 ) ) ;
#4440 = DIRECTION ( 'NONE',  ( -1.000000000000000000, 0.000000000000000000, 0.000000000000000000 ) ) ;
#4441 =( BOUNDED_SURFACE ( )  B_SPLINE_SURFACE ( 3, 2, ( 
 ( #2405, #4626, #1639 ),
 ( #3140, #3881, #4253 ),
 ( #3925, #1994, #1284 ),
 ( #4658, #4288, #954 ),
 ( #3559, #2357, #3906 ),
 ( #904, #1268, #2393 ),
 ( #1244, #574, #3867 ),
 ( #3197, #4643, #590 ),
 ( #4236, #1599, #186 ),
 ( #2426, #4268, #1653 ),
 ( #2774, #1612, #890 ),
 ( #160, #3174, #2811 ) ),
 .UNSPECIFIED., .F., .F., .T. ) 
 B_SPLINE_SURFACE_WITH_KNOTS ( ( 4, 2, 2, 2, 2, 4 ),
 ( 3, 3 ),
 ( 0.01378194286373472452, 0.01469677441828426759, 0.01515419019555903912, 0.01561160597283381239, 0.01652643752738335720, 0.01744126908193290026 ),
 ( 0.000000000000000000, 1.000000000000000000 ),
 .UNSPECIFIED. ) 
 GEOMETRIC_REPRESENTATION_ITEM ( )  RATIONAL_B_SPLINE_SURFACE ( (
 ( 1.000000000000000000, 0.7264673800681472615, 1.000000000000000000),
 ( 1.000000000000000000, 0.7355288094221853479, 1.000000000000000000),
 ( 1.000000000000000000, 0.7461181095274540542, 1.000000000000000000),
 ( 1.000000000000000000, 0.7634476269155308081, 1.000000000000000000),
 ( 1.000000000000000000, 0.7694672511636708734, 1.000000000000000000),
 ( 1.000000000000000000, 0.7818857882614862476, 1.000000000000000000),
 ( 1.000000000000000000, 0.7883047580939526178, 1.000000000000000000),
 ( 1.000000000000000000, 0.8076184009764391103, 1.000000000000000000),
 ( 1.000000000000000000, 0.8206733891949258286, 1.000000000000000000),
 ( 1.000000000000000000, 0.8465123472452742437, 1.000000000000000000),
 ( 1.000000000000000000, 0.8592345762493587280, 1.000000000000000000),
 ( 1.000000000000000000, 0.8708284618005698308, 1.000000000000000000) ) ) 
 REPRESENTATION_ITEM ( '' )  SURFACE ( )  );
#4442 = CARTESIAN_POINT ( 'NONE',  ( -4.494887386370386650, 2.338249921247996799, 4.323662633470306993 ) ) ;
#4443 = DIRECTION ( 'NONE',  ( -1.000000000000000000, 0.000000000000000000, -0.000000000000000000 ) ) ;
#4444 = DIRECTION ( 'NONE',  ( 0.000000000000000000, 0.000000000000000000, -1.000000000000000000 ) ) ;
#4445 = EDGE_CURVE ( 'NONE', #1085, #3550, #1830, .T. ) ;
#4446 = VERTEX_POINT ( 'NONE', #2708 ) ;
#4447 = CARTESIAN_POINT ( 'NONE',  ( 7.964294548486692271, -17.00000000000000355, 1.364941450711289583 ) ) ;
#4448 = CARTESIAN_POINT ( 'NONE',  ( -8.036720274204903092, 16.17135267791159947, 1.364964849235458910 ) ) ;
#4449 = CARTESIAN_POINT ( 'NONE',  ( -3.438019418220290557, -0.2265235218480218526, 3.236135003771703822 ) ) ;
#4450 = CARTESIAN_POINT ( 'NONE',  ( -6.501703938099879565, -8.000000000000000000, 0.5667575028251018443 ) ) ;
#4451 = B_SPLINE_CURVE_WITH_KNOTS ( 'NONE', 3,
 ( #2546, #1735, #681, #2174, #1373, #2110, #2560, #356, #3255, #651, #4770, #1772, #2502, #304, #1404, #2142 ),
 .UNSPECIFIED., .F., .F.,
 ( 4, 2, 2, 2, 2, 2, 2, 4 ),
 ( 0.000000000000000000, 0.003877056081674959583, 0.005815584122512439808, 0.007754112163349919165, 0.009692640204187398523, 0.01163116824502487962, 0.01356969628586235897, 0.01550822432669983833 ),
 .UNSPECIFIED. ) ;
#4452 = CARTESIAN_POINT ( 'NONE',  ( 6.502186883251429350, 8.800000000000004263, 0.5871117476033709259 ) ) ;
#4453 = EDGE_LOOP ( 'NONE', ( #4841, #3973, #3238, #2707, #4405, #3633, #1321 ) ) ;
#4454 = CC_DESIGN_PERSON_AND_ORGANIZATION_ASSIGNMENT ( #3421, #2975, ( #1803 ) ) ;
#4455 = ORIENTED_EDGE ( 'NONE', *, *, #1372, .F. ) ;
#4456 = EDGE_CURVE ( 'NONE', #3149, #2859, #2208, .T. ) ;
#4457 = CARTESIAN_POINT ( 'NONE',  ( -5.185760477005194602, 16.71032031627192538, 2.753942129267136885 ) ) ;
#4458 = VECTOR ( 'NONE', #3617, 1000.000000000000000 ) ;
#4459 = DIRECTION ( 'NONE',  ( 1.000000000000000000, 0.000000000000000000, 0.000000000000000000 ) ) ;
#4460 = CARTESIAN_POINT ( 'NONE',  ( -3.995250858140235728, 6.648725583015166585, 2.935964339518292388 ) ) ;
#4461 = EDGE_LOOP ( 'NONE', ( #257, #1101, #2865, #3107, #2501, #55, #2680 ) ) ;
#4462 = CARTESIAN_POINT ( 'NONE',  ( 6.544171627791703472, -12.26743133987527479, 2.924129830109955641 ) ) ;
#4463 = CARTESIAN_POINT ( 'NONE',  ( -2.433282976287185484, -0.2292041064301472142, 2.122358770987628596 ) ) ;
#4464 = VERTEX_POINT ( 'NONE', #1952 ) ;
#4465 = CARTESIAN_POINT ( 'NONE',  ( -11.43508150738718321, 5.673204499567274794, -2.139114733925739920 ) ) ;
#4466 = EDGE_LOOP ( 'NONE', ( #251, #4050, #1835, #1840 ) ) ;
#4467 = EDGE_LOOP ( 'NONE', ( #1656, #3435, #3340, #1230 ) ) ;
#4468 = APPROVAL_PERSON_ORGANIZATION ( #2396, #2670, #3369 ) ;
#4469 = DIRECTION ( 'NONE',  ( -1.000000000000000000, 0.000000000000000000, 0.000000000000000000 ) ) ;
#4470 = EDGE_LOOP ( 'NONE', ( #2968, #2616, #2685, #2800 ) ) ;
#4471 = CARTESIAN_POINT ( 'NONE',  ( 4.162696899107555026, -15.68573565240298784, 2.581597158702328976 ) ) ;
#4472 = FACE_OUTER_BOUND ( 'NONE', #1985, .T. ) ;
#4473 = CARTESIAN_POINT ( 'NONE',  ( -7.152630216488521597, 12.27791508142914978, -0.04347256942068629393 ) ) ;
#4474 = CARTESIAN_POINT ( 'NONE',  ( -4.434700834559747840, 1.060481385610233751, 4.354086615452374076 ) ) ;
#4475 = CARTESIAN_POINT ( 'NONE',  ( 8.199230929699766079, -7.994971485548212797, 0.9879512831983423560 ) ) ;
#4476 = CARTESIAN_POINT ( 'NONE',  ( 6.800000000000001599, 8.000000000000000000, -1.000000000000000000 ) ) ;
#4477 = CARTESIAN_POINT ( 'NONE',  ( -8.060922489607458274, 5.673204499567274794, 2.247636696101496412 ) ) ;
#4478 = CARTESIAN_POINT ( 'NONE',  ( -5.982791253256243280, -10.54370287799435069, 3.376784190906492622 ) ) ;
#4479 = CARTESIAN_POINT ( 'NONE',  ( -5.176686153989199290, -11.56426166148093593, 2.130477334121083643 ) ) ;
#4480 = VECTOR ( 'NONE', #1275, 1000.000000000000000 ) ;
#4481 = EDGE_CURVE ( 'NONE', #2981, #1448, #2281, .T. ) ;
#4482 = B_SPLINE_CURVE_WITH_KNOTS ( 'NONE', 3,
 ( #3714, #2234, #4070, #3016, #1462, #4508, #4108, #1818, #40, #1832, #4091, #2618 ),
 .UNSPECIFIED., .F., .F.,
 ( 4, 2, 2, 2, 2, 4 ),
 ( 0.000000000000000000, 0.0007327728694613718473, 0.001099159304192060373, 0.001465545738922748899, 0.002198318608384132022, 0.002931091477845515578 ),
 .UNSPECIFIED. ) ;
#4483 = CARTESIAN_POINT ( 'NONE',  ( -3.000000000000000444, -14.99999999999999822, 0.000000000000000000 ) ) ;
#4484 = CARTESIAN_POINT ( 'NONE',  ( -5.041084119995332458, 12.22313684551216539, 2.255115355331126281 ) ) ;
#4485 = CARTESIAN_POINT ( 'NONE',  ( -6.080980314991612623, 12.66150403091627297, 1.207083134674653113 ) ) ;
#4486 = VECTOR ( 'NONE', #3130, 1000.000000000000000 ) ;
#4487 = MECHANICAL_CONTEXT ( 'NONE', #4104, 'mechanical' ) ;
#4488 = CARTESIAN_POINT ( 'NONE',  ( -3.500000000000000444, 15.50000000000000888, -1.000000000000000000 ) ) ;
#4489 = EDGE_CURVE ( 'NONE', #3125, #3402, #948, .T. ) ;
#4490 = VECTOR ( 'NONE', #4502, 1000.000000000000000 ) ;
#4491 = CARTESIAN_POINT ( 'NONE',  ( -6.800000000000001599, -8.800000000000000711, -1.000000000000000000 ) ) ;
#4492 = VERTEX_POINT ( 'NONE', #3138 ) ;
#4493 = CARTESIAN_POINT ( 'NONE',  ( 3.500000000000000444, -16.99999999999999645, 3.393604602115719349 ) ) ;
#4494 = CARTESIAN_POINT ( 'NONE',  ( 6.955781789587259567, -17.00000000000000355, 2.381177943152650744 ) ) ;
#4495 = CARTESIAN_POINT ( 'NONE',  ( -7.172125187822313563, -13.93000181687362371, 2.337225010450951768 ) ) ;
#4496 = LINE ( 'NONE', #1408, #2118 ) ;
#4497 = CARTESIAN_POINT ( 'NONE',  ( 5.822471994910676685, 1.207663795840731025, 1.084974085301185331 ) ) ;
#4498 = CARTESIAN_POINT ( 'NONE',  ( 1.646600951362913401, 16.05552339510895266, 4.929184973211488519 ) ) ;
#4499 = EDGE_CURVE ( 'NONE', #829, #878, #33, .T. ) ;
#4500 = CARTESIAN_POINT ( 'NONE',  ( 3.865438509202312467, 16.05550970860616289, 4.322783469849168725 ) ) ;
#4501 = EDGE_CURVE ( 'NONE', #4516, #4517, #3081, .T. ) ;
#4502 = DIRECTION ( 'NONE',  ( 0.000000000000000000, 0.000000000000000000, -1.000000000000000000 ) ) ;
#4503 = CARTESIAN_POINT ( 'NONE',  ( 3.500000000000000000, -15.49999999999999822, -1.000000000000000000 ) ) ;
#4504 = CARTESIAN_POINT ( 'NONE',  ( -3.596482080150976923, 3.803299019745322695, 3.164613774835050464 ) ) ;
#4505 = PERSON_AND_ORGANIZATION_ROLE ( 'creator' ) ;
#4506 = AXIS2_PLACEMENT_3D ( 'NONE', #4463, #4418, #2588 ) ;
#4507 = CARTESIAN_POINT ( 'NONE',  ( -3.500000000000000444, -15.99999999999999645, 3.393604602115719349 ) ) ;
#4508 = CARTESIAN_POINT ( 'NONE',  ( -8.087759971718931240, -13.18089382659725395, 1.188984536237271739 ) ) ;
#4509 = ADVANCED_FACE ( 'NONE', ( #3166 ), #2005, .F. ) ;
#4510 = DIRECTION ( 'NONE',  ( -1.000000000000000000, 0.000000000000000000, 0.000000000000000000 ) ) ;
#4511 = EDGE_LOOP ( 'NONE', ( #722, #1009, #2091, #2012 ) ) ;
#4512 = CARTESIAN_POINT ( 'NONE',  ( -7.398589619441357179, 15.13065472053117588, 1.468155143893614678 ) ) ;
#4513 = CARTESIAN_POINT ( 'NONE',  ( 9.198488475794976083, 5.673204499567274794, 0.8727068059256545274 ) ) ;
#4514 = CARTESIAN_POINT ( 'NONE',  ( -7.914041834339968773, -16.23524137634846554, 1.543697392444820071 ) ) ;
#4515 = CARTESIAN_POINT ( 'NONE',  ( 3.865438509202312467, 16.05550970860616289, 4.322783469849168725 ) ) ;
#4516 = VERTEX_POINT ( 'NONE', #173 ) ;
#4517 = VERTEX_POINT ( 'NONE', #2022 ) ;
#4518 = B_SPLINE_CURVE_WITH_KNOTS ( 'NONE', 3,
 ( #1552, #2374, #4673, #4306 ),
 .UNSPECIFIED., .F., .F.,
 ( 4, 4 ),
 ( 3.912792970384004923E-17, 0.002112913080694084345 ),
 .UNSPECIFIED. ) ;
#4519 = PLANE ( 'NONE',  #1616 ) ;
#4520 = ORIENTED_EDGE ( 'NONE', *, *, #2047, .F. ) ;
#4521 = CARTESIAN_POINT ( 'NONE',  ( -2.878378433642871048, 1.057537947373655696, 3.555910136185291393 ) ) ;
#4522 = CARTESIAN_POINT ( 'NONE',  ( -6.761965380152718197, 13.60612802336830818, 0.4525214200747990079 ) ) ;
#4523 = EDGE_CURVE ( 'NONE', #4681, #4584, #1185, .T. ) ;
#4524 = ORIENTED_EDGE ( 'NONE', *, *, #4252, .T. ) ;
#4525 = CARTESIAN_POINT ( 'NONE',  ( 4.238607068700617653, 9.313889816110055619, 5.022436594670373289 ) ) ;
#4526 = ADVANCED_FACE ( 'NONE', ( #1235 ), #3941, .F. ) ;
#4527 = ORIENTED_EDGE ( 'NONE', *, *, #922, .F. ) ;
#4528 = DIRECTION ( 'NONE',  ( 0.000000000000000000, 0.000000000000000000, -1.000000000000000000 ) ) ;
#4529 = CARTESIAN_POINT ( 'NONE',  ( 5.664661642246022311, 16.51252388689627537, 2.529090897138444927 ) ) ;
#4530 = EDGE_LOOP ( 'NONE', ( #4434, #22, #444, #1397, #1699, #3152 ) ) ;
#4531 = CARTESIAN_POINT ( 'NONE',  ( 1.196262220019154832, -16.99999999999999289, 3.984333901663532629 ) ) ;
#4532 = CARTESIAN_POINT ( 'NONE',  ( 8.060884114155376423, 5.673204499567274794, 2.247676629344529164 ) ) ;
#4533 = CARTESIAN_POINT ( 'NONE',  ( 7.398064217433262257, 14.45998512909891431, 2.093355370013519678 ) ) ;
#4534 = CARTESIAN_POINT ( 'NONE',  ( 8.500000000000000000, -16.99999999999999645, 5.500000000000000000 ) ) ;
#4535 = ORIENTED_EDGE ( 'NONE', *, *, #159, .F. ) ;
#4536 = CARTESIAN_POINT ( 'NONE',  ( 2.806989658068409721, -5.244135032971846577, 3.744374705187337504 ) ) ;
#4537 = CARTESIAN_POINT ( 'NONE',  ( 5.896374714499789782, -15.61461421983890929, 3.293773531959866219 ) ) ;
#4538 = CARTESIAN_POINT ( 'NONE',  ( -6.490131782308258046, 14.31818534890372163, 0.8170163336197653337 ) ) ;
#4539 = CIRCLE ( 'NONE', #1287, 1.000000000000000222 ) ;
#4540 = CARTESIAN_POINT ( 'NONE',  ( -3.846219941155125444, -17.00000000000000000, 4.273917554386410522 ) ) ;
#4541 = EDGE_CURVE ( 'NONE', #3125, #569, #4591, .T. ) ;
#4542 = CARTESIAN_POINT ( 'NONE',  ( -1.052325132340666825, 15.68573146019886977, 3.526026864726267362 ) ) ;
#4543 = CARTESIAN_POINT ( 'NONE',  ( -5.499184508928864012, -13.41312348773799634, 1.873213933395048825 ) ) ;
#4544 = ADVANCED_FACE ( 'NONE', ( #3163 ), #699, .T. ) ;
#4545 = DIRECTION ( 'NONE',  ( 1.000000000000000000, 0.000000000000000000, 0.000000000000000000 ) ) ;
#4546 = CIRCLE ( 'NONE', #113, 3.000000000000000444 ) ;
#4547 = CARTESIAN_POINT ( 'NONE',  ( 8.469895836717554971, 5.673204499567274794, 1.800213536562100813 ) ) ;
#4548 = CARTESIAN_POINT ( 'NONE',  ( -3.228389492948006367, -17.00000000000104450, 4.516911048393785322 ) ) ;
#4549 = CARTESIAN_POINT ( 'NONE',  ( 7.055345080662183577, -5.869371776815403230, -0.005580697863842128820 ) ) ;
#4550 = CC_DESIGN_APPROVAL ( #1750, ( #3379 ) ) ;
#4551 = CARTESIAN_POINT ( 'NONE',  ( 5.499999999961204367, 8.266706672688364677, 1.569619074904272216 ) ) ;
#4552 = EDGE_CURVE ( 'NONE', #2413, #245, #944, .T. ) ;
#4553 = CYLINDRICAL_SURFACE ( 'NONE', #102, 3.500000000000000444 ) ;
#4554 = CARTESIAN_POINT ( 'NONE',  ( 4.693095372705556656, 16.22855759090753125, 3.925505963694388534 ) ) ;
#4555 = CARTESIAN_POINT ( 'NONE',  ( 5.274206190631983482, -8.584755228354779888, 1.809246294269677646 ) ) ;
#4556 = CARTESIAN_POINT ( 'NONE',  ( 3.500000000000000888, 16.00000000000000711, -1.000000000000000000 ) ) ;
#4557 = CARTESIAN_POINT ( 'NONE',  ( -5.822473899326157110, -1.532191971401734802E-05, 1.084981227694668870 ) ) ;
#4558 = CARTESIAN_POINT ( 'NONE',  ( 6.380146386716424090, -12.71342586233274297, 3.192510734755038548 ) ) ;
#4559 = LINE ( 'NONE', #1076, #3441 ) ;
#4560 = ORIENTED_EDGE ( 'NONE', *, *, #4136, .T. ) ;
#4561 = CARTESIAN_POINT ( 'NONE',  ( -4.480964761805809715, 16.02569616992792589, 4.065192089080237103 ) ) ;
#4562 = CARTESIAN_POINT ( 'NONE',  ( 8.366570944778287000, -13.18499064408601207, 0.4550826156070530981 ) ) ;
#4563 = ORIENTED_EDGE ( 'NONE', *, *, #1944, .F. ) ;
#4564 = CARTESIAN_POINT ( 'NONE',  ( -5.499999999999998224, 8.000000000000000000, 1.556978433250941318 ) ) ;
#4565 = CARTESIAN_POINT ( 'NONE',  ( 6.138474834417982251, 14.29966313797108590, 1.251397191380044571 ) ) ;
#4566 = CARTESIAN_POINT ( 'NONE',  ( 5.482198088229910837, 13.37232302896913438, 1.888402975697643704 ) ) ;
#4567 = CARTESIAN_POINT ( 'NONE',  ( -3.070200180676539770, -4.726376211178788367, 5.694187391834678813 ) ) ;
#4568 = CARTESIAN_POINT ( 'NONE',  ( -6.618860241073291739, -14.50453804056800777, 1.468212637043912139 ) ) ;
#4569 = CARTESIAN_POINT ( 'NONE',  ( 5.844546439147675798, 15.85755179752795563, 3.290380376842132470 ) ) ;
#4570 = CARTESIAN_POINT ( 'NONE',  ( 5.173684408816835223, -11.72486128631377689, 2.148090443118926274 ) ) ;
#4571 = CARTESIAN_POINT ( 'NONE',  ( -8.351808598974070463, -13.21732310209334571, 0.4700132396954622704 ) ) ;
#4572 = CARTESIAN_POINT ( 'NONE',  ( 7.000000000000003553, 12.23648329834614401, 0.1327048312822610154 ) ) ;
#4573 = CARTESIAN_POINT ( 'NONE',  ( 8.036720274204903092, 16.17135267791159947, 1.364964849235458910 ) ) ;
#4574 = EDGE_LOOP ( 'NONE', ( #4670, #3651, #17, #184 ) ) ;
#4575 = CARTESIAN_POINT ( 'NONE',  ( -4.178401698433395595, 16.05551257159139311, 4.199697415911822773 ) ) ;
#4576 = CARTESIAN_POINT ( 'NONE',  ( 0.000000000000000000, 16.30301762710903901, 5.008583402889539293 ) ) ;
#4577 = AXIS2_PLACEMENT_3D ( 'NONE', #2773, #573, #3172 ) ;
#4578 = CARTESIAN_POINT ( 'NONE',  ( 7.034167733981899318, -14.17366062377271518, 2.525704588536712425 ) ) ;
#4579 = CARTESIAN_POINT ( 'NONE',  ( 7.964294548486692271, 16.99999999999988987, 1.364941450711289583 ) ) ;
#4580 = CARTESIAN_POINT ( 'NONE',  ( 7.000000000000000888, -11.99999999999999645, -1.000000000000000000 ) ) ;
#4581 = ORIENTED_EDGE ( 'NONE', *, *, #1376, .T. ) ;
#4582 = ORIENTED_EDGE ( 'NONE', *, *, #1416, .T. ) ;
#4583 = CARTESIAN_POINT ( 'NONE',  ( 5.825798090247809924, 11.52472690016453960, 1.420941674867391757 ) ) ;
#4584 = VERTEX_POINT ( 'NONE', #2510 ) ;
#4585 = B_SPLINE_CURVE_WITH_KNOTS ( 'NONE', 3,
 ( #2406, #1979, #1316, #3927, #3141, #3200, #905, #206, #591, #563, #3580, #3939 ),
 .UNSPECIFIED., .F., .F.,
 ( 4, 2, 2, 2, 2, 4 ),
 ( 0.000000000000000000, 0.0006967276100297323076, 0.001045091415044598678, 0.001393455220059465266, 0.002090182830089197790, 0.002786910440118930965 ),
 .UNSPECIFIED. ) ;
#4586 = VERTEX_POINT ( 'NONE', #735 ) ;
#4587 = CARTESIAN_POINT ( 'NONE',  ( 6.478261461359454465, -11.32315889294433475, 0.6944422003570472901 ) ) ;
#4588 = CARTESIAN_POINT ( 'NONE',  ( -7.698804131264738615, -14.75680250134203497, 1.147636126618829300 ) ) ;
#4589 = CARTESIAN_POINT ( 'NONE',  ( 3.500000000000000444, -16.99999999999999645, 3.393604602115719349 ) ) ;
#4590 = ORIENTED_EDGE ( 'NONE', *, *, #3291, .T. ) ;
#4591 = CIRCLE ( 'NONE', #482, 3.500000000000000444 ) ;
#4592 = CARTESIAN_POINT ( 'NONE',  ( 8.500000000000000000, 16.64272495511673711, 0.6896503725587075362 ) ) ;
#4593 = EDGE_CURVE ( 'NONE', #4154, #4147, #2568, .T. ) ;
#4594 = CARTESIAN_POINT ( 'NONE',  ( -8.257338105409358420, 12.24450308808621379, 0.9720696412295450894 ) ) ;
#4595 = FACE_OUTER_BOUND ( 'NONE', #4466, .T. ) ;
#4596 = CARTESIAN_POINT ( 'NONE',  ( 7.398003010525012968, -14.46004242685449981, 2.093477928877192529 ) ) ;
#4597 = CARTESIAN_POINT ( 'NONE',  ( 8.090570340251794335, -14.00174015150274620, 0.7379211148045500268 ) ) ;
#4598 = CARTESIAN_POINT ( 'NONE',  ( -3.982810839199967923, -8.816959642123537222, 2.980836408712898233 ) ) ;
#4599 = ADVANCED_FACE ( 'NONE', ( #1509 ), #1063, .F. ) ;
#4600 = CARTESIAN_POINT ( 'NONE',  ( -0.2994463389364331318, -15.50000000000000355, 3.582233659944487503 ) ) ;
#4601 = CARTESIAN_POINT ( 'NONE',  ( 4.747261670776265408E-16, 15.49999999997581845, 3.582233659923280022 ) ) ;
#4602 = CARTESIAN_POINT ( 'NONE',  ( 7.000000000000004441, 2.666907608360280069, 0.006705253606763422053 ) ) ;
#4603 = LINE ( 'NONE', #3638, #2825 ) ;
#4604 = CARTESIAN_POINT ( 'NONE',  ( 2.935973745883657279E-18, -5.357342147779482033, 5.648800696659983522 ) ) ;
#4605 = CARTESIAN_POINT ( 'NONE',  ( -4.709885134662874506, -16.85443920062405709, 2.958091896952459887 ) ) ;
#4606 = CARTESIAN_POINT ( 'NONE',  ( 6.618860241073291739, -14.50453804056800777, 1.468212637043912139 ) ) ;
#4607 = LINE ( 'NONE', #1061, #3189 ) ;
#4608 = CARTESIAN_POINT ( 'NONE',  ( -8.087799515656993066, 13.18091094989175360, 1.188720654983380198 ) ) ;
#4609 = VERTEX_POINT ( 'NONE', #2178 ) ;
#4610 = CARTESIAN_POINT ( 'NONE',  ( 8.090563204470139880, 14.00175640737779581, 0.7377388801264781470 ) ) ;
#4611 = ADVANCED_FACE ( 'NONE', ( #557 ), #4015, .T. ) ;
#4612 = EDGE_CURVE ( 'NONE', #3478, #2730, #2664, .T. ) ;
#4613 = CARTESIAN_POINT ( 'NONE',  ( 7.132640967568808499, 15.43568328003921053, 1.690557708725252128 ) ) ;
#4614 = EDGE_CURVE ( 'NONE', #4089, #3149, #3300, .T. ) ;
#4615 = CARTESIAN_POINT ( 'NONE',  ( 5.551335626708548077, 16.59072330855569533, 3.275043468081123343 ) ) ;
#4616 = CARTESIAN_POINT ( 'NONE',  ( -8.253852295016923080, -11.99211084253228599, 0.9732748291711721400 ) ) ;
#4617 = CARTESIAN_POINT ( 'NONE',  ( 6.818144234519652791, 13.11891752379617415, 0.3670678008080824339 ) ) ;
#4618 = DIRECTION ( 'NONE',  ( -1.000000000000000000, 0.000000000000000000, 0.000000000000000000 ) ) ;
#4619 = CARTESIAN_POINT ( 'NONE',  ( -6.401539796608632038, -16.09939057245236427, 2.908717382685251263 ) ) ;
#4620 = CARTESIAN_POINT ( 'NONE',  ( 6.999999999999992895, 9.866703644271623830, 0.09267603780230948551 ) ) ;
#4621 = ORIENTED_EDGE ( 'NONE', *, *, #4252, .F. ) ;
#4622 = CARTESIAN_POINT ( 'NONE',  ( -5.499999999999999112, -8.800000000000000711, 500000.0000000000582 ) ) ;
#4623 = CARTESIAN_POINT ( 'NONE',  ( 2.895143748011243190, -1.474739610069327966, 3.548463720786746212 ) ) ;
#4624 = CARTESIAN_POINT ( 'NONE',  ( 7.083942162741550419, 8.208890894755766610, -0.01343345821297698903 ) ) ;
#4625 = ORIENTED_EDGE ( 'NONE', *, *, #691, .F. ) ;
#4626 = CARTESIAN_POINT ( 'NONE',  ( -3.846219941155150313, 17.00000000000001066, 4.273917554386397200 ) ) ;
#4627 = CARTESIAN_POINT ( 'NONE',  ( -7.844263351430074138, -14.52586742383250140, 1.536463568107779176 ) ) ;
#4628 = CARTESIAN_POINT ( 'NONE',  ( -1.125269958208030108, -17.00000000000000355, 4.999999999928347094 ) ) ;
#4629 = ORIENTED_EDGE ( 'NONE', *, *, #2955, .F. ) ;
#4630 = VERTEX_POINT ( 'NONE', #4476 ) ;
#4631 = CARTESIAN_POINT ( 'NONE',  ( -3.000000000000000444, -15.99999999999999645, 0.000000000000000000 ) ) ;
#4632 = CARTESIAN_POINT ( 'NONE',  ( -4.489690811541551696, -16.02473889357991510, 4.061258946625816435 ) ) ;
#4633 = DIRECTION ( 'NONE',  ( 0.000000000000000000, 0.000000000000000000, -1.000000000000000000 ) ) ;
#4634 = ORIENTED_EDGE ( 'NONE', *, *, #1521, .F. ) ;
#4635 = CARTESIAN_POINT ( 'NONE',  ( 5.499999999999999112, 8.800000000000000711, -1.800000000000000044 ) ) ;
#4636 = ORIENTED_EDGE ( 'NONE', *, *, #2704, .T. ) ;
#4637 = EDGE_CURVE ( 'NONE', #4354, #2030, #3050, .T. ) ;
#4638 = CARTESIAN_POINT ( 'NONE',  ( 3.522440070710466831, -5.112634107638507786, 3.285223468672001434 ) ) ;
#4639 = VERTEX_POINT ( 'NONE', #4491 ) ;
#4640 = CARTESIAN_POINT ( 'NONE',  ( 4.369648370868839393, 8.770334494722423102, 2.721289949000632369 ) ) ;
#4641 = CARTESIAN_POINT ( 'NONE',  ( 3.647829841155219466, 4.417242817085384132, 4.844829074109870959 ) ) ;
#4642 = FACE_OUTER_BOUND ( 'NONE', #2076, .T. ) ;
#4643 = CARTESIAN_POINT ( 'NONE',  ( -6.134749043340813834, 16.27698294898799602, 3.092192776811998112 ) ) ;
#4644 = CARTESIAN_POINT ( 'NONE',  ( 7.844263351428236497, -14.52586742383203244, 1.536463568106842148 ) ) ;
#4645 = CARTESIAN_POINT ( 'NONE',  ( -2.440486839160202148, -5.673204499567389369, 5.469467766335323944 ) ) ;
#4646 = ORIENTED_EDGE ( 'NONE', *, *, #3607, .F. ) ;
#4647 = CARTESIAN_POINT ( 'NONE',  ( -6.600000000000002309, 0.000000000000000000, -1.800000000000000044 ) ) ;
#4648 = CARTESIAN_POINT ( 'NONE',  ( 7.637292219329548715, 14.17110811506737456, 1.774624100853264164 ) ) ;
#4649 = CARTESIAN_POINT ( 'NONE',  ( 7.000000000000011546, 10.93336811405210618, 0.1094045573663144505 ) ) ;
#4650 = FACE_OUTER_BOUND ( 'NONE', #2613, .T. ) ;
#4651 = EDGE_CURVE ( 'NONE', #1719, #1319, #329, .T. ) ;
#4652 = DIRECTION ( 'NONE',  ( -0.000000000000000000, -0.000000000000000000, 1.000000000000000000 ) ) ;
#4653 = CARTESIAN_POINT ( 'NONE',  ( 4.674879288234778052, -9.811193510246944527, 2.502519423016412059 ) ) ;
#4654 = CARTESIAN_POINT ( 'NONE',  ( 8.199223809551481779, -7.994450431773313603, 0.9879531962446593818 ) ) ;
#4655 = CARTESIAN_POINT ( 'NONE',  ( 3.000000000000000444, -15.99999999999999645, -1.000000000000000000 ) ) ;
#4656 = CARTESIAN_POINT ( 'NONE',  ( 5.499999999999924505, 8.533377894285088416, 1.583039221779428907 ) ) ;
#4657 = VECTOR ( 'NONE', #3391, 1000.000000000000000 ) ;
#4658 = CARTESIAN_POINT ( 'NONE',  ( -4.709833324081664330, 16.85445185002587820, 2.958112980369635547 ) ) ;
#4659 = CARTESIAN_POINT ( 'NONE',  ( 9.024558874739241787, -5.673204499567389369, 1.106399472485708912 ) ) ;
#4660 = VERTEX_POINT ( 'NONE', #3273 ) ;
#4661 = AXIS2_PLACEMENT_3D ( 'NONE', #2964, #1780, #2539 ) ;
#4662 = DIRECTION ( 'NONE',  ( -0.7265281935137593017, 0.6871366560078379093, 0.000000000000000000 ) ) ;
#4663 = VECTOR ( 'NONE', #3510, 1000.000000000000000 ) ;
#4664 = EDGE_LOOP ( 'NONE', ( #3162, #2325, #2638, #3741 ) ) ;
#4665 = CARTESIAN_POINT ( 'NONE',  ( -2.115037181291292256, 15.68573556745398889, 3.338501886825967713 ) ) ;
#4666 = LINE ( 'NONE', #1757, #4307 ) ;
#4667 = CARTESIAN_POINT ( 'NONE',  ( -3.500000000000001332, 15.50000000000000888, 2.882870115353428186 ) ) ;
#4668 = DIRECTION ( 'NONE',  ( 0.000000000000000000, -1.000000000000000000, 0.000000000000000000 ) ) ;
#4669 = CARTESIAN_POINT ( 'NONE',  ( 4.964917070836337487, -6.310745808194486273, 4.063077141240863277 ) ) ;
#4670 = ORIENTED_EDGE ( 'NONE', *, *, #2471, .T. ) ;
#4671 = CARTESIAN_POINT ( 'NONE',  ( -2.366496047463003016, -17.00000000000000000, 3.777080498333188707 ) ) ;
#4672 = CARTESIAN_POINT ( 'NONE',  ( -3.740744278288951286, 15.50000000000000533, 2.782398349347866340 ) ) ;
#4673 = CARTESIAN_POINT ( 'NONE',  ( 6.001601518665172108, 7.999999999999992895, 1.062569141041155740 ) ) ;
#4674 = ADVANCED_FACE ( 'NONE', ( #2565 ), #3, .T. ) ;
#4675 = CARTESIAN_POINT ( 'NONE',  ( 8.060922489607724728, -5.673204499567389369, 2.247636696101501741 ) ) ;
#4676 = UNCERTAINTY_MEASURE_WITH_UNIT (LENGTH_MEASURE( 1.000000000000000082E-05 ), #1817, 'distance_accuracy_value', 'NONE');
#4677 = CARTESIAN_POINT ( 'NONE',  ( -6.342356309991016516, -11.67682296822918886, 3.093329141301230489 ) ) ;
#4678 = CARTESIAN_POINT ( 'NONE',  ( -8.386662579333583167, 13.06935504111762292, 0.4344220270559365216 ) ) ;
#4679 = CARTESIAN_POINT ( 'NONE',  ( 5.078451683401254968, -15.90324806347911313, 3.765935057839536526 ) ) ;
#4680 = CARTESIAN_POINT ( 'NONE',  ( -4.639904255884906625, 6.804129475025411544, 4.406018776544028626 ) ) ;
#4681 = VERTEX_POINT ( 'NONE', #2521 ) ;
#4682 = CARTESIAN_POINT ( 'NONE',  ( 5.499999999999999112, -8.800000000000000711, -1.800000000000000044 ) ) ;
#4683 = CARTESIAN_POINT ( 'NONE',  ( 2.433282976287185484, -0.2292041064301472142, 2.122358770987628596 ) ) ;
#4684 = CARTESIAN_POINT ( 'NONE',  ( 3.968760947202390366, -1.479659991711817613, 4.780872416093122190 ) ) ;
#4685 = CARTESIAN_POINT ( 'NONE',  ( -6.178924402053451281, -8.397693512054040355, 0.8976585490032193970 ) ) ;
#4686 = CARTESIAN_POINT ( 'NONE',  ( 5.343332559826365902, 12.09225146739970569, 1.996684562594059242 ) ) ;
#4687 = ORIENTED_EDGE ( 'NONE', *, *, #1965, .F. ) ;
#4688 = CARTESIAN_POINT ( 'NONE',  ( -6.138485717105668371, -14.29965065186635798, 1.251423217374605157 ) ) ;
#4689 = EDGE_LOOP ( 'NONE', ( #2506, #498, #2195, #1442 ) ) ;
#4690 = CARTESIAN_POINT ( 'NONE',  ( 1.198621299643043647, 5.673204499567274794, 5.666858955951009413 ) ) ;
#4691 = DIRECTION ( 'NONE',  ( 1.000000000000000000, -0.000000000000000000, -0.000000000000000000 ) ) ;
#4692 = EDGE_CURVE ( 'NONE', #3470, #4215, #1915, .T. ) ;
#4693 = ORIENTED_EDGE ( 'NONE', *, *, #4177, .T. ) ;
#4694 = CARTESIAN_POINT ( 'NONE',  ( -7.698795422387774146, 14.75680984412641727, 1.147529963430418798 ) ) ;
#4695 = CARTESIAN_POINT ( 'NONE',  ( -3.499999999999999556, -15.50000000000000178, 2.882870115353455276 ) ) ;
#4696 = ORIENTED_EDGE ( 'NONE', *, *, #2812, .T. ) ;
#4697 = VERTEX_POINT ( 'NONE', #2913 ) ;
#4698 = COORDINATED_UNIVERSAL_TIME_OFFSET ( 8, 0, .AHEAD. ) ;
#4699 = CARTESIAN_POINT ( 'NONE',  ( -1.118835119079167439, -5.244125495205002707, 4.093304639518753341 ) ) ;
#4700 = CARTESIAN_POINT ( 'NONE',  ( -4.516779692248606537, 6.169147866145741510, 4.478618966221617370 ) ) ;
#4701 = FACE_OUTER_BOUND ( 'NONE', #2442, .T. ) ;
#4702 = CARTESIAN_POINT ( 'NONE',  ( 5.499999999998029132, -7.999999999998811617, 1.557051869887186468 ) ) ;
#4703 = CARTESIAN_POINT ( 'NONE',  ( 6.001421287074204969, -14.56249461662252109, 1.392189446240660988 ) ) ;
#4704 = DATE_AND_TIME ( #1066, #2334 ) ;
#4705 = CARTESIAN_POINT ( 'NONE',  ( 4.519772323970224548, -2.679167222140230287, 4.310509776157793738 ) ) ;
#4706 = CARTESIAN_POINT ( 'NONE',  ( -6.687603226843402027, -13.04111761281488846, 0.5210830806319031172 ) ) ;
#4707 = CARTESIAN_POINT ( 'NONE',  ( 4.837590271167208300, 11.64997209169535175, 2.409242852265830681 ) ) ;
#4708 = CARTESIAN_POINT ( 'NONE',  ( -7.000000000000000888, -8.000000000000000000, 500000.0000000000582 ) ) ;
#4709 = CARTESIAN_POINT ( 'NONE',  ( 2.600398428805637430, 16.30447175310298036, 4.702264946194965489 ) ) ;
#4710 = CARTESIAN_POINT ( 'NONE',  ( -8.469895836717562077, -5.673204499567389369, 1.800213536562106142 ) ) ;
#4711 = CARTESIAN_POINT ( 'NONE',  ( 6.868478580443989401, -14.99310745927315125, 2.602182991775348953 ) ) ;
#4712 = CARTESIAN_POINT ( 'NONE',  ( 7.165226327835397591, 13.91365363167628466, 2.344623155812558313 ) ) ;
#4713 = CARTESIAN_POINT ( 'NONE',  ( -0.5182601975883724954, -15.68575543997215505, 3.572152950829308615 ) ) ;
#4714 = VECTOR ( 'NONE', #1867, 1000.000000000000000 ) ;
#4715 = ORIENTED_EDGE ( 'NONE', *, *, #4274, .F. ) ;
#4716 = CARTESIAN_POINT ( 'NONE',  ( 7.000000000000003553, -8.000000000000127898, 0.06904263691690751270 ) ) ;
#4717 = DIRECTION ( 'NONE',  ( 0.000000000000000000, 1.000000000000000000, 0.000000000000000000 ) ) ;
#4718 = FACE_OUTER_BOUND ( 'NONE', #4098, .T. ) ;
#4719 = CARTESIAN_POINT ( 'NONE',  ( 3.228389492951930784, -17.00000000000104450, 4.516911048392242556 ) ) ;
#4720 = CARTESIAN_POINT ( 'NONE',  ( -7.000000000000000888, -8.800000000000000711, 0.07892945023968422902 ) ) ;
#4721 = CARTESIAN_POINT ( 'NONE',  ( -5.173684408816835223, -11.72486128631377689, 2.148090443118926274 ) ) ;
#4722 = ORIENTED_EDGE ( 'NONE', *, *, #2722, .T. ) ;
#4723 = CARTESIAN_POINT ( 'NONE',  ( 4.443898813316718766, 10.44900338047714961, 2.688375179667422898 ) ) ;
#4724 = CARTESIAN_POINT ( 'NONE',  ( 8.500000000000000000, -11.99999999999999645, 5.500000000000000000 ) ) ;
#4725 = LINE ( 'NONE', #2003, #2715 ) ;
#4726 = ADVANCED_FACE ( 'NONE', ( #2145 ), #2849, .F. ) ;
#4727 = CARTESIAN_POINT ( 'NONE',  ( -7.964294548486692271, 16.99999999999988987, 1.364941450711289583 ) ) ;
#4728 = CARTESIAN_POINT ( 'NONE',  ( -7.112177170948769778, -14.87945271746973575, 2.393506926258108791 ) ) ;
#4729 = CARTESIAN_POINT ( 'NONE',  ( 8.407644793126623384, 12.97154681912932617, 0.8034238058413398775 ) ) ;
#4730 = CARTESIAN_POINT ( 'NONE',  ( -6.504571611808004583, 13.71982133601096265, 2.980179894582889233 ) ) ;
#4731 = EDGE_CURVE ( 'NONE', #1733, #65, #1567, .T. ) ;
#4732 = ORIENTED_EDGE ( 'NONE', *, *, #3188, .T. ) ;
#4733 = CARTESIAN_POINT ( 'NONE',  ( -5.970246853206527149, 12.55769189253561180, 3.425292431247950908 ) ) ;
#4734 = CARTESIAN_POINT ( 'NONE',  ( 5.499999999999999112, -8.800000000000000711, 500000.0000000000582 ) ) ;
#4735 = CARTESIAN_POINT ( 'NONE',  ( 6.185628823228007001, -14.41813625272910926, 1.201986286228663658 ) ) ;
#4736 = CARTESIAN_POINT ( 'NONE',  ( 7.028893800610179099, 14.16277069277794887, 2.531535968660424629 ) ) ;
#4737 = CARTESIAN_POINT ( 'NONE',  ( -4.825959838757724718, -4.942806845363801216, 2.066394338758821725 ) ) ;
#4738 = DIRECTION ( 'NONE',  ( 1.000000000000000000, 0.000000000000000000, 0.000000000000000000 ) ) ;
#4739 =( BOUNDED_SURFACE ( )  B_SPLINE_SURFACE ( 3, 2, ( 
 ( #736, #3691, #3299 ),
 ( #4042, #2937, #365 ),
 ( #3722, #337, #2907 ),
 ( #1034, #2134, #4791 ),
 ( #718, #3677, #2166 ),
 ( #2952, #3327, #2527 ) ),
 .UNSPECIFIED., .F., .F., .F. ) 
 B_SPLINE_SURFACE_WITH_KNOTS ( ( 4, 2, 4 ),
 ( 3, 3 ),
 ( 0.000000000000000000, 0.01200020624311555137, 0.02400041248623110274 ),
 ( 0.000000000000000000, 1.000000000000000000 ),
 .UNSPECIFIED. ) 
 GEOMETRIC_REPRESENTATION_ITEM ( )  RATIONAL_B_SPLINE_SURFACE ( (
 ( 1.000000000000000000, 0.9364433498661096644, 1.000000000000000000),
 ( 1.000000000000000000, 0.9215347448656525664, 1.000000000000000000),
 ( 1.000000000000000000, 0.9137282874752340467, 1.000000000000000000),
 ( 1.000000000000000000, 0.9137302745200569509, 1.000000000000000000),
 ( 1.000000000000000000, 0.9215394215462696659, 1.000000000000000000),
 ( 1.000000000000000000, 0.9364528015705020358, 1.000000000000000000) ) ) 
 REPRESENTATION_ITEM ( '' )  SURFACE ( )  );
#4740 = CARTESIAN_POINT ( 'NONE',  ( 7.935419272055862727, 13.60376866141336549, 1.384824351588715752 ) ) ;
#4741 = EDGE_CURVE ( 'NONE', #4492, #1847, #1405, .T. ) ;
#4742 = CARTESIAN_POINT ( 'NONE',  ( 7.318145816812859472, -15.23083007175523207, 1.554093139371437671 ) ) ;
#4743 = ADVANCED_FACE ( 'NONE', ( #4816 ), #92, .T. ) ;
#4744 = CARTESIAN_POINT ( 'NONE',  ( 2.886905449478252894, -0.2304051965653416134, 3.552122810677898368 ) ) ;
#4745 = ORIENTED_EDGE ( 'NONE', *, *, #2275, .T. ) ;
#4746 = CARTESIAN_POINT ( 'NONE',  ( 4.183652629989651039, 16.05551261445523181, 4.197632264576772521 ) ) ;
#4747 = CARTESIAN_POINT ( 'NONE',  ( -1.052325132340649949, -15.68573146019886266, 3.526026864726263810 ) ) ;
#4748 = ORIENTED_EDGE ( 'NONE', *, *, #3115, .F. ) ;
#4749 = EDGE_CURVE ( 'NONE', #3125, #2798, #3819, .T. ) ;
#4750 = CARTESIAN_POINT ( 'NONE',  ( -4.920450714025619732, 8.062948878235797423, 4.231786004564173531 ) ) ;
#4751 = CARTESIAN_POINT ( 'NONE',  ( -5.142717996859055951, 11.45426512057557566, 2.157266912645932955 ) ) ;
#4752 = EDGE_CURVE ( 'NONE', #4237, #1564, #4159, .T. ) ;
#4753 = CARTESIAN_POINT ( 'NONE',  ( 6.800000000000001599, 8.800000000000000711, -0.1753788748764676109 ) ) ;
#4754 = ORIENTED_EDGE ( 'NONE', *, *, #3733, .F. ) ;
#4755 = CARTESIAN_POINT ( 'NONE',  ( 0.6026374667488314518, -16.99999999999999289, 4.055598450895177898 ) ) ;
#4756 = CARTESIAN_POINT ( 'NONE',  ( 6.525288978853217792, 12.21546122699573367, 2.941121497944811480 ) ) ;
#4757 = CARTESIAN_POINT ( 'NONE',  ( -5.890128448743354284, -3.617506578778901805, 1.053186223501894059 ) ) ;
#4758 = ORIENTED_EDGE ( 'NONE', *, *, #2961, .T. ) ;
#4759 = CARTESIAN_POINT ( 'NONE',  ( 4.807529029857675162, 10.30383611282541878, 2.409798288895432794 ) ) ;
#4760 = CARTESIAN_POINT ( 'NONE',  ( -3.445258463699083507, -1.451913259780175824, 3.232553878729391705 ) ) ;
#4761 = ORIENTED_EDGE ( 'NONE', *, *, #2345, .F. ) ;
#4762 = CARTESIAN_POINT ( 'NONE',  ( -4.761308957145422648E-13, 16.05550737207286360, 5.054056728823172584 ) ) ;
#4763 = CARTESIAN_POINT ( 'NONE',  ( 6.734706500011156116, 16.99999999999988987, 2.570359893976820409 ) ) ;
#4764 = VECTOR ( 'NONE', #4528, 1000.000000000000000 ) ;
#4765 = CARTESIAN_POINT ( 'NONE',  ( 4.933166324567438643, 15.93867607250053631, 3.841681705181861695 ) ) ;
#4766 = CARTESIAN_POINT ( 'NONE',  ( 1.494736328930658331, 15.50000000000001066, 3.462589666434585656 ) ) ;
#4767 = CARTESIAN_POINT ( 'NONE',  ( 3.500000000000000444, -15.99999999999999645, -1.000000000000000000 ) ) ;
#4768 = CARTESIAN_POINT ( 'NONE',  ( -1.682752561575961536, 5.244126189388094161, 3.993782679221863141 ) ) ;
#4769 = VERTEX_POINT ( 'NONE', #1754 ) ;
#4770 = CARTESIAN_POINT ( 'NONE',  ( 5.301921279481220495, -10.89808339221739431, 3.910961616636483118 ) ) ;
#4771 = CARTESIAN_POINT ( 'NONE',  ( 6.800000000000001599, 8.000000000000000000, -0.1753788748764676109 ) ) ;
#4772 = EDGE_CURVE ( 'NONE', #771, #245, #1288, .T. ) ;
#4773 = CARTESIAN_POINT ( 'NONE',  ( 4.986419115674254776, 16.30301762710903901, 3.710393326020823501 ) ) ;
#4774 = CARTESIAN_POINT ( 'NONE',  ( 0.6675461114114498162, -16.05550737214794310, 5.054056728866365589 ) ) ;
#4775 = CARTESIAN_POINT ( 'NONE',  ( 6.966624690608939297, 13.41742094197032564, 2.539073651739561566 ) ) ;
#4776 = CARTESIAN_POINT ( 'NONE',  ( 6.348787152421283331, -11.69516921452236780, 3.087841593279997632 ) ) ;
#4777 = FACE_OUTER_BOUND ( 'NONE', #4310, .T. ) ;
#4778 = CARTESIAN_POINT ( 'NONE',  ( -7.379031889555276003, -17.00000000000000355, 1.988011351067821453 ) ) ;
#4779 = CARTESIAN_POINT ( 'NONE',  ( -2.296944441079279642, 16.99999999999988987, 4.813750377047830931 ) ) ;
#4780 = VECTOR ( 'NONE', #2903, 1000.000000000000114 ) ;
#4781 = PLANE ( 'NONE',  #2542 ) ;
#4782 = ORIENTED_EDGE ( 'NONE', *, *, #1084, .F. ) ;
#4783 = VECTOR ( 'NONE', #1888, 1000.000000000000000 ) ;
#4784 = CARTESIAN_POINT ( 'NONE',  ( 1.494736328930567293, -15.50000000000000000, 3.462589666434589208 ) ) ;
#4785 = AXIS2_PLACEMENT_3D ( 'NONE', #3464, #156, #530 ) ;
#4786 = DIRECTION ( 'NONE',  ( -1.000000000000000000, 0.000000000000000000, 0.000000000000000000 ) ) ;
#4787 = CARTESIAN_POINT ( 'NONE',  ( -5.345901127448602352, -16.64984857192253287, 2.680779595245754265 ) ) ;
#4788 = CARTESIAN_POINT ( 'NONE',  ( -5.959087364843896673, 13.85183910017724251, 1.441239911695323395 ) ) ;
#4789 = VECTOR ( 'NONE', #466, 1000.000000000000000 ) ;
#4790 = CARTESIAN_POINT ( 'NONE',  ( 5.358538995191175935, -8.196163720623472315, 3.813913667028251187 ) ) ;
#4791 = CARTESIAN_POINT ( 'NONE',  ( -8.500000000000000000, 4.000080222292037746, 0.2451047771379477880 ) ) ;
#4792 = ORIENTED_EDGE ( 'NONE', *, *, #1521, .T. ) ;
#4793 = CARTESIAN_POINT ( 'NONE',  ( -7.319174858458109334, 15.22954954938894900, 1.552971513636624223 ) ) ;
#4794 = CARTESIAN_POINT ( 'NONE',  ( 6.955829407322111635, 16.99999999999988987, 2.381135966999900155 ) ) ;
#4795 = CARTESIAN_POINT ( 'NONE',  ( 7.398575301341594468, -15.13067255071021044, 1.468212637043939228 ) ) ;
#4796 = B_SPLINE_CURVE_WITH_KNOTS ( 'NONE', 3,
 ( #291, #3295, #672, #3274 ),
 .UNSPECIFIED., .F., .F.,
 ( 4, 4 ),
 ( 2.911773046872346197E-16, 0.002134504724715316146 ),
 .UNSPECIFIED. ) ;
#4797 = CARTESIAN_POINT ( 'NONE',  ( 1.052325132340666825, 15.68573146019886977, 3.526026864726267362 ) ) ;
#4798 = DIRECTION ( 'NONE',  ( -0.000000000000000000, -0.000000000000000000, -1.000000000000000000 ) ) ;
#4799 = EDGE_CURVE ( 'NONE', #3090, #3911, #378, .T. ) ;
#4800 = DIRECTION ( 'NONE',  ( 0.000000000000000000, -0.000000000000000000, 1.000000000000000000 ) ) ;
#4801 = ORIENTED_EDGE ( 'NONE', *, *, #2352, .F. ) ;
#4802 = CARTESIAN_POINT ( 'NONE',  ( -4.226064426122804640, 7.880286662382973262, 2.797047102515110240 ) ) ;
#4803 = ORIENTED_EDGE ( 'NONE', *, *, #3281, .T. ) ;
#4804 = ORIENTED_EDGE ( 'NONE', *, *, #3538, .T. ) ;
#4805 = PLANE ( 'NONE',  #4661 ) ;
#4806 = CARTESIAN_POINT ( 'NONE',  ( 9.024538358400809201, -5.673204499567389369, 1.106426445840189343 ) ) ;
#4807 = CARTESIAN_POINT ( 'NONE',  ( -3.509125680577705797, -2.664859070649771233, 3.201402871913536785 ) ) ;
#4808 = EDGE_LOOP ( 'NONE', ( #307, #4524, #4129, #3921 ) ) ;
#4809 = EDGE_LOOP ( 'NONE', ( #1118, #2879, #1566, #3194 ) ) ;
#4810 = VERTEX_POINT ( 'NONE', #4439 ) ;
#4811 = CARTESIAN_POINT ( 'NONE',  ( 5.953926329804176909, 15.68575498462455187, 1.355110853330501186 ) ) ;
#4812 = ORIENTED_EDGE ( 'NONE', *, *, #691, .T. ) ;
#4813 =( NAMED_UNIT ( * ) SI_UNIT ( $, .STERADIAN. ) SOLID_ANGLE_UNIT ( ) );
#4814 = ORIENTED_EDGE ( 'NONE', *, *, #871, .F. ) ;
#4815 = ORIENTED_EDGE ( 'NONE', *, *, #9, .F. ) ;
#4816 = FACE_OUTER_BOUND ( 'NONE', #2181, .T. ) ;
#4817 = CARTESIAN_POINT ( 'NONE',  ( -6.800000000000001599, 8.000000000000000000, -1.600000000000001199 ) ) ;
#4818 = CARTESIAN_POINT ( 'NONE',  ( -3.650994112225723232, 4.158173566024301770, 3.126740406191127697 ) ) ;
#4819 = LINE ( 'NONE', #1313, #4350 ) ;
#4820 = PERSON_AND_ORGANIZATION ( #3814, #3586 ) ;
#4821 = CARTESIAN_POINT ( 'NONE',  ( 1.198573338057727478, -5.673204499567389369, 5.666858955788250718 ) ) ;
#4822 = CARTESIAN_POINT ( 'NONE',  ( -4.587874541335999368, -3.334632939790282524, 4.273052449041081502 ) ) ;
#4823 = CARTESIAN_POINT ( 'NONE',  ( 5.820284331297437497, 16.44178487754549067, 2.453715005015033146 ) ) ;
#4824 = EDGE_CURVE ( 'NONE', #2946, #551, #3442, .T. ) ;
#4825 = B_SPLINE_CURVE_WITH_KNOTS ( 'NONE', 3,
 ( #424, #3557, #1295, #3920 ),
 .UNSPECIFIED., .F., .F.,
 ( 4, 4 ),
 ( 1.327362417404544809E-14, 0.0008010181744292573002 ),
 .UNSPECIFIED. ) ;
#4826 = CARTESIAN_POINT ( 'NONE',  ( -3.500000000000000444, -11.99999999999999645, 0.000000000000000000 ) ) ;
#4827 = CARTESIAN_POINT ( 'NONE',  ( -3.000000000000000444, -15.99999999999999645, -1.000000000000000000 ) ) ;
#4828 = CARTESIAN_POINT ( 'NONE',  ( -4.640777389967179367, 8.936662010248680232, 4.326400435022095259 ) ) ;
#4829 = VECTOR ( 'NONE', #3684, 1000.000000000000000 ) ;
#4830 = CARTESIAN_POINT ( 'NONE',  ( -6.645044663113450767, -15.90123570128032782, 1.998841730312536091 ) ) ;
#4831 = EDGE_CURVE ( 'NONE', #4074, #1142, #552, .T. ) ;
#4832 = CARTESIAN_POINT ( 'NONE',  ( 8.253852295016923080, -11.99211084253228599, 0.9732748291711733613 ) ) ;
#4833 = DIRECTION ( 'NONE',  ( 0.000000000000000000, 0.000000000000000000, -1.000000000000000000 ) ) ;
#4834 = CARTESIAN_POINT ( 'NONE',  ( -8.500000000000000000, -11.99999999999999645, 5.500000000000000000 ) ) ;
#4835 = FACE_OUTER_BOUND ( 'NONE', #2532, .T. ) ;
#4836 = CARTESIAN_POINT ( 'NONE',  ( -9.198506161110195478, 5.673204499567274794, 0.8726829910503856036 ) ) ;
#4837 = VERTEX_POINT ( 'NONE', #1429 ) ;
#4838 = CARTESIAN_POINT ( 'NONE',  ( 0.6641488689809867951, 16.05551351039993335, 5.037901760730956191 ) ) ;
#4839 = FACE_OUTER_BOUND ( 'NONE', #3520, .T. ) ;
#4840 = CARTESIAN_POINT ( 'NONE',  ( 5.547201430501584873, -15.68575461921160574, 1.706839137996379208 ) ) ;
#4841 = ORIENTED_EDGE ( 'NONE', *, *, #4139, .F. ) ;
#4842 = ORIENTED_EDGE ( 'NONE', *, *, #2995, .F. ) ;
#4843 = CARTESIAN_POINT ( 'NONE',  ( -5.003660777856279829, 11.14318949432635009, 2.276694245300703745 ) ) ;
#4844 = SECURITY_CLASSIFICATION_LEVEL ( 'unclassified' ) ;
#4845 = AXIS2_PLACEMENT_3D ( 'NONE', #311, #2895, #2443 ) ;
ENDSEC;
END-ISO-10303-21;
