ISO-10303-21;
HEADER;
FILE_DESCRIPTION (( 'STEP AP214' ),
    '1' );
FILE_NAME ('标定杆主体.STEP',
    '2025-09-03T01:51:47',
    ( 'Windows 用户' ),
    ( '' ),
    'SwSTEP 2.0',
    'SolidWorks 2024',
    '' );
FILE_SCHEMA (( 'AUTOMOTIVE_DESIGN' ));
ENDSEC;

DATA;
#1 = DIRECTION ( 'NONE',  ( -1.000000000000000000, 0.000000000000000000, -0.000000000000000000 ) ) ;
#2 = EDGE_CURVE ( 'NONE', #1687, #4344, #593, .T. ) ;
#3 = FACE_OUTER_BOUND ( 'NONE', #4875, .T. ) ;
#4 = DIRECTION ( 'NONE',  ( -7.254298172266648136E-15, 0.000000000000000000, 1.000000000000000000 ) ) ;
#5 = ORIENTED_EDGE ( 'NONE', *, *, #242, .F. ) ;
#6 = VERTEX_POINT ( 'NONE', #1451 ) ;
#7 = AXIS2_PLACEMENT_3D ( 'NONE', #7037, #1998, #631 ) ;
#8 = DIRECTION ( 'NONE',  ( 0.000000000000000000, -1.000000000000000000, 0.000000000000000000 ) ) ;
#9 = ORIENTED_EDGE ( 'NONE', *, *, #4647, .T. ) ;
#10 = VERTEX_POINT ( 'NONE', #4108 ) ;
#11 = FACE_BOUND ( 'NONE', #1722, .T. ) ;
#12 = LINE ( 'NONE', #3323, #414 ) ;
#13 = CIRCLE ( 'NONE', #8072, 4.999999999999999112 ) ;
#14 = ORIENTED_EDGE ( 'NONE', *, *, #468, .F. ) ;
#15 = EDGE_LOOP ( 'NONE', ( #4287, #3409, #4239, #1455 ) ) ;
#16 = VECTOR ( 'NONE', #2068, 1000.000000000000000 ) ;
#17 = DIRECTION ( 'NONE',  ( -0.000000000000000000, 1.000000000000000000, -0.000000000000000000 ) ) ;
#18 = ORIENTED_EDGE ( 'NONE', *, *, #3945, .F. ) ;
#19 = AXIS2_PLACEMENT_3D ( 'NONE', #2711, #2588, #2092 ) ;
#20 = EDGE_LOOP ( 'NONE', ( #6722, #5179, #1579, #5650 ) ) ;
#21 = DIRECTION ( 'NONE',  ( 0.000000000000000000, 1.000000000000000000, 0.000000000000000000 ) ) ;
#22 = DIRECTION ( 'NONE',  ( -1.000000000000000000, 0.000000000000000000, 0.000000000000000000 ) ) ;
#23 = DIRECTION ( 'NONE',  ( -1.000000000000000000, -0.000000000000000000, -0.000000000000000000 ) ) ;
#24 = DIRECTION ( 'NONE',  ( 0.000000000000000000, 0.000000000000000000, 1.000000000000000000 ) ) ;
#25 = ORIENTED_EDGE ( 'NONE', *, *, #8077, .F. ) ;
#26 = CIRCLE ( 'NONE', #6497, 2.750000000000000000 ) ;
#27 = CARTESIAN_POINT ( 'NONE',  ( 30.79179606750063058, -0.4999999999999995559, 1.000000000000000000 ) ) ;
#28 = VERTEX_POINT ( 'NONE', #1581 ) ;
#29 = DIRECTION ( 'NONE',  ( 1.000000000000000000, 0.000000000000000000, 0.000000000000000000 ) ) ;
#30 = CARTESIAN_POINT ( 'NONE',  ( -5.000000000000000000, 0.000000000000000000, -6.500000000000000000 ) ) ;
#31 = CARTESIAN_POINT ( 'NONE',  ( 11.69831942408437797, -0.7375834753209595807, -6.500000000000000000 ) ) ;
#32 = CARTESIAN_POINT ( 'NONE',  ( 131.0368557883619189, -0.9486383003561668081, 1.287117216098298211 ) ) ;
#33 = AXIS2_PLACEMENT_3D ( 'NONE', #6320, #22, #6163 ) ;
#34 = AXIS2_PLACEMENT_3D ( 'NONE', #4824, #6060, #7917 ) ;
#35 = CARTESIAN_POINT ( 'NONE',  ( -85.00000000000000000, -2.999999999999999556, 8.673617379884035472E-16 ) ) ;
#36 = CARTESIAN_POINT ( 'NONE',  ( 30.79179606750063058, 6.500000000000000000, -1.000000000000000000 ) ) ;
#37 = EDGE_CURVE ( 'NONE', #2381, #6837, #5346, .T. ) ;
#38 = DIRECTION ( 'NONE',  ( 0.000000000000000000, -0.000000000000000000, 1.000000000000000000 ) ) ;
#39 = CIRCLE ( 'NONE', #6383, 10.00000000000000000 ) ;
#40 = ORIENTED_EDGE ( 'NONE', *, *, #7995, .F. ) ;
#41 = DIRECTION ( 'NONE',  ( 0.000000000000000000, 0.000000000000000000, -1.000000000000000000 ) ) ;
#42 = DIRECTION ( 'NONE',  ( 1.000000000000000000, 0.000000000000000000, 0.000000000000000000 ) ) ;
#43 = VECTOR ( 'NONE', #6530, 1000.000000000000000 ) ;
#44 = CARTESIAN_POINT ( 'NONE',  ( 30.79179606750063058, -1.000000000000000000, -6.000000000000000000 ) ) ;
#45 = AXIS2_PLACEMENT_3D ( 'NONE', #1300, #797, #3297 ) ;
#46 = ORIENTED_EDGE ( 'NONE', *, *, #5673, .F. ) ;
#47 = EDGE_CURVE ( 'NONE', #6600, #1263, #917, .T. ) ;
#48 = EDGE_CURVE ( 'NONE', #8029, #2105, #5740, .T. ) ;
#49 = DIRECTION ( 'NONE',  ( 0.000000000000000000, 0.000000000000000000, -1.000000000000000000 ) ) ;
#50 = EDGE_CURVE ( 'NONE', #1337, #7736, #5619, .T. ) ;
#51 = VERTEX_POINT ( 'NONE', #7164 ) ;
#52 = ORIENTED_EDGE ( 'NONE', *, *, #6525, .T. ) ;
#53 = VECTOR ( 'NONE', #1520, 1000.000000000000000 ) ;
#54 = AXIS2_PLACEMENT_3D ( 'NONE', #4936, #1007, #6841 ) ;
#55 = AXIS2_PLACEMENT_3D ( 'NONE', #5381, #8016, #4218 ) ;
#56 = DIRECTION ( 'NONE',  ( 0.000000000000000000, 1.000000000000000000, 0.000000000000000000 ) ) ;
#57 = AXIS2_PLACEMENT_3D ( 'NONE', #157, #2651, #3356 ) ;
#58 = EDGE_CURVE ( 'NONE', #1657, #4730, #5076, .T. ) ;
#59 = EDGE_LOOP ( 'NONE', ( #4839, #3907, #2784, #5488 ) ) ;
#60 = ORIENTED_EDGE ( 'NONE', *, *, #6554, .T. ) ;
#61 = CARTESIAN_POINT ( 'NONE',  ( 125.0000000000000000, -1.000000000000000000, 0.000000000000000000 ) ) ;
#62 = ORIENTED_EDGE ( 'NONE', *, *, #1203, .F. ) ;
#63 = VECTOR ( 'NONE', #7424, 1000.000000000000000 ) ;
#64 = CIRCLE ( 'NONE', #7073, 9.500000000000000000 ) ;
#65 = VERTEX_POINT ( 'NONE', #790 ) ;
#66 = VECTOR ( 'NONE', #6754, 1000.000000000000000 ) ;
#67 = CARTESIAN_POINT ( 'NONE',  ( 125.0000000000000000, -6.500000000000000000, 3.750000000000006217 ) ) ;
#68 = DIRECTION ( 'NONE',  ( -1.000000000000000000, 0.000000000000000000, -0.000000000000000000 ) ) ;
#69 = LINE ( 'NONE', #7016, #3459 ) ;
#70 = DIRECTION ( 'NONE',  ( -0.000000000000000000, 1.000000000000000000, -0.000000000000000000 ) ) ;
#71 = EDGE_LOOP ( 'NONE', ( #7877, #4914, #1011, #6211, #2140, #1184 ) ) ;
#72 = DIRECTION ( 'NONE',  ( -0.000000000000000000, -0.000000000000000000, 1.000000000000000000 ) ) ;
#73 = EDGE_LOOP ( 'NONE', ( #4603, #4359, #5653, #3269 ) ) ;
#74 = CARTESIAN_POINT ( 'NONE',  ( 44.20820393249938718, -0.5000000000000000000, 1.000000000000000000 ) ) ;
#75 = LINE ( 'NONE', #856, #994 ) ;
#76 = DIRECTION ( 'NONE',  ( -1.000000000000000000, 0.000000000000000000, 0.000000000000000000 ) ) ;
#77 = EDGE_CURVE ( 'NONE', #1995, #5771, #5804, .T. ) ;
#78 = DIRECTION ( 'NONE',  ( 1.000000000000000000, 0.000000000000000000, 0.000000000000000000 ) ) ;
#79 = CARTESIAN_POINT ( 'NONE',  ( -88.66025403784438197, -1.000000000000000000, -11.00000000000000000 ) ) ;
#80 = DIRECTION ( 'NONE',  ( 1.000000000000000000, -0.000000000000000000, 0.000000000000000000 ) ) ;
#81 = ORIENTED_EDGE ( 'NONE', *, *, #6525, .F. ) ;
#82 = FACE_OUTER_BOUND ( 'NONE', #836, .T. ) ;
#83 = CARTESIAN_POINT ( 'NONE',  ( -125.0000000000000000, -6.500000000000000000, 3.750000000000006217 ) ) ;
#84 = LINE ( 'NONE', #3813, #185 ) ;
#85 = CARTESIAN_POINT ( 'NONE',  ( -6.999999999999999112, 1.887458608817688122, -2.499999999999999556 ) ) ;
#86 = VERTEX_POINT ( 'NONE', #5930 ) ;
#87 = CARTESIAN_POINT ( 'NONE',  ( -114.9999999999999858, -6.500000000000000000, -4.999999999999999112 ) ) ;
#88 = VERTEX_POINT ( 'NONE', #5183 ) ;
#89 = VERTEX_POINT ( 'NONE', #7873 ) ;
#90 = DIRECTION ( 'NONE',  ( -0.000000000000000000, -1.000000000000000000, 0.000000000000000000 ) ) ;
#91 = DIRECTION ( 'NONE',  ( 0.000000000000000000, 0.000000000000000000, -1.000000000000000000 ) ) ;
#92 = EDGE_CURVE ( 'NONE', #3421, #3997, #2570, .T. ) ;
#93 = EDGE_CURVE ( 'NONE', #4667, #8140, #2174, .T. ) ;
#94 = EDGE_CURVE ( 'NONE', #639, #6521, #3235, .T. ) ;
#95 = EDGE_LOOP ( 'NONE', ( #5399, #2262, #25, #6167 ) ) ;
#96 = VERTEX_POINT ( 'NONE', #2125 ) ;
#97 = DIRECTION ( 'NONE',  ( 0.000000000000000000, 0.000000000000000000, 1.000000000000000000 ) ) ;
#98 = VERTEX_POINT ( 'NONE', #4029 ) ;
#99 = ORIENTED_EDGE ( 'NONE', *, *, #3446, .T. ) ;
#100 = EDGE_CURVE ( 'NONE', #7345, #2469, #1502, .T. ) ;
#101 = LINE ( 'NONE', #645, #700 ) ;
#102 = DIRECTION ( 'NONE',  ( 0.000000000000000000, 0.000000000000000000, -1.000000000000000000 ) ) ;
#103 = CARTESIAN_POINT ( 'NONE',  ( 14.35660390792061669, -1.500000000000000000, 6.000000000000000000 ) ) ;
#104 = EDGE_CURVE ( 'NONE', #6020, #7236, #7825, .T. ) ;
#105 = CARTESIAN_POINT ( 'NONE',  ( -11.94229030071541686, -0.5000000000000000000, 6.500000000000002665 ) ) ;
#106 = EDGE_LOOP ( 'NONE', ( #4690, #5535, #1669, #2435, #5734, #2594, #3131, #5148, #4362, #3309, #134, #915 ) ) ;
#107 = CARTESIAN_POINT ( 'NONE',  ( -131.5000000000000284, -0.6651536924187431143, 1.013930447714866734 ) ) ;
#108 = ORIENTED_EDGE ( 'NONE', *, *, #2633, .F. ) ;
#109 = DIRECTION ( 'NONE',  ( 0.000000000000000000, 0.000000000000000000, -1.000000000000000000 ) ) ;
#110 = DIRECTION ( 'NONE',  ( 0.000000000000000000, 1.000000000000000000, 0.000000000000000000 ) ) ;
#111 = CARTESIAN_POINT ( 'NONE',  ( 131.5000000000000000, -0.5000000000000000000, 0.5418045322075871750 ) ) ;
#112 = LINE ( 'NONE', #3274, #6962 ) ;
#113 = ORIENTED_EDGE ( 'NONE', *, *, #1185, .F. ) ;
#114 = DIRECTION ( 'NONE',  ( 0.000000000000000000, 0.000000000000000000, 1.000000000000000000 ) ) ;
#115 = DIRECTION ( 'NONE',  ( 0.000000000000000000, 0.000000000000000000, -1.000000000000000000 ) ) ;
#116 = VERTEX_POINT ( 'NONE', #254 ) ;
#117 = PRODUCT ( '\X2\68075b9a67464e3b4f53\X0\', '\X2\68075b9a67464e3b4f53\X0\', '', ( #3676 ) ) ;
#118 = DIRECTION ( 'NONE',  ( 0.000000000000000000, -1.000000000000000000, 0.000000000000000000 ) ) ;
#119 = CARTESIAN_POINT ( 'NONE',  ( -6.999999999999999112, 5.000000000000000000, -2.499999999999999556 ) ) ;
#120 = DIRECTION ( 'NONE',  ( -0.000000000000000000, 1.000000000000000000, -0.000000000000000000 ) ) ;
#121 = CARTESIAN_POINT ( 'NONE',  ( 128.3561158662668333, -1.000000000000000000, 2.997746869265653480 ) ) ;
#122 = EDGE_LOOP ( 'NONE', ( #4864, #7790, #6510, #4776 ) ) ;
#123 = EDGE_LOOP ( 'NONE', ( #2625, #4968, #2696, #4457 ) ) ;
#124 = AXIS2_PLACEMENT_3D ( 'NONE', #2221, #6562, #6028 ) ;
#125 = PLANE ( 'NONE',  #1352 ) ;
#126 = DIRECTION ( 'NONE',  ( 0.000000000000000000, 1.000000000000000000, 0.000000000000000000 ) ) ;
#127 = ORIENTED_EDGE ( 'NONE', *, *, #1932, .F. ) ;
#128 = AXIS2_PLACEMENT_3D ( 'NONE', #7083, #1406, #783 ) ;
#129 = ORIENTED_EDGE ( 'NONE', *, *, #4351, .T. ) ;
#130 = CARTESIAN_POINT ( 'NONE',  ( 131.7122317325336383, -0.5000000000000000000, 5.995493738531336270 ) ) ;
#131 = AXIS2_PLACEMENT_3D ( 'NONE', #3334, #6477, #5856 ) ;
#132 = ORIENTED_EDGE ( 'NONE', *, *, #3951, .T. ) ;
#133 = EDGE_CURVE ( 'NONE', #731, #561, #2832, .T. ) ;
#134 = ORIENTED_EDGE ( 'NONE', *, *, #1620, .F. ) ;
#135 = AXIS2_PLACEMENT_3D ( 'NONE', #6746, #4843, #2556 ) ;
#136 = CARTESIAN_POINT ( 'NONE',  ( 125.0000000000000000, -2.299999999999998934, -3.750000000000006217 ) ) ;
#137 = CARTESIAN_POINT ( 'NONE',  ( -131.1285805750153770, -0.7570903655809424482, -1.175614305386215364 ) ) ;
#138 = DIRECTION ( 'NONE',  ( 0.000000000000000000, 0.000000000000000000, -1.000000000000000000 ) ) ;
#139 = FACE_OUTER_BOUND ( 'NONE', #4586, .T. ) ;
#140 = ORIENTED_EDGE ( 'NONE', *, *, #8190, .F. ) ;
#141 = AXIS2_PLACEMENT_3D ( 'NONE', #4862, #6227, #3783 ) ;
#142 = CARTESIAN_POINT ( 'NONE',  ( 5.999999999999999112, 2.499999999999999556, 4.000000000000002665 ) ) ;
#143 = CIRCLE ( 'NONE', #4774, 5.000000000000000000 ) ;
#144 = ORIENTED_EDGE ( 'NONE', *, *, #7367, .T. ) ;
#145 = EDGE_CURVE ( 'NONE', #4478, #3003, #217, .T. ) ;
#146 = CARTESIAN_POINT ( 'NONE',  ( -116.3397459621556038, -1.000000000000000000, -11.00000000000000000 ) ) ;
#147 = ADVANCED_FACE ( 'NONE', ( #1542 ), #6718, .F. ) ;
#148 = TOROIDAL_SURFACE ( 'NONE', #6214, 4.500000000000000888, 0.5000000000000000000 ) ;
#149 = CARTESIAN_POINT ( 'NONE',  ( 11.19432624775224028, 6.500000000000000000, 6.500000000000000000 ) ) ;
#150 = CARTESIAN_POINT ( 'NONE',  ( 34.14589803375031352, -1.000000000000000000, 3.000000000000000888 ) ) ;
#151 = EDGE_CURVE ( 'NONE', #5500, #3577, #4288, .T. ) ;
#152 = CARTESIAN_POINT ( 'NONE',  ( 40.48142396999973158, -1.000000000000000000, -2.666666666666666963 ) ) ;
#153 = ORIENTED_EDGE ( 'NONE', *, *, #1812, .T. ) ;
#154 = DIRECTION ( 'NONE',  ( -0.000000000000000000, -1.000000000000000000, -0.000000000000000000 ) ) ;
#155 = DIRECTION ( 'NONE',  ( 0.000000000000000000, -1.000000000000000000, 0.000000000000000000 ) ) ;
#156 = ORIENTED_EDGE ( 'NONE', *, *, #557, .T. ) ;
#157 = CARTESIAN_POINT ( 'NONE',  ( 86.70820393249938718, -0.5000000000000000000, -6.000000000000000000 ) ) ;
#158 = CIRCLE ( 'NONE', #33, 0.5000000000000004441 ) ;
#159 = AXIS2_PLACEMENT_3D ( 'NONE', #8007, #2881, #310 ) ;
#160 = CARTESIAN_POINT ( 'NONE',  ( -80.00000000000000000, 6.500000000000000000, 0.000000000000000000 ) ) ;
#161 = CIRCLE ( 'NONE', #4396, 2.750000000000000000 ) ;
#162 = EDGE_CURVE ( 'NONE', #7011, #5827, #4550, .T. ) ;
#163 = DIRECTION ( 'NONE',  ( 0.000000000000000000, -1.000000000000000000, 0.000000000000000000 ) ) ;
#164 = AXIS2_PLACEMENT_3D ( 'NONE', #7953, #7832, #4695 ) ;
#165 = DIRECTION ( 'NONE',  ( 1.000000000000000000, 0.000000000000000000, 1.301042606982605321E-16 ) ) ;
#166 = VECTOR ( 'NONE', #6798, 1000.000000000000000 ) ;
#167 = LINE ( 'NONE', #5765, #1386 ) ;
#168 = ORIENTED_EDGE ( 'NONE', *, *, #1204, .T. ) ;
#169 = EDGE_LOOP ( 'NONE', ( #922, #3980, #6716, #173 ) ) ;
#170 = AXIS2_PLACEMENT_3D ( 'NONE', #6618, #6002, #2987 ) ;
#171 = CIRCLE ( 'NONE', #4801, 4.500000000000000888 ) ;
#172 = CYLINDRICAL_SURFACE ( 'NONE', #19, 1.649999999999998579 ) ;
#173 = ORIENTED_EDGE ( 'NONE', *, *, #1684, .F. ) ;
#174 = ADVANCED_FACE ( 'NONE', ( #4852 ), #5395, .F. ) ;
#175 = ORIENTED_EDGE ( 'NONE', *, *, #5762, .T. ) ;
#176 = CARTESIAN_POINT ( 'NONE',  ( -88.66025403784438197, 6.500000000000000000, -11.00000000000000000 ) ) ;
#177 = EDGE_LOOP ( 'NONE', ( #2773, #3074, #6439, #3699 ) ) ;
#178 = VECTOR ( 'NONE', #867, 1000.000000000000000 ) ;
#179 = ORIENTED_EDGE ( 'NONE', *, *, #4937, .F. ) ;
#180 = CIRCLE ( 'NONE', #1247, 3.750000000000006217 ) ;
#181 = TOROIDAL_SURFACE ( 'NONE', #4020, 5.500000000000000000, 0.5000000000000000000 ) ;
#182 = DIRECTION ( 'NONE',  ( 0.000000000000000000, -1.000000000000000000, 0.000000000000000000 ) ) ;
#183 = CIRCLE ( 'NONE', #2313, 0.5000000000000000000 ) ;
#184 = DIRECTION ( 'NONE',  ( -0.000000000000000000, -1.000000000000000000, -0.000000000000000000 ) ) ;
#185 = VECTOR ( 'NONE', #6262, 1000.000000000000000 ) ;
#186 = FACE_OUTER_BOUND ( 'NONE', #5068, .T. ) ;
#187 = VECTOR ( 'NONE', #1454, 1000.000000000000000 ) ;
#188 = CARTESIAN_POINT ( 'NONE',  ( 84.50000000000000000, -2.999999999999999556, -5.000000000000000000 ) ) ;
#189 = AXIS2_PLACEMENT_3D ( 'NONE', #6455, #3850, #3933 ) ;
#190 = ORIENTED_EDGE ( 'NONE', *, *, #5310, .F. ) ;
#191 = CARTESIAN_POINT ( 'NONE',  ( -131.5000000000000000, -1.124804860995479050, 0.8409584169353129246 ) ) ;
#192 = ORIENTED_EDGE ( 'NONE', *, *, #8041, .T. ) ;
#193 = DIRECTION ( 'NONE',  ( 0.000000000000000000, 1.000000000000000000, 0.000000000000000000 ) ) ;
#194 = AXIS2_PLACEMENT_3D ( 'NONE', #8037, #7414, #4983 ) ;
#196 = VECTOR ( 'NONE', #1906, 1000.000000000000000 ) ;
#195 = DIRECTION ( 'NONE',  ( 0.000000000000000000, 0.000000000000000000, 1.000000000000000000 ) ) ;
#197 = ADVANCED_FACE ( 'NONE', ( #7289 ), #1080, .F. ) ;
#198 = EDGE_CURVE ( 'NONE', #651, #2793, #1786, .T. ) ;
#199 = EDGE_CURVE ( 'NONE', #6314, #5947, #6405, .T. ) ;
#200 = DIRECTION ( 'NONE',  ( 0.000000000000000000, -1.000000000000000000, 0.000000000000000000 ) ) ;
#201 = VERTEX_POINT ( 'NONE', #3538 ) ;
#202 = CARTESIAN_POINT ( 'NONE',  ( -134.0709441698225248, -1.000000000000000000, -10.66386289615367033 ) ) ;
#203 = FACE_BOUND ( 'NONE', #2999, .T. ) ;
#204 = ORIENTED_EDGE ( 'NONE', *, *, #5206, .F. ) ;
#205 = CARTESIAN_POINT ( 'NONE',  ( 40.85410196624969359, -0.5000000000000000000, -3.000000000000002665 ) ) ;
#206 = EDGE_CURVE ( 'NONE', #761, #3414, #4812, .T. ) ;
#207 = LINE ( 'NONE', #5880, #3318 ) ;
#208 = EDGE_CURVE ( 'NONE', #575, #943, #6053, .T. ) ;
#209 = CYLINDRICAL_SURFACE ( 'NONE', #2950, 5.000000000000000000 ) ;
#210 = CARTESIAN_POINT ( 'NONE',  ( -14.12480841396375553, -0.9215708228084976694, -6.251107760016983761 ) ) ;
#211 = AXIS2_PLACEMENT_3D ( 'NONE', #6047, #1157, #5554 ) ;
#212 = LINE ( 'NONE', #5961, #6787 ) ;
#213 = DIRECTION ( 'NONE',  ( 0.000000000000000000, 0.000000000000000000, 1.000000000000000000 ) ) ;
#214 = ORIENTED_EDGE ( 'NONE', *, *, #1059, .F. ) ;
#215 = ORIENTED_EDGE ( 'NONE', *, *, #6202, .F. ) ;
#216 = DIRECTION ( 'NONE',  ( 0.000000000000000000, 0.000000000000000000, 1.000000000000000000 ) ) ;
#217 = LINE ( 'NONE', #5269, #7063 ) ;
#218 = ORIENTED_EDGE ( 'NONE', *, *, #3896, .T. ) ;
#219 = VECTOR ( 'NONE', #1733, 1000.000000000000000 ) ;
#220 = CARTESIAN_POINT ( 'NONE',  ( 125.0000000000000000, -0.5000000000000000000, 4.499999999999997335 ) ) ;
#221 = ORIENTED_EDGE ( 'NONE', *, *, #7283, .F. ) ;
#222 = EDGE_LOOP ( 'NONE', ( #6647, #2582, #6851, #6010, #7351, #6376, #2058, #2946, #7290, #7196, #4071, #3432, #2468, #643 ) ) ;
#223 = DIRECTION ( 'NONE',  ( 0.000000000000000000, 0.000000000000000000, 1.000000000000000000 ) ) ;
#224 = CARTESIAN_POINT ( 'NONE',  ( -131.5000000000000000, -0.6652207650385076887, -1.013919399453728332 ) ) ;
#225 = CARTESIAN_POINT ( 'NONE',  ( -127.5916983342350051, -1.000000000000000000, -3.046817970329624092 ) ) ;
#226 = DIRECTION ( 'NONE',  ( 0.000000000000000000, 0.000000000000000000, 1.000000000000000000 ) ) ;
#227 = VERTEX_POINT ( 'NONE', #2909 ) ;
#228 = CARTESIAN_POINT ( 'NONE',  ( -131.1462354363253837, -0.5671746029827864355, 1.101118581669161323 ) ) ;
#229 = ORIENTED_EDGE ( 'NONE', *, *, #7788, .T. ) ;
#230 = CYLINDRICAL_SURFACE ( 'NONE', #1375, 10.00000000000000000 ) ;
#231 = DIRECTION ( 'NONE',  ( 0.000000000000000000, 0.000000000000000000, 1.000000000000000000 ) ) ;
#232 = CARTESIAN_POINT ( 'NONE',  ( -76.12701665379258031, 6.500000000000000000, -1.000000000000000000 ) ) ;
#233 = CIRCLE ( 'NONE', #4454, 0.5000000000000000000 ) ;
#234 = CARTESIAN_POINT ( 'NONE',  ( 118.2917960675006412, -0.5000000000000000000, -1.500000000000000000 ) ) ;
#235 = ORIENTED_EDGE ( 'NONE', *, *, #2579, .F. ) ;
#236 = CARTESIAN_POINT ( 'NONE',  ( 6.999999999999999112, 2.499999999999999556, 5.000000000000002665 ) ) ;
#237 = ORIENTED_EDGE ( 'NONE', *, *, #3143, .F. ) ;
#238 = DIRECTION ( 'NONE',  ( 0.000000000000000000, 0.000000000000000000, 1.000000000000000000 ) ) ;
#239 = ORIENTED_EDGE ( 'NONE', *, *, #3340, .T. ) ;
#240 = ADVANCED_FACE ( 'NONE', ( #1804 ), #2052, .F. ) ;
#241 = CARTESIAN_POINT ( 'NONE',  ( -6.999999999999999112, -5.000000000000000000, 2.499999999999999556 ) ) ;
#242 = EDGE_CURVE ( 'NONE', #6643, #3087, #4017, .T. ) ;
#243 = DIRECTION ( 'NONE',  ( -1.000000000000000000, -0.000000000000000000, -0.000000000000000000 ) ) ;
#244 = LINE ( 'NONE', #871, #3241 ) ;
#245 = EDGE_CURVE ( 'NONE', #2469, #1813, #6151, .T. ) ;
#246 = CARTESIAN_POINT ( 'NONE',  ( 37.50000000000000711, -1.000000000000000000, -1.500000000000000000 ) ) ;
#247 = CARTESIAN_POINT ( 'NONE',  ( 89.50000000000001421, -2.999999999999999556, 0.000000000000000000 ) ) ;
#248 = CARTESIAN_POINT ( 'NONE',  ( 80.00000000000000000, 6.500000000000000000, 0.000000000000000000 ) ) ;
#249 = ORIENTED_EDGE ( 'NONE', *, *, #2888, .F. ) ;
#250 = EDGE_CURVE ( 'NONE', #5288, #3085, #7202, .T. ) ;
#251 = ORIENTED_EDGE ( 'NONE', *, *, #2927, .F. ) ;
#252 = EDGE_CURVE ( 'NONE', #7547, #2298, #1752, .T. ) ;
#253 = DIRECTION ( 'NONE',  ( 0.000000000000000000, -1.000000000000000000, 0.000000000000000000 ) ) ;
#254 = CARTESIAN_POINT ( 'NONE',  ( 37.50000000000000711, -2.299999999999998934, 3.750000000000006217 ) ) ;
#255 = EDGE_CURVE ( 'NONE', #4010, #4256, #2249, .T. ) ;
#256 = ORIENTED_EDGE ( 'NONE', *, *, #6972, .F. ) ;
#257 = DIRECTION ( 'NONE',  ( 0.000000000000000000, 1.000000000000000000, -0.000000000000000000 ) ) ;
#258 = VERTEX_POINT ( 'NONE', #4765 ) ;
#259 = ORIENTED_EDGE ( 'NONE', *, *, #4605, .F. ) ;
#260 = FACE_OUTER_BOUND ( 'NONE', #5019, .T. ) ;
#261 = CARTESIAN_POINT ( 'NONE',  ( 2.999999999999999556, -2.499999999999999556, 1.887458608817687011 ) ) ;
#262 = LINE ( 'NONE', #1721, #5052 ) ;
#263 = CIRCLE ( 'NONE', #4895, 5.000000000000000000 ) ;
#264 = CYLINDRICAL_SURFACE ( 'NONE', #552, 0.5000000000000004441 ) ;
#265 = EDGE_LOOP ( 'NONE', ( #60, #3502, #4209, #3750 ) ) ;
#266 = CARTESIAN_POINT ( 'NONE',  ( -23.55047706695932064, -0.5000000000000000000, 1.500000000000000000 ) ) ;
#267 = ORIENTED_EDGE ( 'NONE', *, *, #5974, .F. ) ;
#268 = ADVANCED_FACE ( 'NONE', ( #7411 ), #475, .F. ) ;
#269 = DIRECTION ( 'NONE',  ( 0.000000000000000000, 0.000000000000000000, 1.000000000000000000 ) ) ;
#270 = DIRECTION ( 'NONE',  ( -0.000000000000000000, 1.000000000000000000, -0.000000000000000000 ) ) ;
#271 = CIRCLE ( 'NONE', #1331, 9.500000000000000000 ) ;
#272 = DIRECTION ( 'NONE',  ( 0.000000000000000000, -1.000000000000000000, 0.000000000000000000 ) ) ;
#273 = VECTOR ( 'NONE', #498, 1000.000000000000000 ) ;
#274 = FACE_OUTER_BOUND ( 'NONE', #1823, .T. ) ;
#275 = ORIENTED_EDGE ( 'NONE', *, *, #4125, .F. ) ;
#276 = CARTESIAN_POINT ( 'NONE',  ( 3.000000000000000444, -6.500000000000000000, -3.999999999999998224 ) ) ;
#277 = ORIENTED_EDGE ( 'NONE', *, *, #2641, .F. ) ;
#278 = EDGE_CURVE ( 'NONE', #1539, #2589, #6181, .T. ) ;
#279 = DIRECTION ( 'NONE',  ( 0.000000000000000000, 1.000000000000000000, 0.000000000000000000 ) ) ;
#280 = VERTEX_POINT ( 'NONE', #6679 ) ;
#281 = AXIS2_PLACEMENT_3D ( 'NONE', #5063, #1541, #5967 ) ;
#282 = CARTESIAN_POINT ( 'NONE',  ( 131.0537299765364594, -0.8083858371068505244, -1.140981454303403364 ) ) ;
#283 = CARTESIAN_POINT ( 'NONE',  ( 80.00000000000000000, 6.500000000000000000, -1.649999999999998579 ) ) ;
#284 = DIRECTION ( 'NONE',  ( -0.000000000000000000, -1.000000000000000000, -0.000000000000000000 ) ) ;
#285 = DIRECTION ( 'NONE',  ( 0.000000000000000000, 0.000000000000000000, -1.000000000000000000 ) ) ;
#286 = LINE ( 'NONE', #4098, #844 ) ;
#287 = DIRECTION ( 'NONE',  ( -0.000000000000000000, 1.000000000000000000, -0.000000000000000000 ) ) ;
#288 = VECTOR ( 'NONE', #3952, 1000.000000000000000 ) ;
#289 = DIRECTION ( 'NONE',  ( -0.000000000000000000, -1.000000000000000000, -0.000000000000000000 ) ) ;
#290 = EDGE_LOOP ( 'NONE', ( #5325, #2360, #5530, #7349, #6076, #830, #7180 ) ) ;
#291 = CARTESIAN_POINT ( 'NONE',  ( 75.00000000000000000, -6.500000000000000000, 2.602085213965210642E-15 ) ) ;
#292 = ORIENTED_EDGE ( 'NONE', *, *, #2387, .F. ) ;
#293 = AXIS2_PLACEMENT_3D ( 'NONE', #374, #6046, #4140 ) ;
#294 = CARTESIAN_POINT ( 'NONE',  ( 131.5000000000000000, 6.500000000000000000, -6.500000000000000000 ) ) ;
#295 = CIRCLE ( 'NONE', #7570, 1.000000000000000000 ) ;
#296 = AXIS2_PLACEMENT_3D ( 'NONE', #5656, #1138, #5023 ) ;
#297 = CARTESIAN_POINT ( 'NONE',  ( -116.3397459621556038, 6.500000000000000000, -11.00000000000000000 ) ) ;
#298 = EDGE_CURVE ( 'NONE', #2589, #3475, #7724, .T. ) ;
#299 = EDGE_CURVE ( 'NONE', #8003, #7786, #5221, .T. ) ;
#300 = ADVANCED_FACE ( 'NONE', ( #3853 ), #5605, .T. ) ;
#301 = ORIENTED_EDGE ( 'NONE', *, *, #2339, .F. ) ;
#302 = CARTESIAN_POINT ( 'NONE',  ( 80.00000000000000000, -2.299999999999998934, 0.000000000000000000 ) ) ;
#303 = ORIENTED_EDGE ( 'NONE', *, *, #3290, .F. ) ;
#304 = EDGE_LOOP ( 'NONE', ( #2650, #6343, #3668, #5635 ) ) ;
#305 = TOROIDAL_SURFACE ( 'NONE', #7047, 4.500000000000000888, 0.5000000000000000000 ) ;
#306 = VECTOR ( 'NONE', #4630, 1000.000000000000000 ) ;
#307 = CYLINDRICAL_SURFACE ( 'NONE', #4794, 1.000000000000000000 ) ;
#308 = ADVANCED_FACE ( 'NONE', ( #5016 ), #4435, .F. ) ;
#309 = DIRECTION ( 'NONE',  ( 0.000000000000000000, 0.000000000000000000, 1.000000000000000000 ) ) ;
#310 = DIRECTION ( 'NONE',  ( 1.000000000000000000, 0.000000000000000000, 0.000000000000000000 ) ) ;
#311 = VECTOR ( 'NONE', #2079, 1000.000000000000000 ) ;
#312 = DIRECTION ( 'NONE',  ( -2.775557561562891351E-15, 0.000000000000000000, 1.000000000000000000 ) ) ;
#313 = ORIENTED_EDGE ( 'NONE', *, *, #4346, .F. ) ;
#314 = DIRECTION ( 'NONE',  ( 1.000000000000000000, 0.000000000000000000, 0.000000000000000000 ) ) ;
#315 = AXIS2_PLACEMENT_3D ( 'NONE', #6772, #525, #4908 ) ;
#316 = ORIENTED_EDGE ( 'NONE', *, *, #4941, .T. ) ;
#317 = CIRCLE ( 'NONE', #1113, 0.5000000000000000000 ) ;
#318 = CARTESIAN_POINT ( 'NONE',  ( 69.99999999999998579, -2.999999999999999556, 2.602085213965210642E-15 ) ) ;
#319 = DIRECTION ( 'NONE',  ( 0.000000000000000000, 0.000000000000000000, -1.000000000000000000 ) ) ;
#320 = AXIS2_PLACEMENT_3D ( 'NONE', #30, #6296, #5038 ) ;
#321 = CARTESIAN_POINT ( 'NONE',  ( -80.00000000000000000, -6.500000000000000000, 3.750000000000006217 ) ) ;
#322 = VECTOR ( 'NONE', #2751, 1000.000000000000000 ) ;
#323 = CIRCLE ( 'NONE', #2972, 5.500000000000000000 ) ;
#324 = FACE_OUTER_BOUND ( 'NONE', #8076, .T. ) ;
#325 = VECTOR ( 'NONE', #3281, 1000.000000000000000 ) ;
#326 = EDGE_LOOP ( 'NONE', ( #153, #2152, #2390, #2682 ) ) ;
#327 = LINE ( 'NONE', #7894, #2047 ) ;
#328 = ORIENTED_EDGE ( 'NONE', *, *, #5974, .T. ) ;
#329 = CARTESIAN_POINT ( 'NONE',  ( 14.35660390792061669, -1.000000000000000000, 6.000000000000000000 ) ) ;
#330 = ORIENTED_EDGE ( 'NONE', *, *, #5943, .T. ) ;
#331 = CIRCLE ( 'NONE', #6155, 4.500000000000000888 ) ;
#332 = AXIS2_PLACEMENT_3D ( 'NONE', #6332, #4305, #3182 ) ;
#333 = DIRECTION ( 'NONE',  ( -1.000000000000000000, 0.000000000000000000, -0.000000000000000000 ) ) ;
#334 = LINE ( 'NONE', #1612, #2299 ) ;
#335 = ADVANCED_FACE ( 'NONE', ( #3072 ), #1924, .T. ) ;
#336 = CARTESIAN_POINT ( 'NONE',  ( 37.50000000000000711, -2.299999999999998934, 0.000000000000000000 ) ) ;
#337 = CIRCLE ( 'NONE', #1392, 0.5000000000000000000 ) ;
#338 = CARTESIAN_POINT ( 'NONE',  ( -11.94229030071541864, -0.4999999999999995559, -6.500000000000000000 ) ) ;
#339 = CARTESIAN_POINT ( 'NONE',  ( 80.00000000000000000, -0.5000000000000000000, 4.000000000000003553 ) ) ;
#340 = CARTESIAN_POINT ( 'NONE',  ( -11.94229030071541686, 6.500000000000000000, 1.500000000000004885 ) ) ;
#341 = EDGE_LOOP ( 'NONE', ( #8169, #1503, #5964, #8098 ) ) ;
#342 = DIRECTION ( 'NONE',  ( 0.000000000000000000, 0.000000000000000000, 1.000000000000000000 ) ) ;
#343 = EDGE_LOOP ( 'NONE', ( #7067, #7357 ) ) ;
#344 = CARTESIAN_POINT ( 'NONE',  ( 42.50000000000000711, -6.500000000000000000, -4.999999999999997335 ) ) ;
#345 = CARTESIAN_POINT ( 'NONE',  ( 47.50000000000000000, -6.500000000000000000, 2.602085213965210642E-15 ) ) ;
#346 = VERTEX_POINT ( 'NONE', #1287 ) ;
#347 = CARTESIAN_POINT ( 'NONE',  ( -71.33974596215561803, 6.500000000000000000, -1.000000000000000000 ) ) ;
#348 = ORIENTED_EDGE ( 'NONE', *, *, #7844, .F. ) ;
#349 = ORIENTED_EDGE ( 'NONE', *, *, #1273, .F. ) ;
#350 = ADVANCED_FACE ( 'NONE', ( #3245 ), #2000, .T. ) ;
#351 = DIRECTION ( 'NONE',  ( -1.734723475976807094E-15, 0.000000000000000000, 1.000000000000000000 ) ) ;
#352 = ADVANCED_FACE ( 'NONE', ( #4472 ), #1961, .F. ) ;
#353 = EDGE_CURVE ( 'NONE', #98, #3572, #2708, .T. ) ;
#354 = CARTESIAN_POINT ( 'NONE',  ( -80.00000000000000000, -2.299999999999998934, -3.750000000000006217 ) ) ;
#355 = B_SPLINE_CURVE_WITH_KNOTS ( 'NONE', 3,
 ( #1156, #3233, #5753, #7448, #6833, #1795, #5789, #897 ),
 .UNSPECIFIED., .F., .F.,
 ( 4, 2, 2, 4 ),
 ( -1.341640786937125925E-05, 0.001658138337215122552, 0.002493915709757369824, 0.003329693082299616663 ),
 .UNSPECIFIED. ) ;
#356 = DIRECTION ( 'NONE',  ( -0.000000000000000000, 1.000000000000000000, -0.000000000000000000 ) ) ;
#357 = CARTESIAN_POINT ( 'NONE',  ( 73.29179606750062703, -0.5000000000000000000, -6.000000000000000000 ) ) ;
#358 = ORIENTED_EDGE ( 'NONE', *, *, #6528, .T. ) ;
#359 = EDGE_CURVE ( 'NONE', #7752, #5322, #5746, .T. ) ;
#360 = CARTESIAN_POINT ( 'NONE',  ( 5.000000000000000000, -6.500000000000000000, 2.750000000000000000 ) ) ;
#361 = ORIENTED_EDGE ( 'NONE', *, *, #2996, .F. ) ;
#362 = LINE ( 'NONE', #2853, #5497 ) ;
#363 = EDGE_CURVE ( 'NONE', #956, #3127, #84, .T. ) ;
#364 = CARTESIAN_POINT ( 'NONE',  ( 69.99999999999998579, -2.999999999999999556, 2.602085213965210642E-15 ) ) ;
#365 = CARTESIAN_POINT ( 'NONE',  ( 84.50000000000000000, -2.999999999999999556, 0.000000000000000000 ) ) ;
#366 = VERTEX_POINT ( 'NONE', #709 ) ;
#367 = CARTESIAN_POINT ( 'NONE',  ( -11.94229030071541864, 6.500000000000000000, 6.500000000000000000 ) ) ;
#368 = ORIENTED_EDGE ( 'NONE', *, *, #5255, .F. ) ;
#369 = LINE ( 'NONE', #2934, #5998 ) ;
#370 = ORIENTED_EDGE ( 'NONE', *, *, #3257, .T. ) ;
#371 = FACE_OUTER_BOUND ( 'NONE', #5355, .T. ) ;
#372 = FACE_OUTER_BOUND ( 'NONE', #3477, .T. ) ;
#373 = CARTESIAN_POINT ( 'NONE',  ( 14.00000000000000178, -2.999999999999999556, -5.000000000000000888 ) ) ;
#374 = CARTESIAN_POINT ( 'NONE',  ( 129.5000000000000000, 6.500000000000000000, -4.500000000000000888 ) ) ;
#375 = LINE ( 'NONE', #6834, #6698 ) ;
#376 = CARTESIAN_POINT ( 'NONE',  ( -129.5000000000000000, -1.500000000000000444, 4.500000000000000888 ) ) ;
#377 = ORIENTED_EDGE ( 'NONE', *, *, #810, .F. ) ;
#378 = SURFACE_STYLE_USAGE ( .BOTH. , #5520 ) ;
#379 = VERTEX_POINT ( 'NONE', #4388 ) ;
#380 = DIRECTION ( 'NONE',  ( -0.000000000000000000, -1.000000000000000000, -0.000000000000000000 ) ) ;
#381 = CARTESIAN_POINT ( 'NONE',  ( -116.3397459621556038, -1.000000000000000000, 1.000000000000000000 ) ) ;
#382 = VERTEX_POINT ( 'NONE', #5649 ) ;
#383 = CARTESIAN_POINT ( 'NONE',  ( -71.33974596215561803, -1.000000000000000000, 11.00000000000000000 ) ) ;
#384 = ORIENTED_EDGE ( 'NONE', *, *, #5421, .F. ) ;
#385 = ORIENTED_EDGE ( 'NONE', *, *, #2222, .F. ) ;
#386 = FACE_BOUND ( 'NONE', #8167, .T. ) ;
#387 = CARTESIAN_POINT ( 'NONE',  ( 20.12461179749810825, 6.500000000000000000, 6.000000000000000000 ) ) ;
#388 = CARTESIAN_POINT ( 'NONE',  ( 118.2917960675006412, -0.4999999999999995559, 1.000000000000000000 ) ) ;
#389 = ORIENTED_EDGE ( 'NONE', *, *, #6988, .T. ) ;
#390 = DIRECTION ( 'NONE',  ( 0.000000000000000000, 0.000000000000000000, 1.000000000000000000 ) ) ;
#391 = ADVANCED_FACE ( 'NONE', ( #6382 ), #4513, .F. ) ;
#392 = ORIENTED_EDGE ( 'NONE', *, *, #4093, .F. ) ;
#393 = DIRECTION ( 'NONE',  ( 0.7617044925823831525, 0.000000000000000000, 0.6479245835587766900 ) ) ;
#394 = EDGE_LOOP ( 'NONE', ( #7539, #5154, #4887, #6037 ) ) ;
#395 = FACE_OUTER_BOUND ( 'NONE', #5189, .T. ) ;
#396 = CARTESIAN_POINT ( 'NONE',  ( 131.5000000000000000, -0.9329540716754320950, 1.213033231904807829 ) ) ;
#397 = DIRECTION ( 'NONE',  ( 0.000000000000000000, 1.000000000000000000, 0.000000000000000000 ) ) ;
#398 = EDGE_CURVE ( 'NONE', #3572, #98, #2973, .T. ) ;
#399 = ORIENTED_EDGE ( 'NONE', *, *, #7343, .T. ) ;
#400 = VECTOR ( 'NONE', #2534, 1000.000000000000000 ) ;
#401 = EDGE_CURVE ( 'NONE', #6143, #5445, #5627, .T. ) ;
#402 = CARTESIAN_POINT ( 'NONE',  ( 127.9832141033482884, 6.500000000000000000, 2.664663883791699828 ) ) ;
#403 = ADVANCED_FACE ( 'NONE', ( #1165 ), #3694, .F. ) ;
#404 = ORIENTED_EDGE ( 'NONE', *, *, #3453, .F. ) ;
#405 = CARTESIAN_POINT ( 'NONE',  ( -5.000000000000000000, 0.000000000000000000, 6.500000000000000000 ) ) ;
#406 = ORIENTED_EDGE ( 'NONE', *, *, #5795, .F. ) ;
#407 = CARTESIAN_POINT ( 'NONE',  ( 2.999999999999999112, 2.499999999999999556, 5.000000000000002665 ) ) ;
#408 = FACE_OUTER_BOUND ( 'NONE', #394, .T. ) ;
#409 = VECTOR ( 'NONE', #5294, 1000.000000000000000 ) ;
#410 = EDGE_CURVE ( 'NONE', #7736, #7088, #3122, .T. ) ;
#411 = CARTESIAN_POINT ( 'NONE',  ( 131.5000000000000000, -0.5000000000000000000, 0.5418045322075886183 ) ) ;
#412 = FACE_OUTER_BOUND ( 'NONE', #4112, .T. ) ;
#413 = CARTESIAN_POINT ( 'NONE',  ( 114.9999999999999858, -2.999999999999999556, 5.000000000000000000 ) ) ;
#414 = VECTOR ( 'NONE', #7663, 1000.000000000000000 ) ;
#415 = DIRECTION ( 'NONE',  ( 0.000000000000000000, 0.000000000000000000, 1.000000000000000000 ) ) ;
#416 = ORIENTED_EDGE ( 'NONE', *, *, #8086, .F. ) ;
#417 = CARTESIAN_POINT ( 'NONE',  ( 131.7122317325336383, 6.500000000000000000, -5.995493738531334493 ) ) ;
#418 = ORIENTED_EDGE ( 'NONE', *, *, #4814, .T. ) ;
#419 = AXIS2_PLACEMENT_3D ( 'NONE', #2021, #4650, #3222 ) ;
#420 = FACE_OUTER_BOUND ( 'NONE', #4712, .T. ) ;
#421 = DIRECTION ( 'NONE',  ( -0.000000000000000000, -1.000000000000000000, -0.000000000000000000 ) ) ;
#422 = AXIS2_PLACEMENT_3D ( 'NONE', #2195, #5945, #4832 ) ;
#423 = ORIENTED_EDGE ( 'NONE', *, *, #7187, .F. ) ;
#424 = CARTESIAN_POINT ( 'NONE',  ( -6.999999999999999112, 5.000000000000000000, 2.499999999999999556 ) ) ;
#425 = VERTEX_POINT ( 'NONE', #632 ) ;
#426 = EDGE_LOOP ( 'NONE', ( #817, #7075, #2849, #6721 ) ) ;
#427 = DIRECTION ( 'NONE',  ( 0.000000000000000000, -1.000000000000000000, 0.000000000000000000 ) ) ;
#428 = AXIS2_PLACEMENT_3D ( 'NONE', #4250, #5073, #3712 ) ;
#429 = CIRCLE ( 'NONE', #2427, 1.649999999999998579 ) ;
#430 = CARTESIAN_POINT ( 'NONE',  ( 118.2917960675006412, -1.000000000000000000, -6.000000000000000000 ) ) ;
#431 = DIRECTION ( 'NONE',  ( 0.000000000000000000, 0.000000000000000000, -1.000000000000000000 ) ) ;
#432 = EDGE_CURVE ( 'NONE', #7768, #7632, #6674, .T. ) ;
#433 = CIRCLE ( 'NONE', #8094, 1.000000000000000000 ) ;
#434 = ORIENTED_EDGE ( 'NONE', *, *, #4053, .F. ) ;
#435 = CARTESIAN_POINT ( 'NONE',  ( 83.35410196624968648, -1.000000000000000000, -3.000000000000000888 ) ) ;
#436 = ORIENTED_EDGE ( 'NONE', *, *, #717, .T. ) ;
#437 = AXIS2_PLACEMENT_3D ( 'NONE', #3040, #1086, #4860 ) ;
#438 = DIRECTION ( 'NONE',  ( 0.000000000000000000, 0.000000000000000000, -1.000000000000000000 ) ) ;
#439 = ORIENTED_EDGE ( 'NONE', *, *, #2928, .F. ) ;
#440 = AXIS2_PLACEMENT_3D ( 'NONE', #6867, #6085, #4928 ) ;
#441 = DIRECTION ( 'NONE',  ( -0.000000000000000000, -0.000000000000000000, 1.000000000000000000 ) ) ;
#442 = CARTESIAN_POINT ( 'NONE',  ( 42.50000000000000000, -2.999999999999999556, -4.336808689942017736E-15 ) ) ;
#443 = AXIS2_PLACEMENT_3D ( 'NONE', #3184, #4307, #7612 ) ;
#444 = CIRCLE ( 'NONE', #1773, 1.650000000000012568 ) ;
#445 = VECTOR ( 'NONE', #2974, 1000.000000000000000 ) ;
#446 = DIRECTION ( 'NONE',  ( 0.000000000000000000, 0.000000000000000000, 1.000000000000000000 ) ) ;
#447 = EDGE_LOOP ( 'NONE', ( #2059, #2835, #4565, #2211 ) ) ;
#448 = FACE_OUTER_BOUND ( 'NONE', #7520, .T. ) ;
#449 = ORIENTED_EDGE ( 'NONE', *, *, #6927, .F. ) ;
#450 = CARTESIAN_POINT ( 'NONE',  ( 125.0000000000000000, -2.299999999999998934, 0.000000000000000000 ) ) ;
#451 = DIRECTION ( 'NONE',  ( 0.000000000000000000, 0.000000000000000000, -1.000000000000000000 ) ) ;
#452 = EDGE_LOOP ( 'NONE', ( #6291, #4828, #8012, #4121 ) ) ;
#453 = AXIS2_PLACEMENT_3D ( 'NONE', #6553, #4726, #835 ) ;
#454 = CARTESIAN_POINT ( 'NONE',  ( 131.0359199994494475, -0.9374159737853080543, -1.292973166062809875 ) ) ;
#455 = AXIS2_PLACEMENT_3D ( 'NONE', #142, #4579, #7644 ) ;
#457 = AXIS2_PLACEMENT_3D ( 'NONE', #3105, #6295, #5636 ) ;
#456 = CARTESIAN_POINT ( 'NONE',  ( 11.69867057016164402, -0.7377490063425601319, 6.500000000000000888 ) ) ;
#458 = EDGE_CURVE ( 'NONE', #4639, #5500, #2702, .T. ) ;
#459 = ADVANCED_FACE ( 'NONE', ( #6457 ), #6546, .F. ) ;
#460 = AXIS2_PLACEMENT_3D ( 'NONE', #2001, #4515, #4241 ) ;
#461 = ADVANCED_FACE ( 'NONE', ( #7154 ), #4016, .F. ) ;
#462 = CARTESIAN_POINT ( 'NONE',  ( 131.5000000000000000, -1.005858742453800581, 0.6703277514398956471 ) ) ;
#463 = CARTESIAN_POINT ( 'NONE',  ( 30.79179606750063058, -1.000000000000000000, -6.000000000000000000 ) ) ;
#464 = DIRECTION ( 'NONE',  ( 0.000000000000000000, -1.000000000000000000, 0.000000000000000000 ) ) ;
#465 = CIRCLE ( 'NONE', #2054, 4.999999999999999112 ) ;
#466 = AXIS2_PLACEMENT_3D ( 'NONE', #6616, #2812, #945 ) ;
#467 = LINE ( 'NONE', #2944, #2293 ) ;
#468 = EDGE_CURVE ( 'NONE', #3621, #6350, #3104, .T. ) ;
#469 = ORIENTED_EDGE ( 'NONE', *, *, #1268, .F. ) ;
#470 = CYLINDRICAL_SURFACE ( 'NONE', #5452, 0.5000000000000000000 ) ;
#471 = EDGE_CURVE ( 'NONE', #2422, #6264, #4627, .T. ) ;
#472 = VECTOR ( 'NONE', #5361, 1000.000000000000000 ) ;
#473 = DIRECTION ( 'NONE',  ( 0.000000000000000000, 1.000000000000000000, 0.000000000000000000 ) ) ;
#474 = CIRCLE ( 'NONE', #5095, 0.5000000000000000000 ) ;
#475 = PLANE ( 'NONE',  #1126 ) ;
#476 = ORIENTED_EDGE ( 'NONE', *, *, #7125, .T. ) ;
#477 = CARTESIAN_POINT ( 'NONE',  ( -116.3397459621556038, -1.000000000000000000, -11.00000000000000000 ) ) ;
#478 = ORIENTED_EDGE ( 'NONE', *, *, #2693, .T. ) ;
#479 = EDGE_LOOP ( 'NONE', ( #2466, #486, #6430, #2661 ) ) ;
#480 = DIRECTION ( 'NONE',  ( 0.000000000000000000, 1.000000000000000000, 0.000000000000000000 ) ) ;
#481 = CARTESIAN_POINT ( 'NONE',  ( 76.64589803375031352, -0.5000000000000000000, 2.999999999999998668 ) ) ;
#482 = EDGE_LOOP ( 'NONE', ( #7550, #1622, #1045, #4942 ) ) ;
#483 = LINE ( 'NONE', #521, #5869 ) ;
#484 = VERTEX_POINT ( 'NONE', #4561 ) ;
#485 = DIRECTION ( 'NONE',  ( 0.000000000000000000, 0.000000000000000000, -1.000000000000000000 ) ) ;
#486 = ORIENTED_EDGE ( 'NONE', *, *, #612, .T. ) ;
#487 = LINE ( 'NONE', #6196, #834 ) ;
#488 = CARTESIAN_POINT ( 'NONE',  ( 20.12461179749810825, -0.5000000000000000000, 6.000000000000000000 ) ) ;
#489 = CARTESIAN_POINT ( 'NONE',  ( -15.10456796088380216, -1.500000000000000000, 6.500000000000000000 ) ) ;
#490 = ORIENTED_EDGE ( 'NONE', *, *, #6025, .T. ) ;
#491 = DIRECTION ( 'NONE',  ( -0.000000000000000000, -1.000000000000000000, -0.000000000000000000 ) ) ;
#492 = ORIENTED_EDGE ( 'NONE', *, *, #7383, .T. ) ;
#493 = VECTOR ( 'NONE', #1526, 1000.000000000000000 ) ;
#494 = CARTESIAN_POINT ( 'NONE',  ( 14.35660390792061669, -1.500000000000000000, -6.500000000000000000 ) ) ;
#495 = DIRECTION ( 'NONE',  ( -0.000000000000000000, 0.000000000000000000, -1.000000000000000000 ) ) ;
#496 = DIRECTION ( 'NONE',  ( 0.000000000000000000, 0.000000000000000000, 1.000000000000000000 ) ) ;
#497 = CARTESIAN_POINT ( 'NONE',  ( 118.2917960675006412, -1.000000000000000000, -6.000000000000000000 ) ) ;
#498 = DIRECTION ( 'NONE',  ( 1.000000000000000000, -0.000000000000000000, 0.000000000000000000 ) ) ;
#499 = CYLINDRICAL_SURFACE ( 'NONE', #957, 5.000000000000000000 ) ;
#500 = CARTESIAN_POINT ( 'NONE',  ( -90.00000000000001421, -2.999999999999999556, -4.999999999999999112 ) ) ;
#501 = EDGE_CURVE ( 'NONE', #5666, #6608, #244, .T. ) ;
#502 = FACE_OUTER_BOUND ( 'NONE', #6889, .T. ) ;
#503 = EDGE_CURVE ( 'NONE', #7088, #2592, #7697, .T. ) ;
#504 = VERTEX_POINT ( 'NONE', #909 ) ;
#505 = CARTESIAN_POINT ( 'NONE',  ( 73.29179606750062703, 6.500000000000000000, 1.000000000000000000 ) ) ;
#506 = CARTESIAN_POINT ( 'NONE',  ( -116.3397459621556038, -0.5000000000000000000, 11.00000000000000000 ) ) ;
#507 = ADVANCED_FACE ( 'NONE', ( #2117 ), #5296, .T. ) ;
#508 = CARTESIAN_POINT ( 'NONE',  ( 125.0000000000000000, -2.299999999999998934, 0.000000000000000000 ) ) ;
#509 = AXIS2_PLACEMENT_3D ( 'NONE', #5379, #6072, #6737 ) ;
#510 = VERTEX_POINT ( 'NONE', #2045 ) ;
#511 = EDGE_CURVE ( 'NONE', #2025, #4978, #5871, .T. ) ;
#512 = DIRECTION ( 'NONE',  ( 0.000000000000000000, 0.000000000000000000, 1.000000000000000000 ) ) ;
#513 = EDGE_CURVE ( 'NONE', #3535, #3748, #5353, .T. ) ;
#514 = ORIENTED_EDGE ( 'NONE', *, *, #3895, .T. ) ;
#515 = ORIENTED_EDGE ( 'NONE', *, *, #1688, .F. ) ;
#516 = DIRECTION ( 'NONE',  ( 1.000000000000000000, 0.000000000000000000, 0.000000000000000000 ) ) ;
#517 = LINE ( 'NONE', #5022, #7149 ) ;
#518 = EDGE_CURVE ( 'NONE', #573, #5847, #6142, .T. ) ;
#519 = FACE_OUTER_BOUND ( 'NONE', #1974, .T. ) ;
#520 = ORIENTED_EDGE ( 'NONE', *, *, #7595, .F. ) ;
#521 = CARTESIAN_POINT ( 'NONE',  ( -15.81168588946338360, -1.000000000000000000, 4.666666666666668739 ) ) ;
#522 = VERTEX_POINT ( 'NONE', #2817 ) ;
#523 = CARTESIAN_POINT ( 'NONE',  ( 44.20820393249938718, -1.000000000000000000, 6.000000000000000000 ) ) ;
#524 = ORIENTED_EDGE ( 'NONE', *, *, #1933, .T. ) ;
#525 = DIRECTION ( 'NONE',  ( 0.000000000000000000, 1.000000000000000000, 0.000000000000000000 ) ) ;
#526 = DIRECTION ( 'NONE',  ( -0.000000000000000000, 1.000000000000000000, -0.000000000000000000 ) ) ;
#527 = DIRECTION ( 'NONE',  ( 0.000000000000000000, 1.000000000000000000, 0.000000000000000000 ) ) ;
#528 = ORIENTED_EDGE ( 'NONE', *, *, #5007, .F. ) ;
#529 = DIRECTION ( 'NONE',  ( 0.000000000000000000, 1.000000000000000000, 0.000000000000000000 ) ) ;
#530 = ORIENTED_EDGE ( 'NONE', *, *, #252, .F. ) ;
#531 = CARTESIAN_POINT ( 'NONE',  ( 12.28781454294719033, -0.8638231323013043639, -6.499999999999998224 ) ) ;
#532 = FACE_OUTER_BOUND ( 'NONE', #3466, .T. ) ;
#533 = AXIS2_PLACEMENT_3D ( 'NONE', #3905, #7041, #5137 ) ;
#534 = FACE_OUTER_BOUND ( 'NONE', #7344, .T. ) ;
#535 = DIRECTION ( 'NONE',  ( 0.000000000000000000, 0.000000000000000000, -1.000000000000000000 ) ) ;
#536 = DIRECTION ( 'NONE',  ( 0.000000000000000000, 0.000000000000000000, 1.000000000000000000 ) ) ;
#537 = CIRCLE ( 'NONE', #4364, 4.999999999999999112 ) ;
#538 = EDGE_CURVE ( 'NONE', #3575, #7933, #4592, .T. ) ;
#539 = DIRECTION ( 'NONE',  ( 1.000000000000000000, -0.000000000000000000, 0.000000000000000000 ) ) ;
#540 = VECTOR ( 'NONE', #4177, 1000.000000000000000 ) ;
#541 = DIRECTION ( 'NONE',  ( 1.000000000000000000, 0.000000000000000000, 0.000000000000000000 ) ) ;
#542 = DIRECTION ( 'NONE',  ( 0.000000000000000000, 1.000000000000000000, -0.000000000000000000 ) ) ;
#543 = ORIENTED_EDGE ( 'NONE', *, *, #5014, .T. ) ;
#544 = AXIS2_PLACEMENT_3D ( 'NONE', #7324, #4263, #7938 ) ;
#545 = DIRECTION ( 'NONE',  ( 0.7857142857142839221, 0.000000000000000000, 0.6185895741317443131 ) ) ;
#546 = CARTESIAN_POINT ( 'NONE',  ( 131.4999999999999716, -0.7655860215663679025, -0.5418045322075868420 ) ) ;
#547 = DIRECTION ( 'NONE',  ( -1.000000000000000000, 0.000000000000000000, 0.000000000000000000 ) ) ;
#548 = AXIS2_PLACEMENT_3D ( 'NONE', #1720, #5532, #2428 ) ;
#549 = VERTEX_POINT ( 'NONE', #7039 ) ;
#550 = CARTESIAN_POINT ( 'NONE',  ( 129.5000000000000000, 6.500000000000000000, -6.500000000000000000 ) ) ;
#551 = ORIENTED_EDGE ( 'NONE', *, *, #5900, .F. ) ;
#552 = AXIS2_PLACEMENT_3D ( 'NONE', #1019, #4169, #3550 ) ;
#553 = ORIENTED_EDGE ( 'NONE', *, *, #2480, .F. ) ;
#554 = AXIS2_PLACEMENT_3D ( 'NONE', #6678, #2212, #4725 ) ;
#555 = DIRECTION ( 'NONE',  ( 0.000000000000000000, 0.000000000000000000, 1.000000000000000000 ) ) ;
#556 = CARTESIAN_POINT ( 'NONE',  ( 47.50000000000000000, -2.999999999999999556, -4.999999999999997335 ) ) ;
#557 = EDGE_CURVE ( 'NONE', #3735, #2933, #3935, .T. ) ;
#558 = EDGE_CURVE ( 'NONE', #1948, #5033, #3903, .T. ) ;
#559 = CARTESIAN_POINT ( 'NONE',  ( 131.5000000000000000, -6.500000000000000000, -6.500000000000000000 ) ) ;
#560 = ADVANCED_FACE ( 'NONE', ( #784 ), #209, .F. ) ;
#561 = VERTEX_POINT ( 'NONE', #2085 ) ;
#562 = DIRECTION ( 'NONE',  ( 0.000000000000000000, 0.000000000000000000, -1.000000000000000000 ) ) ;
#563 = EDGE_LOOP ( 'NONE', ( #2629, #1170, #1002, #7826 ) ) ;
#564 = DIRECTION ( 'NONE',  ( 0.000000000000000000, -0.000000000000000000, -1.000000000000000000 ) ) ;
#565 = VERTEX_POINT ( 'NONE', #7116 ) ;
#566 = CIRCLE ( 'NONE', #3862, 4.999999999999999112 ) ;
#567 = EDGE_CURVE ( 'NONE', #5729, #2502, #161, .T. ) ;
#568 = LINE ( 'NONE', #7480, #4013 ) ;
#569 = LINE ( 'NONE', #3794, #6110 ) ;
#570 = AXIS2_PLACEMENT_3D ( 'NONE', #2645, #1472, #2108 ) ;
#571 = AXIS2_PLACEMENT_3D ( 'NONE', #5571, #7473, #3491 ) ;
#572 = DIRECTION ( 'NONE',  ( 0.000000000000000000, 0.000000000000000000, 1.000000000000000000 ) ) ;
#573 = VERTEX_POINT ( 'NONE', #6791 ) ;
#574 = DIRECTION ( 'NONE',  ( 1.000000000000000000, 0.000000000000000000, 0.000000000000000000 ) ) ;
#575 = VERTEX_POINT ( 'NONE', #3567 ) ;
#576 = DIRECTION ( 'NONE',  ( -1.000000000000000000, -0.000000000000000000, -0.000000000000000000 ) ) ;
#577 = DIRECTION ( 'NONE',  ( 0.000000000000000000, -1.000000000000000000, 0.000000000000000000 ) ) ;
#578 = CIRCLE ( 'NONE', #5047, 10.00000000000000000 ) ;
#579 = CIRCLE ( 'NONE', #5850, 4.500000000000000888 ) ;
#580 = CARTESIAN_POINT ( 'NONE',  ( 27.50000000000000000, -2.999999999999999556, -8.673617379884035472E-16 ) ) ;
#581 = CARTESIAN_POINT ( 'NONE',  ( -127.5916983342350051, -0.5000000000000000000, -3.046817970329624092 ) ) ;
#582 = CARTESIAN_POINT ( 'NONE',  ( -125.0000000000000000, -1.000000000000000000, 0.000000000000000000 ) ) ;
#583 = CIRCLE ( 'NONE', #3623, 2.750000000000000000 ) ;
#584 = CARTESIAN_POINT ( 'NONE',  ( -125.0000000000000000, -2.299999999999998934, 0.000000000000000000 ) ) ;
#585 = VERTEX_POINT ( 'NONE', #3027 ) ;
#586 = VECTOR ( 'NONE', #7246, 1000.000000000000000 ) ;
#587 = VECTOR ( 'NONE', #1984, 1000.000000000000000 ) ;
#588 = DIRECTION ( 'NONE',  ( 1.000000000000000000, -0.000000000000000000, 0.000000000000000000 ) ) ;
#589 = CIRCLE ( 'NONE', #5484, 0.5000000000000004441 ) ;
#590 = ADVANCED_FACE ( 'NONE', ( #6004 ), #7243, .T. ) ;
#591 = AXIS2_PLACEMENT_3D ( 'NONE', #7682, #2026, #4539 ) ;
#592 = CARTESIAN_POINT ( 'NONE',  ( 131.5000000000000000, -0.5000000000000000000, -0.5418045322075869530 ) ) ;
#593 = CIRCLE ( 'NONE', #5214, 1.500000000000000444 ) ;
#594 = CIRCLE ( 'NONE', #8120, 2.750000000000000000 ) ;
#595 = AXIS2_PLACEMENT_3D ( 'NONE', #3147, #4337, #29 ) ;
#596 = DIRECTION ( 'NONE',  ( 0.000000000000000000, 0.000000000000000000, -1.000000000000000000 ) ) ;
#597 = EDGE_LOOP ( 'NONE', ( #2097, #3961, #6771, #8134, #3267, #4132, #7660, #4326, #4157, #2857 ) ) ;
#598 = CARTESIAN_POINT ( 'NONE',  ( -3.999999999999999112, -5.000000000000000888, 6.500000000000000000 ) ) ;
#599 = ORIENTED_EDGE ( 'NONE', *, *, #1988, .F. ) ;
#600 = ORIENTED_EDGE ( 'NONE', *, *, #2112, .T. ) ;
#601 = AXIS2_PLACEMENT_3D ( 'NONE', #6949, #8182, #5706 ) ;
#602 = CARTESIAN_POINT ( 'NONE',  ( -5.999999999999999112, 4.000000000000000000, -2.499999999999999556 ) ) ;
#603 = CARTESIAN_POINT ( 'NONE',  ( 0.000000000000000000, -2.999999999999999556, 0.000000000000000000 ) ) ;
#604 = DIRECTION ( 'NONE',  ( 0.000000000000000000, 0.000000000000000000, 1.000000000000000000 ) ) ;
#605 = ORIENTED_EDGE ( 'NONE', *, *, #2537, .T. ) ;
#606 = ORIENTED_EDGE ( 'NONE', *, *, #3966, .F. ) ;
#607 = CARTESIAN_POINT ( 'NONE',  ( -122.2163469164071472, -0.5000000000000000000, 3.535714285714284255 ) ) ;
#608 = ORIENTED_EDGE ( 'NONE', *, *, #760, .T. ) ;
#609 = EDGE_CURVE ( 'NONE', #7952, #5000, #5397, .T. ) ;
#610 = EDGE_CURVE ( 'NONE', #7556, #7912, #822, .T. ) ;
#611 = ORIENTED_EDGE ( 'NONE', *, *, #7830, .T. ) ;
#612 = EDGE_CURVE ( 'NONE', #7271, #6782, #1758, .T. ) ;
#613 = CARTESIAN_POINT ( 'NONE',  ( -71.33974596215561803, 6.500000000000000000, 11.00000000000000000 ) ) ;
#614 = DIRECTION ( 'NONE',  ( 0.000000000000000000, 0.000000000000000000, -1.000000000000000000 ) ) ;
#615 = ADVANCED_FACE ( 'NONE', ( #2371 ), #499, .F. ) ;
#616 = AXIS2_PLACEMENT_3D ( 'NONE', #4926, #7986, #4312 ) ;
#617 = ORIENTED_EDGE ( 'NONE', *, *, #2975, .F. ) ;
#618 = CARTESIAN_POINT ( 'NONE',  ( 131.0000000000000000, -1.500000000000000000, -1.552214998774809951 ) ) ;
#619 = EDGE_LOOP ( 'NONE', ( #5412, #1716, #7496, #4134, #3733, #3727 ) ) ;
#620 = CYLINDRICAL_SURFACE ( 'NONE', #595, 0.5000000000000004441 ) ;
#621 = FACE_OUTER_BOUND ( 'NONE', #2748, .T. ) ;
#622 = EDGE_CURVE ( 'NONE', #1948, #7624, #5981, .T. ) ;
#623 = DIRECTION ( 'NONE',  ( 0.000000000000000000, 0.000000000000000000, 1.000000000000000000 ) ) ;
#624 = CARTESIAN_POINT ( 'NONE',  ( 131.0202799067595834, -1.000000000000000888, 1.419196698188609718 ) ) ;
#625 = CARTESIAN_POINT ( 'NONE',  ( -75.00000000000000000, -2.999999999999999556, 1.734723475976807094E-15 ) ) ;
#626 = DIRECTION ( 'NONE',  ( 0.000000000000000000, 0.000000000000000000, -1.000000000000000000 ) ) ;
#627 = VECTOR ( 'NONE', #4466, 1000.000000000000000 ) ;
#628 = DIRECTION ( 'NONE',  ( -0.000000000000000000, -0.000000000000000000, 1.000000000000000000 ) ) ;
#629 = ORIENTED_EDGE ( 'NONE', *, *, #6976, .F. ) ;
#630 = LINE ( 'NONE', #4347, #2841 ) ;
#631 = DIRECTION ( 'NONE',  ( 0.000000000000000000, 0.000000000000000000, 1.000000000000000000 ) ) ;
#632 = CARTESIAN_POINT ( 'NONE',  ( 80.00000000000000000, -6.500000000000000000, 3.750000000000006217 ) ) ;
#633 = ORIENTED_EDGE ( 'NONE', *, *, #5258, .T. ) ;
#634 = CARTESIAN_POINT ( 'NONE',  ( 129.5000000000000000, -1.500000000000000444, 4.500000000000000000 ) ) ;
#635 = ORIENTED_EDGE ( 'NONE', *, *, #1945, .F. ) ;
#636 = ORIENTED_EDGE ( 'NONE', *, *, #2342, .T. ) ;
#637 = CARTESIAN_POINT ( 'NONE',  ( 14.35660390792061669, -1.500000000000000000, 6.500000000000000000 ) ) ;
#638 = CARTESIAN_POINT ( 'NONE',  ( 80.00000000000000000, -1.000000000000000000, 0.000000000000000000 ) ) ;
#639 = VERTEX_POINT ( 'NONE', #5553 ) ;
#640 = ADVANCED_FACE ( 'NONE', ( #412 ), #5468, .T. ) ;
#641 = VERTEX_POINT ( 'NONE', #7940 ) ;
#642 = CARTESIAN_POINT ( 'NONE',  ( 73.29179606750062703, -1.000000000000000000, 6.000000000000000000 ) ) ;
#643 = ORIENTED_EDGE ( 'NONE', *, *, #4896, .F. ) ;
#644 = ORIENTED_EDGE ( 'NONE', *, *, #6111, .F. ) ;
#645 = CARTESIAN_POINT ( 'NONE',  ( -80.00000000000000000, 6.500000000000000000, 1.649999999999998579 ) ) ;
#646 = DIRECTION ( 'NONE',  ( 0.000000000000000000, -1.000000000000000000, 0.000000000000000000 ) ) ;
#647 = EDGE_CURVE ( 'NONE', #3275, #6314, #5320, .T. ) ;
#648 = CARTESIAN_POINT ( 'NONE',  ( 5.999999999999999112, -2.499999999999999556, -4.999999999999997335 ) ) ;
#649 = ORIENTED_EDGE ( 'NONE', *, *, #7382, .F. ) ;
#650 = CARTESIAN_POINT ( 'NONE',  ( 131.0000000000000000, -0.5000000000000000000, 0.5418045322075886183 ) ) ;
#651 = VERTEX_POINT ( 'NONE', #2282 ) ;
#652 = CARTESIAN_POINT ( 'NONE',  ( -131.5000000000000284, -0.6355314463147544446, -0.6229813658380588537 ) ) ;
#653 = DIRECTION ( 'NONE',  ( -0.6185895741317443131, 0.000000000000000000, -0.7857142857142839221 ) ) ;
#654 = DIRECTION ( 'NONE',  ( 0.000000000000000000, 0.000000000000000000, -1.000000000000000000 ) ) ;
#655 = CYLINDRICAL_SURFACE ( 'NONE', #7948, 0.5000000000000000000 ) ;
#656 = EDGE_CURVE ( 'NONE', #4328, #86, #5185, .T. ) ;
#657 = EDGE_CURVE ( 'NONE', #6201, #5186, #433, .T. ) ;
#658 = EDGE_CURVE ( 'NONE', #2933, #2430, #998, .T. ) ;
#659 = DIRECTION ( 'NONE',  ( -0.6185895741317435359, 0.000000000000000000, -0.7857142857142844772 ) ) ;
#660 = CARTESIAN_POINT ( 'NONE',  ( 131.0000000000000000, -0.5000000000000000000, -0.5418045322075861758 ) ) ;
#661 = DIRECTION ( 'NONE',  ( 4.163336342344337815E-15, 0.000000000000000000, 1.000000000000000000 ) ) ;
#662 = EDGE_LOOP ( 'NONE', ( #6056, #7033, #1335, #528 ) ) ;
#663 = DIRECTION ( 'NONE',  ( -1.000000000000000000, 4.336808689942017736E-16, 0.000000000000000000 ) ) ;
#664 = ADVANCED_FACE ( 'NONE', ( #8063 ), #6621, .F. ) ;
#665 = CARTESIAN_POINT ( 'NONE',  ( -131.5000000000000000, -6.500000000000000000, -6.500000000000000000 ) ) ;
#666 = CIRCLE ( 'NONE', #8064, 0.4999999999999986677 ) ;
#667 = DIRECTION ( 'NONE',  ( -1.000000000000000000, 0.000000000000000000, 0.000000000000000000 ) ) ;
#668 = ORIENTED_EDGE ( 'NONE', *, *, #7173, .F. ) ;
#669 = AXIS2_PLACEMENT_3D ( 'NONE', #5522, #6753, #3573 ) ;
#670 = DIRECTION ( 'NONE',  ( 0.000000000000000000, 0.000000000000000000, 1.000000000000000000 ) ) ;
#671 = ORIENTED_EDGE ( 'NONE', *, *, #2387, .T. ) ;
#672 = ORIENTED_EDGE ( 'NONE', *, *, #1560, .F. ) ;
#673 = CARTESIAN_POINT ( 'NONE',  ( 14.13556936188274094, -1.062284658446888352, 6.500000000000000000 ) ) ;
#674 = DIRECTION ( 'NONE',  ( 0.000000000000000000, 1.000000000000000000, 0.000000000000000000 ) ) ;
#675 = VECTOR ( 'NONE', #2901, 1000.000000000000000 ) ;
#676 = ORIENTED_EDGE ( 'NONE', *, *, #298, .F. ) ;
#677 = EDGE_LOOP ( 'NONE', ( #6878, #5808 ) ) ;
#678 = FACE_OUTER_BOUND ( 'NONE', #6750, .T. ) ;
#679 = ORIENTED_EDGE ( 'NONE', *, *, #2291, .F. ) ;
#680 = VERTEX_POINT ( 'NONE', #4264 ) ;
#681 = CARTESIAN_POINT ( 'NONE',  ( 37.50000000000000711, -2.299999999999998934, 0.000000000000000000 ) ) ;
#682 = EDGE_CURVE ( 'NONE', #6354, #7912, #2423, .T. ) ;
#683 = CARTESIAN_POINT ( 'NONE',  ( -131.0919029951645882, -0.9038149335586995736, -1.325506670664755582 ) ) ;
#684 = FACE_OUTER_BOUND ( 'NONE', #7210, .T. ) ;
#685 = CARTESIAN_POINT ( 'NONE',  ( -6.999999999999999112, 1.887458608817687900, -6.500000000000000000 ) ) ;
#686 = ORIENTED_EDGE ( 'NONE', *, *, #6177, .F. ) ;
#687 = AXIS2_PLACEMENT_3D ( 'NONE', #1341, #184, #5239 ) ;
#688 = LINE ( 'NONE', #1822, #2445 ) ;
#689 = ORIENTED_EDGE ( 'NONE', *, *, #610, .F. ) ;
#690 = DIRECTION ( 'NONE',  ( 0.000000000000000000, 0.000000000000000000, 1.000000000000000000 ) ) ;
#691 = CARTESIAN_POINT ( 'NONE',  ( -15.10456796088380216, -1.500000000000000000, -6.500000000000000000 ) ) ;
#692 = AXIS2_PLACEMENT_3D ( 'NONE', #1955, #4341, #659 ) ;
#693 = DIRECTION ( 'NONE',  ( 0.000000000000000000, -1.000000000000000000, 0.000000000000000000 ) ) ;
#694 = CARTESIAN_POINT ( 'NONE',  ( 5.999999999999999112, 2.499999999999999556, -4.999999999999997335 ) ) ;
#695 = VECTOR ( 'NONE', #1966, 1000.000000000000000 ) ;
#696 = AXIS2_PLACEMENT_3D ( 'NONE', #5814, #5980, #2964 ) ;
#697 = DIRECTION ( 'NONE',  ( 0.000000000000000000, 0.000000000000000000, -1.000000000000000000 ) ) ;
#698 = LINE ( 'NONE', #1956, #627 ) ;
#699 = DIRECTION ( 'NONE',  ( 0.000000000000000000, 0.000000000000000000, 1.000000000000000000 ) ) ;
#700 = VECTOR ( 'NONE', #6319, 1000.000000000000000 ) ;
#701 = ORIENTED_EDGE ( 'NONE', *, *, #2065, .T. ) ;
#702 = CIRCLE ( 'NONE', #4003, 5.000000000000000000 ) ;
#703 = ADVANCED_FACE ( 'NONE', ( #2942 ), #5642, .T. ) ;
#704 = EDGE_CURVE ( 'NONE', #2320, #522, #3152, .T. ) ;
#705 = FACE_OUTER_BOUND ( 'NONE', #3964, .T. ) ;
#706 = EDGE_CURVE ( 'NONE', #2297, #5928, #3688, .T. ) ;
#707 = CARTESIAN_POINT ( 'NONE',  ( 13.83280989791787441, -0.9769678937872271485, -6.143072357783735171 ) ) ;
#708 = TOROIDAL_SURFACE ( 'NONE', #7450, 4.500000000000003553, 0.5000000000000000000 ) ;
#709 = CARTESIAN_POINT ( 'NONE',  ( -122.5256417034730134, 6.500000000000000000, 3.142857142857138797 ) ) ;
#710 = EDGE_CURVE ( 'NONE', #7786, #7596, #4706, .T. ) ;
#711 = DIRECTION ( 'NONE',  ( 0.000000000000000000, 1.000000000000000000, 0.000000000000000000 ) ) ;
#712 = AXIS2_PLACEMENT_3D ( 'NONE', #1474, #2807, #5334 ) ;
#713 = ORIENTED_EDGE ( 'NONE', *, *, #1068, .F. ) ;
#714 = CARTESIAN_POINT ( 'NONE',  ( -2.999999999999999112, -5.000000000000001776, 2.499999999999999556 ) ) ;
#715 = ORIENTED_EDGE ( 'NONE', *, *, #3391, .T. ) ;
#716 = ORIENTED_EDGE ( 'NONE', *, *, #6328, .F. ) ;
#717 = EDGE_CURVE ( 'NONE', #7388, #7105, #8187, .T. ) ;
#718 = VECTOR ( 'NONE', #1987, 1000.000000000000000 ) ;
#719 = AXIS2_PLACEMENT_3D ( 'NONE', #5524, #5559, #5483 ) ;
#720 = DIRECTION ( 'NONE',  ( 0.000000000000000000, -0.000000000000000000, 1.000000000000000000 ) ) ;
#721 = VECTOR ( 'NONE', #4868, 1000.000000000000000 ) ;
#722 = CARTESIAN_POINT ( 'NONE',  ( -3.999999999999999112, 4.999999999999999112, -6.500000000000000000 ) ) ;
#723 = AXIS2_PLACEMENT_3D ( 'NONE', #5263, #3648, #2982 ) ;
#724 = AXIS2_PLACEMENT_3D ( 'NONE', #4060, #7813, #5921 ) ;
#725 = VERTEX_POINT ( 'NONE', #6905 ) ;
#726 = ORIENTED_EDGE ( 'NONE', *, *, #6681, .F. ) ;
#727 = DIRECTION ( 'NONE',  ( -1.000000000000000000, 0.000000000000000000, -0.000000000000000000 ) ) ;
#728 = EDGE_LOOP ( 'NONE', ( #4439, #6119, #1540, #3469 ) ) ;
#729 = AXIS2_PLACEMENT_3D ( 'NONE', #2619, #7744, #1371 ) ;
#730 = AXIS2_PLACEMENT_3D ( 'NONE', #5640, #6205, #7401 ) ;
#731 = VERTEX_POINT ( 'NONE', #1281 ) ;
#732 = LINE ( 'NONE', #7715, #3232 ) ;
#733 = PLANE ( 'NONE',  #5182 ) ;
#734 = DIRECTION ( 'NONE',  ( 0.000000000000000000, 0.000000000000000000, -1.000000000000000000 ) ) ;
#735 = CIRCLE ( 'NONE', #3910, 0.5000000000000004441 ) ;
#736 = CARTESIAN_POINT ( 'NONE',  ( -6.999999999999999112, -5.000000000000000000, -2.499999999999999556 ) ) ;
#737 = ORIENTED_EDGE ( 'NONE', *, *, #4125, .T. ) ;
#738 = DIRECTION ( 'NONE',  ( -0.000000000000000000, 1.000000000000000000, -0.000000000000000000 ) ) ;
#739 = ORIENTED_EDGE ( 'NONE', *, *, #3185, .F. ) ;
#740 = DIRECTION ( 'NONE',  ( 3.469446951953614189E-15, 0.000000000000000000, 1.000000000000000000 ) ) ;
#741 = DIRECTION ( 'NONE',  ( -1.000000000000000000, 0.000000000000000000, 0.000000000000000000 ) ) ;
#742 = CARTESIAN_POINT ( 'NONE',  ( 131.0647483393212553, -0.5000000000000000000, 1.037594460055200729 ) ) ;
#743 = CARTESIAN_POINT ( 'NONE',  ( -122.5256417034730134, -1.000000000000000000, 3.142857142857141017 ) ) ;
#744 = ORIENTED_EDGE ( 'NONE', *, *, #2530, .T. ) ;
#745 = LINE ( 'NONE', #2110, #6252 ) ;
#746 = FACE_OUTER_BOUND ( 'NONE', #2893, .T. ) ;
#747 = VERTEX_POINT ( 'NONE', #3188 ) ;
#748 = DIRECTION ( 'NONE',  ( 0.000000000000000000, 0.000000000000000000, 1.000000000000000000 ) ) ;
#749 = CARTESIAN_POINT ( 'NONE',  ( 12.25419944271882855, -0.7211855279666569141, -6.442475038023512290 ) ) ;
#750 = DIRECTION ( 'NONE',  ( 9.462128050782584868E-16, 0.000000000000000000, 1.000000000000000000 ) ) ;
#751 = EDGE_CURVE ( 'NONE', #2422, #3762, #7614, .T. ) ;
#752 = CARTESIAN_POINT ( 'NONE',  ( -23.55047706695932064, -1.000000000000000000, 1.500000000000000000 ) ) ;
#753 = DIRECTION ( 'NONE',  ( 0.000000000000000000, 0.000000000000000000, -1.000000000000000000 ) ) ;
#754 = EDGE_LOOP ( 'NONE', ( #1709, #1843, #7669, #2628 ) ) ;
#755 = ORIENTED_EDGE ( 'NONE', *, *, #8080, .F. ) ;
#756 = FACE_BOUND ( 'NONE', #1497, .T. ) ;
#757 = DIRECTION ( 'NONE',  ( 0.000000000000000000, 0.000000000000000000, -1.000000000000000000 ) ) ;
#758 = ORIENTED_EDGE ( 'NONE', *, *, #7007, .T. ) ;
#759 = EDGE_CURVE ( 'NONE', #1813, #7011, #3343, .T. ) ;
#760 = EDGE_CURVE ( 'NONE', #1778, #6185, #7525, .T. ) ;
#761 = VERTEX_POINT ( 'NONE', #5594 ) ;
#762 = LINE ( 'NONE', #1384, #6808 ) ;
#763 = ORIENTED_EDGE ( 'NONE', *, *, #4440, .F. ) ;
#764 = ORIENTED_EDGE ( 'NONE', *, *, #6324, .F. ) ;
#765 = DIRECTION ( 'NONE',  ( 0.000000000000000000, 0.000000000000000000, 1.000000000000000000 ) ) ;
#766 = EDGE_CURVE ( 'NONE', #2603, #7528, #3479, .T. ) ;
#767 = CARTESIAN_POINT ( 'NONE',  ( -131.5000000000000000, -1.379731330420287838, -1.154942539246395672 ) ) ;
#768 = DIRECTION ( 'NONE',  ( 0.000000000000000000, 0.000000000000000000, 1.000000000000000000 ) ) ;
#769 = CARTESIAN_POINT ( 'NONE',  ( -77.52564170347304184, -0.5000000000000000000, -3.142857142857147679 ) ) ;
#770 = ORIENTED_EDGE ( 'NONE', *, *, #7277, .F. ) ;
#771 = CYLINDRICAL_SURFACE ( 'NONE', #455, 1.000000000000000000 ) ;
#772 = VERTEX_POINT ( 'NONE', #3724 ) ;
#773 = FACE_OUTER_BOUND ( 'NONE', #3125, .T. ) ;
#774 = DIRECTION ( 'NONE',  ( -0.000000000000000000, 1.000000000000000000, -0.000000000000000000 ) ) ;
#775 = CARTESIAN_POINT ( 'NONE',  ( 131.4999999999999716, -0.5733301433914428369, 0.9807522092835687655 ) ) ;
#776 = DIRECTION ( 'NONE',  ( 0.000000000000000000, 1.000000000000000000, -0.000000000000000000 ) ) ;
#777 = VERTEX_POINT ( 'NONE', #625 ) ;
#778 = CARTESIAN_POINT ( 'NONE',  ( 131.0000000000000000, -1.500000000000000000, 4.500000000000000000 ) ) ;
#779 = CARTESIAN_POINT ( 'NONE',  ( -2.999999999999999112, -4.000000000000001776, 6.500000000000000000 ) ) ;
#780 = VERTEX_POINT ( 'NONE', #5092 ) ;
#781 = CARTESIAN_POINT ( 'NONE',  ( 131.0196621067313458, -0.9871992397068917180, -1.417524272515229722 ) ) ;
#782 = EDGE_CURVE ( 'NONE', #2970, #6422, #4265, .T. ) ;
#783 = DIRECTION ( 'NONE',  ( 1.000000000000000000, 0.000000000000000000, 0.000000000000000000 ) ) ;
#784 = FACE_OUTER_BOUND ( 'NONE', #6318, .T. ) ;
#785 = FACE_OUTER_BOUND ( 'NONE', #7055, .T. ) ;
#786 = DIRECTION ( 'NONE',  ( 0.000000000000000000, -1.000000000000000000, 0.000000000000000000 ) ) ;
#787 = VERTEX_POINT ( 'NONE', #581 ) ;
#788 = VERTEX_POINT ( 'NONE', #7566 ) ;
#789 = CARTESIAN_POINT ( 'NONE',  ( -125.0000000000000000, -1.000000000000000000, 0.000000000000000000 ) ) ;
#790 = CARTESIAN_POINT ( 'NONE',  ( 118.2917960675006412, -1.000000000000000000, 1.500000000000000000 ) ) ;
#791 = ORIENTED_EDGE ( 'NONE', *, *, #1977, .T. ) ;
#792 = CARTESIAN_POINT ( 'NONE',  ( -88.66025403784438197, 6.500000000000000000, 1.000000000000000000 ) ) ;
#793 = ORIENTED_EDGE ( 'NONE', *, *, #2393, .T. ) ;
#794 = VERTEX_POINT ( 'NONE', #3845 ) ;
#795 = EDGE_CURVE ( 'NONE', #7944, #2897, #5709, .T. ) ;
#796 = AXIS2_PLACEMENT_3D ( 'NONE', #7278, #2940, #6171 ) ;
#797 = DIRECTION ( 'NONE',  ( 0.000000000000000000, 1.000000000000000000, 0.000000000000000000 ) ) ;
#798 = EDGE_CURVE ( 'NONE', #1630, #6022, #7432, .T. ) ;
#799 = EDGE_CURVE ( 'NONE', #5131, #3748, #4465, .T. ) ;
#800 = CARTESIAN_POINT ( 'NONE',  ( -131.5000000000000000, -1.307629869569016057, -1.037851523769986795 ) ) ;
#801 = CARTESIAN_POINT ( 'NONE',  ( -114.9999999999999858, -2.999999999999999556, 8.673617379884035472E-16 ) ) ;
#802 = LINE ( 'NONE', #4535, #6613 ) ;
#803 = ORIENTED_EDGE ( 'NONE', *, *, #4491, .T. ) ;
#804 = VECTOR ( 'NONE', #7003, 1000.000000000000000 ) ;
#805 = EDGE_CURVE ( 'NONE', #201, #88, #7299, .T. ) ;
#806 = CARTESIAN_POINT ( 'NONE',  ( -131.5000000000000000, -0.4999999999999997780, 0.6229813658380599639 ) ) ;
#807 = ORIENTED_EDGE ( 'NONE', *, *, #2994, .F. ) ;
#808 = DIRECTION ( 'NONE',  ( 1.301042606982605321E-16, 0.000000000000000000, -1.000000000000000000 ) ) ;
#809 = DIRECTION ( 'NONE',  ( 0.000000000000000000, -1.000000000000000000, 0.000000000000000000 ) ) ;
#810 = EDGE_CURVE ( 'NONE', #5928, #549, #355, .T. ) ;
#811 = DIRECTION ( 'NONE',  ( -0.000000000000000000, 1.000000000000000000, -0.000000000000000000 ) ) ;
#812 = CIRCLE ( 'NONE', #5448, 0.5000000000000004441 ) ;
#813 = DIRECTION ( 'NONE',  ( 0.000000000000000000, 0.000000000000000000, 1.000000000000000000 ) ) ;
#814 = ORIENTED_EDGE ( 'NONE', *, *, #3203, .T. ) ;
#815 = DIRECTION ( 'NONE',  ( -0.000000000000000000, -1.000000000000000000, -0.000000000000000000 ) ) ;
#816 = DIRECTION ( 'NONE',  ( 0.000000000000000000, 0.000000000000000000, 1.000000000000000000 ) ) ;
#817 = ORIENTED_EDGE ( 'NONE', *, *, #7222, .F. ) ;
#818 = DIRECTION ( 'NONE',  ( 0.000000000000000000, 0.000000000000000000, 1.000000000000000000 ) ) ;
#819 = CIRCLE ( 'NONE', #3208, 5.000000000000000000 ) ;
#820 = VECTOR ( 'NONE', #6011, 1000.000000000000000 ) ;
#821 = DIRECTION ( 'NONE',  ( 0.000000000000000000, 1.000000000000000000, 0.000000000000000000 ) ) ;
#822 = CIRCLE ( 'NONE', #5457, 3.999999999999996447 ) ;
#823 = DIRECTION ( 'NONE',  ( -0.000000000000000000, 1.000000000000000000, -0.000000000000000000 ) ) ;
#824 = AXIS2_PLACEMENT_3D ( 'NONE', #3793, #2631, #3871 ) ;
#825 = CARTESIAN_POINT ( 'NONE',  ( -13.86299208453583454, -0.8803814297491044938, -6.306720429452672860 ) ) ;
#826 = MECHANICAL_DESIGN_GEOMETRIC_PRESENTATION_REPRESENTATION (  '', ( #7048 ), #7965 ) ;
#827 = CARTESIAN_POINT ( 'NONE',  ( 44.20820393249938718, 6.500000000000000000, 1.000000000000000000 ) ) ;
#828 = CARTESIAN_POINT ( 'NONE',  ( 14.00000000000000000, -6.500000000000000000, -2.602085213965211825E-15 ) ) ;
#829 = ORIENTED_EDGE ( 'NONE', *, *, #4051, .T. ) ;
#830 = ORIENTED_EDGE ( 'NONE', *, *, #3802, .T. ) ;
#831 = AXIS2_PLACEMENT_3D ( 'NONE', #580, #7446, #3686 ) ;
#832 = AXIS2_PLACEMENT_3D ( 'NONE', #2649, #2038, #3772 ) ;
#833 = DIRECTION ( 'NONE',  ( 0.000000000000000000, 0.000000000000000000, 1.000000000000000000 ) ) ;
#834 = VECTOR ( 'NONE', #6854, 1000.000000000000000 ) ;
#835 = DIRECTION ( 'NONE',  ( -2.775557561562891745E-15, 0.000000000000000000, 1.000000000000000000 ) ) ;
#836 = EDGE_LOOP ( 'NONE', ( #8171, #99, #1373, #2209 ) ) ;
#837 = FACE_OUTER_BOUND ( 'NONE', #2861, .T. ) ;
#838 = ORIENTED_EDGE ( 'NONE', *, *, #3401, .T. ) ;
#839 = VECTOR ( 'NONE', #5891, 1000.000000000000000 ) ;
#840 = ORIENTED_EDGE ( 'NONE', *, *, #7307, .F. ) ;
#841 = VECTOR ( 'NONE', #989, 1000.000000000000000 ) ;
#842 = VECTOR ( 'NONE', #4023, 1000.000000000000000 ) ;
#843 = FACE_BOUND ( 'NONE', #7143, .T. ) ;
#844 = VECTOR ( 'NONE', #949, 1000.000000000000000 ) ;
#845 = CARTESIAN_POINT ( 'NONE',  ( 6.999999999999999112, 6.500000000000000000, -3.999999999999998224 ) ) ;
#846 = LINE ( 'NONE', #2020, #1895 ) ;
#847 = LINE ( 'NONE', #5902, #7146 ) ;
#848 = CIRCLE ( 'NONE', #1798, 0.5000000000000000000 ) ;
#849 = ADVANCED_FACE ( 'NONE', ( #5911 ), #7109, .F. ) ;
#850 = ORIENTED_EDGE ( 'NONE', *, *, #432, .F. ) ;
#851 = ADVANCED_FACE ( 'NONE', ( #4004 ), #5127, .F. ) ;
#852 = EDGE_CURVE ( 'NONE', #7269, #8015, #112, .T. ) ;
#853 = DIRECTION ( 'NONE',  ( 0.000000000000000000, 0.000000000000000000, -1.000000000000000000 ) ) ;
#854 = EDGE_LOOP ( 'NONE', ( #3595, #3030, #1205, #4085 ) ) ;
#855 = FACE_OUTER_BOUND ( 'NONE', #3856, .T. ) ;
#856 = CARTESIAN_POINT ( 'NONE',  ( -121.1270166537925803, 6.500000000000000000, -1.000000000000000000 ) ) ;
#857 = VECTOR ( 'NONE', #727, 1000.000000000000000 ) ;
#859 = AXIS2_PLACEMENT_3D ( 'NONE', #681, #6440, #6973 ) ;
#858 = CARTESIAN_POINT ( 'NONE',  ( 6.999999999999999112, -2.499999999999999556, 5.000000000000002665 ) ) ;
#860 = EDGE_CURVE ( 'NONE', #2353, #6314, #2624, .T. ) ;
#861 = LINE ( 'NONE', #4661, #493 ) ;
#862 = ORIENTED_EDGE ( 'NONE', *, *, #1518, .F. ) ;
#863 = EDGE_CURVE ( 'NONE', #5364, #6920, #233, .T. ) ;
#864 = DIRECTION ( 'NONE',  ( 0.000000000000000000, 0.000000000000000000, 1.000000000000000000 ) ) ;
#865 = EDGE_CURVE ( 'NONE', #2341, #3621, #3308, .T. ) ;
#866 = ORIENTED_EDGE ( 'NONE', *, *, #6756, .T. ) ;
#867 = DIRECTION ( 'NONE',  ( 1.000000000000000000, -0.000000000000000000, -0.000000000000000000 ) ) ;
#868 = ORIENTED_EDGE ( 'NONE', *, *, #2533, .T. ) ;
#869 = FACE_OUTER_BOUND ( 'NONE', #290, .T. ) ;
#870 = CARTESIAN_POINT ( 'NONE',  ( -15.10456796088380216, -1.000000000000000000, -6.000000000000000000 ) ) ;
#871 = CARTESIAN_POINT ( 'NONE',  ( 3.000000000000000444, -6.500000000000000000, -1.887458608817687233 ) ) ;
#872 = CARTESIAN_POINT ( 'NONE',  ( -13.03577859590991039, -0.8638231323015307384, -6.500000000000000888 ) ) ;
#873 = CIRCLE ( 'NONE', #1270, 5.000000000000000000 ) ;
#874 = CARTESIAN_POINT ( 'NONE',  ( 73.29179606750062703, -0.4999999999999995559, 1.000000000000000000 ) ) ;
#875 = CARTESIAN_POINT ( 'NONE',  ( 11.75544462610769081, -0.6190305860521181369, -6.500000000000000888 ) ) ;
#876 = ORIENTED_EDGE ( 'NONE', *, *, #5638, .F. ) ;
#877 = EDGE_LOOP ( 'NONE', ( #2305, #6704 ) ) ;
#878 = DIRECTION ( 'NONE',  ( 0.000000000000000000, 0.000000000000000000, 1.000000000000000000 ) ) ;
#879 = CARTESIAN_POINT ( 'NONE',  ( 6.999999999999999112, 6.500000000000000000, 5.000000000000002665 ) ) ;
#880 = EDGE_CURVE ( 'NONE', #3917, #5525, #5249, .T. ) ;
#881 = EDGE_LOOP ( 'NONE', ( #434, #5230, #1805, #7629 ) ) ;
#882 = CIRCLE ( 'NONE', #5907, 3.750000000000006217 ) ;
#883 = VERTEX_POINT ( 'NONE', #4585 ) ;
#884 = DIRECTION ( 'NONE',  ( -2.168404344971008868E-16, -1.000000000000000000, 0.000000000000000000 ) ) ;
#885 = ORIENTED_EDGE ( 'NONE', *, *, #1161, .T. ) ;
#886 = ORIENTED_EDGE ( 'NONE', *, *, #4805, .T. ) ;
#887 = CARTESIAN_POINT ( 'NONE',  ( -75.00000000000000000, -6.500000000000000000, 1.734723475976807094E-15 ) ) ;
#888 = DIRECTION ( 'NONE',  ( -0.000000000000000000, -1.000000000000000000, -0.000000000000000000 ) ) ;
#889 = LINE ( 'NONE', #7957, #3216 ) ;
#890 = EDGE_CURVE ( 'NONE', #1853, #6305, #882, .T. ) ;
#891 = CARTESIAN_POINT ( 'NONE',  ( 13.99999999999999822, -2.999999999999999556, 4.999999999999999112 ) ) ;
#892 = EDGE_LOOP ( 'NONE', ( #5140, #3665, #4701, #7501 ) ) ;
#893 = CARTESIAN_POINT ( 'NONE',  ( 77.01857603000027552, -1.000000000000000000, 2.666666666666663854 ) ) ;
#894 = ORIENTED_EDGE ( 'NONE', *, *, #5310, .T. ) ;
#895 = DIRECTION ( 'NONE',  ( 0.000000000000000000, 0.000000000000000000, 1.000000000000000000 ) ) ;
#896 = CARTESIAN_POINT ( 'NONE',  ( 131.5000000000000000, -1.499999993209033544, 1.421794114285139132 ) ) ;
#897 = CARTESIAN_POINT ( 'NONE',  ( -15.10456796088380216, -1.500000000000000000, 6.500000000000000000 ) ) ;
#898 = ORIENTED_EDGE ( 'NONE', *, *, #1036, .F. ) ;
#899 = DIRECTION ( 'NONE',  ( 0.000000000000000000, 0.000000000000000000, 1.000000000000000000 ) ) ;
#900 = ORIENTED_EDGE ( 'NONE', *, *, #401, .F. ) ;
#901 = FACE_OUTER_BOUND ( 'NONE', #304, .T. ) ;
#902 = ORIENTED_EDGE ( 'NONE', *, *, #151, .T. ) ;
#903 = CARTESIAN_POINT ( 'NONE',  ( 131.5000000000000000, -0.6470121108557949086, -0.9970378481247336167 ) ) ;
#904 = FACE_OUTER_BOUND ( 'NONE', #7518, .T. ) ;
#905 = EDGE_CURVE ( 'NONE', #7617, #6234, #4870, .T. ) ;
#906 = EDGE_CURVE ( 'NONE', #2502, #4639, #5521, .T. ) ;
#907 = EDGE_CURVE ( 'NONE', #3868, #5525, #6567, .T. ) ;
#908 = LINE ( 'NONE', #373, #5299 ) ;
#909 = CARTESIAN_POINT ( 'NONE',  ( -80.00000000000000000, -6.500000000000000000, -3.750000000000006217 ) ) ;
#910 = CARTESIAN_POINT ( 'NONE',  ( -14.82311662679522968, -1.499999974922638479, -6.500000000000000000 ) ) ;
#911 = CYLINDRICAL_SURFACE ( 'NONE', #6655, 9.999999999999998224 ) ;
#912 = DIRECTION ( 'NONE',  ( 0.000000000000000000, 0.000000000000000000, 1.000000000000000000 ) ) ;
#913 = EDGE_CURVE ( 'NONE', #4124, #2320, #861, .T. ) ;
#914 = ORIENTED_EDGE ( 'NONE', *, *, #5477, .T. ) ;
#915 = ORIENTED_EDGE ( 'NONE', *, *, #6928, .T. ) ;
#916 = DIRECTION ( 'NONE',  ( 0.000000000000000000, -1.000000000000000000, 0.000000000000000000 ) ) ;
#917 = LINE ( 'NONE', #6589, #322 ) ;
#918 = ORIENTED_EDGE ( 'NONE', *, *, #4556, .F. ) ;
#919 = DIRECTION ( 'NONE',  ( -1.000000000000000000, 0.000000000000000000, -0.000000000000000000 ) ) ;
#920 = EDGE_LOOP ( 'NONE', ( #814, #6555, #7353, #1835 ) ) ;
#921 = AXIS2_PLACEMENT_3D ( 'NONE', #1765, #7510, #5536 ) ;
#922 = ORIENTED_EDGE ( 'NONE', *, *, #5415, .F. ) ;
#923 = DIRECTION ( 'NONE',  ( 0.000000000000000000, 1.000000000000000000, 0.000000000000000000 ) ) ;
#924 = DIRECTION ( 'NONE',  ( 0.000000000000000000, 1.000000000000000000, 0.000000000000000000 ) ) ;
#925 = AXIS2_PLACEMENT_3D ( 'NONE', #7249, #3450, #2908 ) ;
#926 = FACE_OUTER_BOUND ( 'NONE', #1489, .T. ) ;
#927 = CIRCLE ( 'NONE', #5565, 4.999999999999999112 ) ;
#928 = ORIENTED_EDGE ( 'NONE', *, *, #609, .F. ) ;
#929 = CARTESIAN_POINT ( 'NONE',  ( 11.69873313103188295, -0.7378060177677729925, 6.500000000000000000 ) ) ;
#930 = ORIENTED_EDGE ( 'NONE', *, *, #94, .F. ) ;
#931 = VECTOR ( 'NONE', #3333, 1000.000000000000000 ) ;
#932 = CARTESIAN_POINT ( 'NONE',  ( 5.999999999999999112, -6.500000000000000000, 5.000000000000002665 ) ) ;
#933 = EDGE_CURVE ( 'NONE', #2036, #6192, #5117, .T. ) ;
#934 = FACE_OUTER_BOUND ( 'NONE', #5949, .T. ) ;
#935 = CARTESIAN_POINT ( 'NONE',  ( 11.19432624775224028, 6.500000000000000000, 6.500000000000000000 ) ) ;
#936 = AXIS2_PLACEMENT_3D ( 'NONE', #430, #7175, #1507 ) ;
#937 = AXIS2_PLACEMENT_3D ( 'NONE', #1074, #3609, #6952 ) ;
#938 = DIRECTION ( 'NONE',  ( 0.000000000000000000, 0.000000000000000000, 1.000000000000000000 ) ) ;
#939 = ORIENTED_EDGE ( 'NONE', *, *, #1145, .T. ) ;
#940 = PLANE ( 'NONE',  #4946 ) ;
#941 = VERTEX_POINT ( 'NONE', #6573 ) ;
#942 = CARTESIAN_POINT ( 'NONE',  ( -6.999999999999999112, -5.000000000000000000, 2.499999999999999556 ) ) ;
#943 = VERTEX_POINT ( 'NONE', #7030 ) ;
#944 = VECTOR ( 'NONE', #3510, 1000.000000000000000 ) ;
#945 = DIRECTION ( 'NONE',  ( -1.000000000000000000, 0.000000000000000000, 0.000000000000000000 ) ) ;
#946 = CARTESIAN_POINT ( 'NONE',  ( 12.98993790773280566, -1.260762856568145240, 6.500000000000000000 ) ) ;
#947 = DIRECTION ( 'NONE',  ( 0.000000000000000000, -1.000000000000000000, 0.000000000000000000 ) ) ;
#948 = DIRECTION ( 'NONE',  ( 0.7453559924999191288, 0.000000000000000000, 0.6666666666666787311 ) ) ;
#949 = DIRECTION ( 'NONE',  ( -0.000000000000000000, 1.000000000000000000, -0.000000000000000000 ) ) ;
#950 = EDGE_CURVE ( 'NONE', #8022, #7254, #2757, .T. ) ;
#951 = EDGE_CURVE ( 'NONE', #4363, #5025, #3417, .T. ) ;
#952 = DIRECTION ( 'NONE',  ( 1.000000000000000000, 0.000000000000000000, 0.000000000000000000 ) ) ;
#953 = EDGE_CURVE ( 'NONE', #5070, #366, #4503, .T. ) ;
#954 = ORIENTED_EDGE ( 'NONE', *, *, #298, .T. ) ;
#955 = DIRECTION ( 'NONE',  ( -0.000000000000000000, -1.000000000000000000, -0.000000000000000000 ) ) ;
#956 = VERTEX_POINT ( 'NONE', #5210 ) ;
#957 = AXIS2_PLACEMENT_3D ( 'NONE', #463, #5388, #4225 ) ;
#958 = LINE ( 'NONE', #344, #1864 ) ;
#959 = CIRCLE ( 'NONE', #6648, 0.5000000000000004441 ) ;
#960 = EDGE_CURVE ( 'NONE', #1169, #1414, #7625, .T. ) ;
#961 = AXIS2_PLACEMENT_3D ( 'NONE', #3043, #1763, #8082 ) ;
#962 = DIRECTION ( 'NONE',  ( 0.000000000000000000, -0.000000000000000000, 1.000000000000000000 ) ) ;
#963 = EDGE_LOOP ( 'NONE', ( #3892, #3039, #1092, #5895 ) ) ;
#964 = CARTESIAN_POINT ( 'NONE',  ( 37.50000000000000711, -1.000000000000000000, 0.000000000000000000 ) ) ;
#965 = EDGE_CURVE ( 'NONE', #7012, #8179, #6584, .T. ) ;
#966 = ORIENTED_EDGE ( 'NONE', *, *, #6071, .F. ) ;
#967 = VERTEX_POINT ( 'NONE', #4874 ) ;
#968 = VECTOR ( 'NONE', #6922, 1000.000000000000000 ) ;
#969 = AXIS2_PLACEMENT_3D ( 'NONE', #1158, #1668, #7331 ) ;
#970 = LINE ( 'NONE', #4773, #7698 ) ;
#971 = CARTESIAN_POINT ( 'NONE',  ( 30.79179606750063058, 6.500000000000000000, -6.000000000000000000 ) ) ;
#972 = DIRECTION ( 'NONE',  ( 0.000000000000000000, 1.000000000000000000, 0.000000000000000000 ) ) ;
#973 = VECTOR ( 'NONE', #4838, 1000.000000000000000 ) ;
#974 = LINE ( 'NONE', #4208, #2667 ) ;
#975 = ORIENTED_EDGE ( 'NONE', *, *, #5866, .F. ) ;
#976 = CARTESIAN_POINT ( 'NONE',  ( 37.50000000000000711, -1.000000000000000000, 0.000000000000000000 ) ) ;
#977 = CIRCLE ( 'NONE', #7849, 1.000000000000000000 ) ;
#978 = ORIENTED_EDGE ( 'NONE', *, *, #960, .F. ) ;
#979 = VECTOR ( 'NONE', #7519, 1000.000000000000000 ) ;
#980 = DIRECTION ( 'NONE',  ( 1.000000000000000000, 0.000000000000000000, 0.000000000000000000 ) ) ;
#981 = CARTESIAN_POINT ( 'NONE',  ( -129.5000000000000000, -1.500000000000000000, -6.000000000000000000 ) ) ;
#982 = AXIS2_PLACEMENT_3D ( 'NONE', #5821, #5282, #2684 ) ;
#983 = CARTESIAN_POINT ( 'NONE',  ( -14.84214845762539170, -1.000000000000000000, 6.073946435591279780 ) ) ;
#984 = VECTOR ( 'NONE', #5433, 1000.000000000000000 ) ;
#985 = CIRCLE ( 'NONE', #4955, 0.5000000000000004441 ) ;
#986 = TOROIDAL_SURFACE ( 'NONE', #2712, 4.500000000000003553, 0.5000000000000000000 ) ;
#987 = CARTESIAN_POINT ( 'NONE',  ( 3.999999999999999112, -2.499999999999999556, 5.000000000000002665 ) ) ;
#988 = VERTEX_POINT ( 'NONE', #6113 ) ;
#989 = DIRECTION ( 'NONE',  ( -1.000000000000000000, -0.000000000000000000, -0.000000000000000000 ) ) ;
#990 = ORIENTED_EDGE ( 'NONE', *, *, #8184, .F. ) ;
#991 = CARTESIAN_POINT ( 'NONE',  ( -80.00000000000000000, -1.000000000000000000, 0.000000000000000000 ) ) ;
#992 = ORIENTED_EDGE ( 'NONE', *, *, #6970, .T. ) ;
#993 = TOROIDAL_SURFACE ( 'NONE', #7336, 1.500000000000000000, 0.5000000000000000000 ) ;
#994 = VECTOR ( 'NONE', #2073, 1000.000000000000000 ) ;
#995 = CARTESIAN_POINT ( 'NONE',  ( -85.00000000000000000, -2.999999999999999556, 8.673617379884035472E-16 ) ) ;
#996 = CARTESIAN_POINT ( 'NONE',  ( -11.94229030071541864, -0.4999999999999995559, -6.500000000000000000 ) ) ;
#997 = CARTESIAN_POINT ( 'NONE',  ( -80.00000000000000000, 6.500000000000000000, 0.000000000000000000 ) ) ;
#998 = LINE ( 'NONE', #8026, #6381 ) ;
#999 = CIRCLE ( 'NONE', #4155, 1.000000000000000000 ) ;
#1000 = FACE_OUTER_BOUND ( 'NONE', #5250, .T. ) ;
#1001 = DIRECTION ( 'NONE',  ( 0.000000000000000000, 0.000000000000000000, 1.000000000000000000 ) ) ;
#1002 = ORIENTED_EDGE ( 'NONE', *, *, #133, .F. ) ;
#1003 = CARTESIAN_POINT ( 'NONE',  ( -2.999999999999999112, -5.000000000000001776, 6.500000000000000000 ) ) ;
#1004 = ORIENTED_EDGE ( 'NONE', *, *, #7079, .T. ) ;
#1005 = DIRECTION ( 'NONE',  ( -0.000000000000000000, -1.000000000000000000, -0.000000000000000000 ) ) ;
#1006 = ADVANCED_FACE ( 'NONE', ( #5453 ), #5503, .F. ) ;
#1007 = DIRECTION ( 'NONE',  ( -0.000000000000000000, 1.000000000000000000, -0.000000000000000000 ) ) ;
#1008 = ORIENTED_EDGE ( 'NONE', *, *, #4643, .F. ) ;
#1009 = CARTESIAN_POINT ( 'NONE',  ( -129.5000000000000000, -1.000000000000000000, -4.500000000000000888 ) ) ;
#1010 = ORIENTED_EDGE ( 'NONE', *, *, #3300, .T. ) ;
#1011 = ORIENTED_EDGE ( 'NONE', *, *, #3342, .T. ) ;
#1012 = CYLINDRICAL_SURFACE ( 'NONE', #164, 5.000000000000000000 ) ;
#1013 = DIRECTION ( 'NONE',  ( 0.000000000000000000, 0.000000000000000000, 1.000000000000000000 ) ) ;
#1014 = VERTEX_POINT ( 'NONE', #1696 ) ;
#1015 = EDGE_CURVE ( 'NONE', #1051, #4114, #6979, .T. ) ;
#1016 = LINE ( 'NONE', #6691, #3483 ) ;
#1017 = EDGE_CURVE ( 'NONE', #51, #2955, #3558, .T. ) ;
#1018 = VERTEX_POINT ( 'NONE', #7972 ) ;
#1019 = CARTESIAN_POINT ( 'NONE',  ( 37.50000000000000711, -1.500000000000000000, -6.000000000000000000 ) ) ;
#1020 = VERTEX_POINT ( 'NONE', #1060 ) ;
#1021 = CARTESIAN_POINT ( 'NONE',  ( -5.999999999999999112, 4.000000000000000888, 2.499999999999999556 ) ) ;
#1022 = ORIENTED_EDGE ( 'NONE', *, *, #5163, .F. ) ;
#1023 = ADVANCED_FACE ( 'NONE', ( #324 ), #2978, .F. ) ;
#1024 = LINE ( 'NONE', #6604, #7729 ) ;
#1025 = PLANE ( 'NONE',  #7564 ) ;
#1026 = CARTESIAN_POINT ( 'NONE',  ( -131.1462354366582019, -0.5000000000000000000, -1.101118581567377408 ) ) ;
#1027 = ORIENTED_EDGE ( 'NONE', *, *, #4967, .F. ) ;
#1028 = DIRECTION ( 'NONE',  ( 0.000000000000000000, 0.000000000000000000, 1.000000000000000000 ) ) ;
#1029 = EDGE_LOOP ( 'NONE', ( #2542, #866, #1360, #7882 ) ) ;
#1030 = ORIENTED_EDGE ( 'NONE', *, *, #6836, .F. ) ;
#1031 = CARTESIAN_POINT ( 'NONE',  ( -134.0709441698225248, -1.000000000000000000, 10.66386289615367033 ) ) ;
#1032 = CARTESIAN_POINT ( 'NONE',  ( 13.11502803157266683, -0.8803814297491481256, 6.306720429452705723 ) ) ;
#1033 = CARTESIAN_POINT ( 'NONE',  ( 131.5000000000000000, -1.300896944548664003, 0.9324856709968935009 ) ) ;
#1034 = DIRECTION ( 'NONE',  ( 0.000000000000000000, 0.000000000000000000, 1.000000000000000000 ) ) ;
#1035 = CARTESIAN_POINT ( 'NONE',  ( 42.50000000000000711, -2.999999999999999556, -4.999999999999997335 ) ) ;
#1036 = EDGE_CURVE ( 'NONE', #7528, #3156, #7356, .T. ) ;
#1037 = VERTEX_POINT ( 'NONE', #365 ) ;
#1038 = DIRECTION ( 'NONE',  ( 0.000000000000000000, 0.000000000000000000, 1.000000000000000000 ) ) ;
#1039 = ORIENTED_EDGE ( 'NONE', *, *, #1036, .T. ) ;
#1040 = ADVANCED_FACE ( 'NONE', ( #274 ), #2270, .F. ) ;
#1041 = CARTESIAN_POINT ( 'NONE',  ( -6.999999999999999112, -1.887458608817688122, 2.499999999999999556 ) ) ;
#1042 = DIRECTION ( 'NONE',  ( 0.000000000000000000, -1.000000000000000000, 0.000000000000000000 ) ) ;
#1043 = ORIENTED_EDGE ( 'NONE', *, *, #3804, .F. ) ;
#1044 = DIRECTION ( 'NONE',  ( 0.000000000000000000, 0.000000000000000000, 1.000000000000000000 ) ) ;
#1045 = ORIENTED_EDGE ( 'NONE', *, *, #953, .T. ) ;
#1046 = ORIENTED_EDGE ( 'NONE', *, *, #7532, .T. ) ;
#1047 = FACE_OUTER_BOUND ( 'NONE', #8127, .T. ) ;
#1048 = CARTESIAN_POINT ( 'NONE',  ( -88.66025403784438197, -1.000000000000000000, -11.00000000000000000 ) ) ;
#1049 = VERTEX_POINT ( 'NONE', #1602 ) ;
#1050 = CARTESIAN_POINT ( 'NONE',  ( -131.0000000000000284, -1.000000000000000000, 1.673907284147943431 ) ) ;
#1051 = VERTEX_POINT ( 'NONE', #4709 ) ;
#1052 = LINE ( 'NONE', #6030, #5217 ) ;
#1053 = VERTEX_POINT ( 'NONE', #2359 ) ;
#1054 = EDGE_CURVE ( 'NONE', #680, #6201, #4129, .T. ) ;
#1055 = EDGE_CURVE ( 'NONE', #1605, #2897, #3024, .T. ) ;
#1056 = EDGE_CURVE ( 'NONE', #1490, #1337, #4645, .T. ) ;
#1057 = CARTESIAN_POINT ( 'NONE',  ( -80.00000000000000000, 6.500000000000000000, -1.649999999999998579 ) ) ;
#1058 = CARTESIAN_POINT ( 'NONE',  ( 131.5000000000000000, -1.006161885149789770, 1.413840767010443145 ) ) ;
#1059 = EDGE_CURVE ( 'NONE', #956, #3253, #2196, .T. ) ;
#1060 = CARTESIAN_POINT ( 'NONE',  ( -69.99999999999998579, -2.999999999999999556, 5.000000000000000888 ) ) ;
#1061 = ORIENTED_EDGE ( 'NONE', *, *, #6680, .T. ) ;
#1062 = CIRCLE ( 'NONE', #128, 2.750000000000000000 ) ;
#1063 = CARTESIAN_POINT ( 'NONE',  ( 20.12461179749810825, -0.5000000000000000000, 1.500000000000000000 ) ) ;
#1064 = ORIENTED_EDGE ( 'NONE', *, *, #1410, .F. ) ;
#1065 = CARTESIAN_POINT ( 'NONE',  ( 37.50000000000000711, -2.299999999999998934, 3.750000000000006217 ) ) ;
#1066 = CARTESIAN_POINT ( 'NONE',  ( 3.999999999999999112, -6.500000000000000000, 4.000000000000002665 ) ) ;
#1067 = EDGE_LOOP ( 'NONE', ( #6778, #2061, #1568, #7641 ) ) ;
#1068 = EDGE_CURVE ( 'NONE', #5539, #6185, #4785, .T. ) ;
#1069 = CARTESIAN_POINT ( 'NONE',  ( 131.5000000000000284, -0.5728594284981319840, -0.9807521990637052545 ) ) ;
#1070 = DIRECTION ( 'NONE',  ( -2.843808977011159555E-17, 0.000000000000000000, -1.000000000000000000 ) ) ;
#1071 = CIRCLE ( 'NONE', #6883, 0.5000000000000000000 ) ;
#1072 = DIRECTION ( 'NONE',  ( 0.000000000000000000, 1.000000000000000000, 0.000000000000000000 ) ) ;
#1073 = DIRECTION ( 'NONE',  ( -1.000000000000000000, 0.000000000000000000, 0.000000000000000000 ) ) ;
#1074 = CARTESIAN_POINT ( 'NONE',  ( -11.94229030071541686, -0.5000000000000000000, -1.500000000000004885 ) ) ;
#1075 = CIRCLE ( 'NONE', #4508, 3.750000000000006217 ) ;
#1076 = LINE ( 'NONE', #3610, #1485 ) ;
#1077 = EDGE_LOOP ( 'NONE', ( #4420, #3645, #5966, #4432, #1453, #6769, #605, #850, #8159, #3975, #6807, #686 ) ) ;
#1078 = CARTESIAN_POINT ( 'NONE',  ( 82.98142396999973869, -0.5000000000000000000, 2.666666666666663854 ) ) ;
#1079 = DIRECTION ( 'NONE',  ( 0.000000000000000000, 0.000000000000000000, 1.000000000000000000 ) ) ;
#1080 = CYLINDRICAL_SURFACE ( 'NONE', #1110, 2.750000000000000000 ) ;
#1081 = B_SPLINE_CURVE_WITH_KNOTS ( 'NONE', 3,
 ( #4923, #4797, #1792, #1944, #1033, #3566, #462, #6082, #6125, #411 ),
 .UNSPECIFIED., .F., .F.,
 ( 4, 2, 2, 2, 4 ),
 ( 0.000000000000000000, 0.0003955967977943552756, 0.0007911935955887105512, 0.001186790393383065773, 0.001582387191177421102 ),
 .UNSPECIFIED. ) ;
#1082 = ORIENTED_EDGE ( 'NONE', *, *, #2941, .F. ) ;
#1083 = FACE_OUTER_BOUND ( 'NONE', #6650, .T. ) ;
#1084 = ORIENTED_EDGE ( 'NONE', *, *, #6877, .F. ) ;
#1085 = ORIENTED_EDGE ( 'NONE', *, *, #5713, .T. ) ;
#1086 = DIRECTION ( 'NONE',  ( 1.000000000000000000, 0.000000000000000000, 0.000000000000000000 ) ) ;
#1087 = TOROIDAL_SURFACE ( 'NONE', #6903, 9.500000000000000000, 0.5000000000000000000 ) ;
#1088 = CARTESIAN_POINT ( 'NONE',  ( 3.000000000000000444, 2.499999999999999556, -3.999999999999998224 ) ) ;
#1089 = DIRECTION ( 'NONE',  ( 0.000000000000000000, 0.000000000000000000, 1.000000000000000000 ) ) ;
#1090 = ORIENTED_EDGE ( 'NONE', *, *, #5762, .F. ) ;
#1091 = DIRECTION ( 'NONE',  ( 5.551115123125782702E-15, 0.000000000000000000, 1.000000000000000000 ) ) ;
#1092 = ORIENTED_EDGE ( 'NONE', *, *, #2126, .T. ) ;
#1093 = VECTOR ( 'NONE', #4732, 1000.000000000000000 ) ;
#1094 = CARTESIAN_POINT ( 'NONE',  ( 12.20811461990718350, -0.9639368681879262324, 6.500000000000000000 ) ) ;
#1095 = ORIENTED_EDGE ( 'NONE', *, *, #4458, .F. ) ;
#1096 = VECTOR ( 'NONE', #4343, 1000.000000000000000 ) ;
#1097 = CARTESIAN_POINT ( 'NONE',  ( 13.99999999999999822, -2.999999999999999556, 4.999999999999999112 ) ) ;
#1098 = CARTESIAN_POINT ( 'NONE',  ( 44.20820393249938718, 6.500000000000000000, -1.000000000000000000 ) ) ;
#1099 = VECTOR ( 'NONE', #5751, 1000.000000000000000 ) ;
#1100 = AXIS2_PLACEMENT_3D ( 'NONE', #7032, #3931, #699 ) ;
#1101 = EDGE_CURVE ( 'NONE', #7194, #3118, #3474, .T. ) ;
#1102 = ADVANCED_FACE ( 'NONE', ( #6036 ), #4744, .T. ) ;
#1103 = CIRCLE ( 'NONE', #5735, 0.5000000000000000000 ) ;
#1104 = CARTESIAN_POINT ( 'NONE',  ( -5.999999999999999112, -4.000000000000000000, -2.499999999999999556 ) ) ;
#1105 = ORIENTED_EDGE ( 'NONE', *, *, #2489, .F. ) ;
#1106 = DIRECTION ( 'NONE',  ( 1.000000000000000000, 0.000000000000000000, -0.000000000000000000 ) ) ;
#1107 = VERTEX_POINT ( 'NONE', #5411 ) ;
#1108 = CARTESIAN_POINT ( 'NONE',  ( -3.999999999999999112, -4.000000000000001776, -6.500000000000000000 ) ) ;
#1109 = DIRECTION ( 'NONE',  ( -1.000000000000000000, 0.000000000000000000, -0.000000000000000000 ) ) ;
#1110 = AXIS2_PLACEMENT_3D ( 'NONE', #2998, #7999, #8071 ) ;
#1111 = LINE ( 'NONE', #6247, #4296 ) ;
#1112 = EDGE_CURVE ( 'NONE', #4178, #7078, #7927, .T. ) ;
#1113 = AXIS2_PLACEMENT_3D ( 'NONE', #1063, #7358, #1656 ) ;
#1115 = AXIS2_PLACEMENT_3D ( 'NONE', #3195, #4386, #1801 ) ;
#1114 = DIRECTION ( 'NONE',  ( -1.000000000000000000, 0.000000000000000000, 0.000000000000000000 ) ) ;
#1116 = DIRECTION ( 'NONE',  ( 0.000000000000000000, 0.000000000000000000, 1.000000000000000000 ) ) ;
#1117 = AXIS2_PLACEMENT_3D ( 'NONE', #7621, #3199, #1839 ) ;
#1118 = ADVANCED_FACE ( 'NONE', ( #6701 ), #3139, .F. ) ;
#1119 = EDGE_CURVE ( 'NONE', #8003, #7946, #666, .T. ) ;
#1120 = CARTESIAN_POINT ( 'NONE',  ( -15.10456796088380216, -1.500000000000000000, -6.500000000000000000 ) ) ;
#1121 = DIRECTION ( 'NONE',  ( 0.000000000000000000, 0.000000000000000000, -1.000000000000000000 ) ) ;
#1122 = CIRCLE ( 'NONE', #6147, 5.000000000000000000 ) ;
#1123 = VECTOR ( 'NONE', #7489, 1000.000000000000000 ) ;
#1124 = PLANE ( 'NONE',  #2697 ) ;
#1125 = ORIENTED_EDGE ( 'NONE', *, *, #5413, .T. ) ;
#1126 = AXIS2_PLACEMENT_3D ( 'NONE', #4275, #1131, #3664 ) ;
#1127 = DIRECTION ( 'NONE',  ( 0.000000000000000000, 1.000000000000000000, -0.000000000000000000 ) ) ;
#1128 = EDGE_CURVE ( 'NONE', #1107, #7571, #6484, .T. ) ;
#1129 = AXIS2_PLACEMENT_3D ( 'NONE', #302, #7875, #4729 ) ;
#1130 = DIRECTION ( 'NONE',  ( 0.000000000000000000, 0.000000000000000000, 1.000000000000000000 ) ) ;
#1131 = DIRECTION ( 'NONE',  ( 2.168404344971008868E-16, 1.000000000000000000, -0.000000000000000000 ) ) ;
#1132 = ORIENTED_EDGE ( 'NONE', *, *, #5638, .T. ) ;
#1133 = CARTESIAN_POINT ( 'NONE',  ( -80.00000000000000000, 6.500000000000000000, 0.000000000000000000 ) ) ;
#1134 = ORIENTED_EDGE ( 'NONE', *, *, #5624, .T. ) ;
#1135 = ORIENTED_EDGE ( 'NONE', *, *, #6533, .F. ) ;
#1136 = CYLINDRICAL_SURFACE ( 'NONE', #437, 0.5000000000000004441 ) ;
#1137 = FACE_OUTER_BOUND ( 'NONE', #6886, .T. ) ;
#1138 = DIRECTION ( 'NONE',  ( 0.000000000000000000, -1.000000000000000000, 0.000000000000000000 ) ) ;
#1139 = ORIENTED_EDGE ( 'NONE', *, *, #7027, .F. ) ;
#1140 = PLANE ( 'NONE',  #921 ) ;
#1141 = ORIENTED_EDGE ( 'NONE', *, *, #7691, .F. ) ;
#1142 = FACE_BOUND ( 'NONE', #222, .T. ) ;
#1143 = ORIENTED_EDGE ( 'NONE', *, *, #7382, .T. ) ;
#1144 = FACE_OUTER_BOUND ( 'NONE', #1067, .T. ) ;
#1145 = EDGE_CURVE ( 'NONE', #3748, #5362, #263, .T. ) ;
#1146 = CARTESIAN_POINT ( 'NONE',  ( -71.33974596215561803, -0.5000000000000000000, 11.00000000000000000 ) ) ;
#1147 = CARTESIAN_POINT ( 'NONE',  ( -90.00000000000001421, -6.500000000000000000, 5.000000000000000888 ) ) ;
#1148 = VERTEX_POINT ( 'NONE', #2515 ) ;
#1149 = DIRECTION ( 'NONE',  ( 0.000000000000000000, -1.000000000000000000, 0.000000000000000000 ) ) ;
#1150 = VERTEX_POINT ( 'NONE', #8175 ) ;
#1151 = CARTESIAN_POINT ( 'NONE',  ( 14.12171247319920830, -1.000000000000000000, -6.066189383515132150 ) ) ;
#1152 = CARTESIAN_POINT ( 'NONE',  ( 15.65946902262517071, -0.5000000000000000000, 3.750000000000000888 ) ) ;
#1153 = CARTESIAN_POINT ( 'NONE',  ( 12.20291555128957306, -0.9764569733998416101, -6.500000000000000888 ) ) ;
#1154 = CARTESIAN_POINT ( 'NONE',  ( 5.999999999999999112, -2.499999999999999556, -4.999999999999997335 ) ) ;
#1155 = FACE_BOUND ( 'NONE', #5609, .T. ) ;
#1156 = CARTESIAN_POINT ( 'NONE',  ( -11.94229030071541864, -0.4999999999999995559, 6.500000000000000000 ) ) ;
#1157 = DIRECTION ( 'NONE',  ( 0.000000000000000000, 1.000000000000000000, 0.000000000000000000 ) ) ;
#1158 = CARTESIAN_POINT ( 'NONE',  ( 125.0000000000000000, -2.299999999999998934, 0.000000000000000000 ) ) ;
#1159 = ORIENTED_EDGE ( 'NONE', *, *, #198, .F. ) ;
#1160 = EDGE_CURVE ( 'NONE', #3602, #6719, #5665, .T. ) ;
#1161 = EDGE_CURVE ( 'NONE', #4806, #565, #7541, .T. ) ;
#1162 = CARTESIAN_POINT ( 'NONE',  ( 75.00000000000000000, -2.999999999999999556, 2.602085213965210642E-15 ) ) ;
#1163 = EDGE_CURVE ( 'NONE', #4072, #484, #7010, .T. ) ;
#1164 = FACE_OUTER_BOUND ( 'NONE', #4041, .T. ) ;
#1165 = FACE_OUTER_BOUND ( 'NONE', #5459, .T. ) ;
#1166 = ADVANCED_FACE ( 'NONE', ( #1226 ), #4499, .F. ) ;
#1167 = EDGE_LOOP ( 'NONE', ( #7693, #1326, #3010, #4995, #6558, #6592, #1467, #7540, #2287, #1527, #2874, #1290, #239, #876 ) ) ;
#1168 = CARTESIAN_POINT ( 'NONE',  ( -11.94229030071541686, -1.000000000000000000, 1.500000000000004885 ) ) ;
#1169 = VERTEX_POINT ( 'NONE', #3758 ) ;
#1170 = ORIENTED_EDGE ( 'NONE', *, *, #2606, .T. ) ;
#1171 = DIRECTION ( 'NONE',  ( 0.000000000000000000, 0.000000000000000000, -1.000000000000000000 ) ) ;
#1172 = PLANE ( 'NONE',  #1601 ) ;
#1173 = DIRECTION ( 'NONE',  ( -0.6666666666666767327, 0.000000000000000000, 0.7453559924999209052 ) ) ;
#1174 = EDGE_LOOP ( 'NONE', ( #7511, #6563, #1064, #5894 ) ) ;
#1175 = DIRECTION ( 'NONE',  ( -1.000000000000000000, 0.000000000000000000, 0.000000000000000000 ) ) ;
#1176 = EDGE_LOOP ( 'NONE', ( #900, #3038, #6978, #6588 ) ) ;
#1177 = DIRECTION ( 'NONE',  ( 0.000000000000000000, 0.000000000000000000, -1.000000000000000000 ) ) ;
#1178 = ORIENTED_EDGE ( 'NONE', *, *, #5184, .T. ) ;
#1179 = CARTESIAN_POINT ( 'NONE',  ( 80.00000000000000000, -0.5000000000000000000, 0.000000000000000000 ) ) ;
#1180 = CARTESIAN_POINT ( 'NONE',  ( 20.12461179749810825, -1.000000000000000000, -6.000000000000000000 ) ) ;
#1181 = CARTESIAN_POINT ( 'NONE',  ( -14.88353341484578429, -1.062284658446382757, 6.500000000000000000 ) ) ;
#1182 = ORIENTED_EDGE ( 'NONE', *, *, #6884, .T. ) ;
#1183 = DIRECTION ( 'NONE',  ( 0.000000000000000000, 0.000000000000000000, 1.000000000000000000 ) ) ;
#1184 = ORIENTED_EDGE ( 'NONE', *, *, #1214, .T. ) ;
#1185 = EDGE_CURVE ( 'NONE', #549, #2955, #6224, .T. ) ;
#1186 = CARTESIAN_POINT ( 'NONE',  ( -131.5000000000000284, -1.125171530636421613, -0.8413824256606000640 ) ) ;
#1187 = FACE_OUTER_BOUND ( 'NONE', #7797, .T. ) ;
#1188 = AXIS2_PLACEMENT_3D ( 'NONE', #5370, #7258, #1594 ) ;
#1189 = FACE_OUTER_BOUND ( 'NONE', #5621, .T. ) ;
#1190 = CARTESIAN_POINT ( 'NONE',  ( -75.00000000000000000, -6.500000000000000000, -1.421904488505580887E-16 ) ) ;
#1191 = CIRCLE ( 'NONE', #2257, 1.649999999999998579 ) ;
#1192 = CARTESIAN_POINT ( 'NONE',  ( 13.04457073867903638, -0.8686237825117597566, 6.320393928064745204 ) ) ;
#1193 = DIRECTION ( 'NONE',  ( -1.734723475976807094E-15, 0.000000000000000000, 1.000000000000000000 ) ) ;
#1194 = DIRECTION ( 'NONE',  ( 0.000000000000000000, -1.000000000000000000, -0.000000000000000000 ) ) ;
#1195 = ORIENTED_EDGE ( 'NONE', *, *, #7004, .F. ) ;
#1196 = AXIS2_PLACEMENT_3D ( 'NONE', #997, #2240, #4753 ) ;
#1197 = DIRECTION ( 'NONE',  ( 0.000000000000000000, 0.000000000000000000, 1.000000000000000000 ) ) ;
#1198 = VECTOR ( 'NONE', #5287, 1000.000000000000000 ) ;
#1199 = CARTESIAN_POINT ( 'NONE',  ( 131.4999999999999716, -1.025406002619330570, -0.6526868198153180645 ) ) ;
#1200 = CARTESIAN_POINT ( 'NONE',  ( 37.50000000000000711, -2.299999999999998934, 0.000000000000000000 ) ) ;
#1201 = EDGE_CURVE ( 'NONE', #7130, #3619, #927, .T. ) ;
#1202 = AXIS2_PLACEMENT_3D ( 'NONE', #5492, #3083, #5614 ) ;
#1203 = EDGE_CURVE ( 'NONE', #5362, #5519, #6164, .T. ) ;
#1204 = EDGE_CURVE ( 'NONE', #5914, #5143, #4456, .T. ) ;
#1205 = ORIENTED_EDGE ( 'NONE', *, *, #7085, .F. ) ;
#1206 = DIRECTION ( 'NONE',  ( 0.000000000000000000, 0.000000000000000000, 1.000000000000000000 ) ) ;
#1207 = ORIENTED_EDGE ( 'NONE', *, *, #7233, .F. ) ;
#1208 = ORIENTED_EDGE ( 'NONE', *, *, #5158, .T. ) ;
#1209 = PLANE ( 'NONE',  #5726 ) ;
#1210 = ADVANCED_FACE ( 'NONE', ( #7483 ), #1408, .T. ) ;
#1211 = FACE_OUTER_BOUND ( 'NONE', #4050, .T. ) ;
#1212 = CARTESIAN_POINT ( 'NONE',  ( 30.79179606750063058, -1.000000000000000000, 6.000000000000000000 ) ) ;
#1213 = ORIENTED_EDGE ( 'NONE', *, *, #2891, .T. ) ;
#1214 = EDGE_CURVE ( 'NONE', #7933, #4478, #2654, .T. ) ;
#1215 = ORIENTED_EDGE ( 'NONE', *, *, #7602, .F. ) ;
#1216 = CYLINDRICAL_SURFACE ( 'NONE', #3893, 4.999999999999999112 ) ;
#1217 = ORIENTED_EDGE ( 'NONE', *, *, #1491, .F. ) ;
#1218 = ORIENTED_EDGE ( 'NONE', *, *, #6972, .T. ) ;
#1219 = VECTOR ( 'NONE', #6059, 1000.000000000000000 ) ;
#1220 = AXIS2_PLACEMENT_3D ( 'NONE', #5534, #6812, #6848 ) ;
#1221 = CARTESIAN_POINT ( 'NONE',  ( -5.000000000000000000, 0.000000000000000000, -6.500000000000000000 ) ) ;
#1222 = DIRECTION ( 'NONE',  ( -0.000000000000000000, -1.000000000000000000, -0.000000000000000000 ) ) ;
#1223 = VECTOR ( 'NONE', #6864, 1000.000000000000000 ) ;
#1224 = CIRCLE ( 'NONE', #5323, 3.750000000000006217 ) ;
#1225 = CIRCLE ( 'NONE', #3347, 5.000000000000000000 ) ;
#1226 = FACE_OUTER_BOUND ( 'NONE', #5586, .T. ) ;
#1227 = ORIENTED_EDGE ( 'NONE', *, *, #4451, .F. ) ;
#1228 = B_SPLINE_CURVE_WITH_KNOTS ( 'NONE', 3,
 ( #592, #546, #1199, #2497, #6717, #7410, #5479, #4888 ),
 .UNSPECIFIED., .F., .F.,
 ( 4, 2, 2, 4 ),
 ( 0.000000000000000000, 0.0007922200949476885471, 0.001188330142421532929, 0.001584440189895377094 ),
 .UNSPECIFIED. ) ;
#1229 = CARTESIAN_POINT ( 'NONE',  ( 6.999999999999999112, 2.499999999999999556, 5.000000000000002665 ) ) ;
#1230 = ORIENTED_EDGE ( 'NONE', *, *, #7891, .F. ) ;
#1231 = CARTESIAN_POINT ( 'NONE',  ( 11.19432624775223495, -0.5000000000000000000, -1.500000000000002220 ) ) ;
#1232 = CARTESIAN_POINT ( 'NONE',  ( -82.78365308359283858, -1.000000000000000000, 3.535714285714290028 ) ) ;
#1233 = DIRECTION ( 'NONE',  ( -1.000000000000000000, 0.000000000000000000, -1.301042606982605321E-16 ) ) ;
#1234 = VECTOR ( 'NONE', #2006, 1000.000000000000000 ) ;
#1235 = AXIS2_PLACEMENT_3D ( 'NONE', #4008, #3352, #4088 ) ;
#1236 = CARTESIAN_POINT ( 'NONE',  ( 131.0647483393212838, -0.6346948959942020352, 1.037594460055201839 ) ) ;
#1237 = CARTESIAN_POINT ( 'NONE',  ( -5.999999999999999112, 5.000000000000000000, -6.500000000000000000 ) ) ;
#1238 = FACE_OUTER_BOUND ( 'NONE', #2230, .T. ) ;
#1239 = DIRECTION ( 'NONE',  ( -0.000000000000000000, 1.000000000000000000, -0.000000000000000000 ) ) ;
#1240 = ORIENTED_EDGE ( 'NONE', *, *, #4245, .T. ) ;
#1241 = CIRCLE ( 'NONE', #712, 5.000000000000000000 ) ;
#1242 = AXIS2_PLACEMENT_3D ( 'NONE', #6120, #4057, #5511 ) ;
#1243 = CARTESIAN_POINT ( 'NONE',  ( -131.5000000000000000, 6.500000000000000000, -6.500000000000000000 ) ) ;
#1244 = AXIS2_PLACEMENT_3D ( 'NONE', #7205, #7084, #1441 ) ;
#1245 = CIRCLE ( 'NONE', #4808, 1.000000000000000000 ) ;
#1246 = CARTESIAN_POINT ( 'NONE',  ( 14.09418440466220623, -0.9999999999999997780, -6.073946435591278004 ) ) ;
#1247 = AXIS2_PLACEMENT_3D ( 'NONE', #7182, #1515, #4043 ) ;
#1248 = CIRCLE ( 'NONE', #5225, 0.5000000000000000000 ) ;
#1249 = DIRECTION ( 'NONE',  ( -0.000000000000000000, 1.000000000000000000, -0.000000000000000000 ) ) ;
#1250 = EDGE_LOOP ( 'NONE', ( #6817, #3069, #838, #3908 ) ) ;
#1251 = FACE_OUTER_BOUND ( 'NONE', #1394, .T. ) ;
#1252 = VERTEX_POINT ( 'NONE', #2636 ) ;
#1253 = VERTEX_POINT ( 'NONE', #769 ) ;
#1254 = CIRCLE ( 'NONE', #5755, 2.000000000000000000 ) ;
#1255 = AXIS2_PLACEMENT_3D ( 'NONE', #1741, #1233, #8147 ) ;
#1256 = EDGE_CURVE ( 'NONE', #88, #1657, #802, .T. ) ;
#1257 = CARTESIAN_POINT ( 'NONE',  ( -5.000000000000000000, 0.000000000000000000, 6.500000000000000000 ) ) ;
#1258 = CYLINDRICAL_SURFACE ( 'NONE', #1202, 4.000000000000003553 ) ;
#1259 = DIRECTION ( 'NONE',  ( -0.000000000000000000, 1.000000000000000000, -0.000000000000000000 ) ) ;
#1260 = ORIENTED_EDGE ( 'NONE', *, *, #4000, .T. ) ;
#1261 = ORIENTED_EDGE ( 'NONE', *, *, #4814, .F. ) ;
#1262 = CARTESIAN_POINT ( 'NONE',  ( -131.0000000000000000, -1.500000000000000000, -4.500000000000000888 ) ) ;
#1263 = VERTEX_POINT ( 'NONE', #2101 ) ;
#1264 = EDGE_LOOP ( 'NONE', ( #3848, #2907, #5080, #4369 ) ) ;
#1265 = ADVANCED_FACE ( 'NONE', ( #3831 ), #7757, .F. ) ;
#1266 = DIRECTION ( 'NONE',  ( 0.000000000000000000, 0.000000000000000000, -1.000000000000000000 ) ) ;
#1267 = EDGE_CURVE ( 'NONE', #2838, #96, #4106, .T. ) ;
#1268 = EDGE_CURVE ( 'NONE', #382, #2381, #847, .T. ) ;
#1269 = DIRECTION ( 'NONE',  ( 0.000000000000000000, -1.000000000000000000, 0.000000000000000000 ) ) ;
#1270 = AXIS2_PLACEMENT_3D ( 'NONE', #7405, #2412, #1121 ) ;
#1271 = DIRECTION ( 'NONE',  ( 0.000000000000000000, 0.000000000000000000, 1.000000000000000000 ) ) ;
#1272 = ORIENTED_EDGE ( 'NONE', *, *, #7133, .F. ) ;
#1273 = EDGE_CURVE ( 'NONE', #2970, #3940, #5304, .T. ) ;
#1274 = DIRECTION ( 'NONE',  ( -1.000000000000000000, 0.000000000000000000, 0.000000000000000000 ) ) ;
#1275 = ORIENTED_EDGE ( 'NONE', *, *, #6068, .F. ) ;
#1276 = CARTESIAN_POINT ( 'NONE',  ( 122.0185760300002897, 6.500000000000000000, -2.666666666666665186 ) ) ;
#1277 = CARTESIAN_POINT ( 'NONE',  ( -16.19862544833818063, -1.000000000000000000, -4.983333333333336057 ) ) ;
#1278 = DIRECTION ( 'NONE',  ( -1.000000000000000000, 0.000000000000000000, 0.000000000000000000 ) ) ;
#1279 = APPLICATION_CONTEXT ( 'automotive_design' ) ;
#1280 = DIRECTION ( 'NONE',  ( -0.000000000000000000, -0.000000000000000000, 1.000000000000000000 ) ) ;
#1281 = CARTESIAN_POINT ( 'NONE',  ( 6.999999999999999112, 6.500000000000000000, 1.887458608817688122 ) ) ;
#1282 = FACE_OUTER_BOUND ( 'NONE', #4319, .T. ) ;
#1283 = DIRECTION ( 'NONE',  ( 0.000000000000000000, -1.000000000000000000, 0.000000000000000000 ) ) ;
#1284 = ORIENTED_EDGE ( 'NONE', *, *, #7126, .T. ) ;
#1285 = FACE_OUTER_BOUND ( 'NONE', #2808, .T. ) ;
#1286 = CARTESIAN_POINT ( 'NONE',  ( 27.50000000000000000, -6.500000000000000000, -8.673617379884035472E-16 ) ) ;
#1287 = CARTESIAN_POINT ( 'NONE',  ( -23.55047706695932064, 6.500000000000000000, 1.000000000000000000 ) ) ;
#1288 = EDGE_LOOP ( 'NONE', ( #377, #7379, #113 ) ) ;
#1289 = FACE_OUTER_BOUND ( 'NONE', #4580, .T. ) ;
#1290 = ORIENTED_EDGE ( 'NONE', *, *, #7460, .F. ) ;
#1291 = ADVANCED_FACE ( 'NONE', ( #6360 ), #6407, .F. ) ;
#1292 = VERTEX_POINT ( 'NONE', #4490 ) ;
#1293 = CARTESIAN_POINT ( 'NONE',  ( -131.5000000000000000, 6.500000000000000000, -0.6229813658380594088 ) ) ;
#1294 = DIRECTION ( 'NONE',  ( 0.000000000000000000, 0.000000000000000000, 1.000000000000000000 ) ) ;
#1295 = ORIENTED_EDGE ( 'NONE', *, *, #5223, .F. ) ;
#1296 = ORIENTED_EDGE ( 'NONE', *, *, #4452, .T. ) ;
#1297 = DIRECTION ( 'NONE',  ( 0.000000000000000000, 0.000000000000000000, -1.000000000000000000 ) ) ;
#1298 = VERTEX_POINT ( 'NONE', #5153 ) ;
#1299 = ORIENTED_EDGE ( 'NONE', *, *, #950, .T. ) ;
#1300 = CARTESIAN_POINT ( 'NONE',  ( -134.0709441698225248, -0.5000000000000000000, 10.66386289615367033 ) ) ;
#1301 = CIRCLE ( 'NONE', #4872, 0.5000000000000004441 ) ;
#1302 = CARTESIAN_POINT ( 'NONE',  ( -131.0758807738637870, -0.9398656649725006806, -1.389176685101766617 ) ) ;
#1303 = CARTESIAN_POINT ( 'NONE',  ( -131.5000000000000000, -0.5000000000000000000, 0.6229813658380594088 ) ) ;
#1304 = CARTESIAN_POINT ( 'NONE',  ( -11.94229030071541686, -0.5000000000000000000, 6.500000000000002665 ) ) ;
#1305 = EDGE_CURVE ( 'NONE', #1697, #1513, #2760, .T. ) ;
#1306 = ORIENTED_EDGE ( 'NONE', *, *, #6813, .F. ) ;
#1307 = ADVANCED_FACE ( 'NONE', ( #139 ), #3301, .F. ) ;
#1308 = ADVANCED_FACE ( 'NONE', ( #7794 ), #7674, .F. ) ;
#1309 = FACE_OUTER_BOUND ( 'NONE', #881, .T. ) ;
#1310 = ORIENTED_EDGE ( 'NONE', *, *, #2791, .F. ) ;
#1311 = CARTESIAN_POINT ( 'NONE',  ( 125.0000000000000000, -2.299999999999998934, -3.750000000000006217 ) ) ;
#1312 = DIRECTION ( 'NONE',  ( 0.000000000000000000, -1.000000000000000000, 0.000000000000000000 ) ) ;
#1313 = CARTESIAN_POINT ( 'NONE',  ( -2.250000000000000444, 0.000000000000000000, 6.500000000000000000 ) ) ;
#1314 = DIRECTION ( 'NONE',  ( -0.000000000000000000, -1.000000000000000000, -0.000000000000000000 ) ) ;
#1315 = ADVANCED_FACE ( 'NONE', ( #1982 ), #2139, .T. ) ;
#1316 = DIRECTION ( 'NONE',  ( 0.000000000000000000, 0.000000000000000000, 1.000000000000000000 ) ) ;
#1317 = DIRECTION ( 'NONE',  ( -1.000000000000000000, 0.000000000000000000, 0.000000000000000000 ) ) ;
#1318 = ADVANCED_FACE ( 'NONE', ( #5741 ), #5815, .F. ) ;
#1319 = LINE ( 'NONE', #7527, #1641 ) ;
#1320 = ORIENTED_EDGE ( 'NONE', *, *, #2193, .T. ) ;
#1321 = CARTESIAN_POINT ( 'NONE',  ( 37.50000000000000711, -0.5000000000000000000, 0.000000000000000000 ) ) ;
#1322 = DIRECTION ( 'NONE',  ( 0.000000000000000000, 1.000000000000000000, 0.000000000000000000 ) ) ;
#1323 = VECTOR ( 'NONE', #5032, 1000.000000000000000 ) ;
#1324 = DIRECTION ( 'NONE',  ( -1.000000000000000000, 0.000000000000000000, 0.000000000000000000 ) ) ;
#1325 = CARTESIAN_POINT ( 'NONE',  ( 125.0000000000000000, 6.500000000000000000, 0.000000000000000000 ) ) ;
#1326 = ORIENTED_EDGE ( 'NONE', *, *, #6427, .T. ) ;
#1327 = TOROIDAL_SURFACE ( 'NONE', #5029, 4.499999999999997335, 0.5000000000000000000 ) ;
#1328 = LINE ( 'NONE', #1065, #5204 ) ;
#1329 = ORIENTED_EDGE ( 'NONE', *, *, #6218, .T. ) ;
#1330 = ORIENTED_EDGE ( 'NONE', *, *, #7885, .T. ) ;
#1331 = AXIS2_PLACEMENT_3D ( 'NONE', #202, #2734, #7690 ) ;
#1332 = LINE ( 'NONE', #5141, #6792 ) ;
#1333 = CYLINDRICAL_SURFACE ( 'NONE', #5041, 4.000000000000003553 ) ;
#1334 = ORIENTED_EDGE ( 'NONE', *, *, #3841, .T. ) ;
#1335 = ORIENTED_EDGE ( 'NONE', *, *, #6067, .F. ) ;
#1336 = LINE ( 'NONE', #6395, #857 ) ;
#1337 = VERTEX_POINT ( 'NONE', #6443 ) ;
#1338 = VECTOR ( 'NONE', #1672, 1000.000000000000000 ) ;
#1339 = VERTEX_POINT ( 'NONE', #7017 ) ;
#1340 = CYLINDRICAL_SURFACE ( 'NONE', #824, 5.000000000000000000 ) ;
#1341 = CARTESIAN_POINT ( 'NONE',  ( 20.12461179749810825, -0.5000000000000000000, -6.000000000000000000 ) ) ;
#1342 = LINE ( 'NONE', #5853, #3056 ) ;
#1343 = LINE ( 'NONE', #3266, #4380 ) ;
#1344 = ORIENTED_EDGE ( 'NONE', *, *, #7391, .F. ) ;
#1345 = CIRCLE ( 'NONE', #6504, 3.999999999999996447 ) ;
#1346 = CARTESIAN_POINT ( 'NONE',  ( -131.5000000000000000, -0.4999999999999998890, 0.9929217843036916014 ) ) ;
#1347 = ORIENTED_EDGE ( 'NONE', *, *, #511, .T. ) ;
#1348 = DIRECTION ( 'NONE',  ( -0.000000000000000000, 0.000000000000000000, 1.000000000000000000 ) ) ;
#1349 = DIRECTION ( 'NONE',  ( 0.000000000000000000, 0.000000000000000000, 1.000000000000000000 ) ) ;
#1350 = LINE ( 'NONE', #3345, #7444 ) ;
#1351 = EDGE_CURVE ( 'NONE', #585, #6521, #1343, .T. ) ;
#1352 = AXIS2_PLACEMENT_3D ( 'NONE', #4567, #3819, #720 ) ;
#1353 = EDGE_CURVE ( 'NONE', #3735, #1633, #7153, .T. ) ;
#1354 = VECTOR ( 'NONE', #1686, 1000.000000000000000 ) ;
#1355 = DIRECTION ( 'NONE',  ( -0.000000000000000000, 1.000000000000000000, -0.000000000000000000 ) ) ;
#1356 = CARTESIAN_POINT ( 'NONE',  ( 3.000000000000000444, -2.499999999999999556, -4.999999999999997335 ) ) ;
#1357 = CARTESIAN_POINT ( 'NONE',  ( -69.99999999999998579, -2.999999999999999556, -1.421904488505580887E-16 ) ) ;
#1358 = AXIS2_PLACEMENT_3D ( 'NONE', #6745, #1070, #3604 ) ;
#1359 = ADVANCED_FACE ( 'NONE', ( #2352 ), #264, .T. ) ;
#1360 = ORIENTED_EDGE ( 'NONE', *, *, #6554, .F. ) ;
#1361 = CIRCLE ( 'NONE', #440, 4.999999999999999112 ) ;
#1362 = CARTESIAN_POINT ( 'NONE',  ( -11.94229030071541686, -1.000000000000000000, 1.500000000000004885 ) ) ;
#1363 = EDGE_CURVE ( 'NONE', #4269, #1769, #5583, .T. ) ;
#1364 = EDGE_CURVE ( 'NONE', #6294, #2025, #6062, .T. ) ;
#1365 = DIRECTION ( 'NONE',  ( -0.000000000000000000, -1.000000000000000000, -0.000000000000000000 ) ) ;
#1366 = VECTOR ( 'NONE', #1403, 1000.000000000000000 ) ;
#1367 = CARTESIAN_POINT ( 'NONE',  ( 2.999999999999999112, 2.499999999999999556, 5.000000000000002665 ) ) ;
#1368 = CARTESIAN_POINT ( 'NONE',  ( -88.66025403784438197, -0.5000000000000000000, -11.00000000000000000 ) ) ;
#1369 = AXIS2_PLACEMENT_3D ( 'NONE', #6652, #7308, #4174 ) ;
#1370 = VECTOR ( 'NONE', #3597, 1000.000000000000000 ) ;
#1371 = DIRECTION ( 'NONE',  ( 0.000000000000000000, 0.000000000000000000, 1.000000000000000000 ) ) ;
#1372 = ADVANCED_FACE ( 'NONE', ( #1511 ), #7221, .T. ) ;
#1373 = ORIENTED_EDGE ( 'NONE', *, *, #1878, .F. ) ;
#1374 = VERTEX_POINT ( 'NONE', #1050 ) ;
#1375 = AXIS2_PLACEMENT_3D ( 'NONE', #3424, #2764, #5988 ) ;
#1376 = AXIS2_PLACEMENT_3D ( 'NONE', #297, #7785, #1496 ) ;
#1377 = CARTESIAN_POINT ( 'NONE',  ( 13.87585478415369522, -1.086093972580179035, 6.500000000000000000 ) ) ;
#1378 = CIRCLE ( 'NONE', #6670, 0.5000000000000004441 ) ;
#1379 = CARTESIAN_POINT ( 'NONE',  ( -121.1270166537925803, -0.5000000000000000000, -1.000000000000000000 ) ) ;
#1380 = VECTOR ( 'NONE', #8180, 1000.000000000000000 ) ;
#1381 = AXIS2_PLACEMENT_3D ( 'NONE', #6304, #2498, #7577 ) ;
#1382 = ORIENTED_EDGE ( 'NONE', *, *, #4896, .T. ) ;
#1383 = ORIENTED_EDGE ( 'NONE', *, *, #2871, .T. ) ;
#1384 = CARTESIAN_POINT ( 'NONE',  ( 86.70820393249938718, -1.000000000000000000, 1.500000000000000000 ) ) ;
#1385 = ORIENTED_EDGE ( 'NONE', *, *, #5809, .F. ) ;
#1386 = VECTOR ( 'NONE', #3974, 1000.000000000000000 ) ;
#1387 = VECTOR ( 'NONE', #2605, 1000.000000000000000 ) ;
#1388 = ORIENTED_EDGE ( 'NONE', *, *, #1829, .F. ) ;
#1389 = DIRECTION ( 'NONE',  ( 0.000000000000000000, 0.000000000000000000, -1.000000000000000000 ) ) ;
#1390 = DIRECTION ( 'NONE',  ( -0.000000000000000000, 1.000000000000000000, -0.000000000000000000 ) ) ;
#1391 = CARTESIAN_POINT ( 'NONE',  ( 5.000000000000000000, -6.500000000000000000, 0.000000000000000000 ) ) ;
#1392 = AXIS2_PLACEMENT_3D ( 'NONE', #4596, #3319, #6459 ) ;
#1393 = DIRECTION ( 'NONE',  ( 0.000000000000000000, 1.000000000000000000, 0.000000000000000000 ) ) ;
#1394 = EDGE_LOOP ( 'NONE', ( #8124, #4849, #1090, #3834 ) ) ;
#1395 = CARTESIAN_POINT ( 'NONE',  ( -131.5000000000000000, -1.013509620356666252, 0.7607481171776528939 ) ) ;
#1396 = EDGE_LOOP ( 'NONE', ( #4276, #520 ) ) ;
#1397 = EDGE_CURVE ( 'NONE', #772, #7395, #3065, .T. ) ;
#1398 = DIRECTION ( 'NONE',  ( 0.000000000000000000, 0.000000000000000000, -1.000000000000000000 ) ) ;
#1399 = LINE ( 'NONE', #7728, #3088 ) ;
#1400 = CARTESIAN_POINT ( 'NONE',  ( -5.000000000000000000, 0.000000000000000000, 2.499999999999999556 ) ) ;
#1401 = ORIENTED_EDGE ( 'NONE', *, *, #6927, .T. ) ;
#1402 = CARTESIAN_POINT ( 'NONE',  ( -16.19862544833818063, -1.000000000000000000, 4.983333333333336057 ) ) ;
#1403 = DIRECTION ( 'NONE',  ( -0.000000000000000000, -0.000000000000000000, 1.000000000000000000 ) ) ;
#1404 = ORIENTED_EDGE ( 'NONE', *, *, #6941, .T. ) ;
#1405 = CARTESIAN_POINT ( 'NONE',  ( 131.5000000000000000, -1.000000000000000000, -1.552214998774828825 ) ) ;
#1406 = DIRECTION ( 'NONE',  ( 0.000000000000000000, 0.000000000000000000, 1.000000000000000000 ) ) ;
#1407 = CARTESIAN_POINT ( 'NONE',  ( -5.000000000000000000, 0.000000000000000000, 6.500000000000000000 ) ) ;
#1408 =( BOUNDED_SURFACE ( )  B_SPLINE_SURFACE ( 3, 2, ( 
 ( #489, #1947, #3015 ),
 ( #4913, #1181, #5543 ),
 ( #8052, #7436, #3679 ),
 ( #1776, #3714, #4299 ),
 ( #6822, #1856, #6198 ),
 ( #3054, #5585, #4333 ),
 ( #6241, #3099, #3954 ),
 ( #3921, #105, #1304 ) ),
 .UNSPECIFIED., .F., .F., .F. ) 
 B_SPLINE_SURFACE_WITH_KNOTS ( ( 4, 2, 2, 4 ),
 ( 3, 3 ),
 ( 0.000000000000000000, 0.0008318273432409090465, 0.001663654686481818093, 0.003327309372963636186 ),
 ( 0.000000000000000000, 1.000000000000000000 ),
 .UNSPECIFIED. ) 
 GEOMETRIC_REPRESENTATION_ITEM ( )  RATIONAL_B_SPLINE_SURFACE ( (
 ( 1.000000000000000000, 0.7071067811865471286, 1.000000000000000000),
 ( 1.000000000000000000, 0.7538628514063916430, 1.000000000000000000),
 ( 1.000000000000000000, 0.7951092457576679484, 1.000000000000000000),
 ( 1.000000000000000000, 0.8674185373048982628, 1.000000000000000000),
 ( 1.000000000000000000, 0.8985262822046460318, 1.000000000000000000),
 ( 1.000000000000000000, 0.9737688949899867552, 1.000000000000000000),
 ( 1.000000000000000000, 1.000090849995230569, 1.000000000000000000),
 ( 1.000000000000000000, 1.000000000000000000, 1.000000000000000000) ) ) 
 REPRESENTATION_ITEM ( '' )  SURFACE ( )  );
#1409 = CARTESIAN_POINT ( 'NONE',  ( 3.999999999999999112, 2.499999999999999556, 5.000000000000002665 ) ) ;
#1410 = EDGE_CURVE ( 'NONE', #3001, #7425, #1606, .T. ) ;
#1411 = CARTESIAN_POINT ( 'NONE',  ( -6.999999999999999112, -1.887458608817687900, -6.500000000000000000 ) ) ;
#1412 = EDGE_CURVE ( 'NONE', #549, #3213, #974, .T. ) ;
#1413 = ORIENTED_EDGE ( 'NONE', *, *, #658, .F. ) ;
#1414 = VERTEX_POINT ( 'NONE', #435 ) ;
#1415 = CARTESIAN_POINT ( 'NONE',  ( -2.999999999999999112, 3.999999999999999112, -2.499999999999999556 ) ) ;
#1416 = CARTESIAN_POINT ( 'NONE',  ( 34.51857603000028263, -1.000000000000000000, -2.666666666666667851 ) ) ;
#1417 = ADVANCED_FACE ( 'NONE', ( #5444 ), #148, .F. ) ;
#1418 = CARTESIAN_POINT ( 'NONE',  ( -5.999999999999999112, -4.000000000000000000, 6.500000000000000000 ) ) ;
#1419 = EDGE_LOOP ( 'NONE', ( #2709, #3559 ) ) ;
#1420 = DIRECTION ( 'NONE',  ( -0.000000000000000000, -1.000000000000000000, -0.000000000000000000 ) ) ;
#1421 = EDGE_CURVE ( 'NONE', #7165, #6600, #2648, .T. ) ;
#1422 = ORIENTED_EDGE ( 'NONE', *, *, #2042, .T. ) ;
#1423 = VERTEX_POINT ( 'NONE', #5321 ) ;
#1424 = CARTESIAN_POINT ( 'NONE',  ( 125.0000000000000000, 6.500000000000000000, 1.649999999999998579 ) ) ;
#1425 = CARTESIAN_POINT ( 'NONE',  ( -131.5000000000000000, -0.9991023853418978806, -1.360969559370583948 ) ) ;
#1426 = DIRECTION ( 'NONE',  ( -0.000000000000000000, 1.000000000000000000, -0.000000000000000000 ) ) ;
#1427 = DIRECTION ( 'NONE',  ( 0.000000000000000000, 0.000000000000000000, 1.000000000000000000 ) ) ;
#1428 = ORIENTED_EDGE ( 'NONE', *, *, #6570, .T. ) ;
#1429 = CARTESIAN_POINT ( 'NONE',  ( -131.1182392079369663, -0.8124024289611184724, 1.218743077658261287 ) ) ;
#1430 = EDGE_LOOP ( 'NONE', ( #1159, #1125, #6460, #6088 ) ) ;
#1431 = CARTESIAN_POINT ( 'NONE',  ( -122.2163469164071472, -1.000000000000000000, -3.535714285714281147 ) ) ;
#1432 = CYLINDRICAL_SURFACE ( 'NONE', #3116, 5.000000000000000000 ) ;
#1433 = CARTESIAN_POINT ( 'NONE',  ( 131.5000000000000000, -0.7798246926604159857, 1.058221538373107284 ) ) ;
#1434 = DIRECTION ( 'NONE',  ( -0.000000000000000000, 1.000000000000000000, -0.000000000000000000 ) ) ;
#1435 = ORIENTED_EDGE ( 'NONE', *, *, #3203, .F. ) ;
#1436 = CARTESIAN_POINT ( 'NONE',  ( 73.29179606750062703, -1.000000000000000000, 6.000000000000000000 ) ) ;
#1437 = CARTESIAN_POINT ( 'NONE',  ( -114.9999999999999858, -6.500000000000000000, -4.999999999999999112 ) ) ;
#1438 = ORIENTED_EDGE ( 'NONE', *, *, #4229, .F. ) ;
#1439 = DIRECTION ( 'NONE',  ( 1.000000000000000000, -0.000000000000000000, 0.000000000000000000 ) ) ;
#1440 = CARTESIAN_POINT ( 'NONE',  ( -14.58077859672466836, -0.9769682841389939476, -6.143071130028840088 ) ) ;
#1441 = DIRECTION ( 'NONE',  ( 0.000000000000000000, 0.000000000000000000, -1.000000000000000000 ) ) ;
#1442 = CARTESIAN_POINT ( 'NONE',  ( -12.95084025374650949, -0.9764405379194609491, -6.500000000000000000 ) ) ;
#1443 = DIRECTION ( 'NONE',  ( -0.000000000000000000, 1.000000000000000000, -0.000000000000000000 ) ) ;
#1444 = CARTESIAN_POINT ( 'NONE',  ( 80.00000000000000000, -6.500000000000000000, -3.750000000000006217 ) ) ;
#1445 = EDGE_LOOP ( 'NONE', ( #4856, #2380, #3707, #3916 ) ) ;
#1446 = EDGE_LOOP ( 'NONE', ( #1556, #6661, #7371, #671, #6283, #3622, #7819 ) ) ;
#1447 = CARTESIAN_POINT ( 'NONE',  ( 86.70820393249938718, 6.500000000000000000, 1.000000000000000000 ) ) ;
#1448 = ADVANCED_FACE ( 'NONE', ( #7350 ), #7264, .F. ) ;
#1449 = EDGE_CURVE ( 'NONE', #1813, #2289, #1689, .T. ) ;
#1450 = ADVANCED_FACE ( 'NONE', ( #7179 ), #2261, .F. ) ;
#1451 = CARTESIAN_POINT ( 'NONE',  ( -131.5000000000000000, -1.500000000000000000, 4.500000000000000888 ) ) ;
#1452 = CIRCLE ( 'NONE', #4900, 0.5000000000000013323 ) ;
#1453 = ORIENTED_EDGE ( 'NONE', *, *, #7235, .T. ) ;
#1454 = DIRECTION ( 'NONE',  ( -0.000000000000000000, 1.000000000000000000, -0.000000000000000000 ) ) ;
#1455 = ORIENTED_EDGE ( 'NONE', *, *, #4963, .T. ) ;
#1456 = ORIENTED_EDGE ( 'NONE', *, *, #2638, .F. ) ;
#1457 = EDGE_CURVE ( 'NONE', #731, #6185, #5152, .T. ) ;
#1458 = CIRCLE ( 'NONE', #544, 4.000000000000003553 ) ;
#1459 = FACE_OUTER_BOUND ( 'NONE', #854, .T. ) ;
#1460 = DIRECTION ( 'NONE',  ( -0.000000000000000000, 1.000000000000000000, -0.000000000000000000 ) ) ;
#1461 = CARTESIAN_POINT ( 'NONE',  ( 5.999999999999999112, -6.500000000000000000, 5.000000000000002665 ) ) ;
#1462 = ADVANCED_FACE ( 'NONE', ( #2847 ), #6646, .F. ) ;
#1463 = CARTESIAN_POINT ( 'NONE',  ( 80.00000000000000000, 6.500000000000000000, 0.000000000000000000 ) ) ;
#1464 = ORIENTED_EDGE ( 'NONE', *, *, #6976, .T. ) ;
#1465 = AXIS2_PLACEMENT_3D ( 'NONE', #603, #4324, #6764 ) ;
#1466 = CARTESIAN_POINT ( 'NONE',  ( -131.5000000000000000, -1.000000000000000000, 1.673907284147948538 ) ) ;
#1467 = ORIENTED_EDGE ( 'NONE', *, *, #7730, .F. ) ;
#1468 = DIRECTION ( 'NONE',  ( 0.000000000000000000, 1.000000000000000000, -0.000000000000000000 ) ) ;
#1469 = PLANE ( 'NONE',  #2848 ) ;
#1470 = CARTESIAN_POINT ( 'NONE',  ( -11.94229030071541864, -1.500000000000000000, -6.500000000000000000 ) ) ;
#1471 = VECTOR ( 'NONE', #7648, 1000.000000000000000 ) ;
#1472 = DIRECTION ( 'NONE',  ( -0.000000000000000000, 1.000000000000000000, -0.000000000000000000 ) ) ;
#1473 = ORIENTED_EDGE ( 'NONE', *, *, #2779, .T. ) ;
#1474 = CARTESIAN_POINT ( 'NONE',  ( 30.79179606750063058, -0.5000000000000000000, -6.000000000000000000 ) ) ;
#1475 = ORIENTED_EDGE ( 'NONE', *, *, #2126, .F. ) ;
#1476 = DIRECTION ( 'NONE',  ( 0.000000000000000000, 0.000000000000000000, 1.000000000000000000 ) ) ;
#1477 = ORIENTED_EDGE ( 'NONE', *, *, #7274, .F. ) ;
#1478 = DIRECTION ( 'NONE',  ( -1.000000000000000000, 0.000000000000000000, 0.000000000000000000 ) ) ;
#1479 = CIRCLE ( 'NONE', #2552, 1.649999999999998579 ) ;
#1480 = CIRCLE ( 'NONE', #7042, 0.4999999999999991118 ) ;
#1481 = DIRECTION ( 'NONE',  ( 1.000000000000000000, 0.000000000000000000, 0.000000000000000000 ) ) ;
#1482 = CARTESIAN_POINT ( 'NONE',  ( -131.5000000000000000, 6.500000000000000000, -4.500000000000000888 ) ) ;
#1483 = AXIS2_PLACEMENT_3D ( 'NONE', #6724, #1171, #4986 ) ;
#1484 = FACE_OUTER_BOUND ( 'NONE', #6364, .T. ) ;
#1485 = VECTOR ( 'NONE', #6132, 1000.000000000000000 ) ;
#1486 = CARTESIAN_POINT ( 'NONE',  ( 125.0000000000000000, 6.500000000000000000, 3.999999999999996447 ) ) ;
#1487 = ADVANCED_FACE ( 'NONE', ( #4120 ), #2882, .F. ) ;
#1488 = CARTESIAN_POINT ( 'NONE',  ( -6.999999999999999112, 4.000000000000000888, 6.500000000000000000 ) ) ;
#1489 = EDGE_LOOP ( 'NONE', ( #6687, #676, #4606, #2620 ) ) ;
#1490 = VERTEX_POINT ( 'NONE', #1642 ) ;
#1491 = EDGE_CURVE ( 'NONE', #2345, #943, #4489, .T. ) ;
#1492 = AXIS2_PLACEMENT_3D ( 'NONE', #6987, #1314, #6206 ) ;
#1493 = VECTOR ( 'NONE', #5829, 1000.000000000000000 ) ;
#1494 = CARTESIAN_POINT ( 'NONE',  ( -19.00000000000000355, -6.500000000000000000, 1.421904488505581133E-16 ) ) ;
#1495 = TOROIDAL_SURFACE ( 'NONE', #45, 9.500000000000000000, 0.5000000000000000000 ) ;
#1496 = DIRECTION ( 'NONE',  ( 0.000000000000000000, 0.000000000000000000, 1.000000000000000000 ) ) ;
#1497 = EDGE_LOOP ( 'NONE', ( #7913, #5679 ) ) ;
#1498 = DIRECTION ( 'NONE',  ( 0.000000000000000000, -1.000000000000000000, 0.000000000000000000 ) ) ;
#1499 = ORIENTED_EDGE ( 'NONE', *, *, #7515, .F. ) ;
#1500 = PRODUCT_DEFINITION_FORMATION_WITH_SPECIFIED_SOURCE ( '浠', '', #117, .NOT_KNOWN. ) ;
#1501 = ADVANCED_FACE ( 'NONE', ( #5617 ), #1140, .T. ) ;
#1502 = CIRCLE ( 'NONE', #453, 4.999999999999999112 ) ;
#1503 = ORIENTED_EDGE ( 'NONE', *, *, #6068, .T. ) ;
#1504 = CIRCLE ( 'NONE', #5639, 1.649999999999998579 ) ;
#1505 = AXIS2_PLACEMENT_3D ( 'NONE', #5170, #2737, #1478 ) ;
#1506 = CARTESIAN_POINT ( 'NONE',  ( -23.55047706695932064, -1.000000000000000000, 11.00000000000000000 ) ) ;
#1507 = DIRECTION ( 'NONE',  ( 0.000000000000000000, 0.000000000000000000, 1.000000000000000000 ) ) ;
#1508 = AXIS2_PLACEMENT_3D ( 'NONE', #2742, #5834, #5345 ) ;
#1509 = PLANE ( 'NONE',  #4766 ) ;
#1510 = AXIS2_PLACEMENT_3D ( 'NONE', #1938, #2391, #4446 ) ;
#1511 = FACE_OUTER_BOUND ( 'NONE', #619, .T. ) ;
#1512 = CIRCLE ( 'NONE', #601, 4.000000000000003553 ) ;
#1513 = VERTEX_POINT ( 'NONE', #85 ) ;
#1514 = ORIENTED_EDGE ( 'NONE', *, *, #2193, .F. ) ;
#1515 = DIRECTION ( 'NONE',  ( 0.000000000000000000, -1.000000000000000000, 0.000000000000000000 ) ) ;
#1516 = ORIENTED_EDGE ( 'NONE', *, *, #3498, .F. ) ;
#1517 = AXIS2_PLACEMENT_3D ( 'NONE', #345, #2340, #2377 ) ;
#1518 = EDGE_CURVE ( 'NONE', #2350, #3302, #4756, .T. ) ;
#1519 = ADVANCED_FACE ( 'NONE', ( #8133 ), #6606, .F. ) ;
#1520 = DIRECTION ( 'NONE',  ( -0.000000000000000000, -1.000000000000000000, 0.000000000000000000 ) ) ;
#1521 = ADVANCED_FACE ( 'NONE', ( #1723 ), #4097, .F. ) ;
#1522 = DIRECTION ( 'NONE',  ( -0.000000000000000000, 0.000000000000000000, 1.000000000000000000 ) ) ;
#1524 = VECTOR ( 'NONE', #6357, 1000.000000000000000 ) ;
#1523 = CARTESIAN_POINT ( 'NONE',  ( 131.7122317325336383, -0.5000000000000000000, -5.995493738531334493 ) ) ;
#1525 = EDGE_CURVE ( 'NONE', #2201, #1014, #483, .T. ) ;
#1526 = DIRECTION ( 'NONE',  ( 1.000000000000000000, -0.000000000000000000, 0.000000000000000000 ) ) ;
#1527 = ORIENTED_EDGE ( 'NONE', *, *, #4310, .F. ) ;
#1528 = CARTESIAN_POINT ( 'NONE',  ( -134.0709441698225248, -0.5000000000000000000, -10.66386289615367033 ) ) ;
#1529 = ORIENTED_EDGE ( 'NONE', *, *, #2333, .F. ) ;
#1530 = CARTESIAN_POINT ( 'NONE',  ( -6.999999999999999112, -5.000000000000000000, -6.500000000000000000 ) ) ;
#1531 = VERTEX_POINT ( 'NONE', #752 ) ;
#1532 = CARTESIAN_POINT ( 'NONE',  ( 131.0633619686149416, -0.6317652032542807605, -1.051143581541004401 ) ) ;
#1533 = CARTESIAN_POINT ( 'NONE',  ( 120.0000000000000000, -2.999999999999999556, 0.000000000000000000 ) ) ;
#1534 =( BOUNDED_SURFACE ( )  B_SPLINE_SURFACE ( 3, 2, ( 
 ( #2066, #4575, #5737 ),
 ( #3332, #4453, #3919 ),
 ( #6441, #224, #2722 ),
 ( #137, #2099, #7134 ),
 ( #4609, #5150, #3990 ),
 ( #683, #2598, #800 ),
 ( #1302, #1425, #767 ),
 ( #6974, #4487, #3298 ),
 ( #3218, #6474, #3381 ),
 ( #2758, #2673, #7638 ) ),
 .UNSPECIFIED., .F., .F., .F. ) 
 B_SPLINE_SURFACE_WITH_KNOTS ( ( 4, 2, 2, 2, 4 ),
 ( 3, 3 ),
 ( 0.0006489936162931538239, 0.001050117326714190358, 0.001451241037135227001, 0.001852364747556263644, 0.002253488457977300286 ),
 ( 0.000000000000000000, 1.000000000000000000 ),
 .UNSPECIFIED. ) 
 GEOMETRIC_REPRESENTATION_ITEM ( )  RATIONAL_B_SPLINE_SURFACE ( (
 ( 1.000000000000000000, 0.8038877015219259015, 1.000000000000000000),
 ( 1.000000000000000000, 0.8039054228809305869, 1.000000000000000000),
 ( 1.000000000000000000, 0.8016370078178428615, 1.000000000000000000),
 ( 1.000000000000000000, 0.7928429274346479039, 1.000000000000000000),
 ( 1.000000000000000000, 0.7862628775942963610, 1.000000000000000000),
 ( 1.000000000000000000, 0.7693985285819182618, 1.000000000000000000),
 ( 1.000000000000000000, 0.7589614376859435962, 1.000000000000000000),
 ( 1.000000000000000000, 0.7351547721106482802, 1.000000000000000000),
 ( 1.000000000000000000, 0.7215040802934702402, 1.000000000000000000),
 ( 1.000000000000000000, 0.7071067811865475727, 1.000000000000000000) ) ) 
 REPRESENTATION_ITEM ( '' )  SURFACE ( )  );
#1535 = DIRECTION ( 'NONE',  ( 0.000000000000000000, 0.000000000000000000, 1.000000000000000000 ) ) ;
#1536 = DIRECTION ( 'NONE',  ( 0.000000000000000000, 0.000000000000000000, 1.000000000000000000 ) ) ;
#1537 = DIRECTION ( 'NONE',  ( -0.000000000000000000, -1.000000000000000000, -0.000000000000000000 ) ) ;
#1538 = CARTESIAN_POINT ( 'NONE',  ( 14.13556936188272672, -1.062284658446863483, -6.500000000000000000 ) ) ;
#1539 = VERTEX_POINT ( 'NONE', #6996 ) ;
#1540 = ORIENTED_EDGE ( 'NONE', *, *, #6466, .T. ) ;
#1541 = DIRECTION ( 'NONE',  ( -0.000000000000000000, 1.000000000000000000, -0.000000000000000000 ) ) ;
#1542 = FACE_OUTER_BOUND ( 'NONE', #4642, .T. ) ;
#1543 = EDGE_CURVE ( 'NONE', #6857, #6719, #2705, .T. ) ;
#1544 = EDGE_LOOP ( 'NONE', ( #204, #6508, #127, #6685 ) ) ;
#1545 = AXIS2_PLACEMENT_3D ( 'NONE', #6487, #3887, #813 ) ;
#1546 = CARTESIAN_POINT ( 'NONE',  ( 6.999999999999999112, -2.499999999999999556, 4.000000000000002665 ) ) ;
#1547 = ORIENTED_EDGE ( 'NONE', *, *, #513, .T. ) ;
#1548 = ORIENTED_EDGE ( 'NONE', *, *, #5367, .F. ) ;
#1549 = DIRECTION ( 'NONE',  ( -0.000000000000000000, 1.000000000000000000, 0.000000000000000000 ) ) ;
#1550 = DIRECTION ( 'NONE',  ( -0.000000000000000000, 1.000000000000000000, -0.000000000000000000 ) ) ;
#1551 = LINE ( 'NONE', #2918, #2814 ) ;
#1552 = DIRECTION ( 'NONE',  ( -1.000000000000000000, -0.000000000000000000, -0.000000000000000000 ) ) ;
#1553 = ORIENTED_EDGE ( 'NONE', *, *, #2871, .F. ) ;
#1554 = ORIENTED_EDGE ( 'NONE', *, *, #2011, .F. ) ;
#1555 = CARTESIAN_POINT ( 'NONE',  ( 13.80018990525366895, -1.462177131052045054, 6.500000000000000888 ) ) ;
#1556 = ORIENTED_EDGE ( 'NONE', *, *, #5817, .F. ) ;
#1557 = FACE_OUTER_BOUND ( 'NONE', #5188, .T. ) ;
#1558 = DIRECTION ( 'NONE',  ( -1.000000000000000000, 0.000000000000000000, -0.000000000000000000 ) ) ;
#1559 = ADVANCED_FACE ( 'NONE', ( #3282 ), #1849, .F. ) ;
#1560 = EDGE_CURVE ( 'NONE', #2105, #6022, #7656, .T. ) ;
#1561 = AXIS2_PLACEMENT_3D ( 'NONE', #2609, #6450, #2768 ) ;
#1562 = EDGE_CURVE ( 'NONE', #7194, #1513, #4021, .T. ) ;
#1563 = CARTESIAN_POINT ( 'NONE',  ( -121.1270166537925803, -0.5000000000000000000, 1.500000000000000000 ) ) ;
#1564 = ORIENTED_EDGE ( 'NONE', *, *, #7775, .F. ) ;
#1565 = CARTESIAN_POINT ( 'NONE',  ( -3.999999999999999112, -4.000000000000001776, 2.499999999999999556 ) ) ;
#1566 = ORIENTED_EDGE ( 'NONE', *, *, #5277, .T. ) ;
#1567 = DIRECTION ( 'NONE',  ( -1.000000000000000000, 0.000000000000000000, 0.000000000000000000 ) ) ;
#1568 = ORIENTED_EDGE ( 'NONE', *, *, #2033, .T. ) ;
#1569 = DIRECTION ( 'NONE',  ( -0.000000000000000000, -0.000000000000000000, -1.000000000000000000 ) ) ;
#1570 = EDGE_CURVE ( 'NONE', #6054, #346, #5763, .T. ) ;
#1571 = CARTESIAN_POINT ( 'NONE',  ( 14.35660390792061669, -1.000000000000000000, -6.000000000000000000 ) ) ;
#1572 = EDGE_CURVE ( 'NONE', #4010, #3201, #5208, .T. ) ;
#1573 = DIRECTION ( 'NONE',  ( 0.000000000000000000, 0.000000000000000000, 1.000000000000000000 ) ) ;
#1574 = CARTESIAN_POINT ( 'NONE',  ( -11.94229030071541686, -0.5000000000000000000, -6.500000000000002665 ) ) ;
#1575 = DIRECTION ( 'NONE',  ( 1.000000000000000000, 0.000000000000000000, 0.000000000000000000 ) ) ;
#1576 = CARTESIAN_POINT ( 'NONE',  ( 14.35660390792061669, -1.000000000000000000, -6.000000000000000000 ) ) ;
#1577 = VERTEX_POINT ( 'NONE', #4951 ) ;
#1578 = CARTESIAN_POINT ( 'NONE',  ( -134.0709441698225248, 6.500000000000000000, 10.66386289615367033 ) ) ;
#1579 = ORIENTED_EDGE ( 'NONE', *, *, #6375, .F. ) ;
#1580 = DIRECTION ( 'NONE',  ( -0.000000000000000000, -1.000000000000000000, -0.000000000000000000 ) ) ;
#1581 = CARTESIAN_POINT ( 'NONE',  ( -6.999999999999999112, 1.887458608817688122, 6.500000000000000000 ) ) ;
#1582 = ORIENTED_EDGE ( 'NONE', *, *, #6126, .F. ) ;
#1583 = VERTEX_POINT ( 'NONE', #8046 ) ;
#1584 = ORIENTED_EDGE ( 'NONE', *, *, #1145, .F. ) ;
#1585 = CARTESIAN_POINT ( 'NONE',  ( 118.2917960675006412, -1.000000000000000000, 6.000000000000000000 ) ) ;
#1586 = ORIENTED_EDGE ( 'NONE', *, *, #5007, .T. ) ;
#1587 = AXIS2_PLACEMENT_3D ( 'NONE', #4826, #3513, #8009 ) ;
#1588 = EDGE_LOOP ( 'NONE', ( #1893, #4938, #330, #1260 ) ) ;
#1589 = CARTESIAN_POINT ( 'NONE',  ( 6.999999999999999112, -2.499999999999999556, 1.887458608817688122 ) ) ;
#1590 = CARTESIAN_POINT ( 'NONE',  ( 34.14589803375031352, -0.5000000000000000000, -3.000000000000000888 ) ) ;
#1591 = VECTOR ( 'NONE', #118, 1000.000000000000000 ) ;
#1592 = DIRECTION ( 'NONE',  ( 0.000000000000000000, 0.000000000000000000, 1.000000000000000000 ) ) ;
#1593 = AXIS2_PLACEMENT_3D ( 'NONE', #1900, #6977, #4415 ) ;
#1594 = DIRECTION ( 'NONE',  ( 0.000000000000000000, 0.000000000000000000, 1.000000000000000000 ) ) ;
#1595 = EDGE_LOOP ( 'NONE', ( #7128, #7333, #4817, #4867 ) ) ;
#1596 = FACE_OUTER_BOUND ( 'NONE', #1250, .T. ) ;
#1597 = ORIENTED_EDGE ( 'NONE', *, *, #4974, .T. ) ;
#1598 = CIRCLE ( 'NONE', #5569, 1.000000000000000000 ) ;
#1599 = DIRECTION ( 'NONE',  ( -0.000000000000000000, 1.000000000000000000, -0.000000000000000000 ) ) ;
#1600 = CARTESIAN_POINT ( 'NONE',  ( 131.0358366780941139, -0.9377114878874938109, 1.293622908119683279 ) ) ;
#1601 = AXIS2_PLACEMENT_3D ( 'NONE', #1846, #1762, #4899 ) ;
#1602 = CARTESIAN_POINT ( 'NONE',  ( 6.999999999999999112, -6.500000000000000000, -3.999999999999998224 ) ) ;
#1603 = VERTEX_POINT ( 'NONE', #4286 ) ;
#1604 = CARTESIAN_POINT ( 'NONE',  ( 6.999999999999999112, -6.500000000000000000, -3.999999999999998224 ) ) ;
#1605 = VERTEX_POINT ( 'NONE', #6156 ) ;
#1606 = CIRCLE ( 'NONE', #6239, 4.000000000000003553 ) ;
#1607 = DIRECTION ( 'NONE',  ( 0.000000000000000000, 0.000000000000000000, 1.000000000000000000 ) ) ;
#1608 = EDGE_LOOP ( 'NONE', ( #1754, #4736, #3888, #2859 ) ) ;
#1609 = EDGE_CURVE ( 'NONE', #3302, #5934, #183, .T. ) ;
#1610 = AXIS2_PLACEMENT_3D ( 'NONE', #5890, #2248, #3369 ) ;
#1611 = DIRECTION ( 'NONE',  ( -0.000000000000000000, 1.000000000000000000, -0.000000000000000000 ) ) ;
#1612 = CARTESIAN_POINT ( 'NONE',  ( 122.0185760300002897, -1.000000000000000000, 2.666666666666665186 ) ) ;
#1613 = CARTESIAN_POINT ( 'NONE',  ( -131.0000000000000000, -1.000000000000000000, -0.9999999999999995559 ) ) ;
#1614 = DIRECTION ( 'NONE',  ( -0.000000000000000000, 1.000000000000000000, -0.000000000000000000 ) ) ;
#1615 = DIRECTION ( 'NONE',  ( 0.000000000000000000, 0.000000000000000000, 1.000000000000000000 ) ) ;
#1616 = FACE_OUTER_BOUND ( 'NONE', #7770, .T. ) ;
#1617 = CIRCLE ( 'NONE', #428, 4.500000000000000888 ) ;
#1618 = ORIENTED_EDGE ( 'NONE', *, *, #5761, .T. ) ;
#1619 = AXIS2_PLACEMENT_3D ( 'NONE', #1212, #2386, #3671 ) ;
#1620 = EDGE_CURVE ( 'NONE', #28, #379, #2389, .T. ) ;
#1621 = DIRECTION ( 'NONE',  ( 2.775557561562891351E-15, 0.000000000000000000, 1.000000000000000000 ) ) ;
#1622 = ORIENTED_EDGE ( 'NONE', *, *, #4053, .T. ) ;
#1623 = EDGE_CURVE ( 'NONE', #3085, #6825, #6816, .T. ) ;
#1624 = VECTOR ( 'NONE', #5676, 1000.000000000000000 ) ;
#1625 = FACE_OUTER_BOUND ( 'NONE', #3718, .T. ) ;
#1626 = CIRCLE ( 'NONE', #6908, 5.000000000000000000 ) ;
#1627 = VECTOR ( 'NONE', #1670, 1000.000000000000000 ) ;
#1628 = CARTESIAN_POINT ( 'NONE',  ( 37.50000000000000711, -1.000000000000000000, -1.500000000000000000 ) ) ;
#1629 = EDGE_CURVE ( 'NONE', #3957, #1374, #589, .T. ) ;
#1630 = VERTEX_POINT ( 'NONE', #3706 ) ;
#1631 = CARTESIAN_POINT ( 'NONE',  ( -125.0000000000000000, 6.500000000000000000, -1.649999999999998579 ) ) ;
#1632 = EDGE_LOOP ( 'NONE', ( #1477, #316, #3584, #6094 ) ) ;
#1633 = VERTEX_POINT ( 'NONE', #1409 ) ;
#1634 = CIRCLE ( 'NONE', #7575, 2.750000000000000000 ) ;
#1635 = CIRCLE ( 'NONE', #6910, 4.999999999999999112 ) ;
#1636 = LINE ( 'NONE', #4116, #6786 ) ;
#1637 = CARTESIAN_POINT ( 'NONE',  ( 125.0000000000000000, 6.500000000000000000, 0.000000000000000000 ) ) ;
#1638 = ORIENTED_EDGE ( 'NONE', *, *, #6127, .F. ) ;
#1639 = DIRECTION ( 'NONE',  ( -0.000000000000000000, -1.000000000000000000, -0.000000000000000000 ) ) ;
#1640 = EDGE_LOOP ( 'NONE', ( #3878, #251, #5560, #990 ) ) ;
#1641 = VECTOR ( 'NONE', #628, 1000.000000000000000 ) ;
#1642 = CARTESIAN_POINT ( 'NONE',  ( -131.1462354366582019, -0.5000000000000000000, -1.101118581567377408 ) ) ;
#1643 = ORIENTED_EDGE ( 'NONE', *, *, #6875, .F. ) ;
#1644 = CARTESIAN_POINT ( 'NONE',  ( -131.0385075530961387, -1.000000000000001110, 1.534871200746592779 ) ) ;
#1645 = ORIENTED_EDGE ( 'NONE', *, *, #5632, .T. ) ;
#1646 = CIRCLE ( 'NONE', #6139, 4.500000000000003553 ) ;
#1647 = VECTOR ( 'NONE', #4866, 1000.000000000000000 ) ;
#1648 = FACE_OUTER_BOUND ( 'NONE', #1821, .T. ) ;
#1649 = AXIS2_PLACEMENT_3D ( 'NONE', #6168, #7361, #6827 ) ;
#1650 = CARTESIAN_POINT ( 'NONE',  ( 131.5000000000000000, 6.500000000000000000, -0.5418045322075886183 ) ) ;
#1651 = AXIS2_PLACEMENT_3D ( 'NONE', #1418, #3411, #2169 ) ;
#1652 = AXIS2_PLACEMENT_3D ( 'NONE', #5893, #2131, #2014 ) ;
#1653 = VECTOR ( 'NONE', #2495, 1000.000000000000000 ) ;
#1654 = CARTESIAN_POINT ( 'NONE',  ( 4.000000000000000000, -6.500000000000000000, -4.999999999999997335 ) ) ;
#1655 = ORIENTED_EDGE ( 'NONE', *, *, #1054, .F. ) ;
#1656 = DIRECTION ( 'NONE',  ( 0.000000000000000000, 0.000000000000000000, -1.000000000000000000 ) ) ;
#1657 = VERTEX_POINT ( 'NONE', #5884 ) ;
#1658 = ADVANCED_FACE ( 'NONE', ( #2819 ), #5957, .F. ) ;
#1659 = CARTESIAN_POINT ( 'NONE',  ( 122.0185760300002897, -0.5000000000000000000, -2.666666666666665186 ) ) ;
#1660 = VERTEX_POINT ( 'NONE', #2087 ) ;
#1661 = AXIS2_PLACEMENT_3D ( 'NONE', #5111, #7166, #97 ) ;
#1662 = AXIS2_PLACEMENT_3D ( 'NONE', #3805, #4972, #3651 ) ;
#1663 = DIRECTION ( 'NONE',  ( -0.000000000000000000, 1.000000000000000000, -0.000000000000000000 ) ) ;
#1664 = CARTESIAN_POINT ( 'NONE',  ( -125.0000000000000000, -0.5000000000000000000, -1.500000000000000000 ) ) ;
#1665 = CARTESIAN_POINT ( 'NONE',  ( 131.7122317325336383, -1.000000000000000000, 5.995493738531336270 ) ) ;
#1666 = CARTESIAN_POINT ( 'NONE',  ( -13.73790195916203771, -1.260762860229459159, -6.500000000000000000 ) ) ;
#1667 = DIRECTION ( 'NONE',  ( 0.000000000000000000, 1.000000000000000000, 0.000000000000000000 ) ) ;
#1668 = DIRECTION ( 'NONE',  ( 0.000000000000000000, -1.000000000000000000, 0.000000000000000000 ) ) ;
#1669 = ORIENTED_EDGE ( 'NONE', *, *, #1305, .T. ) ;
#1670 = DIRECTION ( 'NONE',  ( -0.000000000000000000, -1.000000000000000000, -0.000000000000000000 ) ) ;
#1671 = ORIENTED_EDGE ( 'NONE', *, *, #7532, .F. ) ;
#1672 = DIRECTION ( 'NONE',  ( -0.000000000000000000, -0.000000000000000000, -1.000000000000000000 ) ) ;
#1673 = AXIS2_PLACEMENT_3D ( 'NONE', #8065, #5424, #6748 ) ;
#1674 = DIRECTION ( 'NONE',  ( 0.000000000000000000, 1.000000000000000000, 0.000000000000000000 ) ) ;
#1675 = EDGE_CURVE ( 'NONE', #4526, #6, #4677, .T. ) ;
#1676 = ADVANCED_FACE ( 'NONE', ( #785 ), #6547, .T. ) ;
#1677 = EDGE_CURVE ( 'NONE', #1844, #2612, #4061, .T. ) ;
#1678 = ADVANCED_FACE ( 'NONE', ( #2046 ), #3210, .T. ) ;
#1679 = VERTEX_POINT ( 'NONE', #3361 ) ;
#1680 = FACE_OUTER_BOUND ( 'NONE', #8166, .T. ) ;
#1681 = ORIENTED_EDGE ( 'NONE', *, *, #7967, .F. ) ;
#1682 = ORIENTED_EDGE ( 'NONE', *, *, #6122, .T. ) ;
#1683 = DIRECTION ( 'NONE',  ( 0.000000000000000000, -0.000000000000000000, 1.000000000000000000 ) ) ;
#1684 = EDGE_CURVE ( 'NONE', #5693, #3165, #286, .T. ) ;
#1685 = DIRECTION ( 'NONE',  ( 0.000000000000000000, 0.000000000000000000, -1.000000000000000000 ) ) ;
#1686 = DIRECTION ( 'NONE',  ( 0.000000000000000000, -1.000000000000000000, 0.000000000000000000 ) ) ;
#1687 = VERTEX_POINT ( 'NONE', #3488 ) ;
#1688 = EDGE_CURVE ( 'NONE', #7768, #8155, #6006, .T. ) ;
#1689 = LINE ( 'NONE', #2966, #8058 ) ;
#1690 = VERTEX_POINT ( 'NONE', #2703 ) ;
#1691 = CIRCLE ( 'NONE', #7364, 1.499999999999999556 ) ;
#1692 = LINE ( 'NONE', #7260, #2840 ) ;
#1693 = ORIENTED_EDGE ( 'NONE', *, *, #7117, .T. ) ;
#1694 = DIRECTION ( 'NONE',  ( 0.000000000000000000, 1.000000000000000000, 0.000000000000000000 ) ) ;
#1695 = CARTESIAN_POINT ( 'NONE',  ( -6.999999999999999112, -5.000000000000000000, 2.499999999999999556 ) ) ;
#1696 = CARTESIAN_POINT ( 'NONE',  ( -15.81168588946338360, 6.500000000000000000, 4.666666666666668739 ) ) ;
#1697 = VERTEX_POINT ( 'NONE', #5227 ) ;
#1698 = CARTESIAN_POINT ( 'NONE',  ( -15.81168588946338360, -0.5000000000000000000, 4.666666666666668739 ) ) ;
#1699 = ORIENTED_EDGE ( 'NONE', *, *, #906, .T. ) ;
#1700 = LINE ( 'NONE', #2983, #7188 ) ;
#1701 = ORIENTED_EDGE ( 'NONE', *, *, #518, .T. ) ;
#1702 = CARTESIAN_POINT ( 'NONE',  ( 131.5000000000000000, -1.474398472873943433, -1.288989103454779572 ) ) ;
#1703 = FACE_OUTER_BOUND ( 'NONE', #7232, .T. ) ;
#1704 = AXIS2_PLACEMENT_3D ( 'NONE', #3394, #4049, #1992 ) ;
#1705 = CARTESIAN_POINT ( 'NONE',  ( -125.0000000000000000, -2.299999999999998934, 0.000000000000000000 ) ) ;
#1706 = DIRECTION ( 'NONE',  ( 0.000000000000000000, -1.000000000000000000, 0.000000000000000000 ) ) ;
#1707 = LINE ( 'NONE', #3657, #3782 ) ;
#1708 = CARTESIAN_POINT ( 'NONE',  ( 127.9832141033482884, -1.000000000000000000, 2.664663883791701604 ) ) ;
#1709 = ORIENTED_EDGE ( 'NONE', *, *, #2782, .T. ) ;
#1710 = LINE ( 'NONE', #4271, #166 ) ;
#1711 = DIRECTION ( 'NONE',  ( 0.000000000000000000, 0.000000000000000000, 1.000000000000000000 ) ) ;
#1712 = DIRECTION ( 'NONE',  ( 0.000000000000000000, 1.000000000000000000, 0.000000000000000000 ) ) ;
#1713 = VERTEX_POINT ( 'NONE', #7699 ) ;
#1714 = CARTESIAN_POINT ( 'NONE',  ( -134.0709441698225248, -1.000000000000000000, -10.66386289615367033 ) ) ;
#1715 = ORIENTED_EDGE ( 'NONE', *, *, #5309, .F. ) ;
#1716 = ORIENTED_EDGE ( 'NONE', *, *, #3796, .T. ) ;
#1717 = ADVANCED_FACE ( 'NONE', ( #1484 ), #2744, .F. ) ;
#1718 = DIRECTION ( 'NONE',  ( 1.000000000000000000, 0.000000000000000000, -0.000000000000000000 ) ) ;
#1719 = EDGE_CURVE ( 'NONE', #3284, #7842, #5922, .T. ) ;
#1720 = CARTESIAN_POINT ( 'NONE',  ( -88.66025403784438197, -0.5000000000000000000, 11.00000000000000000 ) ) ;
#1721 = CARTESIAN_POINT ( 'NONE',  ( -5.999999999999999112, 5.000000000000000000, 2.499999999999999556 ) ) ;
#1722 = EDGE_LOOP ( 'NONE', ( #763, #7238, #6551, #8036, #2133, #4747 ) ) ;
#1723 = FACE_OUTER_BOUND ( 'NONE', #8075, .T. ) ;
#1724 = ORIENTED_EDGE ( 'NONE', *, *, #3844, .F. ) ;
#1725 = EDGE_CURVE ( 'NONE', #3001, #2637, #2242, .T. ) ;
#1726 = CARTESIAN_POINT ( 'NONE',  ( 13.25806357175351557, -1.343141646050661109, 6.499999999999999112 ) ) ;
#1727 = ORIENTED_EDGE ( 'NONE', *, *, #6027, .T. ) ;
#1728 = PRODUCT_DEFINITION_CONTEXT ( 'detailed design', #1279, 'design' ) ;
#1729 = DIRECTION ( 'NONE',  ( -0.000000000000000000, -1.000000000000000000, -0.000000000000000000 ) ) ;
#1730 = EDGE_CURVE ( 'NONE', #6354, #8029, #1946, .T. ) ;
#1731 = ADVANCED_FACE ( 'NONE', ( #5470 ), #3390, .F. ) ;
#1732 = DIRECTION ( 'NONE',  ( 0.000000000000000000, 1.000000000000000000, 0.000000000000000000 ) ) ;
#1733 = DIRECTION ( 'NONE',  ( -0.000000000000000000, 1.000000000000000000, -0.000000000000000000 ) ) ;
#1734 = ORIENTED_EDGE ( 'NONE', *, *, #6941, .F. ) ;
#1735 = AXIS2_PLACEMENT_3D ( 'NONE', #7211, #7337, #2167 ) ;
#1736 = EDGE_CURVE ( 'NONE', #1687, #2402, #1707, .T. ) ;
#1737 = DIRECTION ( 'NONE',  ( 0.000000000000000000, 0.000000000000000000, 1.000000000000000000 ) ) ;
#1738 = ORIENTED_EDGE ( 'NONE', *, *, #852, .F. ) ;
#1739 = DIRECTION ( 'NONE',  ( 1.000000000000000000, 0.000000000000000000, 0.000000000000000000 ) ) ;
#1740 = DIRECTION ( 'NONE',  ( 0.000000000000000000, 0.000000000000000000, -1.000000000000000000 ) ) ;
#1741 = CARTESIAN_POINT ( 'NONE',  ( 2.999999999999999112, -2.499999999999999556, 5.000000000000002665 ) ) ;
#1742 = DIRECTION ( 'NONE',  ( -0.7453559924999195729, 0.000000000000000000, 0.6666666666666781760 ) ) ;
#1743 = CIRCLE ( 'NONE', #3194, 2.750000000000000000 ) ;
#1744 = CARTESIAN_POINT ( 'NONE',  ( 118.2917960675006412, 6.500000000000000000, 6.000000000000000000 ) ) ;
#1745 = DIRECTION ( 'NONE',  ( 0.000000000000000000, 0.000000000000000000, 1.000000000000000000 ) ) ;
#1746 = DIRECTION ( 'NONE',  ( 0.000000000000000000, 1.000000000000000000, -0.000000000000000000 ) ) ;
#1747 = AXIS2_PLACEMENT_3D ( 'NONE', #4520, #674, #3820 ) ;
#1748 = CARTESIAN_POINT ( 'NONE',  ( -77.21634691640716142, -1.000000000000000000, -3.535714285714290028 ) ) ;
#1749 = ORIENTED_EDGE ( 'NONE', *, *, #4898, .T. ) ;
#1750 = CYLINDRICAL_SURFACE ( 'NONE', #2155, 5.000000000000000000 ) ;
#1751 = DIRECTION ( 'NONE',  ( 0.000000000000000000, 0.000000000000000000, 1.000000000000000000 ) ) ;
#1752 = LINE ( 'NONE', #4230, #66 ) ;
#1753 = VECTOR ( 'NONE', #7603, 1000.000000000000000 ) ;
#1754 = ORIENTED_EDGE ( 'NONE', *, *, #3796, .F. ) ;
#1755 = CARTESIAN_POINT ( 'NONE',  ( 27.50000000000000000, -2.999999999999999556, -8.673617379884035472E-16 ) ) ;
#1756 = ORIENTED_EDGE ( 'NONE', *, *, #7636, .T. ) ;
#1757 = EDGE_CURVE ( 'NONE', #1018, #3535, #8027, .T. ) ;
#1758 = CIRCLE ( 'NONE', #4925, 3.999999999999996447 ) ;
#1759 = ORIENTED_EDGE ( 'NONE', *, *, #77, .F. ) ;
#1760 = CARTESIAN_POINT ( 'NONE',  ( 114.9999999999999858, -6.500000000000000000, 5.000000000000000000 ) ) ;
#1761 = AXIS2_PLACEMENT_3D ( 'NONE', #3255, #6462, #7002 ) ;
#1762 = DIRECTION ( 'NONE',  ( 0.000000000000000000, -1.000000000000000000, 0.000000000000000000 ) ) ;
#1763 = DIRECTION ( 'NONE',  ( 0.000000000000000000, 1.000000000000000000, 0.000000000000000000 ) ) ;
#1764 = VERTEX_POINT ( 'NONE', #2372 ) ;
#1765 = CARTESIAN_POINT ( 'NONE',  ( 83.87298334620741969, -1.000000000000000000, 1.000000000000000000 ) ) ;
#1766 = ORIENTED_EDGE ( 'NONE', *, *, #4051, .F. ) ;
#1767 = CIRCLE ( 'NONE', #2818, 0.5000000000000004441 ) ;
#1768 = DIRECTION ( 'NONE',  ( 0.000000000000000000, 0.000000000000000000, 1.000000000000000000 ) ) ;
#1769 = VERTEX_POINT ( 'NONE', #2331 ) ;
#1770 = VECTOR ( 'NONE', #6585, 1000.000000000000000 ) ;
#1771 = LINE ( 'NONE', #2478, #3752 ) ;
#1772 = DIRECTION ( 'NONE',  ( -0.000000000000000000, -0.000000000000000000, 1.000000000000000000 ) ) ;
#1773 = AXIS2_PLACEMENT_3D ( 'NONE', #7569, #6421, #7651 ) ;
#1774 = CIRCLE ( 'NONE', #7998, 0.5000000000000000000 ) ;
#1775 = CIRCLE ( 'NONE', #3362, 10.00000000000000000 ) ;
#1776 = CARTESIAN_POINT ( 'NONE',  ( -14.00602762380382771, -1.343141651239103673, 6.500000000000000000 ) ) ;
#1777 = ADVANCED_FACE ( 'NONE', ( #4226 ), #3568, .F. ) ;
#1778 = VERTEX_POINT ( 'NONE', #4885 ) ;
#1779 = EDGE_CURVE ( 'NONE', #1490, #4314, #4841, .T. ) ;
#1780 = CARTESIAN_POINT ( 'NONE',  ( -82.47435829652697237, -0.5000000000000000000, -3.142857142857147679 ) ) ;
#1781 = EDGE_CURVE ( 'NONE', #1764, #5033, #873, .T. ) ;
#1782 = ORIENTED_EDGE ( 'NONE', *, *, #7687, .F. ) ;
#1783 = CARTESIAN_POINT ( 'NONE',  ( 82.98142396999973869, -1.000000000000000000, 2.666666666666663854 ) ) ;
#1784 = CARTESIAN_POINT ( 'NONE',  ( -6.999999999999999112, -5.000000000000000000, 6.500000000000000000 ) ) ;
#1785 = CIRCLE ( 'NONE', #6404, 5.500000000000000000 ) ;
#1786 = CIRCLE ( 'NONE', #2837, 1.649999999999998579 ) ;
#1787 = CARTESIAN_POINT ( 'NONE',  ( 69.99999999999998579, -2.999999999999999556, 5.000000000000002665 ) ) ;
#1788 = CIRCLE ( 'NONE', #2977, 1.000000000000000000 ) ;
#1790 = VECTOR ( 'NONE', #1, 1000.000000000000000 ) ;
#1789 = CARTESIAN_POINT ( 'NONE',  ( 131.0647483393212553, -0.5000000000000000000, 1.037594460055201839 ) ) ;
#1791 = EDGE_CURVE ( 'NONE', #5131, #1018, #2075, .T. ) ;
#1792 = CARTESIAN_POINT ( 'NONE',  ( 131.5000000000000000, -1.473874881153383942, 1.287516507511741404 ) ) ;
#1793 = AXIS2_PLACEMENT_3D ( 'NONE', #1407, #1535, #6582 ) ;
#1794 = ADVANCED_FACE ( 'NONE', ( #1000 ), #3531, .F. ) ;
#1795 = CARTESIAN_POINT ( 'NONE',  ( -14.54816448419381381, -1.462178538467124200, 6.500000000000000000 ) ) ;
#1796 = CARTESIAN_POINT ( 'NONE',  ( 125.0000000000000000, -1.000000000000000000, 0.000000000000000000 ) ) ;
#1797 = VECTOR ( 'NONE', #8, 1000.000000000000000 ) ;
#1798 = AXIS2_PLACEMENT_3D ( 'NONE', #7763, #110, #7139 ) ;
#1799 = CARTESIAN_POINT ( 'NONE',  ( 30.79179606750063058, -1.000000000000000000, 6.000000000000000000 ) ) ;
#1800 = ORIENTED_EDGE ( 'NONE', *, *, #4601, .F. ) ;
#1801 = DIRECTION ( 'NONE',  ( -0.6479245835587278401, 0.000000000000000000, -0.7617044925824247859 ) ) ;
#1802 = AXIS2_PLACEMENT_3D ( 'NONE', #714, #6998, #213 ) ;
#1803 = LINE ( 'NONE', #5648, #3314 ) ;
#1804 = FACE_OUTER_BOUND ( 'NONE', #59, .T. ) ;
#1805 = ORIENTED_EDGE ( 'NONE', *, *, #860, .F. ) ;
#1806 = CARTESIAN_POINT ( 'NONE',  ( 37.50000000000000711, -1.000000000000000000, 4.500000000000003553 ) ) ;
#1807 = ORIENTED_EDGE ( 'NONE', *, *, #432, .T. ) ;
#1808 = ORIENTED_EDGE ( 'NONE', *, *, #1572, .F. ) ;
#1809 = CARTESIAN_POINT ( 'NONE',  ( -114.9999999999999858, -6.500000000000000000, 5.000000000000000888 ) ) ;
#1810 = CARTESIAN_POINT ( 'NONE',  ( 3.000000000000000444, -2.499999999999999556, -3.999999999999998224 ) ) ;
#1811 = DIRECTION ( 'NONE',  ( -0.7453559924999221264, 0.000000000000000000, 0.6666666666666752894 ) ) ;
#1812 = EDGE_CURVE ( 'NONE', #6020, #3619, #375, .T. ) ;
#1813 = VERTEX_POINT ( 'NONE', #339 ) ;
#1814 = DIRECTION ( 'NONE',  ( -0.000000000000000000, -0.000000000000000000, 1.000000000000000000 ) ) ;
#1815 = ORIENTED_EDGE ( 'NONE', *, *, #3951, .F. ) ;
#1816 = CARTESIAN_POINT ( 'NONE',  ( -129.5000000000000000, 6.500000000000000000, 4.500000000000000888 ) ) ;
#1817 = EDGE_LOOP ( 'NONE', ( #4171, #1082, #3458, #5997 ) ) ;
#1818 = LINE ( 'NONE', #6939, #445 ) ;
#1819 = CARTESIAN_POINT ( 'NONE',  ( 5.999999999999999112, -2.499999999999999556, -3.999999999999998224 ) ) ;
#1820 = DIRECTION ( 'NONE',  ( -0.000000000000000000, 1.000000000000000000, -0.000000000000000000 ) ) ;
#1821 = EDGE_LOOP ( 'NONE', ( #1008, #1815, #1306, #2143 ) ) ;
#1822 = CARTESIAN_POINT ( 'NONE',  ( 6.999999999999999112, -2.499999999999999556, 5.000000000000002665 ) ) ;
#1823 = EDGE_LOOP ( 'NONE', ( #4993, #1295, #1217, #3374 ) ) ;
#1824 = FACE_BOUND ( 'NONE', #5563, .T. ) ;
#1825 = CARTESIAN_POINT ( 'NONE',  ( 14.00000000000000178, -2.999999999999999556, -5.000000000000000888 ) ) ;
#1826 = CARTESIAN_POINT ( 'NONE',  ( -88.66025403784438197, -1.000000000000000000, -1.000000000000000000 ) ) ;
#1827 = DIRECTION ( 'NONE',  ( 0.000000000000000000, 0.000000000000000000, -1.000000000000000000 ) ) ;
#1828 = EDGE_CURVE ( 'NONE', #5286, #5848, #143, .T. ) ;
#1829 = EDGE_CURVE ( 'NONE', #258, #7951, #5389, .T. ) ;
#1830 = ADVANCED_FACE ( 'NONE', ( #4757 ), #5171, .F. ) ;
#1831 = CARTESIAN_POINT ( 'NONE',  ( -11.94229030071541864, 6.500000000000000000, 6.500000000000000000 ) ) ;
#1832 = DIRECTION ( 'NONE',  ( 0.000000000000000000, 0.000000000000000000, 1.000000000000000000 ) ) ;
#1833 = CARTESIAN_POINT ( 'NONE',  ( -6.999999999999999112, -5.000000000000000000, -6.500000000000000000 ) ) ;
#1834 = ADVANCED_FACE ( 'NONE', ( #7369 ), #2283, .T. ) ;
#1835 = ORIENTED_EDGE ( 'NONE', *, *, #7426, .F. ) ;
#1836 = DIRECTION ( 'NONE',  ( 0.000000000000000000, 0.000000000000000000, 1.000000000000000000 ) ) ;
#1837 = ADVANCED_FACE ( 'NONE', ( #6084 ), #5580, .F. ) ;
#1838 = DIRECTION ( 'NONE',  ( 0.000000000000000000, 0.000000000000000000, 1.000000000000000000 ) ) ;
#1839 = DIRECTION ( 'NONE',  ( 0.000000000000000000, 0.000000000000000000, -1.000000000000000000 ) ) ;
#1840 = ORIENTED_EDGE ( 'NONE', *, *, #951, .F. ) ;
#1841 = AXIS2_PLACEMENT_3D ( 'NONE', #1528, #2078, #4052 ) ;
#1842 = DIRECTION ( 'NONE',  ( 0.000000000000000000, 1.000000000000000000, 0.000000000000000000 ) ) ;
#1843 = ORIENTED_EDGE ( 'NONE', *, *, #3126, .T. ) ;
#1844 = VERTEX_POINT ( 'NONE', #413 ) ;
#1845 = DIRECTION ( 'NONE',  ( 0.000000000000000000, 0.000000000000000000, 1.000000000000000000 ) ) ;
#1846 = CARTESIAN_POINT ( 'NONE',  ( -80.00000000000000000, -2.299999999999998934, 0.000000000000000000 ) ) ;
#1847 = DIRECTION ( 'NONE',  ( -0.000000000000000000, -0.000000000000000000, -1.000000000000000000 ) ) ;
#1848 = ORIENTED_EDGE ( 'NONE', *, *, #2279, .F. ) ;
#1849 = CYLINDRICAL_SURFACE ( 'NONE', #7592, 1.649999999999998579 ) ;
#1850 = ORIENTED_EDGE ( 'NONE', *, *, #782, .F. ) ;
#1851 = DIRECTION ( 'NONE',  ( -0.000000000000000000, 0.000000000000000000, 1.000000000000000000 ) ) ;
#1852 = ORIENTED_EDGE ( 'NONE', *, *, #7307, .T. ) ;
#1853 = VERTEX_POINT ( 'NONE', #8188 ) ;
#1854 = DIRECTION ( 'NONE',  ( 0.000000000000000000, 0.000000000000000000, -1.000000000000000000 ) ) ;
#1855 = CARTESIAN_POINT ( 'NONE',  ( 47.50000000000000000, -2.999999999999999556, 5.000000000000002665 ) ) ;
#1856 = CARTESIAN_POINT ( 'NONE',  ( -13.82255914167094701, -1.028783118506958694, 6.500000000000000000 ) ) ;
#1857 = ORIENTED_EDGE ( 'NONE', *, *, #6015, .T. ) ;
#1858 = CARTESIAN_POINT ( 'NONE',  ( 2.999999999999999112, 2.499999999999999556, 5.000000000000002665 ) ) ;
#1859 = ORIENTED_EDGE ( 'NONE', *, *, #5859, .F. ) ;
#1860 = FACE_OUTER_BOUND ( 'NONE', #2825, .T. ) ;
#1861 = CARTESIAN_POINT ( 'NONE',  ( 129.5000000000000000, -1.500000000000000444, -4.500000000000000888 ) ) ;
#1862 = DIRECTION ( 'NONE',  ( 0.000000000000000000, -1.000000000000000000, 0.000000000000000000 ) ) ;
#1863 = FACE_OUTER_BOUND ( 'NONE', #2250, .T. ) ;
#1864 = VECTOR ( 'NONE', #2872, 1000.000000000000000 ) ;
#1865 = CARTESIAN_POINT ( 'NONE',  ( 6.999999999999999112, -6.500000000000000000, -1.887458608817687900 ) ) ;
#1866 = AXIS2_PLACEMENT_3D ( 'NONE', #7265, #6656, #2892 ) ;
#1867 = DIRECTION ( 'NONE',  ( 0.000000000000000000, 0.000000000000000000, 1.000000000000000000 ) ) ;
#1868 = AXIS2_PLACEMENT_3D ( 'NONE', #4620, #7144, #864 ) ;
#1869 = ADVANCED_FACE ( 'NONE', ( #1993 ), #4428, .F. ) ;
#1870 = CARTESIAN_POINT ( 'NONE',  ( -19.00000000000001776, -6.500000000000000000, -5.000000000000000888 ) ) ;
#1871 = ORIENTED_EDGE ( 'NONE', *, *, #6127, .T. ) ;
#1872 = AXIS2_PLACEMENT_3D ( 'NONE', #1665, #5699, #7366 ) ;
#1873 = LINE ( 'NONE', #5714, #2177 ) ;
#1874 = DIRECTION ( 'NONE',  ( 0.000000000000000000, 0.000000000000000000, 1.000000000000000000 ) ) ;
#1875 = CARTESIAN_POINT ( 'NONE',  ( 37.50000000000000711, -1.000000000000000000, 0.000000000000000000 ) ) ;
#1876 = AXIS2_PLACEMENT_3D ( 'NONE', #6348, #4443, #7707 ) ;
#1877 = ORIENTED_EDGE ( 'NONE', *, *, #3126, .F. ) ;
#1878 = EDGE_CURVE ( 'NONE', #4985, #6825, #6625, .T. ) ;
#1879 = ADVANCED_FACE ( 'NONE', ( #6209 ), #5043, .T. ) ;
#1880 = CARTESIAN_POINT ( 'NONE',  ( 69.99999999999998579, -6.500000000000000000, 2.602085213965210642E-15 ) ) ;
#1881 = ADVANCED_FACE ( 'NONE', ( #1238 ), #5643, .T. ) ;
#1882 = ORIENTED_EDGE ( 'NONE', *, *, #3822, .F. ) ;
#1883 = EDGE_LOOP ( 'NONE', ( #5971, #2244, #2671, #2895 ) ) ;
#1884 = CARTESIAN_POINT ( 'NONE',  ( 14.35660390792061669, -1.000000000000000000, 6.000000000000000000 ) ) ;
#1885 = LINE ( 'NONE', #4400, #7026 ) ;
#1886 = CIRCLE ( 'NONE', #5469, 3.750000000000006217 ) ;
#1887 = ADVANCED_FACE ( 'NONE', ( #1282 ), #6373, .F. ) ;
#1888 = CYLINDRICAL_SURFACE ( 'NONE', #2288, 9.999999999999998224 ) ;
#1889 = ORIENTED_EDGE ( 'NONE', *, *, #252, .T. ) ;
#1890 = ORIENTED_EDGE ( 'NONE', *, *, #1353, .F. ) ;
#1891 = CARTESIAN_POINT ( 'NONE',  ( 83.87298334620741969, -1.000000000000000000, -1.000000000000000000 ) ) ;
#1892 = EDGE_LOOP ( 'NONE', ( #5235, #6595, #249, #6488 ) ) ;
#1893 = ORIENTED_EDGE ( 'NONE', *, *, #3936, .T. ) ;
#1894 = CIRCLE ( 'NONE', #6377, 1.649999999999998579 ) ;
#1895 = VECTOR ( 'NONE', #7061, 1000.000000000000000 ) ;
#1896 = PLANE ( 'NONE',  #7453 ) ;
#1897 = CARTESIAN_POINT ( 'NONE',  ( -7.750000000000000000, 3.367778697655220519E-16, -6.500000000000000000 ) ) ;
#1898 = AXIS2_PLACEMENT_3D ( 'NONE', #5514, #6747, #4096 ) ;
#1899 = VECTOR ( 'NONE', #6058, 1000.000000000000000 ) ;
#1900 = CARTESIAN_POINT ( 'NONE',  ( -116.3397459621556038, -0.5000000000000000000, -11.00000000000000000 ) ) ;
#1901 = ORIENTED_EDGE ( 'NONE', *, *, #3804, .T. ) ;
#1902 = CARTESIAN_POINT ( 'NONE',  ( 15.65946902262517071, -0.5000000000000000000, -3.750000000000000888 ) ) ;
#1903 = ORIENTED_EDGE ( 'NONE', *, *, #1609, .F. ) ;
#1904 = LINE ( 'NONE', #3226, #1380 ) ;
#1905 = CYLINDRICAL_SURFACE ( 'NONE', #4285, 5.000000000000000000 ) ;
#1906 = DIRECTION ( 'NONE',  ( -0.000000000000000000, 0.000000000000000000, 1.000000000000000000 ) ) ;
#1907 = AXIS2_PLACEMENT_3D ( 'NONE', #2566, #7563, #1909 ) ;
#1908 = CIRCLE ( 'NONE', #1100, 5.000000000000000000 ) ;
#1909 = DIRECTION ( 'NONE',  ( 0.000000000000000000, 0.000000000000000000, -1.000000000000000000 ) ) ;
#1910 = ADVANCED_FACE ( 'NONE', ( #8151 ), #6300, .T. ) ;
#1911 = CARTESIAN_POINT ( 'NONE',  ( -125.0000000000000000, 6.500000000000000000, -1.649999999999998579 ) ) ;
#1912 = CARTESIAN_POINT ( 'NONE',  ( -131.0000000000000000, -1.000000000000000000, 4.500000000000000888 ) ) ;
#1913 = AXIS2_PLACEMENT_3D ( 'NONE', #2314, #6032, #980 ) ;
#1914 = AXIS2_PLACEMENT_3D ( 'NONE', #3496, #1042, #7340 ) ;
#1915 = CARTESIAN_POINT ( 'NONE',  ( 73.29179606750062703, -1.000000000000000000, -6.000000000000000000 ) ) ;
#1916 = ORIENTED_EDGE ( 'NONE', *, *, #4672, .F. ) ;
#1917 = CIRCLE ( 'NONE', #5613, 9.999999999999998224 ) ;
#1918 = CIRCLE ( 'NONE', #7066, 0.5000000000000001110 ) ;
#1919 = CARTESIAN_POINT ( 'NONE',  ( -82.78365308359283858, -0.5000000000000000000, 3.535714285714290028 ) ) ;
#1920 = AXIS2_PLACEMENT_3D ( 'NONE', #3631, #1814, #3246 ) ;
#1921 = DIRECTION ( 'NONE',  ( 0.000000000000000000, 0.000000000000000000, 1.000000000000000000 ) ) ;
#1922 = CIRCLE ( 'NONE', #3506, 1.649999999999998579 ) ;
#1923 = AXIS2_PLACEMENT_3D ( 'NONE', #7611, #193, #3306 ) ;
#1924 = CYLINDRICAL_SURFACE ( 'NONE', #4683, 3.999999999999996447 ) ;
#1925 = VERTEX_POINT ( 'NONE', #1912 ) ;
#1926 = CARTESIAN_POINT ( 'NONE',  ( 131.7122317325336383, -1.000000000000000000, -5.995493738531334493 ) ) ;
#1927 = ORIENTED_EDGE ( 'NONE', *, *, #5579, .F. ) ;
#1928 = ORIENTED_EDGE ( 'NONE', *, *, #1828, .T. ) ;
#1929 = AXIS2_PLACEMENT_3D ( 'NONE', #383, #6637, #1044 ) ;
#1930 = AXIS2_PLACEMENT_3D ( 'NONE', #7354, #1694, #6735 ) ;
#1931 = DIRECTION ( 'NONE',  ( 0.000000000000000000, 1.000000000000000000, 0.000000000000000000 ) ) ;
#1932 = EDGE_CURVE ( 'NONE', #6804, #3456, #6253, .T. ) ;
#1933 = EDGE_CURVE ( 'NONE', #51, #1925, #1691, .T. ) ;
#1934 = EDGE_CURVE ( 'NONE', #2637, #5645, #3537, .T. ) ;
#1935 = EDGE_LOOP ( 'NONE', ( #4130, #4211, #7380, #770 ) ) ;
#1936 = AXIS2_PLACEMENT_3D ( 'NONE', #3396, #6489, #899 ) ;
#1937 = ORIENTED_EDGE ( 'NONE', *, *, #2086, .F. ) ;
#1938 = CARTESIAN_POINT ( 'NONE',  ( -5.999999999999999112, 4.000000000000000000, -6.500000000000000000 ) ) ;
#1939 = ORIENTED_EDGE ( 'NONE', *, *, #558, .F. ) ;
#1940 = ORIENTED_EDGE ( 'NONE', *, *, #5261, .F. ) ;
#1941 = EDGE_CURVE ( 'NONE', #3414, #883, #6708, .T. ) ;
#1942 = LINE ( 'NONE', #3918, #4671 ) ;
#1943 = CARTESIAN_POINT ( 'NONE',  ( -90.00000000000001421, -6.500000000000000000, 5.000000000000000888 ) ) ;
#1944 = CARTESIAN_POINT ( 'NONE',  ( 131.4999999999999716, -1.374939236447369817, 1.045134887130408918 ) ) ;
#1945 = EDGE_CURVE ( 'NONE', #5766, #3940, #6043, .T. ) ;
#1946 = CIRCLE ( 'NONE', #4442, 4.499999999999997335 ) ;
#1947 = CARTESIAN_POINT ( 'NONE',  ( -15.10456796088380216, -0.9999999999999992228, 6.500000000000000888 ) ) ;
#1948 = VERTEX_POINT ( 'NONE', #5129 ) ;
#1949 = CARTESIAN_POINT ( 'NONE',  ( -116.3397459621556038, -0.5000000000000000000, -11.00000000000000000 ) ) ;
#1950 = ORIENTED_EDGE ( 'NONE', *, *, #401, .T. ) ;
#1951 = DIRECTION ( 'NONE',  ( -1.000000000000000000, -0.000000000000000000, -0.000000000000000000 ) ) ;
#1952 = LINE ( 'NONE', #7561, #4950 ) ;
#1953 = CARTESIAN_POINT ( 'NONE',  ( 27.50000000000000000, -2.999999999999999556, -5.000000000000000888 ) ) ;
#1954 = CARTESIAN_POINT ( 'NONE',  ( -85.00000000000000000, -6.500000000000000000, 8.673617379884035472E-16 ) ) ;
#1955 = CARTESIAN_POINT ( 'NONE',  ( -77.21634691640716142, -0.5000000000000000000, 3.535714285714291805 ) ) ;
#1956 = CARTESIAN_POINT ( 'NONE',  ( 3.000000000000000444, 2.499999999999999556, -4.999999999999997335 ) ) ;
#1957 = DIRECTION ( 'NONE',  ( 0.000000000000000000, 0.000000000000000000, -1.000000000000000000 ) ) ;
#1958 = VERTEX_POINT ( 'NONE', #36 ) ;
#1959 = DIRECTION ( 'NONE',  ( 0.000000000000000000, -1.000000000000000000, 0.000000000000000000 ) ) ;
#1960 = CARTESIAN_POINT ( 'NONE',  ( 14.35660390792061669, -1.000000000000000000, -6.000000000000000000 ) ) ;
#1961 = CYLINDRICAL_SURFACE ( 'NONE', #1117, 0.5000000000000000000 ) ;
#1962 = ORIENTED_EDGE ( 'NONE', *, *, #5632, .F. ) ;
#1963 = CARTESIAN_POINT ( 'NONE',  ( -80.00000000000000000, -2.299999999999998934, 0.000000000000000000 ) ) ;
#1964 = ORIENTED_EDGE ( 'NONE', *, *, #6877, .T. ) ;
#1965 = ORIENTED_EDGE ( 'NONE', *, *, #810, .T. ) ;
#1966 = DIRECTION ( 'NONE',  ( 0.000000000000000000, -1.000000000000000000, 0.000000000000000000 ) ) ;
#1967 = CARTESIAN_POINT ( 'NONE',  ( 131.5000000000000000, -6.500000000000000000, 4.499999999999996447 ) ) ;
#1968 = ORIENTED_EDGE ( 'NONE', *, *, #4058, .F. ) ;
#1969 = AXIS2_PLACEMENT_3D ( 'NONE', #3593, #397, #446 ) ;
#1970 = ORIENTED_EDGE ( 'NONE', *, *, #6930, .F. ) ;
#1971 = CIRCLE ( 'NONE', #1841, 10.00000000000000000 ) ;
#1972 = ORIENTED_EDGE ( 'NONE', *, *, #6472, .F. ) ;
#1973 = DIRECTION ( 'NONE',  ( 0.000000000000000000, 0.000000000000000000, 1.000000000000000000 ) ) ;
#1974 = EDGE_LOOP ( 'NONE', ( #7292, #4300, #3791, #3632, #2572, #5302, #6194, #4759, #1299, #6276, #7487, #7121, #5912, #4402, #7050 ) ) ;
#1975 = EDGE_CURVE ( 'NONE', #4178, #5143, #3770, .T. ) ;
#1976 = ORIENTED_EDGE ( 'NONE', *, *, #5432, .T. ) ;
#1977 = EDGE_CURVE ( 'NONE', #2595, #2949, #2569, .T. ) ;
#1978 = FACE_OUTER_BOUND ( 'NONE', #3542, .T. ) ;
#1979 = DIRECTION ( 'NONE',  ( 0.000000000000000000, 1.000000000000000000, 0.000000000000000000 ) ) ;
#1980 = CARTESIAN_POINT ( 'NONE',  ( -131.5000000000000284, -1.475772307838024267, 1.405826666260793001 ) ) ;
#1981 = EDGE_CURVE ( 'NONE', #3563, #5487, #7754, .T. ) ;
#1982 = FACE_OUTER_BOUND ( 'NONE', #7212, .T. ) ;
#1983 = ORIENTED_EDGE ( 'NONE', *, *, #8000, .F. ) ;
#1984 = DIRECTION ( 'NONE',  ( -0.000000000000000000, 1.000000000000000000, -0.000000000000000000 ) ) ;
#1985 = EDGE_LOOP ( 'NONE', ( #3169, #3521, #476, #4572 ) ) ;
#1986 = EDGE_CURVE ( 'NONE', #1150, #5278, #698, .T. ) ;
#1987 = DIRECTION ( 'NONE',  ( -0.000000000000000000, 1.000000000000000000, -0.000000000000000000 ) ) ;
#1988 = EDGE_CURVE ( 'NONE', #7732, #7752, #6990, .T. ) ;
#1989 = CARTESIAN_POINT ( 'NONE',  ( -131.5000000000000000, -1.500000000000000000, 1.673907284147890806 ) ) ;
#1990 = CARTESIAN_POINT ( 'NONE',  ( -69.99999999999998579, -2.999999999999999556, -4.999999999999999112 ) ) ;
#1991 = ADVANCED_FACE ( 'NONE', ( #8109 ), #2149, .T. ) ;
#1992 = DIRECTION ( 'NONE',  ( 0.000000000000000000, 0.000000000000000000, -1.000000000000000000 ) ) ;
#1993 = FACE_OUTER_BOUND ( 'NONE', #2187, .T. ) ;
#1994 = DIRECTION ( 'NONE',  ( 0.000000000000000000, 1.000000000000000000, 0.000000000000000000 ) ) ;
#1995 = VERTEX_POINT ( 'NONE', #276 ) ;
#1996 = DIRECTION ( 'NONE',  ( -1.000000000000000000, 0.000000000000000000, 0.000000000000000000 ) ) ;
#1997 = AXIS2_PLACEMENT_3D ( 'NONE', #4980, #7499, #1838 ) ;
#1998 = DIRECTION ( 'NONE',  ( -1.000000000000000000, -0.000000000000000000, -0.000000000000000000 ) ) ;
#1999 = VECTOR ( 'NONE', #1820, 1000.000000000000000 ) ;
#2000 = PLANE ( 'NONE',  #4421 ) ;
#2001 = CARTESIAN_POINT ( 'NONE',  ( 19.00000000000000355, -6.500000000000000000, -8.673617379884035472E-16 ) ) ;
#2002 = VECTOR ( 'NONE', #6667, 1000.000000000000000 ) ;
#2003 = CYLINDRICAL_SURFACE ( 'NONE', #7475, 5.000000000000000888 ) ;
#2004 = ORIENTED_EDGE ( 'NONE', *, *, #7339, .F. ) ;
#2005 = ORIENTED_EDGE ( 'NONE', *, *, #7821, .F. ) ;
#2006 = DIRECTION ( 'NONE',  ( -0.000000000000000000, 1.000000000000000000, -0.000000000000000000 ) ) ;
#2007 = DIRECTION ( 'NONE',  ( -0.000000000000000000, 1.000000000000000000, -0.000000000000000000 ) ) ;
#2008 = AXIS2_PLACEMENT_3D ( 'NONE', #6924, #4282, #6811 ) ;
#2009 = AXIS2_PLACEMENT_3D ( 'NONE', #5710, #4504, #7615 ) ;
#2010 = VERTEX_POINT ( 'NONE', #2692 ) ;
#2011 = EDGE_CURVE ( 'NONE', #6355, #4005, #2120, .T. ) ;
#2012 = EDGE_LOOP ( 'NONE', ( #4407, #4573, #553, #2510 ) ) ;
#2013 = AXIS2_PLACEMENT_3D ( 'NONE', #357, #3585, #312 ) ;
#2014 = DIRECTION ( 'NONE',  ( 0.000000000000000000, 0.000000000000000000, -1.000000000000000000 ) ) ;
#2015 = ORIENTED_EDGE ( 'NONE', *, *, #7125, .F. ) ;
#2016 = CIRCLE ( 'NONE', #6632, 5.000000000000000000 ) ;
#2017 = EDGE_LOOP ( 'NONE', ( #3262, #4522, #2584, #611 ) ) ;
#2018 = DIRECTION ( 'NONE',  ( -0.000000000000000000, 1.000000000000000000, -0.000000000000000000 ) ) ;
#2019 = DIRECTION ( 'NONE',  ( 0.000000000000000000, 0.000000000000000000, 1.000000000000000000 ) ) ;
#2020 = CARTESIAN_POINT ( 'NONE',  ( 37.50000000000000711, 6.500000000000000000, -1.649999999999998579 ) ) ;
#2021 = CARTESIAN_POINT ( 'NONE',  ( 0.000000000000000000, -2.499999999999999556, 0.000000000000000000 ) ) ;
#2022 = ORIENTED_EDGE ( 'NONE', *, *, #4259, .T. ) ;
#2023 = AXIS2_PLACEMENT_3D ( 'NONE', #1590, #3547, #4075 ) ;
#2024 = CARTESIAN_POINT ( 'NONE',  ( 125.0000000000000000, -2.299999999999998934, 0.000000000000000000 ) ) ;
#2025 = VERTEX_POINT ( 'NONE', #3310 ) ;
#2026 = DIRECTION ( 'NONE',  ( 1.000000000000000000, -0.000000000000000000, 0.000000000000000000 ) ) ;
#2027 = AXIS2_PLACEMENT_3D ( 'NONE', #4798, #2902, #1745 ) ;
#2028 = DIRECTION ( 'NONE',  ( 0.000000000000000000, 1.000000000000000000, 0.000000000000000000 ) ) ;
#2029 = DIRECTION ( 'NONE',  ( -0.000000000000000000, -1.000000000000000000, -0.000000000000000000 ) ) ;
#2030 = VECTOR ( 'NONE', #4822, 1000.000000000000000 ) ;
#2031 = CIRCLE ( 'NONE', #696, 4.000000000000003553 ) ;
#2032 = ADVANCED_FACE ( 'NONE', ( #4006 ), #7234, .T. ) ;
#2033 = EDGE_CURVE ( 'NONE', #2378, #3118, #7767, .T. ) ;
#2034 = EDGE_CURVE ( 'NONE', #2275, #7504, #3190, .T. ) ;
#2035 = DIRECTION ( 'NONE',  ( 0.000000000000000000, 0.000000000000000000, -1.000000000000000000 ) ) ;
#2036 = VERTEX_POINT ( 'NONE', #7805 ) ;
#2037 = DIRECTION ( 'NONE',  ( -1.000000000000000000, 0.000000000000000000, 0.000000000000000000 ) ) ;
#2038 = DIRECTION ( 'NONE',  ( 0.000000000000000000, 1.000000000000000000, -0.000000000000000000 ) ) ;
#2039 = AXIS2_PLACEMENT_3D ( 'NONE', #3806, #5707, #7490 ) ;
#2040 = ORIENTED_EDGE ( 'NONE', *, *, #6528, .F. ) ;
#2041 = CARTESIAN_POINT ( 'NONE',  ( 131.5000000000000000, -1.499999979599482058, -1.420548042265704414 ) ) ;
#2042 = EDGE_CURVE ( 'NONE', #5827, #3880, #4240, .T. ) ;
#2043 = DIRECTION ( 'NONE',  ( 0.000000000000000000, 0.000000000000000000, -1.000000000000000000 ) ) ;
#2044 = AXIS2_PLACEMENT_3D ( 'NONE', #5950, #4133, #4055 ) ;
#2045 = CARTESIAN_POINT ( 'NONE',  ( 15.65946902262517071, 6.500000000000000000, -3.750000000000000888 ) ) ;
#2046 = FACE_OUTER_BOUND ( 'NONE', #2190, .T. ) ;
#2047 = VECTOR ( 'NONE', #4131, 1000.000000000000000 ) ;
#2048 = DIRECTION ( 'NONE',  ( 0.000000000000000000, 0.000000000000000000, 1.000000000000000000 ) ) ;
#2049 = ORIENTED_EDGE ( 'NONE', *, *, #278, .T. ) ;
#2050 = AXIS2_PLACEMENT_3D ( 'NONE', #7500, #667, #6958 ) ;
#2051 = ORIENTED_EDGE ( 'NONE', *, *, #1119, .T. ) ;
#2052 = TOROIDAL_SURFACE ( 'NONE', #7586, 4.500000000000000888, 0.5000000000000000000 ) ;
#2053 = FACE_BOUND ( 'NONE', #3647, .T. ) ;
#2054 = AXIS2_PLACEMENT_3D ( 'NONE', #6601, #5407, #6649 ) ;
#2055 = DIRECTION ( 'NONE',  ( 0.000000000000000000, -1.000000000000000000, 0.000000000000000000 ) ) ;
#2056 = CIRCLE ( 'NONE', #6282, 5.500000000000000000 ) ;
#2057 = AXIS2_PLACEMENT_3D ( 'NONE', #2616, #2535, #5717 ) ;
#2058 = ORIENTED_EDGE ( 'NONE', *, *, #6928, .F. ) ;
#2059 = ORIENTED_EDGE ( 'NONE', *, *, #2086, .T. ) ;
#2060 = CARTESIAN_POINT ( 'NONE',  ( 83.35410196624968648, -0.5000000000000000000, 2.999999999999994671 ) ) ;
#2061 = ORIENTED_EDGE ( 'NONE', *, *, #2180, .T. ) ;
#2062 = CIRCLE ( 'NONE', #3901, 10.00000000000000000 ) ;
#2063 = ORIENTED_EDGE ( 'NONE', *, *, #612, .F. ) ;
#2064 = DIRECTION ( 'NONE',  ( -0.000000000000000000, -1.000000000000000000, -0.000000000000000000 ) ) ;
#2065 = EDGE_CURVE ( 'NONE', #1337, #2103, #271, .T. ) ;
#2066 = CARTESIAN_POINT ( 'NONE',  ( -131.1462354366582019, -0.5000000000000003331, -1.101118581567375632 ) ) ;
#2067 = LINE ( 'NONE', #2138, #2407 ) ;
#2068 = DIRECTION ( 'NONE',  ( -0.000000000000000000, -0.000000000000000000, 1.000000000000000000 ) ) ;
#2069 = ORIENTED_EDGE ( 'NONE', *, *, #4865, .F. ) ;
#2070 = DIRECTION ( 'NONE',  ( 0.000000000000000000, -1.000000000000000000, 0.000000000000000000 ) ) ;
#2071 = VERTEX_POINT ( 'NONE', #1402 ) ;
#2072 =( NAMED_UNIT ( * ) PLANE_ANGLE_UNIT ( ) SI_UNIT ( $, .RADIAN. ) );
#2073 = DIRECTION ( 'NONE',  ( 1.000000000000000000, 0.000000000000000000, 0.000000000000000000 ) ) ;
#2074 = LINE ( 'NONE', #232, #1471 ) ;
#2075 = CIRCLE ( 'NONE', #211, 5.000000000000000000 ) ;
#2076 = CARTESIAN_POINT ( 'NONE',  ( -125.0000000000000000, -6.500000000000000000, 0.000000000000000000 ) ) ;
#2077 = ORIENTED_EDGE ( 'NONE', *, *, #2178, .F. ) ;
#2078 = DIRECTION ( 'NONE',  ( -0.000000000000000000, -1.000000000000000000, -0.000000000000000000 ) ) ;
#2079 = DIRECTION ( 'NONE',  ( -1.000000000000000000, -0.000000000000000000, -0.000000000000000000 ) ) ;
#2080 = ORIENTED_EDGE ( 'NONE', *, *, #5108, .T. ) ;
#2081 = EDGE_CURVE ( 'NONE', #2548, #6431, #4663, .T. ) ;
#2082 = CARTESIAN_POINT ( 'NONE',  ( 0.000000000000000000, -2.499999999999999556, 0.000000000000000000 ) ) ;
#2083 = EDGE_CURVE ( 'NONE', #1687, #4614, #1301, .T. ) ;
#2084 = CARTESIAN_POINT ( 'NONE',  ( -131.0000000000000000, -1.000000000000000000, -4.500000000000000888 ) ) ;
#2085 = CARTESIAN_POINT ( 'NONE',  ( 6.999999999999999112, 6.500000000000000000, 4.000000000000002665 ) ) ;
#2086 = EDGE_CURVE ( 'NONE', #787, #1490, #1971, .T. ) ;
#2087 = CARTESIAN_POINT ( 'NONE',  ( 127.9832141033482884, 6.500000000000000000, -2.664663883791699828 ) ) ;
#2088 = DIRECTION ( 'NONE',  ( 0.7453559924999318964, 0.000000000000000000, -0.6666666666666646313 ) ) ;
#2089 = EDGE_LOOP ( 'NONE', ( #192, #7051, #1903, #862 ) ) ;
#2090 = ORIENTED_EDGE ( 'NONE', *, *, #133, .T. ) ;
#2091 = EDGE_CURVE ( 'NONE', #2399, #8003, #3162, .T. ) ;
#2092 = DIRECTION ( 'NONE',  ( 0.000000000000000000, 0.000000000000000000, 1.000000000000000000 ) ) ;
#2093 = DIRECTION ( 'NONE',  ( 0.000000000000000000, -1.000000000000000000, 0.000000000000000000 ) ) ;
#2094 = ORIENTED_EDGE ( 'NONE', *, *, #5958, .T. ) ;
#2095 = DIRECTION ( 'NONE',  ( 0.000000000000000000, 0.000000000000000000, 1.000000000000000000 ) ) ;
#2096 = EDGE_LOOP ( 'NONE', ( #7223, #2913, #4360, #2763 ) ) ;
#2097 = ORIENTED_EDGE ( 'NONE', *, *, #5570, .T. ) ;
#2098 = CYLINDRICAL_SURFACE ( 'NONE', #3081, 1.649999999999998579 ) ;
#2099 = CARTESIAN_POINT ( 'NONE',  ( -131.5000000000000000, -0.8106402540128400114, -1.091216991795646685 ) ) ;
#2100 = LINE ( 'NONE', #4576, #6619 ) ;
#2101 = CARTESIAN_POINT ( 'NONE',  ( 69.99999999999998579, -2.999999999999999556, -4.999999999999997335 ) ) ;
#2102 = EDGE_CURVE ( 'NONE', #7632, #2933, #5134, .T. ) ;
#2103 = VERTEX_POINT ( 'NONE', #3930 ) ;
#2104 = CARTESIAN_POINT ( 'NONE',  ( -131.5000000000000000, -0.6343492052827993666, 0.6229813670982083940 ) ) ;
#2105 = VERTEX_POINT ( 'NONE', #2647 ) ;
#2106 = DIRECTION ( 'NONE',  ( 0.000000000000000000, 0.000000000000000000, 1.000000000000000000 ) ) ;
#2107 = DIRECTION ( 'NONE',  ( 0.000000000000000000, 0.000000000000000000, 1.000000000000000000 ) ) ;
#2108 = DIRECTION ( 'NONE',  ( 0.000000000000000000, 0.000000000000000000, 1.000000000000000000 ) ) ;
#2109 = ORIENTED_EDGE ( 'NONE', *, *, #5367, .T. ) ;
#2110 = CARTESIAN_POINT ( 'NONE',  ( 125.0000000000000000, -1.000000000000000000, 3.999999999999996447 ) ) ;
#2111 = EDGE_LOOP ( 'NONE', ( #4815, #4984, #5266, #3379 ) ) ;
#2112 = EDGE_CURVE ( 'NONE', #3868, #5416, #5828, .T. ) ;
#2113 = CARTESIAN_POINT ( 'NONE',  ( 5.000000000000000000, -2.499999999999999556, -2.750000000000000000 ) ) ;
#2114 = ORIENTED_EDGE ( 'NONE', *, *, #1449, .F. ) ;
#2115 = FACE_OUTER_BOUND ( 'NONE', #95, .T. ) ;
#2116 = CARTESIAN_POINT ( 'NONE',  ( -14.84215078886622763, -1.000000000000000000, -6.073945778677639851 ) ) ;
#2117 = FACE_OUTER_BOUND ( 'NONE', #7314, .T. ) ;
#2118 = EDGE_CURVE ( 'NONE', #7271, #7395, #745, .T. ) ;
#2119 = DIRECTION ( 'NONE',  ( -1.000000000000000000, -0.000000000000000000, -0.000000000000000000 ) ) ;
#2120 = CIRCLE ( 'NONE', #1868, 2.000000000000000000 ) ;
#2121 = DIRECTION ( 'NONE',  ( -0.000000000000000000, -1.000000000000000000, -0.000000000000000000 ) ) ;
#2122 = CARTESIAN_POINT ( 'NONE',  ( 12.31357389782722045, -0.7382202660295215102, -6.445709661050431194 ) ) ;
#2123 = VERTEX_POINT ( 'NONE', #4587 ) ;
#2124 = ORIENTED_EDGE ( 'NONE', *, *, #3288, .T. ) ;
#2125 = CARTESIAN_POINT ( 'NONE',  ( 40.85410196624969359, -1.000000000000000000, 3.000000000000002220 ) ) ;
#2126 = EDGE_CURVE ( 'NONE', #7630, #2036, #3889, .T. ) ;
#2127 = AXIS2_PLACEMENT_3D ( 'NONE', #3693, #7457, #1751 ) ;
#2128 = EDGE_CURVE ( 'NONE', #7069, #7160, #1241, .T. ) ;
#2129 = ADVANCED_FACE ( 'NONE', ( #7854 ), #2198, .F. ) ;
#2130 = ORIENTED_EDGE ( 'NONE', *, *, #1730, .F. ) ;
#2131 = DIRECTION ( 'NONE',  ( 0.000000000000000000, 1.000000000000000000, 0.000000000000000000 ) ) ;
#2132 = ORIENTED_EDGE ( 'NONE', *, *, #6682, .T. ) ;
#2133 = ORIENTED_EDGE ( 'NONE', *, *, #3659, .T. ) ;
#2134 = CIRCLE ( 'NONE', #3972, 4.000000000000003553 ) ;
#2135 = CARTESIAN_POINT ( 'NONE',  ( -11.94229030071541686, -0.5000000000000000000, 1.500000000000004885 ) ) ;
#2136 = ADVANCED_FACE ( 'NONE', ( #4255, #6739 ), #7930, .F. ) ;
#2137 = CARTESIAN_POINT ( 'NONE',  ( 6.999999999999999112, -6.500000000000000000, 5.000000000000002665 ) ) ;
#2138 = CARTESIAN_POINT ( 'NONE',  ( -6.999999999999999112, 5.000000000000000000, -6.500000000000000000 ) ) ;
#2139 = PLANE ( 'NONE',  #419 ) ;
#2140 = ORIENTED_EDGE ( 'NONE', *, *, #7181, .T. ) ;
#2141 = TOROIDAL_SURFACE ( 'NONE', #548, 9.500000000000000000, 0.5000000000000000000 ) ;
#2142 = CARTESIAN_POINT ( 'NONE',  ( 5.000000000000000000, -2.499999999999999556, 2.750000000000000000 ) ) ;
#2143 = ORIENTED_EDGE ( 'NONE', *, *, #5960, .F. ) ;
#2144 = CARTESIAN_POINT ( 'NONE',  ( 11.19432624775223317, -1.500000000000000000, 6.500000000000000000 ) ) ;
#2145 = LINE ( 'NONE', #4657, #5862 ) ;
#2146 = CARTESIAN_POINT ( 'NONE',  ( -134.0709441698225248, 6.500000000000000000, -10.66386289615367033 ) ) ;
#2147 = CARTESIAN_POINT ( 'NONE',  ( 5.000000000000000000, -2.499999999999999556, 0.000000000000000000 ) ) ;
#2148 = ORIENTED_EDGE ( 'NONE', *, *, #255, .T. ) ;
#2149 = CYLINDRICAL_SURFACE ( 'NONE', #3183, 4.000000000000003553 ) ;
#2150 = ORIENTED_EDGE ( 'NONE', *, *, #6836, .T. ) ;
#2151 = DIRECTION ( 'NONE',  ( 0.000000000000000000, -1.000000000000000000, 0.000000000000000000 ) ) ;
#2152 = ORIENTED_EDGE ( 'NONE', *, *, #3185, .T. ) ;
#2153 = FACE_OUTER_BOUND ( 'NONE', #1632, .T. ) ;
#2154 = VECTOR ( 'NONE', #1979, 1000.000000000000000 ) ;
#2155 = AXIS2_PLACEMENT_3D ( 'NONE', #4848, #1127, #1038 ) ;
#2156 = EDGE_CURVE ( 'NONE', #2399, #4124, #317, .T. ) ;
#2157 = LINE ( 'NONE', #1533, #5034 ) ;
#2158 = CARTESIAN_POINT ( 'NONE',  ( -23.55047706695932064, -1.000000000000000000, -11.00000000000000000 ) ) ;
#2159 = AXIS2_PLACEMENT_3D ( 'NONE', #2425, #3080, #555 ) ;
#2160 = CARTESIAN_POINT ( 'NONE',  ( -12.44663462313180702, -0.7377490063277378773, -6.500000000000002665 ) ) ;
#2161 = VECTOR ( 'NONE', #7282, 1000.000000000000000 ) ;
#2162 = CARTESIAN_POINT ( 'NONE',  ( 118.2917960675006412, 6.500000000000000000, 1.000000000000000000 ) ) ;
#2163 = CARTESIAN_POINT ( 'NONE',  ( 125.0000000000000000, 6.500000000000000000, 0.000000000000000000 ) ) ;
#2164 = ORIENTED_EDGE ( 'NONE', *, *, #1623, .T. ) ;
#2165 = ORIENTED_EDGE ( 'NONE', *, *, #1779, .F. ) ;
#2166 = CIRCLE ( 'NONE', #2039, 9.500000000000000000 ) ;
#2167 = DIRECTION ( 'NONE',  ( 0.000000000000000000, 0.000000000000000000, 1.000000000000000000 ) ) ;
#2168 = AXIS2_PLACEMENT_3D ( 'NONE', #7922, #3518, #319 ) ;
#2169 = DIRECTION ( 'NONE',  ( -1.000000000000000000, 0.000000000000000000, 0.000000000000000000 ) ) ;
#2170 = ORIENTED_EDGE ( 'NONE', *, *, #2829, .T. ) ;
#2171 = LINE ( 'NONE', #2790, #4960 ) ;
#2172 = ORIENTED_EDGE ( 'NONE', *, *, #4649, .T. ) ;
#2173 = CIRCLE ( 'NONE', #7456, 4.000000000000003553 ) ;
#2174 = CIRCLE ( 'NONE', #1376, 10.00000000000000000 ) ;
#2175 = ORIENTED_EDGE ( 'NONE', *, *, #5545, .F. ) ;
#2176 = AXIS2_PLACEMENT_3D ( 'NONE', #6064, #393, #3588 ) ;
#2177 = VECTOR ( 'NONE', #1959, 1000.000000000000000 ) ;
#2178 = EDGE_CURVE ( 'NONE', #96, #3076, #1646, .T. ) ;
#2179 = DIRECTION ( 'NONE',  ( 0.000000000000000000, 1.000000000000000000, 0.000000000000000000 ) ) ;
#2180 = EDGE_CURVE ( 'NONE', #4847, #2378, #4787, .T. ) ;
#2181 = DIRECTION ( 'NONE',  ( 0.000000000000000000, 0.000000000000000000, 1.000000000000000000 ) ) ;
#2182 = AXIS2_PLACEMENT_3D ( 'NONE', #1200, #2578, #5136 ) ;
#2183 = FACE_OUTER_BOUND ( 'NONE', #5690, .T. ) ;
#2184 = CIRCLE ( 'NONE', #3767, 4.999999999999999112 ) ;
#2185 = DIRECTION ( 'NONE',  ( 0.000000000000000000, 0.000000000000000000, -1.000000000000000000 ) ) ;
#2186 = CIRCLE ( 'NONE', #7338, 0.5000000000000004441 ) ;
#2187 = EDGE_LOOP ( 'NONE', ( #5429, #2482, #6394, #5046 ) ) ;
#2188 = EDGE_CURVE ( 'NONE', #747, #1049, #5505, .T. ) ;
#2189 = CARTESIAN_POINT ( 'NONE',  ( -131.1462354366583725, -0.5725130608526534104, 1.101118581566497223 ) ) ;
#2190 = EDGE_LOOP ( 'NONE', ( #52, #928, #2823 ) ) ;
#2191 = CYLINDRICAL_SURFACE ( 'NONE', #982, 1.000000000000000000 ) ;
#2192 = DIRECTION ( 'NONE',  ( 0.000000000000000000, 0.000000000000000000, -1.000000000000000000 ) ) ;
#2193 = EDGE_CURVE ( 'NONE', #2868, #7681, #4179, .T. ) ;
#2194 = AXIS2_PLACEMENT_3D ( 'NONE', #5685, #5527, #1206 ) ;
#2195 = CARTESIAN_POINT ( 'NONE',  ( -23.55047706695932064, -0.5000000000000000000, -11.00000000000000000 ) ) ;
#2196 = LINE ( 'NONE', #5332, #3838 ) ;
#2197 = VERTEX_POINT ( 'NONE', #4876 ) ;
#2198 = CYLINDRICAL_SURFACE ( 'NONE', #3495, 3.750000000000006217 ) ;
#2199 = VERTEX_POINT ( 'NONE', #6115 ) ;
#2200 = LINE ( 'NONE', #7270, #5202 ) ;
#2201 = VERTEX_POINT ( 'NONE', #1698 ) ;
#2202 = CARTESIAN_POINT ( 'NONE',  ( 131.5000000000000000, -1.005108508356362007, -0.6699885363926876281 ) ) ;
#2203 = LINE ( 'NONE', #5386, #2433 ) ;
#2204 = DIRECTION ( 'NONE',  ( 0.000000000000000000, 1.000000000000000000, -0.000000000000000000 ) ) ;
#2205 = CARTESIAN_POINT ( 'NONE',  ( -2.999999999999999112, -4.000000000000001776, -2.499999999999999556 ) ) ;
#2206 = CARTESIAN_POINT ( 'NONE',  ( -14.62381883711685227, -1.086093972580271849, -6.499999999999872990 ) ) ;
#2207 = CARTESIAN_POINT ( 'NONE',  ( 37.50000000000000711, 6.500000000000000000, 0.000000000000000000 ) ) ;
#2208 = CARTESIAN_POINT ( 'NONE',  ( -88.66025403784438197, -0.5000000000000000000, -1.000000000000000000 ) ) ;
#2209 = ORIENTED_EDGE ( 'NONE', *, *, #6216, .T. ) ;
#2210 = DIRECTION ( 'NONE',  ( -0.000000000000000000, -1.000000000000000000, 0.000000000000000000 ) ) ;
#2211 = ORIENTED_EDGE ( 'NONE', *, *, #6779, .F. ) ;
#2212 = DIRECTION ( 'NONE',  ( -0.000000000000000000, -1.000000000000000000, -0.000000000000000000 ) ) ;
#2213 = ORIENTED_EDGE ( 'NONE', *, *, #7637, .F. ) ;
#2214 = ORIENTED_EDGE ( 'NONE', *, *, #7004, .T. ) ;
#2215 = LINE ( 'NONE', #4857, #4693 ) ;
#2216 = EDGE_LOOP ( 'NONE', ( #8162, #5537, #3415, #7485 ) ) ;
#2217 = ORIENTED_EDGE ( 'NONE', *, *, #2361, .F. ) ;
#2218 = LINE ( 'NONE', #6023, #1093 ) ;
#2219 = DIRECTION ( 'NONE',  ( -0.000000000000000000, -1.000000000000000000, -0.000000000000000000 ) ) ;
#2220 = CARTESIAN_POINT ( 'NONE',  ( 131.0647483393212553, 6.500000000000000000, 1.037594460055201617 ) ) ;
#2221 = CARTESIAN_POINT ( 'NONE',  ( 5.999999999999999112, -2.499999999999999556, 4.000000000000002665 ) ) ;
#2222 = EDGE_CURVE ( 'NONE', #2501, #2659, #4176, .T. ) ;
#2223 = EDGE_LOOP ( 'NONE', ( #14, #3291, #3058, #3858 ) ) ;
#2224 = DIRECTION ( 'NONE',  ( 0.000000000000000000, 1.000000000000000000, 0.000000000000000000 ) ) ;
#2225 = ORIENTED_EDGE ( 'NONE', *, *, #8092, .T. ) ;
#2226 =( NAMED_UNIT ( * ) SI_UNIT ( $, .STERADIAN. ) SOLID_ANGLE_UNIT ( ) );
#2227 = DIRECTION ( 'NONE',  ( 0.000000000000000000, 1.000000000000000000, 0.000000000000000000 ) ) ;
#2228 = DIRECTION ( 'NONE',  ( 0.000000000000000000, 1.000000000000000000, 0.000000000000000000 ) ) ;
#2229 = CARTESIAN_POINT ( 'NONE',  ( 80.00000000000000000, -2.299999999999998934, -3.750000000000006217 ) ) ;
#2230 = EDGE_LOOP ( 'NONE', ( #1848, #2550, #9, #7362 ) ) ;
#2231 = ADVANCED_FACE ( 'NONE', ( #448 ), #940, .F. ) ;
#2232 = DIRECTION ( 'NONE',  ( 0.000000000000000000, 0.000000000000000000, 1.000000000000000000 ) ) ;
#2233 = ADVANCED_FACE ( 'NONE', ( #3476 ), #6075, .F. ) ;
#2234 = ORIENTED_EDGE ( 'NONE', *, *, #7578, .T. ) ;
#2235 = LINE ( 'NONE', #2694, #311 ) ;
#2236 = ORIENTED_EDGE ( 'NONE', *, *, #1757, .F. ) ;
#2237 = CARTESIAN_POINT ( 'NONE',  ( 131.0647483386460692, -0.5653558838086893967, -1.037594460143375974 ) ) ;
#2238 = CARTESIAN_POINT ( 'NONE',  ( 13.07459508870751641, -1.028783118507085259, 6.500000000000000000 ) ) ;
#2239 = EDGE_CURVE ( 'NONE', #4072, #3700, #2362, .T. ) ;
#2240 = DIRECTION ( 'NONE',  ( 0.000000000000000000, 1.000000000000000000, -0.000000000000000000 ) ) ;
#2241 = CARTESIAN_POINT ( 'NONE',  ( 0.000000000000000000, 0.000000000000000000, 2.499999999999999556 ) ) ;
#2242 = LINE ( 'NONE', #2990, #7743 ) ;
#2243 = DIRECTION ( 'NONE',  ( 0.000000000000000000, 1.000000000000000000, 0.000000000000000000 ) ) ;
#2244 = ORIENTED_EDGE ( 'NONE', *, *, #2633, .T. ) ;
#2245 = CARTESIAN_POINT ( 'NONE',  ( -131.5000000000000000, 6.500000000000000000, -6.500000000000000000 ) ) ;
#2246 = VERTEX_POINT ( 'NONE', #402 ) ;
#2247 = B_SPLINE_CURVE_WITH_KNOTS ( 'NONE', 3,
 ( #5962, #2822, #5351, #2450, #4374, #1186, #6330, #7609, #652, #7560 ),
 .UNSPECIFIED., .F., .F.,
 ( 4, 2, 2, 2, 4 ),
 ( 0.000000000000000000, 0.0004027777007907236786, 0.0008055554015814473572, 0.001208333102372171090, 0.001611110803162895148 ),
 .UNSPECIFIED. ) ;
#2248 = DIRECTION ( 'NONE',  ( 0.000000000000000000, 1.000000000000000000, 0.000000000000000000 ) ) ;
#2249 = LINE ( 'NONE', #4889, #4688 ) ;
#2250 = EDGE_LOOP ( 'NONE', ( #5608, #2124, #7415, #1475 ) ) ;
#2251 = DIRECTION ( 'NONE',  ( 0.000000000000000000, 0.000000000000000000, 1.000000000000000000 ) ) ;
#2252 = ORIENTED_EDGE ( 'NONE', *, *, #2591, .T. ) ;
#2253 = AXIS2_PLACEMENT_3D ( 'NONE', #5404, #4777, #7301 ) ;
#2254 = ORIENTED_EDGE ( 'NONE', *, *, #5626, .T. ) ;
#2255 = CARTESIAN_POINT ( 'NONE',  ( 5.999999999999999112, -2.499999999999999556, -3.999999999999998224 ) ) ;
#2256 = DIRECTION ( 'NONE',  ( 2.081668171172168908E-15, 0.000000000000000000, 1.000000000000000000 ) ) ;
#2257 = AXIS2_PLACEMENT_3D ( 'NONE', #160, #3775, #4014 ) ;
#2258 = DIRECTION ( 'NONE',  ( -0.000000000000000000, 1.000000000000000000, -0.000000000000000000 ) ) ;
#2259 = EDGE_CURVE ( 'NONE', #3577, #6201, #7396, .T. ) ;
#2260 = ORIENTED_EDGE ( 'NONE', *, *, #2443, .T. ) ;
#2261 = CYLINDRICAL_SURFACE ( 'NONE', #124, 1.000000000000000000 ) ;
#2262 = ORIENTED_EDGE ( 'NONE', *, *, #4990, .T. ) ;
#2263 = FACE_OUTER_BOUND ( 'NONE', #4476, .T. ) ;
#2264 = ORIENTED_EDGE ( 'NONE', *, *, #3528, .T. ) ;
#2265 = AXIS2_PLACEMENT_3D ( 'NONE', #3175, #7403, #4186 ) ;
#2266 = CARTESIAN_POINT ( 'NONE',  ( 4.000000000000000000, -2.499999999999999556, -4.999999999999997335 ) ) ;
#2267 = CARTESIAN_POINT ( 'NONE',  ( 118.2917960675006412, -1.000000000000000000, -1.500000000000000000 ) ) ;
#2268 = VECTOR ( 'NONE', #2963, 1000.000000000000000 ) ;
#2269 = AXIS2_PLACEMENT_3D ( 'NONE', #7941, #1667, #6712 ) ;
#2270 = CYLINDRICAL_SURFACE ( 'NONE', #7642, 0.5000000000000000000 ) ;
#2271 = ORIENTED_EDGE ( 'NONE', *, *, #245, .T. ) ;
#2272 = CARTESIAN_POINT ( 'NONE',  ( -6.999999999999999112, -5.000000000000000000, -2.499999999999999556 ) ) ;
#2273 = ORIENTED_EDGE ( 'NONE', *, *, #5874, .T. ) ;
#2274 = DIRECTION ( 'NONE',  ( 0.000000000000000000, 1.000000000000000000, 0.000000000000000000 ) ) ;
#2275 = VERTEX_POINT ( 'NONE', #6780 ) ;
#2276 = DIRECTION ( 'NONE',  ( 1.000000000000000000, 0.000000000000000000, 0.000000000000000000 ) ) ;
#2277 = LINE ( 'NONE', #7240, #3487 ) ;
#2278 = EDGE_CURVE ( 'NONE', #366, #575, #1917, .T. ) ;
#2279 = EDGE_CURVE ( 'NONE', #5766, #6041, #2401, .T. ) ;
#2280 = EDGE_CURVE ( 'NONE', #4538, #5701, #6001, .T. ) ;
#2281 = DIRECTION ( 'NONE',  ( 0.000000000000000000, 0.000000000000000000, 1.000000000000000000 ) ) ;
#2282 = CARTESIAN_POINT ( 'NONE',  ( 125.0000000000000000, -2.299999999999998934, -1.649999999999998579 ) ) ;
#2283 = PLANE ( 'NONE',  #6236 ) ;
#2284 = FACE_OUTER_BOUND ( 'NONE', #1595, .T. ) ;
#2285 = TOROIDAL_SURFACE ( 'NONE', #7428, 4.500000000000000888, 0.5000000000000000000 ) ;
#2286 = EDGE_CURVE ( 'NONE', #3275, #5025, #327, .T. ) ;
#2287 = ORIENTED_EDGE ( 'NONE', *, *, #8045, .T. ) ;
#2288 = AXIS2_PLACEMENT_3D ( 'NONE', #7508, #1259, #3084 ) ;
#2289 = VERTEX_POINT ( 'NONE', #7974 ) ;
#2290 = AXIS2_PLACEMENT_3D ( 'NONE', #4311, #4427, #4924 ) ;
#2291 = EDGE_CURVE ( 'NONE', #4080, #4072, #6658, .T. ) ;
#2292 = CARTESIAN_POINT ( 'NONE',  ( 129.5000000000000000, -1.500000000000000444, -4.500000000000000888 ) ) ;
#2293 = VECTOR ( 'NONE', #3029, 1000.000000000000000 ) ;
#2294 = DIRECTION ( 'NONE',  ( 0.000000000000000000, 0.000000000000000000, 1.000000000000000000 ) ) ;
#2295 = ORIENTED_EDGE ( 'NONE', *, *, #7859, .T. ) ;
#2296 = FACE_OUTER_BOUND ( 'NONE', #3047, .T. ) ;
#2297 = VERTEX_POINT ( 'NONE', #367 ) ;
#2298 = VERTEX_POINT ( 'NONE', #2894 ) ;
#2299 = VECTOR ( 'NONE', #6666, 1000.000000000000000 ) ;
#2300 = AXIS2_PLACEMENT_3D ( 'NONE', #942, #4588, #5253 ) ;
#2301 = FACE_BOUND ( 'NONE', #6849, .T. ) ;
#2302 = AXIS2_PLACEMENT_3D ( 'NONE', #2440, #6892, #3052 ) ;
#2303 = CARTESIAN_POINT ( 'NONE',  ( 84.50000000000000000, -6.500000000000000000, 0.000000000000000000 ) ) ;
#2304 = DIRECTION ( 'NONE',  ( 0.000000000000000000, 0.000000000000000000, 1.000000000000000000 ) ) ;
#2305 = ORIENTED_EDGE ( 'NONE', *, *, #2693, .F. ) ;
#2306 = VECTOR ( 'NONE', #1348, 1000.000000000000000 ) ;
#2307 = DIRECTION ( 'NONE',  ( 0.000000000000000000, 1.000000000000000000, 0.000000000000000000 ) ) ;
#2308 = VERTEX_POINT ( 'NONE', #5414 ) ;
#2309 = DIRECTION ( 'NONE',  ( 0.000000000000000000, 0.000000000000000000, 1.000000000000000000 ) ) ;
#2310 = ORIENTED_EDGE ( 'NONE', *, *, #567, .F. ) ;
#2311 = CIRCLE ( 'NONE', #7714, 4.000000000000003553 ) ;
#2312 = VECTOR ( 'NONE', #3180, 1000.000000000000000 ) ;
#2313 = AXIS2_PLACEMENT_3D ( 'NONE', #3009, #4327, #6191 ) ;
#2314 = CARTESIAN_POINT ( 'NONE',  ( 0.000000000000000000, 0.000000000000000000, 0.000000000000000000 ) ) ;
#2315 = CARTESIAN_POINT ( 'NONE',  ( 34.51857603000028263, 6.500000000000000000, -2.666666666666667407 ) ) ;
#2316 = CARTESIAN_POINT ( 'NONE',  ( 5.000000000000000000, 6.500000000000000000, 0.000000000000000000 ) ) ;
#2317 = AXIS2_PLACEMENT_3D ( 'NONE', #3824, #5659, #485 ) ;
#2318 = AXIS2_PLACEMENT_3D ( 'NONE', #5671, #5039, #3229 ) ;
#2319 = CARTESIAN_POINT ( 'NONE',  ( -125.0000000000000000, 6.500000000000000000, 0.000000000000000000 ) ) ;
#2320 = VERTEX_POINT ( 'NONE', #27 ) ;
#2321 = CARTESIAN_POINT ( 'NONE',  ( -131.5000000000000000, 6.500000000000000000, -6.500000000000000000 ) ) ;
#2322 = ORIENTED_EDGE ( 'NONE', *, *, #2829, .F. ) ;
#2323 = DIRECTION ( 'NONE',  ( 1.000000000000000000, 0.000000000000000000, 0.000000000000000000 ) ) ;
#2324 = ORIENTED_EDGE ( 'NONE', *, *, #7332, .F. ) ;
#2325 = AXIS2_PLACEMENT_3D ( 'NONE', #1133, #2539, #7538 ) ;
#2326 = VECTOR ( 'NONE', #7058, 1000.000000000000000 ) ;
#2327 = CYLINDRICAL_SURFACE ( 'NONE', #4961, 0.5000000000000000000 ) ;
#2328 = DIRECTION ( 'NONE',  ( 1.000000000000000000, -0.000000000000000000, 0.000000000000000000 ) ) ;
#2329 = DIRECTION ( 'NONE',  ( 0.000000000000000000, -1.000000000000000000, 0.000000000000000000 ) ) ;
#2330 = CARTESIAN_POINT ( 'NONE',  ( -12.44669718399507552, -0.7378060177677645548, -6.500000000000000000 ) ) ;
#2331 = CARTESIAN_POINT ( 'NONE',  ( 73.29179606750062703, -0.5000000000000000000, -1.000000000000000000 ) ) ;
#2332 = EDGE_CURVE ( 'NONE', #5438, #7617, #7607, .T. ) ;
#2333 = EDGE_CURVE ( 'NONE', #5408, #7012, #3636, .T. ) ;
#2334 = PLANE ( 'NONE',  #6261 ) ;
#2335 = ADVANCED_FACE ( 'NONE', ( #6896 ), #3799, .T. ) ;
#2336 = ORIENTED_EDGE ( 'NONE', *, *, #622, .F. ) ;
#2337 = CARTESIAN_POINT ( 'NONE',  ( 131.5000000000000000, 6.500000000000000000, -0.5418045322075869530 ) ) ;
#2338 = ORIENTED_EDGE ( 'NONE', *, *, #2239, .F. ) ;
#2339 = EDGE_CURVE ( 'NONE', #4694, #2105, #6531, .T. ) ;
#2340 = DIRECTION ( 'NONE',  ( 0.000000000000000000, 1.000000000000000000, 0.000000000000000000 ) ) ;
#2341 = VERTEX_POINT ( 'NONE', #4459 ) ;
#2342 = EDGE_CURVE ( 'NONE', #2350, #4278, #6945, .T. ) ;
#2343 = LINE ( 'NONE', #4691, #2985 ) ;
#2344 = ADVANCED_FACE ( 'NONE', ( #5587 ), #5082, .T. ) ;
#2345 = VERTEX_POINT ( 'NONE', #4999 ) ;
#2346 = ORIENTED_EDGE ( 'NONE', *, *, #5773, .F. ) ;
#2347 = DIRECTION ( 'NONE',  ( 0.000000000000000000, 0.000000000000000000, 1.000000000000000000 ) ) ;
#2348 = CARTESIAN_POINT ( 'NONE',  ( -77.52564170347304184, 6.500000000000000000, 3.142857142857148567 ) ) ;
#2349 = DIRECTION ( 'NONE',  ( 0.000000000000000000, 0.000000000000000000, 1.000000000000000000 ) ) ;
#2350 = VERTEX_POINT ( 'NONE', #1780 ) ;
#2351 = VECTOR ( 'NONE', #5826, 1000.000000000000000 ) ;
#2352 = FACE_OUTER_BOUND ( 'NONE', #4517, .T. ) ;
#2353 = VERTEX_POINT ( 'NONE', #3057 ) ;
#2354 = DIRECTION ( 'NONE',  ( 0.000000000000000000, 0.000000000000000000, 1.000000000000000000 ) ) ;
#2355 = ORIENTED_EDGE ( 'NONE', *, *, #7730, .T. ) ;
#2356 = DIRECTION ( 'NONE',  ( 1.000000000000000000, 0.000000000000000000, 0.000000000000000000 ) ) ;
#2357 = CARTESIAN_POINT ( 'NONE',  ( 131.5000000000000000, -1.375422975746572352, 1.045958136617910927 ) ) ;
#2358 = B_SPLINE_CURVE_WITH_KNOTS ( 'NONE', 3,
 ( #2855, #5378, #7393, #7890, #4741, #7263, #2890, #2976, #983, #4175 ),
 .UNSPECIFIED., .F., .F.,
 ( 4, 2, 2, 2, 4 ),
 ( -1.420927188908034578E-05, 0.0007979964460807742422, 0.001610202164050628798, 0.002422407882020483245, 0.003234613599990337693 ),
 .UNSPECIFIED. ) ;
#2359 = CARTESIAN_POINT ( 'NONE',  ( -2.999999999999999112, -4.000000000000001776, 6.500000000000000000 ) ) ;
#2360 = ORIENTED_EDGE ( 'NONE', *, *, #6231, .T. ) ;
#2361 = EDGE_CURVE ( 'NONE', #747, #2548, #688, .T. ) ;
#2362 = LINE ( 'NONE', #2932, #6923 ) ;
#2363 = EDGE_LOOP ( 'NONE', ( #7302, #6574, #6895, #4030, #4372, #2769, #6346, #7895, #7093, #7227 ) ) ;
#2364 = CARTESIAN_POINT ( 'NONE',  ( 13.87960737989404159, -0.9810885657428807249, -6.130891554710361291 ) ) ;
#2365 = DIRECTION ( 'NONE',  ( -0.000000000000000000, -1.000000000000000000, -0.000000000000000000 ) ) ;
#2366 = ORIENTED_EDGE ( 'NONE', *, *, #7821, .T. ) ;
#2367 = DIRECTION ( 'NONE',  ( 0.000000000000000000, 0.000000000000000000, 1.000000000000000000 ) ) ;
#2368 = CARTESIAN_POINT ( 'NONE',  ( 12.31357389782722045, -0.7382202660295215102, 6.445709661050431194 ) ) ;
#2369 = CARTESIAN_POINT ( 'NONE',  ( -131.5000000000000000, -1.379357043812168282, 1.153999304246929869 ) ) ;
#2370 = ADVANCED_FACE ( 'NONE', ( #6243 ), #3761, .F. ) ;
#2371 = FACE_OUTER_BOUND ( 'NONE', #73, .T. ) ;
#2372 = CARTESIAN_POINT ( 'NONE',  ( -19.00000000000001776, -2.999999999999999556, -5.000000000000000888 ) ) ;
#2373 = CARTESIAN_POINT ( 'NONE',  ( -71.33974596215561803, -0.5000000000000000000, 1.000000000000000000 ) ) ;
#2374 = ORIENTED_EDGE ( 'NONE', *, *, #7678, .T. ) ;
#2375 = DIRECTION ( 'NONE',  ( 0.8930285549745887730, 0.000000000000000000, -0.4499999999999977907 ) ) ;
#2376 = ADVANCED_FACE ( 'NONE', ( #1309 ), #8115, .F. ) ;
#2377 = DIRECTION ( 'NONE',  ( 0.000000000000000000, 0.000000000000000000, 1.000000000000000000 ) ) ;
#2378 = VERTEX_POINT ( 'NONE', #8178 ) ;
#2379 = CYLINDRICAL_SURFACE ( 'NONE', #7469, 5.000000000000000000 ) ;
#2380 = ORIENTED_EDGE ( 'NONE', *, *, #6387, .T. ) ;
#2381 = VERTEX_POINT ( 'NONE', #5744 ) ;
#2382 = DIRECTION ( 'NONE',  ( 0.000000000000000000, 1.000000000000000000, 0.000000000000000000 ) ) ;
#2383 = LINE ( 'NONE', #5655, #7677 ) ;
#2384 = EDGE_CURVE ( 'NONE', #3949, #2475, #2831, .T. ) ;
#2385 = EDGE_CURVE ( 'NONE', #5645, #1148, #2311, .T. ) ;
#2386 = DIRECTION ( 'NONE',  ( -0.000000000000000000, 1.000000000000000000, -0.000000000000000000 ) ) ;
#2387 = EDGE_CURVE ( 'NONE', #1150, #5790, #999, .T. ) ;
#2388 = ORIENTED_EDGE ( 'NONE', *, *, #3145, .F. ) ;
#2389 = LINE ( 'NONE', #7422, #3760 ) ;
#2390 = ORIENTED_EDGE ( 'NONE', *, *, #5523, .T. ) ;
#2391 = DIRECTION ( 'NONE',  ( 0.000000000000000000, 0.000000000000000000, 1.000000000000000000 ) ) ;
#2392 = VERTEX_POINT ( 'NONE', #2517 ) ;
#2393 = EDGE_CURVE ( 'NONE', #2923, #280, #1775, .T. ) ;
#2394 = CIRCLE ( 'NONE', #7665, 4.999999999999999112 ) ;
#2395 = FACE_OUTER_BOUND ( 'NONE', #4964, .T. ) ;
#2396 = CARTESIAN_POINT ( 'NONE',  ( 47.50000000000000000, -6.500000000000000000, -4.999999999999997335 ) ) ;
#2397 = AXIS2_PLACEMENT_3D ( 'NONE', #2446, #527, #6290 ) ;
#2398 = CARTESIAN_POINT ( 'NONE',  ( -15.10456796088380216, -1.500000000000000000, 6.000000000000000000 ) ) ;
#2399 = VERTEX_POINT ( 'NONE', #7486 ) ;
#2400 = AXIS2_PLACEMENT_3D ( 'NONE', #5015, #4317, #6213 ) ;
#2401 = LINE ( 'NONE', #8054, #7190 ) ;
#2402 = VERTEX_POINT ( 'NONE', #4335 ) ;
#2403 = FACE_OUTER_BOUND ( 'NONE', #6491, .T. ) ;
#2404 = DIRECTION ( 'NONE',  ( 1.000000000000000000, 0.000000000000000000, 0.000000000000000000 ) ) ;
#2405 = CARTESIAN_POINT ( 'NONE',  ( 13.80020043123063367, -1.462178538467125088, -6.500000000000000000 ) ) ;
#2406 = FACE_OUTER_BOUND ( 'NONE', #6932, .T. ) ;
#2407 = VECTOR ( 'NONE', #4648, 1000.000000000000000 ) ;
#2408 = AXIS2_PLACEMENT_3D ( 'NONE', #4342, #5009, #5754 ) ;
#2409 = DIRECTION ( 'NONE',  ( 0.000000000000000000, -0.000000000000000000, -1.000000000000000000 ) ) ;
#2410 = CARTESIAN_POINT ( 'NONE',  ( 12.25433078566306655, -0.7259056474349274701, 6.452443178908703558 ) ) ;
#2411 = AXIS2_PLACEMENT_3D ( 'NONE', #4611, #7102, #226 ) ;
#2412 = DIRECTION ( 'NONE',  ( 0.000000000000000000, -1.000000000000000000, 0.000000000000000000 ) ) ;
#2413 = AXIS2_PLACEMENT_3D ( 'NONE', #4152, #2827, #5268 ) ;
#2414 = DIRECTION ( 'NONE',  ( 0.000000000000000000, -1.000000000000000000, 0.000000000000000000 ) ) ;
#2415 = EDGE_LOOP ( 'NONE', ( #6165, #2707, #399, #406 ) ) ;
#2416 = EDGE_CURVE ( 'NONE', #2501, #5790, #3717, .T. ) ;
#2417 = DIRECTION ( 'NONE',  ( 0.000000000000000000, 0.000000000000000000, 1.000000000000000000 ) ) ;
#2418 = DIRECTION ( 'NONE',  ( 0.000000000000000000, 0.000000000000000000, -1.000000000000000000 ) ) ;
#2419 = VECTOR ( 'NONE', #7347, 1000.000000000000000 ) ;
#2420 = ORIENTED_EDGE ( 'NONE', *, *, #907, .F. ) ;
#2421 = DIRECTION ( 'NONE',  ( -0.000000000000000000, 1.000000000000000000, -0.000000000000000000 ) ) ;
#2422 = VERTEX_POINT ( 'NONE', #5035 ) ;
#2423 = CIRCLE ( 'NONE', #7038, 0.4999999999999996669 ) ;
#2424 = ORIENTED_EDGE ( 'NONE', *, *, #4477, .T. ) ;
#2425 = CARTESIAN_POINT ( 'NONE',  ( 5.999999999999999112, 2.499999999999999556, -3.999999999999997335 ) ) ;
#2426 = CIRCLE ( 'NONE', #4659, 0.5000000000000001110 ) ;
#2427 = AXIS2_PLACEMENT_3D ( 'NONE', #4118, #356, #3419 ) ;
#2428 = DIRECTION ( 'NONE',  ( 0.000000000000000000, 0.000000000000000000, 1.000000000000000000 ) ) ;
#2429 = CARTESIAN_POINT ( 'NONE',  ( 76.64589803375031352, -0.5000000000000000000, -3.000000000000001332 ) ) ;
#2430 = VERTEX_POINT ( 'NONE', #7558 ) ;
#2431 = DIRECTION ( 'NONE',  ( 0.000000000000000000, -1.000000000000000000, 0.000000000000000000 ) ) ;
#2432 = VERTEX_POINT ( 'NONE', #1902 ) ;
#2433 = VECTOR ( 'NONE', #4091, 1000.000000000000000 ) ;
#2434 = DIRECTION ( 'NONE',  ( 0.000000000000000000, -1.000000000000000000, 0.000000000000000000 ) ) ;
#2435 = ORIENTED_EDGE ( 'NONE', *, *, #1562, .F. ) ;
#2436 = CIRCLE ( 'NONE', #6515, 3.750000000000006217 ) ;
#2437 = EDGE_CURVE ( 'NONE', #7345, #3563, #4419, .T. ) ;
#2438 = EDGE_CURVE ( 'NONE', #2793, #651, #1504, .T. ) ;
#2439 = ADVANCED_FACE ( 'NONE', ( #5861 ), #4891, .T. ) ;
#2440 = CARTESIAN_POINT ( 'NONE',  ( 86.70820393249938718, -0.5000000000000000000, -6.000000000000000000 ) ) ;
#2441 = CARTESIAN_POINT ( 'NONE',  ( 3.999999999999999112, 2.499999999999999556, 4.000000000000002665 ) ) ;
#2442 = CIRCLE ( 'NONE', #6662, 5.000000000000000000 ) ;
#2443 = EDGE_CURVE ( 'NONE', #4353, #7608, #6400, .T. ) ;
#2444 = AXIS2_PLACEMENT_3D ( 'NONE', #5778, #6473, #2554 ) ;
#2445 = VECTOR ( 'NONE', #72, 1000.000000000000000 ) ;
#2446 = CARTESIAN_POINT ( 'NONE',  ( 114.9999999999999858, -6.500000000000000000, 0.000000000000000000 ) ) ;
#2447 = ORIENTED_EDGE ( 'NONE', *, *, #5432, .F. ) ;
#2448 = DIRECTION ( 'NONE',  ( -0.000000000000000000, -1.000000000000000000, -0.000000000000000000 ) ) ;
#2449 = VERTEX_POINT ( 'NONE', #5155 ) ;
#2450 = CARTESIAN_POINT ( 'NONE',  ( -131.4999999999999716, -1.379313248241251122, -1.154186901746396821 ) ) ;
#2451 = CARTESIAN_POINT ( 'NONE',  ( -125.0000000000000000, -2.299999999999998934, 0.000000000000000000 ) ) ;
#2452 = ADVANCED_FACE ( 'NONE', ( #3303 ), #771, .F. ) ;
#2453 = AXIS2_PLACEMENT_3D ( 'NONE', #7708, #962, #3325 ) ;
#2454 = CARTESIAN_POINT ( 'NONE',  ( -75.00000000000000000, -2.999999999999999556, -4.999999999999999112 ) ) ;
#2455 = AXIS2_PLACEMENT_3D ( 'NONE', #1891, #1851, #4361 ) ;
#2457 = AXIS2_PLACEMENT_3D ( 'NONE', #7573, #7618, #5557 ) ;
#2456 = DIRECTION ( 'NONE',  ( 0.000000000000000000, 0.000000000000000000, 1.000000000000000000 ) ) ;
#2458 = DIRECTION ( 'NONE',  ( 0.000000000000000000, -1.000000000000000000, 0.000000000000000000 ) ) ;
#2459 = CARTESIAN_POINT ( 'NONE',  ( -23.55047706695932064, -0.5000000000000000000, -11.00000000000000000 ) ) ;
#2460 = AXIS2_PLACEMENT_3D ( 'NONE', #3926, #693, #6367 ) ;
#2461 = DIRECTION ( 'NONE',  ( -0.000000000000000000, -1.000000000000000000, -0.000000000000000000 ) ) ;
#2462 = ORIENTED_EDGE ( 'NONE', *, *, #5673, .T. ) ;
#2463 = PLANE ( 'NONE',  #6408 ) ;
#2464 = CYLINDRICAL_SURFACE ( 'NONE', #1997, 4.000000000000003553 ) ;
#2465 = DIRECTION ( 'NONE',  ( 0.000000000000000000, -0.000000000000000000, 1.000000000000000000 ) ) ;
#2466 = ORIENTED_EDGE ( 'NONE', *, *, #2118, .F. ) ;
#2467 = PLANE ( 'NONE',  #194 ) ;
#2468 = ORIENTED_EDGE ( 'NONE', *, *, #7924, .F. ) ;
#2469 = VERTEX_POINT ( 'NONE', #3996 ) ;
#2470 = CYLINDRICAL_SURFACE ( 'NONE', #1483, 1.000000000000000000 ) ;
#2471 = FACE_OUTER_BOUND ( 'NONE', #4527, .T. ) ;
#2472 = FACE_OUTER_BOUND ( 'NONE', #6557, .T. ) ;
#2473 = VERTEX_POINT ( 'NONE', #5904 ) ;
#2474 = CARTESIAN_POINT ( 'NONE',  ( -116.3397459621556038, -0.5000000000000000000, 1.500000000000000000 ) ) ;
#2475 = VERTEX_POINT ( 'NONE', #6445 ) ;
#2476 = LINE ( 'NONE', #5538, #63 ) ;
#2477 = ORIENTED_EDGE ( 'NONE', *, *, #4147, .F. ) ;
#2478 = CARTESIAN_POINT ( 'NONE',  ( -6.999999999999999112, -5.000000000000000000, -6.500000000000000000 ) ) ;
#2479 = LINE ( 'NONE', #2396, #4128 ) ;
#2480 = EDGE_CURVE ( 'NONE', #2201, #2071, #5205, .T. ) ;
#2481 = DIRECTION ( 'NONE',  ( -0.000000000000000000, -1.000000000000000000, -0.000000000000000000 ) ) ;
#2482 = ORIENTED_EDGE ( 'NONE', *, *, #7173, .T. ) ;
#2483 = DIRECTION ( 'NONE',  ( 0.000000000000000000, 0.000000000000000000, -1.000000000000000000 ) ) ;
#2484 = ORIENTED_EDGE ( 'NONE', *, *, #907, .T. ) ;
#2485 = FACE_OUTER_BOUND ( 'NONE', #3539, .T. ) ;
#2486 = FACE_OUTER_BOUND ( 'NONE', #3818, .T. ) ;
#2487 = CARTESIAN_POINT ( 'NONE',  ( -125.0000000000000000, -2.299999999999998934, 1.649999999999998579 ) ) ;
#2488 = CARTESIAN_POINT ( 'NONE',  ( -125.0000000000000000, 6.500000000000000000, 4.000000000000003553 ) ) ;
#2489 = EDGE_CURVE ( 'NONE', #641, #2010, #5077, .T. ) ;
#2490 = EDGE_CURVE ( 'NONE', #5416, #6766, #4494, .T. ) ;
#2491 = CARTESIAN_POINT ( 'NONE',  ( 30.79179606750063058, 6.500000000000000000, 1.000000000000000000 ) ) ;
#2492 = DIRECTION ( 'NONE',  ( -0.000000000000000000, -1.000000000000000000, -0.000000000000000000 ) ) ;
#2493 = DIRECTION ( 'NONE',  ( 0.000000000000000000, 0.000000000000000000, 1.000000000000000000 ) ) ;
#2494 = EDGE_LOOP ( 'NONE', ( #2957, #7413, #7760, #755 ) ) ;
#2495 = DIRECTION ( 'NONE',  ( -1.000000000000000000, -0.000000000000000000, -0.000000000000000000 ) ) ;
#2496 = EDGE_CURVE ( 'NONE', #1037, #2341, #7321, .T. ) ;
#2497 = CARTESIAN_POINT ( 'NONE',  ( 131.5000000000000000, -1.301426643060266342, -0.9331605696809366357 ) ) ;
#2498 = DIRECTION ( 'NONE',  ( -0.000000000000000000, 1.000000000000000000, -0.000000000000000000 ) ) ;
#2499 = EDGE_LOOP ( 'NONE', ( #7479, #6731, #5577, #3680, #6626, #4547, #2170, #6845, #1284, #7000, #1422, #4352, #4518, #5447, #4393, #5510, #6302, #6029, #4234, #1061 ) ) ;
#2500 = DIRECTION ( 'NONE',  ( -0.000000000000000000, 1.000000000000000000, -0.000000000000000000 ) ) ;
#2501 = VERTEX_POINT ( 'NONE', #2762 ) ;
#2502 = VERTEX_POINT ( 'NONE', #2142 ) ;
#2503 = CARTESIAN_POINT ( 'NONE',  ( -125.0000000000000000, -1.000000000000000000, 0.000000000000000000 ) ) ;
#2504 = CARTESIAN_POINT ( 'NONE',  ( -80.00000000000000000, -0.5000000000000000000, 4.000000000000003553 ) ) ;
#2505 = PLANE ( 'NONE',  #571 ) ;
#2506 = ORIENTED_EDGE ( 'NONE', *, *, #5289, .F. ) ;
#2507 = ORIENTED_EDGE ( 'NONE', *, *, #8186, .F. ) ;
#2508 = FACE_OUTER_BOUND ( 'NONE', #3134, .T. ) ;
#2509 = ORIENTED_EDGE ( 'NONE', *, *, #4636, .T. ) ;
#2510 = ORIENTED_EDGE ( 'NONE', *, *, #6334, .F. ) ;
#2511 = EDGE_CURVE ( 'NONE', #504, #5333, #180, .T. ) ;
#2512 = DIRECTION ( 'NONE',  ( 1.000000000000000000, 0.000000000000000000, -0.000000000000000000 ) ) ;
#2513 = EDGE_CURVE ( 'NONE', #5487, #2469, #6564, .T. ) ;
#2514 = CARTESIAN_POINT ( 'NONE',  ( -116.3397459621556038, -0.4999999999999995559, -1.000000000000000000 ) ) ;
#2515 = CARTESIAN_POINT ( 'NONE',  ( 40.48142396999973158, -0.5000000000000000000, 2.666666666666666963 ) ) ;
#2516 = ORIENTED_EDGE ( 'NONE', *, *, #7429, .T. ) ;
#2517 = CARTESIAN_POINT ( 'NONE',  ( 129.5000000000000000, -1.500000000000000000, -6.500000000000000000 ) ) ;
#2518 = ORIENTED_EDGE ( 'NONE', *, *, #8045, .F. ) ;
#2519 = CARTESIAN_POINT ( 'NONE',  ( -15.81168588946338360, -0.5000000000000000000, -4.666666666666668739 ) ) ;
#2520 = DIRECTION ( 'NONE',  ( 0.000000000000000000, 1.000000000000000000, 0.000000000000000000 ) ) ;
#2521 = DIRECTION ( 'NONE',  ( 0.000000000000000000, 0.000000000000000000, 1.000000000000000000 ) ) ;
#2522 = CARTESIAN_POINT ( 'NONE',  ( 86.70820393249938718, -1.000000000000000000, -1.500000000000000000 ) ) ;
#2523 = CIRCLE ( 'NONE', #2400, 1.000000000000000000 ) ;
#2524 = DIRECTION ( 'NONE',  ( -1.000000000000000000, 0.000000000000000000, 0.000000000000000000 ) ) ;
#2525 = DIRECTION ( 'NONE',  ( 0.000000000000000000, 0.000000000000000000, 1.000000000000000000 ) ) ;
#2526 = CARTESIAN_POINT ( 'NONE',  ( -2.999999999999999112, -5.000000000000001776, 2.499999999999999556 ) ) ;
#2527 = EDGE_LOOP ( 'NONE', ( #8044, #7217, #1738, #5691 ) ) ;
#2528 = EDGE_CURVE ( 'NONE', #3430, #1531, #7459, .T. ) ;
#2529 = AXIS2_PLACEMENT_3D ( 'NONE', #5552, #6790, #2281 ) ;
#2530 = EDGE_CURVE ( 'NONE', #1813, #7130, #5622, .T. ) ;
#2531 = CARTESIAN_POINT ( 'NONE',  ( -2.999999999999999112, -4.000000000000001776, -6.500000000000000000 ) ) ;
#2532 = EDGE_CURVE ( 'NONE', #3444, #6305, #1052, .T. ) ;
#2533 = EDGE_CURVE ( 'NONE', #5000, #3414, #1122, .T. ) ;
#2534 = DIRECTION ( 'NONE',  ( 0.000000000000000000, 1.000000000000000000, 0.000000000000000000 ) ) ;
#2535 = DIRECTION ( 'NONE',  ( 0.000000000000000000, 0.000000000000000000, -1.000000000000000000 ) ) ;
#2536 = CIRCLE ( 'NONE', #1876, 3.999999999999996447 ) ;
#2537 = EDGE_CURVE ( 'NONE', #2502, #7632, #7963, .T. ) ;
#2538 = EDGE_LOOP ( 'NONE', ( #5314, #3826, #4803, #6349 ) ) ;
#2539 = DIRECTION ( 'NONE',  ( -0.000000000000000000, -1.000000000000000000, -0.000000000000000000 ) ) ;
#2540 = VERTEX_POINT ( 'NONE', #2884 ) ;
#2541 = AXIS2_PLACEMENT_3D ( 'NONE', #5196, #3992, #6520 ) ;
#2542 = ORIENTED_EDGE ( 'NONE', *, *, #5207, .F. ) ;
#2543 = EDGE_CURVE ( 'NONE', #5322, #794, #4737, .T. ) ;
#2544 = DIRECTION ( 'NONE',  ( 1.000000000000000000, 0.000000000000000000, 0.000000000000000000 ) ) ;
#2545 = CARTESIAN_POINT ( 'NONE',  ( 131.0000000000000000, -1.000000000000000000, -4.500000000000000888 ) ) ;
#2546 = CIRCLE ( 'NONE', #7156, 5.000000000000000000 ) ;
#2547 = VERTEX_POINT ( 'NONE', #4829 ) ;
#2548 = VERTEX_POINT ( 'NONE', #7226 ) ;
#2549 = CYLINDRICAL_SURFACE ( 'NONE', #6406, 1.649999999999998579 ) ;
#2550 = ORIENTED_EDGE ( 'NONE', *, *, #8190, .T. ) ;
#2551 = ORIENTED_EDGE ( 'NONE', *, *, #2888, .T. ) ;
#2552 = AXIS2_PLACEMENT_3D ( 'NONE', #6690, #5402, #1685 ) ;
#2553 = TOROIDAL_SURFACE ( 'NONE', #6651, 4.500000000000000888, 0.5000000000000000000 ) ;
#2554 = DIRECTION ( 'NONE',  ( 0.000000000000000000, 0.000000000000000000, -1.000000000000000000 ) ) ;
#2555 = DIRECTION ( 'NONE',  ( 0.000000000000000000, 0.000000000000000000, 1.000000000000000000 ) ) ;
#2556 = DIRECTION ( 'NONE',  ( 0.000000000000000000, 0.000000000000000000, 1.000000000000000000 ) ) ;
#2557 = VECTOR ( 'NONE', #7692, 1000.000000000000000 ) ;
#2558 = DIRECTION ( 'NONE',  ( -1.000000000000000000, 0.000000000000000000, -0.000000000000000000 ) ) ;
#2559 = ORIENTED_EDGE ( 'NONE', *, *, #47, .T. ) ;
#2560 = CARTESIAN_POINT ( 'NONE',  ( -82.47435829652697237, -1.000000000000000000, -3.142857142857147679 ) ) ;
#2561 = ORIENTED_EDGE ( 'NONE', *, *, #94, .T. ) ;
#2562 = CARTESIAN_POINT ( 'NONE',  ( 37.50000000000000711, -2.299999999999998934, 0.000000000000000000 ) ) ;
#2563 = CARTESIAN_POINT ( 'NONE',  ( -121.1270166537925803, -1.000000000000000000, -1.000000000000000000 ) ) ;
#2564 = DIRECTION ( 'NONE',  ( 0.000000000000000000, 0.000000000000000000, 1.000000000000000000 ) ) ;
#2565 = VECTOR ( 'NONE', #1283, 1000.000000000000000 ) ;
#2566 = CARTESIAN_POINT ( 'NONE',  ( 4.000000000000000000, 2.499999999999999556, -3.999999999999998224 ) ) ;
#2567 = AXIS2_PLACEMENT_3D ( 'NONE', #3753, #5810, #765 ) ;
#2568 = CARTESIAN_POINT ( 'NONE',  ( 131.0000000000000000, -1.500000000000000000, 0.000000000000000000 ) ) ;
#2569 = LINE ( 'NONE', #7494, #3138 ) ;
#2570 = CIRCLE ( 'NONE', #3633, 3.750000000000006217 ) ;
#2571 = DIRECTION ( 'NONE',  ( 0.000000000000000000, -1.000000000000000000, 0.000000000000000000 ) ) ;
#2572 = ORIENTED_EDGE ( 'NONE', *, *, #3985, .T. ) ;
#2573 = AXIS2_PLACEMENT_3D ( 'NONE', #3279, #7034, #5917 ) ;
#2574 = CARTESIAN_POINT ( 'NONE',  ( 37.50000000000000711, -1.000000000000000000, -1.500000000000000000 ) ) ;
#2575 = CARTESIAN_POINT ( 'NONE',  ( 11.45916822632739418, -0.5561812886132310174, -6.500000000000001776 ) ) ;
#2576 = AXIS2_PLACEMENT_3D ( 'NONE', #7478, #5576, #4406 ) ;
#2577 = VECTOR ( 'NONE', #333, 1000.000000000000000 ) ;
#2578 = DIRECTION ( 'NONE',  ( -0.000000000000000000, 1.000000000000000000, -0.000000000000000000 ) ) ;
#2579 = EDGE_CURVE ( 'NONE', #6054, #7513, #1692, .T. ) ;
#2580 = ADVANCED_FACE ( 'NONE', ( #1596 ), #2969, .T. ) ;
#2581 = AXIS2_PLACEMENT_3D ( 'NONE', #7376, #2873, #4196 ) ;
#2582 = ORIENTED_EDGE ( 'NONE', *, *, #3464, .T. ) ;
#2583 = FACE_OUTER_BOUND ( 'NONE', #15, .T. ) ;
#2584 = ORIENTED_EDGE ( 'NONE', *, *, #4403, .T. ) ;
#2585 = ORIENTED_EDGE ( 'NONE', *, *, #2438, .T. ) ;
#2586 = DIRECTION ( 'NONE',  ( 0.000000000000000000, 0.000000000000000000, 1.000000000000000000 ) ) ;
#2587 = EDGE_CURVE ( 'NONE', #5947, #7504, #7199, .T. ) ;
#2588 = DIRECTION ( 'NONE',  ( -0.000000000000000000, 1.000000000000000000, -0.000000000000000000 ) ) ;
#2589 = VERTEX_POINT ( 'NONE', #4079 ) ;
#2590 = EDGE_CURVE ( 'NONE', #3587, #7269, #465, .T. ) ;
#2591 = EDGE_CURVE ( 'NONE', #5121, #7596, #6512, .T. ) ;
#2592 = VERTEX_POINT ( 'NONE', #3468 ) ;
#2593 = LINE ( 'NONE', #5187, #3238 ) ;
#2594 = ORIENTED_EDGE ( 'NONE', *, *, #6427, .F. ) ;
#2595 = VERTEX_POINT ( 'NONE', #6158 ) ;
#2596 = CARTESIAN_POINT ( 'NONE',  ( -129.5000000000000000, 6.500000000000000000, 6.500000000000000000 ) ) ;
#2597 = EDGE_CURVE ( 'NONE', #1339, #3237, #1788, .T. ) ;
#2598 = CARTESIAN_POINT ( 'NONE',  ( -131.5000000000000000, -0.9680047534409845778, -1.282266899140995342 ) ) ;
#2599 = DIRECTION ( 'NONE',  ( -4.336808689942017736E-16, -1.000000000000000000, 0.000000000000000000 ) ) ;
#2600 = DIRECTION ( 'NONE',  ( 0.000000000000000000, 0.000000000000000000, -1.000000000000000000 ) ) ;
#2601 = ORIENTED_EDGE ( 'NONE', *, *, #6162, .F. ) ;
#2602 = DIRECTION ( 'NONE',  ( -0.000000000000000000, 1.000000000000000000, -0.000000000000000000 ) ) ;
#2603 = VERTEX_POINT ( 'NONE', #7304 ) ;
#2604 = DIRECTION ( 'NONE',  ( -0.000000000000000000, -0.000000000000000000, 1.000000000000000000 ) ) ;
#2605 = DIRECTION ( 'NONE',  ( -0.000000000000000000, -0.000000000000000000, 1.000000000000000000 ) ) ;
#2606 = EDGE_CURVE ( 'NONE', #8155, #561, #2800, .T. ) ;
#2607 = LINE ( 'NONE', #7025, #43 ) ;
#2608 = EDGE_CURVE ( 'NONE', #1374, #2275, #6870, .T. ) ;
#2609 = CARTESIAN_POINT ( 'NONE',  ( -88.66025403784438197, -1.000000000000000000, 11.00000000000000000 ) ) ;
#2610 = CARTESIAN_POINT ( 'NONE',  ( 131.0000000000000000, -1.000000000000000000, 0.5418045322075886183 ) ) ;
#2611 = CARTESIAN_POINT ( 'NONE',  ( 5.000000000000000000, -2.499999999999999556, 0.000000000000000000 ) ) ;
#2612 = VERTEX_POINT ( 'NONE', #5446 ) ;
#2613 = DIRECTION ( 'NONE',  ( -0.000000000000000000, -1.000000000000000000, -0.000000000000000000 ) ) ;
#2614 = ADVANCED_FACE ( 'NONE', ( #2263 ), #1216, .F. ) ;
#2615 = CARTESIAN_POINT ( 'NONE',  ( -23.55047706695932064, -0.5000000000000000000, 11.00000000000000000 ) ) ;
#2616 = CARTESIAN_POINT ( 'NONE',  ( -5.999999999999999112, -4.000000000000000000, -2.499999999999999556 ) ) ;
#2617 = DIRECTION ( 'NONE',  ( 0.000000000000000000, 1.000000000000000000, 0.000000000000000000 ) ) ;
#2618 = ORIENTED_EDGE ( 'NONE', *, *, #6472, .T. ) ;
#2619 = CARTESIAN_POINT ( 'NONE',  ( 80.00000000000000000, 6.500000000000000000, 0.000000000000000000 ) ) ;
#2620 = ORIENTED_EDGE ( 'NONE', *, *, #2128, .F. ) ;
#2621 = EDGE_LOOP ( 'NONE', ( #2271, #7600, #5544, #6308 ) ) ;
#2622 = CARTESIAN_POINT ( 'NONE',  ( -23.55047706695932064, -1.000000000000000000, -1.000000000000000000 ) ) ;
#2623 = CARTESIAN_POINT ( 'NONE',  ( -131.5000000000000000, -1.500000000000000000, 0.9999999999999995559 ) ) ;
#2624 = CIRCLE ( 'NONE', #8019, 4.500000000000003553 ) ;
#2625 = ORIENTED_EDGE ( 'NONE', *, *, #4556, .T. ) ;
#2626 = ORIENTED_EDGE ( 'NONE', *, *, #458, .F. ) ;
#2627 = CARTESIAN_POINT ( 'NONE',  ( 125.0000000000000000, -2.299999999999998934, 1.649999999999998579 ) ) ;
#2628 = ORIENTED_EDGE ( 'NONE', *, *, #7535, .F. ) ;
#2629 = ORIENTED_EDGE ( 'NONE', *, *, #1688, .T. ) ;
#2630 = ADVANCED_FACE ( 'NONE', ( #5620, #1142 ), #3708, .F. ) ;
#2631 = DIRECTION ( 'NONE',  ( 0.000000000000000000, 1.000000000000000000, 0.000000000000000000 ) ) ;
#2632 = ADVANCED_FACE ( 'NONE', ( #6934 ), #2549, .F. ) ;
#2633 = EDGE_CURVE ( 'NONE', #6837, #6587, #3747, .T. ) ;
#2634 = LINE ( 'NONE', #4531, #1219 ) ;
#2635 = DIRECTION ( 'NONE',  ( -0.000000000000000000, 0.000000000000000000, 1.000000000000000000 ) ) ;
#2636 = CARTESIAN_POINT ( 'NONE',  ( -131.1462354366582019, 6.500000000000000000, -1.101118581567377408 ) ) ;
#2637 = VERTEX_POINT ( 'NONE', #6279 ) ;
#2638 = EDGE_CURVE ( 'NONE', #6782, #3177, #3641, .T. ) ;
#2639 = CARTESIAN_POINT ( 'NONE',  ( -131.1286272749443924, -0.7567548106320051149, 1.175418783283037172 ) ) ;
#2640 = ORIENTED_EDGE ( 'NONE', *, *, #759, .T. ) ;
#2641 = EDGE_CURVE ( 'NONE', #2353, #5070, #985, .T. ) ;
#2642 = FACE_OUTER_BOUND ( 'NONE', #3736, .T. ) ;
#2643 = DIRECTION ( 'NONE',  ( 0.000000000000000000, 1.000000000000000000, 0.000000000000000000 ) ) ;
#2644 = CARTESIAN_POINT ( 'NONE',  ( 131.0647483366694246, -0.5657800663285323939, 1.037594460401519703 ) ) ;
#2645 = CARTESIAN_POINT ( 'NONE',  ( 118.2917960675006412, -1.000000000000000000, 6.000000000000000000 ) ) ;
#2646 = ORIENTED_EDGE ( 'NONE', *, *, #6067, .T. ) ;
#2647 = CARTESIAN_POINT ( 'NONE',  ( 131.0000000000000000, -1.000000000000000000, -1.552214998774828825 ) ) ;
#2648 = CIRCLE ( 'NONE', #3439, 5.000000000000000000 ) ;
#2649 = CARTESIAN_POINT ( 'NONE',  ( -131.0000000000000000, -0.5000000000000000000, 0.6229813658380628505 ) ) ;
#2650 = ORIENTED_EDGE ( 'NONE', *, *, #6337, .F. ) ;
#2651 = DIRECTION ( 'NONE',  ( -0.000000000000000000, -1.000000000000000000, -0.000000000000000000 ) ) ;
#2652 = AXIS2_PLACEMENT_3D ( 'NONE', #5172, #7696, #2043 ) ;
#2653 = DIRECTION ( 'NONE',  ( 0.000000000000000000, 0.000000000000000000, 1.000000000000000000 ) ) ;
#2654 = CIRCLE ( 'NONE', #131, 1.000000000000000000 ) ;
#2655 = DIRECTION ( 'NONE',  ( 1.000000000000000000, -2.168404344971008868E-16, 0.000000000000000000 ) ) ;
#2656 = CARTESIAN_POINT ( 'NONE',  ( 6.999999999999999112, 2.499999999999999556, 5.000000000000002665 ) ) ;
#2657 = CIRCLE ( 'NONE', #5434, 5.000000000000000000 ) ;
#2658 = DIRECTION ( 'NONE',  ( -0.000000000000000000, 0.000000000000000000, 1.000000000000000000 ) ) ;
#2659 = VERTEX_POINT ( 'NONE', #5067 ) ;
#2660 = ADVANCED_FACE ( 'NONE', ( #6193 ), #3089, .F. ) ;
#2661 = ORIENTED_EDGE ( 'NONE', *, *, #5626, .F. ) ;
#2662 = LINE ( 'NONE', #2622, #2695 ) ;
#2663 = CARTESIAN_POINT ( 'NONE',  ( 5.999999999999999112, -6.500000000000000000, -4.999999999999997335 ) ) ;
#2664 = CIRCLE ( 'NONE', #6235, 1.649999999999998579 ) ;
#2665 = DIRECTION ( 'NONE',  ( -0.000000000000000000, 1.000000000000000000, -0.000000000000000000 ) ) ;
#2666 = ORIENTED_EDGE ( 'NONE', *, *, #3478, .T. ) ;
#2667 = VECTOR ( 'NONE', #6730, 1000.000000000000000 ) ;
#2668 = DIRECTION ( 'NONE',  ( 5.551115123125782702E-15, 0.000000000000000000, 1.000000000000000000 ) ) ;
#2669 = ORIENTED_EDGE ( 'NONE', *, *, #2739, .F. ) ;
#2670 = CIRCLE ( 'NONE', #5584, 4.500000000000003553 ) ;
#2671 = ORIENTED_EDGE ( 'NONE', *, *, #5533, .T. ) ;
#2672 = DIRECTION ( 'NONE',  ( -0.000000000000000000, 1.000000000000000000, 0.000000000000000000 ) ) ;
#2673 = CARTESIAN_POINT ( 'NONE',  ( -131.5000000000000000, -1.000000000000007994, -1.673907284147955199 ) ) ;
#2674 = DIRECTION ( 'NONE',  ( 0.000000000000000000, 1.000000000000000000, 0.000000000000000000 ) ) ;
#2675 = DIRECTION ( 'NONE',  ( -0.000000000000000000, 1.000000000000000000, -0.000000000000000000 ) ) ;
#2676 = EDGE_CURVE ( 'NONE', #5790, #2949, #2476, .T. ) ;
#2677 = ORIENTED_EDGE ( 'NONE', *, *, #77, .T. ) ;
#2678 = EDGE_CURVE ( 'NONE', #3762, #725, #4820, .T. ) ;
#2679 = AXIS2_PLACEMENT_3D ( 'NONE', #1146, #6287, #7516 ) ;
#2680 = EDGE_CURVE ( 'NONE', #7213, #2320, #5489, .T. ) ;
#2681 = CARTESIAN_POINT ( 'NONE',  ( -131.5000000000000000, -1.016907799516735267, 1.351759074129459837 ) ) ;
#2682 = ORIENTED_EDGE ( 'NONE', *, *, #104, .F. ) ;
#2683 = VECTOR ( 'NONE', #2210, 1000.000000000000000 ) ;
#2684 = DIRECTION ( 'NONE',  ( -1.000000000000000000, 0.000000000000000000, 0.000000000000000000 ) ) ;
#2685 = CARTESIAN_POINT ( 'NONE',  ( -80.00000000000000000, -0.5000000000000000000, 0.000000000000000000 ) ) ;
#2686 = CARTESIAN_POINT ( 'NONE',  ( -6.999999999999999112, 4.000000000000000888, -2.499999999999999556 ) ) ;
#2687 = AXIS2_PLACEMENT_3D ( 'NONE', #7172, #4036, #351 ) ;
#2688 = EDGE_CURVE ( 'NONE', #6461, #7088, #1378, .T. ) ;
#2689 = VECTOR ( 'NONE', #7451, 1000.000000000000000 ) ;
#2690 = CARTESIAN_POINT ( 'NONE',  ( -125.0000000000000000, 6.500000000000000000, 0.000000000000000000 ) ) ;
#2691 = ORIENTED_EDGE ( 'NONE', *, *, #5715, .T. ) ;
#2692 = CARTESIAN_POINT ( 'NONE',  ( -80.00000000000000000, 6.500000000000000000, -1.649999999999998579 ) ) ;
#2693 = EDGE_CURVE ( 'NONE', #5374, #3492, #1922, .T. ) ;
#2694 = CARTESIAN_POINT ( 'NONE',  ( 84.50000000000000000, -6.500000000000000000, 5.000000000000000000 ) ) ;
#2695 = VECTOR ( 'NONE', #90, 1000.000000000000000 ) ;
#2696 = ORIENTED_EDGE ( 'NONE', *, *, #7222, .T. ) ;
#2697 = AXIS2_PLACEMENT_3D ( 'NONE', #4313, #2414, #4886 ) ;
#2698 = PLANE ( 'NONE',  #189 ) ;
#2699 = AXIS2_PLACEMENT_3D ( 'NONE', #613, #1729, #3711 ) ;
#2700 = CARTESIAN_POINT ( 'NONE',  ( 129.5000000000000000, -6.500000000000000000, -6.500000000000000000 ) ) ;
#2701 = VECTOR ( 'NONE', #38, 1000.000000000000000 ) ;
#2702 = LINE ( 'NONE', #5174, #6275 ) ;
#2703 = CARTESIAN_POINT ( 'NONE',  ( 2.999999999999999556, -6.500000000000000000, 1.887458608817687011 ) ) ;
#2704 = VECTOR ( 'NONE', #5818, 1000.000000000000000 ) ;
#2705 = CIRCLE ( 'NONE', #7323, 1.000000000000000000 ) ;
#2706 = DIRECTION ( 'NONE',  ( 1.000000000000000000, 0.000000000000000000, 0.000000000000000000 ) ) ;
#2707 = ORIENTED_EDGE ( 'NONE', *, *, #6875, .T. ) ;
#2708 = CIRCLE ( 'NONE', #2182, 1.649999999999998579 ) ;
#2709 = ORIENTED_EDGE ( 'NONE', *, *, #2511, .F. ) ;
#2710 = AXIS2_PLACEMENT_3D ( 'NONE', #4483, #7631, #5234 ) ;
#2711 = CARTESIAN_POINT ( 'NONE',  ( -80.00000000000000000, 6.500000000000000000, 0.000000000000000000 ) ) ;
#2712 = AXIS2_PLACEMENT_3D ( 'NONE', #1321, #5257, #818 ) ;
#2713 = AXIS2_PLACEMENT_3D ( 'NONE', #44, #8158, #3730 ) ;
#2714 = ORIENTED_EDGE ( 'NONE', *, *, #1525, .T. ) ;
#2715 = ORIENTED_EDGE ( 'NONE', *, *, #4145, .F. ) ;
#2716 = CYLINDRICAL_SURFACE ( 'NONE', #6677, 9.999999999999998224 ) ;
#2717 = ORIENTED_EDGE ( 'NONE', *, *, #3464, .F. ) ;
#2718 = VECTOR ( 'NONE', #6556, 1000.000000000000000 ) ;
#2719 = CIRCLE ( 'NONE', #6936, 3.750000000000006217 ) ;
#2720 = ORIENTED_EDGE ( 'NONE', *, *, #5057, .F. ) ;
#2721 = DIRECTION ( 'NONE',  ( 0.000000000000000000, 0.000000000000000000, -1.000000000000000000 ) ) ;
#2722 = CARTESIAN_POINT ( 'NONE',  ( -131.5000000000000000, -0.7688848446549199078, -0.6518849969908580011 ) ) ;
#2723 = CARTESIAN_POINT ( 'NONE',  ( -120.0000000000000000, -6.500000000000000000, -4.999999999999999112 ) ) ;
#2724 = DIRECTION ( 'NONE',  ( 0.000000000000000000, 0.000000000000000000, 1.000000000000000000 ) ) ;
#2725 = ORIENTED_EDGE ( 'NONE', *, *, #905, .T. ) ;
#2726 = CARTESIAN_POINT ( 'NONE',  ( -131.5000000000000000, -1.499999966761740078, 1.405434475578766218 ) ) ;
#2727 = ORIENTED_EDGE ( 'NONE', *, *, #557, .F. ) ;
#2728 = CARTESIAN_POINT ( 'NONE',  ( 80.00000000000000000, -6.500000000000000000, 0.000000000000000000 ) ) ;
#2729 = CARTESIAN_POINT ( 'NONE',  ( 131.0578516661569495, -0.7531371567921246735, 1.102878825100961802 ) ) ;
#2730 = ADVANCED_FACE ( 'NONE', ( #2508 ), #4329, .T. ) ;
#2731 = VECTOR ( 'NONE', #4018, 1000.000000000000000 ) ;
#2732 = DIRECTION ( 'NONE',  ( -6.167905692361976222E-15, 0.000000000000000000, 1.000000000000000000 ) ) ;
#2733 = EDGE_LOOP ( 'NONE', ( #3787, #8132, #3800, #1937 ) ) ;
#2734 = DIRECTION ( 'NONE',  ( 0.000000000000000000, 1.000000000000000000, 0.000000000000000000 ) ) ;
#2735 = PLANE ( 'NONE',  #6131 ) ;
#2736 = ORIENTED_EDGE ( 'NONE', *, *, #5795, .T. ) ;
#2737 = DIRECTION ( 'NONE',  ( 0.000000000000000000, 0.000000000000000000, -1.000000000000000000 ) ) ;
#2738 = EDGE_CURVE ( 'NONE', #7269, #3563, #5026, .T. ) ;
#2739 = EDGE_CURVE ( 'NONE', #7528, #2603, #4686, .T. ) ;
#2740 = ADVANCED_FACE ( 'NONE', ( #6852 ), #4994, .F. ) ;
#2741 = DIRECTION ( 'NONE',  ( -0.000000000000000000, 0.000000000000000000, 1.000000000000000000 ) ) ;
#2742 = CARTESIAN_POINT ( 'NONE',  ( 114.9999999999999858, -2.999999999999999556, 0.000000000000000000 ) ) ;
#2743 = AXIS2_PLACEMENT_3D ( 'NONE', #2610, #7526, #3725 ) ;
#2744 = PLANE ( 'NONE',  #5237 ) ;
#2745 = DIRECTION ( 'NONE',  ( 0.000000000000000000, 0.000000000000000000, -1.000000000000000000 ) ) ;
#2746 = FACE_OUTER_BOUND ( 'NONE', #6842, .T. ) ;
#2747 = ADVANCED_FACE ( 'NONE', ( #8048 ), #8168, .T. ) ;
#2748 = EDGE_LOOP ( 'NONE', ( #3367, #868, #4641, #8073 ) ) ;
#2749 = ORIENTED_EDGE ( 'NONE', *, *, #2513, .F. ) ;
#2750 = DIRECTION ( 'NONE',  ( 0.000000000000000000, 0.000000000000000000, 1.000000000000000000 ) ) ;
#2751 = DIRECTION ( 'NONE',  ( -0.000000000000000000, 1.000000000000000000, -0.000000000000000000 ) ) ;
#2752 = EDGE_LOOP ( 'NONE', ( #7096, #6676, #3012, #1215 ) ) ;
#2753 = DIRECTION ( 'NONE',  ( 0.000000000000000000, 0.000000000000000000, 1.000000000000000000 ) ) ;
#2754 = ORIENTED_EDGE ( 'NONE', *, *, #1119, .F. ) ;
#2755 = ORIENTED_EDGE ( 'NONE', *, *, #7659, .F. ) ;
#2756 = DIRECTION ( 'NONE',  ( 0.000000000000000000, 0.000000000000000000, 1.000000000000000000 ) ) ;
#2757 = CIRCLE ( 'NONE', #1561, 9.499999999999998224 ) ;
#2758 = CARTESIAN_POINT ( 'NONE',  ( -131.0000000000000000, -1.000000000000007994, -1.673907284147954977 ) ) ;
#2759 = CARTESIAN_POINT ( 'NONE',  ( 131.0647483393212553, -0.5000000000000000000, -1.037594460055199619 ) ) ;
#2760 = LINE ( 'NONE', #685, #16 ) ;
#2761 = VERTEX_POINT ( 'NONE', #7667 ) ;
#2762 = CARTESIAN_POINT ( 'NONE',  ( 3.000000000000000444, 2.499999999999999556, -1.887458608817687455 ) ) ;
#2763 = ORIENTED_EDGE ( 'NONE', *, *, #6434, .F. ) ;
#2764 = DIRECTION ( 'NONE',  ( -0.000000000000000000, 1.000000000000000000, -0.000000000000000000 ) ) ;
#2765 = EDGE_CURVE ( 'NONE', #3123, #5839, #594, .T. ) ;
#2766 = DIRECTION ( 'NONE',  ( 0.000000000000000000, 1.000000000000000000, 0.000000000000000000 ) ) ;
#2767 = CARTESIAN_POINT ( 'NONE',  ( 37.50000000000000711, -0.5000000000000000000, 4.500000000000003553 ) ) ;
#2768 = DIRECTION ( 'NONE',  ( 0.000000000000000000, 0.000000000000000000, 1.000000000000000000 ) ) ;
#2769 = ORIENTED_EDGE ( 'NONE', *, *, #6970, .F. ) ;
#2770 = CARTESIAN_POINT ( 'NONE',  ( -134.0709441698225248, -0.5000000000000000000, 10.66386289615367033 ) ) ;
#2771 = ORIENTED_EDGE ( 'NONE', *, *, #2590, .T. ) ;
#2772 = CARTESIAN_POINT ( 'NONE',  ( 89.50000000000001421, -2.999999999999999556, 5.000000000000000000 ) ) ;
#2773 = ORIENTED_EDGE ( 'NONE', *, *, #852, .T. ) ;
#2774 = DIRECTION ( 'NONE',  ( 0.000000000000000000, 0.000000000000000000, 1.000000000000000000 ) ) ;
#2775 = LINE ( 'NONE', #3437, #675 ) ;
#2776 = DIRECTION ( 'NONE',  ( -0.000000000000000000, 1.000000000000000000, -0.000000000000000000 ) ) ;
#2777 = CARTESIAN_POINT ( 'NONE',  ( -14.88353341484579140, -1.062284658446409624, -6.500000000000000000 ) ) ;
#2778 = ADVANCED_FACE ( 'NONE', ( #837 ), #7710, .T. ) ;
#2779 = EDGE_CURVE ( 'NONE', #7130, #2851, #6281, .T. ) ;
#2780 = LINE ( 'NONE', #7903, #1770 ) ;
#2781 = CARTESIAN_POINT ( 'NONE',  ( 11.19432624775223495, -0.5000000000000000000, -6.500000000000000888 ) ) ;
#2782 = EDGE_CURVE ( 'NONE', #6782, #3949, #2184, .T. ) ;
#2783 = EDGE_LOOP ( 'NONE', ( #5233, #715, #2165, #3004 ) ) ;
#2784 = ORIENTED_EDGE ( 'NONE', *, *, #682, .F. ) ;
#2785 = CARTESIAN_POINT ( 'NONE',  ( -80.00000000000000000, -2.299999999999998934, -1.649999999999998579 ) ) ;
#2786 = ADVANCED_FACE ( 'NONE', ( #7129 ), #3375, .T. ) ;
#2787 = DIRECTION ( 'NONE',  ( 0.000000000000000000, 0.000000000000000000, -1.000000000000000000 ) ) ;
#2788 = TOROIDAL_SURFACE ( 'NONE', #2127, 4.500000000000003553, 0.5000000000000000000 ) ;
#2789 = ORIENTED_EDGE ( 'NONE', *, *, #7643, .F. ) ;
#2790 = CARTESIAN_POINT ( 'NONE',  ( -6.999999999999999112, -5.000000000000000000, -2.499999999999999556 ) ) ;
#2791 = EDGE_CURVE ( 'NONE', #941, #8008, #7009, .T. ) ;
#2792 = ORIENTED_EDGE ( 'NONE', *, *, #2286, .T. ) ;
#2793 = VERTEX_POINT ( 'NONE', #2627 ) ;
#2794 = CIRCLE ( 'NONE', #2265, 1.649999999999998579 ) ;
#2795 = CARTESIAN_POINT ( 'NONE',  ( 37.50000000000000711, -1.000000000000000000, 0.000000000000000000 ) ) ;
#2796 = CARTESIAN_POINT ( 'NONE',  ( -82.47435829652697237, 6.500000000000000000, 3.142857142857148567 ) ) ;
#2797 = CARTESIAN_POINT ( 'NONE',  ( 80.00000000000000000, -1.000000000000000000, 4.500000000000003553 ) ) ;
#2798 = ORIENTED_EDGE ( 'NONE', *, *, #7515, .T. ) ;
#2799 = CIRCLE ( 'NONE', #4772, 1.000000000000000000 ) ;
#2800 = LINE ( 'NONE', #7883, #7328 ) ;
#2801 = ORIENTED_EDGE ( 'NONE', *, *, #6768, .F. ) ;
#2802 = CARTESIAN_POINT ( 'NONE',  ( 114.9999999999999858, -2.999999999999999556, 0.000000000000000000 ) ) ;
#2803 = LINE ( 'NONE', #935, #6249 ) ;
#2804 = VECTOR ( 'NONE', #1772, 1000.000000000000000 ) ;
#2805 = CARTESIAN_POINT ( 'NONE',  ( -131.0000000000000000, -1.000000000000000000, -1.673907284147943431 ) ) ;
#2806 = EDGE_LOOP ( 'NONE', ( #7839, #3709 ) ) ;
#2807 = DIRECTION ( 'NONE',  ( -0.000000000000000000, -1.000000000000000000, -0.000000000000000000 ) ) ;
#2808 = EDGE_LOOP ( 'NONE', ( #1800, #2234, #2109, #7184 ) ) ;
#2809 = VECTOR ( 'NONE', #8108, 1000.000000000000000 ) ;
#2810 = LINE ( 'NONE', #1437, #7054 ) ;
#2811 = ORIENTED_EDGE ( 'NONE', *, *, #5442, .F. ) ;
#2812 = DIRECTION ( 'NONE',  ( 0.000000000000000000, 0.000000000000000000, -1.000000000000000000 ) ) ;
#2813 = CIRCLE ( 'NONE', #1761, 2.000000000000000000 ) ;
#2814 = VECTOR ( 'NONE', #7348, 1000.000000000000000 ) ;
#2815 = DIRECTION ( 'NONE',  ( 0.000000000000000000, 1.000000000000000000, 0.000000000000000000 ) ) ;
#2816 = CARTESIAN_POINT ( 'NONE',  ( -12.47304760810558477, -0.6125902684628043993, -6.500000000000003553 ) ) ;
#2817 = CARTESIAN_POINT ( 'NONE',  ( 30.79179606750063058, 6.500000000000000000, 1.000000000000000000 ) ) ;
#2818 = AXIS2_PLACEMENT_3D ( 'NONE', #4500, #76, #2107 ) ;
#2819 = FACE_OUTER_BOUND ( 'NONE', #1077, .T. ) ;
#2820 = CIRCLE ( 'NONE', #969, 3.750000000000006217 ) ;
#2821 = LINE ( 'NONE', #5350, #306 ) ;
#2822 = CARTESIAN_POINT ( 'NONE',  ( -131.5000000000000000, -1.499999999999999556, -1.538556162810554406 ) ) ;
#2823 = ORIENTED_EDGE ( 'NONE', *, *, #5220, .F. ) ;
#2824 = CARTESIAN_POINT ( 'NONE',  ( -2.999999999999999112, -5.000000000000001776, -2.499999999999999556 ) ) ;
#2825 = EDGE_LOOP ( 'NONE', ( #5776, #7293, #1320, #7994 ) ) ;
#2826 = AXIS2_PLACEMENT_3D ( 'NONE', #2451, #2365, #5458 ) ;
#2827 = DIRECTION ( 'NONE',  ( 0.000000000000000000, 1.000000000000000000, 0.000000000000000000 ) ) ;
#2828 = EDGE_CURVE ( 'NONE', #7624, #1764, #3982, .T. ) ;
#2829 = EDGE_CURVE ( 'NONE', #65, #780, #762, .T. ) ;
#2830 = CIRCLE ( 'NONE', #3885, 0.5000000000000004441 ) ;
#2831 = CIRCLE ( 'NONE', #4019, 0.5000000000000000000 ) ;
#2832 = LINE ( 'NONE', #879, #5480 ) ;
#2833 = ORIENTED_EDGE ( 'NONE', *, *, #5365, .F. ) ;
#2834 = CYLINDRICAL_SURFACE ( 'NONE', #3512, 5.000000000000000000 ) ;
#2835 = ORIENTED_EDGE ( 'NONE', *, *, #4159, .T. ) ;
#2836 = VECTOR ( 'NONE', #5327, 1000.000000000000000 ) ;
#2837 = AXIS2_PLACEMENT_3D ( 'NONE', #508, #3574, #2418 ) ;
#2838 = VERTEX_POINT ( 'NONE', #7052 ) ;
#2839 = EDGE_CURVE ( 'NONE', #5729, #1690, #2593, .T. ) ;
#2840 = VECTOR ( 'NONE', #7352, 1000.000000000000000 ) ;
#2841 = VECTOR ( 'NONE', #6838, 1000.000000000000000 ) ;
#2842 = CARTESIAN_POINT ( 'NONE',  ( 131.5000000000000000, -1.500000000000000000, 4.500000000000000000 ) ) ;
#2843 = CARTESIAN_POINT ( 'NONE',  ( -2.999999999999999112, -5.000000000000001776, -6.500000000000000000 ) ) ;
#2844 = EDGE_CURVE ( 'NONE', #7271, #6017, #7848, .T. ) ;
#2845 = DIRECTION ( 'NONE',  ( -0.000000000000000000, 1.000000000000000000, -0.000000000000000000 ) ) ;
#2846 = ADVANCED_FACE ( 'NONE', ( #3947 ), #7864, .F. ) ;
#2847 = FACE_OUTER_BOUND ( 'NONE', #2494, .T. ) ;
#2848 = AXIS2_PLACEMENT_3D ( 'NONE', #4616, #2106, #5865 ) ;
#2849 = ORIENTED_EDGE ( 'NONE', *, *, #7859, .F. ) ;
#2850 = CARTESIAN_POINT ( 'NONE',  ( 80.00000000000000000, -0.5000000000000000000, 0.000000000000000000 ) ) ;
#2851 = VERTEX_POINT ( 'NONE', #5145 ) ;
#2852 = ADVANCED_FACE ( 'NONE', ( #7095 ), #6437, .F. ) ;
#2853 = CARTESIAN_POINT ( 'NONE',  ( -131.1462354366582019, -1.000000000000000000, -1.101118581567377408 ) ) ;
#2854 = AXIS2_PLACEMENT_3D ( 'NONE', #7583, #7087, #2048 ) ;
#2855 = CARTESIAN_POINT ( 'NONE',  ( -11.94229030071541864, -0.4999999999999995559, 6.500000000000000000 ) ) ;
#2856 = DIRECTION ( 'NONE',  ( 0.000000000000000000, 0.000000000000000000, 1.000000000000000000 ) ) ;
#2857 = ORIENTED_EDGE ( 'NONE', *, *, #3142, .T. ) ;
#2858 = CARTESIAN_POINT ( 'NONE',  ( 2.999999999999999112, -2.499999999999999556, 5.000000000000002665 ) ) ;
#2859 = ORIENTED_EDGE ( 'NONE', *, *, #751, .F. ) ;
#2860 = CARTESIAN_POINT ( 'NONE',  ( 16.10598330011246659, -1.000000000000000000, -3.975000000000001865 ) ) ;
#2861 = EDGE_LOOP ( 'NONE', ( #6065, #2914, #6692, #358 ) ) ;
#2862 = CYLINDRICAL_SURFACE ( 'NONE', #5742, 4.999999999999999112 ) ;
#2863 = CARTESIAN_POINT ( 'NONE',  ( 118.2917960675006412, -0.5000000000000000000, 6.000000000000000000 ) ) ;
#2864 = LINE ( 'NONE', #5387, #3849 ) ;
#2865 = CARTESIAN_POINT ( 'NONE',  ( -12.19309590915782060, -0.6182303072292713031, -6.500000000000000000 ) ) ;
#2866 = CARTESIAN_POINT ( 'NONE',  ( 47.50000000000000000, -2.999999999999999556, 2.602085213965210642E-15 ) ) ;
#2867 = LINE ( 'NONE', #4758, #4143 ) ;
#2868 = VERTEX_POINT ( 'NONE', #3327 ) ;
#2869 = SURFACE_STYLE_FILL_AREA ( #3571 ) ;
#2870 = EDGE_LOOP ( 'NONE', ( #5474, #5280, #8047, #1261 ) ) ;
#2871 = EDGE_CURVE ( 'NONE', #4278, #7089, #2062, .T. ) ;
#2872 = DIRECTION ( 'NONE',  ( 1.000000000000000000, 0.000000000000000000, 0.000000000000000000 ) ) ;
#2873 = DIRECTION ( 'NONE',  ( 0.000000000000000000, 1.000000000000000000, 0.000000000000000000 ) ) ;
#2874 = ORIENTED_EDGE ( 'NONE', *, *, #4685, .T. ) ;
#2875 = CARTESIAN_POINT ( 'NONE',  ( -15.10456796088380216, -1.000000000000000000, 6.000000000000000000 ) ) ;
#2876 = ORIENTED_EDGE ( 'NONE', *, *, #4751, .F. ) ;
#2877 = EDGE_LOOP ( 'NONE', ( #5494, #4228, #2883, #1877 ) ) ;
#2878 = CARTESIAN_POINT ( 'NONE',  ( -3.999999999999999112, -5.000000000000000888, 2.499999999999999556 ) ) ;
#2879 = DIRECTION ( 'NONE',  ( 0.000000000000000000, 0.000000000000000000, 1.000000000000000000 ) ) ;
#2880 = ORIENTED_EDGE ( 'NONE', *, *, #6723, .T. ) ;
#2881 = DIRECTION ( 'NONE',  ( 0.000000000000000000, 0.000000000000000000, 1.000000000000000000 ) ) ;
#2882 = CYLINDRICAL_SURFACE ( 'NONE', #2253, 3.750000000000006217 ) ;
#2883 = ORIENTED_EDGE ( 'NONE', *, *, #3968, .F. ) ;
#2884 = CARTESIAN_POINT ( 'NONE',  ( 15.65946902262517071, 6.500000000000000000, 3.750000000000000888 ) ) ;
#2885 = ORIENTED_EDGE ( 'NONE', *, *, #610, .T. ) ;
#2886 = ADVANCED_FACE ( 'NONE', ( #678 ), #2716, .F. ) ;
#2887 = EDGE_CURVE ( 'NONE', #7213, #2399, #1336, .T. ) ;
#2888 = EDGE_CURVE ( 'NONE', #4730, #201, #3260, .T. ) ;
#2889 = DIRECTION ( 'NONE',  ( -0.000000000000000000, 1.000000000000000000, -0.000000000000000000 ) ) ;
#2890 = CARTESIAN_POINT ( 'NONE',  ( -14.05619448377942859, -0.9116743175033896751, 6.266279345187737881 ) ) ;
#2891 = EDGE_CURVE ( 'NONE', #1577, #2430, #5398, .T. ) ;
#2892 = DIRECTION ( 'NONE',  ( -1.000000000000000000, 0.000000000000000000, 0.000000000000000000 ) ) ;
#2893 = EDGE_LOOP ( 'NONE', ( #7484, #914, #235, #5931 ) ) ;
#2894 = CARTESIAN_POINT ( 'NONE',  ( 19.00000000000000355, -6.500000000000000000, 4.999999999999999112 ) ) ;
#2895 = ORIENTED_EDGE ( 'NONE', *, *, #3186, .T. ) ;
#2896 = CARTESIAN_POINT ( 'NONE',  ( 80.00000000000000000, -0.5000000000000000000, 0.000000000000000000 ) ) ;
#2897 = VERTEX_POINT ( 'NONE', #1631 ) ;
#2898 = EDGE_CURVE ( 'NONE', #10, #65, #331, .T. ) ;
#2899 = DIRECTION ( 'NONE',  ( 9.462128050782584868E-16, 0.000000000000000000, -1.000000000000000000 ) ) ;
#2900 = DIRECTION ( 'NONE',  ( -0.000000000000000000, 1.000000000000000000, -0.000000000000000000 ) ) ;
#2901 = DIRECTION ( 'NONE',  ( 1.301042606982605321E-16, 0.000000000000000000, -1.000000000000000000 ) ) ;
#2902 = DIRECTION ( 'NONE',  ( -0.000000000000000000, 1.000000000000000000, -0.000000000000000000 ) ) ;
#2903 = DIRECTION ( 'NONE',  ( 0.000000000000000000, 0.000000000000000000, -1.000000000000000000 ) ) ;
#2904 = PLANE ( 'NONE',  #7706 ) ;
#2905 = ORIENTED_EDGE ( 'NONE', *, *, #6465, .T. ) ;
#2906 = LINE ( 'NONE', #4022, #4534 ) ;
#2907 = ORIENTED_EDGE ( 'NONE', *, *, #5267, .F. ) ;
#2908 = DIRECTION ( 'NONE',  ( 0.000000000000000000, 0.000000000000000000, 1.000000000000000000 ) ) ;
#2909 = CARTESIAN_POINT ( 'NONE',  ( 2.999999999999999112, -6.500000000000000000, 4.000000000000002665 ) ) ;
#2910 = EDGE_CURVE ( 'NONE', #96, #1148, #3115, .T. ) ;
#2911 = ORIENTED_EDGE ( 'NONE', *, *, #3988, .F. ) ;
#2912 = CARTESIAN_POINT ( 'NONE',  ( 32.50000000000000000, -6.500000000000000000, -8.673617379884035472E-16 ) ) ;
#2913 = ORIENTED_EDGE ( 'NONE', *, *, #5223, .T. ) ;
#2914 = ORIENTED_EDGE ( 'NONE', *, *, #2279, .T. ) ;
#2915 = FACE_BOUND ( 'NONE', #877, .T. ) ;
#2916 = CARTESIAN_POINT ( 'NONE',  ( 125.0000000000000000, -1.000000000000000000, 0.000000000000000000 ) ) ;
#2917 = TOROIDAL_SURFACE ( 'NONE', #6356, 9.500000000000000000, 0.5000000000000000000 ) ;
#2918 = CARTESIAN_POINT ( 'NONE',  ( -131.5000000000000000, -6.500000000000000000, 6.500000000000000000 ) ) ;
#2919 = ORIENTED_EDGE ( 'NONE', *, *, #1201, .F. ) ;
#2920 = CARTESIAN_POINT ( 'NONE',  ( 37.50000000000000711, 6.500000000000000000, 0.000000000000000000 ) ) ;
#2921 = EDGE_LOOP ( 'NONE', ( #5337, #7397, #3570, #3295 ) ) ;
#2922 = CARTESIAN_POINT ( 'NONE',  ( -131.1153605131015070, -0.8252188532228759144, 1.230602201654458883 ) ) ;
#2923 = VERTEX_POINT ( 'NONE', #347 ) ;
#2924 = VECTOR ( 'NONE', #2741, 1000.000000000000000 ) ;
#2925 = CYLINDRICAL_SURFACE ( 'NONE', #4804, 1.000000000000000000 ) ;
#2926 = DIRECTION ( 'NONE',  ( 0.000000000000000000, 0.000000000000000000, 1.000000000000000000 ) ) ;
#2927 = EDGE_CURVE ( 'NONE', #6719, #5500, #6055, .T. ) ;
#2928 = EDGE_CURVE ( 'NONE', #4478, #7752, #2171, .T. ) ;
#2929 = EDGE_CURVE ( 'NONE', #4447, #2970, #4168, .T. ) ;
#2930 = DIRECTION ( 'NONE',  ( -0.000000000000000000, 1.000000000000000000, -0.000000000000000000 ) ) ;
#2931 = VERTEX_POINT ( 'NONE', #2912 ) ;
#2932 = CARTESIAN_POINT ( 'NONE',  ( 83.87298334620741969, 6.500000000000000000, -1.000000000000000000 ) ) ;
#2933 = VERTEX_POINT ( 'NONE', #5312 ) ;
#2934 = CARTESIAN_POINT ( 'NONE',  ( 33.62701665379258742, 6.500000000000000000, 1.000000000000000000 ) ) ;
#2935 = ORIENTED_EDGE ( 'NONE', *, *, #6379, .F. ) ;
#2936 = CARTESIAN_POINT ( 'NONE',  ( -131.5000000000000000, 6.500000000000000000, 0.6229813658380576324 ) ) ;
#2937 = ADVANCED_FACE ( 'NONE', ( #3501 ), #4158, .T. ) ;
#2938 = CYLINDRICAL_SURFACE ( 'NONE', #170, 3.750000000000006217 ) ;
#2939 = TOROIDAL_SURFACE ( 'NONE', #7557, 4.500000000000003553, 0.5000000000000000000 ) ;
#2940 = DIRECTION ( 'NONE',  ( 0.000000000000000000, 1.000000000000000000, 0.000000000000000000 ) ) ;
#2941 = EDGE_CURVE ( 'NONE', #3475, #4612, #6545, .T. ) ;
#2942 = FACE_OUTER_BOUND ( 'NONE', #6602, .T. ) ;
#2943 = DIRECTION ( 'NONE',  ( -0.000000000000000000, 1.000000000000000000, -0.000000000000000000 ) ) ;
#2944 = CARTESIAN_POINT ( 'NONE',  ( 131.5000000000000000, 6.500000000000000000, 0.5418045322075886183 ) ) ;
#2945 = CIRCLE ( 'NONE', #3473, 5.000000000000000000 ) ;
#2946 = ORIENTED_EDGE ( 'NONE', *, *, #6202, .T. ) ;
#2947 = VECTOR ( 'NONE', #1847, 1000.000000000000000 ) ;
#2948 = CARTESIAN_POINT ( 'NONE',  ( 131.0000000000000000, -1.000000000000000000, -0.5418045322075869530 ) ) ;
#2949 = VERTEX_POINT ( 'NONE', #6684 ) ;
#2950 = AXIS2_PLACEMENT_3D ( 'NONE', #5797, #3316, #7741 ) ;
#2951 = CARTESIAN_POINT ( 'NONE',  ( 5.000000000000000000, 2.499999999999999556, 0.000000000000000000 ) ) ;
#2952 = CIRCLE ( 'NONE', #7433, 3.750000000000006217 ) ;
#2953 = CIRCLE ( 'NONE', #3091, 2.000000000000000000 ) ;
#2954 = DIRECTION ( 'NONE',  ( 0.000000000000000000, 0.000000000000000000, 1.000000000000000000 ) ) ;
#2955 = VERTEX_POINT ( 'NONE', #2875 ) ;
#2956 = DIRECTION ( 'NONE',  ( 1.000000000000000000, -2.168404344971008868E-16, 0.000000000000000000 ) ) ;
#2957 = ORIENTED_EDGE ( 'NONE', *, *, #6337, .T. ) ;
#2958 = EDGE_LOOP ( 'NONE', ( #807, #4903, #4321, #4578, #3859, #3867 ) ) ;
#2959 = CIRCLE ( 'NONE', #8105, 0.4999999999999993894 ) ;
#2960 = AXIS2_PLACEMENT_3D ( 'NONE', #7976, #4258, #6204 ) ;
#2961 = PLANE ( 'NONE',  #5061 ) ;
#2962 = AXIS2_PLACEMENT_3D ( 'NONE', #1097, #7392, #2512 ) ;
#2963 = DIRECTION ( 'NONE',  ( -0.000000000000000000, -1.000000000000000000, -0.000000000000000000 ) ) ;
#2964 = DIRECTION ( 'NONE',  ( 0.000000000000000000, 0.000000000000000000, -1.000000000000000000 ) ) ;
#2965 = ORIENTED_EDGE ( 'NONE', *, *, #6375, .T. ) ;
#2966 = CARTESIAN_POINT ( 'NONE',  ( 80.00000000000000000, -1.000000000000000000, 4.000000000000003553 ) ) ;
#2967 = EDGE_LOOP ( 'NONE', ( #2355, #1756, #7781, #5380 ) ) ;
#2968 = VECTOR ( 'NONE', #8032, 1000.000000000000000 ) ;
#2969 = CYLINDRICAL_SURFACE ( 'NONE', #5877, 4.000000000000003553 ) ;
#2970 = VERTEX_POINT ( 'NONE', #7827 ) ;
#2971 = VECTOR ( 'NONE', #4086, 1000.000000000000000 ) ;
#2972 = AXIS2_PLACEMENT_3D ( 'NONE', #1362, #2613, #4554 ) ;
#2973 = CIRCLE ( 'NONE', #4555, 1.649999999999998579 ) ;
#2974 = DIRECTION ( 'NONE',  ( 1.000000000000000000, 0.000000000000000000, 0.000000000000000000 ) ) ;
#2975 = EDGE_CURVE ( 'NONE', #6461, #3456, #6414, .T. ) ;
#2976 = CARTESIAN_POINT ( 'NONE',  ( -14.58077395088106520, -0.9769678937872270374, 6.143072357783733395 ) ) ;
#2977 = AXIS2_PLACEMENT_3D ( 'NONE', #1021, #3516, #314 ) ;
#2978 = CYLINDRICAL_SURFACE ( 'NONE', #1969, 5.000000000000000000 ) ;
#2979 = ORIENTED_EDGE ( 'NONE', *, *, #2034, .T. ) ;
#2980 = DIRECTION ( 'NONE',  ( -0.000000000000000000, -1.000000000000000000, -0.000000000000000000 ) ) ;
#2981 = ORIENTED_EDGE ( 'NONE', *, *, #7643, .T. ) ;
#2982 = DIRECTION ( 'NONE',  ( 0.000000000000000000, 0.000000000000000000, -1.000000000000000000 ) ) ;
#2983 = CARTESIAN_POINT ( 'NONE',  ( -2.999999999999999112, 3.999999999999999112, 2.499999999999999556 ) ) ;
#2984 = ORIENTED_EDGE ( 'NONE', *, *, #3936, .F. ) ;
#2985 = VECTOR ( 'NONE', #7291, 1000.000000000000000 ) ;
#2986 = ADVANCED_FACE ( 'NONE', ( #2296 ), #4816, .T. ) ;
#2987 = DIRECTION ( 'NONE',  ( 0.000000000000000000, 0.000000000000000000, -1.000000000000000000 ) ) ;
#2988 = CARTESIAN_POINT ( 'NONE',  ( -131.5000000000000284, -0.7713292205556394610, 0.6229813658380595198 ) ) ;
#2989 = CARTESIAN_POINT ( 'NONE',  ( -14.54815395821685264, -1.462177131052043944, -6.500000000000000888 ) ) ;
#2990 = CARTESIAN_POINT ( 'NONE',  ( 34.51857603000028263, -1.000000000000000000, 2.666666666666667851 ) ) ;
#2991 = DIRECTION ( 'NONE',  ( 0.000000000000000000, 0.000000000000000000, 1.000000000000000000 ) ) ;
#2992 = ORIENTED_EDGE ( 'NONE', *, *, #2929, .F. ) ;
#2993 = ADVANCED_FACE ( 'NONE', ( #1680 ), #2834, .F. ) ;
#2994 = EDGE_CURVE ( 'NONE', #5519, #4730, #2343, .T. ) ;
#2995 = LINE ( 'NONE', #7993, #2683 ) ;
#2996 = EDGE_CURVE ( 'NONE', #6608, #5771, #2215, .T. ) ;
#2997 = CARTESIAN_POINT ( 'NONE',  ( 3.999999999999999112, -2.499999999999999556, 4.000000000000002665 ) ) ;
#2998 = CARTESIAN_POINT ( 'NONE',  ( -5.000000000000000000, 0.000000000000000000, -6.500000000000000000 ) ) ;
#2999 = EDGE_LOOP ( 'NONE', ( #490, #6078 ) ) ;
#3000 = EDGE_CURVE ( 'NONE', #4614, #5993, #4031, .T. ) ;
#3001 = VERTEX_POINT ( 'NONE', #4070 ) ;
#3002 = CARTESIAN_POINT ( 'NONE',  ( 131.0647483393212553, 6.500000000000000000, -1.037594460055199841 ) ) ;
#3003 = VERTEX_POINT ( 'NONE', #3455 ) ;
#3004 = ORIENTED_EDGE ( 'NONE', *, *, #1056, .T. ) ;
#3005 = FACE_OUTER_BOUND ( 'NONE', #1544, .T. ) ;
#3006 = DIRECTION ( 'NONE',  ( 0.000000000000000000, 0.000000000000000000, 1.000000000000000000 ) ) ;
#3007 = ORIENTED_EDGE ( 'NONE', *, *, #6465, .F. ) ;
#3008 = VECTOR ( 'NONE', #1355, 1000.000000000000000 ) ;
#3009 = CARTESIAN_POINT ( 'NONE',  ( -88.66025403784438197, -0.5000000000000000000, -1.500000000000000000 ) ) ;
#3010 = ORIENTED_EDGE ( 'NONE', *, *, #2033, .F. ) ;
#3011 = CARTESIAN_POINT ( 'NONE',  ( 37.50000000000000711, 6.500000000000000000, 0.000000000000000000 ) ) ;
#3012 = ORIENTED_EDGE ( 'NONE', *, *, #3896, .F. ) ;
#3013 = CARTESIAN_POINT ( 'NONE',  ( 30.79179606750063058, -0.5000000000000000000, -1.500000000000000000 ) ) ;
#3014 = CARTESIAN_POINT ( 'NONE',  ( 37.50000000000000711, 6.500000000000000000, 1.649999999999998579 ) ) ;
#3015 = CARTESIAN_POINT ( 'NONE',  ( -15.10456796088380216, -1.000000000000000000, 6.000000000000000000 ) ) ;
#3016 = ORIENTED_EDGE ( 'NONE', *, *, #3904, .T. ) ;
#3017 = DIRECTION ( 'NONE',  ( -0.000000000000000000, -1.000000000000000000, -0.000000000000000000 ) ) ;
#3018 = ORIENTED_EDGE ( 'NONE', *, *, #6079, .F. ) ;
#3019 = ADVANCED_FACE ( 'NONE', ( #5973 ), #3413, .F. ) ;
#3020 = CARTESIAN_POINT ( 'NONE',  ( 14.07515257383204244, -1.499999974922638479, -6.500000000000000000 ) ) ;
#3021 = FACE_OUTER_BOUND ( 'NONE', #5732, .T. ) ;
#3022 = CARTESIAN_POINT ( 'NONE',  ( 13.25808416444853854, -1.343147071356772138, -6.500000000000000888 ) ) ;
#3023 = DIRECTION ( 'NONE',  ( 0.000000000000000000, 1.000000000000000000, -0.000000000000000000 ) ) ;
#3024 = CIRCLE ( 'NONE', #4074, 1.649999999999998579 ) ;
#3025 = CARTESIAN_POINT ( 'NONE',  ( 69.99999999999998579, -6.500000000000000000, -4.999999999999997335 ) ) ;
#3026 = AXIS2_PLACEMENT_3D ( 'NONE', #4548, #3962, #114 ) ;
#3027 = CARTESIAN_POINT ( 'NONE',  ( 129.5000000000000000, -1.000000000000000000, -6.000000000000000000 ) ) ;
#3028 = CARTESIAN_POINT ( 'NONE',  ( 131.7122317325336383, -0.5000000000000000000, 5.995493738531336270 ) ) ;
#3029 = DIRECTION ( 'NONE',  ( 0.000000000000000000, -1.000000000000000000, 0.000000000000000000 ) ) ;
#3030 = ORIENTED_EDGE ( 'NONE', *, *, #1204, .F. ) ;
#3031 = PLANE ( 'NONE',  #2457 ) ;
#3032 = CARTESIAN_POINT ( 'NONE',  ( -6.999999999999999112, -5.000000000000000000, 6.500000000000000000 ) ) ;
#3033 = CARTESIAN_POINT ( 'NONE',  ( 84.50000000000000000, -2.999999999999999556, 5.000000000000000000 ) ) ;
#3034 = ADVANCED_FACE ( 'NONE', ( #4939 ), #993, .T. ) ;
#3035 = ADVANCED_FACE ( 'NONE', ( #8160 ), #6184, .T. ) ;
#3036 = ORIENTED_EDGE ( 'NONE', *, *, #5724, .F. ) ;
#3037 = DIRECTION ( 'NONE',  ( 0.000000000000000000, 0.000000000000000000, 1.000000000000000000 ) ) ;
#3038 = ORIENTED_EDGE ( 'NONE', *, *, #4145, .T. ) ;
#3039 = ORIENTED_EDGE ( 'NONE', *, *, #5715, .F. ) ;
#3040 = CARTESIAN_POINT ( 'NONE',  ( -125.0000000000000000, -1.500000000000000000, -6.000000000000000000 ) ) ;
#3041 = ADVANCED_FACE ( 'NONE', ( #8125 ), #2467, .T. ) ;
#3042 = DIRECTION ( 'NONE',  ( -0.000000000000000000, 1.000000000000000000, -0.000000000000000000 ) ) ;
#3043 = CARTESIAN_POINT ( 'NONE',  ( 5.999999999999999112, -6.500000000000000000, -3.999999999999998224 ) ) ;
#3044 = ORIENTED_EDGE ( 'NONE', *, *, #1781, .T. ) ;
#3045 = ADVANCED_FACE ( 'NONE', ( #1251 ), #3734, .F. ) ;
#3046 = DIRECTION ( 'NONE',  ( 0.000000000000000000, 0.000000000000000000, 1.000000000000000000 ) ) ;
#3047 = EDGE_LOOP ( 'NONE', ( #2618, #6659, #1388, #2214 ) ) ;
#3048 = AXIS2_PLACEMENT_3D ( 'NONE', #7838, #3465, #5982 ) ;
#3049 = DIRECTION ( 'NONE',  ( -0.6661659709479185176, -5.821932981311345350E-15, 0.7458035258370779852 ) ) ;
#3050 = ORIENTED_EDGE ( 'NONE', *, *, #1730, .T. ) ;
#3051 = CIRCLE ( 'NONE', #7, 0.5000000000000000000 ) ;
#3052 = DIRECTION ( 'NONE',  ( 0.000000000000000000, 0.000000000000000000, 1.000000000000000000 ) ) ;
#3053 = FACE_OUTER_BOUND ( 'NONE', #4589, .T. ) ;
#3054 = CARTESIAN_POINT ( 'NONE',  ( -12.95084025374650949, -0.9764405379194609491, 6.500000000000000000 ) ) ;
#3055 = ORIENTED_EDGE ( 'NONE', *, *, #6216, .F. ) ;
#3056 = VECTOR ( 'NONE', #1426, 1000.000000000000000 ) ;
#3057 = CARTESIAN_POINT ( 'NONE',  ( -122.2163469164071472, -1.000000000000000000, 3.535714285714284255 ) ) ;
#3058 = ORIENTED_EDGE ( 'NONE', *, *, #8033, .F. ) ;
#3059 = CARTESIAN_POINT ( 'NONE',  ( 131.0647483393212553, -0.6347138206165297003, -1.037594460055200951 ) ) ;
#3060 = CARTESIAN_POINT ( 'NONE',  ( 73.29179606750062703, -1.000000000000000000, -1.000000000000000000 ) ) ;
#3061 = LINE ( 'NONE', #2454, #1123 ) ;
#3062 = LINE ( 'NONE', #5592, #6129 ) ;
#3063 = AXIS2_PLACEMENT_3D ( 'NONE', #6847, #8081, #7544 ) ;
#3064 = CARTESIAN_POINT ( 'NONE',  ( 13.83281454376148289, -0.9769682841389937256, 6.143071130028838311 ) ) ;
#3065 = CIRCLE ( 'NONE', #7683, 3.999999999999996447 ) ;
#3066 = CARTESIAN_POINT ( 'NONE',  ( -6.000000000000000000, -5.000000000000000000, -2.499999999999999556 ) ) ;
#3067 = CIRCLE ( 'NONE', #1610, 2.000000000000000000 ) ;
#3068 = CYLINDRICAL_SURFACE ( 'NONE', #3876, 1.649999999999998579 ) ;
#3069 = ORIENTED_EDGE ( 'NONE', *, *, #2385, .T. ) ;
#3070 = DIRECTION ( 'NONE',  ( 0.000000000000000000, 1.000000000000000000, 0.000000000000000000 ) ) ;
#3071 = CARTESIAN_POINT ( 'NONE',  ( -129.5000000000000000, -1.500000000000000444, 4.500000000000000888 ) ) ;
#3072 = FACE_OUTER_BOUND ( 'NONE', #3948, .T. ) ;
#3073 = CIRCLE ( 'NONE', #8089, 9.999999999999998224 ) ;
#3074 = ORIENTED_EDGE ( 'NONE', *, *, #8080, .T. ) ;
#3075 = DIRECTION ( 'NONE',  ( 0.000000000000000000, 0.000000000000000000, 1.000000000000000000 ) ) ;
#3076 = VERTEX_POINT ( 'NONE', #1806 ) ;
#3077 = AXIS2_PLACEMENT_3D ( 'NONE', #6951, #6372, #697 ) ;
#3078 = VERTEX_POINT ( 'NONE', #598 ) ;
#3079 = EDGE_CURVE ( 'NONE', #2612, #1037, #4295, .T. ) ;
#3080 = DIRECTION ( 'NONE',  ( 0.000000000000000000, 1.000000000000000000, 0.000000000000000000 ) ) ;
#3081 = AXIS2_PLACEMENT_3D ( 'NONE', #5115, #7635, #4608 ) ;
#3082 = CIRCLE ( 'NONE', #296, 3.750000000000006217 ) ;
#3083 = DIRECTION ( 'NONE',  ( -0.000000000000000000, 1.000000000000000000, -0.000000000000000000 ) ) ;
#3084 = DIRECTION ( 'NONE',  ( 0.000000000000000000, 0.000000000000000000, 1.000000000000000000 ) ) ;
#3085 = VERTEX_POINT ( 'NONE', #3002 ) ;
#3086 = DIRECTION ( 'NONE',  ( 0.000000000000000000, 0.000000000000000000, 1.000000000000000000 ) ) ;
#3087 = VERTEX_POINT ( 'NONE', #6144 ) ;
#3088 = VECTOR ( 'NONE', #811, 1000.000000000000000 ) ;
#3089 = CYLINDRICAL_SURFACE ( 'NONE', #3109, 4.999999999999999112 ) ;
#3090 = ORIENTED_EDGE ( 'NONE', *, *, #1491, .T. ) ;
#3091 = AXIS2_PLACEMENT_3D ( 'NONE', #376, #2243, #7943 ) ;
#3092 = CARTESIAN_POINT ( 'NONE',  ( -129.5000000000000000, 6.500000000000000000, -6.500000000000000000 ) ) ;
#3093 = ADVANCED_FACE ( 'NONE', ( #6307 ), #2379, .F. ) ;
#3094 = ADVANCED_FACE ( 'NONE', ( #8074 ), #3163, .F. ) ;
#3095 = CARTESIAN_POINT ( 'NONE',  ( 73.29179606750062703, 6.500000000000000000, -6.000000000000000000 ) ) ;
#3096 = CIRCLE ( 'NONE', #6914, 5.000000000000000000 ) ;
#3097 = CIRCLE ( 'NONE', #4154, 1.649999999999998579 ) ;
#3098 = VECTOR ( 'NONE', #2483, 1000.000000000000000 ) ;
#3099 = CARTESIAN_POINT ( 'NONE',  ( -12.47408067997889169, -0.6781198057791155698, 6.499999999985991650 ) ) ;
#3100 = ORIENTED_EDGE ( 'NONE', *, *, #2385, .F. ) ;
#3101 = EDGE_CURVE ( 'NONE', #5993, #2123, #1254, .T. ) ;
#3102 = CARTESIAN_POINT ( 'NONE',  ( -125.0000000000000000, -0.5000000000000000000, 0.000000000000000000 ) ) ;
#3103 = ORIENTED_EDGE ( 'NONE', *, *, #8086, .T. ) ;
#3104 = CIRCLE ( 'NONE', #7851, 5.000000000000000000 ) ;
#3105 = CARTESIAN_POINT ( 'NONE',  ( 4.000000000000000000, 6.500000000000000000, -3.999999999999998224 ) ) ;
#3106 = CARTESIAN_POINT ( 'NONE',  ( -71.33974596215561803, -0.5000000000000000000, -11.00000000000000000 ) ) ;
#3107 = AXIS2_PLACEMENT_3D ( 'NONE', #5124, #1312, #109 ) ;
#3108 = CARTESIAN_POINT ( 'NONE',  ( 12.98996341074431626, -1.260770959167063943, -6.500000000000000888 ) ) ;
#3109 = AXIS2_PLACEMENT_3D ( 'NONE', #523, #7549, #7597 ) ;
#3111 = VECTOR ( 'NONE', #1951, 1000.000000000000000 ) ;
#3110 = DIRECTION ( 'NONE',  ( 0.000000000000000000, 0.000000000000000000, -1.000000000000000000 ) ) ;
#3112 = VECTOR ( 'NONE', #4156, 1000.000000000000000 ) ;
#3113 = DIRECTION ( 'NONE',  ( 0.000000000000000000, 1.000000000000000000, -0.000000000000000000 ) ) ;
#3114 = CARTESIAN_POINT ( 'NONE',  ( -131.5000000000000000, -1.000000000000000000, -6.000000000000000000 ) ) ;
#3115 = CIRCLE ( 'NONE', #5495, 0.4999999999999999445 ) ;
#3116 = AXIS2_PLACEMENT_3D ( 'NONE', #5201, #3958, #6483 ) ;
#3117 = CARTESIAN_POINT ( 'NONE',  ( 125.0000000000000000, -1.000000000000000000, 0.000000000000000000 ) ) ;
#3118 = VERTEX_POINT ( 'NONE', #6876 ) ;
#3119 = LINE ( 'NONE', #1243, #1653 ) ;
#3120 = DIRECTION ( 'NONE',  ( 0.000000000000000000, 1.000000000000000000, 0.000000000000000000 ) ) ;
#3121 = AXIS2_PLACEMENT_3D ( 'NONE', #1565, #2232, #5455 ) ;
#3122 = LINE ( 'NONE', #6915, #4957 ) ;
#3123 = VERTEX_POINT ( 'NONE', #3124 ) ;
#3124 = CARTESIAN_POINT ( 'NONE',  ( -2.999999999999999112, -1.887458608817686123, -6.500000000000000000 ) ) ;
#3125 = EDGE_LOOP ( 'NONE', ( #4192, #1195, #1385, #3865 ) ) ;
#3126 = EDGE_CURVE ( 'NONE', #3949, #6969, #6918, .T. ) ;
#3127 = VERTEX_POINT ( 'NONE', #4277 ) ;
#3128 = CARTESIAN_POINT ( 'NONE',  ( -116.3397459621556038, 6.500000000000000000, -1.000000000000000000 ) ) ;
#3129 = CARTESIAN_POINT ( 'NONE',  ( 6.999999999999999112, 2.499999999999999556, 5.000000000000002665 ) ) ;
#3130 = DIRECTION ( 'NONE',  ( -0.6666666666666725138, -3.232466345374031804E-15, -0.7453559924999247910 ) ) ;
#3131 = ORIENTED_EDGE ( 'NONE', *, *, #4635, .T. ) ;
#3132 = ORIENTED_EDGE ( 'NONE', *, *, #4853, .F. ) ;
#3133 = DIRECTION ( 'NONE',  ( 0.000000000000000000, -0.000000000000000000, 1.000000000000000000 ) ) ;
#3134 = EDGE_LOOP ( 'NONE', ( #4858, #1227, #3193, #6683 ) ) ;
#3135 = EDGE_LOOP ( 'NONE', ( #4110, #3171, #6454, #7598 ) ) ;
#3136 = DIRECTION ( 'NONE',  ( 1.000000000000000000, 0.000000000000000000, 0.000000000000000000 ) ) ;
#3137 = DIRECTION ( 'NONE',  ( 2.081668171172168908E-15, 0.000000000000000000, 1.000000000000000000 ) ) ;
#3138 = VECTOR ( 'NONE', #5093, 1000.000000000000000 ) ;
#3139 = CYLINDRICAL_SURFACE ( 'NONE', #6880, 0.5000000000000000000 ) ;
#3140 = ADVANCED_FACE ( 'NONE', ( #3620 ), #5651, .F. ) ;
#3141 = ORIENTED_EDGE ( 'NONE', *, *, #6334, .T. ) ;
#3142 = EDGE_CURVE ( 'NONE', #2392, #6355, #5018, .T. ) ;
#3143 = EDGE_CURVE ( 'NONE', #4278, #280, #5881, .T. ) ;
#3144 = DIRECTION ( 'NONE',  ( 0.000000000000000000, 0.000000000000000000, 1.000000000000000000 ) ) ;
#3145 = EDGE_CURVE ( 'NONE', #4682, #7165, #5356, .T. ) ;
#3146 = ORIENTED_EDGE ( 'NONE', *, *, #6839, .T. ) ;
#3147 = CARTESIAN_POINT ( 'NONE',  ( 131.0000000000000000, -1.500000000000000000, 0.000000000000000000 ) ) ;
#3148 = CARTESIAN_POINT ( 'NONE',  ( -131.0000000000000000, -1.000000000000000000, 6.500000000000000000 ) ) ;
#3149 = CARTESIAN_POINT ( 'NONE',  ( 131.0647483393212553, -0.5000000000000000000, 1.037594460055201839 ) ) ;
#3150 = CARTESIAN_POINT ( 'NONE',  ( -125.0000000000000000, -6.500000000000000000, 0.000000000000000000 ) ) ;
#3151 = ADVANCED_FACE ( 'NONE', ( #1083 ), #6805, .T. ) ;
#3152 = LINE ( 'NONE', #2491, #2809 ) ;
#3153 = DIRECTION ( 'NONE',  ( 0.000000000000000000, 0.000000000000000000, 1.000000000000000000 ) ) ;
#3154 = EDGE_CURVE ( 'NONE', #8136, #484, #4429, .T. ) ;
#3155 = CYLINDRICAL_SURFACE ( 'NONE', #4668, 9.999999999999998224 ) ;
#3156 = VERTEX_POINT ( 'NONE', #1444 ) ;
#3157 = PLANE ( 'NONE',  #3239 ) ;
#3158 = DIRECTION ( 'NONE',  ( -0.000000000000000000, -1.000000000000000000, -0.000000000000000000 ) ) ;
#3159 = DIRECTION ( 'NONE',  ( 0.000000000000000000, 0.000000000000000000, -1.000000000000000000 ) ) ;
#3160 = EDGE_LOOP ( 'NONE', ( #4621, #524, #4623, #492 ) ) ;
#3161 = ORIENTED_EDGE ( 'NONE', *, *, #6988, .F. ) ;
#3162 = CIRCLE ( 'NONE', #3026, 4.500000000000000888 ) ;
#3163 = CYLINDRICAL_SURFACE ( 'NONE', #2194, 1.649999999999998579 ) ;
#3164 = EDGE_LOOP ( 'NONE', ( #7626, #886, #1178, #7670 ) ) ;
#3165 = VERTEX_POINT ( 'NONE', #5886 ) ;
#3166 = FACE_BOUND ( 'NONE', #343, .T. ) ;
#3167 = CARTESIAN_POINT ( 'NONE',  ( -69.99999999999998579, -6.500000000000000000, 1.734723475976807094E-15 ) ) ;
#3168 = ORIENTED_EDGE ( 'NONE', *, *, #3698, .T. ) ;
#3169 = ORIENTED_EDGE ( 'NONE', *, *, #759, .F. ) ;
#3170 = CARTESIAN_POINT ( 'NONE',  ( -6.999999999999999112, -4.000000000000000000, 2.499999999999999556 ) ) ;
#3171 = ORIENTED_EDGE ( 'NONE', *, *, #6182, .F. ) ;
#3172 = ORIENTED_EDGE ( 'NONE', *, *, #1364, .T. ) ;
#3173 = CARTESIAN_POINT ( 'NONE',  ( -131.5000000000000000, -6.500000000000000000, 4.499999999999996447 ) ) ;
#3174 = DIRECTION ( 'NONE',  ( -1.000000000000000000, 4.336808689942017736E-16, 0.000000000000000000 ) ) ;
#3175 = CARTESIAN_POINT ( 'NONE',  ( 80.00000000000000000, 6.500000000000000000, 0.000000000000000000 ) ) ;
#3176 = DIRECTION ( 'NONE',  ( 0.4500000000000006772, 0.000000000000000000, -0.8930285549745874407 ) ) ;
#3177 = VERTEX_POINT ( 'NONE', #121 ) ;
#3178 = DIRECTION ( 'NONE',  ( 0.000000000000000000, -0.000000000000000000, -1.000000000000000000 ) ) ;
#3179 = ORIENTED_EDGE ( 'NONE', *, *, #4345, .F. ) ;
#3180 = DIRECTION ( 'NONE',  ( -0.000000000000000000, 1.000000000000000000, -0.000000000000000000 ) ) ;
#3181 = DIRECTION ( 'NONE',  ( 1.000000000000000000, 0.000000000000000000, 0.000000000000000000 ) ) ;
#3182 = DIRECTION ( 'NONE',  ( 0.000000000000000000, 0.000000000000000000, 1.000000000000000000 ) ) ;
#3183 = AXIS2_PLACEMENT_3D ( 'NONE', #5913, #5166, #6452 ) ;
#3184 = CARTESIAN_POINT ( 'NONE',  ( 128.3561158662668333, -0.5000000000000000000, -2.997746869265655256 ) ) ;
#3185 = EDGE_CURVE ( 'NONE', #3619, #6961, #167, .T. ) ;
#3186 = EDGE_CURVE ( 'NONE', #6234, #5847, #5177, .T. ) ;
#3187 = AXIS2_PLACEMENT_3D ( 'NONE', #6800, #7997, #1130 ) ;
#3188 = CARTESIAN_POINT ( 'NONE',  ( 6.999999999999999112, -2.499999999999999556, -3.999999999999998224 ) ) ;
#3189 = CARTESIAN_POINT ( 'NONE',  ( 73.29179606750062703, 6.500000000000000000, 6.000000000000000000 ) ) ;
#3190 = CIRCLE ( 'NONE', #3457, 10.00000000000000000 ) ;
#3191 = LINE ( 'NONE', #779, #2701 ) ;
#3192 = ADVANCED_FACE ( 'NONE', ( #6499 ), #3906, .F. ) ;
#3193 = ORIENTED_EDGE ( 'NONE', *, *, #7383, .F. ) ;
#3194 = AXIS2_PLACEMENT_3D ( 'NONE', #4883, #7447, #1116 ) ;
#3195 = CARTESIAN_POINT ( 'NONE',  ( -127.9156606260143718, -0.5000000000000000000, -3.427670216620827048 ) ) ;
#3196 = ADVANCED_FACE ( 'NONE', ( #7701 ), #5138, .F. ) ;
#3197 = EDGE_CURVE ( 'NONE', #6961, #65, #337, .T. ) ;
#3198 = CARTESIAN_POINT ( 'NONE',  ( 11.19432624775224028, -0.4999999999999995559, -6.500000000000000000 ) ) ;
#3199 = DIRECTION ( 'NONE',  ( 1.000000000000000000, 0.000000000000000000, 0.000000000000000000 ) ) ;
#3200 = TOROIDAL_SURFACE ( 'NONE', #1747, 1.500000000000000000, 0.5000000000000000000 ) ;
#3201 = VERTEX_POINT ( 'NONE', #828 ) ;
#3202 = CYLINDRICAL_SURFACE ( 'NONE', #3494, 3.750000000000006217 ) ;
#3203 = EDGE_CURVE ( 'NONE', #5216, #2637, #735, .T. ) ;
#3204 = ORIENTED_EDGE ( 'NONE', *, *, #766, .T. ) ;
#3205 = ORIENTED_EDGE ( 'NONE', *, *, #1757, .T. ) ;
#3206 = CARTESIAN_POINT ( 'NONE',  ( 13.87960737989404159, -0.9810885657428807249, 6.130891554710361291 ) ) ;
#3207 = CARTESIAN_POINT ( 'NONE',  ( -88.66025403784438197, -1.000000000000000000, -1.500000000000000000 ) ) ;
#3208 = AXIS2_PLACEMENT_3D ( 'NONE', #5629, #1732, #2555 ) ;
#3209 = ORIENTED_EDGE ( 'NONE', *, *, #6322, .F. ) ;
#3210 =( BOUNDED_SURFACE ( )  B_SPLINE_SURFACE ( 3, 2, ( 
 ( #7814, #6583, #4719 ),
 ( #7118, #2777, #910 ),
 ( #5347, #2206, #6622 ),
 ( #210, #4628, #5176 ),
 ( #825, #7244, #4562 ),
 ( #5835, #872, #1442 ),
 ( #3317, #3441, #2160 ),
 ( #1574, #7155, #3971 ) ),
 .UNSPECIFIED., .F., .F., .F. ) 
 B_SPLINE_SURFACE_WITH_KNOTS ( ( 4, 2, 2, 4 ),
 ( 3, 3 ),
 ( 0.000000000000000000, 0.0008318273432409090465, 0.001663654686481818093, 0.003327309372963636186 ),
 ( 0.000000000000000000, 1.000000000000000000 ),
 .UNSPECIFIED. ) 
 GEOMETRIC_REPRESENTATION_ITEM ( )  RATIONAL_B_SPLINE_SURFACE ( (
 ( 1.000000000000000000, 0.7071067811865471286, 1.000000000000000000),
 ( 1.000000000000000000, 0.7538628514063916430, 1.000000000000000000),
 ( 1.000000000000000000, 0.7951092457576679484, 1.000000000000000000),
 ( 1.000000000000000000, 0.8674185373048982628, 1.000000000000000000),
 ( 1.000000000000000000, 0.8985262822046460318, 1.000000000000000000),
 ( 1.000000000000000000, 0.9737688949899867552, 1.000000000000000000),
 ( 1.000000000000000000, 1.000090849995230569, 1.000000000000000000),
 ( 1.000000000000000000, 1.000000000000000000, 1.000000000000000000) ) ) 
 REPRESENTATION_ITEM ( '' )  SURFACE ( )  );
#3211 = ORIENTED_EDGE ( 'NONE', *, *, #1719, .F. ) ;
#3212 = CARTESIAN_POINT ( 'NONE',  ( -88.66025403784438197, -1.000000000000000000, 11.00000000000000000 ) ) ;
#3213 = VERTEX_POINT ( 'NONE', #3816 ) ;
#3214 = ORIENTED_EDGE ( 'NONE', *, *, #6526, .F. ) ;
#3215 = VECTOR ( 'NONE', #3174, 1000.000000000000000 ) ;
#3216 = VECTOR ( 'NONE', #2845, 1000.000000000000000 ) ;
#3217 = CARTESIAN_POINT ( 'NONE',  ( -80.00000000000000000, -6.500000000000000000, 0.000000000000000000 ) ) ;
#3218 = CARTESIAN_POINT ( 'NONE',  ( -131.0203372977211416, -1.000000000000008660, -1.600477058974556055 ) ) ;
#3219 = PLANE ( 'NONE',  #4907 ) ;
#3220 = CIRCLE ( 'NONE', #4273, 5.000000000000000000 ) ;
#3221 = AXIS2_PLACEMENT_3D ( 'NONE', #2207, #287, #6498 ) ;
#3222 = DIRECTION ( 'NONE',  ( 0.000000000000000000, -0.000000000000000000, -1.000000000000000000 ) ) ;
#3223 = ORIENTED_EDGE ( 'NONE', *, *, #410, .F. ) ;
#3224 = DIRECTION ( 'NONE',  ( 0.000000000000000000, 0.000000000000000000, 1.000000000000000000 ) ) ;
#3225 = VERTEX_POINT ( 'NONE', #87 ) ;
#3226 = CARTESIAN_POINT ( 'NONE',  ( 40.48142396999973158, -1.000000000000000000, 2.666666666666666963 ) ) ;
#3227 = DIRECTION ( 'NONE',  ( -0.000000000000000000, 1.000000000000000000, -0.000000000000000000 ) ) ;
#3228 = ADVANCED_FACE ( 'NONE', ( #2583 ), #3250, .T. ) ;
#3229 = DIRECTION ( 'NONE',  ( 0.000000000000000000, 0.000000000000000000, -1.000000000000000000 ) ) ;
#3230 = AXIS2_PLACEMENT_3D ( 'NONE', #5167, #1994, #2493 ) ;
#3231 = CARTESIAN_POINT ( 'NONE',  ( 2.999999999999999112, -2.499999999999999556, 4.000000000000002665 ) ) ;
#3232 = VECTOR ( 'NONE', #7132, 1000.000000000000000 ) ;
#3233 = CARTESIAN_POINT ( 'NONE',  ( -12.44628347705451610, -0.7375834753061849547, 6.499999999999999112 ) ) ;
#3234 = DIRECTION ( 'NONE',  ( -0.000000000000000000, -1.000000000000000000, -0.000000000000000000 ) ) ;
#3235 = CIRCLE ( 'NONE', #3504, 0.5000000000000004441 ) ;
#3236 = PLANE ( 'NONE',  #3756 ) ;
#3237 = VERTEX_POINT ( 'NONE', #5799 ) ;
#3238 = VECTOR ( 'NONE', #4571, 1000.000000000000000 ) ;
#3239 = AXIS2_PLACEMENT_3D ( 'NONE', #6956, #6340, #663 ) ;
#3240 = CARTESIAN_POINT ( 'NONE',  ( 131.5000000000000000, -1.500000000000000000, -1.552214998774828825 ) ) ;
#3241 = VECTOR ( 'NONE', #2776, 1000.000000000000000 ) ;
#3242 = CARTESIAN_POINT ( 'NONE',  ( 19.00000000000000355, -6.500000000000000000, -5.000000000000000888 ) ) ;
#3243 = AXIS2_PLACEMENT_3D ( 'NONE', #1880, #3666, #4892 ) ;
#3244 = CIRCLE ( 'NONE', #1662, 5.000000000000000000 ) ;
#3245 = FACE_OUTER_BOUND ( 'NONE', #5110, .T. ) ;
#3246 = DIRECTION ( 'NONE',  ( -1.000000000000000000, 0.000000000000000000, 0.000000000000000000 ) ) ;
#3247 = ORIENTED_EDGE ( 'NONE', *, *, #47, .F. ) ;
#3248 = ADVANCED_FACE ( 'NONE', ( #2746 ), #2003, .F. ) ;
#3249 = EDGE_CURVE ( 'NONE', #731, #7768, #6428, .T. ) ;
#3250 = PLANE ( 'NONE',  #1802 ) ;
#3251 = ADVANCED_FACE ( 'NONE', ( #4516 ), #5836, .T. ) ;
#3252 = ORIENTED_EDGE ( 'NONE', *, *, #93, .T. ) ;
#3253 = VERTEX_POINT ( 'NONE', #6344 ) ;
#3254 = VECTOR ( 'NONE', #5607, 1000.000000000000000 ) ;
#3255 = CARTESIAN_POINT ( 'NONE',  ( -129.5000000000000000, -6.500000000000000000, -4.500000000000000888 ) ) ;
#3256 = DIRECTION ( 'NONE',  ( 0.000000000000000000, 0.000000000000000000, 1.000000000000000000 ) ) ;
#3257 = EDGE_CURVE ( 'NONE', #2320, #2637, #6420, .T. ) ;
#3258 = ORIENTED_EDGE ( 'NONE', *, *, #1988, .T. ) ;
#3259 = VERTEX_POINT ( 'NONE', #6960 ) ;
#3260 = LINE ( 'NONE', #5436, #7858 ) ;
#3261 = ORIENTED_EDGE ( 'NONE', *, *, #1351, .F. ) ;
#3262 = ORIENTED_EDGE ( 'NONE', *, *, #6378, .F. ) ;
#3263 = LINE ( 'NONE', #1424, #6263 ) ;
#3264 = CARTESIAN_POINT ( 'NONE',  ( 0.000000000000000000, 2.499999999999999556, 0.000000000000000000 ) ) ;
#3265 = CARTESIAN_POINT ( 'NONE',  ( -131.5000000000000000, -1.499999999999992895, 1.538456050737606384 ) ) ;
#3266 = CARTESIAN_POINT ( 'NONE',  ( 11.19432624775224028, -1.000000000000000000, -6.000000000000000000 ) ) ;
#3267 = ORIENTED_EDGE ( 'NONE', *, *, #4373, .T. ) ;
#3268 = DIRECTION ( 'NONE',  ( 0.000000000000000000, 0.000000000000000000, -1.000000000000000000 ) ) ;
#3269 = ORIENTED_EDGE ( 'NONE', *, *, #5664, .F. ) ;
#3270 = DIRECTION ( 'NONE',  ( 0.000000000000000000, 0.000000000000000000, 1.000000000000000000 ) ) ;
#3271 = DIRECTION ( 'NONE',  ( 0.000000000000000000, 1.000000000000000000, 0.000000000000000000 ) ) ;
#3272 = CARTESIAN_POINT ( 'NONE',  ( 82.98142396999973869, 6.500000000000000000, 2.666666666666662078 ) ) ;
#3273 = ADVANCED_FACE ( 'NONE', ( #1289 ), #3202, .F. ) ;
#3274 = CARTESIAN_POINT ( 'NONE',  ( 44.20820393249938718, -1.000000000000000000, 1.000000000000000000 ) ) ;
#3275 = VERTEX_POINT ( 'NONE', #5102 ) ;
#3276 = DIRECTION ( 'NONE',  ( 0.000000000000000000, 0.000000000000000000, -1.000000000000000000 ) ) ;
#3277 = CARTESIAN_POINT ( 'NONE',  ( 20.12461179749810825, 6.500000000000000000, -1.000000000000000000 ) ) ;
#3278 = ORIENTED_EDGE ( 'NONE', *, *, #1397, .T. ) ;
#3279 = CARTESIAN_POINT ( 'NONE',  ( 125.0000000000000000, -0.5000000000000000000, 0.000000000000000000 ) ) ;
#3280 = CARTESIAN_POINT ( 'NONE',  ( 125.0000000000000000, -2.299999999999998934, 3.750000000000006217 ) ) ;
#3281 = DIRECTION ( 'NONE',  ( -0.000000000000000000, 1.000000000000000000, -0.000000000000000000 ) ) ;
#3282 = FACE_OUTER_BOUND ( 'NONE', #3549, .T. ) ;
#3283 = CARTESIAN_POINT ( 'NONE',  ( 6.999999999999999112, -6.500000000000000000, 1.887458608817687900 ) ) ;
#3284 = VERTEX_POINT ( 'NONE', #7623 ) ;
#3285 = ORIENTED_EDGE ( 'NONE', *, *, #5773, .T. ) ;
#3286 = FACE_BOUND ( 'NONE', #1419, .T. ) ;
#3287 = DIRECTION ( 'NONE',  ( -0.000000000000000000, -1.000000000000000000, -0.000000000000000000 ) ) ;
#3288 = EDGE_CURVE ( 'NONE', #116, #6192, #1328, .T. ) ;
#3289 = EDGE_CURVE ( 'NONE', #7130, #5270, #4918, .T. ) ;
#3290 = EDGE_CURVE ( 'NONE', #883, #5658, #4303, .T. ) ;
#3291 = ORIENTED_EDGE ( 'NONE', *, *, #6789, .F. ) ;
#3292 = ORIENTED_EDGE ( 'NONE', *, *, #5255, .T. ) ;
#3293 = CARTESIAN_POINT ( 'NONE',  ( 131.7122317325336383, -1.000000000000000000, 5.995493738531336270 ) ) ;
#3294 = ORIENTED_EDGE ( 'NONE', *, *, #2543, .F. ) ;
#3295 = ORIENTED_EDGE ( 'NONE', *, *, #5107, .T. ) ;
#3296 = ADVANCED_FACE ( 'NONE', ( #3443 ), #4878, .F. ) ;
#3297 = DIRECTION ( 'NONE',  ( 0.000000000000000000, 0.000000000000000000, 1.000000000000000000 ) ) ;
#3298 = CARTESIAN_POINT ( 'NONE',  ( -131.5000000000000000, -1.475468967200148196, -1.405068760758688917 ) ) ;
#3299 = DIRECTION ( 'NONE',  ( 0.000000000000000000, -1.000000000000000000, 0.000000000000000000 ) ) ;
#3300 = EDGE_CURVE ( 'NONE', #3165, #8191, #3097, .T. ) ;
#3301 = CYLINDRICAL_SURFACE ( 'NONE', #3981, 1.649999999999998579 ) ;
#3302 = VERTEX_POINT ( 'NONE', #2208 ) ;
#3303 = FACE_OUTER_BOUND ( 'NONE', #3480, .T. ) ;
#3304 = ORIENTED_EDGE ( 'NONE', *, *, #1128, .F. ) ;
#3305 = DIRECTION ( 'NONE',  ( 0.000000000000000000, 1.000000000000000000, 0.000000000000000000 ) ) ;
#3306 = DIRECTION ( 'NONE',  ( 0.000000000000000000, 0.000000000000000000, 1.000000000000000000 ) ) ;
#3307 = CARTESIAN_POINT ( 'NONE',  ( 131.5000000000000000, -0.6315601347752428651, 0.5418045549144603346 ) ) ;
#3308 = LINE ( 'NONE', #7688, #2351 ) ;
#3309 = ORIENTED_EDGE ( 'NONE', *, *, #3788, .F. ) ;
#3310 = CARTESIAN_POINT ( 'NONE',  ( 19.00000000000000355, -2.999999999999999556, 4.999999999999999112 ) ) ;
#3311 = LINE ( 'NONE', #6660, #3749 ) ;
#3312 = ORIENTED_EDGE ( 'NONE', *, *, #717, .F. ) ;
#3313 = CARTESIAN_POINT ( 'NONE',  ( 114.9999999999999858, -2.999999999999999556, -5.000000000000000000 ) ) ;
#3314 = VECTOR ( 'NONE', #8157, 1000.000000000000000 ) ;
#3315 = CARTESIAN_POINT ( 'NONE',  ( 86.70820393249938718, 6.500000000000000000, 6.000000000000000000 ) ) ;
#3316 = DIRECTION ( 'NONE',  ( 0.000000000000000000, 1.000000000000000000, 0.000000000000000000 ) ) ;
#3317 = CARTESIAN_POINT ( 'NONE',  ( -12.50340867907261533, -0.6190305860439250241, -6.500000000000002665 ) ) ;
#3318 = VECTOR ( 'NONE', #2204, 1000.000000000000000 ) ;
#3319 = DIRECTION ( 'NONE',  ( -1.000000000000000000, -0.000000000000000000, -0.000000000000000000 ) ) ;
#3320 = ORIENTED_EDGE ( 'NONE', *, *, #6025, .F. ) ;
#3321 = ORIENTED_EDGE ( 'NONE', *, *, #3329, .T. ) ;
#3322 = AXIS2_PLACEMENT_3D ( 'NONE', #736, #7136, #1427 ) ;
#3323 = CARTESIAN_POINT ( 'NONE',  ( -116.3397459621556038, 6.500000000000000000, -1.000000000000000000 ) ) ;
#3324 = AXIS2_PLACEMENT_3D ( 'NONE', #4480, #3861, #91 ) ;
#3325 = DIRECTION ( 'NONE',  ( 1.000000000000000000, 0.000000000000000000, 0.000000000000000000 ) ) ;
#3326 = ORIENTED_EDGE ( 'NONE', *, *, #7738, .T. ) ;
#3327 = CARTESIAN_POINT ( 'NONE',  ( 20.12461179749810825, -0.4999999999999995559, -1.000000000000000000 ) ) ;
#3328 = ORIENTED_EDGE ( 'NONE', *, *, #4705, .F. ) ;
#3329 = EDGE_CURVE ( 'NONE', #3237, #5485, #7398, .T. ) ;
#3330 = VERTEX_POINT ( 'NONE', #4257 ) ;
#3331 = CARTESIAN_POINT ( 'NONE',  ( -71.33974596215561803, -1.000000000000000000, 1.500000000000000000 ) ) ;
#3332 = CARTESIAN_POINT ( 'NONE',  ( -131.1462354299822550, -0.5670529445069703023, -1.101118583609178359 ) ) ;
#3333 = DIRECTION ( 'NONE',  ( 1.000000000000000000, 0.000000000000000000, 0.000000000000000000 ) ) ;
#3334 = CARTESIAN_POINT ( 'NONE',  ( -3.999999999999999112, -4.000000000000001776, -2.499999999999999556 ) ) ;
#3335 = ORIENTED_EDGE ( 'NONE', *, *, #4564, .F. ) ;
#3336 = AXIS2_PLACEMENT_3D ( 'NONE', #387, #7297, #2256 ) ;
#3337 = CARTESIAN_POINT ( 'NONE',  ( 89.50000000000001421, -2.999999999999999556, 0.000000000000000000 ) ) ;
#3338 = ORIENTED_EDGE ( 'NONE', *, *, #3543, .F. ) ;
#3339 = CIRCLE ( 'NONE', #7955, 4.500000000000003553 ) ;
#3340 = EDGE_CURVE ( 'NONE', #3003, #3575, #977, .T. ) ;
#3341 = DIRECTION ( 'NONE',  ( 1.000000000000000000, 0.000000000000000000, 1.301042606982605321E-16 ) ) ;
#3342 = EDGE_CURVE ( 'NONE', #5322, #7582, #6826, .T. ) ;
#3343 = CIRCLE ( 'NONE', #5059, 0.5000000000000004441 ) ;
#3344 = DIRECTION ( 'NONE',  ( 0.000000000000000000, 0.000000000000000000, 1.000000000000000000 ) ) ;
#3345 = CARTESIAN_POINT ( 'NONE',  ( -88.66025403784438197, -0.5000000000000000000, 1.000000000000000000 ) ) ;
#3346 = CIRCLE ( 'NONE', #2687, 10.00000000000000000 ) ;
#3347 = AXIS2_PLACEMENT_3D ( 'NONE', #5472, #2461, #2991 ) ;
#3348 = EDGE_CURVE ( 'NONE', #425, #3156, #4291, .T. ) ;
#3349 = CARTESIAN_POINT ( 'NONE',  ( -122.2163469164071472, -0.5000000000000000000, -3.535714285714283367 ) ) ;
#3350 = ORIENTED_EDGE ( 'NONE', *, *, #2102, .T. ) ;
#3351 = DIRECTION ( 'NONE',  ( 2.775557561562891351E-15, 0.000000000000000000, 1.000000000000000000 ) ) ;
#3352 = DIRECTION ( 'NONE',  ( 0.000000000000000000, 1.000000000000000000, 0.000000000000000000 ) ) ;
#3353 = AXIS2_PLACEMENT_3D ( 'NONE', #3652, #6124, #5420 ) ;
#3354 = ORIENTED_EDGE ( 'NONE', *, *, #5697, .F. ) ;
#3355 = VECTOR ( 'NONE', #279, 1000.000000000000000 ) ;
#3356 = DIRECTION ( 'NONE',  ( 0.000000000000000000, 0.000000000000000000, 1.000000000000000000 ) ) ;
#3357 = AXIS2_PLACEMENT_3D ( 'NONE', #2802, #7845, #3555 ) ;
#3358 = LINE ( 'NONE', #7863, #409 ) ;
#3359 = AXIS2_PLACEMENT_3D ( 'NONE', #3764, #5705, #5002 ) ;
#3360 = DIRECTION ( 'NONE',  ( -0.000000000000000000, -0.000000000000000000, 1.000000000000000000 ) ) ;
#3361 = CARTESIAN_POINT ( 'NONE',  ( -2.999999999999999112, 3.999999999999999112, 2.499999999999999556 ) ) ;
#3362 = AXIS2_PLACEMENT_3D ( 'NONE', #8142, #2448, #4966 ) ;
#3363 = AXIS2_PLACEMENT_3D ( 'NONE', #4593, #165, #7866 ) ;
#3364 = LINE ( 'NONE', #7777, #2161 ) ;
#3365 = DIRECTION ( 'NONE',  ( 0.6666666666666649643, 0.000000000000000000, 0.7453559924999314523 ) ) ;
#3366 = ORIENTED_EDGE ( 'NONE', *, *, #1878, .T. ) ;
#3367 = ORIENTED_EDGE ( 'NONE', *, *, #4373, .F. ) ;
#3368 = VECTOR ( 'NONE', #3422, 1000.000000000000000 ) ;
#3369 = DIRECTION ( 'NONE',  ( 0.000000000000000000, 0.000000000000000000, 1.000000000000000000 ) ) ;
#3370 = VECTOR ( 'NONE', #4463, 1000.000000000000000 ) ;
#3371 = ADVANCED_FACE ( 'NONE', ( #2403 ), #5128, .T. ) ;
#3372 = CARTESIAN_POINT ( 'NONE',  ( 83.87298334620741969, 6.500000000000000000, 1.000000000000000000 ) ) ;
#3373 = ADVANCED_FACE ( 'NONE', ( #4721 ), #7817, .F. ) ;
#3374 = ORIENTED_EDGE ( 'NONE', *, *, #3578, .F. ) ;
#3375 = CYLINDRICAL_SURFACE ( 'NONE', #6801, 3.999999999999996447 ) ;
#3376 = ORIENTED_EDGE ( 'NONE', *, *, #5160, .T. ) ;
#3377 = AXIS2_PLACEMENT_3D ( 'NONE', #4394, #2421, #7043 ) ;
#3378 = AXIS2_PLACEMENT_3D ( 'NONE', #5409, #2227, #231 ) ;
#3379 = ORIENTED_EDGE ( 'NONE', *, *, #7738, .F. ) ;
#3380 = DIRECTION ( 'NONE',  ( -1.000000000000000000, 4.336808689942017736E-16, 0.000000000000000000 ) ) ;
#3381 = CARTESIAN_POINT ( 'NONE',  ( -131.5000000000000000, -1.499999991679463296, -1.540965426334954369 ) ) ;
#3382 = DIRECTION ( 'NONE',  ( 1.000000000000000000, 0.000000000000000000, 0.000000000000000000 ) ) ;
#3383 = DIRECTION ( 'NONE',  ( 0.000000000000000000, -1.000000000000000000, 0.000000000000000000 ) ) ;
#3384 = ORIENTED_EDGE ( 'NONE', *, *, #2844, .T. ) ;
#3385 = CARTESIAN_POINT ( 'NONE',  ( -131.0000000000000000, -1.000000000000000000, 1.673907284147948538 ) ) ;
#3386 = ORIENTED_EDGE ( 'NONE', *, *, #2528, .F. ) ;
#3387 = LINE ( 'NONE', #4081, #2836 ) ;
#3388 = CARTESIAN_POINT ( 'NONE',  ( -2.999999999999999112, -1.887458608817685901, -6.500000000000000000 ) ) ;
#3389 = DIRECTION ( 'NONE',  ( 1.000000000000000000, -0.000000000000000000, 0.000000000000000000 ) ) ;
#3390 = TOROIDAL_SURFACE ( 'NONE', #5646, 4.500000000000000888, 0.5000000000000000000 ) ;
#3391 = EDGE_CURVE ( 'NONE', #7736, #4314, #2247, .T. ) ;
#3392 = EDGE_CURVE ( 'NONE', #3863, #5371, #5704, .T. ) ;
#3393 = ADVANCED_FACE ( 'NONE', ( #6860 ), #620, .T. ) ;
#3394 = CARTESIAN_POINT ( 'NONE',  ( 37.50000000000000711, -6.500000000000000000, 0.000000000000000000 ) ) ;
#3395 = ORIENTED_EDGE ( 'NONE', *, *, #4248, .F. ) ;
#3396 = CARTESIAN_POINT ( 'NONE',  ( 5.000000000000000000, 2.499999999999999556, 0.000000000000000000 ) ) ;
#3397 = ORIENTED_EDGE ( 'NONE', *, *, #1421, .F. ) ;
#3398 = CYLINDRICAL_SURFACE ( 'NONE', #4408, 4.000000000000003553 ) ;
#3399 = EDGE_LOOP ( 'NONE', ( #1983, #4834, #4436, #4830 ) ) ;
#3400 = DIRECTION ( 'NONE',  ( 0.000000000000000000, -0.000000000000000000, -1.000000000000000000 ) ) ;
#3401 = EDGE_CURVE ( 'NONE', #1148, #3587, #1904, .T. ) ;
#3402 = DIRECTION ( 'NONE',  ( 0.000000000000000000, 0.000000000000000000, 1.000000000000000000 ) ) ;
#3403 = ADVANCED_FACE ( 'NONE', ( #5669 ), #181, .F. ) ;
#3404 = CARTESIAN_POINT ( 'NONE',  ( 5.000000000000000000, 2.499999999999999556, 0.000000000000000000 ) ) ;
#3405 = DIRECTION ( 'NONE',  ( 1.000000000000000000, 0.000000000000000000, 0.000000000000000000 ) ) ;
#3406 = CARTESIAN_POINT ( 'NONE',  ( 131.5000000000000000, 6.500000000000000000, 0.5418045322075869530 ) ) ;
#3407 = DIRECTION ( 'NONE',  ( -0.000000000000000000, 1.000000000000000000, -0.000000000000000000 ) ) ;
#3408 = ORIENTED_EDGE ( 'NONE', *, *, #363, .F. ) ;
#3409 = ORIENTED_EDGE ( 'NONE', *, *, #7939, .T. ) ;
#3410 = CARTESIAN_POINT ( 'NONE',  ( -125.0000000000000000, -1.000000000000000000, 0.000000000000000000 ) ) ;
#3411 = DIRECTION ( 'NONE',  ( 0.000000000000000000, 0.000000000000000000, -1.000000000000000000 ) ) ;
#3412 = ORIENTED_EDGE ( 'NONE', *, *, #6378, .T. ) ;
#3413 = CYLINDRICAL_SURFACE ( 'NONE', #1129, 3.750000000000006217 ) ;
#3414 = VERTEX_POINT ( 'NONE', #2519 ) ;
#3415 = ORIENTED_EDGE ( 'NONE', *, *, #5107, .F. ) ;
#3416 = DIRECTION ( 'NONE',  ( 1.000000000000000000, 0.000000000000000000, 0.000000000000000000 ) ) ;
#3417 = CIRCLE ( 'NONE', #6195, 4.000000000000003553 ) ;
#3418 = CARTESIAN_POINT ( 'NONE',  ( -7.750000000000000000, 3.367778697655220519E-16, -6.500000000000000000 ) ) ;
#3419 = DIRECTION ( 'NONE',  ( 0.000000000000000000, 0.000000000000000000, -1.000000000000000000 ) ) ;
#3420 = CARTESIAN_POINT ( 'NONE',  ( 125.0000000000000000, 6.500000000000000000, 0.000000000000000000 ) ) ;
#3421 = VERTEX_POINT ( 'NONE', #1311 ) ;
#3422 = DIRECTION ( 'NONE',  ( 0.000000000000000000, -1.000000000000000000, 0.000000000000000000 ) ) ;
#3423 = EDGE_LOOP ( 'NONE', ( #6306, #599, #7746, #3294 ) ) ;
#3424 = CARTESIAN_POINT ( 'NONE',  ( -71.33974596215561803, -1.000000000000000000, -11.00000000000000000 ) ) ;
#3425 = CARTESIAN_POINT ( 'NONE',  ( -80.00000000000000000, -2.299999999999998934, -3.750000000000006217 ) ) ;
#3426 = DIRECTION ( 'NONE',  ( 0.000000000000000000, 1.000000000000000000, 0.000000000000000000 ) ) ;
#3427 = DIRECTION ( 'NONE',  ( 0.000000000000000000, -1.000000000000000000, 0.000000000000000000 ) ) ;
#3428 = VERTEX_POINT ( 'NONE', #1276 ) ;
#3429 = DIRECTION ( 'NONE',  ( -1.000000000000000000, 0.000000000000000000, 0.000000000000000000 ) ) ;
#3430 = VERTEX_POINT ( 'NONE', #3835 ) ;
#3431 = FACE_OUTER_BOUND ( 'NONE', #6638, .T. ) ;
#3432 = ORIENTED_EDGE ( 'NONE', *, *, #4449, .T. ) ;
#3433 = ADVANCED_FACE ( 'NONE', ( #2485, #1824 ), #3801, .T. ) ;
#3434 = CARTESIAN_POINT ( 'NONE',  ( -131.0000000000000000, -1.000000000000000000, 0.6229813658380594088 ) ) ;
#3435 = EDGE_CURVE ( 'NONE', #5645, #7425, #8145, .T. ) ;
#3436 = DIRECTION ( 'NONE',  ( -0.000000000000000000, -1.000000000000000000, 0.000000000000000000 ) ) ;
#3437 = CARTESIAN_POINT ( 'NONE',  ( 2.999999999999999112, -2.499999999999999556, 5.000000000000002665 ) ) ;
#3438 = DIRECTION ( 'NONE',  ( 0.000000000000000000, -1.000000000000000000, 0.000000000000000000 ) ) ;
#3439 = AXIS2_PLACEMENT_3D ( 'NONE', #7918, #2307, #4077 ) ;
#3440 = ADVANCED_FACE ( 'NONE', ( #1860 ), #5037, .F. ) ;
#3441 = CARTESIAN_POINT ( 'NONE',  ( -12.47408067997884906, -0.6781198057792218181, -6.499999999999519495 ) ) ;
#3442 = CARTESIAN_POINT ( 'NONE',  ( -23.55047706695932064, -1.000000000000000000, 11.00000000000000000 ) ) ;
#3443 = FACE_OUTER_BOUND ( 'NONE', #4254, .T. ) ;
#3444 = VERTEX_POINT ( 'NONE', #4461 ) ;
#3445 = CIRCLE ( 'NONE', #6220, 0.5000000000000004441 ) ;
#3446 = EDGE_CURVE ( 'NONE', #2105, #6825, #4512, .T. ) ;
#3447 = ORIENTED_EDGE ( 'NONE', *, *, #3079, .F. ) ;
#3448 = EDGE_CURVE ( 'NONE', #4682, #3087, #4969, .T. ) ;
#3449 = AXIS2_PLACEMENT_3D ( 'NONE', #7555, #2481, #24 ) ;
#3450 = DIRECTION ( 'NONE',  ( -0.000000000000000000, 1.000000000000000000, -0.000000000000000000 ) ) ;
#3451 = DIRECTION ( 'NONE',  ( 0.000000000000000000, 0.000000000000000000, 1.000000000000000000 ) ) ;
#3452 = VECTOR ( 'NONE', #7772, 1000.000000000000000 ) ;
#3453 = EDGE_CURVE ( 'NONE', #2949, #5406, #6140, .T. ) ;
#3454 = ORIENTED_EDGE ( 'NONE', *, *, #7529, .F. ) ;
#3455 = CARTESIAN_POINT ( 'NONE',  ( -3.999999999999999112, -5.000000000000000888, -6.500000000000000000 ) ) ;
#3456 = VERTEX_POINT ( 'NONE', #7531 ) ;
#3457 = AXIS2_PLACEMENT_3D ( 'NONE', #2770, #154, #3351 ) ;
#3458 = ORIENTED_EDGE ( 'NONE', *, *, #5674, .F. ) ;
#3459 = VECTOR ( 'NONE', #7673, 1000.000000000000000 ) ;
#3460 = DIRECTION ( 'NONE',  ( 0.000000000000000000, -1.000000000000000000, 0.000000000000000000 ) ) ;
#3461 = AXIS2_PLACEMENT_3D ( 'NONE', #582, #5677, #2525 ) ;
#3462 = CARTESIAN_POINT ( 'NONE',  ( -88.66025403784438197, 6.500000000000000000, 11.00000000000000000 ) ) ;
#3463 = CARTESIAN_POINT ( 'NONE',  ( 2.999999999999999112, -6.500000000000000000, 5.000000000000002665 ) ) ;
#3464 = EDGE_CURVE ( 'NONE', #1053, #3078, #6925, .T. ) ;
#3465 = DIRECTION ( 'NONE',  ( 0.000000000000000000, 1.000000000000000000, 0.000000000000000000 ) ) ;
#3466 = EDGE_LOOP ( 'NONE', ( #635, #40, #7259, #5668 ) ) ;
#3467 = CIRCLE ( 'NONE', #3324, 5.000000000000000000 ) ;
#3468 = CARTESIAN_POINT ( 'NONE',  ( -131.5000000000000000, -6.500000000000000000, -4.500000000000001776 ) ) ;
#3469 = ORIENTED_EDGE ( 'NONE', *, *, #1055, .T. ) ;
#3470 = DIRECTION ( 'NONE',  ( 1.000000000000000000, 0.000000000000000000, 0.000000000000000000 ) ) ;
#3471 = DIRECTION ( 'NONE',  ( 0.000000000000000000, 0.000000000000000000, 1.000000000000000000 ) ) ;
#3472 = CARTESIAN_POINT ( 'NONE',  ( 131.0196821693998857, -0.9870972715051087309, 1.417359108143126489 ) ) ;
#3473 = AXIS2_PLACEMENT_3D ( 'NONE', #971, #6560, #7915 ) ;
#3474 = LINE ( 'NONE', #5992, #5430 ) ;
#3475 = VERTEX_POINT ( 'NONE', #6993 ) ;
#3476 = FACE_OUTER_BOUND ( 'NONE', #6524, .T. ) ;
#3477 = EDGE_LOOP ( 'NONE', ( #3798, #3780, #5065, #551 ) ) ;
#3478 = EDGE_CURVE ( 'NONE', #6444, #5743, #3119, .T. ) ;
#3479 = CIRCLE ( 'NONE', #5595, 3.750000000000006217 ) ;
#3480 = EDGE_LOOP ( 'NONE', ( #7809, #214, #2811, #4552 ) ) ;
#3481 = CARTESIAN_POINT ( 'NONE',  ( 2.999999999999999112, -2.499999999999999556, 5.000000000000002665 ) ) ;
#3482 = VECTOR ( 'NONE', #480, 1000.000000000000000 ) ;
#3483 = VECTOR ( 'NONE', #7220, 1000.000000000000000 ) ;
#3484 = CARTESIAN_POINT ( 'NONE',  ( 11.19432624775223495, -0.5000000000000000000, 6.500000000000000888 ) ) ;
#3485 = CARTESIAN_POINT ( 'NONE',  ( 11.19432624775224028, 6.500000000000000000, -6.500000000000000000 ) ) ;
#3486 = CARTESIAN_POINT ( 'NONE',  ( 125.0000000000000000, -0.5000000000000000000, 0.000000000000000000 ) ) ;
#3487 = VECTOR ( 'NONE', #4796, 1000.000000000000000 ) ;
#3488 = CARTESIAN_POINT ( 'NONE',  ( 131.0000000000000000, -1.000000000000000000, 4.500000000000000000 ) ) ;
#3489 = CARTESIAN_POINT ( 'NONE',  ( -5.999999999999999112, -4.000000000000000000, 2.499999999999999556 ) ) ;
#3490 = ORIENTED_EDGE ( 'NONE', *, *, #6533, .T. ) ;
#3491 = DIRECTION ( 'NONE',  ( 0.000000000000000000, 0.000000000000000000, -1.000000000000000000 ) ) ;
#3492 = VERTEX_POINT ( 'NONE', #7497 ) ;
#3493 = FACE_OUTER_BOUND ( 'NONE', #6103, .T. ) ;
#3494 = AXIS2_PLACEMENT_3D ( 'NONE', #1963, #5721, #49 ) ;
#3495 = AXIS2_PLACEMENT_3D ( 'NONE', #4711, #6419, #3276 ) ;
#3496 = CARTESIAN_POINT ( 'NONE',  ( 5.999999999999999112, -2.499999999999999556, 4.000000000000002665 ) ) ;
#3497 = EDGE_CURVE ( 'NONE', #7951, #89, #5623, .T. ) ;
#3498 = EDGE_CURVE ( 'NONE', #1423, #4124, #1873, .T. ) ;
#3499 = EDGE_CURVE ( 'NONE', #6521, #7766, #2056, .T. ) ;
#3500 = ORIENTED_EDGE ( 'NONE', *, *, #2416, .T. ) ;
#3501 = FACE_OUTER_BOUND ( 'NONE', #71, .T. ) ;
#3502 = ORIENTED_EDGE ( 'NONE', *, *, #3598, .T. ) ;
#3503 = AXIS2_PLACEMENT_3D ( 'NONE', #146, #3305, #7843 ) ;
#3504 = AXIS2_PLACEMENT_3D ( 'NONE', #4602, #7124, #5307 ) ;
#3505 = ORIENTED_EDGE ( 'NONE', *, *, #2828, .T. ) ;
#3506 = AXIS2_PLACEMENT_3D ( 'NONE', #3011, #6818, #6968 ) ;
#3507 = AXIS2_PLACEMENT_3D ( 'NONE', #7455, #3070, #3692 ) ;
#3508 = LINE ( 'NONE', #5897, #4136 ) ;
#3509 = EDGE_CURVE ( 'NONE', #787, #2103, #5349, .T. ) ;
#3510 = DIRECTION ( 'NONE',  ( -0.000000000000000000, -0.000000000000000000, 1.000000000000000000 ) ) ;
#3511 = CARTESIAN_POINT ( 'NONE',  ( 118.2917960675006412, 6.500000000000000000, -6.000000000000000000 ) ) ;
#3512 = AXIS2_PLACEMENT_3D ( 'NONE', #6593, #4198, #2251 ) ;
#3513 = DIRECTION ( 'NONE',  ( 0.000000000000000000, 1.000000000000000000, 0.000000000000000000 ) ) ;
#3514 = CIRCLE ( 'NONE', #730, 9.999999999999998224 ) ;
#3515 = ORIENTED_EDGE ( 'NONE', *, *, #7675, .T. ) ;
#3516 = DIRECTION ( 'NONE',  ( 0.000000000000000000, 0.000000000000000000, 1.000000000000000000 ) ) ;
#3517 = EDGE_LOOP ( 'NONE', ( #6550, #2484, #5793, #1671 ) ) ;
#3518 = DIRECTION ( 'NONE',  ( 1.000000000000000000, -0.000000000000000000, 0.000000000000000000 ) ) ;
#3519 = CARTESIAN_POINT ( 'NONE',  ( -90.00000000000001421, -2.999999999999999556, 5.000000000000000888 ) ) ;
#3520 = CARTESIAN_POINT ( 'NONE',  ( -131.0385005363125117, -0.9999999999999972244, -1.534896535675130735 ) ) ;
#3521 = ORIENTED_EDGE ( 'NONE', *, *, #245, .F. ) ;
#3522 = CARTESIAN_POINT ( 'NONE',  ( 86.70820393249938718, 6.500000000000000000, -1.000000000000000000 ) ) ;
#3523 = ORIENTED_EDGE ( 'NONE', *, *, #1736, .F. ) ;
#3524 = CARTESIAN_POINT ( 'NONE',  ( 80.00000000000000000, -2.299999999999998934, 0.000000000000000000 ) ) ;
#3525 = EDGE_LOOP ( 'NONE', ( #2132, #5211, #4197, #3338, #4749, #1139, #1964, #368, #5382, #5244, #6614, #4949 ) ) ;
#3526 = DIRECTION ( 'NONE',  ( 0.000000000000000000, 1.000000000000000000, 0.000000000000000000 ) ) ;
#3527 = CARTESIAN_POINT ( 'NONE',  ( 125.0000000000000000, -1.000000000000000000, 0.000000000000000000 ) ) ;
#3528 = EDGE_CURVE ( 'NONE', #5525, #7069, #3894, .T. ) ;
#3529 = CARTESIAN_POINT ( 'NONE',  ( -121.1270166537925803, 6.500000000000000000, 1.000000000000000000 ) ) ;
#3530 = DIRECTION ( 'NONE',  ( 1.892425610156516974E-15, 0.000000000000000000, -1.000000000000000000 ) ) ;
#3531 = CYLINDRICAL_SURFACE ( 'NONE', #616, 1.000000000000000000 ) ;
#3532 = CARTESIAN_POINT ( 'NONE',  ( 125.0000000000000000, -0.5000000000000000000, 3.999999999999996447 ) ) ;
#3533 = ORIENTED_EDGE ( 'NONE', *, *, #6693, .F. ) ;
#3534 = DIRECTION ( 'NONE',  ( -0.000000000000000000, -1.000000000000000000, 0.000000000000000000 ) ) ;
#3535 = VERTEX_POINT ( 'NONE', #3728 ) ;
#3536 = DIRECTION ( 'NONE',  ( 0.000000000000000000, 1.000000000000000000, 0.000000000000000000 ) ) ;
#3537 = CIRCLE ( 'NONE', #4987, 4.000000000000003553 ) ;
#3538 = CARTESIAN_POINT ( 'NONE',  ( -114.9999999999999858, -2.999999999999999556, 5.000000000000000888 ) ) ;
#3539 = EDGE_LOOP ( 'NONE', ( #2691, #1296 ) ) ;
#3540 = CARTESIAN_POINT ( 'NONE',  ( 40.85410196624969359, -0.5000000000000000000, 3.000000000000002220 ) ) ;
#3541 = ORIENTED_EDGE ( 'NONE', *, *, #7117, .F. ) ;
#3542 = EDGE_LOOP ( 'NONE', ( #5687, #7818, #5165, #5951 ) ) ;
#3543 = EDGE_CURVE ( 'NONE', #7078, #5914, #6303, .T. ) ;
#3544 = DIRECTION ( 'NONE',  ( -1.000000000000000000, 0.000000000000000000, 0.000000000000000000 ) ) ;
#3545 = EDGE_CURVE ( 'NONE', #8088, #3777, #630, .T. ) ;
#3546 = EDGE_CURVE ( 'NONE', #5109, #5364, #6258, .T. ) ;
#3547 = DIRECTION ( 'NONE',  ( 0.6666666666666649643, 0.000000000000000000, -0.7453559924999314523 ) ) ;
#3548 = DIRECTION ( 'NONE',  ( 0.000000000000000000, 0.000000000000000000, 1.000000000000000000 ) ) ;
#3549 = EDGE_LOOP ( 'NONE', ( #7622, #3675, #2424, #6565 ) ) ;
#3550 = DIRECTION ( 'NONE',  ( 0.000000000000000000, 0.000000000000000000, -1.000000000000000000 ) ) ;
#3551 = ORIENTED_EDGE ( 'NONE', *, *, #1677, .T. ) ;
#3552 = ADVANCED_FACE ( 'NONE', ( #1285 ), #3157, .T. ) ;
#3553 = DIRECTION ( 'NONE',  ( -0.000000000000000000, 1.000000000000000000, -0.000000000000000000 ) ) ;
#3554 = ORIENTED_EDGE ( 'NONE', *, *, #6581, .F. ) ;
#3555 = DIRECTION ( 'NONE',  ( 0.000000000000000000, 0.000000000000000000, 1.000000000000000000 ) ) ;
#3556 = ADVANCED_FACE ( 'NONE', ( #5647, #5098 ), #3031, .T. ) ;
#3557 = CARTESIAN_POINT ( 'NONE',  ( 131.5000000000000000, -1.010086674709440802, 1.486055322725631456 ) ) ;
#3558 = LINE ( 'NONE', #6776, #4470 ) ;
#3559 = ORIENTED_EDGE ( 'NONE', *, *, #4491, .F. ) ;
#3560 = DIRECTION ( 'NONE',  ( 1.000000000000000000, 0.000000000000000000, 0.000000000000000000 ) ) ;
#3561 = VERTEX_POINT ( 'NONE', #1162 ) ;
#3562 = PLANE ( 'NONE',  #5069 ) ;
#3563 = VERTEX_POINT ( 'NONE', #505 ) ;
#3564 = PLANE ( 'NONE',  #5868 ) ;
#3565 = FACE_OUTER_BOUND ( 'NONE', #4890, .T. ) ;
#3566 = CARTESIAN_POINT ( 'NONE',  ( 131.4999999999999716, -1.116909580147423586, 0.7458040713545593947 ) ) ;
#3567 = CARTESIAN_POINT ( 'NONE',  ( -116.3397459621556038, 6.500000000000000000, 1.000000000000000000 ) ) ;
#3568 = PLANE ( 'NONE',  #1673 ) ;
#3569 = FACE_OUTER_BOUND ( 'NONE', #7145, .T. ) ;
#3570 = ORIENTED_EDGE ( 'NONE', *, *, #2384, .F. ) ;
#3571 = FILL_AREA_STYLE ('',( #5354 ) ) ;
#3572 = VERTEX_POINT ( 'NONE', #8156 ) ;
#3573 = DIRECTION ( 'NONE',  ( 0.000000000000000000, 0.000000000000000000, 1.000000000000000000 ) ) ;
#3574 = DIRECTION ( 'NONE',  ( -0.000000000000000000, 1.000000000000000000, -0.000000000000000000 ) ) ;
#3575 = VERTEX_POINT ( 'NONE', #2531 ) ;
#3576 = DIRECTION ( 'NONE',  ( 0.000000000000000000, 0.000000000000000000, -1.000000000000000000 ) ) ;
#3577 = VERTEX_POINT ( 'NONE', #3661 ) ;
#3578 = EDGE_CURVE ( 'NONE', #7254, #2345, #8069, .T. ) ;
#3579 = EDGE_LOOP ( 'NONE', ( #6937, #6981, #1464, #6339, #6385, #2252, #894, #3179, #7318, #1965 ) ) ;
#3580 = DIRECTION ( 'NONE',  ( 0.000000000000000000, 0.000000000000000000, 1.000000000000000000 ) ) ;
#3581 = DIRECTION ( 'NONE',  ( 0.000000000000000000, 0.000000000000000000, 1.000000000000000000 ) ) ;
#3582 = AXIS2_PLACEMENT_3D ( 'NONE', #2615, #1365, #5833 ) ;
#3583 = DIRECTION ( 'NONE',  ( 1.000000000000000000, 0.000000000000000000, -0.000000000000000000 ) ) ;
#3584 = ORIENTED_EDGE ( 'NONE', *, *, #4440, .T. ) ;
#3585 = DIRECTION ( 'NONE',  ( -0.000000000000000000, -1.000000000000000000, -0.000000000000000000 ) ) ;
#3586 = ADVANCED_FACE ( 'NONE', ( #5048 ), #5482, .F. ) ;
#3587 = VERTEX_POINT ( 'NONE', #6212 ) ;
#3588 = DIRECTION ( 'NONE',  ( 0.6479245835587781333, 0.000000000000000000, -0.7617044925823821533 ) ) ;
#3589 = EDGE_LOOP ( 'NONE', ( #679, #3168, #918, #5712 ) ) ;
#3590 = CIRCLE ( 'NONE', #7141, 5.000000000000000000 ) ;
#3591 = LINE ( 'NONE', #5283, #5340 ) ;
#3592 = DIRECTION ( 'NONE',  ( 0.000000000000000000, 1.000000000000000000, 0.000000000000000000 ) ) ;
#3593 = CARTESIAN_POINT ( 'NONE',  ( 69.99999999999998579, -2.999999999999999556, 2.602085213965210642E-15 ) ) ;
#3594 = EDGE_CURVE ( 'NONE', #8022, #3259, #1918, .T. ) ;
#3595 = ORIENTED_EDGE ( 'NONE', *, *, #5464, .F. ) ;
#3596 = ADVANCED_FACE ( 'NONE', ( #8116 ), #2463, .T. ) ;
#3597 = DIRECTION ( 'NONE',  ( 0.000000000000000000, -1.000000000000000000, 0.000000000000000000 ) ) ;
#3598 = EDGE_CURVE ( 'NONE', #6920, #4080, #4012, .T. ) ;
#3599 = ORIENTED_EDGE ( 'NONE', *, *, #1112, .T. ) ;
#3600 = DIRECTION ( 'NONE',  ( 0.000000000000000000, 0.000000000000000000, 1.000000000000000000 ) ) ;
#3601 = CARTESIAN_POINT ( 'NONE',  ( -19.00000000000000355, -2.999999999999999556, 1.421904488505581133E-16 ) ) ;
#3602 = VERTEX_POINT ( 'NONE', #7653 ) ;
#3603 = CARTESIAN_POINT ( 'NONE',  ( 131.5000000000000000, -0.4999999999999996669, -0.5418045322075860648 ) ) ;
#3604 = DIRECTION ( 'NONE',  ( -1.000000000000000000, 0.000000000000000000, 2.843808977011159555E-17 ) ) ;
#3605 = AXIS2_PLACEMENT_3D ( 'NONE', #3884, #3959, #7189 ) ;
#3606 = ADVANCED_FACE ( 'NONE', ( #705 ), #6493, .T. ) ;
#3607 = DIRECTION ( 'NONE',  ( 0.000000000000000000, 0.000000000000000000, 1.000000000000000000 ) ) ;
#3608 = DIRECTION ( 'NONE',  ( 0.000000000000000000, 0.000000000000000000, 1.000000000000000000 ) ) ;
#3609 = DIRECTION ( 'NONE',  ( 0.000000000000000000, 1.000000000000000000, 0.000000000000000000 ) ) ;
#3610 = CARTESIAN_POINT ( 'NONE',  ( 32.50000000000000000, -2.999999999999999556, -8.673617379884035472E-16 ) ) ;
#3611 = CIRCLE ( 'NONE', #5841, 9.500000000000000000 ) ;
#3612 = ORIENTED_EDGE ( 'NONE', *, *, #7027, .T. ) ;
#3613 = VECTOR ( 'NONE', #6050, 1000.000000000000000 ) ;
#3614 = CARTESIAN_POINT ( 'NONE',  ( 47.50000000000000000, -2.999999999999999556, 5.000000000000002665 ) ) ;
#3615 = FACE_OUTER_BOUND ( 'NONE', #1174, .T. ) ;
#3616 = AXIS2_PLACEMENT_3D ( 'NONE', #2795, #2179, #4165 ) ;
#3617 = CIRCLE ( 'NONE', #7831, 2.750000000000000000 ) ;
#3618 = DIRECTION ( 'NONE',  ( 0.000000000000000000, 0.000000000000000000, 1.000000000000000000 ) ) ;
#3619 = VERTEX_POINT ( 'NONE', #4670 ) ;
#3620 = FACE_OUTER_BOUND ( 'NONE', #447, .T. ) ;
#3621 = VERTEX_POINT ( 'NONE', #3313 ) ;
#3622 = ORIENTED_EDGE ( 'NONE', *, *, #2222, .T. ) ;
#3623 = AXIS2_PLACEMENT_3D ( 'NONE', #2611, #5792, #115 ) ;
#3624 = LINE ( 'NONE', #6149, #3482 ) ;
#3625 = VECTOR ( 'NONE', #1599, 1000.000000000000000 ) ;
#3626 = FACE_BOUND ( 'NONE', #6636, .T. ) ;
#3627 = DIRECTION ( 'NONE',  ( 0.7453559924999200170, 0.000000000000000000, 0.6666666666666777319 ) ) ;
#3628 = ADVANCED_FACE ( 'NONE', ( #869 ), #7771, .T. ) ;
#3629 = EDGE_LOOP ( 'NONE', ( #7664, #7975, #4460, #7045 ) ) ;
#3630 = AXIS2_PLACEMENT_3D ( 'NONE', #4739, #6603, #5245 ) ;
#3631 = CARTESIAN_POINT ( 'NONE',  ( -5.000000000000000000, 0.000000000000000000, -2.499999999999999556 ) ) ;
#3632 = ORIENTED_EDGE ( 'NONE', *, *, #4597, .T. ) ;
#3633 = AXIS2_PLACEMENT_3D ( 'NONE', #6506, #2093, #6467 ) ;
#3634 = CARTESIAN_POINT ( 'NONE',  ( 11.19432624775224028, -0.4999999999999995559, 6.500000000000000000 ) ) ;
#3635 = ORIENTED_EDGE ( 'NONE', *, *, #863, .F. ) ;
#3636 = CIRCLE ( 'NONE', #4678, 10.00000000000000000 ) ;
#3637 = AXIS2_PLACEMENT_3D ( 'NONE', #5013, #41, #4979 ) ;
#3638 = APPLICATION_PROTOCOL_DEFINITION ( 'draft international standard', 'automotive_design', 1998, #1279 ) ;
#3639 = CYLINDRICAL_SURFACE ( 'NONE', #7312, 0.5000000000000000000 ) ;
#3640 = DIRECTION ( 'NONE',  ( -2.775557561562891351E-15, 0.000000000000000000, 1.000000000000000000 ) ) ;
#3641 = CIRCLE ( 'NONE', #7599, 0.5000000000000026645 ) ;
#3642 = CIRCLE ( 'NONE', #5631, 4.000000000000003553 ) ;
#3643 = DIRECTION ( 'NONE',  ( -0.000000000000000000, -1.000000000000000000, -0.000000000000000000 ) ) ;
#3644 = AXIS2_PLACEMENT_3D ( 'NONE', #7908, #1712, #3618 ) ;
#3645 = ORIENTED_EDGE ( 'NONE', *, *, #3802, .F. ) ;
#3646 = CARTESIAN_POINT ( 'NONE',  ( -116.3397459621556038, 6.500000000000000000, 11.00000000000000000 ) ) ;
#3647 = EDGE_LOOP ( 'NONE', ( #2005, #885, #5575, #221, #2260, #1693 ) ) ;
#3648 = DIRECTION ( 'NONE',  ( 0.000000000000000000, -1.000000000000000000, 0.000000000000000000 ) ) ;
#3649 = LINE ( 'NONE', #6861, #4943 ) ;
#3650 = AXIS2_PLACEMENT_3D ( 'NONE', #424, #884, #2956 ) ;
#3651 = DIRECTION ( 'NONE',  ( 0.000000000000000000, 0.000000000000000000, 1.000000000000000000 ) ) ;
#3652 = CARTESIAN_POINT ( 'NONE',  ( -23.55047706695932064, -1.000000000000000000, -11.00000000000000000 ) ) ;
#3653 = ADVANCED_FACE ( 'NONE', ( #4509 ), #4164, .F. ) ;
#3654 = EDGE_CURVE ( 'NONE', #2955, #2071, #323, .T. ) ;
#3655 = FACE_OUTER_BOUND ( 'NONE', #6714, .T. ) ;
#3656 = CARTESIAN_POINT ( 'NONE',  ( -13.21319415759695204, -1.071214640474289492, -6.499999999999999112 ) ) ;
#3657 = CARTESIAN_POINT ( 'NONE',  ( 131.0000000000000000, -1.000000000000000000, 1.000000000000000000 ) ) ;
#3658 = LINE ( 'NONE', #1833, #1096 ) ;
#3659 = EDGE_CURVE ( 'NONE', #1583, #5058, #7591, .T. ) ;
#3660 = ORIENTED_EDGE ( 'NONE', *, *, #5377, .F. ) ;
#3661 = CARTESIAN_POINT ( 'NONE',  ( 5.999999999999999112, -2.499999999999999556, 5.000000000000002665 ) ) ;
#3662 = EDGE_CURVE ( 'NONE', #5525, #4612, #5079, .T. ) ;
#3663 = DIRECTION ( 'NONE',  ( 0.4499999999999991229, -1.573344657726184361E-15, 0.8930285549745879958 ) ) ;
#3664 = DIRECTION ( 'NONE',  ( -1.000000000000000000, 2.168404344971008868E-16, 0.000000000000000000 ) ) ;
#3665 = ORIENTED_EDGE ( 'NONE', *, *, #913, .T. ) ;
#3666 = DIRECTION ( 'NONE',  ( 0.000000000000000000, 1.000000000000000000, 0.000000000000000000 ) ) ;
#3667 = ORIENTED_EDGE ( 'NONE', *, *, #4742, .F. ) ;
#3668 = ORIENTED_EDGE ( 'NONE', *, *, #2910, .F. ) ;
#3669 = CARTESIAN_POINT ( 'NONE',  ( 69.99999999999998579, -6.500000000000000000, 5.000000000000002665 ) ) ;
#3670 = DIRECTION ( 'NONE',  ( 0.000000000000000000, 0.000000000000000000, 1.000000000000000000 ) ) ;
#3671 = DIRECTION ( 'NONE',  ( 0.000000000000000000, 0.000000000000000000, 1.000000000000000000 ) ) ;
#3672 = ORIENTED_EDGE ( 'NONE', *, *, #1570, .T. ) ;
#3673 = ORIENTED_EDGE ( 'NONE', *, *, #913, .F. ) ;
#3674 = DIRECTION ( 'NONE',  ( -1.000000000000000000, 0.000000000000000000, -0.000000000000000000 ) ) ;
#3675 = ORIENTED_EDGE ( 'NONE', *, *, #2438, .F. ) ;
#3676 = PRODUCT_CONTEXT ( 'NONE', #6351, 'mechanical' ) ;
#3677 = DIRECTION ( 'NONE',  ( 0.000000000000000000, 1.000000000000000000, 0.000000000000000000 ) ) ;
#3678 = CARTESIAN_POINT ( 'NONE',  ( 5.999999999999999112, 6.500000000000000000, 4.000000000000002665 ) ) ;
#3679 = CARTESIAN_POINT ( 'NONE',  ( -14.62757143285698547, -0.9810885657428785045, 6.130891554710483859 ) ) ;
#3680 = ORIENTED_EDGE ( 'NONE', *, *, #7530, .T. ) ;
#3681 = DIRECTION ( 'NONE',  ( 0.000000000000000000, 0.000000000000000000, 1.000000000000000000 ) ) ;
#3682 = ORIENTED_EDGE ( 'NONE', *, *, #1981, .T. ) ;
#3683 = CARTESIAN_POINT ( 'NONE',  ( 12.20287620078333646, -0.9764405379193458190, -6.500000000000000000 ) ) ;
#3684 = CARTESIAN_POINT ( 'NONE',  ( -3.999999999999999112, 4.999999999999999112, 6.500000000000000000 ) ) ;
#3685 = DIRECTION ( 'NONE',  ( -0.000000000000000000, -1.000000000000000000, 0.000000000000000000 ) ) ;
#3686 = DIRECTION ( 'NONE',  ( 0.000000000000000000, 0.000000000000000000, 1.000000000000000000 ) ) ;
#3687 = CARTESIAN_POINT ( 'NONE',  ( 5.999999999999999112, 2.499999999999999556, 4.000000000000002665 ) ) ;
#3688 = LINE ( 'NONE', #1831, #1223 ) ;
#3689 = DIRECTION ( 'NONE',  ( 0.000000000000000000, -1.000000000000000000, 0.000000000000000000 ) ) ;
#3690 = LINE ( 'NONE', #8066, #7311 ) ;
#3691 = ORIENTED_EDGE ( 'NONE', *, *, #5147, .T. ) ;
#3692 = DIRECTION ( 'NONE',  ( 0.000000000000000000, 0.000000000000000000, 1.000000000000000000 ) ) ;
#3693 = CARTESIAN_POINT ( 'NONE',  ( 37.50000000000000711, -0.5000000000000000000, 0.000000000000000000 ) ) ;
#3694 = CYLINDRICAL_SURFACE ( 'NONE', #7193, 1.000000000000000000 ) ;
#3695 = ORIENTED_EDGE ( 'NONE', *, *, #3966, .T. ) ;
#3696 = ADVANCED_FACE ( 'NONE', ( #7081 ), #986, .F. ) ;
#3697 = DIRECTION ( 'NONE',  ( 0.000000000000000000, -1.000000000000000000, 0.000000000000000000 ) ) ;
#3698 = EDGE_CURVE ( 'NONE', #4080, #788, #7329, .T. ) ;
#3699 = ORIENTED_EDGE ( 'NONE', *, *, #2738, .F. ) ;
#3700 = VERTEX_POINT ( 'NONE', #7150 ) ;
#3701 = PLANE ( 'NONE',  #5598 ) ;
#3702 = LINE ( 'NONE', #3129, #7281 ) ;
#3703 = ADVANCED_FACE ( 'NONE', ( #2115 ), #3897, .T. ) ;
#3704 = CARTESIAN_POINT ( 'NONE',  ( 131.5000000000000000, -1.500000000000000000, 1.552214998774830601 ) ) ;
#3705 = VERTEX_POINT ( 'NONE', #7694 ) ;
#3706 = CARTESIAN_POINT ( 'NONE',  ( 131.5000000000000000, -1.500000000000000000, -4.500000000000000888 ) ) ;
#3707 = ORIENTED_EDGE ( 'NONE', *, *, #4974, .F. ) ;
#3708 = PLANE ( 'NONE',  #4424 ) ;
#3709 = ORIENTED_EDGE ( 'NONE', *, *, #7442, .T. ) ;
#3710 = TOROIDAL_SURFACE ( 'NONE', #5954, 4.500000000000000888, 0.5000000000000000000 ) ;
#3711 = DIRECTION ( 'NONE',  ( 0.000000000000000000, 0.000000000000000000, 1.000000000000000000 ) ) ;
#3712 = DIRECTION ( 'NONE',  ( 0.000000000000000000, 0.000000000000000000, 1.000000000000000000 ) ) ;
#3713 = AXIS2_PLACEMENT_3D ( 'NONE', #2398, #5078, #7517 ) ;
#3714 = CARTESIAN_POINT ( 'NONE',  ( -14.09670305524529610, -1.066904685892873683, 6.500000000000113687 ) ) ;
#3715 = EDGE_LOOP ( 'NONE', ( #2477, #7505, #7138, #6186 ) ) ;
#3716 = AXIS2_PLACEMENT_3D ( 'NONE', #6518, #3299, #5781 ) ;
#3717 = LINE ( 'NONE', #1858, #7980 ) ;
#3718 = EDGE_LOOP ( 'NONE', ( #6576, #7437, #6317, #4481, #829, #1928 ) ) ;
#3719 = DIRECTION ( 'NONE',  ( 0.000000000000000000, -0.000000000000000000, -1.000000000000000000 ) ) ;
#3720 = DIRECTION ( 'NONE',  ( 0.000000000000000000, 0.000000000000000000, 1.000000000000000000 ) ) ;
#3721 = DIRECTION ( 'NONE',  ( 0.000000000000000000, 1.000000000000000000, -0.000000000000000000 ) ) ;
#3722 = LINE ( 'NONE', #6248, #7177 ) ;
#3723 = AXIS2_PLACEMENT_3D ( 'NONE', #2916, #4823, #3581 ) ;
#3724 = CARTESIAN_POINT ( 'NONE',  ( 122.0185760300002897, 6.500000000000000000, 2.666666666666665186 ) ) ;
#3725 = DIRECTION ( 'NONE',  ( 0.000000000000000000, 0.000000000000000000, -1.000000000000000000 ) ) ;
#3726 = DIRECTION ( 'NONE',  ( 0.000000000000000000, 0.000000000000000000, -1.000000000000000000 ) ) ;
#3727 = ORIENTED_EDGE ( 'NONE', *, *, #1562, .T. ) ;
#3728 = CARTESIAN_POINT ( 'NONE',  ( -90.00000000000001421, -2.999999999999999556, -4.999999999999999112 ) ) ;
#3729 = DIRECTION ( 'NONE',  ( -0.000000000000000000, -1.000000000000000000, -0.000000000000000000 ) ) ;
#3730 = DIRECTION ( 'NONE',  ( 0.000000000000000000, 0.000000000000000000, 1.000000000000000000 ) ) ;
#3731 = AXIS2_PLACEMENT_3D ( 'NONE', #7309, #5502, #2926 ) ;
#3732 = AXIS2_PLACEMENT_3D ( 'NONE', #1391, #2674, #768 ) ;
#3733 = ORIENTED_EDGE ( 'NONE', *, *, #3995, .T. ) ;
#3734 = CYLINDRICAL_SURFACE ( 'NONE', #4033, 10.00000000000000000 ) ;
#3735 = VERTEX_POINT ( 'NONE', #7811 ) ;
#3736 = EDGE_LOOP ( 'NONE', ( #218, #3993, #3635, #5178 ) ) ;
#3737 = DIRECTION ( 'NONE',  ( 0.000000000000000000, 0.000000000000000000, 1.000000000000000000 ) ) ;
#3738 = AXIS2_PLACEMENT_3D ( 'NONE', #3117, #4977, #415 ) ;
#3739 = DIRECTION ( 'NONE',  ( 0.000000000000000000, -1.000000000000000000, 0.000000000000000000 ) ) ;
#3740 = ADVANCED_FACE ( 'NONE', ( #2153 ), #2698, .F. ) ;
#3741 = ADVANCED_FACE ( 'NONE', ( #82 ), #4272, .T. ) ;
#3742 = LINE ( 'NONE', #559, #2947 ) ;
#3743 = ADVANCED_FACE ( 'NONE', ( #5339 ), #4811, .F. ) ;
#3744 = ORIENTED_EDGE ( 'NONE', *, *, #7784, .F. ) ;
#3745 = ORIENTED_EDGE ( 'NONE', *, *, #6680, .F. ) ;
#3746 = AXIS2_PLACEMENT_3D ( 'NONE', #6081, #4138, #1114 ) ;
#3747 = LINE ( 'NONE', #3170, #6007 ) ;
#3748 = VERTEX_POINT ( 'NONE', #995 ) ;
#3749 = VECTOR ( 'NONE', #5875, 1000.000000000000000 ) ;
#3750 = ORIENTED_EDGE ( 'NONE', *, *, #2239, .T. ) ;
#3751 = ADVANCED_FACE ( 'NONE', ( #7861 ), #2862, .F. ) ;
#3752 = VECTOR ( 'NONE', #3677, 1000.000000000000000 ) ;
#3753 = CARTESIAN_POINT ( 'NONE',  ( 125.0000000000000000, -0.5000000000000000000, 0.000000000000000000 ) ) ;
#3754 = CARTESIAN_POINT ( 'NONE',  ( 47.50000000000000000, -2.999999999999999556, 2.602085213965210642E-15 ) ) ;
#3755 = ADVANCED_FACE ( 'NONE', ( #7201 ), #3564, .F. ) ;
#3756 = AXIS2_PLACEMENT_3D ( 'NONE', #3891, #80, #7616 ) ;
#3757 = AXIS2_PLACEMENT_3D ( 'NONE', #3337, #2070, #853 ) ;
#3758 = CARTESIAN_POINT ( 'NONE',  ( 76.64589803375031352, -1.000000000000000000, -3.000000000000001332 ) ) ;
#3759 = EDGE_LOOP ( 'NONE', ( #7502, #4569, #5168, #3551, #5027, #4160 ) ) ;
#3760 = VECTOR ( 'NONE', #4902, 1000.000000000000000 ) ;
#3761 = CYLINDRICAL_SURFACE ( 'NONE', #4810, 5.000000000000000000 ) ;
#3762 = VERTEX_POINT ( 'NONE', #4183 ) ;
#3763 = CARTESIAN_POINT ( 'NONE',  ( 131.0367951659428059, -0.9489847279154375315, -1.287622958106545479 ) ) ;
#3764 = CARTESIAN_POINT ( 'NONE',  ( 114.9999999999999858, -6.500000000000000000, 0.000000000000000000 ) ) ;
#3765 = AXIS2_PLACEMENT_3D ( 'NONE', #1861, #2520, #3270 ) ;
#3766 = CARTESIAN_POINT ( 'NONE',  ( 14.07507522016772583, -1.500000000000000444, -6.500000000000001776 ) ) ;
#3767 = AXIS2_PLACEMENT_3D ( 'NONE', #130, #5775, #6469 ) ;
#3768 = CARTESIAN_POINT ( 'NONE',  ( 131.0589872356302124, -0.7657882633346815293, 1.095584766719387204 ) ) ;
#3769 = DIRECTION ( 'NONE',  ( 1.000000000000000000, 0.000000000000000000, 0.000000000000000000 ) ) ;
#3770 = LINE ( 'NONE', #1356, #8153 ) ;
#3771 = CIRCLE ( 'NONE', #466, 1.000000000000000000 ) ;
#3772 = DIRECTION ( 'NONE',  ( 0.000000000000000000, 0.000000000000000000, -1.000000000000000000 ) ) ;
#3773 = ORIENTED_EDGE ( 'NONE', *, *, #5289, .T. ) ;
#3774 = DIRECTION ( 'NONE',  ( 0.000000000000000000, 0.000000000000000000, -1.000000000000000000 ) ) ;
#3775 = DIRECTION ( 'NONE',  ( -0.000000000000000000, 1.000000000000000000, -0.000000000000000000 ) ) ;
#3776 = DIRECTION ( 'NONE',  ( 0.000000000000000000, -0.000000000000000000, -1.000000000000000000 ) ) ;
#3777 = VERTEX_POINT ( 'NONE', #2936 ) ;
#3778 = DIRECTION ( 'NONE',  ( -0.000000000000000000, -1.000000000000000000, -0.000000000000000000 ) ) ;
#3779 = ORIENTED_EDGE ( 'NONE', *, *, #7274, .T. ) ;
#3780 = ORIENTED_EDGE ( 'NONE', *, *, #4316, .F. ) ;
#3781 = DIRECTION ( 'NONE',  ( 0.7857142857142841441, 0.000000000000000000, 0.6185895741317438690 ) ) ;
#3782 = VECTOR ( 'NONE', #7449, 1000.000000000000000 ) ;
#3783 = DIRECTION ( 'NONE',  ( 0.000000000000000000, 0.000000000000000000, -1.000000000000000000 ) ) ;
#3784 = ORIENTED_EDGE ( 'NONE', *, *, #4909, .F. ) ;
#3785 = EDGE_LOOP ( 'NONE', ( #3667, #1022, #3018, #7421 ) ) ;
#3786 = DIRECTION ( 'NONE',  ( 1.000000000000000000, 0.000000000000000000, 0.000000000000000000 ) ) ;
#3787 = ORIENTED_EDGE ( 'NONE', *, *, #3509, .T. ) ;
#3788 = EDGE_CURVE ( 'NONE', #379, #2761, #3902, .T. ) ;
#3789 = UNCERTAINTY_MEASURE_WITH_UNIT (LENGTH_MEASURE( 1.000000000000000082E-05 ), #6752, 'distance_accuracy_value', 'NONE');
#3790 = EDGE_CURVE ( 'NONE', #5947, #1374, #64, .T. ) ;
#3791 = ORIENTED_EDGE ( 'NONE', *, *, #3654, .T. ) ;
#3792 = ADVANCED_FACE ( 'NONE', ( #371 ), #2327, .T. ) ;
#3793 = CARTESIAN_POINT ( 'NONE',  ( -19.00000000000000000, -2.999999999999999556, -1.734723475976807094E-15 ) ) ;
#3794 = CARTESIAN_POINT ( 'NONE',  ( 125.0000000000000000, 6.500000000000000000, -1.649999999999998579 ) ) ;
#3795 = VECTOR ( 'NONE', #7850, 1000.000000000000000 ) ;
#3796 = EDGE_CURVE ( 'NONE', #5229, #2422, #3771, .T. ) ;
#3797 = CARTESIAN_POINT ( 'NONE',  ( 16.10598330011246304, -0.5000000000000000000, 3.975000000000000089 ) ) ;
#3798 = ORIENTED_EDGE ( 'NONE', *, *, #1609, .T. ) ;
#3799 = PLANE ( 'NONE',  #7734 ) ;
#3800 = ORIENTED_EDGE ( 'NONE', *, *, #1056, .F. ) ;
#3801 = PLANE ( 'NONE',  #7461 ) ;
#3802 = EDGE_CURVE ( 'NONE', #2548, #7758, #5882, .T. ) ;
#3803 = FACE_OUTER_BOUND ( 'NONE', #6468, .T. ) ;
#3804 = EDGE_CURVE ( 'NONE', #3253, #1633, #5999, .T. ) ;
#3805 = CARTESIAN_POINT ( 'NONE',  ( -11.94229030071541686, 6.500000000000000000, -1.500000000000004885 ) ) ;
#3806 = CARTESIAN_POINT ( 'NONE',  ( -71.33974596215561803, -1.000000000000000000, -11.00000000000000000 ) ) ;
#3807 = CARTESIAN_POINT ( 'NONE',  ( 80.00000000000000000, -0.5000000000000000000, 4.500000000000003553 ) ) ;
#3808 = DIRECTION ( 'NONE',  ( 0.000000000000000000, 1.000000000000000000, 0.000000000000000000 ) ) ;
#3809 = LINE ( 'NONE', #4467, #2557 ) ;
#3810 = ORIENTED_EDGE ( 'NONE', *, *, #6866, .F. ) ;
#3811 = CARTESIAN_POINT ( 'NONE',  ( -3.999999999999999112, -4.000000000000001776, 6.500000000000000000 ) ) ;
#3812 = CARTESIAN_POINT ( 'NONE',  ( 120.0000000000000000, -2.999999999999999556, 0.000000000000000000 ) ) ;
#3813 = CARTESIAN_POINT ( 'NONE',  ( 2.999999999999999112, 6.500000000000000000, 5.000000000000002665 ) ) ;
#3814 = ORIENTED_EDGE ( 'NONE', *, *, #6476, .T. ) ;
#3815 = ADVANCED_FACE ( 'NONE', ( #7898 ), #5419, .F. ) ;
#3816 = CARTESIAN_POINT ( 'NONE',  ( -129.5000000000000000, -1.500000000000000000, 6.500000000000000000 ) ) ;
#3817 = EDGE_LOOP ( 'NONE', ( #2585, #4638 ) ) ;
#3818 = EDGE_LOOP ( 'NONE', ( #1095, #7893, #4632, #2069 ) ) ;
#3819 = DIRECTION ( 'NONE',  ( 0.000000000000000000, 1.000000000000000000, 0.000000000000000000 ) ) ;
#3820 = DIRECTION ( 'NONE',  ( 0.000000000000000000, 0.000000000000000000, 1.000000000000000000 ) ) ;
#3821 = ORIENTED_EDGE ( 'NONE', *, *, #2180, .F. ) ;
#3822 = EDGE_CURVE ( 'NONE', #2402, #7044, #2186, .T. ) ;
#3823 = ORIENTED_EDGE ( 'NONE', *, *, #7059, .T. ) ;
#3824 = CARTESIAN_POINT ( 'NONE',  ( 80.00000000000000000, -2.299999999999998934, 0.000000000000000000 ) ) ;
#3825 = ORIENTED_EDGE ( 'NONE', *, *, #5442, .T. ) ;
#3826 = ORIENTED_EDGE ( 'NONE', *, *, #2608, .T. ) ;
#3827 = DIRECTION ( 'NONE',  ( -1.000000000000000000, -0.000000000000000000, 2.843808977011159555E-17 ) ) ;
#3828 = CARTESIAN_POINT ( 'NONE',  ( 118.2917960675006412, 6.500000000000000000, 1.000000000000000000 ) ) ;
#3829 = DIRECTION ( 'NONE',  ( 0.000000000000000000, 0.000000000000000000, 1.000000000000000000 ) ) ;
#3830 = EDGE_CURVE ( 'NONE', #5983, #6264, #6828, .T. ) ;
#3831 = FACE_OUTER_BOUND ( 'NONE', #7828, .T. ) ;
#3832 = VERTEX_POINT ( 'NONE', #2487 ) ;
#3833 = DIRECTION ( 'NONE',  ( 0.000000000000000000, 0.000000000000000000, 1.000000000000000000 ) ) ;
#3834 = ORIENTED_EDGE ( 'NONE', *, *, #93, .F. ) ;
#3835 = CARTESIAN_POINT ( 'NONE',  ( -23.55047706695932064, -0.4999999999999995559, 1.000000000000000000 ) ) ;
#3836 = CARTESIAN_POINT ( 'NONE',  ( -11.94229030071541686, -1.000000000000000000, -1.500000000000004885 ) ) ;
#3837 = DIRECTION ( 'NONE',  ( -0.000000000000000000, -1.000000000000000000, -0.000000000000000000 ) ) ;
#3838 = VECTOR ( 'NONE', #7231, 1000.000000000000000 ) ;
#3839 = DIRECTION ( 'NONE',  ( -0.000000000000000000, -1.000000000000000000, -0.000000000000000000 ) ) ;
#3840 = B_SPLINE_CURVE_WITH_KNOTS ( 'NONE', 3,
 ( #870, #2116, #1440, #4626, #4095, #4139, #2816, #7152 ),
 .UNSPECIFIED., .F., .F.,
 ( 4, 2, 2, 4 ),
 ( 0.000000000000000000, 0.0008138515695935013639, 0.001627703139187002728, 0.003255406278374000251 ),
 .UNSPECIFIED. ) ;
#3841 = EDGE_CURVE ( 'NONE', #1844, #4806, #5550, .T. ) ;
#3842 = CIRCLE ( 'NONE', #3967, 5.000000000000000000 ) ;
#3843 = ADVANCED_FACE ( 'NONE', ( #1189 ), #7443, .F. ) ;
#3844 = EDGE_CURVE ( 'NONE', #7012, #787, #1512, .T. ) ;
#3845 = CARTESIAN_POINT ( 'NONE',  ( -6.999999999999999112, -4.000000000000000000, -6.500000000000000000 ) ) ;
#3846 = DIRECTION ( 'NONE',  ( -2.775557561562891745E-15, 0.000000000000000000, 1.000000000000000000 ) ) ;
#3847 = DIRECTION ( 'NONE',  ( 0.000000000000000000, 1.000000000000000000, 0.000000000000000000 ) ) ;
#3848 = ORIENTED_EDGE ( 'NONE', *, *, #3594, .T. ) ;
#3849 = VECTOR ( 'NONE', #7900, 1000.000000000000000 ) ;
#3850 = DIRECTION ( 'NONE',  ( 2.843808977011159555E-17, -0.000000000000000000, 1.000000000000000000 ) ) ;
#3851 = EDGE_CURVE ( 'NONE', #5743, #761, #3244, .T. ) ;
#3852 = CARTESIAN_POINT ( 'NONE',  ( 13.04455904096557006, -0.8686218424335057087, -6.320396235643670479 ) ) ;
#3853 = FACE_OUTER_BOUND ( 'NONE', #4714, .T. ) ;
#3854 = AXIS2_PLACEMENT_3D ( 'NONE', #5770, #3287, #6463 ) ;
#3855 = DIRECTION ( 'NONE',  ( 0.000000000000000000, 0.000000000000000000, 1.000000000000000000 ) ) ;
#3856 = EDGE_LOOP ( 'NONE', ( #4087, #7247, #4940, #6673 ) ) ;
#3857 = CARTESIAN_POINT ( 'NONE',  ( -76.12701665379258031, -1.000000000000000000, 1.000000000000000000 ) ) ;
#3858 = ORIENTED_EDGE ( 'NONE', *, *, #6464, .T. ) ;
#3859 = ORIENTED_EDGE ( 'NONE', *, *, #4101, .T. ) ;
#3860 = CARTESIAN_POINT ( 'NONE',  ( -90.00000000000001421, -6.500000000000000000, 8.673617379884035472E-16 ) ) ;
#3861 = DIRECTION ( 'NONE',  ( 0.000000000000000000, -1.000000000000000000, 0.000000000000000000 ) ) ;
#3862 = AXIS2_PLACEMENT_3D ( 'NONE', #488, #4911, #3137 ) ;
#3863 = VERTEX_POINT ( 'NONE', #1787 ) ;
#3864 = VECTOR ( 'NONE', #3113, 1000.000000000000000 ) ;
#3865 = ORIENTED_EDGE ( 'NONE', *, *, #3329, .F. ) ;
#3866 = DIRECTION ( 'NONE',  ( 0.000000000000000000, 0.000000000000000000, 1.000000000000000000 ) ) ;
#3867 = ORIENTED_EDGE ( 'NONE', *, *, #58, .T. ) ;
#3868 = VERTEX_POINT ( 'NONE', #6900 ) ;
#3869 = AXIS2_PLACEMENT_3D ( 'NONE', #5566, #6763, #5491 ) ;
#3870 = CIRCLE ( 'NONE', #159, 2.750000000000000000 ) ;
#3871 = DIRECTION ( 'NONE',  ( 0.000000000000000000, 0.000000000000000000, 1.000000000000000000 ) ) ;
#3872 = EDGE_CURVE ( 'NONE', #5186, #227, #1111, .T. ) ;
#3873 = CARTESIAN_POINT ( 'NONE',  ( -131.5000000000000000, -6.500000000000000000, -6.500000000000000000 ) ) ;
#3874 = CARTESIAN_POINT ( 'NONE',  ( -125.0000000000000000, -2.299999999999998934, 0.000000000000000000 ) ) ;
#3875 = VECTOR ( 'NONE', #4001, 1000.000000000000000 ) ;
#3876 = AXIS2_PLACEMENT_3D ( 'NONE', #5555, #8112, #7495 ) ;
#3877 = DIRECTION ( 'NONE',  ( -1.000000000000000000, 0.000000000000000000, -0.000000000000000000 ) ) ;
#3878 = ORIENTED_EDGE ( 'NONE', *, *, #151, .F. ) ;
#3879 = DIRECTION ( 'NONE',  ( -0.6333333333333333037, -1.342466273128439316E-15, -0.7738791177495933926 ) ) ;
#3880 = VERTEX_POINT ( 'NONE', #8059 ) ;
#3881 = DIRECTION ( 'NONE',  ( -0.000000000000000000, -1.000000000000000000, -0.000000000000000000 ) ) ;
#3882 = CARTESIAN_POINT ( 'NONE',  ( -2.999999999999999112, -5.000000000000001776, -2.499999999999999556 ) ) ;
#3883 = VECTOR ( 'NONE', #4879, 1000.000000000000000 ) ;
#3884 = CARTESIAN_POINT ( 'NONE',  ( -88.66025403784438197, -0.5000000000000000000, 11.00000000000000000 ) ) ;
#3885 = AXIS2_PLACEMENT_3D ( 'NONE', #981, #6568, #5944 ) ;
#3886 = AXIS2_PLACEMENT_3D ( 'NONE', #7796, #3879, #5198 ) ;
#3887 = DIRECTION ( 'NONE',  ( -0.000000000000000000, -1.000000000000000000, -0.000000000000000000 ) ) ;
#3888 = ORIENTED_EDGE ( 'NONE', *, *, #2678, .F. ) ;
#3889 = LINE ( 'NONE', #5948, #6686 ) ;
#3890 = CIRCLE ( 'NONE', #4161, 0.5000000000000004441 ) ;
#3891 = CARTESIAN_POINT ( 'NONE',  ( 6.999999999999999112, -2.499999999999999556, 5.000000000000002665 ) ) ;
#3892 = ORIENTED_EDGE ( 'NONE', *, *, #3288, .F. ) ;
#3893 = AXIS2_PLACEMENT_3D ( 'NONE', #642, #17, #1768 ) ;
#3894 = CIRCLE ( 'NONE', #4416, 4.000000000000003553 ) ;
#3895 = EDGE_CURVE ( 'NONE', #7345, #3880, #6416, .T. ) ;
#3896 = EDGE_CURVE ( 'NONE', #5109, #4080, #6289, .T. ) ;
#3897 = CYLINDRICAL_SURFACE ( 'NONE', #1505, 0.5000000000000004441 ) ;
#3898 = EDGE_CURVE ( 'NONE', #5976, #639, #7852, .T. ) ;
#3899 = VECTOR ( 'NONE', #6495, 1000.000000000000000 ) ;
#3900 = DIRECTION ( 'NONE',  ( 0.000000000000000000, 0.000000000000000000, -1.000000000000000000 ) ) ;
#3901 = AXIS2_PLACEMENT_3D ( 'NONE', #176, #1420, #2668 ) ;
#3902 = CIRCLE ( 'NONE', #6809, 2.750000000000000000 ) ;
#3903 = LINE ( 'NONE', #6424, #325 ) ;
#3904 = EDGE_CURVE ( 'NONE', #346, #1014, #3514, .T. ) ;
#3905 = CARTESIAN_POINT ( 'NONE',  ( -80.00000000000000000, -0.5000000000000000000, 0.000000000000000000 ) ) ;
#3906 = CYLINDRICAL_SURFACE ( 'NONE', #2854, 5.000000000000000000 ) ;
#3907 = ORIENTED_EDGE ( 'NONE', *, *, #6756, .F. ) ;
#3908 = ORIENTED_EDGE ( 'NONE', *, *, #6884, .F. ) ;
#3909 = ADVANCED_FACE ( 'NONE', ( #534 ), #4920, .F. ) ;
#3910 = AXIS2_PLACEMENT_3D ( 'NONE', #6386, #3365, #2088 ) ;
#3911 = CARTESIAN_POINT ( 'NONE',  ( 13.80018990616653696, -1.462177125863626914, 6.500000000000000000 ) ) ;
#3912 = DIRECTION ( 'NONE',  ( 0.000000000000000000, 0.000000000000000000, 1.000000000000000000 ) ) ;
#3913 = ORIENTED_EDGE ( 'NONE', *, *, #6904, .T. ) ;
#3914 = ORIENTED_EDGE ( 'NONE', *, *, #5463, .T. ) ;
#3915 = DIRECTION ( 'NONE',  ( -1.000000000000000000, 0.000000000000000000, 0.000000000000000000 ) ) ;
#3916 = ORIENTED_EDGE ( 'NONE', *, *, #6617, .F. ) ;
#3917 = VERTEX_POINT ( 'NONE', #4260 ) ;
#3918 = CARTESIAN_POINT ( 'NONE',  ( -11.94229030071541864, 6.500000000000000000, -6.500000000000000000 ) ) ;
#3919 = CARTESIAN_POINT ( 'NONE',  ( -131.5000000000000000, -0.6341058912675098247, -0.6229813909139068073 ) ) ;
#3920 = DIRECTION ( 'NONE',  ( 1.000000000000000000, -4.336808689942017736E-16, 0.000000000000000000 ) ) ;
#3921 = CARTESIAN_POINT ( 'NONE',  ( -11.94229030071541686, -0.5000000000000000000, 6.500000000000002665 ) ) ;
#3922 = EDGE_LOOP ( 'NONE', ( #1782, #7709, #385, #3161, #3773, #1413, #4762, #7666, #2310, #5017, #1084, #4819 ) ) ;
#3923 = DIRECTION ( 'NONE',  ( 0.000000000000000000, 1.000000000000000000, 0.000000000000000000 ) ) ;
#3924 = ORIENTED_EDGE ( 'NONE', *, *, #1059, .T. ) ;
#3925 = DIRECTION ( 'NONE',  ( -1.000000000000000000, -0.000000000000000000, -0.000000000000000000 ) ) ;
#3926 = CARTESIAN_POINT ( 'NONE',  ( 47.50000000000000000, -2.999999999999999556, 2.602085213965210642E-15 ) ) ;
#3927 = CARTESIAN_POINT ( 'NONE',  ( 2.999999999999999112, -6.500000000000000000, 5.000000000000002665 ) ) ;
#3928 = CARTESIAN_POINT ( 'NONE',  ( 44.20820393249938718, -0.5000000000000000000, -6.000000000000000000 ) ) ;
#3929 = EDGE_LOOP ( 'NONE', ( #6446, #2981, #275, #7869 ) ) ;
#3930 = CARTESIAN_POINT ( 'NONE',  ( -127.9156606260143718, -1.000000000000000000, -3.427670216620834598 ) ) ;
#3931 = DIRECTION ( 'NONE',  ( 0.000000000000000000, 1.000000000000000000, 0.000000000000000000 ) ) ;
#3932 = ORIENTED_EDGE ( 'NONE', *, *, #558, .T. ) ;
#3933 = DIRECTION ( 'NONE',  ( 1.000000000000000000, 0.000000000000000000, -2.843808977011159555E-17 ) ) ;
#3934 = FACE_OUTER_BOUND ( 'NONE', #3946, .T. ) ;
#3935 = LINE ( 'NONE', #1367, #3899 ) ;
#3936 = EDGE_CURVE ( 'NONE', #7089, #3302, #6785, .T. ) ;
#3937 = CARTESIAN_POINT ( 'NONE',  ( 5.000000000000000000, -6.500000000000000000, 0.000000000000000000 ) ) ;
#3938 = DIRECTION ( 'NONE',  ( 0.000000000000000000, 0.000000000000000000, 1.000000000000000000 ) ) ;
#3939 = ORIENTED_EDGE ( 'NONE', *, *, #145, .T. ) ;
#3940 = VERTEX_POINT ( 'NONE', #5591 ) ;
#3941 = DIRECTION ( 'NONE',  ( 0.6185895741317447571, 0.000000000000000000, -0.7857142857142834780 ) ) ;
#3942 = CARTESIAN_POINT ( 'NONE',  ( 19.00000000000000355, -2.999999999999999556, -8.673617379884035472E-16 ) ) ;
#3943 = CARTESIAN_POINT ( 'NONE',  ( 3.000000000000000444, -2.499999999999999556, -3.999999999999997335 ) ) ;
#3944 = EDGE_CURVE ( 'NONE', #5264, #1764, #3061, .T. ) ;
#3945 = EDGE_CURVE ( 'NONE', #7388, #5658, #1248, .T. ) ;
#3946 = EDGE_LOOP ( 'NONE', ( #514, #7377, #2015, #5801 ) ) ;
#3947 = FACE_OUTER_BOUND ( 'NONE', #2733, .T. ) ;
#3948 = EDGE_LOOP ( 'NONE', ( #1428, #2885, #5028, #6411 ) ) ;
#3949 = VERTEX_POINT ( 'NONE', #3149 ) ;
#3950 = CARTESIAN_POINT ( 'NONE',  ( -127.5916983342350051, 6.500000000000000000, 3.046817970329624092 ) ) ;
#3951 = EDGE_CURVE ( 'NONE', #1020, #777, #6148, .T. ) ;
#3952 = DIRECTION ( 'NONE',  ( -0.000000000000000000, 1.000000000000000000, -0.000000000000000000 ) ) ;
#3953 = DIRECTION ( 'NONE',  ( -0.000000000000000000, 1.000000000000000000, -0.000000000000000000 ) ) ;
#3954 = CARTESIAN_POINT ( 'NONE',  ( -12.50340867907265796, -0.6190305860437528285, 6.500000000000002665 ) ) ;
#3955 = EDGE_LOOP ( 'NONE', ( #617, #6267, #701, #4409, #6393, #7961, #5764, #7855, #6244, #436, #1586, #3103, #8176 ) ) ;
#3956 = CARTESIAN_POINT ( 'NONE',  ( -131.1462354366582019, -0.4999999999999998890, 1.101118581567374743 ) ) ;
#3957 = VERTEX_POINT ( 'NONE', #1989 ) ;
#3958 = DIRECTION ( 'NONE',  ( -0.000000000000000000, 1.000000000000000000, -0.000000000000000000 ) ) ;
#3959 = DIRECTION ( 'NONE',  ( -0.000000000000000000, -1.000000000000000000, -0.000000000000000000 ) ) ;
#3960 = DIRECTION ( 'NONE',  ( -0.000000000000000000, -1.000000000000000000, -0.000000000000000000 ) ) ;
#3961 = ORIENTED_EDGE ( 'NONE', *, *, #4248, .T. ) ;
#3962 = DIRECTION ( 'NONE',  ( 0.000000000000000000, 1.000000000000000000, 0.000000000000000000 ) ) ;
#3963 = CARTESIAN_POINT ( 'NONE',  ( 20.12461179749810825, -0.5000000000000000000, 6.000000000000000000 ) ) ;
#3964 = EDGE_LOOP ( 'NONE', ( #1548, #8085, #2213, #2725, #6232, #1143 ) ) ;
#3965 = DIRECTION ( 'NONE',  ( 0.000000000000000000, 0.000000000000000000, -1.000000000000000000 ) ) ;
#3966 = EDGE_CURVE ( 'NONE', #3156, #425, #2719, .T. ) ;
#3967 = AXIS2_PLACEMENT_3D ( 'NONE', #4027, #3536, #5394 ) ;
#3968 = EDGE_CURVE ( 'NONE', #6969, #7400, #8128, .T. ) ;
#3969 = LINE ( 'NONE', #1613, #2924 ) ;
#3970 = CARTESIAN_POINT ( 'NONE',  ( 5.000000000000000000, -2.499999999999999556, 0.000000000000000000 ) ) ;
#3971 = CARTESIAN_POINT ( 'NONE',  ( -11.94229030071541686, -0.5000000000000000000, -6.500000000000002665 ) ) ;
#3972 = AXIS2_PLACEMENT_3D ( 'NONE', #6494, #821, #3402 ) ;
#3973 = CARTESIAN_POINT ( 'NONE',  ( 84.50000000000000000, -6.500000000000000000, -5.000000000000000000 ) ) ;
#3974 = DIRECTION ( 'NONE',  ( 1.000000000000000000, -0.000000000000000000, 0.000000000000000000 ) ) ;
#3975 = ORIENTED_EDGE ( 'NONE', *, *, #1457, .T. ) ;
#3976 = EDGE_LOOP ( 'NONE', ( #6873, #6919, #7416, #1582, #737, #6887 ) ) ;
#3977 = LINE ( 'NONE', #2623, #804 ) ;
#3978 = CIRCLE ( 'NONE', #141, 5.000000000000000000 ) ;
#3979 = CARTESIAN_POINT ( 'NONE',  ( -114.9999999999999858, -6.500000000000000000, 8.673617379884035472E-16 ) ) ;
#3980 = ORIENTED_EDGE ( 'NONE', *, *, #4910, .T. ) ;
#3981 = AXIS2_PLACEMENT_3D ( 'NONE', #1463, #2675, #5276 ) ;
#3982 = LINE ( 'NONE', #5846, #7987 ) ;
#3983 = VERTEX_POINT ( 'NONE', #149 ) ;
#3984 = VERTEX_POINT ( 'NONE', #1313 ) ;
#3985 = EDGE_CURVE ( 'NONE', #1531, #4447, #5749, .T. ) ;
#3987 = DIRECTION ( 'NONE',  ( 0.000000000000000000, 0.000000000000000000, 1.000000000000000000 ) ) ;
#3986 = TOROIDAL_SURFACE ( 'NONE', #422, 9.500000000000000000, 0.5000000000000000000 ) ;
#3988 = EDGE_CURVE ( 'NONE', #3777, #5335, #848, .T. ) ;
#3989 = ADVANCED_FACE ( 'NONE', ( #4498 ), #1469, .F. ) ;
#3990 = CARTESIAN_POINT ( 'NONE',  ( -131.5000000000000000, -1.125599822504453229, -0.8417197854385353173 ) ) ;
#3991 = DIRECTION ( 'NONE',  ( 0.000000000000000000, -1.000000000000000000, 0.000000000000000000 ) ) ;
#3992 = DIRECTION ( 'NONE',  ( 0.000000000000000000, 1.000000000000000000, 0.000000000000000000 ) ) ;
#3993 = ORIENTED_EDGE ( 'NONE', *, *, #3598, .F. ) ;
#3994 = CIRCLE ( 'NONE', #3731, 4.500000000000003553 ) ;
#3995 = EDGE_CURVE ( 'NONE', #4847, #7194, #3999, .T. ) ;
#3996 = CARTESIAN_POINT ( 'NONE',  ( 77.01857603000027552, -0.5000000000000000000, 2.666666666666663854 ) ) ;
#3997 = VERTEX_POINT ( 'NONE', #6529 ) ;
#3998 = VECTOR ( 'NONE', #5403, 1000.000000000000000 ) ;
#3999 = LINE ( 'NONE', #3882, #7470 ) ;
#4000 = EDGE_CURVE ( 'NONE', #4667, #7089, #75, .T. ) ;
#4001 = DIRECTION ( 'NONE',  ( 1.301042606982605321E-16, 0.000000000000000000, -1.000000000000000000 ) ) ;
#4002 = CIRCLE ( 'NONE', #7169, 4.500000000000000888 ) ;
#4003 = AXIS2_PLACEMENT_3D ( 'NONE', #340, #5390, #4680 ) ;
#4004 = FACE_OUTER_BOUND ( 'NONE', #3785, .T. ) ;
#4005 = VERTEX_POINT ( 'NONE', #5908 ) ;
#4006 = FACE_OUTER_BOUND ( 'NONE', #7224, .T. ) ;
#4007 = ORIENTED_EDGE ( 'NONE', *, *, #250, .F. ) ;
#4008 = CARTESIAN_POINT ( 'NONE',  ( 44.20820393249938718, -0.5000000000000000000, 6.000000000000000000 ) ) ;
#4009 = CIRCLE ( 'NONE', #3746, 0.5000000000000004441 ) ;
#4010 = VERTEX_POINT ( 'NONE', #7072 ) ;
#4011 = AXIS2_PLACEMENT_3D ( 'NONE', #1066, #2274, #6742 ) ;
#4012 = LINE ( 'NONE', #6543, #6671 ) ;
#4013 = VECTOR ( 'NONE', #5662, 1000.000000000000000 ) ;
#4014 = DIRECTION ( 'NONE',  ( 0.000000000000000000, 0.000000000000000000, 1.000000000000000000 ) ) ;
#4015 = B_SPLINE_CURVE_WITH_KNOTS ( 'NONE', 3,
 ( #1789, #1236, #3768, #32, #624, #6829 ),
 .UNSPECIFIED., .F., .F.,
 ( 4, 2, 4 ),
 ( 0.000000000000000000, 0.0003981112760706171424, 0.0007962225521412342848 ),
 .UNSPECIFIED. ) ;
#4016 = CYLINDRICAL_SURFACE ( 'NONE', #6803, 10.00000000000000000 ) ;
#4017 = CIRCLE ( 'NONE', #1517, 5.000000000000000000 ) ;
#4018 = DIRECTION ( 'NONE',  ( 0.000000000000000000, 0.000000000000000000, 1.000000000000000000 ) ) ;
#4019 = AXIS2_PLACEMENT_3D ( 'NONE', #650, #2602, #7438 ) ;
#4020 = AXIS2_PLACEMENT_3D ( 'NONE', #1231, #7521, #6947 ) ;
#4021 = CIRCLE ( 'NONE', #1920, 2.750000000000000000 ) ;
#4022 = CARTESIAN_POINT ( 'NONE',  ( 6.999999999999999112, -6.500000000000000000, 1.887458608817687900 ) ) ;
#4023 = DIRECTION ( 'NONE',  ( 0.000000000000000000, 1.000000000000000000, 0.000000000000000000 ) ) ;
#4024 = ORIENTED_EDGE ( 'NONE', *, *, #657, .F. ) ;
#4025 = AXIS2_PLACEMENT_3D ( 'NONE', #5883, #3438, #285 ) ;
#4026 = ORIENTED_EDGE ( 'NONE', *, *, #8184, .T. ) ;
#4027 = CARTESIAN_POINT ( 'NONE',  ( 19.00000000000000355, -6.500000000000000000, -8.673617379884035472E-16 ) ) ;
#4028 = CIRCLE ( 'NONE', #7200, 0.5000000000000000000 ) ;
#4029 = CARTESIAN_POINT ( 'NONE',  ( 37.50000000000000711, -2.299999999999998934, -1.649999999999998579 ) ) ;
#4030 = ORIENTED_EDGE ( 'NONE', *, *, #6732, .F. ) ;
#4031 = LINE ( 'NONE', #7215, #2718 ) ;
#4032 = ORIENTED_EDGE ( 'NONE', *, *, #3300, .F. ) ;
#4033 = AXIS2_PLACEMENT_3D ( 'NONE', #477, #7466, #7503 ) ;
#4034 = AXIS2_PLACEMENT_3D ( 'NONE', #5541, #6237, #4365 ) ;
#4035 = ORIENTED_EDGE ( 'NONE', *, *, #6429, .F. ) ;
#4036 = DIRECTION ( 'NONE',  ( -0.000000000000000000, -1.000000000000000000, -0.000000000000000000 ) ) ;
#4037 = DIRECTION ( 'NONE',  ( 0.000000000000000000, 1.000000000000000000, 0.000000000000000000 ) ) ;
#4038 = DIRECTION ( 'NONE',  ( 1.000000000000000000, 0.000000000000000000, 0.000000000000000000 ) ) ;
#4039 = DIRECTION ( 'NONE',  ( 0.000000000000000000, 0.000000000000000000, 1.000000000000000000 ) ) ;
#4040 = EDGE_CURVE ( 'NONE', #3123, #3705, #6986, .T. ) ;
#4041 = EDGE_LOOP ( 'NONE', ( #3100, #7284, #2077, #8001 ) ) ;
#4042 = ADVANCED_FACE ( 'NONE', ( #5787 ), #4560, .F. ) ;
#4043 = DIRECTION ( 'NONE',  ( 0.000000000000000000, 0.000000000000000000, -1.000000000000000000 ) ) ;
#4044 = VERTEX_POINT ( 'NONE', #5086 ) ;
#4045 = DIRECTION ( 'NONE',  ( 0.000000000000000000, 0.000000000000000000, 1.000000000000000000 ) ) ;
#4046 = CARTESIAN_POINT ( 'NONE',  ( -69.99999999999998579, -6.500000000000000000, 5.000000000000000888 ) ) ;
#4047 = CARTESIAN_POINT ( 'NONE',  ( 131.0427448906389429, -0.9007046082557795819, 1.236238434902017680 ) ) ;
#4048 = ADVANCED_FACE ( 'NONE', ( #5125 ), #4583, .T. ) ;
#4049 = DIRECTION ( 'NONE',  ( 0.000000000000000000, -1.000000000000000000, 0.000000000000000000 ) ) ;
#4050 = EDGE_LOOP ( 'NONE', ( #1404, #5933 ) ) ;
#4051 = EDGE_CURVE ( 'NONE', #5371, #5286, #5089, .T. ) ;
#4052 = DIRECTION ( 'NONE',  ( -5.551115123125782702E-15, 0.000000000000000000, 1.000000000000000000 ) ) ;
#4053 = EDGE_CURVE ( 'NONE', #3275, #5070, #5490, .T. ) ;
#4054 = VERTEX_POINT ( 'NONE', #1953 ) ;
#4055 = DIRECTION ( 'NONE',  ( 0.000000000000000000, 0.000000000000000000, -1.000000000000000000 ) ) ;
#4056 = ORIENTED_EDGE ( 'NONE', *, *, #7126, .F. ) ;
#4057 = DIRECTION ( 'NONE',  ( 0.000000000000000000, 1.000000000000000000, 0.000000000000000000 ) ) ;
#4058 = EDGE_CURVE ( 'NONE', #7105, #883, #4028, .T. ) ;
#4059 = CARTESIAN_POINT ( 'NONE',  ( -71.33974596215561803, -0.5000000000000000000, 1.500000000000000000 ) ) ;
#4060 = CARTESIAN_POINT ( 'NONE',  ( 37.50000000000000711, -1.500000000000000000, 6.000000000000000000 ) ) ;
#4061 = LINE ( 'NONE', #6496, #4418 ) ;
#4062 = CARTESIAN_POINT ( 'NONE',  ( -71.33974596215561803, -1.000000000000000000, -1.500000000000000000 ) ) ;
#4063 = DIRECTION ( 'NONE',  ( -1.000000000000000000, -0.000000000000000000, -0.000000000000000000 ) ) ;
#4064 = EDGE_LOOP ( 'NONE', ( #4791, #3321, #215, #6814 ) ) ;
#4065 = ORIENTED_EDGE ( 'NONE', *, *, #2342, .F. ) ;
#4066 = DIRECTION ( 'NONE',  ( 0.000000000000000000, 0.000000000000000000, -1.000000000000000000 ) ) ;
#4067 = DIRECTION ( 'NONE',  ( -0.000000000000000000, -1.000000000000000000, -0.000000000000000000 ) ) ;
#4068 = EDGE_CURVE ( 'NONE', #1253, #2350, #3642, .T. ) ;
#4069 = ORIENTED_EDGE ( 'NONE', *, *, #2533, .F. ) ;
#4070 = CARTESIAN_POINT ( 'NONE',  ( 34.51857603000028263, 6.500000000000000000, 2.666666666666667407 ) ) ;
#4071 = ORIENTED_EDGE ( 'NONE', *, *, #3497, .T. ) ;
#4072 = VERTEX_POINT ( 'NONE', #5161 ) ;
#4073 = DIRECTION ( 'NONE',  ( 0.000000000000000000, 1.000000000000000000, 0.000000000000000000 ) ) ;
#4074 = AXIS2_PLACEMENT_3D ( 'NONE', #2319, #2930, #4253 ) ;
#4075 = DIRECTION ( 'NONE',  ( -0.7453559924999318964, 0.000000000000000000, -0.6666666666666646313 ) ) ;
#4076 = CYLINDRICAL_SURFACE ( 'NONE', #5987, 5.000000000000000000 ) ;
#4077 = DIRECTION ( 'NONE',  ( 0.000000000000000000, 0.000000000000000000, 1.000000000000000000 ) ) ;
#4078 = ORIENTED_EDGE ( 'NONE', *, *, #7580, .T. ) ;
#4079 = CARTESIAN_POINT ( 'NONE',  ( 30.79179606750063058, -1.000000000000000000, -1.500000000000000000 ) ) ;
#4080 = VERTEX_POINT ( 'NONE', #7684 ) ;
#4081 = CARTESIAN_POINT ( 'NONE',  ( -75.00000000000000000, -6.500000000000000000, -4.999999999999999112 ) ) ;
#4082 = FACE_OUTER_BOUND ( 'NONE', #4150, .T. ) ;
#4083 = CARTESIAN_POINT ( 'NONE',  ( 131.5000000000000000, -1.117394245761669236, 0.7461639276140593635 ) ) ;
#4084 = CARTESIAN_POINT ( 'NONE',  ( -131.1462354366582019, -0.6448923223661080506, -1.101118581567377186 ) ) ;
#4085 = ORIENTED_EDGE ( 'NONE', *, *, #2188, .F. ) ;
#4086 = DIRECTION ( 'NONE',  ( -0.000000000000000000, 1.000000000000000000, -0.000000000000000000 ) ) ;
#4087 = ORIENTED_EDGE ( 'NONE', *, *, #2532, .F. ) ;
#4088 = DIRECTION ( 'NONE',  ( 0.000000000000000000, 0.000000000000000000, 1.000000000000000000 ) ) ;
#4089 = ORIENTED_EDGE ( 'NONE', *, *, #8099, .F. ) ;
#4090 = CARTESIAN_POINT ( 'NONE',  ( 131.5000000000000000, -0.6307117674213634784, -0.5418045380059843819 ) ) ;
#4091 = DIRECTION ( 'NONE',  ( -0.000000000000000000, -0.000000000000000000, 1.000000000000000000 ) ) ;
#4092 = ADVANCED_FACE ( 'NONE', ( #4540 ), #1432, .F. ) ;
#4093 = EDGE_CURVE ( 'NONE', #5406, #1150, #1024, .T. ) ;
#4094 = ADVANCED_FACE ( 'NONE', ( #4126 ), #4707, .F. ) ;
#4095 = CARTESIAN_POINT ( 'NONE',  ( -13.79253479164222007, -0.8686237825117588685, -6.320393928064747868 ) ) ;
#4096 = DIRECTION ( 'NONE',  ( 0.000000000000000000, 0.000000000000000000, 1.000000000000000000 ) ) ;
#4097 = TOROIDAL_SURFACE ( 'NONE', #533, 4.500000000000003553, 0.5000000000000000000 ) ;
#4098 = CARTESIAN_POINT ( 'NONE',  ( 80.00000000000000000, 6.500000000000000000, 1.649999999999998579 ) ) ;
#4099 = FACE_OUTER_BOUND ( 'NONE', #5903, .T. ) ;
#4100 = CARTESIAN_POINT ( 'NONE',  ( 13.25806357084064757, -1.343141651239075474, -6.500000000000000000 ) ) ;
#4101 = EDGE_CURVE ( 'NONE', #3225, #1657, #6797, .T. ) ;
#4102 = EDGE_LOOP ( 'NONE', ( #5660, #4336, #3223, #6695 ) ) ;
#4103 = CIRCLE ( 'NONE', #3187, 4.500000000000003553 ) ;
#4104 =( NAMED_UNIT ( * ) SI_UNIT ( $, .STERADIAN. ) SOLID_ANGLE_UNIT ( ) );
#4105 = ORIENTED_EDGE ( 'NONE', *, *, #2188, .T. ) ;
#4106 = CIRCLE ( 'NONE', #7807, 4.500000000000000888 ) ;
#4107 = CARTESIAN_POINT ( 'NONE',  ( -23.55047706695932064, 6.500000000000000000, -1.000000000000000000 ) ) ;
#4108 = CARTESIAN_POINT ( 'NONE',  ( 121.6458980337503277, -1.000000000000000000, 3.000000000000003553 ) ) ;
#4109 = AXIS2_PLACEMENT_3D ( 'NONE', #3874, #3953, #734 ) ;
#4110 = ORIENTED_EDGE ( 'NONE', *, *, #647, .F. ) ;
#4111 = DIRECTION ( 'NONE',  ( 0.6666666666666635210, 0.000000000000000000, -0.7453559924999326736 ) ) ;
#4112 = EDGE_LOOP ( 'NONE', ( #2324, #6628, #1972, #7198, #764, #5830 ) ) ;
#4113 = VECTOR ( 'NONE', #6575, 1000.000000000000000 ) ;
#4114 = VERTEX_POINT ( 'NONE', #3425 ) ;
#4115 = CIRCLE ( 'NONE', #5708, 1.500000000000000000 ) ;
#4116 = CARTESIAN_POINT ( 'NONE',  ( -77.52564170347304184, -1.000000000000000000, 3.142857142857147679 ) ) ;
#4117 = LINE ( 'NONE', #2137, #944 ) ;
#4118 = CARTESIAN_POINT ( 'NONE',  ( -125.0000000000000000, -2.299999999999998934, 0.000000000000000000 ) ) ;
#4119 = AXIS2_PLACEMENT_3D ( 'NONE', #7065, #1393, #390 ) ;
#4120 = FACE_OUTER_BOUND ( 'NONE', #2017, .T. ) ;
#4121 = ORIENTED_EDGE ( 'NONE', *, *, #1161, .F. ) ;
#4122 = CIRCLE ( 'NONE', #554, 1.000000000000000000 ) ;
#4123 = CARTESIAN_POINT ( 'NONE',  ( 12.46523010463377368, -1.071214640474294821, 6.499999999999999112 ) ) ;
#4124 = VERTEX_POINT ( 'NONE', #4214 ) ;
#4125 = EDGE_CURVE ( 'NONE', #7711, #6643, #4410, .T. ) ;
#4126 = FACE_OUTER_BOUND ( 'NONE', #426, .T. ) ;
#4127 = CARTESIAN_POINT ( 'NONE',  ( -6.999999999999999112, -4.000000000000000000, -2.499999999999999556 ) ) ;
#4128 = VECTOR ( 'NONE', #1269, 1000.000000000000000 ) ;
#4129 = LINE ( 'NONE', #987, #219 ) ;
#4130 = ORIENTED_EDGE ( 'NONE', *, *, #1525, .F. ) ;
#4131 = DIRECTION ( 'NONE',  ( -0.000000000000000000, 1.000000000000000000, -0.000000000000000000 ) ) ;
#4132 = ORIENTED_EDGE ( 'NONE', *, *, #3478, .F. ) ;
#4133 = DIRECTION ( 'NONE',  ( 0.000000000000000000, -1.000000000000000000, 0.000000000000000000 ) ) ;
#4134 = ORIENTED_EDGE ( 'NONE', *, *, #5421, .T. ) ;
#4135 = CARTESIAN_POINT ( 'NONE',  ( 131.5000000000000284, -0.4999999999999999445, -0.9807521955539650893 ) ) ;
#4136 = VECTOR ( 'NONE', #3460, 1000.000000000000000 ) ;
#4137 = CIRCLE ( 'NONE', #7163, 0.4999999999999976685 ) ;
#4138 = DIRECTION ( 'NONE',  ( 0.000000000000000000, 0.000000000000000000, -1.000000000000000000 ) ) ;
#4139 = CARTESIAN_POINT ( 'NONE',  ( -13.00229483862624846, -0.7259056474349254717, -6.452443178908703558 ) ) ;
#4140 = DIRECTION ( 'NONE',  ( 0.000000000000000000, 0.000000000000000000, -1.000000000000000000 ) ) ;
#4141 = CIRCLE ( 'NONE', #6654, 4.500000000000000888 ) ;
#4142 = DIRECTION ( 'NONE',  ( 0.000000000000000000, -1.000000000000000000, 0.000000000000000000 ) ) ;
#4143 = VECTOR ( 'NONE', #7157, 1000.000000000000000 ) ;
#4144 = ADVANCED_FACE ( 'NONE', ( #1557 ), #2925, .F. ) ;
#4145 = EDGE_CURVE ( 'NONE', #6143, #2010, #6034, .T. ) ;
#4146 = DIRECTION ( 'NONE',  ( 0.000000000000000000, 0.000000000000000000, 1.000000000000000000 ) ) ;
#4147 = EDGE_CURVE ( 'NONE', #3330, #3456, #2830, .T. ) ;
#4148 = ORIENTED_EDGE ( 'NONE', *, *, #2278, .F. ) ;
#4149 = LINE ( 'NONE', #2824, #1627 ) ;
#4150 = EDGE_LOOP ( 'NONE', ( #6183, #348, #1916, #3211 ) ) ;
#4151 = TOROIDAL_SURFACE ( 'NONE', #5855, 4.500000000000000888, 0.5000000000000000000 ) ;
#4152 = CARTESIAN_POINT ( 'NONE',  ( 44.20820393249938718, -0.5000000000000000000, -6.000000000000000000 ) ) ;
#4153 = ADVANCED_FACE ( 'NONE', ( #4082 ), #5449, .F. ) ;
#4154 = AXIS2_PLACEMENT_3D ( 'NONE', #248, #6783, #7778 ) ;
#4155 = AXIS2_PLACEMENT_3D ( 'NONE', #6200, #529, #1183 ) ;
#4156 = DIRECTION ( 'NONE',  ( 1.000000000000000000, 0.000000000000000000, 0.000000000000000000 ) ) ;
#4157 = ORIENTED_EDGE ( 'NONE', *, *, #4909, .T. ) ;
#4158 = PLANE ( 'NONE',  #5224 ) ;
#4159 = EDGE_CURVE ( 'NONE', #1490, #1252, #362, .T. ) ;
#4160 = ORIENTED_EDGE ( 'NONE', *, *, #2496, .T. ) ;
#4161 = AXIS2_PLACEMENT_3D ( 'NONE', #7522, #4422, #653 ) ;
#4162 = ORIENTED_EDGE ( 'NONE', *, *, #5664, .T. ) ;
#4163 = VECTOR ( 'NONE', #6316, 1000.000000000000000 ) ;
#4164 = TOROIDAL_SURFACE ( 'NONE', #2573, 4.499999999999997335, 0.5000000000000000000 ) ;
#4165 = DIRECTION ( 'NONE',  ( 0.000000000000000000, 0.000000000000000000, -1.000000000000000000 ) ) ;
#4166 = LINE ( 'NONE', #2843, #2419 ) ;
#4167 = ORIENTED_EDGE ( 'NONE', *, *, #1112, .F. ) ;
#4168 = CIRCLE ( 'NONE', #1929, 9.499999999999998224 ) ;
#4169 = DIRECTION ( 'NONE',  ( 1.000000000000000000, 0.000000000000000000, 0.000000000000000000 ) ) ;
#4170 = AXIS2_PLACEMENT_3D ( 'NONE', #4339, #3721, #496 ) ;
#4171 = ORIENTED_EDGE ( 'NONE', *, *, #3662, .T. ) ;
#4172 = CARTESIAN_POINT ( 'NONE',  ( -131.1420115208411801, -0.6436552870968786921, 1.119208359452013690 ) ) ;
#4173 = ORIENTED_EDGE ( 'NONE', *, *, #7909, .T. ) ;
#4174 = DIRECTION ( 'NONE',  ( -1.000000000000000000, 0.000000000000000000, -0.000000000000000000 ) ) ;
#4175 = CARTESIAN_POINT ( 'NONE',  ( -15.10456796088380216, -1.000000000000000000, 6.000000000000000000 ) ) ;
#4176 = CIRCLE ( 'NONE', #7454, 2.750000000000000000 ) ;
#4177 = DIRECTION ( 'NONE',  ( 0.000000000000000000, -1.000000000000000000, 0.000000000000000000 ) ) ;
#4178 = VERTEX_POINT ( 'NONE', #2266 ) ;
#4179 = LINE ( 'NONE', #4835, #2971 ) ;
#4180 = ORIENTED_EDGE ( 'NONE', *, *, #7442, .F. ) ;
#4181 = DIRECTION ( 'NONE',  ( 0.000000000000000000, 0.000000000000000000, 1.000000000000000000 ) ) ;
#4182 = ORIENTED_EDGE ( 'NONE', *, *, #6579, .T. ) ;
#4183 = CARTESIAN_POINT ( 'NONE',  ( -5.999999999999999112, 5.000000000000000000, -6.500000000000000000 ) ) ;
#4184 = AXIS2_PLACEMENT_3D ( 'NONE', #4266, #1746, #6130 ) ;
#4185 = CARTESIAN_POINT ( 'NONE',  ( 13.25806357084064757, -1.343141651239075474, 6.500000000000000000 ) ) ;
#4186 = DIRECTION ( 'NONE',  ( 0.000000000000000000, 0.000000000000000000, 1.000000000000000000 ) ) ;
#4187 = CARTESIAN_POINT ( 'NONE',  ( -12.95607867287037074, -0.9639368681879200151, -6.500000000000000000 ) ) ;
#4188 = DIRECTION ( 'NONE',  ( 1.000000000000000000, 0.000000000000000000, 0.000000000000000000 ) ) ;
#4189 = DIRECTION ( 'NONE',  ( 0.000000000000000000, 1.000000000000000000, -0.000000000000000000 ) ) ;
#4190 = VERTEX_POINT ( 'NONE', #2315 ) ;
#4191 = CARTESIAN_POINT ( 'NONE',  ( 30.79179606750063058, -0.5000000000000000000, -1.000000000000000000 ) ) ;
#4192 = ORIENTED_EDGE ( 'NONE', *, *, #2597, .F. ) ;
#4193 = CARTESIAN_POINT ( 'NONE',  ( 37.50000000000000711, -6.500000000000000000, 3.750000000000006217 ) ) ;
#4194 = ADVANCED_FACE ( 'NONE', ( #5376 ), #7889, .F. ) ;
#4195 = AXIS2_PLACEMENT_3D ( 'NONE', #3189, #3234, #3846 ) ;
#4196 = DIRECTION ( 'NONE',  ( 0.000000000000000000, 0.000000000000000000, 1.000000000000000000 ) ) ;
#4197 = ORIENTED_EDGE ( 'NONE', *, *, #7085, .T. ) ;
#4198 = DIRECTION ( 'NONE',  ( 0.000000000000000000, 1.000000000000000000, 0.000000000000000000 ) ) ;
#4199 = ORIENTED_EDGE ( 'NONE', *, *, #6379, .T. ) ;
#4200 = ORIENTED_EDGE ( 'NONE', *, *, #7391, .T. ) ;
#4201 = DIRECTION ( 'NONE',  ( 0.000000000000000000, 1.000000000000000000, 0.000000000000000000 ) ) ;
#4202 = LINE ( 'NONE', #354, #5169 ) ;
#4203 = ADVANCED_FACE ( 'NONE', ( #395 ), #4740, .T. ) ;
#4204 = ADVANCED_FACE ( 'NONE', ( #934 ), #7262, .F. ) ;
#4205 = CARTESIAN_POINT ( 'NONE',  ( -116.3397459621556038, -0.5000000000000000000, -1.500000000000000000 ) ) ;
#4206 = ADVANCED_FACE ( 'NONE', ( #1648 ), #6699, .F. ) ;
#4207 = ORIENTED_EDGE ( 'NONE', *, *, #5761, .F. ) ;
#4208 = CARTESIAN_POINT ( 'NONE',  ( -131.5000000000000000, -1.500000000000000000, 6.500000000000000000 ) ) ;
#4209 = ORIENTED_EDGE ( 'NONE', *, *, #2291, .T. ) ;
#4210 = CARTESIAN_POINT ( 'NONE',  ( -11.94229030071541686, -0.5000000000000000000, -1.500000000000004885 ) ) ;
#4211 = ORIENTED_EDGE ( 'NONE', *, *, #4605, .T. ) ;
#4212 = AXIS2_PLACEMENT_3D ( 'NONE', #3928, #3960, #6417 ) ;
#4213 = EDGE_CURVE ( 'NONE', #5406, #2308, #3591, .T. ) ;
#4214 = CARTESIAN_POINT ( 'NONE',  ( 20.12461179749810825, -0.5000000000000000000, 1.000000000000000000 ) ) ;
#4215 = DIRECTION ( 'NONE',  ( 0.000000000000000000, 0.000000000000000000, 1.000000000000000000 ) ) ;
#4216 = DIRECTION ( 'NONE',  ( 1.000000000000000000, 0.000000000000000000, 0.000000000000000000 ) ) ;
#4217 = ORIENTED_EDGE ( 'NONE', *, *, #7339, .T. ) ;
#4218 = DIRECTION ( 'NONE',  ( 0.000000000000000000, 0.000000000000000000, 1.000000000000000000 ) ) ;
#4219 = ORIENTED_EDGE ( 'NONE', *, *, #5465, .T. ) ;
#4220 = CARTESIAN_POINT ( 'NONE',  ( -6.999999999999999112, -1.887458608817688122, -6.500000000000000000 ) ) ;
#4221 = ORIENTED_EDGE ( 'NONE', *, *, #37, .F. ) ;
#4222 = CARTESIAN_POINT ( 'NONE',  ( 131.5000000000000000, -0.8389902327323833786, -1.103277859128601657 ) ) ;
#4223 = DIRECTION ( 'NONE',  ( -0.6666666666666772878, -0.000000000000000000, -0.7453559924999203501 ) ) ;
#4224 = DIRECTION ( 'NONE',  ( 0.000000000000000000, 0.000000000000000000, 1.000000000000000000 ) ) ;
#4225 = DIRECTION ( 'NONE',  ( 0.000000000000000000, 0.000000000000000000, 1.000000000000000000 ) ) ;
#4226 = FACE_OUTER_BOUND ( 'NONE', #4279, .T. ) ;
#4227 = CARTESIAN_POINT ( 'NONE',  ( 80.00000000000000000, 6.500000000000000000, 0.000000000000000000 ) ) ;
#4228 = ORIENTED_EDGE ( 'NONE', *, *, #7429, .F. ) ;
#4229 = EDGE_CURVE ( 'NONE', #4005, #1630, #2145, .T. ) ;
#4230 = CARTESIAN_POINT ( 'NONE',  ( 13.99999999999999822, -6.500000000000000000, 4.999999999999999112 ) ) ;
#4231 = EDGE_LOOP ( 'NONE', ( #2905, #4334, #3386, #6157 ) ) ;
#4232 = DIRECTION ( 'NONE',  ( 0.000000000000000000, -1.000000000000000000, 0.000000000000000000 ) ) ;
#4233 = ORIENTED_EDGE ( 'NONE', *, *, #4213, .T. ) ;
#4234 = ORIENTED_EDGE ( 'NONE', *, *, #299, .T. ) ;
#4235 = CARTESIAN_POINT ( 'NONE',  ( -129.5000000000000000, -6.500000000000000000, -6.500000000000000000 ) ) ;
#4236 = LINE ( 'NONE', #6150, #2268 ) ;
#4237 = AXIS2_PLACEMENT_3D ( 'NONE', #4809, #916, #7820 ) ;
#4238 = CARTESIAN_POINT ( 'NONE',  ( 118.2917960675006412, -0.5000000000000000000, -1.000000000000000000 ) ) ;
#4239 = ORIENTED_EDGE ( 'NONE', *, *, #7332, .T. ) ;
#4240 = CIRCLE ( 'NONE', #5295, 4.500000000000000888 ) ;
#4241 = DIRECTION ( 'NONE',  ( 0.000000000000000000, 0.000000000000000000, 1.000000000000000000 ) ) ;
#4242 = VERTEX_POINT ( 'NONE', #4046 ) ;
#4243 = CARTESIAN_POINT ( 'NONE',  ( 14.07506983337654383, -1.500000000000000444, 6.500000000000000000 ) ) ;
#4244 = EDGE_LOOP ( 'NONE', ( #1240, #7928, #4894, #1970 ) ) ;
#4245 = EDGE_CURVE ( 'NONE', #7160, #2589, #1774, .T. ) ;
#4246 = VECTOR ( 'NONE', #6442, 1000.000000000000000 ) ;
#4247 = EDGE_CURVE ( 'NONE', #2199, #10, #6523, .T. ) ;
#4248 = EDGE_CURVE ( 'NONE', #4769, #3330, #7553, .T. ) ;
#4249 = CARTESIAN_POINT ( 'NONE',  ( -76.12701665379258031, -0.5000000000000000000, 1.500000000000000000 ) ) ;
#4250 = CARTESIAN_POINT ( 'NONE',  ( 44.20820393249938718, -1.000000000000000000, -6.000000000000000000 ) ) ;
#4251 = AXIS2_PLACEMENT_3D ( 'NONE', #3942, #2055, #757 ) ;
#4252 = ADVANCED_FACE ( 'NONE', ( #4871 ), #6820, .F. ) ;
#4253 = DIRECTION ( 'NONE',  ( 0.000000000000000000, 0.000000000000000000, 1.000000000000000000 ) ) ;
#4254 = EDGE_LOOP ( 'NONE', ( #4180, #3412, #3823, #4284 ) ) ;
#4255 = FACE_BOUND ( 'NONE', #1167, .T. ) ;
#4256 = VERTEX_POINT ( 'NONE', #4293 ) ;
#4257 = CARTESIAN_POINT ( 'NONE',  ( -129.5000000000000000, -1.500000000000000000, -6.500000000000000000 ) ) ;
#4258 = DIRECTION ( 'NONE',  ( 0.000000000000000000, 0.000000000000000000, -1.000000000000000000 ) ) ;
#4259 = EDGE_CURVE ( 'NONE', #5807, #6054, #7581, .T. ) ;
#4260 = CARTESIAN_POINT ( 'NONE',  ( 40.48142396999973158, 6.500000000000000000, -2.666666666666667407 ) ) ;
#4261 = PLANE ( 'NONE',  #1358 ) ;
#4262 = CIRCLE ( 'NONE', #6774, 1.000000000000000000 ) ;
#4263 = DIRECTION ( 'NONE',  ( 0.000000000000000000, 1.000000000000000000, -0.000000000000000000 ) ) ;
#4264 = CARTESIAN_POINT ( 'NONE',  ( 3.999999999999999112, -6.500000000000000000, 5.000000000000002665 ) ) ;
#4265 = CIRCLE ( 'NONE', #692, 0.5000000000000011102 ) ;
#4266 = CARTESIAN_POINT ( 'NONE',  ( -131.0000000000000000, -0.5000000000000000000, -0.6229813658380594088 ) ) ;
#4267 = DIRECTION ( 'NONE',  ( 0.000000000000000000, 0.000000000000000000, 1.000000000000000000 ) ) ;
#4268 = CIRCLE ( 'NONE', #5849, 9.499999999999998224 ) ;
#4269 = VERTEX_POINT ( 'NONE', #5030 ) ;
#4270 = CIRCLE ( 'NONE', #4654, 0.5000000000000000000 ) ;
#4271 = CARTESIAN_POINT ( 'NONE',  ( 77.01857603000027552, -1.000000000000000000, -2.666666666666663854 ) ) ;
#4272 =( BOUNDED_SURFACE ( )  B_SPLINE_SURFACE ( 3, 2, ( 
 ( #4590, #1405, #3240 ),
 ( #5758, #5132, #2041 ),
 ( #781, #5219, #1702 ),
 ( #454, #4715, #8023 ),
 ( #5385, #7934, #7363 ),
 ( #282, #4222, #4750 ),
 ( #7272, #5952, #2202 ),
 ( #1532, #903, #6744 ),
 ( #2237, #1069, #4090 ),
 ( #6042, #4135, #3603 ) ),
 .UNSPECIFIED., .F., .F., .F. ) 
 B_SPLINE_SURFACE_WITH_KNOTS ( ( 4, 2, 2, 2, 4 ),
 ( 3, 3 ),
 ( 0.0006895842752228755531, 0.001082530520904462744, 0.001475476766586049718, 0.001868423012267636692, 0.002261369257949223666 ),
 ( 0.000000000000000000, 1.000000000000000000 ),
 .UNSPECIFIED. ) 
 GEOMETRIC_REPRESENTATION_ITEM ( )  RATIONAL_B_SPLINE_SURFACE ( (
 ( 1.000000000000000000, 0.7071067811865476838, 1.000000000000000000),
 ( 1.000000000000000000, 0.7143892938118470148, 1.000000000000000000),
 ( 1.000000000000000000, 0.7208976396540763831, 1.000000000000000000),
 ( 1.000000000000000000, 0.7320869481380894994, 1.000000000000000000),
 ( 1.000000000000000000, 0.7367407768506533117, 1.000000000000000000),
 ( 1.000000000000000000, 0.7441395446611844822, 1.000000000000000000),
 ( 1.000000000000000000, 0.7469174940814125030, 1.000000000000000000),
 ( 1.000000000000000000, 0.7505766556509121390, 1.000000000000000000),
 ( 1.000000000000000000, 0.7515038112171663620, 1.000000000000000000),
 ( 1.000000000000000000, 0.7514973980801537001, 1.000000000000000000) ) ) 
 REPRESENTATION_ITEM ( '' )  SURFACE ( )  );
#4273 = AXIS2_PLACEMENT_3D ( 'NONE', #3860, #1931, #4479 ) ;
#4274 = PRESENTATION_LAYER_ASSIGNMENT (  '', '', ( #7048 ) ) ;
#4275 = CARTESIAN_POINT ( 'NONE',  ( -6.999999999999999112, 5.000000000000000000, -2.499999999999999556 ) ) ;
#4276 = ORIENTED_EDGE ( 'NONE', *, *, #656, .F. ) ;
#4277 = CARTESIAN_POINT ( 'NONE',  ( 3.999999999999999112, 6.500000000000000000, 5.000000000000002665 ) ) ;
#4278 = VERTEX_POINT ( 'NONE', #8137 ) ;
#4279 = EDGE_LOOP ( 'NONE', ( #6611, #6057, #5103, #8067 ) ) ;
#4280 = CARTESIAN_POINT ( 'NONE',  ( -71.33974596215561803, -0.5000000000000000000, -11.00000000000000000 ) ) ;
#4281 = VECTOR ( 'NONE', #5628, 1000.000000000000000 ) ;
#4282 = DIRECTION ( 'NONE',  ( 0.000000000000000000, 1.000000000000000000, 0.000000000000000000 ) ) ;
#4283 = CARTESIAN_POINT ( 'NONE',  ( -131.5000000000000000, -1.500000000000000000, -4.500000000000000888 ) ) ;
#4284 = ORIENTED_EDGE ( 'NONE', *, *, #4403, .F. ) ;
#4285 = AXIS2_PLACEMENT_3D ( 'NONE', #6412, #3227, #3720 ) ;
#4286 = CARTESIAN_POINT ( 'NONE',  ( 6.999999999999999112, 2.499999999999999556, -3.999999999999998224 ) ) ;
#4287 = ORIENTED_EDGE ( 'NONE', *, *, #4449, .F. ) ;
#4288 = CIRCLE ( 'NONE', #1914, 1.000000000000000000 ) ;
#4289 = CARTESIAN_POINT ( 'NONE',  ( -125.0000000000000000, 6.500000000000000000, 0.000000000000000000 ) ) ;
#4290 = ORIENTED_EDGE ( 'NONE', *, *, #965, .F. ) ;
#4291 = CIRCLE ( 'NONE', #723, 3.750000000000006217 ) ;
#4292 = VECTOR ( 'NONE', #2655, 1000.000000000000000 ) ;
#4293 = CARTESIAN_POINT ( 'NONE',  ( 27.50000000000000000, -6.500000000000000000, -5.000000000000000888 ) ) ;
#4294 = CARTESIAN_POINT ( 'NONE',  ( 4.000000000000000000, 6.500000000000000000, -4.999999999999997335 ) ) ;
#4295 = CIRCLE ( 'NONE', #7996, 5.000000000000000000 ) ;
#4296 = VECTOR ( 'NONE', #577, 1000.000000000000000 ) ;
#4297 = ADVANCED_FACE ( 'NONE', ( #8090 ), #6399, .F. ) ;
#4298 = ADVANCED_FACE ( 'NONE', ( #1144 ), #1896, .F. ) ;
#4299 = CARTESIAN_POINT ( 'NONE',  ( -14.12480841396375553, -0.9215708228084976694, 6.251107760016983761 ) ) ;
#4300 = ORIENTED_EDGE ( 'NONE', *, *, #1017, .T. ) ;
#4301 = CARTESIAN_POINT ( 'NONE',  ( 37.50000000000000711, -0.5000000000000000000, 0.000000000000000000 ) ) ;
#4302 = ORIENTED_EDGE ( 'NONE', *, *, #1812, .F. ) ;
#4303 = LINE ( 'NONE', #8056, #8114 ) ;
#4304 = CARTESIAN_POINT ( 'NONE',  ( -125.0000000000000000, -2.299999999999998934, -1.649999999999998579 ) ) ;
#4305 = DIRECTION ( 'NONE',  ( -1.000000000000000000, 0.000000000000000000, 0.000000000000000000 ) ) ;
#4306 = EDGE_CURVE ( 'NONE', #7547, #2931, #7183, .T. ) ;
#4307 = DIRECTION ( 'NONE',  ( -0.6661659709479141878, -0.000000000000000000, -0.7458035258370818710 ) ) ;
#4308 = CARTESIAN_POINT ( 'NONE',  ( 6.999999999999999112, -6.500000000000000000, 4.000000000000002665 ) ) ;
#4309 = ADVANCED_FACE ( 'NONE', ( #7430 ), #3639, .F. ) ;
#4310 = EDGE_CURVE ( 'NONE', #794, #7884, #1771, .T. ) ;
#4311 = CARTESIAN_POINT ( 'NONE',  ( 131.0000000000000000, -1.500000000000000000, -4.500000000000000888 ) ) ;
#4312 = DIRECTION ( 'NONE',  ( 1.000000000000000000, 0.000000000000000000, 0.000000000000000000 ) ) ;
#4313 = CARTESIAN_POINT ( 'NONE',  ( 0.000000000000000000, -2.999999999999999556, 0.000000000000000000 ) ) ;
#4314 = VERTEX_POINT ( 'NONE', #6161 ) ;
#4315 = CARTESIAN_POINT ( 'NONE',  ( 37.50000000000000711, -0.5000000000000000000, 0.000000000000000000 ) ) ;
#4316 = EDGE_CURVE ( 'NONE', #1292, #5934, #487, .T. ) ;
#4317 = DIRECTION ( 'NONE',  ( 0.000000000000000000, -1.000000000000000000, 0.000000000000000000 ) ) ;
#4318 = DIRECTION ( 'NONE',  ( 0.000000000000000000, 0.000000000000000000, 1.000000000000000000 ) ) ;
#4319 = EDGE_LOOP ( 'NONE', ( #4065, #4566, #2984, #1553 ) ) ;
#4320 = CARTESIAN_POINT ( 'NONE',  ( 129.5000000000000000, -6.500000000000000000, 4.500000000000000000 ) ) ;
#4321 = ORIENTED_EDGE ( 'NONE', *, *, #1791, .T. ) ;
#4322 = ORIENTED_EDGE ( 'NONE', *, *, #3545, .F. ) ;
#4323 = CARTESIAN_POINT ( 'NONE',  ( 3.999999999999999112, 6.500000000000000000, 4.000000000000002665 ) ) ;
#4324 = DIRECTION ( 'NONE',  ( 0.000000000000000000, -1.000000000000000000, 0.000000000000000000 ) ) ;
#4325 = CARTESIAN_POINT ( 'NONE',  ( 34.51857603000028263, -0.5000000000000000000, -2.666666666666667851 ) ) ;
#4326 = ORIENTED_EDGE ( 'NONE', *, *, #3898, .T. ) ;
#4327 = DIRECTION ( 'NONE',  ( 1.000000000000000000, 0.000000000000000000, -0.000000000000000000 ) ) ;
#4328 = VERTEX_POINT ( 'NONE', #4996 ) ;
#4329 = CYLINDRICAL_SURFACE ( 'NONE', #7064, 2.000000000000000000 ) ;
#4330 = ORIENTED_EDGE ( 'NONE', *, *, #4854, .F. ) ;
#4331 = ADVANCED_FACE ( 'NONE', ( #5581 ), #8050, .F. ) ;
#4332 = DIRECTION ( 'NONE',  ( 0.000000000000000000, 0.000000000000000000, -1.000000000000000000 ) ) ;
#4333 = CARTESIAN_POINT ( 'NONE',  ( -13.06153795079041835, -0.7382202660296027785, 6.445709661050505801 ) ) ;
#4334 = ORIENTED_EDGE ( 'NONE', *, *, #3985, .F. ) ;
#4335 = CARTESIAN_POINT ( 'NONE',  ( 131.0000000000000000, -1.000000000000000000, 1.552214998774830601 ) ) ;
#4336 = ORIENTED_EDGE ( 'NONE', *, *, #2688, .T. ) ;
#4337 = DIRECTION ( 'NONE',  ( 0.000000000000000000, -0.000000000000000000, 1.000000000000000000 ) ) ;
#4338 = CARTESIAN_POINT ( 'NONE',  ( -2.999999999999999112, -4.000000000000001776, -2.499999999999999556 ) ) ;
#4339 = CARTESIAN_POINT ( 'NONE',  ( 89.50000000000001421, -2.999999999999999556, 0.000000000000000000 ) ) ;
#4340 = DIRECTION ( 'NONE',  ( 0.000000000000000000, 0.000000000000000000, -1.000000000000000000 ) ) ;
#4341 = DIRECTION ( 'NONE',  ( 0.7857142857142866976, 0.000000000000000000, -0.6185895741317408714 ) ) ;
#4342 = CARTESIAN_POINT ( 'NONE',  ( -80.00000000000000000, -1.000000000000000000, 0.000000000000000000 ) ) ;
#4343 = DIRECTION ( 'NONE',  ( -1.000000000000000000, 4.336808689942017736E-16, -0.000000000000000000 ) ) ;
#4344 = VERTEX_POINT ( 'NONE', #6107 ) ;
#4345 = EDGE_CURVE ( 'NONE', #2297, #3983, #568, .T. ) ;
#4346 = EDGE_CURVE ( 'NONE', #1713, #3535, #1818, .T. ) ;
#4347 = CARTESIAN_POINT ( 'NONE',  ( -131.5000000000000000, 6.500000000000000000, 0.6229813658380594088 ) ) ;
#4348 = ADVANCED_FACE ( 'NONE', ( #2395 ), #4945, .F. ) ;
#4349 = CARTESIAN_POINT ( 'NONE',  ( 27.50000000000000000, -2.999999999999999556, 4.999999999999999112 ) ) ;
#4350 = DIRECTION ( 'NONE',  ( 0.000000000000000000, 1.000000000000000000, 0.000000000000000000 ) ) ;
#4351 = EDGE_CURVE ( 'NONE', #2199, #7271, #6134, .T. ) ;
#4352 = ORIENTED_EDGE ( 'NONE', *, *, #7594, .T. ) ;
#4353 = VERTEX_POINT ( 'NONE', #7014 ) ;
#4354 = ORIENTED_EDGE ( 'NONE', *, *, #5372, .T. ) ;
#4355 = ADVANCED_FACE ( 'NONE', ( #1978 ), #1495, .F. ) ;
#4356 = FACE_OUTER_BOUND ( 'NONE', #1608, .T. ) ;
#4357 = DIRECTION ( 'NONE',  ( 1.000000000000000000, 0.000000000000000000, 0.000000000000000000 ) ) ;
#4358 = DIRECTION ( 'NONE',  ( 0.000000000000000000, 0.000000000000000000, 1.000000000000000000 ) ) ;
#4359 = ORIENTED_EDGE ( 'NONE', *, *, #2128, .T. ) ;
#4360 = ORIENTED_EDGE ( 'NONE', *, *, #2791, .T. ) ;
#4361 = DIRECTION ( 'NONE',  ( 1.000000000000000000, 0.000000000000000000, 0.000000000000000000 ) ) ;
#4362 = ORIENTED_EDGE ( 'NONE', *, *, #4963, .F. ) ;
#4363 = VERTEX_POINT ( 'NONE', #3950 ) ;
#4364 = AXIS2_PLACEMENT_3D ( 'NONE', #5135, #7654, #2653 ) ;
#4365 = DIRECTION ( 'NONE',  ( -0.7453559924999221264, 0.000000000000000000, 0.6666666666666752894 ) ) ;
#4366 = DIRECTION ( 'NONE',  ( 0.000000000000000000, 0.000000000000000000, -1.000000000000000000 ) ) ;
#4367 = VECTOR ( 'NONE', #938, 1000.000000000000000 ) ;
#4368 = CARTESIAN_POINT ( 'NONE',  ( -90.00000000000001421, -2.999999999999999556, 8.673617379884035472E-16 ) ) ;
#4369 = ORIENTED_EDGE ( 'NONE', *, *, #950, .F. ) ;
#4370 = AXIS2_PLACEMENT_3D ( 'NONE', #5240, #5275, #5193 ) ;
#4371 = DIRECTION ( 'NONE',  ( 1.301042606982605321E-16, 0.000000000000000000, -1.000000000000000000 ) ) ;
#4372 = ORIENTED_EDGE ( 'NONE', *, *, #3545, .T. ) ;
#4373 = EDGE_CURVE ( 'NONE', #5000, #5743, #1942, .T. ) ;
#4374 = CARTESIAN_POINT ( 'NONE',  ( -131.5000000000000284, -1.307179973500529835, -1.037243260804925793 ) ) ;
#4375 = CARTESIAN_POINT ( 'NONE',  ( -80.00000000000000000, -0.5000000000000000000, 0.000000000000000000 ) ) ;
#4376 = CARTESIAN_POINT ( 'NONE',  ( -3.999999999999999112, 4.999999999999999112, -2.499999999999999556 ) ) ;
#4377 = DIRECTION ( 'NONE',  ( 1.000000000000000000, -0.000000000000000000, 0.000000000000000000 ) ) ;
#4378 = VECTOR ( 'NONE', #7590, 1000.000000000000000 ) ;
#4379 = DIRECTION ( 'NONE',  ( 0.000000000000000000, -0.000000000000000000, 1.000000000000000000 ) ) ;
#4380 = VECTOR ( 'NONE', #5782, 1000.000000000000000 ) ;
#4381 =( BOUNDED_SURFACE ( )  B_SPLINE_SURFACE ( 3, 2, ( 
 ( #742, #5788, #111 ),
 ( #2644, #775, #3307 ),
 ( #7685, #5824, #5203 ),
 ( #2729, #1433, #7764 ),
 ( #6035, #6569, #4083 ),
 ( #4047, #396, #7229 ),
 ( #1600, #8013, #2357 ),
 ( #3472, #1058, #7355 ),
 ( #5410, #3557, #896 ),
 ( #6605, #6653, #7968 ) ),
 .UNSPECIFIED., .F., .F., .F. ) 
 B_SPLINE_SURFACE_WITH_KNOTS ( ( 4, 2, 2, 2, 4 ),
 ( 3, 3 ),
 ( 0.0006670711768503534639, 0.001060073951433958880, 0.001453076726017564187, 0.001846079500601169494, 0.002239082275184775019 ),
 ( 0.000000000000000000, 1.000000000000000000 ),
 .UNSPECIFIED. ) 
 GEOMETRIC_REPRESENTATION_ITEM ( )  RATIONAL_B_SPLINE_SURFACE ( (
 ( 1.000000000000000000, 0.7514973980801537001, 1.000000000000000000),
 ( 1.000000000000000000, 0.7514995658760589281, 1.000000000000000000),
 ( 1.000000000000000000, 0.7505825179890646126, 1.000000000000000000),
 ( 1.000000000000000000, 0.7468969550654325218, 1.000000000000000000),
 ( 1.000000000000000000, 0.7441203379066813062, 1.000000000000000000),
 ( 1.000000000000000000, 0.7367215050590013581, 1.000000000000000000),
 ( 1.000000000000000000, 0.7320297695397061100, 1.000000000000000000),
 ( 1.000000000000000000, 0.7209112805335554652, 1.000000000000000000),
 ( 1.000000000000000000, 0.7143256287543291450, 1.000000000000000000),
 ( 1.000000000000000000, 0.7071067811864886199, 1.000000000000000000) ) ) 
 REPRESENTATION_ITEM ( '' )  SURFACE ( )  );
#4382 = CARTESIAN_POINT ( 'NONE',  ( -129.5000000000000000, -1.000000000000000000, 4.500000000000000888 ) ) ;
#4383 = CARTESIAN_POINT ( 'NONE',  ( 5.000000000000000000, 2.499999999999999556, 2.750000000000000000 ) ) ;
#4384 = ORIENTED_EDGE ( 'NONE', *, *, #6572, .T. ) ;
#4385 = CIRCLE ( 'NONE', #1492, 2.000000000000000000 ) ;
#4386 = DIRECTION ( 'NONE',  ( 0.7617044925824191237, 9.553744878975584064E-15, -0.6479245835587347235 ) ) ;
#4387 = CARTESIAN_POINT ( 'NONE',  ( 12.51772771996459355, -0.7734752277240921625, -6.408429146717605107 ) ) ;
#4388 = CARTESIAN_POINT ( 'NONE',  ( -6.999999999999999112, 1.887458608817688122, 2.499999999999999556 ) ) ;
#4389 = EDGE_CURVE ( 'NONE', #7254, #941, #1103, .T. ) ;
#4390 = AXIS2_PLACEMENT_3D ( 'NONE', #3095, #1222, #3640 ) ;
#4391 = EDGE_CURVE ( 'NONE', #4256, #4054, #732, .T. ) ;
#4392 = VECTOR ( 'NONE', #1592, 1000.000000000000000 ) ;
#4393 = ORIENTED_EDGE ( 'NONE', *, *, #5365, .T. ) ;
#4394 = CARTESIAN_POINT ( 'NONE',  ( 80.00000000000000000, -1.000000000000000000, 0.000000000000000000 ) ) ;
#4395 = ORIENTED_EDGE ( 'NONE', *, *, #6768, .T. ) ;
#4396 = AXIS2_PLACEMENT_3D ( 'NONE', #3970, #7326, #3530 ) ;
#4397 = EDGE_LOOP ( 'NONE', ( #292, #392, #404, #6729 ) ) ;
#4398 = DIRECTION ( 'NONE',  ( 0.000000000000000000, 1.000000000000000000, 0.000000000000000000 ) ) ;
#4399 = ADVANCED_FACE ( 'NONE', ( #5072 ), #5736, .T. ) ;
#4400 = CARTESIAN_POINT ( 'NONE',  ( 30.79179606750063058, -1.000000000000000000, -1.000000000000000000 ) ) ;
#4401 = DIRECTION ( 'NONE',  ( 0.000000000000000000, 1.000000000000000000, 0.000000000000000000 ) ) ;
#4402 = ORIENTED_EDGE ( 'NONE', *, *, #3790, .T. ) ;
#4403 = EDGE_CURVE ( 'NONE', #3421, #6917, #4450, .T. ) ;
#4404 = ORIENTED_EDGE ( 'NONE', *, *, #3348, .T. ) ;
#4405 = AXIS2_PLACEMENT_3D ( 'NONE', #5004, #8060, #4340 ) ;
#4406 = DIRECTION ( 'NONE',  ( 0.000000000000000000, 0.000000000000000000, -1.000000000000000000 ) ) ;
#4407 = ORIENTED_EDGE ( 'NONE', *, *, #2528, .T. ) ;
#4408 = AXIS2_PLACEMENT_3D ( 'NONE', #991, #4622, #1476 ) ;
#4409 = ORIENTED_EDGE ( 'NONE', *, *, #6071, .T. ) ;
#4410 = CIRCLE ( 'NONE', #6916, 5.000000000000000000 ) ;
#4411 = DIRECTION ( 'NONE',  ( -1.000000000000000000, 0.000000000000000000, -0.000000000000000000 ) ) ;
#4412 = DIRECTION ( 'NONE',  ( 0.000000000000000000, 0.000000000000000000, 1.000000000000000000 ) ) ;
#4413 = AXIS2_PLACEMENT_3D ( 'NONE', #3979, #5843, #5232 ) ;
#4414 = VECTOR ( 'NONE', #7315, 1000.000000000000000 ) ;
#4415 = DIRECTION ( 'NONE',  ( 0.000000000000000000, 0.000000000000000000, 1.000000000000000000 ) ) ;
#4416 = AXIS2_PLACEMENT_3D ( 'NONE', #4315, #4932, #1197 ) ;
#4417 = EDGE_LOOP ( 'NONE', ( #7747, #3599, #5506, #168 ) ) ;
#4418 = VECTOR ( 'NONE', #2119, 1000.000000000000000 ) ;
#4419 = LINE ( 'NONE', #5279, #587 ) ;
#4420 = ORIENTED_EDGE ( 'NONE', *, *, #6830, .F. ) ;
#4421 = AXIS2_PLACEMENT_3D ( 'NONE', #5683, #1324, #4981 ) ;
#4422 = DIRECTION ( 'NONE',  ( 0.7857142857142844772, 0.000000000000000000, -0.6185895741317434249 ) ) ;
#4423 = DIRECTION ( 'NONE',  ( 0.000000000000000000, 0.000000000000000000, 1.000000000000000000 ) ) ;
#4424 = AXIS2_PLACEMENT_3D ( 'NONE', #4905, #1177, #3674 ) ;
#4426 = AXIS2_PLACEMENT_3D ( 'NONE', #7726, #774, #7107 ) ;
#4425 = CARTESIAN_POINT ( 'NONE',  ( 14.35660390792061669, -1.500000000000000000, 6.500000000000000000 ) ) ;
#4427 = DIRECTION ( 'NONE',  ( 0.000000000000000000, 0.000000000000000000, 1.000000000000000000 ) ) ;
#4428 = PLANE ( 'NONE',  #2009 ) ;
#4429 = CIRCLE ( 'NONE', #729, 4.000000000000003553 ) ;
#4430 = CIRCLE ( 'NONE', #859, 3.750000000000006217 ) ;
#4431 = DIRECTION ( 'NONE',  ( -0.000000000000000000, -1.000000000000000000, 0.000000000000000000 ) ) ;
#4432 = ORIENTED_EDGE ( 'NONE', *, *, #6682, .F. ) ;
#4433 = CARTESIAN_POINT ( 'NONE',  ( 11.19432624775223495, -1.000000000000000000, -1.500000000000002220 ) ) ;
#4434 = LINE ( 'NONE', #665, #7929 ) ;
#4435 = PLANE ( 'NONE',  #2050 ) ;
#4436 = ORIENTED_EDGE ( 'NONE', *, *, #6218, .F. ) ;
#4437 = DIRECTION ( 'NONE',  ( -0.000000000000000000, -1.000000000000000000, -0.000000000000000000 ) ) ;
#4438 = ORIENTED_EDGE ( 'NONE', *, *, #953, .F. ) ;
#4439 = ORIENTED_EDGE ( 'NONE', *, *, #795, .F. ) ;
#4440 = EDGE_CURVE ( 'NONE', #5391, #4242, #4574, .T. ) ;
#4441 = CARTESIAN_POINT ( 'NONE',  ( -11.94229030071541686, -0.5000000000000000000, 1.500000000000004885 ) ) ;
#4442 = AXIS2_PLACEMENT_3D ( 'NONE', #1796, #6793, #5515 ) ;
#4443 = DIRECTION ( 'NONE',  ( -0.000000000000000000, -1.000000000000000000, -0.000000000000000000 ) ) ;
#4444 = VERTEX_POINT ( 'NONE', #67 ) ;
#4445 = EDGE_LOOP ( 'NONE', ( #4438, #1857, #4664, #4148 ) ) ;
#4446 = DIRECTION ( 'NONE',  ( 1.000000000000000000, 0.000000000000000000, 0.000000000000000000 ) ) ;
#4447 = VERTEX_POINT ( 'NONE', #3331 ) ;
#4448 = EDGE_LOOP ( 'NONE', ( #606, #6256 ) ) ;
#4449 = EDGE_CURVE ( 'NONE', #89, #7750, #5696, .T. ) ;
#4450 = LINE ( 'NONE', #136, #6000 ) ;
#4451 = EDGE_CURVE ( 'NONE', #3213, #5024, #5191, .T. ) ;
#4452 = EDGE_CURVE ( 'NONE', #116, #7630, #4430, .T. ) ;
#4453 = CARTESIAN_POINT ( 'NONE',  ( -131.5000000000000000, -0.5822482064130263257, -0.9929218022599813898 ) ) ;
#4454 = AXIS2_PLACEMENT_3D ( 'NONE', #234, #7731, #7142 ) ;
#4455 = CARTESIAN_POINT ( 'NONE',  ( 11.19432624775223495, -0.5000000000000000000, 1.500000000000002220 ) ) ;
#4456 = LINE ( 'NONE', #648, #1999 ) ;
#4457 = ORIENTED_EDGE ( 'NONE', *, *, #3154, .T. ) ;
#4458 = EDGE_CURVE ( 'NONE', #1252, #2473, #474, .T. ) ;
#4459 = CARTESIAN_POINT ( 'NONE',  ( 89.50000000000001421, -2.999999999999999556, -5.000000000000000000 ) ) ;
#4460 = ORIENTED_EDGE ( 'NONE', *, *, #4213, .F. ) ;
#4461 = CARTESIAN_POINT ( 'NONE',  ( -125.0000000000000000, -2.299999999999998934, 3.750000000000006217 ) ) ;
#4462 = FACE_OUTER_BOUND ( 'NONE', #1588, .T. ) ;
#4463 = DIRECTION ( 'NONE',  ( -1.000000000000000000, 0.000000000000000000, -0.000000000000000000 ) ) ;
#4464 = FACE_OUTER_BOUND ( 'NONE', #4397, .T. ) ;
#4465 = LINE ( 'NONE', #35, #3864 ) ;
#4466 = DIRECTION ( 'NONE',  ( 1.000000000000000000, 0.000000000000000000, 0.000000000000000000 ) ) ;
#4467 = CARTESIAN_POINT ( 'NONE',  ( -3.999999999999999112, -5.000000000000000888, 2.499999999999999556 ) ) ;
#4468 = ORIENTED_EDGE ( 'NONE', *, *, #398, .F. ) ;
#4469 = CARTESIAN_POINT ( 'NONE',  ( 3.000000000000000444, -6.500000000000000000, -4.999999999999997335 ) ) ;
#4470 = VECTOR ( 'NONE', #7313, 1000.000000000000000 ) ;
#4471 = LINE ( 'NONE', #3280, #4625 ) ;
#4472 = FACE_OUTER_BOUND ( 'NONE', #4244, .T. ) ;
#4473 = DIRECTION ( 'NONE',  ( 1.000000000000000000, 0.000000000000000000, 0.000000000000000000 ) ) ;
#4474 = EDGE_LOOP ( 'NONE', ( #4633, #4026, #4384, #5588 ) ) ;
#4475 = DIRECTION ( 'NONE',  ( 0.000000000000000000, -1.000000000000000000, 0.000000000000000000 ) ) ;
#4476 = EDGE_LOOP ( 'NONE', ( #7341, #5384, #2749, #6133 ) ) ;
#4477 = EDGE_CURVE ( 'NONE', #2793, #4328, #3263, .T. ) ;
#4478 = VERTEX_POINT ( 'NONE', #4530 ) ;
#4479 = DIRECTION ( 'NONE',  ( 0.000000000000000000, 0.000000000000000000, 1.000000000000000000 ) ) ;
#4480 = CARTESIAN_POINT ( 'NONE',  ( 27.50000000000000000, -2.999999999999999556, -8.673617379884035472E-16 ) ) ;
#4481 = ORIENTED_EDGE ( 'NONE', *, *, #3392, .T. ) ;
#4482 = ORIENTED_EDGE ( 'NONE', *, *, #7277, .T. ) ;
#4483 = CARTESIAN_POINT ( 'NONE',  ( -80.00000000000000000, -1.000000000000000000, 0.000000000000000000 ) ) ;
#4484 = ORIENTED_EDGE ( 'NONE', *, *, #6779, .T. ) ;
#4485 = ORIENTED_EDGE ( 'NONE', *, *, #682, .T. ) ;
#4486 = FACE_OUTER_BOUND ( 'NONE', #7257, .T. ) ;
#4487 = CARTESIAN_POINT ( 'NONE',  ( -131.5000000000000000, -1.025477935794300688, -1.519656920877537676 ) ) ;
#4488 = LINE ( 'NONE', #2723, #931 ) ;
#4489 = CIRCLE ( 'NONE', #7001, 0.5000000000000000000 ) ;
#4490 = CARTESIAN_POINT ( 'NONE',  ( -116.3397459621556038, -1.000000000000000000, -1.500000000000000000 ) ) ;
#4491 = EDGE_CURVE ( 'NONE', #5333, #504, #2952, .T. ) ;
#4492 = ORIENTED_EDGE ( 'NONE', *, *, #4543, .T. ) ;
#4493 = ADVANCED_FACE ( 'NONE', ( #7755 ), #2098, .F. ) ;
#4494 = LINE ( 'NONE', #7068, #2704 ) ;
#4495 = ORIENTED_EDGE ( 'NONE', *, *, #6269, .F. ) ;
#4496 = AXIS2_PLACEMENT_3D ( 'NONE', #1286, #1322, #6380 ) ;
#4497 = LINE ( 'NONE', #6948, #7718 ) ;
#4498 = FACE_OUTER_BOUND ( 'NONE', #4474, .T. ) ;
#4499 = TOROIDAL_SURFACE ( 'NONE', #1593, 9.500000000000000000, 0.5000000000000000000 ) ;
#4500 = CARTESIAN_POINT ( 'NONE',  ( -15.10456796088380216, -1.500000000000000000, -6.000000000000000000 ) ) ;
#4501 = ADVANCED_FACE ( 'NONE', ( #4486 ), #1340, .F. ) ;
#4502 = CIRCLE ( 'NONE', #6486, 0.5000000000000000000 ) ;
#4503 = LINE ( 'NONE', #743, #3008 ) ;
#4504 = DIRECTION ( 'NONE',  ( 0.000000000000000000, 0.000000000000000000, 1.000000000000000000 ) ) ;
#4505 = EDGE_CURVE ( 'NONE', #5445, #641, #101, .T. ) ;
#4506 = CARTESIAN_POINT ( 'NONE',  ( 37.50000000000000711, -2.299999999999998934, -3.750000000000006217 ) ) ;
#4507 = ORIENTED_EDGE ( 'NONE', *, *, #6777, .T. ) ;
#4508 = AXIS2_PLACEMENT_3D ( 'NONE', #6727, #5274, #6098 ) ;
#4509 = FACE_OUTER_BOUND ( 'NONE', #6759, .T. ) ;
#4510 = AXIS2_PLACEMENT_3D ( 'NONE', #79, #7031, #1867 ) ;
#4511 = DIRECTION ( 'NONE',  ( -1.000000000000000000, 0.000000000000000000, -0.000000000000000000 ) ) ;
#4512 = B_SPLINE_CURVE_WITH_KNOTS ( 'NONE', 3,
 ( #5747, #6982, #3763, #6365, #3059, #8102 ),
 .UNSPECIFIED., .F., .F.,
 ( 4, 2, 4 ),
 ( 0.000000000000000000, 0.0003983138378548267168, 0.0007966276757096534336 ),
 .UNSPECIFIED. ) ;
#4513 = CYLINDRICAL_SURFACE ( 'NONE', #8123, 5.000000000000000000 ) ;
#4514 = CIRCLE ( 'NONE', #281, 1.649999999999998579 ) ;
#4515 = DIRECTION ( 'NONE',  ( 0.000000000000000000, 1.000000000000000000, 0.000000000000000000 ) ) ;
#4516 = FACE_OUTER_BOUND ( 'NONE', #3164, .T. ) ;
#4517 = EDGE_LOOP ( 'NONE', ( #3261, #1976, #3784, #2561 ) ) ;
#4518 = ORIENTED_EDGE ( 'NONE', *, *, #1267, .T. ) ;
#4519 = CARTESIAN_POINT ( 'NONE',  ( 14.35660390792061669, -0.9999999999999992228, 6.500000000000000888 ) ) ;
#4520 = CARTESIAN_POINT ( 'NONE',  ( -129.5000000000000000, -1.500000000000000444, -4.500000000000000888 ) ) ;
#4521 = CIRCLE ( 'NONE', #7816, 1.000000000000000000 ) ;
#4522 = ORIENTED_EDGE ( 'NONE', *, *, #92, .F. ) ;
#4523 = AXIS2_PLACEMENT_3D ( 'NONE', #7279, #1614, #3608 ) ;
#4524 = ORIENTED_EDGE ( 'NONE', *, *, #4505, .T. ) ;
#4525 = DIRECTION ( 'NONE',  ( 1.000000000000000000, 0.000000000000000000, 0.000000000000000000 ) ) ;
#4526 = VERTEX_POINT ( 'NONE', #3173 ) ;
#4527 = EDGE_LOOP ( 'NONE', ( #5694, #966, #6223, #1724 ) ) ;
#4528 = AXIS2_PLACEMENT_3D ( 'NONE', #6097, #3737, #516 ) ;
#4529 = VECTOR ( 'NONE', #5369, 1000.000000000000000 ) ;
#4530 = CARTESIAN_POINT ( 'NONE',  ( -3.999999999999999112, -5.000000000000000888, -2.499999999999999556 ) ) ;
#4531 = CARTESIAN_POINT ( 'NONE',  ( 19.00000000000000355, -2.999999999999999556, 4.999999999999999112 ) ) ;
#4532 = CARTESIAN_POINT ( 'NONE',  ( 33.62701665379258742, -1.000000000000000000, 1.000000000000000000 ) ) ;
#4533 = CIRCLE ( 'NONE', #443, 0.5000000000000012212 ) ;
#4534 = VECTOR ( 'NONE', #1443, 1000.000000000000000 ) ;
#4535 = CARTESIAN_POINT ( 'NONE',  ( -120.0000000000000000, -6.500000000000000000, 8.673617379884035472E-16 ) ) ;
#4536 = ORIENTED_EDGE ( 'NONE', *, *, #7675, .F. ) ;
#4537 = DIRECTION ( 'NONE',  ( 0.000000000000000000, 0.000000000000000000, 1.000000000000000000 ) ) ;
#4538 = VERTEX_POINT ( 'NONE', #2878 ) ;
#4539 = DIRECTION ( 'NONE',  ( 0.000000000000000000, 0.000000000000000000, -1.000000000000000000 ) ) ;
#4540 = FACE_OUTER_BOUND ( 'NONE', #3517, .T. ) ;
#4541 = CIRCLE ( 'NONE', #7712, 2.750000000000000000 ) ;
#4542 = FACE_OUTER_BOUND ( 'NONE', #4778, .T. ) ;
#4543 = EDGE_CURVE ( 'NONE', #2341, #4353, #5439, .T. ) ;
#4544 = AXIS2_PLACEMENT_3D ( 'NONE', #450, #289, #5548 ) ;
#4545 = AXIS2_PLACEMENT_3D ( 'NONE', #618, #3833, #574 ) ;
#4546 = DIRECTION ( 'NONE',  ( 0.000000000000000000, -1.000000000000000000, 0.000000000000000000 ) ) ;
#4547 = ORIENTED_EDGE ( 'NONE', *, *, #2898, .T. ) ;
#4548 = CARTESIAN_POINT ( 'NONE',  ( 20.12461179749810825, -1.000000000000000000, 6.000000000000000000 ) ) ;
#4549 = AXIS2_PLACEMENT_3D ( 'NONE', #4704, #7761, #4045 ) ;
#4550 = CIRCLE ( 'NONE', #719, 4.500000000000003553 ) ;
#4551 = CARTESIAN_POINT ( 'NONE',  ( -2.999999999999999112, -1.887458608817686123, 2.499999999999999556 ) ) ;
#4552 = ORIENTED_EDGE ( 'NONE', *, *, #2606, .F. ) ;
#4553 = AXIS2_PLACEMENT_3D ( 'NONE', #205, #5292, #5879 ) ;
#4554 = DIRECTION ( 'NONE',  ( 0.000000000000000000, 0.000000000000000000, 1.000000000000000000 ) ) ;
#4555 = AXIS2_PLACEMENT_3D ( 'NONE', #7655, #1249, #596 ) ;
#4556 = EDGE_CURVE ( 'NONE', #484, #788, #3508, .T. ) ;
#4557 = ADVANCED_FACE ( 'NONE', ( #5315 ), #6688, .T. ) ;
#4558 = CARTESIAN_POINT ( 'NONE',  ( 11.72558071518361089, -0.6127224865130522780, -6.488259758104558905 ) ) ;
#4559 = AXIS2_PLACEMENT_3D ( 'NONE', #964, #6093, #8002 ) ;
#4560 = TOROIDAL_SURFACE ( 'NONE', #7988, 4.500000000000003553, 0.5000000000000000000 ) ;
#4561 = CARTESIAN_POINT ( 'NONE',  ( 82.98142396999973869, 6.500000000000000000, -2.666666666666662078 ) ) ;
#4562 = CARTESIAN_POINT ( 'NONE',  ( -13.73790196069598402, -1.260762856568080847, -6.500000000000000000 ) ) ;
#4563 = DIRECTION ( 'NONE',  ( -0.000000000000000000, -0.000000000000000000, 1.000000000000000000 ) ) ;
#4564 = EDGE_CURVE ( 'NONE', #1633, #3127, #970, .T. ) ;
#4565 = ORIENTED_EDGE ( 'NONE', *, *, #5258, .F. ) ;
#4566 = ORIENTED_EDGE ( 'NONE', *, *, #1518, .T. ) ;
#4567 = CARTESIAN_POINT ( 'NONE',  ( 0.000000000000000000, -6.500000000000000000, 0.000000000000000000 ) ) ;
#4568 = CARTESIAN_POINT ( 'NONE',  ( -11.94229030071541864, -0.4999999999999995559, 6.500000000000000000 ) ) ;
#4569 = ORIENTED_EDGE ( 'NONE', *, *, #468, .T. ) ;
#4570 = ORIENTED_EDGE ( 'NONE', *, *, #7823, .F. ) ;
#4571 = DIRECTION ( 'NONE',  ( 0.000000000000000000, -1.000000000000000000, 0.000000000000000000 ) ) ;
#4572 = ORIENTED_EDGE ( 'NONE', *, *, #162, .F. ) ;
#4573 = ORIENTED_EDGE ( 'NONE', *, *, #4597, .F. ) ;
#4574 = LINE ( 'NONE', #5149, #7056 ) ;
#4575 = CARTESIAN_POINT ( 'NONE',  ( -131.5000000000000000, -0.5000000000000004441, -0.9929217843036926006 ) ) ;
#4576 = CARTESIAN_POINT ( 'NONE',  ( -69.99999999999998579, -2.999999999999999556, 5.000000000000000888 ) ) ;
#4577 = CARTESIAN_POINT ( 'NONE',  ( 5.000000000000000000, -6.500000000000000000, 0.000000000000000000 ) ) ;
#4578 = ORIENTED_EDGE ( 'NONE', *, *, #6777, .F. ) ;
#4579 = DIRECTION ( 'NONE',  ( 0.000000000000000000, -1.000000000000000000, 0.000000000000000000 ) ) ;
#4580 = EDGE_LOOP ( 'NONE', ( #2346, #1734, #1085, #7008 ) ) ;
#4581 = LINE ( 'NONE', #2144, #6137 ) ;
#4582 = ADVANCED_FACE ( 'NONE', ( #6596 ), #1012, .F. ) ;
#4583 = CYLINDRICAL_SURFACE ( 'NONE', #4426, 5.000000000000000000 ) ;
#4584 = DIRECTION ( 'NONE',  ( 0.000000000000000000, 1.000000000000000000, 0.000000000000000000 ) ) ;
#4585 = CARTESIAN_POINT ( 'NONE',  ( -23.55047706695932064, -0.5000000000000000000, -1.000000000000000000 ) ) ;
#4586 = EDGE_LOOP ( 'NONE', ( #6954, #3320, #5036, #1010 ) ) ;
#4587 = CARTESIAN_POINT ( 'NONE',  ( 129.5000000000000000, -6.500000000000000000, 6.500000000000000000 ) ) ;
#4588 = DIRECTION ( 'NONE',  ( 1.000000000000000000, -0.000000000000000000, 0.000000000000000000 ) ) ;
#4589 = EDGE_LOOP ( 'NONE', ( #2789, #1766, #5872, #5 ) ) ;
#4590 = CARTESIAN_POINT ( 'NONE',  ( 131.0000000000000000, -1.000000000000000000, -1.552214998774828825 ) ) ;
#4591 = DIRECTION ( 'NONE',  ( 0.000000000000000000, 0.000000000000000000, 1.000000000000000000 ) ) ;
#4592 = LINE ( 'NONE', #2205, #7464 ) ;
#4593 = CARTESIAN_POINT ( 'NONE',  ( 2.999999999999999112, 2.499999999999999556, 5.000000000000002665 ) ) ;
#4594 = ADVANCED_FACE ( 'NONE', ( #1459 ), #307, .F. ) ;
#4595 = ADVANCED_FACE ( 'NONE', ( #7878 ), #6516, .T. ) ;
#4596 = CARTESIAN_POINT ( 'NONE',  ( 118.2917960675006412, -0.5000000000000000000, 1.500000000000000000 ) ) ;
#4597 = EDGE_CURVE ( 'NONE', #2071, #1531, #4268, .T. ) ;
#4598 = ORIENTED_EDGE ( 'NONE', *, *, #4346, .T. ) ;
#4599 = ORIENTED_EDGE ( 'NONE', *, *, #2532, .T. ) ;
#4600 = FACE_OUTER_BOUND ( 'NONE', #7131, .T. ) ;
#4601 = EDGE_CURVE ( 'NONE', #3078, #2381, #7914, .T. ) ;
#4602 = CARTESIAN_POINT ( 'NONE',  ( 14.35660390792061669, -1.500000000000000000, -6.000000000000000000 ) ) ;
#4603 = ORIENTED_EDGE ( 'NONE', *, *, #5958, .F. ) ;
#4604 = DIRECTION ( 'NONE',  ( -0.6666666666666715146, 3.232466345374035748E-15, 0.7453559924999256792 ) ) ;
#4605 = EDGE_CURVE ( 'NONE', #2201, #5928, #1626, .T. ) ;
#4606 = ORIENTED_EDGE ( 'NONE', *, *, #4245, .F. ) ;
#4607 = ORIENTED_EDGE ( 'NONE', *, *, #7613, .T. ) ;
#4608 = DIRECTION ( 'NONE',  ( 0.000000000000000000, 0.000000000000000000, 1.000000000000000000 ) ) ;
#4609 = CARTESIAN_POINT ( 'NONE',  ( -131.1181382101684960, -0.8127999124780338480, -1.219155500382931745 ) ) ;
#4610 = CARTESIAN_POINT ( 'NONE',  ( -134.0709441698225248, -1.000000000000000000, 10.66386289615367033 ) ) ;
#4611 = CARTESIAN_POINT ( 'NONE',  ( -80.00000000000000000, -1.000000000000000000, 0.000000000000000000 ) ) ;
#4612 = VERTEX_POINT ( 'NONE', #7294 ) ;
#4613 = CARTESIAN_POINT ( 'NONE',  ( -131.5000000000000000, -1.039579321631985742, 1.531001424185788551 ) ) ;
#4614 = VERTEX_POINT ( 'NONE', #2842 ) ;
#4615 = PLANE ( 'NONE',  #6921 ) ;
#4616 = CARTESIAN_POINT ( 'NONE',  ( 2.999999999999999112, -2.499999999999999556, 5.000000000000002665 ) ) ;
#4617 = LINE ( 'NONE', #3927, #3875 ) ;
#4618 = DIRECTION ( 'NONE',  ( 0.000000000000000000, 0.000000000000000000, -1.000000000000000000 ) ) ;
#4619 = ORIENTED_EDGE ( 'NONE', *, *, #7637, .T. ) ;
#4620 = CARTESIAN_POINT ( 'NONE',  ( 129.5000000000000000, -6.500000000000000000, -4.500000000000000888 ) ) ;
#4621 = ORIENTED_EDGE ( 'NONE', *, *, #6369, .F. ) ;
#4622 = DIRECTION ( 'NONE',  ( -0.000000000000000000, 1.000000000000000000, -0.000000000000000000 ) ) ;
#4623 = ORIENTED_EDGE ( 'NONE', *, *, #4990, .F. ) ;
#4624 = DIRECTION ( 'NONE',  ( 0.000000000000000000, -1.000000000000000000, 0.000000000000000000 ) ) ;
#4625 = VECTOR ( 'NONE', #5796, 1000.000000000000000 ) ;
#4626 = CARTESIAN_POINT ( 'NONE',  ( -14.05620381846349609, -0.9116756672807739825, -6.266277289358893832 ) ) ;
#4627 = LINE ( 'NONE', #119, #4292 ) ;
#4628 = CARTESIAN_POINT ( 'NONE',  ( -14.09670305524529610, -1.066904685892873683, -6.500000000000113687 ) ) ;
#4629 = AXIS2_PLACEMENT_3D ( 'NONE', #4610, #5738, #7639 ) ;
#4630 = DIRECTION ( 'NONE',  ( 0.000000000000000000, 0.000000000000000000, -1.000000000000000000 ) ) ;
#4631 = CARTESIAN_POINT ( 'NONE',  ( 11.69867057016164402, -0.7377490063425601319, -6.500000000000000888 ) ) ;
#4632 = ORIENTED_EDGE ( 'NONE', *, *, #1779, .T. ) ;
#4633 = ORIENTED_EDGE ( 'NONE', *, *, #2259, .F. ) ;
#4634 = DIRECTION ( 'NONE',  ( -0.6333333333333343029, 0.000000000000000000, 0.7738791177495925044 ) ) ;
#4635 = EDGE_CURVE ( 'NONE', #5839, #3984, #2218, .T. ) ;
#4636 = EDGE_CURVE ( 'NONE', #4044, #4344, #959, .T. ) ;
#4637 = DIRECTION ( 'NONE',  ( 0.000000000000000000, 0.000000000000000000, 1.000000000000000000 ) ) ;
#4638 = ORIENTED_EDGE ( 'NONE', *, *, #198, .T. ) ;
#4639 = VERTEX_POINT ( 'NONE', #1589 ) ;
#4640 = CARTESIAN_POINT ( 'NONE',  ( -5.000000000000000000, 0.000000000000000000, -6.500000000000000000 ) ) ;
#4641 = ORIENTED_EDGE ( 'NONE', *, *, #206, .F. ) ;
#4642 = EDGE_LOOP ( 'NONE', ( #6891, #1334, #2366, #7509 ) ) ;
#4643 = EDGE_CURVE ( 'NONE', #777, #5058, #4644, .T. ) ;
#4644 = LINE ( 'NONE', #887, #1899 ) ;
#4645 = B_SPLINE_CURVE_WITH_KNOTS ( 'NONE', 3,
 ( #1026, #4084, #4833, #5946, #3520, #2805 ),
 .UNSPECIFIED., .F., .F.,
 ( 4, 2, 4 ),
 ( 0.000000000000000000, 0.0004270126604339579530, 0.0008540253208679159059 ),
 .UNSPECIFIED. ) ;
#4646 = CARTESIAN_POINT ( 'NONE',  ( -2.999999999999999112, -4.000000000000001776, 2.499999999999999556 ) ) ;
#4647 = EDGE_CURVE ( 'NONE', #6422, #5807, #1636, .T. ) ;
#4648 = DIRECTION ( 'NONE',  ( 1.000000000000000000, -2.168404344971008868E-16, 0.000000000000000000 ) ) ;
#4649 = EDGE_CURVE ( 'NONE', #761, #6116, #3346, .T. ) ;
#4650 = DIRECTION ( 'NONE',  ( 0.000000000000000000, -1.000000000000000000, 0.000000000000000000 ) ) ;
#4651 = ORIENTED_EDGE ( 'NONE', *, *, #710, .T. ) ;
#4652 = CARTESIAN_POINT ( 'NONE',  ( -131.4999999999999716, -0.8736008327567111875, 1.147880691592295443 ) ) ;
#4653 = EDGE_LOOP ( 'NONE', ( #1030, #7305, #5313, #5012 ) ) ;
#4654 = AXIS2_PLACEMENT_3D ( 'NONE', #4205, #3583, #431 ) ;
#4655 = CARTESIAN_POINT ( 'NONE',  ( -122.5256417034730134, 6.500000000000000000, -3.142857142857138797 ) ) ;
#4656 = ADVANCED_FACE ( 'NONE', ( #386, #2915, #6559, #5273, #2301, #260, #843 ), #1209, .T. ) ;
#4657 = CARTESIAN_POINT ( 'NONE',  ( 131.5000000000000000, 6.500000000000000000, -4.500000000000000888 ) ) ;
#4658 = DIRECTION ( 'NONE',  ( 0.000000000000000000, 0.000000000000000000, 1.000000000000000000 ) ) ;
#4659 = AXIS2_PLACEMENT_3D ( 'NONE', #7704, #3781, #3941 ) ;
#4660 = AXIS2_PLACEMENT_3D ( 'NONE', #3489, #1001, #6624 ) ;
#4661 = CARTESIAN_POINT ( 'NONE',  ( 30.79179606750063058, -0.5000000000000000000, 1.000000000000000000 ) ) ;
#4662 = ORIENTED_EDGE ( 'NONE', *, *, #2332, .T. ) ;
#4663 = LINE ( 'NONE', #7111, #4113 ) ;
#4664 = ORIENTED_EDGE ( 'NONE', *, *, #208, .F. ) ;
#4665 = DIRECTION ( 'NONE',  ( 0.000000000000000000, 0.000000000000000000, -1.000000000000000000 ) ) ;
#4666 = CIRCLE ( 'NONE', #5194, 2.750000000000000000 ) ;
#4667 = VERTEX_POINT ( 'NONE', #3128 ) ;
#4668 = AXIS2_PLACEMENT_3D ( 'NONE', #5130, #1239, #5045 ) ;
#4669 = ADVANCED_FACE ( 'NONE', ( #3005 ), #1136, .T. ) ;
#4670 = CARTESIAN_POINT ( 'NONE',  ( 86.70820393249938718, -0.5000000000000000000, 1.000000000000000000 ) ) ;
#4671 = VECTOR ( 'NONE', #2672, 1000.000000000000000 ) ;
#4672 = EDGE_CURVE ( 'NONE', #7842, #1769, #6514, .T. ) ;
#4673 = CYLINDRICAL_SURFACE ( 'NONE', #7545, 3.750000000000006217 ) ;
#4674 = CIRCLE ( 'NONE', #4549, 4.000000000000003553 ) ;
#4675 = CARTESIAN_POINT ( 'NONE',  ( 114.9999999999999858, -2.999999999999999556, 0.000000000000000000 ) ) ;
#4676 = VECTOR ( 'NONE', #2665, 1000.000000000000000 ) ;
#4677 = LINE ( 'NONE', #6458, #5081 ) ;
#4678 = AXIS2_PLACEMENT_3D ( 'NONE', #1949, #5702, #6293 ) ;
#4679 = AXIS2_PLACEMENT_3D ( 'NONE', #2082, #4624, #3400 ) ;
#4680 = DIRECTION ( 'NONE',  ( 0.000000000000000000, 0.000000000000000000, 1.000000000000000000 ) ) ;
#4681 = DIRECTION ( 'NONE',  ( -0.000000000000000000, 1.000000000000000000, -0.000000000000000000 ) ) ;
#4682 = VERTEX_POINT ( 'NONE', #3669 ) ;
#4683 = AXIS2_PLACEMENT_3D ( 'NONE', #6342, #6872, #7534 ) ;
#4684 = ORIENTED_EDGE ( 'NONE', *, *, #104, .T. ) ;
#4685 = EDGE_CURVE ( 'NONE', #794, #7732, #5984, .T. ) ;
#4686 = CIRCLE ( 'NONE', #2317, 3.750000000000006217 ) ;
#4687 = FACE_OUTER_BOUND ( 'NONE', #4722, .T. ) ;
#4688 = VECTOR ( 'NONE', #6141, 1000.000000000000000 ) ;
#4689 = DIRECTION ( 'NONE',  ( 0.000000000000000000, 0.000000000000000000, 1.000000000000000000 ) ) ;
#4690 = ORIENTED_EDGE ( 'NONE', *, *, #5473, .F. ) ;
#4691 = CARTESIAN_POINT ( 'NONE',  ( -120.0000000000000000, -6.500000000000000000, 5.000000000000000888 ) ) ;
#4692 = ORIENTED_EDGE ( 'NONE', *, *, #363, .T. ) ;
#4693 = VECTOR ( 'NONE', #7378, 1000.000000000000000 ) ;
#4694 = VERTEX_POINT ( 'NONE', #7346 ) ;
#4695 = DIRECTION ( 'NONE',  ( 0.000000000000000000, 0.000000000000000000, 1.000000000000000000 ) ) ;
#4696 = DIRECTION ( 'NONE',  ( -0.000000000000000000, -1.000000000000000000, -0.000000000000000000 ) ) ;
#4697 = CARTESIAN_POINT ( 'NONE',  ( -131.5000000000000000, 6.500000000000000000, -6.500000000000000000 ) ) ;
#4698 = CARTESIAN_POINT ( 'NONE',  ( 131.7122317325336383, -0.5000000000000000000, -5.995493738531334493 ) ) ;
#4699 = ORIENTED_EDGE ( 'NONE', *, *, #1457, .F. ) ;
#4700 = DIRECTION ( 'NONE',  ( -1.000000000000000000, -0.000000000000000000, -0.000000000000000000 ) ) ;
#4701 = ORIENTED_EDGE ( 'NONE', *, *, #704, .T. ) ;
#4702 = EDGE_CURVE ( 'NONE', #6192, #2036, #1224, .T. ) ;
#4703 = ADVANCED_FACE ( 'NONE', ( #4356 ), #6270, .F. ) ;
#4704 = CARTESIAN_POINT ( 'NONE',  ( -80.00000000000000000, -0.5000000000000000000, 0.000000000000000000 ) ) ;
#4705 = EDGE_CURVE ( 'NONE', #3127, #1577, #295, .T. ) ;
#4706 = B_SPLINE_CURVE_WITH_KNOTS ( 'NONE', 3,
 ( #7493, #5042, #3064, #5008, #1192, #2410, #8150, #6251 ),
 .UNSPECIFIED., .F., .F.,
 ( 4, 2, 2, 4 ),
 ( 0.000000000000000000, 0.0008138515695934969187, 0.001627703139186993837, 0.003255406278373993312 ),
 .UNSPECIFIED. ) ;
#4707 = CYLINDRICAL_SURFACE ( 'NONE', #6942, 5.000000000000000000 ) ;
#4708 = EDGE_CURVE ( 'NONE', #780, #2851, #4002, .T. ) ;
#4709 = CARTESIAN_POINT ( 'NONE',  ( -80.00000000000000000, -2.299999999999998934, 3.750000000000006217 ) ) ;
#4710 = ORIENTED_EDGE ( 'NONE', *, *, #5163, .T. ) ;
#4711 = CARTESIAN_POINT ( 'NONE',  ( 80.00000000000000000, -2.299999999999998934, 0.000000000000000000 ) ) ;
#4712 = EDGE_LOOP ( 'NONE', ( #3090, #6278, #277, #2601 ) ) ;
#4713 = FACE_OUTER_BOUND ( 'NONE', #7874, .T. ) ;
#4714 = EDGE_LOOP ( 'NONE', ( #4207, #7018, #6105, #6222, #2049, #954, #6740, #5785, #6577, #7548, #6315, #7689, #6796, #3376, #3050, #4728, #4786 ) ) ;
#4715 = CARTESIAN_POINT ( 'NONE',  ( 131.5000000000000284, -0.9673424382464816951, -1.277671268076633559 ) ) ;
#4716 = CARTESIAN_POINT ( 'NONE',  ( 11.72611662701133994, -0.6781198057911116406, 6.500000000000966338 ) ) ;
#4717 = CARTESIAN_POINT ( 'NONE',  ( 6.999999999999999112, -6.500000000000000000, -1.887458608817688122 ) ) ;
#4718 = DIRECTION ( 'NONE',  ( -0.6666666666666778429, 0.000000000000000000, 0.7453559924999200170 ) ) ;
#4719 = CARTESIAN_POINT ( 'NONE',  ( -15.10456796088380216, -1.500000000000000000, -6.500000000000000000 ) ) ;
#4720 = DIRECTION ( 'NONE',  ( -2.081668171172168908E-15, 0.000000000000000000, 1.000000000000000000 ) ) ;
#4721 = FACE_OUTER_BOUND ( 'NONE', #1430, .T. ) ;
#4722 = EDGE_LOOP ( 'NONE', ( #4024, #1655, #7167, #5939 ) ) ;
#4723 = DIRECTION ( 'NONE',  ( -0.000000000000000000, -1.000000000000000000, -0.000000000000000000 ) ) ;
#4724 = EDGE_LOOP ( 'NONE', ( #4836, #4825, #5774, #6697 ) ) ;
#4725 = DIRECTION ( 'NONE',  ( 0.000000000000000000, 0.000000000000000000, 1.000000000000000000 ) ) ;
#4726 = DIRECTION ( 'NONE',  ( -0.000000000000000000, -1.000000000000000000, -0.000000000000000000 ) ) ;
#4727 = ADVANCED_FACE ( 'NONE', ( #8163 ), #2961, .T. ) ;
#4728 = ORIENTED_EDGE ( 'NONE', *, *, #48, .T. ) ;
#4729 = DIRECTION ( 'NONE',  ( 0.000000000000000000, 0.000000000000000000, -1.000000000000000000 ) ) ;
#4730 = VERTEX_POINT ( 'NONE', #1809 ) ;
#4731 = ORIENTED_EDGE ( 'NONE', *, *, #7762, .F. ) ;
#4732 = DIRECTION ( 'NONE',  ( -0.000000000000000000, -0.000000000000000000, 1.000000000000000000 ) ) ;
#4733 = CARTESIAN_POINT ( 'NONE',  ( 37.50000000000000711, -0.5000000000000000000, 4.000000000000003553 ) ) ;
#4734 = CARTESIAN_POINT ( 'NONE',  ( 11.19432624775223495, -0.5000000000000000000, 1.500000000000002220 ) ) ;
#4735 = DIRECTION ( 'NONE',  ( -1.000000000000000000, 0.000000000000000000, -0.000000000000000000 ) ) ;
#4736 = ORIENTED_EDGE ( 'NONE', *, *, #7636, .F. ) ;
#4737 = LINE ( 'NONE', #5499, #5348 ) ;
#4738 = ORIENTED_EDGE ( 'NONE', *, *, #7578, .F. ) ;
#4739 = CARTESIAN_POINT ( 'NONE',  ( -125.0000000000000000, -2.299999999999998934, 0.000000000000000000 ) ) ;
#4740 = CYLINDRICAL_SURFACE ( 'NONE', #7971, 2.000000000000000000 ) ;
#4741 = CARTESIAN_POINT ( 'NONE',  ( -13.26569177292777901, -0.7734752277240896090, 6.408429146717605107 ) ) ;
#4742 = EDGE_CURVE ( 'NONE', #1603, #5278, #5190, .T. ) ;
#4743 = ADVANCED_FACE ( 'NONE', ( #6846 ), #2470, .F. ) ;
#4744 = CYLINDRICAL_SURFACE ( 'NONE', #1866, 0.5000000000000004441 ) ;
#4745 = ORIENTED_EDGE ( 'NONE', *, *, #4904, .F. ) ;
#4746 = CARTESIAN_POINT ( 'NONE',  ( -2.999999999999999112, 3.999999999999999112, -6.500000000000000000 ) ) ;
#4747 = ORIENTED_EDGE ( 'NONE', *, *, #5960, .T. ) ;
#4748 = CARTESIAN_POINT ( 'NONE',  ( -6.000000000000000000, -5.000000000000000000, -6.500000000000000000 ) ) ;
#4749 = ORIENTED_EDGE ( 'NONE', *, *, #6581, .T. ) ;
#4750 = CARTESIAN_POINT ( 'NONE',  ( 131.5000000000000000, -1.116771677014737785, -0.7456589406960486555 ) ) ;
#4751 = EDGE_CURVE ( 'NONE', #7766, #1539, #4929, .T. ) ;
#4752 = CARTESIAN_POINT ( 'NONE',  ( 12.20287620078333646, -0.9764405379193458190, 6.500000000000000000 ) ) ;
#4753 = DIRECTION ( 'NONE',  ( 0.000000000000000000, 0.000000000000000000, -1.000000000000000000 ) ) ;
#4754 = ADVANCED_FACE ( 'NONE', ( #1047 ), #3701, .F. ) ;
#4755 = DIRECTION ( 'NONE',  ( 0.000000000000000000, 0.000000000000000000, 1.000000000000000000 ) ) ;
#4756 = CIRCLE ( 'NONE', #5558, 10.00000000000000000 ) ;
#4757 = FACE_OUTER_BOUND ( 'NONE', #2012, .T. ) ;
#4758 = CARTESIAN_POINT ( 'NONE',  ( -127.5916983342350051, -1.000000000000000000, 3.046817970329624092 ) ) ;
#4759 = ORIENTED_EDGE ( 'NONE', *, *, #6226, .T. ) ;
#4760 = AXIS2_PLACEMENT_3D ( 'NONE', #3071, #7374, #1079 ) ;
#4761 = DIRECTION ( 'NONE',  ( 1.000000000000000000, 0.000000000000000000, 0.000000000000000000 ) ) ;
#4762 = ORIENTED_EDGE ( 'NONE', *, *, #2102, .F. ) ;
#4763 = VECTOR ( 'NONE', #4962, 1000.000000000000000 ) ;
#4764 = CYLINDRICAL_SURFACE ( 'NONE', #925, 1.649999999999998579 ) ;
#4765 = CARTESIAN_POINT ( 'NONE',  ( -5.999999999999999112, 5.000000000000000000, 6.500000000000000000 ) ) ;
#4766 = AXIS2_PLACEMENT_3D ( 'NONE', #4532, #2635, #4038 ) ;
#4767 = ORIENTED_EDGE ( 'NONE', *, *, #1412, .F. ) ;
#4768 = DIRECTION ( 'NONE',  ( -1.000000000000000000, 4.336808689942017736E-16, -0.000000000000000000 ) ) ;
#4769 = VERTEX_POINT ( 'NONE', #4235 ) ;
#4770 = AXIS2_PLACEMENT_3D ( 'NONE', #236, #3429, #7195 ) ;
#4771 = ORIENTED_EDGE ( 'NONE', *, *, #4391, .T. ) ;
#4772 = AXIS2_PLACEMENT_3D ( 'NONE', #4988, #7507, #4357 ) ;
#4773 = CARTESIAN_POINT ( 'NONE',  ( 3.999999999999999112, 6.500000000000000000, 5.000000000000002665 ) ) ;
#4774 = AXIS2_PLACEMENT_3D ( 'NONE', #2866, #4142, #2903 ) ;
#4775 = DIRECTION ( 'NONE',  ( -0.000000000000000000, -0.000000000000000000, -1.000000000000000000 ) ) ;
#4776 = ORIENTED_EDGE ( 'NONE', *, *, #5675, .F. ) ;
#4777 = DIRECTION ( 'NONE',  ( -0.000000000000000000, -1.000000000000000000, -0.000000000000000000 ) ) ;
#4778 = EDGE_LOOP ( 'NONE', ( #5199, #7552, #2626, #5816 ) ) ;
#4779 = DIRECTION ( 'NONE',  ( 0.000000000000000000, 0.000000000000000000, 1.000000000000000000 ) ) ;
#4780 = ORIENTED_EDGE ( 'NONE', *, *, #3497, .F. ) ;
#4781 = DIRECTION ( 'NONE',  ( 0.000000000000000000, -1.000000000000000000, 0.000000000000000000 ) ) ;
#4782 = DIRECTION ( 'NONE',  ( 0.000000000000000000, 0.000000000000000000, 1.000000000000000000 ) ) ;
#4783 = CIRCLE ( 'NONE', #687, 5.000000000000000000 ) ;
#4784 = CIRCLE ( 'NONE', #3732, 2.750000000000000000 ) ;
#4785 = LINE ( 'NONE', #6607, #4367 ) ;
#4786 = ORIENTED_EDGE ( 'NONE', *, *, #1560, .T. ) ;
#4787 = LINE ( 'NONE', #4746, #4414 ) ;
#4788 = ORIENTED_EDGE ( 'NONE', *, *, #905, .F. ) ;
#4789 = AXIS2_PLACEMENT_3D ( 'NONE', #2568, #4379, #3769 ) ;
#4790 = CARTESIAN_POINT ( 'NONE',  ( 73.29179606750062703, -1.000000000000000000, -1.500000000000000000 ) ) ;
#4791 = ORIENTED_EDGE ( 'NONE', *, *, #6324, .T. ) ;
#4792 = EDGE_CURVE ( 'NONE', #1513, #5229, #3624, .T. ) ;
#4793 = DIRECTION ( 'NONE',  ( 0.000000000000000000, 1.000000000000000000, -0.000000000000000000 ) ) ;
#4794 = AXIS2_PLACEMENT_3D ( 'NONE', #2255, #923, #3987 ) ;
#4795 = AXIS2_PLACEMENT_3D ( 'NONE', #2245, #4761, #7285 ) ;
#4796 = DIRECTION ( 'NONE',  ( 0.000000000000000000, -1.000000000000000000, 0.000000000000000000 ) ) ;
#4797 = CARTESIAN_POINT ( 'NONE',  ( 131.5000000000000000, -1.500000000000000000, 1.419485279856098847 ) ) ;
#4798 = CARTESIAN_POINT ( 'NONE',  ( 37.50000000000000711, 6.500000000000000000, 0.000000000000000000 ) ) ;
#4799 = AXIS2_PLACEMENT_3D ( 'NONE', #4921, #3839, #535 ) ;
#4800 = CARTESIAN_POINT ( 'NONE',  ( 3.000000000000000444, 2.499999999999999556, -4.999999999999997335 ) ) ;
#4801 = AXIS2_PLACEMENT_3D ( 'NONE', #1915, #3847, #8189 ) ;
#4802 = DIRECTION ( 'NONE',  ( 0.000000000000000000, 1.000000000000000000, 0.000000000000000000 ) ) ;
#4803 = ORIENTED_EDGE ( 'NONE', *, *, #7580, .F. ) ;
#4804 = AXIS2_PLACEMENT_3D ( 'NONE', #6069, #1522, #5989 ) ;
#4805 = EDGE_CURVE ( 'NONE', #7513, #3430, #5531, .T. ) ;
#4806 = VERTEX_POINT ( 'NONE', #1760 ) ;
#4807 = EDGE_CURVE ( 'NONE', #5658, #1253, #39, .T. ) ;
#4808 = AXIS2_PLACEMENT_3D ( 'NONE', #7106, #269, #3470 ) ;
#4809 = CARTESIAN_POINT ( 'NONE',  ( 0.000000000000000000, -2.999999999999999556, 0.000000000000000000 ) ) ;
#4810 = AXIS2_PLACEMENT_3D ( 'NONE', #6327, #5667, #3224 ) ;
#4811 = TOROIDAL_SURFACE ( 'NONE', #1242, 9.500000000000000000, 0.5000000000000000000 ) ;
#4812 = LINE ( 'NONE', #6016, #984 ) ;
#4813 = VECTOR ( 'NONE', #2431, 1000.000000000000000 ) ;
#4814 = EDGE_CURVE ( 'NONE', #5264, #1583, #5725, .T. ) ;
#4815 = ORIENTED_EDGE ( 'NONE', *, *, #6839, .F. ) ;
#4816 = PLANE ( 'NONE',  #3650 ) ;
#4817 = ORIENTED_EDGE ( 'NONE', *, *, #2443, .F. ) ;
#4818 =( GEOMETRIC_REPRESENTATION_CONTEXT ( 3 ) GLOBAL_UNCERTAINTY_ASSIGNED_CONTEXT ( ( #8170 ) ) GLOBAL_UNIT_ASSIGNED_CONTEXT ( ( #5864, #2072, #2226 ) ) REPRESENTATION_CONTEXT ( 'NONE', 'WORKASPACE' ) );
#4819 = ORIENTED_EDGE ( 'NONE', *, *, #501, .T. ) ;
#4820 = CIRCLE ( 'NONE', #1510, 1.000000000000000000 ) ;
#4821 = VECTOR ( 'NONE', #588, 1000.000000000000000 ) ;
#4822 = DIRECTION ( 'NONE',  ( 0.000000000000000000, -1.000000000000000000, 0.000000000000000000 ) ) ;
#4823 = DIRECTION ( 'NONE',  ( -0.000000000000000000, -1.000000000000000000, -0.000000000000000000 ) ) ;
#4824 = CARTESIAN_POINT ( 'NONE',  ( -80.00000000000000000, -2.299999999999998934, 0.000000000000000000 ) ) ;
#4825 = ORIENTED_EDGE ( 'NONE', *, *, #1363, .F. ) ;
#4826 = CARTESIAN_POINT ( 'NONE',  ( 30.79179606750063058, -0.5000000000000000000, 6.000000000000000000 ) ) ;
#4827 = AXIS2_PLACEMENT_3D ( 'NONE', #6169, #7523, #2521 ) ;
#4828 = ORIENTED_EDGE ( 'NONE', *, *, #6074, .F. ) ;
#4829 = CARTESIAN_POINT ( 'NONE',  ( 32.50000000000000000, -2.999999999999999556, -8.673617379884035472E-16 ) ) ;
#4830 = ORIENTED_EDGE ( 'NONE', *, *, #2393, .F. ) ;
#4831 = DIRECTION ( 'NONE',  ( -0.000000000000000000, -1.000000000000000000, 0.000000000000000000 ) ) ;
#4832 = DIRECTION ( 'NONE',  ( 0.000000000000000000, 0.000000000000000000, 1.000000000000000000 ) ) ;
#4833 = CARTESIAN_POINT ( 'NONE',  ( -131.1288670080115253, -0.7813127110095319239, -1.176047028645965664 ) ) ;
#4834 = ORIENTED_EDGE ( 'NONE', *, *, #4807, .T. ) ;
#4835 = CARTESIAN_POINT ( 'NONE',  ( 20.12461179749810825, 6.500000000000000000, -1.000000000000000000 ) ) ;
#4836 = ORIENTED_EDGE ( 'NONE', *, *, #4672, .T. ) ;
#4837 = ADVANCED_FACE ( 'NONE', ( #5180, #3286, #756, #6390, #3166, #7046, #5953, #5688, #2053, #11, #7543, #5768 ), #125, .F. ) ;
#4838 = DIRECTION ( 'NONE',  ( 0.000000000000000000, 1.000000000000000000, 0.000000000000000000 ) ) ;
#4839 = ORIENTED_EDGE ( 'NONE', *, *, #863, .T. ) ;
#4840 = DIRECTION ( 'NONE',  ( 0.000000000000000000, 0.000000000000000000, -1.000000000000000000 ) ) ;
#4841 = CIRCLE ( 'NONE', #4184, 0.5000000000000000000 ) ;
#4842 = FACE_OUTER_BOUND ( 'NONE', #479, .T. ) ;
#4843 = DIRECTION ( 'NONE',  ( -1.000000000000000000, 0.000000000000000000, 0.000000000000000000 ) ) ;
#4844 = DIRECTION ( 'NONE',  ( 0.000000000000000000, 1.000000000000000000, 0.000000000000000000 ) ) ;
#4845 = ORIENTED_EDGE ( 'NONE', *, *, #1781, .F. ) ;
#4846 = DIRECTION ( 'NONE',  ( 0.000000000000000000, -1.000000000000000000, 0.000000000000000000 ) ) ;
#4847 = VERTEX_POINT ( 'NONE', #1415 ) ;
#4848 = CARTESIAN_POINT ( 'NONE',  ( -90.00000000000001421, -2.999999999999999556, 8.673617379884035472E-16 ) ) ;
#4849 = ORIENTED_EDGE ( 'NONE', *, *, #2333, .T. ) ;
#4850 = AXIS2_PLACEMENT_3D ( 'NONE', #1400, #7803, #78 ) ;
#4851 = CARTESIAN_POINT ( 'NONE',  ( 6.999999999999999112, 6.500000000000000000, -1.887458608817688122 ) ) ;
#4852 = FACE_OUTER_BOUND ( 'NONE', #6500, .T. ) ;
#4853 = EDGE_CURVE ( 'NONE', #1253, #7571, #2426, .T. ) ;
#4854 = EDGE_CURVE ( 'NONE', #5519, #5131, #3220, .T. ) ;
#4855 = EDGE_CURVE ( 'NONE', #2592, #4769, #2813, .T. ) ;
#4856 = ORIENTED_EDGE ( 'NONE', *, *, #5523, .F. ) ;
#4857 = CARTESIAN_POINT ( 'NONE',  ( 2.999999999999999112, -2.499999999999999556, 5.000000000000002665 ) ) ;
#4858 = ORIENTED_EDGE ( 'NONE', *, *, #5147, .F. ) ;
#4859 = ORIENTED_EDGE ( 'NONE', *, *, #2156, .T. ) ;
#4860 = DIRECTION ( 'NONE',  ( 0.000000000000000000, 0.000000000000000000, -1.000000000000000000 ) ) ;
#4861 = ADVANCED_FACE ( 'NONE', ( #904 ), #7040, .F. ) ;
#4862 = CARTESIAN_POINT ( 'NONE',  ( 27.50000000000000000, -2.999999999999999556, -8.673617379884035472E-16 ) ) ;
#4863 = CARTESIAN_POINT ( 'NONE',  ( 3.000000000000000444, -6.500000000000000000, -1.887458608817687233 ) ) ;
#4864 = ORIENTED_EDGE ( 'NONE', *, *, #2844, .F. ) ;
#4865 = EDGE_CURVE ( 'NONE', #2473, #4314, #6432, .T. ) ;
#4866 = DIRECTION ( 'NONE',  ( 0.000000000000000000, 0.000000000000000000, -1.000000000000000000 ) ) ;
#4867 = ORIENTED_EDGE ( 'NONE', *, *, #4543, .F. ) ;
#4868 = DIRECTION ( 'NONE',  ( -0.000000000000000000, 1.000000000000000000, -0.000000000000000000 ) ) ;
#4869 = EDGE_LOOP ( 'NONE', ( #5618, #1749, #2979, #1344 ) ) ;
#4870 = CIRCLE ( 'NONE', #4850, 2.750000000000000000 ) ;
#4871 = FACE_OUTER_BOUND ( 'NONE', #5393, .T. ) ;
#4872 = AXIS2_PLACEMENT_3D ( 'NONE', #778, #5251, #2037 ) ;
#4873 = DIRECTION ( 'NONE',  ( 0.000000000000000000, 0.000000000000000000, -1.000000000000000000 ) ) ;
#4874 = CARTESIAN_POINT ( 'NONE',  ( -3.999999999999999112, 4.999999999999999112, 2.499999999999999556 ) ) ;
#4875 = EDGE_LOOP ( 'NONE', ( #4877, #2322, #6933, #739 ) ) ;
#4876 = CARTESIAN_POINT ( 'NONE',  ( 89.50000000000001421, -6.500000000000000000, 5.000000000000000000 ) ) ;
#4877 = ORIENTED_EDGE ( 'NONE', *, *, #6725, .T. ) ;
#4878 = CYLINDRICAL_SURFACE ( 'NONE', #4544, 3.750000000000006217 ) ;
#4879 = DIRECTION ( 'NONE',  ( -1.000000000000000000, -0.000000000000000000, -0.000000000000000000 ) ) ;
#4880 = ORIENTED_EDGE ( 'NONE', *, *, #7659, .T. ) ;
#4881 = CARTESIAN_POINT ( 'NONE',  ( 14.35660390792061669, -1.500000000000000000, -6.500000000000000000 ) ) ;
#4882 = LINE ( 'NONE', #7273, #4934 ) ;
#4883 = CARTESIAN_POINT ( 'NONE',  ( 5.000000000000000000, -6.500000000000000000, 0.000000000000000000 ) ) ;
#4884 = CARTESIAN_POINT ( 'NONE',  ( -14.82303388633972752, -1.500000000000000000, -6.500000000000000000 ) ) ;
#4885 = CARTESIAN_POINT ( 'NONE',  ( 6.999999999999999112, 2.499999999999999556, -1.887458608817688122 ) ) ;
#4886 = DIRECTION ( 'NONE',  ( 0.000000000000000000, -0.000000000000000000, -1.000000000000000000 ) ) ;
#4887 = ORIENTED_EDGE ( 'NONE', *, *, #4247, .F. ) ;
#4888 = CARTESIAN_POINT ( 'NONE',  ( 131.5000000000000000, -1.500000000000000000, -1.552214998774809951 ) ) ;
#4889 = CARTESIAN_POINT ( 'NONE',  ( 14.00000000000000178, -6.500000000000000000, -5.000000000000000888 ) ) ;
#4890 = EDGE_LOOP ( 'NONE', ( #7949, #3285, #803, #6418 ) ) ;
#4891 =( BOUNDED_SURFACE ( )  B_SPLINE_SURFACE ( 3, 2, ( 
 ( #3385, #1466, #6410 ),
 ( #7680, #4613, #2726 ),
 ( #5784, #2681, #7020 ),
 ( #1429, #4652, #191 ),
 ( #2639, #5243, #1395 ),
 ( #7759, #107, #7104 ),
 ( #228, #5940, #2104 ),
 ( #3956, #1346, #806 ) ),
 .UNSPECIFIED., .F., .F., .F. ) 
 B_SPLINE_SURFACE_WITH_KNOTS ( ( 4, 2, 2, 4 ),
 ( 3, 3 ),
 ( 0.0003735212065703821956, 0.001175437321366223876, 0.001576395378764144581, 0.001977353436162065502 ),
 ( 0.000000000000000000, 1.000000000000000000 ),
 .UNSPECIFIED. ) 
 GEOMETRIC_REPRESENTATION_ITEM ( )  RATIONAL_B_SPLINE_SURFACE ( (
 ( 1.000000000000000000, 0.7071067811865476838, 1.000000000000000000),
 ( 1.000000000000000000, 0.7362476086499637473, 1.000000000000000000),
 ( 1.000000000000000000, 0.7609302848721396506, 1.000000000000000000),
 ( 1.000000000000000000, 0.7863274614622608460, 1.000000000000000000),
 ( 1.000000000000000000, 0.7928722925868960658, 1.000000000000000000),
 ( 1.000000000000000000, 0.8016352712131029623, 1.000000000000000000),
 ( 1.000000000000000000, 0.8038936717560909440, 1.000000000000000000),
 ( 1.000000000000000000, 0.8038877015219259015, 1.000000000000000000) ) ) 
 REPRESENTATION_ITEM ( '' )  SURFACE ( )  );
#4892 = DIRECTION ( 'NONE',  ( 0.000000000000000000, 0.000000000000000000, 1.000000000000000000 ) ) ;
#4893 = ORIENTED_EDGE ( 'NONE', *, *, #6629, .T. ) ;
#4894 = ORIENTED_EDGE ( 'NONE', *, *, #5044, .F. ) ;
#4895 = AXIS2_PLACEMENT_3D ( 'NONE', #4368, #5700, #5633 ) ;
#4896 = EDGE_CURVE ( 'NONE', #5438, #3984, #1634, .T. ) ;
#4897 = DIRECTION ( 'NONE',  ( 0.000000000000000000, 1.000000000000000000, 0.000000000000000000 ) ) ;
#4898 = EDGE_CURVE ( 'NONE', #5335, #2275, #7627, .T. ) ;
#4899 = DIRECTION ( 'NONE',  ( 0.000000000000000000, -0.000000000000000000, -1.000000000000000000 ) ) ;
#4900 = AXIS2_PLACEMENT_3D ( 'NONE', #6089, #3663, #2375 ) ;
#4901 = ORIENTED_EDGE ( 'NONE', *, *, #4068, .T. ) ;
#4902 = DIRECTION ( 'NONE',  ( 0.000000000000000000, 0.000000000000000000, -1.000000000000000000 ) ) ;
#4903 = ORIENTED_EDGE ( 'NONE', *, *, #4854, .T. ) ;
#4904 = EDGE_CURVE ( 'NONE', #6116, #883, #2662, .T. ) ;
#4905 = CARTESIAN_POINT ( 'NONE',  ( -131.5000000000000000, 6.500000000000000000, 6.500000000000000000 ) ) ;
#4906 = ORIENTED_EDGE ( 'NONE', *, *, #6617, .T. ) ;
#4907 = AXIS2_PLACEMENT_3D ( 'NONE', #6475, #2599, #3920 ) ;
#4908 = DIRECTION ( 'NONE',  ( 0.000000000000000000, 0.000000000000000000, 1.000000000000000000 ) ) ;
#4909 = EDGE_CURVE ( 'NONE', #639, #2392, #1332, .T. ) ;
#4910 = EDGE_CURVE ( 'NONE', #7990, #8191, #6311, .T. ) ;
#4911 = DIRECTION ( 'NONE',  ( -0.000000000000000000, -1.000000000000000000, -0.000000000000000000 ) ) ;
#4912 = VECTOR ( 'NONE', #2007, 1000.000000000000000 ) ;
#4913 = CARTESIAN_POINT ( 'NONE',  ( -14.82311662679522968, -1.499999974922638479, 6.500000000000000000 ) ) ;
#4914 = ORIENTED_EDGE ( 'NONE', *, *, #359, .T. ) ;
#4915 = ADVANCED_FACE ( 'NONE', ( #6347 ), #5507, .T. ) ;
#4916 = DIRECTION ( 'NONE',  ( -0.000000000000000000, 1.000000000000000000, -0.000000000000000000 ) ) ;
#4917 = EDGE_LOOP ( 'NONE', ( #5905, #1852, #156, #6844 ) ) ;
#4918 = LINE ( 'NONE', #1783, #6664 ) ;
#4919 = CYLINDRICAL_SURFACE ( 'NONE', #2826, 3.750000000000006217 ) ;
#4920 = PLANE ( 'NONE',  #1255 ) ;
#4921 = CARTESIAN_POINT ( 'NONE',  ( 37.50000000000000711, -2.299999999999998934, 0.000000000000000000 ) ) ;
#4922 = VECTOR ( 'NONE', #1390, 1000.000000000000000 ) ;
#4923 = CARTESIAN_POINT ( 'NONE',  ( 131.5000000000000000, -1.500000000000000000, 1.552214998774830601 ) ) ;
#4924 = DIRECTION ( 'NONE',  ( 1.000000000000000000, 0.000000000000000000, 0.000000000000000000 ) ) ;
#4925 = AXIS2_PLACEMENT_3D ( 'NONE', #7901, #6128, #1573 ) ;
#4926 = CARTESIAN_POINT ( 'NONE',  ( -3.999999999999999112, -4.000000000000001776, -2.499999999999999556 ) ) ;
#4927 = ADVANCED_FACE ( 'NONE', ( #408 ), #305, .F. ) ;
#4928 = DIRECTION ( 'NONE',  ( 5.551115123125783491E-15, 0.000000000000000000, 1.000000000000000000 ) ) ;
#4929 = CIRCLE ( 'NONE', #6121, 4.500000000000000888 ) ;
#4930 = ORIENTED_EDGE ( 'NONE', *, *, #6122, .F. ) ;
#4931 = CIRCLE ( 'NONE', #961, 1.000000000000000000 ) ;
#4932 = DIRECTION ( 'NONE',  ( 0.000000000000000000, 1.000000000000000000, 0.000000000000000000 ) ) ;
#4933 = DIRECTION ( 'NONE',  ( 0.000000000000000000, 0.000000000000000000, 1.000000000000000000 ) ) ;
#4934 = VECTOR ( 'NONE', #7402, 1000.000000000000000 ) ;
#4935 = VECTOR ( 'NONE', #1194, 1000.000000000000000 ) ;
#4936 = CARTESIAN_POINT ( 'NONE',  ( 86.70820393249938718, -1.000000000000000000, 6.000000000000000000 ) ) ;
#4937 = EDGE_CURVE ( 'NONE', #3201, #4978, #4882, .T. ) ;
#4938 = ORIENTED_EDGE ( 'NONE', *, *, #5900, .T. ) ;
#4939 = FACE_OUTER_BOUND ( 'NONE', #341, .T. ) ;
#4940 = ORIENTED_EDGE ( 'NONE', *, *, #7691, .T. ) ;
#4941 = EDGE_CURVE ( 'NONE', #1298, #5391, #2277, .T. ) ;
#4942 = ORIENTED_EDGE ( 'NONE', *, *, #6629, .F. ) ;
#4943 = VECTOR ( 'NONE', #7399, 1000.000000000000000 ) ;
#4944 = DIRECTION ( 'NONE',  ( 0.000000000000000000, 0.000000000000000000, -1.000000000000000000 ) ) ;
#4945 = TOROIDAL_SURFACE ( 'NONE', #7841, 4.500000000000003553, 0.5000000000000000000 ) ;
#4946 = AXIS2_PLACEMENT_3D ( 'NONE', #2272, #6703, #1028 ) ;
#4947 = FACE_OUTER_BOUND ( 'NONE', #6935, .T. ) ;
#4948 = CARTESIAN_POINT ( 'NONE',  ( -88.66025403784438197, 6.500000000000000000, -1.000000000000000000 ) ) ;
#4949 = ORIENTED_EDGE ( 'NONE', *, *, #1160, .F. ) ;
#4950 = VECTOR ( 'NONE', #6984, 1000.000000000000000 ) ;
#4951 = CARTESIAN_POINT ( 'NONE',  ( 2.999999999999999112, 6.500000000000000000, 4.000000000000002665 ) ) ;
#4952 = ORIENTED_EDGE ( 'NONE', *, *, #7530, .F. ) ;
#4953 = CARTESIAN_POINT ( 'NONE',  ( 41.37298334620742679, 6.500000000000000000, 1.000000000000000000 ) ) ;
#4954 = ORIENTED_EDGE ( 'NONE', *, *, #398, .T. ) ;
#4955 = AXIS2_PLACEMENT_3D ( 'NONE', #607, #6888, #8087 ) ;
#4956 = AXIS2_PLACEMENT_3D ( 'NONE', #3811, #3774, #6869 ) ;
#4957 = VECTOR ( 'NONE', #3776, 1000.000000000000000 ) ;
#4958 = DIRECTION ( 'NONE',  ( 0.000000000000000000, 0.000000000000000000, 1.000000000000000000 ) ) ;
#4959 = CARTESIAN_POINT ( 'NONE',  ( -19.00000000000001776, -6.500000000000000000, 4.999999999999999112 ) ) ;
#4960 = VECTOR ( 'NONE', #4768, 1000.000000000000000 ) ;
#4961 = AXIS2_PLACEMENT_3D ( 'NONE', #3434, #6080, #4840 ) ;
#4962 = DIRECTION ( 'NONE',  ( -0.000000000000000000, -1.000000000000000000, 0.000000000000000000 ) ) ;
#4963 = EDGE_CURVE ( 'NONE', #2761, #7750, #2203, .T. ) ;
#4964 = EDGE_LOOP ( 'NONE', ( #1004, #3214, #1027, #978 ) ) ;
#4965 = ADVANCED_FACE ( 'NONE', ( #3565 ), #2938, .F. ) ;
#4966 = DIRECTION ( 'NONE',  ( 0.000000000000000000, 0.000000000000000000, 1.000000000000000000 ) ) ;
#4967 = EDGE_CURVE ( 'NONE', #1414, #788, #2959, .T. ) ;
#4968 = ORIENTED_EDGE ( 'NONE', *, *, #6526, .T. ) ;
#4969 = LINE ( 'NONE', #7488, #7982 ) ;
#4970 = LINE ( 'NONE', #1784, #973 ) ;
#4971 = AXIS2_PLACEMENT_3D ( 'NONE', #7657, #7120, #3938 ) ;
#4972 = DIRECTION ( 'NONE',  ( 0.000000000000000000, 1.000000000000000000, 0.000000000000000000 ) ) ;
#4973 = DIRECTION ( 'NONE',  ( -0.000000000000000000, -1.000000000000000000, -0.000000000000000000 ) ) ;
#4974 = EDGE_CURVE ( 'NONE', #772, #2199, #334, .T. ) ;
#4975 = DIRECTION ( 'NONE',  ( 0.000000000000000000, 0.000000000000000000, -1.000000000000000000 ) ) ;
#4976 = CARTESIAN_POINT ( 'NONE',  ( -80.00000000000000000, -0.5000000000000000000, 4.500000000000003553 ) ) ;
#4977 = DIRECTION ( 'NONE',  ( -0.000000000000000000, -1.000000000000000000, -0.000000000000000000 ) ) ;
#4978 = VERTEX_POINT ( 'NONE', #7936 ) ;
#4979 = DIRECTION ( 'NONE',  ( -1.000000000000000000, 0.000000000000000000, 0.000000000000000000 ) ) ;
#4980 = CARTESIAN_POINT ( 'NONE',  ( 37.50000000000000711, -1.000000000000000000, 0.000000000000000000 ) ) ;
#4981 = DIRECTION ( 'NONE',  ( 0.000000000000000000, 0.000000000000000000, 1.000000000000000000 ) ) ;
#4982 = ORIENTED_EDGE ( 'NONE', *, *, #6328, .T. ) ;
#4983 = DIRECTION ( 'NONE',  ( 1.000000000000000000, 0.000000000000000000, 0.000000000000000000 ) ) ;
#4984 = ORIENTED_EDGE ( 'NONE', *, *, #1256, .T. ) ;
#4985 = VERTEX_POINT ( 'NONE', #6709 ) ;
#4986 = DIRECTION ( 'NONE',  ( -1.000000000000000000, 0.000000000000000000, 0.000000000000000000 ) ) ;
#4987 = AXIS2_PLACEMENT_3D ( 'NONE', #7568, #3808, #1832 ) ;
#4988 = CARTESIAN_POINT ( 'NONE',  ( -3.999999999999999112, 3.999999999999999112, -6.500000000000000000 ) ) ;
#4989 = CARTESIAN_POINT ( 'NONE',  ( 86.70820393249938718, -0.5000000000000000000, 6.000000000000000000 ) ) ;
#4990 = EDGE_CURVE ( 'NONE', #6, #1925, #4009, .T. ) ;
#4991 = ORIENTED_EDGE ( 'NONE', *, *, #798, .T. ) ;
#4992 = DIRECTION ( 'NONE',  ( -0.000000000000000000, 1.000000000000000000, -0.000000000000000000 ) ) ;
#4993 = ORIENTED_EDGE ( 'NONE', *, *, #4389, .T. ) ;
#4994 = PLANE ( 'NONE',  #2455 ) ;
#4995 = ORIENTED_EDGE ( 'NONE', *, *, #5859, .T. ) ;
#4996 = CARTESIAN_POINT ( 'NONE',  ( 125.0000000000000000, 6.500000000000000000, 1.650000000000012568 ) ) ;
#4997 = LINE ( 'NONE', #1897, #2804 ) ;
#4998 = ORIENTED_EDGE ( 'NONE', *, *, #2490, .T. ) ;
#4999 = CARTESIAN_POINT ( 'NONE',  ( -116.3397459621556038, -1.000000000000000000, 1.500000000000000000 ) ) ;
#5000 = VERTEX_POINT ( 'NONE', #996 ) ;
#5001 = CARTESIAN_POINT ( 'NONE',  ( 33.62701665379258742, -1.000000000000000000, -1.000000000000000000 ) ) ;
#5002 = DIRECTION ( 'NONE',  ( 0.000000000000000000, 0.000000000000000000, 1.000000000000000000 ) ) ;
#5003 = CARTESIAN_POINT ( 'NONE',  ( 114.9999999999999858, -6.500000000000000000, 5.000000000000000000 ) ) ;
#5004 = CARTESIAN_POINT ( 'NONE',  ( 20.12461179749810825, -0.5000000000000000000, -1.500000000000000000 ) ) ;
#5005 = ADVANCED_FACE ( 'NONE', ( #372 ), #7981, .F. ) ;
#5006 = ADVANCED_FACE ( 'NONE', ( #4842 ), #7365, .T. ) ;
#5007 = EDGE_CURVE ( 'NONE', #7105, #7964, #6913, .T. ) ;
#5008 = CARTESIAN_POINT ( 'NONE',  ( 13.30823976550031240, -0.9116756672807743156, 6.266277289358893832 ) ) ;
#5009 = DIRECTION ( 'NONE',  ( -0.000000000000000000, 1.000000000000000000, -0.000000000000000000 ) ) ;
#5010 = CARTESIAN_POINT ( 'NONE',  ( 11.19432624775224028, -0.4999999999999995559, 6.500000000000000000 ) ) ;
#5011 = ADVANCED_FACE ( 'NONE', ( #1703 ), #4261, .F. ) ;
#5012 = ORIENTED_EDGE ( 'NONE', *, *, #6466, .F. ) ;
#5013 = CARTESIAN_POINT ( 'NONE',  ( -3.999999999999999112, 3.999999999999999112, 6.500000000000000000 ) ) ;
#5014 = EDGE_CURVE ( 'NONE', #5487, #2289, #6260, .T. ) ;
#5015 = CARTESIAN_POINT ( 'NONE',  ( 4.000000000000000000, -2.499999999999999556, -3.999999999999997335 ) ) ;
#5016 = FACE_OUTER_BOUND ( 'NONE', #5303, .T. ) ;
#5017 = ORIENTED_EDGE ( 'NONE', *, *, #2839, .T. ) ;
#5018 = LINE ( 'NONE', #550, #1797 ) ;
#5019 = EDGE_LOOP ( 'NONE', ( #992, #7782, #6639, #5272, #4893, #5723, #5783, #2462, #4182, #6761, #2022, #3672, #3016, #4482, #7916, #4219, #1134, #1330, #144, #7477, #1182, #2771, #6478, #3682, #543, #7633, #6738, #4684, #4906, #3278, #2254, #7159, #7658, #1727, #5476, #6175, #6159, #758, #2338, #6323, #5083, #3914, #6538, #1046, #6594, #4162, #3744, #6388, #4880, #2666, #7606, #2172, #1940, #793, #237, #1383, #8144, #3252, #4930, #633, #5498 ) ) ;
#5020 = ORIENTED_EDGE ( 'NONE', *, *, #6027, .F. ) ;
#5021 = CARTESIAN_POINT ( 'NONE',  ( -131.1462354366582019, -1.000000000000000000, 1.101118581567377408 ) ) ;
#5022 = CARTESIAN_POINT ( 'NONE',  ( 37.50000000000000711, 6.500000000000000000, 1.649999999999998579 ) ) ;
#5023 = DIRECTION ( 'NONE',  ( 0.000000000000000000, 0.000000000000000000, -1.000000000000000000 ) ) ;
#5024 = VERTEX_POINT ( 'NONE', #5551 ) ;
#5025 = VERTEX_POINT ( 'NONE', #2488 ) ;
#5026 = LINE ( 'NONE', #4953, #4163 ) ;
#5027 = ORIENTED_EDGE ( 'NONE', *, *, #3079, .T. ) ;
#5028 = ORIENTED_EDGE ( 'NONE', *, *, #5207, .T. ) ;
#5029 = AXIS2_PLACEMENT_3D ( 'NONE', #8118, #6138, #8031 ) ;
#5030 = CARTESIAN_POINT ( 'NONE',  ( 77.01857603000027552, -0.5000000000000000000, -2.666666666666663854 ) ) ;
#5031 = FACE_OUTER_BOUND ( 'NONE', #5599, .T. ) ;
#5032 = DIRECTION ( 'NONE',  ( -0.000000000000000000, -0.000000000000000000, 1.000000000000000000 ) ) ;
#5033 = VERTEX_POINT ( 'NONE', #6950 ) ;
#5034 = VECTOR ( 'NONE', #5955, 1000.000000000000000 ) ;
#5035 = CARTESIAN_POINT ( 'NONE',  ( -5.999999999999999112, 5.000000000000000000, -2.499999999999999556 ) ) ;
#5036 = ORIENTED_EDGE ( 'NONE', *, *, #1684, .T. ) ;
#5037 = PLANE ( 'NONE',  #5218 ) ;
#5038 = DIRECTION ( 'NONE',  ( 1.000000000000000000, 0.000000000000000000, 0.000000000000000000 ) ) ;
#5039 = DIRECTION ( 'NONE',  ( 0.000000000000000000, -1.000000000000000000, 0.000000000000000000 ) ) ;
#5040 = CYLINDRICAL_SURFACE ( 'NONE', #1907, 1.000000000000000000 ) ;
#5041 = AXIS2_PLACEMENT_3D ( 'NONE', #6433, #7049, #5689 ) ;
#5042 = CARTESIAN_POINT ( 'NONE',  ( 14.09418673590304039, -1.000000000000000444, 6.073945778677641627 ) ) ;
#5043 = CYLINDRICAL_SURFACE ( 'NONE', #3461, 4.000000000000003553 ) ;
#5044 = EDGE_CURVE ( 'NONE', #2868, #1539, #7310, .T. ) ;
#5045 = DIRECTION ( 'NONE',  ( 0.000000000000000000, 0.000000000000000000, 1.000000000000000000 ) ) ;
#5046 = ORIENTED_EDGE ( 'NONE', *, *, #7151, .T. ) ;
#5047 = AXIS2_PLACEMENT_3D ( 'NONE', #2146, #2029, #6448 ) ;
#5048 = FACE_OUTER_BOUND ( 'NONE', #8049, .T. ) ;
#5049 = CARTESIAN_POINT ( 'NONE',  ( 83.87298334620741969, -0.5000000000000000000, 1.500000000000000000 ) ) ;
#5050 = DIRECTION ( 'NONE',  ( 0.000000000000000000, 0.000000000000000000, 1.000000000000000000 ) ) ;
#5051 = AXIS2_PLACEMENT_3D ( 'NONE', #7716, #7672, #68 ) ;
#5052 = VECTOR ( 'NONE', #4775, 1000.000000000000000 ) ;
#5053 = ORIENTED_EDGE ( 'NONE', *, *, #805, .T. ) ;
#5054 = ADVANCED_FACE ( 'NONE', ( #2406 ), #5088, .F. ) ;
#5055 = EDGE_CURVE ( 'NONE', #7582, #3705, #4666, .T. ) ;
#5056 = CARTESIAN_POINT ( 'NONE',  ( 89.50000000000001421, -2.999999999999999556, 0.000000000000000000 ) ) ;
#5057 = EDGE_CURVE ( 'NONE', #7571, #7388, #2166, .T. ) ;
#5058 = VERTEX_POINT ( 'NONE', #1190 ) ;
#5059 = AXIS2_PLACEMENT_3D ( 'NONE', #3807, #2524, #1316 ) ;
#5060 = ORIENTED_EDGE ( 'NONE', *, *, #5579, .T. ) ;
#5061 = AXIS2_PLACEMENT_3D ( 'NONE', #2503, #4897, #1683 ) ;
#5062 = VECTOR ( 'NONE', #5644, 1000.000000000000000 ) ;
#5063 = CARTESIAN_POINT ( 'NONE',  ( 80.00000000000000000, -2.299999999999998934, 0.000000000000000000 ) ) ;
#5064 = ADVANCED_FACE ( 'NONE', ( #1863 ), #8183, .F. ) ;
#5065 = ORIENTED_EDGE ( 'NONE', *, *, #6985, .F. ) ;
#5066 = ORIENTED_EDGE ( 'NONE', *, *, #6502, .T. ) ;
#5067 = CARTESIAN_POINT ( 'NONE',  ( 5.000000000000000000, 2.499999999999999556, -2.750000000000000000 ) ) ;
#5068 = EDGE_LOOP ( 'NONE', ( #5684, #3258, #439, #3939 ) ) ;
#5069 = AXIS2_PLACEMENT_3D ( 'NONE', #8103, #8057, #1109 ) ;
#5070 = VERTEX_POINT ( 'NONE', #5672 ) ;
#5071 = AXIS2_PLACEMENT_3D ( 'NONE', #1221, #441, #2356 ) ;
#5072 = FACE_OUTER_BOUND ( 'NONE', #7804, .T. ) ;
#5073 = DIRECTION ( 'NONE',  ( 0.000000000000000000, 1.000000000000000000, 0.000000000000000000 ) ) ;
#5074 = LINE ( 'NONE', #6832, #273 ) ;
#5075 = CIRCLE ( 'NONE', #3765, 2.000000000000000000 ) ;
#5076 = CIRCLE ( 'NONE', #4413, 5.000000000000000000 ) ;
#5077 = CIRCLE ( 'NONE', #6271, 1.649999999999998579 ) ;
#5078 = DIRECTION ( 'NONE',  ( -1.000000000000000000, 0.000000000000000000, 0.000000000000000000 ) ) ;
#5079 = CIRCLE ( 'NONE', #4553, 0.5000000000000002220 ) ;
#5080 = ORIENTED_EDGE ( 'NONE', *, *, #4389, .F. ) ;
#5081 = VECTOR ( 'NONE', #7206, 1000.000000000000000 ) ;
#5082 = PLANE ( 'NONE',  #7589 ) ;
#5083 = ORIENTED_EDGE ( 'NONE', *, *, #3154, .F. ) ;
#5084 = DIRECTION ( 'NONE',  ( 0.000000000000000000, -1.000000000000000000, 0.000000000000000000 ) ) ;
#5085 = DIRECTION ( 'NONE',  ( 0.000000000000000000, 1.000000000000000000, 0.000000000000000000 ) ) ;
#5086 = CARTESIAN_POINT ( 'NONE',  ( 129.5000000000000000, -1.500000000000000000, 6.500000000000000000 ) ) ;
#5087 = AXIS2_PLACEMENT_3D ( 'NONE', #266, #4700, #4779 ) ;
#5089 = CIRCLE ( 'NONE', #2460, 5.000000000000000000 ) ;
#5088 = CYLINDRICAL_SURFACE ( 'NONE', #831, 5.000000000000000000 ) ;
#5090 = B_SPLINE_CURVE_WITH_KNOTS ( 'NONE', 3,
 ( #3198, #2575, #4558, #749, #4387, #3852, #7620, #707, #1246, #1960 ),
 .UNSPECIFIED., .F., .F.,
 ( 4, 2, 2, 2, 4 ),
 ( -1.420927188905366932E-05, 0.0007979964460808015641, 0.001610202164050656770, 0.002422407882020511868, 0.003234613599990367183 ),
 .UNSPECIFIED. ) ;
#5091 = ADVANCED_FACE ( 'NONE', ( #6298 ), #655, .F. ) ;
#5092 = CARTESIAN_POINT ( 'NONE',  ( 86.70820393249938718, -1.000000000000000000, 1.500000000000000000 ) ) ;
#5093 = DIRECTION ( 'NONE',  ( 1.301042606982605321E-16, 0.000000000000000000, -1.000000000000000000 ) ) ;
#5094 = AXIS2_PLACEMENT_3D ( 'NONE', #1009, #5486, #7911 ) ;
#5095 = AXIS2_PLACEMENT_3D ( 'NONE', #5238, #21, #7099 ) ;
#5096 = FACE_OUTER_BOUND ( 'NONE', #6992, .T. ) ;
#5097 = EDGE_LOOP ( 'NONE', ( #3007, #5547, #1850, #2992 ) ) ;
#5098 = FACE_BOUND ( 'NONE', #3817, .T. ) ;
#5099 = CARTESIAN_POINT ( 'NONE',  ( -129.5000000000000000, -1.500000000000000000, 6.000000000000000000 ) ) ;
#5100 = CARTESIAN_POINT ( 'NONE',  ( -69.99999999999998579, -2.999999999999999556, -1.421904488505580887E-16 ) ) ;
#5101 = ORIENTED_EDGE ( 'NONE', *, *, #7844, .T. ) ;
#5102 = CARTESIAN_POINT ( 'NONE',  ( -125.0000000000000000, -0.5000000000000000000, 4.000000000000003553 ) ) ;
#5103 = ORIENTED_EDGE ( 'NONE', *, *, #8000, .T. ) ;
#5104 = ORIENTED_EDGE ( 'NONE', *, *, #4705, .T. ) ;
#5105 = DIRECTION ( 'NONE',  ( 0.000000000000000000, 0.000000000000000000, 1.000000000000000000 ) ) ;
#5106 = CARTESIAN_POINT ( 'NONE',  ( 11.19432624775224028, -0.4999999999999995559, -6.500000000000000000 ) ) ;
#5107 = EDGE_CURVE ( 'NONE', #3949, #2402, #4015, .T. ) ;
#5108 = EDGE_CURVE ( 'NONE', #6305, #1853, #1886, .T. ) ;
#5109 = VERTEX_POINT ( 'NONE', #2522 ) ;
#5110 = EDGE_LOOP ( 'NONE', ( #4619, #3515, #1207, #4662 ) ) ;
#5111 = CARTESIAN_POINT ( 'NONE',  ( -134.0709441698225248, -0.5000000000000000000, -10.66386289615367033 ) ) ;
#5112 = ORIENTED_EDGE ( 'NONE', *, *, #2994, .T. ) ;
#5113 = EDGE_LOOP ( 'NONE', ( #190, #7266, #6146, #7676 ) ) ;
#5114 = ADVANCED_FACE ( 'NONE', ( #4464 ), #5040, .F. ) ;
#5115 = CARTESIAN_POINT ( 'NONE',  ( -80.00000000000000000, 6.500000000000000000, 0.000000000000000000 ) ) ;
#5116 = FACE_OUTER_BOUND ( 'NONE', #2783, .T. ) ;
#5117 = CIRCLE ( 'NONE', #1704, 3.750000000000006217 ) ;
#5118 = CYLINDRICAL_SURFACE ( 'NONE', #4629, 10.00000000000000000 ) ;
#5119 = EDGE_CURVE ( 'NONE', #8029, #7556, #4533, .T. ) ;
#5120 = DIRECTION ( 'NONE',  ( 0.000000000000000000, 0.000000000000000000, 1.000000000000000000 ) ) ;
#5121 = VERTEX_POINT ( 'NONE', #4425 ) ;
#5122 = DIRECTION ( 'NONE',  ( 0.000000000000000000, 0.000000000000000000, 1.000000000000000000 ) ) ;
#5123 = EDGE_LOOP ( 'NONE', ( #5941, #3673, #6590, #7703 ) ) ;
#5124 = CARTESIAN_POINT ( 'NONE',  ( -131.0000000000000000, -1.000000000000000000, -0.6229813658380594088 ) ) ;
#5125 = FACE_OUTER_BOUND ( 'NONE', #5113, .T. ) ;
#5126 = DIRECTION ( 'NONE',  ( 0.000000000000000000, 0.000000000000000000, 1.000000000000000000 ) ) ;
#5127 = CYLINDRICAL_SURFACE ( 'NONE', #5133, 1.000000000000000000 ) ;
#5128 =( BOUNDED_SURFACE ( )  B_SPLINE_SURFACE ( 3, 2, ( 
 ( #494, #8020, #1576 ),
 ( #3020, #1538, #1151 ),
 ( #6586, #6203, #2364 ),
 ( #4100, #6549, #5508 ),
 ( #6741, #7440, #7208 ),
 ( #3683, #531, #2122 ),
 ( #4631, #7158, #875 ),
 ( #5925, #2781, #5301 ) ),
 .UNSPECIFIED., .F., .F., .F. ) 
 B_SPLINE_SURFACE_WITH_KNOTS ( ( 4, 2, 2, 4 ),
 ( 3, 3 ),
 ( 2.710505431213761085E-20, 0.0008318273432409037339, 0.001663654686481807468, 0.003327309372963614936 ),
 ( 0.000000000000000000, 1.000000000000000000 ),
 .UNSPECIFIED. ) 
 GEOMETRIC_REPRESENTATION_ITEM ( )  RATIONAL_B_SPLINE_SURFACE ( (
 ( 1.000000000000000000, 0.7071067811865471286, 1.000000000000000000),
 ( 1.000000000000000000, 0.7538628514064491526, 1.000000000000000000),
 ( 1.000000000000000000, 0.7951092457575901218, 1.000000000000000000),
 ( 1.000000000000000000, 0.8674185373049740910, 1.000000000000000000),
 ( 1.000000000000000000, 0.8985262822046446995, 1.000000000000000000),
 ( 1.000000000000000000, 0.9737688949899849788, 1.000000000000000000),
 ( 1.000000000000000000, 1.000090849995231679, 1.000000000000000000),
 ( 1.000000000000000000, 1.000000000000000000, 1.000000000000000000) ) ) 
 REPRESENTATION_ITEM ( '' )  SURFACE ( )  );
#5129 = CARTESIAN_POINT ( 'NONE',  ( -13.99999999999999822, -6.500000000000000000, -1.734723475976807094E-15 ) ) ;
#5130 = CARTESIAN_POINT ( 'NONE',  ( -71.33974596215561803, -1.000000000000000000, 11.00000000000000000 ) ) ;
#5131 = VERTEX_POINT ( 'NONE', #1954 ) ;
#5132 = CARTESIAN_POINT ( 'NONE',  ( 131.5000000000000000, -1.010183115202838877, -1.485422707083087879 ) ) ;
#5133 = AXIS2_PLACEMENT_3D ( 'NONE', #7192, #200, #4618 ) ;
#5134 = CIRCLE ( 'NONE', #1936, 2.750000000000000000 ) ;
#5135 = CARTESIAN_POINT ( 'NONE',  ( 118.2917960675006412, -0.5000000000000000000, 6.000000000000000000 ) ) ;
#5136 = DIRECTION ( 'NONE',  ( 0.000000000000000000, 0.000000000000000000, -1.000000000000000000 ) ) ;
#5137 = DIRECTION ( 'NONE',  ( 0.000000000000000000, 0.000000000000000000, 1.000000000000000000 ) ) ;
#5138 = CYLINDRICAL_SURFACE ( 'NONE', #4971, 5.000000000000000000 ) ;
#5139 = ORIENTED_EDGE ( 'NONE', *, *, #2332, .F. ) ;
#5140 = ORIENTED_EDGE ( 'NONE', *, *, #3498, .T. ) ;
#5141 = CARTESIAN_POINT ( 'NONE',  ( 131.5000000000000568, -1.500000000000000000, -6.500000000000000000 ) ) ;
#5142 = DIRECTION ( 'NONE',  ( -0.000000000000000000, 1.000000000000000000, -0.000000000000000000 ) ) ;
#5143 = VERTEX_POINT ( 'NONE', #1154 ) ;
#5144 = ORIENTED_EDGE ( 'NONE', *, *, #6182, .T. ) ;
#5145 = CARTESIAN_POINT ( 'NONE',  ( 83.35410196624968648, -1.000000000000000000, 3.000000000000000444 ) ) ;
#5146 = EDGE_LOOP ( 'NONE', ( #1105, #4035 ) ) ;
#5147 = EDGE_CURVE ( 'NONE', #5024, #4526, #4385, .T. ) ;
#5148 = ORIENTED_EDGE ( 'NONE', *, *, #7924, .T. ) ;
#5149 = CARTESIAN_POINT ( 'NONE',  ( -75.00000000000000000, -6.500000000000000000, 5.000000000000000888 ) ) ;
#5150 = CARTESIAN_POINT ( 'NONE',  ( -131.5000000000000000, -0.8740202826295623284, -1.148398776537287835 ) ) ;
#5151 = CARTESIAN_POINT ( 'NONE',  ( -6.999999999999999112, -4.000000000000000000, 6.500000000000000000 ) ) ;
#5152 = CIRCLE ( 'NONE', #3048, 2.750000000000000000 ) ;
#5153 = CARTESIAN_POINT ( 'NONE',  ( -19.00000000000001776, -2.999999999999999556, 4.999999999999999112 ) ) ;
#5154 = ORIENTED_EDGE ( 'NONE', *, *, #2898, .F. ) ;
#5155 = CARTESIAN_POINT ( 'NONE',  ( 19.00000000000000355, -2.999999999999999556, -5.000000000000000888 ) ) ;
#5156 = ORIENTED_EDGE ( 'NONE', *, *, #5769, .T. ) ;
#5157 = CIRCLE ( 'NONE', #2652, 4.000000000000003553 ) ;
#5158 = EDGE_CURVE ( 'NONE', #2603, #425, #3062, .T. ) ;
#5159 = CYLINDRICAL_SURFACE ( 'NONE', #591, 0.5000000000000000000 ) ;
#5160 = EDGE_CURVE ( 'NONE', #5364, #6354, #4141, .T. ) ;
#5161 = CARTESIAN_POINT ( 'NONE',  ( 86.70820393249938718, 6.500000000000000000, -1.000000000000000000 ) ) ;
#5162 = DIRECTION ( 'NONE',  ( 0.000000000000000000, 0.000000000000000000, -1.000000000000000000 ) ) ;
#5163 = EDGE_CURVE ( 'NONE', #5539, #1603, #3722, .T. ) ;
#5164 = DIRECTION ( 'NONE',  ( -0.000000000000000000, -1.000000000000000000, -0.000000000000000000 ) ) ;
#5165 = ORIENTED_EDGE ( 'NONE', *, *, #2608, .F. ) ;
#5166 = DIRECTION ( 'NONE',  ( -0.000000000000000000, 1.000000000000000000, -0.000000000000000000 ) ) ;
#5167 = CARTESIAN_POINT ( 'NONE',  ( 86.70820393249938718, -1.000000000000000000, -6.000000000000000000 ) ) ;
#5168 = ORIENTED_EDGE ( 'NONE', *, *, #6074, .T. ) ;
#5169 = VECTOR ( 'NONE', #888, 1000.000000000000000 ) ;
#5170 = CARTESIAN_POINT ( 'NONE',  ( -131.0000000000000000, -1.500000000000000000, 0.000000000000000000 ) ) ;
#5171 = TOROIDAL_SURFACE ( 'NONE', #2269, 9.500000000000000000, 0.5000000000000000000 ) ;
#5172 = CARTESIAN_POINT ( 'NONE',  ( -80.00000000000000000, 6.500000000000000000, 0.000000000000000000 ) ) ;
#5173 = AXIS2_PLACEMENT_3D ( 'NONE', #6599, #6694, #4735 ) ;
#5174 = CARTESIAN_POINT ( 'NONE',  ( 6.999999999999999112, -2.499999999999999556, 5.000000000000002665 ) ) ;
#5175 = AXIS2_PLACEMENT_3D ( 'NONE', #5431, #4634, #5305 ) ;
#5176 = CARTESIAN_POINT ( 'NONE',  ( -14.00602762380382771, -1.343141651239103673, -6.500000000000000000 ) ) ;
#5177 = LINE ( 'NONE', #1411, #6013 ) ;
#5178 = ORIENTED_EDGE ( 'NONE', *, *, #3546, .F. ) ;
#5179 = ORIENTED_EDGE ( 'NONE', *, *, #3499, .F. ) ;
#5180 = FACE_BOUND ( 'NONE', #677, .T. ) ;
#5181 = FACE_OUTER_BOUND ( 'NONE', #7439, .T. ) ;
#5182 = AXIS2_PLACEMENT_3D ( 'NONE', #3264, #5780, #102 ) ;
#5183 = CARTESIAN_POINT ( 'NONE',  ( -120.0000000000000000, -2.999999999999999556, 8.673617379884035472E-16 ) ) ;
#5184 = EDGE_CURVE ( 'NONE', #3430, #346, #2607, .T. ) ;
#5185 = CIRCLE ( 'NONE', #4523, 1.650000000000012568 ) ;
#5186 = VERTEX_POINT ( 'NONE', #3231 ) ;
#5187 = CARTESIAN_POINT ( 'NONE',  ( 2.999999999999999556, -6.500000000000000000, 1.887458608817686789 ) ) ;
#5188 = EDGE_LOOP ( 'NONE', ( #384, #6242, #1859, #3821 ) ) ;
#5189 = EDGE_LOOP ( 'NONE', ( #5564, #6199, #726, #3395 ) ) ;
#5190 = CIRCLE ( 'NONE', #2159, 1.000000000000000000 ) ;
#5191 = LINE ( 'NONE', #2596, #2326 ) ;
#5192 = FACE_OUTER_BOUND ( 'NONE', #6501, .T. ) ;
#5193 = DIRECTION ( 'NONE',  ( 0.000000000000000000, 0.000000000000000000, 1.000000000000000000 ) ) ;
#5194 = AXIS2_PLACEMENT_3D ( 'NONE', #7524, #1280, #5641 ) ;
#5195 = AXIS2_PLACEMENT_3D ( 'NONE', #4227, #4189, #6749 ) ;
#5196 = CARTESIAN_POINT ( 'NONE',  ( -114.9999999999999858, -2.999999999999999556, 8.673617379884035472E-16 ) ) ;
#5197 = EDGE_LOOP ( 'NONE', ( #449, #2273, #6536, #2755 ) ) ;
#5198 = DIRECTION ( 'NONE',  ( -0.7738791177495933926, 0.000000000000000000, 0.6333333333333333037 ) ) ;
#5199 = ORIENTED_EDGE ( 'NONE', *, *, #1160, .T. ) ;
#5200 = FACE_OUTER_BOUND ( 'NONE', #5703, .T. ) ;
#5201 = CARTESIAN_POINT ( 'NONE',  ( 44.20820393249938718, -1.000000000000000000, -6.000000000000000000 ) ) ;
#5202 = VECTOR ( 'NONE', #1607, 1000.000000000000000 ) ;
#5203 = CARTESIAN_POINT ( 'NONE',  ( 131.5000000000000000, -0.7633327977559232203, 0.5683849450037660178 ) ) ;
#5204 = VECTOR ( 'NONE', #7868, 1000.000000000000000 ) ;
#5205 = CIRCLE ( 'NONE', #3886, 0.4999999999999997224 ) ;
#5206 = EDGE_CURVE ( 'NONE', #3330, #7952, #6485, .T. ) ;
#5207 = EDGE_CURVE ( 'NONE', #7912, #3428, #1399, .T. ) ;
#5208 = CIRCLE ( 'NONE', #460, 5.000000000000000000 ) ;
#5209 = EDGE_CURVE ( 'NONE', #5645, #3076, #812, .T. ) ;
#5210 = CARTESIAN_POINT ( 'NONE',  ( 5.999999999999999112, 6.500000000000000000, 5.000000000000002665 ) ) ;
#5211 = ORIENTED_EDGE ( 'NONE', *, *, #5681, .F. ) ;
#5212 = DIRECTION ( 'NONE',  ( -0.000000000000000000, 1.000000000000000000, -0.000000000000000000 ) ) ;
#5213 = AXIS2_PLACEMENT_3D ( 'NONE', #1825, #451, #6705 ) ;
#5214 = AXIS2_PLACEMENT_3D ( 'NONE', #5970, #4067, #4637 ) ;
#5215 = LINE ( 'NONE', #1530, #3355 ) ;
#5216 = VERTEX_POINT ( 'NONE', #150 ) ;
#5217 = VECTOR ( 'NONE', #6104, 1000.000000000000000 ) ;
#5218 = AXIS2_PLACEMENT_3D ( 'NONE', #5001, #690, #6245 ) ;
#5219 = CARTESIAN_POINT ( 'NONE',  ( 131.5000000000000284, -1.006258455170680577, -1.414034399278728094 ) ) ;
#5220 = EDGE_CURVE ( 'NONE', #6804, #7952, #1767, .T. ) ;
#5221 = CIRCLE ( 'NONE', #6931, 5.500000000000000000 ) ;
#5222 = DIRECTION ( 'NONE',  ( 0.000000000000000000, 1.000000000000000000, 0.000000000000000000 ) ) ;
#5223 = EDGE_CURVE ( 'NONE', #943, #941, #1350, .T. ) ;
#5224 = AXIS2_PLACEMENT_3D ( 'NONE', #7252, #3576, #919 ) ;
#5225 = AXIS2_PLACEMENT_3D ( 'NONE', #6297, #6862, #623 ) ;
#5226 = DIRECTION ( 'NONE',  ( 0.000000000000000000, -1.000000000000000000, 0.000000000000000000 ) ) ;
#5227 = CARTESIAN_POINT ( 'NONE',  ( -6.999999999999999112, 1.887458608817688122, -6.500000000000000000 ) ) ;
#5228 = CARTESIAN_POINT ( 'NONE',  ( 30.79179606750063058, -0.5000000000000000000, 6.000000000000000000 ) ) ;
#5229 = VERTEX_POINT ( 'NONE', #2686 ) ;
#5230 = ORIENTED_EDGE ( 'NONE', *, *, #647, .T. ) ;
#5231 = LINE ( 'NONE', #1379, #4378 ) ;
#5232 = DIRECTION ( 'NONE',  ( 0.000000000000000000, 0.000000000000000000, 1.000000000000000000 ) ) ;
#5233 = ORIENTED_EDGE ( 'NONE', *, *, #50, .T. ) ;
#5234 = DIRECTION ( 'NONE',  ( 0.000000000000000000, 0.000000000000000000, 1.000000000000000000 ) ) ;
#5235 = ORIENTED_EDGE ( 'NONE', *, *, #1256, .F. ) ;
#5236 = EDGE_LOOP ( 'NONE', ( #1554, #7250, #1681, #1438 ) ) ;
#5237 = AXIS2_PLACEMENT_3D ( 'NONE', #7086, #7742, #3405 ) ;
#5238 = CARTESIAN_POINT ( 'NONE',  ( -131.0000000000000000, 6.500000000000000000, -0.6229813658380594088 ) ) ;
#5239 = DIRECTION ( 'NONE',  ( 0.000000000000000000, 0.000000000000000000, 1.000000000000000000 ) ) ;
#5240 = CARTESIAN_POINT ( 'NONE',  ( 118.2917960675006412, -0.5000000000000000000, -6.000000000000000000 ) ) ;
#5241 = CARTESIAN_POINT ( 'NONE',  ( 44.20820393249938718, -1.000000000000000000, 6.000000000000000000 ) ) ;
#5242 = ORIENTED_EDGE ( 'NONE', *, *, #7283, .T. ) ;
#5243 = CARTESIAN_POINT ( 'NONE',  ( -131.5000000000000000, -0.8102455277853665150, 1.090960107187676664 ) ) ;
#5244 = ORIENTED_EDGE ( 'NONE', *, *, #6572, .F. ) ;
#5245 = DIRECTION ( 'NONE',  ( 0.000000000000000000, 0.000000000000000000, -1.000000000000000000 ) ) ;
#5246 = CARTESIAN_POINT ( 'NONE',  ( -71.33974596215561803, -1.000000000000000000, 1.500000000000000000 ) ) ;
#5247 = DIRECTION ( 'NONE',  ( 1.000000000000000000, -0.000000000000000000, 0.000000000000000000 ) ) ;
#5248 = VECTOR ( 'NONE', #1317, 1000.000000000000000 ) ;
#5249 = LINE ( 'NONE', #152, #7360 ) ;
#5250 = EDGE_LOOP ( 'NONE', ( #5616, #5805, #8113, #6114 ) ) ;
#5251 = DIRECTION ( 'NONE',  ( 0.000000000000000000, 0.000000000000000000, -1.000000000000000000 ) ) ;
#5252 = ORIENTED_EDGE ( 'NONE', *, *, #48, .F. ) ;
#5253 = DIRECTION ( 'NONE',  ( 0.000000000000000000, 0.000000000000000000, -1.000000000000000000 ) ) ;
#5254 = ORIENTED_EDGE ( 'NONE', *, *, #7891, .T. ) ;
#5255 = EDGE_CURVE ( 'NONE', #227, #1690, #4617, .T. ) ;
#5256 = ADVANCED_FACE ( 'NONE', ( #4542 ), #5909, .F. ) ;
#5257 = DIRECTION ( 'NONE',  ( 0.000000000000000000, 1.000000000000000000, 0.000000000000000000 ) ) ;
#5258 = EDGE_CURVE ( 'NONE', #6049, #1252, #578, .T. ) ;
#5259 = LINE ( 'NONE', #6003, #3452 ) ;
#5260 = DIRECTION ( 'NONE',  ( -0.000000000000000000, -0.000000000000000000, 1.000000000000000000 ) ) ;
#5261 = EDGE_CURVE ( 'NONE', #2923, #6116, #2074, .T. ) ;
#5262 = CARTESIAN_POINT ( 'NONE',  ( -88.66025403784438197, -1.000000000000000000, 1.500000000000000000 ) ) ;
#5263 = CARTESIAN_POINT ( 'NONE',  ( 80.00000000000000000, -6.500000000000000000, 0.000000000000000000 ) ) ;
#5264 = VERTEX_POINT ( 'NONE', #1990 ) ;
#5265 = ADVANCED_FACE ( 'NONE', ( #7140 ), #2939, .F. ) ;
#5266 = ORIENTED_EDGE ( 'NONE', *, *, #4101, .F. ) ;
#5267 = EDGE_CURVE ( 'NONE', #941, #3259, #6106, .T. ) ;
#5268 = DIRECTION ( 'NONE',  ( 0.000000000000000000, 0.000000000000000000, 1.000000000000000000 ) ) ;
#5269 = CARTESIAN_POINT ( 'NONE',  ( -3.999999999999999112, -5.000000000000000888, -6.500000000000000000 ) ) ;
#5270 = VERTEX_POINT ( 'NONE', #3272 ) ;
#5271 = ORIENTED_EDGE ( 'NONE', *, *, #2543, .T. ) ;
#5272 = ORIENTED_EDGE ( 'NONE', *, *, #951, .T. ) ;
#5273 = FACE_BOUND ( 'NONE', #5146, .T. ) ;
#5274 = DIRECTION ( 'NONE',  ( 0.000000000000000000, -1.000000000000000000, 0.000000000000000000 ) ) ;
#5275 = DIRECTION ( 'NONE',  ( -0.000000000000000000, -1.000000000000000000, -0.000000000000000000 ) ) ;
#5276 = DIRECTION ( 'NONE',  ( 0.000000000000000000, 0.000000000000000000, 1.000000000000000000 ) ) ;
#5277 = EDGE_CURVE ( 'NONE', #6825, #7556, #2546, .T. ) ;
#5278 = VERTEX_POINT ( 'NONE', #694 ) ;
#5279 = CARTESIAN_POINT ( 'NONE',  ( 73.29179606750062703, 6.500000000000000000, 1.000000000000000000 ) ) ;
#5280 = ORIENTED_EDGE ( 'NONE', *, *, #4643, .T. ) ;
#5281 = ADVANCED_FACE ( 'NONE', ( #6415 ), #4381, .T. ) ;
#5282 = DIRECTION ( 'NONE',  ( 0.000000000000000000, 0.000000000000000000, -1.000000000000000000 ) ) ;
#5283 = CARTESIAN_POINT ( 'NONE',  ( 3.000000000000000444, 6.500000000000000000, -4.999999999999997335 ) ) ;
#5284 = CARTESIAN_POINT ( 'NONE',  ( 80.00000000000000000, -0.5000000000000000000, 0.000000000000000000 ) ) ;
#5285 = DIRECTION ( 'NONE',  ( 0.000000000000000000, 0.000000000000000000, -1.000000000000000000 ) ) ;
#5286 = VERTEX_POINT ( 'NONE', #442 ) ;
#5287 = DIRECTION ( 'NONE',  ( -0.000000000000000000, -1.000000000000000000, -0.000000000000000000 ) ) ;
#5288 = VERTEX_POINT ( 'NONE', #1650 ) ;
#5289 = EDGE_CURVE ( 'NONE', #2595, #2430, #26, .T. ) ;
#5290 = DIRECTION ( 'NONE',  ( 0.000000000000000000, 1.000000000000000000, -0.000000000000000000 ) ) ;
#5291 = ORIENTED_EDGE ( 'NONE', *, *, #299, .F. ) ;
#5292 = DIRECTION ( 'NONE',  ( 0.6666666666666645202, 6.464932690748122772E-16, 0.7453559924999318964 ) ) ;
#5293 = CIRCLE ( 'NONE', #7006, 2.750000000000000000 ) ;
#5294 = DIRECTION ( 'NONE',  ( 0.000000000000000000, -1.000000000000000000, 0.000000000000000000 ) ) ;
#5295 = AXIS2_PLACEMENT_3D ( 'NONE', #1436, #5791, #5873 ) ;
#5296 = CYLINDRICAL_SURFACE ( 'NONE', #724, 0.5000000000000004441 ) ;
#5297 = ADVANCED_FACE ( 'NONE', ( #6108 ), #3986, .F. ) ;
#5298 = DIRECTION ( 'NONE',  ( 1.000000000000000000, -0.000000000000000000, 0.000000000000000000 ) ) ;
#5299 = VECTOR ( 'NONE', #5343, 1000.000000000000000 ) ;
#5300 = CARTESIAN_POINT ( 'NONE',  ( 30.79179606750063058, 6.500000000000000000, 6.000000000000000000 ) ) ;
#5301 = CARTESIAN_POINT ( 'NONE',  ( 11.19432624775223495, -0.5000000000000000000, -6.500000000000000888 ) ) ;
#5302 = ORIENTED_EDGE ( 'NONE', *, *, #2929, .T. ) ;
#5303 = EDGE_LOOP ( 'NONE', ( #4607, #6879, #8177, #5892, #7652, #3055, #7216, #5020, #2516, #3533 ) ) ;
#5304 = CIRCLE ( 'NONE', #2411, 4.500000000000003553 ) ;
#5305 = DIRECTION ( 'NONE',  ( 0.7738791177495923934, 0.000000000000000000, 0.6333333333333343029 ) ) ;
#5306 = CIRCLE ( 'NONE', #3063, 1.000000000000000000 ) ;
#5307 = DIRECTION ( 'NONE',  ( 0.000000000000000000, 0.000000000000000000, -1.000000000000000000 ) ) ;
#5308 = ADVANCED_FACE ( 'NONE', ( #5329 ), #7035, .F. ) ;
#5309 = EDGE_CURVE ( 'NONE', #1263, #3561, #7954, .T. ) ;
#5310 = EDGE_CURVE ( 'NONE', #7596, #3983, #2803, .T. ) ;
#5311 = EDGE_LOOP ( 'NONE', ( #975, #7897, #716, #6513 ) ) ;
#5312 = CARTESIAN_POINT ( 'NONE',  ( 2.999999999999999556, 2.499999999999999556, 1.887458608817687011 ) ) ;
#5313 = ORIENTED_EDGE ( 'NONE', *, *, #5724, .T. ) ;
#5314 = ORIENTED_EDGE ( 'NONE', *, *, #1629, .T. ) ;
#5315 = FACE_OUTER_BOUND ( 'NONE', #177, .T. ) ;
#5316 = AXIS2_PLACEMENT_3D ( 'NONE', #6700, #2228, #4782 ) ;
#5317 = ADVANCED_FACE ( 'NONE', ( #7847 ), #1025, .F. ) ;
#5318 = CARTESIAN_POINT ( 'NONE',  ( -11.94229030071541864, 6.500000000000000000, -6.500000000000000000 ) ) ;
#5319 = CARTESIAN_POINT ( 'NONE',  ( -122.5256417034730134, -0.5000000000000000000, -3.142857142857141017 ) ) ;
#5320 = CIRCLE ( 'NONE', #7567, 0.5000000000000004441 ) ;
#5321 = CARTESIAN_POINT ( 'NONE',  ( 20.12461179749810825, 6.500000000000000000, 1.000000000000000000 ) ) ;
#5322 = VERTEX_POINT ( 'NONE', #4127 ) ;
#5323 = AXIS2_PLACEMENT_3D ( 'NONE', #8079, #427, #4944 ) ;
#5324 = CARTESIAN_POINT ( 'NONE',  ( -131.0000000000000284, -1.000000000000000000, 1.673907284147943431 ) ) ;
#5325 = ORIENTED_EDGE ( 'NONE', *, *, #2996, .T. ) ;
#5326 = AXIS2_PLACEMENT_3D ( 'NONE', #3511, #1639, #2349 ) ;
#5327 = DIRECTION ( 'NONE',  ( 1.000000000000000000, 0.000000000000000000, -2.843808977011159555E-17 ) ) ;
#5328 = CARTESIAN_POINT ( 'NONE',  ( 73.29179606750062703, -1.000000000000000000, -6.000000000000000000 ) ) ;
#5329 = FACE_OUTER_BOUND ( 'NONE', #3135, .T. ) ;
#5330 = AXIS2_PLACEMENT_3D ( 'NONE', #3527, #2900, #6044 ) ;
#5331 = VECTOR ( 'NONE', #3534, 1000.000000000000000 ) ;
#5332 = CARTESIAN_POINT ( 'NONE',  ( 5.999999999999999112, 2.499999999999999556, 5.000000000000002665 ) ) ;
#5333 = VERTEX_POINT ( 'NONE', #321 ) ;
#5334 = DIRECTION ( 'NONE',  ( 0.000000000000000000, 0.000000000000000000, 1.000000000000000000 ) ) ;
#5335 = VERTEX_POINT ( 'NONE', #6070 ) ;
#5336 = CARTESIAN_POINT ( 'NONE',  ( 6.999999999999999112, 2.499999999999999556, 1.887458608817688122 ) ) ;
#5337 = ORIENTED_EDGE ( 'NONE', *, *, #3822, .T. ) ;
#5338 = AXIS2_PLACEMENT_3D ( 'NONE', #7808, #2151, #4665 ) ;
#5339 = FACE_OUTER_BOUND ( 'NONE', #5097, .T. ) ;
#5340 = VECTOR ( 'NONE', #7800, 1000.000000000000000 ) ;
#5341 = CARTESIAN_POINT ( 'NONE',  ( 13.37684436100033558, -0.9215708228084975584, 6.251107760017102777 ) ) ;
#5342 = EDGE_CURVE ( 'NONE', #5928, #2955, #2358, .T. ) ;
#5343 = DIRECTION ( 'NONE',  ( 1.000000000000000000, 0.000000000000000000, 0.000000000000000000 ) ) ;
#5344 = CIRCLE ( 'NONE', #3359, 5.000000000000000000 ) ;
#5345 = DIRECTION ( 'NONE',  ( 0.000000000000000000, 0.000000000000000000, 1.000000000000000000 ) ) ;
#5346 = CIRCLE ( 'NONE', #1651, 1.000000000000000000 ) ;
#5347 = CARTESIAN_POINT ( 'NONE',  ( -14.62757143285698547, -0.9810885657428785045, -6.130891554710483859 ) ) ;
#5348 = VECTOR ( 'NONE', #438, 1000.000000000000000 ) ;
#5349 = CIRCLE ( 'NONE', #1115, 0.4999999999999965028 ) ;
#5350 = CARTESIAN_POINT ( 'NONE',  ( -6.999999999999999112, -1.887458608817687900, -6.500000000000000000 ) ) ;
#5351 = CARTESIAN_POINT ( 'NONE',  ( -131.5000000000000000, -1.475193674631518848, -1.404015300966410251 ) ) ;
#5352 = ORIENTED_EDGE ( 'NONE', *, *, #1934, .F. ) ;
#5353 = CIRCLE ( 'NONE', #4025, 5.000000000000000000 ) ;
#5354 = FILL_AREA_STYLE_COLOUR ( '', #7296 ) ;
#5355 = EDGE_LOOP ( 'NONE', ( #2911, #4322, #4078, #7110 ) ) ;
#5356 = CIRCLE ( 'NONE', #3243, 5.000000000000000000 ) ;
#5357 = CARTESIAN_POINT ( 'NONE',  ( -71.33974596215561803, 6.500000000000000000, 1.000000000000000000 ) ) ;
#5358 = AXIS2_PLACEMENT_3D ( 'NONE', #7024, #2028, #3344 ) ;
#5359 = CARTESIAN_POINT ( 'NONE',  ( 131.7122317325336383, -1.000000000000000000, -5.995493738531334493 ) ) ;
#5360 = ORIENTED_EDGE ( 'NONE', *, *, #2489, .T. ) ;
#5361 = DIRECTION ( 'NONE',  ( 1.301042606982605321E-16, 0.000000000000000000, -1.000000000000000000 ) ) ;
#5362 = VERTEX_POINT ( 'NONE', #3519 ) ;
#5363 = AXIS2_PLACEMENT_3D ( 'NONE', #3857, #2658, #2706 ) ;
#5364 = VERTEX_POINT ( 'NONE', #2267 ) ;
#5365 = EDGE_CURVE ( 'NONE', #3076, #5216, #3994, .T. ) ;
#5366 = DIRECTION ( 'NONE',  ( -0.000000000000000000, 0.000000000000000000, 1.000000000000000000 ) ) ;
#5367 = EDGE_CURVE ( 'NONE', #4538, #382, #5450, .T. ) ;
#5368 = CARTESIAN_POINT ( 'NONE',  ( 80.00000000000000000, -2.299999999999998934, 1.649999999999998579 ) ) ;
#5369 = DIRECTION ( 'NONE',  ( 1.301042606982605321E-16, 0.000000000000000000, -1.000000000000000000 ) ) ;
#5370 = CARTESIAN_POINT ( 'NONE',  ( 41.37298334620742679, -0.5000000000000000000, 1.500000000000000000 ) ) ;
#5371 = VERTEX_POINT ( 'NONE', #1855 ) ;
#5372 = EDGE_CURVE ( 'NONE', #5848, #7711, #2479, .T. ) ;
#5373 = CARTESIAN_POINT ( 'NONE',  ( -131.1462354366582019, -0.5000000000000000000, 1.101118581567377408 ) ) ;
#5374 = VERTEX_POINT ( 'NONE', #3014 ) ;
#5375 = CYLINDRICAL_SURFACE ( 'NONE', #3630, 3.750000000000006217 ) ;
#5376 = FACE_OUTER_BOUND ( 'NONE', #2223, .T. ) ;
#5377 = EDGE_CURVE ( 'NONE', #4612, #3284, #1617, .T. ) ;
#5378 = CARTESIAN_POINT ( 'NONE',  ( -12.20713227929137012, -0.5561812886094980035, 6.500000000000002665 ) ) ;
#5379 = CARTESIAN_POINT ( 'NONE',  ( -80.00000000000000000, -2.299999999999998934, 0.000000000000000000 ) ) ;
#5380 = ORIENTED_EDGE ( 'NONE', *, *, #1305, .F. ) ;
#5381 = CARTESIAN_POINT ( 'NONE',  ( 4.000000000000000000, -2.499999999999999556, -3.999999999999997335 ) ) ;
#5382 = ORIENTED_EDGE ( 'NONE', *, *, #7836, .T. ) ;
#5383 = DIRECTION ( 'NONE',  ( 0.000000000000000000, 1.000000000000000000, 0.000000000000000000 ) ) ;
#5384 = ORIENTED_EDGE ( 'NONE', *, *, #100, .T. ) ;
#5385 = CARTESIAN_POINT ( 'NONE',  ( 131.0427732867840405, -0.9005370232924762020, -1.236000689776858730 ) ) ;
#5386 = CARTESIAN_POINT ( 'NONE',  ( -2.999999999999999112, 1.887458608817685901, -6.500000000000000000 ) ) ;
#5387 = CARTESIAN_POINT ( 'NONE',  ( 2.999999999999999112, -6.500000000000000000, 5.000000000000002665 ) ) ;
#5388 = DIRECTION ( 'NONE',  ( -0.000000000000000000, 1.000000000000000000, -0.000000000000000000 ) ) ;
#5389 = LINE ( 'NONE', #7902, #5832 ) ;
#5390 = DIRECTION ( 'NONE',  ( 0.000000000000000000, 1.000000000000000000, 0.000000000000000000 ) ) ;
#5391 = VERTEX_POINT ( 'NONE', #4959 ) ;
#5392 = FACE_OUTER_BOUND ( 'NONE', #2363, .T. ) ;
#5393 = EDGE_LOOP ( 'NONE', ( #1889, #5060, #7373, #1218 ) ) ;
#5394 = DIRECTION ( 'NONE',  ( 0.000000000000000000, 0.000000000000000000, 1.000000000000000000 ) ) ;
#5395 = CYLINDRICAL_SURFACE ( 'NONE', #54, 4.999999999999999112 ) ;
#5396 = EDGE_LOOP ( 'NONE', ( #1043, #2880, #515, #1807, #3350, #2727, #6967 ) ) ;
#5397 = B_SPLINE_CURVE_WITH_KNOTS ( 'NONE', 3,
 ( #1120, #4884, #2989, #6083, #1666, #3656, #4187, #2330, #2865, #338 ),
 .UNSPECIFIED., .F., .F.,
 ( 4, 2, 2, 2, 4 ),
 ( 0.000000000000000000, 0.0008318273432409092633, 0.001663654686481818527, 0.002495482029722728007, 0.003327309372963637053 ),
 .UNSPECIFIED. ) ;
#5398 = LINE ( 'NONE', #7342, #472 ) ;
#5399 = ORIENTED_EDGE ( 'NONE', *, *, #5910, .F. ) ;
#5400 = ORIENTED_EDGE ( 'NONE', *, *, #880, .T. ) ;
#5401 = DIRECTION ( 'NONE',  ( 0.000000000000000000, 0.000000000000000000, 1.000000000000000000 ) ) ;
#5402 = DIRECTION ( 'NONE',  ( -0.000000000000000000, 1.000000000000000000, -0.000000000000000000 ) ) ;
#5403 = DIRECTION ( 'NONE',  ( -1.000000000000000000, -0.000000000000000000, 0.000000000000000000 ) ) ;
#5404 = CARTESIAN_POINT ( 'NONE',  ( 125.0000000000000000, -2.299999999999998934, 0.000000000000000000 ) ) ;
#5405 = EDGE_CURVE ( 'NONE', #7946, #4124, #566, .T. ) ;
#5406 = VERTEX_POINT ( 'NONE', #4294 ) ;
#5407 = DIRECTION ( 'NONE',  ( -0.000000000000000000, -1.000000000000000000, -0.000000000000000000 ) ) ;
#5408 = VERTEX_POINT ( 'NONE', #2514 ) ;
#5409 = CARTESIAN_POINT ( 'NONE',  ( -114.9999999999999858, -6.500000000000000000, 8.673617379884035472E-16 ) ) ;
#5410 = CARTESIAN_POINT ( 'NONE',  ( 131.0101919011509892, -1.000000000000079270, 1.485365109386231008 ) ) ;
#5411 = CARTESIAN_POINT ( 'NONE',  ( -82.78365308359283858, -1.000000000000000000, -3.535714285714291805 ) ) ;
#5412 = ORIENTED_EDGE ( 'NONE', *, *, #4792, .T. ) ;
#5413 = EDGE_CURVE ( 'NONE', #651, #86, #569, .T. ) ;
#5414 = CARTESIAN_POINT ( 'NONE',  ( 5.999999999999999112, 6.500000000000000000, -4.999999999999997335 ) ) ;
#5415 = EDGE_CURVE ( 'NONE', #7990, #5693, #1894, .T. ) ;
#5416 = VERTEX_POINT ( 'NONE', #1098 ) ;
#5417 = CYLINDRICAL_SURFACE ( 'NONE', #2960, 1.000000000000000000 ) ;
#5418 = ORIENTED_EDGE ( 'NONE', *, *, #6231, .F. ) ;
#5419 = CYLINDRICAL_SURFACE ( 'NONE', #6542, 5.000000000000000000 ) ;
#5420 = DIRECTION ( 'NONE',  ( 0.000000000000000000, 0.000000000000000000, 1.000000000000000000 ) ) ;
#5421 = EDGE_CURVE ( 'NONE', #6264, #4847, #4521, .T. ) ;
#5422 = DIRECTION ( 'NONE',  ( -0.000000000000000000, -1.000000000000000000, -0.000000000000000000 ) ) ;
#5423 = CARTESIAN_POINT ( 'NONE',  ( 121.6458980337503277, -0.5000000000000000000, -3.000000000000003553 ) ) ;
#5424 = DIRECTION ( 'NONE',  ( -0.000000000000000000, 0.000000000000000000, 1.000000000000000000 ) ) ;
#5425 = CYLINDRICAL_SURFACE ( 'NONE', #7572, 5.000000000000000000 ) ;
#5426 = ORIENTED_EDGE ( 'NONE', *, *, #6371, .F. ) ;
#5427 = CIRCLE ( 'NONE', #5561, 5.000000000000000000 ) ;
#5428 = DIRECTION ( 'NONE',  ( 0.000000000000000000, 0.000000000000000000, -1.000000000000000000 ) ) ;
#5429 = ORIENTED_EDGE ( 'NONE', *, *, #3392, .F. ) ;
#5430 = VECTOR ( 'NONE', #7892, 1000.000000000000000 ) ;
#5431 = CARTESIAN_POINT ( 'NONE',  ( -16.19862544833818063, -0.5000000000000000000, -4.983333333333336057 ) ) ;
#5432 = EDGE_CURVE ( 'NONE', #585, #2392, #158, .T. ) ;
#5433 = DIRECTION ( 'NONE',  ( 0.000000000000000000, -1.000000000000000000, 0.000000000000000000 ) ) ;
#5434 = AXIS2_PLACEMENT_3D ( 'NONE', #801, #3991, #138 ) ;
#5435 = EDGE_LOOP ( 'NONE', ( #649, #108, #4221, #469 ) ) ;
#5436 = CARTESIAN_POINT ( 'NONE',  ( -114.9999999999999858, -2.999999999999999556, 5.000000000000000888 ) ) ;
#5437 = ORIENTED_EDGE ( 'NONE', *, *, #3872, .T. ) ;
#5438 = VERTEX_POINT ( 'NONE', #6773 ) ;
#5439 = LINE ( 'NONE', #7791, #2030 ) ;
#5440 = DIRECTION ( 'NONE',  ( 0.000000000000000000, -1.000000000000000000, 0.000000000000000000 ) ) ;
#5441 = LINE ( 'NONE', #4697, #4392 ) ;
#5442 = EDGE_CURVE ( 'NONE', #561, #956, #4262, .T. ) ;
#5443 = ORIENTED_EDGE ( 'NONE', *, *, #6502, .F. ) ;
#5444 = FACE_OUTER_BOUND ( 'NONE', #7645, .T. ) ;
#5445 = VERTEX_POINT ( 'NONE', #5542 ) ;
#5446 = CARTESIAN_POINT ( 'NONE',  ( 89.50000000000001421, -2.999999999999999556, 5.000000000000000000 ) ) ;
#5447 = ORIENTED_EDGE ( 'NONE', *, *, #2178, .T. ) ;
#5448 = AXIS2_PLACEMENT_3D ( 'NONE', #2767, #7801, #5126 ) ;
#5449 = CYLINDRICAL_SURFACE ( 'NONE', #2168, 0.5000000000000000000 ) ;
#5450 = LINE ( 'NONE', #1695, #3215 ) ;
#5451 = AXIS2_PLACEMENT_3D ( 'NONE', #1180, #1460, #2019 ) ;
#5452 = AXIS2_PLACEMENT_3D ( 'NONE', #2948, #5965, #5428 ) ;
#5453 = FACE_OUTER_BOUND ( 'NONE', #3423, .T. ) ;
#5454 = ORIENTED_EDGE ( 'NONE', *, *, #6781, .T. ) ;
#5455 = DIRECTION ( 'NONE',  ( 1.000000000000000000, 0.000000000000000000, 0.000000000000000000 ) ) ;
#5456 = ORIENTED_EDGE ( 'NONE', *, *, #6066, .F. ) ;
#5457 = AXIS2_PLACEMENT_3D ( 'NONE', #3486, #4844, #6172 ) ;
#5458 = DIRECTION ( 'NONE',  ( 0.000000000000000000, 0.000000000000000000, -1.000000000000000000 ) ) ;
#5459 = EDGE_LOOP ( 'NONE', ( #2507, #7806, #4780, #4731 ) ) ;
#5460 = CARTESIAN_POINT ( 'NONE',  ( 5.000000000000000000, -2.499999999999999556, 0.000000000000000000 ) ) ;
#5461 = CIRCLE ( 'NONE', #4660, 1.000000000000000000 ) ;
#5462 = DIRECTION ( 'NONE',  ( 0.000000000000000000, 0.000000000000000000, -1.000000000000000000 ) ) ;
#5463 = EDGE_CURVE ( 'NONE', #8136, #6766, #5718, .T. ) ;
#5464 = EDGE_CURVE ( 'NONE', #5143, #747, #7162, .T. ) ;
#5465 = EDGE_CURVE ( 'NONE', #3983, #2540, #819, .T. ) ;
#5466 = ADVANCED_FACE ( 'NONE', ( #3053 ), #6893, .F. ) ;
#5467 = CARTESIAN_POINT ( 'NONE',  ( -125.0000000000000000, -2.299999999999998934, -3.750000000000006217 ) ) ;
#5468 = PLANE ( 'NONE',  #6645 ) ;
#5469 = AXIS2_PLACEMENT_3D ( 'NONE', #3150, #6863, #3110 ) ;
#5470 = FACE_OUTER_BOUND ( 'NONE', #2216, .T. ) ;
#5471 = CIRCLE ( 'NONE', #2044, 3.750000000000006217 ) ;
#5472 = CARTESIAN_POINT ( 'NONE',  ( 44.20820393249938718, 6.500000000000000000, -6.000000000000000000 ) ) ;
#5473 = EDGE_CURVE ( 'NONE', #5722, #573, #4997, .T. ) ;
#5474 = ORIENTED_EDGE ( 'NONE', *, *, #7678, .F. ) ;
#5475 = LINE ( 'NONE', #3614, #3613 ) ;
#5476 = ORIENTED_EDGE ( 'NONE', *, *, #250, .T. ) ;
#5477 = EDGE_CURVE ( 'NONE', #6422, #7513, #5978, .T. ) ;
#5478 = TOROIDAL_SURFACE ( 'NONE', #7062, 9.500000000000000000, 0.5000000000000000000 ) ;
#5479 = CARTESIAN_POINT ( 'NONE',  ( 131.5000000000000000, -1.499999999999997113, -1.419465102173169901 ) ) ;
#5480 = VECTOR ( 'NONE', #4689, 1000.000000000000000 ) ;
#5481 = VECTOR ( 'NONE', #6038, 1000.000000000000000 ) ;
#5482 = TOROIDAL_SURFACE ( 'NONE', #3507, 4.500000000000003553, 0.5000000000000000000 ) ;
#5483 = DIRECTION ( 'NONE',  ( 0.000000000000000000, 0.000000000000000000, 1.000000000000000000 ) ) ;
#5484 = AXIS2_PLACEMENT_3D ( 'NONE', #7476, #6850, #1175 ) ;
#5485 = VERTEX_POINT ( 'NONE', #5582 ) ;
#5486 = DIRECTION ( 'NONE',  ( -0.000000000000000000, -1.000000000000000000, -0.000000000000000000 ) ) ;
#5487 = VERTEX_POINT ( 'NONE', #6197 ) ;
#5488 = ORIENTED_EDGE ( 'NONE', *, *, #5160, .F. ) ;
#5489 = CIRCLE ( 'NONE', #2576, 0.5000000000000000000 ) ;
#5490 = CIRCLE ( 'NONE', #1923, 4.000000000000003553 ) ;
#5491 = DIRECTION ( 'NONE',  ( 0.000000000000000000, 0.000000000000000000, 1.000000000000000000 ) ) ;
#5492 = CARTESIAN_POINT ( 'NONE',  ( 37.50000000000000711, -1.000000000000000000, 0.000000000000000000 ) ) ;
#5493 = CARTESIAN_POINT ( 'NONE',  ( 30.79179606750063058, -0.5000000000000000000, -6.000000000000000000 ) ) ;
#5494 = ORIENTED_EDGE ( 'NONE', *, *, #2384, .T. ) ;
#5495 = AXIS2_PLACEMENT_3D ( 'NONE', #3540, #4111, #6720 ) ;
#5496 = DIRECTION ( 'NONE',  ( -0.000000000000000000, 1.000000000000000000, -0.000000000000000000 ) ) ;
#5497 = VECTOR ( 'NONE', #270, 1000.000000000000000 ) ;
#5498 = ORIENTED_EDGE ( 'NONE', *, *, #4458, .T. ) ;
#5499 = CARTESIAN_POINT ( 'NONE',  ( -6.999999999999999112, -4.000000000000000000, -6.500000000000000000 ) ) ;
#5500 = VERTEX_POINT ( 'NONE', #6940 ) ;
#5501 = DIRECTION ( 'NONE',  ( 0.000000000000000000, 0.000000000000000000, 1.000000000000000000 ) ) ;
#5502 = DIRECTION ( 'NONE',  ( -0.000000000000000000, -1.000000000000000000, -0.000000000000000000 ) ) ;
#5503 = CYLINDRICAL_SURFACE ( 'NONE', #8034, 1.000000000000000000 ) ;
#5504 = ORIENTED_EDGE ( 'NONE', *, *, #7613, .F. ) ;
#5505 = LINE ( 'NONE', #1604, #1370 ) ;
#5506 = ORIENTED_EDGE ( 'NONE', *, *, #3543, .T. ) ;
#5507 =( BOUNDED_SURFACE ( )  B_SPLINE_SURFACE ( 3, 2, ( 
 ( #1884, #4519, #637 ),
 ( #6964, #673, #5802 ),
 ( #3206, #1377, #3911 ),
 ( #5341, #7899, #4185 ),
 ( #1032, #2238, #946 ),
 ( #2368, #5512, #4752 ),
 ( #6170, #4716, #456 ),
 ( #3484, #8024, #7322 ) ),
 .UNSPECIFIED., .F., .F., .F. ) 
 B_SPLINE_SURFACE_WITH_KNOTS ( ( 4, 2, 2, 4 ),
 ( 3, 3 ),
 ( 2.710505431213761085E-20, 0.0008318273432409037339, 0.001663654686481807468, 0.003327309372963614936 ),
 ( 0.000000000000000000, 1.000000000000000000 ),
 .UNSPECIFIED. ) 
 GEOMETRIC_REPRESENTATION_ITEM ( )  RATIONAL_B_SPLINE_SURFACE ( (
 ( 1.000000000000000000, 0.7071067811865471286, 1.000000000000000000),
 ( 1.000000000000000000, 0.7538628514064491526, 1.000000000000000000),
 ( 1.000000000000000000, 0.7951092457575901218, 1.000000000000000000),
 ( 1.000000000000000000, 0.8674185373049740910, 1.000000000000000000),
 ( 1.000000000000000000, 0.8985262822046446995, 1.000000000000000000),
 ( 1.000000000000000000, 0.9737688949899849788, 1.000000000000000000),
 ( 1.000000000000000000, 1.000090849995231679, 1.000000000000000000),
 ( 1.000000000000000000, 1.000000000000000000, 1.000000000000000000) ) ) 
 REPRESENTATION_ITEM ( '' )  SURFACE ( )  );
#5508 = CARTESIAN_POINT ( 'NONE',  ( 13.37684436100033558, -0.9215708228084975584, -6.251107760017102777 ) ) ;
#5509 = LINE ( 'NONE', #7317, #3883 ) ;
#5510 = ORIENTED_EDGE ( 'NONE', *, *, #7426, .T. ) ;
#5511 = DIRECTION ( 'NONE',  ( 0.000000000000000000, 0.000000000000000000, 1.000000000000000000 ) ) ;
#5512 = CARTESIAN_POINT ( 'NONE',  ( 12.28781454294719033, -0.8638231323013043639, 6.499999999999998224 ) ) ;
#5513 = CARTESIAN_POINT ( 'NONE',  ( -131.5000000000000000, -1.034014970193361416, 0.7429851851708486610 ) ) ;
#5514 = CARTESIAN_POINT ( 'NONE',  ( -19.00000000000000000, -6.500000000000000000, -1.734723475976807094E-15 ) ) ;
#5515 = DIRECTION ( 'NONE',  ( 0.000000000000000000, 0.000000000000000000, 1.000000000000000000 ) ) ;
#5516 = ADVANCED_FACE ( 'NONE', ( #5663 ), #8173, .F. ) ;
#5517 = CARTESIAN_POINT ( 'NONE',  ( 127.9832141033482884, -0.5000000000000000000, -2.664663883791701604 ) ) ;
#5518 = ADVANCED_FACE ( 'NONE', ( #5031 ), #7554, .F. ) ;
#5519 = VERTEX_POINT ( 'NONE', #1943 ) ;
#5520 = SURFACE_SIDE_STYLE ('',( #2869 ) ) ;
#5521 = CIRCLE ( 'NONE', #6325, 2.750000000000000000 ) ;
#5522 = CARTESIAN_POINT ( 'NONE',  ( -125.0000000000000000, -0.5000000000000000000, 0.000000000000000000 ) ) ;
#5523 = EDGE_CURVE ( 'NONE', #6961, #7236, #7060, .T. ) ;
#5524 = CARTESIAN_POINT ( 'NONE',  ( 80.00000000000000000, -1.000000000000000000, 0.000000000000000000 ) ) ;
#5525 = VERTEX_POINT ( 'NONE', #6358 ) ;
#5526 = ADVANCED_FACE ( 'NONE', ( #5192 ), #7100, .T. ) ;
#5527 = DIRECTION ( 'NONE',  ( -0.000000000000000000, 1.000000000000000000, -0.000000000000000000 ) ) ;
#5528 = ADVANCED_FACE ( 'NONE', ( #5116 ), #1534, .T. ) ;
#5529 = ORIENTED_EDGE ( 'NONE', *, *, #1977, .F. ) ;
#5530 = ORIENTED_EDGE ( 'NONE', *, *, #1975, .T. ) ;
#5531 = LINE ( 'NONE', #8040, #7303 ) ;
#5532 = DIRECTION ( 'NONE',  ( 0.000000000000000000, 1.000000000000000000, 0.000000000000000000 ) ) ;
#5533 = EDGE_CURVE ( 'NONE', #6587, #6234, #5813, .T. ) ;
#5534 = CARTESIAN_POINT ( 'NONE',  ( 73.29179606750062703, -0.5000000000000000000, -6.000000000000000000 ) ) ;
#5535 = ORIENTED_EDGE ( 'NONE', *, *, #7375, .F. ) ;
#5536 = DIRECTION ( 'NONE',  ( 1.000000000000000000, 0.000000000000000000, 0.000000000000000000 ) ) ;
#5537 = ORIENTED_EDGE ( 'NONE', *, *, #6634, .F. ) ;
#5538 = CARTESIAN_POINT ( 'NONE',  ( 3.000000000000000444, 6.500000000000000000, -3.999999999999998224 ) ) ;
#5539 = VERTEX_POINT ( 'NONE', #845 ) ;
#5540 = B_SPLINE_CURVE_WITH_KNOTS ( 'NONE', 3,
 ( #1303, #2988, #5513, #8025, #2369, #1980, #3265, #6561 ),
 .UNSPECIFIED., .F., .F.,
 ( 4, 2, 2, 4 ),
 ( 0.000000000000000000, 0.0008106703524054738232, 0.001216005528608210410, 0.001621340704810947213 ),
 .UNSPECIFIED. ) ;
#5541 = CARTESIAN_POINT ( 'NONE',  ( 121.6458980337503277, -0.5000000000000000000, 2.999999999999998668 ) ) ;
#5542 = CARTESIAN_POINT ( 'NONE',  ( -80.00000000000000000, -2.299999999999998934, 1.649999999999998579 ) ) ;
#5543 = CARTESIAN_POINT ( 'NONE',  ( -14.86967652616257851, -1.000000000000000000, 6.066189383515081524 ) ) ;
#5544 = ORIENTED_EDGE ( 'NONE', *, *, #5014, .F. ) ;
#5545 = EDGE_CURVE ( 'NONE', #2123, #4044, #5852, .T. ) ;
#5546 = DIRECTION ( 'NONE',  ( -1.387778780781445873E-15, 0.000000000000000000, 1.000000000000000000 ) ) ;
#5547 = ORIENTED_EDGE ( 'NONE', *, *, #5477, .F. ) ;
#5548 = DIRECTION ( 'NONE',  ( 0.000000000000000000, 0.000000000000000000, -1.000000000000000000 ) ) ;
#5549 = FACE_OUTER_BOUND ( 'NONE', #4417, .T. ) ;
#5550 = LINE ( 'NONE', #5003, #5752 ) ;
#5551 = CARTESIAN_POINT ( 'NONE',  ( -129.5000000000000000, -6.500000000000000000, 6.500000000000000000 ) ) ;
#5552 = CARTESIAN_POINT ( 'NONE',  ( -129.5000000000000000, -1.500000000000000444, -4.500000000000000888 ) ) ;
#5553 = CARTESIAN_POINT ( 'NONE',  ( 14.35660390792061669, -1.500000000000000000, -6.500000000000000000 ) ) ;
#5554 = DIRECTION ( 'NONE',  ( 0.000000000000000000, 0.000000000000000000, 1.000000000000000000 ) ) ;
#5555 = CARTESIAN_POINT ( 'NONE',  ( -125.0000000000000000, 6.500000000000000000, 0.000000000000000000 ) ) ;
#5556 = ORIENTED_EDGE ( 'NONE', *, *, #5119, .T. ) ;
#5557 = DIRECTION ( 'NONE',  ( 0.000000000000000000, -0.000000000000000000, -1.000000000000000000 ) ) ;
#5558 = AXIS2_PLACEMENT_3D ( 'NONE', #1368, #6425, #1091 ) ;
#5559 = DIRECTION ( 'NONE',  ( -0.000000000000000000, -1.000000000000000000, -0.000000000000000000 ) ) ;
#5560 = ORIENTED_EDGE ( 'NONE', *, *, #1543, .F. ) ;
#5561 = AXIS2_PLACEMENT_3D ( 'NONE', #7161, #1580, #216 ) ;
#5562 = DIRECTION ( 'NONE',  ( 0.000000000000000000, 0.000000000000000000, -1.000000000000000000 ) ) ;
#5563 = EDGE_LOOP ( 'NONE', ( #4954, #6859 ) ) ;
#5564 = ORIENTED_EDGE ( 'NONE', *, *, #4855, .F. ) ;
#5565 = AXIS2_PLACEMENT_3D ( 'NONE', #6943, #3643, #1271 ) ;
#5566 = CARTESIAN_POINT ( 'NONE',  ( 73.29179606750062703, -0.5000000000000000000, -1.500000000000000000 ) ) ;
#5567 = CARTESIAN_POINT ( 'NONE',  ( -2.250000000000000444, 0.000000000000000000, -6.500000000000000000 ) ) ;
#5568 = EDGE_CURVE ( 'NONE', #2868, #2432, #4783, .T. ) ;
#5569 = AXIS2_PLACEMENT_3D ( 'NONE', #3687, #6207, #536 ) ;
#5570 = EDGE_CURVE ( 'NONE', #6355, #4769, #5898, .T. ) ;
#5571 = CARTESIAN_POINT ( 'NONE',  ( -125.0000000000000000, -1.000000000000000000, 0.000000000000000000 ) ) ;
#5572 = ADVANCED_FACE ( 'NONE', ( #6402 ), #733, .T. ) ;
#5573 = ORIENTED_EDGE ( 'NONE', *, *, #1201, .T. ) ;
#5574 = DIRECTION ( 'NONE',  ( 1.000000000000000000, 0.000000000000000000, 0.000000000000000000 ) ) ;
#5575 = ORIENTED_EDGE ( 'NONE', *, *, #8033, .T. ) ;
#5576 = DIRECTION ( 'NONE',  ( 1.000000000000000000, 0.000000000000000000, 0.000000000000000000 ) ) ;
#5577 = ORIENTED_EDGE ( 'NONE', *, *, #6634, .T. ) ;
#5578 = VECTOR ( 'NONE', #8042, 1000.000000000000000 ) ;
#5579 = EDGE_CURVE ( 'NONE', #2298, #2025, #2634, .T. ) ;
#5580 = TOROIDAL_SURFACE ( 'NONE', #937, 5.500000000000000000, 0.5000000000000000000 ) ;
#5581 = FACE_OUTER_BOUND ( 'NONE', #106, .T. ) ;
#5582 = CARTESIAN_POINT ( 'NONE',  ( -6.999999999999999112, 4.000000000000000888, 6.500000000000000000 ) ) ;
#5583 = CIRCLE ( 'NONE', #2013, 5.000000000000000000 ) ;
#5584 = AXIS2_PLACEMENT_3D ( 'NONE', #3410, #380, #6503 ) ;
#5585 = CARTESIAN_POINT ( 'NONE',  ( -13.03577859590991039, -0.8638231323015307384, 6.500000000000000888 ) ) ;
#5586 = EDGE_LOOP ( 'NONE', ( #6853, #7286, #4290, #1529 ) ) ;
#5587 = FACE_OUTER_BOUND ( 'NONE', #563, .T. ) ;
#5588 = ORIENTED_EDGE ( 'NONE', *, *, #1054, .T. ) ;
#5589 = CARTESIAN_POINT ( 'NONE',  ( 37.50000000000000711, -1.000000000000000000, 4.000000000000003553 ) ) ;
#5590 = DIRECTION ( 'NONE',  ( 0.000000000000000000, -1.000000000000000000, 0.000000000000000000 ) ) ;
#5591 = CARTESIAN_POINT ( 'NONE',  ( -80.00000000000000000, -1.000000000000000000, 4.500000000000003553 ) ) ;
#5592 = CARTESIAN_POINT ( 'NONE',  ( 80.00000000000000000, -2.299999999999998934, 3.750000000000006217 ) ) ;
#5593 = AXIS2_PLACEMENT_3D ( 'NONE', #2441, #6855, #614 ) ;
#5594 = CARTESIAN_POINT ( 'NONE',  ( -15.81168588946338360, 6.500000000000000000, -4.666666666666668739 ) ) ;
#5595 = AXIS2_PLACEMENT_3D ( 'NONE', #6299, #2458, #4975 ) ;
#5596 = DIRECTION ( 'NONE',  ( -0.000000000000000000, -0.000000000000000000, 1.000000000000000000 ) ) ;
#5597 = DIRECTION ( 'NONE',  ( 0.000000000000000000, -1.000000000000000000, 0.000000000000000000 ) ) ;
#5598 = AXIS2_PLACEMENT_3D ( 'NONE', #6225, #7381, #1718 ) ;
#5599 = EDGE_LOOP ( 'NONE', ( #1514, #7209, #1401, #644 ) ) ;
#5600 = DIRECTION ( 'NONE',  ( 0.6185895741317447571, 0.000000000000000000, -0.7857142857142834780 ) ) ;
#5601 = EDGE_CURVE ( 'NONE', #5934, #1107, #3611, .T. ) ;
#5602 = FACE_OUTER_BOUND ( 'NONE', #6266, .T. ) ;
#5603 = AXIS2_PLACEMENT_3D ( 'NONE', #4441, #4398, #2586 ) ;
#5604 = CIRCLE ( 'NONE', #7445, 4.000000000000003553 ) ;
#5605 = PLANE ( 'NONE',  #7070 ) ;
#5606 = ORIENTED_EDGE ( 'NONE', *, *, #5570, .F. ) ;
#5607 = DIRECTION ( 'NONE',  ( -0.000000000000000000, 1.000000000000000000, -0.000000000000000000 ) ) ;
#5608 = ORIENTED_EDGE ( 'NONE', *, *, #4452, .F. ) ;
#5609 = EDGE_LOOP ( 'NONE', ( #3913, #2150 ) ) ;
#5610 = AXIS2_PLACEMENT_3D ( 'NONE', #6907, #6338, #661 ) ;
#5611 = DIRECTION ( 'NONE',  ( 0.000000000000000000, 1.000000000000000000, 0.000000000000000000 ) ) ;
#5612 = AXIS2_PLACEMENT_3D ( 'NONE', #5228, #4437, #670 ) ;
#5613 = AXIS2_PLACEMENT_3D ( 'NONE', #3646, #491, #5546 ) ;
#5614 = DIRECTION ( 'NONE',  ( 0.000000000000000000, 0.000000000000000000, 1.000000000000000000 ) ) ;
#5615 = FACE_OUTER_BOUND ( 'NONE', #4445, .T. ) ;
#5616 = ORIENTED_EDGE ( 'NONE', *, *, #1214, .F. ) ;
#5617 = FACE_OUTER_BOUND ( 'NONE', #326, .T. ) ;
#5618 = ORIENTED_EDGE ( 'NONE', *, *, #7225, .F. ) ;
#5619 = CIRCLE ( 'NONE', #2453, 0.5000000000000004441 ) ;
#5620 = FACE_OUTER_BOUND ( 'NONE', #3579, .T. ) ;
#5621 = EDGE_LOOP ( 'NONE', ( #3354, #3447, #4570, #3541 ) ) ;
#5622 = CIRCLE ( 'NONE', #6541, 4.000000000000003553 ) ;
#5623 = CIRCLE ( 'NONE', #3637, 1.000000000000000000 ) ;
#5624 = EDGE_CURVE ( 'NONE', #2540, #1423, #6902, .T. ) ;
#5625 = ADVANCED_FACE ( 'NONE', ( #7792 ), #2285, .F. ) ;
#5626 = EDGE_CURVE ( 'NONE', #7395, #2246, #1345, .T. ) ;
#5627 = CIRCLE ( 'NONE', #1381, 1.649999999999998579 ) ;
#5628 = DIRECTION ( 'NONE',  ( -0.000000000000000000, 1.000000000000000000, -0.000000000000000000 ) ) ;
#5629 = CARTESIAN_POINT ( 'NONE',  ( 11.19432624775223495, 6.500000000000000000, 1.500000000000002220 ) ) ;
#5630 = AXIS2_PLACEMENT_3D ( 'NONE', #1714, #4232, #6758 ) ;
#5631 = AXIS2_PLACEMENT_3D ( 'NONE', #2685, #3271, #7647 ) ;
#5632 = EDGE_CURVE ( 'NONE', #5445, #6143, #1479, .T. ) ;
#5633 = DIRECTION ( 'NONE',  ( 0.000000000000000000, 0.000000000000000000, -1.000000000000000000 ) ) ;
#5634 = ORIENTED_EDGE ( 'NONE', *, *, #4807, .F. ) ;
#5635 = ORIENTED_EDGE ( 'NONE', *, *, #1267, .F. ) ;
#5636 = DIRECTION ( 'NONE',  ( 0.000000000000000000, 0.000000000000000000, 1.000000000000000000 ) ) ;
#5637 = DIRECTION ( 'NONE',  ( 0.000000000000000000, 0.000000000000000000, 1.000000000000000000 ) ) ;
#5638 = EDGE_CURVE ( 'NONE', #3123, #3575, #4166, .T. ) ;
#5639 = AXIS2_PLACEMENT_3D ( 'NONE', #2024, #6479, #3268 ) ;
#5640 = CARTESIAN_POINT ( 'NONE',  ( -23.55047706695932064, 6.500000000000000000, 11.00000000000000000 ) ) ;
#5641 = DIRECTION ( 'NONE',  ( -1.000000000000000000, 0.000000000000000000, 0.000000000000000000 ) ) ;
#5642 = CYLINDRICAL_SURFACE ( 'NONE', #4789, 0.5000000000000004441 ) ;
#5643 = CYLINDRICAL_SURFACE ( 'NONE', #2408, 4.000000000000003553 ) ;
#5644 = DIRECTION ( 'NONE',  ( -0.000000000000000000, 1.000000000000000000, -0.000000000000000000 ) ) ;
#5645 = VERTEX_POINT ( 'NONE', #4733 ) ;
#5646 = AXIS2_PLACEMENT_3D ( 'NONE', #3028, #6173, #1615 ) ;
#5647 = FACE_OUTER_BOUND ( 'NONE', #2806, .T. ) ;
#5648 = CARTESIAN_POINT ( 'NONE',  ( -77.52564170347304184, -1.000000000000000000, -3.142857142857147679 ) ) ;
#5649 = CARTESIAN_POINT ( 'NONE',  ( -6.000000000000000000, -5.000000000000000000, 2.499999999999999556 ) ) ;
#5650 = ORIENTED_EDGE ( 'NONE', *, *, #5874, .F. ) ;
#5651 = CYLINDRICAL_SURFACE ( 'NONE', #5630, 10.00000000000000000 ) ;
#5652 = ORIENTED_EDGE ( 'NONE', *, *, #255, .F. ) ;
#5653 = ORIENTED_EDGE ( 'NONE', *, *, #5812, .F. ) ;
#5654 = DIRECTION ( 'NONE',  ( 0.000000000000000000, 0.000000000000000000, 1.000000000000000000 ) ) ;
#5655 = CARTESIAN_POINT ( 'NONE',  ( -122.5256417034730134, -1.000000000000000000, -3.142857142857141017 ) ) ;
#5656 = CARTESIAN_POINT ( 'NONE',  ( 125.0000000000000000, -6.500000000000000000, 0.000000000000000000 ) ) ;
#5657 = EDGE_LOOP ( 'NONE', ( #5156, #7474, #1516, #6819 ) ) ;
#5658 = VERTEX_POINT ( 'NONE', #7219 ) ;
#5659 = DIRECTION ( 'NONE',  ( 0.000000000000000000, -1.000000000000000000, 0.000000000000000000 ) ) ;
#5660 = ORIENTED_EDGE ( 'NONE', *, *, #6449, .F. ) ;
#5661 = EDGE_LOOP ( 'NONE', ( #7973, #5887, #4745, #7919 ) ) ;
#5662 = DIRECTION ( 'NONE',  ( 1.000000000000000000, 0.000000000000000000, 0.000000000000000000 ) ) ;
#5663 = FACE_OUTER_BOUND ( 'NONE', #8126, .T. ) ;
#5664 = EDGE_CURVE ( 'NONE', #4190, #1958, #2945, .T. ) ;
#5665 = LINE ( 'NONE', #8139, #1323 ) ;
#5666 = VERTEX_POINT ( 'NONE', #6024 ) ;
#5667 = DIRECTION ( 'NONE',  ( 0.000000000000000000, 1.000000000000000000, 0.000000000000000000 ) ) ;
#5668 = ORIENTED_EDGE ( 'NONE', *, *, #6226, .F. ) ;
#5669 = FACE_OUTER_BOUND ( 'NONE', #20, .T. ) ;
#5670 = DIRECTION ( 'NONE',  ( -0.000000000000000000, 0.000000000000000000, 1.000000000000000000 ) ) ;
#5671 = CARTESIAN_POINT ( 'NONE',  ( -69.99999999999998579, -2.999999999999999556, 1.734723475976807094E-15 ) ) ;
#5672 = CARTESIAN_POINT ( 'NONE',  ( -122.5256417034730134, -0.5000000000000000000, 3.142857142857141017 ) ) ;
#5673 = EDGE_CURVE ( 'NONE', #8008, #5730, #3073, .T. ) ;
#5674 = EDGE_CURVE ( 'NONE', #7069, #3475, #6641, .T. ) ;
#5675 = EDGE_CURVE ( 'NONE', #6017, #10, #6623, .T. ) ;
#5676 = DIRECTION ( 'NONE',  ( -0.000000000000000000, 1.000000000000000000, -0.000000000000000000 ) ) ;
#5677 = DIRECTION ( 'NONE',  ( -0.000000000000000000, 1.000000000000000000, -0.000000000000000000 ) ) ;
#5678 = CARTESIAN_POINT ( 'NONE',  ( 44.20820393249938718, -1.000000000000000000, 1.500000000000000000 ) ) ;
#5679 = ORIENTED_EDGE ( 'NONE', *, *, #4702, .F. ) ;
#5680 = CARTESIAN_POINT ( 'NONE',  ( -116.3397459621556038, -1.000000000000000000, 1.500000000000000000 ) ) ;
#5681 = EDGE_CURVE ( 'NONE', #1049, #6431, #4117, .T. ) ;
#5682 = CARTESIAN_POINT ( 'NONE',  ( -125.0000000000000000, -1.000000000000000000, 4.500000000000003553 ) ) ;
#5683 = CARTESIAN_POINT ( 'NONE',  ( -2.999999999999999112, -5.000000000000001776, 2.499999999999999556 ) ) ;
#5684 = ORIENTED_EDGE ( 'NONE', *, *, #7460, .T. ) ;
#5685 = CARTESIAN_POINT ( 'NONE',  ( 37.50000000000000711, 6.500000000000000000, 0.000000000000000000 ) ) ;
#5686 = EDGE_LOOP ( 'NONE', ( #1643, #4468, #2736, #478 ) ) ;
#5687 = ORIENTED_EDGE ( 'NONE', *, *, #2587, .T. ) ;
#5688 = FACE_BOUND ( 'NONE', #3976, .T. ) ;
#5689 = DIRECTION ( 'NONE',  ( 0.000000000000000000, 0.000000000000000000, 1.000000000000000000 ) ) ;
#5690 = EDGE_LOOP ( 'NONE', ( #2051, #6409, #7753, #5291 ) ) ;
#5691 = ORIENTED_EDGE ( 'NONE', *, *, #2590, .F. ) ;
#5692 = DIRECTION ( 'NONE',  ( -0.000000000000000000, 1.000000000000000000, -0.000000000000000000 ) ) ;
#5693 = VERTEX_POINT ( 'NONE', #5368 ) ;
#5694 = ORIENTED_EDGE ( 'NONE', *, *, #965, .T. ) ;
#5695 = CIRCLE ( 'NONE', #669, 4.000000000000003553 ) ;
#5696 = LINE ( 'NONE', #7601, #1524 ) ;
#5697 = EDGE_CURVE ( 'NONE', #1037, #7608, #7956, .T. ) ;
#5698 = DIRECTION ( 'NONE',  ( -0.000000000000000000, 1.000000000000000000, -0.000000000000000000 ) ) ;
#5699 = DIRECTION ( 'NONE',  ( 0.000000000000000000, 1.000000000000000000, 0.000000000000000000 ) ) ;
#5700 = DIRECTION ( 'NONE',  ( 0.000000000000000000, -1.000000000000000000, 0.000000000000000000 ) ) ;
#5701 = VERTEX_POINT ( 'NONE', #4646 ) ;
#5702 = DIRECTION ( 'NONE',  ( -0.000000000000000000, -1.000000000000000000, -0.000000000000000000 ) ) ;
#5703 = EDGE_LOOP ( 'NONE', ( #668, #3810, #1135, #2388 ) ) ;
#5704 = LINE ( 'NONE', #6898, #3111 ) ;
#5705 = DIRECTION ( 'NONE',  ( 0.000000000000000000, 1.000000000000000000, 0.000000000000000000 ) ) ;
#5706 = DIRECTION ( 'NONE',  ( 0.000000000000000000, 0.000000000000000000, 1.000000000000000000 ) ) ;
#5707 = DIRECTION ( 'NONE',  ( 0.000000000000000000, 1.000000000000000000, 0.000000000000000000 ) ) ;
#5708 = AXIS2_PLACEMENT_3D ( 'NONE', #7833, #4696, #3670 ) ;
#5709 = LINE ( 'NONE', #1911, #1624 ) ;
#5710 = CARTESIAN_POINT ( 'NONE',  ( 42.49999999999999289, -2.999999999999999556, 5.000000000000002665 ) ) ;
#5711 = CARTESIAN_POINT ( 'NONE',  ( 42.50000000000000000, -6.500000000000000000, -4.336808689942015369E-15 ) ) ;
#5712 = ORIENTED_EDGE ( 'NONE', *, *, #1163, .F. ) ;
#5713 = EDGE_CURVE ( 'NONE', #4114, #504, #4202, .T. ) ;
#5714 = CARTESIAN_POINT ( 'NONE',  ( 20.12461179749810825, -1.000000000000000000, 1.000000000000000000 ) ) ;
#5715 = EDGE_CURVE ( 'NONE', #7630, #116, #1075, .T. ) ;
#5716 = CYLINDRICAL_SURFACE ( 'NONE', #7013, 0.5000000000000000000 ) ;
#5717 = DIRECTION ( 'NONE',  ( -1.000000000000000000, 0.000000000000000000, 0.000000000000000000 ) ) ;
#5718 = CIRCLE ( 'NONE', #4390, 5.000000000000000000 ) ;
#5719 = ADVANCED_FACE ( 'NONE', ( #6597 ), #7879, .F. ) ;
#5720 = ORIENTED_EDGE ( 'NONE', *, *, #5209, .F. ) ;
#5721 = DIRECTION ( 'NONE',  ( -0.000000000000000000, -1.000000000000000000, -0.000000000000000000 ) ) ;
#5722 = VERTEX_POINT ( 'NONE', #3418 ) ;
#5723 = ORIENTED_EDGE ( 'NONE', *, *, #2278, .T. ) ;
#5724 = EDGE_CURVE ( 'NONE', #2897, #1605, #2664, .T. ) ;
#5725 = LINE ( 'NONE', #7091, #695 ) ;
#5726 = AXIS2_PLACEMENT_3D ( 'NONE', #7506, #5611, #6187 ) ;
#5727 = AXIS2_PLACEMENT_3D ( 'NONE', #1578, #955, #1621 ) ;
#5728 = LINE ( 'NONE', #1416, #4912 ) ;
#5729 = VERTEX_POINT ( 'NONE', #261 ) ;
#5730 = VERTEX_POINT ( 'NONE', #2796 ) ;
#5731 = DIRECTION ( 'NONE',  ( -0.000000000000000000, 1.000000000000000000, -0.000000000000000000 ) ) ;
#5732 = EDGE_LOOP ( 'NONE', ( #8039, #4738, #2717, #4536 ) ) ;
#5733 = VECTOR ( 'NONE', #5590, 1000.000000000000000 ) ;
#5734 = ORIENTED_EDGE ( 'NONE', *, *, #1101, .T. ) ;
#5735 = AXIS2_PLACEMENT_3D ( 'NONE', #5851, #6401, #1389 ) ;
#5736 = CYLINDRICAL_SURFACE ( 'NONE', #2444, 2.000000000000000000 ) ;
#5737 = CARTESIAN_POINT ( 'NONE',  ( -131.5000000000000000, -0.5000000000000006661, -0.6229813658380609631 ) ) ;
#5738 = DIRECTION ( 'NONE',  ( -0.000000000000000000, -1.000000000000000000, 0.000000000000000000 ) ) ;
#5739 = CIRCLE ( 'NONE', #320, 2.750000000000000000 ) ;
#5740 = CIRCLE ( 'NONE', #6005, 4.500000000000000888 ) ;
#5741 = FACE_OUTER_BOUND ( 'NONE', #3922, .T. ) ;
#5742 = AXIS2_PLACEMENT_3D ( 'NONE', #6707, #1611, #2367 ) ;
#5743 = VERTEX_POINT ( 'NONE', #5318 ) ;
#5744 = CARTESIAN_POINT ( 'NONE',  ( -6.000000000000000000, -5.000000000000000000, 6.500000000000000000 ) ) ;
#5745 = ORIENTED_EDGE ( 'NONE', *, *, #4040, .T. ) ;
#5746 = CIRCLE ( 'NONE', #2057, 1.000000000000000000 ) ;
#5747 = CARTESIAN_POINT ( 'NONE',  ( 131.0000000000000000, -1.000000000000000000, -1.552214998774828825 ) ) ;
#5748 = DIRECTION ( 'NONE',  ( 0.000000000000000000, 0.000000000000000000, 1.000000000000000000 ) ) ;
#5749 = LINE ( 'NONE', #5246, #3370 ) ;
#5750 = AXIS2_PLACEMENT_3D ( 'NONE', #2060, #4604, #7751 ) ;
#5752 = VECTOR ( 'NONE', #3685, 1000.000000000000000 ) ;
#5751 = DIRECTION ( 'NONE',  ( 1.000000000000000000, -0.000000000000000000, -0.000000000000000000 ) ) ;
#5753 = CARTESIAN_POINT ( 'NONE',  ( -12.95087960425274964, -0.9764569733998357259, 6.499999999999999112 ) ) ;
#5754 = DIRECTION ( 'NONE',  ( 0.000000000000000000, 0.000000000000000000, 1.000000000000000000 ) ) ;
#5755 = AXIS2_PLACEMENT_3D ( 'NONE', #4320, #3778, #6265 ) ;
#5756 = CARTESIAN_POINT ( 'NONE',  ( -6.999999999999999112, -1.887458608817688122, -2.499999999999999556 ) ) ;
#5757 = EDGE_LOOP ( 'NONE', ( #3366, #6012, #4007, #1272 ) ) ;
#5758 = CARTESIAN_POINT ( 'NONE',  ( 131.0102889018351391, -1.000000000000000000, -1.484728867431884369 ) ) ;
#5759 = LINE ( 'NONE', #6912, #400 ) ;
#5760 = DIRECTION ( 'NONE',  ( -0.000000000000000000, -1.000000000000000000, -0.000000000000000000 ) ) ;
#5761 = EDGE_CURVE ( 'NONE', #585, #6022, #4115, .T. ) ;
#5762 = EDGE_CURVE ( 'NONE', #8140, #7012, #2383, .T. ) ;
#5763 = LINE ( 'NONE', #7387, #6273 ) ;
#5764 = ORIENTED_EDGE ( 'NONE', *, *, #5601, .T. ) ;
#5765 = CARTESIAN_POINT ( 'NONE',  ( 118.2917960675006412, -0.5000000000000000000, 1.000000000000000000 ) ) ;
#5766 = VERTEX_POINT ( 'NONE', #2504 ) ;
#5767 = EDGE_LOOP ( 'NONE', ( #7910, #1208, #4404, #898 ) ) ;
#5768 = FACE_OUTER_BOUND ( 'NONE', #6868, .T. ) ;
#5769 = EDGE_CURVE ( 'NONE', #2540, #7946, #6188, .T. ) ;
#5770 = CARTESIAN_POINT ( 'NONE',  ( -116.3397459621556038, -0.5000000000000000000, 11.00000000000000000 ) ) ;
#5771 = VERTEX_POINT ( 'NONE', #1810 ) ;
#5772 = ADVANCED_FACE ( 'NONE', ( #6313 ), #2141, .F. ) ;
#5773 = EDGE_CURVE ( 'NONE', #1051, #5333, #4236, .T. ) ;
#5774 = ORIENTED_EDGE ( 'NONE', *, *, #7079, .F. ) ;
#5775 = DIRECTION ( 'NONE',  ( -0.000000000000000000, -1.000000000000000000, -0.000000000000000000 ) ) ;
#5776 = ORIENTED_EDGE ( 'NONE', *, *, #5812, .T. ) ;
#5777 = ORIENTED_EDGE ( 'NONE', *, *, #1791, .F. ) ;
#5778 = CARTESIAN_POINT ( 'NONE',  ( 129.5000000000000000, 6.500000000000000000, 4.500000000000000000 ) ) ;
#5779 = ADVANCED_FACE ( 'NONE', ( #4947 ), #8130, .T. ) ;
#5780 = DIRECTION ( 'NONE',  ( 0.000000000000000000, 1.000000000000000000, 0.000000000000000000 ) ) ;
#5781 = DIRECTION ( 'NONE',  ( 0.000000000000000000, 0.000000000000000000, -1.000000000000000000 ) ) ;
#5782 = DIRECTION ( 'NONE',  ( -1.000000000000000000, 0.000000000000000000, 0.000000000000000000 ) ) ;
#5783 = ORIENTED_EDGE ( 'NONE', *, *, #6434, .T. ) ;
#5784 = CARTESIAN_POINT ( 'NONE',  ( -131.0787282248085148, -0.9496147001328435477, 1.378919968327334544 ) ) ;
#5785 = ORIENTED_EDGE ( 'NONE', *, *, #5377, .T. ) ;
#5786 = CARTESIAN_POINT ( 'NONE',  ( -131.5000000000000000, -0.5000000000000000000, 0.6229813658380594088 ) ) ;
#5787 = FACE_OUTER_BOUND ( 'NONE', #6095, .T. ) ;
#5788 = CARTESIAN_POINT ( 'NONE',  ( 131.5000000000000284, -0.5000000000000001110, 0.9807521955539663105 ) ) ;
#5789 = CARTESIAN_POINT ( 'NONE',  ( -14.82303927313090419, -1.499999999999999778, 6.500000000000000000 ) ) ;
#5790 = VERTEX_POINT ( 'NONE', #1088 ) ;
#5791 = DIRECTION ( 'NONE',  ( 0.000000000000000000, 1.000000000000000000, 0.000000000000000000 ) ) ;
#5792 = DIRECTION ( 'NONE',  ( -0.000000000000000000, 1.000000000000000000, -0.000000000000000000 ) ) ;
#5793 = ORIENTED_EDGE ( 'NONE', *, *, #880, .F. ) ;
#5794 = CARTESIAN_POINT ( 'NONE',  ( -69.99999999999998579, -6.500000000000000000, -1.421904488505580887E-16 ) ) ;
#5795 = EDGE_CURVE ( 'NONE', #3572, #5374, #517, .T. ) ;
#5796 = DIRECTION ( 'NONE',  ( -0.000000000000000000, -1.000000000000000000, -0.000000000000000000 ) ) ;
#5797 = CARTESIAN_POINT ( 'NONE',  ( -90.00000000000001421, -2.999999999999999556, 8.673617379884035472E-16 ) ) ;
#5798 = CARTESIAN_POINT ( 'NONE',  ( 5.999999999999999112, -6.500000000000000000, 4.000000000000002665 ) ) ;
#5799 = CARTESIAN_POINT ( 'NONE',  ( -6.999999999999999112, 4.000000000000000888, 2.499999999999999556 ) ) ;
#5800 = ORIENTED_EDGE ( 'NONE', *, *, #3446, .F. ) ;
#5801 = ORIENTED_EDGE ( 'NONE', *, *, #100, .F. ) ;
#5802 = CARTESIAN_POINT ( 'NONE',  ( 14.07515257383204244, -1.499999974922638479, 6.500000000000000000 ) ) ;
#5803 = CYLINDRICAL_SURFACE ( 'NONE', #6762, 4.000000000000003553 ) ;
#5804 = LINE ( 'NONE', #3943, #4676 ) ;
#5805 = ORIENTED_EDGE ( 'NONE', *, *, #538, .F. ) ;
#5806 = DIRECTION ( 'NONE',  ( 0.000000000000000000, 0.000000000000000000, -1.000000000000000000 ) ) ;
#5807 = VERTEX_POINT ( 'NONE', #2348 ) ;
#5808 = ORIENTED_EDGE ( 'NONE', *, *, #5108, .F. ) ;
#5809 = EDGE_CURVE ( 'NONE', #5485, #258, #5306, .T. ) ;
#5810 = DIRECTION ( 'NONE',  ( 0.000000000000000000, 1.000000000000000000, 0.000000000000000000 ) ) ;
#5811 = ADVANCED_FACE ( 'NONE', ( #1211, #3626 ), #1172, .T. ) ;
#5812 = EDGE_CURVE ( 'NONE', #1958, #7160, #1885, .T. ) ;
#5813 = LINE ( 'NONE', #6517, #2154 ) ;
#5814 = CARTESIAN_POINT ( 'NONE',  ( 37.50000000000000711, 6.500000000000000000, 0.000000000000000000 ) ) ;
#5815 = CYLINDRICAL_SURFACE ( 'NONE', #6101, 2.750000000000000000 ) ;
#5816 = ORIENTED_EDGE ( 'NONE', *, *, #7235, .F. ) ;
#5817 = EDGE_CURVE ( 'NONE', #1603, #1778, #3702, .T. ) ;
#5818 = DIRECTION ( 'NONE',  ( 1.000000000000000000, 0.000000000000000000, 0.000000000000000000 ) ) ;
#5819 = EDGE_LOOP ( 'NONE', ( #8004, #2669, #1039, #3695 ) ) ;
#5820 = TOROIDAL_SURFACE ( 'NONE', #6481, 1.500000000000000000, 0.5000000000000000000 ) ;
#5821 = CARTESIAN_POINT ( 'NONE',  ( -5.999999999999999112, 4.000000000000000888, 2.499999999999999556 ) ) ;
#5822 = CARTESIAN_POINT ( 'NONE',  ( -80.00000000000000000, -0.5000000000000000000, 0.000000000000000000 ) ) ;
#5823 = ADVANCED_FACE ( 'NONE', ( #2471 ), #6096, .F. ) ;
#5824 = CARTESIAN_POINT ( 'NONE',  ( 131.5000000000000000, -0.6469095188997697754, 0.9969446053385501161 ) ) ;
#5825 = VECTOR ( 'NONE', #6580, 1000.000000000000000 ) ;
#5826 = DIRECTION ( 'NONE',  ( 1.000000000000000000, 0.000000000000000000, 0.000000000000000000 ) ) ;
#5827 = VERTEX_POINT ( 'NONE', #8164 ) ;
#5828 = LINE ( 'NONE', #7733, #5888 ) ;
#5829 = DIRECTION ( 'NONE',  ( -1.000000000000000000, 0.000000000000000000, -0.000000000000000000 ) ) ;
#5830 = ORIENTED_EDGE ( 'NONE', *, *, #3788, .T. ) ;
#5831 = DIRECTION ( 'NONE',  ( 0.000000000000000000, 1.000000000000000000, 0.000000000000000000 ) ) ;
#5832 = VECTOR ( 'NONE', #7280, 1000.000000000000000 ) ;
#5833 = DIRECTION ( 'NONE',  ( 1.734723475976807489E-15, 0.000000000000000000, 1.000000000000000000 ) ) ;
#5834 = DIRECTION ( 'NONE',  ( 0.000000000000000000, 1.000000000000000000, -0.000000000000000000 ) ) ;
#5835 = CARTESIAN_POINT ( 'NONE',  ( -13.06153795079041835, -0.7382202660296027785, -6.445709661050505801 ) ) ;
#5836 = PLANE ( 'NONE',  #5363 ) ;
#5837 = ORIENTED_EDGE ( 'NONE', *, *, #7330, .T. ) ;
#5838 = EDGE_CURVE ( 'NONE', #2547, #6294, #3978, .T. ) ;
#5839 = VERTEX_POINT ( 'NONE', #5567 ) ;
#5840 = CARTESIAN_POINT ( 'NONE',  ( 11.19432624775223495, -0.5000000000000000000, -1.500000000000002220 ) ) ;
#5841 = AXIS2_PLACEMENT_3D ( 'NONE', #1048, #924, #309 ) ;
#5842 = CIRCLE ( 'NONE', #7700, 5.000000000000000000 ) ;
#5843 = DIRECTION ( 'NONE',  ( 0.000000000000000000, 1.000000000000000000, 0.000000000000000000 ) ) ;
#5844 = VECTOR ( 'NONE', #539, 1000.000000000000000 ) ;
#5845 = ORIENTED_EDGE ( 'NONE', *, *, #7080, .F. ) ;
#5846 = CARTESIAN_POINT ( 'NONE',  ( -19.00000000000000000, -2.999999999999999556, -5.000000000000000888 ) ) ;
#5847 = VERTEX_POINT ( 'NONE', #7419 ) ;
#5848 = VERTEX_POINT ( 'NONE', #556 ) ;
#5849 = AXIS2_PLACEMENT_3D ( 'NONE', #1506, #4073, #5401 ) ;
#5850 = AXIS2_PLACEMENT_3D ( 'NONE', #1799, #4802, #4267 ) ;
#5851 = CARTESIAN_POINT ( 'NONE',  ( -88.66025403784438197, -0.5000000000000000000, 1.500000000000000000 ) ) ;
#5852 = LINE ( 'NONE', #7015, #288 ) ;
#5853 = CARTESIAN_POINT ( 'NONE',  ( 5.000000000000000000, -6.500000000000000000, -2.750000000000000000 ) ) ;
#5854 = AXIS2_PLACEMENT_3D ( 'NONE', #1664, #2328, #5462 ) ;
#5855 = AXIS2_PLACEMENT_3D ( 'NONE', #3963, #5383, #238 ) ;
#5856 = DIRECTION ( 'NONE',  ( -1.000000000000000000, 0.000000000000000000, 0.000000000000000000 ) ) ;
#5857 = ADVANCED_FACE ( 'NONE', ( #1137 ), #1258, .T. ) ;
#5858 = ORIENTED_EDGE ( 'NONE', *, *, #2530, .F. ) ;
#5859 = EDGE_CURVE ( 'NONE', #2378, #5983, #2799, .T. ) ;
#5860 = ADVANCED_FACE ( 'NONE', ( #6882 ), #8006, .T. ) ;
#5861 = FACE_OUTER_BOUND ( 'NONE', #2538, .T. ) ;
#5862 = VECTOR ( 'NONE', #7186, 1000.000000000000000 ) ;
#5863 = ORIENTED_EDGE ( 'NONE', *, *, #1055, .F. ) ;
#5864 =( LENGTH_UNIT ( ) NAMED_UNIT ( * ) SI_UNIT ( .MILLI., .METRE. ) );
#5865 = DIRECTION ( 'NONE',  ( 1.000000000000000000, 0.000000000000000000, -0.000000000000000000 ) ) ;
#5866 = EDGE_CURVE ( 'NONE', #4054, #2547, #3467, .T. ) ;
#5867 = AXIS2_PLACEMENT_3D ( 'NONE', #7722, #3923, #5122 ) ;
#5868 = AXIS2_PLACEMENT_3D ( 'NONE', #3481, #6663, #7979 ) ;
#5869 = VECTOR ( 'NONE', #4992, 1000.000000000000000 ) ;
#5870 = DIRECTION ( 'NONE',  ( 0.7857142857142841441, 0.000000000000000000, 0.6185895741317438690 ) ) ;
#5871 = CIRCLE ( 'NONE', #1244, 5.000000000000000000 ) ;
#5872 = ORIENTED_EDGE ( 'NONE', *, *, #7151, .F. ) ;
#5873 = DIRECTION ( 'NONE',  ( 0.000000000000000000, 0.000000000000000000, 1.000000000000000000 ) ) ;
#5874 = EDGE_CURVE ( 'NONE', #2432, #5976, #7942, .T. ) ;
#5875 = DIRECTION ( 'NONE',  ( -0.000000000000000000, -1.000000000000000000, -0.000000000000000000 ) ) ;
#5876 = ORIENTED_EDGE ( 'NONE', *, *, #5568, .F. ) ;
#5877 = AXIS2_PLACEMENT_3D ( 'NONE', #976, #3553, #2354 ) ;
#5878 = VECTOR ( 'NONE', #1862, 1000.000000000000000 ) ;
#5879 = DIRECTION ( 'NONE',  ( 0.7453559924999322295, 0.000000000000000000, -0.6666666666666640761 ) ) ;
#5880 = CARTESIAN_POINT ( 'NONE',  ( 75.00000000000000000, -2.999999999999999556, 2.602085213965210642E-15 ) ) ;
#5881 = CIRCLE ( 'NONE', #2325, 4.000000000000003553 ) ;
#5882 = CIRCLE ( 'NONE', #7860, 2.750000000000000000 ) ;
#5883 = CARTESIAN_POINT ( 'NONE',  ( -90.00000000000001421, -2.999999999999999556, 8.673617379884035472E-16 ) ) ;
#5884 = CARTESIAN_POINT ( 'NONE',  ( -120.0000000000000000, -6.500000000000000000, 8.673617379884035472E-16 ) ) ;
#5885 = CARTESIAN_POINT ( 'NONE',  ( -2.999999999999999112, -5.000000000000001776, -2.499999999999999556 ) ) ;
#5886 = CARTESIAN_POINT ( 'NONE',  ( 80.00000000000000000, 6.500000000000000000, 1.649999999999998579 ) ) ;
#5887 = ORIENTED_EDGE ( 'NONE', *, *, #1941, .T. ) ;
#5888 = VECTOR ( 'NONE', #5212, 1000.000000000000000 ) ;
#5889 = ORIENTED_EDGE ( 'NONE', *, *, #2828, .F. ) ;
#5890 = CARTESIAN_POINT ( 'NONE',  ( 129.5000000000000000, -1.500000000000000444, 4.500000000000000000 ) ) ;
#5891 = DIRECTION ( 'NONE',  ( 1.000000000000000000, 0.000000000000000000, 0.000000000000000000 ) ) ;
#5892 = ORIENTED_EDGE ( 'NONE', *, *, #4229, .T. ) ;
#5893 = CARTESIAN_POINT ( 'NONE',  ( 0.000000000000000000, 2.499999999999999556, 0.000000000000000000 ) ) ;
#5894 = ORIENTED_EDGE ( 'NONE', *, *, #1725, .T. ) ;
#5895 = ORIENTED_EDGE ( 'NONE', *, *, #933, .T. ) ;
#5896 = VECTOR ( 'NONE', #2943, 1000.000000000000000 ) ;
#5897 = CARTESIAN_POINT ( 'NONE',  ( 82.98142396999973869, -1.000000000000000000, -2.666666666666663854 ) ) ;
#5898 = LINE ( 'NONE', #3873, #1753 ) ;
#5899 = CARTESIAN_POINT ( 'NONE',  ( 73.29179606750062703, 6.500000000000000000, -1.000000000000000000 ) ) ;
#5900 = EDGE_CURVE ( 'NONE', #3302, #5408, #5231, .T. ) ;
#5901 = ADVANCED_BREP_SHAPE_REPRESENTATION ( '\X2\68075b9a67464e3b4f53\X0\', ( #7214, #1913 ), #4818 ) ;
#5902 = CARTESIAN_POINT ( 'NONE',  ( -6.000000000000000000, -5.000000000000000000, 6.500000000000000000 ) ) ;
#5903 = EDGE_LOOP ( 'NONE', ( #6946, #3141, #2714, #6280 ) ) ;
#5904 = CARTESIAN_POINT ( 'NONE',  ( -131.5000000000000000, 6.500000000000000000, -0.6229813658380610741 ) ) ;
#5905 = ORIENTED_EDGE ( 'NONE', *, *, #2891, .F. ) ;
#5906 = FACE_OUTER_BOUND ( 'NONE', #3399, .T. ) ;
#5907 = AXIS2_PLACEMENT_3D ( 'NONE', #2076, #3427, #7649 ) ;
#5908 = CARTESIAN_POINT ( 'NONE',  ( 131.5000000000000000, -6.500000000000000000, -4.500000000000001776 ) ) ;
#5909 = PLANE ( 'NONE',  #7705 ) ;
#5910 = EDGE_CURVE ( 'NONE', #6, #3957, #3977, .T. ) ;
#5911 = FACE_OUTER_BOUND ( 'NONE', #1445, .T. ) ;
#5912 = ORIENTED_EDGE ( 'NONE', *, *, #199, .T. ) ;
#5913 = CARTESIAN_POINT ( 'NONE',  ( 80.00000000000000000, -1.000000000000000000, 0.000000000000000000 ) ) ;
#5914 = VERTEX_POINT ( 'NONE', #2663 ) ;
#5915 = LINE ( 'NONE', #5996, #178 ) ;
#5916 = ORIENTED_EDGE ( 'NONE', *, *, #4310, .T. ) ;
#5917 = DIRECTION ( 'NONE',  ( 0.000000000000000000, 0.000000000000000000, 1.000000000000000000 ) ) ;
#5918 = ADVANCED_FACE ( 'NONE', ( #6392 ), #5803, .T. ) ;
#5919 = ADVANCED_FACE ( 'NONE', ( #7628 ), #3200, .T. ) ;
#5920 = LINE ( 'NONE', #7812, #2002 ) ;
#5921 = DIRECTION ( 'NONE',  ( 0.000000000000000000, 0.000000000000000000, 1.000000000000000000 ) ) ;
#5922 = LINE ( 'NONE', #246, #6955 ) ;
#5923 = AXIS2_PLACEMENT_3D ( 'NONE', #3349, #5870, #7765 ) ;
#5924 = DIRECTION ( 'NONE',  ( 0.000000000000000000, 0.000000000000000000, 1.000000000000000000 ) ) ;
#5925 = CARTESIAN_POINT ( 'NONE',  ( 11.19432624775223495, -0.5000000000000000000, -6.500000000000000888 ) ) ;
#5926 = EDGE_CURVE ( 'NONE', #3428, #1660, #2536, .T. ) ;
#5927 = EDGE_LOOP ( 'NONE', ( #129, #6757, #7959, #1597 ) ) ;
#5928 = VERTEX_POINT ( 'NONE', #4568 ) ;
#5929 = CARTESIAN_POINT ( 'NONE',  ( -80.00000000000000000, 6.500000000000000000, 4.000000000000003553 ) ) ;
#5930 = CARTESIAN_POINT ( 'NONE',  ( 125.0000000000000000, 6.500000000000000000, -1.650000000000012568 ) ) ;
#5931 = ORIENTED_EDGE ( 'NONE', *, *, #4259, .F. ) ;
#5932 = DIRECTION ( 'NONE',  ( 0.000000000000000000, 1.000000000000000000, 0.000000000000000000 ) ) ;
#5933 = ORIENTED_EDGE ( 'NONE', *, *, #1015, .T. ) ;
#5934 = VERTEX_POINT ( 'NONE', #3207 ) ;
#5935 = CARTESIAN_POINT ( 'NONE',  ( -6.999999999999999112, -5.000000000000000000, 6.500000000000000000 ) ) ;
#5936 = CARTESIAN_POINT ( 'NONE',  ( -125.0000000000000000, 6.500000000000000000, 0.000000000000000000 ) ) ;
#5937 = LINE ( 'NONE', #7384, #3998 ) ;
#5938 = DIRECTION ( 'NONE',  ( 0.000000000000000000, 0.000000000000000000, -1.000000000000000000 ) ) ;
#5939 = ORIENTED_EDGE ( 'NONE', *, *, #3872, .F. ) ;
#5940 = CARTESIAN_POINT ( 'NONE',  ( -131.5000000000000000, -0.5823947275145716640, 0.9929217852155288737 ) ) ;
#5941 = ORIENTED_EDGE ( 'NONE', *, *, #2680, .T. ) ;
#5942 = CARTESIAN_POINT ( 'NONE',  ( 6.999999999999999112, 2.499999999999999556, 4.000000000000002665 ) ) ;
#5943 = EDGE_CURVE ( 'NONE', #5408, #4667, #12, .T. ) ;
#5944 = DIRECTION ( 'NONE',  ( 0.000000000000000000, 0.000000000000000000, -1.000000000000000000 ) ) ;
#5945 = DIRECTION ( 'NONE',  ( 0.000000000000000000, 1.000000000000000000, 0.000000000000000000 ) ) ;
#5946 = CARTESIAN_POINT ( 'NONE',  ( -131.0747697310123669, -0.9567867921835693235, -1.394528974257940090 ) ) ;
#5947 = VERTEX_POINT ( 'NONE', #7092 ) ;
#5948 = CARTESIAN_POINT ( 'NONE',  ( 37.50000000000000711, -2.299999999999998934, -3.750000000000006217 ) ) ;
#5949 = EDGE_LOOP ( 'NONE', ( #7904, #2559, #3454, #4354 ) ) ;
#5950 = CARTESIAN_POINT ( 'NONE',  ( -125.0000000000000000, -2.299999999999998934, 0.000000000000000000 ) ) ;
#5951 = ORIENTED_EDGE ( 'NONE', *, *, #3790, .F. ) ;
#5952 = CARTESIAN_POINT ( 'NONE',  ( 131.5000000000000000, -0.7791882284572897444, -1.057882127861473620 ) ) ;
#5953 = FACE_BOUND ( 'NONE', #7857, .T. ) ;
#5954 = AXIS2_PLACEMENT_3D ( 'NONE', #7574, #5222, #1921 ) ;
#5955 = DIRECTION ( 'NONE',  ( 0.000000000000000000, 1.000000000000000000, -0.000000000000000000 ) ) ;
#5956 = DIRECTION ( 'NONE',  ( -0.000000000000000000, -1.000000000000000000, -0.000000000000000000 ) ) ;
#5957 = CYLINDRICAL_SURFACE ( 'NONE', #7983, 2.750000000000000000 ) ;
#5958 = EDGE_CURVE ( 'NONE', #7069, #4190, #5728, .T. ) ;
#5959 = AXIS2_PLACEMENT_3D ( 'NONE', #103, #3382, #7793 ) ;
#5960 = EDGE_CURVE ( 'NONE', #5058, #4242, #6492, .T. ) ;
#5961 = CARTESIAN_POINT ( 'NONE',  ( 2.999999999999999112, 2.499999999999999556, 4.000000000000002665 ) ) ;
#5962 = CARTESIAN_POINT ( 'NONE',  ( -131.5000000000000000, -1.500000000000000000, -1.673907284147943431 ) ) ;
#5963 = ADVANCED_FACE ( 'NONE', ( #5181 ), #172, .F. ) ;
#5964 = ORIENTED_EDGE ( 'NONE', *, *, #2083, .F. ) ;
#5965 = DIRECTION ( 'NONE',  ( 0.000000000000000000, -1.000000000000000000, 0.000000000000000000 ) ) ;
#5966 = ORIENTED_EDGE ( 'NONE', *, *, #2081, .T. ) ;
#5967 = DIRECTION ( 'NONE',  ( 0.000000000000000000, 0.000000000000000000, -1.000000000000000000 ) ) ;
#5968 = TOROIDAL_SURFACE ( 'NONE', #2413, 4.500000000000000888, 0.5000000000000000000 ) ;
#5969 = ADVANCED_FACE ( 'NONE', ( #4600 ), #1333, .T. ) ;
#5970 = CARTESIAN_POINT ( 'NONE',  ( 129.5000000000000000, -1.000000000000000000, 4.500000000000000000 ) ) ;
#5971 = ORIENTED_EDGE ( 'NONE', *, *, #7925, .F. ) ;
#5972 = ORIENTED_EDGE ( 'NONE', *, *, #2676, .T. ) ;
#5973 = FACE_OUTER_BOUND ( 'NONE', #5819, .T. ) ;
#5974 = EDGE_CURVE ( 'NONE', #4978, #2449, #7810, .T. ) ;
#5975 = ORIENTED_EDGE ( 'NONE', *, *, #5473, .T. ) ;
#5976 = VERTEX_POINT ( 'NONE', #5106 ) ;
#5977 = CARTESIAN_POINT ( 'NONE',  ( 41.37298334620742679, -1.000000000000000000, 1.000000000000000000 ) ) ;
#5978 = CIRCLE ( 'NONE', #2679, 9.999999999999998224 ) ;
#5979 = DIRECTION ( 'NONE',  ( 0.000000000000000000, 0.000000000000000000, -1.000000000000000000 ) ) ;
#5980 = DIRECTION ( 'NONE',  ( 0.000000000000000000, 1.000000000000000000, -0.000000000000000000 ) ) ;
#5981 = CIRCLE ( 'NONE', #1898, 5.000000000000000000 ) ;
#5982 = DIRECTION ( 'NONE',  ( 0.000000000000000000, 0.000000000000000000, 1.000000000000000000 ) ) ;
#5983 = VERTEX_POINT ( 'NONE', #722 ) ;
#5984 = CIRCLE ( 'NONE', #4528, 1.000000000000000000 ) ;
#5985 = CARTESIAN_POINT ( 'NONE',  ( -131.0744199906807239, -0.9577292570702349295, 1.395928041684142196 ) ) ;
#5986 = ORIENTED_EDGE ( 'NONE', *, *, #6476, .F. ) ;
#5987 = AXIS2_PLACEMENT_3D ( 'NONE', #6728, #2258, #2304 ) ;
#5988 = DIRECTION ( 'NONE',  ( 0.000000000000000000, 0.000000000000000000, 1.000000000000000000 ) ) ;
#5989 = DIRECTION ( 'NONE',  ( 1.000000000000000000, 0.000000000000000000, 0.000000000000000000 ) ) ;
#5990 = DIRECTION ( 'NONE',  ( 0.000000000000000000, 0.000000000000000000, -1.000000000000000000 ) ) ;
#5991 = CIRCLE ( 'NONE', #5195, 4.000000000000003553 ) ;
#5992 = CARTESIAN_POINT ( 'NONE',  ( -2.999999999999999112, 1.887458608817685901, -6.500000000000000000 ) ) ;
#5993 = VERTEX_POINT ( 'NONE', #1967 ) ;
#5994 = DIRECTION ( 'NONE',  ( -1.541976423090494056E-15, 0.000000000000000000, 1.000000000000000000 ) ) ;
#5995 = ORIENTED_EDGE ( 'NONE', *, *, #8041, .F. ) ;
#5996 = CARTESIAN_POINT ( 'NONE',  ( 33.62701665379258742, 6.500000000000000000, -1.000000000000000000 ) ) ;
#5997 = ORIENTED_EDGE ( 'NONE', *, *, #3528, .F. ) ;
#5998 = VECTOR ( 'NONE', #2404, 1000.000000000000000 ) ;
#5999 = LINE ( 'NONE', #407, #2577 ) ;
#6000 = VECTOR ( 'NONE', #2064, 1000.000000000000000 ) ;
#6001 = CIRCLE ( 'NONE', #3121, 1.000000000000000000 ) ;
#6002 = DIRECTION ( 'NONE',  ( -0.000000000000000000, -1.000000000000000000, -0.000000000000000000 ) ) ;
#6003 = CARTESIAN_POINT ( 'NONE',  ( -125.0000000000000000, 6.500000000000000000, 1.649999999999998579 ) ) ;
#6004 = FACE_OUTER_BOUND ( 'NONE', #5236, .T. ) ;
#6005 = AXIS2_PLACEMENT_3D ( 'NONE', #5359, #6633, #3451 ) ;
#6006 = LINE ( 'NONE', #2656, #2731 ) ;
#6007 = VECTOR ( 'NONE', #564, 1000.000000000000000 ) ;
#6008 = VECTOR ( 'NONE', #6911, 1000.000000000000000 ) ;
#6009 = DIRECTION ( 'NONE',  ( 1.000000000000000000, 0.000000000000000000, 0.000000000000000000 ) ) ;
#6010 = ORIENTED_EDGE ( 'NONE', *, *, #37, .T. ) ;
#6011 = DIRECTION ( 'NONE',  ( -0.000000000000000000, 1.000000000000000000, -0.000000000000000000 ) ) ;
#6012 = ORIENTED_EDGE ( 'NONE', *, *, #1623, .F. ) ;
#6013 = VECTOR ( 'NONE', #4563, 1000.000000000000000 ) ;
#6014 = LINE ( 'NONE', #294, #1338 ) ;
#6015 = EDGE_CURVE ( 'NONE', #5070, #943, #7417, .T. ) ;
#6016 = CARTESIAN_POINT ( 'NONE',  ( -15.81168588946338360, -1.000000000000000000, -4.666666666666668739 ) ) ;
#6017 = VERTEX_POINT ( 'NONE', #7123 ) ;
#6018 = ORIENTED_EDGE ( 'NONE', *, *, #704, .F. ) ;
#6019 = DIRECTION ( 'NONE',  ( 0.000000000000000000, 0.000000000000000000, 1.000000000000000000 ) ) ;
#6020 = VERTEX_POINT ( 'NONE', #1447 ) ;
#6021 = VECTOR ( 'NONE', #786, 1000.000000000000000 ) ;
#6022 = VERTEX_POINT ( 'NONE', #2545 ) ;
#6023 = CARTESIAN_POINT ( 'NONE',  ( -2.250000000000000444, 0.000000000000000000, -6.500000000000000000 ) ) ;
#6024 = CARTESIAN_POINT ( 'NONE',  ( 3.000000000000000444, -6.500000000000000000, -1.887458608817687455 ) ) ;
#6025 = EDGE_CURVE ( 'NONE', #5693, #7990, #4514, .T. ) ;
#6026 = LINE ( 'NONE', #3463, #4529 ) ;
#6027 = EDGE_CURVE ( 'NONE', #7400, #5288, #6014, .T. ) ;
#6028 = DIRECTION ( 'NONE',  ( 0.000000000000000000, 0.000000000000000000, 1.000000000000000000 ) ) ;
#6029 = ORIENTED_EDGE ( 'NONE', *, *, #2091, .T. ) ;
#6030 = CARTESIAN_POINT ( 'NONE',  ( -125.0000000000000000, -2.299999999999998934, 3.750000000000006217 ) ) ;
#6031 = ORIENTED_EDGE ( 'NONE', *, *, #3143, .T. ) ;
#6032 = DIRECTION ( 'NONE',  ( 0.000000000000000000, 0.000000000000000000, 1.000000000000000000 ) ) ;
#6033 = ADVANCED_FACE ( 'NONE', ( #3493 ), #5968, .F. ) ;
#6034 = LINE ( 'NONE', #1057, #3625 ) ;
#6035 = CARTESIAN_POINT ( 'NONE',  ( 131.0537013913000806, -0.8086971241685799727, 1.141237822304761895 ) ) ;
#6036 = FACE_OUTER_BOUND ( 'NONE', #4102, .T. ) ;
#6037 = ORIENTED_EDGE ( 'NONE', *, *, #6387, .F. ) ;
#6038 = DIRECTION ( 'NONE',  ( -0.000000000000000000, 1.000000000000000000, -0.000000000000000000 ) ) ;
#6039 = ORIENTED_EDGE ( 'NONE', *, *, #2091, .F. ) ;
#6040 = FACE_OUTER_BOUND ( 'NONE', #1985, .T. ) ;
#6041 = VERTEX_POINT ( 'NONE', #5929 ) ;
#6042 = CARTESIAN_POINT ( 'NONE',  ( 131.0647483393212553, -0.4999999999999998890, -1.037594460055199397 ) ) ;
#6043 = CIRCLE ( 'NONE', #7098, 0.5000000000000004441 ) ;
#6044 = DIRECTION ( 'NONE',  ( 0.000000000000000000, 0.000000000000000000, 1.000000000000000000 ) ) ;
#6045 = CARTESIAN_POINT ( 'NONE',  ( -6.999999999999999112, 5.000000000000000000, 2.499999999999999556 ) ) ;
#6046 = DIRECTION ( 'NONE',  ( 0.000000000000000000, -1.000000000000000000, 0.000000000000000000 ) ) ;
#6047 = CARTESIAN_POINT ( 'NONE',  ( -90.00000000000001421, -6.500000000000000000, 8.673617379884035472E-16 ) ) ;
#6048 = CARTESIAN_POINT ( 'NONE',  ( 37.50000000000000711, 6.500000000000000000, 0.000000000000000000 ) ) ;
#6049 = VERTEX_POINT ( 'NONE', #7947 ) ;
#6050 = DIRECTION ( 'NONE',  ( -0.000000000000000000, 1.000000000000000000, -0.000000000000000000 ) ) ;
#6051 = ORIENTED_EDGE ( 'NONE', *, *, #3000, .F. ) ;
#6052 = PLANE ( 'NONE',  #4237 ) ;
#6053 = LINE ( 'NONE', #381, #2968 ) ;
#6054 = VERTEX_POINT ( 'NONE', #5357 ) ;
#6055 = LINE ( 'NONE', #1546, #7204 ) ;
#6056 = ORIENTED_EDGE ( 'NONE', *, *, #4058, .T. ) ;
#6057 = ORIENTED_EDGE ( 'NONE', *, *, #3290, .T. ) ;
#6058 = DIRECTION ( 'NONE',  ( 0.000000000000000000, -1.000000000000000000, 0.000000000000000000 ) ) ;
#6059 = DIRECTION ( 'NONE',  ( -0.000000000000000000, 1.000000000000000000, -0.000000000000000000 ) ) ;
#6060 = DIRECTION ( 'NONE',  ( 0.000000000000000000, -1.000000000000000000, 0.000000000000000000 ) ) ;
#6061 = ORIENTED_EDGE ( 'NONE', *, *, #4708, .F. ) ;
#6062 = LINE ( 'NONE', #891, #6630 ) ;
#6063 = ORIENTED_EDGE ( 'NONE', *, *, #3945, .T. ) ;
#6064 = CARTESIAN_POINT ( 'NONE',  ( -127.9156606260144002, -0.5000000000000000000, 3.427670216620816834 ) ) ;
#6065 = ORIENTED_EDGE ( 'NONE', *, *, #7995, .T. ) ;
#6066 = EDGE_CURVE ( 'NONE', #5391, #1948, #2016, .T. ) ;
#6067 = EDGE_CURVE ( 'NONE', #7964, #3414, #6240, .T. ) ;
#6068 = EDGE_CURVE ( 'NONE', #4044, #4614, #3067, .T. ) ;
#6069 = CARTESIAN_POINT ( 'NONE',  ( -3.999999999999999112, 3.999999999999999112, -2.499999999999999556 ) ) ;
#6070 = CARTESIAN_POINT ( 'NONE',  ( -131.1462354366582019, 6.500000000000000000, 1.101118581567377408 ) ) ;
#6071 = EDGE_CURVE ( 'NONE', #2103, #8179, #2670, .T. ) ;
#6072 = DIRECTION ( 'NONE',  ( 0.000000000000000000, -1.000000000000000000, 0.000000000000000000 ) ) ;
#6073 = ORIENTED_EDGE ( 'NONE', *, *, #4855, .T. ) ;
#6074 = EDGE_CURVE ( 'NONE', #6350, #1844, #7686, .T. ) ;
#6075 = CYLINDRICAL_SURFACE ( 'NONE', #55, 1.000000000000000000 ) ;
#6076 = ORIENTED_EDGE ( 'NONE', *, *, #2361, .T. ) ;
#6077 = DIRECTION ( 'NONE',  ( 0.000000000000000000, 1.000000000000000000, 0.000000000000000000 ) ) ;
#6078 = ORIENTED_EDGE ( 'NONE', *, *, #5415, .T. ) ;
#6079 = EDGE_CURVE ( 'NONE', #2308, #5539, #4122, .T. ) ;
#6080 = DIRECTION ( 'NONE',  ( -0.000000000000000000, -1.000000000000000000, 0.000000000000000000 ) ) ;
#6081 = CARTESIAN_POINT ( 'NONE',  ( -131.0000000000000000, -1.500000000000000000, 4.500000000000000888 ) ) ;
#6082 = CARTESIAN_POINT ( 'NONE',  ( 131.5000000000000000, -0.7630904635126829483, 0.5683343279687405047 ) ) ;
#6083 = CARTESIAN_POINT ( 'NONE',  ( -14.00602762471669038, -1.343141646050658222, -6.499999999999999112 ) ) ;
#6084 = FACE_OUTER_BOUND ( 'NONE', #6436, .T. ) ;
#6085 = DIRECTION ( 'NONE',  ( -0.000000000000000000, -1.000000000000000000, -0.000000000000000000 ) ) ;
#6086 = ORIENTED_EDGE ( 'NONE', *, *, #4306, .T. ) ;
#6087 = FACE_OUTER_BOUND ( 'NONE', #7113, .T. ) ;
#6088 = ORIENTED_EDGE ( 'NONE', *, *, #4477, .F. ) ;
#6089 = CARTESIAN_POINT ( 'NONE',  ( 16.10598330011246659, -0.5000000000000000000, -3.975000000000000977 ) ) ;
#6090 = CARTESIAN_POINT ( 'NONE',  ( 118.2917960675006412, -0.5000000000000000000, -6.000000000000000000 ) ) ;
#6091 = CIRCLE ( 'NONE', #796, 1.000000000000000000 ) ;
#6092 = ORIENTED_EDGE ( 'NONE', *, *, #7967, .T. ) ;
#6093 = DIRECTION ( 'NONE',  ( -0.000000000000000000, -1.000000000000000000, -0.000000000000000000 ) ) ;
#6094 = ORIENTED_EDGE ( 'NONE', *, *, #6813, .T. ) ;
#6095 = EDGE_LOOP ( 'NONE', ( #7829, #3304, #5995, #7335 ) ) ;
#6096 = TOROIDAL_SURFACE ( 'NONE', #2008, 4.500000000000003553, 0.5000000000000000000 ) ;
#6097 = CARTESIAN_POINT ( 'NONE',  ( -5.999999999999999112, -4.000000000000000000, -6.500000000000000000 ) ) ;
#6098 = DIRECTION ( 'NONE',  ( 0.000000000000000000, 0.000000000000000000, -1.000000000000000000 ) ) ;
#6099 = CARTESIAN_POINT ( 'NONE',  ( 125.0000000000000000, -6.500000000000000000, -3.750000000000006217 ) ) ;
#6100 = ORIENTED_EDGE ( 'NONE', *, *, #1572, .T. ) ;
#6101 = AXIS2_PLACEMENT_3D ( 'NONE', #4577, #70, #5120 ) ;
#6102 = DIRECTION ( 'NONE',  ( 0.000000000000000000, 1.000000000000000000, -0.000000000000000000 ) ) ;
#6103 = EDGE_LOOP ( 'NONE', ( #7721, #2420, #1564, #3660 ) ) ;
#6104 = DIRECTION ( 'NONE',  ( -0.000000000000000000, -1.000000000000000000, -0.000000000000000000 ) ) ;
#6105 = ORIENTED_EDGE ( 'NONE', *, *, #3499, .T. ) ;
#6106 = CIRCLE ( 'NONE', #3605, 9.999999999999998224 ) ;
#6107 = CARTESIAN_POINT ( 'NONE',  ( 129.5000000000000000, -1.000000000000000000, 6.000000000000000000 ) ) ;
#6108 = FACE_OUTER_BOUND ( 'NONE', #662, .T. ) ;
#6109 = ADVANCED_FACE ( 'NONE', ( #7783 ), #4764, .F. ) ;
#6110 = VECTOR ( 'NONE', #5698, 1000.000000000000000 ) ;
#6111 = EDGE_CURVE ( 'NONE', #7681, #510, #5427, .T. ) ;
#6112 = TOROIDAL_SURFACE ( 'NONE', #6775, 5.500000000000000000, 0.5000000000000000000 ) ;
#6113 = CARTESIAN_POINT ( 'NONE',  ( 114.9999999999999858, -6.500000000000000000, -5.000000000000000000 ) ) ;
#6114 = ORIENTED_EDGE ( 'NONE', *, *, #145, .F. ) ;
#6115 = CARTESIAN_POINT ( 'NONE',  ( 122.0185760300002897, -0.5000000000000000000, 2.666666666666665186 ) ) ;
#6116 = VERTEX_POINT ( 'NONE', #4107 ) ;
#6117 = CARTESIAN_POINT ( 'NONE',  ( -6.999999999999999112, -5.000000000000000000, -2.499999999999999556 ) ) ;
#6118 = PLANE ( 'NONE',  #5213 ) ;
#6119 = ORIENTED_EDGE ( 'NONE', *, *, #6904, .F. ) ;
#6120 = CARTESIAN_POINT ( 'NONE',  ( -71.33974596215561803, -0.5000000000000000000, 11.00000000000000000 ) ) ;
#6121 = AXIS2_PLACEMENT_3D ( 'NONE', #8005, #2382, #2347 ) ;
#6122 = EDGE_CURVE ( 'NONE', #6049, #8140, #6751, .T. ) ;
#6123 = CIRCLE ( 'NONE', #3221, 1.649999999999998579 ) ;
#6124 = DIRECTION ( 'NONE',  ( 0.000000000000000000, 1.000000000000000000, 0.000000000000000000 ) ) ;
#6125 = CARTESIAN_POINT ( 'NONE',  ( 131.5000000000000000, -0.6327687940375609221, 0.5418045322075882853 ) ) ;
#6126 = EDGE_CURVE ( 'NONE', #7711, #6600, #958, .T. ) ;
#6127 = EDGE_CURVE ( 'NONE', #3201, #2298, #3842, .T. ) ;
#6128 = DIRECTION ( 'NONE',  ( 0.000000000000000000, 1.000000000000000000, 0.000000000000000000 ) ) ;
#6129 = VECTOR ( 'NONE', #4973, 1000.000000000000000 ) ;
#6130 = DIRECTION ( 'NONE',  ( 0.000000000000000000, 0.000000000000000000, -1.000000000000000000 ) ) ;
#6131 = AXIS2_PLACEMENT_3D ( 'NONE', #3524, #155, #7735 ) ;
#6132 = DIRECTION ( 'NONE',  ( 0.000000000000000000, 1.000000000000000000, -0.000000000000000000 ) ) ;
#6133 = ORIENTED_EDGE ( 'NONE', *, *, #1981, .F. ) ;
#6134 = CIRCLE ( 'NONE', #2567, 3.999999999999996447 ) ;
#6135 = FACE_OUTER_BOUND ( 'NONE', #5757, .T. ) ;
#6136 = ADVANCED_FACE ( 'NONE', ( #6552 ), #5820, .T. ) ;
#6137 = VECTOR ( 'NONE', #3925, 1000.000000000000000 ) ;
#6138 = DIRECTION ( 'NONE',  ( 0.000000000000000000, 1.000000000000000000, 0.000000000000000000 ) ) ;
#6139 = AXIS2_PLACEMENT_3D ( 'NONE', #6166, #3017, #5994 ) ;
#6140 = CIRCLE ( 'NONE', #457, 1.000000000000000000 ) ;
#6141 = DIRECTION ( 'NONE',  ( 1.000000000000000000, 0.000000000000000000, 0.000000000000000000 ) ) ;
#6142 = CIRCLE ( 'NONE', #1793, 2.750000000000000000 ) ;
#6143 = VERTEX_POINT ( 'NONE', #2785 ) ;
#6144 = CARTESIAN_POINT ( 'NONE',  ( 47.50000000000000000, -6.500000000000000000, 5.000000000000002665 ) ) ;
#6145 = ORIENTED_EDGE ( 'NONE', *, *, #798, .F. ) ;
#6146 = ORIENTED_EDGE ( 'NONE', *, *, #5769, .F. ) ;
#6147 = AXIS2_PLACEMENT_3D ( 'NONE', #4210, #8011, #6733 ) ;
#6148 = CIRCLE ( 'NONE', #2318, 5.000000000000000000 ) ;
#6149 = CARTESIAN_POINT ( 'NONE',  ( -6.999999999999999112, -5.000000000000000000, -2.499999999999999556 ) ) ;
#6150 = CARTESIAN_POINT ( 'NONE',  ( -80.00000000000000000, -2.299999999999998934, 3.750000000000006217 ) ) ;
#6151 = CIRCLE ( 'NONE', #2581, 4.000000000000003553 ) ;
#6152 = ADVANCED_FACE ( 'NONE', ( #1625 ), #6052, .T. ) ;
#6153 = FACE_OUTER_BOUND ( 'NONE', #2089, .T. ) ;
#6154 = ORIENTED_EDGE ( 'NONE', *, *, #1725, .F. ) ;
#6155 = AXIS2_PLACEMENT_3D ( 'NONE', #1585, #5932, #6019 ) ;
#6156 = CARTESIAN_POINT ( 'NONE',  ( -125.0000000000000000, 6.500000000000000000, 1.649999999999998579 ) ) ;
#6157 = ORIENTED_EDGE ( 'NONE', *, *, #4805, .F. ) ;
#6158 = CARTESIAN_POINT ( 'NONE',  ( 3.000000000000000444, 6.500000000000000000, -1.887458608817687455 ) ) ;
#6159 = ORIENTED_EDGE ( 'NONE', *, *, #5926, .F. ) ;
#6160 = SHAPE_DEFINITION_REPRESENTATION ( #8174, #5901 ) ;
#6161 = CARTESIAN_POINT ( 'NONE',  ( -131.5000000000000000, -0.5000000000000000000, -0.6229813658380594088 ) ) ;
#6162 = EDGE_CURVE ( 'NONE', #2345, #2353, #8062, .T. ) ;
#6163 = DIRECTION ( 'NONE',  ( 0.000000000000000000, 0.000000000000000000, 1.000000000000000000 ) ) ;
#6164 = LINE ( 'NONE', #1147, #4763 ) ;
#6165 = ORIENTED_EDGE ( 'NONE', *, *, #353, .F. ) ;
#6166 = CARTESIAN_POINT ( 'NONE',  ( 37.50000000000000711, -1.000000000000000000, 0.000000000000000000 ) ) ;
#6167 = ORIENTED_EDGE ( 'NONE', *, *, #1629, .F. ) ;
#6168 = CARTESIAN_POINT ( 'NONE',  ( -80.00000000000000000, -0.5000000000000000000, 0.000000000000000000 ) ) ;
#6169 = CARTESIAN_POINT ( 'NONE',  ( 73.29179606750062703, -0.5000000000000000000, 1.500000000000000000 ) ) ;
#6170 = CARTESIAN_POINT ( 'NONE',  ( 11.75544462610764818, -0.6190305860522604675, 6.500000000000000888 ) ) ;
#6171 = DIRECTION ( 'NONE',  ( 0.000000000000000000, 0.000000000000000000, 1.000000000000000000 ) ) ;
#6172 = DIRECTION ( 'NONE',  ( 0.000000000000000000, 0.000000000000000000, 1.000000000000000000 ) ) ;
#6173 = DIRECTION ( 'NONE',  ( 0.000000000000000000, 1.000000000000000000, 0.000000000000000000 ) ) ;
#6174 = FACE_OUTER_BOUND ( 'NONE', #728, .T. ) ;
#6175 = ORIENTED_EDGE ( 'NONE', *, *, #7187, .T. ) ;
#6176 = ADVANCED_FACE ( 'NONE', ( #4687 ), #8070, .F. ) ;
#6177 = EDGE_CURVE ( 'NONE', #2659, #1778, #5293, .T. ) ;
#6178 = DIRECTION ( 'NONE',  ( -0.000000000000000000, -1.000000000000000000, -0.000000000000000000 ) ) ;
#6179 = ADVANCED_FACE ( 'NONE', ( #420 ), #2917, .F. ) ;
#6180 = CARTESIAN_POINT ( 'NONE',  ( 3.999999999999999112, -2.499999999999999556, 5.000000000000002665 ) ) ;
#6181 = LINE ( 'NONE', #1628, #3112 ) ;
#6182 = EDGE_CURVE ( 'NONE', #7504, #3275, #5695, .T. ) ;
#6183 = ORIENTED_EDGE ( 'NONE', *, *, #7775, .T. ) ;
#6184 = CYLINDRICAL_SURFACE ( 'NONE', #6815, 5.000000000000000000 ) ;
#6185 = VERTEX_POINT ( 'NONE', #4851 ) ;
#6186 = ORIENTED_EDGE ( 'NONE', *, *, #2975, .T. ) ;
#6187 = DIRECTION ( 'NONE',  ( 0.000000000000000000, -0.000000000000000000, 1.000000000000000000 ) ) ;
#6188 = LINE ( 'NONE', #7472, #5578 ) ;
#6189 = CARTESIAN_POINT ( 'NONE',  ( 80.00000000000000000, -1.000000000000000000, 0.000000000000000000 ) ) ;
#6190 = ORIENTED_EDGE ( 'NONE', *, *, #4306, .F. ) ;
#6191 = DIRECTION ( 'NONE',  ( 0.000000000000000000, 0.000000000000000000, -1.000000000000000000 ) ) ;
#6192 = VERTEX_POINT ( 'NONE', #4193 ) ;
#6193 = FACE_OUTER_BOUND ( 'NONE', #2527, .T. ) ;
#6194 = ORIENTED_EDGE ( 'NONE', *, *, #1273, .T. ) ;
#6195 = AXIS2_PLACEMENT_3D ( 'NONE', #2690, #776, #5285 ) ;
#6196 = CARTESIAN_POINT ( 'NONE',  ( -125.0000000000000000, -1.000000000000000000, -1.500000000000000000 ) ) ;
#6197 = CARTESIAN_POINT ( 'NONE',  ( 77.01857603000027552, 6.500000000000000000, 2.666666666666662078 ) ) ;
#6198 = CARTESIAN_POINT ( 'NONE',  ( -13.86299208453583454, -0.8803814297491044938, 6.306720429452672860 ) ) ;
#6199 = ORIENTED_EDGE ( 'NONE', *, *, #503, .F. ) ;
#6200 = CARTESIAN_POINT ( 'NONE',  ( 4.000000000000000000, 2.499999999999999556, -3.999999999999998224 ) ) ;
#6201 = VERTEX_POINT ( 'NONE', #6180 ) ;
#6202 = EDGE_CURVE ( 'NONE', #28, #5485, #6871, .T. ) ;
#6203 = CARTESIAN_POINT ( 'NONE',  ( 13.87585478415369522, -1.086093972580179035, -6.500000000000000000 ) ) ;
#6204 = DIRECTION ( 'NONE',  ( -1.000000000000000000, 0.000000000000000000, 0.000000000000000000 ) ) ;
#6205 = DIRECTION ( 'NONE',  ( -0.000000000000000000, -1.000000000000000000, -0.000000000000000000 ) ) ;
#6206 = DIRECTION ( 'NONE',  ( 0.000000000000000000, 0.000000000000000000, 1.000000000000000000 ) ) ;
#6207 = DIRECTION ( 'NONE',  ( 0.000000000000000000, 1.000000000000000000, 0.000000000000000000 ) ) ;
#6208 = CARTESIAN_POINT ( 'NONE',  ( -125.0000000000000000, -1.000000000000000000, -1.500000000000000000 ) ) ;
#6209 = FACE_OUTER_BOUND ( 'NONE', #6734, .T. ) ;
#6210 = LINE ( 'NONE', #6795, #4935 ) ;
#6211 = ORIENTED_EDGE ( 'NONE', *, *, #5055, .T. ) ;
#6212 = CARTESIAN_POINT ( 'NONE',  ( 40.48142396999973158, 6.500000000000000000, 2.666666666666667407 ) ) ;
#6213 = DIRECTION ( 'NONE',  ( 0.000000000000000000, 0.000000000000000000, -1.000000000000000000 ) ) ;
#6214 = AXIS2_PLACEMENT_3D ( 'NONE', #4698, #7960, #4039 ) ;
#6215 = CARTESIAN_POINT ( 'NONE',  ( -3.999999999999999112, 3.999999999999999112, 2.499999999999999556 ) ) ;
#6216 = EDGE_CURVE ( 'NONE', #4985, #4694, #1228, .T. ) ;
#6217 = ADVANCED_FACE ( 'NONE', ( #1164 ), #2788, .F. ) ;
#6218 = EDGE_CURVE ( 'NONE', #280, #1253, #1803, .T. ) ;
#6219 = ORIENTED_EDGE ( 'NONE', *, *, #5681, .T. ) ;
#6220 = AXIS2_PLACEMENT_3D ( 'NONE', #5099, #42, #3900 ) ;
#6221 = CARTESIAN_POINT ( 'NONE',  ( 131.0647483393212553, -1.000000000000000000, 1.037594460055200729 ) ) ;
#6222 = ORIENTED_EDGE ( 'NONE', *, *, #4751, .T. ) ;
#6223 = ORIENTED_EDGE ( 'NONE', *, *, #3509, .F. ) ;
#6224 = CIRCLE ( 'NONE', #3713, 0.5000000000000004441 ) ;
#6225 = CARTESIAN_POINT ( 'NONE',  ( -120.0000000000000000, -2.999999999999999556, 5.000000000000000888 ) ) ;
#6226 = EDGE_CURVE ( 'NONE', #3940, #8022, #4103, .T. ) ;
#6227 = DIRECTION ( 'NONE',  ( 0.000000000000000000, -1.000000000000000000, 0.000000000000000000 ) ) ;
#6228 = CIRCLE ( 'NONE', #4370, 5.000000000000000000 ) ;
#6229 = CARTESIAN_POINT ( 'NONE',  ( 4.000000000000000000, -6.500000000000000000, -4.999999999999997335 ) ) ;
#6230 = ORIENTED_EDGE ( 'NONE', *, *, #471, .F. ) ;
#6231 = EDGE_CURVE ( 'NONE', #5771, #4178, #2523, .T. ) ;
#6232 = ORIENTED_EDGE ( 'NONE', *, *, #5533, .F. ) ;
#6233 = DIRECTION ( 'NONE',  ( 0.000000000000000000, 0.000000000000000000, 1.000000000000000000 ) ) ;
#6234 = VERTEX_POINT ( 'NONE', #1041 ) ;
#6235 = AXIS2_PLACEMENT_3D ( 'NONE', #5936, #1550, #2181 ) ;
#6236 = AXIS2_PLACEMENT_3D ( 'NONE', #4800, #7327, #4188 ) ;
#6237 = DIRECTION ( 'NONE',  ( -0.6666666666666725138, -4.525452883523644131E-15, -0.7453559924999247910 ) ) ;
#6238 = DIRECTION ( 'NONE',  ( -0.000000000000000000, -1.000000000000000000, -0.000000000000000000 ) ) ;
#6239 = AXIS2_PLACEMENT_3D ( 'NONE', #2920, #6102, #5938 ) ;
#6240 = CIRCLE ( 'NONE', #5175, 0.5000000000000003331 ) ;
#6241 = CARTESIAN_POINT ( 'NONE',  ( -12.44663462313180702, -0.7377490063277378773, 6.500000000000002665 ) ) ;
#6242 = ORIENTED_EDGE ( 'NONE', *, *, #3830, .F. ) ;
#6243 = FACE_OUTER_BOUND ( 'NONE', #3929, .T. ) ;
#6244 = ORIENTED_EDGE ( 'NONE', *, *, #5057, .T. ) ;
#6245 = DIRECTION ( 'NONE',  ( 1.000000000000000000, 0.000000000000000000, -0.000000000000000000 ) ) ;
#6246 = CARTESIAN_POINT ( 'NONE',  ( -88.66025403784438197, 6.500000000000000000, 1.000000000000000000 ) ) ;
#6247 = CARTESIAN_POINT ( 'NONE',  ( 2.999999999999999112, -6.500000000000000000, 4.000000000000002665 ) ) ;
#6248 = CARTESIAN_POINT ( 'NONE',  ( 6.999999999999999112, 2.499999999999999556, -3.999999999999997335 ) ) ;
#6249 = VECTOR ( 'NONE', #3592, 1000.000000000000000 ) ;
#6250 = AXIS2_PLACEMENT_3D ( 'NONE', #417, #4723, #342 ) ;
#6251 = CARTESIAN_POINT ( 'NONE',  ( 11.19432624775224028, -0.4999999999999995559, 6.500000000000000000 ) ) ;
#6252 = VECTOR ( 'NONE', #6537, 1000.000000000000000 ) ;
#6253 = LINE ( 'NONE', #3114, #5248 ) ;
#6254 = CARTESIAN_POINT ( 'NONE',  ( 80.00000000000000000, -2.299999999999998934, -3.750000000000006217 ) ) ;
#6255 = AXIS2_PLACEMENT_3D ( 'NONE', #5977, #5366, #3416 ) ;
#6256 = ORIENTED_EDGE ( 'NONE', *, *, #3348, .F. ) ;
#6257 = CIRCLE ( 'NONE', #34, 3.750000000000006217 ) ;
#6258 = LINE ( 'NONE', #2574, #4821 ) ;
#6259 = DIRECTION ( 'NONE',  ( 0.000000000000000000, 1.000000000000000000, 0.000000000000000000 ) ) ;
#6260 = CIRCLE ( 'NONE', #7969, 4.000000000000003553 ) ;
#6261 = AXIS2_PLACEMENT_3D ( 'NONE', #8154, #4846, #6835 ) ;
#6262 = DIRECTION ( 'NONE',  ( -1.000000000000000000, 0.000000000000000000, -0.000000000000000000 ) ) ;
#6263 = VECTOR ( 'NONE', #2018, 1000.000000000000000 ) ;
#6264 = VERTEX_POINT ( 'NONE', #7533 ) ;
#6265 = DIRECTION ( 'NONE',  ( 0.000000000000000000, 0.000000000000000000, 1.000000000000000000 ) ) ;
#6266 = EDGE_LOOP ( 'NONE', ( #2063, #3384, #4952, #1456 ) ) ;
#6267 = ORIENTED_EDGE ( 'NONE', *, *, #6449, .T. ) ;
#6268 = VECTOR ( 'NONE', #4431, 1000.000000000000000 ) ;
#6269 = EDGE_CURVE ( 'NONE', #2432, #7766, #1452, .T. ) ;
#6270 = CYLINDRICAL_SURFACE ( 'NONE', #7962, 1.000000000000000000 ) ;
#6271 = AXIS2_PLACEMENT_3D ( 'NONE', #6522, #738, #4537 ) ;
#6272 = DIRECTION ( 'NONE',  ( 0.000000000000000000, -1.000000000000000000, 0.000000000000000000 ) ) ;
#6273 = VECTOR ( 'NONE', #5574, 1000.000000000000000 ) ;
#6274 = CARTESIAN_POINT ( 'NONE',  ( 89.50000000000001421, -6.500000000000000000, 0.000000000000000000 ) ) ;
#6275 = VECTOR ( 'NONE', #5260, 1000.000000000000000 ) ;
#6276 = ORIENTED_EDGE ( 'NONE', *, *, #3578, .T. ) ;
#6277 = ORIENTED_EDGE ( 'NONE', *, *, #7181, .F. ) ;
#6278 = ORIENTED_EDGE ( 'NONE', *, *, #6015, .F. ) ;
#6279 = CARTESIAN_POINT ( 'NONE',  ( 34.51857603000028263, -0.5000000000000000000, 2.666666666666667851 ) ) ;
#6280 = ORIENTED_EDGE ( 'NONE', *, *, #3904, .F. ) ;
#6281 = CIRCLE ( 'NONE', #5750, 0.4999999999999973355 ) ;
#6282 = AXIS2_PLACEMENT_3D ( 'NONE', #4433, #6178, #1836 ) ;
#6283 = ORIENTED_EDGE ( 'NONE', *, *, #2416, .F. ) ;
#6284 = DIRECTION ( 'NONE',  ( 0.000000000000000000, 1.000000000000000000, 0.000000000000000000 ) ) ;
#6285 = ADVANCED_FACE ( 'NONE', ( #6840 ), #7267, .T. ) ;
#6286 = ADVANCED_FACE ( 'NONE', ( #5602 ), #1327, .F. ) ;
#6287 = DIRECTION ( 'NONE',  ( -0.000000000000000000, -1.000000000000000000, -0.000000000000000000 ) ) ;
#6288 = AXIS2_PLACEMENT_3D ( 'NONE', #220, #3915, #2753 ) ;
#6289 = CIRCLE ( 'NONE', #332, 0.5000000000000000000 ) ;
#6290 = DIRECTION ( 'NONE',  ( 0.000000000000000000, 0.000000000000000000, 1.000000000000000000 ) ) ;
#6291 = ORIENTED_EDGE ( 'NONE', *, *, #3841, .F. ) ;
#6292 = ADVANCED_FACE ( 'NONE', ( #3615 ), #2464, .T. ) ;
#6293 = DIRECTION ( 'NONE',  ( 0.000000000000000000, 0.000000000000000000, 1.000000000000000000 ) ) ;
#6294 = VERTEX_POINT ( 'NONE', #4349 ) ;
#6295 = DIRECTION ( 'NONE',  ( -0.000000000000000000, -1.000000000000000000, -0.000000000000000000 ) ) ;
#6296 = DIRECTION ( 'NONE',  ( 0.000000000000000000, 0.000000000000000000, 1.000000000000000000 ) ) ;
#6297 = CARTESIAN_POINT ( 'NONE',  ( -71.33974596215561803, -0.5000000000000000000, -1.500000000000000000 ) ) ;
#6298 = FACE_OUTER_BOUND ( 'NONE', #6971, .T. ) ;
#6299 = CARTESIAN_POINT ( 'NONE',  ( 80.00000000000000000, -2.299999999999998934, 0.000000000000000000 ) ) ;
#6300 = CYLINDRICAL_SURFACE ( 'NONE', #2743, 0.5000000000000000000 ) ;
#6301 = LINE ( 'NONE', #5678, #1493 ) ;
#6302 = ORIENTED_EDGE ( 'NONE', *, *, #2887, .T. ) ;
#6303 = LINE ( 'NONE', #4469, #6008 ) ;
#6304 = CARTESIAN_POINT ( 'NONE',  ( -80.00000000000000000, -2.299999999999998934, 0.000000000000000000 ) ) ;
#6305 = VERTEX_POINT ( 'NONE', #83 ) ;
#6306 = ORIENTED_EDGE ( 'NONE', *, *, #359, .F. ) ;
#6307 = FACE_OUTER_BOUND ( 'NONE', #5311, .T. ) ;
#6308 = ORIENTED_EDGE ( 'NONE', *, *, #2513, .T. ) ;
#6309 = ADVANCED_FACE ( 'NONE', ( #3934 ), #3710, .F. ) ;
#6310 = EDGE_LOOP ( 'NONE', ( #4507, #3205, #313, #3326 ) ) ;
#6311 = LINE ( 'NONE', #283, #1234 ) ;
#6312 = AXIS2_PLACEMENT_3D ( 'NONE', #2459, #6906, #1193 ) ;
#6313 = FACE_OUTER_BOUND ( 'NONE', #1264, .T. ) ;
#6314 = VERTEX_POINT ( 'NONE', #5682 ) ;
#6315 = ORIENTED_EDGE ( 'NONE', *, *, #960, .T. ) ;
#6316 = DIRECTION ( 'NONE',  ( 1.000000000000000000, 0.000000000000000000, 0.000000000000000000 ) ) ;
#6317 = ORIENTED_EDGE ( 'NONE', *, *, #6866, .T. ) ;
#6318 = EDGE_LOOP ( 'NONE', ( #7853, #2236, #5777, #7053 ) ) ;
#6319 = DIRECTION ( 'NONE',  ( -0.000000000000000000, 1.000000000000000000, -0.000000000000000000 ) ) ;
#6320 = CARTESIAN_POINT ( 'NONE',  ( 129.5000000000000000, -1.500000000000000000, -6.000000000000000000 ) ) ;
#6321 = DIRECTION ( 'NONE',  ( 0.000000000000000000, 0.000000000000000000, 1.000000000000000000 ) ) ;
#6322 = EDGE_CURVE ( 'NONE', #2592, #4526, #4434, .T. ) ;
#6323 = ORIENTED_EDGE ( 'NONE', *, *, #1163, .T. ) ;
#6324 = EDGE_CURVE ( 'NONE', #379, #3237, #5759, .T. ) ;
#6325 = AXIS2_PLACEMENT_3D ( 'NONE', #2147, #1434, #2035 ) ;
#6326 = ADVANCED_FACE ( 'NONE', ( #3 ), #5716, .F. ) ;
#6327 = CARTESIAN_POINT ( 'NONE',  ( 47.50000000000000000, -2.999999999999999556, 2.602085213965210642E-15 ) ) ;
#6328 = EDGE_CURVE ( 'NONE', #2931, #4256, #6609, .T. ) ;
#6329 = ORIENTED_EDGE ( 'NONE', *, *, #1185, .T. ) ;
#6330 = CARTESIAN_POINT ( 'NONE',  ( -131.5000000000000000, -1.013808039506486347, -0.7608956387781472541 ) ) ;
#6331 = DIRECTION ( 'NONE',  ( 0.000000000000000000, 1.000000000000000000, 0.000000000000000000 ) ) ;
#6332 = CARTESIAN_POINT ( 'NONE',  ( 86.70820393249938718, -0.5000000000000000000, -1.500000000000000000 ) ) ;
#6333 = CARTESIAN_POINT ( 'NONE',  ( -125.0000000000000000, -0.5000000000000000000, -1.500000000000000000 ) ) ;
#6334 = EDGE_CURVE ( 'NONE', #3430, #2201, #7798, .T. ) ;
#6335 = DIRECTION ( 'NONE',  ( -0.000000000000000000, 1.000000000000000000, -0.000000000000000000 ) ) ;
#6336 = DIRECTION ( 'NONE',  ( -1.000000000000000000, 0.000000000000000000, 0.000000000000000000 ) ) ;
#6337 = EDGE_CURVE ( 'NONE', #8015, #2838, #3051, .T. ) ;
#6338 = DIRECTION ( 'NONE',  ( -0.000000000000000000, -1.000000000000000000, -0.000000000000000000 ) ) ;
#6339 = ORIENTED_EDGE ( 'NONE', *, *, #5545, .T. ) ;
#6340 = DIRECTION ( 'NONE',  ( 4.336808689942017736E-16, 1.000000000000000000, 0.000000000000000000 ) ) ;
#6341 = CARTESIAN_POINT ( 'NONE',  ( 121.6458980337503277, -1.000000000000000000, -3.000000000000003553 ) ) ;
#6342 = CARTESIAN_POINT ( 'NONE',  ( 125.0000000000000000, -1.000000000000000000, 0.000000000000000000 ) ) ;
#6343 = ORIENTED_EDGE ( 'NONE', *, *, #7634, .F. ) ;
#6344 = CARTESIAN_POINT ( 'NONE',  ( 5.999999999999999112, 2.499999999999999556, 5.000000000000002665 ) ) ;
#6345 = ORIENTED_EDGE ( 'NONE', *, *, #5405, .F. ) ;
#6346 = ORIENTED_EDGE ( 'NONE', *, *, #4865, .T. ) ;
#6347 = FACE_OUTER_BOUND ( 'NONE', #7005, .T. ) ;
#6348 = CARTESIAN_POINT ( 'NONE',  ( 125.0000000000000000, 6.500000000000000000, 0.000000000000000000 ) ) ;
#6349 = ORIENTED_EDGE ( 'NONE', *, *, #6732, .T. ) ;
#6350 = VERTEX_POINT ( 'NONE', #3812 ) ;
#6351 = APPLICATION_CONTEXT ( 'automotive_design' ) ;
#6352 = DIRECTION ( 'NONE',  ( -1.000000000000000000, 0.000000000000000000, -0.000000000000000000 ) ) ;
#6353 = AXIS2_PLACEMENT_3D ( 'NONE', #6894, #6856, #6321 ) ;
#6354 = VERTEX_POINT ( 'NONE', #6341 ) ;
#6355 = VERTEX_POINT ( 'NONE', #2700 ) ;
#6356 = AXIS2_PLACEMENT_3D ( 'NONE', #506, #6259, #4933 ) ;
#6357 = DIRECTION ( 'NONE',  ( -0.000000000000000000, -1.000000000000000000, 0.000000000000000000 ) ) ;
#6358 = CARTESIAN_POINT ( 'NONE',  ( 40.48142396999973158, -0.5000000000000000000, -2.666666666666666963 ) ) ;
#6359 = CYLINDRICAL_SURFACE ( 'NONE', #135, 0.5000000000000004441 ) ;
#6360 = FACE_OUTER_BOUND ( 'NONE', #2967, .T. ) ;
#6361 = ORIENTED_EDGE ( 'NONE', *, *, #4564, .T. ) ;
#6362 = CIRCLE ( 'NONE', #1196, 4.000000000000003553 ) ;
#6363 = CARTESIAN_POINT ( 'NONE',  ( 0.000000000000000000, -2.999999999999999556, 0.000000000000000000 ) ) ;
#6364 = EDGE_LOOP ( 'NONE', ( #2295, #5101, #600, #4998 ) ) ;
#6365 = CARTESIAN_POINT ( 'NONE',  ( 131.0589851580848801, -0.7659594270065607224, -1.095621596429782851 ) ) ;
#6366 = CARTESIAN_POINT ( 'NONE',  ( 80.00000000000000000, -2.299999999999998934, -1.649999999999998579 ) ) ;
#6367 = DIRECTION ( 'NONE',  ( 0.000000000000000000, 0.000000000000000000, -1.000000000000000000 ) ) ;
#6368 = DIRECTION ( 'NONE',  ( -0.000000000000000000, -1.000000000000000000, -0.000000000000000000 ) ) ;
#6369 = EDGE_CURVE ( 'NONE', #51, #3213, #3445, .T. ) ;
#6370 = VECTOR ( 'NONE', #5440, 1000.000000000000000 ) ;
#6371 = EDGE_CURVE ( 'NONE', #5270, #6020, #2394, .T. ) ;
#6372 = DIRECTION ( 'NONE',  ( 0.000000000000000000, -1.000000000000000000, 0.000000000000000000 ) ) ;
#6373 = CYLINDRICAL_SURFACE ( 'NONE', #4510, 10.00000000000000000 ) ;
#6374 = LINE ( 'NONE', #2526, #6268 ) ;
#6375 = EDGE_CURVE ( 'NONE', #5976, #6521, #5090, .T. ) ;
#6376 = ORIENTED_EDGE ( 'NONE', *, *, #518, .F. ) ;
#6377 = AXIS2_PLACEMENT_3D ( 'NONE', #7431, #526, #7481 ) ;
#6378 = EDGE_CURVE ( 'NONE', #3997, #4444, #4471, .T. ) ;
#6379 = EDGE_CURVE ( 'NONE', #2449, #4010, #6994, .T. ) ;
#6380 = DIRECTION ( 'NONE',  ( 0.000000000000000000, 0.000000000000000000, 1.000000000000000000 ) ) ;
#6381 = VECTOR ( 'NONE', #7404, 1000.000000000000000 ) ;
#6382 = FACE_OUTER_BOUND ( 'NONE', #2870, .T. ) ;
#6383 = AXIS2_PLACEMENT_3D ( 'NONE', #4280, #6810, #7587 ) ;
#6384 = CARTESIAN_POINT ( 'NONE',  ( 131.0000000000000000, -1.000000000000000000, -6.500000000000000000 ) ) ;
#6385 = ORIENTED_EDGE ( 'NONE', *, *, #8099, .T. ) ;
#6386 = CARTESIAN_POINT ( 'NONE',  ( 34.14589803375031352, -0.5000000000000000000, 3.000000000000000888 ) ) ;
#6387 = EDGE_CURVE ( 'NONE', #6961, #2199, #537, .T. ) ;
#6388 = ORIENTED_EDGE ( 'NONE', *, *, #6111, .T. ) ;
#6389 = ORIENTED_EDGE ( 'NONE', *, *, #5055, .F. ) ;
#6390 = FACE_BOUND ( 'NONE', #4448, .T. ) ;
#6391 = VECTOR ( 'NONE', #3436, 1000.000000000000000 ) ;
#6392 = FACE_OUTER_BOUND ( 'NONE', #2621, .T. ) ;
#6393 = ORIENTED_EDGE ( 'NONE', *, *, #8143, .T. ) ;
#6394 = ORIENTED_EDGE ( 'NONE', *, *, #3448, .T. ) ;
#6395 = CARTESIAN_POINT ( 'NONE',  ( 20.12461179749810825, -1.000000000000000000, 1.500000000000000000 ) ) ;
#6396 = ORIENTED_EDGE ( 'NONE', *, *, #865, .F. ) ;
#6397 = CIRCLE ( 'NONE', #832, 0.5000000000000000000 ) ;
#6398 = ORIENTED_EDGE ( 'NONE', *, *, #1945, .T. ) ;
#6399 = TOROIDAL_SURFACE ( 'NONE', #2302, 4.500000000000000888, 0.5000000000000000000 ) ;
#6400 = CIRCLE ( 'NONE', #5867, 5.000000000000000000 ) ;
#6401 = DIRECTION ( 'NONE',  ( 1.000000000000000000, 0.000000000000000000, 0.000000000000000000 ) ) ;
#6402 = FACE_OUTER_BOUND ( 'NONE', #1446, .T. ) ;
#6403 = FACE_OUTER_BOUND ( 'NONE', #892, .T. ) ;
#6404 = AXIS2_PLACEMENT_3D ( 'NONE', #3836, #3881, #740 ) ;
#6405 = CIRCLE ( 'NONE', #7458, 4.500000000000003553 ) ;
#6406 = AXIS2_PLACEMENT_3D ( 'NONE', #4289, #5692, #6233 ) ;
#6407 = PLANE ( 'NONE',  #3322 ) ;
#6408 = AXIS2_PLACEMENT_3D ( 'NONE', #241, #1439, #3965 ) ;
#6409 = ORIENTED_EDGE ( 'NONE', *, *, #6726, .F. ) ;
#6410 = CARTESIAN_POINT ( 'NONE',  ( -131.5000000000000000, -1.500000000000000000, 1.673907284147946761 ) ) ;
#6411 = ORIENTED_EDGE ( 'NONE', *, *, #5926, .T. ) ;
#6412 = CARTESIAN_POINT ( 'NONE',  ( -11.94229030071541686, -1.000000000000000000, -1.500000000000004885 ) ) ;
#6413 = CARTESIAN_POINT ( 'NONE',  ( -23.55047706695932064, -0.5000000000000000000, -1.500000000000000000 ) ) ;
#6414 = CIRCLE ( 'NONE', #5094, 1.500000000000000000 ) ;
#6416 = CIRCLE ( 'NONE', #4827, 0.5000000000000000000 ) ;
#6415 = FACE_OUTER_BOUND ( 'NONE', #2921, .T. ) ;
#6417 = DIRECTION ( 'NONE',  ( 0.000000000000000000, 0.000000000000000000, 1.000000000000000000 ) ) ;
#6418 = ORIENTED_EDGE ( 'NONE', *, *, #5713, .F. ) ;
#6419 = DIRECTION ( 'NONE',  ( -0.000000000000000000, -1.000000000000000000, -0.000000000000000000 ) ) ;
#6420 = CIRCLE ( 'NONE', #5612, 4.999999999999999112 ) ;
#6421 = DIRECTION ( 'NONE',  ( -0.000000000000000000, 1.000000000000000000, -0.000000000000000000 ) ) ;
#6422 = VERTEX_POINT ( 'NONE', #6456 ) ;
#6423 = DIRECTION ( 'NONE',  ( 0.000000000000000000, 0.000000000000000000, 1.000000000000000000 ) ) ;
#6424 = CARTESIAN_POINT ( 'NONE',  ( -13.99999999999999822, -2.999999999999999556, 1.421904488505581133E-16 ) ) ;
#6425 = DIRECTION ( 'NONE',  ( -0.000000000000000000, -1.000000000000000000, -0.000000000000000000 ) ) ;
#6426 = EDGE_CURVE ( 'NONE', #6041, #5807, #5157, .T. ) ;
#6427 = EDGE_CURVE ( 'NONE', #5839, #3118, #1062, .T. ) ;
#6428 = LINE ( 'NONE', #3283, #6021 ) ;
#6429 = EDGE_CURVE ( 'NONE', #2010, #641, #1191, .T. ) ;
#6430 = ORIENTED_EDGE ( 'NONE', *, *, #7535, .T. ) ;
#6431 = VERTEX_POINT ( 'NONE', #4717 ) ;
#6432 = LINE ( 'NONE', #1293, #968 ) ;
#6433 = CARTESIAN_POINT ( 'NONE',  ( -125.0000000000000000, -1.000000000000000000, 0.000000000000000000 ) ) ;
#6434 = EDGE_CURVE ( 'NONE', #575, #8008, #7740, .T. ) ;
#6435 = ORIENTED_EDGE ( 'NONE', *, *, #2480, .T. ) ;
#6436 = EDGE_LOOP ( 'NONE', ( #2646, #4069, #81, #416 ) ) ;
#6437 = CYLINDRICAL_SURFACE ( 'NONE', #7727, 5.000000000000000000 ) ;
#6438 = ORIENTED_EDGE ( 'NONE', *, *, #6615, .F. ) ;
#6439 = ORIENTED_EDGE ( 'NONE', *, *, #2437, .T. ) ;
#6440 = DIRECTION ( 'NONE',  ( 0.000000000000000000, -1.000000000000000000, 0.000000000000000000 ) ) ;
#6441 = CARTESIAN_POINT ( 'NONE',  ( -131.1426025569460307, -0.6344424238577630604, -1.116677150296723653 ) ) ;
#6442 = DIRECTION ( 'NONE',  ( -0.000000000000000000, 1.000000000000000000, -0.000000000000000000 ) ) ;
#6443 = CARTESIAN_POINT ( 'NONE',  ( -131.0000000000000000, -1.000000000000000000, -1.673907284147943431 ) ) ;
#6444 = VERTEX_POINT ( 'NONE', #3485 ) ;
#6445 = CARTESIAN_POINT ( 'NONE',  ( 131.5000000000000000, -0.5000000000000000000, 0.5418045322075886183 ) ) ;
#6446 = ORIENTED_EDGE ( 'NONE', *, *, #1828, .F. ) ;
#6447 = CARTESIAN_POINT ( 'NONE',  ( 77.01857603000027552, 6.500000000000000000, -2.666666666666662078 ) ) ;
#6448 = DIRECTION ( 'NONE',  ( -5.551115123125782702E-15, 0.000000000000000000, 1.000000000000000000 ) ) ;
#6449 = EDGE_CURVE ( 'NONE', #6461, #1337, #3969, .T. ) ;
#6450 = DIRECTION ( 'NONE',  ( 0.000000000000000000, 1.000000000000000000, 0.000000000000000000 ) ) ;
#6451 = ORIENTED_EDGE ( 'NONE', *, *, #799, .F. ) ;
#6452 = DIRECTION ( 'NONE',  ( 0.000000000000000000, 0.000000000000000000, 1.000000000000000000 ) ) ;
#6453 = LINE ( 'NONE', #7077, #1366 ) ;
#6454 = ORIENTED_EDGE ( 'NONE', *, *, #2587, .F. ) ;
#6455 = CARTESIAN_POINT ( 'NONE',  ( -75.00000000000000000, -2.999999999999999556, 5.000000000000000888 ) ) ;
#6456 = CARTESIAN_POINT ( 'NONE',  ( -77.52564170347304184, -0.5000000000000000000, 3.142857142857147679 ) ) ;
#6457 = FACE_OUTER_BOUND ( 'NONE', #452, .T. ) ;
#6458 = CARTESIAN_POINT ( 'NONE',  ( -131.5000000000000000, 6.500000000000000000, 4.500000000000000000 ) ) ;
#6459 = DIRECTION ( 'NONE',  ( 0.000000000000000000, 0.000000000000000000, 1.000000000000000000 ) ) ;
#6460 = ORIENTED_EDGE ( 'NONE', *, *, #7595, .T. ) ;
#6461 = VERTEX_POINT ( 'NONE', #2084 ) ;
#6462 = DIRECTION ( 'NONE',  ( -0.000000000000000000, -1.000000000000000000, -0.000000000000000000 ) ) ;
#6463 = DIRECTION ( 'NONE',  ( -1.387778780781445873E-15, 0.000000000000000000, 1.000000000000000000 ) ) ;
#6464 = EDGE_CURVE ( 'NONE', #565, #6350, #2157, .T. ) ;
#6465 = EDGE_CURVE ( 'NONE', #7513, #4447, #1071, .T. ) ;
#6466 = EDGE_CURVE ( 'NONE', #3832, #1605, #5259, .T. ) ;
#6467 = DIRECTION ( 'NONE',  ( 0.000000000000000000, 0.000000000000000000, -1.000000000000000000 ) ) ;
#6468 = EDGE_LOOP ( 'NONE', ( #3132, #5634, #18, #2720 ) ) ;
#6469 = DIRECTION ( 'NONE',  ( 5.551115123125783491E-15, 0.000000000000000000, 1.000000000000000000 ) ) ;
#6470 = ORIENTED_EDGE ( 'NONE', *, *, #2259, .T. ) ;
#6471 = ORIENTED_EDGE ( 'NONE', *, *, #7367, .F. ) ;
#6472 = EDGE_CURVE ( 'NONE', #1339, #967, #7115, .T. ) ;
#6473 = DIRECTION ( 'NONE',  ( 0.000000000000000000, -1.000000000000000000, 0.000000000000000000 ) ) ;
#6474 = CARTESIAN_POINT ( 'NONE',  ( -131.5000000000000284, -1.019929115352736781, -1.601950857570635822 ) ) ;
#6475 = CARTESIAN_POINT ( 'NONE',  ( -6.999999999999999112, -5.000000000000000000, -2.499999999999999556 ) ) ;
#6476 = EDGE_CURVE ( 'NONE', #2449, #4054, #908, .T. ) ;
#6477 = DIRECTION ( 'NONE',  ( 0.000000000000000000, 0.000000000000000000, -1.000000000000000000 ) ) ;
#6478 = ORIENTED_EDGE ( 'NONE', *, *, #2738, .T. ) ;
#6479 = DIRECTION ( 'NONE',  ( -0.000000000000000000, 1.000000000000000000, -0.000000000000000000 ) ) ;
#6480 = ORIENTED_EDGE ( 'NONE', *, *, #567, .T. ) ;
#6481 = AXIS2_PLACEMENT_3D ( 'NONE', #2292, #7287, #878 ) ;
#6482 = CYLINDRICAL_SURFACE ( 'NONE', #7325, 5.000000000000000000 ) ;
#6483 = DIRECTION ( 'NONE',  ( 0.000000000000000000, 0.000000000000000000, 1.000000000000000000 ) ) ;
#6484 = CIRCLE ( 'NONE', #6353, 4.500000000000003553 ) ;
#6485 = LINE ( 'NONE', #1470, #1099 ) ;
#6486 = AXIS2_PLACEMENT_3D ( 'NONE', #7984, #23, #4224 ) ;
#6487 = CARTESIAN_POINT ( 'NONE',  ( 80.00000000000000000, -1.000000000000000000, 0.000000000000000000 ) ) ;
#6488 = ORIENTED_EDGE ( 'NONE', *, *, #58, .F. ) ;
#6489 = DIRECTION ( 'NONE',  ( -0.000000000000000000, -1.000000000000000000, -0.000000000000000000 ) ) ;
#6490 = CARTESIAN_POINT ( 'NONE',  ( -131.5000000000000000, -1.500000000000000000, -1.673907284147943431 ) ) ;
#6491 = EDGE_LOOP ( 'NONE', ( #7103, #2965, #930 ) ) ;
#6492 = CIRCLE ( 'NONE', #7551, 5.000000000000000000 ) ;
#6493 = PLANE ( 'NONE',  #6532 ) ;
#6494 = CARTESIAN_POINT ( 'NONE',  ( 80.00000000000000000, -0.5000000000000000000, 0.000000000000000000 ) ) ;
#6495 = DIRECTION ( 'NONE',  ( 1.301042606982605321E-16, 0.000000000000000000, -1.000000000000000000 ) ) ;
#6496 = CARTESIAN_POINT ( 'NONE',  ( 84.50000000000000000, -2.999999999999999556, 5.000000000000000000 ) ) ;
#6497 = AXIS2_PLACEMENT_3D ( 'NONE', #2316, #3426, #4215 ) ;
#6498 = DIRECTION ( 'NONE',  ( 0.000000000000000000, 0.000000000000000000, 1.000000000000000000 ) ) ;
#6499 = FACE_OUTER_BOUND ( 'NONE', #6963, .T. ) ;
#6500 = EDGE_LOOP ( 'NONE', ( #7931, #5573, #4302, #5426 ) ) ;
#6501 = EDGE_LOOP ( 'NONE', ( #3408, #3924, #1901, #6361 ) ) ;
#6502 = EDGE_CURVE ( 'NONE', #5186, #5729, #2775, .T. ) ;
#6503 = DIRECTION ( 'NONE',  ( 3.083952846180988111E-15, 0.000000000000000000, 1.000000000000000000 ) ) ;
#6504 = AXIS2_PLACEMENT_3D ( 'NONE', #1637, #7256, #5979 ) ;
#6505 = AXIS2_PLACEMENT_3D ( 'NONE', #4989, #4401, #4358 ) ;
#6506 = CARTESIAN_POINT ( 'NONE',  ( 125.0000000000000000, -2.299999999999998934, 0.000000000000000000 ) ) ;
#6507 = VECTOR ( 'NONE', #6989, 1000.000000000000000 ) ;
#6508 = ORIENTED_EDGE ( 'NONE', *, *, #4147, .T. ) ;
#6509 = DIRECTION ( 'NONE',  ( -0.000000000000000000, 1.000000000000000000, -0.000000000000000000 ) ) ;
#6510 = ORIENTED_EDGE ( 'NONE', *, *, #4247, .T. ) ;
#6511 = ADVANCED_FACE ( 'NONE', ( #6544 ), #4673, .F. ) ;
#6512 = B_SPLINE_CURVE_WITH_KNOTS ( 'NONE', 3,
 ( #7389, #4243, #1555, #1726, #6696, #4123, #1094, #929, #6770, #3634 ),
 .UNSPECIFIED., .F., .F.,
 ( 4, 2, 2, 2, 4 ),
 ( 0.000000000000000000, 0.0008318273432409037339, 0.001663654686481807468, 0.002495482029722711093, 0.003327309372963614936 ),
 .UNSPECIFIED. ) ;
#6513 = ORIENTED_EDGE ( 'NONE', *, *, #7542, .T. ) ;
#6514 = CIRCLE ( 'NONE', #3869, 0.5000000000000000000 ) ;
#6515 = AXIS2_PLACEMENT_3D ( 'NONE', #584, #5597, #3726 ) ;
#6516 = PLANE ( 'NONE',  #3616 ) ;
#6517 = CARTESIAN_POINT ( 'NONE',  ( -6.999999999999999112, -5.000000000000000000, 2.499999999999999556 ) ) ;
#6518 = CARTESIAN_POINT ( 'NONE',  ( 69.99999999999998579, -2.999999999999999556, 2.602085213965210642E-15 ) ) ;
#6519 = VECTOR ( 'NONE', #5290, 1000.000000000000000 ) ;
#6520 = DIRECTION ( 'NONE',  ( 0.000000000000000000, 0.000000000000000000, 1.000000000000000000 ) ) ;
#6521 = VERTEX_POINT ( 'NONE', #1571 ) ;
#6522 = CARTESIAN_POINT ( 'NONE',  ( -80.00000000000000000, 6.500000000000000000, 0.000000000000000000 ) ) ;
#6523 = CIRCLE ( 'NONE', #4034, 0.4999999999999976685 ) ;
#6524 = EDGE_LOOP ( 'NONE', ( #5418, #1759, #3554, #4167 ) ) ;
#6525 = EDGE_CURVE ( 'NONE', #6804, #5000, #3840, .T. ) ;
#6526 = EDGE_CURVE ( 'NONE', #788, #4269, #2134, .T. ) ;
#6527 = APPLICATION_PROTOCOL_DEFINITION ( 'draft international standard', 'automotive_design', 1998, #6351 ) ;
#6528 = EDGE_CURVE ( 'NONE', #5730, #3259, #3358, .T. ) ;
#6529 = CARTESIAN_POINT ( 'NONE',  ( 125.0000000000000000, -2.299999999999998934, 3.750000000000006217 ) ) ;
#6530 = DIRECTION ( 'NONE',  ( -0.000000000000000000, 1.000000000000000000, -0.000000000000000000 ) ) ;
#6531 = CIRCLE ( 'NONE', #4545, 0.5000000000000004441 ) ;
#6532 = AXIS2_PLACEMENT_3D ( 'NONE', #7737, #748, #1996 ) ;
#6533 = EDGE_CURVE ( 'NONE', #7165, #3561, #207, .T. ) ;
#6534 = DIRECTION ( 'NONE',  ( 0.000000000000000000, -1.000000000000000000, 0.000000000000000000 ) ) ;
#6535 = VECTOR ( 'NONE', #163, 1000.000000000000000 ) ;
#6536 = ORIENTED_EDGE ( 'NONE', *, *, #7434, .F. ) ;
#6537 = DIRECTION ( 'NONE',  ( -0.000000000000000000, 1.000000000000000000, -0.000000000000000000 ) ) ;
#6538 = ORIENTED_EDGE ( 'NONE', *, *, #2490, .F. ) ;
#6539 = CARTESIAN_POINT ( 'NONE',  ( -6.000000000000000000, -5.000000000000000000, -2.499999999999999556 ) ) ;
#6540 = ORIENTED_EDGE ( 'NONE', *, *, #2591, .F. ) ;
#6541 = AXIS2_PLACEMENT_3D ( 'NONE', #2850, #2224, #2309 ) ;
#6542 = AXIS2_PLACEMENT_3D ( 'NONE', #7320, #4793, #4423 ) ;
#6543 = CARTESIAN_POINT ( 'NONE',  ( 83.87298334620741969, -0.5000000000000000000, -1.000000000000000000 ) ) ;
#6544 = FACE_OUTER_BOUND ( 'NONE', #963, .T. ) ;
#6545 = CIRCLE ( 'NONE', #4559, 4.500000000000003553 ) ;
#6546 = CYLINDRICAL_SURFACE ( 'NONE', #1508, 5.000000000000000000 ) ;
#6547 = PLANE ( 'NONE',  #3363 ) ;
#6548 = DIRECTION ( 'NONE',  ( 0.000000000000000000, 1.000000000000000000, 0.000000000000000000 ) ) ;
#6549 = CARTESIAN_POINT ( 'NONE',  ( 13.34873900228213728, -1.066904685892961391, -6.499999999999998224 ) ) ;
#6550 = ORIENTED_EDGE ( 'NONE', *, *, #2112, .F. ) ;
#6551 = ORIENTED_EDGE ( 'NONE', *, *, #622, .T. ) ;
#6552 = FACE_OUTER_BOUND ( 'NONE', #7423, .T. ) ;
#6553 = CARTESIAN_POINT ( 'NONE',  ( 73.29179606750062703, -0.5000000000000000000, 6.000000000000000000 ) ) ;
#6554 = EDGE_CURVE ( 'NONE', #3700, #6920, #5920, .T. ) ;
#6555 = ORIENTED_EDGE ( 'NONE', *, *, #3257, .F. ) ;
#6556 = DIRECTION ( 'NONE',  ( 0.000000000000000000, -1.000000000000000000, 0.000000000000000000 ) ) ;
#6557 = EDGE_LOOP ( 'NONE', ( #6018, #370, #6154, #6471 ) ) ;
#6558 = ORIENTED_EDGE ( 'NONE', *, *, #6781, .F. ) ;
#6559 = FACE_BOUND ( 'NONE', #1396, .T. ) ;
#6560 = DIRECTION ( 'NONE',  ( -0.000000000000000000, -1.000000000000000000, -0.000000000000000000 ) ) ;
#6561 = CARTESIAN_POINT ( 'NONE',  ( -131.5000000000000000, -1.500000000000000000, 1.673907284147890806 ) ) ;
#6562 = DIRECTION ( 'NONE',  ( 0.000000000000000000, 1.000000000000000000, -0.000000000000000000 ) ) ;
#6563 = ORIENTED_EDGE ( 'NONE', *, *, #3435, .T. ) ;
#6564 = LINE ( 'NONE', #893, #3368 ) ;
#6565 = ORIENTED_EDGE ( 'NONE', *, *, #656, .T. ) ;
#6566 = CARTESIAN_POINT ( 'NONE',  ( 80.00000000000000000, 6.500000000000000000, -1.649999999999998579 ) ) ;
#6567 = CIRCLE ( 'NONE', #4212, 5.000000000000000000 ) ;
#6568 = DIRECTION ( 'NONE',  ( 1.000000000000000000, -0.000000000000000000, 0.000000000000000000 ) ) ;
#6569 = CARTESIAN_POINT ( 'NONE',  ( 131.5000000000000000, -0.8393163407633588147, 1.103576677227562586 ) ) ;
#6570 = EDGE_CURVE ( 'NONE', #1660, #7556, #7203, .T. ) ;
#6571 = PRODUCT_RELATED_PRODUCT_CATEGORY ( 'part', '', ( #117 ) ) ;
#6572 = EDGE_CURVE ( 'NONE', #6857, #680, #2864, .T. ) ;
#6573 = CARTESIAN_POINT ( 'NONE',  ( -88.66025403784438197, -0.4999999999999995559, 1.000000000000000000 ) ) ;
#6574 = ORIENTED_EDGE ( 'NONE', *, *, #1675, .T. ) ;
#6575 = DIRECTION ( 'NONE',  ( 0.000000000000000000, -1.000000000000000000, 0.000000000000000000 ) ) ;
#6576 = ORIENTED_EDGE ( 'NONE', *, *, #7529, .T. ) ;
#6577 = ORIENTED_EDGE ( 'NONE', *, *, #1719, .T. ) ;
#6578 = DIRECTION ( 'NONE',  ( 0.000000000000000000, 0.000000000000000000, 1.000000000000000000 ) ) ;
#6579 = EDGE_CURVE ( 'NONE', #5730, #6041, #6362, .T. ) ;
#6580 = DIRECTION ( 'NONE',  ( 1.000000000000000000, -2.168404344971008868E-16, 0.000000000000000000 ) ) ;
#6581 = EDGE_CURVE ( 'NONE', #7078, #1995, #6091, .T. ) ;
#6582 = DIRECTION ( 'NONE',  ( 1.000000000000000000, 0.000000000000000000, 0.000000000000000000 ) ) ;
#6583 = CARTESIAN_POINT ( 'NONE',  ( -15.10456796088380216, -0.9999999999999992228, -6.500000000000000888 ) ) ;
#6584 = CIRCLE ( 'NONE', #5923, 0.5000000000000001110 ) ;
#6585 = DIRECTION ( 'NONE',  ( -0.000000000000000000, -1.000000000000000000, 0.000000000000000000 ) ) ;
#6586 = CARTESIAN_POINT ( 'NONE',  ( 13.80018990616653696, -1.462177125863626914, -6.500000000000000000 ) ) ;
#6587 = VERTEX_POINT ( 'NONE', #7604 ) ;
#6588 = ORIENTED_EDGE ( 'NONE', *, *, #4505, .F. ) ;
#6589 = CARTESIAN_POINT ( 'NONE',  ( 69.99999999999998579, -2.999999999999999556, -4.999999999999997335 ) ) ;
#6590 = ORIENTED_EDGE ( 'NONE', *, *, #2156, .F. ) ;
#6591 = ORIENTED_EDGE ( 'NONE', *, *, #3101, .F. ) ;
#6592 = ORIENTED_EDGE ( 'NONE', *, *, #2678, .T. ) ;
#6593 = CARTESIAN_POINT ( 'NONE',  ( -19.00000000000000355, -2.999999999999999556, 1.421904488505581133E-16 ) ) ;
#6594 = ORIENTED_EDGE ( 'NONE', *, *, #7330, .F. ) ;
#6595 = ORIENTED_EDGE ( 'NONE', *, *, #805, .F. ) ;
#6596 = FACE_OUTER_BOUND ( 'NONE', #3589, .T. ) ;
#6597 = FACE_OUTER_BOUND ( 'NONE', #1029, .T. ) ;
#6598 = LINE ( 'NONE', #4863, #1354 ) ;
#6599 = CARTESIAN_POINT ( 'NONE',  ( 0.000000000000000000, 0.000000000000000000, -2.499999999999999556 ) ) ;
#6600 = VERTEX_POINT ( 'NONE', #3025 ) ;
#6601 = CARTESIAN_POINT ( 'NONE',  ( 44.20820393249938718, 6.500000000000000000, 6.000000000000000000 ) ) ;
#6602 = EDGE_LOOP ( 'NONE', ( #3523, #7407, #5504, #1882 ) ) ;
#6603 = DIRECTION ( 'NONE',  ( -0.000000000000000000, -1.000000000000000000, -0.000000000000000000 ) ) ;
#6604 = CARTESIAN_POINT ( 'NONE',  ( 4.000000000000000000, 2.499999999999999556, -4.999999999999997335 ) ) ;
#6605 = CARTESIAN_POINT ( 'NONE',  ( 130.9999999999999147, -1.000000000000021094, 1.552214998775298671 ) ) ;
#6606 = TOROIDAL_SURFACE ( 'NONE', #7661, 4.499999999999997335, 0.5000000000000000000 ) ;
#6607 = CARTESIAN_POINT ( 'NONE',  ( 6.999999999999999112, 6.500000000000000000, 5.000000000000002665 ) ) ;
#6608 = VERTEX_POINT ( 'NONE', #6975 ) ;
#6609 = CIRCLE ( 'NONE', #4496, 5.000000000000000000 ) ;
#6610 = DIRECTION ( 'NONE',  ( 1.892425610156516974E-15, 0.000000000000000000, 1.000000000000000000 ) ) ;
#6611 = ORIENTED_EDGE ( 'NONE', *, *, #4904, .T. ) ;
#6612 = PLANE ( 'NONE',  #2300 ) ;
#6613 = VECTOR ( 'NONE', #3383, 1000.000000000000000 ) ;
#6614 = ORIENTED_EDGE ( 'NONE', *, *, #1543, .T. ) ;
#6615 = EDGE_CURVE ( 'NONE', #8191, #3165, #2794, .T. ) ;
#6616 = CARTESIAN_POINT ( 'NONE',  ( -5.999999999999999112, 4.000000000000000000, -2.499999999999999556 ) ) ;
#6617 = EDGE_CURVE ( 'NONE', #7236, #772, #13, .T. ) ;
#6618 = CARTESIAN_POINT ( 'NONE',  ( -80.00000000000000000, -2.299999999999998934, 0.000000000000000000 ) ) ;
#6619 = VECTOR ( 'NONE', #7135, 1000.000000000000000 ) ;
#6620 = CARTESIAN_POINT ( 'NONE',  ( 127.9832141033482884, -1.000000000000000000, -2.664663883791701604 ) ) ;
#6621 = CYLINDRICAL_SURFACE ( 'NONE', #2027, 1.649999999999998579 ) ;
#6622 = CARTESIAN_POINT ( 'NONE',  ( -14.54815395912971887, -1.462177125863595606, -6.500000000000000000 ) ) ;
#6623 = CIRCLE ( 'NONE', #3723, 4.499999999999997335 ) ;
#6624 = DIRECTION ( 'NONE',  ( 1.000000000000000000, 0.000000000000000000, 0.000000000000000000 ) ) ;
#6626 = ORIENTED_EDGE ( 'NONE', *, *, #5675, .T. ) ;
#6625 = CIRCLE ( 'NONE', #7021, 0.4999999999999998890 ) ;
#6627 = ADVANCED_FACE ( 'NONE', ( #684 ), #6359, .T. ) ;
#6628 = ORIENTED_EDGE ( 'NONE', *, *, #8186, .T. ) ;
#6629 = EDGE_CURVE ( 'NONE', #5025, #366, #1458, .T. ) ;
#6630 = VECTOR ( 'NONE', #1552, 1000.000000000000000 ) ;
#6631 = CARTESIAN_POINT ( 'NONE',  ( -125.0000000000000000, 6.500000000000000000, 0.000000000000000000 ) ) ;
#6632 = AXIS2_PLACEMENT_3D ( 'NONE', #1494, #7907, #833 ) ;
#6633 = DIRECTION ( 'NONE',  ( 0.000000000000000000, 1.000000000000000000, 0.000000000000000000 ) ) ;
#6634 = EDGE_CURVE ( 'NONE', #2402, #3177, #8068, .T. ) ;
#6635 = EDGE_LOOP ( 'NONE', ( #3612, #2677, #361, #7789 ) ) ;
#6636 = EDGE_LOOP ( 'NONE', ( #1645, #1950 ) ) ;
#6637 = DIRECTION ( 'NONE',  ( 0.000000000000000000, 1.000000000000000000, 0.000000000000000000 ) ) ;
#6638 = EDGE_LOOP ( 'NONE', ( #1329, #4901, #636, #6031 ) ) ;
#6639 = ORIENTED_EDGE ( 'NONE', *, *, #7225, .T. ) ;
#6640 = DIRECTION ( 'NONE',  ( -0.000000000000000000, 1.000000000000000000, -0.000000000000000000 ) ) ;
#6641 = CIRCLE ( 'NONE', #2023, 0.5000000000000004441 ) ;
#6642 = CARTESIAN_POINT ( 'NONE',  ( 20.12461179749810825, -0.5000000000000000000, -6.000000000000000000 ) ) ;
#6643 = VERTEX_POINT ( 'NONE', #6710 ) ;
#6644 = FACE_OUTER_BOUND ( 'NONE', #5197, .T. ) ;
#6645 = AXIS2_PLACEMENT_3D ( 'NONE', #2241, #4755, #7985 ) ;
#6646 = CYLINDRICAL_SURFACE ( 'NONE', #1188, 0.5000000000000000000 ) ;
#6647 = ORIENTED_EDGE ( 'NONE', *, *, #7233, .T. ) ;
#6648 = AXIS2_PLACEMENT_3D ( 'NONE', #7255, #3544, #2756 ) ;
#6649 = DIRECTION ( 'NONE',  ( 4.163336342344337815E-15, 0.000000000000000000, 1.000000000000000000 ) ) ;
#6650 = EDGE_LOOP ( 'NONE', ( #2114, #744, #7386, #8038 ) ) ;
#6651 = AXIS2_PLACEMENT_3D ( 'NONE', #5493, #972, #7835 ) ;
#6652 = CARTESIAN_POINT ( 'NONE',  ( 42.50000000000000711, -2.999999999999999556, -4.999999999999997335 ) ) ;
#6653 = CARTESIAN_POINT ( 'NONE',  ( 131.5000000000000000, -0.9999999999999378275, 1.552214998775298671 ) ) ;
#6654 = AXIS2_PLACEMENT_3D ( 'NONE', #497, #8107, #2456 ) ;
#6655 = AXIS2_PLACEMENT_3D ( 'NONE', #3442, #6672, #7867 ) ;
#6656 = DIRECTION ( 'NONE',  ( 0.000000000000000000, 0.000000000000000000, -1.000000000000000000 ) ) ;
#6657 = VERTEX_POINT ( 'NONE', #5467 ) ;
#6658 = LINE ( 'NONE', #3522, #5481 ) ;
#6659 = ORIENTED_EDGE ( 'NONE', *, *, #7762, .T. ) ;
#6660 = CARTESIAN_POINT ( 'NONE',  ( -125.0000000000000000, -2.299999999999998934, -3.750000000000006217 ) ) ;
#6661 = ORIENTED_EDGE ( 'NONE', *, *, #4742, .T. ) ;
#6662 = AXIS2_PLACEMENT_3D ( 'NONE', #3601, #7932, #1740 ) ;
#6663 = DIRECTION ( 'NONE',  ( -1.000000000000000000, 0.000000000000000000, -1.301042606982605321E-16 ) ) ;
#6664 = VECTOR ( 'NONE', #3407, 1000.000000000000000 ) ;
#6665 = AXIS2_PLACEMENT_3D ( 'NONE', #2321, #1737, #1106 ) ;
#6666 = DIRECTION ( 'NONE',  ( 0.000000000000000000, -1.000000000000000000, 0.000000000000000000 ) ) ;
#6667 = DIRECTION ( 'NONE',  ( 0.000000000000000000, -1.000000000000000000, 0.000000000000000000 ) ) ;
#6668 = AXIS2_PLACEMENT_3D ( 'NONE', #3404, #5956, #750 ) ;
#6669 = DIRECTION ( 'NONE',  ( 0.000000000000000000, 0.000000000000000000, -1.000000000000000000 ) ) ;
#6670 = AXIS2_PLACEMENT_3D ( 'NONE', #1262, #3133, #3786 ) ;
#6671 = VECTOR ( 'NONE', #7114, 1000.000000000000000 ) ;
#6672 = DIRECTION ( 'NONE',  ( -0.000000000000000000, 1.000000000000000000, -0.000000000000000000 ) ) ;
#6673 = ORIENTED_EDGE ( 'NONE', *, *, #890, .T. ) ;
#6674 = CIRCLE ( 'NONE', #6668, 2.750000000000000000 ) ;
#6675 = LINE ( 'NONE', #1003, #5331 ) ;
#6676 = ORIENTED_EDGE ( 'NONE', *, *, #3698, .F. ) ;
#6677 = AXIS2_PLACEMENT_3D ( 'NONE', #3212, #5731, #1973 ) ;
#6678 = CARTESIAN_POINT ( 'NONE',  ( 5.999999999999999112, 6.500000000000000000, -3.999999999999997335 ) ) ;
#6679 = CARTESIAN_POINT ( 'NONE',  ( -77.52564170347304184, 6.500000000000000000, -3.142857142857148567 ) ) ;
#6680 = EDGE_CURVE ( 'NONE', #7786, #4344, #5074, .T. ) ;
#6681 = EDGE_CURVE ( 'NONE', #3330, #7088, #7937, .T. ) ;
#6682 = EDGE_CURVE ( 'NONE', #3602, #6431, #1743, .T. ) ;
#6683 = ORIENTED_EDGE ( 'NONE', *, *, #1675, .F. ) ;
#6684 = CARTESIAN_POINT ( 'NONE',  ( 3.000000000000000444, 6.500000000000000000, -3.999999999999998224 ) ) ;
#6685 = ORIENTED_EDGE ( 'NONE', *, *, #5220, .T. ) ;
#6686 = VECTOR ( 'NONE', #815, 1000.000000000000000 ) ;
#6687 = ORIENTED_EDGE ( 'NONE', *, *, #5674, .T. ) ;
#6688 = PLANE ( 'NONE',  #6255 ) ;
#6689 = ADVANCED_FACE ( 'NONE', ( #3655, #1155 ), #8061, .T. ) ;
#6690 = CARTESIAN_POINT ( 'NONE',  ( -80.00000000000000000, -2.299999999999998934, 0.000000000000000000 ) ) ;
#6691 = CARTESIAN_POINT ( 'NONE',  ( 27.50000000000000000, -6.500000000000000000, 4.999999999999999112 ) ) ;
#6692 = ORIENTED_EDGE ( 'NONE', *, *, #6579, .F. ) ;
#6693 = EDGE_CURVE ( 'NONE', #7044, #2475, #1081, .T. ) ;
#6694 = DIRECTION ( 'NONE',  ( 0.000000000000000000, 0.000000000000000000, -1.000000000000000000 ) ) ;
#6695 = ORIENTED_EDGE ( 'NONE', *, *, #50, .F. ) ;
#6696 = CARTESIAN_POINT ( 'NONE',  ( 12.98993790619886113, -1.260762860229463378, 6.500000000000000000 ) ) ;
#6697 = ORIENTED_EDGE ( 'NONE', *, *, #7619, .F. ) ;
#6698 = VECTOR ( 'NONE', #3689, 1000.000000000000000 ) ;
#6699 = CYLINDRICAL_SURFACE ( 'NONE', #1930, 5.000000000000000000 ) ;
#6700 = CARTESIAN_POINT ( 'NONE',  ( -125.0000000000000000, -0.5000000000000000000, 0.000000000000000000 ) ) ;
#6701 = FACE_OUTER_BOUND ( 'NONE', #5123, .T. ) ;
#6702 = ORIENTED_EDGE ( 'NONE', *, *, #2779, .F. ) ;
#6703 = DIRECTION ( 'NONE',  ( -1.000000000000000000, 0.000000000000000000, 0.000000000000000000 ) ) ;
#6704 = ORIENTED_EDGE ( 'NONE', *, *, #7343, .F. ) ;
#6705 = DIRECTION ( 'NONE',  ( -1.000000000000000000, 0.000000000000000000, -0.000000000000000000 ) ) ;
#6706 = ORIENTED_EDGE ( 'NONE', *, *, #6725, .F. ) ;
#6707 = CARTESIAN_POINT ( 'NONE',  ( 20.12461179749810825, -1.000000000000000000, 6.000000000000000000 ) ) ;
#6708 = CIRCLE ( 'NONE', #6312, 10.00000000000000000 ) ;
#6709 = CARTESIAN_POINT ( 'NONE',  ( 131.5000000000000000, -0.5000000000000000000, -0.5418045322075869530 ) ) ;
#6710 = CARTESIAN_POINT ( 'NONE',  ( 42.50000000000000000, -6.500000000000000000, -4.336808689942015369E-15 ) ) ;
#6711 = CARTESIAN_POINT ( 'NONE',  ( 3.999999999999999112, -2.499999999999999556, 4.000000000000002665 ) ) ;
#6712 = DIRECTION ( 'NONE',  ( 0.000000000000000000, 0.000000000000000000, 1.000000000000000000 ) ) ;
#6713 = LINE ( 'NONE', #1035, #2689 ) ;
#6714 = EDGE_LOOP ( 'NONE', ( #229, #2798 ) ) ;
#6715 = CARTESIAN_POINT ( 'NONE',  ( -2.999999999999999112, 1.887458608817686123, -2.499999999999999556 ) ) ;
#6716 = ORIENTED_EDGE ( 'NONE', *, *, #6615, .T. ) ;
#6717 = CARTESIAN_POINT ( 'NONE',  ( 131.5000000000000000, -1.375051583522516996, -1.045099748974448683 ) ) ;
#6718 = PLANE ( 'NONE',  #8119 ) ;
#6719 = VERTEX_POINT ( 'NONE', #4308 ) ;
#6720 = DIRECTION ( 'NONE',  ( -0.7453559924999326736, 0.000000000000000000, -0.6666666666666636321 ) ) ;
#6721 = ORIENTED_EDGE ( 'NONE', *, *, #5463, .F. ) ;
#6722 = ORIENTED_EDGE ( 'NONE', *, *, #6269, .T. ) ;
#6723 = EDGE_CURVE ( 'NONE', #3253, #8155, #1598, .T. ) ;
#6724 = CARTESIAN_POINT ( 'NONE',  ( -5.999999999999999112, -4.000000000000000000, 2.499999999999999556 ) ) ;
#6725 = EDGE_CURVE ( 'NONE', #3619, #780, #4502, .T. ) ;
#6726 = EDGE_CURVE ( 'NONE', #7596, #7946, #3590, .T. ) ;
#6727 = CARTESIAN_POINT ( 'NONE',  ( 37.50000000000000711, -2.299999999999998934, 0.000000000000000000 ) ) ;
#6728 = CARTESIAN_POINT ( 'NONE',  ( 11.19432624775223495, -1.000000000000000000, -1.500000000000002220 ) ) ;
#6729 = ORIENTED_EDGE ( 'NONE', *, *, #2676, .F. ) ;
#6730 = DIRECTION ( 'NONE',  ( -1.000000000000000000, -0.000000000000000000, -0.000000000000000000 ) ) ;
#6731 = ORIENTED_EDGE ( 'NONE', *, *, #1736, .T. ) ;
#6732 = EDGE_CURVE ( 'NONE', #8088, #3957, #5540, .T. ) ;
#6733 = DIRECTION ( 'NONE',  ( 0.000000000000000000, 0.000000000000000000, 1.000000000000000000 ) ) ;
#6734 = EDGE_LOOP ( 'NONE', ( #175, #7253, #4484, #1682 ) ) ;
#6735 = DIRECTION ( 'NONE',  ( 0.000000000000000000, 0.000000000000000000, 1.000000000000000000 ) ) ;
#6736 = ADVANCED_FACE ( 'NONE', ( #186 ), #3219, .F. ) ;
#6737 = DIRECTION ( 'NONE',  ( 0.000000000000000000, 0.000000000000000000, -1.000000000000000000 ) ) ;
#6738 = ORIENTED_EDGE ( 'NONE', *, *, #6371, .T. ) ;
#6739 = FACE_OUTER_BOUND ( 'NONE', #597, .T. ) ;
#6740 = ORIENTED_EDGE ( 'NONE', *, *, #2941, .T. ) ;
#6741 = CARTESIAN_POINT ( 'NONE',  ( 12.98993790773280566, -1.260762856568145240, -6.500000000000000000 ) ) ;
#6742 = DIRECTION ( 'NONE',  ( 0.000000000000000000, 0.000000000000000000, 1.000000000000000000 ) ) ;
#6743 = ORIENTED_EDGE ( 'NONE', *, *, #3453, .T. ) ;
#6744 = CARTESIAN_POINT ( 'NONE',  ( 131.5000000000000000, -0.7635304067510890746, -0.5685432124331889492 ) ) ;
#6745 = CARTESIAN_POINT ( 'NONE',  ( -75.00000000000000000, -2.999999999999999556, -4.999999999999999112 ) ) ;
#6746 = CARTESIAN_POINT ( 'NONE',  ( -125.0000000000000000, -1.500000000000000000, 6.000000000000000000 ) ) ;
#6747 = DIRECTION ( 'NONE',  ( 0.000000000000000000, 1.000000000000000000, 0.000000000000000000 ) ) ;
#6748 = DIRECTION ( 'NONE',  ( 1.000000000000000000, 0.000000000000000000, 0.000000000000000000 ) ) ;
#6749 = DIRECTION ( 'NONE',  ( 0.000000000000000000, 0.000000000000000000, -1.000000000000000000 ) ) ;
#6750 = EDGE_LOOP ( 'NONE', ( #1310, #6944, #2040, #46 ) ) ;
#6751 = CIRCLE ( 'NONE', #6874, 4.000000000000003553 ) ;
#6752 =( LENGTH_UNIT ( ) NAMED_UNIT ( * ) SI_UNIT ( .MILLI., .METRE. ) );
#6753 = DIRECTION ( 'NONE',  ( 0.000000000000000000, 1.000000000000000000, 0.000000000000000000 ) ) ;
#6754 = DIRECTION ( 'NONE',  ( -1.000000000000000000, -0.000000000000000000, -0.000000000000000000 ) ) ;
#6755 = CIRCLE ( 'NONE', #5959, 0.5000000000000004441 ) ;
#6756 = EDGE_CURVE ( 'NONE', #7912, #6920, #6228, .T. ) ;
#6757 = ORIENTED_EDGE ( 'NONE', *, *, #2118, .T. ) ;
#6758 = DIRECTION ( 'NONE',  ( 0.000000000000000000, 0.000000000000000000, -1.000000000000000000 ) ) ;
#6759 = EDGE_LOOP ( 'NONE', ( #4485, #689, #7702, #2130 ) ) ;
#6760 = ADVANCED_FACE ( 'NONE', ( #7101 ), #5118, .F. ) ;
#6761 = ORIENTED_EDGE ( 'NONE', *, *, #6426, .T. ) ;
#6762 = AXIS2_PLACEMENT_3D ( 'NONE', #638, #5142, #1294 ) ;
#6763 = DIRECTION ( 'NONE',  ( -1.000000000000000000, 0.000000000000000000, 0.000000000000000000 ) ) ;
#6764 = DIRECTION ( 'NONE',  ( 0.000000000000000000, -0.000000000000000000, -1.000000000000000000 ) ) ;
#6765 = FACE_OUTER_BOUND ( 'NONE', #4724, .T. ) ;
#6766 = VERTEX_POINT ( 'NONE', #5899 ) ;
#6767 = CARTESIAN_POINT ( 'NONE',  ( 125.0000000000000000, -0.5000000000000000000, 0.000000000000000000 ) ) ;
#6768 = EDGE_CURVE ( 'NONE', #7786, #5121, #6755, .T. ) ;
#6769 = ORIENTED_EDGE ( 'NONE', *, *, #906, .F. ) ;
#6770 = CARTESIAN_POINT ( 'NONE',  ( 11.44513185619117301, -0.6182303072366215346, 6.500000000000000000 ) ) ;
#6771 = ORIENTED_EDGE ( 'NONE', *, *, #5206, .T. ) ;
#6772 = CARTESIAN_POINT ( 'NONE',  ( 27.50000000000000000, -6.500000000000000000, -8.673617379884035472E-16 ) ) ;
#6773 = CARTESIAN_POINT ( 'NONE',  ( -2.999999999999999112, -1.887458608817686123, 6.500000000000000000 ) ) ;
#6774 = AXIS2_PLACEMENT_3D ( 'NONE', #3678, #6238, #4412 ) ;
#6775 = AXIS2_PLACEMENT_3D ( 'NONE', #4734, #7880, #3548 ) ;
#6776 = CARTESIAN_POINT ( 'NONE',  ( -11.94229030071541864, -1.000000000000000000, 6.000000000000000000 ) ) ;
#6777 = EDGE_CURVE ( 'NONE', #3225, #1018, #4488, .T. ) ;
#6778 = ORIENTED_EDGE ( 'NONE', *, *, #3995, .F. ) ;
#6779 = EDGE_CURVE ( 'NONE', #787, #6049, #7756, .T. ) ;
#6780 = CARTESIAN_POINT ( 'NONE',  ( -131.1462354366582019, -0.5000000000000000000, 1.101118581567377408 ) ) ;
#6781 = EDGE_CURVE ( 'NONE', #3762, #5983, #2067, .T. ) ;
#6782 = VERTEX_POINT ( 'NONE', #7176 ) ;
#6783 = DIRECTION ( 'NONE',  ( -0.000000000000000000, 1.000000000000000000, -0.000000000000000000 ) ) ;
#6784 = FACE_OUTER_BOUND ( 'NONE', #6959, .T. ) ;
#6785 = LINE ( 'NONE', #1826, #5878 ) ;
#6786 = VECTOR ( 'NONE', #6640, 1000.000000000000000 ) ;
#6787 = VECTOR ( 'NONE', #7207, 1000.000000000000000 ) ;
#6788 = CARTESIAN_POINT ( 'NONE',  ( 83.35410196624968648, -0.5000000000000000000, -3.000000000000000888 ) ) ;
#6789 = EDGE_CURVE ( 'NONE', #988, #3621, #69, .T. ) ;
#6790 = DIRECTION ( 'NONE',  ( 0.000000000000000000, 1.000000000000000000, 0.000000000000000000 ) ) ;
#6791 = CARTESIAN_POINT ( 'NONE',  ( -7.750000000000000000, 3.367778697655220519E-16, 6.500000000000000000 ) ) ;
#6792 = VECTOR ( 'NONE', #7662, 1000.000000000000000 ) ;
#6793 = DIRECTION ( 'NONE',  ( -0.000000000000000000, -1.000000000000000000, -0.000000000000000000 ) ) ;
#6794 = CIRCLE ( 'NONE', #5610, 4.999999999999999112 ) ;
#6795 = CARTESIAN_POINT ( 'NONE',  ( 11.19432624775224028, 6.500000000000000000, -6.500000000000000000 ) ) ;
#6796 = ORIENTED_EDGE ( 'NONE', *, *, #3546, .T. ) ;
#6797 = CIRCLE ( 'NONE', #3378, 5.000000000000000000 ) ;
#6798 = DIRECTION ( 'NONE',  ( -0.000000000000000000, 1.000000000000000000, -0.000000000000000000 ) ) ;
#6799 = CIRCLE ( 'NONE', #3503, 9.500000000000000000 ) ;
#6800 = CARTESIAN_POINT ( 'NONE',  ( -80.00000000000000000, -1.000000000000000000, 0.000000000000000000 ) ) ;
#6801 = AXIS2_PLACEMENT_3D ( 'NONE', #61, #7787, #3866 ) ;
#6802 = DIRECTION ( 'NONE',  ( 1.000000000000000000, 0.000000000000000000, -0.000000000000000000 ) ) ;
#6803 = AXIS2_PLACEMENT_3D ( 'NONE', #2158, #823, #7865 ) ;
#6804 = VERTEX_POINT ( 'NONE', #7717 ) ;
#6805 = CYLINDRICAL_SURFACE ( 'NONE', #3377, 4.000000000000003553 ) ;
#6806 = ORIENTED_EDGE ( 'NONE', *, *, #4937, .T. ) ;
#6807 = ORIENTED_EDGE ( 'NONE', *, *, #760, .F. ) ;
#6808 = VECTOR ( 'NONE', #6352, 1000.000000000000000 ) ;
#6809 = AXIS2_PLACEMENT_3D ( 'NONE', #7239, #1569, #2276 ) ;
#6810 = DIRECTION ( 'NONE',  ( -0.000000000000000000, -1.000000000000000000, -0.000000000000000000 ) ) ;
#6811 = DIRECTION ( 'NONE',  ( 0.000000000000000000, 0.000000000000000000, 1.000000000000000000 ) ) ;
#6812 = DIRECTION ( 'NONE',  ( 0.000000000000000000, 1.000000000000000000, 0.000000000000000000 ) ) ;
#6813 = EDGE_CURVE ( 'NONE', #4242, #1020, #2100, .T. ) ;
#6814 = ORIENTED_EDGE ( 'NONE', *, *, #1620, .T. ) ;
#6815 = AXIS2_PLACEMENT_3D ( 'NONE', #1168, #2500, #3075 ) ;
#6816 = LINE ( 'NONE', #8084, #4813 ) ;
#6817 = ORIENTED_EDGE ( 'NONE', *, *, #3435, .F. ) ;
#6818 = DIRECTION ( 'NONE',  ( -0.000000000000000000, 1.000000000000000000, -0.000000000000000000 ) ) ;
#6819 = ORIENTED_EDGE ( 'NONE', *, *, #5624, .F. ) ;
#6820 = PLANE ( 'NONE',  #2962 ) ;
#6821 = CARTESIAN_POINT ( 'NONE',  ( -3.999999999999999112, 3.999999999999999112, -2.499999999999999556 ) ) ;
#6822 = CARTESIAN_POINT ( 'NONE',  ( -13.73790196069598402, -1.260762856568080847, 6.500000000000000000 ) ) ;
#6823 = ORIENTED_EDGE ( 'NONE', *, *, #511, .F. ) ;
#6824 = DIRECTION ( 'NONE',  ( 0.000000000000000000, 1.000000000000000000, 0.000000000000000000 ) ) ;
#6825 = VERTEX_POINT ( 'NONE', #2759 ) ;
#6826 = LINE ( 'NONE', #6117, #842 ) ;
#6827 = DIRECTION ( 'NONE',  ( 0.000000000000000000, 0.000000000000000000, 1.000000000000000000 ) ) ;
#6828 = LINE ( 'NONE', #4376, #196 ) ;
#6829 = CARTESIAN_POINT ( 'NONE',  ( 131.0000000000000000, -1.000000000000000000, 1.552214998774830601 ) ) ;
#6830 = EDGE_CURVE ( 'NONE', #7758, #2659, #1342, .T. ) ;
#6831 = ADVANCED_FACE ( 'NONE', ( #6403 ), #1509, .T. ) ;
#6832 = CARTESIAN_POINT ( 'NONE',  ( 131.5000000000000000, -1.000000000000000000, 6.000000000000000000 ) ) ;
#6833 = CARTESIAN_POINT ( 'NONE',  ( -14.00604821741171691, -1.343147071356769695, 6.500000000000000000 ) ) ;
#6834 = CARTESIAN_POINT ( 'NONE',  ( 86.70820393249938718, -1.000000000000000000, 1.000000000000000000 ) ) ;
#6835 = DIRECTION ( 'NONE',  ( 0.000000000000000000, -0.000000000000000000, -1.000000000000000000 ) ) ;
#6836 = EDGE_CURVE ( 'NONE', #7944, #3832, #7671, .T. ) ;
#6837 = VERTEX_POINT ( 'NONE', #5151 ) ;
#6838 = DIRECTION ( 'NONE',  ( -0.000000000000000000, 1.000000000000000000, -0.000000000000000000 ) ) ;
#6839 = EDGE_CURVE ( 'NONE', #88, #1713, #2657, .T. ) ;
#6840 = FACE_OUTER_BOUND ( 'NONE', #3160, .T. ) ;
#6841 = DIRECTION ( 'NONE',  ( 0.000000000000000000, 0.000000000000000000, 1.000000000000000000 ) ) ;
#6842 = EDGE_LOOP ( 'NONE', ( #423, #2164, #1566, #7097 ) ) ;
#6843 = DIRECTION ( 'NONE',  ( 0.000000000000000000, 1.000000000000000000, 0.000000000000000000 ) ) ;
#6844 = ORIENTED_EDGE ( 'NONE', *, *, #658, .T. ) ;
#6845 = ORIENTED_EDGE ( 'NONE', *, *, #4708, .T. ) ;
#6846 = FACE_OUTER_BOUND ( 'NONE', #5435, .T. ) ;
#6847 = CARTESIAN_POINT ( 'NONE',  ( -5.999999999999999112, 4.000000000000000888, 6.500000000000000000 ) ) ;
#6848 = DIRECTION ( 'NONE',  ( 0.000000000000000000, 0.000000000000000000, 1.000000000000000000 ) ) ;
#6849 = EDGE_LOOP ( 'NONE', ( #4032, #6438 ) ) ;
#6850 = DIRECTION ( 'NONE',  ( 0.000000000000000000, 0.000000000000000000, -1.000000000000000000 ) ) ;
#6851 = ORIENTED_EDGE ( 'NONE', *, *, #4601, .T. ) ;
#6852 = FACE_OUTER_BOUND ( 'NONE', #265, .T. ) ;
#6853 = ORIENTED_EDGE ( 'NONE', *, *, #6985, .T. ) ;
#6854 = DIRECTION ( 'NONE',  ( 1.000000000000000000, -0.000000000000000000, 0.000000000000000000 ) ) ;
#6855 = DIRECTION ( 'NONE',  ( 0.000000000000000000, -1.000000000000000000, 0.000000000000000000 ) ) ;
#6856 = DIRECTION ( 'NONE',  ( -0.000000000000000000, -1.000000000000000000, -0.000000000000000000 ) ) ;
#6857 = VERTEX_POINT ( 'NONE', #1461 ) ;
#6858 = DIRECTION ( 'NONE',  ( 0.000000000000000000, 1.000000000000000000, 0.000000000000000000 ) ) ;
#6859 = ORIENTED_EDGE ( 'NONE', *, *, #353, .T. ) ;
#6860 = FACE_OUTER_BOUND ( 'NONE', #8010, .T. ) ;
#6861 = CARTESIAN_POINT ( 'NONE',  ( 41.37298334620742679, -0.5000000000000000000, -1.000000000000000000 ) ) ;
#6862 = DIRECTION ( 'NONE',  ( -1.000000000000000000, 0.000000000000000000, 0.000000000000000000 ) ) ;
#6863 = DIRECTION ( 'NONE',  ( 0.000000000000000000, -1.000000000000000000, 0.000000000000000000 ) ) ;
#6864 = DIRECTION ( 'NONE',  ( -0.000000000000000000, -1.000000000000000000, -0.000000000000000000 ) ) ;
#6865 = DIRECTION ( 'NONE',  ( -0.000000000000000000, 1.000000000000000000, -0.000000000000000000 ) ) ;
#6866 = EDGE_CURVE ( 'NONE', #3561, #3863, #7275, .T. ) ;
#6867 = CARTESIAN_POINT ( 'NONE',  ( 131.7122317325336383, 6.500000000000000000, 5.995493738531336270 ) ) ;
#6868 = EDGE_LOOP ( 'NONE', ( #629, #3691, #3209, #6073, #5606, #7559, #5845, #7316 ) ) ;
#6869 = DIRECTION ( 'NONE',  ( -1.000000000000000000, 0.000000000000000000, 0.000000000000000000 ) ) ;
#6870 = B_SPLINE_CURVE_WITH_KNOTS ( 'NONE', 3,
 ( #5324, #1644, #5985, #2922, #7840, #4172, #2189, #5373 ),
 .UNSPECIFIED., .F., .F.,
 ( 4, 2, 2, 4 ),
 ( 0.000000000000000000, 0.0004281497256435318720, 0.0006422245884652900017, 0.0008562994512870481315 ),
 .UNSPECIFIED. ) ;
#6871 = LINE ( 'NONE', #3032, #7537 ) ;
#6872 = DIRECTION ( 'NONE',  ( -0.000000000000000000, 1.000000000000000000, -0.000000000000000000 ) ) ;
#6873 = ORIENTED_EDGE ( 'NONE', *, *, #3448, .F. ) ;
#6874 = AXIS2_PLACEMENT_3D ( 'NONE', #6631, #1005, #2750 ) ;
#6875 = EDGE_CURVE ( 'NONE', #98, #3492, #846, .T. ) ;
#6876 = CARTESIAN_POINT ( 'NONE',  ( -2.999999999999999112, 1.887458608817686123, -6.500000000000000000 ) ) ;
#6877 = EDGE_CURVE ( 'NONE', #5666, #1690, #4784, .T. ) ;
#6878 = ORIENTED_EDGE ( 'NONE', *, *, #890, .F. ) ;
#6879 = ORIENTED_EDGE ( 'NONE', *, *, #3000, .T. ) ;
#6880 = AXIS2_PLACEMENT_3D ( 'NONE', #8097, #2558, #572 ) ;
#6881 = CARTESIAN_POINT ( 'NONE',  ( 86.70820393249938718, -1.000000000000000000, 6.000000000000000000 ) ) ;
#6882 = FACE_OUTER_BOUND ( 'NONE', #482, .T. ) ;
#6883 = AXIS2_PLACEMENT_3D ( 'NONE', #4059, #243, #4591 ) ;
#6884 = EDGE_CURVE ( 'NONE', #7425, #3587, #2031, .T. ) ;
#6885 = CYLINDRICAL_SURFACE ( 'NONE', #1619, 4.999999999999999112 ) ;
#6886 = EDGE_LOOP ( 'NONE', ( #5400, #2264, #2094, #5837 ) ) ;
#6887 = ORIENTED_EDGE ( 'NONE', *, *, #242, .T. ) ;
#6888 = DIRECTION ( 'NONE',  ( 0.7857142857142844772, 0.000000000000000000, -0.6185895741317434249 ) ) ;
#6889 = EDGE_LOOP ( 'NONE', ( #4598, #1547, #939, #5254, #5053, #3146 ) ) ;
#6890 = AXIS2_PLACEMENT_3D ( 'NONE', #789, #7748, #6965 ) ;
#6891 = ORIENTED_EDGE ( 'NONE', *, *, #1677, .F. ) ;
#6892 = DIRECTION ( 'NONE',  ( 0.000000000000000000, 1.000000000000000000, 0.000000000000000000 ) ) ;
#6893 = CYLINDRICAL_SURFACE ( 'NONE', #7695, 5.000000000000000000 ) ;
#6894 = CARTESIAN_POINT ( 'NONE',  ( -80.00000000000000000, -1.000000000000000000, 0.000000000000000000 ) ) ;
#6895 = ORIENTED_EDGE ( 'NONE', *, *, #5910, .T. ) ;
#6896 = FACE_OUTER_BOUND ( 'NONE', #3759, .T. ) ;
#6897 = ORIENTED_EDGE ( 'NONE', *, *, #1068, .T. ) ;
#6898 = CARTESIAN_POINT ( 'NONE',  ( 42.49999999999999289, -2.999999999999999556, 5.000000000000002665 ) ) ;
#6899 = CARTESIAN_POINT ( 'NONE',  ( 128.3561158662668333, -1.000000000000000000, -2.997746869265655256 ) ) ;
#6900 = CARTESIAN_POINT ( 'NONE',  ( 44.20820393249938718, -0.4999999999999995559, -1.000000000000000000 ) ) ;
#6901 = DIRECTION ( 'NONE',  ( 0.000000000000000000, 0.000000000000000000, -1.000000000000000000 ) ) ;
#6902 = CIRCLE ( 'NONE', #3336, 4.999999999999999112 ) ;
#6903 = AXIS2_PLACEMENT_3D ( 'NONE', #8043, #8131, #1089 ) ;
#6904 = EDGE_CURVE ( 'NONE', #3832, #7944, #429, .T. ) ;
#6905 = CARTESIAN_POINT ( 'NONE',  ( -6.999999999999999112, 4.000000000000000888, -6.500000000000000000 ) ) ;
#6906 = DIRECTION ( 'NONE',  ( -0.000000000000000000, -1.000000000000000000, -0.000000000000000000 ) ) ;
#6907 = CARTESIAN_POINT ( 'NONE',  ( 44.20820393249938718, -0.5000000000000000000, 6.000000000000000000 ) ) ;
#6908 = AXIS2_PLACEMENT_3D ( 'NONE', #2135, #7218, #223 ) ;
#6909 = ORIENTED_EDGE ( 'NONE', *, *, #657, .T. ) ;
#6910 = AXIS2_PLACEMENT_3D ( 'NONE', #5300, #1537, #4720 ) ;
#6911 = DIRECTION ( 'NONE',  ( 1.000000000000000000, 0.000000000000000000, 0.000000000000000000 ) ) ;
#6912 = CARTESIAN_POINT ( 'NONE',  ( -6.999999999999999112, -5.000000000000000000, 2.499999999999999556 ) ) ;
#6913 = CIRCLE ( 'NONE', #3353, 9.500000000000000000 ) ;
#6914 = AXIS2_PLACEMENT_3D ( 'NONE', #1357, #2571, #1957 ) ;
#6915 = CARTESIAN_POINT ( 'NONE',  ( -131.5000000000000000, -1.500000000000000000, -6.500000000000000000 ) ) ;
#6916 = AXIS2_PLACEMENT_3D ( 'NONE', #7228, #2766, #3471 ) ;
#6917 = VERTEX_POINT ( 'NONE', #6099 ) ;
#6918 = LINE ( 'NONE', #6221, #3254 ) ;
#6919 = ORIENTED_EDGE ( 'NONE', *, *, #3145, .T. ) ;
#6920 = VERTEX_POINT ( 'NONE', #4238 ) ;
#6921 = AXIS2_PLACEMENT_3D ( 'NONE', #7887, #3341, #808 ) ;
#6922 = DIRECTION ( 'NONE',  ( 0.000000000000000000, -1.000000000000000000, 0.000000000000000000 ) ) ;
#6923 = VECTOR ( 'NONE', #3560, 1000.000000000000000 ) ;
#6924 = CARTESIAN_POINT ( 'NONE',  ( -125.0000000000000000, -0.5000000000000000000, 0.000000000000000000 ) ) ;
#6925 = CIRCLE ( 'NONE', #4956, 1.000000000000000000 ) ;
#6926 = ADVANCED_FACE ( 'NONE', ( #926 ), #2553, .F. ) ;
#6927 = EDGE_CURVE ( 'NONE', #2432, #510, #889, .T. ) ;
#6928 = EDGE_CURVE ( 'NONE', #28, #573, #3870, .T. ) ;
#6929 = DIRECTION ( 'NONE',  ( -0.000000000000000000, -1.000000000000000000, -0.000000000000000000 ) ) ;
#6930 = EDGE_CURVE ( 'NONE', #7160, #2868, #5937, .T. ) ;
#6931 = AXIS2_PLACEMENT_3D ( 'NONE', #8122, #5760, #4 ) ;
#6932 = EDGE_LOOP ( 'NONE', ( #256, #7251, #7584, #6190 ) ) ;
#6933 = ORIENTED_EDGE ( 'NONE', *, *, #3197, .F. ) ;
#6934 = FACE_OUTER_BOUND ( 'NONE', #4653, .T. ) ;
#6935 = EDGE_LOOP ( 'NONE', ( #3172, #1347, #328, #3814, #7168, #7870 ) ) ;
#6936 = AXIS2_PLACEMENT_3D ( 'NONE', #2728, #809, #1398 ) ;
#6937 = ORIENTED_EDGE ( 'NONE', *, *, #1412, .T. ) ;
#6938 = ADVANCED_FACE ( 'NONE', ( #2183 ), #6112, .F. ) ;
#6939 = CARTESIAN_POINT ( 'NONE',  ( -120.0000000000000000, -2.999999999999999556, -4.999999999999999112 ) ) ;
#6940 = CARTESIAN_POINT ( 'NONE',  ( 6.999999999999999112, -2.499999999999999556, 4.000000000000002665 ) ) ;
#6941 = EDGE_CURVE ( 'NONE', #4114, #1051, #6257, .T. ) ;
#6942 = AXIS2_PLACEMENT_3D ( 'NONE', #5328, #2889, #895 ) ;
#6943 = CARTESIAN_POINT ( 'NONE',  ( 86.70820393249938718, -0.5000000000000000000, 6.000000000000000000 ) ) ;
#6944 = ORIENTED_EDGE ( 'NONE', *, *, #5267, .T. ) ;
#6945 = LINE ( 'NONE', #2560, #979 ) ;
#6946 = ORIENTED_EDGE ( 'NONE', *, *, #5184, .F. ) ;
#6947 = DIRECTION ( 'NONE',  ( 0.000000000000000000, 0.000000000000000000, 1.000000000000000000 ) ) ;
#6948 = CARTESIAN_POINT ( 'NONE',  ( 131.5000000000000000, -1.500000000000000000, -1.000000000000000000 ) ) ;
#6949 = CARTESIAN_POINT ( 'NONE',  ( -125.0000000000000000, -0.5000000000000000000, 0.000000000000000000 ) ) ;
#6950 = CARTESIAN_POINT ( 'NONE',  ( -13.99999999999999822, -2.999999999999999556, 0.000000000000000000 ) ) ;
#6951 = CARTESIAN_POINT ( 'NONE',  ( -114.9999999999999858, -2.999999999999999556, 8.673617379884035472E-16 ) ) ;
#6952 = DIRECTION ( 'NONE',  ( 0.000000000000000000, 0.000000000000000000, 1.000000000000000000 ) ) ;
#6953 = LINE ( 'NONE', #5711, #2565 ) ;
#6954 = ORIENTED_EDGE ( 'NONE', *, *, #4910, .F. ) ;
#6955 = VECTOR ( 'NONE', #5298, 1000.000000000000000 ) ;
#6956 = CARTESIAN_POINT ( 'NONE',  ( -6.999999999999999112, -5.000000000000000000, 2.499999999999999556 ) ) ;
#6957 = DIRECTION ( 'NONE',  ( 0.000000000000000000, 0.000000000000000000, 1.000000000000000000 ) ) ;
#6958 = DIRECTION ( 'NONE',  ( 0.000000000000000000, 0.000000000000000000, 1.000000000000000000 ) ) ;
#6959 = EDGE_LOOP ( 'NONE', ( #5986, #4199, #2148, #4771 ) ) ;
#6960 = CARTESIAN_POINT ( 'NONE',  ( -82.47435829652697237, -0.5000000000000000000, 3.142857142857147679 ) ) ;
#6961 = VERTEX_POINT ( 'NONE', #388 ) ;
#6962 = VECTOR ( 'NONE', #4546, 1000.000000000000000 ) ;
#6963 = EDGE_LOOP ( 'NONE', ( #6823, #1927, #1638, #6806 ) ) ;
#6964 = CARTESIAN_POINT ( 'NONE',  ( 14.12171247319920830, -1.000000000000000000, 6.066189383515132150 ) ) ;
#6965 = DIRECTION ( 'NONE',  ( 0.000000000000000000, 0.000000000000000000, 1.000000000000000000 ) ) ;
#6966 = ORIENTED_EDGE ( 'NONE', *, *, #2839, .F. ) ;
#6967 = ORIENTED_EDGE ( 'NONE', *, *, #1353, .T. ) ;
#6968 = DIRECTION ( 'NONE',  ( 0.000000000000000000, 0.000000000000000000, 1.000000000000000000 ) ) ;
#6969 = VERTEX_POINT ( 'NONE', #2220 ) ;
#6970 = EDGE_CURVE ( 'NONE', #2473, #3777, #5441, .T. ) ;
#6971 = EDGE_LOOP ( 'NONE', ( #6063, #303, #1968, #3312 ) ) ;
#6972 = EDGE_CURVE ( 'NONE', #6294, #7547, #1016, .T. ) ;
#6973 = DIRECTION ( 'NONE',  ( 0.000000000000000000, 0.000000000000000000, -1.000000000000000000 ) ) ;
#6974 = CARTESIAN_POINT ( 'NONE',  ( -131.0403108503246870, -0.9877344838377225544, -1.525880344909624764 ) ) ;
#6975 = CARTESIAN_POINT ( 'NONE',  ( 3.000000000000000444, -2.499999999999999556, -1.887458608817687455 ) ) ;
#6976 = EDGE_CURVE ( 'NONE', #5024, #2123, #1551, .T. ) ;
#6977 = DIRECTION ( 'NONE',  ( 0.000000000000000000, 1.000000000000000000, 0.000000000000000000 ) ) ;
#6978 = ORIENTED_EDGE ( 'NONE', *, *, #6429, .T. ) ;
#6979 = CIRCLE ( 'NONE', #509, 3.750000000000006217 ) ;
#6980 = DIRECTION ( 'NONE',  ( 0.000000000000000000, 0.000000000000000000, 1.000000000000000000 ) ) ;
#6981 = ORIENTED_EDGE ( 'NONE', *, *, #4451, .T. ) ;
#6982 = CARTESIAN_POINT ( 'NONE',  ( 131.0202800866555606, -1.000000000000000000, -1.419195518229502850 ) ) ;
#6983 = ADVANCED_FACE ( 'NONE', ( #6644 ), #4076, .T. ) ;
#6984 = DIRECTION ( 'NONE',  ( 1.000000000000000000, -0.000000000000000000, 0.000000000000000000 ) ) ;
#6985 = EDGE_CURVE ( 'NONE', #5408, #1292, #4270, .T. ) ;
#6986 = LINE ( 'NONE', #3388, #1387 ) ;
#6987 = CARTESIAN_POINT ( 'NONE',  ( -129.5000000000000000, -6.500000000000000000, 4.500000000000000888 ) ) ;
#6988 = EDGE_CURVE ( 'NONE', #2595, #2501, #6598, .T. ) ;
#6989 = DIRECTION ( 'NONE',  ( 0.000000000000000000, 0.000000000000000000, -1.000000000000000000 ) ) ;
#6990 = LINE ( 'NONE', #3066, #8192 ) ;
#6991 = CARTESIAN_POINT ( 'NONE',  ( 84.50000000000000000, -6.500000000000000000, 0.000000000000000000 ) ) ;
#6992 = EDGE_LOOP ( 'NONE', ( #2217, #4105, #6219, #7137 ) ) ;
#6993 = CARTESIAN_POINT ( 'NONE',  ( 34.14589803375031352, -1.000000000000000000, -3.000000000000000888 ) ) ;
#6994 = LINE ( 'NONE', #3242, #1591 ) ;
#6995 = DIRECTION ( 'NONE',  ( 0.000000000000000000, 1.000000000000000000, 0.000000000000000000 ) ) ;
#6996 = CARTESIAN_POINT ( 'NONE',  ( 20.12461179749810825, -1.000000000000000000, -1.500000000000000000 ) ) ;
#6997 = ORIENTED_EDGE ( 'NONE', *, *, #5342, .F. ) ;
#6998 = DIRECTION ( 'NONE',  ( -1.000000000000000000, 0.000000000000000000, 0.000000000000000000 ) ) ;
#6999 = ORIENTED_EDGE ( 'NONE', *, *, #3944, .F. ) ;
#7000 = ORIENTED_EDGE ( 'NONE', *, *, #162, .T. ) ;
#7001 = AXIS2_PLACEMENT_3D ( 'NONE', #2474, #4473, #562 ) ;
#7002 = DIRECTION ( 'NONE',  ( 0.000000000000000000, 0.000000000000000000, 1.000000000000000000 ) ) ;
#7003 = DIRECTION ( 'NONE',  ( 0.000000000000000000, -0.000000000000000000, -1.000000000000000000 ) ) ;
#7004 = EDGE_CURVE ( 'NONE', #258, #1339, #262, .T. ) ;
#7005 = EDGE_LOOP ( 'NONE', ( #4651, #6540, #2801 ) ) ;
#7006 = AXIS2_PLACEMENT_3D ( 'NONE', #2951, #3729, #2417 ) ;
#7007 = EDGE_CURVE ( 'NONE', #3428, #3700, #8096, .T. ) ;
#7008 = ORIENTED_EDGE ( 'NONE', *, *, #2511, .T. ) ;
#7009 = LINE ( 'NONE', #792, #187 ) ;
#7010 = CIRCLE ( 'NONE', #3449, 5.000000000000000000 ) ;
#7011 = VERTEX_POINT ( 'NONE', #2797 ) ;
#7012 = VERTEX_POINT ( 'NONE', #5319 ) ;
#7013 = AXIS2_PLACEMENT_3D ( 'NONE', #5049, #4511, #6957 ) ;
#7014 = CARTESIAN_POINT ( 'NONE',  ( 89.50000000000001421, -6.500000000000000000, -5.000000000000000000 ) ) ;
#7015 = CARTESIAN_POINT ( 'NONE',  ( 129.5000000000000000, 6.500000000000000000, 6.500000000000000000 ) ) ;
#7016 = CARTESIAN_POINT ( 'NONE',  ( 114.9999999999999858, -2.999999999999999556, -5.000000000000000000 ) ) ;
#7017 = CARTESIAN_POINT ( 'NONE',  ( -5.999999999999999112, 5.000000000000000000, 2.499999999999999556 ) ) ;
#7018 = ORIENTED_EDGE ( 'NONE', *, *, #1351, .T. ) ;
#7019 = VECTOR ( 'NONE', #1481, 1000.000000000000000 ) ;
#7020 = CARTESIAN_POINT ( 'NONE',  ( -131.5000000000000000, -1.399229394119174685, 1.136357341111889907 ) ) ;
#7021 = AXIS2_PLACEMENT_3D ( 'NONE', #660, #6865, #626 ) ;
#7022 = EDGE_LOOP ( 'NONE', ( #1473, #6061, #6706, #2919 ) ) ;
#7023 = LINE ( 'NONE', #3148, #2306 ) ;
#7024 = CARTESIAN_POINT ( 'NONE',  ( 131.0000000000000000, 6.500000000000000000, 0.5418045322075886183 ) ) ;
#7025 = CARTESIAN_POINT ( 'NONE',  ( -23.55047706695932064, 6.500000000000000000, 1.000000000000000000 ) ) ;
#7026 = VECTOR ( 'NONE', #3739, 1000.000000000000000 ) ;
#7027 = EDGE_CURVE ( 'NONE', #5666, #1995, #6026, .T. ) ;
#7028 = ADVANCED_FACE ( 'NONE', ( #7298 ), #7824, .F. ) ;
#7029 = ADVANCED_FACE ( 'NONE', ( #5615 ), #1888, .F. ) ;
#7030 = CARTESIAN_POINT ( 'NONE',  ( -116.3397459621556038, -0.5000000000000000000, 1.000000000000000000 ) ) ;
#7031 = DIRECTION ( 'NONE',  ( -0.000000000000000000, 1.000000000000000000, -0.000000000000000000 ) ) ;
#7032 = CARTESIAN_POINT ( 'NONE',  ( 11.19432624775223495, 6.500000000000000000, -1.500000000000002220 ) ) ;
#7033 = ORIENTED_EDGE ( 'NONE', *, *, #1941, .F. ) ;
#7034 = DIRECTION ( 'NONE',  ( 0.000000000000000000, 1.000000000000000000, 0.000000000000000000 ) ) ;
#7035 = TOROIDAL_SURFACE ( 'NONE', #5316, 4.500000000000003553, 0.5000000000000000000 ) ;
#7036 = ADVANCED_FACE ( 'NONE', ( #6765 ), #7435, .F. ) ;
#7037 = CARTESIAN_POINT ( 'NONE',  ( 44.20820393249938718, -0.5000000000000000000, 1.500000000000000000 ) ) ;
#7038 = AXIS2_PLACEMENT_3D ( 'NONE', #5423, #4718, #948 ) ;
#7039 = CARTESIAN_POINT ( 'NONE',  ( -15.10456796088380216, -1.500000000000000000, 6.500000000000000000 ) ) ;
#7040 = TOROIDAL_SURFACE ( 'NONE', #5603, 5.500000000000000000, 0.5000000000000000000 ) ;
#7041 = DIRECTION ( 'NONE',  ( 0.000000000000000000, 1.000000000000000000, 0.000000000000000000 ) ) ;
#7042 = AXIS2_PLACEMENT_3D ( 'NONE', #2429, #1173, #3627 ) ;
#7043 = DIRECTION ( 'NONE',  ( 0.000000000000000000, 0.000000000000000000, 1.000000000000000000 ) ) ;
#7044 = VERTEX_POINT ( 'NONE', #3704 ) ;
#7045 = ORIENTED_EDGE ( 'NONE', *, *, #4093, .T. ) ;
#7046 = FACE_BOUND ( 'NONE', #2958, .T. ) ;
#7047 = AXIS2_PLACEMENT_3D ( 'NONE', #2863, #2815, #7862 ) ;
#7048 = STYLED_ITEM ( 'NONE', ( #7945 ), #7214 ) ;
#7049 = DIRECTION ( 'NONE',  ( -0.000000000000000000, 1.000000000000000000, -0.000000000000000000 ) ) ;
#7050 = ORIENTED_EDGE ( 'NONE', *, *, #8077, .T. ) ;
#7051 = ORIENTED_EDGE ( 'NONE', *, *, #5601, .F. ) ;
#7052 = CARTESIAN_POINT ( 'NONE',  ( 44.20820393249938718, -1.000000000000000000, 1.500000000000000000 ) ) ;
#7053 = ORIENTED_EDGE ( 'NONE', *, *, #799, .T. ) ;
#7054 = VECTOR ( 'NONE', #7769, 1000.000000000000000 ) ;
#7055 = EDGE_LOOP ( 'NONE', ( #3500, #5972, #5529, #389 ) ) ;
#7056 = VECTOR ( 'NONE', #3827, 1000.000000000000000 ) ;
#7057 = AXIS2_PLACEMENT_3D ( 'NONE', #3102, #6858, #6980 ) ;
#7058 = DIRECTION ( 'NONE',  ( 0.000000000000000000, -1.000000000000000000, 0.000000000000000000 ) ) ;
#7059 = EDGE_CURVE ( 'NONE', #4444, #6917, #3082, .T. ) ;
#7060 = LINE ( 'NONE', #3828, #4922 ) ;
#7061 = DIRECTION ( 'NONE',  ( -0.000000000000000000, 1.000000000000000000, -0.000000000000000000 ) ) ;
#7062 = AXIS2_PLACEMENT_3D ( 'NONE', #3106, #5085, #5748 ) ;
#7063 = VECTOR ( 'NONE', #2787, 1000.000000000000000 ) ;
#7064 = AXIS2_PLACEMENT_3D ( 'NONE', #1816, #2434, #1297 ) ;
#7065 = CARTESIAN_POINT ( 'NONE',  ( 3.999999999999999112, 2.499999999999999556, 4.000000000000002665 ) ) ;
#7066 = AXIS2_PLACEMENT_3D ( 'NONE', #1919, #545, #5600 ) ;
#7067 = ORIENTED_EDGE ( 'NONE', *, *, #7830, .F. ) ;
#7068 = CARTESIAN_POINT ( 'NONE',  ( 41.37298334620742679, 6.500000000000000000, -1.000000000000000000 ) ) ;
#7069 = VERTEX_POINT ( 'NONE', #4325 ) ;
#7070 = AXIS2_PLACEMENT_3D ( 'NONE', #1875, #4350, #2465 ) ;
#7071 = PLANE ( 'NONE',  #8117 ) ;
#7072 = CARTESIAN_POINT ( 'NONE',  ( 19.00000000000000355, -6.500000000000000000, -5.000000000000000888 ) ) ;
#7073 = AXIS2_PLACEMENT_3D ( 'NONE', #1031, #3526, #6578 ) ;
#7074 = CARTESIAN_POINT ( 'NONE',  ( -125.0000000000000000, -1.000000000000000000, 0.000000000000000000 ) ) ;
#7075 = ORIENTED_EDGE ( 'NONE', *, *, #1363, .T. ) ;
#7076 = CARTESIAN_POINT ( 'NONE',  ( -2.999999999999999112, -5.000000000000001776, -6.500000000000000000 ) ) ;
#7077 = CARTESIAN_POINT ( 'NONE',  ( -6.999999999999999112, 4.000000000000000000, -2.499999999999999556 ) ) ;
#7078 = VERTEX_POINT ( 'NONE', #6229 ) ;
#7079 = EDGE_CURVE ( 'NONE', #1169, #4269, #1480, .T. ) ;
#7080 = EDGE_CURVE ( 'NONE', #5993, #4005, #3742, .T. ) ;
#7081 = FACE_OUTER_BOUND ( 'NONE', #1817, .T. ) ;
#7082 = ADVANCED_FACE ( 'NONE', ( #6153 ), #1087, .F. ) ;
#7083 = CARTESIAN_POINT ( 'NONE',  ( -5.000000000000000000, 0.000000000000000000, -6.500000000000000000 ) ) ;
#7084 = DIRECTION ( 'NONE',  ( 0.000000000000000000, -1.000000000000000000, 0.000000000000000000 ) ) ;
#7085 = EDGE_CURVE ( 'NONE', #1049, #5914, #4931, .T. ) ;
#7086 = CARTESIAN_POINT ( 'NONE',  ( 41.37298334620742679, -1.000000000000000000, -1.000000000000000000 ) ) ;
#7087 = DIRECTION ( 'NONE',  ( 0.000000000000000000, 1.000000000000000000, 0.000000000000000000 ) ) ;
#7088 = VERTEX_POINT ( 'NONE', #4283 ) ;
#7089 = VERTEX_POINT ( 'NONE', #4948 ) ;
#7090 = ADVANCED_FACE ( 'NONE', ( #2472 ), #6885, .F. ) ;
#7091 = CARTESIAN_POINT ( 'NONE',  ( -69.99999999999998579, -6.500000000000000000, -4.999999999999999112 ) ) ;
#7092 = CARTESIAN_POINT ( 'NONE',  ( -127.9156606260144002, -1.000000000000000000, 3.427670216620816834 ) ) ;
#7093 = ORIENTED_EDGE ( 'NONE', *, *, #410, .T. ) ;
#7094 = ORIENTED_EDGE ( 'NONE', *, *, #3342, .F. ) ;
#7095 = FACE_OUTER_BOUND ( 'NONE', #754, .T. ) ;
#7096 = ORIENTED_EDGE ( 'NONE', *, *, #4967, .T. ) ;
#7097 = ORIENTED_EDGE ( 'NONE', *, *, #6570, .F. ) ;
#7098 = AXIS2_PLACEMENT_3D ( 'NONE', #4976, #6336, #7650 ) ;
#7099 = DIRECTION ( 'NONE',  ( 0.000000000000000000, 0.000000000000000000, 1.000000000000000000 ) ) ;
#7100 = PLANE ( 'NONE',  #5051 ) ;
#7101 = FACE_OUTER_BOUND ( 'NONE', #4869, .T. ) ;
#7102 = DIRECTION ( 'NONE',  ( -0.000000000000000000, -1.000000000000000000, -0.000000000000000000 ) ) ;
#7103 = ORIENTED_EDGE ( 'NONE', *, *, #3898, .F. ) ;
#7104 = CARTESIAN_POINT ( 'NONE',  ( -131.5000000000000000, -0.7687848401479618898, 0.6519039884191042411 ) ) ;
#7105 = VERTEX_POINT ( 'NONE', #7546 ) ;
#7106 = CARTESIAN_POINT ( 'NONE',  ( -3.999999999999999112, 3.999999999999999112, 2.499999999999999556 ) ) ;
#7107 = DIRECTION ( 'NONE',  ( 0.000000000000000000, 0.000000000000000000, 1.000000000000000000 ) ) ;
#7108 = DIRECTION ( 'NONE',  ( -0.000000000000000000, -1.000000000000000000, -0.000000000000000000 ) ) ;
#7109 = CYLINDRICAL_SURFACE ( 'NONE', #570, 4.999999999999999112 ) ;
#7110 = ORIENTED_EDGE ( 'NONE', *, *, #4898, .F. ) ;
#7111 = CARTESIAN_POINT ( 'NONE',  ( 6.999999999999999112, -6.500000000000000000, -1.887458608817687900 ) ) ;
#7112 = LINE ( 'NONE', #2772, #6519 ) ;
#7113 = EDGE_LOOP ( 'NONE', ( #62, #1584, #6451, #4330 ) ) ;
#7114 = DIRECTION ( 'NONE',  ( -1.000000000000000000, -0.000000000000000000, -0.000000000000000000 ) ) ;
#7115 = LINE ( 'NONE', #6045, #5825 ) ;
#7116 = CARTESIAN_POINT ( 'NONE',  ( 120.0000000000000000, -6.500000000000000000, 0.000000000000000000 ) ) ;
#7117 = EDGE_CURVE ( 'NONE', #7608, #2197, #5842, .T. ) ;
#7118 = CARTESIAN_POINT ( 'NONE',  ( -14.86967652616257851, -1.000000000000000000, -6.066189383515081524 ) ) ;
#7119 = LINE ( 'NONE', #3973, #7170 ) ;
#7120 = DIRECTION ( 'NONE',  ( 0.000000000000000000, 1.000000000000000000, 0.000000000000000000 ) ) ;
#7121 = ORIENTED_EDGE ( 'NONE', *, *, #860, .T. ) ;
#7122 = ORIENTED_EDGE ( 'NONE', *, *, #2739, .T. ) ;
#7123 = CARTESIAN_POINT ( 'NONE',  ( 125.0000000000000000, -1.000000000000000000, 4.499999999999997335 ) ) ;
#7124 = DIRECTION ( 'NONE',  ( 1.000000000000000000, -0.000000000000000000, 0.000000000000000000 ) ) ;
#7125 = EDGE_CURVE ( 'NONE', #2469, #5827, #4137, .T. ) ;
#7126 = EDGE_CURVE ( 'NONE', #2851, #7011, #3339, .T. ) ;
#7127 = ADVANCED_FACE ( 'NONE', ( #519 ), #2505, .T. ) ;
#7128 = ORIENTED_EDGE ( 'NONE', *, *, #2496, .F. ) ;
#7129 = FACE_OUTER_BOUND ( 'NONE', #5927, .T. ) ;
#7130 = VERTEX_POINT ( 'NONE', #1078 ) ;
#7131 = EDGE_LOOP ( 'NONE', ( #5144, #2792, #1840, #4200 ) ) ;
#7132 = DIRECTION ( 'NONE',  ( -0.000000000000000000, 1.000000000000000000, -0.000000000000000000 ) ) ;
#7133 = EDGE_CURVE ( 'NONE', #4985, #5288, #8030, .T. ) ;
#7134 = CARTESIAN_POINT ( 'NONE',  ( -131.5000000000000000, -1.014180734222473346, -0.7611102721121691950 ) ) ;
#7135 = DIRECTION ( 'NONE',  ( -0.000000000000000000, 1.000000000000000000, -0.000000000000000000 ) ) ;
#7136 = DIRECTION ( 'NONE',  ( -1.000000000000000000, 0.000000000000000000, 0.000000000000000000 ) ) ;
#7137 = ORIENTED_EDGE ( 'NONE', *, *, #2081, .F. ) ;
#7138 = ORIENTED_EDGE ( 'NONE', *, *, #2688, .F. ) ;
#7139 = DIRECTION ( 'NONE',  ( 0.000000000000000000, 0.000000000000000000, 1.000000000000000000 ) ) ;
#7140 = FACE_OUTER_BOUND ( 'NONE', #8017, .T. ) ;
#7141 = AXIS2_PLACEMENT_3D ( 'NONE', #4455, #1072, #3607 ) ;
#7142 = DIRECTION ( 'NONE',  ( 0.000000000000000000, 0.000000000000000000, 1.000000000000000000 ) ) ;
#7143 = EDGE_LOOP ( 'NONE', ( #4699, #2090, #3825, #4692, #5104, #1213, #2506, #791, #6743, #4233, #7921, #6897 ) ) ;
#7144 = DIRECTION ( 'NONE',  ( -0.000000000000000000, -1.000000000000000000, -0.000000000000000000 ) ) ;
#7145 = EDGE_LOOP ( 'NONE', ( #7148, #3044, #4173, #3779, #132, #2374 ) ) ;
#7146 = VECTOR ( 'NONE', #7640, 1000.000000000000000 ) ;
#7147 = CARTESIAN_POINT ( 'NONE',  ( 47.50000000000000000, -6.500000000000000000, -4.999999999999997335 ) ) ;
#7148 = ORIENTED_EDGE ( 'NONE', *, *, #3944, .T. ) ;
#7149 = VECTOR ( 'NONE', #3042, 1000.000000000000000 ) ;
#7150 = CARTESIAN_POINT ( 'NONE',  ( 118.2917960675006412, 6.500000000000000000, -1.000000000000000000 ) ) ;
#7151 = EDGE_CURVE ( 'NONE', #3087, #5371, #5475, .T. ) ;
#7152 = CARTESIAN_POINT ( 'NONE',  ( -11.94229030071541864, -0.4999999999999995559, -6.500000000000000000 ) ) ;
#7153 = CIRCLE ( 'NONE', #4119, 1.000000000000000000 ) ;
#7154 = FACE_OUTER_BOUND ( 'NONE', #5661, .T. ) ;
#7155 = CARTESIAN_POINT ( 'NONE',  ( -11.94229030071541686, -0.5000000000000000000, -6.500000000000002665 ) ) ;
#7156 = AXIS2_PLACEMENT_3D ( 'NONE', #1523, #6368, #195 ) ;
#7157 = DIRECTION ( 'NONE',  ( 0.000000000000000000, -1.000000000000000000, 0.000000000000000000 ) ) ;
#7158 = CARTESIAN_POINT ( 'NONE',  ( 11.72611662701140389, -0.6781198057909216814, -6.499999999985507593 ) ) ;
#7159 = ORIENTED_EDGE ( 'NONE', *, *, #7491, .T. ) ;
#7160 = VERTEX_POINT ( 'NONE', #4191 ) ;
#7161 = CARTESIAN_POINT ( 'NONE',  ( 20.12461179749810825, 6.500000000000000000, -6.000000000000000000 ) ) ;
#7162 = CIRCLE ( 'NONE', #7295, 1.000000000000000000 ) ;
#7163 = AXIS2_PLACEMENT_3D ( 'NONE', #481, #3130, #1811 ) ;
#7164 = CARTESIAN_POINT ( 'NONE',  ( -129.5000000000000000, -1.000000000000000000, 6.000000000000000000 ) ) ;
#7165 = VERTEX_POINT ( 'NONE', #291 ) ;
#7166 = DIRECTION ( 'NONE',  ( 0.000000000000000000, 1.000000000000000000, 0.000000000000000000 ) ) ;
#7167 = ORIENTED_EDGE ( 'NONE', *, *, #7836, .F. ) ;
#7168 = ORIENTED_EDGE ( 'NONE', *, *, #5866, .T. ) ;
#7169 = AXIS2_PLACEMENT_3D ( 'NONE', #6881, #4201, #5654 ) ;
#7170 = VECTOR ( 'NONE', #952, 1000.000000000000000 ) ;
#7171 = ADVANCED_FACE ( 'NONE', ( #6135 ), #470, .T. ) ;
#7172 = CARTESIAN_POINT ( 'NONE',  ( -23.55047706695932064, 6.500000000000000000, -11.00000000000000000 ) ) ;
#7173 = EDGE_CURVE ( 'NONE', #3863, #4682, #2995, .T. ) ;
#7174 = ADVANCED_FACE ( 'NONE', ( #6087 ), #1750, .F. ) ;
#7175 = DIRECTION ( 'NONE',  ( -0.000000000000000000, 1.000000000000000000, -0.000000000000000000 ) ) ;
#7176 = CARTESIAN_POINT ( 'NONE',  ( 127.9832141033482884, -0.5000000000000000000, 2.664663883791701604 ) ) ;
#7177 = VECTOR ( 'NONE', #7108, 1000.000000000000000 ) ;
#7178 = CIRCLE ( 'NONE', #3230, 4.500000000000000888 ) ;
#7179 = FACE_OUTER_BOUND ( 'NONE', #1640, .T. ) ;
#7180 = ORIENTED_EDGE ( 'NONE', *, *, #7687, .T. ) ;
#7181 = EDGE_CURVE ( 'NONE', #3705, #7933, #4149, .T. ) ;
#7182 = CARTESIAN_POINT ( 'NONE',  ( -80.00000000000000000, -6.500000000000000000, 0.000000000000000000 ) ) ;
#7183 = CIRCLE ( 'NONE', #315, 5.000000000000000000 ) ;
#7184 = ORIENTED_EDGE ( 'NONE', *, *, #1268, .T. ) ;
#7185 = FACE_OUTER_BOUND ( 'NONE', #4917, .T. ) ;
#7186 = DIRECTION ( 'NONE',  ( -0.000000000000000000, 1.000000000000000000, -0.000000000000000000 ) ) ;
#7187 = EDGE_CURVE ( 'NONE', #3085, #1660, #7565, .T. ) ;
#7188 = VECTOR ( 'NONE', #495, 1000.000000000000000 ) ;
#7189 = DIRECTION ( 'NONE',  ( 0.000000000000000000, 0.000000000000000000, 1.000000000000000000 ) ) ;
#7190 = VECTOR ( 'NONE', #4916, 1000.000000000000000 ) ;
#7191 = AXIS2_PLACEMENT_3D ( 'NONE', #5794, #5831, #2774 ) ;
#7192 = CARTESIAN_POINT ( 'NONE',  ( 5.999999999999999112, 2.499999999999999556, -3.999999999999997335 ) ) ;
#7193 = AXIS2_PLACEMENT_3D ( 'NONE', #6215, #3159, #547 ) ;
#7194 = VERTEX_POINT ( 'NONE', #6715 ) ;
#7195 = DIRECTION ( 'NONE',  ( 0.000000000000000000, 0.000000000000000000, 1.000000000000000000 ) ) ;
#7196 = ORIENTED_EDGE ( 'NONE', *, *, #1829, .T. ) ;
#7197 = FACE_OUTER_BOUND ( 'NONE', #1883, .T. ) ;
#7198 = ORIENTED_EDGE ( 'NONE', *, *, #2597, .T. ) ;
#7199 = CIRCLE ( 'NONE', #2176, 0.5000000000000005551 ) ;
#7200 = AXIS2_PLACEMENT_3D ( 'NONE', #6413, #741, #1349 ) ;
#7201 = FACE_OUTER_BOUND ( 'NONE', #6635, .T. ) ;
#7202 = CIRCLE ( 'NONE', #3644, 0.5000000000000000000 ) ;
#7203 = LINE ( 'NONE', #6620, #7412 ) ;
#7204 = VECTOR ( 'NONE', #7950, 1000.000000000000000 ) ;
#7205 = CARTESIAN_POINT ( 'NONE',  ( 19.00000000000000355, -2.999999999999999556, -8.673617379884035472E-16 ) ) ;
#7206 = DIRECTION ( 'NONE',  ( -0.000000000000000000, 1.000000000000000000, -0.000000000000000000 ) ) ;
#7207 = DIRECTION ( 'NONE',  ( -0.000000000000000000, -1.000000000000000000, 0.000000000000000000 ) ) ;
#7208 = CARTESIAN_POINT ( 'NONE',  ( 13.11502803157266683, -0.8803814297491481256, -6.306720429452705723 ) ) ;
#7209 = ORIENTED_EDGE ( 'NONE', *, *, #5568, .T. ) ;
#7210 = EDGE_LOOP ( 'NONE', ( #7468, #7749, #4767, #6329 ) ) ;
#7211 = CARTESIAN_POINT ( 'NONE',  ( -116.3397459621556038, -1.000000000000000000, 11.00000000000000000 ) ) ;
#7212 = EDGE_LOOP ( 'NONE', ( #7390, #902, #6470, #6909, #5066, #6480, #1699 ) ) ;
#7213 = VERTEX_POINT ( 'NONE', #7372 ) ;
#7214 = MANIFOLD_SOLID_BREP ( '\X2\52079664\X0\-\X2\62c94f38\X0\9', #7719 ) ;
#7215 = CARTESIAN_POINT ( 'NONE',  ( 131.5000000000000000, 6.500000000000000000, 4.500000000000000000 ) ) ;
#7216 = ORIENTED_EDGE ( 'NONE', *, *, #7133, .T. ) ;
#7217 = ORIENTED_EDGE ( 'NONE', *, *, #7634, .T. ) ;
#7218 = DIRECTION ( 'NONE',  ( 0.000000000000000000, 1.000000000000000000, 0.000000000000000000 ) ) ;
#7219 = CARTESIAN_POINT ( 'NONE',  ( -71.33974596215561803, -0.4999999999999995559, -1.000000000000000000 ) ) ;
#7220 = DIRECTION ( 'NONE',  ( -0.000000000000000000, -1.000000000000000000, 0.000000000000000000 ) ) ;
#7221 = PLANE ( 'NONE',  #5173 ) ;
#7222 = EDGE_CURVE ( 'NONE', #4269, #8136, #1710, .T. ) ;
#7223 = ORIENTED_EDGE ( 'NONE', *, *, #208, .T. ) ;
#7224 = EDGE_LOOP ( 'NONE', ( #713, #4710, #7463, #608 ) ) ;
#7225 = EDGE_CURVE ( 'NONE', #5335, #4363, #8106, .T. ) ;
#7226 = CARTESIAN_POINT ( 'NONE',  ( 6.999999999999999112, -2.499999999999999556, -1.887458608817688122 ) ) ;
#7227 = ORIENTED_EDGE ( 'NONE', *, *, #503, .T. ) ;
#7228 = CARTESIAN_POINT ( 'NONE',  ( 47.50000000000000000, -6.500000000000000000, 2.602085213965210642E-15 ) ) ;
#7229 = CARTESIAN_POINT ( 'NONE',  ( 131.5000000000000000, -1.301409219086993474, 0.9331380700174033427 ) ) ;
#7230 = ADVANCED_FACE ( 'NONE', ( #5392 ), #7905, .F. ) ;
#7231 = DIRECTION ( 'NONE',  ( 0.000000000000000000, -1.000000000000000000, -0.000000000000000000 ) ) ;
#7232 = EDGE_LOOP ( 'NONE', ( #2225, #3505, #6999, #418 ) ) ;
#7233 = EDGE_CURVE ( 'NONE', #5438, #1053, #6675, .T. ) ;
#7234 = PLANE ( 'NONE',  #4770 ) ;
#7235 = EDGE_CURVE ( 'NONE', #3602, #4639, #2906, .T. ) ;
#7236 = VERTEX_POINT ( 'NONE', #2162 ) ;
#7237 = CARTESIAN_POINT ( 'NONE',  ( 44.20820393249938718, -0.5000000000000000000, -1.500000000000000000 ) ) ;
#7238 = ORIENTED_EDGE ( 'NONE', *, *, #6066, .T. ) ;
#7239 = CARTESIAN_POINT ( 'NONE',  ( -5.000000000000000000, 0.000000000000000000, 2.499999999999999556 ) ) ;
#7240 = CARTESIAN_POINT ( 'NONE',  ( -19.00000000000000355, -6.500000000000000000, 4.999999999999999112 ) ) ;
#7241 = ADVANCED_FACE ( 'NONE', ( #2284 ), #5425, .F. ) ;
#7242 = DIRECTION ( 'NONE',  ( 0.000000000000000000, 0.000000000000000000, -1.000000000000000000 ) ) ;
#7243 = CYLINDRICAL_SURFACE ( 'NONE', #293, 2.000000000000000000 ) ;
#7244 = CARTESIAN_POINT ( 'NONE',  ( -13.82255914167094701, -1.028783118506958694, -6.500000000000000000 ) ) ;
#7245 = DIRECTION ( 'NONE',  ( 0.000000000000000000, 0.000000000000000000, 1.000000000000000000 ) ) ;
#7246 = DIRECTION ( 'NONE',  ( -0.000000000000000000, 0.000000000000000000, 1.000000000000000000 ) ) ;
#7247 = ORIENTED_EDGE ( 'NONE', *, *, #7788, .F. ) ;
#7248 = EDGE_LOOP ( 'NONE', ( #4859, #6345, #2754, #6039 ) ) ;
#7249 = CARTESIAN_POINT ( 'NONE',  ( 80.00000000000000000, 6.500000000000000000, 0.000000000000000000 ) ) ;
#7250 = ORIENTED_EDGE ( 'NONE', *, *, #3142, .F. ) ;
#7251 = ORIENTED_EDGE ( 'NONE', *, *, #5838, .F. ) ;
#7252 = CARTESIAN_POINT ( 'NONE',  ( 0.000000000000000000, 0.000000000000000000, -2.499999999999999556 ) ) ;
#7253 = ORIENTED_EDGE ( 'NONE', *, *, #3844, .T. ) ;
#7254 = VERTEX_POINT ( 'NONE', #5262 ) ;
#7255 = CARTESIAN_POINT ( 'NONE',  ( 129.5000000000000000, -1.500000000000000000, 6.000000000000000000 ) ) ;
#7256 = DIRECTION ( 'NONE',  ( 0.000000000000000000, 1.000000000000000000, -0.000000000000000000 ) ) ;
#7257 = EDGE_LOOP ( 'NONE', ( #4845, #5889, #2336, #3932 ) ) ;
#7258 = DIRECTION ( 'NONE',  ( -1.000000000000000000, 0.000000000000000000, -0.000000000000000000 ) ) ;
#7259 = ORIENTED_EDGE ( 'NONE', *, *, #3594, .F. ) ;
#7260 = CARTESIAN_POINT ( 'NONE',  ( -71.33974596215561803, -1.000000000000000000, 1.000000000000000000 ) ) ;
#7261 = ORIENTED_EDGE ( 'NONE', *, *, #3186, .F. ) ;
#7262 = PLANE ( 'NONE',  #1369 ) ;
#7263 = CARTESIAN_POINT ( 'NONE',  ( -13.79252309392875375, -0.8686218424335044874, 6.320396235643673144 ) ) ;
#7264 = TOROIDAL_SURFACE ( 'NONE', #1587, 4.500000000000000888, 0.5000000000000000000 ) ;
#7265 = CARTESIAN_POINT ( 'NONE',  ( -131.0000000000000000, -1.500000000000000000, 0.000000000000000000 ) ) ;
#7266 = ORIENTED_EDGE ( 'NONE', *, *, #6726, .T. ) ;
#7267 = TOROIDAL_SURFACE ( 'NONE', #4760, 1.500000000000000000, 0.5000000000000000000 ) ;
#7268 = CARTESIAN_POINT ( 'NONE',  ( 5.000000000000000000, 2.499999999999999556, 0.000000000000000000 ) ) ;
#7269 = VERTEX_POINT ( 'NONE', #827 ) ;
#7270 = CARTESIAN_POINT ( 'NONE',  ( -3.999999999999999112, 4.999999999999999112, 6.500000000000000000 ) ) ;
#7271 = VERTEX_POINT ( 'NONE', #3532 ) ;
#7272 = CARTESIAN_POINT ( 'NONE',  ( 131.0578823956263363, -0.7525542542994447803, -1.102592165683773162 ) ) ;
#7273 = CARTESIAN_POINT ( 'NONE',  ( 14.00000000000000000, -2.999999999999999556, -2.602085213965211825E-15 ) ) ;
#7274 = EDGE_CURVE ( 'NONE', #1298, #1020, #3364, .T. ) ;
#7275 = CIRCLE ( 'NONE', #3716, 5.000000000000000000 ) ;
#7276 = ADVANCED_FACE ( 'NONE', ( #4099 ), #911, .F. ) ;
#7277 = EDGE_CURVE ( 'NONE', #1014, #2297, #702, .T. ) ;
#7278 = CARTESIAN_POINT ( 'NONE',  ( 4.000000000000000000, -6.500000000000000000, -3.999999999999997335 ) ) ;
#7279 = CARTESIAN_POINT ( 'NONE',  ( 125.0000000000000000, 6.500000000000000000, 0.000000000000000000 ) ) ;
#7280 = DIRECTION ( 'NONE',  ( 1.000000000000000000, -2.168404344971008868E-16, 0.000000000000000000 ) ) ;
#7281 = VECTOR ( 'NONE', #3006, 1000.000000000000000 ) ;
#7282 = DIRECTION ( 'NONE',  ( -1.000000000000000000, -0.000000000000000000, 2.843808977011159555E-17 ) ) ;
#7283 = EDGE_CURVE ( 'NONE', #4353, #988, #7119, .T. ) ;
#7284 = ORIENTED_EDGE ( 'NONE', *, *, #5209, .T. ) ;
#7285 = DIRECTION ( 'NONE',  ( 0.000000000000000000, 0.000000000000000000, -1.000000000000000000 ) ) ;
#7286 = ORIENTED_EDGE ( 'NONE', *, *, #8143, .F. ) ;
#7287 = DIRECTION ( 'NONE',  ( 0.000000000000000000, 1.000000000000000000, 0.000000000000000000 ) ) ;
#7288 = AXIS2_PLACEMENT_3D ( 'NONE', #7872, #253, #4066 ) ;
#7289 = FACE_OUTER_BOUND ( 'NONE', #7713, .T. ) ;
#7290 = ORIENTED_EDGE ( 'NONE', *, *, #5809, .T. ) ;
#7291 = DIRECTION ( 'NONE',  ( -1.000000000000000000, -0.000000000000000000, -0.000000000000000000 ) ) ;
#7292 = ORIENTED_EDGE ( 'NONE', *, *, #1933, .F. ) ;
#7293 = ORIENTED_EDGE ( 'NONE', *, *, #6930, .T. ) ;
#7294 = CARTESIAN_POINT ( 'NONE',  ( 40.85410196624969359, -1.000000000000000000, -3.000000000000000888 ) ) ;
#7295 = AXIS2_PLACEMENT_3D ( 'NONE', #1819, #646, #4332 ) ;
#7296 = COLOUR_RGB ( '',0.7921568627450980005, 0.8196078431372548767, 0.9333333333333333481 ) ;
#7297 = DIRECTION ( 'NONE',  ( -0.000000000000000000, -1.000000000000000000, -0.000000000000000000 ) ) ;
#7298 = FACE_OUTER_BOUND ( 'NONE', #7022, .T. ) ;
#7299 = CIRCLE ( 'NONE', #3077, 5.000000000000000000 ) ;
#7300 = ORIENTED_EDGE ( 'NONE', *, *, #4040, .F. ) ;
#7301 = DIRECTION ( 'NONE',  ( 0.000000000000000000, 0.000000000000000000, -1.000000000000000000 ) ) ;
#7302 = ORIENTED_EDGE ( 'NONE', *, *, #6322, .T. ) ;
#7303 = VECTOR ( 'NONE', #7418, 1000.000000000000000 ) ;
#7304 = CARTESIAN_POINT ( 'NONE',  ( 80.00000000000000000, -2.299999999999998934, 3.750000000000006217 ) ) ;
#7305 = ORIENTED_EDGE ( 'NONE', *, *, #795, .T. ) ;
#7306 = CIRCLE ( 'NONE', #3738, 4.499999999999997335 ) ;
#7307 = EDGE_CURVE ( 'NONE', #1577, #3735, #212, .T. ) ;
#7308 = DIRECTION ( 'NONE',  ( 0.000000000000000000, 0.000000000000000000, -1.000000000000000000 ) ) ;
#7309 = CARTESIAN_POINT ( 'NONE',  ( 37.50000000000000711, -1.000000000000000000, 0.000000000000000000 ) ) ;
#7310 = CIRCLE ( 'NONE', #4405, 0.5000000000000000000 ) ;
#7311 = VECTOR ( 'NONE', #542, 1000.000000000000000 ) ;
#7312 = AXIS2_PLACEMENT_3D ( 'NONE', #4249, #4411, #4958 ) ;
#7313 = DIRECTION ( 'NONE',  ( 1.000000000000000000, -0.000000000000000000, 0.000000000000000000 ) ) ;
#7314 = EDGE_LOOP ( 'NONE', ( #4089, #2509, #3745, #4395 ) ) ;
#7315 = DIRECTION ( 'NONE',  ( 0.000000000000000000, -0.000000000000000000, -1.000000000000000000 ) ) ;
#7316 = ORIENTED_EDGE ( 'NONE', *, *, #3101, .T. ) ;
#7317 = CARTESIAN_POINT ( 'NONE',  ( -120.0000000000000000, -2.999999999999999556, 5.000000000000000888 ) ) ;
#7318 = ORIENTED_EDGE ( 'NONE', *, *, #706, .T. ) ;
#7319 = CIRCLE ( 'NONE', #7970, 0.5000000000000000000 ) ;
#7320 = CARTESIAN_POINT ( 'NONE',  ( -114.9999999999999858, -2.999999999999999556, 8.673617379884035472E-16 ) ) ;
#7321 = CIRCLE ( 'NONE', #3757, 5.000000000000000000 ) ;
#7322 = CARTESIAN_POINT ( 'NONE',  ( 11.19432624775223495, -0.5000000000000000000, 6.500000000000000888 ) ) ;
#7323 = AXIS2_PLACEMENT_3D ( 'NONE', #5798, #2617, #3046 ) ;
#7324 = CARTESIAN_POINT ( 'NONE',  ( -125.0000000000000000, 6.500000000000000000, 0.000000000000000000 ) ) ;
#7325 = AXIS2_PLACEMENT_3D ( 'NONE', #318, #1468, #7799 ) ;
#7326 = DIRECTION ( 'NONE',  ( -0.000000000000000000, 1.000000000000000000, -0.000000000000000000 ) ) ;
#7327 = DIRECTION ( 'NONE',  ( -0.000000000000000000, 0.000000000000000000, 1.000000000000000000 ) ) ;
#7328 = VECTOR ( 'NONE', #7920, 1000.000000000000000 ) ;
#7329 = CIRCLE ( 'NONE', #57, 5.000000000000000000 ) ;
#7330 = EDGE_CURVE ( 'NONE', #4190, #3917, #5604, .T. ) ;
#7331 = DIRECTION ( 'NONE',  ( 0.000000000000000000, 0.000000000000000000, -1.000000000000000000 ) ) ;
#7332 = EDGE_CURVE ( 'NONE', #1679, #2761, #2780, .T. ) ;
#7333 = ORIENTED_EDGE ( 'NONE', *, *, #5697, .T. ) ;
#7334 =( NAMED_UNIT ( * ) PLANE_ANGLE_UNIT ( ) SI_UNIT ( $, .RADIAN. ) );
#7335 = ORIENTED_EDGE ( 'NONE', *, *, #4068, .F. ) ;
#7336 = AXIS2_PLACEMENT_3D ( 'NONE', #634, #6843, #512 ) ;
#7337 = DIRECTION ( 'NONE',  ( 0.000000000000000000, 1.000000000000000000, 0.000000000000000000 ) ) ;
#7338 = AXIS2_PLACEMENT_3D ( 'NONE', #7562, #654, #1278 ) ;
#7339 = EDGE_CURVE ( 'NONE', #7582, #7884, #2821, .T. ) ;
#7340 = DIRECTION ( 'NONE',  ( 0.000000000000000000, 0.000000000000000000, -1.000000000000000000 ) ) ;
#7341 = ORIENTED_EDGE ( 'NONE', *, *, #2437, .F. ) ;
#7342 = CARTESIAN_POINT ( 'NONE',  ( 2.999999999999999112, 6.500000000000000000, 5.000000000000002665 ) ) ;
#7343 = EDGE_CURVE ( 'NONE', #3492, #5374, #6123, .T. ) ;
#7344 = EDGE_LOOP ( 'NONE', ( #5443, #5437, #3292, #6966 ) ) ;
#7345 = VERTEX_POINT ( 'NONE', #874 ) ;
#7346 = CARTESIAN_POINT ( 'NONE',  ( 131.5000000000000000, -1.500000000000000000, -1.552214998774809951 ) ) ;
#7347 = DIRECTION ( 'NONE',  ( -0.000000000000000000, -1.000000000000000000, -0.000000000000000000 ) ) ;
#7348 = DIRECTION ( 'NONE',  ( 1.000000000000000000, 0.000000000000000000, 0.000000000000000000 ) ) ;
#7349 = ORIENTED_EDGE ( 'NONE', *, *, #5464, .T. ) ;
#7350 = FACE_OUTER_BOUND ( 'NONE', #920, .T. ) ;
#7351 = ORIENTED_EDGE ( 'NONE', *, *, #7925, .T. ) ;
#7352 = DIRECTION ( 'NONE',  ( 0.000000000000000000, -1.000000000000000000, 0.000000000000000000 ) ) ;
#7353 = ORIENTED_EDGE ( 'NONE', *, *, #2680, .F. ) ;
#7354 = CARTESIAN_POINT ( 'NONE',  ( -69.99999999999998579, -2.999999999999999556, 1.734723475976807094E-15 ) ) ;
#7355 = CARTESIAN_POINT ( 'NONE',  ( 131.5000000000000000, -1.474194543038632510, 1.288664455525275310 ) ) ;
#7356 = LINE ( 'NONE', #2229, #3795 ) ;
#7357 = ORIENTED_EDGE ( 'NONE', *, *, #7059, .F. ) ;
#7358 = DIRECTION ( 'NONE',  ( 1.000000000000000000, 0.000000000000000000, 0.000000000000000000 ) ) ;
#7359 = ORIENTED_EDGE ( 'NONE', *, *, #6789, .T. ) ;
#7360 = VECTOR ( 'NONE', #6534, 1000.000000000000000 ) ;
#7361 = DIRECTION ( 'NONE',  ( 0.000000000000000000, 1.000000000000000000, 0.000000000000000000 ) ) ;
#7362 = ORIENTED_EDGE ( 'NONE', *, *, #6426, .F. ) ;
#7363 = CARTESIAN_POINT ( 'NONE',  ( 131.5000000000000000, -1.301074043783876588, -0.9326705728361094350 ) ) ;
#7364 = AXIS2_PLACEMENT_3D ( 'NONE', #4382, #2492, #3153 ) ;
#7365 = CYLINDRICAL_SURFACE ( 'NONE', #5330, 3.999999999999996447 ) ;
#7366 = DIRECTION ( 'NONE',  ( 0.000000000000000000, 0.000000000000000000, 1.000000000000000000 ) ) ;
#7367 = EDGE_CURVE ( 'NONE', #522, #3001, #1635, .T. ) ;
#7368 = CARTESIAN_POINT ( 'NONE',  ( -125.0000000000000000, -0.5000000000000000000, 4.500000000000003553 ) ) ;
#7369 = FACE_OUTER_BOUND ( 'NONE', #3629, .T. ) ;
#7370 = CARTESIAN_POINT ( 'NONE',  ( -127.5916983342350051, -0.5000000000000000000, 3.046817970329624092 ) ) ;
#7371 = ORIENTED_EDGE ( 'NONE', *, *, #1986, .F. ) ;
#7372 = CARTESIAN_POINT ( 'NONE',  ( 30.79179606750063058, -1.000000000000000000, 1.500000000000000000 ) ) ;
#7373 = ORIENTED_EDGE ( 'NONE', *, *, #1364, .F. ) ;
#7374 = DIRECTION ( 'NONE',  ( 0.000000000000000000, 1.000000000000000000, 0.000000000000000000 ) ) ;
#7375 = EDGE_CURVE ( 'NONE', #1697, #5722, #3617, .T. ) ;
#7376 = CARTESIAN_POINT ( 'NONE',  ( 80.00000000000000000, -0.5000000000000000000, 0.000000000000000000 ) ) ;
#7377 = ORIENTED_EDGE ( 'NONE', *, *, #2042, .F. ) ;
#7378 = DIRECTION ( 'NONE',  ( 1.301042606982605321E-16, 0.000000000000000000, -1.000000000000000000 ) ) ;
#7379 = ORIENTED_EDGE ( 'NONE', *, *, #5342, .T. ) ;
#7380 = ORIENTED_EDGE ( 'NONE', *, *, #706, .F. ) ;
#7381 = DIRECTION ( 'NONE',  ( 0.000000000000000000, 0.000000000000000000, 1.000000000000000000 ) ) ;
#7382 = EDGE_CURVE ( 'NONE', #6587, #382, #5461, .T. ) ;
#7383 = EDGE_CURVE ( 'NONE', #6, #3213, #2953, .T. ) ;
#7384 = CARTESIAN_POINT ( 'NONE',  ( 33.62701665379258742, -0.5000000000000000000, -1.000000000000000000 ) ) ;
#7385 = ADVANCED_FACE ( 'NONE', ( #1616 ), #2904, .F. ) ;
#7386 = ORIENTED_EDGE ( 'NONE', *, *, #3289, .T. ) ;
#7387 = CARTESIAN_POINT ( 'NONE',  ( -76.12701665379258031, 6.500000000000000000, 1.000000000000000000 ) ) ;
#7388 = VERTEX_POINT ( 'NONE', #4062 ) ;
#7389 = CARTESIAN_POINT ( 'NONE',  ( 14.35660390792061669, -1.500000000000000000, 6.500000000000000000 ) ) ;
#7390 = ORIENTED_EDGE ( 'NONE', *, *, #458, .T. ) ;
#7391 = EDGE_CURVE ( 'NONE', #4363, #7504, #2867, .T. ) ;
#7392 = DIRECTION ( 'NONE',  ( 0.000000000000000000, 0.000000000000000000, 1.000000000000000000 ) ) ;
#7393 = CARTESIAN_POINT ( 'NONE',  ( -12.47354476814679813, -0.6127224865130458387, 6.488259758104559793 ) ) ;
#7394 = DIRECTION ( 'NONE',  ( 0.000000000000000000, 0.000000000000000000, 1.000000000000000000 ) ) ;
#7395 = VERTEX_POINT ( 'NONE', #1486 ) ;
#7396 = LINE ( 'NONE', #2858, #841 ) ;
#7397 = ORIENTED_EDGE ( 'NONE', *, *, #6693, .T. ) ;
#7398 = LINE ( 'NONE', #1488, #586 ) ;
#7399 = DIRECTION ( 'NONE',  ( -1.000000000000000000, -0.000000000000000000, -0.000000000000000000 ) ) ;
#7400 = VERTEX_POINT ( 'NONE', #3406 ) ;
#7401 = DIRECTION ( 'NONE',  ( 1.734723475976807489E-15, 0.000000000000000000, 1.000000000000000000 ) ) ;
#7402 = DIRECTION ( 'NONE',  ( -0.000000000000000000, 1.000000000000000000, -0.000000000000000000 ) ) ;
#7403 = DIRECTION ( 'NONE',  ( -0.000000000000000000, 1.000000000000000000, -0.000000000000000000 ) ) ;
#7404 = DIRECTION ( 'NONE',  ( -0.000000000000000000, 1.000000000000000000, -0.000000000000000000 ) ) ;
#7405 = CARTESIAN_POINT ( 'NONE',  ( -19.00000000000000000, -2.999999999999999556, -1.734723475976807094E-15 ) ) ;
#7406 = CARTESIAN_POINT ( 'NONE',  ( 27.50000000000000000, -6.500000000000000000, 4.999999999999999112 ) ) ;
#7407 = ORIENTED_EDGE ( 'NONE', *, *, #2083, .T. ) ;
#7408 = AXIS2_PLACEMENT_3D ( 'NONE', #2997, #473, #1711 ) ;
#7409 = ADVANCED_FACE ( 'NONE', ( #502 ), #2334, .T. ) ;
#7410 = CARTESIAN_POINT ( 'NONE',  ( 131.5000000000000000, -1.474447267277305906, -1.289231311100465849 ) ) ;
#7411 = FACE_OUTER_BOUND ( 'NONE', #7593, .T. ) ;
#7412 = VECTOR ( 'NONE', #947, 1000.000000000000000 ) ;
#7413 = ORIENTED_EDGE ( 'NONE', *, *, #7594, .F. ) ;
#7414 = DIRECTION ( 'NONE',  ( -0.000000000000000000, 0.000000000000000000, 1.000000000000000000 ) ) ;
#7415 = ORIENTED_EDGE ( 'NONE', *, *, #4702, .T. ) ;
#7416 = ORIENTED_EDGE ( 'NONE', *, *, #1421, .T. ) ;
#7417 = CIRCLE ( 'NONE', #3854, 9.999999999999998224 ) ;
#7418 = DIRECTION ( 'NONE',  ( 1.000000000000000000, -0.000000000000000000, 0.000000000000000000 ) ) ;
#7419 = CARTESIAN_POINT ( 'NONE',  ( -6.999999999999999112, -1.887458608817688122, 6.500000000000000000 ) ) ;
#7420 = DIRECTION ( 'NONE',  ( 0.000000000000000000, 0.000000000000000000, 1.000000000000000000 ) ) ;
#7421 = ORIENTED_EDGE ( 'NONE', *, *, #7492, .F. ) ;
#7422 = CARTESIAN_POINT ( 'NONE',  ( -6.999999999999999112, 1.887458608817687900, -6.500000000000000000 ) ) ;
#7423 = EDGE_LOOP ( 'NONE', ( #2447, #1618, #6145, #6092 ) ) ;
#7424 = DIRECTION ( 'NONE',  ( 0.000000000000000000, 1.000000000000000000, -0.000000000000000000 ) ) ;
#7425 = VERTEX_POINT ( 'NONE', #8028 ) ;
#7426 = EDGE_CURVE ( 'NONE', #5216, #7213, #579, .T. ) ;
#7427 = ADVANCED_FACE ( 'NONE', ( #3569 ), #1124, .T. ) ;
#7428 = AXIS2_PLACEMENT_3D ( 'NONE', #6642, #4037, #2879 ) ;
#7429 = EDGE_CURVE ( 'NONE', #7400, #2475, #467, .T. ) ;
#7430 = FACE_OUTER_BOUND ( 'NONE', #4231, .T. ) ;
#7431 = CARTESIAN_POINT ( 'NONE',  ( 80.00000000000000000, -2.299999999999998934, 0.000000000000000000 ) ) ;
#7432 = CIRCLE ( 'NONE', #2290, 0.5000000000000004441 ) ;
#7433 = AXIS2_PLACEMENT_3D ( 'NONE', #3217, #182, #2721 ) ;
#7434 = EDGE_CURVE ( 'NONE', #6444, #5976, #6210, .T. ) ;
#7435 = TOROIDAL_SURFACE ( 'NONE', #1220, 4.500000000000000888, 0.5000000000000000000 ) ;
#7436 = CARTESIAN_POINT ( 'NONE',  ( -14.62381883711685227, -1.086093972580271849, 6.499999999999872990 ) ) ;
#7437 = ORIENTED_EDGE ( 'NONE', *, *, #5309, .T. ) ;
#7438 = DIRECTION ( 'NONE',  ( 0.000000000000000000, 0.000000000000000000, -1.000000000000000000 ) ) ;
#7439 = EDGE_LOOP ( 'NONE', ( #2715, #1962, #4524, #5360 ) ) ;
#7440 = CARTESIAN_POINT ( 'NONE',  ( 13.07459508870751641, -1.028783118507085259, -6.500000000000000000 ) ) ;
#7441 = DIRECTION ( 'NONE',  ( 0.000000000000000000, 0.000000000000000000, 1.000000000000000000 ) ) ;
#7442 = EDGE_CURVE ( 'NONE', #3997, #3421, #2820, .T. ) ;
#7443 = CYLINDRICAL_SURFACE ( 'NONE', #4170, 5.000000000000000000 ) ;
#7444 = VECTOR ( 'NONE', #5247, 1000.000000000000000 ) ;
#7445 = AXIS2_PLACEMENT_3D ( 'NONE', #6048, #2121, #5924 ) ;
#7446 = DIRECTION ( 'NONE',  ( 0.000000000000000000, 1.000000000000000000, -0.000000000000000000 ) ) ;
#7447 = DIRECTION ( 'NONE',  ( 0.000000000000000000, 1.000000000000000000, 0.000000000000000000 ) ) ;
#7448 = CARTESIAN_POINT ( 'NONE',  ( -13.73792746370749285, -1.260770959167059502, 6.500000000000000000 ) ) ;
#7449 = DIRECTION ( 'NONE',  ( 0.000000000000000000, 0.000000000000000000, -1.000000000000000000 ) ) ;
#7450 = AXIS2_PLACEMENT_3D ( 'NONE', #2896, #6077, #7441 ) ;
#7451 = DIRECTION ( 'NONE',  ( 1.000000000000000000, 0.000000000000000000, 0.000000000000000000 ) ) ;
#7452 = ORIENTED_EDGE ( 'NONE', *, *, #4635, .F. ) ;
#7453 = AXIS2_PLACEMENT_3D ( 'NONE', #7514, #3136, #1854 ) ;
#7454 = AXIS2_PLACEMENT_3D ( 'NONE', #7268, #2980, #6610 ) ;
#7455 = CARTESIAN_POINT ( 'NONE',  ( 37.50000000000000711, -0.5000000000000000000, 0.000000000000000000 ) ) ;
#7456 = AXIS2_PLACEMENT_3D ( 'NONE', #4375, #6331, #5637 ) ;
#7457 = DIRECTION ( 'NONE',  ( 0.000000000000000000, 1.000000000000000000, 0.000000000000000000 ) ) ;
#7458 = AXIS2_PLACEMENT_3D ( 'NONE', #7462, #421, #2294 ) ;
#7459 = CIRCLE ( 'NONE', #5087, 0.5000000000000000000 ) ;
#7460 = EDGE_CURVE ( 'NONE', #3003, #7732, #3658, .T. ) ;
#7461 = AXIS2_PLACEMENT_3D ( 'NONE', #2562, #5084, #3719 ) ;
#7462 = CARTESIAN_POINT ( 'NONE',  ( -125.0000000000000000, -1.000000000000000000, 0.000000000000000000 ) ) ;
#7463 = ORIENTED_EDGE ( 'NONE', *, *, #5817, .T. ) ;
#7464 = VECTOR ( 'NONE', #3360, 1000.000000000000000 ) ;
#7465 = ORIENTED_EDGE ( 'NONE', *, *, #751, .T. ) ;
#7466 = DIRECTION ( 'NONE',  ( -0.000000000000000000, 1.000000000000000000, -0.000000000000000000 ) ) ;
#7467 = EDGE_LOOP ( 'NONE', ( #2935, #267, #179, #1808 ) ) ;
#7468 = ORIENTED_EDGE ( 'NONE', *, *, #1017, .F. ) ;
#7469 = AXIS2_PLACEMENT_3D ( 'NONE', #1755, #1842, #3037 ) ;
#7470 = VECTOR ( 'NONE', #3837, 1000.000000000000000 ) ;
#7471 = DIRECTION ( 'NONE',  ( -0.000000000000000000, -1.000000000000000000, -0.000000000000000000 ) ) ;
#7472 = CARTESIAN_POINT ( 'NONE',  ( 15.65946902262517071, -1.000000000000000000, 3.750000000000000888 ) ) ;
#7473 = DIRECTION ( 'NONE',  ( 0.000000000000000000, 1.000000000000000000, 0.000000000000000000 ) ) ;
#7474 = ORIENTED_EDGE ( 'NONE', *, *, #5405, .T. ) ;
#7475 = AXIS2_PLACEMENT_3D ( 'NONE', #1926, #4475, #753 ) ;
#7476 = CARTESIAN_POINT ( 'NONE',  ( -131.0000000000000000, -1.500000000000000000, 1.673907284147890806 ) ) ;
#7477 = ORIENTED_EDGE ( 'NONE', *, *, #1410, .T. ) ;
#7478 = CARTESIAN_POINT ( 'NONE',  ( 30.79179606750063058, -0.5000000000000000000, 1.500000000000000000 ) ) ;
#7479 = ORIENTED_EDGE ( 'NONE', *, *, #2, .F. ) ;
#7480 = CARTESIAN_POINT ( 'NONE',  ( -131.5000000000000000, 6.500000000000000000, 6.500000000000000000 ) ) ;
#7481 = DIRECTION ( 'NONE',  ( 0.000000000000000000, 0.000000000000000000, -1.000000000000000000 ) ) ;
#7482 = ADVANCED_FACE ( 'NONE', ( #6174 ), #3068, .F. ) ;
#7483 = FACE_OUTER_BOUND ( 'NONE', #1288, .T. ) ;
#7484 = ORIENTED_EDGE ( 'NONE', *, *, #4647, .F. ) ;
#7485 = ORIENTED_EDGE ( 'NONE', *, *, #2782, .F. ) ;
#7486 = CARTESIAN_POINT ( 'NONE',  ( 20.12461179749810825, -1.000000000000000000, 1.500000000000000000 ) ) ;
#7487 = ORIENTED_EDGE ( 'NONE', *, *, #6162, .T. ) ;
#7488 = CARTESIAN_POINT ( 'NONE',  ( 42.49999999999999289, -6.500000000000000000, 5.000000000000002665 ) ) ;
#7489 = DIRECTION ( 'NONE',  ( 1.000000000000000000, 0.000000000000000000, -2.843808977011159555E-17 ) ) ;
#7490 = DIRECTION ( 'NONE',  ( 0.000000000000000000, 0.000000000000000000, 1.000000000000000000 ) ) ;
#7491 = EDGE_CURVE ( 'NONE', #2246, #6969, #1361, .T. ) ;
#7492 = EDGE_CURVE ( 'NONE', #5278, #2308, #3690, .T. ) ;
#7493 = CARTESIAN_POINT ( 'NONE',  ( 14.35660390792061669, -1.000000000000000000, 6.000000000000000000 ) ) ;
#7494 = CARTESIAN_POINT ( 'NONE',  ( 2.999999999999999112, 6.500000000000000000, 5.000000000000002665 ) ) ;
#7495 = DIRECTION ( 'NONE',  ( 0.000000000000000000, 0.000000000000000000, 1.000000000000000000 ) ) ;
#7496 = ORIENTED_EDGE ( 'NONE', *, *, #471, .T. ) ;
#7497 = CARTESIAN_POINT ( 'NONE',  ( 37.50000000000000711, 6.500000000000000000, -1.649999999999998579 ) ) ;
#7498 = EDGE_CURVE ( 'NONE', #2289, #5270, #5991, .T. ) ;
#7499 = DIRECTION ( 'NONE',  ( -0.000000000000000000, 1.000000000000000000, -0.000000000000000000 ) ) ;
#7500 = CARTESIAN_POINT ( 'NONE',  ( 131.5000000000000000, 6.500000000000000000, -6.500000000000000000 ) ) ;
#7501 = ORIENTED_EDGE ( 'NONE', *, *, #7885, .F. ) ;
#7502 = ORIENTED_EDGE ( 'NONE', *, *, #865, .T. ) ;
#7503 = DIRECTION ( 'NONE',  ( 0.000000000000000000, 0.000000000000000000, 1.000000000000000000 ) ) ;
#7504 = VERTEX_POINT ( 'NONE', #7370 ) ;
#7505 = ORIENTED_EDGE ( 'NONE', *, *, #6681, .T. ) ;
#7506 = CARTESIAN_POINT ( 'NONE',  ( 0.000000000000000000, 6.500000000000000000, 0.000000000000000000 ) ) ;
#7507 = DIRECTION ( 'NONE',  ( 0.000000000000000000, 0.000000000000000000, 1.000000000000000000 ) ) ;
#7508 = CARTESIAN_POINT ( 'NONE',  ( -116.3397459621556038, -1.000000000000000000, 11.00000000000000000 ) ) ;
#7509 = ORIENTED_EDGE ( 'NONE', *, *, #7823, .T. ) ;
#7510 = DIRECTION ( 'NONE',  ( -0.000000000000000000, 0.000000000000000000, 1.000000000000000000 ) ) ;
#7511 = ORIENTED_EDGE ( 'NONE', *, *, #1934, .T. ) ;
#7512 = CARTESIAN_POINT ( 'NONE',  ( 128.3561158662668333, -0.5000000000000000000, 2.997746869265662362 ) ) ;
#7513 = VERTEX_POINT ( 'NONE', #2373 ) ;
#7514 = CARTESIAN_POINT ( 'NONE',  ( -2.999999999999999112, -5.000000000000001776, -2.499999999999999556 ) ) ;
#7515 = EDGE_CURVE ( 'NONE', #3444, #6657, #2436, .T. ) ;
#7516 = DIRECTION ( 'NONE',  ( 0.000000000000000000, 0.000000000000000000, 1.000000000000000000 ) ) ;
#7517 = DIRECTION ( 'NONE',  ( 0.000000000000000000, 0.000000000000000000, 1.000000000000000000 ) ) ;
#7518 = EDGE_LOOP ( 'NONE', ( #6435, #7723, #6997, #259 ) ) ;
#7519 = DIRECTION ( 'NONE',  ( -0.000000000000000000, 1.000000000000000000, -0.000000000000000000 ) ) ;
#7520 = EDGE_LOOP ( 'NONE', ( #7094, #5271, #5916, #2004 ) ) ;
#7521 = DIRECTION ( 'NONE',  ( 0.000000000000000000, 1.000000000000000000, 0.000000000000000000 ) ) ;
#7522 = CARTESIAN_POINT ( 'NONE',  ( -82.78365308359283858, -0.5000000000000000000, -3.535714285714291805 ) ) ;
#7523 = DIRECTION ( 'NONE',  ( -1.000000000000000000, -0.000000000000000000, -0.000000000000000000 ) ) ;
#7524 = CARTESIAN_POINT ( 'NONE',  ( -5.000000000000000000, 0.000000000000000000, -2.499999999999999556 ) ) ;
#7525 = LINE ( 'NONE', #1865, #7958 ) ;
#7526 = DIRECTION ( 'NONE',  ( 0.000000000000000000, -1.000000000000000000, 0.000000000000000000 ) ) ;
#7527 = CARTESIAN_POINT ( 'NONE',  ( 131.5000000000000000, -1.500000000000000000, 6.500000000000000000 ) ) ;
#7528 = VERTEX_POINT ( 'NONE', #6254 ) ;
#7529 = EDGE_CURVE ( 'NONE', #5848, #1263, #6713, .T. ) ;
#7530 = EDGE_CURVE ( 'NONE', #3177, #6017, #7306, .T. ) ;
#7531 = CARTESIAN_POINT ( 'NONE',  ( -129.5000000000000000, -1.000000000000000000, -6.000000000000000000 ) ) ;
#7532 = EDGE_CURVE ( 'NONE', #5416, #3917, #1225, .T. ) ;
#7533 = CARTESIAN_POINT ( 'NONE',  ( -3.999999999999999112, 4.999999999999999112, -2.499999999999999556 ) ) ;
#7534 = DIRECTION ( 'NONE',  ( 0.000000000000000000, 0.000000000000000000, 1.000000000000000000 ) ) ;
#7535 = EDGE_CURVE ( 'NONE', #6782, #2246, #7989, .T. ) ;
#7536 = ORIENTED_EDGE ( 'NONE', *, *, #3830, .T. ) ;
#7537 = VECTOR ( 'NONE', #3120, 1000.000000000000000 ) ;
#7538 = DIRECTION ( 'NONE',  ( 0.000000000000000000, 0.000000000000000000, 1.000000000000000000 ) ) ;
#7539 = ORIENTED_EDGE ( 'NONE', *, *, #3197, .T. ) ;
#7540 = ORIENTED_EDGE ( 'NONE', *, *, #7375, .T. ) ;
#7541 = CIRCLE ( 'NONE', #2397, 5.000000000000000000 ) ;
#7542 = EDGE_CURVE ( 'NONE', #2931, #2547, #1076, .T. ) ;
#7543 = FACE_BOUND ( 'NONE', #3525, .T. ) ;
#7544 = DIRECTION ( 'NONE',  ( -1.000000000000000000, 0.000000000000000000, 0.000000000000000000 ) ) ;
#7545 = AXIS2_PLACEMENT_3D ( 'NONE', #336, #284, #7242 ) ;
#7546 = CARTESIAN_POINT ( 'NONE',  ( -23.55047706695932064, -1.000000000000000000, -1.500000000000000000 ) ) ;
#7547 = VERTEX_POINT ( 'NONE', #7406 ) ;
#7548 = ORIENTED_EDGE ( 'NONE', *, *, #7619, .T. ) ;
#7549 = DIRECTION ( 'NONE',  ( -0.000000000000000000, 1.000000000000000000, -0.000000000000000000 ) ) ;
#7550 = ORIENTED_EDGE ( 'NONE', *, *, #2286, .F. ) ;
#7551 = AXIS2_PLACEMENT_3D ( 'NONE', #3167, #56, #3256 ) ;
#7552 = ORIENTED_EDGE ( 'NONE', *, *, #2927, .T. ) ;
#7553 = LINE ( 'NONE', #3092, #4281 ) ;
#7554 = CYLINDRICAL_SURFACE ( 'NONE', #5451, 5.000000000000000000 ) ;
#7555 = CARTESIAN_POINT ( 'NONE',  ( 86.70820393249938718, 6.500000000000000000, -6.000000000000000000 ) ) ;
#7556 = VERTEX_POINT ( 'NONE', #5517 ) ;
#7557 = AXIS2_PLACEMENT_3D ( 'NONE', #5284, #4584, #4658 ) ;
#7558 = CARTESIAN_POINT ( 'NONE',  ( 2.999999999999999556, 6.500000000000000000, 1.887458608817687011 ) ) ;
#7559 = ORIENTED_EDGE ( 'NONE', *, *, #2011, .T. ) ;
#7560 = CARTESIAN_POINT ( 'NONE',  ( -131.5000000000000000, -0.5000000000000000000, -0.6229813658380594088 ) ) ;
#7561 = CARTESIAN_POINT ( 'NONE',  ( 73.29179606750062703, -0.5000000000000000000, 1.000000000000000000 ) ) ;
#7562 = CARTESIAN_POINT ( 'NONE',  ( 131.0000000000000000, -1.500000000000000000, 1.552214998774830601 ) ) ;
#7563 = DIRECTION ( 'NONE',  ( 0.000000000000000000, -1.000000000000000000, 0.000000000000000000 ) ) ;
#7564 = AXIS2_PLACEMENT_3D ( 'NONE', #7923, #5990, #1558 ) ;
#7565 = CIRCLE ( 'NONE', #6250, 5.000000000000000000 ) ;
#7566 = CARTESIAN_POINT ( 'NONE',  ( 82.98142396999973869, -0.5000000000000000000, -2.666666666666663854 ) ) ;
#7567 = AXIS2_PLACEMENT_3D ( 'NONE', #7368, #1073, #1034 ) ;
#7568 = CARTESIAN_POINT ( 'NONE',  ( 37.50000000000000711, -0.5000000000000000000, 0.000000000000000000 ) ) ;
#7569 = CARTESIAN_POINT ( 'NONE',  ( 125.0000000000000000, 6.500000000000000000, 0.000000000000000000 ) ) ;
#7570 = AXIS2_PLACEMENT_3D ( 'NONE', #4323, #7471, #3580 ) ;
#7571 = VERTEX_POINT ( 'NONE', #1748 ) ;
#7572 = AXIS2_PLACEMENT_3D ( 'NONE', #247, #6548, #4146 ) ;
#7573 = CARTESIAN_POINT ( 'NONE',  ( 125.0000000000000000, -2.299999999999998934, 0.000000000000000000 ) ) ;
#7574 = CARTESIAN_POINT ( 'NONE',  ( 73.29179606750062703, -0.5000000000000000000, 6.000000000000000000 ) ) ;
#7575 = AXIS2_PLACEMENT_3D ( 'NONE', #1257, #5105, #2544 ) ;
#7576 = CIRCLE ( 'NONE', #4011, 1.000000000000000000 ) ;
#7577 = DIRECTION ( 'NONE',  ( 0.000000000000000000, 0.000000000000000000, -1.000000000000000000 ) ) ;
#7578 = EDGE_CURVE ( 'NONE', #3078, #4538, #3809, .T. ) ;
#7579 = PRODUCT_DEFINITION ( '鏈', '', #1500, #1728 ) ;
#7580 = EDGE_CURVE ( 'NONE', #8088, #2275, #6397, .T. ) ;
#7581 = CIRCLE ( 'NONE', #2699, 9.999999999999998224 ) ;
#7582 = VERTEX_POINT ( 'NONE', #5756 ) ;
#7583 = CARTESIAN_POINT ( 'NONE',  ( 19.00000000000000355, -2.999999999999999556, -8.673617379884035472E-16 ) ) ;
#7584 = ORIENTED_EDGE ( 'NONE', *, *, #7542, .F. ) ;
#7585 = ORIENTED_EDGE ( 'NONE', *, *, #8035, .F. ) ;
#7586 = AXIS2_PLACEMENT_3D ( 'NONE', #6090, #1674, #2954 ) ;
#7587 = DIRECTION ( 'NONE',  ( 0.000000000000000000, 0.000000000000000000, 1.000000000000000000 ) ) ;
#7588 = ADVANCED_FACE ( 'NONE', ( #746 ), #3155, .F. ) ;
#7589 = AXIS2_PLACEMENT_3D ( 'NONE', #1229, #1274, #3144 ) ;
#7590 = DIRECTION ( 'NONE',  ( -1.000000000000000000, -0.000000000000000000, -0.000000000000000000 ) ) ;
#7591 = CIRCLE ( 'NONE', #7191, 5.000000000000000000 ) ;
#7592 = AXIS2_PLACEMENT_3D ( 'NONE', #1325, #120, #3855 ) ;
#7593 = EDGE_LOOP ( 'NONE', ( #6230, #7465, #5454, #7536 ) ) ;
#7594 = EDGE_CURVE ( 'NONE', #3880, #2838, #6301, .T. ) ;
#7595 = EDGE_CURVE ( 'NONE', #86, #4328, #444, .T. ) ;
#7596 = VERTEX_POINT ( 'NONE', #5010 ) ;
#7597 = DIRECTION ( 'NONE',  ( 0.000000000000000000, 0.000000000000000000, 1.000000000000000000 ) ) ;
#7598 = ORIENTED_EDGE ( 'NONE', *, *, #199, .F. ) ;
#7599 = AXIS2_PLACEMENT_3D ( 'NONE', #7512, #3049, #8135 ) ;
#7600 = ORIENTED_EDGE ( 'NONE', *, *, #1449, .T. ) ;
#7601 = CARTESIAN_POINT ( 'NONE',  ( -2.999999999999999112, -5.000000000000001776, 6.500000000000000000 ) ) ;
#7602 = EDGE_CURVE ( 'NONE', #1414, #5109, #7178, .T. ) ;
#7603 = DIRECTION ( 'NONE',  ( -1.000000000000000000, -0.000000000000000000, -0.000000000000000000 ) ) ;
#7604 = CARTESIAN_POINT ( 'NONE',  ( -6.999999999999999112, -4.000000000000000000, 2.499999999999999556 ) ) ;
#7605 = DIRECTION ( 'NONE',  ( -0.8930285549745865525, 0.000000000000000000, -0.4500000000000019540 ) ) ;
#7606 = ORIENTED_EDGE ( 'NONE', *, *, #3851, .T. ) ;
#7607 = LINE ( 'NONE', #8100, #3098 ) ;
#7608 = VERTEX_POINT ( 'NONE', #6991 ) ;
#7609 = CARTESIAN_POINT ( 'NONE',  ( -131.5000000000000000, -0.7686659856550313030, -0.6518363410737241237 ) ) ;
#7610 = LINE ( 'NONE', #8181, #718 ) ;
#7611 = CARTESIAN_POINT ( 'NONE',  ( -125.0000000000000000, -0.5000000000000000000, 0.000000000000000000 ) ) ;
#7612 = DIRECTION ( 'NONE',  ( -0.7458035258370836473, 0.000000000000000000, 0.6661659709479121894 ) ) ;
#7613 = EDGE_CURVE ( 'NONE', #7044, #4614, #1319, .T. ) ;
#7614 = LINE ( 'NONE', #1237, #6507 ) ;
#7615 = DIRECTION ( 'NONE',  ( 1.000000000000000000, 0.000000000000000000, -0.000000000000000000 ) ) ;
#7616 = DIRECTION ( 'NONE',  ( 0.000000000000000000, 0.000000000000000000, -1.000000000000000000 ) ) ;
#7617 = VERTEX_POINT ( 'NONE', #4551 ) ;
#7618 = DIRECTION ( 'NONE',  ( 0.000000000000000000, -1.000000000000000000, 0.000000000000000000 ) ) ;
#7619 = EDGE_CURVE ( 'NONE', #7842, #1169, #171, .T. ) ;
#7620 = CARTESIAN_POINT ( 'NONE',  ( 13.30823043081624668, -0.9116743175033903412, -6.266279345187736993 ) ) ;
#7621 = CARTESIAN_POINT ( 'NONE',  ( 37.50000000000000711, -0.5000000000000000000, -1.500000000000000000 ) ) ;
#7622 = ORIENTED_EDGE ( 'NONE', *, *, #5413, .F. ) ;
#7623 = CARTESIAN_POINT ( 'NONE',  ( 44.20820393249938718, -1.000000000000000000, -1.500000000000000000 ) ) ;
#7624 = VERTEX_POINT ( 'NONE', #1870 ) ;
#7625 = CIRCLE ( 'NONE', #1545, 4.500000000000003553 ) ;
#7626 = ORIENTED_EDGE ( 'NONE', *, *, #2579, .T. ) ;
#7627 = LINE ( 'NONE', #5021, #6391 ) ;
#7628 = FACE_OUTER_BOUND ( 'NONE', #3715, .T. ) ;
#7629 = ORIENTED_EDGE ( 'NONE', *, *, #2641, .T. ) ;
#7630 = VERTEX_POINT ( 'NONE', #4506 ) ;
#7631 = DIRECTION ( 'NONE',  ( -0.000000000000000000, 1.000000000000000000, -0.000000000000000000 ) ) ;
#7632 = VERTEX_POINT ( 'NONE', #4383 ) ;
#7633 = ORIENTED_EDGE ( 'NONE', *, *, #7498, .T. ) ;
#7634 = EDGE_CURVE ( 'NONE', #1148, #8015, #6794, .T. ) ;
#7635 = DIRECTION ( 'NONE',  ( -0.000000000000000000, 1.000000000000000000, -0.000000000000000000 ) ) ;
#7636 = EDGE_CURVE ( 'NONE', #725, #5229, #6453, .T. ) ;
#7637 = EDGE_CURVE ( 'NONE', #7617, #5701, #6374, .T. ) ;
#7638 = CARTESIAN_POINT ( 'NONE',  ( -131.5000000000000000, -1.500000000000007994, -1.673907284147960306 ) ) ;
#7639 = DIRECTION ( 'NONE',  ( 0.000000000000000000, 0.000000000000000000, -1.000000000000000000 ) ) ;
#7640 = DIRECTION ( 'NONE',  ( -0.000000000000000000, 0.000000000000000000, 1.000000000000000000 ) ) ;
#7641 = ORIENTED_EDGE ( 'NONE', *, *, #1101, .F. ) ;
#7642 = AXIS2_PLACEMENT_3D ( 'NONE', #1563, #8014, #2856 ) ;
#7643 = EDGE_CURVE ( 'NONE', #5286, #6643, #6953, .T. ) ;
#7644 = DIRECTION ( 'NONE',  ( 0.000000000000000000, 0.000000000000000000, -1.000000000000000000 ) ) ;
#7645 = EDGE_LOOP ( 'NONE', ( #5556, #8053, #5800, #5252 ) ) ;
#7646 = CYLINDRICAL_SURFACE ( 'NONE', #3107, 0.5000000000000000000 ) ;
#7647 = DIRECTION ( 'NONE',  ( 0.000000000000000000, 0.000000000000000000, 1.000000000000000000 ) ) ;
#7648 = DIRECTION ( 'NONE',  ( 1.000000000000000000, 0.000000000000000000, 0.000000000000000000 ) ) ;
#7649 = DIRECTION ( 'NONE',  ( 0.000000000000000000, 0.000000000000000000, -1.000000000000000000 ) ) ;
#7650 = DIRECTION ( 'NONE',  ( 0.000000000000000000, 0.000000000000000000, 1.000000000000000000 ) ) ;
#7651 = DIRECTION ( 'NONE',  ( 0.000000000000000000, 0.000000000000000000, 1.000000000000000000 ) ) ;
#7652 = ORIENTED_EDGE ( 'NONE', *, *, #8035, .T. ) ;
#7653 = CARTESIAN_POINT ( 'NONE',  ( 6.999999999999999112, -6.500000000000000000, 1.887458608817688122 ) ) ;
#7654 = DIRECTION ( 'NONE',  ( -0.000000000000000000, -1.000000000000000000, -0.000000000000000000 ) ) ;
#7655 = CARTESIAN_POINT ( 'NONE',  ( 37.50000000000000711, -2.299999999999998934, 0.000000000000000000 ) ) ;
#7656 = LINE ( 'NONE', #6384, #1647 ) ;
#7657 = CARTESIAN_POINT ( 'NONE',  ( 19.00000000000000355, -2.999999999999999556, -8.673617379884035472E-16 ) ) ;
#7658 = ORIENTED_EDGE ( 'NONE', *, *, #3968, .T. ) ;
#7659 = EDGE_CURVE ( 'NONE', #510, #6444, #1908, .T. ) ;
#7660 = ORIENTED_EDGE ( 'NONE', *, *, #7434, .T. ) ;
#7661 = AXIS2_PLACEMENT_3D ( 'NONE', #6767, #711, #3086 ) ;
#7662 = DIRECTION ( 'NONE',  ( 1.000000000000000000, -0.000000000000000000, -0.000000000000000000 ) ) ;
#7663 = DIRECTION ( 'NONE',  ( -0.000000000000000000, 1.000000000000000000, -0.000000000000000000 ) ) ;
#7664 = ORIENTED_EDGE ( 'NONE', *, *, #1986, .T. ) ;
#7665 = AXIS2_PLACEMENT_3D ( 'NONE', #3315, #3158, #6423 ) ;
#7666 = ORIENTED_EDGE ( 'NONE', *, *, #2537, .F. ) ;
#7667 = CARTESIAN_POINT ( 'NONE',  ( -2.999999999999999112, 1.887458608817686123, 2.499999999999999556 ) ) ;
#7668 = AXIS2_PLACEMENT_3D ( 'NONE', #188, #2600, #3877 ) ;
#7669 = ORIENTED_EDGE ( 'NONE', *, *, #7491, .F. ) ;
#7670 = ORIENTED_EDGE ( 'NONE', *, *, #1570, .F. ) ;
#7671 = CIRCLE ( 'NONE', #4109, 1.649999999999998579 ) ;
#7672 = DIRECTION ( 'NONE',  ( 0.000000000000000000, 0.000000000000000000, -1.000000000000000000 ) ) ;
#7673 = DIRECTION ( 'NONE',  ( -0.000000000000000000, 1.000000000000000000, -0.000000000000000000 ) ) ;
#7674 = CYLINDRICAL_SURFACE ( 'NONE', #2541, 5.000000000000000000 ) ;
#7675 = EDGE_CURVE ( 'NONE', #5701, #1053, #3191, .T. ) ;
#7676 = ORIENTED_EDGE ( 'NONE', *, *, #5465, .F. ) ;
#7677 = VECTOR ( 'NONE', #6272, 1000.000000000000000 ) ;
#7678 = EDGE_CURVE ( 'NONE', #777, #5264, #3096, .T. ) ;
#7679 = ADVANCED_FACE ( 'NONE', ( #5096 ), #3236, .F. ) ;
#7680 = CARTESIAN_POINT ( 'NONE',  ( -131.0410882012037064, -0.9999999999999995559, 1.525553459541982404 ) ) ;
#7681 = VERTEX_POINT ( 'NONE', #3277 ) ;
#7682 = CARTESIAN_POINT ( 'NONE',  ( 37.50000000000000711, -0.5000000000000000000, -1.500000000000000000 ) ) ;
#7683 = AXIS2_PLACEMENT_3D ( 'NONE', #3420, #7881, #2185 ) ;
#7684 = CARTESIAN_POINT ( 'NONE',  ( 86.70820393249938718, -0.4999999999999995559, -1.000000000000000000 ) ) ;
#7685 = CARTESIAN_POINT ( 'NONE',  ( 131.0633707199528715, -0.6316664003113232617, 1.051063270899623481 ) ) ;
#7686 = CIRCLE ( 'NONE', #7288, 5.000000000000000000 ) ;
#7687 = EDGE_CURVE ( 'NONE', #7758, #6608, #583, .T. ) ;
#7688 = CARTESIAN_POINT ( 'NONE',  ( 84.50000000000000000, -2.999999999999999556, -5.000000000000000000 ) ) ;
#7689 = ORIENTED_EDGE ( 'NONE', *, *, #7602, .T. ) ;
#7690 = DIRECTION ( 'NONE',  ( 0.000000000000000000, 0.000000000000000000, 1.000000000000000000 ) ) ;
#7691 = EDGE_CURVE ( 'NONE', #6657, #1853, #3311, .T. ) ;
#7692 = DIRECTION ( 'NONE',  ( 0.000000000000000000, -0.000000000000000000, -1.000000000000000000 ) ) ;
#7693 = ORIENTED_EDGE ( 'NONE', *, *, #2765, .T. ) ;
#7694 = CARTESIAN_POINT ( 'NONE',  ( -2.999999999999999112, -1.887458608817686123, -2.499999999999999556 ) ) ;
#7695 = AXIS2_PLACEMENT_3D ( 'NONE', #3754, #8051, #8138 ) ;
#7696 = DIRECTION ( 'NONE',  ( 0.000000000000000000, 1.000000000000000000, -0.000000000000000000 ) ) ;
#7697 = LINE ( 'NONE', #1482, #6535 ) ;
#7698 = VECTOR ( 'NONE', #1549, 1000.000000000000000 ) ;
#7699 = CARTESIAN_POINT ( 'NONE',  ( -114.9999999999999858, -2.999999999999999556, -4.999999999999999112 ) ) ;
#7700 = AXIS2_PLACEMENT_3D ( 'NONE', #6274, #8165, #604 ) ;
#7701 = FACE_OUTER_BOUND ( 'NONE', #7467, .T. ) ;
#7702 = ORIENTED_EDGE ( 'NONE', *, *, #5119, .F. ) ;
#7703 = ORIENTED_EDGE ( 'NONE', *, *, #2887, .F. ) ;
#7704 = CARTESIAN_POINT ( 'NONE',  ( -77.21634691640716142, -0.5000000000000000000, -3.535714285714287808 ) ) ;
#7705 = AXIS2_PLACEMENT_3D ( 'NONE', #858, #3389, #5162 ) ;
#7706 = AXIS2_PLACEMENT_3D ( 'NONE', #5885, #6009, #2745 ) ;
#7707 = DIRECTION ( 'NONE',  ( 0.000000000000000000, 0.000000000000000000, 1.000000000000000000 ) ) ;
#7708 = CARTESIAN_POINT ( 'NONE',  ( -131.0000000000000000, -1.500000000000000000, -1.673907284147943431 ) ) ;
#7709 = ORIENTED_EDGE ( 'NONE', *, *, #6830, .T. ) ;
#7710 = CYLINDRICAL_SURFACE ( 'NONE', #2710, 4.000000000000003553 ) ;
#7711 = VERTEX_POINT ( 'NONE', #7147 ) ;
#7712 = AXIS2_PLACEMENT_3D ( 'NONE', #405, #4181, #2323 ) ;
#7713 = EDGE_LOOP ( 'NONE', ( #2518, #5975, #1701, #7261, #4788, #5139, #1382, #7452, #7906, #5745, #6389, #4217 ) ) ;
#7714 = AXIS2_PLACEMENT_3D ( 'NONE', #4301, #6824, #3681 ) ;
#7715 = CARTESIAN_POINT ( 'NONE',  ( 27.50000000000000000, -2.999999999999999556, -5.000000000000000888 ) ) ;
#7716 = CARTESIAN_POINT ( 'NONE',  ( 2.999999999999999112, 2.499999999999999556, 5.000000000000002665 ) ) ;
#7717 = CARTESIAN_POINT ( 'NONE',  ( -15.10456796088380216, -1.000000000000000000, -6.000000000000000000 ) ) ;
#7718 = VECTOR ( 'NONE', #2604, 1000.000000000000000 ) ;
#7719 = CLOSED_SHELL ( 'NONE', ( #2129, #4965, #3296, #5064, #7886, #6286, #5265, #6217, #2376, #1521, #2786, #5918, #6292, #2778, #5969, #197, #1318, #2632, #664, #3373, #4493, #6109, #1307, #5963, #1559, #3094, #7482, #7127, #4727, #4595, #300, #4656, #1658, #2630, #4331, #308, #7230, #2136, #4837, #1879, #1777, #7780, #7978, #461, #8141, #1887, #3045, #3140, #5857, #3440, #335, #2740, #1991, #1717, #5518, #615, #4092, #4094, #4582, #5719, #3248, #5860, #3041, #1881, #3251, #7276, #7588, #2886, #7029, #6760, #2580, #4557, #3151, #1501, #5006, #6831, #3751, #7090, #2660, #2614, #174, #849, #2852, #6983, #4048, #3035, #7991, #3743, #7935, #4309, #5772, #1830, #1040, #4861, #6179, #1210, #5308, #6627, #4355, #3703, #2439, #3792, #7776, #3586, #1462, #1448, #6309, #1118, #7888, #7745, #7028, #6938, #6326, #4915, #4927, #507, #1519, #703, #1731, #5281, #1910, #6033, #4153, #3696, #7036, #6926, #4348, #352, #4297, #5625, #8091, #3403, #240, #3371, #3653, #1359, #1417, #3393, #3741, #7171, #7992, #5091, #4042, #5297, #7082, #1837, #5005, #1678, #1166, #4669, #5823, #1102, #2846, #5528, #8018, #5011, #3740, #7427, #1265, #147, #2335, #4204, #1869, #6152, #7926, #4252, #5779, #5317, #4754, #7409, #459, #4194, #3843, #7241, #8152, #1023, #5466, #2370, #3196, #3192, #5054, #3093, #2993, #4501, #4206, #391, #7174, #560, #3815, #1308, #3628, #3755, #7679, #7871, #5256, #3909, #1315, #3989, #1372, #1291, #4298, #268, #7385, #2231, #2937, #6736, #640, #3596, #3228, #2986, #350, #7779, #3606, #3552, #2747, #8185, #2344, #5526, #2032, #1676, #5572, #1834, #2452, #5516, #851, #5114, #7834, #4743, #403, #8149, #2233, #4594, #1450, #6176, #1006, #1794, #4703, #4144, #590, #6136, #4399, #3034, #4203, #5919, #2730, #6285, #6689, #8111, #3433, #6511, #3556, #1487, #5811, #3273, #7739, #3019 ) ) ;
#7720 = DIRECTION ( 'NONE',  ( 0.000000000000000000, 1.000000000000000000, 0.000000000000000000 ) ) ;
#7721 = ORIENTED_EDGE ( 'NONE', *, *, #3662, .F. ) ;
#7722 = CARTESIAN_POINT ( 'NONE',  ( 89.50000000000001421, -6.500000000000000000, 0.000000000000000000 ) ) ;
#7723 = ORIENTED_EDGE ( 'NONE', *, *, #3654, .F. ) ;
#7724 = CIRCLE ( 'NONE', #2713, 4.500000000000000888 ) ;
#7725 = LINE ( 'NONE', #932, #53 ) ;
#7726 = CARTESIAN_POINT ( 'NONE',  ( 11.19432624775223495, -1.000000000000000000, 1.500000000000002220 ) ) ;
#7727 = AXIS2_PLACEMENT_3D ( 'NONE', #3293, #1498, #5806 ) ;
#7729 = VECTOR ( 'NONE', #4831, 1000.000000000000000 ) ;
#7728 = CARTESIAN_POINT ( 'NONE',  ( 122.0185760300002897, -1.000000000000000000, -2.666666666666665186 ) ) ;
#7730 = EDGE_CURVE ( 'NONE', #1697, #725, #5215, .T. ) ;
#7731 = DIRECTION ( 'NONE',  ( -1.000000000000000000, 0.000000000000000000, 0.000000000000000000 ) ) ;
#7732 = VERTEX_POINT ( 'NONE', #4748 ) ;
#7733 = CARTESIAN_POINT ( 'NONE',  ( 44.20820393249938718, 6.500000000000000000, -1.000000000000000000 ) ) ;
#7734 = AXIS2_PLACEMENT_3D ( 'NONE', #6363, #1149, #3178 ) ;
#7735 = DIRECTION ( 'NONE',  ( 0.000000000000000000, -0.000000000000000000, -1.000000000000000000 ) ) ;
#7736 = VERTEX_POINT ( 'NONE', #6490 ) ;
#7737 = CARTESIAN_POINT ( 'NONE',  ( 0.000000000000000000, 0.000000000000000000, 2.499999999999999556 ) ) ;
#7738 = EDGE_CURVE ( 'NONE', #1713, #3225, #2810, .T. ) ;
#7739 = ADVANCED_FACE ( 'NONE', ( #4713, #203 ), #2735, .T. ) ;
#7740 = LINE ( 'NONE', #3529, #7019 ) ;
#7741 = DIRECTION ( 'NONE',  ( 0.000000000000000000, 0.000000000000000000, 1.000000000000000000 ) ) ;
#7742 = DIRECTION ( 'NONE',  ( -0.000000000000000000, 0.000000000000000000, 1.000000000000000000 ) ) ;
#7743 = VECTOR ( 'NONE', #464, 1000.000000000000000 ) ;
#7744 = DIRECTION ( 'NONE',  ( -0.000000000000000000, -1.000000000000000000, -0.000000000000000000 ) ) ;
#7745 = ADVANCED_FACE ( 'NONE', ( #7856 ), #4151, .F. ) ;
#7746 = ORIENTED_EDGE ( 'NONE', *, *, #4685, .F. ) ;
#7747 = ORIENTED_EDGE ( 'NONE', *, *, #1975, .F. ) ;
#7748 = DIRECTION ( 'NONE',  ( -0.000000000000000000, 1.000000000000000000, -0.000000000000000000 ) ) ;
#7749 = ORIENTED_EDGE ( 'NONE', *, *, #6369, .T. ) ;
#7750 = VERTEX_POINT ( 'NONE', #7896 ) ;
#7751 = DIRECTION ( 'NONE',  ( 0.7453559924999226816, 0.000000000000000000, 0.6666666666666748453 ) ) ;
#7752 = VERTEX_POINT ( 'NONE', #6539 ) ;
#7753 = ORIENTED_EDGE ( 'NONE', *, *, #710, .F. ) ;
#7754 = CIRCLE ( 'NONE', #4195, 4.999999999999999112 ) ;
#7755 = FACE_OUTER_BOUND ( 'NONE', #1176, .T. ) ;
#7756 = LINE ( 'NONE', #225, #4246 ) ;
#7757 = PLANE ( 'NONE',  #7668 ) ;
#7758 = VERTEX_POINT ( 'NONE', #2113 ) ;
#7759 = CARTESIAN_POINT ( 'NONE',  ( -131.1425999105633196, -0.6343924196203082344, 1.116687504239942230 ) ) ;
#7760 = ORIENTED_EDGE ( 'NONE', *, *, #3895, .F. ) ;
#7761 = DIRECTION ( 'NONE',  ( 0.000000000000000000, 1.000000000000000000, 0.000000000000000000 ) ) ;
#7762 = EDGE_CURVE ( 'NONE', #967, #7951, #2200, .T. ) ;
#7763 = CARTESIAN_POINT ( 'NONE',  ( -131.0000000000000000, 6.500000000000000000, 0.6229813658380594088 ) ) ;
#7764 = CARTESIAN_POINT ( 'NONE',  ( 131.5000000000000000, -1.006274316450965101, 0.6705536780272427499 ) ) ;
#7765 = DIRECTION ( 'NONE',  ( 0.6185895741317447571, 0.000000000000000000, -0.7857142857142834780 ) ) ;
#7766 = VERTEX_POINT ( 'NONE', #2860 ) ;
#7767 = LINE ( 'NONE', #7076, #1198 ) ;
#7768 = VERTEX_POINT ( 'NONE', #5336 ) ;
#7769 = DIRECTION ( 'NONE',  ( 0.000000000000000000, -1.000000000000000000, 0.000000000000000000 ) ) ;
#7770 = EDGE_LOOP ( 'NONE', ( #1132, #8161, #6277, #7300 ) ) ;
#7771 = PLANE ( 'NONE',  #4679 ) ;
#7772 = DIRECTION ( 'NONE',  ( -0.000000000000000000, 1.000000000000000000, -0.000000000000000000 ) ) ;
#7773 = DIRECTION ( 'NONE',  ( 0.000000000000000000, 0.000000000000000000, -1.000000000000000000 ) ) ;
#7774 = DIRECTION ( 'NONE',  ( -0.000000000000000000, 1.000000000000000000, -0.000000000000000000 ) ) ;
#7775 = EDGE_CURVE ( 'NONE', #3284, #3868, #7319, .T. ) ;
#7776 = ADVANCED_FACE ( 'NONE', ( #901 ), #7837, .F. ) ;
#7777 = CARTESIAN_POINT ( 'NONE',  ( -75.00000000000000000, -2.999999999999999556, 5.000000000000000888 ) ) ;
#7778 = DIRECTION ( 'NONE',  ( 0.000000000000000000, 0.000000000000000000, 1.000000000000000000 ) ) ;
#7779 = ADVANCED_FACE ( 'NONE', ( #7197 ), #6612, .T. ) ;
#7780 = ADVANCED_FACE ( 'NONE', ( #3431 ), #3398, .T. ) ;
#7781 = ORIENTED_EDGE ( 'NONE', *, *, #4792, .F. ) ;
#7782 = ORIENTED_EDGE ( 'NONE', *, *, #3988, .T. ) ;
#7783 = FACE_OUTER_BOUND ( 'NONE', #169, .T. ) ;
#7784 = EDGE_CURVE ( 'NONE', #7681, #1958, #5915, .T. ) ;
#7785 = DIRECTION ( 'NONE',  ( -0.000000000000000000, -1.000000000000000000, -0.000000000000000000 ) ) ;
#7786 = VERTEX_POINT ( 'NONE', #329 ) ;
#7787 = DIRECTION ( 'NONE',  ( -0.000000000000000000, 1.000000000000000000, -0.000000000000000000 ) ) ;
#7788 = EDGE_CURVE ( 'NONE', #6657, #3444, #5471, .T. ) ;
#7789 = ORIENTED_EDGE ( 'NONE', *, *, #501, .F. ) ;
#7790 = ORIENTED_EDGE ( 'NONE', *, *, #4351, .F. ) ;
#7791 = CARTESIAN_POINT ( 'NONE',  ( 89.50000000000001421, -6.500000000000000000, -5.000000000000000000 ) ) ;
#7792 = FACE_OUTER_BOUND ( 'NONE', #7876, .T. ) ;
#7793 = DIRECTION ( 'NONE',  ( 0.000000000000000000, 0.000000000000000000, -1.000000000000000000 ) ) ;
#7794 = FACE_OUTER_BOUND ( 'NONE', #2111, .T. ) ;
#7795 = ORIENTED_EDGE ( 'NONE', *, *, #782, .T. ) ;
#7796 = CARTESIAN_POINT ( 'NONE',  ( -16.19862544833818063, -0.5000000000000000000, 4.983333333333335169 ) ) ;
#7797 = EDGE_LOOP ( 'NONE', ( #1499, #4599, #2080, #1141 ) ) ;
#7798 = CIRCLE ( 'NONE', #3582, 9.999999999999998224 ) ;
#7799 = DIRECTION ( 'NONE',  ( 0.000000000000000000, 0.000000000000000000, 1.000000000000000000 ) ) ;
#7800 = DIRECTION ( 'NONE',  ( 1.000000000000000000, 0.000000000000000000, 0.000000000000000000 ) ) ;
#7801 = DIRECTION ( 'NONE',  ( -1.000000000000000000, 0.000000000000000000, 0.000000000000000000 ) ) ;
#7802 = AXIS2_PLACEMENT_3D ( 'NONE', #1705, #2329, #2409 ) ;
#7803 = DIRECTION ( 'NONE',  ( -0.000000000000000000, -0.000000000000000000, -1.000000000000000000 ) ) ;
#7804 = EDGE_LOOP ( 'NONE', ( #6591, #6051, #1275, #2175 ) ) ;
#7805 = CARTESIAN_POINT ( 'NONE',  ( 37.50000000000000711, -6.500000000000000000, -3.750000000000006217 ) ) ;
#7806 = ORIENTED_EDGE ( 'NONE', *, *, #7939, .F. ) ;
#7807 = AXIS2_PLACEMENT_3D ( 'NONE', #5241, #7720, #2724 ) ;
#7808 = CARTESIAN_POINT ( 'NONE',  ( 125.0000000000000000, -6.500000000000000000, 0.000000000000000000 ) ) ;
#7809 = ORIENTED_EDGE ( 'NONE', *, *, #6723, .F. ) ;
#7810 = CIRCLE ( 'NONE', #4251, 5.000000000000000000 ) ;
#7811 = CARTESIAN_POINT ( 'NONE',  ( 2.999999999999999112, 2.499999999999999556, 4.000000000000002665 ) ) ;
#7812 = CARTESIAN_POINT ( 'NONE',  ( 118.2917960675006412, -1.000000000000000000, -1.000000000000000000 ) ) ;
#7813 = DIRECTION ( 'NONE',  ( -1.000000000000000000, 0.000000000000000000, 0.000000000000000000 ) ) ;
#7814 = CARTESIAN_POINT ( 'NONE',  ( -15.10456796088380216, -1.000000000000000000, -6.000000000000000000 ) ) ;
#7815 = CARTESIAN_POINT ( 'NONE',  ( -5.000000000000000000, 0.000000000000000000, -6.500000000000000000 ) ) ;
#7816 = AXIS2_PLACEMENT_3D ( 'NONE', #6821, #4366, #8093 ) ;
#7817 = CYLINDRICAL_SURFACE ( 'NONE', #8121, 1.649999999999998579 ) ;
#7818 = ORIENTED_EDGE ( 'NONE', *, *, #2034, .F. ) ;
#7819 = ORIENTED_EDGE ( 'NONE', *, *, #6177, .T. ) ;
#7820 = DIRECTION ( 'NONE',  ( 0.000000000000000000, -0.000000000000000000, -1.000000000000000000 ) ) ;
#7821 = EDGE_CURVE ( 'NONE', #4806, #2197, #2235, .T. ) ;
#7822 = AXIS2_PLACEMENT_3D ( 'NONE', #364, #272, #4873 ) ;
#7823 = EDGE_CURVE ( 'NONE', #2197, #2612, #7112, .T. ) ;
#7824 = TOROIDAL_SURFACE ( 'NONE', #6505, 4.500000000000000888, 0.5000000000000000000 ) ;
#7825 = LINE ( 'NONE', #3372, #839 ) ;
#7826 = ORIENTED_EDGE ( 'NONE', *, *, #3249, .T. ) ;
#7827 = CARTESIAN_POINT ( 'NONE',  ( -77.21634691640716142, -1.000000000000000000, 3.535714285714291805 ) ) ;
#7828 = EDGE_LOOP ( 'NONE', ( #5242, #7359, #6396, #4492 ) ) ;
#7829 = ORIENTED_EDGE ( 'NONE', *, *, #4853, .T. ) ;
#7830 = EDGE_CURVE ( 'NONE', #6917, #4444, #8110, .T. ) ;
#7831 = AXIS2_PLACEMENT_3D ( 'NONE', #7815, #7245, #1575 ) ;
#7832 = DIRECTION ( 'NONE',  ( -0.000000000000000000, 1.000000000000000000, -0.000000000000000000 ) ) ;
#7833 = CARTESIAN_POINT ( 'NONE',  ( 129.5000000000000000, -1.000000000000000000, -4.500000000000000888 ) ) ;
#7834 = ADVANCED_FACE ( 'NONE', ( #3021 ), #5417, .F. ) ;
#7835 = DIRECTION ( 'NONE',  ( 0.000000000000000000, 0.000000000000000000, 1.000000000000000000 ) ) ;
#7836 = EDGE_CURVE ( 'NONE', #227, #680, #7576, .T. ) ;
#7837 = TOROIDAL_SURFACE ( 'NONE', #1235, 4.500000000000000888, 0.5000000000000000000 ) ;
#7838 = CARTESIAN_POINT ( 'NONE',  ( 5.000000000000000000, 6.500000000000000000, 0.000000000000000000 ) ) ;
#7839 = ORIENTED_EDGE ( 'NONE', *, *, #92, .T. ) ;
#7840 = CARTESIAN_POINT ( 'NONE',  ( -131.1265438913387982, -0.7700882760577424380, 1.184119194902109040 ) ) ;
#7841 = AXIS2_PLACEMENT_3D ( 'NONE', #1179, #6284, #5501 ) ;
#7842 = VERTEX_POINT ( 'NONE', #4790 ) ;
#7843 = DIRECTION ( 'NONE',  ( 0.000000000000000000, 0.000000000000000000, 1.000000000000000000 ) ) ;
#7844 = EDGE_CURVE ( 'NONE', #1769, #3868, #3649, .T. ) ;
#7845 = DIRECTION ( 'NONE',  ( 0.000000000000000000, 1.000000000000000000, 0.000000000000000000 ) ) ;
#7846 = TOROIDAL_SURFACE ( 'NONE', #1649, 4.500000000000003553, 0.5000000000000000000 ) ;
#7847 = FACE_OUTER_BOUND ( 'NONE', #6310, .T. ) ;
#7848 = CIRCLE ( 'NONE', #6288, 0.5000000000000004441 ) ;
#7849 = AXIS2_PLACEMENT_3D ( 'NONE', #1108, #3600, #1739 ) ;
#7850 = DIRECTION ( 'NONE',  ( -0.000000000000000000, -1.000000000000000000, -0.000000000000000000 ) ) ;
#7851 = AXIS2_PLACEMENT_3D ( 'NONE', #4675, #5226, #7773 ) ;
#7852 = B_SPLINE_CURVE_WITH_KNOTS ( 'NONE', 3,
 ( #8104, #31, #1153, #3108, #3022, #2405, #3766, #4881 ),
 .UNSPECIFIED., .F., .F.,
 ( 4, 2, 2, 4 ),
 ( -1.341640786936676490E-05, 0.001658138337215144236, 0.002493915709757401917, 0.003329693082299659598 ),
 .UNSPECIFIED. ) ;
#7853 = ORIENTED_EDGE ( 'NONE', *, *, #513, .F. ) ;
#7854 = FACE_OUTER_BOUND ( 'NONE', #5767, .T. ) ;
#7855 = ORIENTED_EDGE ( 'NONE', *, *, #1128, .T. ) ;
#7856 = FACE_OUTER_BOUND ( 'NONE', #7248, .T. ) ;
#7857 = EDGE_LOOP ( 'NONE', ( #530, #6086, #4982, #5652, #6100, #1871 ) ) ;
#7858 = VECTOR ( 'NONE', #257, 1000.000000000000000 ) ;
#7859 = EDGE_CURVE ( 'NONE', #6766, #1769, #8021, .T. ) ;
#7860 = AXIS2_PLACEMENT_3D ( 'NONE', #5460, #1663, #2899 ) ;
#7861 = FACE_OUTER_BOUND ( 'NONE', #5657, .T. ) ;
#7862 = DIRECTION ( 'NONE',  ( 0.000000000000000000, 0.000000000000000000, 1.000000000000000000 ) ) ;
#7863 = CARTESIAN_POINT ( 'NONE',  ( -82.47435829652697237, -1.000000000000000000, 3.142857142857147679 ) ) ;
#7864 = TOROIDAL_SURFACE ( 'NONE', #1661, 9.500000000000000000, 0.5000000000000000000 ) ;
#7865 = DIRECTION ( 'NONE',  ( 0.000000000000000000, 0.000000000000000000, 1.000000000000000000 ) ) ;
#7866 = DIRECTION ( 'NONE',  ( 1.301042606982605321E-16, 0.000000000000000000, -1.000000000000000000 ) ) ;
#7867 = DIRECTION ( 'NONE',  ( 0.000000000000000000, 0.000000000000000000, 1.000000000000000000 ) ) ;
#7868 = DIRECTION ( 'NONE',  ( -0.000000000000000000, -1.000000000000000000, -0.000000000000000000 ) ) ;
#7869 = ORIENTED_EDGE ( 'NONE', *, *, #5372, .F. ) ;
#7870 = ORIENTED_EDGE ( 'NONE', *, *, #5838, .T. ) ;
#7871 = ADVANCED_FACE ( 'NONE', ( #5549 ), #3562, .F. ) ;
#7872 = CARTESIAN_POINT ( 'NONE',  ( 114.9999999999999858, -2.999999999999999556, 0.000000000000000000 ) ) ;
#7873 = CARTESIAN_POINT ( 'NONE',  ( -2.999999999999999112, 3.999999999999999112, 6.500000000000000000 ) ) ;
#7874 = EDGE_LOOP ( 'NONE', ( #7122, #3204 ) ) ;
#7875 = DIRECTION ( 'NONE',  ( -0.000000000000000000, -1.000000000000000000, -0.000000000000000000 ) ) ;
#7876 = EDGE_LOOP ( 'NONE', ( #8101, #2876, #4495, #5876 ) ) ;
#7877 = ORIENTED_EDGE ( 'NONE', *, *, #2928, .T. ) ;
#7878 = FACE_OUTER_BOUND ( 'NONE', #2499, .T. ) ;
#7879 = CYLINDRICAL_SURFACE ( 'NONE', #936, 5.000000000000000000 ) ;
#7880 = DIRECTION ( 'NONE',  ( 0.000000000000000000, 1.000000000000000000, 0.000000000000000000 ) ) ;
#7881 = DIRECTION ( 'NONE',  ( 0.000000000000000000, 1.000000000000000000, -0.000000000000000000 ) ) ;
#7882 = ORIENTED_EDGE ( 'NONE', *, *, #7007, .F. ) ;
#7883 = CARTESIAN_POINT ( 'NONE',  ( 6.999999999999999112, 6.500000000000000000, 4.000000000000002665 ) ) ;
#7884 = VERTEX_POINT ( 'NONE', #4220 ) ;
#7885 = EDGE_CURVE ( 'NONE', #1423, #522, #369, .T. ) ;
#7886 = ADVANCED_FACE ( 'NONE', ( #1187 ), #4919, .F. ) ;
#7887 = CARTESIAN_POINT ( 'NONE',  ( 2.999999999999999112, 2.499999999999999556, 5.000000000000002665 ) ) ;
#7888 = ADVANCED_FACE ( 'NONE', ( #6040 ), #708, .F. ) ;
#7889 = CYLINDRICAL_SURFACE ( 'NONE', #3357, 5.000000000000000000 ) ;
#7890 = CARTESIAN_POINT ( 'NONE',  ( -13.00216349568201935, -0.7211855279666535834, 6.442475038023514067 ) ) ;
#7891 = EDGE_CURVE ( 'NONE', #5362, #201, #5509, .T. ) ;
#7892 = DIRECTION ( 'NONE',  ( 0.000000000000000000, 0.000000000000000000, -1.000000000000000000 ) ) ;
#7893 = ORIENTED_EDGE ( 'NONE', *, *, #4159, .F. ) ;
#7894 = CARTESIAN_POINT ( 'NONE',  ( -125.0000000000000000, -1.000000000000000000, 4.000000000000003553 ) ) ;
#7895 = ORIENTED_EDGE ( 'NONE', *, *, #3391, .F. ) ;
#7896 = CARTESIAN_POINT ( 'NONE',  ( -2.999999999999999112, 1.887458608817686123, 6.500000000000000000 ) ) ;
#7897 = ORIENTED_EDGE ( 'NONE', *, *, #4391, .F. ) ;
#7898 = FACE_OUTER_BOUND ( 'NONE', #1892, .T. ) ;
#7899 = CARTESIAN_POINT ( 'NONE',  ( 13.34873900228213728, -1.066904685892961391, 6.499999999999998224 ) ) ;
#7900 = DIRECTION ( 'NONE',  ( -1.000000000000000000, -0.000000000000000000, -0.000000000000000000 ) ) ;
#7901 = CARTESIAN_POINT ( 'NONE',  ( 125.0000000000000000, -0.5000000000000000000, 0.000000000000000000 ) ) ;
#7902 = CARTESIAN_POINT ( 'NONE',  ( -6.999999999999999112, 5.000000000000000000, 6.500000000000000000 ) ) ;
#7903 = CARTESIAN_POINT ( 'NONE',  ( -2.999999999999999112, -5.000000000000001776, 2.499999999999999556 ) ) ;
#7904 = ORIENTED_EDGE ( 'NONE', *, *, #6126, .T. ) ;
#7905 = PLANE ( 'NONE',  #4795 ) ;
#7906 = ORIENTED_EDGE ( 'NONE', *, *, #2765, .F. ) ;
#7907 = DIRECTION ( 'NONE',  ( 0.000000000000000000, 1.000000000000000000, 0.000000000000000000 ) ) ;
#7908 = CARTESIAN_POINT ( 'NONE',  ( 131.0000000000000000, 6.500000000000000000, -0.5418045322075869530 ) ) ;
#7909 = EDGE_CURVE ( 'NONE', #5033, #1298, #2442, .T. ) ;
#7910 = ORIENTED_EDGE ( 'NONE', *, *, #766, .F. ) ;
#7911 = DIRECTION ( 'NONE',  ( 0.000000000000000000, 0.000000000000000000, 1.000000000000000000 ) ) ;
#7912 = VERTEX_POINT ( 'NONE', #1659 ) ;
#7913 = ORIENTED_EDGE ( 'NONE', *, *, #933, .F. ) ;
#7914 = LINE ( 'NONE', #5935, #8095 ) ;
#7915 = DIRECTION ( 'NONE',  ( 0.000000000000000000, 0.000000000000000000, 1.000000000000000000 ) ) ;
#7916 = ORIENTED_EDGE ( 'NONE', *, *, #4345, .T. ) ;
#7917 = DIRECTION ( 'NONE',  ( 0.000000000000000000, 0.000000000000000000, -1.000000000000000000 ) ) ;
#7918 = CARTESIAN_POINT ( 'NONE',  ( 69.99999999999998579, -6.500000000000000000, 2.602085213965210642E-15 ) ) ;
#7919 = ORIENTED_EDGE ( 'NONE', *, *, #4649, .F. ) ;
#7920 = DIRECTION ( 'NONE',  ( 0.000000000000000000, 1.000000000000000000, 0.000000000000000000 ) ) ;
#7921 = ORIENTED_EDGE ( 'NONE', *, *, #6079, .T. ) ;
#7922 = CARTESIAN_POINT ( 'NONE',  ( 37.50000000000000711, -0.5000000000000000000, -1.500000000000000000 ) ) ;
#7923 = CARTESIAN_POINT ( 'NONE',  ( -120.0000000000000000, -2.999999999999999556, -4.999999999999999112 ) ) ;
#7924 = EDGE_CURVE ( 'NONE', #3984, #7750, #4541, .T. ) ;
#7925 = EDGE_CURVE ( 'NONE', #6837, #5847, #4970, .T. ) ;
#7926 = ADVANCED_FACE ( 'NONE', ( #6784 ), #6118, .F. ) ;
#7927 = LINE ( 'NONE', #1654, #540 ) ;
#7928 = ORIENTED_EDGE ( 'NONE', *, *, #278, .F. ) ;
#7929 = VECTOR ( 'NONE', #1874, 1000.000000000000000 ) ;
#7930 = PLANE ( 'NONE',  #6665 ) ;
#7931 = ORIENTED_EDGE ( 'NONE', *, *, #3289, .F. ) ;
#7932 = DIRECTION ( 'NONE',  ( 0.000000000000000000, -1.000000000000000000, 0.000000000000000000 ) ) ;
#7933 = VERTEX_POINT ( 'NONE', #4338 ) ;
#7934 = CARTESIAN_POINT ( 'NONE',  ( 131.5000000000000000, -0.9327935957509381204, -1.212762868380846459 ) ) ;
#7935 = ADVANCED_FACE ( 'NONE', ( #532 ), #7846, .F. ) ;
#7936 = CARTESIAN_POINT ( 'NONE',  ( 14.00000000000000000, -2.999999999999999556, -2.602085213965210642E-15 ) ) ;
#7937 = CIRCLE ( 'NONE', #2529, 2.000000000000000000 ) ;
#7938 = DIRECTION ( 'NONE',  ( 0.000000000000000000, 0.000000000000000000, -1.000000000000000000 ) ) ;
#7939 = EDGE_CURVE ( 'NONE', #89, #1679, #1700, .T. ) ;
#7940 = CARTESIAN_POINT ( 'NONE',  ( -80.00000000000000000, 6.500000000000000000, 1.649999999999998579 ) ) ;
#7941 = CARTESIAN_POINT ( 'NONE',  ( -23.55047706695932064, -0.5000000000000000000, 11.00000000000000000 ) ) ;
#7942 = CIRCLE ( 'NONE', #8078, 5.000000000000000000 ) ;
#7943 = DIRECTION ( 'NONE',  ( 0.000000000000000000, 0.000000000000000000, 1.000000000000000000 ) ) ;
#7944 = VERTEX_POINT ( 'NONE', #4304 ) ;
#7945 = PRESENTATION_STYLE_ASSIGNMENT (( #378 ) ) ;
#7946 = VERTEX_POINT ( 'NONE', #1152 ) ;
#7947 = CARTESIAN_POINT ( 'NONE',  ( -127.5916983342350051, 6.500000000000000000, -3.046817970329624092 ) ) ;
#7948 = AXIS2_PLACEMENT_3D ( 'NONE', #6333, #4377, #6901 ) ;
#7949 = ORIENTED_EDGE ( 'NONE', *, *, #1015, .F. ) ;
#7950 = DIRECTION ( 'NONE',  ( 0.000000000000000000, 1.000000000000000000, -0.000000000000000000 ) ) ;
#7951 = VERTEX_POINT ( 'NONE', #3684 ) ;
#7952 = VERTEX_POINT ( 'NONE', #691 ) ;
#7953 = CARTESIAN_POINT ( 'NONE',  ( 86.70820393249938718, -1.000000000000000000, -6.000000000000000000 ) ) ;
#7954 = CIRCLE ( 'NONE', #7822, 5.000000000000000000 ) ;
#7955 = AXIS2_PLACEMENT_3D ( 'NONE', #6189, #6929, #7420 ) ;
#7956 = LINE ( 'NONE', #2303, #6370 ) ;
#7957 = CARTESIAN_POINT ( 'NONE',  ( 15.65946902262517071, -1.000000000000000000, -3.750000000000000888 ) ) ;
#7958 = VECTOR ( 'NONE', #6335, 1000.000000000000000 ) ;
#7959 = ORIENTED_EDGE ( 'NONE', *, *, #1397, .F. ) ;
#7960 = DIRECTION ( 'NONE',  ( 0.000000000000000000, 1.000000000000000000, 0.000000000000000000 ) ) ;
#7961 = ORIENTED_EDGE ( 'NONE', *, *, #4316, .T. ) ;
#7962 = AXIS2_PLACEMENT_3D ( 'NONE', #602, #1845, #8129 ) ;
#7963 = LINE ( 'NONE', #360, #721 ) ;
#7964 = VERTEX_POINT ( 'NONE', #1277 ) ;
#7965 =( GEOMETRIC_REPRESENTATION_CONTEXT ( 3 ) GLOBAL_UNCERTAINTY_ASSIGNED_CONTEXT ( ( #3789 ) ) GLOBAL_UNIT_ASSIGNED_CONTEXT ( ( #6752, #7334, #4104 ) ) REPRESENTATION_CONTEXT ( 'NONE', 'WORKASPACE' ) );
#7966 = CARTESIAN_POINT ( 'NONE',  ( -129.5000000000000000, 6.500000000000000000, -4.500000000000000888 ) ) ;
#7967 = EDGE_CURVE ( 'NONE', #1630, #2392, #5075, .T. ) ;
#7968 = CARTESIAN_POINT ( 'NONE',  ( 131.5000000000000000, -1.500000000000021094, 1.552214998775744093 ) ) ;
#7969 = AXIS2_PLACEMENT_3D ( 'NONE', #8148, #3023, #1827 ) ;
#7970 = AXIS2_PLACEMENT_3D ( 'NONE', #7237, #1567, #816 ) ;
#7971 = AXIS2_PLACEMENT_3D ( 'NONE', #7966, #4781, #2192 ) ;
#7972 = CARTESIAN_POINT ( 'NONE',  ( -90.00000000000001421, -6.500000000000000000, -4.999999999999999112 ) ) ;
#7973 = ORIENTED_EDGE ( 'NONE', *, *, #206, .T. ) ;
#7974 = CARTESIAN_POINT ( 'NONE',  ( 80.00000000000000000, 6.500000000000000000, 4.000000000000003553 ) ) ;
#7975 = ORIENTED_EDGE ( 'NONE', *, *, #7492, .T. ) ;
#7976 = CARTESIAN_POINT ( 'NONE',  ( -3.999999999999999112, -4.000000000000001776, 2.499999999999999556 ) ) ;
#7977 = ORIENTED_EDGE ( 'NONE', *, *, #1203, .T. ) ;
#7978 = ADVANCED_FACE ( 'NONE', ( #4462 ), #7071, .F. ) ;
#7979 = DIRECTION ( 'NONE',  ( -1.301042606982605321E-16, 0.000000000000000000, 1.000000000000000000 ) ) ;
#7980 = VECTOR ( 'NONE', #4371, 1000.000000000000000 ) ;
#7982 = VECTOR ( 'NONE', #576, 1000.000000000000000 ) ;
#7981 = CYLINDRICAL_SURFACE ( 'NONE', #5854, 0.5000000000000000000 ) ;
#7983 = AXIS2_PLACEMENT_3D ( 'NONE', #3937, #7774, #1536 ) ;
#7984 = CARTESIAN_POINT ( 'NONE',  ( 86.70820393249938718, -0.5000000000000000000, 1.500000000000000000 ) ) ;
#7985 = DIRECTION ( 'NONE',  ( -1.000000000000000000, 0.000000000000000000, 0.000000000000000000 ) ) ;
#7986 = DIRECTION ( 'NONE',  ( 0.000000000000000000, 0.000000000000000000, 1.000000000000000000 ) ) ;
#7987 = VECTOR ( 'NONE', #6509, 1000.000000000000000 ) ;
#7988 = AXIS2_PLACEMENT_3D ( 'NONE', #5822, #2643, #2564 ) ;
#7989 = LINE ( 'NONE', #1708, #5062 ) ;
#7990 = VERTEX_POINT ( 'NONE', #6366 ) ;
#7991 = ADVANCED_FACE ( 'NONE', ( #621 ), #1905, .T. ) ;
#7992 = ADVANCED_FACE ( 'NONE', ( #3803 ), #5478, .F. ) ;
#7993 = CARTESIAN_POINT ( 'NONE',  ( 69.99999999999998579, -6.500000000000000000, 5.000000000000002665 ) ) ;
#7994 = ORIENTED_EDGE ( 'NONE', *, *, #7784, .T. ) ;
#7995 = EDGE_CURVE ( 'NONE', #3259, #5766, #2173, .T. ) ;
#7996 = AXIS2_PLACEMENT_3D ( 'NONE', #5056, #3697, #5562 ) ;
#7997 = DIRECTION ( 'NONE',  ( -0.000000000000000000, -1.000000000000000000, -0.000000000000000000 ) ) ;
#7998 = AXIS2_PLACEMENT_3D ( 'NONE', #3013, #8172, #1266 ) ;
#7999 = DIRECTION ( 'NONE',  ( -0.000000000000000000, -0.000000000000000000, 1.000000000000000000 ) ) ;
#8000 = EDGE_CURVE ( 'NONE', #5658, #2923, #7610, .T. ) ;
#8001 = ORIENTED_EDGE ( 'NONE', *, *, #2910, .T. ) ;
#8002 = DIRECTION ( 'NONE',  ( 0.000000000000000000, 0.000000000000000000, 1.000000000000000000 ) ) ;
#8003 = VERTEX_POINT ( 'NONE', #8146 ) ;
#8004 = ORIENTED_EDGE ( 'NONE', *, *, #5158, .F. ) ;
#8005 = CARTESIAN_POINT ( 'NONE',  ( 20.12461179749810825, -1.000000000000000000, -6.000000000000000000 ) ) ;
#8006 = CYLINDRICAL_SURFACE ( 'NONE', #6890, 4.000000000000003553 ) ;
#8007 = CARTESIAN_POINT ( 'NONE',  ( -5.000000000000000000, 0.000000000000000000, 6.500000000000000000 ) ) ;
#8008 = VERTEX_POINT ( 'NONE', #6246 ) ;
#8009 = DIRECTION ( 'NONE',  ( 0.000000000000000000, 0.000000000000000000, 1.000000000000000000 ) ) ;
#8010 = EDGE_LOOP ( 'NONE', ( #7585, #4991, #672, #301 ) ) ;
#8011 = DIRECTION ( 'NONE',  ( 0.000000000000000000, 1.000000000000000000, 0.000000000000000000 ) ) ;
#8012 = ORIENTED_EDGE ( 'NONE', *, *, #6464, .F. ) ;
#8013 = CARTESIAN_POINT ( 'NONE',  ( 131.5000000000000000, -0.9675857499999563904, 1.278381844510246390 ) ) ;
#8014 = DIRECTION ( 'NONE',  ( -1.000000000000000000, 0.000000000000000000, -0.000000000000000000 ) ) ;
#8015 = VERTEX_POINT ( 'NONE', #74 ) ;
#8016 = DIRECTION ( 'NONE',  ( 0.000000000000000000, 1.000000000000000000, 0.000000000000000000 ) ) ;
#8017 = EDGE_LOOP ( 'NONE', ( #5858, #2640, #4056, #6702 ) ) ;
#8018 = ADVANCED_FACE ( 'NONE', ( #2486 ), #7646, .T. ) ;
#8019 = AXIS2_PLACEMENT_3D ( 'NONE', #7074, #5164, #2732 ) ;
#8020 = CARTESIAN_POINT ( 'NONE',  ( 14.35660390792061669, -0.9999999999999992228, -6.500000000000000888 ) ) ;
#8021 = LINE ( 'NONE', #3060, #5733 ) ;
#8022 = VERTEX_POINT ( 'NONE', #1232 ) ;
#8023 = CARTESIAN_POINT ( 'NONE',  ( 131.5000000000000000, -1.374831954110447452, -1.044682995673668291 ) ) ;
#8024 = CARTESIAN_POINT ( 'NONE',  ( 11.19432624775223495, -0.5000000000000000000, 6.500000000000000888 ) ) ;
#8025 = CARTESIAN_POINT ( 'NONE',  ( -131.4999999999999716, -1.308059713710453043, 1.038342068368246274 ) ) ;
#8026 = CARTESIAN_POINT ( 'NONE',  ( 2.999999999999999556, -6.500000000000000000, 1.887458608817686789 ) ) ;
#8027 = LINE ( 'NONE', #500, #5896 ) ;
#8028 = CARTESIAN_POINT ( 'NONE',  ( 37.50000000000000711, 6.500000000000000000, 4.000000000000003553 ) ) ;
#8029 = VERTEX_POINT ( 'NONE', #6899 ) ;
#8030 = LINE ( 'NONE', #2337, #820 ) ;
#8031 = DIRECTION ( 'NONE',  ( 0.000000000000000000, 0.000000000000000000, 1.000000000000000000 ) ) ;
#8032 = DIRECTION ( 'NONE',  ( 0.000000000000000000, -1.000000000000000000, 0.000000000000000000 ) ) ;
#8033 = EDGE_CURVE ( 'NONE', #565, #988, #5344, .T. ) ;
#8034 = AXIS2_PLACEMENT_3D ( 'NONE', #1104, #7394, #4216 ) ;
#8035 = EDGE_CURVE ( 'NONE', #1630, #4694, #4497, .T. ) ;
#8036 = ORIENTED_EDGE ( 'NONE', *, *, #8092, .F. ) ;
#8037 = CARTESIAN_POINT ( 'NONE',  ( -121.1270166537925803, -1.000000000000000000, 1.000000000000000000 ) ) ;
#8038 = ORIENTED_EDGE ( 'NONE', *, *, #7498, .F. ) ;
#8039 = ORIENTED_EDGE ( 'NONE', *, *, #2280, .F. ) ;
#8040 = CARTESIAN_POINT ( 'NONE',  ( -23.55047706695932064, -0.5000000000000000000, 1.000000000000000000 ) ) ;
#8041 = EDGE_CURVE ( 'NONE', #2350, #1107, #3890, .T. ) ;
#8042 = DIRECTION ( 'NONE',  ( 0.000000000000000000, -1.000000000000000000, 0.000000000000000000 ) ) ;
#8043 = CARTESIAN_POINT ( 'NONE',  ( -88.66025403784438197, -0.5000000000000000000, -11.00000000000000000 ) ) ;
#8044 = ORIENTED_EDGE ( 'NONE', *, *, #3401, .F. ) ;
#8045 = EDGE_CURVE ( 'NONE', #5722, #7884, #5739, .T. ) ;
#8046 = CARTESIAN_POINT ( 'NONE',  ( -69.99999999999998579, -6.500000000000000000, -4.999999999999999112 ) ) ;
#8047 = ORIENTED_EDGE ( 'NONE', *, *, #3659, .F. ) ;
#8048 = FACE_OUTER_BOUND ( 'NONE', #5396, .T. ) ;
#8049 = EDGE_LOOP ( 'NONE', ( #5720, #5352, #1435, #2833 ) ) ;
#8050 = CYLINDRICAL_SURFACE ( 'NONE', #5071, 2.750000000000000000 ) ;
#8051 = DIRECTION ( 'NONE',  ( 0.000000000000000000, 1.000000000000000000, 0.000000000000000000 ) ) ;
#8052 = CARTESIAN_POINT ( 'NONE',  ( -14.54815395912971887, -1.462177125863595606, 6.500000000000000000 ) ) ;
#8053 = ORIENTED_EDGE ( 'NONE', *, *, #5277, .F. ) ;
#8054 = CARTESIAN_POINT ( 'NONE',  ( -80.00000000000000000, -1.000000000000000000, 4.000000000000003553 ) ) ;
#8055 = ORIENTED_EDGE ( 'NONE', *, *, #7909, .F. ) ;
#8056 = CARTESIAN_POINT ( 'NONE',  ( -76.12701665379258031, -0.5000000000000000000, -1.000000000000000000 ) ) ;
#8057 = DIRECTION ( 'NONE',  ( 0.000000000000000000, 0.000000000000000000, -1.000000000000000000 ) ) ;
#8058 = VECTOR ( 'NONE', #5496, 1000.000000000000000 ) ;
#8059 = CARTESIAN_POINT ( 'NONE',  ( 73.29179606750062703, -1.000000000000000000, 1.500000000000000000 ) ) ;
#8060 = DIRECTION ( 'NONE',  ( 1.000000000000000000, 0.000000000000000000, -0.000000000000000000 ) ) ;
#8061 = PLANE ( 'NONE',  #7802 ) ;
#8062 = CIRCLE ( 'NONE', #1735, 9.499999999999998224 ) ;
#8063 = FACE_OUTER_BOUND ( 'NONE', #2415, .T. ) ;
#8064 = AXIS2_PLACEMENT_3D ( 'NONE', #3797, #3176, #7605 ) ;
#8065 = CARTESIAN_POINT ( 'NONE',  ( -76.12701665379258031, -1.000000000000000000, -1.000000000000000000 ) ) ;
#8066 = CARTESIAN_POINT ( 'NONE',  ( 5.999999999999999112, 6.500000000000000000, -4.999999999999997335 ) ) ;
#8067 = ORIENTED_EDGE ( 'NONE', *, *, #5261, .T. ) ;
#8068 = CIRCLE ( 'NONE', #1872, 4.500000000000000888 ) ;
#8069 = LINE ( 'NONE', #5680, #1790 ) ;
#8070 = CYLINDRICAL_SURFACE ( 'NONE', #7408, 1.000000000000000000 ) ;
#8071 = DIRECTION ( 'NONE',  ( 1.000000000000000000, 0.000000000000000000, 0.000000000000000000 ) ) ;
#8072 = AXIS2_PLACEMENT_3D ( 'NONE', #1744, #5422, #3829 ) ;
#8073 = ORIENTED_EDGE ( 'NONE', *, *, #3851, .F. ) ;
#8074 = FACE_OUTER_BOUND ( 'NONE', #5686, .T. ) ;
#8075 = EDGE_LOOP ( 'NONE', ( #140, #6398, #349, #7795 ) ) ;
#8076 = EDGE_LOOP ( 'NONE', ( #1715, #3247, #3397, #3490 ) ) ;
#8077 = EDGE_CURVE ( 'NONE', #1374, #1925, #7023, .T. ) ;
#8078 = AXIS2_PLACEMENT_3D ( 'NONE', #5840, #126, #3912 ) ;
#8079 = CARTESIAN_POINT ( 'NONE',  ( 37.50000000000000711, -6.500000000000000000, 0.000000000000000000 ) ) ;
#8080 = EDGE_CURVE ( 'NONE', #8015, #7345, #1952, .T. ) ;
#8081 = DIRECTION ( 'NONE',  ( 0.000000000000000000, 0.000000000000000000, -1.000000000000000000 ) ) ;
#8082 = DIRECTION ( 'NONE',  ( 0.000000000000000000, 0.000000000000000000, 1.000000000000000000 ) ) ;
#8083 = ORIENTED_EDGE ( 'NONE', *, *, #4941, .F. ) ;
#8084 = CARTESIAN_POINT ( 'NONE',  ( 131.0647483393212553, -1.000000000000000000, -1.037594460055198953 ) ) ;
#8085 = ORIENTED_EDGE ( 'NONE', *, *, #2280, .T. ) ;
#8086 = EDGE_CURVE ( 'NONE', #7964, #6804, #1785, .T. ) ;
#8087 = DIRECTION ( 'NONE',  ( -0.6185895741317443131, 0.000000000000000000, -0.7857142857142839221 ) ) ;
#8088 = VERTEX_POINT ( 'NONE', #5786 ) ;
#8089 = AXIS2_PLACEMENT_3D ( 'NONE', #3462, #2219, #1013 ) ;
#8090 = FACE_OUTER_BOUND ( 'NONE', #2752, .T. ) ;
#8091 = ADVANCED_FACE ( 'NONE', ( #2642 ), #5159, .F. ) ;
#8092 = EDGE_CURVE ( 'NONE', #1583, #7624, #3387, .T. ) ;
#8093 = DIRECTION ( 'NONE',  ( -1.000000000000000000, 0.000000000000000000, 0.000000000000000000 ) ) ;
#8094 = AXIS2_PLACEMENT_3D ( 'NONE', #6711, #1706, #6669 ) ;
#8095 = VECTOR ( 'NONE', #3380, 1000.000000000000000 ) ;
#8096 = CIRCLE ( 'NONE', #5326, 5.000000000000000000 ) ;
#8097 = CARTESIAN_POINT ( 'NONE',  ( 33.62701665379258742, -0.5000000000000000000, 1.500000000000000000 ) ) ;
#8098 = ORIENTED_EDGE ( 'NONE', *, *, #2, .T. ) ;
#8099 = EDGE_CURVE ( 'NONE', #4044, #5121, #4581, .T. ) ;
#8100 = CARTESIAN_POINT ( 'NONE',  ( -2.999999999999999112, -1.887458608817685901, -6.500000000000000000 ) ) ;
#8101 = ORIENTED_EDGE ( 'NONE', *, *, #5044, .T. ) ;
#8102 = CARTESIAN_POINT ( 'NONE',  ( 131.0647483393212553, -0.5000000000000000000, -1.037594460055199619 ) ) ;
#8103 = CARTESIAN_POINT ( 'NONE',  ( 3.000000000000000444, -2.499999999999999556, -4.999999999999997335 ) ) ;
#8104 = CARTESIAN_POINT ( 'NONE',  ( 11.19432624775224028, -0.4999999999999995559, -6.500000000000000000 ) ) ;
#8105 = AXIS2_PLACEMENT_3D ( 'NONE', #6788, #4223, #1742 ) ;
#8106 = CIRCLE ( 'NONE', #5727, 10.00000000000000000 ) ;
#8107 = DIRECTION ( 'NONE',  ( 0.000000000000000000, 1.000000000000000000, 0.000000000000000000 ) ) ;
#8108 = DIRECTION ( 'NONE',  ( -0.000000000000000000, 1.000000000000000000, -0.000000000000000000 ) ) ;
#8109 = FACE_OUTER_BOUND ( 'NONE', #123, .T. ) ;
#8110 = CIRCLE ( 'NONE', #5338, 3.750000000000006217 ) ;
#8111 = ADVANCED_FACE ( 'NONE', ( #855 ), #5375, .F. ) ;
#8112 = DIRECTION ( 'NONE',  ( -0.000000000000000000, 1.000000000000000000, -0.000000000000000000 ) ) ;
#8113 = ORIENTED_EDGE ( 'NONE', *, *, #3340, .F. ) ;
#8114 = VECTOR ( 'NONE', #4063, 1000.000000000000000 ) ;
#8115 = TOROIDAL_SURFACE ( 'NONE', #7057, 4.500000000000003553, 0.5000000000000000000 ) ;
#8116 = FACE_OUTER_BOUND ( 'NONE', #4064, .T. ) ;
#8117 = AXIS2_PLACEMENT_3D ( 'NONE', #2563, #5670, #3181 ) ;
#8118 = CARTESIAN_POINT ( 'NONE',  ( 125.0000000000000000, -0.5000000000000000000, 0.000000000000000000 ) ) ;
#8119 = AXIS2_PLACEMENT_3D ( 'NONE', #3033, #4318, #6802 ) ;
#8120 = AXIS2_PLACEMENT_3D ( 'NONE', #4640, #2095, #4525 ) ;
#8121 = AXIS2_PLACEMENT_3D ( 'NONE', #2163, #4681, #912 ) ;
#8122 = CARTESIAN_POINT ( 'NONE',  ( 11.19432624775223495, -1.000000000000000000, 1.500000000000002220 ) ) ;
#8123 = AXIS2_PLACEMENT_3D ( 'NONE', #5100, #6995, #5050 ) ;
#8124 = ORIENTED_EDGE ( 'NONE', *, *, #5943, .F. ) ;
#8125 = FACE_OUTER_BOUND ( 'NONE', #2096, .T. ) ;
#8126 = EDGE_LOOP ( 'NONE', ( #1890, #840, #3328, #3335 ) ) ;
#8127 = EDGE_LOOP ( 'NONE', ( #1230, #7977, #5112, #2551 ) ) ;
#8128 = CIRCLE ( 'NONE', #5358, 0.5000000000000000000 ) ;
#8129 = DIRECTION ( 'NONE',  ( 1.000000000000000000, 0.000000000000000000, 0.000000000000000000 ) ) ;
#8130 = PLANE ( 'NONE',  #1465 ) ;
#8131 = DIRECTION ( 'NONE',  ( 0.000000000000000000, 1.000000000000000000, 0.000000000000000000 ) ) ;
#8132 = ORIENTED_EDGE ( 'NONE', *, *, #2065, .F. ) ;
#8133 = FACE_OUTER_BOUND ( 'NONE', #122, .T. ) ;
#8134 = ORIENTED_EDGE ( 'NONE', *, *, #609, .T. ) ;
#8135 = DIRECTION ( 'NONE',  ( 0.7458035258370814269, 0.000000000000000000, 0.6661659709479146319 ) ) ;
#8136 = VERTEX_POINT ( 'NONE', #6447 ) ;
#8137 = CARTESIAN_POINT ( 'NONE',  ( -82.47435829652697237, 6.500000000000000000, -3.142857142857148567 ) ) ;
#8138 = DIRECTION ( 'NONE',  ( 0.000000000000000000, 0.000000000000000000, 1.000000000000000000 ) ) ;
#8139 = CARTESIAN_POINT ( 'NONE',  ( 6.999999999999999112, -6.500000000000000000, 5.000000000000002665 ) ) ;
#8140 = VERTEX_POINT ( 'NONE', #4655 ) ;
#8141 = ADVANCED_FACE ( 'NONE', ( #5906 ), #230, .F. ) ;
#8142 = CARTESIAN_POINT ( 'NONE',  ( -71.33974596215561803, 6.500000000000000000, -11.00000000000000000 ) ) ;
#8143 = EDGE_CURVE ( 'NONE', #8179, #1292, #6799, .T. ) ;
#8144 = ORIENTED_EDGE ( 'NONE', *, *, #4000, .F. ) ;
#8145 = LINE ( 'NONE', #5589, #2312 ) ;
#8146 = CARTESIAN_POINT ( 'NONE',  ( 16.10598330011246304, -1.000000000000000000, 3.975000000000000089 ) ) ;
#8147 = DIRECTION ( 'NONE',  ( -1.301042606982605321E-16, 0.000000000000000000, 1.000000000000000000 ) ) ;
#8148 = CARTESIAN_POINT ( 'NONE',  ( 80.00000000000000000, 6.500000000000000000, 0.000000000000000000 ) ) ;
#8149 = ADVANCED_FACE ( 'NONE', ( #773 ), #2191, .F. ) ;
#8150 = CARTESIAN_POINT ( 'NONE',  ( 11.72508355514081479, -0.6125902684702856371, 6.500000000000002665 ) ) ;
#8151 = FACE_OUTER_BOUND ( 'NONE', #2877, .T. ) ;
#8152 = ADVANCED_FACE ( 'NONE', ( #5200 ), #6482, .F. ) ;
#8153 = VECTOR ( 'NONE', #541, 1000.000000000000000 ) ;
#8154 = CARTESIAN_POINT ( 'NONE',  ( 0.000000000000000000, -2.999999999999999556, 0.000000000000000000 ) ) ;
#8155 = VERTEX_POINT ( 'NONE', #5942 ) ;
#8156 = CARTESIAN_POINT ( 'NONE',  ( 37.50000000000000711, -2.299999999999998934, 1.649999999999998579 ) ) ;
#8157 = DIRECTION ( 'NONE',  ( 0.000000000000000000, -1.000000000000000000, 0.000000000000000000 ) ) ;
#8158 = DIRECTION ( 'NONE',  ( 0.000000000000000000, 1.000000000000000000, 0.000000000000000000 ) ) ;
#8159 = ORIENTED_EDGE ( 'NONE', *, *, #3249, .F. ) ;
#8160 = FACE_OUTER_BOUND ( 'NONE', #1935, .T. ) ;
#8161 = ORIENTED_EDGE ( 'NONE', *, *, #538, .T. ) ;
#8162 = ORIENTED_EDGE ( 'NONE', *, *, #2638, .T. ) ;
#8163 = FACE_OUTER_BOUND ( 'NONE', #3955, .T. ) ;
#8164 = CARTESIAN_POINT ( 'NONE',  ( 76.64589803375031352, -1.000000000000000000, 3.000000000000000888 ) ) ;
#8165 = DIRECTION ( 'NONE',  ( 0.000000000000000000, 1.000000000000000000, 0.000000000000000000 ) ) ;
#8166 = EDGE_LOOP ( 'NONE', ( #8083, #8055, #1939, #5456 ) ) ;
#8167 = EDGE_LOOP ( 'NONE', ( #5863, #3036 ) ) ;
#8168 = PLANE ( 'NONE',  #1652 ) ;
#8169 = ORIENTED_EDGE ( 'NONE', *, *, #4636, .F. ) ;
#8170 = UNCERTAINTY_MEASURE_WITH_UNIT (LENGTH_MEASURE( 1.000000000000000082E-05 ), #5864, 'distance_accuracy_value', 'NONE');
#8171 = ORIENTED_EDGE ( 'NONE', *, *, #2339, .T. ) ;
#8172 = DIRECTION ( 'NONE',  ( 1.000000000000000000, 0.000000000000000000, -0.000000000000000000 ) ) ;
#8173 = CYLINDRICAL_SURFACE ( 'NONE', #5593, 1.000000000000000000 ) ;
#8174 = PRODUCT_DEFINITION_SHAPE ( 'NONE', 'NONE',  #7579 ) ;
#8175 = CARTESIAN_POINT ( 'NONE',  ( 4.000000000000000000, 2.499999999999999556, -4.999999999999997335 ) ) ;
#8176 = ORIENTED_EDGE ( 'NONE', *, *, #1932, .T. ) ;
#8177 = ORIENTED_EDGE ( 'NONE', *, *, #7080, .T. ) ;
#8178 = CARTESIAN_POINT ( 'NONE',  ( -2.999999999999999112, 3.999999999999999112, -6.500000000000000000 ) ) ;
#8179 = VERTEX_POINT ( 'NONE', #1431 ) ;
#8180 = DIRECTION ( 'NONE',  ( -0.000000000000000000, 1.000000000000000000, -0.000000000000000000 ) ) ;
#8181 = CARTESIAN_POINT ( 'NONE',  ( -71.33974596215561803, 6.500000000000000000, -1.000000000000000000 ) ) ;
#8182 = DIRECTION ( 'NONE',  ( 0.000000000000000000, 1.000000000000000000, 0.000000000000000000 ) ) ;
#8183 = CYLINDRICAL_SURFACE ( 'NONE', #4799, 3.750000000000006217 ) ;
#8184 = EDGE_CURVE ( 'NONE', #3577, #6857, #7725, .T. ) ;
#8185 = ADVANCED_FACE ( 'NONE', ( #7185 ), #4615, .T. ) ;
#8186 = EDGE_CURVE ( 'NONE', #1679, #967, #1245, .T. ) ;
#8187 = LINE ( 'NONE', #6208, #5844 ) ;
#8188 = CARTESIAN_POINT ( 'NONE',  ( -125.0000000000000000, -6.500000000000000000, -3.750000000000006217 ) ) ;
#8189 = DIRECTION ( 'NONE',  ( 0.000000000000000000, 0.000000000000000000, 1.000000000000000000 ) ) ;
#8190 = EDGE_CURVE ( 'NONE', #5766, #6422, #4674, .T. ) ;
#8191 = VERTEX_POINT ( 'NONE', #6566 ) ;
#8192 = VECTOR ( 'NONE', #5596, 1000.000000000000000 ) ;
ENDSEC;
END-ISO-10303-21;
