ISO-10303-21;
HEADER;
FILE_DESCRIPTION (( 'STEP AP203' ),
    '1' );
FILE_NAME ('手臂后盖板.STEP',
    '2025-06-16T12:07:49',
    ( 'Windows 用户' ),
    ( '' ),
    'SwSTEP 2.0',
    'SolidWorks 2018',
    '' );
FILE_SCHEMA (( 'CONFIG_CONTROL_DESIGN' ));
ENDSEC;

DATA;
#1 = CARTESIAN_POINT ( 'NONE',  ( -26.50000000000000000, -12.96148139681570655, 2.633863449735150741 ) ) ;
#2 = PLANE ( 'NONE',  #213 ) ;
#3 = AXIS2_PLACEMENT_3D ( 'NONE', #1873, #4019, #2205 ) ;
#4 = DIRECTION ( 'NONE',  ( -0.000000000000000000, -0.000000000000000000, -1.000000000000000000 ) ) ;
#5 = CARTESIAN_POINT ( 'NONE',  ( 20.44264268693396858, 24.75000000000001066, 0.5325930749597848068 ) ) ;
#6 = CARTESIAN_POINT ( 'NONE',  ( 30.00000000000000355, -11.04536101718724339, 0.4999999999999995559 ) ) ;
#7 = CYLINDRICAL_SURFACE ( 'NONE', #3213, 0.5000000000000004441 ) ;
#8 = EDGE_CURVE ( 'NONE', #789, #1052, #105, .T. ) ;
#9 = CARTESIAN_POINT ( 'NONE',  ( -20.87911636061258847, 24.75000000000000355, 4.000000000000000000 ) ) ;
#10 = EDGE_LOOP ( 'NONE', ( #3357, #1367 ) ) ;
#11 = ORIENTED_EDGE ( 'NONE', *, *, #3430, .T. ) ;
#12 = ORIENTED_EDGE ( 'NONE', *, *, #1206, .F. ) ;
#13 = DATE_AND_TIME ( #4001, #3705 ) ;
#14 = ORIENTED_EDGE ( 'NONE', *, *, #847, .F. ) ;
#15 = CARTESIAN_POINT ( 'NONE',  ( -20.10441493801796042, -24.74999999999999645, 0.4999999999999987232 ) ) ;
#16 = EDGE_CURVE ( 'NONE', #1676, #120, #2670, .T. ) ;
#17 = LINE ( 'NONE', #2900, #303 ) ;
#18 = DIRECTION ( 'NONE',  ( 1.000000000000000000, 0.000000000000000000, 0.000000000000000000 ) ) ;
#19 = CARTESIAN_POINT ( 'NONE',  ( -26.37089544951757247, 12.93157040679215974, 3.008913103797111965 ) ) ;
#20 = CARTESIAN_POINT ( 'NONE',  ( 21.15535184452985007, 24.61195866155473411, 0.6661196641934944429 ) ) ;
#21 = ORIENTED_EDGE ( 'NONE', *, *, #1548, .T. ) ;
#22 = APPROVAL ( #2231, '未指定' ) ;
#23 = VERTEX_POINT ( 'NONE', #2527 ) ;
#24 = CARTESIAN_POINT ( 'NONE',  ( 30.00000000000000355, -12.05176385592555377, 0.6518719888524787676 ) ) ;
#25 = B_SPLINE_CURVE_WITH_KNOTS ( 'NONE', 3,
 ( #143, #2304, #2317, #2588, #785, #3231, #2023, #419 ),
 .UNSPECIFIED., .F., .F.,
 ( 4, 2, 2, 4 ),
 ( 0.000000000000000000, 0.0008511864959998442564, 0.001276779743999765029, 0.001702372991999685911 ),
 .UNSPECIFIED. ) ;
#26 = CARTESIAN_POINT ( 'NONE',  ( 30.00000000000000355, 11.04536101718727004, 4.500000000000000888 ) ) ;
#27 = ORIENTED_EDGE ( 'NONE', *, *, #2067, .F. ) ;
#28 = DIRECTION ( 'NONE',  ( -0.000000000000000000, 0.000000000000000000, 1.000000000000000000 ) ) ;
#29 = CARTESIAN_POINT ( 'NONE',  ( -21.04020047480411648, -24.57276337319418857, 0.4677324062664218740 ) ) ;
#30 =( BOUNDED_SURFACE ( )  B_SPLINE_SURFACE ( 3, 2, ( 
 ( #3322, #1799, #3971 ),
 ( #234, #245, #2417 ),
 ( #20, #2186, #919 ),
 ( #2455, #1560, #3121 ),
 ( #2478, #630, #2774 ),
 ( #3378, #1260, #5 ),
 ( #1214, #1859, #3082 ),
 ( #1225, #2156, #4011 ) ),
 .UNSPECIFIED., .F., .F., .F. ) 
 B_SPLINE_SURFACE_WITH_KNOTS ( ( 4, 2, 2, 4 ),
 ( 3, 3 ),
 ( 0.002099200977525100646, 0.002352557366278490089, 0.002605913755031879966, 0.003112626532538659285 ),
 ( 0.000000000000000000, 1.000000000000000000 ),
 .UNSPECIFIED. ) 
 GEOMETRIC_REPRESENTATION_ITEM ( )  RATIONAL_B_SPLINE_SURFACE ( (
 ( 1.000000000000000000, 0.9375000000000004441, 1.000000000000000000),
 ( 1.000000000000000000, 0.9375607059656243525, 1.000000000000000000),
 ( 1.000000000000000000, 0.9285283053835287070, 1.000000000000000000),
 ( 1.000000000000000000, 0.8998073606107337419, 1.000000000000000000),
 ( 1.000000000000000000, 0.8808930640205323570, 1.000000000000000000),
 ( 1.000000000000000000, 0.8171526463671932028, 1.000000000000000000),
 ( 1.000000000000000000, 0.7649737391686678434, 1.000000000000000000),
 ( 1.000000000000000000, 0.7071067811865475727, 1.000000000000000000) ) ) 
 REPRESENTATION_ITEM ( '' )  SURFACE ( )  );
#31 = APPROVAL_STATUS ( 'not_yet_approved' ) ;
#32 = CARTESIAN_POINT ( 'NONE',  ( 0.000000000000000000, 1.040834085586084257E-14, 0.000000000000000000 ) ) ;
#33 = CARTESIAN_POINT ( 'NONE',  ( -29.79583414232509853, -12.04474196411476505, 0.2222524313453398681 ) ) ;
#34 = ORIENTED_EDGE ( 'NONE', *, *, #3435, .T. ) ;
#35 = EDGE_CURVE ( 'NONE', #3409, #3799, #1518, .T. ) ;
#36 = CARTESIAN_POINT ( 'NONE',  ( -29.99999999999999645, 11.17248575935112065, 0.4999999977293305697 ) ) ;
#37 = EDGE_CURVE ( 'NONE', #3999, #120, #3068, .T. ) ;
#38 = CARTESIAN_POINT ( 'NONE',  ( 26.00636525710404356, 7.354696783697272977, 3.369763630901887463 ) ) ;
#39 = VECTOR ( 'NONE', #3373, 1000.000000000000000 ) ;
#40 = CARTESIAN_POINT ( 'NONE',  ( 30.00000000000000355, 12.39959676763724516, 4.000000000000000888 ) ) ;
#41 = CIRCLE ( 'NONE', #1223, 0.5000000000000004441 ) ;
#42 = DIRECTION ( 'NONE',  ( -1.000000000000000000, 0.000000000000000000, 0.000000000000000000 ) ) ;
#43 = DIRECTION ( 'NONE',  ( -7.008983741320432232E-17, -1.000000000000000000, 0.000000000000000000 ) ) ;
#44 = DIRECTION ( 'NONE',  ( 0.000000000000000000, -1.000000000000000000, 0.000000000000000000 ) ) ;
#45 = CARTESIAN_POINT ( 'NONE',  ( -29.99999999999999645, 12.27645308011890002, 0.7814521544370222061 ) ) ;
#46 = B_SPLINE_CURVE_WITH_KNOTS ( 'NONE', 3,
 ( #3836, #199, #824, #216, #2046, #2074, #2645, #2368, #187, #798 ),
 .UNSPECIFIED., .F., .F.,
 ( 4, 2, 2, 2, 4 ),
 ( 3.472760932840085991E-18, 0.0005220473677744801250, 0.001044094735548956781, 0.001566142103323433545, 0.002088189471097910092 ),
 .UNSPECIFIED. ) ;
#47 = CARTESIAN_POINT ( 'NONE',  ( 21.04595339665901932, -24.57473414919410715, 4.536567011344368794 ) ) ;
#48 = AXIS2_PLACEMENT_3D ( 'NONE', #786, #3865, #132 ) ;
#49 = DIRECTION ( 'NONE',  ( -0.000000000000000000, 0.000000000000000000, 1.000000000000000000 ) ) ;
#50 = CARTESIAN_POINT ( 'NONE',  ( -25.50000000000000355, -12.72792206135784632, 3.500000000000000000 ) ) ;
#51 = DIRECTION ( 'NONE',  ( 1.000000000000000000, 0.000000000000000000, 0.000000000000000000 ) ) ;
#52 = CYLINDRICAL_SURFACE ( 'NONE', #2953, 1.000000000000000000 ) ;
#53 = AXIS2_PLACEMENT_3D ( 'NONE', #2406, #2981, #2708 ) ;
#54 = CARTESIAN_POINT ( 'NONE',  ( -29.96093750000000000, 12.59334046713159871, 1.000000000000000000 ) ) ;
#55 = EDGE_LOOP ( 'NONE', ( #1458, #1421, #295, #2390, #1265 ) ) ;
#56 = CARTESIAN_POINT ( 'NONE',  ( -26.54448498746573293, -6.113324297582027000, 0.6965513964552708659 ) ) ;
#57 = EDGE_LOOP ( 'NONE', ( #2926, #3906, #2680, #439 ) ) ;
#58 = ORIENTED_EDGE ( 'NONE', *, *, #292, .F. ) ;
#59 = FACE_OUTER_BOUND ( 'NONE', #1956, .T. ) ;
#60 = ORIENTED_EDGE ( 'NONE', *, *, #1280, .T. ) ;
#61 = EDGE_CURVE ( 'NONE', #983, #1133, #2535, .T. ) ;
#62 = CIRCLE ( 'NONE', #2515, 7.500000000000000000 ) ;
#63 = EDGE_LOOP ( 'NONE', ( #2158, #2437, #1985, #2024, #3885, #2197, #3890, #860 ) ) ;
#64 = VECTOR ( 'NONE', #709, 999.9999999999998863 ) ;
#65 = DIRECTION ( 'NONE',  ( -1.000000000000000000, 0.000000000000000000, 0.000000000000000000 ) ) ;
#66 = DIRECTION ( 'NONE',  ( -0.000000000000000000, -0.000000000000000000, -1.000000000000000000 ) ) ;
#67 = VERTEX_POINT ( 'NONE', #2759 ) ;
#68 = DIRECTION ( 'NONE',  ( 0.000000000000000000, 0.000000000000000000, 1.000000000000000000 ) ) ;
#69 = DIRECTION ( 'NONE',  ( 0.000000000000000000, -0.000000000000000000, 1.000000000000000000 ) ) ;
#70 = CARTESIAN_POINT ( 'NONE',  ( -26.68923560277913154, -5.736237540094024645, 0.4092200373843036809 ) ) ;
#71 = DIRECTION ( 'NONE',  ( 1.224646799147353207E-16, 1.000000000000000000, 0.000000000000000000 ) ) ;
#72 = ORIENTED_EDGE ( 'NONE', *, *, #3708, .F. ) ;
#73 = CARTESIAN_POINT ( 'NONE',  ( -26.38726954631022892, 6.500195563466346194, 2.966776379359154170 ) ) ;
#74 = AXIS2_PLACEMENT_3D ( 'NONE', #2868, #97, #3146 ) ;
#75 = AXIS2_PLACEMENT_3D ( 'NONE', #1761, #2059, #1789 ) ;
#76 = CARTESIAN_POINT ( 'NONE',  ( -29.99999999999999645, 11.92994097881566518, 0.6124454036115586364 ) ) ;
#77 = VERTEX_POINT ( 'NONE', #2721 ) ;
#78 = B_SPLINE_CURVE_WITH_KNOTS ( 'NONE', 3,
 ( #3903, #2089, #2984, #3615, #2671, #3282, #839, #1154, #1427, #3596 ),
 .UNSPECIFIED., .F., .F.,
 ( 4, 2, 2, 2, 4 ),
 ( 0.000000000000000000, 0.0003956179769200491594, 0.0007912359538400983187, 0.001186853930760147424, 0.001582471907680196637 ),
 .UNSPECIFIED. ) ;
#79 = DIRECTION ( 'NONE',  ( 0.000000000000000000, 0.000000000000000000, -1.000000000000000000 ) ) ;
#80 = ORIENTED_EDGE ( 'NONE', *, *, #504, .T. ) ;
#81 = CARTESIAN_POINT ( 'NONE',  ( 27.24002302631672734, -13.13167489826044232, 0.02579659220758626775 ) ) ;
#82 = CARTESIAN_POINT ( 'NONE',  ( 30.00000000000000355, 12.39959644499300140, 4.066354718155698045 ) ) ;
#83 = FACE_OUTER_BOUND ( 'NONE', #63, .T. ) ;
#84 = DIRECTION ( 'NONE',  ( 1.000000000000000000, 0.000000000000000000, 0.000000000000000000 ) ) ;
#85 = DIRECTION ( 'NONE',  ( -0.000000000000000000, -0.000000000000000000, 1.000000000000000000 ) ) ;
#86 = EDGE_CURVE ( 'NONE', #3945, #1197, #1668, .T. ) ;
#87 = CARTESIAN_POINT ( 'NONE',  ( -29.54174559213469919, 11.18811601963135516, 0.000000000000000000 ) ) ;
#88 = CIRCLE ( 'NONE', #887, 1.000000000000000000 ) ;
#89 = DIRECTION ( 'NONE',  ( -7.008983741320432232E-17, -1.000000000000000000, -0.000000000000000000 ) ) ;
#90 = EDGE_CURVE ( 'NONE', #994, #1073, #2959, .T. ) ;
#91 = CARTESIAN_POINT ( 'NONE',  ( 29.99999999999977263, 12.12987903187925198, 0.4427522735448399249 ) ) ;
#92 = LINE ( 'NONE', #1401, #2373 ) ;
#93 = CARTESIAN_POINT ( 'NONE',  ( 20.87911636061258136, 24.25000000000001066, 5.000000000000000000 ) ) ;
#94 = CARTESIAN_POINT ( 'NONE',  ( 30.00000000000000355, 12.22106586941849216, 4.255875647842843890 ) ) ;
#95 = DIRECTION ( 'NONE',  ( -1.000000000000000000, 0.000000000000000000, 0.000000000000000000 ) ) ;
#96 = DIRECTION ( 'NONE',  ( -0.000000000000000000, -0.000000000000000000, -1.000000000000000000 ) ) ;
#97 = DIRECTION ( 'NONE',  ( -0.000000000000000000, 0.000000000000000000, 1.000000000000000000 ) ) ;
#98 = CARTESIAN_POINT ( 'NONE',  ( 29.96093750000000711, -12.59334046713156319, 5.000000000000000000 ) ) ;
#99 = B_SPLINE_CURVE_WITH_KNOTS ( 'NONE', 3,
 ( #3027, #1826, #2099, #3984, #3335, #2132, #1215, #3040 ),
 .UNSPECIFIED., .F., .F.,
 ( 4, 2, 2, 4 ),
 ( 0.000000000000000000, 0.0004263888523679115338, 0.0008527777047358230675, 0.001705555409471638112 ),
 .UNSPECIFIED. ) ;
#100 = CIRCLE ( 'NONE', #472, 3.707106781186546574 ) ;
#101 = AXIS2_PLACEMENT_3D ( 'NONE', #2369, #3931, #1792 ) ;
#102 = CARTESIAN_POINT ( 'NONE',  ( 29.94868556131160986, 12.55281203245877464, 0.7483204069392590529 ) ) ;
#103 = EDGE_LOOP ( 'NONE', ( #3445, #2781 ) ) ;
#104 = DIRECTION ( 'NONE',  ( 0.000000000000000000, 0.000000000000000000, 1.000000000000000000 ) ) ;
#105 = CIRCLE ( 'NONE', #3448, 31.50000000000000000 ) ;
#106 = CARTESIAN_POINT ( 'NONE',  ( 2.249999999999993783, 0.000000000000000000, 5.000000000000000000 ) ) ;
#107 = CARTESIAN_POINT ( 'NONE',  ( -20.84361540188659845, -24.74999999999999289, 0.8323107759897255820 ) ) ;
#108 = COORDINATED_UNIVERSAL_TIME_OFFSET ( 8, 0, .AHEAD. ) ;
#109 = CARTESIAN_POINT ( 'NONE',  ( -26.79311564764923048, -5.448315310755321939, 0.2881893619572990506 ) ) ;
#110 = VERTEX_POINT ( 'NONE', #2748 ) ;
#111 = CARTESIAN_POINT ( 'NONE',  ( -7.500000000000000000, 0.000000000000000000, 3.500000000000000000 ) ) ;
#112 = ORIENTED_EDGE ( 'NONE', *, *, #878, .F. ) ;
#113 = LINE ( 'NONE', #2851, #2677 ) ;
#114 = VECTOR ( 'NONE', #981, 1000.000000000000000 ) ;
#115 = ORIENTED_EDGE ( 'NONE', *, *, #2576, .F. ) ;
#116 = CARTESIAN_POINT ( 'NONE',  ( -29.49999999999999645, -11.04536101718726648, 0.000000000000000000 ) ) ;
#117 = EDGE_CURVE ( 'NONE', #1229, #1243, #838, .T. ) ;
#118 = CARTESIAN_POINT ( 'NONE',  ( 20.74532153332118511, 24.47194941742129970, 0.1762666328721889386 ) ) ;
#119 = ADVANCED_FACE ( 'NONE', ( #59 ), #893, .F. ) ;
#120 = VERTEX_POINT ( 'NONE', #906 ) ;
#121 = CARTESIAN_POINT ( 'NONE',  ( -26.50000000000000355, 6.224949798994363626, 3.500000000000000000 ) ) ;
#122 = EDGE_LOOP ( 'NONE', ( #2066, #397, #2923, #652 ) ) ;
#123 = CARTESIAN_POINT ( 'NONE',  ( -20.66819355967805194, -24.74999999999999289, 0.6502261432740565894 ) ) ;
#124 = CARTESIAN_POINT ( 'NONE',  ( 25.62932550099801077, 12.75840177479775051, 3.500000000000000000 ) ) ;
#125 = ORIENTED_EDGE ( 'NONE', *, *, #61, .T. ) ;
#126 = EDGE_LOOP ( 'NONE', ( #753, #1743, #3356, #3671 ) ) ;
#127 = PLANE ( 'NONE',  #391 ) ;
#128 = LINE ( 'NONE', #2511, #2509 ) ;
#129 = AXIS2_PLACEMENT_3D ( 'NONE', #1888, #1583, #1279 ) ;
#130 = CARTESIAN_POINT ( 'NONE',  ( 20.43754857445795992, -24.74999999999998934, 4.455524081858125207 ) ) ;
#131 = CARTESIAN_POINT ( 'NONE',  ( -20.46185475464040593, -21.24999999999998934, 1.000000000000000000 ) ) ;
#132 = DIRECTION ( 'NONE',  ( 1.000000000000000000, 0.000000000000000000, 0.000000000000000000 ) ) ;
#133 = ADVANCED_FACE ( 'NONE', ( #594 ), #2486, .T. ) ;
#134 = CARTESIAN_POINT ( 'NONE',  ( -20.95667315207179726, -24.54431528419743813, 4.646381488899721468 ) ) ;
#135 = EDGE_CURVE ( 'NONE', #764, #229, #2765, .T. ) ;
#136 = TOROIDAL_SURFACE ( 'NONE', #3216, 31.50000000000000000, 1.000000000000000000 ) ;
#137 = CARTESIAN_POINT ( 'NONE',  ( -20.40921462534815234, -20.98241495393903833, 3.149938245340535126 ) ) ;
#138 = CARTESIAN_POINT ( 'NONE',  ( 20.28304032694299508, 20.36088000048680868, 3.500000000000000000 ) ) ;
#139 = CARTESIAN_POINT ( 'NONE',  ( 21.17088165380306108, 24.61722389788900500, 0.7155856368077493368 ) ) ;
#140 = EDGE_CURVE ( 'NONE', #1222, #1283, #99, .T. ) ;
#141 = DIRECTION ( 'NONE',  ( 1.000000000000000000, 0.000000000000000000, 0.000000000000000000 ) ) ;
#142 = DIRECTION ( 'NONE',  ( -0.000000000000000000, -0.000000000000000000, 1.000000000000000000 ) ) ;
#143 = CARTESIAN_POINT ( 'NONE',  ( -20.10441493801796398, -24.24999999999999645, 0.000000000000000000 ) ) ;
#144 = DIRECTION ( 'NONE',  ( 1.000000000000000000, 0.000000000000000000, 0.000000000000000000 ) ) ;
#145 = CARTESIAN_POINT ( 'NONE',  ( 30.00000000000000355, 12.39959676763724516, 1.000000000000000000 ) ) ;
#146 = CYLINDRICAL_SURFACE ( 'NONE', #3742, 1.000000000000000000 ) ;
#147 = ORIENTED_EDGE ( 'NONE', *, *, #2833, .T. ) ;
#148 = CARTESIAN_POINT ( 'NONE',  ( -29.96093750000000000, -12.59334046713157740, 4.000000000000000000 ) ) ;
#149 = ORIENTED_EDGE ( 'NONE', *, *, #1893, .T. ) ;
#150 = CARTESIAN_POINT ( 'NONE',  ( -29.93860480204921259, -12.51950439522761016, 0.6553707469303711175 ) ) ;
#151 = ADVANCED_FACE ( 'NONE', ( #1468 ), #2914, .F. ) ;
#152 = AXIS2_PLACEMENT_3D ( 'NONE', #293, #3740, #2508 ) ;
#153 = ORIENTED_EDGE ( 'NONE', *, *, #3133, .F. ) ;
#154 = ORIENTED_EDGE ( 'NONE', *, *, #2401, .T. ) ;
#155 = EDGE_LOOP ( 'NONE', ( #3137, #217, #3160, #1696 ) ) ;
#156 = CARTESIAN_POINT ( 'NONE',  ( 0.000000000000000000, 1.040834085586084257E-14, 0.000000000000000000 ) ) ;
#157 = CARTESIAN_POINT ( 'NONE',  ( -21.20535255374716144, 24.62890625000000711, 1.000000000000000000 ) ) ;
#158 = FACE_OUTER_BOUND ( 'NONE', #1615, .T. ) ;
#159 = CARTESIAN_POINT ( 'NONE',  ( 30.00000000000000355, 12.39959676763724516, 4.000000000000000000 ) ) ;
#160 = ORIENTED_EDGE ( 'NONE', *, *, #1740, .F. ) ;
#161 = CARTESIAN_POINT ( 'NONE',  ( 30.00000000000000711, -11.92779974502384555, 0.6118368016161219725 ) ) ;
#162 = EDGE_CURVE ( 'NONE', #946, #2311, #3793, .T. ) ;
#163 = CARTESIAN_POINT ( 'NONE',  ( 30.00000000000000355, 12.05317048259036739, 0.6524635391737116930 ) ) ;
#164 = EDGE_LOOP ( 'NONE', ( #3992, #1961, #3374, #1371 ) ) ;
#165 = DIRECTION ( 'NONE',  ( 0.000000000000000000, 0.000000000000000000, -1.000000000000000000 ) ) ;
#166 = CARTESIAN_POINT ( 'NONE',  ( 20.45314827553852410, 21.20543211603701295, 2.782611316975740046 ) ) ;
#167 = ORIENTED_EDGE ( 'NONE', *, *, #1206, .T. ) ;
#168 = EDGE_CURVE ( 'NONE', #2498, #946, #2111, .T. ) ;
#169 = CARTESIAN_POINT ( 'NONE',  ( 20.46363317211160648, 21.25910796357783994, 0.8566165101449957353 ) ) ;
#170 = CARTESIAN_POINT ( 'NONE',  ( 30.00000000000000355, 11.04536101718727004, 4.500000000000000888 ) ) ;
#171 = ORIENTED_EDGE ( 'NONE', *, *, #530, .T. ) ;
#172 = CARTESIAN_POINT ( 'NONE',  ( -20.47049974879019629, 21.29438035075062174, 0.7179736286347893071 ) ) ;
#173 = CARTESIAN_POINT ( 'NONE',  ( 20.44258744887289581, -24.74999999999997868, 4.467650377142597051 ) ) ;
#174 = CARTESIAN_POINT ( 'NONE',  ( 0.000000000000000000, 72.30205676561918438, 3.500000000000000000 ) ) ;
#175 = DIRECTION ( 'NONE',  ( -0.000000000000000000, 0.000000000000000000, 1.000000000000000000 ) ) ;
#176 = VERTEX_POINT ( 'NONE', #2800 ) ;
#177 = DIRECTION ( 'NONE',  ( -1.000000000000000000, 0.000000000000000000, 0.000000000000000000 ) ) ;
#178 = ADVANCED_FACE ( 'NONE', ( #2814 ), #1777, .T. ) ;
#179 = VECTOR ( 'NONE', #801, 1000.000000000000000 ) ;
#180 = CC_DESIGN_PERSON_AND_ORGANIZATION_ASSIGNMENT ( #2908, #2827, ( #3110 ) ) ;
#181 = AXIS2_PLACEMENT_3D ( 'NONE', #3433, #2215, #2504 ) ;
#182 = CARTESIAN_POINT ( 'NONE',  ( 0.000000000000000000, 1.040834085586084257E-14, 1.000000000000000000 ) ) ;
#183 = CARTESIAN_POINT ( 'NONE',  ( 20.10441493801797108, -24.24999999999998934, 0.000000000000000000 ) ) ;
#184 = CIRCLE ( 'NONE', #2116, 0.5000000000000004441 ) ;
#185 = CARTESIAN_POINT ( 'NONE',  ( 20.10441493801796753, -24.74999999999998934, 0.5000000000000000000 ) ) ;
#186 = CARTESIAN_POINT ( 'NONE',  ( -27.00113615681563672, 13.07698605652714718, 0.1237616010893289875 ) ) ;
#187 = CARTESIAN_POINT ( 'NONE',  ( 29.96093750000000355, 12.59334046713158095, 0.8242310804012182857 ) ) ;
#188 = AXIS2_PLACEMENT_3D ( 'NONE', #1991, #2573, #1697 ) ;
#189 = CARTESIAN_POINT ( 'NONE',  ( 20.21713667234317313, -24.74999999999999289, 4.960645953012575049 ) ) ;
#190 = DIRECTION ( 'NONE',  ( -0.000000000000000000, -0.000000000000000000, -1.000000000000000000 ) ) ;
#191 = CARTESIAN_POINT ( 'NONE',  ( 20.84391318504289359, 24.75000000000001066, 4.167354361582183309 ) ) ;
#192 = CARTESIAN_POINT ( 'NONE',  ( -20.66723811406334121, 24.75000000000000355, 0.6496535332740608348 ) ) ;
#193 = EDGE_CURVE ( 'NONE', #2980, #3999, #985, .T. ) ;
#194 = CARTESIAN_POINT ( 'NONE',  ( 29.87282059724887873, -12.30120194280002544, 0.3894130772198620138 ) ) ;
#195 = CARTESIAN_POINT ( 'NONE',  ( 20.37320198388012216, -24.34358471067130125, 0.02243577566228434350 ) ) ;
#196 = ADVANCED_FACE ( 'NONE', ( #1570 ), #256, .T. ) ;
#197 = CARTESIAN_POINT ( 'NONE',  ( 20.66613002722397141, -24.74999999999998934, 0.6528655382134447294 ) ) ;
#198 = CARTESIAN_POINT ( 'NONE',  ( -20.10441493801795687, -24.74999999999999289, 0.5000000000000000000 ) ) ;
#199 = CARTESIAN_POINT ( 'NONE',  ( 29.54889252929454813, 11.21255599041333895, 5.717472393966525748E-18 ) ) ;
#200 = VECTOR ( 'NONE', #1122, 1000.000000000000000 ) ;
#201 = ORIENTED_EDGE ( 'NONE', *, *, #371, .T. ) ;
#202 = CARTESIAN_POINT ( 'NONE',  ( 20.63018160987146743, -24.74999999999998934, 4.369665873315254245 ) ) ;
#203 = CARTESIAN_POINT ( 'NONE',  ( 29.96093750000000711, 12.59334046713157917, 4.000000000000000000 ) ) ;
#204 = ORIENTED_EDGE ( 'NONE', *, *, #1921, .F. ) ;
#205 = VERTEX_POINT ( 'NONE', #1910 ) ;
#206 = AXIS2_PLACEMENT_3D ( 'NONE', #2015, #2306, #3232 ) ;
#207 = VERTEX_POINT ( 'NONE', #659 ) ;
#208 = CARTESIAN_POINT ( 'NONE',  ( 26.50000000000000000, -6.224949798994358297, 0.9158865444048663873 ) ) ;
#209 = ORIENTED_EDGE ( 'NONE', *, *, #1990, .F. ) ;
#210 = ORIENTED_EDGE ( 'NONE', *, *, #2805, .T. ) ;
#211 = CIRCLE ( 'NONE', #829, 0.5000000000000004441 ) ;
#212 = CARTESIAN_POINT ( 'NONE',  ( 29.96093750000000711, 12.59334046713157917, 4.000000000000000000 ) ) ;
#213 = AXIS2_PLACEMENT_3D ( 'NONE', #626, #1248, #3413 ) ;
#214 = CARTESIAN_POINT ( 'NONE',  ( 20.34340270680871754, -24.33323835178448036, 0.01746915397085672603 ) ) ;
#215 = ORIENTED_EDGE ( 'NONE', *, *, #3133, .T. ) ;
#216 = CARTESIAN_POINT ( 'NONE',  ( 29.69413957446964503, 11.70394472709340761, 0.08465689891193881045 ) ) ;
#217 = ORIENTED_EDGE ( 'NONE', *, *, #3783, .F. ) ;
#218 = CARTESIAN_POINT ( 'NONE',  ( 20.10441493801797108, 24.25000000000001066, 5.000000000000000888 ) ) ;
#219 = EDGE_CURVE ( 'NONE', #2690, #1365, #2818, .T. ) ;
#220 = CARTESIAN_POINT ( 'NONE',  ( -20.73709823642218808, 24.75000000000000355, 0.7008315402116011006 ) ) ;
#221 = ADVANCED_FACE ( 'NONE', ( #1081 ), #1966, .T. ) ;
#222 = ORIENTED_EDGE ( 'NONE', *, *, #1913, .T. ) ;
#223 = CARTESIAN_POINT ( 'NONE',  ( -29.99999999999999645, -12.05307515861115952, 4.347595485511654090 ) ) ;
#224 = CARTESIAN_POINT ( 'NONE',  ( 26.94572653205598911, -4.995529303028140689, 0.1652856939805467940 ) ) ;
#225 = CARTESIAN_POINT ( 'NONE',  ( 20.46185475464040593, 21.25000000000000711, 2.500000000000000000 ) ) ;
#226 = EDGE_CURVE ( 'NONE', #3904, #934, #1916, .T. ) ;
#227 = CARTESIAN_POINT ( 'NONE',  ( 20.10441493801796753, -24.24999999999998934, 0.000000000000000000 ) ) ;
#228 = CARTESIAN_POINT ( 'NONE',  ( 30.00000000000000355, -12.39959676763722740, 0.9999999999999988898 ) ) ;
#229 = VERTEX_POINT ( 'NONE', #2222 ) ;
#230 = CARTESIAN_POINT ( 'NONE',  ( 29.50000000000000355, -12.39959676763722918, 5.000000000000000000 ) ) ;
#231 = CARTESIAN_POINT ( 'NONE',  ( -20.57328071678346504, 24.41275809316756451, 0.08826426812979301650 ) ) ;
#232 = CIRCLE ( 'NONE', #152, 1.000000000000000000 ) ;
#233 = CARTESIAN_POINT ( 'NONE',  ( -29.99999999999999645, -12.31323785299449014, 4.397456758272011434 ) ) ;
#234 = CARTESIAN_POINT ( 'NONE',  ( 21.20535246290559073, 24.62890632821410009, 0.8280566801283997247 ) ) ;
#235 = CARTESIAN_POINT ( 'NONE',  ( 25.75974420014456356, -12.78902834728790872, 3.474257949561379455 ) ) ;
#236 = ADVANCED_FACE ( 'NONE', ( #347 ), #449, .T. ) ;
#237 = FACE_OUTER_BOUND ( 'NONE', #403, .T. ) ;
#238 = CARTESIAN_POINT ( 'NONE',  ( 20.81706479075377558, -24.74999999999998934, 0.4288856089823621098 ) ) ;
#239 = CARTESIAN_POINT ( 'NONE',  ( 29.99999999999989697, -12.36985611482604952, 0.6610809027557290607 ) ) ;
#240 = EDGE_CURVE ( 'NONE', #341, #547, #3455, .T. ) ;
#241 = CARTESIAN_POINT ( 'NONE',  ( 20.10441493801797108, -24.74999999999998934, 4.500000000000000888 ) ) ;
#242 = DIRECTION ( 'NONE',  ( -1.000000000000000000, 0.000000000000000000, 0.000000000000000000 ) ) ;
#243 = EDGE_CURVE ( 'NONE', #2445, #1222, #1179, .T. ) ;
#244 = CARTESIAN_POINT ( 'NONE',  ( -29.79741824774064796, -12.05003766322110970, 4.775109213718637946 ) ) ;
#245 = CARTESIAN_POINT ( 'NONE',  ( 21.06470832817002403, 24.75000000000001066, 0.8653305249706167990 ) ) ;
#246 = DIRECTION ( 'NONE',  ( 1.000000000000000000, 1.156482317317871478E-16, -0.000000000000000000 ) ) ;
#247 = VECTOR ( 'NONE', #3072, 1000.000000000000000 ) ;
#248 = CARTESIAN_POINT ( 'NONE',  ( 30.00000000000000355, -12.31120208846592234, 4.399520483399403936 ) ) ;
#249 = ORIENTED_EDGE ( 'NONE', *, *, #240, .T. ) ;
#250 = CARTESIAN_POINT ( 'NONE',  ( -26.56641975407591971, 6.057609379674548933, 0.6372207063256694060 ) ) ;
#251 = CARTESIAN_POINT ( 'NONE',  ( 29.66921942502656151, -11.61996857611719491, 0.06351739940182066224 ) ) ;
#252 = VERTEX_POINT ( 'NONE', #6 ) ;
#253 = CARTESIAN_POINT ( 'NONE',  ( -20.87911636061259202, 24.75000000000000000, 0.9142400919697568629 ) ) ;
#254 = ORIENTED_EDGE ( 'NONE', *, *, #962, .T. ) ;
#255 = EDGE_LOOP ( 'NONE', ( #1514, #2284, #2977, #2716 ) ) ;
#256 = CYLINDRICAL_SURFACE ( 'NONE', #756, 0.5000000000000004441 ) ;
#257 = DIRECTION ( 'NONE',  ( 1.000000000000000000, 0.000000000000000000, 0.000000000000000000 ) ) ;
#258 = ADVANCED_FACE ( 'NONE', ( #1828 ), #1038, .T. ) ;
#259 = FACE_OUTER_BOUND ( 'NONE', #3371, .T. ) ;
#260 = ORIENTED_EDGE ( 'NONE', *, *, #2627, .T. ) ;
#261 = CARTESIAN_POINT ( 'NONE',  ( -20.46185475464040593, -21.24999999999998934, 3.500000000000000000 ) ) ;
#262 = CARTESIAN_POINT ( 'NONE',  ( 26.50000000000000711, 6.224949798994359185, 3.500000000000000000 ) ) ;
#263 = CARTESIAN_POINT ( 'NONE',  ( 30.00000000000000355, -11.04536101718724161, 5.000000000000000888 ) ) ;
#264 = AXIS2_PLACEMENT_3D ( 'NONE', #3472, #3144, #1608 ) ;
#265 = CARTESIAN_POINT ( 'NONE',  ( 0.000000000000000000, -72.30205676561914174, 1.000000000000000000 ) ) ;
#266 = CARTESIAN_POINT ( 'NONE',  ( 30.00000000000000355, -12.27555958415226200, 0.7807429406145626194 ) ) ;
#267 = ORIENTED_EDGE ( 'NONE', *, *, #2016, .F. ) ;
#268 = CARTESIAN_POINT ( 'NONE',  ( -20.22354360557504194, 20.08129189154436034, 3.500000000000000000 ) ) ;
#269 = ORIENTED_EDGE ( 'NONE', *, *, #8, .T. ) ;
#270 = EDGE_CURVE ( 'NONE', #2690, #3701, #1136, .T. ) ;
#271 = CARTESIAN_POINT ( 'NONE',  ( 25.50000000000000355, 8.351646544245028281, 3.500000000000000000 ) ) ;
#272 = ORIENTED_EDGE ( 'NONE', *, *, #3737, .F. ) ;
#273 = CARTESIAN_POINT ( 'NONE',  ( -27.50000000000000355, 0.000000000000000000, 1.000000000000000000 ) ) ;
#274 = CARTESIAN_POINT ( 'NONE',  ( -20.27381207490988757, -24.74999999999999645, 4.500000000000000888 ) ) ;
#275 = CIRCLE ( 'NONE', #712, 2.249999999999993783 ) ;
#276 =( BOUNDED_SURFACE ( )  B_SPLINE_SURFACE ( 3, 2, ( 
 ( #2434, #2725, #3419 ),
 ( #36, #2871, #87 ),
 ( #1598, #3487, #707 ),
 ( #2819, #2842, #2854 ),
 ( #1002, #1015, #3442 ),
 ( #76, #1953, #1282 ),
 ( #1929, #3769, #3165 ),
 ( #2567, #383, #1917 ),
 ( #45, #3178, #1336 ),
 ( #2237, #399, #1612 ),
 ( #1308, #2224, #1646 ),
 ( #353, #719, #3812 ) ),
 .UNSPECIFIED., .F., .F., .F. ) 
 B_SPLINE_SURFACE_WITH_KNOTS ( ( 4, 2, 2, 2, 2, 4 ),
 ( 3, 3 ),
 ( 0.001222434444040320246, 0.001604518274178854407, 0.001986602104317388567, 0.002368685934455922511, 0.002559727849525189267, 0.002750769764594456455 ),
 ( 0.000000000000000000, 1.000000000000000000 ),
 .UNSPECIFIED. ) 
 GEOMETRIC_REPRESENTATION_ITEM ( )  RATIONAL_B_SPLINE_SURFACE ( (
 ( 1.000000000000000000, 0.7071067811865475727, 1.000000000000000000),
 ( 1.000000000000000000, 0.7366180164124693786, 1.000000000000000000),
 ( 1.000000000000000000, 0.7645997213501534162, 1.000000000000000000),
 ( 1.000000000000000000, 0.8183075997902400367, 1.000000000000000000),
 ( 1.000000000000000000, 0.8441787987583728725, 1.000000000000000000),
 ( 1.000000000000000000, 0.8933207538463368014, 1.000000000000000000),
 ( 1.000000000000000000, 0.9167192801537675795, 1.000000000000000000),
 ( 1.000000000000000000, 0.9480513268492609669, 1.000000000000000000),
 ( 1.000000000000000000, 0.9580209910270872653, 1.000000000000000000),
 ( 1.000000000000000000, 0.9741275387077555914, 1.000000000000000000),
 ( 1.000000000000000000, 0.9802363875129466164, 1.000000000000000000),
 ( 1.000000000000000000, 0.9802741963348827747, 1.000000000000000000) ) ) 
 REPRESENTATION_ITEM ( '' )  SURFACE ( )  );
#277 = ADVANCED_FACE ( 'NONE', ( #2626 ), #3547, .F. ) ;
#278 = CARTESIAN_POINT ( 'NONE',  ( -25.50000000000000355, 0.000000000000000000, 3.500000000000000000 ) ) ;
#279 = TOROIDAL_SURFACE ( 'NONE', #1538, 6.000000000000000000, 1.000000000000000000 ) ;
#280 = CC_DESIGN_APPROVAL ( #3059, ( #2841 ) ) ;
#281 = AXIS2_PLACEMENT_3D ( 'NONE', #3191, #986, #2545 ) ;
#282 = FACE_OUTER_BOUND ( 'NONE', #2906, .T. ) ;
#283 = DIRECTION ( 'NONE',  ( 1.000000000000000000, 0.000000000000000000, 0.000000000000000000 ) ) ;
#284 = AXIS2_PLACEMENT_3D ( 'NONE', #3721, #2799, #1901 ) ;
#285 = LINE ( 'NONE', #2424, #3577 ) ;
#286 = CARTESIAN_POINT ( 'NONE',  ( -21.20535255037471956, -24.62890625290364000, 4.170877568393271950 ) ) ;
#287 = CARTESIAN_POINT ( 'NONE',  ( 30.00000000000000355, -12.27481605397391284, 4.219917140448075088 ) ) ;
#288 = CARTESIAN_POINT ( 'NONE',  ( 29.50000000000000355, -11.04536101718724339, 4.500000000000000888 ) ) ;
#289 = CARTESIAN_POINT ( 'NONE',  ( 7.500000000000000000, 9.184850993605147944E-16, 2.500000000000000000 ) ) ;
#290 = ADVANCED_FACE ( 'NONE', ( #3309 ), #2562, .T. ) ;
#291 = ORIENTED_EDGE ( 'NONE', *, *, #3486, .T. ) ;
#292 = EDGE_CURVE ( 'NONE', #3032, #1092, #2872, .T. ) ;
#293 = CARTESIAN_POINT ( 'NONE',  ( 10.00000000000000178, 0.000000000000000000, 2.500000000000000000 ) ) ;
#294 = CARTESIAN_POINT ( 'NONE',  ( -26.50000000000000355, 12.96148139681572964, 2.500000000000000000 ) ) ;
#295 = ORIENTED_EDGE ( 'NONE', *, *, #613, .T. ) ;
#296 = DIRECTION ( 'NONE',  ( 0.000000000000000000, -1.000000000000000000, 0.000000000000000000 ) ) ;
#297 = ORIENTED_EDGE ( 'NONE', *, *, #1127, .T. ) ;
#298 = VERTEX_POINT ( 'NONE', #364 ) ;
#299 = CARTESIAN_POINT ( 'NONE',  ( 30.00000000000000711, -11.18347951703834120, 4.959610265333549428 ) ) ;
#300 = PERSON_AND_ORGANIZATION ( #1854, #3122 ) ;
#301 = VERTEX_POINT ( 'NONE', #3806 ) ;
#302 = ORIENTED_EDGE ( 'NONE', *, *, #974, .T. ) ;
#303 = VECTOR ( 'NONE', #2919, 1000.000000000000000 ) ;
#304 = B_SPLINE_CURVE_WITH_KNOTS ( 'NONE', 3,
 ( #1061, #2615, #3868, #3533, #2004, #1394, #137, #2629, #451, #768 ),
 .UNSPECIFIED., .F., .F.,
 ( 4, 2, 2, 2, 4 ),
 ( 0.000000000000000000, 0.0002146466482991228858, 0.0004292932965982457715, 0.0008585865931964953377, 0.001717173186392991760 ),
 .UNSPECIFIED. ) ;
#305 = DIRECTION ( 'NONE',  ( 1.000000000000000000, 0.000000000000000000, 0.000000000000000000 ) ) ;
#306 = CIRCLE ( 'NONE', #862, 5.000000000000000888 ) ;
#307 = VERTEX_POINT ( 'NONE', #728 ) ;
#308 = AXIS2_PLACEMENT_3D ( 'NONE', #1505, #3978, #342 ) ;
#309 = CARTESIAN_POINT ( 'NONE',  ( -20.51721376679899933, -24.74999999999999645, 0.5714040195837425395 ) ) ;
#310 = ORIENTED_EDGE ( 'NONE', *, *, #3412, .F. ) ;
#311 = CARTESIAN_POINT ( 'NONE',  ( -20.90055036300953972, -24.52509918603753292, 4.694268894985796692 ) ) ;
#312 = EDGE_LOOP ( 'NONE', ( #643, #3855, #3399, #398 ) ) ;
#313 = DIRECTION ( 'NONE',  ( -1.000000000000000000, 0.000000000000000000, 0.000000000000000000 ) ) ;
#314 = VERTEX_POINT ( 'NONE', #3493 ) ;
#315 = CARTESIAN_POINT ( 'NONE',  ( -20.54125001982550103, 24.75000000000000711, 4.817854739196632430 ) ) ;
#316 = EDGE_CURVE ( 'NONE', #1316, #3593, #3657, .T. ) ;
#317 = ORIENTED_EDGE ( 'NONE', *, *, #1764, .F. ) ;
#318 = CARTESIAN_POINT ( 'NONE',  ( -20.68831283859249126, -24.45236292180750581, 0.1428080675697526447 ) ) ;
#319 = DIRECTION ( 'NONE',  ( -0.000000000000000000, 0.000000000000000000, 1.000000000000000000 ) ) ;
#320 = LINE ( 'NONE', #2622, #1546 ) ;
#321 =( BOUNDED_SURFACE ( )  B_SPLINE_SURFACE ( 3, 2, ( 
 ( #326, #3014, #228 ),
 ( #859, #3675, #2803 ),
 ( #1892, #3642, #2408 ),
 ( #3975, #239, #266 ),
 ( #1473, #2121, #1486 ),
 ( #2393, #2501, #24 ),
 ( #1196, #1571, #1585 ),
 ( #1805, #3661, #3340 ),
 ( #251, #552, #2192 ),
 ( #3352, #3960, #650 ),
 ( #3127, #1167, #871 ),
 ( #1255, #2790, #2422 ) ),
 .UNSPECIFIED., .F., .F., .F. ) 
 B_SPLINE_SURFACE_WITH_KNOTS ( ( 4, 2, 2, 2, 2, 4 ),
 ( 3, 3 ),
 ( 0.002750769764594419159, 0.002942687565573962917, 0.003134605366553506675, 0.003518440968512594625, 0.003902276570471682575, 0.004286112172430770091 ),
 ( 0.000000000000000000, 1.000000000000000000 ),
 .UNSPECIFIED. ) 
 GEOMETRIC_REPRESENTATION_ITEM ( )  RATIONAL_B_SPLINE_SURFACE ( (
 ( 1.000000000000000000, 0.9802741963348827747, 1.000000000000000000),
 ( 1.000000000000000000, 0.9803193797973924761, 1.000000000000000000),
 ( 1.000000000000000000, 0.9740355190702845167, 1.000000000000000000),
 ( 1.000000000000000000, 0.9578581362160785151, 1.000000000000000000),
 ( 1.000000000000000000, 0.9478895942033115363, 1.000000000000000000),
 ( 1.000000000000000000, 0.9164727182497713898, 1.000000000000000000),
 ( 1.000000000000000000, 0.8928875722683253802, 1.000000000000000000),
 ( 1.000000000000000000, 0.8440100366997238535, 1.000000000000000000),
 ( 1.000000000000000000, 0.8184967140609015201, 1.000000000000000000),
 ( 1.000000000000000000, 0.7649263232601647422, 1.000000000000000000),
 ( 1.000000000000000000, 0.7368643160743657550, 1.000000000000000000),
 ( 1.000000000000000000, 0.7071067811865475727, 1.000000000000000000) ) ) 
 REPRESENTATION_ITEM ( '' )  SURFACE ( )  );
#322 = CARTESIAN_POINT ( 'NONE',  ( -20.68977474906387926, -24.45286496257583053, 4.856270352625304376 ) ) ;
#323 = DIRECTION ( 'NONE',  ( 0.000000000000000000, -0.000000000000000000, -1.000000000000000000 ) ) ;
#324 = CARTESIAN_POINT ( 'NONE',  ( -29.99999999999999645, -11.55321638960321096, 0.5316770888528593586 ) ) ;
#325 = DIRECTION ( 'NONE',  ( -0.000000000000000000, 0.000000000000000000, 1.000000000000000000 ) ) ;
#326 = CARTESIAN_POINT ( 'NONE',  ( 29.96093750000000355, -12.59334046713155963, 0.9999999999999978906 ) ) ;
#327 = CARTESIAN_POINT ( 'NONE',  ( -14.00000000000000000, 0.000000000000000000, 0.000000000000000000 ) ) ;
#328 = CIRCLE ( 'NONE', #2220, 1.000000000000000000 ) ;
#329 = EDGE_CURVE ( 'NONE', #1676, #3324, #113, .T. ) ;
#330 = CARTESIAN_POINT ( 'NONE',  ( -20.44793158013167300, 21.17877710858291351, 2.850663928747939835 ) ) ;
#331 = CARTESIAN_POINT ( 'NONE',  ( -26.37089544951757247, -12.93157040679214020, 3.008913103797111965 ) ) ;
#332 = AXIS2_PLACEMENT_3D ( 'NONE', #909, #3674, #592 ) ;
#333 = CARTESIAN_POINT ( 'NONE',  ( 0.000000000000000000, 1.040834085586084257E-14, 2.500000000000000000 ) ) ;
#334 = CARTESIAN_POINT ( 'NONE',  ( 26.99428963090764455, 4.842606860447247641, 0.1356979759302583410 ) ) ;
#335 = PRODUCT_DEFINITION_SHAPE ( 'NONE', 'NONE',  #776 ) ;
#336 = CARTESIAN_POINT ( 'NONE',  ( -26.00638883350752195, -7.354646900528361009, 3.369749538187372107 ) ) ;
#337 = CARTESIAN_POINT ( 'NONE',  ( 20.28311271570832375, -20.36122017113621041, 3.500000000000000444 ) ) ;
#338 = EDGE_CURVE ( 'NONE', #1360, #3270, #1678, .T. ) ;
#339 = CYLINDRICAL_SURFACE ( 'NONE', #1374, 1.000000000000000000 ) ;
#340 = ORIENTED_EDGE ( 'NONE', *, *, #1689, .F. ) ;
#341 = VERTEX_POINT ( 'NONE', #3484 ) ;
#342 = DIRECTION ( 'NONE',  ( -1.000000000000000000, 0.000000000000000000, 0.000000000000000000 ) ) ;
#343 = ORIENTED_EDGE ( 'NONE', *, *, #346, .T. ) ;
#344 = CARTESIAN_POINT ( 'NONE',  ( 20.46185475464040593, -21.24999999999998934, 2.500000000000000000 ) ) ;
#345 = ORIENTED_EDGE ( 'NONE', *, *, #1280, .F. ) ;
#346 = EDGE_CURVE ( 'NONE', #3409, #2498, #1872, .T. ) ;
#347 = FACE_OUTER_BOUND ( 'NONE', #2762, .T. ) ;
#348 = MECHANICAL_CONTEXT ( 'NONE', #2798, 'mechanical' ) ;
#349 = CARTESIAN_POINT ( 'NONE',  ( -29.93616480193924190, 12.51133176918624912, 0.6637586809234103935 ) ) ;
#350 = ORIENTED_EDGE ( 'NONE', *, *, #1898, .F. ) ;
#351 = CARTESIAN_POINT ( 'NONE',  ( -2.804469619495839056E-15, 24.25000000000000711, 0.4999999999999995559 ) ) ;
#352 = AXIS2_PLACEMENT_3D ( 'NONE', #3590, #1756, #1702 ) ;
#353 = CARTESIAN_POINT ( 'NONE',  ( -29.99999999999999645, 12.39959676763726293, 1.000000000000000444 ) ) ;
#354 = B_SPLINE_CURVE_WITH_KNOTS ( 'NONE', 3,
 ( #3669, #208, #3026, #3347, #2682, #2993, #544, #1784, #3639, #224, #868, #532, #1494, #2706, #2697, #1171, #852, #3007 ),
 .UNSPECIFIED., .F., .F.,
 ( 4, 2, 2, 2, 2, 2, 2, 2, 4 ),
 ( 0.000000000000000000, 0.0002481718434566573209, 0.0004963436869133146419, 0.0009926873738266245133, 0.001489031060739934385, 0.001985374747653244256, 0.002978062121479861397, 0.003474405808393169967, 0.003970749495306477236 ),
 .UNSPECIFIED. ) ;
#355 = CARTESIAN_POINT ( 'NONE',  ( 4.414213562373094035, 0.000000000000000000, 4.000000000000000000 ) ) ;
#356 = ORIENTED_EDGE ( 'NONE', *, *, #970, .T. ) ;
#357 = CARTESIAN_POINT ( 'NONE',  ( 0.000000000000000000, 1.040834085586084257E-14, 1.000000000000000000 ) ) ;
#358 = CARTESIAN_POINT ( 'NONE',  ( 26.00000000000000355, 0.000000000000000000, 0.000000000000000000 ) ) ;
#359 = CARTESIAN_POINT ( 'NONE',  ( -29.99999999999999645, 12.39959676763726470, 1.000000000000000000 ) ) ;
#360 = ORIENTED_EDGE ( 'NONE', *, *, #1847, .T. ) ;
#361 = CARTESIAN_POINT ( 'NONE',  ( 30.00000000000000711, 12.31230815609466589, 4.398395606244714706 ) ) ;
#362 = DATE_TIME_ROLE ( 'creation_date' ) ;
#363 = CARTESIAN_POINT ( 'NONE',  ( -20.87911636061258847, 24.25000000000000355, 1.000000000000000000 ) ) ;
#364 = CARTESIAN_POINT ( 'NONE',  ( 27.50000000000000711, -2.783882181415012980, 0.000000000000000000 ) ) ;
#365 = CARTESIAN_POINT ( 'NONE',  ( 25.50000000000000355, 0.000000000000000000, 3.500000000000000000 ) ) ;
#366 = CARTESIAN_POINT ( 'NONE',  ( -29.99999999999999645, 12.39959676763726470, 1.000000000000000000 ) ) ;
#367 = EDGE_LOOP ( 'NONE', ( #2309, #904, #2246, #691, #498, #3510, #3069, #302, #1278, #2212, #1411, #3852, #154 ) ) ;
#368 = EDGE_CURVE ( 'NONE', #1073, #3807, #2723, .T. ) ;
#369 = CYLINDRICAL_SURFACE ( 'NONE', #2925, 0.5000000000000004441 ) ;
#370 = DIRECTION ( 'NONE',  ( 1.000000000000000000, 0.000000000000000000, 0.000000000000000000 ) ) ;
#371 = EDGE_CURVE ( 'NONE', #2502, #2355, #211, .T. ) ;
#372 = DIRECTION ( 'NONE',  ( -1.000000000000000000, 0.000000000000000000, 0.000000000000000000 ) ) ;
#373 = CIRCLE ( 'NONE', #1203, 0.5000000000000004441 ) ;
#374 = DIRECTION ( 'NONE',  ( -0.000000000000000000, -0.000000000000000000, 1.000000000000000000 ) ) ;
#375 = CIRCLE ( 'NONE', #3500, 0.5000000000000000000 ) ;
#376 = DIRECTION ( 'NONE',  ( -0.000000000000000000, -0.000000000000000000, -1.000000000000000000 ) ) ;
#377 = APPLICATION_PROTOCOL_DEFINITION ( 'international standard', 'config_control_design', 1994, #2798 ) ;
#378 = CARTESIAN_POINT ( 'NONE',  ( -20.00000000000000000, 0.000000000000000000, 1.000000000000000000 ) ) ;
#379 = DIRECTION ( 'NONE',  ( 1.000000000000000000, 0.000000000000000000, 0.000000000000000000 ) ) ;
#380 = CARTESIAN_POINT ( 'NONE',  ( -29.99999999999999645, -12.31120208846599873, 0.6004795166006112739 ) ) ;
#381 = CARTESIAN_POINT ( 'NONE',  ( -26.00638883350752195, 7.354646900528361009, 3.369749538187372107 ) ) ;
#382 = LINE ( 'NONE', #1935, #1060 ) ;
#383 = CARTESIAN_POINT ( 'NONE',  ( -29.99999999999998934, 12.31323785299462692, 0.6025432417276274100 ) ) ;
#384 = B_SPLINE_CURVE_WITH_KNOTS ( 'NONE', 3,
 ( #116, #2580, #731, #1091, #2297, #1727, #2278, #150, #3250, #2631 ),
 .UNSPECIFIED., .F., .F.,
 ( 4, 2, 2, 2, 4 ),
 ( 1.736380466420042610E-18, 0.0005220473677744782819, 0.001044094735548954829, 0.001566142103323431376, 0.002088189471097907923 ),
 .UNSPECIFIED. ) ;
#385 = CC_DESIGN_APPROVAL ( #3447, ( #3110 ) ) ;
#386 = AXIS2_PLACEMENT_3D ( 'NONE', #1988, #3197, #3490 ) ;
#387 = CARTESIAN_POINT ( 'NONE',  ( 20.87911636061258136, -24.74999999999998934, 4.000000000000000000 ) ) ;
#388 = CARTESIAN_POINT ( 'NONE',  ( 2.862293735361731311E-15, -24.74999999999999289, 5.000000000000000000 ) ) ;
#389 = DIRECTION ( 'NONE',  ( 0.000000000000000000, -0.000000000000000000, -1.000000000000000000 ) ) ;
#390 = CYLINDRICAL_SURFACE ( 'NONE', #3507, 32.50000000000000000 ) ;
#391 = AXIS2_PLACEMENT_3D ( 'NONE', #2667, #3900, #3926 ) ;
#392 = CARTESIAN_POINT ( 'NONE',  ( -29.99999999999998934, 12.05317048259037627, 4.347536460826287197 ) ) ;
#393 = VERTEX_POINT ( 'NONE', #1949 ) ;
#394 = CARTESIAN_POINT ( 'NONE',  ( 20.00000000000000000, 0.000000000000000000, 2.500000000000000000 ) ) ;
#395 = DIRECTION ( 'NONE',  ( -0.000000000000000000, -0.000000000000000000, 1.000000000000000000 ) ) ;
#396 = ORIENTED_EDGE ( 'NONE', *, *, #2176, .F. ) ;
#397 = ORIENTED_EDGE ( 'NONE', *, *, #1973, .T. ) ;
#398 = ORIENTED_EDGE ( 'NONE', *, *, #338, .F. ) ;
#399 = CARTESIAN_POINT ( 'NONE',  ( -30.00000000000000000, 12.46404783948251982, 0.8090050003621868102 ) ) ;
#400 = EDGE_CURVE ( 'NONE', #3249, #1683, #3753, .T. ) ;
#401 = CALENDAR_DATE ( 2025, 16, 6 ) ;
#402 = DIRECTION ( 'NONE',  ( 0.000000000000000000, -1.000000000000000000, 0.000000000000000000 ) ) ;
#403 = EDGE_LOOP ( 'NONE', ( #2167, #1721, #2624, #3703 ) ) ;
#404 = ORIENTED_EDGE ( 'NONE', *, *, #2883, .T. ) ;
#405 = VECTOR ( 'NONE', #96, 1000.000000000000000 ) ;
#406 = FACE_OUTER_BOUND ( 'NONE', #2555, .T. ) ;
#407 = CARTESIAN_POINT ( 'NONE',  ( 21.20535255374715078, 24.62890625000002132, 4.000000000000000000 ) ) ;
#408 = VERTEX_POINT ( 'NONE', #1737 ) ;
#409 = CARTESIAN_POINT ( 'NONE',  ( 29.94867989015725485, 12.55279286903795288, 4.251478067006924100 ) ) ;
#410 = DIRECTION ( 'NONE',  ( -1.000000000000000000, 0.000000000000000000, 0.000000000000000000 ) ) ;
#411 = CARTESIAN_POINT ( 'NONE',  ( -21.17052738593573835, -24.61710341888423770, 4.285145817887298314 ) ) ;
#412 = VERTEX_POINT ( 'NONE', #2330 ) ;
#413 = AXIS2_PLACEMENT_3D ( 'NONE', #2450, #596, #584 ) ;
#414 = EDGE_LOOP ( 'NONE', ( #3130, #343, #2115, #797 ) ) ;
#415 = B_SPLINE_CURVE_WITH_KNOTS ( 'NONE', 3,
 ( #3557, #3543, #3876, #2039, #476, #802, #1710, #1113 ),
 .UNSPECIFIED., .F., .F.,
 ( 4, 2, 2, 4 ),
 ( 0.000000000000000000, 0.0002557299565670548996, 0.0005114599131341097992, 0.001022919826268229139 ),
 .UNSPECIFIED. ) ;
#416 = EDGE_LOOP ( 'NONE', ( #3621, #3947, #693, #58 ) ) ;
#417 = CARTESIAN_POINT ( 'NONE',  ( 30.00000000000000000, 12.50040649745543497, 1.000000000000001110 ) ) ;
#418 = DIRECTION ( 'NONE',  ( 1.000000000000000000, 0.000000000000000000, 0.000000000000000000 ) ) ;
#419 = CARTESIAN_POINT ( 'NONE',  ( -21.20535255374715078, -24.62890625000000355, 1.000000000000000000 ) ) ;
#420 = FACE_OUTER_BOUND ( 'NONE', #2954, .T. ) ;
#421 = ORIENTED_EDGE ( 'NONE', *, *, #2507, .F. ) ;
#422 = CARTESIAN_POINT ( 'NONE',  ( 30.00000000000000355, -11.04536101718724339, 4.500000000000000888 ) ) ;
#423 = CARTESIAN_POINT ( 'NONE',  ( -26.84538335867500081, -5.297730881425110283, 0.2414196349443955558 ) ) ;
#424 = CARTESIAN_POINT ( 'NONE',  ( -20.23902799180567058, -24.29699686145529824, 5.000000000000000000 ) ) ;
#425 = EDGE_CURVE ( 'NONE', #3593, #1316, #846, .T. ) ;
#426 = VECTOR ( 'NONE', #3272, 1000.000000000000000 ) ;
#427 = DIRECTION ( 'NONE',  ( 0.000000000000000000, 0.000000000000000000, -1.000000000000000000 ) ) ;
#428 = EDGE_CURVE ( 'NONE', #1376, #3252, #415, .T. ) ;
#429 = CARTESIAN_POINT ( 'NONE',  ( 20.44365038746828844, 24.75000000000000711, 0.5329298227991967618 ) ) ;
#430 = FACE_OUTER_BOUND ( 'NONE', #57, .T. ) ;
#431 = CARTESIAN_POINT ( 'NONE',  ( -29.99999999999999645, 11.04536101718727537, 0.5000000000000000000 ) ) ;
#432 = CARTESIAN_POINT ( 'NONE',  ( 25.50000000000000355, -8.351646544245028281, 3.500000000000000000 ) ) ;
#433 = DIRECTION ( 'NONE',  ( -0.000000000000000000, 0.000000000000000000, 1.000000000000000000 ) ) ;
#434 = DIRECTION ( 'NONE',  ( 0.000000000000000000, 0.000000000000000000, -1.000000000000000000 ) ) ;
#435 = CARTESIAN_POINT ( 'NONE',  ( 20.23927802165187373, 24.29708415327218418, -4.707385604365772162E-16 ) ) ;
#436 = AXIS2_PLACEMENT_3D ( 'NONE', #1245, #3408, #2151 ) ;
#437 = DIRECTION ( 'NONE',  ( 1.000000000000000000, 0.000000000000000000, 0.000000000000000000 ) ) ;
#438 = CYLINDRICAL_SURFACE ( 'NONE', #3097, 1.000000000000000000 ) ;
#439 = ORIENTED_EDGE ( 'NONE', *, *, #2452, .T. ) ;
#440 = CARTESIAN_POINT ( 'NONE',  ( 20.57511587951532661, -24.41339177783996561, 4.911048177200948217 ) ) ;
#441 = FACE_OUTER_BOUND ( 'NONE', #663, .T. ) ;
#442 = ORIENTED_EDGE ( 'NONE', *, *, #855, .T. ) ;
#443 = DIRECTION ( 'NONE',  ( -0.000000000000000000, -0.000000000000000000, 1.000000000000000000 ) ) ;
#444 = EDGE_CURVE ( 'NONE', #2787, #1414, #539, .T. ) ;
#445 = CARTESIAN_POINT ( 'NONE',  ( -29.99999999999999645, -11.04536101718726471, 4.500000000000000888 ) ) ;
#446 = ORIENTED_EDGE ( 'NONE', *, *, #2318, .F. ) ;
#447 = CARTESIAN_POINT ( 'NONE',  ( -20.62588078835354111, -24.43089814157838902, 4.889438336277188490 ) ) ;
#448 = ORIENTED_EDGE ( 'NONE', *, *, #2271, .T. ) ;
#449 = CYLINDRICAL_SURFACE ( 'NONE', #3606, 0.5000000000000004441 ) ;
#450 = LINE ( 'NONE', #2525, #2207 ) ;
#451 = CARTESIAN_POINT ( 'NONE',  ( -20.28311271570832375, -20.36122017113621041, 3.500000000000000444 ) ) ;
#452 = VERTEX_POINT ( 'NONE', #2344 ) ;
#453 = DIRECTION ( 'NONE',  ( 0.000000000000000000, 0.000000000000000000, -1.000000000000000000 ) ) ;
#454 = EDGE_CURVE ( 'NONE', #1627, #3206, #2009, .T. ) ;
#455 = CARTESIAN_POINT ( 'NONE',  ( 21.20535255374714723, 24.62890625000001421, 0.8565474044933635289 ) ) ;
#456 = EDGE_LOOP ( 'NONE', ( #1033, #2911, #499, #1236 ) ) ;
#457 = DIRECTION ( 'NONE',  ( 0.000000000000000000, 0.000000000000000000, 1.000000000000000000 ) ) ;
#458 = ORIENTED_EDGE ( 'NONE', *, *, #792, .F. ) ;
#459 = CARTESIAN_POINT ( 'NONE',  ( 29.54889252929455523, -11.21255599041331408, 5.000000000000000000 ) ) ;
#460 = CARTESIAN_POINT ( 'NONE',  ( -20.27380214934731484, -24.75000000000000000, 0.5000000000000001110 ) ) ;
#461 = CARTESIAN_POINT ( 'NONE',  ( 30.00000000000000000, 12.39959676763724339, 0.9345434042139182385 ) ) ;
#462 = ADVANCED_FACE ( 'NONE', ( #2905 ), #3406, .T. ) ;
#463 = EDGE_LOOP ( 'NONE', ( #2057, #2345, #2533, #910 ) ) ;
#464 = AXIS2_PLACEMENT_3D ( 'NONE', #1662, #104, #418 ) ;
#465 = DIRECTION ( 'NONE',  ( 0.000000000000000000, 0.000000000000000000, 1.000000000000000000 ) ) ;
#466 = ORIENTED_EDGE ( 'NONE', *, *, #1001, .F. ) ;
#467 = CARTESIAN_POINT ( 'NONE',  ( 20.51342417587719424, 21.51660145710481586, 0.3510816226445659383 ) ) ;
#468 = CARTESIAN_POINT ( 'NONE',  ( -27.23996930738694999, 13.13166262230466508, 0.02581166879223175531 ) ) ;
#469 = CARTESIAN_POINT ( 'NONE',  ( -2.249999999999993783, 2.755455298081537382E-16, 5.000000000000000000 ) ) ;
#470 = VECTOR ( 'NONE', #3919, 1000.000000000000000 ) ;
#471 = CARTESIAN_POINT ( 'NONE',  ( -21.20535255374715433, 24.62890625000000711, 4.143452595506636804 ) ) ;
#472 = AXIS2_PLACEMENT_3D ( 'NONE', #2597, #3218, #141 ) ;
#473 = DIRECTION ( 'NONE',  ( -0.000000000000000000, 1.000000000000000000, -0.000000000000000000 ) ) ;
#474 = CARTESIAN_POINT ( 'NONE',  ( 30.00000000000000000, -12.27558794809860032, 0.7807666398484626180 ) ) ;
#475 = CARTESIAN_POINT ( 'NONE',  ( 20.73709823642202821, 24.75000000000001066, 4.299168459788400121 ) ) ;
#476 = CARTESIAN_POINT ( 'NONE',  ( 20.66767616681280728, -24.74999999999999289, 0.6499373270328177021 ) ) ;
#477 = CIRCLE ( 'NONE', #2032, 4.414213562373094035 ) ;
#478 = EDGE_CURVE ( 'NONE', #1239, #314, #2105, .T. ) ;
#479 = FACE_OUTER_BOUND ( 'NONE', #717, .T. ) ;
#480 = CARTESIAN_POINT ( 'NONE',  ( -20.67973710538566223, 22.41870810845568940, 0.000000000000000000 ) ) ;
#481 = CARTESIAN_POINT ( 'NONE',  ( -29.71138743825551742, 11.76184345385594909, 4.897423687013699123 ) ) ;
#482 = ADVANCED_FACE ( 'NONE', ( #2391 ), #1266, .T. ) ;
#483 = LINE ( 'NONE', #1208, #39 ) ;
#484 = DIRECTION ( 'NONE',  ( 1.000000000000000000, 0.000000000000000000, 0.000000000000000000 ) ) ;
#485 = CARTESIAN_POINT ( 'NONE',  ( -4.000000000000000000, 4.898587196589412829E-16, 5.000000000000001776 ) ) ;
#486 = CARTESIAN_POINT ( 'NONE',  ( 20.66819355967805194, -24.74999999999999645, 4.349773856725940746 ) ) ;
#487 = CARTESIAN_POINT ( 'NONE',  ( 26.50000000000000711, -6.224949798994359185, 2.500000000000000000 ) ) ;
#488 = CARTESIAN_POINT ( 'NONE',  ( 30.00000000000000355, -12.39959676763722918, 4.000000000000000000 ) ) ;
#489 = CARTESIAN_POINT ( 'NONE',  ( 0.000000000000000000, 0.000000000000000000, 3.500000000000000000 ) ) ;
#490 = TOROIDAL_SURFACE ( 'NONE', #3872, 9.999999999999998224, 1.000000000000000000 ) ;
#491 = ORIENTED_EDGE ( 'NONE', *, *, #329, .T. ) ;
#492 = CARTESIAN_POINT ( 'NONE',  ( -20.87911636061258847, 24.25000000000000355, 5.000000000000000000 ) ) ;
#493 = CARTESIAN_POINT ( 'NONE',  ( -29.99999999999999645, 11.59875833028601377, 4.817654120137212281 ) ) ;
#494 = CARTESIAN_POINT ( 'NONE',  ( 21.20535255374715078, -24.62890625000000000, 1.000000000000000000 ) ) ;
#495 = AXIS2_PLACEMENT_3D ( 'NONE', #378, #977, #84 ) ;
#496 = ORIENTED_EDGE ( 'NONE', *, *, #3336, .F. ) ;
#497 = CARTESIAN_POINT ( 'NONE',  ( -20.00000000000000000, 0.000000000000000000, 2.000000000000000000 ) ) ;
#498 = ORIENTED_EDGE ( 'NONE', *, *, #1117, .T. ) ;
#499 = ORIENTED_EDGE ( 'NONE', *, *, #1709, .T. ) ;
#500 = CARTESIAN_POINT ( 'NONE',  ( 20.87911636061257781, 24.75000000000001421, 0.9142734733647678302 ) ) ;
#501 = DIRECTION ( 'NONE',  ( -1.000000000000000000, 0.000000000000000000, 0.000000000000000000 ) ) ;
#502 = VERTEX_POINT ( 'NONE', #445 ) ;
#503 = CARTESIAN_POINT ( 'NONE',  ( 0.000000000000000000, 1.040834085586084257E-14, 3.500000000000000000 ) ) ;
#504 = EDGE_CURVE ( 'NONE', #2351, #3085, #2584, .T. ) ;
#505 = CARTESIAN_POINT ( 'NONE',  ( -29.99999999999999645, 12.39959676763726470, 4.000000000000000000 ) ) ;
#506 = VERTEX_POINT ( 'NONE', #2602 ) ;
#507 = CARTESIAN_POINT ( 'NONE',  ( -29.99999999999999289, 12.46351924468804029, 4.192336443667148416 ) ) ;
#508 = ORIENTED_EDGE ( 'NONE', *, *, #747, .T. ) ;
#509 = EDGE_CURVE ( 'NONE', #2502, #301, #17, .T. ) ;
#510 = CARTESIAN_POINT ( 'NONE',  ( 29.74153617893829704, 11.86305042057739279, 4.863139184288998607 ) ) ;
#511 = CARTESIAN_POINT ( 'NONE',  ( 20.90055036300960012, -24.52509918603757555, 0.3057311050142888509 ) ) ;
#512 = CARTESIAN_POINT ( 'NONE',  ( 20.00000000000000000, 0.000000000000000000, 1.000000000000000000 ) ) ;
#513 = ORIENTED_EDGE ( 'NONE', *, *, #2294, .F. ) ;
#514 = CARTESIAN_POINT ( 'NONE',  ( -20.73675678602802464, 24.74999999999999645, 0.7005506888486757733 ) ) ;
#515 = CARTESIAN_POINT ( 'NONE',  ( 0.000000000000000000, 1.040834085586084257E-14, 1.000000000000000000 ) ) ;
#516 = ORIENTED_EDGE ( 'NONE', *, *, #3015, .F. ) ;
#517 = CARTESIAN_POINT ( 'NONE',  ( -29.99999999999999645, 0.000000000000000000, 4.500000000000000888 ) ) ;
#518 = CARTESIAN_POINT ( 'NONE',  ( -20.10441493801797819, 24.25000000000000355, 0.000000000000000000 ) ) ;
#519 = TOROIDAL_SURFACE ( 'NONE', #3802, 56.00000000000000711, 1.000000000000000000 ) ;
#520 = CARTESIAN_POINT ( 'NONE',  ( -29.74152096264321088, -11.86300061458093502, 4.863212568590016716 ) ) ;
#521 = CARTESIAN_POINT ( 'NONE',  ( 29.69462180558349118, 11.70557064344460763, 4.914949736387231205 ) ) ;
#522 = CIRCLE ( 'NONE', #1838, 5.000000000000000888 ) ;
#523 = ADVANCED_FACE ( 'NONE', ( #441 ), #3650, .T. ) ;
#524 = CARTESIAN_POINT ( 'NONE',  ( 20.21876372514951470, -24.74999999999998579, 0.03992209465657112211 ) ) ;
#525 = CARTESIAN_POINT ( 'NONE',  ( -26.88978393123993627, 13.05140447231085687, 0.1971270372640854529 ) ) ;
#526 = CARTESIAN_POINT ( 'NONE',  ( -20.62709493119924886, 24.43131833498488703, 4.889087539670187610 ) ) ;
#527 = DIRECTION ( 'NONE',  ( 1.000000000000000000, 0.000000000000000000, 0.000000000000000000 ) ) ;
#528 = CARTESIAN_POINT ( 'NONE',  ( -20.18925755633349084, 24.75000000000000355, 0.5000000075631757523 ) ) ;
#529 = VECTOR ( 'NONE', #2756, 1000.000000000000000 ) ;
#530 = EDGE_CURVE ( 'NONE', #3126, #3964, #1323, .T. ) ;
#531 = CARTESIAN_POINT ( 'NONE',  ( -29.83993784948957284, -12.19181708137949371, 4.695190909563131676 ) ) ;
#532 = CARTESIAN_POINT ( 'NONE',  ( 27.13433569911493848, -4.379597285069480428, 0.06333918415870352925 ) ) ;
#533 = CARTESIAN_POINT ( 'NONE',  ( 20.46185475464039172, 21.25000000000001066, 2.572670953788342985 ) ) ;
#534 = DIRECTION ( 'NONE',  ( 1.000000000000000000, 0.000000000000000000, 0.000000000000000000 ) ) ;
#535 = VECTOR ( 'NONE', #579, 1000.000000000000000 ) ;
#536 = CARTESIAN_POINT ( 'NONE',  ( -20.89990421167766499, 24.75000000000000000, 0.5157695481728703513 ) ) ;
#537 = ADVANCED_FACE ( 'NONE', ( #3949 ), #3156, .T. ) ;
#538 = ORIENTED_EDGE ( 'NONE', *, *, #2198, .T. ) ;
#539 = CIRCLE ( 'NONE', #1810, 1.000000000000000000 ) ;
#540 = EDGE_CURVE ( 'NONE', #2285, #301, #1647, .T. ) ;
#541 = EDGE_LOOP ( 'NONE', ( #360, #3607, #3212, #1361 ) ) ;
#542 = APPROVAL_PERSON_ORGANIZATION ( #597, #3447, #3803 ) ;
#543 = CARTESIAN_POINT ( 'NONE',  ( -29.87297438443797759, -12.30171276536298919, 4.610081760090815273 ) ) ;
#544 = CARTESIAN_POINT ( 'NONE',  ( 26.68922981367781588, -5.736253086557626446, 0.4092280973181799397 ) ) ;
#545 = VERTEX_POINT ( 'NONE', #3909 ) ;
#546 = CARTESIAN_POINT ( 'NONE',  ( 0.000000000000000000, 0.000000000000000000, 2.500000000000000000 ) ) ;
#547 = VERTEX_POINT ( 'NONE', #1478 ) ;
#548 = LINE ( 'NONE', #2755, #1186 ) ;
#549 = CARTESIAN_POINT ( 'NONE',  ( 20.74804828620746378, -24.47288443261025037, 0.1782306658685851308 ) ) ;
#550 = AXIS2_PLACEMENT_3D ( 'NONE', #721, #79, #1310 ) ;
#551 = CYLINDRICAL_SURFACE ( 'NONE', #2565, 29.50000000000000355 ) ;
#552 = CARTESIAN_POINT ( 'NONE',  ( 30.00000000000000355, -11.59945127210820282, 0.1826065025261047747 ) ) ;
#553 = ORIENTED_EDGE ( 'NONE', *, *, #3783, .T. ) ;
#554 = CARTESIAN_POINT ( 'NONE',  ( -20.51738468962733464, 24.75000000000000355, 0.5715437034555873597 ) ) ;
#555 = ORIENTED_EDGE ( 'NONE', *, *, #1381, .F. ) ;
#556 = CARTESIAN_POINT ( 'NONE',  ( -20.46185475464040593, 21.25000000000000711, 2.500000000000000000 ) ) ;
#557 = EDGE_CURVE ( 'NONE', #110, #605, #3117, .T. ) ;
#558 = CARTESIAN_POINT ( 'NONE',  ( 0.000000000000000000, 1.040834085586084257E-14, 5.000000000000000000 ) ) ;
#559 = CARTESIAN_POINT ( 'NONE',  ( -21.02360600618593978, 24.75000000000001066, 0.7351876692332464103 ) ) ;
#560 = VERTEX_POINT ( 'NONE', #505 ) ;
#561 = CARTESIAN_POINT ( 'NONE',  ( -29.89869228051529504, -12.38708838513069210, 4.510607407446079797 ) ) ;
#562 = CARTESIAN_POINT ( 'NONE',  ( 20.00000000000000000, 0.000000000000000000, 1.000000000000000000 ) ) ;
#563 = EDGE_CURVE ( 'NONE', #759, #314, #2293, .T. ) ;
#564 = ORIENTED_EDGE ( 'NONE', *, *, #664, .F. ) ;
#565 = ADVANCED_FACE ( 'NONE', ( #1368 ), #3214, .T. ) ;
#566 = DIRECTION ( 'NONE',  ( 1.000000000000000000, 0.000000000000000000, 0.000000000000000000 ) ) ;
#567 = EDGE_LOOP ( 'NONE', ( #2637, #2257, #60, #791 ) ) ;
#568 = B_SPLINE_CURVE_WITH_KNOTS ( 'NONE', 3,
 ( #2258, #714, #2917, #161, #2888, #3210, #474, #3506, #3221, #3875 ),
 .UNSPECIFIED., .F., .F.,
 ( 4, 2, 2, 2, 4 ),
 ( 0.000000000000000000, 0.0007623969691129127858, 0.001143595453669371672, 0.001334194695947601332, 0.001524793938225830993 ),
 .UNSPECIFIED. ) ;
#569 = CARTESIAN_POINT ( 'NONE',  ( 0.000000000000000000, 1.040834085586084257E-14, 5.000000000000000000 ) ) ;
#570 = CIRCLE ( 'NONE', #3480, 7.500000000000000000 ) ;
#571 = CIRCLE ( 'NONE', #992, 32.50000000000000000 ) ;
#572 = AXIS2_PLACEMENT_3D ( 'NONE', #558, #1795, #1477 ) ;
#573 = CARTESIAN_POINT ( 'NONE',  ( -29.99999999999999645, -11.68024835709581666, 4.448445264978284186 ) ) ;
#574 = DIRECTION ( 'NONE',  ( 0.000000000000000000, 0.000000000000000000, -1.000000000000000000 ) ) ;
#575 = LINE ( 'NONE', #98, #1652 ) ;
#576 = CARTESIAN_POINT ( 'NONE',  ( 30.00000000000000355, -12.22002045158320449, 4.256560851958234082 ) ) ;
#577 =( BOUNDED_SURFACE ( )  B_SPLINE_SURFACE ( 3, 2, ( 
 ( #218, #2383, #863 ),
 ( #2036, #990, #3388 ),
 ( #2242, #763, #3002 ),
 ( #2943, #2660, #1101 ),
 ( #814, #1443, #1159 ),
 ( #826, #3317, #2025 ),
 ( #2078, #3275, #475 ),
 ( #3569, #2989, #191 ),
 ( #1751, #3933, #1146 ),
 ( #2050, #2384, #1765 ) ),
 .UNSPECIFIED., .F., .F., .T. ) 
 B_SPLINE_SURFACE_WITH_KNOTS ( ( 4, 2, 2, 2, 4 ),
 ( 3, 3 ),
 ( 0.002255105736640394386, 0.002506355895241511172, 0.002757606053842627525, 0.003008856212443743877, 0.003260106371044860230 ),
 ( 0.000000000000000000, 1.000000000000000000 ),
 .UNSPECIFIED. ) 
 GEOMETRIC_REPRESENTATION_ITEM ( )  RATIONAL_B_SPLINE_SURFACE ( (
 ( 1.000000000000000000, 0.7071067811865475727, 1.000000000000000000),
 ( 1.000000000000000000, 0.7365719603220719502, 1.000000000000000000),
 ( 1.000000000000000000, 0.7637082849449956523, 1.000000000000000000),
 ( 1.000000000000000000, 0.8144955046676864985, 1.000000000000000000),
 ( 1.000000000000000000, 0.8384658908193709514, 1.000000000000000000),
 ( 1.000000000000000000, 0.8809684106773612022, 1.000000000000000000),
 ( 1.000000000000000000, 0.8999607822332349460, 1.000000000000000000),
 ( 1.000000000000000000, 0.9284285951127646541, 1.000000000000000000),
 ( 1.000000000000000000, 0.9376681301829172810, 1.000000000000000000),
 ( 1.000000000000000000, 0.9374999999999986677, 1.000000000000000000) ) ) 
 REPRESENTATION_ITEM ( '' )  SURFACE ( )  );
#578 = LINE ( 'NONE', #3031, #1602 ) ;
#579 = DIRECTION ( 'NONE',  ( 0.000000000000000000, 1.000000000000000000, 0.000000000000000000 ) ) ;
#580 = EDGE_CURVE ( 'NONE', #1283, #2355, #548, .T. ) ;
#581 = CARTESIAN_POINT ( 'NONE',  ( 20.46185475464040593, -21.24999999999998934, 1.000000000000000000 ) ) ;
#582 = FACE_BOUND ( 'NONE', #367, .T. ) ;
#583 = CARTESIAN_POINT ( 'NONE',  ( -20.28304032694299508, 20.36088000048680868, 3.500000000000002665 ) ) ;
#584 = DIRECTION ( 'NONE',  ( 1.000000000000000000, 0.000000000000000000, 0.000000000000000000 ) ) ;
#585 = ADVANCED_FACE ( 'NONE', ( #697 ), #751, .T. ) ;
#586 = EDGE_CURVE ( 'NONE', #298, #2311, #2251, .T. ) ;
#587 = CARTESIAN_POINT ( 'NONE',  ( -20.10441493801796398, -24.24999999999999645, 5.000000000000000000 ) ) ;
#588 = CARTESIAN_POINT ( 'NONE',  ( -29.49999999999999289, 12.39959676763726293, 1.000000000000000000 ) ) ;
#589 = FACE_BOUND ( 'NONE', #938, .T. ) ;
#590 = CARTESIAN_POINT ( 'NONE',  ( -20.67973710538569065, -22.41870810845564321, 0.000000000000000000 ) ) ;
#591 = ORIENTED_EDGE ( 'NONE', *, *, #162, .T. ) ;
#592 = DIRECTION ( 'NONE',  ( 1.000000000000000000, 0.000000000000000000, 0.000000000000000000 ) ) ;
#593 = ORIENTED_EDGE ( 'NONE', *, *, #168, .F. ) ;
#594 = FACE_OUTER_BOUND ( 'NONE', #1032, .T. ) ;
#595 = VERTEX_POINT ( 'NONE', #1506 ) ;
#596 = DIRECTION ( 'NONE',  ( 0.000000000000000000, -0.000000000000000000, -1.000000000000000000 ) ) ;
#597 = PERSON_AND_ORGANIZATION ( #1854, #3122 ) ;
#598 = AXIS2_PLACEMENT_3D ( 'NONE', #388, #3837, #1947 ) ;
#599 = ORIENTED_EDGE ( 'NONE', *, *, #3907, .T. ) ;
#600 = ORIENTED_EDGE ( 'NONE', *, *, #1077, .F. ) ;
#601 = DIRECTION ( 'NONE',  ( 0.000000000000000000, -0.000000000000000000, -1.000000000000000000 ) ) ;
#602 = CARTESIAN_POINT ( 'NONE',  ( -20.84363052971858465, -24.74999999999999645, 4.167673011110572645 ) ) ;
#603 = CARTESIAN_POINT ( 'NONE',  ( -20.10441493801797819, 24.25000000000000355, 0.5000000000000000000 ) ) ;
#604 = DIRECTION ( 'NONE',  ( -1.000000000000000000, 0.000000000000000000, 0.000000000000000000 ) ) ;
#605 = VERTEX_POINT ( 'NONE', #1819 ) ;
#606 = CARTESIAN_POINT ( 'NONE',  ( -29.71138743825510176, -11.76184345385583185, 0.1025763129860282480 ) ) ;
#607 = CARTESIAN_POINT ( 'NONE',  ( 29.54210019050129787, -11.18932861914758625, 5.000000000000000888 ) ) ;
#608 = ADVANCED_FACE ( 'NONE', ( #675 ), #3782, .T. ) ;
#609 = DIRECTION ( 'NONE',  ( -0.000000000000000000, 0.000000000000000000, 1.000000000000000000 ) ) ;
#610 = ORIENTED_EDGE ( 'NONE', *, *, #2346, .F. ) ;
#611 = CARTESIAN_POINT ( 'NONE',  ( 20.49502763166936603, -21.42100285229379253, 0.4611677778263747474 ) ) ;
#612 = ORIENTED_EDGE ( 'NONE', *, *, #1488, .F. ) ;
#613 = EDGE_CURVE ( 'NONE', #1326, #706, #2940, .T. ) ;
#614 = VERTEX_POINT ( 'NONE', #3691 ) ;
#615 = CARTESIAN_POINT ( 'NONE',  ( -21.20535255374716144, 24.62890625000000711, 1.000000000000000000 ) ) ;
#616 = CARTESIAN_POINT ( 'NONE',  ( -26.47317259897689468, 12.95527599407202146, 2.765304586857052271 ) ) ;
#617 = CARTESIAN_POINT ( 'NONE',  ( 0.000000000000000000, 1.040834085586084257E-14, 1.000000000000000000 ) ) ;
#618 = CARTESIAN_POINT ( 'NONE',  ( -30.00000000000000000, -11.32434344573244367, 0.08411405904835025926 ) ) ;
#619 = CARTESIAN_POINT ( 'NONE',  ( 29.71138743825554940, -11.76184345385591890, 4.897423687013683136 ) ) ;
#620 = CYLINDRICAL_SURFACE ( 'NONE', #3724, 0.5000000000000004441 ) ;
#621 = DIRECTION ( 'NONE',  ( 0.000000000000000000, 0.000000000000000000, 1.000000000000000000 ) ) ;
#622 = LINE ( 'NONE', #1028, #1701 ) ;
#623 = CARTESIAN_POINT ( 'NONE',  ( -21.00107847791284144, 24.55944699221873861, 4.599662526120396500 ) ) ;
#624 = AXIS2_PLACEMENT_3D ( 'NONE', #1094, #3579, #484 ) ;
#625 = CARTESIAN_POINT ( 'NONE',  ( -20.77440331110313920, -24.75000000000000000, 0.3863430788882158406 ) ) ;
#626 = CARTESIAN_POINT ( 'NONE',  ( 0.000000000000000000, 0.000000000000000000, 0.000000000000000000 ) ) ;
#627 = AXIS2_PLACEMENT_3D ( 'NONE', #737, #1086, #1342 ) ;
#628 = LINE ( 'NONE', #678, #1993 ) ;
#629 = CARTESIAN_POINT ( 'NONE',  ( -20.27394773081082135, -24.74999999999999645, 4.491265431328758773 ) ) ;
#630 = CARTESIAN_POINT ( 'NONE',  ( 20.81681790790455722, 24.75000000000001066, 0.4234532612980611010 ) ) ;
#631 = CARTESIAN_POINT ( 'NONE',  ( -30.00000000000000000, 12.36542789065609860, 0.8753084117616193316 ) ) ;
#632 = CARTESIAN_POINT ( 'NONE',  ( 26.50000000000000711, 12.96148139681572076, 2.500000000000000000 ) ) ;
#633 = EDGE_CURVE ( 'NONE', #3350, #3857, #2230, .T. ) ;
#634 = CARTESIAN_POINT ( 'NONE',  ( -20.32071135235955595, 24.75000000000000711, 4.924485369707492843 ) ) ;
#635 = VECTOR ( 'NONE', #2307, 1000.000000000000000 ) ;
#636 = CARTESIAN_POINT ( 'NONE',  ( -25.99847826351362201, -12.84490757249959358, 3.376451039182206237 ) ) ;
#637 = EDGE_CURVE ( 'NONE', #2103, #2203, #3052, .T. ) ;
#638 = CIRCLE ( 'NONE', #3526, 31.50000000000000000 ) ;
#639 = CARTESIAN_POINT ( 'NONE',  ( -21.06470849954795810, -24.74999999999955236, 4.133762381477030345 ) ) ;
#640 = VERTEX_POINT ( 'NONE', #1490 ) ;
#641 = CARTESIAN_POINT ( 'NONE',  ( 27.13433569911493848, 4.379597285069480428, 0.06333918415870352925 ) ) ;
#642 = ORIENTED_EDGE ( 'NONE', *, *, #1635, .F. ) ;
#643 = ORIENTED_EDGE ( 'NONE', *, *, #3277, .T. ) ;
#644 = CARTESIAN_POINT ( 'NONE',  ( -29.99999999999999645, -11.99719721578209786, 0.3669065188129875255 ) ) ;
#645 = DIRECTION ( 'NONE',  ( -1.000000000000000000, 0.000000000000000000, 0.000000000000000000 ) ) ;
#646 = VERTEX_POINT ( 'NONE', #170 ) ;
#647 = AXIS2_PLACEMENT_3D ( 'NONE', #1950, #395, #3441 ) ;
#648 = VERTEX_POINT ( 'NONE', #2340 ) ;
#649 = VECTOR ( 'NONE', #1609, 1000.000000000000000 ) ;
#650 = CARTESIAN_POINT ( 'NONE',  ( 30.00000000000000355, -11.30095311660426916, 0.5059377001266420759 ) ) ;
#651 = APPROVAL_PERSON_ORGANIZATION ( #1918, #22, #3743 ) ;
#652 = ORIENTED_EDGE ( 'NONE', *, *, #3189, .T. ) ;
#653 = AXIS2_PLACEMENT_3D ( 'NONE', #3846, #3869, #2018 ) ;
#654 = CARTESIAN_POINT ( 'NONE',  ( -20.84354240508937650, -24.74999999999999645, 0.8321477342130615407 ) ) ;
#655 = VERTEX_POINT ( 'NONE', #271 ) ;
#656 = DIRECTION ( 'NONE',  ( 0.000000000000000000, -0.000000000000000000, -1.000000000000000000 ) ) ;
#657 =( LENGTH_UNIT ( ) NAMED_UNIT ( * ) SI_UNIT ( .MILLI., .METRE. ) );
#658 = CARTESIAN_POINT ( 'NONE',  ( -29.49999999999999645, -12.39959676763724516, 1.000000000000000000 ) ) ;
#659 = CARTESIAN_POINT ( 'NONE',  ( -20.46185475464040593, -21.24999999999998934, 1.000000000000000000 ) ) ;
#660 = ORIENTED_EDGE ( 'NONE', *, *, #3879, .T. ) ;
#661 = EDGE_CURVE ( 'NONE', #3904, #3667, #732, .T. ) ;
#662 = DIRECTION ( 'NONE',  ( -1.000000000000000000, 0.000000000000000000, 0.000000000000000000 ) ) ;
#663 = EDGE_LOOP ( 'NONE', ( #1534, #2055, #1413, #3164 ) ) ;
#664 = EDGE_CURVE ( 'NONE', #2203, #2445, #3143, .T. ) ;
#665 = ORIENTED_EDGE ( 'NONE', *, *, #3245, .T. ) ;
#666 = CARTESIAN_POINT ( 'NONE',  ( 26.38726311699359783, 6.500210946492666508, 2.966788829422695617 ) ) ;
#667 = CARTESIAN_POINT ( 'NONE',  ( -21.06470850604025458, -24.74999999999999645, 1.000000000000000222 ) ) ;
#668 = DIRECTION ( 'NONE',  ( -0.000000000000000000, -0.000000000000000000, 1.000000000000000000 ) ) ;
#669 = LINE ( 'NONE', #517, #179 ) ;
#670 = APPROVAL_ROLE ( '' ) ;
#671 = DIRECTION ( 'NONE',  ( -1.000000000000000000, 0.000000000000000000, 0.000000000000000000 ) ) ;
#672 = DIRECTION ( 'NONE',  ( -1.000000000000000000, 0.000000000000000000, 0.000000000000000000 ) ) ;
#673 = CIRCLE ( 'NONE', #3425, 55.00000000000000711 ) ;
#674 = B_SPLINE_CURVE_WITH_KNOTS ( 'NONE', 3,
 ( #1345, #2901, #411, #1059, #134, #3225, #447, #2590, #424, #2613 ),
 .UNSPECIFIED., .F., .F.,
 ( 4, 2, 2, 2, 4 ),
 ( 0.000000000000000000, 0.0004280943773094041094, 0.0008561887546188082189, 0.001284283131928212274, 0.001712377509237616438 ),
 .UNSPECIFIED. ) ;
#675 = FACE_OUTER_BOUND ( 'NONE', #3220, .T. ) ;
#676 = DIRECTION ( 'NONE',  ( 0.000000000000000000, 0.000000000000000000, -1.000000000000000000 ) ) ;
#677 = AXIS2_PLACEMENT_3D ( 'NONE', #1084, #3285, #2316 ) ;
#678 = CARTESIAN_POINT ( 'NONE',  ( -21.20535255374716144, 24.62890625000000711, 5.000000000000000000 ) ) ;
#679 = CARTESIAN_POINT ( 'NONE',  ( 29.96093750000000355, 12.59334046713157562, 1.000000000000001332 ) ) ;
#680 = CIRCLE ( 'NONE', #1556, 30.50000000000000355 ) ;
#681 = CARTESIAN_POINT ( 'NONE',  ( 30.00000000000000355, 11.73484975440050349, 4.763436602397412400 ) ) ;
#682 = AXIS2_PLACEMENT_3D ( 'NONE', #497, #2073, #3578 ) ;
#683 = PERSON_AND_ORGANIZATION_ROLE ( 'creator' ) ;
#684 = CARTESIAN_POINT ( 'NONE',  ( -20.62970966118107441, -22.13753814633154349, 2.032879073410320814E-17 ) ) ;
#685 = CARTESIAN_POINT ( 'NONE',  ( 26.50000000000000711, 12.96148139681572076, 3.500000000000000000 ) ) ;
#686 = CARTESIAN_POINT ( 'NONE',  ( -20.00000000000000000, 0.000000000000000000, 3.500000000000000000 ) ) ;
#687 = DIRECTION ( 'NONE',  ( 1.000000000000000000, 0.000000000000000000, 0.000000000000000000 ) ) ;
#688 = CARTESIAN_POINT ( 'NONE',  ( 20.44793170819102812, -21.17877776223022224, 2.850662371083944713 ) ) ;
#689 = EDGE_CURVE ( 'NONE', #2261, #2579, #1043, .T. ) ;
#690 = FACE_OUTER_BOUND ( 'NONE', #2544, .T. ) ;
#691 = ORIENTED_EDGE ( 'NONE', *, *, #1068, .T. ) ;
#692 = CARTESIAN_POINT ( 'NONE',  ( 0.000000000000000000, 1.040834085586084257E-14, 4.000000000000000000 ) ) ;
#693 = ORIENTED_EDGE ( 'NONE', *, *, #2606, .F. ) ;
#694 = DIRECTION ( 'NONE',  ( 0.000000000000000000, 0.000000000000000000, 1.000000000000000000 ) ) ;
#695 = EDGE_LOOP ( 'NONE', ( #2126, #1616, #864, #2736 ) ) ;
#696 = CARTESIAN_POINT ( 'NONE',  ( -29.49999999999999645, 11.04536101718727714, 4.500000000000000888 ) ) ;
#697 = FACE_OUTER_BOUND ( 'NONE', #126, .T. ) ;
#698 = ORIENTED_EDGE ( 'NONE', *, *, #338, .T. ) ;
#699 = DIRECTION ( 'NONE',  ( 1.000000000000000000, 0.000000000000000000, 0.000000000000000000 ) ) ;
#700 = PERSON_AND_ORGANIZATION_ROLE ( 'design_supplier' ) ;
#701 = APPROVAL_DATE_TIME ( #1522, #3059 ) ;
#702 = EDGE_LOOP ( 'NONE', ( #2002, #448 ) ) ;
#703 = CARTESIAN_POINT ( 'NONE',  ( -20.10441493801797819, 24.25000000000000355, 0.000000000000000000 ) ) ;
#704 = AXIS2_PLACEMENT_3D ( 'NONE', #3911, #1090, #2665 ) ;
#705 = AXIS2_PLACEMENT_3D ( 'NONE', #2426, #4006, #3386 ) ;
#706 = VERTEX_POINT ( 'NONE', #1730 ) ;
#707 = CARTESIAN_POINT ( 'NONE',  ( -29.58389159860470841, 11.33139489621738605, 0.01166050863612019817 ) ) ;
#708 = B_SPLINE_CURVE_WITH_KNOTS ( 'NONE', 3,
 ( #2861, #3798, #2896, #1056, #725, #1312, #3219, #81, #1351, #3787 ),
 .UNSPECIFIED., .F., .F.,
 ( 4, 2, 2, 2, 4 ),
 ( 0.000000000000000000, 0.0003956179769200491594, 0.0007912359538400983187, 0.001186853930760147424, 0.001582471907680196637 ),
 .UNSPECIFIED. ) ;
#709 = DIRECTION ( 'NONE',  ( 0.7071067811865472397, 0.000000000000000000, 0.7071067811865479058 ) ) ;
#710 = EDGE_LOOP ( 'NONE', ( #1735, #1183, #1460, #350 ) ) ;
#711 = CARTESIAN_POINT ( 'NONE',  ( 30.00000000000000355, 11.55321638960331931, 0.5316770888528595806 ) ) ;
#712 = AXIS2_PLACEMENT_3D ( 'NONE', #1807, #3966, #2398 ) ;
#713 = ORIENTED_EDGE ( 'NONE', *, *, #637, .T. ) ;
#714 = CARTESIAN_POINT ( 'NONE',  ( 30.00000000000000711, -11.30182122202326411, 0.4999999999999996669 ) ) ;
#715 = CARTESIAN_POINT ( 'NONE',  ( 26.50000000000000711, 6.224949798994359185, 2.500000000000000000 ) ) ;
#716 = CARTESIAN_POINT ( 'NONE',  ( 20.00000000000000000, 0.000000000000000000, 0.000000000000000000 ) ) ;
#717 = EDGE_LOOP ( 'NONE', ( #260, #2969, #2816, #2409 ) ) ;
#718 = CARTESIAN_POINT ( 'NONE',  ( 20.00000000000000000, 0.000000000000000000, 2.000000000000000000 ) ) ;
#719 = CARTESIAN_POINT ( 'NONE',  ( -29.99999999999999289, 12.50040649745545451, 1.000000000000000666 ) ) ;
#720 = FACE_OUTER_BOUND ( 'NONE', #2260, .T. ) ;
#721 = CARTESIAN_POINT ( 'NONE',  ( 0.000000000000000000, 72.30205676561918438, 2.500000000000000000 ) ) ;
#722 = EDGE_CURVE ( 'NONE', #946, #3799, #773, .T. ) ;
#723 = CARTESIAN_POINT ( 'NONE',  ( 29.91716639743659201, 12.44837307043387575, 0.5601657677458493634 ) ) ;
#724 = FACE_OUTER_BOUND ( 'NONE', #1794, .T. ) ;
#725 = CARTESIAN_POINT ( 'NONE',  ( 26.70448408804208640, -13.00874166503900398, 0.3802222427401019678 ) ) ;
#726 = CARTESIAN_POINT ( 'NONE',  ( 30.00000000000000000, 12.50040649745543675, 4.000000000000001776 ) ) ;
#727 = CARTESIAN_POINT ( 'NONE',  ( -30.00000000000000000, -12.22184126553436379, 0.7446354765926748165 ) ) ;
#728 = CARTESIAN_POINT ( 'NONE',  ( 27.50000000000000711, 13.19090595827292134, 0.000000000000000000 ) ) ;
#729 = CARTESIAN_POINT ( 'NONE',  ( -21.17122122254215100, 24.61733923528092660, 0.7164796392146344228 ) ) ;
#730 = CIRCLE ( 'NONE', #550, 55.00000000000000000 ) ;
#731 = CARTESIAN_POINT ( 'NONE',  ( -29.59812317778685298, -11.37972896665531941, 0.01625307248177932859 ) ) ;
#732 = B_SPLINE_CURVE_WITH_KNOTS ( 'NONE', 3,
 ( #3294, #3629, #468, #186, #525, #1746, #2937, #2968, #2033, #1439 ),
 .UNSPECIFIED., .F., .F.,
 ( 4, 2, 2, 2, 4 ),
 ( -9.617166668641745843E-06, 0.0003887965459487235215, 0.0007872102585660887804, 0.001185623971183453985, 0.001584037683800819298 ),
 .UNSPECIFIED. ) ;
#733 = CARTESIAN_POINT ( 'NONE',  ( 21.20535255374715078, -24.62890624999999645, 4.143246210454884171 ) ) ;
#734 = AXIS2_PLACEMENT_3D ( 'NONE', #971, #2729, #2199 ) ;
#735 = DIRECTION ( 'NONE',  ( -0.7071067811865472397, 8.659560562354930393E-17, 0.7071067811865479058 ) ) ;
#736 = DIRECTION ( 'NONE',  ( -0.000000000000000000, -0.000000000000000000, -1.000000000000000000 ) ) ;
#737 = CARTESIAN_POINT ( 'NONE',  ( 0.000000000000000000, 0.000000000000000000, 3.500000000000000000 ) ) ;
#738 = CYLINDRICAL_SURFACE ( 'NONE', #3631, 32.50000000000000000 ) ;
#739 = DIRECTION ( 'NONE',  ( 0.000000000000000000, -1.000000000000000000, 0.000000000000000000 ) ) ;
#740 = DIRECTION ( 'NONE',  ( -1.000000000000000000, 0.000000000000000000, 0.000000000000000000 ) ) ;
#741 = DIRECTION ( 'NONE',  ( -0.000000000000000000, -1.000000000000000000, -0.000000000000000000 ) ) ;
#742 = VECTOR ( 'NONE', #3534, 1000.000000000000000 ) ;
#743 = EDGE_LOOP ( 'NONE', ( #2822, #564, #1867, #2904 ) ) ;
#744 = ORIENTED_EDGE ( 'NONE', *, *, #16, .T. ) ;
#745 = ORIENTED_EDGE ( 'NONE', *, *, #2415, .F. ) ;
#746 = DIRECTION ( 'NONE',  ( 0.000000000000000000, 0.000000000000000000, -1.000000000000000000 ) ) ;
#747 = EDGE_CURVE ( 'NONE', #2834, #176, #3980, .T. ) ;
#748 = DIRECTION ( 'NONE',  ( -0.000000000000000000, -0.000000000000000000, -1.000000000000000000 ) ) ;
#749 = VERTEX_POINT ( 'NONE', #2656 ) ;
#750 = ORIENTED_EDGE ( 'NONE', *, *, #3619, .F. ) ;
#751 = TOROIDAL_SURFACE ( 'NONE', #4028, 30.50000000000000355, 1.000000000000000000 ) ;
#752 = CIRCLE ( 'NONE', #3188, 0.9999999999999991118 ) ;
#753 = ORIENTED_EDGE ( 'NONE', *, *, #1256, .T. ) ;
#754 = CARTESIAN_POINT ( 'NONE',  ( -25.50000000000000355, 12.72792206135786763, 3.500000000000000000 ) ) ;
#755 = ORIENTED_EDGE ( 'NONE', *, *, #2727, .F. ) ;
#756 = AXIS2_PLACEMENT_3D ( 'NONE', #3416, #43, #3764 ) ;
#757 = CARTESIAN_POINT ( 'NONE',  ( 0.000000000000000000, 1.040834085586084257E-14, 0.000000000000000000 ) ) ;
#758 = ORIENTED_EDGE ( 'NONE', *, *, #3625, .T. ) ;
#759 = VERTEX_POINT ( 'NONE', #2644 ) ;
#760 = CARTESIAN_POINT ( 'NONE',  ( -20.46363317211161359, 21.25910796357783283, 0.8566165101449958463 ) ) ;
#761 = AXIS2_PLACEMENT_3D ( 'NONE', #3096, #2499, #687 ) ;
#762 = DIRECTION ( 'NONE',  ( -0.000000000000000000, -0.000000000000000000, 1.000000000000000000 ) ) ;
#763 = CARTESIAN_POINT ( 'NONE',  ( 20.32986981531169590, 24.75000000000001421, 4.912404535830397379 ) ) ;
#764 = VERTEX_POINT ( 'NONE', #198 ) ;
#765 = DIRECTION ( 'NONE',  ( -0.000000000000000000, -0.000000000000000000, -1.000000000000000000 ) ) ;
#766 = EDGE_CURVE ( 'NONE', #1683, #307, #78, .T. ) ;
#767 = FACE_OUTER_BOUND ( 'NONE', #1466, .T. ) ;
#768 = CARTESIAN_POINT ( 'NONE',  ( -20.22354360557506681, -20.08129189154433192, 3.500000000000000000 ) ) ;
#769 = CARTESIAN_POINT ( 'NONE',  ( 27.50000000000000711, 0.000000000000000000, 1.000000000000000000 ) ) ;
#770 = EDGE_CURVE ( 'NONE', #1586, #3857, #2420, .T. ) ;
#771 = CIRCLE ( 'NONE', #3719, 0.5000000000000004441 ) ;
#772 = CARTESIAN_POINT ( 'NONE',  ( 20.10441493801797108, 24.75000000000001066, 0.4999999999999995559 ) ) ;
#773 = CIRCLE ( 'NONE', #2490, 8.999999999999998224 ) ;
#774 = DIRECTION ( 'NONE',  ( 0.000000000000000000, -0.000000000000000000, -1.000000000000000000 ) ) ;
#775 = FACE_OUTER_BOUND ( 'NONE', #2825, .T. ) ;
#776 = PRODUCT_DEFINITION ( '未知', '', #2841, #1976 ) ;
#777 = CARTESIAN_POINT ( 'NONE',  ( -20.46185475464040593, 21.25000000000000711, 1.000000000000000000 ) ) ;
#778 = CARTESIAN_POINT ( 'NONE',  ( 20.49502789300235506, 21.42100420705171615, 0.4611658027730436427 ) ) ;
#779 = CARTESIAN_POINT ( 'NONE',  ( 30.00000000000001421, -11.92941100404743082, 4.387641470455293735 ) ) ;
#780 = DIRECTION ( 'NONE',  ( -0.000000000000000000, 0.000000000000000000, 1.000000000000000000 ) ) ;
#781 = LINE ( 'NONE', #2701, #3107 ) ;
#782 = ORIENTED_EDGE ( 'NONE', *, *, #1967, .F. ) ;
#783 = CARTESIAN_POINT ( 'NONE',  ( 20.10441493801797108, -24.24999999999998934, 5.000000000000000888 ) ) ;
#784 = ORIENTED_EDGE ( 'NONE', *, *, #2556, .T. ) ;
#785 = CARTESIAN_POINT ( 'NONE',  ( -21.04595339665901577, -24.57473414919410715, 0.4634329886556265432 ) ) ;
#786 = CARTESIAN_POINT ( 'NONE',  ( 0.000000000000000000, 1.040834085586084257E-14, 1.000000000000000000 ) ) ;
#787 = ORIENTED_EDGE ( 'NONE', *, *, #3430, .F. ) ;
#788 = ORIENTED_EDGE ( 'NONE', *, *, #90, .T. ) ;
#789 = VERTEX_POINT ( 'NONE', #823 ) ;
#790 = CARTESIAN_POINT ( 'NONE',  ( 29.96093750000001066, -12.59334046713156496, 0.9118848176523252080 ) ) ;
#791 = ORIENTED_EDGE ( 'NONE', *, *, #2779, .F. ) ;
#792 = EDGE_CURVE ( 'NONE', #2675, #3863, #3873, .T. ) ;
#793 = CIRCLE ( 'NONE', #3119, 29.50000000000000355 ) ;
#794 = CARTESIAN_POINT ( 'NONE',  ( 20.87911636061258136, -24.24999999999998934, 5.000000000000000000 ) ) ;
#795 = CARTESIAN_POINT ( 'NONE',  ( -27.50000000000000355, -13.19090595827291068, 0.000000000000000000 ) ) ;
#796 = CARTESIAN_POINT ( 'NONE',  ( 30.00000000000000355, -12.39959676763722918, 4.000000000000000000 ) ) ;
#797 = ORIENTED_EDGE ( 'NONE', *, *, #722, .T. ) ;
#798 = CARTESIAN_POINT ( 'NONE',  ( 29.96093750000000711, 12.59334046713157917, 1.000000000000000000 ) ) ;
#799 = CARTESIAN_POINT ( 'NONE',  ( -26.50000000000000355, -6.224949798994363626, 2.500000000000000000 ) ) ;
#800 = EDGE_LOOP ( 'NONE', ( #1977, #1027, #3402, #1325 ) ) ;
#801 = DIRECTION ( 'NONE',  ( 0.000000000000000000, 1.000000000000000000, 0.000000000000000000 ) ) ;
#802 = CARTESIAN_POINT ( 'NONE',  ( 20.44320845841996714, -24.74999999999999289, 0.5327111133480609828 ) ) ;
#803 = ORIENTED_EDGE ( 'NONE', *, *, #3679, .T. ) ;
#804 = AXIS2_PLACEMENT_3D ( 'NONE', #174, #762, #501 ) ;
#805 = CARTESIAN_POINT ( 'NONE',  ( 29.96093750000000711, -12.59334046713156319, 1.000000000000000000 ) ) ;
#806 = CARTESIAN_POINT ( 'NONE',  ( -29.99999999999999645, 11.30084895546326607, 4.494058457873376433 ) ) ;
#807 = ORIENTED_EDGE ( 'NONE', *, *, #2249, .F. ) ;
#808 = CARTESIAN_POINT ( 'NONE',  ( -21.04586472312597323, 24.57470406668858587, 4.536849070834535702 ) ) ;
#809 = ADVANCED_FACE ( 'NONE', ( #1499 ), #3050, .F. ) ;
#810 = CARTESIAN_POINT ( 'NONE',  ( 0.000000000000000000, 0.000000000000000000, 4.000000000000000000 ) ) ;
#811 = LINE ( 'NONE', #1288, #3775 ) ;
#812 = CARTESIAN_POINT ( 'NONE',  ( 27.50000000000000711, 0.000000000000000000, 0.000000000000000000 ) ) ;
#813 = CARTESIAN_POINT ( 'NONE',  ( 26.00636525710404356, -7.354696783697272977, 3.369763630901887463 ) ) ;
#814 = CARTESIAN_POINT ( 'NONE',  ( 20.68892705537054155, 24.45257341517213234, 4.856719744371582159 ) ) ;
#815 = CARTESIAN_POINT ( 'NONE',  ( -21.15481879943592247, 24.61177713183244009, 0.6652912172174625383 ) ) ;
#816 = CIRCLE ( 'NONE', #1619, 0.5000000000000000000 ) ;
#817 = EDGE_CURVE ( 'NONE', #3017, #3013, #578, .T. ) ;
#818 = CARTESIAN_POINT ( 'NONE',  ( 29.50000000000000355, -11.04536101718724872, 0.000000000000000000 ) ) ;
#819 = CARTESIAN_POINT ( 'NONE',  ( -29.99999999999999645, 12.36477183808660385, 4.125839772209201506 ) ) ;
#820 = CARTESIAN_POINT ( 'NONE',  ( 20.62588078835354821, -24.43089814157838191, 0.1105616637228133275 ) ) ;
#821 = CYLINDRICAL_SURFACE ( 'NONE', #2264, 0.5000000000000004441 ) ;
#822 = CARTESIAN_POINT ( 'NONE',  ( 20.68977474906375491, -24.45286496257554276, 0.1437296473744533454 ) ) ;
#823 = CARTESIAN_POINT ( 'NONE',  ( 29.50000000000000355, -11.04536101718724872, 0.000000000000000000 ) ) ;
#824 = CARTESIAN_POINT ( 'NONE',  ( 29.59812317778685653, 11.37972896665532474, 0.01625307248177840225 ) ) ;
#825 = CARTESIAN_POINT ( 'NONE',  ( -20.10441493801797819, 24.75000000000000355, 0.4999999999999995559 ) ) ;
#826 = CARTESIAN_POINT ( 'NONE',  ( 20.90205330775870252, 24.52565374340966997, 4.700692972561461680 ) ) ;
#827 = CARTESIAN_POINT ( 'NONE',  ( -20.21896427380123384, 24.74999999999943512, 0.03999211913500240467 ) ) ;
#828 = ADVANCED_FACE ( 'NONE', ( #2144 ), #321, .T. ) ;
#829 = AXIS2_PLACEMENT_3D ( 'NONE', #1035, #1666, #2289 ) ;
#830 = LINE ( 'NONE', #2687, #200 ) ;
#831 = CARTESIAN_POINT ( 'NONE',  ( -29.92227353309965920, -12.46531005552435012, 4.410744242257014669 ) ) ;
#832 = CARTESIAN_POINT ( 'NONE',  ( -20.51342378567996505, -21.51659942199433928, 0.3510837970260174967 ) ) ;
#833 = DIRECTION ( 'NONE',  ( -1.000000000000000000, 0.000000000000000000, 0.000000000000000000 ) ) ;
#834 = CARTESIAN_POINT ( 'NONE',  ( 26.50000000000000711, -12.96148139681570122, 2.500000000000000000 ) ) ;
#835 = AXIS2_PLACEMENT_3D ( 'NONE', #2155, #951, #2796 ) ;
#836 = ORIENTED_EDGE ( 'NONE', *, *, #1566, .F. ) ;
#837 = CARTESIAN_POINT ( 'NONE',  ( 20.84972783707483046, -24.50771105862647303, 0.2610869848644896685 ) ) ;
#838 = LINE ( 'NONE', #3686, #3111 ) ;
#839 = CARTESIAN_POINT ( 'NONE',  ( 27.00117466571576230, 13.07699489447013974, 0.1237388560046280145 ) ) ;
#840 = ORIENTED_EDGE ( 'NONE', *, *, #2988, .F. ) ;
#841 = DIRECTION ( 'NONE',  ( -0.000000000000000000, -0.000000000000000000, 1.000000000000000000 ) ) ;
#842 = CARTESIAN_POINT ( 'NONE',  ( -20.87911636061258847, 24.75000000000000355, 1.000000000000000000 ) ) ;
#843 = ORIENTED_EDGE ( 'NONE', *, *, #1817, .F. ) ;
#844 = VERTEX_POINT ( 'NONE', #1903 ) ;
#845 = DIRECTION ( 'NONE',  ( -1.000000000000000000, 0.000000000000000000, 0.000000000000000000 ) ) ;
#846 = CIRCLE ( 'NONE', #3867, 6.000000000000001776 ) ;
#847 = EDGE_CURVE ( 'NONE', #640, #1536, #2418, .T. ) ;
#848 = CARTESIAN_POINT ( 'NONE',  ( 0.000000000000000000, 1.040834085586084257E-14, 5.000000000000000000 ) ) ;
#849 = CYLINDRICAL_SURFACE ( 'NONE', #3842, 55.00000000000000711 ) ;
#850 = ORIENTED_EDGE ( 'NONE', *, *, #1709, .F. ) ;
#851 = CARTESIAN_POINT ( 'NONE',  ( -29.49999999999999645, -11.04536101718726648, 5.000000000000000000 ) ) ;
#852 = CARTESIAN_POINT ( 'NONE',  ( 27.47069897571622477, -2.946714785400556647, 6.882142696441180625E-19 ) ) ;
#853 = CARTESIAN_POINT ( 'NONE',  ( -29.79583414232466865, 12.04474196411467624, 4.777747568654953980 ) ) ;
#854 = EDGE_LOOP ( 'NONE', ( #660, #2479, #1876, #2493 ) ) ;
#855 = EDGE_CURVE ( 'NONE', #1880, #3702, #1300, .T. ) ;
#856 = CARTESIAN_POINT ( 'NONE',  ( 25.62932550099801077, -12.75840177479773274, 3.500000000000000000 ) ) ;
#857 = ADVANCED_FACE ( 'NONE', ( #282 ), #276, .T. ) ;
#858 = CARTESIAN_POINT ( 'NONE',  ( -26.88978393123993627, -13.05140447231083733, 0.1971270372640854529 ) ) ;
#859 = CARTESIAN_POINT ( 'NONE',  ( 29.96093761706600134, -12.59334018861871307, 0.8672905997507691644 ) ) ;
#860 = ORIENTED_EDGE ( 'NONE', *, *, #1385, .T. ) ;
#861 = CARTESIAN_POINT ( 'NONE',  ( 21.06470843581603702, -24.75000000000014211, 4.135201284498045027 ) ) ;
#862 = AXIS2_PLACEMENT_3D ( 'NONE', #718, #1645, #984 ) ;
#863 = CARTESIAN_POINT ( 'NONE',  ( 20.10441493801797108, 24.75000000000001066, 4.500000000000000888 ) ) ;
#864 = ORIENTED_EDGE ( 'NONE', *, *, #2783, .F. ) ;
#865 = CARTESIAN_POINT ( 'NONE',  ( -29.49999999999999645, 12.39959676763726470, 5.000000000000000000 ) ) ;
#866 = ORIENTED_EDGE ( 'NONE', *, *, #1334, .T. ) ;
#867 = CARTESIAN_POINT ( 'NONE',  ( -29.93860480204922325, 12.51950439522764214, 4.344629253069642871 ) ) ;
#868 = CARTESIAN_POINT ( 'NONE',  ( 26.99428963090764455, -4.842606860447247641, 0.1356979759302583410 ) ) ;
#869 = CARTESIAN_POINT ( 'NONE',  ( 26.10989971597210513, -12.87089211068907701, 3.303118119827488819 ) ) ;
#870 = VECTOR ( 'NONE', #739, 1000.000000000000000 ) ;
#871 = CARTESIAN_POINT ( 'NONE',  ( 30.00000000000000355, -11.17354928033731909, 0.4999999985269993341 ) ) ;
#872 = EDGE_CURVE ( 'NONE', #23, #2283, #3572, .T. ) ;
#873 = CARTESIAN_POINT ( 'NONE',  ( 20.73261237567932369, -24.74999999999998934, 4.295699379671090057 ) ) ;
#874 = CARTESIAN_POINT ( 'NONE',  ( -30.00000000000000355, -11.30180515740364378, 4.500000000000001776 ) ) ;
#875 = CARTESIAN_POINT ( 'NONE',  ( -20.87911636061266307, 24.75000000000000355, 0.9999999999999926725 ) ) ;
#876 = ADVANCED_FACE ( 'NONE', ( #3148 ), #1944, .F. ) ;
#877 = CIRCLE ( 'NONE', #1295, 32.50000000000000000 ) ;
#878 = EDGE_CURVE ( 'NONE', #1239, #1319, #3166, .T. ) ;
#879 = CARTESIAN_POINT ( 'NONE',  ( -29.54174559213581830, -11.18811601963130187, 5.000000000000000888 ) ) ;
#880 = DIRECTION ( 'NONE',  ( -0.000000000000000000, -0.000000000000000000, -1.000000000000000000 ) ) ;
#881 = CARTESIAN_POINT ( 'NONE',  ( 30.00000000000000355, -11.04536101718724161, 4.500000000000000888 ) ) ;
#882 = CARTESIAN_POINT ( 'NONE',  ( -20.10441493801797819, 24.25000000000000355, 5.000000000000000000 ) ) ;
#883 = DIRECTION ( 'NONE',  ( -1.000000000000000000, 0.000000000000000000, 0.000000000000000000 ) ) ;
#884 = FACE_OUTER_BOUND ( 'NONE', #942, .T. ) ;
#885 = DIRECTION ( 'NONE',  ( -0.000000000000000000, 0.000000000000000000, 1.000000000000000000 ) ) ;
#886 = ORIENTED_EDGE ( 'NONE', *, *, #371, .F. ) ;
#887 = AXIS2_PLACEMENT_3D ( 'NONE', #2323, #2310, #2922 ) ;
#888 = ORIENTED_EDGE ( 'NONE', *, *, #2988, .T. ) ;
#889 = CARTESIAN_POINT ( 'NONE',  ( -20.10441493801795687, -24.74999999999999645, 5.000000000000000888 ) ) ;
#890 = DIRECTION ( 'NONE',  ( 1.000000000000000000, 0.000000000000000000, 0.000000000000000000 ) ) ;
#891 = ORIENTED_EDGE ( 'NONE', *, *, #3274, .T. ) ;
#892 = CARTESIAN_POINT ( 'NONE',  ( -20.00000000000000000, 0.000000000000000000, 0.000000000000000000 ) ) ;
#893 = CYLINDRICAL_SURFACE ( 'NONE', #3893, 1.000000000000000000 ) ;
#894 = CARTESIAN_POINT ( 'NONE',  ( 30.00000000000000355, -11.17356577284748198, 4.500000001292143281 ) ) ;
#895 = ADVANCED_FACE ( 'NONE', ( #2945 ), #3192, .T. ) ;
#896 = AXIS2_PLACEMENT_3D ( 'NONE', #1364, #774, #3530 ) ;
#897 = APPROVAL_DATE_TIME ( #3851, #22 ) ;
#898 = DIRECTION ( 'NONE',  ( 0.000000000000000000, 0.000000000000000000, 1.000000000000000000 ) ) ;
#899 = ORIENTED_EDGE ( 'NONE', *, *, #2294, .T. ) ;
#900 = CARTESIAN_POINT ( 'NONE',  ( 20.46185475464040948, -21.24999999999998934, 0.9274833219861454703 ) ) ;
#901 = ORIENTED_EDGE ( 'NONE', *, *, #1990, .T. ) ;
#902 = EDGE_CURVE ( 'NONE', #3942, #1717, #575, .T. ) ;
#903 = DIRECTION ( 'NONE',  ( 1.000000000000000000, 0.000000000000000000, 0.000000000000000000 ) ) ;
#904 = ORIENTED_EDGE ( 'NONE', *, *, #1764, .T. ) ;
#905 = CARTESIAN_POINT ( 'NONE',  ( -21.02329051548207417, -24.74999999999999289, 4.265326842693569986 ) ) ;
#906 = CARTESIAN_POINT ( 'NONE',  ( 20.10441493801797108, -24.24999999999998934, 5.000000000000000000 ) ) ;
#907 = EDGE_LOOP ( 'NONE', ( #1671, #1075, #1244, #866 ) ) ;
#908 = CARTESIAN_POINT ( 'NONE',  ( 30.00000000000000355, -12.04992786487490797, 4.348893267033990817 ) ) ;
#909 = CARTESIAN_POINT ( 'NONE',  ( -20.00000000000000000, 0.000000000000000000, 1.000000000000000000 ) ) ;
#910 = ORIENTED_EDGE ( 'NONE', *, *, #3587, .F. ) ;
#911 = B_SPLINE_CURVE_WITH_KNOTS ( 'NONE', 3,
 ( #1603, #733, #1919, #47, #3167, #3478, #2252, #2557 ),
 .UNSPECIFIED., .F., .F.,
 ( 4, 2, 2, 4 ),
 ( 0.000000000000000000, 0.0004290107835705334505, 0.0008580215671410669010, 0.001716043134282139873 ),
 .UNSPECIFIED. ) ;
#912 = AXIS2_PLACEMENT_3D ( 'NONE', #1747, #3905, #2985 ) ;
#913 = CIRCLE ( 'NONE', #2717, 5.000000000000000888 ) ;
#914 = ADVANCED_FACE ( 'NONE', ( #2650 ), #1504, .F. ) ;
#915 = CARTESIAN_POINT ( 'NONE',  ( 20.00000000000000000, 0.000000000000000000, 2.000000000000000000 ) ) ;
#916 = LINE ( 'NONE', #1009, #2886 ) ;
#917 = AXIS2_PLACEMENT_3D ( 'NONE', #357, #49, #1922 ) ;
#918 = CARTESIAN_POINT ( 'NONE',  ( -26.10986975240502517, 12.87088512928272976, 3.303141717156782065 ) ) ;
#919 = CARTESIAN_POINT ( 'NONE',  ( 20.84428565838465275, 24.75000000000001066, 0.8330598589416032818 ) ) ;
#920 = FACE_OUTER_BOUND ( 'NONE', #2048, .T. ) ;
#921 = DIRECTION ( 'NONE',  ( 1.000000000000000000, 0.000000000000000000, 0.000000000000000000 ) ) ;
#922 = CIRCLE ( 'NONE', #464, 0.5000000000000004441 ) ;
#923 = EDGE_CURVE ( 'NONE', #1677, #1133, #2141, .T. ) ;
#924 = DIRECTION ( 'NONE',  ( 1.000000000000000000, 0.000000000000000000, 0.000000000000000000 ) ) ;
#925 = CARTESIAN_POINT ( 'NONE',  ( -21.15441425048127044, -24.61163935140577053, 4.335346066903650097 ) ) ;
#926 = CARTESIAN_POINT ( 'NONE',  ( -20.00000000000000000, 0.000000000000000000, 0.000000000000000000 ) ) ;
#927 = CARTESIAN_POINT ( 'NONE',  ( 27.50000000000000000, 2.783882181415012980, 0.000000000000000000 ) ) ;
#928 = CARTESIAN_POINT ( 'NONE',  ( -29.99999999999999645, -11.59875833028599779, 0.1823458798628049549 ) ) ;
#929 = VECTOR ( 'NONE', #1679, 1000.000000000000000 ) ;
#930 = CARTESIAN_POINT ( 'NONE',  ( 30.00000000000000000, -12.12987903187968897, 4.557247726455652348 ) ) ;
#931 = DIRECTION ( 'NONE',  ( -1.224646799147353207E-16, 1.000000000000000000, 0.000000000000000000 ) ) ;
#932 = ORIENTED_EDGE ( 'NONE', *, *, #3049, .T. ) ;
#933 = ORIENTED_EDGE ( 'NONE', *, *, #3755, .F. ) ;
#934 = VERTEX_POINT ( 'NONE', #969 ) ;
#935 = AXIS2_PLACEMENT_3D ( 'NONE', #3523, #427, #2592 ) ;
#936 = ORIENTED_EDGE ( 'NONE', *, *, #2883, .F. ) ;
#937 = CARTESIAN_POINT ( 'NONE',  ( -20.66591471642681910, -24.74999999999999645, 0.6527213858737841434 ) ) ;
#938 = EDGE_LOOP ( 'NONE', ( #4017, #1622 ) ) ;
#939 = VECTOR ( 'NONE', #2187, 1000.000000000000000 ) ;
#940 = CARTESIAN_POINT ( 'NONE',  ( -29.99999999999999645, 12.39959676763726470, 4.000000000000000000 ) ) ;
#941 = CYLINDRICAL_SURFACE ( 'NONE', #3475, 0.5000000000000004441 ) ;
#942 = EDGE_LOOP ( 'NONE', ( #3597, #1790, #1269, #3518 ) ) ;
#943 = CARTESIAN_POINT ( 'NONE',  ( 20.87911636061258136, -24.74999999999998934, 5.000000000000000000 ) ) ;
#944 = DIRECTION ( 'NONE',  ( 0.000000000000000000, 1.000000000000000000, 0.000000000000000000 ) ) ;
#945 = ORIENTED_EDGE ( 'NONE', *, *, #3625, .F. ) ;
#946 = VERTEX_POINT ( 'NONE', #3509 ) ;
#947 = EDGE_CURVE ( 'NONE', #3073, #1239, #673, .T. ) ;
#948 = CARTESIAN_POINT ( 'NONE',  ( 26.50000000000000711, -6.224949798994359185, 1.000000000000000000 ) ) ;
#949 = CARTESIAN_POINT ( 'NONE',  ( -20.89511322568012375, -24.74999999999999289, 0.5211543907446248847 ) ) ;
#950 = EDGE_LOOP ( 'NONE', ( #840, #3616, #1827, #787 ) ) ;
#951 = DIRECTION ( 'NONE',  ( -1.000000000000000000, 0.000000000000000000, 0.000000000000000000 ) ) ;
#952 = DIRECTION ( 'NONE',  ( 0.000000000000000000, 0.000000000000000000, -1.000000000000000000 ) ) ;
#953 = CARTESIAN_POINT ( 'NONE',  ( 0.000000000000000000, 0.000000000000000000, 2.500000000000000000 ) ) ;
#954 = DIRECTION ( 'NONE',  ( -0.000000000000000000, 0.000000000000000000, 1.000000000000000000 ) ) ;
#955 = DIRECTION ( 'NONE',  ( 1.000000000000000000, 0.000000000000000000, 0.000000000000000000 ) ) ;
#956 = EDGE_LOOP ( 'NONE', ( #1271, #1930, #2578, #2339 ) ) ;
#957 = CARTESIAN_POINT ( 'NONE',  ( -20.87911636061259202, 24.25000000000000711, 4.000000000000000000 ) ) ;
#958 = DIRECTION ( 'NONE',  ( 1.000000000000000000, 0.000000000000000000, 0.000000000000000000 ) ) ;
#959 = B_SPLINE_CURVE_WITH_KNOTS ( 'NONE', 3,
 ( #3750, #3418, #3734, #1902, #3125, #1877, #2211, #336, #1891, #3403, #2777, #2514 ),
 .UNSPECIFIED., .F., .F.,
 ( 4, 2, 2, 2, 2, 4 ),
 ( 0.000000000000000000, 0.0003422711562395044644, 0.0006845423124790089289, 0.001369084624958015689, 0.002053626937437022341, 0.002738169249916031379 ),
 .UNSPECIFIED. ) ;
#960 = CIRCLE ( 'NONE', #1862, 0.5000000000000004441 ) ;
#961 = CARTESIAN_POINT ( 'NONE',  ( 0.000000000000000000, 1.040834085586084257E-14, 2.500000000000000000 ) ) ;
#962 = EDGE_CURVE ( 'NONE', #2159, #648, #384, .T. ) ;
#963 = CARTESIAN_POINT ( 'NONE',  ( 26.50000000000000711, 0.000000000000000000, 1.000000000000000000 ) ) ;
#964 = CARTESIAN_POINT ( 'NONE',  ( -21.15428779425644734, -24.61159645918936079, 0.6642954258488974473 ) ) ;
#965 = AXIS2_PLACEMENT_3D ( 'NONE', #265, #609, #1545 ) ;
#966 = DIRECTION ( 'NONE',  ( 0.000000000000000000, 0.000000000000000000, 1.000000000000000000 ) ) ;
#967 = DIRECTION ( 'NONE',  ( -1.156482317317873944E-16, 1.000000000000000000, 0.000000000000000000 ) ) ;
#968 = CARTESIAN_POINT ( 'NONE',  ( -21.04608017008977683, 24.57477749643855702, 0.4633785381367058198 ) ) ;
#969 = CARTESIAN_POINT ( 'NONE',  ( -27.50000000000000355, 2.783882181415024082, 0.000000000000000000 ) ) ;
#970 = EDGE_CURVE ( 'NONE', #595, #749, #1398, .T. ) ;
#971 = CARTESIAN_POINT ( 'NONE',  ( 0.000000000000000000, 0.000000000000000000, 5.000000000000000000 ) ) ;
#972 = CARTESIAN_POINT ( 'NONE',  ( 30.00000000000000355, 11.04536101718727004, 0.5000000000000000000 ) ) ;
#973 = PLANE ( 'NONE',  #598 ) ;
#974 = EDGE_CURVE ( 'NONE', #307, #2675, #680, .T. ) ;
#975 = CARTESIAN_POINT ( 'NONE',  ( 29.91742665751060315, 12.44923581874933127, 4.438514068133224022 ) ) ;
#976 = CONICAL_SURFACE ( 'NONE', #2552, 4.000000000000000000, 0.7853981633974479459 ) ;
#977 = DIRECTION ( 'NONE',  ( 0.000000000000000000, -0.000000000000000000, -1.000000000000000000 ) ) ;
#978 = EDGE_LOOP ( 'NONE', ( #3546, #2596, #3462, #1487 ) ) ;
#979 = DIRECTION ( 'NONE',  ( -0.000000000000000000, -0.000000000000000000, -1.000000000000000000 ) ) ;
#980 = VERTEX_POINT ( 'NONE', #2605 ) ;
#981 = DIRECTION ( 'NONE',  ( -0.000000000000000000, -0.000000000000000000, -1.000000000000000000 ) ) ;
#982 = ORIENTED_EDGE ( 'NONE', *, *, #2067, .T. ) ;
#983 = VERTEX_POINT ( 'NONE', #1076 ) ;
#984 = DIRECTION ( 'NONE',  ( -1.000000000000000000, 0.000000000000000000, 0.000000000000000000 ) ) ;
#985 = CIRCLE ( 'NONE', #2614, 31.50000000000000000 ) ;
#986 = DIRECTION ( 'NONE',  ( -0.000000000000000000, -0.000000000000000000, 1.000000000000000000 ) ) ;
#987 = B_SPLINE_CURVE_WITH_KNOTS ( 'NONE', 3,
 ( #3485, #3791, #1318, #3810, #73, #2248, #1951, #381, #2554, #1013, #3177, #1000 ),
 .UNSPECIFIED., .F., .F.,
 ( 4, 2, 2, 2, 2, 4 ),
 ( 0.000000000000000000, 0.0003422711562395044644, 0.0006845423124790089289, 0.001369084624958015689, 0.002053626937437022341, 0.002738169249916031379 ),
 .UNSPECIFIED. ) ;
#988 = DATE_AND_TIME ( #1189, #2012 ) ;
#989 = ORIENTED_EDGE ( 'NONE', *, *, #689, .T. ) ;
#990 = CARTESIAN_POINT ( 'NONE',  ( 20.21896427380142214, 24.74999999999944222, 4.960007880864821139 ) ) ;
#991 = PLANE ( 'NONE',  #1263 ) ;
#992 = AXIS2_PLACEMENT_3D ( 'NONE', #3801, #389, #2560 ) ;
#993 = CARTESIAN_POINT ( 'NONE',  ( -20.10441493801796042, -24.24999999999999645, -1.301042606982605321E-15 ) ) ;
#994 = VERTEX_POINT ( 'NONE', #1703 ) ;
#995 = CARTESIAN_POINT ( 'NONE',  ( 0.000000000000000000, 0.000000000000000000, 5.000000000000000000 ) ) ;
#996 = PERSON_AND_ORGANIZATION_ROLE ( 'design_owner' ) ;
#997 = CARTESIAN_POINT ( 'NONE',  ( -29.99999999999999645, 11.92941100404746102, 4.387641470455288406 ) ) ;
#998 = CARTESIAN_POINT ( 'NONE',  ( -26.51108353959401143, -6.197433247033034220, 0.8352752947804081840 ) ) ;
#999 = ORIENTED_EDGE ( 'NONE', *, *, #2805, .F. ) ;
#1000 = CARTESIAN_POINT ( 'NONE',  ( -25.50000000000000355, 8.351646544245030057, 3.500000000000000000 ) ) ;
#1001 = EDGE_CURVE ( 'NONE', #2285, #1222, #1016, .T. ) ;
#1002 = CARTESIAN_POINT ( 'NONE',  ( -29.99999999999999645, 11.68024835709572429, 0.5515547350217299138 ) ) ;
#1003 = ORIENTED_EDGE ( 'NONE', *, *, #2016, .T. ) ;
#1004 = DIRECTION ( 'NONE',  ( 0.000000000000000000, 0.000000000000000000, 1.000000000000000000 ) ) ;
#1005 = EDGE_CURVE ( 'NONE', #614, #1326, #88, .T. ) ;
#1006 = ORIENTED_EDGE ( 'NONE', *, *, #2176, .T. ) ;
#1007 = CARTESIAN_POINT ( 'NONE',  ( 29.71138743825551387, 11.76184345385592955, 0.1025763129862966860 ) ) ;
#1008 = DIRECTION ( 'NONE',  ( 0.000000000000000000, -0.000000000000000000, -1.000000000000000000 ) ) ;
#1009 = CARTESIAN_POINT ( 'NONE',  ( -29.96093750000000000, -12.59334046713157740, 5.000000000000000000 ) ) ;
#1010 = DIRECTION ( 'NONE',  ( -1.000000000000000000, 0.000000000000000000, 0.000000000000000000 ) ) ;
#1011 = CARTESIAN_POINT ( 'NONE',  ( -29.87297438443797759, 12.30171276536301228, 0.3899182399091829510 ) ) ;
#1012 = CARTESIAN_POINT ( 'NONE',  ( -26.50000000000000000, -6.224949798994365402, 0.9158846565498111048 ) ) ;
#1013 = CARTESIAN_POINT ( 'NONE',  ( -25.71180432594052334, 7.951333547950969027, 3.482913572505685895 ) ) ;
#1014 = CIRCLE ( 'NONE', #1593, 31.50000000000000000 ) ;
#1015 = CARTESIAN_POINT ( 'NONE',  ( -29.99999999999999289, 11.73569390045757999, 0.2368697822620538240 ) ) ;
#1016 = CIRCLE ( 'NONE', #2745, 0.5000000000000004441 ) ;
#1017 = B_SPLINE_CURVE_WITH_KNOTS ( 'NONE', 3,
 ( #842, #253, #1157, #514, #3000, #554, #1143, #1441, #3976, #825 ),
 .UNSPECIFIED., .F., .F.,
 ( 4, 2, 2, 2, 4 ),
 ( 0.000000000000000000, 0.0002545048051749316262, 0.0005090096103498632524, 0.0007635144155247948787, 0.001018019220699726505 ),
 .UNSPECIFIED. ) ;
#1018 = CARTESIAN_POINT ( 'NONE',  ( 29.79583414232468641, 12.04474196411466025, 0.2222524313450528477 ) ) ;
#1019 = FACE_OUTER_BOUND ( 'NONE', #3649, .T. ) ;
#1020 = DIRECTION ( 'NONE',  ( 0.000000000000000000, -1.000000000000000000, 0.000000000000000000 ) ) ;
#1021 = DIRECTION ( 'NONE',  ( -1.000000000000000000, 0.000000000000000000, 0.000000000000000000 ) ) ;
#1022 = AXIS2_PLACEMENT_3D ( 'NONE', #3829, #1087, #95 ) ;
#1023 = DIRECTION ( 'NONE',  ( -7.008983741320432232E-17, -1.000000000000000000, -0.000000000000000000 ) ) ;
#1024 = CARTESIAN_POINT ( 'NONE',  ( 20.46185475464040593, -21.24999999999998934, 2.572670612247286659 ) ) ;
#1025 = EDGE_CURVE ( 'NONE', #393, #2351, #2262, .T. ) ;
#1026 = CIRCLE ( 'NONE', #1734, 29.50000000000000355 ) ;
#1027 = ORIENTED_EDGE ( 'NONE', *, *, #3728, .T. ) ;
#1028 = CARTESIAN_POINT ( 'NONE',  ( 29.50000000000000355, -2.067650203689527644E-15, 0.000000000000000000 ) ) ;
#1029 = CARTESIAN_POINT ( 'NONE',  ( 29.54210019050149683, 11.18932861914764310, 0.000000000000000000 ) ) ;
#1030 = EDGE_LOOP ( 'NONE', ( #1190, #1781, #1290, #272 ) ) ;
#1031 = CARTESIAN_POINT ( 'NONE',  ( 0.000000000000000000, -72.30205676561914174, 0.000000000000000000 ) ) ;
#1032 = EDGE_LOOP ( 'NONE', ( #788, #1582, #1972, #3817 ) ) ;
#1033 = ORIENTED_EDGE ( 'NONE', *, *, #855, .F. ) ;
#1034 = CARTESIAN_POINT ( 'NONE',  ( 29.58439483253339120, 11.33310154232904132, 4.988124591332899094 ) ) ;
#1035 = CARTESIAN_POINT ( 'NONE',  ( -20.10441493801797463, 24.25000000000000355, 4.500000000000000888 ) ) ;
#1036 = CARTESIAN_POINT ( 'NONE',  ( -29.99999999999999289, -11.04536101718726826, 0.000000000000000000 ) ) ;
#1037 = VERTEX_POINT ( 'NONE', #777 ) ;
#1038 = CYLINDRICAL_SURFACE ( 'NONE', #3036, 1.000000000000000000 ) ;
#1039 = FACE_OUTER_BOUND ( 'NONE', #2881, .T. ) ;
#1040 = EDGE_CURVE ( 'NONE', #2159, #1243, #3053, .T. ) ;
#1041 = ORIENTED_EDGE ( 'NONE', *, *, #454, .T. ) ;
#1042 = DIRECTION ( 'NONE',  ( 0.000000000000000000, 0.000000000000000000, -1.000000000000000000 ) ) ;
#1043 = B_SPLINE_CURVE_WITH_KNOTS ( 'NONE', 3,
 ( #796, #2380, #2633, #2950, #2366, #2327, #779, #3253, #1110, #3944 ),
 .UNSPECIFIED., .F., .F.,
 ( 4, 2, 2, 2, 4 ),
 ( 0.000000000000000000, 0.0001936245075781810256, 0.0003872490151563620512, 0.0007744980303127207413, 0.001548996060625432809 ),
 .UNSPECIFIED. ) ;
#1044 = DIRECTION ( 'NONE',  ( 0.000000000000000000, -0.000000000000000000, -1.000000000000000000 ) ) ;
#1045 = ORIENTED_EDGE ( 'NONE', *, *, #2371, .T. ) ;
#1046 = ORIENTED_EDGE ( 'NONE', *, *, #3832, .T. ) ;
#1047 = CARTESIAN_POINT ( 'NONE',  ( -30.00000000000001066, -11.55855245565284584, 0.5217932906638163004 ) ) ;
#1048 = CARTESIAN_POINT ( 'NONE',  ( -27.44187975448155470, -3.106869897831094907, -2.858736196983263644E-18 ) ) ;
#1049 = ORIENTED_EDGE ( 'NONE', *, *, #1943, .T. ) ;
#1050 = EDGE_CURVE ( 'NONE', #3945, #3697, #2367, .T. ) ;
#1051 = MANIFOLD_SOLID_BREP ( '圆角4', #3997 ) ;
#1052 = VERTEX_POINT ( 'NONE', #183 ) ;
#1053 = ADVANCED_FACE ( 'NONE', ( #2146 ), #2895, .T. ) ;
#1054 = EDGE_CURVE ( 'NONE', #3942, #506, #3878, .T. ) ;
#1055 = CYLINDRICAL_SURFACE ( 'NONE', #1452, 29.50000000000000355 ) ;
#1056 = CARTESIAN_POINT ( 'NONE',  ( 26.62897382867899765, -12.99130410733789276, 0.4913269392797597890 ) ) ;
#1057 = CARTESIAN_POINT ( 'NONE',  ( 29.50000000000000355, -11.04536101718724872, 5.000000000000000000 ) ) ;
#1058 = CARTESIAN_POINT ( 'NONE',  ( -20.00000000000000000, 0.000000000000000000, 1.000000000000000000 ) ) ;
#1059 = CARTESIAN_POINT ( 'NONE',  ( -21.04617558854756965, -24.57480978397133597, 4.536205248912509091 ) ) ;
#1060 = VECTOR ( 'NONE', #66, 1000.000000000000000 ) ;
#1061 = CARTESIAN_POINT ( 'NONE',  ( -20.46185475464040593, -21.24999999999998934, 2.500000000000000000 ) ) ;
#1062 = CARTESIAN_POINT ( 'NONE',  ( 20.22354360557504194, 20.08129189154437810, 3.500000000000000000 ) ) ;
#1063 = CARTESIAN_POINT ( 'NONE',  ( 20.37086684334045117, 24.34277715248546770, 0.02169433127502969766 ) ) ;
#1064 = AXIS2_PLACEMENT_3D ( 'NONE', #1031, #1008, #2586 ) ;
#1065 = DIRECTION ( 'NONE',  ( -0.000000000000000000, -0.000000000000000000, 1.000000000000000000 ) ) ;
#1066 = DIRECTION ( 'NONE',  ( -1.000000000000000000, 0.000000000000000000, 0.000000000000000000 ) ) ;
#1067 = CARTESIAN_POINT ( 'NONE',  ( 20.00000000000000000, 0.000000000000000000, 2.500000000000000000 ) ) ;
#1068 = EDGE_CURVE ( 'NONE', #844, #452, #2559, .T. ) ;
#1069 = CARTESIAN_POINT ( 'NONE',  ( 0.000000000000000000, 1.040834085586084257E-14, 1.000000000000000000 ) ) ;
#1070 = CARTESIAN_POINT ( 'NONE',  ( -4.414213562373094035, 5.405852509913045454E-16, 4.000000000000000000 ) ) ;
#1071 = ADVANCED_FACE ( 'NONE', ( #3781 ), #2462, .T. ) ;
#1072 = LINE ( 'NONE', #278, #2385 ) ;
#1073 = VERTEX_POINT ( 'NONE', #289 ) ;
#1074 = DIRECTION ( 'NONE',  ( -0.000000000000000000, 0.000000000000000000, 1.000000000000000000 ) ) ;
#1075 = ORIENTED_EDGE ( 'NONE', *, *, #633, .T. ) ;
#1076 = CARTESIAN_POINT ( 'NONE',  ( -26.00000000000000355, 7.347880794884118750E-16, 0.000000000000000000 ) ) ;
#1077 = EDGE_CURVE ( 'NONE', #1133, #983, #2235, .T. ) ;
#1078 = CARTESIAN_POINT ( 'NONE',  ( 26.50000000000000711, -12.96148139681570122, 2.500000000000000000 ) ) ;
#1079 = ORIENTED_EDGE ( 'NONE', *, *, #140, .F. ) ;
#1080 = ORIENTED_EDGE ( 'NONE', *, *, #3384, .F. ) ;
#1081 = FACE_OUTER_BOUND ( 'NONE', #2063, .T. ) ;
#1082 = DIRECTION ( 'NONE',  ( -1.000000000000000000, 0.000000000000000000, 0.000000000000000000 ) ) ;
#1083 = LINE ( 'NONE', #3790, #114 ) ;
#1084 = CARTESIAN_POINT ( 'NONE',  ( -2.862293735361732889E-15, 24.75000000000000711, 5.000000000000000000 ) ) ;
#1085 = ORIENTED_EDGE ( 'NONE', *, *, #2254, .T. ) ;
#1086 = DIRECTION ( 'NONE',  ( -0.000000000000000000, -0.000000000000000000, 1.000000000000000000 ) ) ;
#1087 = DIRECTION ( 'NONE',  ( -0.000000000000000000, -0.000000000000000000, -1.000000000000000000 ) ) ;
#1088 = CARTESIAN_POINT ( 'NONE',  ( 30.00000000000001066, 12.36522254094958839, 0.8749268778415009162 ) ) ;
#1089 = AXIS2_PLACEMENT_3D ( 'NONE', #1682, #374, #1621 ) ;
#1090 = DIRECTION ( 'NONE',  ( -0.000000000000000000, 0.000000000000000000, 1.000000000000000000 ) ) ;
#1091 = CARTESIAN_POINT ( 'NONE',  ( -29.69413957446964503, -11.70394472709340228, 0.08465689891193936556 ) ) ;
#1092 = VERTEX_POINT ( 'NONE', #1554 ) ;
#1093 = ADVANCED_FACE ( 'NONE', ( #582, #3385, #3786, #775 ), #3727, .F. ) ;
#1094 = CARTESIAN_POINT ( 'NONE',  ( 0.000000000000000000, 1.040834085586084257E-14, 1.000000000000000000 ) ) ;
#1095 = ORIENTED_EDGE ( 'NONE', *, *, #2377, .F. ) ;
#1096 = CARTESIAN_POINT ( 'NONE',  ( -20.87911636061257425, -24.74999999999999645, 4.000000000000000000 ) ) ;
#1097 = AXIS2_PLACEMENT_3D ( 'NONE', #1069, #3199, #1685 ) ;
#1098 = CARTESIAN_POINT ( 'NONE',  ( -29.49999999999999645, -11.04536101718726471, 4.500000000000000888 ) ) ;
#1099 = DIRECTION ( 'NONE',  ( -1.000000000000000000, 0.000000000000000000, 0.000000000000000000 ) ) ;
#1100 = EDGE_LOOP ( 'NONE', ( #3376, #2916, #1690, #1041 ) ) ;
#1101 = CARTESIAN_POINT ( 'NONE',  ( 20.43625442343194720, 24.75000000000001066, 4.455867854859562271 ) ) ;
#1102 = CARTESIAN_POINT ( 'NONE',  ( 20.46185475464040593, 21.25000000000000711, 3.500000000000000000 ) ) ;
#1103 = EDGE_CURVE ( 'NONE', #1073, #547, #1307, .T. ) ;
#1104 = CIRCLE ( 'NONE', #2982, 0.5000000000000000000 ) ;
#1105 = CARTESIAN_POINT ( 'NONE',  ( 20.00000000000000000, 0.000000000000000000, 1.000000000000000000 ) ) ;
#1106 = DIRECTION ( 'NONE',  ( -0.000000000000000000, -0.000000000000000000, -1.000000000000000000 ) ) ;
#1107 = DIRECTION ( 'NONE',  ( -0.000000000000000000, -0.000000000000000000, -1.000000000000000000 ) ) ;
#1108 = LINE ( 'NONE', #3583, #2177 ) ;
#1109 = CARTESIAN_POINT ( 'NONE',  ( 20.63051025135487748, -24.74999999999998934, 0.6305435002660979560 ) ) ;
#1110 = CARTESIAN_POINT ( 'NONE',  ( 30.00000000000001066, -11.30171898403665942, 4.500000000000001776 ) ) ;
#1111 = CARTESIAN_POINT ( 'NONE',  ( 26.38726311699359783, -6.500210946492666508, 2.966788829422695617 ) ) ;
#1112 = DIRECTION ( 'NONE',  ( 1.000000000000000000, -3.552713678800500929E-15, 0.000000000000000000 ) ) ;
#1113 = CARTESIAN_POINT ( 'NONE',  ( 20.10441493801796753, -24.74999999999998934, 0.5000000000000000000 ) ) ;
#1114 = ADVANCED_FACE ( 'NONE', ( #2326 ), #2730, .T. ) ;
#1115 = CIRCLE ( 'NONE', #3290, 31.50000000000000000 ) ;
#1116 = AXIS2_PLACEMENT_3D ( 'NONE', #3930, #841, #2657 ) ;
#1117 = EDGE_CURVE ( 'NONE', #452, #298, #483, .T. ) ;
#1118 = CARTESIAN_POINT ( 'NONE',  ( 29.83101802581665396, -12.16215894962483368, 0.2897815965999829824 ) ) ;
#1119 = AXIS2_PLACEMENT_3D ( 'NONE', #865, #2112, #1463 ) ;
#1120 = CARTESIAN_POINT ( 'NONE',  ( -20.74532153332118511, 24.47194941742129615, 4.823733367127811533 ) ) ;
#1121 = DIRECTION ( 'NONE',  ( 0.000000000000000000, 0.000000000000000000, 1.000000000000000000 ) ) ;
#1122 = DIRECTION ( 'NONE',  ( -0.000000000000000000, -0.000000000000000000, -1.000000000000000000 ) ) ;
#1123 = LINE ( 'NONE', #1142, #1664 ) ;
#1124 = VERTEX_POINT ( 'NONE', #1833 ) ;
#1125 = DIRECTION ( 'NONE',  ( 0.000000000000000000, 1.000000000000000000, -0.000000000000000000 ) ) ;
#1126 = CARTESIAN_POINT ( 'NONE',  ( 26.42233851263570443, -6.415785918688637679, 2.897072714594166598 ) ) ;
#1127 = EDGE_CURVE ( 'NONE', #314, #844, #3193, .T. ) ;
#1128 = CARTESIAN_POINT ( 'NONE',  ( -21.20535250748539369, 24.62890628983119257, 0.8297177574692709001 ) ) ;
#1129 = EDGE_LOOP ( 'NONE', ( #3452, #1644 ) ) ;
#1130 = EDGE_LOOP ( 'NONE', ( #2396, #125 ) ) ;
#1131 = ORIENTED_EDGE ( 'NONE', *, *, #1635, .T. ) ;
#1132 = CARTESIAN_POINT ( 'NONE',  ( -29.54891267351987949, -11.21262487646272454, 5.000000000000019540 ) ) ;
#1133 = VERTEX_POINT ( 'NONE', #327 ) ;
#1134 = CARTESIAN_POINT ( 'NONE',  ( -29.99999999999999289, 12.50040649745545096, 3.999999999999998224 ) ) ;
#1135 = EDGE_CURVE ( 'NONE', #3999, #3324, #771, .T. ) ;
#1136 = CIRCLE ( 'NONE', #3666, 5.000000000000000888 ) ;
#1137 = CARTESIAN_POINT ( 'NONE',  ( -27.49999999999999645, -2.783882181415024082, 0.000000000000000000 ) ) ;
#1138 = TOROIDAL_SURFACE ( 'NONE', #704, 31.50000000000000000, 1.000000000000000000 ) ;
#1139 = CARTESIAN_POINT ( 'NONE',  ( 20.93184251683920039, -24.74999999999999289, 0.5723976187775065005 ) ) ;
#1140 = DIRECTION ( 'NONE',  ( 0.000000000000000000, -0.000000000000000000, -1.000000000000000000 ) ) ;
#1141 = ORIENTED_EDGE ( 'NONE', *, *, #3407, .F. ) ;
#1142 = CARTESIAN_POINT ( 'NONE',  ( -25.50000000000000355, 0.000000000000000000, 3.500000000000000000 ) ) ;
#1143 = CARTESIAN_POINT ( 'NONE',  ( -20.43604334551401180, 24.75000000000000711, 0.5440734644672272635 ) ) ;
#1144 = ORIENTED_EDGE ( 'NONE', *, *, #962, .F. ) ;
#1145 = DIRECTION ( 'NONE',  ( 0.000000000000000000, -1.000000000000000000, 0.000000000000000000 ) ) ;
#1146 = CARTESIAN_POINT ( 'NONE',  ( 20.87911628131876540, 24.75000000000001066, 4.085141143083743209 ) ) ;
#1147 = ORIENTED_EDGE ( 'NONE', *, *, #3464, .T. ) ;
#1148 = AXIS2_PLACEMENT_3D ( 'NONE', #3784, #3450, #1285 ) ;
#1149 = CARTESIAN_POINT ( 'NONE',  ( -29.96093750000000000, 12.59334046713159871, 4.000000000000000000 ) ) ;
#1150 = CARTESIAN_POINT ( 'NONE',  ( -20.10441493801797108, 24.75000000000000711, 4.500000000000000888 ) ) ;
#1151 = CARTESIAN_POINT ( 'NONE',  ( 29.50000000000000000, -12.39959676763722740, 1.000000000000000000 ) ) ;
#1152 = CARTESIAN_POINT ( 'NONE',  ( 29.54890024989253305, 11.21258239209862850, 5.000000000000000888 ) ) ;
#1153 = CARTESIAN_POINT ( 'NONE',  ( 20.99581086363579274, -24.55763403345136808, 0.4089641661768183001 ) ) ;
#1154 = CARTESIAN_POINT ( 'NONE',  ( 27.24002302631672734, 13.13167489826046186, 0.02579659220758626775 ) ) ;
#1155 = FACE_OUTER_BOUND ( 'NONE', #2338, .T. ) ;
#1156 = VERTEX_POINT ( 'NONE', #1587 ) ;
#1157 = CARTESIAN_POINT ( 'NONE',  ( -20.84362786173813831, 24.75000000000000711, 0.8321538480546232242 ) ) ;
#1158 = CARTESIAN_POINT ( 'NONE',  ( 26.18848871306095205, -6.960297238298286615, 3.234082992058354478 ) ) ;
#1159 = CARTESIAN_POINT ( 'NONE',  ( 20.51764473358657881, 24.75000000000001066, 4.428359891740452525 ) ) ;
#1160 = ADVANCED_FACE ( 'NONE', ( #3979 ), #1600, .F. ) ;
#1161 = EDGE_CURVE ( 'NONE', #3302, #2453, #1496, .T. ) ;
#1162 = DIRECTION ( 'NONE',  ( -0.000000000000000000, -0.000000000000000000, -1.000000000000000000 ) ) ;
#1163 = DIRECTION ( 'NONE',  ( 0.000000000000000000, -0.000000000000000000, -1.000000000000000000 ) ) ;
#1164 = CARTESIAN_POINT ( 'NONE',  ( 20.44793158013167300, 21.17877710858291351, 2.850663928747939835 ) ) ;
#1165 = CARTESIAN_POINT ( 'NONE',  ( 20.23902799180568479, -24.29699686145528759, 9.529120656610875733E-18 ) ) ;
#1166 = CARTESIAN_POINT ( 'NONE',  ( -20.10441493801795687, -24.74999999999999645, 4.500000000000000888 ) ) ;
#1167 = CARTESIAN_POINT ( 'NONE',  ( 30.00000000000000000, -11.18346333191377084, 0.04038500159817175889 ) ) ;
#1168 = CARTESIAN_POINT ( 'NONE',  ( -26.50000000000000355, 12.96148139681572964, 2.500000000000000000 ) ) ;
#1169 = CC_DESIGN_SECURITY_CLASSIFICATION ( #3110, ( #2841 ) ) ;
#1170 = AXIS2_PLACEMENT_3D ( 'NONE', #1277, #979, #3400 ) ;
#1171 = CARTESIAN_POINT ( 'NONE',  ( 27.43952052131793806, -3.106544077090629408, 0.001252496475929620011 ) ) ;
#1172 = DIRECTION ( 'NONE',  ( 0.000000000000000000, 0.000000000000000000, 1.000000000000000000 ) ) ;
#1173 = LINE ( 'NONE', #2752, #247 ) ;
#1174 = CARTESIAN_POINT ( 'NONE',  ( 30.00000000000000000, -12.46351924468799766, 4.192336443667303847 ) ) ;
#1175 = ADVANCED_FACE ( 'NONE', ( #1392 ), #3982, .T. ) ;
#1176 = AXIS2_PLACEMENT_3D ( 'NONE', #957, #1262, #645 ) ;
#1177 = ORIENTED_EDGE ( 'NONE', *, *, #117, .T. ) ;
#1178 = DIRECTION ( 'NONE',  ( 0.000000000000000000, 0.000000000000000000, -1.000000000000000000 ) ) ;
#1179 = LINE ( 'NONE', #3105, #939 ) ;
#1180 = DIRECTION ( 'NONE',  ( 0.000000000000000000, -0.000000000000000000, -1.000000000000000000 ) ) ;
#1181 = ORIENTED_EDGE ( 'NONE', *, *, #1575, .F. ) ;
#1182 = CARTESIAN_POINT ( 'NONE',  ( 20.68831283859231362, -24.45236292180731041, 4.857191932430459325 ) ) ;
#1183 = ORIENTED_EDGE ( 'NONE', *, *, #90, .F. ) ;
#1184 = ORIENTED_EDGE ( 'NONE', *, *, #1040, .F. ) ;
#1185 = CARTESIAN_POINT ( 'NONE',  ( -29.96093750000000000, -12.59334046713157740, 4.000000000000000000 ) ) ;
#1186 = VECTOR ( 'NONE', #3360, 1000.000000000000000 ) ;
#1187 = EDGE_CURVE ( 'NONE', #646, #1406, #3498, .T. ) ;
#1188 = CARTESIAN_POINT ( 'NONE',  ( 20.10441493801797108, 24.75000000000001066, 4.500000000000000888 ) ) ;
#1189 = CALENDAR_DATE ( 2025, 16, 6 ) ;
#1190 = ORIENTED_EDGE ( 'NONE', *, *, #3025, .T. ) ;
#1191 = CARTESIAN_POINT ( 'NONE',  ( -29.99999999999999645, -12.27645308011888403, 4.218547845562963694 ) ) ;
#1192 = CARTESIAN_POINT ( 'NONE',  ( -20.87911636061258847, 24.75000000000000355, 4.000000000000000000 ) ) ;
#1193 = EDGE_CURVE ( 'NONE', #3270, #749, #3477, .T. ) ;
#1194 = CARTESIAN_POINT ( 'NONE',  ( 30.00000000000000355, -11.30084895546334067, 4.494058457873430612 ) ) ;
#1195 = DIRECTION ( 'NONE',  ( 0.000000000000000000, 0.000000000000000000, -1.000000000000000000 ) ) ;
#1196 = CARTESIAN_POINT ( 'NONE',  ( 29.79665097609163027, -12.04747254877979756, 0.2236162914095853882 ) ) ;
#1197 = VERTEX_POINT ( 'NONE', #359 ) ;
#1198 = CARTESIAN_POINT ( 'NONE',  ( -29.99999999999999289, -12.22262369990386865, 4.254857215738486964 ) ) ;
#1199 = ORIENTED_EDGE ( 'NONE', *, *, #1467, .F. ) ;
#1200 = DIRECTION ( 'NONE',  ( 0.000000000000000000, -0.000000000000000000, -1.000000000000000000 ) ) ;
#1201 = ADVANCED_FACE ( 'NONE', ( #479 ), #1601, .T. ) ;
#1202 = EDGE_LOOP ( 'NONE', ( #249, #2341 ) ) ;
#1203 = AXIS2_PLACEMENT_3D ( 'NONE', #3299, #2956, #845 ) ;
#1204 = CARTESIAN_POINT ( 'NONE',  ( -29.99999999999999645, -12.39959676763724339, 3.999999999999998224 ) ) ;
#1205 = CARTESIAN_POINT ( 'NONE',  ( 0.000000000000000000, 0.000000000000000000, 3.500000000000000000 ) ) ;
#1206 = EDGE_CURVE ( 'NONE', #1319, #595, #3283, .T. ) ;
#1207 = CIRCLE ( 'NONE', #3345, 0.5000000000000000000 ) ;
#1208 = CARTESIAN_POINT ( 'NONE',  ( 27.50000000000000711, 0.000000000000000000, 0.000000000000000000 ) ) ;
#1209 = CYLINDRICAL_SURFACE ( 'NONE', #3981, 5.000000000000000888 ) ;
#1210 = CARTESIAN_POINT ( 'NONE',  ( -20.87911636061257425, -24.24999999999999645, 4.000000000000000000 ) ) ;
#1211 = EDGE_CURVE ( 'NONE', #1229, #3302, #375, .T. ) ;
#1212 = CIRCLE ( 'NONE', #1782, 8.000000000000000000 ) ;
#1213 = CARTESIAN_POINT ( 'NONE',  ( -20.63051025135487038, -24.74999999999999645, 4.369456499733924026 ) ) ;
#1214 = CARTESIAN_POINT ( 'NONE',  ( 20.33847919895988454, 24.33171782240518866, -1.235990476633475055E-14 ) ) ;
#1215 = CARTESIAN_POINT ( 'NONE',  ( 20.37359302848288678, 24.34397695890869784, 4.999999999999998224 ) ) ;
#1216 = CARTESIAN_POINT ( 'NONE',  ( 30.00000000000000355, -12.39959676763722740, 4.000000000000000000 ) ) ;
#1217 = ADVANCED_FACE ( 'NONE', ( #920 ), #973, .T. ) ;
#1218 = DIRECTION ( 'NONE',  ( 0.000000000000000000, 1.000000000000000000, 0.000000000000000000 ) ) ;
#1219 = B_SPLINE_CURVE_WITH_KNOTS ( 'NONE', 3,
 ( #2348, #1436, #3010, #2966, #3626, #2085, #4014, #3161, #3551, #2421, #2172, #250, #2763, #2459, #2738, #1529 ),
 .UNSPECIFIED., .F., .F.,
 ( 4, 2, 2, 2, 2, 2, 2, 4 ),
 ( -1.072135294866511606E-05, 0.0009738045348021535062, 0.001958330422552972093, 0.002450593366428381169, 0.002942856310303790680, 0.003435119254179200190, 0.003681250726116905812, 0.003927382198054611868 ),
 .UNSPECIFIED. ) ;
#1220 = CARTESIAN_POINT ( 'NONE',  ( -20.33847919895997336, 24.33171782240558656, 5.000000000000013323 ) ) ;
#1221 = FACE_OUTER_BOUND ( 'NONE', #463, .T. ) ;
#1222 = VERTEX_POINT ( 'NONE', #407 ) ;
#1223 = AXIS2_PLACEMENT_3D ( 'NONE', #2658, #2342, #3568 ) ;
#1224 = CARTESIAN_POINT ( 'NONE',  ( -20.18908592351885289, -24.74999999999999645, 4.499999999665222461 ) ) ;
#1225 = CARTESIAN_POINT ( 'NONE',  ( 20.10441493801797108, 24.25000000000001066, -1.235990476633475055E-14 ) ) ;
#1226 = EDGE_LOOP ( 'NONE', ( #3595, #2812, #160, #932 ) ) ;
#1227 = DIRECTION ( 'NONE',  ( 1.000000000000000000, 0.000000000000000000, 0.000000000000000000 ) ) ;
#1228 = ORIENTED_EDGE ( 'NONE', *, *, #2123, .T. ) ;
#1229 = VERTEX_POINT ( 'NONE', #431 ) ;
#1230 = CARTESIAN_POINT ( 'NONE',  ( -20.73724113122343482, -24.74999999999999645, 4.298911637765344018 ) ) ;
#1231 = AXIS2_PLACEMENT_3D ( 'NONE', #1058, #433, #144 ) ;
#1232 = ORIENTED_EDGE ( 'NONE', *, *, #3464, .F. ) ;
#1233 = EDGE_LOOP ( 'NONE', ( #291, #2168, #516, #843 ) ) ;
#1234 = CARTESIAN_POINT ( 'NONE',  ( -20.10441493801797463, 24.75000000000000355, 4.500000000000012434 ) ) ;
#1235 = FACE_OUTER_BOUND ( 'NONE', #541, .T. ) ;
#1236 = ORIENTED_EDGE ( 'NONE', *, *, #2833, .F. ) ;
#1237 = EDGE_CURVE ( 'NONE', #980, #844, #2034, .T. ) ;
#1238 = ADVANCED_FACE ( 'NONE', ( #2843 ), #3870, .F. ) ;
#1239 = VERTEX_POINT ( 'NONE', #344 ) ;
#1240 = CARTESIAN_POINT ( 'NONE',  ( -20.00000000000000000, 0.000000000000000000, 0.000000000000000000 ) ) ;
#1241 = CARTESIAN_POINT ( 'NONE',  ( -20.10441493801795687, -24.74999999999999645, 4.500000000000000888 ) ) ;
#1242 = DIRECTION ( 'NONE',  ( -0.000000000000000000, -1.000000000000000000, -0.000000000000000000 ) ) ;
#1243 = VERTEX_POINT ( 'NONE', #3171 ) ;
#1244 = ORIENTED_EDGE ( 'NONE', *, *, #770, .F. ) ;
#1245 = CARTESIAN_POINT ( 'NONE',  ( -20.00000000000000000, 0.000000000000000000, 0.000000000000000000 ) ) ;
#1246 = CIRCLE ( 'NONE', #896, 31.50000000000000000 ) ;
#1247 = CARTESIAN_POINT ( 'NONE',  ( 30.00000000000000711, 11.55539428698874360, 4.478718117509919772 ) ) ;
#1248 = DIRECTION ( 'NONE',  ( -0.000000000000000000, 0.000000000000000000, 1.000000000000000000 ) ) ;
#1249 = FACE_OUTER_BOUND ( 'NONE', #2491, .T. ) ;
#1250 = AXIS2_PLACEMENT_3D ( 'NONE', #230, #190, #2354 ) ;
#1251 = CARTESIAN_POINT ( 'NONE',  ( -29.96093749999999645, -12.59334046713157385, 3.999999999999996447 ) ) ;
#1252 = CARTESIAN_POINT ( 'NONE',  ( -30.00000000000000000, 12.39959676763726826, 4.065456595786081984 ) ) ;
#1253 = CARTESIAN_POINT ( 'NONE',  ( 0.000000000000000000, 1.040834085586084257E-14, 5.000000000000000000 ) ) ;
#1254 = CARTESIAN_POINT ( 'NONE',  ( 0.000000000000000000, 1.040834085586084257E-14, 0.000000000000000000 ) ) ;
#1255 = CARTESIAN_POINT ( 'NONE',  ( 29.50000000000000355, -11.04536101718724339, 0.000000000000000000 ) ) ;
#1256 = EDGE_CURVE ( 'NONE', #759, #452, #708, .T. ) ;
#1257 = CIRCLE ( 'NONE', #1148, 2.249999999999999556 ) ;
#1258 = CARTESIAN_POINT ( 'NONE',  ( -29.99999999999999645, -11.04536101718726471, 4.500000000000000888 ) ) ;
#1259 = CARTESIAN_POINT ( 'NONE',  ( -25.75969185125223859, -12.78901607132031160, 3.474272623895543699 ) ) ;
#1260 = CARTESIAN_POINT ( 'NONE',  ( 20.54125001982580301, 24.75000000000001066, 0.1821452608035210030 ) ) ;
#1261 = CARTESIAN_POINT ( 'NONE',  ( -29.99999999999999645, 11.04536101718727537, 0.5000000000000000000 ) ) ;
#1262 = DIRECTION ( 'NONE',  ( 0.000000000000000000, 0.000000000000000000, -1.000000000000000000 ) ) ;
#1263 = AXIS2_PLACEMENT_3D ( 'NONE', #3785, #65, #694 ) ;
#1264 = FACE_OUTER_BOUND ( 'NONE', #1226, .T. ) ;
#1265 = ORIENTED_EDGE ( 'NONE', *, *, #3587, .T. ) ;
#1266 = TOROIDAL_SURFACE ( 'NONE', #48, 30.50000000000000355, 1.000000000000000000 ) ;
#1267 = ORIENTED_EDGE ( 'NONE', *, *, #3556, .T. ) ;
#1268 = CARTESIAN_POINT ( 'NONE',  ( -21.20535255374716144, 24.62890625000000711, 4.000000000000000000 ) ) ;
#1269 = ORIENTED_EDGE ( 'NONE', *, *, #162, .F. ) ;
#1270 = CARTESIAN_POINT ( 'NONE',  ( -20.33016662511608885, -24.74999999999999645, 0.08767676802140106362 ) ) ;
#1271 = ORIENTED_EDGE ( 'NONE', *, *, #2858, .F. ) ;
#1272 = VECTOR ( 'NONE', #2404, 1000.000000000000000 ) ;
#1273 = CARTESIAN_POINT ( 'NONE',  ( -27.50000000000000355, -13.19090595827291068, 0.000000000000000000 ) ) ;
#1274 = APPLICATION_CONTEXT ( 'configuration controlled 3d designs of mechanical parts and assemblies' ) ;
#1275 = CARTESIAN_POINT ( 'NONE',  ( -29.74152096264321798, 11.86300061458095456, 0.1367874314099846167 ) ) ;
#1276 = COORDINATED_UNIVERSAL_TIME_OFFSET ( 8, 0, .AHEAD. ) ;
#1277 = CARTESIAN_POINT ( 'NONE',  ( 0.000000000000000000, 1.040834085586084257E-14, 5.000000000000000000 ) ) ;
#1278 = ORIENTED_EDGE ( 'NONE', *, *, #792, .T. ) ;
#1279 = DIRECTION ( 'NONE',  ( 1.000000000000000000, 0.000000000000000000, 0.000000000000000000 ) ) ;
#1280 = EDGE_CURVE ( 'NONE', #1677, #3745, #2609, .T. ) ;
#1281 = ORIENTED_EDGE ( 'NONE', *, *, #3074, .F. ) ;
#1282 = CARTESIAN_POINT ( 'NONE',  ( -29.79741824774064796, 12.05003766322124115, 0.2248907862813894487 ) ) ;
#1283 = VERTEX_POINT ( 'NONE', #3481 ) ;
#1284 = EDGE_CURVE ( 'NONE', #1914, #1156, #3730, .T. ) ;
#1285 = DIRECTION ( 'NONE',  ( 1.000000000000000000, 0.000000000000000000, 0.000000000000000000 ) ) ;
#1286 = CARTESIAN_POINT ( 'NONE',  ( -20.10441493801796042, -24.74999999999999645, -1.301042606982605321E-15 ) ) ;
#1287 = CARTESIAN_POINT ( 'NONE',  ( 30.00000000000000000, 11.18346333191386321, 4.959614998402368080 ) ) ;
#1288 = CARTESIAN_POINT ( 'NONE',  ( 30.00000000000000355, -12.49999999999998934, 4.500000000000000888 ) ) ;
#1289 = DIRECTION ( 'NONE',  ( -0.000000000000000000, -0.000000000000000000, 1.000000000000000000 ) ) ;
#1290 = ORIENTED_EDGE ( 'NONE', *, *, #3180, .T. ) ;
#1291 = CARTESIAN_POINT ( 'NONE',  ( 20.45314835661670827, -21.20543253047505772, 2.782610025881871785 ) ) ;
#1292 = B_SPLINE_CURVE_WITH_KNOTS ( 'NONE', 3,
 ( #2635, #1733, #173, #486, #2846, #1636, #2256, #387 ),
 .UNSPECIFIED., .F., .F.,
 ( 4, 2, 2, 4 ),
 ( 0.000000000000000000, 0.0005065301348859454480, 0.0007597952023289181178, 0.001013060269771890896 ),
 .UNSPECIFIED. ) ;
#1293 = CIRCLE ( 'NONE', #1097, 32.50000000000000000 ) ;
#1294 =( BOUNDED_SURFACE ( )  B_SPLINE_SURFACE ( 3, 2, ( 
 ( #1804, #2949, #3959 ),
 ( #3268, #3293, #2407 ),
 ( #3628, #2365, #2655 ),
 ( #2104, #1139, #1438 ),
 ( #2999, #3281, #1153 ),
 ( #197, #238, #511 ),
 ( #1109, #2669, #837 ),
 ( #1412, #1745, #822 ),
 ( #2983, #2643, #2045 ),
 ( #1788, #3928, #214 ),
 ( #2379, #524, #3312 ),
 ( #185, #2088, #227 ) ),
 .UNSPECIFIED., .F., .F., .T. ) 
 B_SPLINE_SURFACE_WITH_KNOTS ( ( 4, 2, 2, 2, 2, 4 ),
 ( 3, 3 ),
 ( 0.001242592985364997541, 0.001493387701864380083, 0.001618785060114071462, 0.001744182418363762841, 0.001994977134863145599, 0.002245771851362528358 ),
 ( 0.000000000000000000, 1.000000000000000000 ),
 .UNSPECIFIED. ) 
 GEOMETRIC_REPRESENTATION_ITEM ( )  RATIONAL_B_SPLINE_SURFACE ( (
 ( 1.000000000000000000, 0.9375000000000004441, 1.000000000000000000),
 ( 1.000000000000000000, 0.9376738745074035819, 1.000000000000000000),
 ( 1.000000000000000000, 0.9283529711568060394, 1.000000000000000000),
 ( 1.000000000000000000, 0.9071426659871725251, 1.000000000000000000),
 ( 1.000000000000000000, 0.8987311103604219698, 1.000000000000000000),
 ( 1.000000000000000000, 0.8804446648169285128, 1.000000000000000000),
 ( 1.000000000000000000, 0.8705309043490401244, 1.000000000000000000),
 ( 1.000000000000000000, 0.8386399646636292227, 1.000000000000000000),
 ( 1.000000000000000000, 0.8149489645264372806, 1.000000000000000000),
 ( 1.000000000000000000, 0.7641231362947330519, 1.000000000000000000),
 ( 1.000000000000000000, 0.7365260871199427184, 1.000000000000000000),
 ( 1.000000000000000000, 0.7071067811865475727, 1.000000000000000000) ) ) 
 REPRESENTATION_ITEM ( '' )  SURFACE ( )  );
#1295 = AXIS2_PLACEMENT_3D ( 'NONE', #3874, #1749, #2049 ) ;
#1296 = DIRECTION ( 'NONE',  ( -1.000000000000000000, 0.000000000000000000, 0.000000000000000000 ) ) ;
#1297 = DIRECTION ( 'NONE',  ( 0.000000000000000000, 0.000000000000000000, -1.000000000000000000 ) ) ;
#1298 = CYLINDRICAL_SURFACE ( 'NONE', #3613, 2.249999999999993783 ) ;
#1299 = CARTESIAN_POINT ( 'NONE',  ( -20.21713667234311984, -24.74999999999999645, 0.03935404698749671304 ) ) ;
#1300 = CIRCLE ( 'NONE', #3522, 2.249999999999999556 ) ;
#1301 = CARTESIAN_POINT ( 'NONE',  ( 29.96093750000000355, 12.59334046713157740, 4.000000000000001776 ) ) ;
#1302 = AXIS2_PLACEMENT_3D ( 'NONE', #2239, #2272, #370 ) ;
#1303 = SECURITY_CLASSIFICATION_LEVEL ( 'unclassified' ) ;
#1304 = CARTESIAN_POINT ( 'NONE',  ( -27.37418604915540143, -3.428079150478093862, 0.004833972191817265812 ) ) ;
#1305 = CARTESIAN_POINT ( 'NONE',  ( -29.99999999999999645, -12.50040619033529232, 0.8983864830710143190 ) ) ;
#1306 = CARTESIAN_POINT ( 'NONE',  ( -4.414213562373094035, 5.405852509913045454E-16, 5.000000000000000000 ) ) ;
#1307 = CIRCLE ( 'NONE', #2664, 1.000000000000000000 ) ;
#1308 = CARTESIAN_POINT ( 'NONE',  ( -29.99999999999999645, 12.39959667313423530, 0.9330253887083611586 ) ) ;
#1309 = EDGE_CURVE ( 'NONE', #1360, #1092, #382, .T. ) ;
#1310 = DIRECTION ( 'NONE',  ( -1.000000000000000000, 0.000000000000000000, 0.000000000000000000 ) ) ;
#1311 = CARTESIAN_POINT ( 'NONE',  ( -20.00000000000000000, 0.000000000000000000, 2.500000000000000000 ) ) ;
#1312 = CARTESIAN_POINT ( 'NONE',  ( 26.88981465005006299, -13.05141153591324432, 0.1971028252143247894 ) ) ;
#1313 = CARTESIAN_POINT ( 'NONE',  ( 29.99999999999999645, 12.36985611482600689, 4.338919097244130718 ) ) ;
#1314 = CYLINDRICAL_SURFACE ( 'NONE', #3458, 0.5000000000000004441 ) ;
#1315 = DIRECTION ( 'NONE',  ( -1.156482317317873944E-16, 1.000000000000000000, 0.000000000000000000 ) ) ;
#1316 = VERTEX_POINT ( 'NONE', #2570 ) ;
#1317 = CARTESIAN_POINT ( 'NONE',  ( -29.99999999999999645, -12.39959676763723628, 1.000000000000001332 ) ) ;
#1318 = CARTESIAN_POINT ( 'NONE',  ( -26.47909200665550600, 6.277176924157109816, 2.723054984720213234 ) ) ;
#1319 = VERTEX_POINT ( 'NONE', #2876 ) ;
#1320 = EDGE_LOOP ( 'NONE', ( #2640, #171, #2577, #2817 ) ) ;
#1321 = AXIS2_PLACEMENT_3D ( 'NONE', #546, #574, #1813 ) ;
#1322 = CARTESIAN_POINT ( 'NONE',  ( 0.000000000000000000, 1.040834085586084257E-14, 0.000000000000000000 ) ) ;
#1323 = B_SPLINE_CURVE_WITH_KNOTS ( 'NONE', 3,
 ( #145, #461, #1088, #1388, #2026, #163, #2944, #3260, #2399, #2714 ),
 .UNSPECIFIED., .F., .F.,
 ( 4, 2, 2, 2, 4 ),
 ( 0.000000000000000000, 0.0001936245075781775019, 0.0003872490151563550038, 0.0007744980303127100077, 0.001548996060625420015 ),
 .UNSPECIFIED. ) ;
#1324 = DIRECTION ( 'NONE',  ( 1.000000000000000000, -1.776356839400250465E-15, 0.000000000000000000 ) ) ;
#1325 = ORIENTED_EDGE ( 'NONE', *, *, #2531, .F. ) ;
#1326 = VERTEX_POINT ( 'NONE', #3816 ) ;
#1327 = CARTESIAN_POINT ( 'NONE',  ( 30.00000000000000355, 12.04992786487459000, 0.6511067329662703074 ) ) ;
#1328 = AXIS2_PLACEMENT_3D ( 'NONE', #3804, #2206, #2561 ) ;
#1329 = EDGE_LOOP ( 'NONE', ( #1723, #2625, #1095, #3209 ) ) ;
#1330 = CARTESIAN_POINT ( 'NONE',  ( -29.99999999999999289, 11.30171898403669140, 4.500000000000000000 ) ) ;
#1331 = CARTESIAN_POINT ( 'NONE',  ( -27.49999999999999645, -2.783882181415024082, 0.000000000000000000 ) ) ;
#1332 = CARTESIAN_POINT ( 'NONE',  ( 2.249999999999999556, 0.000000000000000000, 3.249999999999999556 ) ) ;
#1333 = ORIENTED_EDGE ( 'NONE', *, *, #3643, .T. ) ;
#1334 = EDGE_CURVE ( 'NONE', #1586, #1124, #922, .T. ) ;
#1335 = DIRECTION ( 'NONE',  ( 0.000000000000000000, -0.000000000000000000, -1.000000000000000000 ) ) ;
#1336 = CARTESIAN_POINT ( 'NONE',  ( -29.91773927310815040, 12.45027225424096784, 0.5629043460893942141 ) ) ;
#1337 = EDGE_LOOP ( 'NONE', ( #3555, #3181, #1716, #1085, #1775, #1417, #1515, #21 ) ) ;
#1338 = CARTESIAN_POINT ( 'NONE',  ( -29.99999999999999645, -12.39959676763724516, 1.000000000000000000 ) ) ;
#1339 = EDGE_CURVE ( 'NONE', #2440, #393, #3100, .T. ) ;
#1340 = ORIENTED_EDGE ( 'NONE', *, *, #3147, .T. ) ;
#1341 = CARTESIAN_POINT ( 'NONE',  ( 30.00000000000000355, 11.73371889684596248, 0.2361292648803332006 ) ) ;
#1342 = DIRECTION ( 'NONE',  ( -1.000000000000000000, 0.000000000000000000, 0.000000000000000000 ) ) ;
#1343 = CARTESIAN_POINT ( 'NONE',  ( -29.99999999999999645, -12.36522254094959017, 0.8749268778414995840 ) ) ;
#1344 = DIRECTION ( 'NONE',  ( -1.000000000000000000, 0.000000000000000000, 0.000000000000000000 ) ) ;
#1345 = CARTESIAN_POINT ( 'NONE',  ( -21.20535255374715078, -24.62890625000000355, 4.000000000000000000 ) ) ;
#1346 =( BOUNDED_SURFACE ( )  B_SPLINE_SURFACE ( 3, 2, ( 
 ( #2133, #263, #881 ),
 ( #607, #299, #894 ),
 ( #4025, #3985, #1194 ),
 ( #2749, #2468, #3041 ),
 ( #619, #3337, #3055 ),
 ( #1542, #3349, #2776 ),
 ( #1829, #930, #908 ),
 ( #3369, #248, #576 ),
 ( #1497, #3672, #287 ),
 ( #2737, #1174, #2431 ),
 ( #2761, #3714, #1484 ),
 ( #3070, #1512, #1216 ) ),
 .UNSPECIFIED., .F., .F., .F. ) 
 B_SPLINE_SURFACE_WITH_KNOTS ( ( 4, 2, 2, 2, 2, 4 ),
 ( 3, 3 ),
 ( 0.001008446055696983782, 0.001389861523683815110, 0.001771276991670646655, 0.002152692459657478199, 0.002343400193650893755, 0.002534107927644309744 ),
 ( 0.000000000000000000, 1.000000000000000000 ),
 .UNSPECIFIED. ) 
 GEOMETRIC_REPRESENTATION_ITEM ( )  RATIONAL_B_SPLINE_SURFACE ( (
 ( 1.000000000000000000, 0.7071067811865475727, 1.000000000000000000),
 ( 1.000000000000000000, 0.7368680310427609959, 1.000000000000000000),
 ( 1.000000000000000000, 0.7649020750436589244, 1.000000000000000000),
 ( 1.000000000000000000, 0.8183595106426696519, 1.000000000000000000),
 ( 1.000000000000000000, 0.8437884055429868413, 1.000000000000000000),
 ( 1.000000000000000000, 0.8924267773074546772, 1.000000000000000000),
 ( 1.000000000000000000, 0.9161278180223129119, 1.000000000000000000),
 ( 1.000000000000000000, 0.9476976633453529919, 1.000000000000000000),
 ( 1.000000000000000000, 0.9577228570534644936, 1.000000000000000000),
 ( 1.000000000000000000, 0.9740390116809851673, 1.000000000000000000),
 ( 1.000000000000000000, 0.9802769051502022712, 1.000000000000000000),
 ( 1.000000000000000000, 0.9802741963348827747, 1.000000000000000000) ) ) 
 REPRESENTATION_ITEM ( '' )  SURFACE ( )  );
#1347 = CARTESIAN_POINT ( 'NONE',  ( -14.00000000000000000, 0.000000000000000000, 1.000000000000000000 ) ) ;
#1348 = CARTESIAN_POINT ( 'NONE',  ( 20.57704469101289746, 21.85243048746089656, 0.08740734345540117356 ) ) ;
#1349 = AXIS2_PLACEMENT_3D ( 'NONE', #696, #1020, #3183 ) ;
#1350 = CARTESIAN_POINT ( 'NONE',  ( 20.10441493801797108, 24.25000000000001066, 4.500000000000000888 ) ) ;
#1351 = CARTESIAN_POINT ( 'NONE',  ( 27.37141016041161734, -13.16165848194014742, -5.015442563508426416E-34 ) ) ;
#1352 = CARTESIAN_POINT ( 'NONE',  ( -29.99999999999999645, -11.30171898403668429, 0.4999999999999998890 ) ) ;
#1353 = CARTESIAN_POINT ( 'NONE',  ( -27.13434969559087406, -4.379548273965423455, 0.06333362659803699890 ) ) ;
#1354 = ADVANCED_FACE ( 'NONE', ( #1809 ), #821, .T. ) ;
#1355 = CARTESIAN_POINT ( 'NONE',  ( 25.99851580907760962, 12.84491633765406959, 3.376428884674605779 ) ) ;
#1356 = DIRECTION ( 'NONE',  ( 0.000000000000000000, -1.000000000000000000, 0.000000000000000000 ) ) ;
#1357 = EDGE_CURVE ( 'NONE', #2311, #307, #2704, .T. ) ;
#1358 = FACE_OUTER_BOUND ( 'NONE', #2250, .T. ) ;
#1359 = CARTESIAN_POINT ( 'NONE',  ( 26.50000000000000711, -6.224949798994359185, 2.500000000000000000 ) ) ;
#1360 = VERTEX_POINT ( 'NONE', #799 ) ;
#1361 = ORIENTED_EDGE ( 'NONE', *, *, #1588, .T. ) ;
#1362 = ORIENTED_EDGE ( 'NONE', *, *, #3511, .T. ) ;
#1363 = DIRECTION ( 'NONE',  ( 0.000000000000000000, -1.000000000000000000, 0.000000000000000000 ) ) ;
#1364 = CARTESIAN_POINT ( 'NONE',  ( 0.000000000000000000, 1.040834085586084257E-14, 0.000000000000000000 ) ) ;
#1365 = VERTEX_POINT ( 'NONE', #2849 ) ;
#1366 = CARTESIAN_POINT ( 'NONE',  ( 26.50000000000001421, 12.96148139681572076, 2.633857850261801747 ) ) ;
#1367 = ORIENTED_EDGE ( 'NONE', *, *, #3305, .T. ) ;
#1368 = FACE_OUTER_BOUND ( 'NONE', #2070, .T. ) ;
#1369 = COORDINATED_UNIVERSAL_TIME_OFFSET ( 8, 0, .AHEAD. ) ;
#1370 = AXIS2_PLACEMENT_3D ( 'NONE', #1886, #1289, #3461 ) ;
#1371 = ORIENTED_EDGE ( 'NONE', *, *, #613, .F. ) ;
#1372 = ORIENTED_EDGE ( 'NONE', *, *, #1456, .T. ) ;
#1373 = DIRECTION ( 'NONE',  ( -1.000000000000000000, 0.000000000000000000, 0.000000000000000000 ) ) ;
#1374 = AXIS2_PLACEMENT_3D ( 'NONE', #2802, #944, #3725 ) ;
#1375 = CARTESIAN_POINT ( 'NONE',  ( 29.50000000000000355, 11.04536101718726471, 5.000000000000000000 ) ) ;
#1376 = VERTEX_POINT ( 'NONE', #2971 ) ;
#1377 = DIRECTION ( 'NONE',  ( 0.000000000000000000, 0.000000000000000000, -1.000000000000000000 ) ) ;
#1378 = CARTESIAN_POINT ( 'NONE',  ( -20.47566138080548725, -21.32092699421187731, 0.6500399815109615398 ) ) ;
#1379 = CARTESIAN_POINT ( 'NONE',  ( 20.00000000000000000, 0.000000000000000000, 0.000000000000000000 ) ) ;
#1380 = ORIENTED_EDGE ( 'NONE', *, *, #37, .F. ) ;
#1381 = EDGE_CURVE ( 'NONE', #560, #1197, #3434, .T. ) ;
#1382 = DIRECTION ( 'NONE',  ( 0.000000000000000000, 0.000000000000000000, -1.000000000000000000 ) ) ;
#1383 = CARTESIAN_POINT ( 'NONE',  ( 0.000000000000000000, -72.30205676561914174, 2.500000000000000000 ) ) ;
#1384 = VERTEX_POINT ( 'NONE', #1375 ) ;
#1385 = EDGE_CURVE ( 'NONE', #3126, #1406, #92, .T. ) ;
#1386 = CARTESIAN_POINT ( 'NONE',  ( 0.000000000000000000, 0.000000000000000000, 5.000000000000000000 ) ) ;
#1387 = CARTESIAN_POINT ( 'NONE',  ( 21.20535255374715078, -24.62890625000000000, 1.000000000000000000 ) ) ;
#1388 = CARTESIAN_POINT ( 'NONE',  ( 30.00000000000000000, 12.27616097037310183, 0.7811999745062511158 ) ) ;
#1389 = FACE_OUTER_BOUND ( 'NONE', #1589, .T. ) ;
#1390 = ADVANCED_FACE ( 'NONE', ( #3389 ), #136, .T. ) ;
#1391 = CC_DESIGN_APPROVAL ( #22, ( #776 ) ) ;
#1392 = FACE_OUTER_BOUND ( 'NONE', #978, .T. ) ;
#1393 = VECTOR ( 'NONE', #3051, 1000.000000000000000 ) ;
#1394 = CARTESIAN_POINT ( 'NONE',  ( -20.42817875919963910, -21.07832560840044778, 3.039806572120651307 ) ) ;
#1395 = CARTESIAN_POINT ( 'NONE',  ( 20.40921417098565982, 20.98241266425526064, 3.149940684920321754 ) ) ;
#1396 = DIRECTION ( 'NONE',  ( -0.000000000000000000, 0.000000000000000000, 1.000000000000000000 ) ) ;
#1397 = AXIS2_PLACEMENT_3D ( 'NONE', #1899, #3709, #283 ) ;
#1398 = CIRCLE ( 'NONE', #935, 28.50000000000000000 ) ;
#1399 = CARTESIAN_POINT ( 'NONE',  ( -29.99999999999999645, -12.39959676763724516, 5.000000000000000000 ) ) ;
#1400 = CARTESIAN_POINT ( 'NONE',  ( -27.50000000000000355, 0.000000000000000000, 0.000000000000000000 ) ) ;
#1401 = CARTESIAN_POINT ( 'NONE',  ( 30.00000000000000355, 12.39959676763724516, 5.000000000000000000 ) ) ;
#1402 = DIRECTION ( 'NONE',  ( -0.000000000000000000, 0.000000000000000000, 1.000000000000000000 ) ) ;
#1403 = EDGE_CURVE ( 'NONE', #3126, #2203, #41, .T. ) ;
#1404 = DIRECTION ( 'NONE',  ( -0.000000000000000000, -0.000000000000000000, -1.000000000000000000 ) ) ;
#1405 = CIRCLE ( 'NONE', #53, 9.000000000000000000 ) ;
#1406 = VERTEX_POINT ( 'NONE', #159 ) ;
#1407 = CARTESIAN_POINT ( 'NONE',  ( 29.69462180558347342, -11.70557064344457743, 0.08505026361276803171 ) ) ;
#1408 = CARTESIAN_POINT ( 'NONE',  ( -29.94868556131175197, 12.55281203245870003, 4.251679593060474716 ) ) ;
#1409 = CARTESIAN_POINT ( 'NONE',  ( 29.92223144647000765, 12.46517063472463249, 4.410972538273606247 ) ) ;
#1410 = ADVANCED_FACE ( 'NONE', ( #430 ), #2892, .F. ) ;
#1411 = ORIENTED_EDGE ( 'NONE', *, *, #226, .T. ) ;
#1412 = CARTESIAN_POINT ( 'NONE',  ( 20.51824091326730581, -24.74999999999998934, 0.5718648080194415062 ) ) ;
#1413 = ORIENTED_EDGE ( 'NONE', *, *, #747, .F. ) ;
#1414 = VERTEX_POINT ( 'NONE', #2610 ) ;
#1415 = DIRECTION ( 'NONE',  ( 7.008983741320432232E-17, 1.000000000000000000, 0.000000000000000000 ) ) ;
#1416 = PERSON_AND_ORGANIZATION ( #1854, #3122 ) ;
#1417 = ORIENTED_EDGE ( 'NONE', *, *, #2754, .T. ) ;
#1418 = VERTEX_POINT ( 'NONE', #3554 ) ;
#1419 = DIRECTION ( 'NONE',  ( 0.000000000000000000, 0.000000000000000000, -1.000000000000000000 ) ) ;
#1420 = DIRECTION ( 'NONE',  ( -0.000000000000000000, -1.000000000000000000, -0.000000000000000000 ) ) ;
#1421 = ORIENTED_EDGE ( 'NONE', *, *, #2606, .T. ) ;
#1422 = CARTESIAN_POINT ( 'NONE',  ( -21.20535255374715078, -24.62890625000000355, 4.000000000000000000 ) ) ;
#1423 = CARTESIAN_POINT ( 'NONE',  ( -29.99999999999999645, 12.22002045158340877, 4.256560851958457015 ) ) ;
#1424 = ORIENTED_EDGE ( 'NONE', *, *, #817, .F. ) ;
#1425 = CARTESIAN_POINT ( 'NONE',  ( 21.20535255374720407, -24.62890625000000000, 0.8569227328534583243 ) ) ;
#1426 = DIRECTION ( 'NONE',  ( -1.000000000000000000, -1.156482317317871478E-16, 0.000000000000000000 ) ) ;
#1427 = CARTESIAN_POINT ( 'NONE',  ( 27.37141016041161734, 13.16165848194017052, -5.015442563508426416E-34 ) ) ;
#1428 = EDGE_LOOP ( 'NONE', ( #1362, #2347, #2394, #3558 ) ) ;
#1429 = AXIS2_PLACEMENT_3D ( 'NONE', #1979, #3243, #410 ) ;
#1430 = DIRECTION ( 'NONE',  ( -1.000000000000000000, 0.000000000000000000, 0.000000000000000000 ) ) ;
#1431 = DIRECTION ( 'NONE',  ( -0.000000000000000000, -0.000000000000000000, -1.000000000000000000 ) ) ;
#1432 = CARTESIAN_POINT ( 'NONE',  ( -20.10441493801797819, 24.75000000000000355, 0.5000000000000000000 ) ) ;
#1433 = CIRCLE ( 'NONE', #2673, 29.50000000000000355 ) ;
#1434 = CARTESIAN_POINT ( 'NONE',  ( -29.94885969737008935, -12.55338806884034497, 4.249942349448511791 ) ) ;
#1435 = CARTESIAN_POINT ( 'NONE',  ( -29.99999999999999645, 12.39959676763725760, 3.999999999999999112 ) ) ;
#1436 = CARTESIAN_POINT ( 'NONE',  ( -27.44187975448155470, 3.106869897831098459, 1.905824131322174993E-18 ) ) ;
#1437 = LINE ( 'NONE', #2522, #4020 ) ;
#1438 = CARTESIAN_POINT ( 'NONE',  ( 21.04047767382188638, -24.57285780126418118, 0.4681399946967634285 ) ) ;
#1439 = CARTESIAN_POINT ( 'NONE',  ( -26.50000000000000355, 12.96148139681572964, 1.000000000000000000 ) ) ;
#1440 = DIRECTION ( 'NONE',  ( 1.000000000000000000, 0.000000000000000000, 0.000000000000000000 ) ) ;
#1441 = CARTESIAN_POINT ( 'NONE',  ( -20.27254866874655193, 24.75000000000000355, 0.5085545142177999578 ) ) ;
#1442 = CARTESIAN_POINT ( 'NONE',  ( 0.000000000000000000, 72.30205676561918438, 1.000000000000000000 ) ) ;
#1443 = CARTESIAN_POINT ( 'NONE',  ( 20.63803728992242625, 24.75000000000001066, 4.733148368866891609 ) ) ;
#1444 = VECTOR ( 'NONE', #3230, 1000.000000000000000 ) ;
#1445 = PRODUCT_RELATED_PRODUCT_CATEGORY ( 'detail', '', ( #2820 ) ) ;
#1446 = EDGE_CURVE ( 'NONE', #502, #2980, #1856, .T. ) ;
#1447 = CARTESIAN_POINT ( 'NONE',  ( -29.49999999999999645, 11.04536101718728780, 5.000000000000000000 ) ) ;
#1448 = CARTESIAN_POINT ( 'NONE',  ( 15.00000000000000000, 0.000000000000000000, 2.000000000000000000 ) ) ;
#1449 = DIRECTION ( 'NONE',  ( 0.000000000000000000, 0.000000000000000000, 1.000000000000000000 ) ) ;
#1450 = CARTESIAN_POINT ( 'NONE',  ( 0.000000000000000000, 1.040834085586084257E-14, 5.000000000000000000 ) ) ;
#1451 = ADVANCED_FACE ( 'NONE', ( #2998 ), #3861, .F. ) ;
#1452 = AXIS2_PLACEMENT_3D ( 'NONE', #3632, #3888, #2064 ) ;
#1453 = DIRECTION ( 'NONE',  ( -1.000000000000000000, 0.000000000000000000, 0.000000000000000000 ) ) ;
#1454 = LINE ( 'NONE', #1400, #929 ) ;
#1455 = DIRECTION ( 'NONE',  ( 0.000000000000000000, 0.000000000000000000, -1.000000000000000000 ) ) ;
#1456 = EDGE_CURVE ( 'NONE', #1866, #1418, #3338, .T. ) ;
#1457 = CARTESIAN_POINT ( 'NONE',  ( -20.84391318504275503, 24.75000000000000355, 0.8326456384178180237 ) ) ;
#1458 = ORIENTED_EDGE ( 'NONE', *, *, #1309, .T. ) ;
#1459 = ORIENTED_EDGE ( 'NONE', *, *, #3486, .F. ) ;
#1460 = ORIENTED_EDGE ( 'NONE', *, *, #3619, .T. ) ;
#1461 = COORDINATED_UNIVERSAL_TIME_OFFSET ( 8, 0, .AHEAD. ) ;
#1462 = CARTESIAN_POINT ( 'NONE',  ( -29.74166611737319244, 11.86348673549393062, 4.863005601350619322 ) ) ;
#1463 = DIRECTION ( 'NONE',  ( -1.000000000000000000, 0.000000000000000000, 0.000000000000000000 ) ) ;
#1464 = EDGE_LOOP ( 'NONE', ( #3773, #317, #2686, #3247 ) ) ;
#1465 = CARTESIAN_POINT ( 'NONE',  ( -29.99999999999999645, 12.27481605397407272, 4.219917140448252724 ) ) ;
#1466 = EDGE_LOOP ( 'NONE', ( #1372, #222, #167, #356, #3404, #803, #2484, #2005, #2769, #1475, #3076, #3651, #1267 ) ) ;
#1467 = EDGE_CURVE ( 'NONE', #1222, #2103, #877, .T. ) ;
#1468 = FACE_OUTER_BOUND ( 'NONE', #2110, .T. ) ;
#1469 = DIRECTION ( 'NONE',  ( -0.000000000000000000, -0.000000000000000000, -1.000000000000000000 ) ) ;
#1470 = UNCERTAINTY_MEASURE_WITH_UNIT (LENGTH_MEASURE( 1.000000000000000082E-05 ), #657, 'distance_accuracy_value', 'NONE');
#1471 = CYLINDRICAL_SURFACE ( 'NONE', #3395, 0.5000000000000004441 ) ;
#1472 = CARTESIAN_POINT ( 'NONE',  ( -26.50000000000000711, -12.96148139681571010, 0.8662132193936289415 ) ) ;
#1473 = CARTESIAN_POINT ( 'NONE',  ( 29.89838505299280413, -12.38606864733275970, 0.4882486738966576589 ) ) ;
#1474 = ORIENTED_EDGE ( 'NONE', *, *, #1135, .T. ) ;
#1475 = ORIENTED_EDGE ( 'NONE', *, *, #2190, .T. ) ;
#1476 = CARTESIAN_POINT ( 'NONE',  ( 25.50000000000000355, 8.351646544245028281, 3.500000000000000000 ) ) ;
#1477 = DIRECTION ( 'NONE',  ( 1.000000000000000000, 0.000000000000000000, 0.000000000000000000 ) ) ;
#1478 = CARTESIAN_POINT ( 'NONE',  ( 8.500000000000000000, 1.040949779275250140E-15, 3.500000000000000000 ) ) ;
#1479 = ADVANCED_FACE ( 'NONE', ( #1019 ), #1787, .T. ) ;
#1480 = ORIENTED_EDGE ( 'NONE', *, *, #61, .F. ) ;
#1481 = CARTESIAN_POINT ( 'NONE',  ( -29.99999999999999289, -11.18236780691400156, 4.959935361102407292 ) ) ;
#1482 = CARTESIAN_POINT ( 'NONE',  ( 27.50000000000000000, 2.783882181415012980, 0.000000000000000000 ) ) ;
#1483 = ORIENTED_EDGE ( 'NONE', *, *, #2043, .F. ) ;
#1484 = CARTESIAN_POINT ( 'NONE',  ( 30.00000000000000355, -12.39959647417749800, 4.066932174976478187 ) ) ;
#1485 = CARTESIAN_POINT ( 'NONE',  ( 30.00000000000000355, -12.39959676763722918, 5.000000000000000000 ) ) ;
#1486 = CARTESIAN_POINT ( 'NONE',  ( 30.00000000000000355, -12.22106586941841577, 0.7441243521574308906 ) ) ;
#1487 = ORIENTED_EDGE ( 'NONE', *, *, #1284, .T. ) ;
#1488 = EDGE_CURVE ( 'NONE', #560, #3697, #2518, .T. ) ;
#1489 = CARTESIAN_POINT ( 'NONE',  ( 21.02318727257909003, -24.74999999999999289, 4.265615390216630054 ) ) ;
#1490 = CARTESIAN_POINT ( 'NONE',  ( -20.87911636061258847, 24.75000000000000355, 1.000000000000000000 ) ) ;
#1491 = CIRCLE ( 'NONE', #1231, 9.000000000000000000 ) ;
#1492 = EDGE_CURVE ( 'NONE', #640, #77, #1017, .T. ) ;
#1493 = DIRECTION ( 'NONE',  ( -1.000000000000000000, 0.000000000000000000, 0.000000000000000000 ) ) ;
#1494 = CARTESIAN_POINT ( 'NONE',  ( 27.22015596346405175, -4.065298806771690643, 0.03673895486694134238 ) ) ;
#1495 = CARTESIAN_POINT ( 'NONE',  ( -20.10441493801796042, -24.24999999999999645, 0.5000000000000000000 ) ) ;
#1496 = CIRCLE ( 'NONE', #181, 31.50000000000000000 ) ;
#1497 = CARTESIAN_POINT ( 'NONE',  ( 29.91716639743659556, -12.44837307043390950, 4.439834232254080248 ) ) ;
#1498 = ADVANCED_FACE ( 'NONE', ( #1706 ), #3598, .F. ) ;
#1499 = FACE_OUTER_BOUND ( 'NONE', #567, .T. ) ;
#1500 = DIRECTION ( 'NONE',  ( 1.000000000000000000, 0.000000000000000000, 0.000000000000000000 ) ) ;
#1501 = CARTESIAN_POINT ( 'NONE',  ( -20.87911636061258847, 24.75000000000000355, 5.000000000000000000 ) ) ;
#1502 = B_SPLINE_CURVE_WITH_KNOTS ( 'NONE', 3,
 ( #268, #583, #3436, #2742, #2411, #330, #1904, #3113, #3343, #556 ),
 .UNSPECIFIED., .F., .F.,
 ( 4, 2, 2, 2, 4 ),
 ( -6.607598541666468137E-06, 0.0008509356346941368034, 0.001279707251312042944, 0.001494093059620995581, 0.001708478867929948217 ),
 .UNSPECIFIED. ) ;
#1503 = CARTESIAN_POINT ( 'NONE',  ( -20.73652423415445156, 24.75000000000000355, 4.299831289910364340 ) ) ;
#1504 = TOROIDAL_SURFACE ( 'NONE', #2946, 8.500000000000000000, 1.000000000000000000 ) ;
#1505 = CARTESIAN_POINT ( 'NONE',  ( 0.000000000000000000, 1.040834085586084257E-14, 2.500000000000000000 ) ) ;
#1506 = CARTESIAN_POINT ( 'NONE',  ( -20.22354360557506681, -20.08129189154433192, 3.500000000000000000 ) ) ;
#1507 = AXIS2_PLACEMENT_3D ( 'NONE', #3330, #1455, #1430 ) ;
#1508 = CARTESIAN_POINT ( 'NONE',  ( -25.75969185125223859, 12.78901607132033114, 3.474272623895543699 ) ) ;
#1509 = CARTESIAN_POINT ( 'NONE',  ( -20.84440415020709736, 24.75000000000001421, 4.166679155088487185 ) ) ;
#1510 = CARTESIAN_POINT ( 'NONE',  ( 26.50000000000000000, 6.224949798994358297, 0.9158865444048663873 ) ) ;
#1511 = TOROIDAL_SURFACE ( 'NONE', #332, 8.000000000000000000, 1.000000000000000000 ) ;
#1512 = CARTESIAN_POINT ( 'NONE',  ( 30.00000000000000000, -12.50040649745542076, 4.000000000000000000 ) ) ;
#1513 = AXIS2_PLACEMENT_3D ( 'NONE', #810, #3902, #3916 ) ;
#1514 = ORIENTED_EDGE ( 'NONE', *, *, #1754, .F. ) ;
#1515 = ORIENTED_EDGE ( 'NONE', *, *, #580, .T. ) ;
#1516 = CARTESIAN_POINT ( 'NONE',  ( 20.46363315736683575, -21.25910788813638419, 0.8566171040737288189 ) ) ;
#1517 = ORIENTED_EDGE ( 'NONE', *, *, #3074, .T. ) ;
#1518 = LINE ( 'NONE', #1982, #3892 ) ;
#1519 = ORIENTED_EDGE ( 'NONE', *, *, #1754, .T. ) ;
#1520 = EDGE_CURVE ( 'NONE', #408, #1384, #1550, .T. ) ;
#1521 = ADVANCED_FACE ( 'NONE', ( #3927 ), #1760, .T. ) ;
#1522 = DATE_AND_TIME ( #401, #3805 ) ;
#1523 = VERTEX_POINT ( 'NONE', #3048 ) ;
#1524 = LINE ( 'NONE', #3772, #64 ) ;
#1525 = CARTESIAN_POINT ( 'NONE',  ( -20.53958932003415327, -24.75000000000000000, 4.798051002635683737 ) ) ;
#1526 = CARTESIAN_POINT ( 'NONE',  ( -20.22354360557504194, 20.08129189154436034, 3.500000000000000000 ) ) ;
#1527 = DIRECTION ( 'NONE',  ( -0.000000000000000000, 0.000000000000000000, 1.000000000000000000 ) ) ;
#1528 = ORIENTED_EDGE ( 'NONE', *, *, #923, .F. ) ;
#1529 = CARTESIAN_POINT ( 'NONE',  ( -26.50000000000000355, 6.224949798994363626, 1.000000000000000000 ) ) ;
#1530 = ORIENTED_EDGE ( 'NONE', *, *, #1161, .F. ) ;
#1531 = B_SPLINE_CURVE_WITH_KNOTS ( 'NONE', 3,
 ( #703, #3778, #2541, #1940, #968, #729, #2939, #157 ),
 .UNSPECIFIED., .F., .F.,
 ( 4, 2, 2, 4 ),
 ( 0.000000000000000000, 0.0008516698744493774852, 0.001277504811674070023, 0.001703339748898762560 ),
 .UNSPECIFIED. ) ;
#1532 = DIRECTION ( 'NONE',  ( -0.000000000000000000, 0.000000000000000000, 1.000000000000000000 ) ) ;
#1533 = AXIS2_PLACEMENT_3D ( 'NONE', #2429, #2735, #3712 ) ;
#1534 = ORIENTED_EDGE ( 'NONE', *, *, #1849, .F. ) ;
#1535 = CARTESIAN_POINT ( 'NONE',  ( -20.00000000000000000, 0.000000000000000000, 1.000000000000000000 ) ) ;
#1536 = VERTEX_POINT ( 'NONE', #1763 ) ;
#1537 = CARTESIAN_POINT ( 'NONE',  ( -20.87911636061257425, -24.74999999999999645, 0.000000000000000000 ) ) ;
#1538 = AXIS2_PLACEMENT_3D ( 'NONE', #2184, #319, #51 ) ;
#1539 = CARTESIAN_POINT ( 'NONE',  ( -20.87911635485406947, -24.74999999999999645, 4.085438800933893333 ) ) ;
#1540 = CARTESIAN_POINT ( 'NONE',  ( 30.00000000000000355, -2.102695122396130015E-15, 5.000000000000000000 ) ) ;
#1541 = DIRECTION ( 'NONE',  ( 1.000000000000000000, 0.000000000000000000, 0.000000000000000000 ) ) ;
#1542 = CARTESIAN_POINT ( 'NONE',  ( 29.79583414232465088, -12.04474196411462650, 4.777747568654972632 ) ) ;
#1543 = FACE_OUTER_BOUND ( 'NONE', #3550, .T. ) ;
#1544 = ADVANCED_FACE ( 'NONE', ( #2564 ), #2062, .F. ) ;
#1545 = DIRECTION ( 'NONE',  ( 1.000000000000000000, 0.000000000000000000, 0.000000000000000000 ) ) ;
#1546 = VECTOR ( 'NONE', #1684, 1000.000000000000000 ) ;
#1547 = CARTESIAN_POINT ( 'NONE',  ( 20.57704387223234477, -21.85242611623242226, 0.08740962247080229230 ) ) ;
#1548 = EDGE_CURVE ( 'NONE', #2355, #1914, #1115, .T. ) ;
#1549 = CARTESIAN_POINT ( 'NONE',  ( 20.10441493801796753, -24.24999999999998934, 0.5000000000000000000 ) ) ;
#1550 = LINE ( 'NONE', #3630, #2797 ) ;
#1551 = DIRECTION ( 'NONE',  ( -1.000000000000000000, 0.000000000000000000, 0.000000000000000000 ) ) ;
#1552 = DIRECTION ( 'NONE',  ( 1.000000000000000000, 0.000000000000000000, 0.000000000000000000 ) ) ;
#1553 = B_SPLINE_CURVE_WITH_KNOTS ( 'NONE', 3,
 ( #2632, #1691, #1348, #467, #778, #2935, #2298, #169, #2641, #2006 ),
 .UNSPECIFIED., .F., .F.,
 ( 4, 2, 2, 2, 4 ),
 ( -6.637891781455404880E-06, 0.0008491954089207370783, 0.001277112059271834138, 0.001491070384447382288, 0.001705028709622930438 ),
 .UNSPECIFIED. ) ;
#1554 = CARTESIAN_POINT ( 'NONE',  ( -26.50000000000000355, -6.224949798994363626, 1.000000000000000000 ) ) ;
#1555 = CIRCLE ( 'NONE', #2975, 1.000000000000000000 ) ;
#1556 = AXIS2_PLACEMENT_3D ( 'NONE', #757, #1672, #2907 ) ;
#1557 = CARTESIAN_POINT ( 'NONE',  ( 30.00000000000000000, 11.92779974502386153, 4.388163198383876917 ) ) ;
#1558 = CIRCLE ( 'NONE', #1176, 0.5000000000000004441 ) ;
#1559 = CARTESIAN_POINT ( 'NONE',  ( -25.99847826351362201, 12.84490757249961490, 3.376451039182206237 ) ) ;
#1560 = CARTESIAN_POINT ( 'NONE',  ( 20.89922112054633274, 24.75000000000001066, 0.5146281087213280259 ) ) ;
#1561 = ORIENTED_EDGE ( 'NONE', *, *, #478, .F. ) ;
#1562 = DIRECTION ( 'NONE',  ( 1.000000000000000000, 0.000000000000000000, 0.000000000000000000 ) ) ;
#1563 = ORIENTED_EDGE ( 'NONE', *, *, #2902, .T. ) ;
#1564 = ORIENTED_EDGE ( 'NONE', *, *, #1381, .T. ) ;
#1565 = CARTESIAN_POINT ( 'NONE',  ( -29.99999999999999645, -11.17356577284749797, 0.4999999987076834129 ) ) ;
#1566 = EDGE_CURVE ( 'NONE', #502, #176, #2568, .T. ) ;
#1567 = CARTESIAN_POINT ( 'NONE',  ( 20.00000000000000000, 0.000000000000000000, 2.500000000000000000 ) ) ;
#1568 = ORIENTED_EDGE ( 'NONE', *, *, #1849, .T. ) ;
#1569 = VERTEX_POINT ( 'NONE', #1185 ) ;
#1570 = FACE_OUTER_BOUND ( 'NONE', #122, .T. ) ;
#1571 = CARTESIAN_POINT ( 'NONE',  ( 30.00000000000000000, -11.99968898487557389, 0.3682652003276968289 ) ) ;
#1572 = DIRECTION ( 'NONE',  ( 0.000000000000000000, 0.000000000000000000, -1.000000000000000000 ) ) ;
#1573 = TOROIDAL_SURFACE ( 'NONE', #2236, 31.50000000000000000, 1.000000000000000000 ) ;
#1574 = ORIENTED_EDGE ( 'NONE', *, *, #2346, .T. ) ;
#1575 = EDGE_CURVE ( 'NONE', #1578, #759, #2087, .T. ) ;
#1576 = CARTESIAN_POINT ( 'NONE',  ( -30.00000000000000000, -12.39959676763724339, 4.065207882297284137 ) ) ;
#1577 = CARTESIAN_POINT ( 'NONE',  ( -20.76385132569584258, -24.74999999999999645, 0.7338661924889042787 ) ) ;
#1578 = VERTEX_POINT ( 'NONE', #948 ) ;
#1579 = PERSON_AND_ORGANIZATION_ROLE ( 'creator' ) ;
#1580 = CARTESIAN_POINT ( 'NONE',  ( -2.804469619495839451E-15, 24.25000000000000711, 4.500000000000000888 ) ) ;
#1581 = CARTESIAN_POINT ( 'NONE',  ( -29.99999999999999289, -12.12987903187959482, 0.4427522735443221724 ) ) ;
#1582 = ORIENTED_EDGE ( 'NONE', *, *, #368, .T. ) ;
#1583 = DIRECTION ( 'NONE',  ( -0.000000000000000000, 0.000000000000000000, 1.000000000000000000 ) ) ;
#1584 = DIRECTION ( 'NONE',  ( 0.000000000000000000, 0.000000000000000000, -1.000000000000000000 ) ) ;
#1585 = CARTESIAN_POINT ( 'NONE',  ( 30.00000000000000355, -11.92770657237036858, 0.6118081570973394889 ) ) ;
#1586 = VERTEX_POINT ( 'NONE', #3424 ) ;
#1587 = CARTESIAN_POINT ( 'NONE',  ( -29.99999999999999645, 11.04536101718727714, 4.500000000000000888 ) ) ;
#1588 = EDGE_CURVE ( 'NONE', #3492, #1627, #2848, .T. ) ;
#1589 = EDGE_LOOP ( 'NONE', ( #2830, #1825, #600, #1528 ) ) ;
#1590 = CARTESIAN_POINT ( 'NONE',  ( -21.06470843581528740, -24.75000000000000000, 0.8647987155020667727 ) ) ;
#1591 = CARTESIAN_POINT ( 'NONE',  ( 30.00000000000000355, 11.32443954464439884, 4.915864952079222583 ) ) ;
#1592 = LINE ( 'NONE', #3603, #470 ) ;
#1593 = AXIS2_PLACEMENT_3D ( 'NONE', #2543, #325, #955 ) ;
#1594 = DIRECTION ( 'NONE',  ( -1.000000000000000000, 0.000000000000000000, 0.000000000000000000 ) ) ;
#1595 = DIRECTION ( 'NONE',  ( -0.000000000000000000, -0.000000000000000000, 1.000000000000000000 ) ) ;
#1596 = CARTESIAN_POINT ( 'NONE',  ( 27.47069897571622477, 2.946714785400556647, 6.882142696441180625E-19 ) ) ;
#1597 = CARTESIAN_POINT ( 'NONE',  ( -29.94868556131159920, -12.55281203245876931, 0.7483204069392540569 ) ) ;
#1598 = CARTESIAN_POINT ( 'NONE',  ( -29.99999999999999645, 11.29944436879132574, 0.5058302495799679166 ) ) ;
#1599 = EDGE_CURVE ( 'NONE', #2159, #3302, #285, .T. ) ;
#1600 = TOROIDAL_SURFACE ( 'NONE', #2145, 28.50000000000000000, 1.000000000000000000 ) ;
#1601 =( BOUNDED_SURFACE ( )  B_SPLINE_SURFACE ( 3, 2, ( 
 ( #15, #1286, #993 ),
 ( #2492, #1299, #2795 ),
 ( #3729, #1270, #3469 ),
 ( #1881, #3720, #2175 ),
 ( #309, #2475, #318 ),
 ( #3453, #625, #2782 ),
 ( #937, #3426, #3102 ),
 ( #2521, #949, #3115 ),
 ( #1577, #1897, #29 ),
 ( #654, #2807, #964 ),
 ( #3132, #1590, #3437 ),
 ( #3759, #667, #1906 ) ),
 .UNSPECIFIED., .F., .F., .T. ) 
 B_SPLINE_SURFACE_WITH_KNOTS ( ( 4, 2, 2, 2, 2, 4 ),
 ( 3, 3 ),
 ( 0.001088176241576480335, 0.001340932425563635738, 0.001593688609550791141, 0.001720066701544368734, 0.001846444793537946544, 0.002099200977525101947 ),
 ( 0.000000000000000000, 1.000000000000000000 ),
 .UNSPECIFIED. ) 
 GEOMETRIC_REPRESENTATION_ITEM ( )  RATIONAL_B_SPLINE_SURFACE ( (
 ( 1.000000000000000000, 0.7071067811865475727, 1.000000000000000000),
 ( 1.000000000000000000, 0.7360931137566560922, 1.000000000000000000),
 ( 1.000000000000000000, 0.7637930109568208392, 1.000000000000000000),
 ( 1.000000000000000000, 0.8148892476662920048, 1.000000000000000000),
 ( 1.000000000000000000, 0.8383440617070725409, 1.000000000000000000),
 ( 1.000000000000000000, 0.8704395954887405029, 1.000000000000000000),
 ( 1.000000000000000000, 0.8803850047658485778, 1.000000000000000000),
 ( 1.000000000000000000, 0.8986753539468304020, 1.000000000000000000),
 ( 1.000000000000000000, 0.9070906924760079315, 1.000000000000000000),
 ( 1.000000000000000000, 0.9283301677553249531, 1.000000000000000000),
 ( 1.000000000000000000, 0.9376224639244137293, 1.000000000000000000),
 ( 1.000000000000000000, 0.9375000000000004441, 1.000000000000000000) ) ) 
 REPRESENTATION_ITEM ( '' )  SURFACE ( )  );
#1602 = VECTOR ( 'NONE', #3432, 1000.000000000000000 ) ;
#1603 = CARTESIAN_POINT ( 'NONE',  ( 21.20535255374715078, -24.62890625000000000, 4.000000000000000000 ) ) ;
#1604 = VECTOR ( 'NONE', #3754, 1000.000000000000000 ) ;
#1605 = CARTESIAN_POINT ( 'NONE',  ( -26.10986975240502517, -12.87088512928270667, 3.303141717156782065 ) ) ;
#1606 = EDGE_CURVE ( 'NONE', #2787, #1837, #2273, .T. ) ;
#1607 = CARTESIAN_POINT ( 'NONE',  ( 30.00000000000000355, 12.36475490506373731, 4.125739008184699408 ) ) ;
#1608 = DIRECTION ( 'NONE',  ( 0.000000000000000000, 0.000000000000000000, -1.000000000000000000 ) ) ;
#1609 = DIRECTION ( 'NONE',  ( -0.000000000000000000, -0.000000000000000000, -1.000000000000000000 ) ) ;
#1610 = CARTESIAN_POINT ( 'NONE',  ( 11.00000000000000178, 0.000000000000000000, 1.000000000000000000 ) ) ;
#1611 = CARTESIAN_POINT ( 'NONE',  ( -29.99999999999999645, 12.05425820925901803, 0.6529003308071331668 ) ) ;
#1612 = CARTESIAN_POINT ( 'NONE',  ( -29.94885969737009646, 12.55338806884036806, 0.7500576505515190728 ) ) ;
#1613 = B_SPLINE_CURVE_WITH_KNOTS ( 'NONE', 3,
 ( #795, #3012, #3614, #3594, #858, #3328, #1771, #2350, #1472, #2967 ),
 .UNSPECIFIED., .F., .F.,
 ( 4, 2, 2, 2, 4 ),
 ( -9.617166668641745843E-06, 0.0003887965459487235215, 0.0007872102585660887804, 0.001185623971183453985, 0.001584037683800819298 ),
 .UNSPECIFIED. ) ;
#1614 = FACE_OUTER_BOUND ( 'NONE', #1337, .T. ) ;
#1615 = EDGE_LOOP ( 'NONE', ( #1739, #3329, #3844, #2591 ) ) ;
#1616 = ORIENTED_EDGE ( 'NONE', *, *, #3222, .F. ) ;
#1617 = CARTESIAN_POINT ( 'NONE',  ( 26.50000000000000711, 12.96148139681572076, 1.000000000000000000 ) ) ;
#1618 = CARTESIAN_POINT ( 'NONE',  ( 20.87911636061258136, 24.75000000000001066, 1.000000000000000000 ) ) ;
#1619 = AXIS2_PLACEMENT_3D ( 'NONE', #2771, #1021, #68 ) ;
#1620 = VERTEX_POINT ( 'NONE', #1268 ) ;
#1621 = DIRECTION ( 'NONE',  ( -1.000000000000000000, 9.912705577010324563E-16, 0.000000000000000000 ) ) ;
#1622 = ORIENTED_EDGE ( 'NONE', *, *, #1606, .T. ) ;
#1623 = ORIENTED_EDGE ( 'NONE', *, *, #2601, .T. ) ;
#1624 = CARTESIAN_POINT ( 'NONE',  ( 30.00000000000000355, 11.30095311660429935, 4.494062299873460731 ) ) ;
#1625 = PLANE ( 'NONE',  #1328 ) ;
#1626 = CARTESIAN_POINT ( 'NONE',  ( 20.00000000000000000, 0.000000000000000000, 2.000000000000000000 ) ) ;
#1627 = VERTEX_POINT ( 'NONE', #1168 ) ;
#1628 = DIRECTION ( 'NONE',  ( -1.000000000000000000, -1.156482317317871478E-16, 0.000000000000000000 ) ) ;
#1629 = VECTOR ( 'NONE', #1004, 1000.000000000000000 ) ;
#1630 = CARTESIAN_POINT ( 'NONE',  ( -25.00000000000000000, 0.000000000000000000, 2.000000000000000000 ) ) ;
#1631 = EDGE_CURVE ( 'NONE', #655, #2498, #1954, .T. ) ;
#1632 = EDGE_LOOP ( 'NONE', ( #4005, #1772, #147, #1959 ) ) ;
#1633 = CARTESIAN_POINT ( 'NONE',  ( -20.00000000000000000, 0.000000000000000000, 2.000000000000000000 ) ) ;
#1634 = ORIENTED_EDGE ( 'NONE', *, *, #3488, .F. ) ;
#1635 = EDGE_CURVE ( 'NONE', #2440, #3492, #1502, .T. ) ;
#1636 = CARTESIAN_POINT ( 'NONE',  ( 20.84361540188659845, -24.74999999999998934, 4.167689224010270088 ) ) ;
#1637 = DIRECTION ( 'NONE',  ( 1.000000000000000000, 0.000000000000000000, 0.000000000000000000 ) ) ;
#1638 = ORIENTED_EDGE ( 'NONE', *, *, #563, .T. ) ;
#1639 = CARTESIAN_POINT ( 'NONE',  ( 30.00000000000000355, 11.04536101718727004, 5.000000000000000888 ) ) ;
#1640 = DIRECTION ( 'NONE',  ( 1.000000000000000000, 1.156482317317871478E-16, 0.000000000000000000 ) ) ;
#1641 = CARTESIAN_POINT ( 'NONE',  ( -26.94573757814620762, -4.995495139462918566, 0.1652783187982387325 ) ) ;
#1642 = CARTESIAN_POINT ( 'NONE',  ( -29.99999999999999645, -12.46351924468796390, 0.8076635563327462242 ) ) ;
#1643 = DIRECTION ( 'NONE',  ( -0.000000000000000000, -0.000000000000000000, -1.000000000000000000 ) ) ;
#1644 = ORIENTED_EDGE ( 'NONE', *, *, #3913, .T. ) ;
#1645 = DIRECTION ( 'NONE',  ( 0.000000000000000000, 0.000000000000000000, -1.000000000000000000 ) ) ;
#1646 = CARTESIAN_POINT ( 'NONE',  ( -29.96093753429670770, 12.59334038553595825, 0.8660508058106726192 ) ) ;
#1647 = B_SPLINE_CURVE_WITH_KNOTS ( 'NONE', 3,
 ( #2692, #3003, #3318, #3021, #3648, #3585, #3967, #2113, #3035, #1188 ),
 .UNSPECIFIED., .F., .F.,
 ( 4, 2, 2, 2, 4 ),
 ( 0.000000000000000000, 0.0002545048051749307589, 0.0005090096103498615177, 0.0007635144155247922766, 0.001018019220699723035 ),
 .UNSPECIFIED. ) ;
#1648 = CYLINDRICAL_SURFACE ( 'NONE', #1119, 0.5000000000000004441 ) ;
#1649 = AXIS2_PLACEMENT_3D ( 'NONE', #32, #3244, #566 ) ;
#1650 = CARTESIAN_POINT ( 'NONE',  ( 30.00000000000000355, 11.92532824032971739, 0.6111262267425721095 ) ) ;
#1651 = VECTOR ( 'NONE', #443, 1000.000000000000000 ) ;
#1652 = VECTOR ( 'NONE', #465, 1000.000000000000000 ) ;
#1653 = CARTESIAN_POINT ( 'NONE',  ( 29.83948348951237506, 12.19030428973834113, 4.696255961452711070 ) ) ;
#1654 = AXIS2_PLACEMENT_3D ( 'NONE', #692, #1044, #1324 ) ;
#1655 = CARTESIAN_POINT ( 'NONE',  ( -29.49999999999999645, 11.04536101718728780, 0.000000000000000000 ) ) ;
#1656 = CARTESIAN_POINT ( 'NONE',  ( 7.500000000000000000, 9.184850993605147944E-16, 3.500000000000000000 ) ) ;
#1657 = CARTESIAN_POINT ( 'NONE',  ( -29.96093750000000000, 12.59334046713159871, 4.000000000000000000 ) ) ;
#1658 = FACE_OUTER_BOUND ( 'NONE', #1969, .T. ) ;
#1659 = DIRECTION ( 'NONE',  ( 0.000000000000000000, 0.000000000000000000, -1.000000000000000000 ) ) ;
#1660 = EDGE_CURVE ( 'NONE', #3702, #1880, #1257, .T. ) ;
#1661 = CARTESIAN_POINT ( 'NONE',  ( 30.00000000000000355, 11.59875833028610614, 0.1823458798628083966 ) ) ;
#1662 = CARTESIAN_POINT ( 'NONE',  ( -20.87911636061257425, -24.24999999999999645, 1.000000000000000000 ) ) ;
#1663 = CARTESIAN_POINT ( 'NONE',  ( 29.74166611737319244, -11.86348673549389687, 4.863005601350619322 ) ) ;
#1664 = VECTOR ( 'NONE', #2352, 1000.000000000000000 ) ;
#1665 = CARTESIAN_POINT ( 'NONE',  ( -20.10441493801795687, -24.74999999999999289, 0.5000000000000000000 ) ) ;
#1666 = DIRECTION ( 'NONE',  ( 1.000000000000000000, 0.000000000000000000, 0.000000000000000000 ) ) ;
#1667 = ORIENTED_EDGE ( 'NONE', *, *, #193, .F. ) ;
#1668 = CIRCLE ( 'NONE', #2166, 0.5000000000000004441 ) ;
#1669 = AXIS2_PLACEMENT_3D ( 'NONE', #2480, #3136, #740 ) ;
#1670 = DIRECTION ( 'NONE',  ( 0.000000000000000000, 0.000000000000000000, 1.000000000000000000 ) ) ;
#1671 = ORIENTED_EDGE ( 'NONE', *, *, #1713, .F. ) ;
#1672 = DIRECTION ( 'NONE',  ( -0.000000000000000000, 0.000000000000000000, 1.000000000000000000 ) ) ;
#1673 = APPROVAL_PERSON_ORGANIZATION ( #300, #3059, #670 ) ;
#1674 = DIRECTION ( 'NONE',  ( -1.000000000000000000, -2.664535259100375697E-15, 0.000000000000000000 ) ) ;
#1675 = ADVANCED_FACE ( 'NONE', ( #2654 ), #3636, .T. ) ;
#1676 = VERTEX_POINT ( 'NONE', #241 ) ;
#1677 = VERTEX_POINT ( 'NONE', #1934 ) ;
#1678 = LINE ( 'NONE', #3186, #3019 ) ;
#1679 = DIRECTION ( 'NONE',  ( -0.000000000000000000, -1.000000000000000000, -0.000000000000000000 ) ) ;
#1680 = AXIS2_PLACEMENT_3D ( 'NONE', #2454, #2476, #18 ) ;
#1681 = PERSON_AND_ORGANIZATION ( #1854, #3122 ) ;
#1682 = CARTESIAN_POINT ( 'NONE',  ( 0.000000000000000000, -72.30205676561914174, 3.500000000000000000 ) ) ;
#1683 = VERTEX_POINT ( 'NONE', #1617 ) ;
#1684 = DIRECTION ( 'NONE',  ( -0.000000000000000000, 1.000000000000000000, -0.000000000000000000 ) ) ;
#1685 = DIRECTION ( 'NONE',  ( 1.000000000000000000, 0.000000000000000000, 0.000000000000000000 ) ) ;
#1686 = DIRECTION ( 'NONE',  ( -0.000000000000000000, -0.000000000000000000, -1.000000000000000000 ) ) ;
#1687 = CARTESIAN_POINT ( 'NONE',  ( 0.000000000000000000, 1.040834085586084257E-14, 5.000000000000000000 ) ) ;
#1688 = ORIENTED_EDGE ( 'NONE', *, *, #1713, .T. ) ;
#1689 = EDGE_CURVE ( 'NONE', #1620, #1774, #628, .T. ) ;
#1690 = ORIENTED_EDGE ( 'NONE', *, *, #1847, .F. ) ;
#1691 = CARTESIAN_POINT ( 'NONE',  ( 20.62976349557108335, 22.13784071252505470, -1.788933584601080344E-15 ) ) ;
#1692 = EDGE_CURVE ( 'NONE', #934, #614, #1212, .T. ) ;
#1693 = EDGE_LOOP ( 'NONE', ( #2912, #3215, #593, #2053 ) ) ;
#1694 = DIRECTION ( 'NONE',  ( 1.000000000000000000, 0.000000000000000000, 0.000000000000000000 ) ) ;
#1695 = CARTESIAN_POINT ( 'NONE',  ( 29.83128930526492084, -12.16306376593747274, 4.709665924662584047 ) ) ;
#1696 = ORIENTED_EDGE ( 'NONE', *, *, #2100, .T. ) ;
#1697 = DIRECTION ( 'NONE',  ( -1.000000000000000000, 0.000000000000000000, 0.000000000000000000 ) ) ;
#1698 = DIRECTION ( 'NONE',  ( -0.000000000000000000, 0.000000000000000000, 1.000000000000000000 ) ) ;
#1699 = ADVANCED_FACE ( 'NONE', ( #2464 ), #3289, .T. ) ;
#1700 = CARTESIAN_POINT ( 'NONE',  ( 26.29532610070195631, 12.91403972556141433, 3.120026428049893497 ) ) ;
#1701 = VECTOR ( 'NONE', #89, 1000.000000000000000 ) ;
#1702 = DIRECTION ( 'NONE',  ( -1.000000000000000000, 1.224646799147352468E-16, 0.000000000000000000 ) ) ;
#1703 = CARTESIAN_POINT ( 'NONE',  ( -7.500000000000000000, 0.000000000000000000, 2.500000000000000000 ) ) ;
#1704 = AXIS2_PLACEMENT_3D ( 'NONE', #2093, #3020, #242 ) ;
#1705 = DIRECTION ( 'NONE',  ( 0.000000000000000000, -0.000000000000000000, -1.000000000000000000 ) ) ;
#1706 = FACE_OUTER_BOUND ( 'NONE', #1693, .T. ) ;
#1707 = CARTESIAN_POINT ( 'NONE',  ( -20.00000000000000000, 0.000000000000000000, 2.000000000000000000 ) ) ;
#1708 = CARTESIAN_POINT ( 'NONE',  ( 0.000000000000000000, 72.30205676561918438, 1.000000000000000000 ) ) ;
#1709 = EDGE_CURVE ( 'NONE', #1414, #3320, #2040, .T. ) ;
#1710 = CARTESIAN_POINT ( 'NONE',  ( 20.27381207490989468, -24.74999999999998934, 0.4999999999999997780 ) ) ;
#1711 = DIRECTION ( 'NONE',  ( -1.000000000000000000, 0.000000000000000000, 0.000000000000000000 ) ) ;
#1712 = DIRECTION ( 'NONE',  ( -1.000000000000000000, 0.000000000000000000, 0.000000000000000000 ) ) ;
#1713 = EDGE_CURVE ( 'NONE', #3350, #1124, #3833, .T. ) ;
#1714 = ADVANCED_FACE ( 'NONE', ( #3527 ), #1209, .F. ) ;
#1715 = FACE_OUTER_BOUND ( 'NONE', #3417, .T. ) ;
#1716 = ORIENTED_EDGE ( 'NONE', *, *, #37, .T. ) ;
#1717 = VERTEX_POINT ( 'NONE', #3396 ) ;
#1718 = DIRECTION ( 'NONE',  ( 1.000000000000000000, 0.000000000000000000, 0.000000000000000000 ) ) ;
#1719 = CARTESIAN_POINT ( 'NONE',  ( -29.99999999999999645, -12.39959676763724516, 1.000000000000000000 ) ) ;
#1720 = DIRECTION ( 'NONE',  ( 1.000000000000000000, 0.000000000000000000, 0.000000000000000000 ) ) ;
#1721 = ORIENTED_EDGE ( 'NONE', *, *, #1548, .F. ) ;
#1722 = ORIENTED_EDGE ( 'NONE', *, *, #2271, .F. ) ;
#1723 = ORIENTED_EDGE ( 'NONE', *, *, #2556, .F. ) ;
#1724 = CALENDAR_DATE ( 2025, 16, 6 ) ;
#1725 = CARTESIAN_POINT ( 'NONE',  ( 29.92223144647000410, -12.46517063472461651, 0.5890274617263941970 ) ) ;
#1726 = ORIENTED_EDGE ( 'NONE', *, *, #444, .T. ) ;
#1727 = CARTESIAN_POINT ( 'NONE',  ( -29.83128930526491729, -12.16306376593749050, 0.2903340753374222261 ) ) ;
#1728 = LINE ( 'NONE', #1630, #2255 ) ;
#1729 = CARTESIAN_POINT ( 'NONE',  ( -29.49999999999999645, 0.000000000000000000, 5.000000000000000000 ) ) ;
#1730 = CARTESIAN_POINT ( 'NONE',  ( -26.50000000000000355, 6.224949798994363626, 1.000000000000000000 ) ) ;
#1731 = EDGE_LOOP ( 'NONE', ( #899, #538, #27, #3770 ) ) ;
#1732 = DIRECTION ( 'NONE',  ( 1.000000000000000000, 0.000000000000000000, 0.000000000000000000 ) ) ;
#1733 = CARTESIAN_POINT ( 'NONE',  ( 20.27380214934731839, -24.74999999999998934, 4.500000000000000888 ) ) ;
#1734 = AXIS2_PLACEMENT_3D ( 'NONE', #3871, #1705, #2328 ) ;
#1735 = ORIENTED_EDGE ( 'NONE', *, *, #1103, .F. ) ;
#1736 = CARTESIAN_POINT ( 'NONE',  ( 0.000000000000000000, 1.040834085586084257E-14, 3.500000000000000000 ) ) ;
#1737 = CARTESIAN_POINT ( 'NONE',  ( 29.50000000000000355, -11.04536101718724872, 5.000000000000000000 ) ) ;
#1738 = ADVANCED_FACE ( 'NONE', ( #1658 ), #3080, .T. ) ;
#1739 = ORIENTED_EDGE ( 'NONE', *, *, #2727, .T. ) ;
#1740 = EDGE_CURVE ( 'NONE', #1052, #3252, #1207, .T. ) ;
#1741 = CARTESIAN_POINT ( 'NONE',  ( -29.96093750000000355, -12.59334046713157740, 4.087959148828868017 ) ) ;
#1742 = CARTESIAN_POINT ( 'NONE',  ( -29.49999999999999645, 11.04536101718727537, 5.000000000000000888 ) ) ;
#1743 = ORIENTED_EDGE ( 'NONE', *, *, #1068, .F. ) ;
#1744 = DIRECTION ( 'NONE',  ( -1.000000000000000000, 0.000000000000000000, 0.000000000000000000 ) ) ;
#1745 = CARTESIAN_POINT ( 'NONE',  ( 20.63876018006912716, -24.74999999999999289, 0.2673611576559827840 ) ) ;
#1746 = CARTESIAN_POINT ( 'NONE',  ( -26.70446709862812895, 13.00873774446179709, 0.3802451712974070364 ) ) ;
#1747 = CARTESIAN_POINT ( 'NONE',  ( 0.000000000000000000, 1.040834085586084257E-14, 1.000000000000000000 ) ) ;
#1748 = CIRCLE ( 'NONE', #2313, 29.50000000000000355 ) ;
#1749 = DIRECTION ( 'NONE',  ( 0.000000000000000000, -0.000000000000000000, -1.000000000000000000 ) ) ;
#1750 = CARTESIAN_POINT ( 'NONE',  ( 25.60694076059457913, -8.151368942541822094, 3.495653571644211421 ) ) ;
#1751 = CARTESIAN_POINT ( 'NONE',  ( 21.20535250748458722, 24.62890628983188535, 4.170282242530753081 ) ) ;
#1752 = DIRECTION ( 'NONE',  ( -0.000000000000000000, -0.000000000000000000, -1.000000000000000000 ) ) ;
#1753 = VECTOR ( 'NONE', #3103, 1000.000000000000000 ) ;
#1754 = EDGE_CURVE ( 'NONE', #3409, #67, #232, .T. ) ;
#1755 = DIRECTION ( 'NONE',  ( -0.000000000000000000, -0.000000000000000000, -1.000000000000000000 ) ) ;
#1756 = DIRECTION ( 'NONE',  ( 1.224646799147353207E-16, 1.000000000000000000, 0.000000000000000000 ) ) ;
#1757 = CARTESIAN_POINT ( 'NONE',  ( -29.99999999999999645, 11.17356577284759922, 4.500000001292143281 ) ) ;
#1758 = CARTESIAN_POINT ( 'NONE',  ( 20.10441493801797108, -24.24999999999998934, 0.000000000000000000 ) ) ;
#1759 = AXIS2_PLACEMENT_3D ( 'NONE', #1978, #1998, #1099 ) ;
#1760 = CYLINDRICAL_SURFACE ( 'NONE', #3923, 0.5000000000000004441 ) ;
#1761 = CARTESIAN_POINT ( 'NONE',  ( -20.00000000000000000, 0.000000000000000000, 2.000000000000000000 ) ) ;
#1762 = CARTESIAN_POINT ( 'NONE',  ( -20.46185475464040593, 21.25000000000000711, 2.500000000000000000 ) ) ;
#1763 = CARTESIAN_POINT ( 'NONE',  ( -20.87911636061258847, 24.75000000000000355, 4.000000000000000000 ) ) ;
#1764 = EDGE_CURVE ( 'NONE', #1785, #980, #3382, .T. ) ;
#1765 = CARTESIAN_POINT ( 'NONE',  ( 20.87911636061265241, 24.75000000000001066, 4.000000000000007994 ) ) ;
#1766 = CIRCLE ( 'NONE', #2150, 0.5000000000000004441 ) ;
#1767 = CARTESIAN_POINT ( 'NONE',  ( -29.96093753429670770, -12.59334038553593871, 4.133949194189320053 ) ) ;
#1768 = EDGE_CURVE ( 'NONE', #1837, #2787, #477, .T. ) ;
#1769 = CARTESIAN_POINT ( 'NONE',  ( 26.47317495991171299, -12.95527653992258621, 2.765293306099375847 ) ) ;
#1770 = EDGE_LOOP ( 'NONE', ( #989, #3313, #2764, #2593 ) ) ;
#1771 = CARTESIAN_POINT ( 'NONE',  ( -26.62896309628558100, -12.99130162810170752, 0.4913467178333649210 ) ) ;
#1772 = ORIENTED_EDGE ( 'NONE', *, *, #1660, .F. ) ;
#1773 = CARTESIAN_POINT ( 'NONE',  ( 20.99551695456045408, -24.55753377901748280, 4.591398786081460237 ) ) ;
#1774 = VERTEX_POINT ( 'NONE', #615 ) ;
#1775 = ORIENTED_EDGE ( 'NONE', *, *, #1520, .T. ) ;
#1776 = DIRECTION ( 'NONE',  ( 0.000000000000000000, -0.000000000000000000, -1.000000000000000000 ) ) ;
#1777 = TOROIDAL_SURFACE ( 'NONE', #2358, 31.50000000000000000, 1.000000000000000000 ) ;
#1778 = CARTESIAN_POINT ( 'NONE',  ( -20.81713768350816807, 24.75000000000000711, 0.4237789780210055590 ) ) ;
#1779 = ADVANCED_FACE ( 'NONE', ( #2792 ), #2936, .F. ) ;
#1780 = TOROIDAL_SURFACE ( 'NONE', #3821, 8.000000000000000000, 1.000000000000000000 ) ;
#1781 = ORIENTED_EDGE ( 'NONE', *, *, #35, .T. ) ;
#1782 = AXIS2_PLACEMENT_3D ( 'NONE', #1240, #601, #924 ) ;
#1783 = CARTESIAN_POINT ( 'NONE',  ( -29.99999999999999645, -11.55294867709930706, 4.468381943702511627 ) ) ;
#1784 = CARTESIAN_POINT ( 'NONE',  ( 26.79310744807367328, -5.448338536358620310, 0.2881976004126626245 ) ) ;
#1785 = VERTEX_POINT ( 'NONE', #1273 ) ;
#1786 = CARTESIAN_POINT ( 'NONE',  ( 29.87282059724889294, 12.30120194280004498, 4.610586922780137265 ) ) ;
#1787 =( BOUNDED_SURFACE ( )  B_SPLINE_SURFACE ( 3, 2, ( 
 ( #3271, #2636, #783 ),
 ( #3582, #189, #3256 ),
 ( #2353, #2035, #3528 ),
 ( #130, #2302, #440 ),
 ( #2728, #3016, #1182 ),
 ( #202, #2688, #3617 ),
 ( #2711, #2395, #2987 ),
 ( #873, #3033, #1773 ),
 ( #2107, #2410, #1806 ),
 ( #3342, #1489, #2090 ),
 ( #3314, #861, #3663 ),
 ( #2382, #2702, #2076 ) ),
 .UNSPECIFIED., .F., .F., .F. ) 
 B_SPLINE_SURFACE_WITH_KNOTS ( ( 4, 2, 2, 2, 2, 4 ),
 ( 3, 3 ),
 ( 0.001088176241576493562, 0.001340932425563648965, 0.001593688609550804151, 0.001720066701544381745, 0.001846444793537959338, 0.002099200977525114524 ),
 ( 0.000000000000000000, 1.000000000000000000 ),
 .UNSPECIFIED. ) 
 GEOMETRIC_REPRESENTATION_ITEM ( )  RATIONAL_B_SPLINE_SURFACE ( (
 ( 1.000000000000000000, 0.7071067811865475727, 1.000000000000000000),
 ( 1.000000000000000000, 0.7360931137566502080, 1.000000000000000000),
 ( 1.000000000000000000, 0.7637930109568277226, 1.000000000000000000),
 ( 1.000000000000000000, 0.8148892476662895623, 1.000000000000000000),
 ( 1.000000000000000000, 0.8383440617069879419, 1.000000000000000000),
 ( 1.000000000000000000, 0.8704395954887831355, 1.000000000000000000),
 ( 1.000000000000000000, 0.8803850047658182687, 1.000000000000000000),
 ( 1.000000000000000000, 0.8986753539468609331, 1.000000000000000000),
 ( 1.000000000000000000, 0.9070906924759826184, 1.000000000000000000),
 ( 1.000000000000000000, 0.9283301677553769116, 1.000000000000000000),
 ( 1.000000000000000000, 0.9376224639243744274, 1.000000000000000000),
 ( 1.000000000000000000, 0.9375000000000004441, 1.000000000000000000) ) ) 
 REPRESENTATION_ITEM ( '' )  SURFACE ( )  );
#1788 = CARTESIAN_POINT ( 'NONE',  ( 20.27394773081097767, -24.74999999999998934, 0.5087345686711823856 ) ) ;
#1789 = DIRECTION ( 'NONE',  ( -1.000000000000000000, 0.000000000000000000, 0.000000000000000000 ) ) ;
#1790 = ORIENTED_EDGE ( 'NONE', *, *, #1357, .F. ) ;
#1791 = EDGE_CURVE ( 'NONE', #764, #3252, #3571, .T. ) ;
#1792 = DIRECTION ( 'NONE',  ( -0.000000000000000000, 0.000000000000000000, -1.000000000000000000 ) ) ;
#1793 = CARTESIAN_POINT ( 'NONE',  ( -26.50000000000000355, -12.96148139681570832, 3.500000000000000000 ) ) ;
#1794 = EDGE_LOOP ( 'NONE', ( #3969, #1915, #2972, #2536 ) ) ;
#1795 = DIRECTION ( 'NONE',  ( -0.000000000000000000, 0.000000000000000000, 1.000000000000000000 ) ) ;
#1796 = CARTESIAN_POINT ( 'NONE',  ( -20.53772504155957535, 24.75000000000000000, 0.2007957784223708686 ) ) ;
#1797 = ORIENTED_EDGE ( 'NONE', *, *, #1050, .T. ) ;
#1798 = CARTESIAN_POINT ( 'NONE',  ( -29.99999999999999645, -11.29944436879130798, 4.494169750420001996 ) ) ;
#1799 = CARTESIAN_POINT ( 'NONE',  ( 21.06470850604025813, 24.75000000000001066, 1.000000000000000222 ) ) ;
#1800 = CARTESIAN_POINT ( 'NONE',  ( -29.99999999999999645, 12.04992786487460776, 4.348893267033542287 ) ) ;
#1801 = CARTESIAN_POINT ( 'NONE',  ( -20.46185475464040593, -21.24999999999998934, 2.500000000000000000 ) ) ;
#1802 = FACE_OUTER_BOUND ( 'NONE', #3814, .T. ) ;
#1803 = ADVANCED_FACE ( 'NONE', ( #3279, #3187 ), #2, .F. ) ;
#1804 = CARTESIAN_POINT ( 'NONE',  ( 20.87911636061258491, -24.74999999999998934, 1.000000000000000000 ) ) ;
#1805 = CARTESIAN_POINT ( 'NONE',  ( 29.71175567592783651, -11.76308280760830982, 0.1028947696731572353 ) ) ;
#1806 = CARTESIAN_POINT ( 'NONE',  ( 21.04020047480402056, -24.57276337319415660, 4.532267593733733335 ) ) ;
#1807 = CARTESIAN_POINT ( 'NONE',  ( 0.000000000000000000, 0.000000000000000000, 0.000000000000000000 ) ) ;
#1808 = CARTESIAN_POINT ( 'NONE',  ( -21.20535255374723960, 24.62890625000000355, 0.9999999999999852340 ) ) ;
#1809 = FACE_OUTER_BOUND ( 'NONE', #3217, .T. ) ;
#1810 = AXIS2_PLACEMENT_3D ( 'NONE', #1070, #3889, #3570 ) ;
#1811 = CARTESIAN_POINT ( 'NONE',  ( -29.58389159860426787, -11.33139489621715157, 4.988339491364015998 ) ) ;
#1812 = DIRECTION ( 'NONE',  ( 1.000000000000000000, 0.000000000000000000, 0.000000000000000000 ) ) ;
#1813 = DIRECTION ( 'NONE',  ( -1.000000000000000000, 0.000000000000000000, 0.000000000000000000 ) ) ;
#1814 = CARTESIAN_POINT ( 'NONE',  ( -26.50000000000000355, 6.224949798994363626, 2.500000000000000000 ) ) ;
#1815 = DIRECTION ( 'NONE',  ( 1.000000000000000000, 0.000000000000000000, -0.000000000000000000 ) ) ;
#1816 = CARTESIAN_POINT ( 'NONE',  ( 25.60694076059457913, 8.151368942541822094, 3.495653571644211421 ) ) ;
#1817 = EDGE_CURVE ( 'NONE', #412, #3538, #816, .T. ) ;
#1818 = CIRCLE ( 'NONE', #965, 55.00000000000000711 ) ;
#1819 = CARTESIAN_POINT ( 'NONE',  ( 20.87911636061258136, -24.74999999999998934, 4.000000000000000000 ) ) ;
#1820 = ADVANCED_FACE ( 'NONE', ( #3047 ), #279, .T. ) ;
#1821 = ORIENTED_EDGE ( 'NONE', *, *, #970, .F. ) ;
#1822 = ORIENTED_EDGE ( 'NONE', *, *, #661, .T. ) ;
#1823 = CARTESIAN_POINT ( 'NONE',  ( -29.83124769393303310, -12.16292559534646145, 4.709778416429021952 ) ) ;
#1824 = CARTESIAN_POINT ( 'NONE',  ( 0.000000000000000000, 1.040834085586084257E-14, 1.000000000000000000 ) ) ;
#1825 = ORIENTED_EDGE ( 'NONE', *, *, #3853, .T. ) ;
#1826 = CARTESIAN_POINT ( 'NONE',  ( 21.20535255374715078, 24.62890625000001776, 4.143020633883638837 ) ) ;
#1827 = ORIENTED_EDGE ( 'NONE', *, *, #766, .F. ) ;
#1828 = FACE_OUTER_BOUND ( 'NONE', #3513, .T. ) ;
#1829 = CARTESIAN_POINT ( 'NONE',  ( 29.83884714896786150, -12.18818584580107078, 4.697786477710687691 ) ) ;
#1830 = FACE_OUTER_BOUND ( 'NONE', #3411, .T. ) ;
#1831 = ORIENTED_EDGE ( 'NONE', *, *, #557, .T. ) ;
#1832 = B_SPLINE_CURVE_WITH_KNOTS ( 'NONE', 3,
 ( #1655, #3788, #2865, #3776, #1275, #1925, #1011, #2221, #349, #3174, #3440, #54 ),
 .UNSPECIFIED., .F., .F.,
 ( 4, 2, 2, 2, 2, 4 ),
 ( 0.000000000000000000, 0.0005171288940756230525, 0.001034257788151246105, 0.001551386682226869049, 0.001809951129264681605, 0.002068515576302493945 ),
 .UNSPECIFIED. ) ;
#1833 = CARTESIAN_POINT ( 'NONE',  ( -20.87911636061257425, -24.74999999999999645, 1.000000000000000000 ) ) ;
#1834 = CC_DESIGN_DATE_AND_TIME_ASSIGNMENT ( #988, #362, ( #776 ) ) ;
#1835 = ORIENTED_EDGE ( 'NONE', *, *, #664, .T. ) ;
#1836 = CARTESIAN_POINT ( 'NONE',  ( -30.00000000000000000, -12.05425820925899139, 4.347099669192866500 ) ) ;
#1837 = VERTEX_POINT ( 'NONE', #3154 ) ;
#1838 = AXIS2_PLACEMENT_3D ( 'NONE', #2659, #1776, #527 ) ;
#1839 = CARTESIAN_POINT ( 'NONE',  ( -26.50000000000000000, 12.96148139681572786, 2.633863449735150741 ) ) ;
#1840 = CARTESIAN_POINT ( 'NONE',  ( -20.44365038746830621, 24.75000000000000000, 4.467070177200803016 ) ) ;
#1841 = CARTESIAN_POINT ( 'NONE',  ( 26.51108304341877542, 6.197434477117749196, 0.8352788195851712505 ) ) ;
#1842 = ORIENTED_EDGE ( 'NONE', *, *, #1588, .F. ) ;
#1843 = CARTESIAN_POINT ( 'NONE',  ( -20.87911636061257425, -24.74999999999998934, 4.085637685277806241 ) ) ;
#1844 = ADVANCED_FACE ( 'NONE', ( #3921 ), #2022, .T. ) ;
#1845 = DIRECTION ( 'NONE',  ( -0.000000000000000000, 0.000000000000000000, 1.000000000000000000 ) ) ;
#1846 = ORIENTED_EDGE ( 'NONE', *, *, #3150, .T. ) ;
#1847 = EDGE_CURVE ( 'NONE', #1627, #3667, #1437, .T. ) ;
#1848 = CYLINDRICAL_SURFACE ( 'NONE', #2772, 1.000000000000000000 ) ;
#1849 = EDGE_CURVE ( 'NONE', #1569, #648, #916, .T. ) ;
#1850 = DIRECTION ( 'NONE',  ( 1.000000000000000000, 0.000000000000000000, 0.000000000000000000 ) ) ;
#1851 = CIRCLE ( 'NONE', #2494, 2.249999999999993783 ) ;
#1852 = CARTESIAN_POINT ( 'NONE',  ( -20.63876018006927993, -24.74999999999999645, 4.732638842343763308 ) ) ;
#1853 = CARTESIAN_POINT ( 'NONE',  ( 26.56641731117028016, 6.057615611592766847, 0.6372271102464388548 ) ) ;
#1854 = PERSON ( '未指定', '未指定', '未指定', ('未指定'), ('未指定'), ('未指定') ) ;
#1855 = CARTESIAN_POINT ( 'NONE',  ( -20.10441493801797463, 24.25000000000000355, 5.000000000000013323 ) ) ;
#1856 = CIRCLE ( 'NONE', #2334, 0.5000000000000004441 ) ;
#1857 = ADVANCED_FACE ( 'NONE', ( #1249 ), #1298, .F. ) ;
#1858 = CARTESIAN_POINT ( 'NONE',  ( -20.93184251683927855, -24.74999999999999645, 4.427602381222573769 ) ) ;
#1859 = CARTESIAN_POINT ( 'NONE',  ( 20.32071135235953463, 24.75000000000001776, 0.07551463029189602050 ) ) ;
#1860 = DIRECTION ( 'NONE',  ( 1.000000000000000000, 1.156482317317871478E-16, 0.000000000000000000 ) ) ;
#1861 = CIRCLE ( 'NONE', #2109, 8.999999999999998224 ) ;
#1862 = AXIS2_PLACEMENT_3D ( 'NONE', #658, #966, #2524 ) ;
#1863 = ORIENTED_EDGE ( 'NONE', *, *, #923, .T. ) ;
#1864 = CARTESIAN_POINT ( 'NONE',  ( -26.50000000000000355, 0.000000000000000000, 1.000000000000000000 ) ) ;
#1865 = ORIENTED_EDGE ( 'NONE', *, *, #1631, .T. ) ;
#1866 = VERTEX_POINT ( 'NONE', #2551 ) ;
#1867 = ORIENTED_EDGE ( 'NONE', *, *, #3532, .F. ) ;
#1868 = EDGE_CURVE ( 'NONE', #3697, #1620, #571, .T. ) ;
#1869 = ORIENTED_EDGE ( 'NONE', *, *, #2092, .F. ) ;
#1870 = CARTESIAN_POINT ( 'NONE',  ( 30.00000000000001066, 12.22110475140612884, 4.255850172027935585 ) ) ;
#1871 = ORIENTED_EDGE ( 'NONE', *, *, #540, .F. ) ;
#1872 = CIRCLE ( 'NONE', #2766, 9.000000000000000000 ) ;
#1873 = CARTESIAN_POINT ( 'NONE',  ( -25.50000000000000355, 0.000000000000000000, 2.500000000000000000 ) ) ;
#1874 = CARTESIAN_POINT ( 'NONE',  ( 21.20535255374715078, 24.62890625000002132, 1.000000000000000000 ) ) ;
#1875 = CARTESIAN_POINT ( 'NONE',  ( 25.00000000000000000, 6.123233995736766282E-16, 2.000000000000000000 ) ) ;
#1876 = ORIENTED_EDGE ( 'NONE', *, *, #3049, .F. ) ;
#1877 = CARTESIAN_POINT ( 'NONE',  ( -26.27393029873733354, -6.766812686549024569, 3.149262379354528463 ) ) ;
#1878 = ORIENTED_EDGE ( 'NONE', *, *, #2254, .F. ) ;
#1879 = CARTESIAN_POINT ( 'NONE',  ( 0.000000000000000000, 0.000000000000000000, 0.000000000000000000 ) ) ;
#1880 = VERTEX_POINT ( 'NONE', #1948 ) ;
#1881 = CARTESIAN_POINT ( 'NONE',  ( -20.43754857445794926, -24.74999999999999645, 0.5444759181418002969 ) ) ;
#1882 = ORIENTED_EDGE ( 'NONE', *, *, #2448, .T. ) ;
#1883 = AXIS2_PLACEMENT_3D ( 'NONE', #503, #1431, #2397 ) ;
#1884 = CARTESIAN_POINT ( 'NONE',  ( -21.04047767382190415, -24.57285780126413144, 4.531860005303285810 ) ) ;
#1885 = DIRECTION ( 'NONE',  ( 1.000000000000000000, 0.000000000000000000, 0.000000000000000000 ) ) ;
#1886 = CARTESIAN_POINT ( 'NONE',  ( 0.000000000000000000, 0.000000000000000000, 3.500000000000000000 ) ) ;
#1887 = CARTESIAN_POINT ( 'NONE',  ( -29.58436075936679899, -11.33298482963002130, 0.01188309240600769583 ) ) ;
#1888 = CARTESIAN_POINT ( 'NONE',  ( 0.000000000000000000, 1.040834085586084257E-14, 1.000000000000000000 ) ) ;
#1889 = TOROIDAL_SURFACE ( 'NONE', #761, 31.50000000000000000, 1.000000000000000000 ) ;
#1890 = ORIENTED_EDGE ( 'NONE', *, *, #2652, .T. ) ;
#1891 = CARTESIAN_POINT ( 'NONE',  ( -25.91095799831630586, -7.553141157632436098, 3.417656628114708717 ) ) ;
#1892 = CARTESIAN_POINT ( 'NONE',  ( 29.94867989015728682, -12.55279286903795644, 0.7485219329931714904 ) ) ;
#1893 = EDGE_CURVE ( 'NONE', #252, #506, #568, .T. ) ;
#1894 = TOROIDAL_SURFACE ( 'NONE', #2642, 9.999999999999998224, 1.000000000000000000 ) ;
#1895 = DIRECTION ( 'NONE',  ( -1.000000000000000000, 0.000000000000000000, 0.000000000000000000 ) ) ;
#1896 = CARTESIAN_POINT ( 'NONE',  ( 25.71072271441349955, 7.951576891978635153, 3.478957761414979810 ) ) ;
#1897 = CARTESIAN_POINT ( 'NONE',  ( -20.93161686653445841, -24.74999999999999645, 0.5720513463327482340 ) ) ;
#1898 = EDGE_CURVE ( 'NONE', #547, #341, #2460, .T. ) ;
#1899 = CARTESIAN_POINT ( 'NONE',  ( 0.000000000000000000, 0.000000000000000000, 4.707106781186547906 ) ) ;
#1900 = VECTOR ( 'NONE', #1997, 1000.000000000000000 ) ;
#1901 = DIRECTION ( 'NONE',  ( -1.000000000000000000, 0.000000000000000000, -0.000000000000000000 ) ) ;
#1902 = CARTESIAN_POINT ( 'NONE',  ( -26.42234309453644769, -6.415774810017969898, 2.897061581705102196 ) ) ;
#1903 = CARTESIAN_POINT ( 'NONE',  ( 20.67973710538569065, -22.41870810845564321, 0.000000000000000000 ) ) ;
#1904 = CARTESIAN_POINT ( 'NONE',  ( -20.45314827553852410, 21.20543211603701295, 2.782611316975740046 ) ) ;
#1905 = AXIS2_PLACEMENT_3D ( 'NONE', #1708, #2286, #1718 ) ;
#1906 = CARTESIAN_POINT ( 'NONE',  ( -21.20535255374715078, -24.62890625000000000, 1.000000000000000000 ) ) ;
#1907 = CARTESIAN_POINT ( 'NONE',  ( 30.00000000000000355, 11.04536101718727004, 4.500000000000000888 ) ) ;
#1908 = CIRCLE ( 'NONE', #2061, 0.5000000000000004441 ) ;
#1909 = EDGE_LOOP ( 'NONE', ( #3208, #807, #945, #3848 ) ) ;
#1910 = CARTESIAN_POINT ( 'NONE',  ( 15.00000000000000000, 0.000000000000000000, 1.000000000000000000 ) ) ;
#1911 = ORIENTED_EDGE ( 'NONE', *, *, #2703, .F. ) ;
#1912 = CARTESIAN_POINT ( 'NONE',  ( -25.00000000000000000, 0.000000000000000000, 1.000000000000000000 ) ) ;
#1913 = EDGE_CURVE ( 'NONE', #1418, #1319, #3627, .T. ) ;
#1914 = VERTEX_POINT ( 'NONE', #3862 ) ;
#1915 = ORIENTED_EDGE ( 'NONE', *, *, #3835, .T. ) ;
#1916 = LINE ( 'NONE', #3145, #3747 ) ;
#1917 = CARTESIAN_POINT ( 'NONE',  ( -29.89869228051506411, 12.38708838513066723, 0.4893925925535841936 ) ) ;
#1918 = PERSON_AND_ORGANIZATION ( #1854, #3122 ) ;
#1919 = CARTESIAN_POINT ( 'NONE',  ( 21.17051614213175270, -24.61709965907952480, 4.285255186645061443 ) ) ;
#1920 = ORIENTED_EDGE ( 'NONE', *, *, #509, .F. ) ;
#1921 = EDGE_CURVE ( 'NONE', #1037, #3085, #2991, .T. ) ;
#1922 = DIRECTION ( 'NONE',  ( 1.000000000000000000, 0.000000000000000000, 0.000000000000000000 ) ) ;
#1923 = CARTESIAN_POINT ( 'NONE',  ( 30.00000000000001066, 12.39959676763725227, 4.065661963719326089 ) ) ;
#1924 = DIRECTION ( 'NONE',  ( -0.000000000000000000, -0.000000000000000000, -1.000000000000000000 ) ) ;
#1925 = CARTESIAN_POINT ( 'NONE',  ( -29.83124769393303666, 12.16292559534648809, 0.2902215835709808789 ) ) ;
#1926 = CARTESIAN_POINT ( 'NONE',  ( -26.99430149189199568, -4.842569014807663663, 0.1356910107250471342 ) ) ;
#1927 = CARTESIAN_POINT ( 'NONE',  ( -29.99999999999999289, -12.50040649745542609, 1.000000000000001998 ) ) ;
#1928 = ORIENTED_EDGE ( 'NONE', *, *, #557, .F. ) ;
#1929 = CARTESIAN_POINT ( 'NONE',  ( -29.99999999999999645, 12.05307515861107071, 0.6524045144888741543 ) ) ;
#1930 = ORIENTED_EDGE ( 'NONE', *, *, #3079, .T. ) ;
#1931 = B_SPLINE_CURVE_WITH_KNOTS ( 'NONE', 3,
 ( #818, #3896, #2041, #1407, #2017, #1118, #194, #1725, #2921, #2932, #790, #805 ),
 .UNSPECIFIED., .F., .F.,
 ( 4, 2, 2, 2, 2, 4 ),
 ( 0.000000000000000000, 0.0005208666486410784948, 0.001041733297282156990, 0.001562599945923235593, 0.001823033270243777388, 0.002083466594564319183 ),
 .UNSPECIFIED. ) ;
#1932 = DIRECTION ( 'NONE',  ( -1.000000000000000000, 0.000000000000000000, 0.000000000000000000 ) ) ;
#1933 = ORIENTED_EDGE ( 'NONE', *, *, #3728, .F. ) ;
#1934 = CARTESIAN_POINT ( 'NONE',  ( -15.00000000000000000, 6.123233995736765296E-16, 1.000000000000000000 ) ) ;
#1935 = CARTESIAN_POINT ( 'NONE',  ( -26.50000000000000355, -6.224949798994363626, 3.500000000000000000 ) ) ;
#1936 = FACE_BOUND ( 'NONE', #1202, .T. ) ;
#1937 = AXIS2_PLACEMENT_3D ( 'NONE', #2608, #3255, #1373 ) ;
#1938 = DIRECTION ( 'NONE',  ( 1.000000000000000000, 1.156482317317871478E-16, -0.000000000000000000 ) ) ;
#1939 = DIRECTION ( 'NONE',  ( 0.000000000000000000, 0.000000000000000000, -1.000000000000000000 ) ) ;
#1940 = CARTESIAN_POINT ( 'NONE',  ( -20.95676529166179236, 24.54434693688648395, 0.3536713540065607453 ) ) ;
#1941 = CARTESIAN_POINT ( 'NONE',  ( -25.50000000000000355, 8.351646544245030057, 3.500000000000000000 ) ) ;
#1942 = TOROIDAL_SURFACE ( 'NONE', #2086, 54.00000000000000000, 1.000000000000000000 ) ;
#1943 = EDGE_CURVE ( 'NONE', #229, #1586, #25, .T. ) ;
#1944 = CONICAL_SURFACE ( 'NONE', #281, 4.000000000000000000, 0.7853981633974479459 ) ;
#1945 = CARTESIAN_POINT ( 'NONE',  ( 0.000000000000000000, 1.040834085586084257E-14, 2.500000000000000000 ) ) ;
#1946 = CARTESIAN_POINT ( 'NONE',  ( 30.00000000000000355, 12.27481605397393949, 0.7800828595519105901 ) ) ;
#1947 = DIRECTION ( 'NONE',  ( 1.000000000000000000, 1.156482317317871478E-16, 0.000000000000000000 ) ) ;
#1948 = CARTESIAN_POINT ( 'NONE',  ( -2.249999999999999556, 2.755455298081543792E-16, 3.249999999999999556 ) ) ;
#1949 = CARTESIAN_POINT ( 'NONE',  ( 20.22354360557504194, 20.08129189154437810, 3.500000000000000000 ) ) ;
#1950 = CARTESIAN_POINT ( 'NONE',  ( 0.000000000000000000, 0.000000000000000000, 5.000000000000000000 ) ) ;
#1951 = CARTESIAN_POINT ( 'NONE',  ( -26.18850446155489209, 6.960261960729848596, 3.234067787263040117 ) ) ;
#1952 = EDGE_CURVE ( 'NONE', #1717, #408, #2740, .T. ) ;
#1953 = CARTESIAN_POINT ( 'NONE',  ( -29.99999999999998934, 12.00202428952943556, 0.3695350042416550851 ) ) ;
#1954 = B_SPLINE_CURVE_WITH_KNOTS ( 'NONE', 3,
 ( #1476, #3665, #1816, #1896, #3678, #3645, #38, #3989, #2125, #666, #3358, #2140, #2823, #3963 ),
 .UNSPECIFIED., .F., .F.,
 ( 4, 2, 2, 2, 2, 2, 4 ),
 ( -6.920605271413219545E-06, 0.0003305574706357315446, 0.0006680355465428763689, 0.001342991698357163741, 0.002017947850171450570, 0.002355425926078595720, 0.002692904001985740436 ),
 .UNSPECIFIED. ) ;
#1955 = CYLINDRICAL_SURFACE ( 'NONE', #1937, 0.5000000000000004441 ) ;
#1956 = EDGE_LOOP ( 'NONE', ( #758, #782, #2154, #72 ) ) ;
#1957 = DIRECTION ( 'NONE',  ( -1.000000000000000000, -3.552713678800500929E-15, 0.000000000000000000 ) ) ;
#1958 = CARTESIAN_POINT ( 'NONE',  ( 30.00000000000000355, 11.32434344573232465, 0.08411405904834695635 ) ) ;
#1959 = ORIENTED_EDGE ( 'NONE', *, *, #3412, .T. ) ;
#1960 = ORIENTED_EDGE ( 'NONE', *, *, #2652, .F. ) ;
#1961 = ORIENTED_EDGE ( 'NONE', *, *, #1692, .F. ) ;
#1962 = CARTESIAN_POINT ( 'NONE',  ( 30.00000000000000355, 12.05176385592546495, 4.348128011146989991 ) ) ;
#1963 = CARTESIAN_POINT ( 'NONE',  ( 25.00000000000000000, 6.123233995736765296E-16, 2.000000000000000000 ) ) ;
#1964 = ORIENTED_EDGE ( 'NONE', *, *, #2733, .T. ) ;
#1965 = DIRECTION ( 'NONE',  ( -1.000000000000000000, -1.156482317317871478E-16, 0.000000000000000000 ) ) ;
#1966 = CYLINDRICAL_SURFACE ( 'NONE', #1170, 32.50000000000000000 ) ;
#1967 = EDGE_CURVE ( 'NONE', #2498, #3249, #320, .T. ) ;
#1968 = TOROIDAL_SURFACE ( 'NONE', #74, 54.00000000000000711, 1.000000000000000000 ) ;
#1969 = EDGE_LOOP ( 'NONE', ( #836, #2867, #2253, #1564, #3228, #1177, #1960, #508 ) ) ;
#1970 = CARTESIAN_POINT ( 'NONE',  ( 20.46007229916204651, -21.24085378148410541, 2.643684733104489482 ) ) ;
#1971 = DIRECTION ( 'NONE',  ( 0.000000000000000000, 0.000000000000000000, -1.000000000000000000 ) ) ;
#1972 = ORIENTED_EDGE ( 'NONE', *, *, #3987, .F. ) ;
#1973 = EDGE_CURVE ( 'NONE', #646, #1384, #184, .T. ) ;
#1974 = CARTESIAN_POINT ( 'NONE',  ( 30.00000000000000355, 11.04536101718727004, 0.000000000000000000 ) ) ;
#1975 = DIRECTION ( 'NONE',  ( 0.000000000000000000, 0.000000000000000000, -1.000000000000000000 ) ) ;
#1976 = DESIGN_CONTEXT ( 'detailed design', #1274, 'design' ) ;
#1977 = ORIENTED_EDGE ( 'NONE', *, *, #2100, .F. ) ;
#1978 = CARTESIAN_POINT ( 'NONE',  ( 0.000000000000000000, 1.040834085586084257E-14, 3.500000000000000000 ) ) ;
#1979 = CARTESIAN_POINT ( 'NONE',  ( 0.000000000000000000, 72.30205676561918438, 3.500000000000000000 ) ) ;
#1980 = CARTESIAN_POINT ( 'NONE',  ( 26.47317495991171299, 12.95527653992260397, 2.765293306099375847 ) ) ;
#1981 = ORIENTED_EDGE ( 'NONE', *, *, #3699, .F. ) ;
#1982 = CARTESIAN_POINT ( 'NONE',  ( 11.00000000000000178, 0.000000000000000000, 3.500000000000000000 ) ) ;
#1983 = DIRECTION ( 'NONE',  ( -1.000000000000000000, 0.000000000000000000, 0.000000000000000000 ) ) ;
#1984 = FACE_OUTER_BOUND ( 'NONE', #950, .T. ) ;
#1985 = ORIENTED_EDGE ( 'NONE', *, *, #689, .F. ) ;
#1986 = DIRECTION ( 'NONE',  ( -1.000000000000000000, 0.000000000000000000, 0.000000000000000000 ) ) ;
#1987 = FACE_OUTER_BOUND ( 'NONE', #2775, .T. ) ;
#1988 = CARTESIAN_POINT ( 'NONE',  ( 0.000000000000000000, 0.000000000000000000, 2.500000000000000000 ) ) ;
#1989 = DIRECTION ( 'NONE',  ( 0.000000000000000000, 0.000000000000000000, -1.000000000000000000 ) ) ;
#1990 = EDGE_CURVE ( 'NONE', #2285, #3600, #2700, .T. ) ;
#1991 = CARTESIAN_POINT ( 'NONE',  ( 0.000000000000000000, 1.040834085586084257E-14, 2.500000000000000000 ) ) ;
#1992 = CARTESIAN_POINT ( 'NONE',  ( 20.46185475464040593, -21.24999999999998934, 3.500000000000000000 ) ) ;
#1993 = VECTOR ( 'NONE', #3139, 1000.000000000000000 ) ;
#1994 = DIRECTION ( 'NONE',  ( -1.000000000000000000, 0.000000000000000000, 0.000000000000000000 ) ) ;
#1995 = CARTESIAN_POINT ( 'NONE',  ( 20.00000000000000000, 0.000000000000000000, 3.500000000000000000 ) ) ;
#1996 = CARTESIAN_POINT ( 'NONE',  ( -20.51342417587719424, 21.51660145710481586, 0.3510816226445659383 ) ) ;
#1997 = DIRECTION ( 'NONE',  ( 0.000000000000000000, -1.000000000000000000, 0.000000000000000000 ) ) ;
#1998 = DIRECTION ( 'NONE',  ( 0.000000000000000000, 0.000000000000000000, -1.000000000000000000 ) ) ;
#1999 = CARTESIAN_POINT ( 'NONE',  ( 20.67973710538567289, 22.41870810845566453, 0.000000000000000000 ) ) ;
#2000 = DIRECTION ( 'NONE',  ( -0.000000000000000000, -0.000000000000000000, -1.000000000000000000 ) ) ;
#2001 = VECTOR ( 'NONE', #2938, 1000.000000000000000 ) ;
#2002 = ORIENTED_EDGE ( 'NONE', *, *, #2152, .T. ) ;
#2003 = AXIS2_PLACEMENT_3D ( 'NONE', #1495, #3670, #3067 ) ;
#2004 = CARTESIAN_POINT ( 'NONE',  ( -20.44793170819102812, -21.17877776223022224, 2.850662371083944713 ) ) ;
#2005 = ORIENTED_EDGE ( 'NONE', *, *, #2425, .T. ) ;
#2006 = CARTESIAN_POINT ( 'NONE',  ( 20.46185475464040593, 21.25000000000000711, 1.000000000000000000 ) ) ;
#2007 = ORIENTED_EDGE ( 'NONE', *, *, #1606, .F. ) ;
#2008 = ORIENTED_EDGE ( 'NONE', *, *, #1599, .F. ) ;
#2009 = LINE ( 'NONE', #2574, #3849 ) ;
#2010 = CARTESIAN_POINT ( 'NONE',  ( 25.50000000000000355, 12.72792206135785875, 3.500000000000000000 ) ) ;
#2011 = AXIS2_PLACEMENT_3D ( 'NONE', #3974, #3351, #3381 ) ;
#2012 = LOCAL_TIME ( 20, 7, 49.00000000000000000, #1276 ) ;
#2013 = ORIENTED_EDGE ( 'NONE', *, *, #2128, .T. ) ;
#2014 = CARTESIAN_POINT ( 'NONE',  ( 26.50000000000000711, 0.000000000000000000, 1.000000000000000000 ) ) ;
#2015 = CARTESIAN_POINT ( 'NONE',  ( -29.49999999999999645, -12.39959676763724516, 5.000000000000000000 ) ) ;
#2016 = EDGE_CURVE ( 'NONE', #2720, #3702, #2746, .T. ) ;
#2017 = CARTESIAN_POINT ( 'NONE',  ( 29.74153617893829704, -11.86305042057736969, 0.1368608157109989509 ) ) ;
#2018 = DIRECTION ( 'NONE',  ( 0.000000000000000000, 0.000000000000000000, -1.000000000000000000 ) ) ;
#2019 = EDGE_LOOP ( 'NONE', ( #80, #11, #2223, #2021 ) ) ;
#2020 = DIRECTION ( 'NONE',  ( -1.000000000000000000, 0.000000000000000000, 0.000000000000000000 ) ) ;
#2021 = ORIENTED_EDGE ( 'NONE', *, *, #2249, .T. ) ;
#2022 =( BOUNDED_SURFACE ( )  B_SPLINE_SURFACE ( 3, 2, ( 
 ( #1301, #726, #40 ),
 ( #2850, #3173, #82 ),
 ( #409, #3818, #1607 ),
 ( #975, #1313, #2229 ),
 ( #2864, #361, #94 ),
 ( #1653, #2537, #1962 ),
 ( #3184, #2571, #3471 ),
 ( #2266, #681, #3456 ),
 ( #3482, #2878, #3142 ),
 ( #1034, #1591, #1624 ),
 ( #3198, #1287, #3438 ),
 ( #3762, #1639, #1907 ) ),
 .UNSPECIFIED., .F., .F., .T. ) 
 B_SPLINE_SURFACE_WITH_KNOTS ( ( 4, 2, 2, 2, 2, 4 ),
 ( 3, 3 ),
 ( 0.002750769764594428700, 0.002942687565573970290, 0.003134605366553511879, 0.003518440968512595059, 0.003902276570471678238, 0.004286112172430761418 ),
 ( 0.000000000000000000, 1.000000000000000000 ),
 .UNSPECIFIED. ) 
 GEOMETRIC_REPRESENTATION_ITEM ( )  RATIONAL_B_SPLINE_SURFACE ( (
 ( 1.000000000000000000, 0.9802741963348827747, 1.000000000000000000),
 ( 1.000000000000000000, 0.9803193797973998036, 1.000000000000000000),
 ( 1.000000000000000000, 0.9740355190702738586, 1.000000000000000000),
 ( 1.000000000000000000, 0.9578581362160893953, 1.000000000000000000),
 ( 1.000000000000000000, 0.9478895942032569133, 1.000000000000000000),
 ( 1.000000000000000000, 0.9164727182498777491, 1.000000000000000000),
 ( 1.000000000000000000, 0.8928875722684471716, 1.000000000000000000),
 ( 1.000000000000000000, 0.8440100366996051706, 1.000000000000000000),
 ( 1.000000000000000000, 0.8184967140606280722, 1.000000000000000000),
 ( 1.000000000000000000, 0.7649263232604424090, 1.000000000000000000),
 ( 1.000000000000000000, 0.7368643160741596976, 1.000000000000000000),
 ( 1.000000000000000000, 0.7071067811865475727, 1.000000000000000000) ) ) 
 REPRESENTATION_ITEM ( '' )  SURFACE ( )  );
#2023 = CARTESIAN_POINT ( 'NONE',  ( -21.20535255374714723, -24.62890625000000000, 0.8567537895451157182 ) ) ;
#2024 = ORIENTED_EDGE ( 'NONE', *, *, #3201, .T. ) ;
#2025 = CARTESIAN_POINT ( 'NONE',  ( 20.66723811406318490, 24.75000000000001066, 4.350346466726068506 ) ) ;
#2026 = CARTESIAN_POINT ( 'NONE',  ( 30.00000000000000355, 12.22184126553436201, 0.7446354765926724850 ) ) ;
#2027 = CIRCLE ( 'NONE', #2364, 28.50000000000000000 ) ;
#2028 = DIRECTION ( 'NONE',  ( -0.000000000000000000, 0.000000000000000000, 1.000000000000000000 ) ) ;
#2029 = CARTESIAN_POINT ( 'NONE',  ( -29.96093749999999645, 12.59334046713158806, 3.999999999999998224 ) ) ;
#2030 = CARTESIAN_POINT ( 'NONE',  ( 0.000000000000000000, 0.000000000000000000, 4.000000000000000000 ) ) ;
#2031 = ADVANCED_FACE ( 'NONE', ( #3093 ), #1894, .F. ) ;
#2032 = AXIS2_PLACEMENT_3D ( 'NONE', #3118, #656, #1850 ) ;
#2033 = CARTESIAN_POINT ( 'NONE',  ( -26.50000000000000711, 12.96148139681573142, 0.8662132193936289415 ) ) ;
#2034 = CIRCLE ( 'NONE', #1064, 54.00000000000000711 ) ;
#2035 = CARTESIAN_POINT ( 'NONE',  ( 20.33016662511609596, -24.74999999999998934, 4.912323231978652061 ) ) ;
#2036 = CARTESIAN_POINT ( 'NONE',  ( 20.22381764776037016, 24.29168654096656255, 5.000000000000000888 ) ) ;
#2037 = EDGE_CURVE ( 'NONE', #1866, #3013, #3057, .T. ) ;
#2038 = DIRECTION ( 'NONE',  ( -0.000000000000000000, 0.000000000000000000, 1.000000000000000000 ) ) ;
#2039 = CARTESIAN_POINT ( 'NONE',  ( 20.73724113122343127, -24.74999999999998579, 0.7010883622346593125 ) ) ;
#2040 = CIRCLE ( 'NONE', #1397, 3.707106781186546574 ) ;
#2041 = CARTESIAN_POINT ( 'NONE',  ( 29.59801634516816904, -11.37937063805044602, 0.01612734167650380426 ) ) ;
#2042 = CARTESIAN_POINT ( 'NONE',  ( -29.99999999999999645, 11.18347951703818666, 4.959610265333210144 ) ) ;
#2043 = EDGE_CURVE ( 'NONE', #1569, #176, #373, .T. ) ;
#2044 = CARTESIAN_POINT ( 'NONE',  ( 0.000000000000000000, 1.040834085586084257E-14, 1.000000000000000000 ) ) ;
#2045 = CARTESIAN_POINT ( 'NONE',  ( 20.57541986057811201, -24.41349599801139192, 0.08914615823275574835 ) ) ;
#2046 = CARTESIAN_POINT ( 'NONE',  ( 29.74166611737319954, 11.86348673549391819, 0.1369943986493877275 ) ) ;
#2047 = LINE ( 'NONE', #1485, #3884 ) ;
#2048 = EDGE_LOOP ( 'NONE', ( #755, #1688, #3123, #2439, #3264, #2217, #3497, #491 ) ) ;
#2049 = DIRECTION ( 'NONE',  ( 1.000000000000000000, 1.776356839400250465E-15, 0.000000000000000000 ) ) ;
#2050 = CARTESIAN_POINT ( 'NONE',  ( 21.20535255374722894, 24.62890625000001066, 4.000000000000015987 ) ) ;
#2051 = ADVANCED_FACE ( 'NONE', ( #724 ), #3521, .T. ) ;
#2052 = ORIENTED_EDGE ( 'NONE', *, *, #3813, .T. ) ;
#2053 = ORIENTED_EDGE ( 'NONE', *, *, #1967, .T. ) ;
#2054 = ORIENTED_EDGE ( 'NONE', *, *, #1284, .F. ) ;
#2055 = ORIENTED_EDGE ( 'NONE', *, *, #2043, .T. ) ;
#2056 = DIRECTION ( 'NONE',  ( 0.000000000000000000, 1.000000000000000000, 0.000000000000000000 ) ) ;
#2057 = ORIENTED_EDGE ( 'NONE', *, *, #2783, .T. ) ;
#2058 = CIRCLE ( 'NONE', #352, 1.000000000000000888 ) ;
#2059 = DIRECTION ( 'NONE',  ( -0.000000000000000000, -0.000000000000000000, -1.000000000000000000 ) ) ;
#2060 = ORIENTED_EDGE ( 'NONE', *, *, #2853, .F. ) ;
#2061 = AXIS2_PLACEMENT_3D ( 'NONE', #3088, #3056, #3660 ) ;
#2062 = PLANE ( 'NONE',  #101 ) ;
#2063 = EDGE_LOOP ( 'NONE', ( #1797, #3423, #3766, #2013 ) ) ;
#2064 = DIRECTION ( 'NONE',  ( -1.000000000000000000, 0.000000000000000000, 0.000000000000000000 ) ) ;
#2065 = CARTESIAN_POINT ( 'NONE',  ( -20.27265739383142318, 24.75000000000000355, 0.5085653352420744788 ) ) ;
#2066 = ORIENTED_EDGE ( 'NONE', *, *, #2473, .F. ) ;
#2067 = EDGE_CURVE ( 'NONE', #3270, #2732, #2138, .T. ) ;
#2068 = CARTESIAN_POINT ( 'NONE',  ( -29.83128930526491374, 12.16306376593750649, 4.709665924662584935 ) ) ;
#2069 = DIRECTION ( 'NONE',  ( 0.000000000000000000, 0.000000000000000000, 1.000000000000000000 ) ) ;
#2070 = EDGE_LOOP ( 'NONE', ( #3589, #2684, #713, #1835 ) ) ;
#2071 = CARTESIAN_POINT ( 'NONE',  ( 29.93606912241338947, 12.51101490016819717, 4.336953923224596608 ) ) ;
#2072 = ADVANCED_FACE ( 'NONE', ( #3826 ), #1055, .F. ) ;
#2073 = DIRECTION ( 'NONE',  ( 0.000000000000000000, 0.000000000000000000, -1.000000000000000000 ) ) ;
#2074 = CARTESIAN_POINT ( 'NONE',  ( 29.83128930526492439, 12.16306376593749050, 0.2903340753374230032 ) ) ;
#2075 = CYLINDRICAL_SURFACE ( 'NONE', #1429, 55.00000000000000000 ) ;
#2076 = CARTESIAN_POINT ( 'NONE',  ( 21.20535255374715078, -24.62890624999999289, 4.000000000000000000 ) ) ;
#2077 = DIRECTION ( 'NONE',  ( 1.000000000000000000, 0.000000000000000000, 0.000000000000000000 ) ) ;
#2078 = CARTESIAN_POINT ( 'NONE',  ( 21.00190003588974363, 24.55972672576347904, 4.598336859958662259 ) ) ;
#2079 = CARTESIAN_POINT ( 'NONE',  ( -20.87911628131966069, 24.75000000000000355, 0.9148588569162489081 ) ) ;
#2080 = CYLINDRICAL_SURFACE ( 'NONE', #1883, 29.50000000000000355 ) ;
#2081 = AXIS2_PLACEMENT_3D ( 'NONE', #716, #2247, #379 ) ;
#2082 = CARTESIAN_POINT ( 'NONE',  ( -29.93616480193924545, -12.51133176918622958, 4.336241319076590273 ) ) ;
#2083 = CARTESIAN_POINT ( 'NONE',  ( -20.27396266321876084, 24.74999999999999645, 4.499999999999999112 ) ) ;
#2084 = CARTESIAN_POINT ( 'NONE',  ( -29.99999999999999289, 11.73371889684609570, 4.763870735119622779 ) ) ;
#2085 = CARTESIAN_POINT ( 'NONE',  ( -26.99430149189200279, 4.842569014807665440, 0.1356910107250476338 ) ) ;
#2086 = AXIS2_PLACEMENT_3D ( 'NONE', #1442, #3948, #2689 ) ;
#2087 = LINE ( 'NONE', #963, #3688 ) ;
#2088 = CARTESIAN_POINT ( 'NONE',  ( 20.10441493801796753, -24.74999999999998579, 0.000000000000000000 ) ) ;
#2089 = CARTESIAN_POINT ( 'NONE',  ( 26.49999999999999645, 12.96148139681571898, 0.8662074791071893154 ) ) ;
#2090 = CARTESIAN_POINT ( 'NONE',  ( 21.15428779425665695, -24.61159645918939631, 4.335704574150776480 ) ) ;
#2091 = DIRECTION ( 'NONE',  ( -0.000000000000000000, -0.000000000000000000, -1.000000000000000000 ) ) ;
#2092 = EDGE_CURVE ( 'NONE', #110, #2639, #1108, .T. ) ;
#2093 = CARTESIAN_POINT ( 'NONE',  ( 0.000000000000000000, 1.040834085586084257E-14, 2.500000000000000000 ) ) ;
#2094 = CARTESIAN_POINT ( 'NONE',  ( -21.00190003588985377, 24.55972672576341509, 0.4016631400413796515 ) ) ;
#2095 = ADVANCED_FACE ( 'NONE', ( #3726 ), #2080, .F. ) ;
#2096 = VECTOR ( 'NONE', #44, 1000.000000000000000 ) ;
#2097 = CARTESIAN_POINT ( 'NONE',  ( -29.99999999999998934, -11.73569390045779492, 4.763130217737880479 ) ) ;
#2098 = CARTESIAN_POINT ( 'NONE',  ( 20.87911636061258136, 24.25000000000001066, 1.000000000000000000 ) ) ;
#2099 = CARTESIAN_POINT ( 'NONE',  ( 21.17122122254214744, 24.61733923528093015, 4.283520360785368020 ) ) ;
#2100 = EDGE_CURVE ( 'NONE', #205, #1365, #522, .T. ) ;
#2101 = TOROIDAL_SURFACE ( 'NONE', #2011, 9.999999999999998224, 1.000000000000000000 ) ;
#2102 = CARTESIAN_POINT ( 'NONE',  ( -21.17088165380306464, 24.61722389788899790, 4.284414363192254882 ) ) ;
#2103 = VERTEX_POINT ( 'NONE', #203 ) ;
#2104 = CARTESIAN_POINT ( 'NONE',  ( 20.76404505467631623, -24.74999999999998934, 0.7340699861777739699 ) ) ;
#2105 = LINE ( 'NONE', #1992, #3602 ) ;
#2106 = ORIENTED_EDGE ( 'NONE', *, *, #847, .T. ) ;
#2107 = CARTESIAN_POINT ( 'NONE',  ( 20.76385132569577507, -24.74999999999998934, 4.266133807511118370 ) ) ;
#2108 = EDGE_LOOP ( 'NONE', ( #610, #3758, #1871, #901, #1459, #3655, #2619, #2106 ) ) ;
#2109 = AXIS2_PLACEMENT_3D ( 'NONE', #1311, #1297, #372 ) ;
#2110 = EDGE_LOOP ( 'NONE', ( #3037, #1638, #1561, #210 ) ) ;
#2111 = LINE ( 'NONE', #262, #1272 ) ;
#2112 = DIRECTION ( 'NONE',  ( -0.000000000000000000, -0.000000000000000000, -1.000000000000000000 ) ) ;
#2113 = CARTESIAN_POINT ( 'NONE',  ( 20.27254866874654482, 24.75000000000001776, 4.491445485782201708 ) ) ;
#2114 = PERSON_AND_ORGANIZATION ( #1854, #3122 ) ;
#2115 = ORIENTED_EDGE ( 'NONE', *, *, #168, .T. ) ;
#2116 = AXIS2_PLACEMENT_3D ( 'NONE', #2599, #1363, #3529 ) ;
#2117 = CARTESIAN_POINT ( 'NONE',  ( -29.71203409991012734, -11.76402059448108162, 4.896890509012265191 ) ) ;
#2118 = DIRECTION ( 'NONE',  ( 0.000000000000000000, 0.000000000000000000, 1.000000000000000000 ) ) ;
#2119 = ORIENTED_EDGE ( 'NONE', *, *, #1768, .F. ) ;
#2120 = ADVANCED_FACE ( 'NONE', ( #1987 ), #1942, .T. ) ;
#2121 = CARTESIAN_POINT ( 'NONE',  ( 30.00000000000000355, -12.31230815609464102, 0.6016043937556667665 ) ) ;
#2122 = ORIENTED_EDGE ( 'NONE', *, *, #2913, .T. ) ;
#2123 = EDGE_CURVE ( 'NONE', #2550, #3964, #2227, .T. ) ;
#2124 = DIRECTION ( 'NONE',  ( 7.008983741320432232E-17, 1.000000000000000000, 0.000000000000000000 ) ) ;
#2125 = CARTESIAN_POINT ( 'NONE',  ( 26.27391868357608828, 6.766839492108383425, 3.149276883475559785 ) ) ;
#2126 = ORIENTED_EDGE ( 'NONE', *, *, #3972, .T. ) ;
#2127 = DIRECTION ( 'NONE',  ( 1.000000000000000000, 0.000000000000000000, 0.000000000000000000 ) ) ;
#2128 = EDGE_CURVE ( 'NONE', #1774, #3945, #3479, .T. ) ;
#2129 = ORIENTED_EDGE ( 'NONE', *, *, #1040, .T. ) ;
#2130 = CARTESIAN_POINT ( 'NONE',  ( -29.59747193636493989, -11.37752203149703334, 4.984048318704110692 ) ) ;
#2131 = DIRECTION ( 'NONE',  ( 1.000000000000000000, 0.000000000000000000, 0.000000000000000000 ) ) ;
#2132 = CARTESIAN_POINT ( 'NONE',  ( 20.64321322807698067, 24.43698985532772028, 4.909853345195190677 ) ) ;
#2133 = CARTESIAN_POINT ( 'NONE',  ( 29.50000000000000355, -11.04536101718724161, 5.000000000000000888 ) ) ;
#2134 = CIRCLE ( 'NONE', #264, 1.000000000000000000 ) ;
#2135 = CARTESIAN_POINT ( 'NONE',  ( 30.00000000000000355, 12.39959676763724516, 1.000000000000000000 ) ) ;
#2136 = DIRECTION ( 'NONE',  ( 1.000000000000000000, 0.000000000000000000, 0.000000000000000000 ) ) ;
#2137 = B_SPLINE_CURVE_WITH_KNOTS ( 'NONE', 3,
 ( #1758, #1165, #195, #820, #549, #3325, #3592, #3029, #1425, #494 ),
 .UNSPECIFIED., .F., .F.,
 ( 4, 2, 2, 2, 4 ),
 ( 3.477293960336810757E-18, 0.0004266502771427313880, 0.0008533005542854593065, 0.001279950831428187333, 0.001706601108570915144 ),
 .UNSPECIFIED. ) ;
#2138 = LINE ( 'NONE', #1793, #426 ) ;
#2139 = CARTESIAN_POINT ( 'NONE',  ( -20.66696653399105088, 24.75000000000000355, 4.350521399541969814 ) ) ;
#2140 = CARTESIAN_POINT ( 'NONE',  ( 26.47909046152334867, 6.277180779532035793, 2.723062638557464332 ) ) ;
#2141 = CIRCLE ( 'NONE', #2595, 1.000000000000000000 ) ;
#2142 = DIRECTION ( 'NONE',  ( 1.000000000000000000, 0.000000000000000000, 0.000000000000000000 ) ) ;
#2143 = ADVANCED_FACE ( 'NONE', ( #2649 ), #577, .T. ) ;
#2144 = FACE_OUTER_BOUND ( 'NONE', #3946, .T. ) ;
#2145 = AXIS2_PLACEMENT_3D ( 'NONE', #961, #1572, #1895 ) ;
#2146 = FACE_OUTER_BOUND ( 'NONE', #2333, .T. ) ;
#2147 = CARTESIAN_POINT ( 'NONE',  ( -20.33154842082652891, -24.74999999999998934, 4.911634944536106495 ) ) ;
#2148 = DIRECTION ( 'NONE',  ( 0.000000000000000000, 0.000000000000000000, -1.000000000000000000 ) ) ;
#2149 = CARTESIAN_POINT ( 'NONE',  ( 26.63648277511213891, 5.876530281372569497, 0.4832203293349653928 ) ) ;
#2150 = AXIS2_PLACEMENT_3D ( 'NONE', #1350, #1082, #3565 ) ;
#2151 = DIRECTION ( 'NONE',  ( 1.000000000000000000, 0.000000000000000000, 0.000000000000000000 ) ) ;
#2152 = EDGE_CURVE ( 'NONE', #2720, #545, #1851, .T. ) ;
#2153 = VECTOR ( 'NONE', #735, 999.9999999999998863 ) ;
#2154 = ORIENTED_EDGE ( 'NONE', *, *, #1631, .F. ) ;
#2155 = CARTESIAN_POINT ( 'NONE',  ( -29.99999999999999645, 0.000000000000000000, 5.000000000000000000 ) ) ;
#2156 = CARTESIAN_POINT ( 'NONE',  ( 20.10441493801797108, 24.75000000000001066, -1.235990476633475055E-14 ) ) ;
#2157 = ORIENTED_EDGE ( 'NONE', *, *, #902, .T. ) ;
#2158 = ORIENTED_EDGE ( 'NONE', *, *, #1187, .F. ) ;
#2159 = VERTEX_POINT ( 'NONE', #3584 ) ;
#2160 = CARTESIAN_POINT ( 'NONE',  ( 0.000000000000000000, -72.30205676561914174, 2.500000000000000000 ) ) ;
#2161 = ADVANCED_FACE ( 'NONE', ( #1389 ), #3683, .T. ) ;
#2162 = CARTESIAN_POINT ( 'NONE',  ( 20.10441493801796753, -24.74999999999998934, 0.5000000000000000000 ) ) ;
#2163 = ORIENTED_EDGE ( 'NONE', *, *, #1952, .T. ) ;
#2164 = ORIENTED_EDGE ( 'NONE', *, *, #2092, .T. ) ;
#2165 = AXIS2_PLACEMENT_3D ( 'NONE', #2947, #3549, #1711 ) ;
#2166 = AXIS2_PLACEMENT_3D ( 'NONE', #588, #1172, #1541 ) ;
#2167 = ORIENTED_EDGE ( 'NONE', *, *, #3965, .T. ) ;
#2168 = ORIENTED_EDGE ( 'NONE', *, *, #2300, .F. ) ;
#2169 = CARTESIAN_POINT ( 'NONE',  ( -20.10441493801795687, -24.24999999999999645, 5.000000000000000888 ) ) ;
#2170 = DIRECTION ( 'NONE',  ( -7.008983741320432232E-17, -1.000000000000000000, 0.000000000000000000 ) ) ;
#2171 = ORIENTED_EDGE ( 'NONE', *, *, #270, .T. ) ;
#2172 = CARTESIAN_POINT ( 'NONE',  ( -26.63648732469570390, 5.876518359261132751, 0.4832123979981928219 ) ) ;
#2173 = EDGE_CURVE ( 'NONE', #502, #1156, #669, .T. ) ;
#2174 = CARTESIAN_POINT ( 'NONE',  ( 20.67973710538569065, -22.41870810845564321, 0.000000000000000000 ) ) ;
#2175 = CARTESIAN_POINT ( 'NONE',  ( -20.57511587951530174, -24.41339177783995495, 0.08895182279904112477 ) ) ;
#2176 = EDGE_CURVE ( 'NONE', #252, #789, #1104, .T. ) ;
#2177 = VECTOR ( 'NONE', #2091, 1000.000000000000000 ) ;
#2178 = CARTESIAN_POINT ( 'NONE',  ( -20.99581086363582827, -24.55763403345141782, 4.591035833823108092 ) ) ;
#2179 = B_SPLINE_CURVE_WITH_KNOTS ( 'NONE', 3,
 ( #212, #3957, #2996, #2071, #1409, #1786, #2378, #510, #521, #2685, #1152, #3310 ),
 .UNSPECIFIED., .F., .F.,
 ( 4, 2, 2, 2, 2, 4 ),
 ( 0.000000000000000000, 0.0002627124385888821327, 0.0005254248771777642654, 0.001050849754355532217, 0.001576274631533300385, 0.002101699508711068337 ),
 .UNSPECIFIED. ) ;
#2180 = CARTESIAN_POINT ( 'NONE',  ( -20.90166573697552721, 24.52552118788928581, 4.701042846294566147 ) ) ;
#2181 = VECTOR ( 'NONE', #473, 1000.000000000000000 ) ;
#2182 = AXIS2_PLACEMENT_3D ( 'NONE', #1151, #1449, #3624 ) ;
#2183 = CARTESIAN_POINT ( 'NONE',  ( -26.29530952359059626, -12.91403587722693480, 3.120048783905107204 ) ) ;
#2184 = CARTESIAN_POINT ( 'NONE',  ( 20.00000000000000000, 0.000000000000000000, 1.000000000000000000 ) ) ;
#2185 = CARTESIAN_POINT ( 'NONE',  ( -26.29530952359059626, 12.91403587722695434, 3.120048783905107204 ) ) ;
#2186 = CARTESIAN_POINT ( 'NONE',  ( 21.02402132504440857, 24.75000000000000711, 0.7358564425543847598 ) ) ;
#2187 = DIRECTION ( 'NONE',  ( 0.000000000000000000, 0.000000000000000000, 1.000000000000000000 ) ) ;
#2188 = CARTESIAN_POINT ( 'NONE',  ( -29.66899786498818514, -11.61922076216104927, 0.06335416955294827235 ) ) ;
#2189 = LINE ( 'NONE', #469, #2572 ) ;
#2190 = EDGE_CURVE ( 'NONE', #393, #3362, #2027, .T. ) ;
#2191 = DIRECTION ( 'NONE',  ( 0.000000000000000000, 1.000000000000000000, 0.000000000000000000 ) ) ;
#2192 = CARTESIAN_POINT ( 'NONE',  ( 30.00000000000000355, -11.55387445731960305, 0.5317587039077592559 ) ) ;
#2193 = TOROIDAL_SURFACE ( 'NONE', #3297, 30.50000000000000355, 1.000000000000000000 ) ;
#2194 =( BOUNDED_SURFACE ( )  B_SPLINE_SURFACE ( 3, 2, ( 
 ( #3638, #3924, #3653 ),
 ( #2427, #1481, #879 ),
 ( #1798, #3006, #1811 ),
 ( #1783, #3970, #3953 ),
 ( #573, #2097, #2117 ),
 ( #3937, #2388, #244 ),
 ( #223, #2416, #531 ),
 ( #2734, #233, #561 ),
 ( #1191, #3291, #2978 ),
 ( #3608, #2402, #1434 ),
 ( #3038, #2705, #1767 ),
 ( #1204, #3054, #1251 ) ),
 .UNSPECIFIED., .F., .F., .T. ) 
 B_SPLINE_SURFACE_WITH_KNOTS ( ( 4, 2, 2, 2, 2, 4 ),
 ( 3, 3 ),
 ( 0.001222434444040308319, 0.001604518274178838577, 0.001986602104317369052, 0.002368685934455899526, 0.002559727849525164547, 0.002750769764594429567 ),
 ( 0.000000000000000000, 1.000000000000000000 ),
 .UNSPECIFIED. ) 
 GEOMETRIC_REPRESENTATION_ITEM ( )  RATIONAL_B_SPLINE_SURFACE ( (
 ( 1.000000000000000000, 0.7071067811865475727, 1.000000000000000000),
 ( 1.000000000000000000, 0.7366180164126872043, 1.000000000000000000),
 ( 1.000000000000000000, 0.7645997213498708645, 1.000000000000000000),
 ( 1.000000000000000000, 0.8183075997905228105, 1.000000000000000000),
 ( 1.000000000000000000, 0.8441787987583873054, 1.000000000000000000),
 ( 1.000000000000000000, 0.8933207538463223685, 1.000000000000000000),
 ( 1.000000000000000000, 0.9167192801536607760, 1.000000000000000000),
 ( 1.000000000000000000, 0.9480513268493141465, 1.000000000000000000),
 ( 1.000000000000000000, 0.9580209910270908180, 1.000000000000000000),
 ( 1.000000000000000000, 0.9741275387077518166, 1.000000000000000000),
 ( 1.000000000000000000, 0.9802363875129482818, 1.000000000000000000),
 ( 1.000000000000000000, 0.9802741963348827747, 1.000000000000000000) ) ) 
 REPRESENTATION_ITEM ( '' )  SURFACE ( )  );
#2195 = DIRECTION ( 'NONE',  ( 0.000000000000000000, 0.000000000000000000, -1.000000000000000000 ) ) ;
#2196 = ORIENTED_EDGE ( 'NONE', *, *, #16, .F. ) ;
#2197 = ORIENTED_EDGE ( 'NONE', *, *, #2225, .T. ) ;
#2198 = EDGE_CURVE ( 'NONE', #207, #2732, #1748, .T. ) ;
#2199 = DIRECTION ( 'NONE',  ( 1.000000000000000000, 0.000000000000000000, 0.000000000000000000 ) ) ;
#2200 = COORDINATED_UNIVERSAL_TIME_OFFSET ( 8, 0, .AHEAD. ) ;
#2201 = ORIENTED_EDGE ( 'NONE', *, *, #3535, .F. ) ;
#2202 = CARTESIAN_POINT ( 'NONE',  ( -26.50000000000000355, -12.96148139681570832, 2.500000000000000000 ) ) ;
#2203 = VERTEX_POINT ( 'NONE', #2648 ) ;
#2204 = FACE_OUTER_BOUND ( 'NONE', #800, .T. ) ;
#2205 = DIRECTION ( 'NONE',  ( 0.000000000000000000, 0.000000000000000000, 1.000000000000000000 ) ) ;
#2206 = DIRECTION ( 'NONE',  ( -1.000000000000000000, 0.000000000000000000, 0.000000000000000000 ) ) ;
#2207 = VECTOR ( 'NONE', #1965, 1000.000000000000000 ) ;
#2208 = CARTESIAN_POINT ( 'NONE',  ( 26.94572653205598911, 4.995529303028140689, 0.1652856939805467940 ) ) ;
#2209 = ORIENTED_EDGE ( 'NONE', *, *, #243, .F. ) ;
#2210 = CARTESIAN_POINT ( 'NONE',  ( -30.00000000000000000, 12.22262369990389885, 0.7451427842615141461 ) ) ;
#2211 = CARTESIAN_POINT ( 'NONE',  ( -26.18850446155489209, -6.960261960729848596, 3.234067787263040117 ) ) ;
#2212 = ORIENTED_EDGE ( 'NONE', *, *, #3384, .T. ) ;
#2213 = CARTESIAN_POINT ( 'NONE',  ( 20.34164698418711836, -20.64589189216549059, 3.413410566289354353 ) ) ;
#2214 = B_SPLINE_CURVE_WITH_KNOTS ( 'NONE', 3,
 ( #2419, #1843, #3086, #1230, #3392, #2724, #274, #2446 ),
 .UNSPECIFIED., .F., .F.,
 ( 4, 2, 2, 4 ),
 ( 0.000000000000000000, 0.0002557299565670583148, 0.0005114599131341166297, 0.001022919826268233259 ),
 .UNSPECIFIED. ) ;
#2215 = DIRECTION ( 'NONE',  ( 0.000000000000000000, -0.000000000000000000, -1.000000000000000000 ) ) ;
#2216 = AXIS2_PLACEMENT_3D ( 'NONE', #3190, #672, #1670 ) ;
#2217 = ORIENTED_EDGE ( 'NONE', *, *, #2801, .T. ) ;
#2218 = CARTESIAN_POINT ( 'NONE',  ( -30.00000000000000355, -12.36542789065608083, 4.124691588238384554 ) ) ;
#2219 = TOROIDAL_SURFACE ( 'NONE', #1302, 31.50000000000000000, 1.000000000000000000 ) ;
#2220 = AXIS2_PLACEMENT_3D ( 'NONE', #355, #402, #1971 ) ;
#2221 = CARTESIAN_POINT ( 'NONE',  ( -29.92227353309966631, 12.46531005552436966, 0.5892557577429861082 ) ) ;
#2222 = CARTESIAN_POINT ( 'NONE',  ( -20.10441493801796398, -24.24999999999999645, 0.000000000000000000 ) ) ;
#2223 = ORIENTED_EDGE ( 'NONE', *, *, #400, .F. ) ;
#2224 = CARTESIAN_POINT ( 'NONE',  ( -29.99999999999999289, 12.50040639843813928, 0.8983079352395944017 ) ) ;
#2225 = EDGE_CURVE ( 'NONE', #252, #3964, #1592, .T. ) ;
#2226 = VECTOR ( 'NONE', #3623, 1000.000000000000000 ) ;
#2227 = CIRCLE ( 'NONE', #2282, 0.5000000000000000000 ) ;
#2228 = CARTESIAN_POINT ( 'NONE',  ( 30.00000000000001066, 12.36476491769956354, 4.125722468458961067 ) ) ;
#2229 = CARTESIAN_POINT ( 'NONE',  ( 30.00000000000000355, 12.27555958415227266, 4.219257059385373765 ) ) ;
#2230 = CIRCLE ( 'NONE', #3690, 0.5000000000000004441 ) ;
#2231 = APPROVAL_STATUS ( 'not_yet_approved' ) ;
#2232 = CARTESIAN_POINT ( 'NONE',  ( -26.50000000000000355, -6.224949798994363626, 1.000000000000000000 ) ) ;
#2233 = CARTESIAN_POINT ( 'NONE',  ( -29.99999999999999289, -12.36906826475957999, 0.6600247406196712019 ) ) ;
#2234 = CARTESIAN_POINT ( 'NONE',  ( -30.00000000000000355, 12.39959676763726293, 0.9347921177027170847 ) ) ;
#2235 = CIRCLE ( 'NONE', #436, 6.000000000000000000 ) ;
#2236 = AXIS2_PLACEMENT_3D ( 'NONE', #182, #1074, #3248 ) ;
#2237 = CARTESIAN_POINT ( 'NONE',  ( -29.99999999999999645, 12.36526675082164495, 0.8750288438834278315 ) ) ;
#2238 = B_SPLINE_CURVE_WITH_KNOTS ( 'NONE', 3,
 ( #294, #1839, #616, #19, #2185, #918, #1559, #1508, #3390, #3995 ),
 .UNSPECIFIED., .F., .F.,
 ( 4, 2, 2, 2, 4 ),
 ( 0.000000000000000000, 0.0003958293023325214796, 0.0007916586046650429592, 0.001187487906997564385, 0.001583317209330085918 ),
 .UNSPECIFIED. ) ;
#2239 = CARTESIAN_POINT ( 'NONE',  ( 0.000000000000000000, 1.040834085586084257E-14, 4.000000000000000000 ) ) ;
#2240 = CARTESIAN_POINT ( 'NONE',  ( 30.00000000000000711, 11.18347951703838206, 0.04038973466633048737 ) ) ;
#2241 = AXIS2_PLACEMENT_3D ( 'NONE', #515, #175, #2077 ) ;
#2242 = CARTESIAN_POINT ( 'NONE',  ( 20.34157924866634914, 24.33260550760634544, 4.982869307364961031 ) ) ;
#2243 = VECTOR ( 'NONE', #748, 1000.000000000000000 ) ;
#2244 = DIRECTION ( 'NONE',  ( 1.000000000000000000, 0.000000000000000000, 0.000000000000000000 ) ) ;
#2245 = DIRECTION ( 'NONE',  ( 1.000000000000000000, 0.000000000000000000, 0.000000000000000000 ) ) ;
#2246 = ORIENTED_EDGE ( 'NONE', *, *, #1237, .T. ) ;
#2247 = DIRECTION ( 'NONE',  ( -0.000000000000000000, 0.000000000000000000, 1.000000000000000000 ) ) ;
#2248 = CARTESIAN_POINT ( 'NONE',  ( -26.27393029873733354, 6.766812686549024569, 3.149262379354528463 ) ) ;
#2249 = EDGE_CURVE ( 'NONE', #3249, #2351, #3681, .T. ) ;
#2250 = EDGE_LOOP ( 'NONE', ( #1141, #3800, #1003, #3251 ) ) ;
#2251 = CIRCLE ( 'NONE', #3319, 8.000000000000000000 ) ;
#2252 = CARTESIAN_POINT ( 'NONE',  ( 20.37383265806943911, -24.34406061972880408, 4.999999999999997335 ) ) ;
#2253 = ORIENTED_EDGE ( 'NONE', *, *, #2448, .F. ) ;
#2254 = EDGE_CURVE ( 'NONE', #120, #408, #3866, .T. ) ;
#2255 = VECTOR ( 'NONE', #1643, 1000.000000000000000 ) ;
#2256 = CARTESIAN_POINT ( 'NONE',  ( 20.87911636061260268, -24.74999999999998934, 4.085570096592390676 ) ) ;
#2257 = ORIENTED_EDGE ( 'NONE', *, *, #2961, .T. ) ;
#2258 = CARTESIAN_POINT ( 'NONE',  ( 30.00000000000000355, -11.04536101718724339, 0.4999999999999995559 ) ) ;
#2259 = CARTESIAN_POINT ( 'NONE',  ( -29.99999999999999645, -12.22002045158328087, 0.7434391480417806841 ) ) ;
#2260 = EDGE_LOOP ( 'NONE', ( #3897, #2856, #496, #1634 ) ) ;
#2261 = VERTEX_POINT ( 'NONE', #488 ) ;
#2262 = B_SPLINE_CURVE_WITH_KNOTS ( 'NONE', 3,
 ( #1062, #138, #2933, #1395, #3559, #1164, #166, #3912, #533, #225 ),
 .UNSPECIFIED., .F., .F.,
 ( 4, 2, 2, 2, 4 ),
 ( -6.607598541666468137E-06, 0.0008509356346941368034, 0.001279707251312042944, 0.001494093059620995581, 0.001708478867929948217 ),
 .UNSPECIFIED. ) ;
#2263 = DIRECTION ( 'NONE',  ( 1.000000000000000000, 0.000000000000000000, 0.000000000000000000 ) ) ;
#2264 = AXIS2_PLACEMENT_3D ( 'NONE', #93, #736, #2887 ) ;
#2265 = ORIENTED_EDGE ( 'NONE', *, *, #1256, .F. ) ;
#2266 = CARTESIAN_POINT ( 'NONE',  ( 29.71175567592749900, 11.76308280760817659, 4.897105230327088776 ) ) ;
#2267 = CIRCLE ( 'NONE', #495, 5.000000000000000888 ) ;
#2268 = AXIS2_PLACEMENT_3D ( 'NONE', #288, #1218, #898 ) ;
#2269 = CARTESIAN_POINT ( 'NONE',  ( 15.00000000000000000, 0.000000000000000000, 2.000000000000000000 ) ) ;
#2270 = DIRECTION ( 'NONE',  ( 0.000000000000000000, 0.000000000000000000, -1.000000000000000000 ) ) ;
#2271 = EDGE_CURVE ( 'NONE', #545, #2720, #275, .T. ) ;
#2272 = DIRECTION ( 'NONE',  ( -0.000000000000000000, 0.000000000000000000, 1.000000000000000000 ) ) ;
#2273 = CIRCLE ( 'NONE', #734, 4.414213562373094035 ) ;
#2274 = CARTESIAN_POINT ( 'NONE',  ( 20.87911636061258136, 24.75000000000001066, 5.000000000000000000 ) ) ;
#2275 = CARTESIAN_POINT ( 'NONE',  ( -29.99999999999999645, -12.39959676763724694, 0.9345434042139197928 ) ) ;
#2276 = CARTESIAN_POINT ( 'NONE',  ( 26.50000000000000711, 12.96148139681572076, 2.500000000000000000 ) ) ;
#2277 = AXIS2_PLACEMENT_3D ( 'NONE', #1535, #3991, #2142 ) ;
#2278 = CARTESIAN_POINT ( 'NONE',  ( -29.87318651744994469, -12.30241705528220564, 0.3906954278958273408 ) ) ;
#2279 = LINE ( 'NONE', #111, #635 ) ;
#2280 = CARTESIAN_POINT ( 'NONE',  ( -20.67973710538566223, 22.41870810845568940, 0.000000000000000000 ) ) ;
#2281 = FACE_OUTER_BOUND ( 'NONE', #907, .T. ) ;
#2282 = AXIS2_PLACEMENT_3D ( 'NONE', #2370, #1145, #3932 ) ;
#2283 = VERTEX_POINT ( 'NONE', #3646 ) ;
#2284 = ORIENTED_EDGE ( 'NONE', *, *, #3025, .F. ) ;
#2285 = VERTEX_POINT ( 'NONE', #2412 ) ;
#2286 = DIRECTION ( 'NONE',  ( -0.000000000000000000, 0.000000000000000000, 1.000000000000000000 ) ) ;
#2287 = CARTESIAN_POINT ( 'NONE',  ( -20.87911636061259557, -24.75000000000000000, 0.9144299034076103228 ) ) ;
#2288 = CALENDAR_DATE ( 2025, 16, 6 ) ;
#2289 = DIRECTION ( 'NONE',  ( 0.000000000000000000, 0.000000000000000000, -1.000000000000000000 ) ) ;
#2290 = ADVANCED_FACE ( 'NONE', ( #3824 ), #1648, .T. ) ;
#2291 = ORIENTED_EDGE ( 'NONE', *, *, #2377, .T. ) ;
#2292 = ORIENTED_EDGE ( 'NONE', *, *, #368, .F. ) ;
#2293 = CIRCLE ( 'NONE', #413, 29.50000000000000355 ) ;
#2294 = EDGE_CURVE ( 'NONE', #3073, #207, #3042, .T. ) ;
#2295 = LOCAL_TIME ( 20, 7, 49.00000000000000000, #1369 ) ;
#2296 = ORIENTED_EDGE ( 'NONE', *, *, #3935, .F. ) ;
#2297 = CARTESIAN_POINT ( 'NONE',  ( -29.74166611737319599, -11.86348673549391641, 0.1369943986493867005 ) ) ;
#2298 = CARTESIAN_POINT ( 'NONE',  ( 20.47049974879018563, 21.29438035075062530, 0.7179736286347893071 ) ) ;
#2299 = ORIENTED_EDGE ( 'NONE', *, *, #1237, .F. ) ;
#2300 = EDGE_CURVE ( 'NONE', #2445, #3600, #2646, .T. ) ;
#2301 = CARTESIAN_POINT ( 'NONE',  ( -25.50000000000000355, -8.351646544245030057, 3.500000000000000000 ) ) ;
#2302 = CARTESIAN_POINT ( 'NONE',  ( 20.53930432189810062, -24.74999999999999289, 4.798268115336659534 ) ) ;
#2303 = ORIENTED_EDGE ( 'NONE', *, *, #1740, .T. ) ;
#2304 = CARTESIAN_POINT ( 'NONE',  ( -20.37383265806943200, -24.34406061972882895, 9.035018104045896579E-17 ) ) ;
#2305 = CARTESIAN_POINT ( 'NONE',  ( -20.47049967723540576, -21.29437998288626233, 0.7179747771828525194 ) ) ;
#2306 = DIRECTION ( 'NONE',  ( -0.000000000000000000, -0.000000000000000000, -1.000000000000000000 ) ) ;
#2307 = DIRECTION ( 'NONE',  ( -0.000000000000000000, -0.000000000000000000, -1.000000000000000000 ) ) ;
#2308 =( GEOMETRIC_REPRESENTATION_CONTEXT ( 3 ) GLOBAL_UNCERTAINTY_ASSIGNED_CONTEXT ( ( #1470 ) ) GLOBAL_UNIT_ASSIGNED_CONTEXT ( ( #657, #3134, #3157 ) ) REPRESENTATION_CONTEXT ( 'NONE', 'WORKASPACE' ) );
#2309 = ORIENTED_EDGE ( 'NONE', *, *, #3488, .T. ) ;
#2310 = DIRECTION ( 'NONE',  ( 0.000000000000000000, -1.000000000000000000, 0.000000000000000000 ) ) ;
#2311 = VERTEX_POINT ( 'NONE', #1482 ) ;
#2312 = CARTESIAN_POINT ( 'NONE',  ( 20.62709493119924531, 24.43131833498487993, 0.1109124603298107803 ) ) ;
#2313 = AXIS2_PLACEMENT_3D ( 'NONE', #3633, #2957, #1112 ) ;
#2314 = PLANE ( 'NONE',  #3241 ) ;
#2315 = VECTOR ( 'NONE', #2428, 1000.000000000000000 ) ;
#2316 = DIRECTION ( 'NONE',  ( 1.000000000000000000, 1.156482317317871478E-16, 0.000000000000000000 ) ) ;
#2317 = CARTESIAN_POINT ( 'NONE',  ( -20.64136839188632067, -24.43635668974619435, 0.08894976341958077404 ) ) ;
#2318 = EDGE_CURVE ( 'NONE', #1365, #205, #913, .T. ) ;
#2319 = CARTESIAN_POINT ( 'NONE',  ( -29.99999999999999289, -11.92941100404744503, 0.6123585295447087073 ) ) ;
#2320 = VECTOR ( 'NONE', #3308, 1000.000000000000000 ) ;
#2321 = VECTOR ( 'NONE', #1121, 1000.000000000000000 ) ;
#2322 = CARTESIAN_POINT ( 'NONE',  ( 0.000000000000000000, 0.000000000000000000, 0.000000000000000000 ) ) ;
#2323 = CARTESIAN_POINT ( 'NONE',  ( -12.00000000000000000, 0.000000000000000000, 1.000000000000000000 ) ) ;
#2324 = EDGE_CURVE ( 'NONE', #3701, #205, #2359, .T. ) ;
#2325 = CARTESIAN_POINT ( 'NONE',  ( -29.49999999999999645, -11.04536101718726648, 5.000000000000000000 ) ) ;
#2326 = FACE_OUTER_BOUND ( 'NONE', #2530, .T. ) ;
#2327 = CARTESIAN_POINT ( 'NONE',  ( 30.00000000000000000, -12.05317048259034252, 4.347536460826288085 ) ) ;
#2328 = DIRECTION ( 'NONE',  ( 1.000000000000000000, -8.881784197001252323E-15, 0.000000000000000000 ) ) ;
#2329 = CARTESIAN_POINT ( 'NONE',  ( 29.50000000000000355, -11.04536101718724339, 0.4999999999999995559 ) ) ;
#2330 = CARTESIAN_POINT ( 'NONE',  ( 20.10441493801797108, 24.75000000000001066, 0.4999999999999995559 ) ) ;
#2331 = ADVANCED_FACE ( 'NONE', ( #3380 ), #2458, .T. ) ;
#2332 = CIRCLE ( 'NONE', #3673, 32.50000000000000000 ) ;
#2333 = EDGE_LOOP ( 'NONE', ( #1882, #2054, #2587, #612 ) ) ;
#2334 = AXIS2_PLACEMENT_3D ( 'NONE', #1098, #1125, #457 ) ;
#2335 = DIRECTION ( 'NONE',  ( -1.000000000000000000, 0.000000000000000000, 0.000000000000000000 ) ) ;
#2336 = ORIENTED_EDGE ( 'NONE', *, *, #2300, .T. ) ;
#2337 = CARTESIAN_POINT ( 'NONE',  ( -29.96093750000000000, 12.59334046713159871, 5.000000000000000000 ) ) ;
#2338 = EDGE_LOOP ( 'NONE', ( #599, #12, #112, #2405 ) ) ;
#2339 = ORIENTED_EDGE ( 'NONE', *, *, #1187, .T. ) ;
#2340 = CARTESIAN_POINT ( 'NONE',  ( -29.96093750000000000, -12.59334046713157740, 1.000000000000000000 ) ) ;
#2341 = ORIENTED_EDGE ( 'NONE', *, *, #1898, .T. ) ;
#2342 = DIRECTION ( 'NONE',  ( 0.000000000000000000, 0.000000000000000000, 1.000000000000000000 ) ) ;
#2343 = ORIENTED_EDGE ( 'NONE', *, *, #2425, .F. ) ;
#2344 = CARTESIAN_POINT ( 'NONE',  ( 27.50000000000000711, -13.19090595827290180, 0.000000000000000000 ) ) ;
#2345 = ORIENTED_EDGE ( 'NONE', *, *, #3679, .F. ) ;
#2346 = EDGE_CURVE ( 'NONE', #2502, #1536, #4003, .T. ) ;
#2347 = ORIENTED_EDGE ( 'NONE', *, *, #1921, .T. ) ;
#2348 = CARTESIAN_POINT ( 'NONE',  ( -27.50000000000000355, 2.783882181415024082, 0.000000000000000000 ) ) ;
#2349 = ADVANCED_FACE ( 'NONE', ( #1543 ), #369, .T. ) ;
#2350 = CARTESIAN_POINT ( 'NONE',  ( -26.52679374254181610, -12.96768683574119230, 0.7348528153354586534 ) ) ;
#2351 = VERTEX_POINT ( 'NONE', #3039 ) ;
#2352 = DIRECTION ( 'NONE',  ( 0.000000000000000000, 1.000000000000000000, 0.000000000000000000 ) ) ;
#2353 = CARTESIAN_POINT ( 'NONE',  ( 20.27290473964234252, -24.74999999999998934, 4.491442727281055092 ) ) ;
#2354 = DIRECTION ( 'NONE',  ( -1.000000000000000000, 0.000000000000000000, 0.000000000000000000 ) ) ;
#2355 = VERTEX_POINT ( 'NONE', #2375 ) ;
#2356 = DIRECTION ( 'NONE',  ( -0.000000000000000000, 1.000000000000000000, 0.000000000000000000 ) ) ;
#2357 = AXIS2_PLACEMENT_3D ( 'NONE', #2322, #165, #2335 ) ;
#2358 = AXIS2_PLACEMENT_3D ( 'NONE', #617, #954, #1552 ) ;
#2359 = LINE ( 'NONE', #1448, #2315 ) ;
#2360 = DIRECTION ( 'NONE',  ( -0.000000000000000000, -0.000000000000000000, -1.000000000000000000 ) ) ;
#2361 = CARTESIAN_POINT ( 'NONE',  ( -29.91716639743643569, 12.44837307043399655, 4.439834232254421309 ) ) ;
#2362 = CARTESIAN_POINT ( 'NONE',  ( 26.50000000000001421, -12.96148139681570477, 2.633857850261801747 ) ) ;
#2363 = VECTOR ( 'NONE', #1989, 1000.000000000000000 ) ;
#2364 = AXIS2_PLACEMENT_3D ( 'NONE', #1736, #1419, #177 ) ;
#2365 = CARTESIAN_POINT ( 'NONE',  ( 21.02329051548222338, -24.74999999999998934, 0.7346731573062734721 ) ) ;
#2366 = CARTESIAN_POINT ( 'NONE',  ( 30.00000000000001066, -12.22184126553434602, 4.255364523407327404 ) ) ;
#2367 = LINE ( 'NONE', #2337, #2320 ) ;
#2368 = CARTESIAN_POINT ( 'NONE',  ( 29.93860480204923036, 12.51950439522761016, 0.6553707469303720057 ) ) ;
#2369 = CARTESIAN_POINT ( 'NONE',  ( 26.50000000000000711, 0.000000000000000000, 3.500000000000000000 ) ) ;
#2370 = CARTESIAN_POINT ( 'NONE',  ( 29.50000000000000355, 11.04536101718726826, 0.5000000000000000000 ) ) ;
#2371 = EDGE_CURVE ( 'NONE', #1578, #298, #354, .T. ) ;
#2372 = ADVANCED_FACE ( 'NONE', ( #3566 ), #30, .T. ) ;
#2373 = VECTOR ( 'NONE', #142, 1000.000000000000000 ) ;
#2374 = CARTESIAN_POINT ( 'NONE',  ( -29.96093750000000000, 12.59334046713159871, 1.000000000000000000 ) ) ;
#2375 = CARTESIAN_POINT ( 'NONE',  ( -20.10441493801797819, 24.25000000000000355, 5.000000000000000000 ) ) ;
#2376 = CARTESIAN_POINT ( 'NONE',  ( 20.00000000000000000, 0.000000000000000000, 3.500000000000000000 ) ) ;
#2377 = EDGE_CURVE ( 'NONE', #2453, #77, #2744, .T. ) ;
#2378 = CARTESIAN_POINT ( 'NONE',  ( 29.83101802581665396, 12.16215894962484789, 4.710218403400010523 ) ) ;
#2379 = CARTESIAN_POINT ( 'NONE',  ( 20.18908592351875697, -24.74999999999998934, 0.5000000003347641053 ) ) ;
#2380 = CARTESIAN_POINT ( 'NONE',  ( 29.99999999999999645, -12.39959676763722562, 4.065456595786081984 ) ) ;
#2381 = FACE_OUTER_BOUND ( 'NONE', #1100, .T. ) ;
#2382 = CARTESIAN_POINT ( 'NONE',  ( 20.87911636061258136, -24.74999999999998934, 4.000000000000000000 ) ) ;
#2383 = CARTESIAN_POINT ( 'NONE',  ( 20.10441493801797108, 24.75000000000001066, 5.000000000000000888 ) ) ;
#2384 = CARTESIAN_POINT ( 'NONE',  ( 21.06470850604033274, 24.75000000000001421, 4.000000000000011546 ) ) ;
#2385 = VECTOR ( 'NONE', #3339, 1000.000000000000000 ) ;
#2386 = ORIENTED_EDGE ( 'NONE', *, *, #3907, .F. ) ;
#2387 = EDGE_LOOP ( 'NONE', ( #1822, #2581, #3474, #3315 ) ) ;
#2388 = CARTESIAN_POINT ( 'NONE',  ( -29.99999999999999645, -12.00202428952920819, 4.630464995758405422 ) ) ;
#2389 = ORIENTED_EDGE ( 'NONE', *, *, #1161, .T. ) ;
#2390 = ORIENTED_EDGE ( 'NONE', *, *, #3363, .F. ) ;
#2391 = FACE_OUTER_BOUND ( 'NONE', #1464, .T. ) ;
#2392 = ADVANCED_FACE ( 'NONE', ( #720 ), #1848, .T. ) ;
#2393 = CARTESIAN_POINT ( 'NONE',  ( 29.83948348951190255, -12.19030428973821678, 0.3037440385466162462 ) ) ;
#2394 = ORIENTED_EDGE ( 'NONE', *, *, #504, .F. ) ;
#2395 = CARTESIAN_POINT ( 'NONE',  ( 20.81681051952891437, -24.74999999999998934, 4.571381791493157820 ) ) ;
#2396 = ORIENTED_EDGE ( 'NONE', *, *, #1077, .T. ) ;
#2397 = DIRECTION ( 'NONE',  ( -1.000000000000000000, 0.000000000000000000, 0.000000000000000000 ) ) ;
#2398 = DIRECTION ( 'NONE',  ( 1.000000000000000000, 0.000000000000000000, 0.000000000000000000 ) ) ;
#2399 = CARTESIAN_POINT ( 'NONE',  ( 30.00000000000000711, 11.30171898403668074, 0.4999999999999998890 ) ) ;
#2400 = ORIENTED_EDGE ( 'NONE', *, *, #3853, .F. ) ;
#2401 = EDGE_CURVE ( 'NONE', #614, #3032, #3090, .T. ) ;
#2402 = CARTESIAN_POINT ( 'NONE',  ( -29.99999999999999289, -12.46404783948250383, 4.190994999637843499 ) ) ;
#2403 = CARTESIAN_POINT ( 'NONE',  ( -20.87911636061258847, 24.75000000000000000, 4.085726526635233391 ) ) ;
#2404 = DIRECTION ( 'NONE',  ( -0.000000000000000000, -0.000000000000000000, -1.000000000000000000 ) ) ;
#2405 = ORIENTED_EDGE ( 'NONE', *, *, #947, .F. ) ;
#2406 = CARTESIAN_POINT ( 'NONE',  ( 20.00000000000000000, 0.000000000000000000, 2.500000000000000000 ) ) ;
#2407 = CARTESIAN_POINT ( 'NONE',  ( 21.20535255037404454, -24.62890625290422264, 0.8291224316068074307 ) ) ;
#2408 = CARTESIAN_POINT ( 'NONE',  ( 30.00000000000000355, -12.36475490506372488, 0.8742609918153572135 ) ) ;
#2409 = ORIENTED_EDGE ( 'NONE', *, *, #135, .F. ) ;
#2410 = CARTESIAN_POINT ( 'NONE',  ( 20.93161686653431985, -24.74999999999998934, 4.427948653667316492 ) ) ;
#2411 = CARTESIAN_POINT ( 'NONE',  ( -20.42817845830166235, 21.07832408302853366, 3.039808790486957957 ) ) ;
#2412 = CARTESIAN_POINT ( 'NONE',  ( 20.87911636061258136, 24.75000000000001066, 4.000000000000000000 ) ) ;
#2413 = CARTESIAN_POINT ( 'NONE',  ( -20.43625442343167009, 24.75000000000000355, 0.5441321451402886256 ) ) ;
#2414 = ADVANCED_FACE ( 'NONE', ( #83 ), #3711, .F. ) ;
#2415 = EDGE_CURVE ( 'NONE', #1073, #994, #570, .T. ) ;
#2416 = CARTESIAN_POINT ( 'NONE',  ( -30.00000000000000000, -12.13324477444620975, 4.554907355566188087 ) ) ;
#2417 = CARTESIAN_POINT ( 'NONE',  ( 20.87911620488626241, 24.75000000000001066, 0.9140283203867701767 ) ) ;
#2418 = LINE ( 'NONE', #1501, #1604 ) ;
#2419 = CARTESIAN_POINT ( 'NONE',  ( -20.87911636061257425, -24.74999999999999645, 4.000000000000000000 ) ) ;
#2420 = LINE ( 'NONE', #3882, #2321 ) ;
#2421 = CARTESIAN_POINT ( 'NONE',  ( -26.68923560277913865, 5.736237540094026421, 0.4092200373843044581 ) ) ;
#2422 = CARTESIAN_POINT ( 'NONE',  ( 30.00000000000000355, -11.04536101718724339, 0.5000000000000000000 ) ) ;
#2423 = DIRECTION ( 'NONE',  ( -0.000000000000000000, -0.000000000000000000, -1.000000000000000000 ) ) ;
#2424 = CARTESIAN_POINT ( 'NONE',  ( -29.49999999999999645, 12.50000000000002487, 0.000000000000000000 ) ) ;
#2425 = EDGE_CURVE ( 'NONE', #2600, #2440, #3427, .T. ) ;
#2426 = CARTESIAN_POINT ( 'NONE',  ( 20.87911636061258136, -24.24999999999998934, 4.000000000000000000 ) ) ;
#2427 = CARTESIAN_POINT ( 'NONE',  ( -29.99999999999999645, -11.17248575935110289, 4.500000002270649446 ) ) ;
#2428 = DIRECTION ( 'NONE',  ( -0.000000000000000000, -0.000000000000000000, -1.000000000000000000 ) ) ;
#2429 = CARTESIAN_POINT ( 'NONE',  ( 0.000000000000000000, 1.040834085586084257E-14, 3.500000000000000000 ) ) ;
#2430 = FACE_OUTER_BOUND ( 'NONE', #3179, .T. ) ;
#2431 = CARTESIAN_POINT ( 'NONE',  ( 30.00000000000000355, -12.36477183808666958, 4.125839772209361378 ) ) ;
#2432 = ADVANCED_FACE ( 'NONE', ( #1936, #767 ), #3744, .T. ) ;
#2433 = ORIENTED_EDGE ( 'NONE', *, *, #329, .F. ) ;
#2434 = CARTESIAN_POINT ( 'NONE',  ( -29.99999999999999645, 11.04536101718727537, 0.5000000000000000000 ) ) ;
#2435 = ORIENTED_EDGE ( 'NONE', *, *, #2928, .F. ) ;
#2436 = B_SPLINE_CURVE_WITH_KNOTS ( 'NONE', 3,
 ( #3567, #471, #2102, #808, #3641, #1120, #526, #2620, #4016, #882 ),
 .UNSPECIFIED., .F., .F.,
 ( 4, 2, 2, 2, 4 ),
 ( 8.673617379884035472E-19, 0.0004257770683814714511, 0.0008515541367629420348, 0.001277331205144412564, 0.001703108273525883202 ),
 .UNSPECIFIED. ) ;
#2437 = ORIENTED_EDGE ( 'NONE', *, *, #2473, .T. ) ;
#2438 = AXIS2_PLACEMENT_3D ( 'NONE', #333, #2538, #1594 ) ;
#2439 = ORIENTED_EDGE ( 'NONE', *, *, #1791, .T. ) ;
#2440 = VERTEX_POINT ( 'NONE', #1526 ) ;
#2441 = ORIENTED_EDGE ( 'NONE', *, *, #3332, .T. ) ;
#2442 = AXIS2_PLACEMENT_3D ( 'NONE', #2691, #2038, #2638 ) ;
#2443 = CARTESIAN_POINT ( 'NONE',  ( -20.66613002722388615, -24.74999999999999645, 4.347134461786555271 ) ) ;
#2444 = DIRECTION ( 'NONE',  ( 0.000000000000000000, 1.000000000000000000, 0.000000000000000000 ) ) ;
#2445 = VERTEX_POINT ( 'NONE', #1874 ) ;
#2446 = CARTESIAN_POINT ( 'NONE',  ( -20.10441493801795687, -24.74999999999999645, 4.500000000000000888 ) ) ;
#2447 = ORIENTED_EDGE ( 'NONE', *, *, #1913, .F. ) ;
#2448 = EDGE_CURVE ( 'NONE', #560, #1156, #2487, .T. ) ;
#2449 = EDGE_LOOP ( 'NONE', ( #2964, #2958, #2672, #3112 ) ) ;
#2450 = CARTESIAN_POINT ( 'NONE',  ( 0.000000000000000000, 1.040834085586084257E-14, 1.000000000000000000 ) ) ;
#2451 = ADVANCED_FACE ( 'NONE', ( #1802 ), #1625, .F. ) ;
#2452 = EDGE_CURVE ( 'NONE', #3745, #1677, #2267, .T. ) ;
#2453 = VERTEX_POINT ( 'NONE', #2811 ) ;
#2454 = CARTESIAN_POINT ( 'NONE',  ( 0.000000000000000000, 1.040834085586084257E-14, 0.000000000000000000 ) ) ;
#2455 = CARTESIAN_POINT ( 'NONE',  ( 21.00107847791286275, 24.55944699221862848, 0.4003374738794650001 ) ) ;
#2456 = DIRECTION ( 'NONE',  ( -0.000000000000000000, -1.000000000000000000, -0.000000000000000000 ) ) ;
#2457 = DIRECTION ( 'NONE',  ( 0.000000000000000000, 0.000000000000000000, -1.000000000000000000 ) ) ;
#2458 = TOROIDAL_SURFACE ( 'NONE', #2847, 31.50000000000000000, 1.000000000000000000 ) ;
#2459 = CARTESIAN_POINT ( 'NONE',  ( -26.51108353959401143, 6.197433247033034220, 0.8352752947804084060 ) ) ;
#2460 = CIRCLE ( 'NONE', #627, 8.500000000000000000 ) ;
#2461 = CARTESIAN_POINT ( 'NONE',  ( -29.49999999999999645, 0.000000000000000000, 4.500000000000000888 ) ) ;
#2462 = CYLINDRICAL_SURFACE ( 'NONE', #2794, 9.000000000000000000 ) ;
#2463 = DIRECTION ( 'NONE',  ( -1.000000000000000000, -0.000000000000000000, -0.000000000000000000 ) ) ;
#2464 = FACE_OUTER_BOUND ( 'NONE', #55, .T. ) ;
#2465 = CARTESIAN_POINT ( 'NONE',  ( -20.77479861019968865, -24.75000000000000000, 4.613257979598856195 ) ) ;
#2466 = CARTESIAN_POINT ( 'NONE',  ( 26.79310744807367328, 5.448338536358620310, 0.2881976004126626245 ) ) ;
#2467 = CARTESIAN_POINT ( 'NONE',  ( -29.99999999999999645, -11.04536101718726826, 0.5000000000000000000 ) ) ;
#2468 = CARTESIAN_POINT ( 'NONE',  ( 30.00000000000000355, -11.59875833028607950, 4.817654120137105700 ) ) ;
#2469 = ADVANCED_FACE ( 'NONE', ( #3973 ), #620, .T. ) ;
#2470 = AXIS2_PLACEMENT_3D ( 'NONE', #2030, #1396, #3562 ) ;
#2471 = CARTESIAN_POINT ( 'NONE',  ( -25.50000000000000355, 0.000000000000000000, 2.500000000000000000 ) ) ;
#2472 = CARTESIAN_POINT ( 'NONE',  ( -21.15535184452987849, 24.61195866155460976, 4.333880335806647999 ) ) ;
#2473 = EDGE_CURVE ( 'NONE', #646, #2579, #811, .T. ) ;
#2474 = FACE_OUTER_BOUND ( 'NONE', #416, .T. ) ;
#2475 = CARTESIAN_POINT ( 'NONE',  ( -20.63749153320117813, -24.75000000000000000, 0.2663571493871080831 ) ) ;
#2476 = DIRECTION ( 'NONE',  ( -0.000000000000000000, 0.000000000000000000, 1.000000000000000000 ) ) ;
#2477 = CARTESIAN_POINT ( 'NONE',  ( 0.000000000000000000, 0.000000000000000000, 0.000000000000000000 ) ) ;
#2478 = CARTESIAN_POINT ( 'NONE',  ( 20.90166573697537089, 24.52552118788928937, 0.2989571537053536399 ) ) ;
#2479 = ORIENTED_EDGE ( 'NONE', *, *, #3813, .F. ) ;
#2480 = CARTESIAN_POINT ( 'NONE',  ( 0.000000000000000000, 1.040834085586084257E-14, 2.500000000000000000 ) ) ;
#2481 = TOROIDAL_SURFACE ( 'NONE', #4015, 6.000000000000000000, 1.000000000000000000 ) ;
#2482 = CARTESIAN_POINT ( 'NONE',  ( -30.00000000000000355, 11.30180515740365443, 0.5000000000000001110 ) ) ;
#2483 = CARTESIAN_POINT ( 'NONE',  ( -29.49999999999999645, 11.04536101718728780, 0.000000000000000000 ) ) ;
#2484 = ORIENTED_EDGE ( 'NONE', *, *, #3222, .T. ) ;
#2485 = EDGE_LOOP ( 'NONE', ( #2739, #1563, #1568, #1623 ) ) ;
#2486 = CYLINDRICAL_SURFACE ( 'NONE', #2566, 7.500000000000000000 ) ;
#2487 = B_SPLINE_CURVE_WITH_KNOTS ( 'NONE', 3,
 ( #940, #1252, #3415, #2838, #3135, #392, #997, #3483, #1330, #3158 ),
 .UNSPECIFIED., .F., .F.,
 ( 4, 2, 2, 2, 4 ),
 ( 0.000000000000000000, 0.0001936245075781774477, 0.0003872490151563548954, 0.0007744980303127156455, 0.001548996060625441699 ),
 .UNSPECIFIED. ) ;
#2488 = CARTESIAN_POINT ( 'NONE',  ( -20.89922112054633985, 24.75000000000000355, 4.485371891278597367 ) ) ;
#2489 = CIRCLE ( 'NONE', #3689, 0.5000000000000004441 ) ;
#2490 = AXIS2_PLACEMENT_3D ( 'NONE', #512, #3269, #3929 ) ;
#2491 = EDGE_LOOP ( 'NONE', ( #1722, #2582, #442, #267 ) ) ;
#2492 = CARTESIAN_POINT ( 'NONE',  ( -20.18780958359683808, -24.74999999999999645, 0.4999999987430806536 ) ) ;
#2493 = ORIENTED_EDGE ( 'NONE', *, *, #8, .F. ) ;
#2494 = AXIS2_PLACEMENT_3D ( 'NONE', #3908, #3287, #3620 ) ;
#2495 = DIRECTION ( 'NONE',  ( 1.000000000000000000, 0.000000000000000000, 0.000000000000000000 ) ) ;
#2496 = CARTESIAN_POINT ( 'NONE',  ( 26.84537413388981975, 5.297757767260019790, 0.2414276399975282261 ) ) ;
#2497 = CARTESIAN_POINT ( 'NONE',  ( -29.99999999999999645, -11.73371889684592695, 0.2361292648800342453 ) ) ;
#2498 = VERTEX_POINT ( 'NONE', #715 ) ;
#2499 = DIRECTION ( 'NONE',  ( -0.000000000000000000, 0.000000000000000000, 1.000000000000000000 ) ) ;
#2500 = DIRECTION ( 'NONE',  ( 1.000000000000000000, -8.881784197001252323E-16, 0.000000000000000000 ) ) ;
#2501 = CARTESIAN_POINT ( 'NONE',  ( 30.00000000000000000, -12.13184485526269540, 0.4441314126159767728 ) ) ;
#2502 = VERTEX_POINT ( 'NONE', #2553 ) ;
#2503 = EDGE_CURVE ( 'NONE', #3270, #3073, #1433, .T. ) ;
#2504 = DIRECTION ( 'NONE',  ( 1.000000000000000000, 3.552713678800500929E-15, 0.000000000000000000 ) ) ;
#2505 = ORIENTED_EDGE ( 'NONE', *, *, #2902, .F. ) ;
#2506 = CARTESIAN_POINT ( 'NONE',  ( -29.99999999999998934, -11.93147760151153491, 4.387064261979117141 ) ) ;
#2507 = EDGE_CURVE ( 'NONE', #3302, #3945, #1832, .T. ) ;
#2508 = DIRECTION ( 'NONE',  ( 0.000000000000000000, 0.000000000000000000, -1.000000000000000000 ) ) ;
#2509 = VECTOR ( 'NONE', #1938, 1000.000000000000000 ) ;
#2510 = CARTESIAN_POINT ( 'NONE',  ( 0.000000000000000000, 0.000000000000000000, 0.000000000000000000 ) ) ;
#2511 = CARTESIAN_POINT ( 'NONE',  ( -2.804469619495839451E-15, 24.25000000000000711, 0.000000000000000000 ) ) ;
#2512 = CARTESIAN_POINT ( 'NONE',  ( 27.22015596346405175, 4.065298806771690643, 0.03673895486694134238 ) ) ;
#2513 = DIRECTION ( 'NONE',  ( -1.000000000000000000, 1.224646799147354440E-16, 0.000000000000000000 ) ) ;
#2514 = CARTESIAN_POINT ( 'NONE',  ( -25.50000000000000355, -8.351646544245030057, 3.500000000000000000 ) ) ;
#2515 = AXIS2_PLACEMENT_3D ( 'NONE', #2477, #952, #1010 ) ;
#2516 = CARTESIAN_POINT ( 'NONE',  ( 20.22354360557506681, -20.08129189154433192, 3.500000000000000000 ) ) ;
#2517 = B_SPLINE_CURVE_WITH_KNOTS ( 'NONE', 3,
 ( #2607, #435, #1063, #2312, #118, #2924, #3858, #139, #455, #2616 ),
 .UNSPECIFIED., .F., .F.,
 ( 4, 2, 2, 2, 4 ),
 ( 0.000000000000000000, 0.0004229142677524994087, 0.0008458285355049988173, 0.001268742803257498280, 0.001691657071009997635 ),
 .UNSPECIFIED. ) ;
#2518 = CIRCLE ( 'NONE', #1507, 0.5000000000000004441 ) ;
#2519 = DIRECTION ( 'NONE',  ( 0.000000000000000000, 1.000000000000000000, -0.000000000000000000 ) ) ;
#2520 = AXIS2_PLACEMENT_3D ( 'NONE', #2098, #2118, #890 ) ;
#2521 = CARTESIAN_POINT ( 'NONE',  ( -20.73261237567917092, -24.74999999999999645, 0.7043006203290071987 ) ) ;
#2522 = CARTESIAN_POINT ( 'NONE',  ( -26.50000000000000355, 12.96148139681572964, 3.500000000000000000 ) ) ;
#2523 = CARTESIAN_POINT ( 'NONE',  ( 0.000000000000000000, -72.30205676561914174, 3.500000000000000000 ) ) ;
#2524 = DIRECTION ( 'NONE',  ( 1.000000000000000000, 0.000000000000000000, 0.000000000000000000 ) ) ;
#2525 = CARTESIAN_POINT ( 'NONE',  ( -2.862293735361732889E-15, 24.75000000000000711, 0.4999999999999995559 ) ) ;
#2526 = EDGE_CURVE ( 'NONE', #2834, #648, #960, .T. ) ;
#2527 = CARTESIAN_POINT ( 'NONE',  ( -25.00000000000000000, 0.000000000000000000, 2.000000000000000000 ) ) ;
#2528 = FACE_OUTER_BOUND ( 'NONE', #2960, .T. ) ;
#2529 = ORIENTED_EDGE ( 'NONE', *, *, #2913, .F. ) ;
#2530 = EDGE_LOOP ( 'NONE', ( #3254, #1046, #886, #1574 ) ) ;
#2531 = EDGE_CURVE ( 'NONE', #1365, #3593, #2134, .T. ) ;
#2532 = CARTESIAN_POINT ( 'NONE',  ( 29.58436075936680609, 11.33298482962991294, 0.01188309240599708452 ) ) ;
#2533 = ORIENTED_EDGE ( 'NONE', *, *, #3277, .F. ) ;
#2534 = CARTESIAN_POINT ( 'NONE',  ( 30.00000000000000711, 11.30182122202329431, 4.500000000000000888 ) ) ;
#2535 = CIRCLE ( 'NONE', #3476, 6.000000000000000000 ) ;
#2536 = ORIENTED_EDGE ( 'NONE', *, *, #1054, .T. ) ;
#2537 = CARTESIAN_POINT ( 'NONE',  ( 30.00000000000000355, 12.13184485526273271, 4.555868587383250734 ) ) ;
#2538 = DIRECTION ( 'NONE',  ( 0.000000000000000000, 0.000000000000000000, -1.000000000000000000 ) ) ;
#2539 = CARTESIAN_POINT ( 'NONE',  ( 29.50000000000000355, 11.04536101718726471, 0.000000000000000000 ) ) ;
#2540 = ORIENTED_EDGE ( 'NONE', *, *, #2507, .T. ) ;
#2541 = CARTESIAN_POINT ( 'NONE',  ( -20.64321322807697712, 24.43698985532770962, 0.09014665480481040549 ) ) ;
#2542 = LINE ( 'NONE', #943, #1629 ) ;
#2543 = CARTESIAN_POINT ( 'NONE',  ( 0.000000000000000000, 1.040834085586084257E-14, 5.000000000000000000 ) ) ;
#2544 = EDGE_LOOP ( 'NONE', ( #1869, #1831, #3353, #1340 ) ) ;
#2545 = DIRECTION ( 'NONE',  ( 1.000000000000000000, 0.000000000000000000, 0.000000000000000000 ) ) ;
#2546 = CARTESIAN_POINT ( 'NONE',  ( 20.00000000000000000, 0.000000000000000000, 3.500000000000000000 ) ) ;
#2547 = ORIENTED_EDGE ( 'NONE', *, *, #1211, .T. ) ;
#2548 = CARTESIAN_POINT ( 'NONE',  ( 29.66899786498819225, 11.61922076216115762, 0.06335416955295943009 ) ) ;
#2549 = DIRECTION ( 'NONE',  ( 0.000000000000000000, -0.000000000000000000, -1.000000000000000000 ) ) ;
#2550 = VERTEX_POINT ( 'NONE', #2539 ) ;
#2551 = CARTESIAN_POINT ( 'NONE',  ( 25.50000000000000355, -8.351646544245028281, 3.500000000000000000 ) ) ;
#2552 = AXIS2_PLACEMENT_3D ( 'NONE', #3194, #2845, #2857 ) ;
#2553 = CARTESIAN_POINT ( 'NONE',  ( -20.10441493801797108, 24.75000000000000711, 4.500000000000000888 ) ) ;
#2554 = CARTESIAN_POINT ( 'NONE',  ( -25.91095799831630586, 7.553141157632436098, 3.417656628114708717 ) ) ;
#2555 = EDGE_LOOP ( 'NONE', ( #1517, #999, #3797, #2447 ) ) ;
#2556 = EDGE_CURVE ( 'NONE', #640, #1774, #3333, .T. ) ;
#2557 = CARTESIAN_POINT ( 'NONE',  ( 20.10441493801797108, -24.24999999999998934, 5.000000000000000000 ) ) ;
#2558 = CARTESIAN_POINT ( 'NONE',  ( -8.500000000000000000, 0.000000000000000000, 2.500000000000000000 ) ) ;
#2559 = CIRCLE ( 'NONE', #1649, 30.50000000000000355 ) ;
#2560 = DIRECTION ( 'NONE',  ( 1.000000000000000000, -3.552713678800500929E-15, 0.000000000000000000 ) ) ;
#2561 = DIRECTION ( 'NONE',  ( 0.000000000000000000, 0.000000000000000000, 1.000000000000000000 ) ) ;
#2562 = PLANE ( 'NONE',  #2976 ) ;
#2563 = DIRECTION ( 'NONE',  ( 1.156482317317873944E-16, -1.000000000000000000, 0.000000000000000000 ) ) ;
#2564 = FACE_OUTER_BOUND ( 'NONE', #2449, .T. ) ;
#2565 = AXIS2_PLACEMENT_3D ( 'NONE', #3346, #1162, #1493 ) ;
#2566 = AXIS2_PLACEMENT_3D ( 'NONE', #1205, #880, #604 ) ;
#2567 = CARTESIAN_POINT ( 'NONE',  ( -29.99999999999999645, 12.22194624357955206, 0.7446963116415413753 ) ) ;
#2568 = B_SPLINE_CURVE_WITH_KNOTS ( 'NONE', 3,
 ( #1258, #874, #2806, #2506, #1836, #1198, #3131, #2218, #1576, #3034 ),
 .UNSPECIFIED., .F., .F.,
 ( 4, 2, 2, 2, 4 ),
 ( 0.000000000000000000, 0.0007663902760569157565, 0.001149585414085371304, 0.001341182983099599782, 0.001532780552113828043 ),
 .UNSPECIFIED. ) ;
#2569 = CARTESIAN_POINT ( 'NONE',  ( 30.00000000000000355, 12.36477183808669267, 0.8741602277906372898 ) ) ;
#2570 = CARTESIAN_POINT ( 'NONE',  ( 14.00000000000000000, 7.347880794884119736E-16, 0.000000000000000000 ) ) ;
#2571 = CARTESIAN_POINT ( 'NONE',  ( 30.00000000000000355, 11.99968898487558278, 4.631734799671805902 ) ) ;
#2572 = VECTOR ( 'NONE', #1065, 1000.000000000000000 ) ;
#2573 = DIRECTION ( 'NONE',  ( 0.000000000000000000, 0.000000000000000000, -1.000000000000000000 ) ) ;
#2574 = CARTESIAN_POINT ( 'NONE',  ( -26.50000000000000355, 0.000000000000000000, 2.500000000000000000 ) ) ;
#2575 = CARTESIAN_POINT ( 'NONE',  ( -29.49999999999999645, -11.04536101718726826, 0.000000000000000000 ) ) ;
#2576 = EDGE_CURVE ( 'NONE', #2453, #3538, #128, .T. ) ;
#2577 = ORIENTED_EDGE ( 'NONE', *, *, #2123, .F. ) ;
#2578 = ORIENTED_EDGE ( 'NONE', *, *, #1973, .F. ) ;
#2579 = VERTEX_POINT ( 'NONE', #422 ) ;
#2580 = CARTESIAN_POINT ( 'NONE',  ( -29.54889252929454457, -11.21255599041333895, 1.905824131322174993E-18 ) ) ;
#2581 = ORIENTED_EDGE ( 'NONE', *, *, #3227, .F. ) ;
#2582 = ORIENTED_EDGE ( 'NONE', *, *, #3407, .T. ) ;
#2583 = EDGE_CURVE ( 'NONE', #1683, #946, #2931, .T. ) ;
#2584 = LINE ( 'NONE', #1102, #2770 ) ;
#2585 = SHAPE_DEFINITION_REPRESENTATION ( #335, #3205 ) ;
#2586 = DIRECTION ( 'NONE',  ( 1.000000000000000000, 7.709882115452475208E-16, 0.000000000000000000 ) ) ;
#2587 = ORIENTED_EDGE ( 'NONE', *, *, #3965, .F. ) ;
#2588 = CARTESIAN_POINT ( 'NONE',  ( -20.95647980134593169, -24.54424993961167090, 0.3532556286926271660 ) ) ;
#2589 = DIRECTION ( 'NONE',  ( 0.000000000000000000, 0.000000000000000000, -1.000000000000000000 ) ) ;
#2590 = CARTESIAN_POINT ( 'NONE',  ( -20.37320198388011150, -24.34358471067129059, 4.977564224337716503 ) ) ;
#2591 = ORIENTED_EDGE ( 'NONE', *, *, #633, .F. ) ;
#2592 = DIRECTION ( 'NONE',  ( -1.000000000000000000, 0.000000000000000000, 0.000000000000000000 ) ) ;
#2593 = ORIENTED_EDGE ( 'NONE', *, *, #3835, .F. ) ;
#2594 = ADVANCED_FACE ( 'NONE', ( #2604 ), #3723, .F. ) ;
#2595 = AXIS2_PLACEMENT_3D ( 'NONE', #1347, #1356, #1042 ) ;
#2596 = ORIENTED_EDGE ( 'NONE', *, *, #1446, .T. ) ;
#2597 = CARTESIAN_POINT ( 'NONE',  ( 0.000000000000000000, 0.000000000000000000, 4.707106781186547906 ) ) ;
#2598 = DIRECTION ( 'NONE',  ( -0.000000000000000000, -1.000000000000000000, -0.000000000000000000 ) ) ;
#2599 = CARTESIAN_POINT ( 'NONE',  ( 29.50000000000000355, 11.04536101718727004, 4.500000000000000888 ) ) ;
#2600 = VERTEX_POINT ( 'NONE', #754 ) ;
#2601 = EDGE_CURVE ( 'NONE', #648, #1586, #1293, .T. ) ;
#2602 = CARTESIAN_POINT ( 'NONE',  ( 30.00000000000000355, -12.39959676763722918, 1.000000000000000000 ) ) ;
#2603 = DIRECTION ( 'NONE',  ( -1.000000000000000000, 0.000000000000000000, 0.000000000000000000 ) ) ;
#2604 = FACE_OUTER_BOUND ( 'NONE', #155, .T. ) ;
#2605 = CARTESIAN_POINT ( 'NONE',  ( -20.67973710538569065, -22.41870810845564321, 0.000000000000000000 ) ) ;
#2606 = EDGE_CURVE ( 'NONE', #1092, #1326, #1491, .T. ) ;
#2607 = CARTESIAN_POINT ( 'NONE',  ( 20.10441493801797108, 24.25000000000001066, 0.000000000000000000 ) ) ;
#2608 = CARTESIAN_POINT ( 'NONE',  ( -20.87911636061257425, -24.24999999999999645, 5.000000000000000000 ) ) ;
#2609 = CIRCLE ( 'NONE', #2873, 5.000000000000000888 ) ;
#2610 = CARTESIAN_POINT ( 'NONE',  ( -3.707106781186546129, 4.539896453677550935E-16, 4.707106781186547906 ) ) ;
#2611 = CARTESIAN_POINT ( 'NONE',  ( 29.96093750000000711, -12.59334046713156319, 4.000000000000000000 ) ) ;
#2612 = ADVANCED_FACE ( 'NONE', ( #3517 ), #2075, .T. ) ;
#2613 = CARTESIAN_POINT ( 'NONE',  ( -20.10441493801796398, -24.24999999999999645, 5.000000000000000000 ) ) ;
#2614 = AXIS2_PLACEMENT_3D ( 'NONE', #1253, #2813, #1562 ) ;
#2615 = CARTESIAN_POINT ( 'NONE',  ( -20.46185475464040593, -21.24999999999998934, 2.572670612247286659 ) ) ;
#2616 = CARTESIAN_POINT ( 'NONE',  ( 21.20535255374715078, 24.62890625000002132, 1.000000000000000000 ) ) ;
#2617 = CARTESIAN_POINT ( 'NONE',  ( -20.62976349557122191, 22.13784071252503338, -3.614007241618344210E-17 ) ) ;
#2618 = FACE_OUTER_BOUND ( 'NONE', #2387, .T. ) ;
#2619 = ORIENTED_EDGE ( 'NONE', *, *, #1492, .F. ) ;
#2620 = CARTESIAN_POINT ( 'NONE',  ( -20.37086684334045827, 24.34277715248546414, 4.978305668724970268 ) ) ;
#2621 = EDGE_LOOP ( 'NONE', ( #1333, #1667, #2296, #2505 ) ) ;
#2622 = CARTESIAN_POINT ( 'NONE',  ( 26.50000000000000711, 0.000000000000000000, 2.500000000000000000 ) ) ;
#2623 = DIRECTION ( 'NONE',  ( -0.000000000000000000, -0.000000000000000000, -1.000000000000000000 ) ) ;
#2624 = ORIENTED_EDGE ( 'NONE', *, *, #3832, .F. ) ;
#2625 = ORIENTED_EDGE ( 'NONE', *, *, #1492, .T. ) ;
#2626 = FACE_OUTER_BOUND ( 'NONE', #3454, .T. ) ;
#2627 = EDGE_CURVE ( 'NONE', #764, #1124, #3341, .T. ) ;
#2628 = CIRCLE ( 'NONE', #2357, 7.500000000000000000 ) ;
#2629 = CARTESIAN_POINT ( 'NONE',  ( -20.34164698418711836, -20.64589189216549059, 3.413410566289354353 ) ) ;
#2630 = ORIENTED_EDGE ( 'NONE', *, *, #1054, .F. ) ;
#2631 = CARTESIAN_POINT ( 'NONE',  ( -29.96093750000000000, -12.59334046713157740, 1.000000000000000000 ) ) ;
#2632 = CARTESIAN_POINT ( 'NONE',  ( 20.67973710538567289, 22.41870810845566453, 0.000000000000000000 ) ) ;
#2633 = CARTESIAN_POINT ( 'NONE',  ( 30.00000000000001066, -12.36522254094957418, 4.125073122158503303 ) ) ;
#2634 = CARTESIAN_POINT ( 'NONE',  ( -20.46185475464040238, 21.25000000000001776, 0.9274830181860872491 ) ) ;
#2635 = CARTESIAN_POINT ( 'NONE',  ( 20.10441493801797108, -24.74999999999998934, 4.500000000000000888 ) ) ;
#2636 = CARTESIAN_POINT ( 'NONE',  ( 20.10441493801797108, -24.74999999999998579, 5.000000000000000888 ) ) ;
#2637 = ORIENTED_EDGE ( 'NONE', *, *, #3305, .F. ) ;
#2638 = DIRECTION ( 'NONE',  ( 1.000000000000000000, 0.000000000000000000, 0.000000000000000000 ) ) ;
#2639 = VERTEX_POINT ( 'NONE', #1387 ) ;
#2640 = ORIENTED_EDGE ( 'NONE', *, *, #1403, .F. ) ;
#2641 = CARTESIAN_POINT ( 'NONE',  ( 20.46185475464039882, 21.25000000000001421, 0.9274830181860872491 ) ) ;
#2642 = AXIS2_PLACEMENT_3D ( 'NONE', #1067, #1377, #3541 ) ;
#2643 = CARTESIAN_POINT ( 'NONE',  ( 20.53958932003404314, -24.74999999999998579, 0.2019489973641657998 ) ) ;
#2644 = CARTESIAN_POINT ( 'NONE',  ( 26.50000000000000711, -12.96148139681570122, 1.000000000000000000 ) ) ;
#2645 = CARTESIAN_POINT ( 'NONE',  ( 29.87318651744994824, 12.30241705528220386, 0.3906954278958291726 ) ) ;
#2646 = CIRCLE ( 'NONE', #2520, 0.5000000000000004441 ) ;
#2647 = CARTESIAN_POINT ( 'NONE',  ( 25.71072271441349955, -7.951576891978635153, 3.478957761414979810 ) ) ;
#2648 = CARTESIAN_POINT ( 'NONE',  ( 29.96093750000000711, 12.59334046713157917, 1.000000000000000000 ) ) ;
#2649 = FACE_OUTER_BOUND ( 'NONE', #3706, .T. ) ;
#2650 = FACE_OUTER_BOUND ( 'NONE', #710, .T. ) ;
#2651 = CARTESIAN_POINT ( 'NONE',  ( -29.99999999999999645, 11.32434344573244900, 4.915885940951633337 ) ) ;
#2652 = EDGE_CURVE ( 'NONE', #2834, #1243, #3687, .T. ) ;
#2653 = CARTESIAN_POINT ( 'NONE',  ( 20.46185475464040593, 21.25000000000000711, 1.000000000000000000 ) ) ;
#2654 = FACE_OUTER_BOUND ( 'NONE', #3028, .T. ) ;
#2655 = CARTESIAN_POINT ( 'NONE',  ( 21.15441425048133084, -24.61163935140565329, 0.6646539330962524250 ) ) ;
#2656 = CARTESIAN_POINT ( 'NONE',  ( -25.50000000000000355, -12.72792206135784632, 3.500000000000000000 ) ) ;
#2657 = DIRECTION ( 'NONE',  ( -1.000000000000000000, 0.000000000000000000, 0.000000000000000000 ) ) ;
#2658 = CARTESIAN_POINT ( 'NONE',  ( 29.50000000000000355, 12.39959676763724516, 1.000000000000000000 ) ) ;
#2659 = CARTESIAN_POINT ( 'NONE',  ( 20.00000000000000000, 0.000000000000000000, 1.000000000000000000 ) ) ;
#2660 = CARTESIAN_POINT ( 'NONE',  ( 20.53772504155984180, 24.75000000000001421, 4.799204221577482166 ) ) ;
#2661 = CARTESIAN_POINT ( 'NONE',  ( -20.32986981531200854, 24.75000000000000355, 0.08759546416975977357 ) ) ;
#2662 = FACE_OUTER_BOUND ( 'NONE', #1320, .T. ) ;
#2663 = ORIENTED_EDGE ( 'NONE', *, *, #2415, .T. ) ;
#2664 = AXIS2_PLACEMENT_3D ( 'NONE', #2780, #931, #2741 ) ;
#2665 = DIRECTION ( 'NONE',  ( 1.000000000000000000, 0.000000000000000000, 0.000000000000000000 ) ) ;
#2666 = CARTESIAN_POINT ( 'NONE',  ( -29.99999999999999645, 11.67833703512391530, 4.448711854576919755 ) ) ;
#2667 = CARTESIAN_POINT ( 'NONE',  ( -20.00000000000000000, 0.000000000000000000, 2.000000000000000000 ) ) ;
#2668 = ORIENTED_EDGE ( 'NONE', *, *, #219, .T. ) ;
#2669 = CARTESIAN_POINT ( 'NONE',  ( 20.77479861019976326, -24.74999999999998934, 0.3867420204012587681 ) ) ;
#2670 = CIRCLE ( 'NONE', #2216, 0.5000000000000004441 ) ;
#2671 = CARTESIAN_POINT ( 'NONE',  ( 26.70448408804208640, 13.00874166503902352, 0.3802222427401019678 ) ) ;
#2672 = ORIENTED_EDGE ( 'NONE', *, *, #3994, .F. ) ;
#2673 = AXIS2_PLACEMENT_3D ( 'NONE', #3185, #1595, #42 ) ;
#2674 = ORIENTED_EDGE ( 'NONE', *, *, #444, .F. ) ;
#2675 = VERTEX_POINT ( 'NONE', #1999 ) ;
#2676 = CARTESIAN_POINT ( 'NONE',  ( 26.47909046152334867, -6.277180779532035793, 2.723062638557464332 ) ) ;
#2677 = VECTOR ( 'NONE', #3819, 1000.000000000000000 ) ;
#2678 = CARTESIAN_POINT ( 'NONE',  ( -20.22381764776016411, 24.29168654096648083, 0.000000000000000000 ) ) ;
#2679 = VECTOR ( 'NONE', #4, 1000.000000000000000 ) ;
#2680 = ORIENTED_EDGE ( 'NONE', *, *, #2779, .T. ) ;
#2681 = EDGE_CURVE ( 'NONE', #229, #2159, #1246, .T. ) ;
#2682 = CARTESIAN_POINT ( 'NONE',  ( 26.56641731117028016, -6.057615611592766847, 0.6372271102464388548 ) ) ;
#2683 = CARTESIAN_POINT ( 'NONE',  ( -29.99999999999999645, 11.55321638960333352, 4.468322911147156518 ) ) ;
#2684 = ORIENTED_EDGE ( 'NONE', *, *, #1467, .T. ) ;
#2685 = CARTESIAN_POINT ( 'NONE',  ( 29.59801634516817614, 11.37937063805047444, 4.983872658323496019 ) ) ;
#2686 = ORIENTED_EDGE ( 'NONE', *, *, #3336, .T. ) ;
#2687 = CARTESIAN_POINT ( 'NONE',  ( -20.46185475464040593, 21.25000000000000711, 3.500000000000000000 ) ) ;
#2688 = CARTESIAN_POINT ( 'NONE',  ( 20.77440331110328486, -24.74999999999998579, 4.613656921111650711 ) ) ;
#2689 = DIRECTION ( 'NONE',  ( 1.000000000000000000, 0.000000000000000000, 0.000000000000000000 ) ) ;
#2690 = VERTEX_POINT ( 'NONE', #1963 ) ;
#2691 = CARTESIAN_POINT ( 'NONE',  ( -20.00000000000000000, 0.000000000000000000, 1.000000000000000000 ) ) ;
#2692 = CARTESIAN_POINT ( 'NONE',  ( 20.87911636061258136, 24.75000000000001066, 4.000000000000000000 ) ) ;
#2693 = ADVANCED_FACE ( 'NONE', ( #2884 ), #2786, .F. ) ;
#2694 = FACE_OUTER_BOUND ( 'NONE', #1770, .T. ) ;
#2695 = ORIENTED_EDGE ( 'NONE', *, *, #2995, .F. ) ;
#2696 = CARTESIAN_POINT ( 'NONE',  ( -29.69413957446964503, 11.70394472709341827, 4.915343101088064159 ) ) ;
#2697 = CARTESIAN_POINT ( 'NONE',  ( 27.37187209663019516, -3.427494313359289002, 0.007660550257486263559 ) ) ;
#2698 = CARTESIAN_POINT ( 'NONE',  ( -29.99999999999999289, 11.04536101718727537, 5.000000000000000888 ) ) ;
#2699 = DIRECTION ( 'NONE',  ( -0.000000000000000000, 0.000000000000000000, 1.000000000000000000 ) ) ;
#2700 = LINE ( 'NONE', #2274, #2363 ) ;
#2701 = CARTESIAN_POINT ( 'NONE',  ( -21.06389090362936045, -24.24999999999999645, 0.000000000000000000 ) ) ;
#2702 = CARTESIAN_POINT ( 'NONE',  ( 21.06470850604025458, -24.74999999999998934, 4.000000000000000888 ) ) ;
#2703 = EDGE_CURVE ( 'NONE', #207, #980, #2844, .T. ) ;
#2704 = LINE ( 'NONE', #812, #2181 ) ;
#2705 = CARTESIAN_POINT ( 'NONE',  ( -29.99999999999999645, -12.50040639843811974, 4.101692064760392498 ) ) ;
#2706 = CARTESIAN_POINT ( 'NONE',  ( 27.33566645063437051, -3.587438131071504888, 0.01281176262235341791 ) ) ;
#2707 = DIRECTION ( 'NONE',  ( 0.000000000000000000, -1.000000000000000000, 0.000000000000000000 ) ) ;
#2708 = DIRECTION ( 'NONE',  ( -1.000000000000000000, 0.000000000000000000, 0.000000000000000000 ) ) ;
#2709 = ADVANCED_FACE ( 'NONE', ( #2694 ), #1346, .T. ) ;
#2710 = CARTESIAN_POINT ( 'NONE',  ( 0.000000000000000000, 0.000000000000000000, 3.249999999999999556 ) ) ;
#2711 = CARTESIAN_POINT ( 'NONE',  ( 20.66591471642668054, -24.74999999999998934, 4.347278614126115492 ) ) ;
#2712 = DIRECTION ( 'NONE',  ( 1.000000000000000000, 0.000000000000000000, 0.000000000000000000 ) ) ;
#2713 = CIRCLE ( 'NONE', #2268, 0.5000000000000004441 ) ;
#2714 = CARTESIAN_POINT ( 'NONE',  ( 30.00000000000000355, 11.04536101718726826, 0.4999999999999995559 ) ) ;
#2715 = ORIENTED_EDGE ( 'NONE', *, *, #661, .F. ) ;
#2716 = ORIENTED_EDGE ( 'NONE', *, *, #3556, .F. ) ;
#2717 = AXIS2_PLACEMENT_3D ( 'NONE', #562, #1163, #2131 ) ;
#2718 = CARTESIAN_POINT ( 'NONE',  ( -29.87318651744993758, 12.30241705528222163, 4.609304572104182540 ) ) ;
#2719 = CARTESIAN_POINT ( 'NONE',  ( -20.57704387223234477, -21.85242611623242226, 0.08740962247080229230 ) ) ;
#2720 = VERTEX_POINT ( 'NONE', #4000 ) ;
#2721 = CARTESIAN_POINT ( 'NONE',  ( -20.10441493801797819, 24.75000000000000355, 0.4999999999999995559 ) ) ;
#2722 = ORIENTED_EDGE ( 'NONE', *, *, #2601, .F. ) ;
#2723 = LINE ( 'NONE', #1656, #405 ) ;
#2724 = CARTESIAN_POINT ( 'NONE',  ( -20.44320845841995293, -24.74999999999999645, 4.467288886651944679 ) ) ;
#2725 = CARTESIAN_POINT ( 'NONE',  ( -29.99999999999999289, 11.04536101718727537, 0.000000000000000000 ) ) ;
#2726 = ORIENTED_EDGE ( 'NONE', *, *, #478, .T. ) ;
#2727 = EDGE_CURVE ( 'NONE', #3350, #3324, #2214, .T. ) ;
#2728 = CARTESIAN_POINT ( 'NONE',  ( 20.51721376679900999, -24.74999999999998934, 4.428595980416366373 ) ) ;
#2729 = DIRECTION ( 'NONE',  ( 0.000000000000000000, -0.000000000000000000, -1.000000000000000000 ) ) ;
#2730 =( BOUNDED_SURFACE ( )  B_SPLINE_SURFACE ( 3, 2, ( 
 ( #3099, #3355, #9 ),
 ( #3988, #4018, #3108 ),
 ( #2472, #3075, #3089 ),
 ( #623, #2488, #1503 ),
 ( #2180, #2753, #2139 ),
 ( #3058, #315, #3700 ),
 ( #1220, #634, #2793 ),
 ( #1855, #3677, #1234 ) ),
 .UNSPECIFIED., .F., .F., .F. ) 
 B_SPLINE_SURFACE_WITH_KNOTS ( ( 4, 2, 2, 4 ),
 ( 3, 3 ),
 ( 0.002099200977525127968, 0.002352557366278519146, 0.002605913755031910323, 0.003112626532538692679 ),
 ( 0.000000000000000000, 1.000000000000000000 ),
 .UNSPECIFIED. ) 
 GEOMETRIC_REPRESENTATION_ITEM ( )  RATIONAL_B_SPLINE_SURFACE ( (
 ( 1.000000000000000000, 0.9374999999999995559, 1.000000000000000000),
 ( 1.000000000000000000, 0.9375607059656594355, 1.000000000000000000),
 ( 1.000000000000000000, 0.9285283053834811895, 1.000000000000000000),
 ( 1.000000000000000000, 0.8998073606107810374, 1.000000000000000000),
 ( 1.000000000000000000, 0.8808930640205419049, 1.000000000000000000),
 ( 1.000000000000000000, 0.8171526463671742180, 1.000000000000000000),
 ( 1.000000000000000000, 0.7649737391686819432, 1.000000000000000000),
 ( 1.000000000000000000, 0.7071067811865475727, 1.000000000000000000) ) ) 
 REPRESENTATION_ITEM ( '' )  SURFACE ( )  );
#2731 = ADVANCED_FACE ( 'NONE', ( #1155 ), #519, .F. ) ;
#2732 = VERTEX_POINT ( 'NONE', #3695 ) ;
#2733 = EDGE_CURVE ( 'NONE', #1229, #1197, #3443, .T. ) ;
#2734 = CARTESIAN_POINT ( 'NONE',  ( -29.99999999999999645, -12.22194624357947212, 4.255303688358194947 ) ) ;
#2735 = DIRECTION ( 'NONE',  ( -0.000000000000000000, -0.000000000000000000, -1.000000000000000000 ) ) ;
#2736 = ORIENTED_EDGE ( 'NONE', *, *, #454, .F. ) ;
#2737 = CARTESIAN_POINT ( 'NONE',  ( 29.94868556131161341, -12.55281203245869648, 4.251679593060782025 ) ) ;
#2738 = CARTESIAN_POINT ( 'NONE',  ( -26.50000000000000355, 6.224949798994364514, 0.9158846565498113268 ) ) ;
#2739 = ORIENTED_EDGE ( 'NONE', *, *, #770, .T. ) ;
#2740 = B_SPLINE_CURVE_WITH_KNOTS ( 'NONE', 3,
 ( #2611, #2942, #3838, #3516, #1695, #1663, #2897, #3828, #459, #1057 ),
 .UNSPECIFIED., .F., .F.,
 ( 4, 2, 2, 2, 4 ),
 ( 0.000000000000000000, 0.0005245487961209988840, 0.001049097592241997768, 0.001573646388362996652, 0.002098195184483995536 ),
 .UNSPECIFIED. ) ;
#2741 = DIRECTION ( 'NONE',  ( -1.000000000000000000, -1.224646799147352468E-16, 0.000000000000000000 ) ) ;
#2742 = CARTESIAN_POINT ( 'NONE',  ( -20.40921417098565982, 20.98241266425526064, 3.149940684920321754 ) ) ;
#2743 = DIRECTION ( 'NONE',  ( -1.000000000000000000, 0.000000000000000000, 0.000000000000000000 ) ) ;
#2744 = CIRCLE ( 'NONE', #3141, 0.5000000000000000000 ) ;
#2745 = AXIS2_PLACEMENT_3D ( 'NONE', #3834, #746, #1712 ) ;
#2746 = LINE ( 'NONE', #106, #1651 ) ;
#2747 = CARTESIAN_POINT ( 'NONE',  ( -20.73281795730844834, -24.74999999999999645, 4.295517902617899786 ) ) ;
#2748 = CARTESIAN_POINT ( 'NONE',  ( 21.20535255374715078, -24.62890625000000000, 4.000000000000000000 ) ) ;
#2749 = CARTESIAN_POINT ( 'NONE',  ( 29.66899786498821356, -11.61922076216103328, 4.936645830447044858 ) ) ;
#2750 = ADVANCED_FACE ( 'NONE', ( #420 ), #1889, .T. ) ;
#2751 = AXIS2_PLACEMENT_3D ( 'NONE', #3580, #2951, #1440 ) ;
#2752 = CARTESIAN_POINT ( 'NONE',  ( -26.50000000000000355, 0.000000000000000000, 1.000000000000000000 ) ) ;
#2753 = CARTESIAN_POINT ( 'NONE',  ( -20.81681790790470288, 24.75000000000000355, 4.576546738701869899 ) ) ;
#2754 = EDGE_CURVE ( 'NONE', #1384, #1283, #1014, .T. ) ;
#2755 = CARTESIAN_POINT ( 'NONE',  ( -21.06389090362937466, 24.25000000000000355, 5.000000000000000000 ) ) ;
#2756 = DIRECTION ( 'NONE',  ( -0.000000000000000000, -0.000000000000000000, -1.000000000000000000 ) ) ;
#2757 = CARTESIAN_POINT ( 'NONE',  ( -20.57541986057837136, -24.41349599801166192, 4.910853841767117700 ) ) ;
#2758 = DIRECTION ( 'NONE',  ( 0.000000000000000000, 0.000000000000000000, -1.000000000000000000 ) ) ;
#2759 = CARTESIAN_POINT ( 'NONE',  ( 10.00000000000000178, 0.000000000000000000, 3.500000000000000000 ) ) ;
#2760 = LINE ( 'NONE', #3524, #2243 ) ;
#2761 = CARTESIAN_POINT ( 'NONE',  ( 29.96093760647740112, -12.59334021381015845, 4.133864313585795536 ) ) ;
#2762 = EDGE_LOOP ( 'NONE', ( #1920, #201, #3961, #1147 ) ) ;
#2763 = CARTESIAN_POINT ( 'NONE',  ( -26.54448498746573293, 6.113324297582027889, 0.6965513964552708659 ) ) ;
#2764 = ORIENTED_EDGE ( 'NONE', *, *, #1952, .F. ) ;
#2765 = CIRCLE ( 'NONE', #2003, 0.5000000000000000000 ) ;
#2766 = AXIS2_PLACEMENT_3D ( 'NONE', #394, #2866, #1344 ) ;
#2767 = EDGE_LOOP ( 'NONE', ( #3273, #2668, #3707, #3307 ) ) ;
#2768 = ADVANCED_FACE ( 'NONE', ( #1984 ), #3899, .T. ) ;
#2769 = ORIENTED_EDGE ( 'NONE', *, *, #1339, .T. ) ;
#2770 = VECTOR ( 'NONE', #765, 1000.000000000000000 ) ;
#2771 = CARTESIAN_POINT ( 'NONE',  ( 20.10441493801797108, 24.25000000000001066, 0.4999999999999995559 ) ) ;
#2772 = AXIS2_PLACEMENT_3D ( 'NONE', #273, #2444, #3065 ) ;
#2773 = CARTESIAN_POINT ( 'NONE',  ( 26.50000000000000711, -12.96148139681570122, 3.500000000000000000 ) ) ;
#2774 = CARTESIAN_POINT ( 'NONE',  ( 20.66696653399090167, 24.75000000000001066, 0.6494786004579760075 ) ) ;
#2775 = EDGE_LOOP ( 'NONE', ( #888, #204, #3368, #458 ) ) ;
#2776 = CARTESIAN_POINT ( 'NONE',  ( 30.00000000000000355, -11.92532824032969430, 4.388873773257463640 ) ) ;
#2777 = CARTESIAN_POINT ( 'NONE',  ( -25.60820507371061083, -8.150753145339807659, 3.500000000000000000 ) ) ;
#2778 = VERTEX_POINT ( 'NONE', #1941 ) ;
#2779 = EDGE_CURVE ( 'NONE', #23, #3745, #1728, .T. ) ;
#2780 = CARTESIAN_POINT ( 'NONE',  ( 8.500000000000000000, 1.040949779275250140E-15, 2.500000000000000000 ) ) ;
#2781 = ORIENTED_EDGE ( 'NONE', *, *, #316, .T. ) ;
#2782 = CARTESIAN_POINT ( 'NONE',  ( -20.84925887525835719, -24.50755063696102454, 0.2606682391682417221 ) ) ;
#2783 = EDGE_CURVE ( 'NONE', #3206, #2778, #987, .T. ) ;
#2784 = ORIENTED_EDGE ( 'NONE', *, *, #2576, .T. ) ;
#2785 = DIRECTION ( 'NONE',  ( 0.000000000000000000, 0.000000000000000000, 1.000000000000000000 ) ) ;
#2786 = TOROIDAL_SURFACE ( 'NONE', #188, 28.50000000000000000, 1.000000000000000000 ) ;
#2787 = VERTEX_POINT ( 'NONE', #1306 ) ;
#2788 = DIRECTION ( 'NONE',  ( 0.000000000000000000, -0.000000000000000000, -1.000000000000000000 ) ) ;
#2789 = CC_DESIGN_PERSON_AND_ORGANIZATION_ASSIGNMENT ( #1681, #996, ( #2820 ) ) ;
#2790 = CARTESIAN_POINT ( 'NONE',  ( 30.00000000000000355, -11.04536101718724339, 0.000000000000000000 ) ) ;
#2791 = B_SPLINE_CURVE_WITH_KNOTS ( 'NONE', 3,
 ( #148, #1741, #3668, #2082, #831, #543, #1823, #520, #2992, #2130, #1132, #851 ),
 .UNSPECIFIED., .F., .F.,
 ( 4, 2, 2, 2, 2, 4 ),
 ( 0.000000000000000000, 0.0002637285054914763338, 0.0005274570109829526676, 0.001054914021965909238, 0.001582371032948866026, 0.002109828043931822814 ),
 .UNSPECIFIED. ) ;
#2792 = FACE_OUTER_BOUND ( 'NONE', #312, .T. ) ;
#2793 = CARTESIAN_POINT ( 'NONE',  ( -20.27076646509839719, 24.75000000000000355, 4.499999995398701991 ) ) ;
#2794 = AXIS2_PLACEMENT_3D ( 'NONE', #2376, #1106, #833 ) ;
#2795 = CARTESIAN_POINT ( 'NONE',  ( -20.22177537132002811, -24.29097353020045702, -1.301042606982605321E-15 ) ) ;
#2796 = DIRECTION ( 'NONE',  ( 0.000000000000000000, 0.000000000000000000, 1.000000000000000000 ) ) ;
#2797 = VECTOR ( 'NONE', #2124, 1000.000000000000000 ) ;
#2798 = APPLICATION_CONTEXT ( 'configuration controlled 3d designs of mechanical parts and assemblies' ) ;
#2799 = DIRECTION ( 'NONE',  ( 0.000000000000000000, 0.000000000000000000, -1.000000000000000000 ) ) ;
#2800 = CARTESIAN_POINT ( 'NONE',  ( -29.99999999999999645, -12.39959676763724516, 4.000000000000000000 ) ) ;
#2801 = EDGE_CURVE ( 'NONE', #1376, #605, #2542, .T. ) ;
#2802 = CARTESIAN_POINT ( 'NONE',  ( -27.50000000000000355, 0.000000000000000000, 1.000000000000000000 ) ) ;
#2803 = CARTESIAN_POINT ( 'NONE',  ( 30.00000000000000355, -12.39959644499119662, 0.9336452818442689816 ) ) ;
#2804 = DIRECTION ( 'NONE',  ( 1.000000000000000000, 0.000000000000000000, -0.000000000000000000 ) ) ;
#2805 = EDGE_CURVE ( 'NONE', #1239, #3017, #793, .T. ) ;
#2806 = CARTESIAN_POINT ( 'NONE',  ( -29.99999999999999289, -11.55795850961492377, 4.478495800896331147 ) ) ;
#2807 = CARTESIAN_POINT ( 'NONE',  ( -21.02318727257879871, -24.75000000000000000, 0.7343846097832352759 ) ) ;
#2808 = DIRECTION ( 'NONE',  ( -1.000000000000000000, 0.000000000000000000, 0.000000000000000000 ) ) ;
#2809 = TOROIDAL_SURFACE ( 'NONE', #2470, 4.414213562373094035, 1.000000000000000000 ) ;
#2810 = DIRECTION ( 'NONE',  ( -0.000000000000000000, -0.000000000000000000, -1.000000000000000000 ) ) ;
#2811 = CARTESIAN_POINT ( 'NONE',  ( -20.10441493801797819, 24.25000000000000355, 0.000000000000000000 ) ) ;
#2812 = ORIENTED_EDGE ( 'NONE', *, *, #428, .T. ) ;
#2813 = DIRECTION ( 'NONE',  ( -0.000000000000000000, 0.000000000000000000, 1.000000000000000000 ) ) ;
#2814 = FACE_OUTER_BOUND ( 'NONE', #3501, .T. ) ;
#2815 = ORIENTED_EDGE ( 'NONE', *, *, #346, .F. ) ;
#2816 = ORIENTED_EDGE ( 'NONE', *, *, #1943, .F. ) ;
#2817 = ORIENTED_EDGE ( 'NONE', *, *, #3532, .T. ) ;
#2818 = LINE ( 'NONE', #1875, #649 ) ;
#2819 = CARTESIAN_POINT ( 'NONE',  ( -29.99999999999999645, 11.55294867709932483, 0.5316180562975147961 ) ) ;
#2820 = PRODUCT ( '手臂后盖板', '手臂后盖板', '', ( #348 ) ) ;
#2821 = AXIS2_PLACEMENT_3D ( 'NONE', #3735, #1180, #958 ) ;
#2822 = ORIENTED_EDGE ( 'NONE', *, *, #3015, .T. ) ;
#2823 = CARTESIAN_POINT ( 'NONE',  ( 26.50000000000001066, 6.224949798994360073, 2.616059420097529564 ) ) ;
#2824 = CARTESIAN_POINT ( 'NONE',  ( 30.00000000000000355, 12.39959647417827071, 0.9330678250235361348 ) ) ;
#2825 = EDGE_LOOP ( 'NONE', ( #4009, #2389, #2784, #665, #404, #269, #2441, #3505 ) ) ;
#2826 = AXIS2_PLACEMENT_3D ( 'NONE', #1995, #2909, #1674 ) ;
#2827 = PERSON_AND_ORGANIZATION_ROLE ( 'classification_officer' ) ;
#2828 = CARTESIAN_POINT ( 'NONE',  ( 27.37187209663019516, 3.427494313359289002, 0.007660550257486263559 ) ) ;
#2829 = CARTESIAN_POINT ( 'NONE',  ( -26.50000000000000355, 12.96148139681572964, 1.000000000000000000 ) ) ;
#2830 = ORIENTED_EDGE ( 'NONE', *, *, #2452, .F. ) ;
#2831 = DIRECTION ( 'NONE',  ( -1.000000000000000000, 0.000000000000000000, 0.000000000000000000 ) ) ;
#2832 = ORIENTED_EDGE ( 'NONE', *, *, #3180, .F. ) ;
#2833 = EDGE_CURVE ( 'NONE', #3702, #3320, #1524, .T. ) ;
#2834 = VERTEX_POINT ( 'NONE', #1338 ) ;
#2835 = CARTESIAN_POINT ( 'NONE',  ( 30.00000000000000355, 12.39959676763724516, 1.000000000000000666 ) ) ;
#2836 = CARTESIAN_POINT ( 'NONE',  ( 30.00000000000000355, 12.05183177980891784, 4.348099572248730560 ) ) ;
#2837 = DIRECTION ( 'NONE',  ( -1.000000000000000000, 0.000000000000000000, 0.000000000000000000 ) ) ;
#2838 = CARTESIAN_POINT ( 'NONE',  ( -29.99999999999999645, 12.27616097037311604, 4.218800025493748329 ) ) ;
#2839 = CARTESIAN_POINT ( 'NONE',  ( 20.00000000000000000, 0.000000000000000000, 2.000000000000000000 ) ) ;
#2840 = CARTESIAN_POINT ( 'NONE',  ( -29.91716639743659556, -12.44837307043387753, 0.5601657677458866669 ) ) ;
#2841 = PRODUCT_DEFINITION_FORMATION_WITH_SPECIFIED_SOURCE ( '任何', '', #2820, .NOT_KNOWN. ) ;
#2842 = CARTESIAN_POINT ( 'NONE',  ( -29.99999999999999289, 11.59843316265538782, 0.1822020057903258605 ) ) ;
#2843 = FACE_OUTER_BOUND ( 'NONE', #3795, .T. ) ;
#2844 = B_SPLINE_CURVE_WITH_KNOTS ( 'NONE', 3,
 ( #131, #2929, #2880, #2305, #1378, #3542, #832, #2719, #684, #590 ),
 .UNSPECIFIED., .F., .F.,
 ( 4, 2, 2, 2, 4 ),
 ( 0.000000000000000000, 0.0002141888131458637157, 0.0004283776262917274313, 0.0008567552525834560553, 0.001713510505166911677 ),
 .UNSPECIFIED. ) ;
#2845 = DIRECTION ( 'NONE',  ( -0.000000000000000000, -0.000000000000000000, 1.000000000000000000 ) ) ;
#2846 = CARTESIAN_POINT ( 'NONE',  ( 20.73754322589129728, -24.74999999999998934, 4.298651893600974105 ) ) ;
#2847 = AXIS2_PLACEMENT_3D ( 'NONE', #1824, #3654, #1812 ) ;
#2848 = CIRCLE ( 'NONE', #308, 29.50000000000000355 ) ;
#2849 = CARTESIAN_POINT ( 'NONE',  ( 25.00000000000000000, 6.123233995736765296E-16, 1.000000000000000000 ) ) ;
#2850 = CARTESIAN_POINT ( 'NONE',  ( 29.96093761706536540, 12.59334018862024784, 4.132709400249163778 ) ) ;
#2851 = CARTESIAN_POINT ( 'NONE',  ( 2.862293735361731311E-15, -24.74999999999999289, 4.500000000000000888 ) ) ;
#2852 = CARTESIAN_POINT ( 'NONE',  ( -29.99999999999999645, -12.27481605397387909, 0.7800828595519510023 ) ) ;
#2853 = EDGE_CURVE ( 'NONE', #2351, #3492, #730, .T. ) ;
#2854 = CARTESIAN_POINT ( 'NONE',  ( -29.66890619505521087, 11.61891398936564634, 0.06323610311890716373 ) ) ;
#2855 = FACE_OUTER_BOUND ( 'NONE', #2485, .T. ) ;
#2856 = ORIENTED_EDGE ( 'NONE', *, *, #3150, .F. ) ;
#2857 = DIRECTION ( 'NONE',  ( 1.000000000000000000, 0.000000000000000000, 0.000000000000000000 ) ) ;
#2858 = EDGE_CURVE ( 'NONE', #2103, #1406, #2986, .T. ) ;
#2859 = CARTESIAN_POINT ( 'NONE',  ( 30.00000000000000355, 11.67833703512390109, 0.5512881454231018941 ) ) ;
#2860 = ORIENTED_EDGE ( 'NONE', *, *, #86, .F. ) ;
#2861 = CARTESIAN_POINT ( 'NONE',  ( 26.50000000000000711, -12.96148139681570122, 1.000000000000000000 ) ) ;
#2862 = EDGE_LOOP ( 'NONE', ( #553, #2171 ) ) ;
#2863 = ORIENTED_EDGE ( 'NONE', *, *, #1050, .F. ) ;
#2864 = CARTESIAN_POINT ( 'NONE',  ( 29.89838505299256965, 12.38606864733272950, 4.511751326103694559 ) ) ;
#2865 = CARTESIAN_POINT ( 'NONE',  ( -29.59747193636495055, 11.37752203149705288, 0.01595168129588911757 ) ) ;
#2866 = DIRECTION ( 'NONE',  ( 0.000000000000000000, 0.000000000000000000, -1.000000000000000000 ) ) ;
#2867 = ORIENTED_EDGE ( 'NONE', *, *, #2173, .T. ) ;
#2868 = CARTESIAN_POINT ( 'NONE',  ( 0.000000000000000000, -72.30205676561914174, 1.000000000000000000 ) ) ;
#2869 = FACE_OUTER_BOUND ( 'NONE', #743, .T. ) ;
#2870 = ORIENTED_EDGE ( 'NONE', *, *, #1117, .F. ) ;
#2871 = CARTESIAN_POINT ( 'NONE',  ( -29.99999999999999289, 11.18236780691429644, 0.04006463889649383714 ) ) ;
#2872 = B_SPLINE_CURVE_WITH_KNOTS ( 'NONE', 3,
 ( #1331, #1048, #1304, #3789, #1353, #1926, #1641, #423, #109, #70, #3519, #3830, #56, #998, #1012, #2232 ),
 .UNSPECIFIED., .F., .F.,
 ( 4, 2, 2, 2, 2, 2, 2, 4 ),
 ( -1.072135294866511606E-05, 0.0009738045348021528557, 0.001958330422552970792, 0.002450593366428381169, 0.002942856310303791981, 0.003435119254179202792, 0.003681250726116908848, 0.003927382198054615338 ),
 .UNSPECIFIED. ) ;
#2873 = AXIS2_PLACEMENT_3D ( 'NONE', #3207, #2549, #1637 ) ;
#2874 = EDGE_LOOP ( 'NONE', ( #3304, #1890, #1184, #254 ) ) ;
#2875 = CARTESIAN_POINT ( 'NONE',  ( 29.83884714896810664, 12.18818584580096243, 0.3022135222895691031 ) ) ;
#2876 = CARTESIAN_POINT ( 'NONE',  ( 20.22354360557506681, -20.08129189154433192, 3.500000000000000000 ) ) ;
#2877 = ORIENTED_EDGE ( 'NONE', *, *, #316, .F. ) ;
#2878 = CARTESIAN_POINT ( 'NONE',  ( 30.00000000000000355, 11.59945127210817084, 4.817393497474067310 ) ) ;
#2879 = AXIS2_PLACEMENT_3D ( 'NONE', #3465, #676, #1932 ) ;
#2880 = CARTESIAN_POINT ( 'NONE',  ( -20.46363315736683575, -21.25910788813638419, 0.8566171040737288189 ) ) ;
#2881 = EDGE_LOOP ( 'NONE', ( #1483, #3751, #3063, #3172 ) ) ;
#2882 = CARTESIAN_POINT ( 'NONE',  ( 0.000000000000000000, 0.000000000000000000, 2.500000000000000000 ) ) ;
#2883 = EDGE_CURVE ( 'NONE', #2550, #789, #622, .T. ) ;
#2884 = FACE_OUTER_BOUND ( 'NONE', #1909, .T. ) ;
#2885 = CARTESIAN_POINT ( 'NONE',  ( -20.46185475464040593, 21.25000000000000711, 1.000000000000000000 ) ) ;
#2886 = VECTOR ( 'NONE', #1924, 1000.000000000000000 ) ;
#2887 = DIRECTION ( 'NONE',  ( -1.000000000000000000, 0.000000000000000000, 0.000000000000000000 ) ) ;
#2888 = CARTESIAN_POINT ( 'NONE',  ( 30.00000000000001421, -12.05183177980890541, 0.6519004277512702172 ) ) ;
#2889 = CARTESIAN_POINT ( 'NONE',  ( -20.87911636061257425, -24.74999999999999645, 1.000000000000000000 ) ) ;
#2890 = DIRECTION ( 'NONE',  ( -1.000000000000000000, 0.000000000000000000, 0.000000000000000000 ) ) ;
#2891 = ADVANCED_FACE ( 'NONE', ( #237 ), #2219, .T. ) ;
#2892 = CYLINDRICAL_SURFACE ( 'NONE', #3005, 5.000000000000000888 ) ;
#2893 = DIRECTION ( 'NONE',  ( 0.000000000000000000, 0.000000000000000000, -1.000000000000000000 ) ) ;
#2894 = CARTESIAN_POINT ( 'NONE',  ( 11.00000000000000178, 0.000000000000000000, 2.500000000000000000 ) ) ;
#2895 =( BOUNDED_SURFACE ( )  B_SPLINE_SURFACE ( 3, 2, ( 
 ( #1742, #2698, #3939 ),
 ( #2994, #2042, #1757 ),
 ( #3292, #2651, #806 ),
 ( #3898, #493, #2683 ),
 ( #481, #2084, #2666 ),
 ( #853, #2965, #3591 ),
 ( #3008, #3276, #1800 ),
 ( #3265, #3323, #1423 ),
 ( #2361, #3609, #1465 ),
 ( #1408, #507, #819 ),
 ( #2979, #3576, #3640 ),
 ( #2029, #1134, #1435 ) ),
 .UNSPECIFIED., .F., .F., .F. ) 
 B_SPLINE_SURFACE_WITH_KNOTS ( ( 4, 2, 2, 2, 2, 4 ),
 ( 3, 3 ),
 ( 0.001008446055696983999, 0.001389861523683817279, 0.001771276991670650558, 0.002152692459657483837, 0.002343400193650900694, 0.002534107927644317117 ),
 ( 0.000000000000000000, 1.000000000000000000 ),
 .UNSPECIFIED. ) 
 GEOMETRIC_REPRESENTATION_ITEM ( )  RATIONAL_B_SPLINE_SURFACE ( (
 ( 1.000000000000000000, 0.7071067811865475727, 1.000000000000000000),
 ( 1.000000000000000000, 0.7368680310427363489, 1.000000000000000000),
 ( 1.000000000000000000, 0.7649020750436869021, 1.000000000000000000),
 ( 1.000000000000000000, 0.8183595106426416743, 1.000000000000000000),
 ( 1.000000000000000000, 0.8437884055429940577, 1.000000000000000000),
 ( 1.000000000000000000, 0.8924267773074479049, 1.000000000000000000),
 ( 1.000000000000000000, 0.9161278180224349255, 1.000000000000000000),
 ( 1.000000000000000000, 0.9476976633452924847, 1.000000000000000000),
 ( 1.000000000000000000, 0.9577228570534269680, 1.000000000000000000),
 ( 1.000000000000000000, 0.9740390116810199173, 1.000000000000000000),
 ( 1.000000000000000000, 0.9802769051501761810, 1.000000000000000000),
 ( 1.000000000000000000, 0.9802741963348829968, 1.000000000000000000) ) ) 
 REPRESENTATION_ITEM ( '' )  SURFACE ( )  );
#2896 = CARTESIAN_POINT ( 'NONE',  ( 26.52679616150681952, -12.96768739622842226, 0.7348412502466604712 ) ) ;
#2897 = CARTESIAN_POINT ( 'NONE',  ( 29.69413957446965213, -11.70394472709338274, 4.915343101088062383 ) ) ;
#2898 = CIRCLE ( 'NONE', #1116, 9.999999999999998224 ) ;
#2899 = CARTESIAN_POINT ( 'NONE',  ( -29.99999999999999645, -11.04536101718726826, 0.5000000000000000000 ) ) ;
#2900 = CARTESIAN_POINT ( 'NONE',  ( 21.06389090362936756, 24.75000000000001066, 4.500000000000000888 ) ) ;
#2901 = CARTESIAN_POINT ( 'NONE',  ( -21.20535255374720407, -24.62890625000000711, 4.143077267146543008 ) ) ;
#2902 = EDGE_CURVE ( 'NONE', #3857, #1569, #3364, .T. ) ;
#2903 = CIRCLE ( 'NONE', #682, 5.000000000000000888 ) ;
#2904 = ORIENTED_EDGE ( 'NONE', *, *, #3245, .F. ) ;
#2905 = FACE_OUTER_BOUND ( 'NONE', #3226, .T. ) ;
#2906 = EDGE_LOOP ( 'NONE', ( #1964, #2860, #421, #3811 ) ) ;
#2907 = DIRECTION ( 'NONE',  ( 1.000000000000000000, 0.000000000000000000, 0.000000000000000000 ) ) ;
#2908 = PERSON_AND_ORGANIZATION ( #1854, #3122 ) ;
#2909 = DIRECTION ( 'NONE',  ( -0.000000000000000000, -0.000000000000000000, 1.000000000000000000 ) ) ;
#2910 = ADVANCED_FACE ( 'NONE', ( #2204 ), #2481, .T. ) ;
#2911 = ORIENTED_EDGE ( 'NONE', *, *, #3354, .T. ) ;
#2912 = ORIENTED_EDGE ( 'NONE', *, *, #400, .T. ) ;
#2913 = EDGE_CURVE ( 'NONE', #1837, #3320, #328, .T. ) ;
#2914 = CYLINDRICAL_SURFACE ( 'NONE', #1533, 29.50000000000000355 ) ;
#2915 = CARTESIAN_POINT ( 'NONE',  ( 20.73691500085620731, 24.75000000000001421, 0.7005362826090465456 ) ) ;
#2916 = ORIENTED_EDGE ( 'NONE', *, *, #3227, .T. ) ;
#2917 = CARTESIAN_POINT ( 'NONE',  ( 30.00000000000001421, -11.55539428698871873, 0.5212818824900776749 ) ) ;
#2918 = CARTESIAN_POINT ( 'NONE',  ( -20.73754322589130084, -24.75000000000000000, 0.7013481063990216757 ) ) ;
#2919 = DIRECTION ( 'NONE',  ( 1.000000000000000000, 1.156482317317871478E-16, -0.000000000000000000 ) ) ;
#2920 = EDGE_LOOP ( 'NONE', ( #1933, #446, #3078, #2877 ) ) ;
#2921 = CARTESIAN_POINT ( 'NONE',  ( 29.93606912241339657, -12.51101490016818296, 0.6630460767754036144 ) ) ;
#2922 = DIRECTION ( 'NONE',  ( 0.000000000000000000, 0.000000000000000000, -1.000000000000000000 ) ) ;
#2923 = ORIENTED_EDGE ( 'NONE', *, *, #1520, .F. ) ;
#2924 = CARTESIAN_POINT ( 'NONE',  ( 20.95643676561353885, 24.54423573359358812, 0.3530960563391425944 ) ) ;
#2925 = AXIS2_PLACEMENT_3D ( 'NONE', #3954, #3685, #3996 ) ;
#2926 = ORIENTED_EDGE ( 'NONE', *, *, #2961, .F. ) ;
#2927 = ORIENTED_EDGE ( 'NONE', *, *, #540, .T. ) ;
#2928 = EDGE_CURVE ( 'NONE', #110, #120, #911, .T. ) ;
#2929 = CARTESIAN_POINT ( 'NONE',  ( -20.46185475464040948, -21.24999999999998934, 0.9274833219861454703 ) ) ;
#2930 = ADVANCED_FACE ( 'NONE', ( #3881 ), #976, .F. ) ;
#2931 = LINE ( 'NONE', #2014, #870 ) ;
#2932 = CARTESIAN_POINT ( 'NONE',  ( 29.95553265198384452, -12.57546356402502319, 0.8248073962608327703 ) ) ;
#2933 = CARTESIAN_POINT ( 'NONE',  ( 20.34164598756173703, 20.64588698186877735, 3.413413116797983538 ) ) ;
#2934 = EDGE_CURVE ( 'NONE', #1914, #2980, #3246, .T. ) ;
#2935 = CARTESIAN_POINT ( 'NONE',  ( 20.47566149353727027, 21.32092757460316790, 0.6500385952655258759 ) ) ;
#2936 = CYLINDRICAL_SURFACE ( 'NONE', #3, 1.000000000000000000 ) ;
#2937 = CARTESIAN_POINT ( 'NONE',  ( -26.62896309628558100, 12.99130162810172884, 0.4913467178333649210 ) ) ;
#2938 = DIRECTION ( 'NONE',  ( -0.000000000000000000, -0.000000000000000000, -1.000000000000000000 ) ) ;
#2939 = CARTESIAN_POINT ( 'NONE',  ( -21.20535255374716499, 24.62890625000001421, 0.8569793661163599419 ) ) ;
#2940 = CIRCLE ( 'NONE', #3263, 9.000000000000000000 ) ;
#2941 = DIRECTION ( 'NONE',  ( -0.000000000000000000, -0.000000000000000000, -1.000000000000000000 ) ) ;
#2942 = CARTESIAN_POINT ( 'NONE',  ( 29.96093749999999645, -12.59334046713155431, 4.175768919598780826 ) ) ;
#2943 = CARTESIAN_POINT ( 'NONE',  ( 20.57328071678376347, 24.41275809316759293, 4.911735731870134458 ) ) ;
#2944 = CARTESIAN_POINT ( 'NONE',  ( 30.00000000000001066, 11.92941100404744681, 0.6123585295447093735 ) ) ;
#2945 = FACE_OUTER_BOUND ( 'NONE', #3676, .T. ) ;
#2946 = AXIS2_PLACEMENT_3D ( 'NONE', #2882, #2270, #1983 ) ;
#2947 = CARTESIAN_POINT ( 'NONE',  ( 0.000000000000000000, 72.30205676561918438, 2.500000000000000000 ) ) ;
#2948 = ADVANCED_FACE ( 'NONE', ( #2952 ), #3060, .T. ) ;
#2949 = CARTESIAN_POINT ( 'NONE',  ( 21.06470850604025813, -24.74999999999998934, 1.000000000000000222 ) ) ;
#2950 = CARTESIAN_POINT ( 'NONE',  ( 30.00000000000000355, -12.27616097037308407, 4.218800025493748329 ) ) ;
#2951 = DIRECTION ( 'NONE',  ( -0.000000000000000000, 0.000000000000000000, 1.000000000000000000 ) ) ;
#2952 = FACE_OUTER_BOUND ( 'NONE', #414, .T. ) ;
#2953 = AXIS2_PLACEMENT_3D ( 'NONE', #2471, #2191, #621 ) ;
#2954 = EDGE_LOOP ( 'NONE', ( #2163, #1878, #2435, #153 ) ) ;
#2955 = CARTESIAN_POINT ( 'NONE',  ( -29.99999999999999645, 12.39959676763726470, 0.000000000000000000 ) ) ;
#2956 = DIRECTION ( 'NONE',  ( 0.000000000000000000, 0.000000000000000000, -1.000000000000000000 ) ) ;
#2957 = DIRECTION ( 'NONE',  ( 0.000000000000000000, -0.000000000000000000, -1.000000000000000000 ) ) ;
#2958 = ORIENTED_EDGE ( 'NONE', *, *, #1575, .T. ) ;
#2959 = CIRCLE ( 'NONE', #1321, 7.500000000000000000 ) ;
#2960 = EDGE_LOOP ( 'NONE', ( #2007, #1726, #310, #2529 ) ) ;
#2961 = EDGE_CURVE ( 'NONE', #2283, #1677, #2760, .T. ) ;
#2962 = DATE_AND_TIME ( #2288, #3071 ) ;
#2963 = DIRECTION ( 'NONE',  ( -1.000000000000000000, 0.000000000000000000, 0.000000000000000000 ) ) ;
#2964 = ORIENTED_EDGE ( 'NONE', *, *, #3737, .T. ) ;
#2965 = CARTESIAN_POINT ( 'NONE',  ( -29.99999999999999645, 11.99719721578204634, 4.633093481187322560 ) ) ;
#2966 = CARTESIAN_POINT ( 'NONE',  ( -27.22017097084505721, 4.065242193223364886, 0.03673457055033811647 ) ) ;
#2967 = CARTESIAN_POINT ( 'NONE',  ( -26.50000000000000355, -12.96148139681570832, 1.000000000000000000 ) ) ;
#2968 = CARTESIAN_POINT ( 'NONE',  ( -26.52679374254181610, 12.96768683574121361, 0.7348528153354586534 ) ) ;
#2969 = ORIENTED_EDGE ( 'NONE', *, *, #1334, .F. ) ;
#2970 = CARTESIAN_POINT ( 'NONE',  ( 20.87911636061258136, 24.75000000000001066, 1.000000000000000000 ) ) ;
#2971 = CARTESIAN_POINT ( 'NONE',  ( 20.87911636061258136, -24.74999999999998934, 1.000000000000000000 ) ) ;
#2972 = ORIENTED_EDGE ( 'NONE', *, *, #902, .F. ) ;
#2973 = CARTESIAN_POINT ( 'NONE',  ( -20.51764473358644381, 24.75000000000000355, 0.5716401082594113614 ) ) ;
#2974 = ADVANCED_FACE ( 'NONE', ( #3155 ), #2809, .T. ) ;
#2975 = AXIS2_PLACEMENT_3D ( 'NONE', #2558, #741, #434 ) ;
#2976 = AXIS2_PLACEMENT_3D ( 'NONE', #1626, #2589, #3777 ) ;
#2977 = ORIENTED_EDGE ( 'NONE', *, *, #2037, .F. ) ;
#2978 = CARTESIAN_POINT ( 'NONE',  ( -29.91773927310815751, -12.45027225424095718, 4.437095653910585469 ) ) ;
#2979 = CARTESIAN_POINT ( 'NONE',  ( -29.96093760647644899, 12.59334021381243929, 4.133864313586020245 ) ) ;
#2980 = VERTEX_POINT ( 'NONE', #2325 ) ;
#2981 = DIRECTION ( 'NONE',  ( 0.000000000000000000, 0.000000000000000000, -1.000000000000000000 ) ) ;
#2982 = AXIS2_PLACEMENT_3D ( 'NONE', #2329, #2356, #3259 ) ;
#2983 = CARTESIAN_POINT ( 'NONE',  ( 20.43776190449449004, -24.74999999999998934, 0.5445730874306247138 ) ) ;
#2984 = CARTESIAN_POINT ( 'NONE',  ( 26.52679616150681952, 12.96768739622844535, 0.7348412502466604712 ) ) ;
#2985 = DIRECTION ( 'NONE',  ( 1.000000000000000000, 0.000000000000000000, 0.000000000000000000 ) ) ;
#2986 = CIRCLE ( 'NONE', #2879, 0.5000000000000004441 ) ;
#2987 = CARTESIAN_POINT ( 'NONE',  ( 20.90024304931678145, -24.52499410095393984, 4.694557201512945532 ) ) ;
#2988 = EDGE_CURVE ( 'NONE', #2675, #3085, #1553, .T. ) ;
#2989 = CARTESIAN_POINT ( 'NONE',  ( 21.02360600618607478, 24.75000000000001776, 4.264812330766774906 ) ) ;
#2990 = CARTESIAN_POINT ( 'NONE',  ( -20.68892705537010812, 24.45257341517197247, 0.1432802556280881601 ) ) ;
#2991 = CIRCLE ( 'NONE', #1905, 55.00000000000000000 ) ;
#2992 = CARTESIAN_POINT ( 'NONE',  ( -29.69356342953489758, -11.70200708226778374, 4.915914058462941050 ) ) ;
#2993 = CARTESIAN_POINT ( 'NONE',  ( 26.63648277511213891, -5.876530281372569497, 0.4832203293349653928 ) ) ;
#2994 = CARTESIAN_POINT ( 'NONE',  ( -29.54210019050168867, 11.18932861914757559, 5.000000000000000888 ) ) ;
#2995 = EDGE_CURVE ( 'NONE', #655, #67, #3009, .T. ) ;
#2996 = CARTESIAN_POINT ( 'NONE',  ( 29.95553265198382675, 12.57546356402503562, 4.175192603739167119 ) ) ;
#2997 = ADVANCED_FACE ( 'NONE', ( #690 ), #1314, .T. ) ;
#2998 = FACE_OUTER_BOUND ( 'NONE', #2108, .T. ) ;
#2999 = CARTESIAN_POINT ( 'NONE',  ( 20.73281795730837729, -24.74999999999998934, 0.7044820973821080967 ) ) ;
#3000 = CARTESIAN_POINT ( 'NONE',  ( -20.66691324496844473, 24.75000000000000711, 0.6494450572850427594 ) ) ;
#3001 = CARTESIAN_POINT ( 'NONE',  ( 25.55334489835579603, -8.252606475444371981, 3.500000000000000888 ) ) ;
#3002 = CARTESIAN_POINT ( 'NONE',  ( 20.27265739383112475, 24.75000000000001066, 4.491434664758076067 ) ) ;
#3003 = CARTESIAN_POINT ( 'NONE',  ( 20.87911636061258136, 24.75000000000001066, 4.085759908030243359 ) ) ;
#3004 = FACE_OUTER_BOUND ( 'NONE', #3266, .T. ) ;
#3005 = AXIS2_PLACEMENT_3D ( 'NONE', #1707, #2941, #1066 ) ;
#3006 = CARTESIAN_POINT ( 'NONE',  ( -29.99999999999999645, -11.32276420081621282, 4.916421661437691881 ) ) ;
#3007 = CARTESIAN_POINT ( 'NONE',  ( 27.50000000000000711, -2.783882181415012980, 0.000000000000000000 ) ) ;
#3008 = CARTESIAN_POINT ( 'NONE',  ( -29.83884714896834467, 12.18818584580088071, 4.697786477710161890 ) ) ;
#3009 = CIRCLE ( 'NONE', #2826, 9.999999999999998224 ) ;
#3010 = CARTESIAN_POINT ( 'NONE',  ( -27.37418604915540854, 3.428079150478097858, 0.004833972191817499132 ) ) ;
#3011 = ORIENTED_EDGE ( 'NONE', *, *, #2225, .F. ) ;
#3012 = CARTESIAN_POINT ( 'NONE',  ( -27.37050144739600199, -13.16145179716222202, 1.905824131322174993E-18 ) ) ;
#3013 = VERTEX_POINT ( 'NONE', #1359 ) ;
#3014 = CARTESIAN_POINT ( 'NONE',  ( 30.00000000000000000, -12.50040649745542076, 0.9999999999999982236 ) ) ;
#3015 = EDGE_CURVE ( 'NONE', #3538, #2445, #2517, .T. ) ;
#3016 = CARTESIAN_POINT ( 'NONE',  ( 20.63749153320087970, -24.74999999999998934, 4.733642850613173358 ) ) ;
#3017 = VERTEX_POINT ( 'NONE', #1078 ) ;
#3018 = ORIENTED_EDGE ( 'NONE', *, *, #2858, .T. ) ;
#3019 = VECTOR ( 'NONE', #3200, 1000.000000000000000 ) ;
#3020 = DIRECTION ( 'NONE',  ( -0.000000000000000000, -0.000000000000000000, 1.000000000000000000 ) ) ;
#3021 = CARTESIAN_POINT ( 'NONE',  ( 20.73675678602801753, 24.75000000000000711, 4.299449311151327890 ) ) ;
#3022 = ADVANCED_FACE ( 'NONE', ( #884 ), #438, .T. ) ;
#3023 = FACE_OUTER_BOUND ( 'NONE', #3910, .T. ) ;
#3024 = EDGE_LOOP ( 'NONE', ( #2815, #1519, #2695, #1865 ) ) ;
#3025 = EDGE_CURVE ( 'NONE', #3013, #3409, #1405, .T. ) ;
#3026 = CARTESIAN_POINT ( 'NONE',  ( 26.51108304341877542, -6.197434477117749196, 0.8352788195851712505 ) ) ;
#3027 = CARTESIAN_POINT ( 'NONE',  ( 21.20535255374715078, 24.62890625000002132, 4.000000000000000000 ) ) ;
#3028 = EDGE_LOOP ( 'NONE', ( #2540, #3114, #933, #1530 ) ) ;
#3029 = CARTESIAN_POINT ( 'NONE',  ( 21.17052738593574901, -24.61710341888422349, 0.7148541821127051277 ) ) ;
#3030 = DIRECTION ( 'NONE',  ( 0.000000000000000000, -1.000000000000000000, 0.000000000000000000 ) ) ;
#3031 = CARTESIAN_POINT ( 'NONE',  ( 26.50000000000000711, 0.000000000000000000, 2.500000000000000000 ) ) ;
#3032 = VERTEX_POINT ( 'NONE', #1137 ) ;
#3033 = CARTESIAN_POINT ( 'NONE',  ( 20.89511322568026941, -24.74999999999999289, 4.478845609255459159 ) ) ;
#3034 = CARTESIAN_POINT ( 'NONE',  ( -29.99999999999999645, -12.39959676763724516, 4.000000000000000000 ) ) ;
#3035 = CARTESIAN_POINT ( 'NONE',  ( 20.18921767735012196, 24.75000000000001421, 4.500000000000000888 ) ) ;
#3036 = AXIS2_PLACEMENT_3D ( 'NONE', #4023, #296, #3722 ) ;
#3037 = ORIENTED_EDGE ( 'NONE', *, *, #3994, .T. ) ;
#3038 = CARTESIAN_POINT ( 'NONE',  ( -29.99999999999999645, -12.39959667313421399, 4.066974611291632513 ) ) ;
#3039 = CARTESIAN_POINT ( 'NONE',  ( 20.46185475464040593, 21.25000000000000711, 2.500000000000000000 ) ) ;
#3040 = CARTESIAN_POINT ( 'NONE',  ( 20.10441493801797108, 24.25000000000001066, 5.000000000000000000 ) ) ;
#3041 = CARTESIAN_POINT ( 'NONE',  ( 30.00000000000000355, -11.55321638960318609, 4.468322911147098786 ) ) ;
#3042 = LINE ( 'NONE', #261, #2226 ) ;
#3043 = ADVANCED_FACE ( 'NONE', ( #3537 ), #127, .T. ) ;
#3044 = AXIS2_PLACEMENT_3D ( 'NONE', #156, #3883, #437 ) ;
#3045 = DIRECTION ( 'NONE',  ( 0.000000000000000000, -0.000000000000000000, -1.000000000000000000 ) ) ;
#3046 = DIRECTION ( 'NONE',  ( -0.000000000000000000, -0.000000000000000000, 1.000000000000000000 ) ) ;
#3047 = FACE_OUTER_BOUND ( 'NONE', #2920, .T. ) ;
#3048 = CARTESIAN_POINT ( 'NONE',  ( -7.500000000000000000, 0.000000000000000000, 0.000000000000000000 ) ) ;
#3049 = EDGE_CURVE ( 'NONE', #1052, #2639, #2137, .T. ) ;
#3050 = CYLINDRICAL_SURFACE ( 'NONE', #75, 5.000000000000000888 ) ;
#3051 = DIRECTION ( 'NONE',  ( -0.000000000000000000, -0.000000000000000000, -1.000000000000000000 ) ) ;
#3052 = LINE ( 'NONE', #3061, #1393 ) ;
#3053 = CIRCLE ( 'NONE', #3637, 0.5000000000000000000 ) ;
#3054 = CARTESIAN_POINT ( 'NONE',  ( -29.99999999999999289, -12.50040649745543320, 3.999999999999997335 ) ) ;
#3055 = CARTESIAN_POINT ( 'NONE',  ( 30.00000000000000355, -11.67833703512387800, 4.448711854576866465 ) ) ;
#3056 = DIRECTION ( 'NONE',  ( 0.000000000000000000, 0.000000000000000000, 1.000000000000000000 ) ) ;
#3057 = B_SPLINE_CURVE_WITH_KNOTS ( 'NONE', 3,
 ( #432, #3001, #1750, #2647, #3601, #3258, #813, #1158, #3918, #1111, #1126, #2676, #3316, #487 ),
 .UNSPECIFIED., .F., .F.,
 ( 4, 2, 2, 2, 2, 2, 4 ),
 ( -6.920605271413219545E-06, 0.0003305574706357315446, 0.0006680355465428763689, 0.001342991698357163741, 0.002017947850171450570, 0.002355425926078595720, 0.002692904001985740436 ),
 .UNSPECIFIED. ) ;
#3058 = CARTESIAN_POINT ( 'NONE',  ( -20.58207265985845424, 24.41593269160356527, 4.934813755659386736 ) ) ;
#3059 = APPROVAL ( #3120, '未指定' ) ;
#3060 = CYLINDRICAL_SURFACE ( 'NONE', #3327, 9.000000000000000000 ) ;
#3061 = CARTESIAN_POINT ( 'NONE',  ( 29.96093750000000711, 12.59334046713157917, 5.000000000000000000 ) ) ;
#3062 = ADVANCED_FACE ( 'NONE', ( #1715 ), #2193, .T. ) ;
#3063 = ORIENTED_EDGE ( 'NONE', *, *, #1446, .F. ) ;
#3064 = CARTESIAN_POINT ( 'NONE',  ( -20.84972783707474875, -24.50771105862634158, 4.738913015135636009 ) ) ;
#3065 = DIRECTION ( 'NONE',  ( 0.000000000000000000, 0.000000000000000000, 1.000000000000000000 ) ) ;
#3066 = EDGE_LOOP ( 'NONE', ( #3011, #1006, #936, #1228 ) ) ;
#3067 = DIRECTION ( 'NONE',  ( 0.000000000000000000, 0.000000000000000000, -1.000000000000000000 ) ) ;
#3068 = LINE ( 'NONE', #3083, #3303 ) ;
#3069 = ORIENTED_EDGE ( 'NONE', *, *, #1357, .T. ) ;
#3070 = CARTESIAN_POINT ( 'NONE',  ( 29.96093750000000355, -12.59334046713155963, 4.000000000000000000 ) ) ;
#3071 = LOCAL_TIME ( 20, 7, 49.00000000000000000, #108 ) ;
#3072 = DIRECTION ( 'NONE',  ( 0.000000000000000000, 1.000000000000000000, 0.000000000000000000 ) ) ;
#3073 = VERTEX_POINT ( 'NONE', #1801 ) ;
#3074 = EDGE_CURVE ( 'NONE', #1418, #3017, #3372, .T. ) ;
#3075 = CARTESIAN_POINT ( 'NONE',  ( -21.02402132504441923, 24.75000000000000711, 4.264143557445678745 ) ) ;
#3076 = ORIENTED_EDGE ( 'NONE', *, *, #3708, .T. ) ;
#3077 = CARTESIAN_POINT ( 'NONE',  ( 0.000000000000000000, 1.040834085586084257E-14, 1.000000000000000000 ) ) ;
#3078 = ORIENTED_EDGE ( 'NONE', *, *, #2531, .T. ) ;
#3079 = EDGE_CURVE ( 'NONE', #2103, #1384, #2179, .T. ) ;
#3080 = PLANE ( 'NONE',  #835 ) ;
#3081 = CARTESIAN_POINT ( 'NONE',  ( -21.06470850604024037, -24.75000000000000000, 4.000000000000000888 ) ) ;
#3082 = CARTESIAN_POINT ( 'NONE',  ( 20.27076646509818758, 24.75000000000001066, 0.5000000046011812138 ) ) ;
#3083 = CARTESIAN_POINT ( 'NONE',  ( 2.804469619495837873E-15, -24.24999999999999289, 5.000000000000000000 ) ) ;
#3084 = CARTESIAN_POINT ( 'NONE',  ( -29.99999999999999645, -11.67833703512390109, 0.5512881454230854628 ) ) ;
#3085 = VERTEX_POINT ( 'NONE', #2653 ) ;
#3086 = CARTESIAN_POINT ( 'NONE',  ( -20.84340909810899589, -24.74999999999999645, 4.168056635811696609 ) ) ;
#3087 = ADVANCED_FACE ( 'NONE', ( #2855 ), #390, .T. ) ;
#3088 = CARTESIAN_POINT ( 'NONE',  ( 20.87911636061258136, -24.24999999999998934, 1.000000000000000000 ) ) ;
#3089 = CARTESIAN_POINT ( 'NONE',  ( -20.84428565838465630, 24.75000000000000355, 4.166940141058471880 ) ) ;
#3090 = CIRCLE ( 'NONE', #3552, 8.000000000000000000 ) ;
#3091 = AXIS2_PLACEMENT_3D ( 'NONE', #3962, #1815, #3644 ) ;
#3092 = DIRECTION ( 'NONE',  ( -0.000000000000000000, -0.000000000000000000, -1.000000000000000000 ) ) ;
#3093 = FACE_OUTER_BOUND ( 'NONE', #255, .T. ) ;
#3094 = CARTESIAN_POINT ( 'NONE',  ( -20.22357334041942423, -24.29160124717007108, 5.000000000000000888 ) ) ;
#3095 = CARTESIAN_POINT ( 'NONE',  ( 27.33566645063437051, 3.587438131071504888, 0.01281176262235341791 ) ) ;
#3096 = CARTESIAN_POINT ( 'NONE',  ( 0.000000000000000000, 1.040834085586084257E-14, 4.000000000000000000 ) ) ;
#3097 = AXIS2_PLACEMENT_3D ( 'NONE', #769, #3238, #2893 ) ;
#3098 = CARTESIAN_POINT ( 'NONE',  ( 3.707106781186546129, 0.000000000000000000, 4.707106781186547906 ) ) ;
#3099 = CARTESIAN_POINT ( 'NONE',  ( -21.20535255374715788, 24.62890625000000355, 4.000000000000000000 ) ) ;
#3100 = CIRCLE ( 'NONE', #804, 56.00000000000000000 ) ;
#3101 = EDGE_CURVE ( 'NONE', #934, #706, #1219, .T. ) ;
#3102 = CARTESIAN_POINT ( 'NONE',  ( -20.90024304931683830, -24.52499410095392207, 0.3054427984870787816 ) ) ;
#3103 = DIRECTION ( 'NONE',  ( 1.000000000000000000, 1.156482317317871478E-16, -0.000000000000000000 ) ) ;
#3104 = DIRECTION ( 'NONE',  ( 0.000000000000000000, 0.000000000000000000, -1.000000000000000000 ) ) ;
#3105 = CARTESIAN_POINT ( 'NONE',  ( 21.20535255374715078, 24.62890625000002132, 5.000000000000000000 ) ) ;
#3106 = FACE_OUTER_BOUND ( 'NONE', #2874, .T. ) ;
#3107 = VECTOR ( 'NONE', #1426, 1000.000000000000000 ) ;
#3108 = CARTESIAN_POINT ( 'NONE',  ( -20.87911620488507225, 24.75000000000000355, 4.085971679613167318 ) ) ;
#3109 = ORIENTED_EDGE ( 'NONE', *, *, #637, .F. ) ;
#3110 = SECURITY_CLASSIFICATION ( '', '', #1303 ) ;
#3111 = VECTOR ( 'NONE', #2456, 1000.000000000000000 ) ;
#3112 = ORIENTED_EDGE ( 'NONE', *, *, #817, .T. ) ;
#3113 = CARTESIAN_POINT ( 'NONE',  ( -20.46007228261543887, 21.24085369649727539, 2.643685400794997253 ) ) ;
#3114 = ORIENTED_EDGE ( 'NONE', *, *, #2128, .F. ) ;
#3115 = CARTESIAN_POINT ( 'NONE',  ( -20.99551695456038303, -24.55753377901751477, 0.4086012139185111192 ) ) ;
#3116 = ORIENTED_EDGE ( 'NONE', *, *, #140, .T. ) ;
#3117 = CIRCLE ( 'NONE', #705, 0.5000000000000004441 ) ;
#3118 = CARTESIAN_POINT ( 'NONE',  ( 0.000000000000000000, 0.000000000000000000, 5.000000000000000000 ) ) ;
#3119 = AXIS2_PLACEMENT_3D ( 'NONE', #1945, #3499, #1957 ) ;
#3120 = APPROVAL_STATUS ( 'not_yet_approved' ) ;
#3121 = CARTESIAN_POINT ( 'NONE',  ( 20.73652423415444801, 24.75000000000001066, 0.7001687100895627180 ) ) ;
#3122 = ORGANIZATION ( '未指定', '未指定', '' ) ;
#3123 = ORIENTED_EDGE ( 'NONE', *, *, #2627, .F. ) ;
#3124 = CARTESIAN_POINT ( 'NONE',  ( -29.99999999999999645, -11.92532824032971739, 0.6111262267425972006 ) ) ;
#3125 = CARTESIAN_POINT ( 'NONE',  ( -26.38726954631022892, -6.500195563466346194, 2.966776379359154170 ) ) ;
#3126 = VERTEX_POINT ( 'NONE', #2135 ) ;
#3127 = CARTESIAN_POINT ( 'NONE',  ( 29.54209478221886442, -11.18931012477635889, 0.000000000000000000 ) ) ;
#3128 = EDGE_CURVE ( 'NONE', #314, #207, #1818, .T. ) ;
#3129 = DIRECTION ( 'NONE',  ( 0.000000000000000000, 1.000000000000000000, 0.000000000000000000 ) ) ;
#3130 = ORIENTED_EDGE ( 'NONE', *, *, #35, .F. ) ;
#3131 = CARTESIAN_POINT ( 'NONE',  ( -30.00000000000000355, -12.27695903386865162, 4.218123721353340905 ) ) ;
#3132 = CARTESIAN_POINT ( 'NONE',  ( -20.87911629906028210, -24.74999999999999645, 0.9136534326558699570 ) ) ;
#3133 = EDGE_CURVE ( 'NONE', #1717, #110, #2332, .T. ) ;
#3134 =( NAMED_UNIT ( * ) PLANE_ANGLE_UNIT ( ) SI_UNIT ( $, .RADIAN. ) );
#3135 = CARTESIAN_POINT ( 'NONE',  ( -30.00000000000000355, 12.22184126553437977, 4.255364523407327404 ) ) ;
#3136 = DIRECTION ( 'NONE',  ( 0.000000000000000000, 0.000000000000000000, -1.000000000000000000 ) ) ;
#3137 = ORIENTED_EDGE ( 'NONE', *, *, #219, .F. ) ;
#3138 = B_SPLINE_CURVE_WITH_KNOTS ( 'NONE', 3,
 ( #1149, #3983, #867, #2718, #2068, #1462, #2696, #3334, #3306, #1447 ),
 .UNSPECIFIED., .F., .F.,
 ( 4, 2, 2, 2, 4 ),
 ( 0.000000000000000000, 0.0005245487961210051724, 0.001049097592242010345, 0.001573646388363015517, 0.002098195184484020689 ),
 .UNSPECIFIED. ) ;
#3139 = DIRECTION ( 'NONE',  ( -0.000000000000000000, -0.000000000000000000, -1.000000000000000000 ) ) ;
#3140 = CARTESIAN_POINT ( 'NONE',  ( 29.89802015772545118, 12.38485760875800246, 0.4868782679047592432 ) ) ;
#3141 = AXIS2_PLACEMENT_3D ( 'NONE', #603, #1885, #2148 ) ;
#3142 = CARTESIAN_POINT ( 'NONE',  ( 30.00000000000000355, 11.55387445731962970, 4.468241296092137382 ) ) ;
#3143 = CIRCLE ( 'NONE', #624, 32.50000000000000000 ) ;
#3144 = DIRECTION ( 'NONE',  ( 0.000000000000000000, -1.000000000000000000, 0.000000000000000000 ) ) ;
#3145 = CARTESIAN_POINT ( 'NONE',  ( -27.50000000000000355, 0.000000000000000000, 0.000000000000000000 ) ) ;
#3146 = DIRECTION ( 'NONE',  ( 1.000000000000000000, 0.000000000000000000, 0.000000000000000000 ) ) ;
#3147 = EDGE_CURVE ( 'NONE', #1376, #2639, #1908, .T. ) ;
#3148 = FACE_OUTER_BOUND ( 'NONE', #1632, .T. ) ;
#3149 = DIRECTION ( 'NONE',  ( 1.000000000000000000, 0.000000000000000000, 0.000000000000000000 ) ) ;
#3150 = EDGE_CURVE ( 'NONE', #2732, #1092, #3444, .T. ) ;
#3151 = DIRECTION ( 'NONE',  ( -0.000000000000000000, -0.000000000000000000, -1.000000000000000000 ) ) ;
#3152 = CARTESIAN_POINT ( 'NONE',  ( 29.99999999999988631, 12.46351924468802430, 0.8076635563327172473 ) ) ;
#3153 = CARTESIAN_POINT ( 'NONE',  ( -25.62842585081374125, -12.75818974329905231, 3.499999999999999556 ) ) ;
#3154 = CARTESIAN_POINT ( 'NONE',  ( 4.414213562373094035, 0.000000000000000000, 5.000000000000000000 ) ) ;
#3155 = FACE_OUTER_BOUND ( 'NONE', #3662, .T. ) ;
#3156 =( BOUNDED_SURFACE ( )  B_SPLINE_SURFACE ( 3, 2, ( 
 ( #518, #3604, #1432 ),
 ( #2678, #827, #528 ),
 ( #3920, #2661, #2065 ),
 ( #231, #1796, #2413 ),
 ( #2990, #3300, #2973 ),
 ( #3950, #1778, #192 ),
 ( #2094, #536, #220 ),
 ( #815, #559, #1457 ),
 ( #1128, #3934, #2079 ),
 ( #1808, #3288, #875 ) ),
 .UNSPECIFIED., .F., .F., .T. ) 
 B_SPLINE_SURFACE_WITH_KNOTS ( ( 4, 2, 2, 2, 4 ),
 ( 3, 3 ),
 ( 0.002255105736640401325, 0.002506355895241516810, 0.002757606053842632295, 0.003008856212443747780, 0.003260106371044863265 ),
 ( 0.000000000000000000, 1.000000000000000000 ),
 .UNSPECIFIED. ) 
 GEOMETRIC_REPRESENTATION_ITEM ( )  RATIONAL_B_SPLINE_SURFACE ( (
 ( 1.000000000000000000, 0.7071067811865475727, 1.000000000000000000),
 ( 1.000000000000000000, 0.7365719603220717282, 1.000000000000000000),
 ( 1.000000000000000000, 0.7637082849449957633, 1.000000000000000000),
 ( 1.000000000000000000, 0.8144955046676863875, 1.000000000000000000),
 ( 1.000000000000000000, 0.8384658908192959004, 1.000000000000000000),
 ( 1.000000000000000000, 0.8809684106774358092, 1.000000000000000000),
 ( 1.000000000000000000, 0.8999607822332351681, 1.000000000000000000),
 ( 1.000000000000000000, 0.9284285951127646541, 1.000000000000000000),
 ( 1.000000000000000000, 0.9376681301829167259, 1.000000000000000000),
 ( 1.000000000000000000, 0.9374999999999986677, 1.000000000000000000) ) ) 
 REPRESENTATION_ITEM ( '' )  SURFACE ( )  );
#3157 =( NAMED_UNIT ( * ) SI_UNIT ( $, .STERADIAN. ) SOLID_ANGLE_UNIT ( ) );
#3158 = CARTESIAN_POINT ( 'NONE',  ( -29.99999999999999645, 11.04536101718727714, 4.500000000000000888 ) ) ;
#3159 = ORIENTED_EDGE ( 'NONE', *, *, #1456, .F. ) ;
#3160 = ORIENTED_EDGE ( 'NONE', *, *, #2324, .T. ) ;
#3161 = CARTESIAN_POINT ( 'NONE',  ( -26.84538335867499015, 5.297730881425109395, 0.2414196349443963885 ) ) ;
#3162 = ORIENTED_EDGE ( 'NONE', *, *, #1403, .T. ) ;
#3163 = ORIENTED_EDGE ( 'NONE', *, *, #3079, .F. ) ;
#3164 = ORIENTED_EDGE ( 'NONE', *, *, #2526, .T. ) ;
#3165 = CARTESIAN_POINT ( 'NONE',  ( -29.83993784949004180, 12.19181708137961806, 0.3048090904375419519 ) ) ;
#3166 = B_SPLINE_CURVE_WITH_KNOTS ( 'NONE', 3,
 ( #3823, #1024, #1970, #1291, #688, #3792, #3780, #2213, #337, #2516 ),
 .UNSPECIFIED., .F., .F.,
 ( 4, 2, 2, 2, 4 ),
 ( 0.000000000000000000, 0.0002146466482991228858, 0.0004292932965982457715, 0.0008585865931964953377, 0.001717173186392991760 ),
 .UNSPECIFIED. ) ;
#3167 = CARTESIAN_POINT ( 'NONE',  ( 20.95647980134594235, -24.54424993961167445, 4.646744371307370614 ) ) ;
#3168 = AXIS2_PLACEMENT_3D ( 'NONE', #1879, #1532, #305 ) ;
#3169 = ORIENTED_EDGE ( 'NONE', *, *, #3972, .F. ) ;
#3170 = CARTESIAN_POINT ( 'NONE',  ( 30.00000000000000355, 11.30084895546325541, 0.5059415421266112434 ) ) ;
#3171 = CARTESIAN_POINT ( 'NONE',  ( -29.99999999999999645, -11.04536101718726826, 0.5000000000000000000 ) ) ;
#3172 = ORIENTED_EDGE ( 'NONE', *, *, #1566, .T. ) ;
#3173 = CARTESIAN_POINT ( 'NONE',  ( 30.00000000000000355, 12.50040615983242098, 4.100723284166173599 ) ) ;
#3174 = CARTESIAN_POINT ( 'NONE',  ( -29.95549606040569657, 12.57534234997754830, 0.8245861245228494063 ) ) ;
#3175 = CARTESIAN_POINT ( 'NONE',  ( -29.99999999999999645, -12.04992786487481560, 0.6511067329659827596 ) ) ;
#3176 = EDGE_LOOP ( 'NONE', ( #340, #891, #14, #784 ) ) ;
#3177 = CARTESIAN_POINT ( 'NONE',  ( -25.60820507371061083, 8.150753145339807659, 3.500000000000000000 ) ) ;
#3178 = CARTESIAN_POINT ( 'NONE',  ( -29.99999999999999289, 12.37079838066115656, 0.6622176559037722399 ) ) ;
#3179 = EDGE_LOOP ( 'NONE', ( #3993, #1424, #1281, #3159 ) ) ;
#3180 = EDGE_CURVE ( 'NONE', #3799, #1578, #3794, .T. ) ;
#3181 = ORIENTED_EDGE ( 'NONE', *, *, #193, .T. ) ;
#3182 = DIRECTION ( 'NONE',  ( -1.000000000000000000, 7.008983741320394021E-17, 0.000000000000000000 ) ) ;
#3183 = DIRECTION ( 'NONE',  ( 0.000000000000000000, 0.000000000000000000, -1.000000000000000000 ) ) ;
#3184 = CARTESIAN_POINT ( 'NONE',  ( 29.79665097609197488, 12.04747254877998053, 4.776383708590165256 ) ) ;
#3185 = CARTESIAN_POINT ( 'NONE',  ( 0.000000000000000000, 1.040834085586084257E-14, 2.500000000000000000 ) ) ;
#3186 = CARTESIAN_POINT ( 'NONE',  ( -26.50000000000000355, 0.000000000000000000, 2.500000000000000000 ) ) ;
#3187 = FACE_OUTER_BOUND ( 'NONE', #1129, .T. ) ;
#3188 = AXIS2_PLACEMENT_3D ( 'NONE', #3463, #71, #2513 ) ;
#3189 = EDGE_CURVE ( 'NONE', #408, #2579, #2713, .T. ) ;
#3190 = CARTESIAN_POINT ( 'NONE',  ( 20.10441493801797108, -24.24999999999998934, 4.500000000000000888 ) ) ;
#3191 = CARTESIAN_POINT ( 'NONE',  ( 0.000000000000000000, 0.000000000000000000, 5.000000000000001776 ) ) ;
#3192 = CYLINDRICAL_SURFACE ( 'NONE', #653, 0.5000000000000000000 ) ;
#3193 = B_SPLINE_CURVE_WITH_KNOTS ( 'NONE', 3,
 ( #581, #900, #1516, #4004, #3383, #611, #3394, #1547, #4027, #2174 ),
 .UNSPECIFIED., .F., .F.,
 ( 4, 2, 2, 2, 4 ),
 ( 0.000000000000000000, 0.0002141888131458637157, 0.0004283776262917274313, 0.0008567552525834560553, 0.001713510505166911677 ),
 .UNSPECIFIED. ) ;
#3194 = CARTESIAN_POINT ( 'NONE',  ( 0.000000000000000000, 0.000000000000000000, 5.000000000000001776 ) ) ;
#3195 = CARTESIAN_POINT ( 'NONE',  ( 30.00000000000000355, 11.99719721578213161, 0.3669065188127192956 ) ) ;
#3196 = AXIS2_PLACEMENT_3D ( 'NONE', #1540, #4022, #2170 ) ;
#3197 = DIRECTION ( 'NONE',  ( 0.000000000000000000, 0.000000000000000000, -1.000000000000000000 ) ) ;
#3198 = CARTESIAN_POINT ( 'NONE',  ( 29.54209478221819651, 11.18931012477640685, 5.000000000000000888 ) ) ;
#3199 = DIRECTION ( 'NONE',  ( -0.000000000000000000, 0.000000000000000000, 1.000000000000000000 ) ) ;
#3200 = DIRECTION ( 'NONE',  ( -0.000000000000000000, -1.000000000000000000, -0.000000000000000000 ) ) ;
#3201 = EDGE_CURVE ( 'NONE', #2261, #506, #2047, .T. ) ;
#3202 = TOROIDAL_SURFACE ( 'NONE', #2751, 8.000000000000000000, 1.000000000000000000 ) ;
#3203 = CARTESIAN_POINT ( 'NONE',  ( 20.00000000000000000, 0.000000000000000000, 1.000000000000000000 ) ) ;
#3204 = ADVANCED_FACE ( 'NONE', ( #2430 ), #146, .F. ) ;
#3205 = ADVANCED_BREP_SHAPE_REPRESENTATION ( '手臂后盖板', ( #1051, #3545 ), #2308 ) ;
#3206 = VERTEX_POINT ( 'NONE', #1814 ) ;
#3207 = CARTESIAN_POINT ( 'NONE',  ( -20.00000000000000000, 0.000000000000000000, 1.000000000000000000 ) ) ;
#3208 = ORIENTED_EDGE ( 'NONE', *, *, #1025, .T. ) ;
#3209 = ORIENTED_EDGE ( 'NONE', *, *, #3755, .T. ) ;
#3210 = CARTESIAN_POINT ( 'NONE',  ( 30.00000000000000000, -12.22110475140611285, 0.7441498279720633047 ) ) ;
#3211 = CARTESIAN_POINT ( 'NONE',  ( -30.00000000000000355, -12.27616097037310539, 0.7811999745062505607 ) ) ;
#3212 = ORIENTED_EDGE ( 'NONE', *, *, #3511, .F. ) ;
#3213 = AXIS2_PLACEMENT_3D ( 'NONE', #3295, #1415, #3182 ) ;
#3214 = CYLINDRICAL_SURFACE ( 'NONE', #3822, 32.50000000000000000 ) ;
#3215 = ORIENTED_EDGE ( 'NONE', *, *, #2583, .T. ) ;
#3216 = AXIS2_PLACEMENT_3D ( 'NONE', #3886, #3539, #1694 ) ;
#3217 = EDGE_LOOP ( 'NONE', ( #209, #3561, #2209, #2336 ) ) ;
#3218 = DIRECTION ( 'NONE',  ( -0.000000000000000000, -0.000000000000000000, 1.000000000000000000 ) ) ;
#3219 = CARTESIAN_POINT ( 'NONE',  ( 27.00117466571576230, -13.07699489447011842, 0.1237388560046280145 ) ) ;
#3220 = EDGE_LOOP ( 'NONE', ( #2400, #345, #1863, #1480 ) ) ;
#3221 = CARTESIAN_POINT ( 'NONE',  ( 30.00000000000001421, -12.39959676763723273, 0.9343380362806763539 ) ) ;
#3222 = EDGE_CURVE ( 'NONE', #2778, #2600, #1072, .T. ) ;
#3223 = CARTESIAN_POINT ( 'NONE',  ( -30.00000000000000000, -12.05317048259036561, 0.6524635391737134693 ) ) ;
#3224 = ADVANCED_FACE ( 'NONE', ( #3741 ), #1511, .T. ) ;
#3225 = CARTESIAN_POINT ( 'NONE',  ( -20.74804828620744956, -24.47288443261025748, 4.821769334131417395 ) ) ;
#3226 = EDGE_LOOP ( 'NONE', ( #2292, #2663, #3752, #3713 ) ) ;
#3227 = EDGE_CURVE ( 'NONE', #706, #3667, #1173, .T. ) ;
#3228 = ORIENTED_EDGE ( 'NONE', *, *, #2733, .F. ) ;
#3229 = CARTESIAN_POINT ( 'NONE',  ( 20.84440415020709736, 24.75000000000001776, 0.8333208449115099281 ) ) ;
#3230 = DIRECTION ( 'NONE',  ( -0.000000000000000000, -0.000000000000000000, -1.000000000000000000 ) ) ;
#3231 = CARTESIAN_POINT ( 'NONE',  ( -21.17051614213175981, -24.61709965907952480, 0.7147448133549351157 ) ) ;
#3232 = DIRECTION ( 'NONE',  ( -1.000000000000000000, 0.000000000000000000, 0.000000000000000000 ) ) ;
#3233 = VECTOR ( 'NONE', #3564, 1000.000000000000000 ) ;
#3234 = CC_DESIGN_PERSON_AND_ORGANIZATION_ASSIGNMENT ( #1416, #700, ( #2841 ) ) ;
#3235 = AXIS2_PLACEMENT_3D ( 'NONE', #489, #1686, #3840 ) ;
#3236 = CARTESIAN_POINT ( 'NONE',  ( 29.50000000000000355, -12.39959676763722918, 4.000000000000000000 ) ) ;
#3237 = CARTESIAN_POINT ( 'NONE',  ( 0.000000000000000000, 1.040834085586084257E-14, 1.000000000000000000 ) ) ;
#3238 = DIRECTION ( 'NONE',  ( 0.000000000000000000, -1.000000000000000000, 0.000000000000000000 ) ) ;
#3239 = ADVANCED_FACE ( 'NONE', ( #1221 ), #2101, .F. ) ;
#3240 = CARTESIAN_POINT ( 'NONE',  ( 20.66752296725817217, 24.75000000000001421, 0.6498633646883587023 ) ) ;
#3241 = AXIS2_PLACEMENT_3D ( 'NONE', #1386, #780, #1732 ) ;
#3242 = CARTESIAN_POINT ( 'NONE',  ( 25.50000000000000355, 0.000000000000000000, 3.500000000000000000 ) ) ;
#3243 = DIRECTION ( 'NONE',  ( -0.000000000000000000, -0.000000000000000000, -1.000000000000000000 ) ) ;
#3244 = DIRECTION ( 'NONE',  ( -0.000000000000000000, 0.000000000000000000, 1.000000000000000000 ) ) ;
#3245 = EDGE_CURVE ( 'NONE', #3538, #2550, #638, .T. ) ;
#3246 = LINE ( 'NONE', #1729, #742 ) ;
#3247 = ORIENTED_EDGE ( 'NONE', *, *, #2198, .F. ) ;
#3248 = DIRECTION ( 'NONE',  ( 1.000000000000000000, 0.000000000000000000, 0.000000000000000000 ) ) ;
#3249 = VERTEX_POINT ( 'NONE', #632 ) ;
#3250 = CARTESIAN_POINT ( 'NONE',  ( -29.96093750000000000, -12.59334046713158095, 0.8242310804012185077 ) ) ;
#3251 = ORIENTED_EDGE ( 'NONE', *, *, #1660, .T. ) ;
#3252 = VERTEX_POINT ( 'NONE', #2162 ) ;
#3253 = CARTESIAN_POINT ( 'NONE',  ( 30.00000000000001066, -11.55855245565281919, 4.478206709336184588 ) ) ;
#3254 = ORIENTED_EDGE ( 'NONE', *, *, #3274, .F. ) ;
#3255 = DIRECTION ( 'NONE',  ( -0.000000000000000000, -0.000000000000000000, -1.000000000000000000 ) ) ;
#3256 = CARTESIAN_POINT ( 'NONE',  ( 20.22177537132005298, -24.29097353020045702, 5.000000000000000888 ) ) ;
#3257 = EDGE_LOOP ( 'NONE', ( #3109, #3018, #3508, #3162 ) ) ;
#3258 = CARTESIAN_POINT ( 'NONE',  ( 25.91093023299048070, -7.553198328236337744, 3.417669468060060112 ) ) ;
#3259 = DIRECTION ( 'NONE',  ( 0.000000000000000000, 0.000000000000000000, 1.000000000000000000 ) ) ;
#3260 = CARTESIAN_POINT ( 'NONE',  ( 30.00000000000000355, 11.55855245565284228, 0.5217932906638167445 ) ) ;
#3261 = ADVANCED_FACE ( 'NONE', ( #2618 ), #339, .T. ) ;
#3262 = CC_DESIGN_PERSON_AND_ORGANIZATION_ASSIGNMENT ( #3847, #683, ( #2841 ) ) ;
#3263 = AXIS2_PLACEMENT_3D ( 'NONE', #3375, #3680, #903 ) ;
#3264 = ORIENTED_EDGE ( 'NONE', *, *, #428, .F. ) ;
#3265 = CARTESIAN_POINT ( 'NONE',  ( -29.89802015772531618, 12.38485760875807529, 4.513121732095377148 ) ) ;
#3266 = EDGE_LOOP ( 'NONE', ( #115, #2291, #1981, #3860 ) ) ;
#3267 = CARTESIAN_POINT ( 'NONE',  ( 26.37090592302201841, -12.93157283568129401, 3.008893814174873338 ) ) ;
#3268 = CARTESIAN_POINT ( 'NONE',  ( 20.87911635485288997, -24.74999999999998934, 0.9145611990661869362 ) ) ;
#3269 = DIRECTION ( 'NONE',  ( -0.000000000000000000, 0.000000000000000000, 1.000000000000000000 ) ) ;
#3270 = VERTEX_POINT ( 'NONE', #3431 ) ;
#3271 = CARTESIAN_POINT ( 'NONE',  ( 20.10441493801797108, -24.74999999999998934, 4.500000000000001776 ) ) ;
#3272 = DIRECTION ( 'NONE',  ( -0.000000000000000000, -0.000000000000000000, -1.000000000000000000 ) ) ;
#3273 = ORIENTED_EDGE ( 'NONE', *, *, #270, .F. ) ;
#3274 = EDGE_CURVE ( 'NONE', #1620, #1536, #1558, .T. ) ;
#3275 = CARTESIAN_POINT ( 'NONE',  ( 20.89990421167749801, 24.75000000000001421, 4.484230451827113662 ) ) ;
#3276 = CARTESIAN_POINT ( 'NONE',  ( -29.99999999999999645, 12.12987903187939764, 4.557247726455006642 ) ) ;
#3277 = EDGE_CURVE ( 'NONE', #1360, #3401, #959, .T. ) ;
#3278 = CARTESIAN_POINT ( 'NONE',  ( 26.29532610070195631, -12.91403972556139301, 3.120026428049893497 ) ) ;
#3279 = FACE_BOUND ( 'NONE', #702, .T. ) ;
#3280 = ADVANCED_FACE ( 'NONE', ( #3348 ), #490, .F. ) ;
#3281 = CARTESIAN_POINT ( 'NONE',  ( 20.89535338827271715, -24.74999999999999289, 0.5214708310303983740 ) ) ;
#3282 = CARTESIAN_POINT ( 'NONE',  ( 26.88981465005006299, 13.05141153591327097, 0.1971028252143247894 ) ) ;
#3283 = CIRCLE ( 'NONE', #1089, 56.00000000000000711 ) ;
#3284 = CARTESIAN_POINT ( 'NONE',  ( 20.10441493801797108, 24.25000000000001066, 0.000000000000000000 ) ) ;
#3285 = DIRECTION ( 'NONE',  ( 1.156482317317871478E-16, -1.000000000000000000, 0.000000000000000000 ) ) ;
#3286 = DIRECTION ( 'NONE',  ( 1.000000000000000000, 0.000000000000000000, 0.000000000000000000 ) ) ;
#3287 = DIRECTION ( 'NONE',  ( -0.000000000000000000, 0.000000000000000000, 1.000000000000000000 ) ) ;
#3288 = CARTESIAN_POINT ( 'NONE',  ( -21.06470850604033629, 24.75000000000000355, 0.9999999999999885647 ) ) ;
#3289 = CYLINDRICAL_SURFACE ( 'NONE', #3827, 8.999999999999998224 ) ;
#3290 = AXIS2_PLACEMENT_3D ( 'NONE', #569, #28, #2712 ) ;
#3291 = CARTESIAN_POINT ( 'NONE',  ( -29.99999999999999289, -12.37079838066113702, 4.337782344096208220 ) ) ;
#3292 = CARTESIAN_POINT ( 'NONE',  ( -29.58436075936680965, 11.33298482962992537, 4.988116907594002392 ) ) ;
#3293 = CARTESIAN_POINT ( 'NONE',  ( 21.06470849954633806, -24.74999999999998579, 0.8662376185231076553 ) ) ;
#3294 = CARTESIAN_POINT ( 'NONE',  ( -27.50000000000000355, 13.19090595827293022, 0.000000000000000000 ) ) ;
#3295 = CARTESIAN_POINT ( 'NONE',  ( 29.50000000000000355, -2.067650203689528038E-15, 0.4999999999999995559 ) ) ;
#3296 = CIRCLE ( 'NONE', #912, 29.50000000000000355 ) ;
#3297 = AXIS2_PLACEMENT_3D ( 'NONE', #2044, #2699, #534 ) ;
#3298 = CARTESIAN_POINT ( 'NONE',  ( 29.50000000000000355, 12.39959676763724516, 5.000000000000000000 ) ) ;
#3299 = CARTESIAN_POINT ( 'NONE',  ( -29.49999999999999289, -12.39959676763724339, 4.000000000000000000 ) ) ;
#3300 = CARTESIAN_POINT ( 'NONE',  ( -20.63803728992213138, 24.75000000000001066, 0.2668516311328028578 ) ) ;
#3301 = ADVANCED_FACE ( 'NONE', ( #3588 ), #52, .F. ) ;
#3302 = VERTEX_POINT ( 'NONE', #2483 ) ;
#3303 = VECTOR ( 'NONE', #246, 1000.000000000000000 ) ;
#3304 = ORIENTED_EDGE ( 'NONE', *, *, #2526, .F. ) ;
#3305 = EDGE_CURVE ( 'NONE', #2283, #23, #2903, .T. ) ;
#3306 = CARTESIAN_POINT ( 'NONE',  ( -29.54889252929454457, 11.21255599041334783, 5.000000000000000000 ) ) ;
#3307 = ORIENTED_EDGE ( 'NONE', *, *, #2324, .F. ) ;
#3308 = DIRECTION ( 'NONE',  ( 0.000000000000000000, 0.000000000000000000, 1.000000000000000000 ) ) ;
#3309 = FACE_OUTER_BOUND ( 'NONE', #2862, .T. ) ;
#3310 = CARTESIAN_POINT ( 'NONE',  ( 29.50000000000000355, 11.04536101718726471, 5.000000000000000000 ) ) ;
#3311 = FACE_OUTER_BOUND ( 'NONE', #3894, .T. ) ;
#3312 = CARTESIAN_POINT ( 'NONE',  ( 20.22357334041918975, -24.29160124716998226, 0.000000000000000000 ) ) ;
#3313 = ORIENTED_EDGE ( 'NONE', *, *, #3189, .F. ) ;
#3314 = CARTESIAN_POINT ( 'NONE',  ( 20.87911629906088251, -24.74999999999998934, 4.086346567344172342 ) ) ;
#3315 = ORIENTED_EDGE ( 'NONE', *, *, #226, .F. ) ;
#3316 = CARTESIAN_POINT ( 'NONE',  ( 26.50000000000001066, -6.224949798994360073, 2.616059420097529564 ) ) ;
#3317 = CARTESIAN_POINT ( 'NONE',  ( 20.81713768350788030, 24.75000000000001066, 4.576221021979264059 ) ) ;
#3318 = CARTESIAN_POINT ( 'NONE',  ( 20.84362786173812765, 24.75000000000001421, 4.167846151945381550 ) ) ;
#3319 = AXIS2_PLACEMENT_3D ( 'NONE', #3704, #1200, #257 ) ;
#3320 = VERTEX_POINT ( 'NONE', #3098 ) ;
#3321 = CARTESIAN_POINT ( 'NONE',  ( 29.96093750000000711, -12.59334046713156319, 1.000000000000000000 ) ) ;
#3322 = CARTESIAN_POINT ( 'NONE',  ( 21.20535255374715433, 24.62890625000001421, 1.000000000000000000 ) ) ;
#3323 = CARTESIAN_POINT ( 'NONE',  ( -30.00000000000000000, 12.31120208846613018, 4.399520483399705917 ) ) ;
#3324 = VERTEX_POINT ( 'NONE', #1166 ) ;
#3325 = CARTESIAN_POINT ( 'NONE',  ( 20.95667315207180792, -24.54431528419742392, 0.3536185111002794201 ) ) ;
#3326 = ADVANCED_FACE ( 'NONE', ( #2528 ), #3940, .T. ) ;
#3327 = AXIS2_PLACEMENT_3D ( 'NONE', #2546, #1107, #2020 ) ;
#3328 = CARTESIAN_POINT ( 'NONE',  ( -26.70446709862812895, -13.00873774446177578, 0.3802451712974070364 ) ) ;
#3329 = ORIENTED_EDGE ( 'NONE', *, *, #1135, .F. ) ;
#3330 = CARTESIAN_POINT ( 'NONE',  ( -29.49999999999999645, 12.39959676763726470, 4.000000000000000000 ) ) ;
#3331 = DIRECTION ( 'NONE',  ( 0.000000000000000000, -1.000000000000000000, 0.000000000000000000 ) ) ;
#3332 = EDGE_CURVE ( 'NONE', #1052, #229, #781, .T. ) ;
#3333 = CIRCLE ( 'NONE', #3958, 0.5000000000000004441 ) ;
#3334 = CARTESIAN_POINT ( 'NONE',  ( -29.59812317778684942, 11.37972896665533007, 4.983746927518223124 ) ) ;
#3335 = CARTESIAN_POINT ( 'NONE',  ( 20.95676529166178526, 24.54434693688648750, 4.646328645993439643 ) ) ;
#3336 = EDGE_CURVE ( 'NONE', #1785, #2732, #1613, .T. ) ;
#3337 = CARTESIAN_POINT ( 'NONE',  ( 29.99999999999999645, -11.73371889684594116, 4.763870735119566824 ) ) ;
#3338 = LINE ( 'NONE', #3242, #1900 ) ;
#3339 = DIRECTION ( 'NONE',  ( 0.000000000000000000, 1.000000000000000000, 0.000000000000000000 ) ) ;
#3340 = CARTESIAN_POINT ( 'NONE',  ( 30.00000000000000355, -11.67942467282865593, 0.5514473734438456454 ) ) ;
#3341 = B_SPLINE_CURVE_WITH_KNOTS ( 'NONE', 3,
 ( #1665, #460, #3864, #123, #2918, #107, #2287, #2889 ),
 .UNSPECIFIED., .F., .F.,
 ( 4, 2, 2, 4 ),
 ( 3.484660190605997793E-18, 0.0005065301348859531459, 0.0007597952023289232136, 0.001013060269771893281 ),
 .UNSPECIFIED. ) ;
#3342 = CARTESIAN_POINT ( 'NONE',  ( 20.84354240508952927, -24.74999999999998934, 4.167852265786884836 ) ) ;
#3343 = CARTESIAN_POINT ( 'NONE',  ( -20.46185475464039172, 21.25000000000001066, 2.572670953788342985 ) ) ;
#3344 = ADVANCED_FACE ( 'NONE', ( #1264 ), #1294, .T. ) ;
#3345 = AXIS2_PLACEMENT_3D ( 'NONE', #1549, #2463, #2785 ) ;
#3346 = CARTESIAN_POINT ( 'NONE',  ( 0.000000000000000000, 1.040834085586084257E-14, 3.500000000000000000 ) ) ;
#3347 = CARTESIAN_POINT ( 'NONE',  ( 26.54448323470714044, -6.113328730587679338, 0.6965572120887152385 ) ) ;
#3348 = FACE_OUTER_BOUND ( 'NONE', #3024, .T. ) ;
#3349 = CARTESIAN_POINT ( 'NONE',  ( 30.00000000000000000, -11.99719721578211207, 4.633093481187381180 ) ) ;
#3350 = VERTEX_POINT ( 'NONE', #1096 ) ;
#3351 = DIRECTION ( 'NONE',  ( 0.000000000000000000, 0.000000000000000000, -1.000000000000000000 ) ) ;
#3352 = CARTESIAN_POINT ( 'NONE',  ( 29.58439483253297553, -11.33310154232891165, 0.01187540866698185045 ) ) ;
#3353 = ORIENTED_EDGE ( 'NONE', *, *, #2801, .F. ) ;
#3354 = EDGE_CURVE ( 'NONE', #1880, #1414, #3647, .T. ) ;
#3355 = CARTESIAN_POINT ( 'NONE',  ( -21.06470850604024747, 24.75000000000000355, 3.999999999999999556 ) ) ;
#3356 = ORIENTED_EDGE ( 'NONE', *, *, #1127, .F. ) ;
#3357 = ORIENTED_EDGE ( 'NONE', *, *, #872, .T. ) ;
#3358 = CARTESIAN_POINT ( 'NONE',  ( 26.42233851263570443, 6.415785918688637679, 2.897072714594166598 ) ) ;
#3359 = EDGE_LOOP ( 'NONE', ( #3169, #1842, #642, #2343 ) ) ;
#3360 = DIRECTION ( 'NONE',  ( -1.000000000000000000, -1.156482317317871478E-16, 0.000000000000000000 ) ) ;
#3361 = CIRCLE ( 'NONE', #3768, 32.50000000000000000 ) ;
#3362 = VERTEX_POINT ( 'NONE', #2010 ) ;
#3363 = EDGE_CURVE ( 'NONE', #3206, #706, #3694, .T. ) ;
#3364 = CIRCLE ( 'NONE', #1654, 32.50000000000000000 ) ;
#3365 = CARTESIAN_POINT ( 'NONE',  ( -20.34340270680844043, -24.33323835178422456, 4.982530846029271210 ) ) ;
#3366 = CARTESIAN_POINT ( 'NONE',  ( -20.73691500085620731, 24.75000000000000355, 4.299463717390951345 ) ) ;
#3367 = CARTESIAN_POINT ( 'NONE',  ( 26.50000000000000711, 6.224949798994359185, 1.000000000000000000 ) ) ;
#3368 = ORIENTED_EDGE ( 'NONE', *, *, #3435, .F. ) ;
#3369 = CARTESIAN_POINT ( 'NONE',  ( 29.89802015772556842, -12.38485760875792607, 4.513121732095116911 ) ) ;
#3370 = ADVANCED_FACE ( 'NONE', ( #589, #1614 ), #2314, .T. ) ;
#3371 = EDGE_LOOP ( 'NONE', ( #3116, #3887, #3163, #1199 ) ) ;
#3372 = B_SPLINE_CURVE_WITH_KNOTS ( 'NONE', 3,
 ( #3915, #856, #235, #3611, #869, #3278, #3267, #1769, #2362, #834 ),
 .UNSPECIFIED., .F., .F.,
 ( 4, 2, 2, 2, 4 ),
 ( -9.464072014280473853E-06, 0.0003891380981054785751, 0.0007877402682252376918, 0.001186342438344996754, 0.001584944608464755817 ),
 .UNSPECIFIED. ) ;
#3373 = DIRECTION ( 'NONE',  ( -0.000000000000000000, 1.000000000000000000, -0.000000000000000000 ) ) ;
#3374 = ORIENTED_EDGE ( 'NONE', *, *, #3101, .T. ) ;
#3375 = CARTESIAN_POINT ( 'NONE',  ( -20.00000000000000000, 0.000000000000000000, 1.000000000000000000 ) ) ;
#3376 = ORIENTED_EDGE ( 'NONE', *, *, #3363, .T. ) ;
#3377 = CARTESIAN_POINT ( 'NONE',  ( -20.51824091326729516, -24.74999999999999645, 4.428135191980518748 ) ) ;
#3378 = CARTESIAN_POINT ( 'NONE',  ( 20.58207265985874912, 24.41593269160357949, 0.06518624434077578689 ) ) ;
#3379 = CARTESIAN_POINT ( 'NONE',  ( -29.99999999999999645, -11.30084895546336554, 0.5059415421266110213 ) ) ;
#3380 = FACE_OUTER_BOUND ( 'NONE', #854, .T. ) ;
#3381 = DIRECTION ( 'NONE',  ( -1.000000000000000000, 0.000000000000000000, 0.000000000000000000 ) ) ;
#3382 = CIRCLE ( 'NONE', #1680, 30.50000000000000355 ) ;
#3383 = CARTESIAN_POINT ( 'NONE',  ( 20.47566138080548725, -21.32092699421187731, 0.6500399815109615398 ) ) ;
#3384 = EDGE_CURVE ( 'NONE', #3863, #3904, #3990, .T. ) ;
#3385 = FACE_BOUND ( 'NONE', #103, .T. ) ;
#3386 = DIRECTION ( 'NONE',  ( -1.000000000000000000, 0.000000000000000000, 0.000000000000000000 ) ) ;
#3387 = ADVANCED_FACE ( 'NONE', ( #2281 ), #1955, .T. ) ;
#3388 = CARTESIAN_POINT ( 'NONE',  ( 20.18925755633369690, 24.75000000000001066, 4.499999992436793050 ) ) ;
#3389 = FACE_OUTER_BOUND ( 'NONE', #2621, .T. ) ;
#3390 = CARTESIAN_POINT ( 'NONE',  ( -25.62842585081374125, 12.75818974329907540, 3.499999999999999556 ) ) ;
#3391 = CARTESIAN_POINT ( 'NONE',  ( -29.54210019050289660, -11.18932861914713683, 0.000000000000000000 ) ) ;
#3392 = CARTESIAN_POINT ( 'NONE',  ( -20.66767616681280018, -24.74999999999999289, 4.350062672967188959 ) ) ;
#3393 = CARTESIAN_POINT ( 'NONE',  ( 0.000000000000000000, 1.040834085586084257E-14, 4.000000000000000000 ) ) ;
#3394 = CARTESIAN_POINT ( 'NONE',  ( 20.51342378567996505, -21.51659942199433928, 0.3510837970260174967 ) ) ;
#3395 = AXIS2_PLACEMENT_3D ( 'NONE', #492, #2360, #3880 ) ;
#3396 = CARTESIAN_POINT ( 'NONE',  ( 29.96093750000000711, -12.59334046713156319, 4.000000000000000000 ) ) ;
#3397 = CARTESIAN_POINT ( 'NONE',  ( -20.89535338827278466, -24.74999999999999645, 4.478529168969567209 ) ) ;
#3398 = CARTESIAN_POINT ( 'NONE',  ( 0.000000000000000000, 1.040834085586084257E-14, 3.500000000000000000 ) ) ;
#3399 = ORIENTED_EDGE ( 'NONE', *, *, #1193, .F. ) ;
#3400 = DIRECTION ( 'NONE',  ( -1.000000000000000000, 0.000000000000000000, 0.000000000000000000 ) ) ;
#3401 = VERTEX_POINT ( 'NONE', #2301 ) ;
#3402 = ORIENTED_EDGE ( 'NONE', *, *, #425, .F. ) ;
#3403 = CARTESIAN_POINT ( 'NONE',  ( -25.71180432594052334, -7.951333547950969027, 3.482913572505685895 ) ) ;
#3404 = ORIENTED_EDGE ( 'NONE', *, *, #3560, .T. ) ;
#3405 = ORIENTED_EDGE ( 'NONE', *, *, #947, .T. ) ;
#3406 = CYLINDRICAL_SURFACE ( 'NONE', #3235, 7.500000000000000000 ) ;
#3407 = EDGE_CURVE ( 'NONE', #545, #1880, #2189, .T. ) ;
#3408 = DIRECTION ( 'NONE',  ( -0.000000000000000000, 0.000000000000000000, 1.000000000000000000 ) ) ;
#3409 = VERTEX_POINT ( 'NONE', #2894 ) ;
#3410 = CARTESIAN_POINT ( 'NONE',  ( 30.00000000000000355, 12.39959676763724516, 4.000000000000000000 ) ) ;
#3411 = EDGE_LOOP ( 'NONE', ( #591, #3610, #4013, #2832, #3540 ) ) ;
#3412 = EDGE_CURVE ( 'NONE', #3320, #1414, #100, .T. ) ;
#3413 = DIRECTION ( 'NONE',  ( 1.000000000000000000, 0.000000000000000000, 0.000000000000000000 ) ) ;
#3414 = CARTESIAN_POINT ( 'NONE',  ( -20.87911636061257781, -24.74999999999999645, 4.000000000000000000 ) ) ;
#3415 = CARTESIAN_POINT ( 'NONE',  ( -29.99999999999999289, 12.36522254094960260, 4.125073122158500638 ) ) ;
#3416 = CARTESIAN_POINT ( 'NONE',  ( 29.50000000000000355, -2.067650203689527644E-15, 4.500000000000000888 ) ) ;
#3417 = EDGE_LOOP ( 'NONE', ( #34, #2201, #2715, #1080 ) ) ;
#3418 = CARTESIAN_POINT ( 'NONE',  ( -26.50000000000000711, -6.224949798994364514, 2.616055243406204767 ) ) ;
#3419 = CARTESIAN_POINT ( 'NONE',  ( -29.49999999999999645, 11.04536101718727537, 0.000000000000000000 ) ) ;
#3420 = ORIENTED_EDGE ( 'NONE', *, *, #1103, .T. ) ;
#3421 = B_SPLINE_CURVE_WITH_KNOTS ( 'NONE', 3,
 ( #772, #3514, #429, #3240, #2915, #3229, #500, #2970 ),
 .UNSPECIFIED., .F., .F.,
 ( 4, 2, 2, 4 ),
 ( 0.000000000000000000, 0.0005048801562426471611, 0.0007573202343639707417, 0.001009760312485294322 ),
 .UNSPECIFIED. ) ;
#3422 = DIRECTION ( 'NONE',  ( 0.000000000000000000, 0.000000000000000000, 1.000000000000000000 ) ) ;
#3423 = ORIENTED_EDGE ( 'NONE', *, *, #1868, .T. ) ;
#3424 = CARTESIAN_POINT ( 'NONE',  ( -21.20535255374715078, -24.62890625000000355, 1.000000000000000000 ) ) ;
#3425 = AXIS2_PLACEMENT_3D ( 'NONE', #1383, #453, #1994 ) ;
#3426 = CARTESIAN_POINT ( 'NONE',  ( -20.81681051952906358, -24.74999999999999289, 0.4286182085067522518 ) ) ;
#3427 = CIRCLE ( 'NONE', #3692, 28.50000000000000000 ) ;
#3428 = DIRECTION ( 'NONE',  ( 0.000000000000000000, 0.000000000000000000, 1.000000000000000000 ) ) ;
#3429 = CARTESIAN_POINT ( 'NONE',  ( -29.83884714896786505, -12.18818584580098197, 0.3022135222892671225 ) ) ;
#3430 = EDGE_CURVE ( 'NONE', #3085, #1683, #1026, .T. ) ;
#3431 = CARTESIAN_POINT ( 'NONE',  ( -26.50000000000000355, -12.96148139681570832, 2.500000000000000000 ) ) ;
#3432 = DIRECTION ( 'NONE',  ( -0.000000000000000000, 1.000000000000000000, -0.000000000000000000 ) ) ;
#3433 = CARTESIAN_POINT ( 'NONE',  ( 0.000000000000000000, 1.040834085586084257E-14, 0.000000000000000000 ) ) ;
#3434 = LINE ( 'NONE', #2955, #1444 ) ;
#3435 = EDGE_CURVE ( 'NONE', #3863, #1037, #3771, .T. ) ;
#3436 = CARTESIAN_POINT ( 'NONE',  ( -20.34164598756173703, 20.64588698186877735, 3.413413116797983538 ) ) ;
#3437 = CARTESIAN_POINT ( 'NONE',  ( -21.20535251783266162, -24.62890628092217682, 0.8273068966351410092 ) ) ;
#3438 = CARTESIAN_POINT ( 'NONE',  ( 30.00000000000000355, 11.17354928033734041, 4.500000001472931999 ) ) ;
#3439 = APPLICATION_PROTOCOL_DEFINITION ( 'international standard', 'config_control_design', 1994, #1274 ) ;
#3440 = CARTESIAN_POINT ( 'NONE',  ( -29.96093749999999289, 12.59334046713159339, 0.9120408511711335375 ) ) ;
#3441 = DIRECTION ( 'NONE',  ( 1.000000000000000000, 0.000000000000000000, 0.000000000000000000 ) ) ;
#3442 = CARTESIAN_POINT ( 'NONE',  ( -29.71203409991012734, 11.76402059448098925, 0.1031094909877074695 ) ) ;
#3443 = B_SPLINE_CURVE_WITH_KNOTS ( 'NONE', 3,
 ( #1261, #2482, #3749, #3767, #1611, #2210, #3779, #631, #2234, #366 ),
 .UNSPECIFIED., .F., .F.,
 ( 4, 2, 2, 2, 4 ),
 ( 0.000000000000000000, 0.0007663902760569219364, 0.001149585414085385398, 0.001341182983099614744, 0.001532780552113844307 ),
 .UNSPECIFIED. ) ;
#3444 = LINE ( 'NONE', #1864, #535 ) ;
#3445 = ORIENTED_EDGE ( 'NONE', *, *, #425, .T. ) ;
#3446 = DIRECTION ( 'NONE',  ( -0.000000000000000000, 0.000000000000000000, 1.000000000000000000 ) ) ;
#3447 = APPROVAL ( #31, '未指定' ) ;
#3448 = AXIS2_PLACEMENT_3D ( 'NONE', #1322, #1335, #3149 ) ;
#3449 = ORIENTED_EDGE ( 'NONE', *, *, #1309, .F. ) ;
#3450 = DIRECTION ( 'NONE',  ( -0.000000000000000000, -0.000000000000000000, 1.000000000000000000 ) ) ;
#3451 = CARTESIAN_POINT ( 'NONE',  ( 30.00000000000000355, 11.17356577284757257, 0.4999999987076834129 ) ) ;
#3452 = ORIENTED_EDGE ( 'NONE', *, *, #3987, .T. ) ;
#3453 = CARTESIAN_POINT ( 'NONE',  ( -20.63018160987145677, -24.74999999999999645, 0.6303341266846886892 ) ) ;
#3454 = EDGE_LOOP ( 'NONE', ( #3664, #1821, #2386, #3809 ) ) ;
#3455 = CIRCLE ( 'NONE', #1370, 8.500000000000000000 ) ;
#3456 = CARTESIAN_POINT ( 'NONE',  ( 30.00000000000000355, 11.67942467282868257, 4.448552626556423029 ) ) ;
#3457 =( BOUNDED_SURFACE ( )  B_SPLINE_SURFACE ( 3, 2, ( 
 ( #3414, #3081, #3731 ),
 ( #1539, #639, #286 ),
 ( #602, #905, #925 ),
 ( #3710, #1858, #1884 ),
 ( #2747, #3397, #2178 ),
 ( #2443, #3684, #311 ),
 ( #1213, #2465, #3064 ),
 ( #3377, #1852, #322 ),
 ( #4021, #1525, #2757 ),
 ( #629, #2147, #3365 ),
 ( #1224, #3693, #3094 ),
 ( #1241, #889, #2169 ) ),
 .UNSPECIFIED., .F., .F., .T. ) 
 B_SPLINE_SURFACE_WITH_KNOTS ( ( 4, 2, 2, 2, 2, 4 ),
 ( 3, 3 ),
 ( 0.001242592985364988434, 0.001493387701864373144, 0.001618785060114065390, 0.001744182418363757637, 0.001994977134863142564, 0.002245771851362527056 ),
 ( 0.000000000000000000, 1.000000000000000000 ),
 .UNSPECIFIED. ) 
 GEOMETRIC_REPRESENTATION_ITEM ( )  RATIONAL_B_SPLINE_SURFACE ( (
 ( 1.000000000000000000, 0.9375000000000001110, 1.000000000000000000),
 ( 1.000000000000000000, 0.9376738745073887049, 1.000000000000000000),
 ( 1.000000000000000000, 0.9283529711568258014, 1.000000000000000000),
 ( 1.000000000000000000, 0.9071426659871640874, 1.000000000000000000),
 ( 1.000000000000000000, 0.8987311103604582740, 1.000000000000000000),
 ( 1.000000000000000000, 0.8804446648168897660, 1.000000000000000000),
 ( 1.000000000000000000, 0.8705309043489628529, 1.000000000000000000),
 ( 1.000000000000000000, 0.8386399646637836547, 1.000000000000000000),
 ( 1.000000000000000000, 0.8149489645266189131, 1.000000000000000000),
 ( 1.000000000000000000, 0.7641231362945511973, 1.000000000000000000),
 ( 1.000000000000000000, 0.7365260871200791648, 1.000000000000000000),
 ( 1.000000000000000000, 0.7071067811865475727, 1.000000000000000000) ) ) 
 REPRESENTATION_ITEM ( '' )  SURFACE ( )  );
#3458 = AXIS2_PLACEMENT_3D ( 'NONE', #794, #3512, #1986 ) ;
#3459 = DATE_TIME_ROLE ( 'classification_date' ) ;
#3460 = TOROIDAL_SURFACE ( 'NONE', #2165, 56.00000000000000000, 1.000000000000000000 ) ;
#3461 = DIRECTION ( 'NONE',  ( -1.000000000000000000, 0.000000000000000000, 0.000000000000000000 ) ) ;
#3462 = ORIENTED_EDGE ( 'NONE', *, *, #2934, .F. ) ;
#3463 = CARTESIAN_POINT ( 'NONE',  ( 14.00000000000000000, 7.347880794884119736E-16, 1.000000000000000000 ) ) ;
#3464 = EDGE_CURVE ( 'NONE', #1283, #301, #1766, .T. ) ;
#3465 = CARTESIAN_POINT ( 'NONE',  ( 29.50000000000000000, 12.39959676763724516, 4.000000000000000000 ) ) ;
#3466 = ORIENTED_EDGE ( 'NONE', *, *, #117, .F. ) ;
#3467 = CARTESIAN_POINT ( 'NONE',  ( -20.00000000000000000, 0.000000000000000000, 3.500000000000000000 ) ) ;
#3468 = CARTESIAN_POINT ( 'NONE',  ( 29.96093760647713111, 12.59334021381081570, 0.8661356864141955825 ) ) ;
#3469 = CARTESIAN_POINT ( 'NONE',  ( -20.34192731947419475, -24.33272705900572674, 0.01711455892262349343 ) ) ;
#3470 = ORIENTED_EDGE ( 'NONE', *, *, #3761, .T. ) ;
#3471 = CARTESIAN_POINT ( 'NONE',  ( 30.00000000000000355, 11.92770657237038989, 4.388191842902389617 ) ) ;
#3472 = CARTESIAN_POINT ( 'NONE',  ( 26.00000000000000355, 0.000000000000000000, 1.000000000000000000 ) ) ;
#3473 = CARTESIAN_POINT ( 'NONE',  ( -29.99999999999999645, -12.36477183808674596, 0.8741602277906140861 ) ) ;
#3474 = ORIENTED_EDGE ( 'NONE', *, *, #3101, .F. ) ;
#3475 = AXIS2_PLACEMENT_3D ( 'NONE', #351, #1628, #2563 ) ;
#3476 = AXIS2_PLACEMENT_3D ( 'NONE', #892, #1527, #1227 ) ;
#3477 = B_SPLINE_CURVE_WITH_KNOTS ( 'NONE', 3,
 ( #2202, #1, #3774, #331, #2183, #1605, #636, #1259, #3153, #50 ),
 .UNSPECIFIED., .F., .F.,
 ( 4, 2, 2, 2, 4 ),
 ( 0.000000000000000000, 0.0003958293023325214796, 0.0007916586046650429592, 0.001187487906997564385, 0.001583317209330085918 ),
 .UNSPECIFIED. ) ;
#3478 = CARTESIAN_POINT ( 'NONE',  ( 20.64136839188633132, -24.43635668974618724, 4.911050236580416062 ) ) ;
#3479 = CIRCLE ( 'NONE', #2241, 32.50000000000000000 ) ;
#3480 = AXIS2_PLACEMENT_3D ( 'NONE', #953, #2758, #3732 ) ;
#3481 = CARTESIAN_POINT ( 'NONE',  ( 20.10441493801797108, 24.25000000000001066, 5.000000000000000000 ) ) ;
#3482 = CARTESIAN_POINT ( 'NONE',  ( 29.66921942502615650, 11.61996857611712741, 4.936482600598295356 ) ) ;
#3483 = CARTESIAN_POINT ( 'NONE',  ( -30.00000000000000355, 11.55855245565285294, 4.478206709336183700 ) ) ;
#3484 = CARTESIAN_POINT ( 'NONE',  ( -8.500000000000000000, 0.000000000000000000, 3.500000000000000000 ) ) ;
#3485 = CARTESIAN_POINT ( 'NONE',  ( -26.50000000000000355, 6.224949798994363626, 2.500000000000000000 ) ) ;
#3486 = EDGE_CURVE ( 'NONE', #412, #3600, #3421, .T. ) ;
#3487 = CARTESIAN_POINT ( 'NONE',  ( -29.99999999999999645, 11.32276420081628032, 0.08357833856275662110 ) ) ;
#3488 = EDGE_CURVE ( 'NONE', #3032, #1785, #1454, .T. ) ;
#3489 = CARTESIAN_POINT ( 'NONE',  ( 30.00000000000000355, 12.50040619033344313, 0.8983864830710514005 ) ) ;
#3490 = DIRECTION ( 'NONE',  ( -1.000000000000000000, 0.000000000000000000, 0.000000000000000000 ) ) ;
#3491 = FACE_OUTER_BOUND ( 'NONE', #3066, .T. ) ;
#3492 = VERTEX_POINT ( 'NONE', #1762 ) ;
#3493 = CARTESIAN_POINT ( 'NONE',  ( 20.46185475464040593, -21.24999999999998934, 1.000000000000000000 ) ) ;
#3494 = CARTESIAN_POINT ( 'NONE',  ( -29.89802015772555777, -12.38485760875799890, 0.4868782679049091233 ) ) ;
#3495 = ORIENTED_EDGE ( 'NONE', *, *, #86, .T. ) ;
#3496 = EDGE_LOOP ( 'NONE', ( #2157, #215, #2164, #2052 ) ) ;
#3497 = ORIENTED_EDGE ( 'NONE', *, *, #3761, .F. ) ;
#3498 = B_SPLINE_CURVE_WITH_KNOTS ( 'NONE', 3,
 ( #26, #2534, #1247, #1557, #2836, #1870, #3739, #2228, #1923, #3410 ),
 .UNSPECIFIED., .F., .F.,
 ( 4, 2, 2, 2, 4 ),
 ( 0.000000000000000000, 0.0007623969691129101837, 0.001143595453669364950, 0.001334194695947592225, 0.001524793938225819717 ),
 .UNSPECIFIED. ) ;
#3499 = DIRECTION ( 'NONE',  ( -0.000000000000000000, -0.000000000000000000, 1.000000000000000000 ) ) ;
#3500 = AXIS2_PLACEMENT_3D ( 'NONE', #3515, #2598, #1975 ) ;
#3501 = EDGE_LOOP ( 'NONE', ( #1049, #2722, #1144, #3544 ) ) ;
#3502 = VECTOR ( 'NONE', #2623, 1000.000000000000000 ) ;
#3503 = CARTESIAN_POINT ( 'NONE',  ( 30.00000000000011724, 12.31120208846616570, 0.6004795166003622509 ) ) ;
#3504 = LINE ( 'NONE', #2773, #2679 ) ;
#3505 = ORIENTED_EDGE ( 'NONE', *, *, #2681, .T. ) ;
#3506 = CARTESIAN_POINT ( 'NONE',  ( 30.00000000000001776, -12.36476491769955111, 0.8742775315410356018 ) ) ;
#3507 = AXIS2_PLACEMENT_3D ( 'NONE', #1450, #1469, #1744 ) ;
#3508 = ORIENTED_EDGE ( 'NONE', *, *, #1385, .F. ) ;
#3509 = CARTESIAN_POINT ( 'NONE',  ( 26.50000000000000711, 6.224949798994359185, 1.000000000000000000 ) ) ;
#3510 = ORIENTED_EDGE ( 'NONE', *, *, #586, .T. ) ;
#3511 = EDGE_CURVE ( 'NONE', #3492, #1037, #830, .T. ) ;
#3512 = DIRECTION ( 'NONE',  ( -0.000000000000000000, -0.000000000000000000, -1.000000000000000000 ) ) ;
#3513 = EDGE_LOOP ( 'NONE', ( #1045, #2870, #2265, #1181 ) ) ;
#3514 = CARTESIAN_POINT ( 'NONE',  ( 20.27396266321875018, 24.75000000000000355, 0.4999999999999994449 ) ) ;
#3515 = CARTESIAN_POINT ( 'NONE',  ( -29.49999999999999645, 11.04536101718727537, 0.5000000000000000000 ) ) ;
#3516 = CARTESIAN_POINT ( 'NONE',  ( 29.87318651744994114, -12.30241705528218610, 4.609304572104178988 ) ) ;
#3517 = FACE_OUTER_BOUND ( 'NONE', #1428, .T. ) ;
#3518 = ORIENTED_EDGE ( 'NONE', *, *, #2583, .F. ) ;
#3519 = CARTESIAN_POINT ( 'NONE',  ( -26.63648732469568614, -5.876518359261130087, 0.4832123979981922668 ) ) ;
#3520 = CARTESIAN_POINT ( 'NONE',  ( 26.37090592302201841, 12.93157283568131533, 3.008893814174873338 ) ) ;
#3521 = CYLINDRICAL_SURFACE ( 'NONE', #1250, 0.5000000000000004441 ) ;
#3522 = AXIS2_PLACEMENT_3D ( 'NONE', #2710, #3046, #2136 ) ;
#3523 = CARTESIAN_POINT ( 'NONE',  ( 0.000000000000000000, 1.040834085586084257E-14, 3.500000000000000000 ) ) ;
#3524 = CARTESIAN_POINT ( 'NONE',  ( -15.00000000000000000, 6.123233995736766282E-16, 2.000000000000000000 ) ) ;
#3525 = ADVANCED_FACE ( 'NONE', ( #2474 ), #3202, .T. ) ;
#3526 = AXIS2_PLACEMENT_3D ( 'NONE', #1254, #2788, #2500 ) ;
#3527 = FACE_OUTER_BOUND ( 'NONE', #2767, .T. ) ;
#3528 = CARTESIAN_POINT ( 'NONE',  ( 20.34192731947419830, -24.33272705900570898, 4.982885441077380406 ) ) ;
#3529 = DIRECTION ( 'NONE',  ( 0.000000000000000000, 0.000000000000000000, -1.000000000000000000 ) ) ;
#3530 = DIRECTION ( 'NONE',  ( 1.000000000000000000, 0.000000000000000000, 0.000000000000000000 ) ) ;
#3531 = CARTESIAN_POINT ( 'NONE',  ( 26.10989971597210513, 12.87089211068910011, 3.303118119827488819 ) ) ;
#3532 = EDGE_CURVE ( 'NONE', #2550, #2203, #46, .T. ) ;
#3533 = CARTESIAN_POINT ( 'NONE',  ( -20.45314835661670827, -21.20543253047505772, 2.782610025881871785 ) ) ;
#3534 = DIRECTION ( 'NONE',  ( -0.000000000000000000, -1.000000000000000000, -0.000000000000000000 ) ) ;
#3535 = EDGE_CURVE ( 'NONE', #3667, #1037, #3296, .T. ) ;
#3536 = CARTESIAN_POINT ( 'NONE',  ( -20.49502789300235506, 21.42100420705171615, 0.4611658027730437537 ) ) ;
#3537 = FACE_OUTER_BOUND ( 'NONE', #10, .T. ) ;
#3538 = VERTEX_POINT ( 'NONE', #3284 ) ;
#3539 = DIRECTION ( 'NONE',  ( -0.000000000000000000, 0.000000000000000000, 1.000000000000000000 ) ) ;
#3540 = ORIENTED_EDGE ( 'NONE', *, *, #722, .F. ) ;
#3541 = DIRECTION ( 'NONE',  ( -1.000000000000000000, 0.000000000000000000, 0.000000000000000000 ) ) ;
#3542 = CARTESIAN_POINT ( 'NONE',  ( -20.49502763166936603, -21.42100285229379253, 0.4611677778263747474 ) ) ;
#3543 = CARTESIAN_POINT ( 'NONE',  ( 20.87911636061258136, -24.74999999999998934, 0.9143623147221943137 ) ) ;
#3544 = ORIENTED_EDGE ( 'NONE', *, *, #2681, .F. ) ;
#3545 = AXIS2_PLACEMENT_3D ( 'NONE', #2510, #3428, #2244 ) ;
#3546 = ORIENTED_EDGE ( 'NONE', *, *, #2173, .F. ) ;
#3547 = TOROIDAL_SURFACE ( 'NONE', #1669, 28.50000000000000000, 1.000000000000000000 ) ;
#3548 = CYLINDRICAL_SURFACE ( 'NONE', #647, 2.249999999999993783 ) ;
#3549 = DIRECTION ( 'NONE',  ( 0.000000000000000000, 0.000000000000000000, -1.000000000000000000 ) ) ;
#3550 = EDGE_LOOP ( 'NONE', ( #1380, #1474, #2433, #744 ) ) ;
#3551 = CARTESIAN_POINT ( 'NONE',  ( -26.79311564764922693, 5.448315310755322827, 0.2881893619572997722 ) ) ;
#3552 = AXIS2_PLACEMENT_3D ( 'NONE', #926, #323, #2495 ) ;
#3553 = CARTESIAN_POINT ( 'NONE',  ( -20.47566149353727027, 21.32092757460316435, 0.6500385952655260979 ) ) ;
#3554 = CARTESIAN_POINT ( 'NONE',  ( 25.50000000000000355, -12.72792206135783744, 3.500000000000000000 ) ) ;
#3555 = ORIENTED_EDGE ( 'NONE', *, *, #2934, .T. ) ;
#3556 = EDGE_CURVE ( 'NONE', #67, #1866, #2898, .T. ) ;
#3557 = CARTESIAN_POINT ( 'NONE',  ( 20.87911636061258136, -24.74999999999998934, 1.000000000000000000 ) ) ;
#3558 = ORIENTED_EDGE ( 'NONE', *, *, #2853, .T. ) ;
#3559 = CARTESIAN_POINT ( 'NONE',  ( 20.42817845830166235, 21.07832408302853366, 3.039808790486957957 ) ) ;
#3560 = EDGE_CURVE ( 'NONE', #749, #3401, #1123, .T. ) ;
#3561 = ORIENTED_EDGE ( 'NONE', *, *, #1001, .T. ) ;
#3562 = DIRECTION ( 'NONE',  ( 1.000000000000000000, 0.000000000000000000, 0.000000000000000000 ) ) ;
#3563 = ADVANCED_FACE ( 'NONE', ( #3491 ), #7, .T. ) ;
#3564 = DIRECTION ( 'NONE',  ( 0.000000000000000000, 0.000000000000000000, 1.000000000000000000 ) ) ;
#3565 = DIRECTION ( 'NONE',  ( 0.000000000000000000, 0.000000000000000000, 1.000000000000000000 ) ) ;
#3566 = FACE_OUTER_BOUND ( 'NONE', #1233, .T. ) ;
#3567 = CARTESIAN_POINT ( 'NONE',  ( -21.20535255374716144, 24.62890625000000711, 4.000000000000000000 ) ) ;
#3568 = DIRECTION ( 'NONE',  ( 1.000000000000000000, 0.000000000000000000, 0.000000000000000000 ) ) ;
#3569 = CARTESIAN_POINT ( 'NONE',  ( 21.15481879943601129, 24.61177713183239035, 4.334708782782499270 ) ) ;
#3570 = DIRECTION ( 'NONE',  ( -1.000000000000000000, 1.224646799147353454E-16, 0.000000000000000000 ) ) ;
#3571 = LINE ( 'NONE', #4010, #1753 ) ;
#3572 = CIRCLE ( 'NONE', #3951, 5.000000000000000888 ) ;
#3573 =( BOUNDED_SURFACE ( )  B_SPLINE_SURFACE ( 3, 2, ( 
 ( #3815, #1974, #972 ),
 ( #1029, #2240, #3451 ),
 ( #2532, #1958, #3170 ),
 ( #2548, #1661, #711 ),
 ( #1007, #1341, #2859 ),
 ( #1018, #3195, #1650 ),
 ( #2875, #91, #1327 ),
 ( #3140, #3503, #3796 ),
 ( #723, #3825, #1946 ),
 ( #102, #3152, #2569 ),
 ( #3468, #3489, #2824 ),
 ( #679, #417, #2835 ) ),
 .UNSPECIFIED., .F., .F., .F. ) 
 B_SPLINE_SURFACE_WITH_KNOTS ( ( 4, 2, 2, 2, 2, 4 ),
 ( 3, 3 ),
 ( 0.001008446055696985083, 0.001389861523683814677, 0.001771276991670644486, 0.002152692459657473863, 0.002343400193650888551, 0.002534107927644303673 ),
 ( 0.000000000000000000, 1.000000000000000000 ),
 .UNSPECIFIED. ) 
 GEOMETRIC_REPRESENTATION_ITEM ( )  RATIONAL_B_SPLINE_SURFACE ( (
 ( 1.000000000000000000, 0.7071067811865475727, 1.000000000000000000),
 ( 1.000000000000000000, 0.7368680310427559998, 1.000000000000000000),
 ( 1.000000000000000000, 0.7649020750436730243, 1.000000000000000000),
 ( 1.000000000000000000, 0.8183595106426553301, 1.000000000000000000),
 ( 1.000000000000000000, 0.8437884055429801800, 1.000000000000000000),
 ( 1.000000000000000000, 0.8924267773074617827, 1.000000000000000000),
 ( 1.000000000000000000, 0.9161278180223360046, 1.000000000000000000),
 ( 1.000000000000000000, 0.9476976633453435550, 1.000000000000000000),
 ( 1.000000000000000000, 0.9577228570534633834, 1.000000000000000000),
 ( 1.000000000000000000, 0.9740390116809839460, 1.000000000000000000),
 ( 1.000000000000000000, 0.9802769051502039366, 1.000000000000000000),
 ( 1.000000000000000000, 0.9802741963348827747, 1.000000000000000000) ) ) 
 REPRESENTATION_ITEM ( '' )  SURFACE ( )  );
#3574 = CC_DESIGN_DATE_AND_TIME_ASSIGNMENT ( #13, #3459, ( #3110 ) ) ;
#3575 = DIRECTION ( 'NONE',  ( 1.000000000000000000, 0.000000000000000000, 0.000000000000000000 ) ) ;
#3576 = CARTESIAN_POINT ( 'NONE',  ( -29.99999999999999289, 12.50040619033641320, 4.101613516929067949 ) ) ;
#3577 = VECTOR ( 'NONE', #2519, 1000.000000000000000 ) ;
#3578 = DIRECTION ( 'NONE',  ( -1.000000000000000000, 0.000000000000000000, 0.000000000000000000 ) ) ;
#3579 = DIRECTION ( 'NONE',  ( -0.000000000000000000, 0.000000000000000000, 1.000000000000000000 ) ) ;
#3580 = CARTESIAN_POINT ( 'NONE',  ( -20.00000000000000000, 0.000000000000000000, 1.000000000000000000 ) ) ;
#3581 = AXIS2_PLACEMENT_3D ( 'NONE', #3715, #1845, #1500 ) ;
#3582 = CARTESIAN_POINT ( 'NONE',  ( 20.18780958359686295, -24.74999999999998934, 4.500000001256937665 ) ) ;
#3583 = CARTESIAN_POINT ( 'NONE',  ( 21.20535255374715078, -24.62890625000000000, 5.000000000000000000 ) ) ;
#3584 = CARTESIAN_POINT ( 'NONE',  ( -29.49999999999999645, -11.04536101718726648, 0.000000000000000000 ) ) ;
#3585 = CARTESIAN_POINT ( 'NONE',  ( 20.51738468962732753, 24.75000000000001776, 4.428456296544411863 ) ) ;
#3586 = ADVANCED_FACE ( 'NONE', ( #2662 ), #3573, .T. ) ;
#3587 = EDGE_CURVE ( 'NONE', #3206, #1360, #1861, .T. ) ;
#3588 = FACE_OUTER_BOUND ( 'NONE', #695, .T. ) ;
#3589 = ORIENTED_EDGE ( 'NONE', *, *, #243, .T. ) ;
#3590 = CARTESIAN_POINT ( 'NONE',  ( -26.00000000000000355, 7.347880794884119736E-16, 1.000000000000000000 ) ) ;
#3591 = CARTESIAN_POINT ( 'NONE',  ( -29.99999999999999645, 11.92532824032973338, 4.388873773257408573 ) ) ;
#3592 = CARTESIAN_POINT ( 'NONE',  ( 21.04617558854759096, -24.57480978397133597, 0.4637947510874939616 ) ) ;
#3593 = VERTEX_POINT ( 'NONE', #358 ) ;
#3594 = CARTESIAN_POINT ( 'NONE',  ( -27.00113615681563672, -13.07698605652713475, 0.1237616010893289875 ) ) ;
#3595 = ORIENTED_EDGE ( 'NONE', *, *, #3147, .F. ) ;
#3596 = CARTESIAN_POINT ( 'NONE',  ( 27.50000000000000711, 13.19090595827292134, 0.000000000000000000 ) ) ;
#3597 = ORIENTED_EDGE ( 'NONE', *, *, #766, .T. ) ;
#3598 = PLANE ( 'NONE',  #3091 ) ;
#3599 = ORIENTED_EDGE ( 'NONE', *, *, #1488, .T. ) ;
#3600 = VERTEX_POINT ( 'NONE', #1618 ) ;
#3601 = CARTESIAN_POINT ( 'NONE',  ( 25.76155824716384046, -7.851853595808762520, 3.466608768111169248 ) ) ;
#3602 = VECTOR ( 'NONE', #1404, 1000.000000000000000 ) ;
#3603 = CARTESIAN_POINT ( 'NONE',  ( 30.00000000000000355, -2.102695122396130015E-15, 0.4999999999999995559 ) ) ;
#3604 = CARTESIAN_POINT ( 'NONE',  ( -20.10441493801797819, 24.75000000000000355, 0.000000000000000000 ) ) ;
#3605 = TOROIDAL_SURFACE ( 'NONE', #2438, 28.50000000000000000, 1.000000000000000000 ) ;
#3606 = AXIS2_PLACEMENT_3D ( 'NONE', #1580, #1860, #967 ) ;
#3607 = ORIENTED_EDGE ( 'NONE', *, *, #3535, .T. ) ;
#3608 = CARTESIAN_POINT ( 'NONE',  ( -29.99999999999999645, -12.36526675082162718, 4.124971156116594706 ) ) ;
#3609 = CARTESIAN_POINT ( 'NONE',  ( -29.99999999999999289, 12.36906826475954446, 4.339975259380466355 ) ) ;
#3610 = ORIENTED_EDGE ( 'NONE', *, *, #586, .F. ) ;
#3611 = CARTESIAN_POINT ( 'NONE',  ( 25.99851580907760962, -12.84491633765405005, 3.376428884674605779 ) ) ;
#3612 = ADVANCED_FACE ( 'NONE', ( #2381 ), #991, .F. ) ;
#3613 = AXIS2_PLACEMENT_3D ( 'NONE', #995, #668, #699 ) ;
#3614 = CARTESIAN_POINT ( 'NONE',  ( -27.23996930738694999, -13.13166262230464554, 0.02581166879223175531 ) ) ;
#3615 = CARTESIAN_POINT ( 'NONE',  ( 26.62897382867899765, 12.99130410733791585, 0.4913269392797597890 ) ) ;
#3616 = ORIENTED_EDGE ( 'NONE', *, *, #974, .F. ) ;
#3617 = CARTESIAN_POINT ( 'NONE',  ( 20.84925887525846022, -24.50755063696111336, 4.739331760831649198 ) ) ;
#3618 = EDGE_LOOP ( 'NONE', ( #3656, #3843, #3760, #2303 ) ) ;
#3619 = EDGE_CURVE ( 'NONE', #994, #341, #1555, .T. ) ;
#3620 = DIRECTION ( 'NONE',  ( 1.000000000000000000, 0.000000000000000000, 0.000000000000000000 ) ) ;
#3621 = ORIENTED_EDGE ( 'NONE', *, *, #2401, .F. ) ;
#3622 = CARTESIAN_POINT ( 'NONE',  ( 30.00000000000000355, 11.04536101718726826, 0.4999999999999995559 ) ) ;
#3623 = DIRECTION ( 'NONE',  ( -0.000000000000000000, -0.000000000000000000, -1.000000000000000000 ) ) ;
#3624 = DIRECTION ( 'NONE',  ( 1.000000000000000000, 0.000000000000000000, 0.000000000000000000 ) ) ;
#3625 = EDGE_CURVE ( 'NONE', #3362, #3249, #3736, .T. ) ;
#3626 = CARTESIAN_POINT ( 'NONE',  ( -27.13434969559087051, 4.379548273965427008, 0.06333362659803738748 ) ) ;
#3627 = CIRCLE ( 'NONE', #1759, 28.50000000000000000 ) ;
#3628 = CARTESIAN_POINT ( 'NONE',  ( 20.84363052971873387, -24.74999999999998934, 0.8323269888893410906 ) ) ;
#3629 = CARTESIAN_POINT ( 'NONE',  ( -27.37050144739600199, 13.16145179716223979, 1.905824131322174993E-18 ) ) ;
#3630 = CARTESIAN_POINT ( 'NONE',  ( 29.50000000000000355, 12.50000000000000533, 5.000000000000000000 ) ) ;
#3631 = AXIS2_PLACEMENT_3D ( 'NONE', #1687, #2000, #2603 ) ;
#3632 = CARTESIAN_POINT ( 'NONE',  ( 0.000000000000000000, 1.040834085586084257E-14, 3.500000000000000000 ) ) ;
#3633 = CARTESIAN_POINT ( 'NONE',  ( 0.000000000000000000, 1.040834085586084257E-14, 1.000000000000000000 ) ) ;
#3634 =( BOUNDED_SURFACE ( )  B_SPLINE_SURFACE ( 3, 2, ( 
 ( #2575, #1036, #2467 ),
 ( #3391, #4024, #1565 ),
 ( #1887, #618, #3379 ),
 ( #2188, #928, #324 ),
 ( #606, #2497, #3084 ),
 ( #33, #644, #3124 ),
 ( #3429, #1581, #3175 ),
 ( #3494, #380, #2259 ),
 ( #2840, #2233, #2852 ),
 ( #1597, #1642, #3473 ),
 ( #3820, #1305, #3808 ),
 ( #3765, #1927, #1317 ) ),
 .UNSPECIFIED., .F., .F., .T. ) 
 B_SPLINE_SURFACE_WITH_KNOTS ( ( 4, 2, 2, 2, 2, 4 ),
 ( 3, 3 ),
 ( 0.001008446055696985300, 0.001389861523683815110, 0.001771276991670645137, 0.002152692459657475164, 0.002343400193650890286, 0.002534107927644304974 ),
 ( 0.000000000000000000, 1.000000000000000000 ),
 .UNSPECIFIED. ) 
 GEOMETRIC_REPRESENTATION_ITEM ( )  RATIONAL_B_SPLINE_SURFACE ( (
 ( 1.000000000000000000, 0.7071067811865475727, 1.000000000000000000),
 ( 1.000000000000000000, 0.7368680310427556668, 1.000000000000000000),
 ( 1.000000000000000000, 0.7649020750436730243, 1.000000000000000000),
 ( 1.000000000000000000, 0.8183595106426553301, 1.000000000000000000),
 ( 1.000000000000000000, 0.8437884055427512520, 1.000000000000000000),
 ( 1.000000000000000000, 0.8924267773076984822, 1.000000000000000000),
 ( 1.000000000000000000, 0.9161278180223063616, 1.000000000000000000),
 ( 1.000000000000000000, 0.9476976633453569887, 1.000000000000000000),
 ( 1.000000000000000000, 0.9577228570534538354, 1.000000000000000000),
 ( 1.000000000000000000, 0.9740390116809961585, 1.000000000000000000),
 ( 1.000000000000000000, 0.9802769051501935005, 1.000000000000000000),
 ( 1.000000000000000000, 0.9802741963348829968, 1.000000000000000000) ) ) 
 REPRESENTATION_ITEM ( '' )  SURFACE ( )  );
#3635 = ADVANCED_FACE ( 'NONE', ( #3936 ), #738, .T. ) ;
#3636 = TOROIDAL_SURFACE ( 'NONE', #917, 31.50000000000000000, 1.000000000000000000 ) ;
#3637 = AXIS2_PLACEMENT_3D ( 'NONE', #3925, #2056, #2069 ) ;
#3638 = CARTESIAN_POINT ( 'NONE',  ( -29.99999999999999645, -11.04536101718726471, 4.500000000000000888 ) ) ;
#3639 = CARTESIAN_POINT ( 'NONE',  ( 26.84537413388981975, -5.297757767260019790, 0.2414276399975282261 ) ) ;
#3640 = CARTESIAN_POINT ( 'NONE',  ( -29.99999999999999645, 12.39959647418025845, 4.066932174976594538 ) ) ;
#3641 = CARTESIAN_POINT ( 'NONE',  ( -20.95643676561353530, 24.54423573359358812, 4.646903943660858793 ) ) ;
#3642 = CARTESIAN_POINT ( 'NONE',  ( 30.00000000000011724, -12.46350777562920520, 0.8078194671764336032 ) ) ;
#3643 = EDGE_CURVE ( 'NONE', #3857, #3999, #674, .T. ) ;
#3644 = DIRECTION ( 'NONE',  ( -0.000000000000000000, 0.000000000000000000, -1.000000000000000000 ) ) ;
#3645 = CARTESIAN_POINT ( 'NONE',  ( 25.91093023299048070, 7.553198328236337744, 3.417669468060060112 ) ) ;
#3646 = CARTESIAN_POINT ( 'NONE',  ( -15.00000000000000000, 6.123233995736765296E-16, 2.000000000000000000 ) ) ;
#3647 = LINE ( 'NONE', #485, #2153 ) ;
#3648 = CARTESIAN_POINT ( 'NONE',  ( 20.66691324496844118, 24.75000000000001421, 4.350554942714959239 ) ) ;
#3649 = EDGE_LOOP ( 'NONE', ( #1928, #3748, #2196, #3470 ) ) ;
#3650 = CYLINDRICAL_SURFACE ( 'NONE', #206, 0.5000000000000004441 ) ;
#3651 = ORIENTED_EDGE ( 'NONE', *, *, #2995, .T. ) ;
#3652 = EDGE_CURVE ( 'NONE', #994, #1523, #2279, .T. ) ;
#3653 = CARTESIAN_POINT ( 'NONE',  ( -29.49999999999999645, -11.04536101718726471, 5.000000000000000888 ) ) ;
#3654 = DIRECTION ( 'NONE',  ( -0.000000000000000000, 0.000000000000000000, 1.000000000000000000 ) ) ;
#3655 = ORIENTED_EDGE ( 'NONE', *, *, #3699, .T. ) ;
#3656 = ORIENTED_EDGE ( 'NONE', *, *, #1791, .F. ) ;
#3657 = CIRCLE ( 'NONE', #2081, 6.000000000000001776 ) ;
#3658 = ADVANCED_FACE ( 'NONE', ( #3106 ), #3634, .T. ) ;
#3659 = FACE_OUTER_BOUND ( 'NONE', #3176, .T. ) ;
#3660 = DIRECTION ( 'NONE',  ( 1.000000000000000000, 0.000000000000000000, 0.000000000000000000 ) ) ;
#3661 = CARTESIAN_POINT ( 'NONE',  ( 29.99999999999999645, -11.73484975440049460, 0.2365633976031293328 ) ) ;
#3662 = EDGE_LOOP ( 'NONE', ( #2674, #2119, #2122, #850 ) ) ;
#3663 = CARTESIAN_POINT ( 'NONE',  ( 21.20535251783292807, -24.62890628092193879, 4.172693103365101130 ) ) ;
#3664 = ORIENTED_EDGE ( 'NONE', *, *, #1193, .T. ) ;
#3665 = CARTESIAN_POINT ( 'NONE',  ( 25.55334489835579603, 8.252606475444371981, 3.500000000000000888 ) ) ;
#3666 = AXIS2_PLACEMENT_3D ( 'NONE', #2839, #1939, #2890 ) ;
#3667 = VERTEX_POINT ( 'NONE', #2829 ) ;
#3668 = CARTESIAN_POINT ( 'NONE',  ( -29.95549606040569657, -12.57534234997752343, 4.175413875477151038 ) ) ;
#3669 = CARTESIAN_POINT ( 'NONE',  ( 26.50000000000000711, -6.224949798994359185, 1.000000000000000000 ) ) ;
#3670 = DIRECTION ( 'NONE',  ( 1.000000000000000000, 0.000000000000000000, 0.000000000000000000 ) ) ;
#3671 = ORIENTED_EDGE ( 'NONE', *, *, #563, .F. ) ;
#3672 = CARTESIAN_POINT ( 'NONE',  ( 30.00000000000000000, -12.36906826475950183, 4.339975259380280725 ) ) ;
#3673 = AXIS2_PLACEMENT_3D ( 'NONE', #3393, #3045, #921 ) ;
#3674 = DIRECTION ( 'NONE',  ( -0.000000000000000000, 0.000000000000000000, 1.000000000000000000 ) ) ;
#3675 = CARTESIAN_POINT ( 'NONE',  ( 30.00000000000000355, -12.50040615983027870, 0.8992767158337335864 ) ) ;
#3676 = EDGE_LOOP ( 'NONE', ( #3466, #2547, #2008, #2129 ) ) ;
#3677 = CARTESIAN_POINT ( 'NONE',  ( -20.10441493801797463, 24.75000000000000355, 5.000000000000013323 ) ) ;
#3678 = CARTESIAN_POINT ( 'NONE',  ( 25.76155824716384046, 7.851853595808762520, 3.466608768111169248 ) ) ;
#3679 = EDGE_CURVE ( 'NONE', #3401, #2778, #3839, .T. ) ;
#3680 = DIRECTION ( 'NONE',  ( -0.000000000000000000, 0.000000000000000000, 1.000000000000000000 ) ) ;
#3681 = CIRCLE ( 'NONE', #1704, 29.50000000000000355 ) ;
#3682 = ADVANCED_FACE ( 'NONE', ( #1358 ), #3548, .F. ) ;
#3683 = TOROIDAL_SURFACE ( 'NONE', #2442, 6.000000000000000000, 1.000000000000000000 ) ;
#3684 = CARTESIAN_POINT ( 'NONE',  ( -20.81706479075369032, -24.74999999999999645, 4.571114391017685463 ) ) ;
#3685 = DIRECTION ( 'NONE',  ( -1.000000000000000000, -1.156482317317871478E-16, 0.000000000000000000 ) ) ;
#3686 = CARTESIAN_POINT ( 'NONE',  ( -29.99999999999999645, -12.50000000000000355, 0.5000000000000000000 ) ) ;
#3687 = B_SPLINE_CURVE_WITH_KNOTS ( 'NONE', 3,
 ( #1719, #2275, #1343, #3211, #727, #3223, #2319, #1047, #1352, #2899 ),
 .UNSPECIFIED., .F., .F.,
 ( 4, 2, 2, 2, 4 ),
 ( 0.000000000000000000, 0.0001936245075781772851, 0.0003872490151563545702, 0.0007744980303127090319, 0.001548996060625417630 ),
 .UNSPECIFIED. ) ;
#3688 = VECTOR ( 'NONE', #3331, 1000.000000000000000 ) ;
#3689 = AXIS2_PLACEMENT_3D ( 'NONE', #3236, #1382, #2963 ) ;
#3690 = AXIS2_PLACEMENT_3D ( 'NONE', #1210, #1140, #1453 ) ;
#3691 = CARTESIAN_POINT ( 'NONE',  ( -12.00000000000000000, 0.000000000000000000, 0.000000000000000000 ) ) ;
#3692 = AXIS2_PLACEMENT_3D ( 'NONE', #3398, #3104, #1551 ) ;
#3693 = CARTESIAN_POINT ( 'NONE',  ( -20.21876372514959286, -24.75000000000000000, 4.960077905343311500 ) ) ;
#3694 = LINE ( 'NONE', #121, #2001 ) ;
#3695 = CARTESIAN_POINT ( 'NONE',  ( -26.50000000000000355, -12.96148139681570832, 1.000000000000000000 ) ) ;
#3696 = ADVANCED_FACE ( 'NONE', ( #3004 ), #941, .T. ) ;
#3697 = VERTEX_POINT ( 'NONE', #1657 ) ;
#3698 = CARTESIAN_POINT ( 'NONE',  ( 25.50000000000000355, 0.000000000000000000, 2.500000000000000000 ) ) ;
#3699 = EDGE_CURVE ( 'NONE', #412, #77, #450, .T. ) ;
#3700 = CARTESIAN_POINT ( 'NONE',  ( -20.44264268693367725, 24.75000000000000355, 4.467406925040325660 ) ) ;
#3701 = VERTEX_POINT ( 'NONE', #2269 ) ;
#3702 = VERTEX_POINT ( 'NONE', #1332 ) ;
#3703 = ORIENTED_EDGE ( 'NONE', *, *, #1868, .F. ) ;
#3704 = CARTESIAN_POINT ( 'NONE',  ( 20.00000000000000000, 0.000000000000000000, 0.000000000000000000 ) ) ;
#3705 = LOCAL_TIME ( 20, 7, 49.00000000000000000, #1461 ) ;
#3706 = EDGE_LOOP ( 'NONE', ( #2927, #1232, #1079, #466 ) ) ;
#3707 = ORIENTED_EDGE ( 'NONE', *, *, #2318, .T. ) ;
#3708 = EDGE_CURVE ( 'NONE', #3362, #655, #3738, .T. ) ;
#3709 = DIRECTION ( 'NONE',  ( -0.000000000000000000, -0.000000000000000000, 1.000000000000000000 ) ) ;
#3710 = CARTESIAN_POINT ( 'NONE',  ( -20.76404505467638728, -24.74999999999999645, 4.265930013822270439 ) ) ;
#3711 = PLANE ( 'NONE',  #3196 ) ;
#3712 = DIRECTION ( 'NONE',  ( -1.000000000000000000, 0.000000000000000000, 0.000000000000000000 ) ) ;
#3713 = ORIENTED_EDGE ( 'NONE', *, *, #3913, .F. ) ;
#3714 = CARTESIAN_POINT ( 'NONE',  ( 29.99999999999999645, -12.50040619033233114, 4.101613516928948933 ) ) ;
#3715 = CARTESIAN_POINT ( 'NONE',  ( 20.00000000000000000, 0.000000000000000000, 1.000000000000000000 ) ) ;
#3716 = ORIENTED_EDGE ( 'NONE', *, *, #3128, .F. ) ;
#3717 = ORIENTED_EDGE ( 'NONE', *, *, #3128, .T. ) ;
#3718 = ADVANCED_FACE ( 'NONE', ( #3311 ), #1968, .T. ) ;
#3719 = AXIS2_PLACEMENT_3D ( 'NONE', #3756, #2804, #2195 ) ;
#3720 = CARTESIAN_POINT ( 'NONE',  ( -20.53930432189809707, -24.75000000000000000, 0.2017318846632792095 ) ) ;
#3721 = CARTESIAN_POINT ( 'NONE',  ( 0.000000000000000000, 0.000000000000000000, 3.500000000000000000 ) ) ;
#3722 = DIRECTION ( 'NONE',  ( 0.000000000000000000, 0.000000000000000000, -1.000000000000000000 ) ) ;
#3723 = CYLINDRICAL_SURFACE ( 'NONE', #1022, 5.000000000000000888 ) ;
#3724 = AXIS2_PLACEMENT_3D ( 'NONE', #3763, #1640, #1315 ) ;
#3725 = DIRECTION ( 'NONE',  ( 0.000000000000000000, 0.000000000000000000, 1.000000000000000000 ) ) ;
#3726 = FACE_OUTER_BOUND ( 'NONE', #2019, .T. ) ;
#3727 = PLANE ( 'NONE',  #3168 ) ;
#3728 = EDGE_CURVE ( 'NONE', #205, #1316, #752, .T. ) ;
#3729 = CARTESIAN_POINT ( 'NONE',  ( -20.27290473964233186, -24.74999999999999645, 0.5085572727190160736 ) ) ;
#3730 = CIRCLE ( 'NONE', #1349, 0.5000000000000004441 ) ;
#3731 = CARTESIAN_POINT ( 'NONE',  ( -21.20535255374715078, -24.62890625000000000, 4.000000000000000000 ) ) ;
#3732 = DIRECTION ( 'NONE',  ( -1.000000000000000000, 0.000000000000000000, 0.000000000000000000 ) ) ;
#3733 = CARTESIAN_POINT ( 'NONE',  ( 26.68922981367781588, 5.736253086557626446, 0.4092280973181799397 ) ) ;
#3734 = CARTESIAN_POINT ( 'NONE',  ( -26.47909200665550600, -6.277176924157109816, 2.723054984720213234 ) ) ;
#3735 = CARTESIAN_POINT ( 'NONE',  ( 0.000000000000000000, 72.30205676561918438, 0.000000000000000000 ) ) ;
#3736 = B_SPLINE_CURVE_WITH_KNOTS ( 'NONE', 3,
 ( #3831, #124, #3854, #1355, #3531, #1700, #3520, #1980, #1366, #2276 ),
 .UNSPECIFIED., .F., .F.,
 ( 4, 2, 2, 2, 4 ),
 ( -9.464072014280473853E-06, 0.0003891380981054785751, 0.0007877402682252376918, 0.001186342438344996754, 0.001584944608464755817 ),
 .UNSPECIFIED. ) ;
#3737 = EDGE_CURVE ( 'NONE', #3013, #1578, #1083, .T. ) ;
#3738 = LINE ( 'NONE', #365, #2096 ) ;
#3739 = CARTESIAN_POINT ( 'NONE',  ( 30.00000000000001421, 12.27558794809862341, 4.219233360151535273 ) ) ;
#3740 = DIRECTION ( 'NONE',  ( -0.000000000000000000, -1.000000000000000000, -0.000000000000000000 ) ) ;
#3741 = FACE_OUTER_BOUND ( 'NONE', #164, .T. ) ;
#3742 = AXIS2_PLACEMENT_3D ( 'NONE', #3698, #3030, #1178 ) ;
#3743 = APPROVAL_ROLE ( '' ) ;
#3744 = PLANE ( 'NONE',  #284 ) ;
#3745 = VERTEX_POINT ( 'NONE', #1912 ) ;
#3746 = CARTESIAN_POINT ( 'NONE',  ( 27.43952052131793806, 3.106544077090629408, 0.001252496475929620011 ) ) ;
#3747 = VECTOR ( 'NONE', #1242, 1000.000000000000000 ) ;
#3748 = ORIENTED_EDGE ( 'NONE', *, *, #2928, .T. ) ;
#3749 = CARTESIAN_POINT ( 'NONE',  ( -29.99999999999999645, 11.55795850961494153, 0.5215041991036675206 ) ) ;
#3750 = CARTESIAN_POINT ( 'NONE',  ( -26.50000000000000355, -6.224949798994363626, 2.500000000000000000 ) ) ;
#3751 = ORIENTED_EDGE ( 'NONE', *, *, #3935, .T. ) ;
#3752 = ORIENTED_EDGE ( 'NONE', *, *, #3652, .T. ) ;
#3753 = LINE ( 'NONE', #685, #3502 ) ;
#3754 = DIRECTION ( 'NONE',  ( -0.000000000000000000, -0.000000000000000000, 1.000000000000000000 ) ) ;
#3755 = EDGE_CURVE ( 'NONE', #2453, #1774, #1531, .T. ) ;
#3756 = CARTESIAN_POINT ( 'NONE',  ( -20.10441493801795687, -24.24999999999999645, 4.500000000000000888 ) ) ;
#3757 = FACE_OUTER_BOUND ( 'NONE', #3956, .T. ) ;
#3758 = ORIENTED_EDGE ( 'NONE', *, *, #509, .T. ) ;
#3759 = CARTESIAN_POINT ( 'NONE',  ( -20.87911636061258136, -24.74999999999999645, 1.000000000000000000 ) ) ;
#3760 = ORIENTED_EDGE ( 'NONE', *, *, #3332, .F. ) ;
#3761 = EDGE_CURVE ( 'NONE', #1676, #605, #1292, .T. ) ;
#3762 = CARTESIAN_POINT ( 'NONE',  ( 29.50000000000000355, 11.04536101718727004, 5.000000000000000888 ) ) ;
#3763 = CARTESIAN_POINT ( 'NONE',  ( 2.804469619495837873E-15, -24.24999999999999289, 0.5000000000000000000 ) ) ;
#3764 = DIRECTION ( 'NONE',  ( 1.000000000000000000, -7.008983741320394021E-17, 0.000000000000000000 ) ) ;
#3765 = CARTESIAN_POINT ( 'NONE',  ( -29.96093749999999645, -12.59334046713156496, 1.000000000000002665 ) ) ;
#3766 = ORIENTED_EDGE ( 'NONE', *, *, #1689, .T. ) ;
#3767 = CARTESIAN_POINT ( 'NONE',  ( -29.99999999999998934, 11.93147760151155623, 0.6129357380208827477 ) ) ;
#3768 = AXIS2_PLACEMENT_3D ( 'NONE', #3237, #1402, #3286 ) ;
#3769 = CARTESIAN_POINT ( 'NONE',  ( -29.99999999999999645, 12.13324477444601968, 0.4450926444345774113 ) ) ;
#3770 = ORIENTED_EDGE ( 'NONE', *, *, #2503, .T. ) ;
#3771 = B_SPLINE_CURVE_WITH_KNOTS ( 'NONE', 3,
 ( #2280, #2617, #3850, #1996, #3536, #3553, #172, #760, #2634, #2885 ),
 .UNSPECIFIED., .F., .F.,
 ( 4, 2, 2, 2, 4 ),
 ( -6.637891781454797557E-06, 0.0008491954089207374035, 0.001277112059271834354, 0.001491070384447382288, 0.001705028709622930438 ),
 .UNSPECIFIED. ) ;
#3772 = CARTESIAN_POINT ( 'NONE',  ( 4.000000000000000000, 0.000000000000000000, 5.000000000000001776 ) ) ;
#3773 = ORIENTED_EDGE ( 'NONE', *, *, #2703, .T. ) ;
#3774 = CARTESIAN_POINT ( 'NONE',  ( -26.47317259897689468, -12.95527599407199659, 2.765304586857052271 ) ) ;
#3775 = VECTOR ( 'NONE', #1023, 1000.000000000000000 ) ;
#3776 = CARTESIAN_POINT ( 'NONE',  ( -29.69356342953489403, 11.70200708226779973, 0.08408594153705890861 ) ) ;
#3777 = DIRECTION ( 'NONE',  ( -1.000000000000000000, 0.000000000000000000, -0.000000000000000000 ) ) ;
#3778 = CARTESIAN_POINT ( 'NONE',  ( -20.37359302848290099, 24.34397695890869429, 1.807003620809157622E-17 ) ) ;
#3779 = CARTESIAN_POINT ( 'NONE',  ( -30.00000000000000000, 12.27695903386867116, 0.7818762786466638692 ) ) ;
#3780 = CARTESIAN_POINT ( 'NONE',  ( 20.40921462534815234, -20.98241495393903833, 3.149938245340535126 ) ) ;
#3781 = FACE_OUTER_BOUND ( 'NONE', #1030, .T. ) ;
#3782 = TOROIDAL_SURFACE ( 'NONE', #2277, 6.000000000000000000, 1.000000000000000000 ) ;
#3783 = EDGE_CURVE ( 'NONE', #3701, #2690, #306, .T. ) ;
#3784 = CARTESIAN_POINT ( 'NONE',  ( 0.000000000000000000, 0.000000000000000000, 3.249999999999999556 ) ) ;
#3785 = CARTESIAN_POINT ( 'NONE',  ( -26.50000000000000355, 0.000000000000000000, 3.500000000000000000 ) ) ;
#3786 = FACE_BOUND ( 'NONE', #1130, .T. ) ;
#3787 = CARTESIAN_POINT ( 'NONE',  ( 27.50000000000000711, -13.19090595827290180, 0.000000000000000000 ) ) ;
#3788 = CARTESIAN_POINT ( 'NONE',  ( -29.54891267351989015, 11.21262487646274053, -2.018839502309580786E-14 ) ) ;
#3789 = CARTESIAN_POINT ( 'NONE',  ( -27.22017097084505721, -4.065242193223363998, 0.03673457055033788748 ) ) ;
#3790 = CARTESIAN_POINT ( 'NONE',  ( 26.50000000000000711, -6.224949798994359185, 3.500000000000000000 ) ) ;
#3791 = CARTESIAN_POINT ( 'NONE',  ( -26.50000000000000711, 6.224949798994364514, 2.616055243406204767 ) ) ;
#3792 = CARTESIAN_POINT ( 'NONE',  ( 20.42817875919963910, -21.07832560840044778, 3.039806572120651307 ) ) ;
#3793 = B_SPLINE_CURVE_WITH_KNOTS ( 'NONE', 3,
 ( #3367, #1510, #1841, #3998, #1853, #2149, #3733, #2466, #2496, #2208, #334, #641, #2512, #3095, #2828, #3746, #1596, #927 ),
 .UNSPECIFIED., .F., .F.,
 ( 4, 2, 2, 2, 2, 2, 2, 2, 4 ),
 ( 0.000000000000000000, 0.0002481718434566573209, 0.0004963436869133146419, 0.0009926873738266245133, 0.001489031060739934385, 0.001985374747653244256, 0.002978062121479861397, 0.003474405808393169967, 0.003970749495306477236 ),
 .UNSPECIFIED. ) ;
#3794 = CIRCLE ( 'NONE', #3581, 8.999999999999998224 ) ;
#3795 = EDGE_LOOP ( 'NONE', ( #745, #3420, #3914, #750 ) ) ;
#3796 = CARTESIAN_POINT ( 'NONE',  ( 30.00000000000000355, 12.22002045158339101, 0.7434391480416379094 ) ) ;
#3797 = ORIENTED_EDGE ( 'NONE', *, *, #878, .T. ) ;
#3798 = CARTESIAN_POINT ( 'NONE',  ( 26.49999999999999645, -12.96148139681569766, 0.8662074791071893154 ) ) ;
#3799 = VERTEX_POINT ( 'NONE', #1610 ) ;
#3800 = ORIENTED_EDGE ( 'NONE', *, *, #2152, .F. ) ;
#3801 = CARTESIAN_POINT ( 'NONE',  ( 0.000000000000000000, 1.040834085586084257E-14, 4.000000000000000000 ) ) ;
#3802 = AXIS2_PLACEMENT_3D ( 'NONE', #2160, #2457, #313 ) ;
#3803 = APPROVAL_ROLE ( '' ) ;
#3804 = CARTESIAN_POINT ( 'NONE',  ( -26.50000000000000355, 0.000000000000000000, 3.500000000000000000 ) ) ;
#3805 = LOCAL_TIME ( 20, 7, 49.00000000000000000, #2200 ) ;
#3806 = CARTESIAN_POINT ( 'NONE',  ( 20.10441493801797108, 24.75000000000001066, 4.500000000000000888 ) ) ;
#3807 = VERTEX_POINT ( 'NONE', #3917 ) ;
#3808 = CARTESIAN_POINT ( 'NONE',  ( -29.99999999999999645, -12.39959647418000266, 0.9330678250235453497 ) ) ;
#3809 = ORIENTED_EDGE ( 'NONE', *, *, #2503, .F. ) ;
#3810 = CARTESIAN_POINT ( 'NONE',  ( -26.42234309453644769, 6.415774810017969898, 2.897061581705102196 ) ) ;
#3811 = ORIENTED_EDGE ( 'NONE', *, *, #1211, .F. ) ;
#3812 = CARTESIAN_POINT ( 'NONE',  ( -29.96093749999999645, 12.59334046713159516, 1.000000000000000888 ) ) ;
#3813 = EDGE_CURVE ( 'NONE', #2639, #3942, #3361, .T. ) ;
#3814 = EDGE_LOOP ( 'NONE', ( #982, #1846, #3449, #698 ) ) ;
#3815 = CARTESIAN_POINT ( 'NONE',  ( 29.50000000000000355, 11.04536101718727004, 0.000000000000000000 ) ) ;
#3816 = CARTESIAN_POINT ( 'NONE',  ( -11.00000000000000000, 0.000000000000000000, 1.000000000000000000 ) ) ;
#3817 = ORIENTED_EDGE ( 'NONE', *, *, #3652, .F. ) ;
#3818 = CARTESIAN_POINT ( 'NONE',  ( 30.00000000000000355, 12.46350777562926915, 4.192180532823694961 ) ) ;
#3819 = DIRECTION ( 'NONE',  ( -1.000000000000000000, -1.156482317317871478E-16, 0.000000000000000000 ) ) ;
#3820 = CARTESIAN_POINT ( 'NONE',  ( -29.96093760647645965, -12.59334021381238600, 0.8661356864141825929 ) ) ;
#3821 = AXIS2_PLACEMENT_3D ( 'NONE', #1105, #2028, #3575 ) ;
#3822 = AXIS2_PLACEMENT_3D ( 'NONE', #848, #1752, #2743 ) ;
#3823 = CARTESIAN_POINT ( 'NONE',  ( 20.46185475464040593, -21.24999999999998934, 2.500000000000000000 ) ) ;
#3824 = FACE_OUTER_BOUND ( 'NONE', #3845, .T. ) ;
#3825 = CARTESIAN_POINT ( 'NONE',  ( 30.00000000000011369, 12.36906826475952670, 0.6600247406196774191 ) ) ;
#3826 = FACE_OUTER_BOUND ( 'NONE', #1731, .T. ) ;
#3827 = AXIS2_PLACEMENT_3D ( 'NONE', #3467, #3151, #1296 ) ;
#3828 = CARTESIAN_POINT ( 'NONE',  ( 29.59812317778686364, -11.37972896665529454, 4.983746927518221348 ) ) ;
#3829 = CARTESIAN_POINT ( 'NONE',  ( 20.00000000000000000, 0.000000000000000000, 2.000000000000000000 ) ) ;
#3830 = CARTESIAN_POINT ( 'NONE',  ( -26.56641975407593748, -6.057609379674551597, 0.6372207063256696280 ) ) ;
#3831 = CARTESIAN_POINT ( 'NONE',  ( 25.50000000000000355, 12.72792206135785875, 3.500000000000000000 ) ) ;
#3832 = EDGE_CURVE ( 'NONE', #1620, #2355, #2436, .T. ) ;
#3833 = LINE ( 'NONE', #1537, #529 ) ;
#3834 = CARTESIAN_POINT ( 'NONE',  ( 20.87911636061258136, 24.25000000000001066, 4.000000000000000000 ) ) ;
#3835 = EDGE_CURVE ( 'NONE', #2261, #1717, #2489, .T. ) ;
#3836 = CARTESIAN_POINT ( 'NONE',  ( 29.50000000000000355, 11.04536101718726471, 0.000000000000000000 ) ) ;
#3837 = DIRECTION ( 'NONE',  ( 1.156482317317871478E-16, -1.000000000000000000, 0.000000000000000000 ) ) ;
#3838 = CARTESIAN_POINT ( 'NONE',  ( 29.93860480204922325, -12.51950439522760306, 4.344629253069637542 ) ) ;
#3839 = CIRCLE ( 'NONE', #3977, 9.999999999999998224 ) ;
#3840 = DIRECTION ( 'NONE',  ( -1.000000000000000000, 0.000000000000000000, 0.000000000000000000 ) ) ;
#3841 = ADVANCED_FACE ( 'NONE', ( #3659 ), #1471, .T. ) ;
#3842 = AXIS2_PLACEMENT_3D ( 'NONE', #2523, #2810, #2837 ) ;
#3843 = ORIENTED_EDGE ( 'NONE', *, *, #135, .T. ) ;
#3844 = ORIENTED_EDGE ( 'NONE', *, *, #3643, .F. ) ;
#3845 = EDGE_LOOP ( 'NONE', ( #555, #3599, #2863, #3495 ) ) ;
#3846 = CARTESIAN_POINT ( 'NONE',  ( -29.49999999999999645, 0.000000000000000000, 0.5000000000000000000 ) ) ;
#3847 = PERSON_AND_ORGANIZATION ( #1854, #3122 ) ;
#3848 = ORIENTED_EDGE ( 'NONE', *, *, #2190, .F. ) ;
#3849 = VECTOR ( 'NONE', #1420, 1000.000000000000000 ) ;
#3850 = CARTESIAN_POINT ( 'NONE',  ( -20.57704469101289391, 21.85243048746089300, 0.08740734345540134009 ) ) ;
#3851 = DATE_AND_TIME ( #1724, #2295 ) ;
#3852 = ORIENTED_EDGE ( 'NONE', *, *, #1692, .T. ) ;
#3853 = EDGE_CURVE ( 'NONE', #3745, #983, #2058, .T. ) ;
#3854 = CARTESIAN_POINT ( 'NONE',  ( 25.75974420014456356, 12.78902834728792826, 3.474257949561379455 ) ) ;
#3855 = ORIENTED_EDGE ( 'NONE', *, *, #3560, .F. ) ;
#3856 = CARTESIAN_POINT ( 'NONE',  ( -27.50000000000000355, 13.19090595827293022, 0.000000000000000000 ) ) ;
#3857 = VERTEX_POINT ( 'NONE', #1422 ) ;
#3858 = CARTESIAN_POINT ( 'NONE',  ( 21.04586472312596612, 24.57470406668860008, 0.4631509291654668514 ) ) ;
#3859 = ADVANCED_FACE ( 'NONE', ( #259 ), #1138, .T. ) ;
#3860 = ORIENTED_EDGE ( 'NONE', *, *, #1817, .T. ) ;
#3861 = PLANE ( 'NONE',  #677 ) ;
#3862 = CARTESIAN_POINT ( 'NONE',  ( -29.49999999999999645, 11.04536101718728780, 5.000000000000000000 ) ) ;
#3863 = VERTEX_POINT ( 'NONE', #480 ) ;
#3864 = CARTESIAN_POINT ( 'NONE',  ( -20.44258744887288870, -24.74999999999999645, 0.5323496228573995070 ) ) ;
#3865 = DIRECTION ( 'NONE',  ( -0.000000000000000000, 0.000000000000000000, 1.000000000000000000 ) ) ;
#3866 = CIRCLE ( 'NONE', #572, 31.50000000000000000 ) ;
#3867 = AXIS2_PLACEMENT_3D ( 'NONE', #1379, #1698, #1720 ) ;
#3868 = CARTESIAN_POINT ( 'NONE',  ( -20.46007229916204651, -21.24085378148410541, 2.643684733104489482 ) ) ;
#3869 = DIRECTION ( 'NONE',  ( 0.000000000000000000, -1.000000000000000000, 0.000000000000000000 ) ) ;
#3870 = TOROIDAL_SURFACE ( 'NONE', #386, 8.500000000000000000, 1.000000000000000000 ) ;
#3871 = CARTESIAN_POINT ( 'NONE',  ( 0.000000000000000000, 1.040834085586084257E-14, 1.000000000000000000 ) ) ;
#3872 = AXIS2_PLACEMENT_3D ( 'NONE', #1567, #1584, #662 ) ;
#3873 = CIRCLE ( 'NONE', #2821, 54.00000000000000000 ) ;
#3874 = CARTESIAN_POINT ( 'NONE',  ( 0.000000000000000000, 1.040834085586084257E-14, 4.000000000000000000 ) ) ;
#3875 = CARTESIAN_POINT ( 'NONE',  ( 30.00000000000000355, -12.39959676763722918, 1.000000000000000000 ) ) ;
#3876 = CARTESIAN_POINT ( 'NONE',  ( 20.84340909810900300, -24.74999999999998579, 0.8319433641883074992 ) ) ;
#3877 = ADVANCED_FACE ( 'NONE', ( #3023 ), #3460, .F. ) ;
#3878 = CIRCLE ( 'NONE', #2182, 0.5000000000000004441 ) ;
#3879 = EDGE_CURVE ( 'NONE', #789, #3942, #1931, .T. ) ;
#3880 = DIRECTION ( 'NONE',  ( -1.000000000000000000, 0.000000000000000000, 0.000000000000000000 ) ) ;
#3881 = FACE_OUTER_BOUND ( 'NONE', #456, .T. ) ;
#3882 = CARTESIAN_POINT ( 'NONE',  ( -21.20535255374715078, -24.62890625000000355, 5.000000000000000000 ) ) ;
#3883 = DIRECTION ( 'NONE',  ( -0.000000000000000000, 0.000000000000000000, 1.000000000000000000 ) ) ;
#3884 = VECTOR ( 'NONE', #1195, 1000.000000000000000 ) ;
#3885 = ORIENTED_EDGE ( 'NONE', *, *, #1893, .F. ) ;
#3886 = CARTESIAN_POINT ( 'NONE',  ( 0.000000000000000000, 1.040834085586084257E-14, 4.000000000000000000 ) ) ;
#3887 = ORIENTED_EDGE ( 'NONE', *, *, #2754, .F. ) ;
#3888 = DIRECTION ( 'NONE',  ( -0.000000000000000000, -0.000000000000000000, -1.000000000000000000 ) ) ;
#3889 = DIRECTION ( 'NONE',  ( 1.224646799147353207E-16, 1.000000000000000000, 0.000000000000000000 ) ) ;
#3890 = ORIENTED_EDGE ( 'NONE', *, *, #530, .F. ) ;
#3891 = CC_DESIGN_PERSON_AND_ORGANIZATION_ASSIGNMENT ( #2114, #1579, ( #776 ) ) ;
#3892 = VECTOR ( 'NONE', #1755, 1000.000000000000000 ) ;
#3893 = AXIS2_PLACEMENT_3D ( 'NONE', #4012, #2707, #3955 ) ;
#3894 = EDGE_LOOP ( 'NONE', ( #297, #2299, #1911, #3716 ) ) ;
#3895 = APPROVAL_DATE_TIME ( #2962, #3447 ) ;
#3896 = CARTESIAN_POINT ( 'NONE',  ( 29.54890024989252950, -11.21258239209859831, -8.131516293641242579E-17 ) ) ;
#3897 = ORIENTED_EDGE ( 'NONE', *, *, #292, .T. ) ;
#3898 = CARTESIAN_POINT ( 'NONE',  ( -29.66899786498817448, 11.61922076216116650, 4.936645830447043970 ) ) ;
#3899 = TOROIDAL_SURFACE ( 'NONE', #129, 30.50000000000000355, 1.000000000000000000 ) ;
#3900 = DIRECTION ( 'NONE',  ( 0.000000000000000000, 0.000000000000000000, -1.000000000000000000 ) ) ;
#3901 = ADVANCED_FACE ( 'NONE', ( #2869 ), #1573, .T. ) ;
#3902 = DIRECTION ( 'NONE',  ( -0.000000000000000000, 0.000000000000000000, 1.000000000000000000 ) ) ;
#3903 = CARTESIAN_POINT ( 'NONE',  ( 26.50000000000000711, 12.96148139681572076, 1.000000000000000000 ) ) ;
#3904 = VERTEX_POINT ( 'NONE', #3856 ) ;
#3905 = DIRECTION ( 'NONE',  ( 0.000000000000000000, -0.000000000000000000, -1.000000000000000000 ) ) ;
#3906 = ORIENTED_EDGE ( 'NONE', *, *, #872, .F. ) ;
#3907 = EDGE_CURVE ( 'NONE', #3073, #595, #304, .T. ) ;
#3908 = CARTESIAN_POINT ( 'NONE',  ( 0.000000000000000000, 0.000000000000000000, 0.000000000000000000 ) ) ;
#3909 = CARTESIAN_POINT ( 'NONE',  ( -2.249999999999993783, 2.755455298081537382E-16, 0.000000000000000000 ) ) ;
#3910 = EDGE_LOOP ( 'NONE', ( #1131, #2060, #4002, #3952 ) ) ;
#3911 = CARTESIAN_POINT ( 'NONE',  ( 0.000000000000000000, 1.040834085586084257E-14, 4.000000000000000000 ) ) ;
#3912 = CARTESIAN_POINT ( 'NONE',  ( 20.46007228261543887, 21.24085369649727539, 2.643685400794997253 ) ) ;
#3913 = EDGE_CURVE ( 'NONE', #3807, #1523, #2628, .T. ) ;
#3914 = ORIENTED_EDGE ( 'NONE', *, *, #240, .F. ) ;
#3915 = CARTESIAN_POINT ( 'NONE',  ( 25.50000000000000355, -12.72792206135783744, 3.500000000000000000 ) ) ;
#3916 = DIRECTION ( 'NONE',  ( 1.000000000000000000, 0.000000000000000000, 0.000000000000000000 ) ) ;
#3917 = CARTESIAN_POINT ( 'NONE',  ( 7.500000000000000000, 9.184850993605147944E-16, 0.000000000000000000 ) ) ;
#3918 = CARTESIAN_POINT ( 'NONE',  ( 26.27391868357608828, -6.766839492108383425, 3.149276883475559785 ) ) ;
#3919 = DIRECTION ( 'NONE',  ( 7.008983741320432232E-17, 1.000000000000000000, 0.000000000000000000 ) ) ;
#3920 = CARTESIAN_POINT ( 'NONE',  ( -20.34157924866666889, 24.33260550760635965, 0.01713069263511208737 ) ) ;
#3921 = FACE_OUTER_BOUND ( 'NONE', #956, .T. ) ;
#3922 = ADVANCED_FACE ( 'NONE', ( #1830 ), #1780, .T. ) ;
#3923 = AXIS2_PLACEMENT_3D ( 'NONE', #3298, #2423, #883 ) ;
#3924 = CARTESIAN_POINT ( 'NONE',  ( -29.99999999999999289, -11.04536101718726293, 5.000000000000000888 ) ) ;
#3925 = CARTESIAN_POINT ( 'NONE',  ( -29.49999999999999645, -11.04536101718726826, 0.5000000000000000000 ) ) ;
#3926 = DIRECTION ( 'NONE',  ( -1.000000000000000000, 0.000000000000000000, -0.000000000000000000 ) ) ;
#3927 = FACE_OUTER_BOUND ( 'NONE', #3257, .T. ) ;
#3928 = CARTESIAN_POINT ( 'NONE',  ( 20.33154842082672076, -24.74999999999999289, 0.08836505546408246481 ) ) ;
#3929 = DIRECTION ( 'NONE',  ( 1.000000000000000000, 0.000000000000000000, 0.000000000000000000 ) ) ;
#3930 = CARTESIAN_POINT ( 'NONE',  ( 20.00000000000000000, 0.000000000000000000, 3.500000000000000000 ) ) ;
#3931 = DIRECTION ( 'NONE',  ( 1.000000000000000000, 0.000000000000000000, -0.000000000000000000 ) ) ;
#3932 = DIRECTION ( 'NONE',  ( 0.000000000000000000, 0.000000000000000000, -1.000000000000000000 ) ) ;
#3933 = CARTESIAN_POINT ( 'NONE',  ( 21.06470841555283258, 24.75000000000001066, 4.133310124802754615 ) ) ;
#3934 = CARTESIAN_POINT ( 'NONE',  ( -21.06470841555314166, 24.75000000000000355, 0.8666898751972295090 ) ) ;
#3935 = EDGE_CURVE ( 'NONE', #1569, #2980, #2791, .T. ) ;
#3936 = FACE_OUTER_BOUND ( 'NONE', #3496, .T. ) ;
#3937 = CARTESIAN_POINT ( 'NONE',  ( -29.99999999999999645, -11.92994097881553373, 4.387554596388427264 ) ) ;
#3938 = CARTESIAN_POINT ( 'NONE',  ( -20.66752296725818283, 24.75000000000001066, 4.350136635311640632 ) ) ;
#3939 = CARTESIAN_POINT ( 'NONE',  ( -29.99999999999999645, 11.04536101718727537, 4.500000000000000888 ) ) ;
#3940 = TOROIDAL_SURFACE ( 'NONE', #1513, 4.414213562373094035, 1.000000000000000000 ) ;
#3941 = ADVANCED_FACE ( 'NONE', ( #1235 ), #551, .F. ) ;
#3942 = VERTEX_POINT ( 'NONE', #3321 ) ;
#3943 = ORIENTED_EDGE ( 'NONE', *, *, #3879, .F. ) ;
#3944 = CARTESIAN_POINT ( 'NONE',  ( 30.00000000000000355, -11.04536101718724339, 4.500000000000000888 ) ) ;
#3945 = VERTEX_POINT ( 'NONE', #2374 ) ;
#3946 = EDGE_LOOP ( 'NONE', ( #149, #2630, #3943, #396 ) ) ;
#3947 = ORIENTED_EDGE ( 'NONE', *, *, #1005, .T. ) ;
#3948 = DIRECTION ( 'NONE',  ( -0.000000000000000000, 0.000000000000000000, 1.000000000000000000 ) ) ;
#3949 = FACE_OUTER_BOUND ( 'NONE', #1329, .T. ) ;
#3950 = CARTESIAN_POINT ( 'NONE',  ( -20.90205330775915371, 24.52565374340981563, 0.2993070274388591190 ) ) ;
#3951 = AXIS2_PLACEMENT_3D ( 'NONE', #1633, #1659, #2831 ) ;
#3952 = ORIENTED_EDGE ( 'NONE', *, *, #1339, .F. ) ;
#3953 = CARTESIAN_POINT ( 'NONE',  ( -29.66890619505565141, -11.61891398936584707, 4.936763896880952629 ) ) ;
#3954 = CARTESIAN_POINT ( 'NONE',  ( 2.804469619495837479E-15, -24.24999999999999289, 4.500000000000000888 ) ) ;
#3955 = DIRECTION ( 'NONE',  ( 0.000000000000000000, 0.000000000000000000, -1.000000000000000000 ) ) ;
#3956 = EDGE_LOOP ( 'NONE', ( #2726, #3717, #513, #3405 ) ) ;
#3957 = CARTESIAN_POINT ( 'NONE',  ( 29.96093750000000355, 12.59334046713157917, 4.088115182347675791 ) ) ;
#3958 = AXIS2_PLACEMENT_3D ( 'NONE', #363, #69, #2245 ) ;
#3959 = CARTESIAN_POINT ( 'NONE',  ( 21.20535255374715433, -24.62890624999999289, 1.000000000000000000 ) ) ;
#3960 = CARTESIAN_POINT ( 'NONE',  ( 30.00000000000000711, -11.32443954464419811, 0.08413504792055241654 ) ) ;
#3961 = ORIENTED_EDGE ( 'NONE', *, *, #580, .F. ) ;
#3962 = CARTESIAN_POINT ( 'NONE',  ( 26.50000000000000711, 0.000000000000000000, 3.500000000000000000 ) ) ;
#3963 = CARTESIAN_POINT ( 'NONE',  ( 26.50000000000000711, 6.224949798994359185, 2.500000000000000000 ) ) ;
#3964 = VERTEX_POINT ( 'NONE', #3622 ) ;
#3965 = EDGE_CURVE ( 'NONE', #3697, #1914, #3138, .T. ) ;
#3966 = DIRECTION ( 'NONE',  ( -0.000000000000000000, 0.000000000000000000, 1.000000000000000000 ) ) ;
#3967 = CARTESIAN_POINT ( 'NONE',  ( 20.43604334551399404, 24.75000000000001421, 4.455926535532776178 ) ) ;
#3968 = ADVANCED_FACE ( 'NONE', ( #1039 ), #2194, .T. ) ;
#3969 = ORIENTED_EDGE ( 'NONE', *, *, #3201, .F. ) ;
#3970 = CARTESIAN_POINT ( 'NONE',  ( -29.99999999999999289, -11.59843316265532209, 4.817797994209283452 ) ) ;
#3971 = CARTESIAN_POINT ( 'NONE',  ( 20.87911636061258491, 24.75000000000001066, 1.000000000000000000 ) ) ;
#3972 = EDGE_CURVE ( 'NONE', #1627, #2600, #2238, .T. ) ;
#3973 = FACE_OUTER_BOUND ( 'NONE', #3618, .T. ) ;
#3974 = CARTESIAN_POINT ( 'NONE',  ( -20.00000000000000000, 0.000000000000000000, 2.500000000000000000 ) ) ;
#3975 = CARTESIAN_POINT ( 'NONE',  ( 29.91742665751057118, -12.44923581874930463, 0.5614859318666717281 ) ) ;
#3976 = CARTESIAN_POINT ( 'NONE',  ( -20.18921767735012907, 24.75000000000000711, 0.5000000000000000000 ) ) ;
#3977 = AXIS2_PLACEMENT_3D ( 'NONE', #686, #85, #671 ) ;
#3978 = DIRECTION ( 'NONE',  ( -0.000000000000000000, -0.000000000000000000, 1.000000000000000000 ) ) ;
#3979 = FACE_OUTER_BOUND ( 'NONE', #3359, .T. ) ;
#3980 = LINE ( 'NONE', #1399, #3233 ) ;
#3981 = AXIS2_PLACEMENT_3D ( 'NONE', #915, #3092, #2808 ) ;
#3982 = CYLINDRICAL_SURFACE ( 'NONE', #4008, 0.5000000000000004441 ) ;
#3983 = CARTESIAN_POINT ( 'NONE',  ( -29.96093749999999645, 12.59334046713160049, 4.175768919598786155 ) ) ;
#3984 = CARTESIAN_POINT ( 'NONE',  ( 21.04608017008977683, 24.57477749643855702, 4.536621461863296290 ) ) ;
#3985 = CARTESIAN_POINT ( 'NONE',  ( 30.00000000000000355, -11.32434344573229623, 4.915885940951746136 ) ) ;
#3986 = ADVANCED_FACE ( 'NONE', ( #158 ), #3457, .T. ) ;
#3987 = EDGE_CURVE ( 'NONE', #1523, #3807, #62, .T. ) ;
#3988 = CARTESIAN_POINT ( 'NONE',  ( -21.20535246290468834, 24.62890632821487102, 4.171943319871494360 ) ) ;
#3989 = CARTESIAN_POINT ( 'NONE',  ( 26.18848871306095205, 6.960297238298286615, 3.234082992058354478 ) ) ;
#3990 = CIRCLE ( 'NONE', #3044, 30.50000000000000355 ) ;
#3991 = DIRECTION ( 'NONE',  ( -0.000000000000000000, 0.000000000000000000, 1.000000000000000000 ) ) ;
#3992 = ORIENTED_EDGE ( 'NONE', *, *, #1005, .F. ) ;
#3993 = ORIENTED_EDGE ( 'NONE', *, *, #2037, .T. ) ;
#3994 = EDGE_CURVE ( 'NONE', #3017, #759, #3504, .T. ) ;
#3995 = CARTESIAN_POINT ( 'NONE',  ( -25.50000000000000355, 12.72792206135786763, 3.500000000000000000 ) ) ;
#3996 = DIRECTION ( 'NONE',  ( 1.156482317317873944E-16, -1.000000000000000000, 0.000000000000000000 ) ) ;
#3997 = CLOSED_SHELL ( 'NONE', ( #2161, #2910, #3525, #3326, #3280, #1238, #133, #1071, #2930, #1857, #1714, #809, #2414, #1451, #1217, #1738, #1093, #1803, #565, #221, #3087, #3635, #3370, #1521, #196, #3563, #2051, #3841, #236, #3696, #1354, #523, #1175, #895, #2290, #2997, #2349, #2469, #3387, #1410, #3043, #2594, #290, #3682, #876, #4007, #151, #1544, #2948, #1498, #2095, #2612, #3941, #3612, #1699, #2451, #2072, #462, #2432, #914, #1160, #3877, #3301, #2693, #3239, #119, #1779, #2031, #277, #3204, #2731, #4026, #3986, #1390, #3968, #1053, #2891, #1114, #2143, #3859, #1844, #2709, #2750, #1479, #857, #1675, #537, #1201, #178, #3658, #828, #2331, #3344, #2372, #3901, #3586, #2974, #2768, #3022, #2120, #3922, #3062, #258, #3261, #585, #3224, #3718, #2392, #482, #1820, #608 ) ) ;
#3998 = CARTESIAN_POINT ( 'NONE',  ( 26.54448323470714044, 6.113328730587679338, 0.6965572120887152385 ) ) ;
#3999 = VERTEX_POINT ( 'NONE', #587 ) ;
#4000 = CARTESIAN_POINT ( 'NONE',  ( 2.249999999999993783, 0.000000000000000000, 0.000000000000000000 ) ) ;
#4001 = CALENDAR_DATE ( 2025, 16, 6 ) ;
#4002 = ORIENTED_EDGE ( 'NONE', *, *, #1025, .F. ) ;
#4003 = B_SPLINE_CURVE_WITH_KNOTS ( 'NONE', 3,
 ( #1150, #2083, #1840, #3938, #3366, #1509, #2403, #1192 ),
 .UNSPECIFIED., .F., .F.,
 ( 4, 2, 2, 4 ),
 ( 3.469446951953614189E-18, 0.0005048801562426467274, 0.0007573202343639690070, 0.001009760312485291286 ),
 .UNSPECIFIED. ) ;
#4004 = CARTESIAN_POINT ( 'NONE',  ( 20.47049967723540576, -21.29437998288626233, 0.7179747771828525194 ) ) ;
#4005 = ORIENTED_EDGE ( 'NONE', *, *, #3354, .F. ) ;
#4006 = DIRECTION ( 'NONE',  ( 0.000000000000000000, 0.000000000000000000, -1.000000000000000000 ) ) ;
#4007 = ADVANCED_FACE ( 'NONE', ( #3757 ), #849, .T. ) ;
#4008 = AXIS2_PLACEMENT_3D ( 'NONE', #2461, #3129, #3422 ) ;
#4009 = ORIENTED_EDGE ( 'NONE', *, *, #1599, .T. ) ;
#4010 = CARTESIAN_POINT ( 'NONE',  ( 21.06389090362936756, -24.74999999999998934, 0.5000000000000000000 ) ) ;
#4011 = CARTESIAN_POINT ( 'NONE',  ( 20.10441493801797108, 24.75000000000001066, 0.4999999999999876765 ) ) ;
#4012 = CARTESIAN_POINT ( 'NONE',  ( 25.50000000000000355, 0.000000000000000000, 2.500000000000000000 ) ) ;
#4013 = ORIENTED_EDGE ( 'NONE', *, *, #2371, .F. ) ;
#4014 = CARTESIAN_POINT ( 'NONE',  ( -26.94573757814620762, 4.995495139462923007, 0.1652783187982393154 ) ) ;
#4015 = AXIS2_PLACEMENT_3D ( 'NONE', #3203, #3446, #2263 ) ;
#4016 = CARTESIAN_POINT ( 'NONE',  ( -20.23927802165188794, 24.29708415327219129, 5.000000000000000000 ) ) ;
#4017 = ORIENTED_EDGE ( 'NONE', *, *, #1768, .T. ) ;
#4018 = CARTESIAN_POINT ( 'NONE',  ( -21.06470832816883743, 24.75000000000060751, 4.134669475029320473 ) ) ;
#4019 = DIRECTION ( 'NONE',  ( 0.000000000000000000, 1.000000000000000000, 0.000000000000000000 ) ) ;
#4020 = VECTOR ( 'NONE', #376, 1000.000000000000000 ) ;
#4021 = CARTESIAN_POINT ( 'NONE',  ( -20.43776190449462504, -24.74999999999999645, 4.455426912569434350 ) ) ;
#4022 = DIRECTION ( 'NONE',  ( -1.000000000000000000, 7.008983741320432232E-17, 0.000000000000000000 ) ) ;
#4023 = CARTESIAN_POINT ( 'NONE',  ( 27.50000000000000711, 0.000000000000000000, 1.000000000000000000 ) ) ;
#4024 = CARTESIAN_POINT ( 'NONE',  ( -29.99999999999999289, -11.18347951703791132, 0.04038973466768231574 ) ) ;
#4025 = CARTESIAN_POINT ( 'NONE',  ( 29.58436075936678478, -11.33298482962999110, 4.988116907593997951 ) ) ;
#4026 = ADVANCED_FACE ( 'NONE', ( #406 ), #3605, .F. ) ;
#4027 = CARTESIAN_POINT ( 'NONE',  ( 20.62970966118107441, -22.13753814633154349, 2.032879073410320814E-17 ) ) ;
#4028 = AXIS2_PLACEMENT_3D ( 'NONE', #3077, #885, #2127 ) ;
ENDSEC;
END-ISO-10303-21;
