ISO-10303-21;
HEADER;
FILE_DESCRIPTION (( 'STEP AP214' ),
    '1' );
FILE_NAME ('小空间标定杆（L杆）.STEP',
    '2025-09-03T02:23:45',
    ( 'Windows 用户' ),
    ( '' ),
    'SwSTEP 2.0',
    'SolidWorks 2024',
    '' );
FILE_SCHEMA (( 'AUTOMOTIVE_DESIGN' ));
ENDSEC;

DATA;
#1 = CIRCLE ( 'NONE', #103, 2.099999999999997868 ) ;
#2 = CARTESIAN_POINT ( 'NONE',  ( 37.50000000000002132, 80.00000000000000000, 3.500000000000000000 ) ) ;
#3 = VECTOR ( 'NONE', #307, 1000.000000000000000 ) ;
#4 = LINE ( 'NONE', #845, #994 ) ;
#5 = CYLINDRICAL_SURFACE ( 'NONE', #819, 4.000000000000000888 ) ;
#6 = EDGE_CURVE ( 'NONE', #1405, #1311, #394, .T. ) ;
#7 = CARTESIAN_POINT ( 'NONE',  ( 51.46446609406724804, 89.95689014324243260, 3.500000000000000000 ) ) ;
#8 = ORIENTED_EDGE ( 'NONE', *, *, #1072, .T. ) ;
#9 = VERTEX_POINT ( 'NONE', #96 ) ;
#10 = EDGE_CURVE ( 'NONE', #517, #1244, #1095, .T. ) ;
#11 = CARTESIAN_POINT ( 'NONE',  ( 208.3499999999999659, 10.00000000000000888, 3.500000000000000000 ) ) ;
#12 = DIRECTION ( 'NONE',  ( -0.000000000000000000, -0.000000000000000000, 1.000000000000000000 ) ) ;
#13 = DIRECTION ( 'NONE',  ( -0.000000000000000000, -0.000000000000000000, 1.000000000000000000 ) ) ;
#14 = EDGE_CURVE ( 'NONE', #933, #1400, #835, .T. ) ;
#15 = ORIENTED_EDGE ( 'NONE', *, *, #972, .F. ) ;
#16 = LINE ( 'NONE', #990, #1347 ) ;
#17 = DIRECTION ( 'NONE',  ( 1.000000000000000000, 0.000000000000000000, 0.000000000000000000 ) ) ;
#18 = DIRECTION ( 'NONE',  ( -1.000000000000000000, 0.000000000000000000, 0.000000000000000000 ) ) ;
#19 = VERTEX_POINT ( 'NONE', #592 ) ;
#20 = DIRECTION ( 'NONE',  ( -0.000000000000000000, -0.000000000000000000, 1.000000000000000000 ) ) ;
#21 = AXIS2_PLACEMENT_3D ( 'NONE', #646, #1370, #22 ) ;
#22 = DIRECTION ( 'NONE',  ( -1.000000000000000000, 0.000000000000000000, 0.000000000000000000 ) ) ;
#23 = EDGE_CURVE ( 'NONE', #262, #1042, #1088, .T. ) ;
#24 = CARTESIAN_POINT ( 'NONE',  ( 37.90000000000001279, 145.3589838486221595, -3.500000000000000000 ) ) ;
#25 = ORIENTED_EDGE ( 'NONE', *, *, #162, .T. ) ;
#26 = LINE ( 'NONE', #1162, #1362 ) ;
#27 = ADVANCED_FACE ( 'NONE', ( #598 ), #1191, .F. ) ;
#28 = CARTESIAN_POINT ( 'NONE',  ( 93.49242404917474403, 55.00000000000003553, 3.500000000000000000 ) ) ;
#29 = DIRECTION ( 'NONE',  ( 1.000000000000000000, 0.000000000000000000, 0.000000000000000000 ) ) ;
#30 = ORIENTED_EDGE ( 'NONE', *, *, #874, .T. ) ;
#31 = DIRECTION ( 'NONE',  ( -1.000000000000000000, 0.000000000000000000, -0.000000000000000000 ) ) ;
#32 = CIRCLE ( 'NONE', #814, 4.000000000000003553 ) ;
#33 = DIRECTION ( 'NONE',  ( -0.8660254037844397068, -0.4999999999999980571, 0.000000000000000000 ) ) ;
#34 = VECTOR ( 'NONE', #1394, 1000.000000000000000 ) ;
#35 = ORIENTED_EDGE ( 'NONE', *, *, #864, .T. ) ;
#36 = CARTESIAN_POINT ( 'NONE',  ( 192.5000000000000000, 25.00000000000001776, -3.500000000000000000 ) ) ;
#37 = VERTEX_POINT ( 'NONE', #1212 ) ;
#38 = ORIENTED_EDGE ( 'NONE', *, *, #858, .T. ) ;
#39 = EDGE_CURVE ( 'NONE', #445, #654, #129, .T. ) ;
#40 = ORIENTED_EDGE ( 'NONE', *, *, #1441, .F. ) ;
#41 = VECTOR ( 'NONE', #1410, 1000.000000000000000 ) ;
#42 = PLANE ( 'NONE',  #297 ) ;
#43 = EDGE_LOOP ( 'NONE', ( #131, #304 ) ) ;
#44 = VECTOR ( 'NONE', #1423, 1000.000000000000000 ) ;
#45 = DIRECTION ( 'NONE',  ( 1.000000000000000000, 0.000000000000000000, 0.000000000000000000 ) ) ;
#46 = PRODUCT_DEFINITION_FORMATION_WITH_SPECIFIED_SOURCE ( '浠', '', #1488, .NOT_KNOWN. ) ;
#47 = ADVANCED_FACE ( 'NONE', ( #361, #1456 ), #980, .T. ) ;
#48 = ORIENTED_EDGE ( 'NONE', *, *, #729, .F. ) ;
#49 = EDGE_LOOP ( 'NONE', ( #472, #568, #1472, #1379 ) ) ;
#50 = EDGE_CURVE ( 'NONE', #566, #755, #1242, .T. ) ;
#51 = DIRECTION ( 'NONE',  ( 1.000000000000000000, 0.000000000000000000, 0.000000000000000000 ) ) ;
#52 = EDGE_LOOP ( 'NONE', ( #652, #1367, #1128, #400 ) ) ;
#53 = DIRECTION ( 'NONE',  ( -0.000000000000000000, -0.000000000000000000, 1.000000000000000000 ) ) ;
#54 = CARTESIAN_POINT ( 'NONE',  ( 180.0000000000000000, 12.50000000000002309, -3.500000000000000000 ) ) ;
#55 = VERTEX_POINT ( 'NONE', #1316 ) ;
#56 = ORIENTED_EDGE ( 'NONE', *, *, #1192, .F. ) ;
#57 = CARTESIAN_POINT ( 'NONE',  ( 210.0000000000000000, 10.00000000000000888, 3.500000000000000000 ) ) ;
#58 = VERTEX_POINT ( 'NONE', #1564 ) ;
#59 = VECTOR ( 'NONE', #155, 1000.000000000000000 ) ;
#60 = VECTOR ( 'NONE', #1442, 1000.000000000000000 ) ;
#61 = CARTESIAN_POINT ( 'NONE',  ( 50.00000000000000711, 91.42135623730968064, -3.500000000000000000 ) ) ;
#62 = DIRECTION ( 'NONE',  ( -1.000000000000000000, 0.000000000000000000, 0.000000000000000000 ) ) ;
#63 = ORIENTED_EDGE ( 'NONE', *, *, #10, .T. ) ;
#64 = LINE ( 'NONE', #1183, #59 ) ;
#65 = ORIENTED_EDGE ( 'NONE', *, *, #702, .T. ) ;
#66 = ORIENTED_EDGE ( 'NONE', *, *, #125, .T. ) ;
#67 = FACE_OUTER_BOUND ( 'NONE', #225, .T. ) ;
#68 = EDGE_CURVE ( 'NONE', #1244, #1132, #605, .T. ) ;
#69 = ORIENTED_EDGE ( 'NONE', *, *, #1542, .T. ) ;
#70 = FACE_OUTER_BOUND ( 'NONE', #927, .T. ) ;
#71 = AXIS2_PLACEMENT_3D ( 'NONE', #1445, #348, #749 ) ;
#72 = CARTESIAN_POINT ( 'NONE',  ( 0.000000000000000000, 0.000000000000000000, 3.500000000000000000 ) ) ;
#73 = CIRCLE ( 'NONE', #715, 12.50000000000001066 ) ;
#74 = EDGE_CURVE ( 'NONE', #884, #1559, #606, .T. ) ;
#75 = DIRECTION ( 'NONE',  ( 0.000000000000000000, 0.000000000000000000, 1.000000000000000000 ) ) ;
#76 = VERTEX_POINT ( 'NONE', #710 ) ;
#77 = FACE_OUTER_BOUND ( 'NONE', #409, .T. ) ;
#78 = VECTOR ( 'NONE', #1025, 1000.000000000000227 ) ;
#79 = VERTEX_POINT ( 'NONE', #1206 ) ;
#80 = DIRECTION ( 'NONE',  ( 1.000000000000000000, 0.000000000000000000, 0.000000000000000000 ) ) ;
#81 = VERTEX_POINT ( 'NONE', #950 ) ;
#82 = CARTESIAN_POINT ( 'NONE',  ( 0.000000000000000000, 0.000000000000000000, 3.500000000000000000 ) ) ;
#83 = ADVANCED_FACE ( 'NONE', ( #480 ), #216, .T. ) ;
#84 = CARTESIAN_POINT ( 'NONE',  ( 5.999999999999999112, 10.00000000000000000, -1.000000000000000000 ) ) ;
#85 = CARTESIAN_POINT ( 'NONE',  ( 214.0000000000000000, 10.00000000000000888, -1.000000000000000000 ) ) ;
#86 = DIRECTION ( 'NONE',  ( -0.000000000000000000, -0.000000000000000000, 1.000000000000000000 ) ) ;
#87 = ORIENTED_EDGE ( 'NONE', *, *, #1009, .F. ) ;
#88 = DIRECTION ( 'NONE',  ( 0.000000000000000000, 0.000000000000000000, 1.000000000000000000 ) ) ;
#89 = FACE_OUTER_BOUND ( 'NONE', #121, .T. ) ;
#90 = DIRECTION ( 'NONE',  ( 1.000000000000000000, 0.000000000000000000, 0.000000000000000000 ) ) ;
#91 = DIRECTION ( 'NONE',  ( -0.7071067811865511255, -0.7071067811865440200, 0.000000000000000000 ) ) ;
#92 = AXIS2_PLACEMENT_3D ( 'NONE', #351, #939, #1092 ) ;
#93 = CIRCLE ( 'NONE', #880, 1.649999999999998579 ) ;
#94 = DIRECTION ( 'NONE',  ( 1.000000000000000000, 0.000000000000000000, 0.000000000000000000 ) ) ;
#95 = ORIENTED_EDGE ( 'NONE', *, *, #552, .F. ) ;
#96 = CARTESIAN_POINT ( 'NONE',  ( 0.000000000000000000, 171.3397459621555186, 3.500000000000000000 ) ) ;
#97 = ADVANCED_FACE ( 'NONE', ( #1077 ), #847, .F. ) ;
#98 = LINE ( 'NONE', #1045, #203 ) ;
#99 = DIRECTION ( 'NONE',  ( -0.7071067811865440200, 0.7071067811865511255, -0.000000000000000000 ) ) ;
#100 = DIRECTION ( 'NONE',  ( 1.000000000000000000, 1.908195823574488297E-16, 0.000000000000000000 ) ) ;
#101 = AXIS2_PLACEMENT_3D ( 'NONE', #708, #1315, #221 ) ;
#102 = DIRECTION ( 'NONE',  ( -1.000000000000000000, 0.000000000000000000, 0.000000000000000000 ) ) ;
#103 = AXIS2_PLACEMENT_3D ( 'NONE', #1326, #227, #829 ) ;
#104 = ADVANCED_FACE ( 'NONE', ( #973 ), #1449, .F. ) ;
#105 = EDGE_LOOP ( 'NONE', ( #1024, #321, #531, #808 ) ) ;
#106 = AXIS2_PLACEMENT_3D ( 'NONE', #1063, #1029, #330 ) ;
#107 = EDGE_CURVE ( 'NONE', #925, #299, #1386, .T. ) ;
#108 = CARTESIAN_POINT ( 'NONE',  ( 80.00000000000000000, 12.50000000000000355, -3.500000000000000000 ) ) ;
#109 = FACE_BOUND ( 'NONE', #711, .T. ) ;
#110 = DIRECTION ( 'NONE',  ( -0.000000000000000000, -0.000000000000000000, 1.000000000000000000 ) ) ;
#111 = DIRECTION ( 'NONE',  ( -1.000000000000000000, 0.000000000000000000, -0.000000000000000000 ) ) ;
#112 = ORIENTED_EDGE ( 'NONE', *, *, #838, .T. ) ;
#113 = CARTESIAN_POINT ( 'NONE',  ( 25.00000000000000000, 130.0000000000000000, -3.500000000000000000 ) ) ;
#114 = CARTESIAN_POINT ( 'NONE',  ( 8.350000000000001421, 160.0000000000000000, 3.500000000000000000 ) ) ;
#115 = CARTESIAN_POINT ( 'NONE',  ( 0.000000000000000000, 180.0000000000000000, 3.500000000000000000 ) ) ;
#116 = CARTESIAN_POINT ( 'NONE',  ( 210.0000000000000000, 10.00000000000000888, -1.000000000000000444 ) ) ;
#117 = CIRCLE ( 'NONE', #1466, 20.50000000000000355 ) ;
#118 = ORIENTED_EDGE ( 'NONE', *, *, #658, .F. ) ;
#119 = AXIS2_PLACEMENT_3D ( 'NONE', #556, #1399, #31 ) ;
#120 = AXIS2_PLACEMENT_3D ( 'NONE', #240, #1067, #102 ) ;
#121 = EDGE_LOOP ( 'NONE', ( #1568, #1518, #439, #1124 ) ) ;
#122 = ORIENTED_EDGE ( 'NONE', *, *, #1555, .T. ) ;
#123 = CIRCLE ( 'NONE', #809, 12.49999999999999645 ) ;
#124 = DIRECTION ( 'NONE',  ( 1.000000000000000000, 1.387778780781445922E-16, 0.000000000000000000 ) ) ;
#125 = EDGE_CURVE ( 'NONE', #1405, #906, #956, .T. ) ;
#126 = DIRECTION ( 'NONE',  ( -1.000000000000000000, 0.000000000000000000, 0.000000000000000000 ) ) ;
#127 = FACE_OUTER_BOUND ( 'NONE', #198, .T. ) ;
#128 = EDGE_CURVE ( 'NONE', #1237, #773, #840, .T. ) ;
#129 = LINE ( 'NONE', #717, #549 ) ;
#130 = AXIS2_PLACEMENT_3D ( 'NONE', #1187, #844, #1439 ) ;
#131 = ORIENTED_EDGE ( 'NONE', *, *, #981, .T. ) ;
#132 = ORIENTED_EDGE ( 'NONE', *, *, #1501, .T. ) ;
#133 = AXIS2_PLACEMENT_3D ( 'NONE', #389, #33, #758 ) ;
#134 = CARTESIAN_POINT ( 'NONE',  ( 40.00000000000000711, 145.3589838486221595, 3.500000000000000000 ) ) ;
#135 = CIRCLE ( 'NONE', #382, 2.099999999999997868 ) ;
#136 = CARTESIAN_POINT ( 'NONE',  ( 0.000000000000000000, 0.000000000000000000, 3.500000000000000000 ) ) ;
#137 = EDGE_CURVE ( 'NONE', #607, #1002, #314, .T. ) ;
#138 = DIRECTION ( 'NONE',  ( -0.000000000000000000, -0.000000000000000000, 1.000000000000000000 ) ) ;
#139 = ORIENTED_EDGE ( 'NONE', *, *, #508, .T. ) ;
#140 = CARTESIAN_POINT ( 'NONE',  ( 10.00000000000000000, 10.00000000000000000, -1.000000000000000000 ) ) ;
#141 = CARTESIAN_POINT ( 'NONE',  ( 180.0000000000000000, 37.50000000000002132, -3.500000000000000000 ) ) ;
#142 = DIRECTION ( 'NONE',  ( 1.000000000000000000, 0.000000000000000000, 0.000000000000000000 ) ) ;
#143 = ORIENTED_EDGE ( 'NONE', *, *, #864, .F. ) ;
#144 = EDGE_LOOP ( 'NONE', ( #1145, #1096, #456, #1390 ) ) ;
#145 = AXIS2_PLACEMENT_3D ( 'NONE', #1494, #638, #1406 ) ;
#146 = AXIS2_PLACEMENT_3D ( 'NONE', #1551, #833, #704 ) ;
#147 = EDGE_CURVE ( 'NONE', #1017, #410, #650, .T. ) ;
#148 = CARTESIAN_POINT ( 'NONE',  ( 42.10000000000000853, 145.3589838486221595, 3.500000000000000000 ) ) ;
#149 = CARTESIAN_POINT ( 'NONE',  ( 14.00000000000000178, 160.0000000000000000, -1.000000000000000000 ) ) ;
#150 = CARTESIAN_POINT ( 'NONE',  ( 10.00000000000000000, 10.00000000000000000, 3.500000000000000000 ) ) ;
#151 = ORIENTED_EDGE ( 'NONE', *, *, #1018, .T. ) ;
#152 = APPLICATION_CONTEXT ( 'automotive_design' ) ;
#153 = PRESENTATION_LAYER_ASSIGNMENT (  '', '', ( #1165 ) ) ;
#154 = EDGE_CURVE ( 'NONE', #1385, #654, #878, .T. ) ;
#155 = DIRECTION ( 'NONE',  ( -0.000000000000000000, -0.000000000000000000, 1.000000000000000000 ) ) ;
#156 = DIRECTION ( 'NONE',  ( -0.000000000000000000, -0.000000000000000000, -1.000000000000000000 ) ) ;
#157 = DIRECTION ( 'NONE',  ( 0.000000000000000000, 0.000000000000000000, -1.000000000000000000 ) ) ;
#158 = VERTEX_POINT ( 'NONE', #1364 ) ;
#159 = EDGE_LOOP ( 'NONE', ( #561, #791, #800, #151 ) ) ;
#160 = CARTESIAN_POINT ( 'NONE',  ( 27.09999999999999787, 25.00000000000000000, 3.500000000000000000 ) ) ;
#161 = FACE_OUTER_BOUND ( 'NONE', #468, .T. ) ;
#162 = EDGE_CURVE ( 'NONE', #546, #540, #1413, .T. ) ;
#163 = DIRECTION ( 'NONE',  ( -0.000000000000000000, -0.000000000000000000, 1.000000000000000000 ) ) ;
#164 = EDGE_LOOP ( 'NONE', ( #473, #812 ) ) ;
#165 = EDGE_LOOP ( 'NONE', ( #1506, #771 ) ) ;
#166 = VECTOR ( 'NONE', #1007, 1000.000000000000000 ) ;
#167 = DIRECTION ( 'NONE',  ( 1.000000000000000000, 0.000000000000000000, 0.000000000000000000 ) ) ;
#168 = AXIS2_PLACEMENT_3D ( 'NONE', #932, #675, #1172 ) ;
#169 = EDGE_LOOP ( 'NONE', ( #1499, #1359, #302, #25, #30, #1516, #421, #1030, #892, #941, #1415, #1536, #1117 ) ) ;
#170 = ADVANCED_FACE ( 'NONE', ( #1111 ), #1127, .F. ) ;
#171 = DIRECTION ( 'NONE',  ( 0.000000000000000000, 0.000000000000000000, -1.000000000000000000 ) ) ;
#172 = EDGE_CURVE ( 'NONE', #1282, #755, #641, .T. ) ;
#173 = ORIENTED_EDGE ( 'NONE', *, *, #10, .F. ) ;
#174 = VECTOR ( 'NONE', #1321, 1000.000000000000000 ) ;
#175 = DIRECTION ( 'NONE',  ( -0.000000000000000000, -0.000000000000000000, 1.000000000000000000 ) ) ;
#176 = ORIENTED_EDGE ( 'NONE', *, *, #375, .F. ) ;
#177 = AXIS2_PLACEMENT_3D ( 'NONE', #877, #374, #1011 ) ;
#178 = CARTESIAN_POINT ( 'NONE',  ( 14.00000000000000178, 160.0000000000000000, -3.500000000000000000 ) ) ;
#179 = CARTESIAN_POINT ( 'NONE',  ( 50.00000000000000000, 50.00000000000000000, -1.500000000000000000 ) ) ;
#180 = VERTEX_POINT ( 'NONE', #24 ) ;
#181 = EDGE_LOOP ( 'NONE', ( #371, #905, #1174, #1123 ) ) ;
#182 = CARTESIAN_POINT ( 'NONE',  ( 25.00000000000000000, 25.00000000000000000, -3.500000000000000000 ) ) ;
#183 = EDGE_LOOP ( 'NONE', ( #659, #35, #551, #1528 ) ) ;
#184 = CARTESIAN_POINT ( 'NONE',  ( 25.00000000000000000, 25.00000000000000000, 3.500000000000000000 ) ) ;
#185 = LINE ( 'NONE', #672, #728 ) ;
#186 = EDGE_LOOP ( 'NONE', ( #916, #391, #1020, #848 ) ) ;
#187 = DIRECTION ( 'NONE',  ( -0.000000000000000000, -0.000000000000000000, 1.000000000000000000 ) ) ;
#188 = EDGE_LOOP ( 'NONE', ( #1207, #1323 ) ) ;
#189 = DIRECTION ( 'NONE',  ( -0.000000000000000000, -0.000000000000000000, -1.000000000000000000 ) ) ;
#190 = VERTEX_POINT ( 'NONE', #1491 ) ;
#191 = AXIS2_PLACEMENT_3D ( 'NONE', #1255, #268, #1477 ) ;
#192 = CIRCLE ( 'NONE', #651, 12.50000000000001066 ) ;
#193 = LINE ( 'NONE', #1307, #34 ) ;
#194 = DIRECTION ( 'NONE',  ( -0.000000000000000000, -0.000000000000000000, 1.000000000000000000 ) ) ;
#195 = VECTOR ( 'NONE', #1236, 1000.000000000000000 ) ;
#196 = ORIENTED_EDGE ( 'NONE', *, *, #552, .T. ) ;
#197 = CYLINDRICAL_SURFACE ( 'NONE', #450, 4.999999999999997335 ) ;
#198 = EDGE_LOOP ( 'NONE', ( #1374, #1289, #1084, #989 ) ) ;
#199 = EDGE_CURVE ( 'NONE', #1042, #262, #885, .T. ) ;
#200 = CARTESIAN_POINT ( 'NONE',  ( 10.00000000000000000, 10.00000000000000000, -1.000000000000000000 ) ) ;
#201 = ORIENTED_EDGE ( 'NONE', *, *, #277, .F. ) ;
#202 = CARTESIAN_POINT ( 'NONE',  ( 8.350000000000001421, 160.0000000000000000, -1.000000000000000444 ) ) ;
#203 = VECTOR ( 'NONE', #1529, 1000.000000000000000 ) ;
#204 = DIRECTION ( 'NONE',  ( 0.000000000000000000, 0.000000000000000000, -1.000000000000000000 ) ) ;
#205 = VECTOR ( 'NONE', #1115, 1000.000000000000000 ) ;
#206 = FACE_OUTER_BOUND ( 'NONE', #186, .T. ) ;
#207 =( NAMED_UNIT ( * ) SI_UNIT ( $, .STERADIAN. ) SOLID_ANGLE_UNIT ( ) );
#208 = LINE ( 'NONE', #766, #1006 ) ;
#209 = CIRCLE ( 'NONE', #1175, 4.000000000000000888 ) ;
#210 = ORIENTED_EDGE ( 'NONE', *, *, #658, .T. ) ;
#211 = PLANE ( 'NONE',  #1432 ) ;
#212 = CARTESIAN_POINT ( 'NONE',  ( 0.000000000000000000, 171.3397459621555754, 3.500000000000000000 ) ) ;
#213 = CARTESIAN_POINT ( 'NONE',  ( 25.00000000000000000, 130.0000000000000000, 3.500000000000000000 ) ) ;
#214 = CARTESIAN_POINT ( 'NONE',  ( 221.3397459621556607, 0.000000000000000000, 3.500000000000000000 ) ) ;
#215 = EDGE_CURVE ( 'NONE', #190, #884, #261, .T. ) ;
#216 = CYLINDRICAL_SURFACE ( 'NONE', #120, 5.000000000000004441 ) ;
#217 = ORIENTED_EDGE ( 'NONE', *, *, #1215, .T. ) ;
#218 = FACE_OUTER_BOUND ( 'NONE', #1249, .T. ) ;
#219 = CARTESIAN_POINT ( 'NONE',  ( 210.0000000000000000, 10.00000000000000888, -1.000000000000000444 ) ) ;
#220 = EDGE_CURVE ( 'NONE', #557, #1099, #628, .T. ) ;
#221 = DIRECTION ( 'NONE',  ( -1.000000000000000000, 0.000000000000000000, 0.000000000000000000 ) ) ;
#222 =( NAMED_UNIT ( * ) PLANE_ANGLE_UNIT ( ) SI_UNIT ( $, .RADIAN. ) );
#223 = CARTESIAN_POINT ( 'NONE',  ( 25.00000000000000355, 80.00000000000000000, 3.500000000000000000 ) ) ;
#224 = ADVANCED_FACE ( 'NONE', ( #862 ), #752, .F. ) ;
#225 = EDGE_LOOP ( 'NONE', ( #720, #1155, #69, #481 ) ) ;
#226 = DIRECTION ( 'NONE',  ( 1.000000000000000000, 0.000000000000000000, 0.000000000000000000 ) ) ;
#227 = DIRECTION ( 'NONE',  ( -0.000000000000000000, -0.000000000000000000, 1.000000000000000000 ) ) ;
#228 = FACE_OUTER_BOUND ( 'NONE', #1524, .T. ) ;
#229 = CARTESIAN_POINT ( 'NONE',  ( 55.00000000000000711, 93.49242404917514193, 3.500000000000000000 ) ) ;
#230 = ORIENTED_EDGE ( 'NONE', *, *, #832, .F. ) ;
#231 = LINE ( 'NONE', #212, #350 ) ;
#232 = CARTESIAN_POINT ( 'NONE',  ( 0.000000000000000000, 0.000000000000000000, 3.500000000000000000 ) ) ;
#233 = CARTESIAN_POINT ( 'NONE',  ( 50.00000000000000000, 50.00000000000000000, 3.500000000000000000 ) ) ;
#234 = ORIENTED_EDGE ( 'NONE', *, *, #301, .F. ) ;
#235 = EDGE_CURVE ( 'NONE', #742, #55, #1116, .T. ) ;
#236 = CARTESIAN_POINT ( 'NONE',  ( 80.00000000000000000, 25.00000000000000000, 3.500000000000000000 ) ) ;
#237 = EDGE_CURVE ( 'NONE', #933, #410, #1000, .T. ) ;
#238 = LINE ( 'NONE', #1110, #761 ) ;
#239 = FILL_AREA_STYLE_COLOUR ( '', #504 ) ;
#240 = CARTESIAN_POINT ( 'NONE',  ( 221.3397459621556607, 4.999999999999997335, 3.500000000000000000 ) ) ;
#241 = AXIS2_PLACEMENT_3D ( 'NONE', #1353, #390, #769 ) ;
#242 = ORIENTED_EDGE ( 'NONE', *, *, #308, .T. ) ;
#243 = CIRCLE ( 'NONE', #393, 4.999999999999997335 ) ;
#244 = ORIENTED_EDGE ( 'NONE', *, *, #696, .F. ) ;
#245 = ADVANCED_FACE ( 'NONE', ( #503 ), #988, .F. ) ;
#246 = DIRECTION ( 'NONE',  ( -0.000000000000000000, -0.000000000000000000, 1.000000000000000000 ) ) ;
#247 = FACE_BOUND ( 'NONE', #863, .T. ) ;
#248 = DIRECTION ( 'NONE',  ( -0.000000000000000000, -0.000000000000000000, 1.000000000000000000 ) ) ;
#249 = ORIENTED_EDGE ( 'NONE', *, *, #1238, .F. ) ;
#250 = ORIENTED_EDGE ( 'NONE', *, *, #1305, .F. ) ;
#251 = VECTOR ( 'NONE', #1454, 1000.000000000000000 ) ;
#252 = CARTESIAN_POINT ( 'NONE',  ( 25.00000000000000000, 25.00000000000000000, 3.500000000000000000 ) ) ;
#253 = DIRECTION ( 'NONE',  ( -1.000000000000000000, 0.000000000000000000, 0.000000000000000000 ) ) ;
#254 = CARTESIAN_POINT ( 'NONE',  ( 27.09999999999999787, 25.00000000000000000, -3.500000000000000000 ) ) ;
#255 = EDGE_CURVE ( 'NONE', #1463, #1139, #603, .T. ) ;
#256 = ORIENTED_EDGE ( 'NONE', *, *, #874, .F. ) ;
#257 = ORIENTED_EDGE ( 'NONE', *, *, #50, .F. ) ;
#258 = DIRECTION ( 'NONE',  ( -0.000000000000000000, -0.000000000000000000, 1.000000000000000000 ) ) ;
#259 = LINE ( 'NONE', #627, #205 ) ;
#260 = EDGE_CURVE ( 'NONE', #719, #539, #263, .T. ) ;
#261 = LINE ( 'NONE', #522, #195 ) ;
#262 = VERTEX_POINT ( 'NONE', #760 ) ;
#263 = CIRCLE ( 'NONE', #191, 12.50000000000001066 ) ;
#264 = CIRCLE ( 'NONE', #1087, 2.099999999999990763 ) ;
#265 = AXIS2_PLACEMENT_3D ( 'NONE', #113, #1331, #608 ) ;
#266 = DIRECTION ( 'NONE',  ( 1.000000000000000000, 0.000000000000000000, 0.000000000000000000 ) ) ;
#267 = DIRECTION ( 'NONE',  ( 1.000000000000000000, 0.000000000000000000, 0.000000000000000000 ) ) ;
#268 = DIRECTION ( 'NONE',  ( 0.000000000000000000, 0.000000000000000000, 1.000000000000000000 ) ) ;
#269 = VERTEX_POINT ( 'NONE', #36 ) ;
#270 = EDGE_LOOP ( 'NONE', ( #357, #883 ) ) ;
#271 = AXIS2_PLACEMENT_3D ( 'NONE', #343, #1203, #1314 ) ;
#272 = CYLINDRICAL_SURFACE ( 'NONE', #1241, 1.649999999999998579 ) ;
#273 = CARTESIAN_POINT ( 'NONE',  ( 12.50000000000000533, 130.0000000000000000, 3.500000000000000000 ) ) ;
#274 = DIRECTION ( 'NONE',  ( -0.000000000000000000, -0.000000000000000000, -1.000000000000000000 ) ) ;
#275 = ORIENTED_EDGE ( 'NONE', *, *, #1018, .F. ) ;
#276 = ORIENTED_EDGE ( 'NONE', *, *, #668, .T. ) ;
#277 = EDGE_CURVE ( 'NONE', #299, #925, #32, .T. ) ;
#278 = LINE ( 'NONE', #1234, #1371 ) ;
#279 = VERTEX_POINT ( 'NONE', #254 ) ;
#280 = ADVANCED_FACE ( 'NONE', ( #1462 ), #510, .F. ) ;
#281 = DIRECTION ( 'NONE',  ( 0.000000000000000000, 0.000000000000000000, 1.000000000000000000 ) ) ;
#282 = ORIENTED_EDGE ( 'NONE', *, *, #1135, .F. ) ;
#283 = VERTEX_POINT ( 'NONE', #54 ) ;
#284 = CIRCLE ( 'NONE', #1194, 4.000000000000000888 ) ;
#285 = EDGE_CURVE ( 'NONE', #982, #1458, #1133, .T. ) ;
#286 = DIRECTION ( 'NONE',  ( -0.000000000000000000, -0.000000000000000000, 1.000000000000000000 ) ) ;
#287 = VECTOR ( 'NONE', #86, 1000.000000000000000 ) ;
#288 = ORIENTED_EDGE ( 'NONE', *, *, #1387, .T. ) ;
#289 = DIRECTION ( 'NONE',  ( -0.000000000000000000, -0.000000000000000000, -1.000000000000000000 ) ) ;
#290 = ORIENTED_EDGE ( 'NONE', *, *, #172, .T. ) ;
#291 = EDGE_LOOP ( 'NONE', ( #143, #642, #293, #869 ) ) ;
#292 = CARTESIAN_POINT ( 'NONE',  ( 12.50000000000000533, 130.0000000000000000, 3.500000000000000000 ) ) ;
#293 = ORIENTED_EDGE ( 'NONE', *, *, #220, .T. ) ;
#294 = VECTOR ( 'NONE', #12, 1000.000000000000000 ) ;
#295 = CARTESIAN_POINT ( 'NONE',  ( 197.4589838486224664, 40.00000000000003553, -3.500000000000000000 ) ) ;
#296 = CARTESIAN_POINT ( 'NONE',  ( 221.3397459621556607, 0.000000000000000000, 3.500000000000000000 ) ) ;
#297 = AXIS2_PLACEMENT_3D ( 'NONE', #535, #1470, #866 ) ;
#298 = CARTESIAN_POINT ( 'NONE',  ( 0.000000000000000000, 0.000000000000000000, 0.000000000000000000 ) ) ;
#299 = VERTEX_POINT ( 'NONE', #794 ) ;
#300 = DIRECTION ( 'NONE',  ( 1.000000000000000000, 0.000000000000000000, 0.000000000000000000 ) ) ;
#301 = EDGE_CURVE ( 'NONE', #540, #912, #897, .T. ) ;
#302 = ORIENTED_EDGE ( 'NONE', *, *, #903, .T. ) ;
#303 = CARTESIAN_POINT ( 'NONE',  ( 50.00000000000000000, 50.00000000000000000, -1.500000000000000000 ) ) ;
#304 = ORIENTED_EDGE ( 'NONE', *, *, #841, .T. ) ;
#305 = CYLINDRICAL_SURFACE ( 'NONE', #402, 4.000000000000003553 ) ;
#306 = CARTESIAN_POINT ( 'NONE',  ( 180.0000000000000000, 37.50000000000002132, -3.500000000000000000 ) ) ;
#307 = DIRECTION ( 'NONE',  ( -0.000000000000000000, -0.000000000000000000, 1.000000000000000000 ) ) ;
#308 = EDGE_CURVE ( 'NONE', #498, #283, #537, .T. ) ;
#309 = ORIENTED_EDGE ( 'NONE', *, *, #1238, .T. ) ;
#310 = DIRECTION ( 'NONE',  ( 1.000000000000000000, 0.000000000000000000, 0.000000000000000000 ) ) ;
#311 = EDGE_LOOP ( 'NONE', ( #667, #688, #1339, #1504 ) ) ;
#312 = FACE_OUTER_BOUND ( 'NONE', #676, .T. ) ;
#313 = VERTEX_POINT ( 'NONE', #306 ) ;
#314 = CIRCLE ( 'NONE', #1565, 1.650000000000012568 ) ;
#315 = PLANE ( 'NONE',  #558 ) ;
#316 = AXIS2_PLACEMENT_3D ( 'NONE', #471, #964, #466 ) ;
#317 = DIRECTION ( 'NONE',  ( -0.000000000000000000, -0.000000000000000000, 1.000000000000000000 ) ) ;
#318 = DIRECTION ( 'NONE',  ( 1.000000000000000000, 0.000000000000000000, -0.000000000000000000 ) ) ;
#319 = DIRECTION ( 'NONE',  ( 0.000000000000000000, 0.000000000000000000, 1.000000000000000000 ) ) ;
#320 = AXIS2_PLACEMENT_3D ( 'NONE', #1344, #248, #741 ) ;
#321 = ORIENTED_EDGE ( 'NONE', *, *, #1510, .T. ) ;
#322 = FACE_OUTER_BOUND ( 'NONE', #291, .T. ) ;
#323 = VERTEX_POINT ( 'NONE', #1388 ) ;
#324 = CARTESIAN_POINT ( 'NONE',  ( 210.0000000000000000, 10.00000000000000888, 3.500000000000000000 ) ) ;
#325 = CARTESIAN_POINT ( 'NONE',  ( 211.6500000000000057, 10.00000000000000888, -1.000000000000000444 ) ) ;
#326 = AXIS2_PLACEMENT_3D ( 'NONE', #252, #483, #1360 ) ;
#327 = EDGE_CURVE ( 'NONE', #1112, #1385, #1412, .T. ) ;
#328 = DIRECTION ( 'NONE',  ( 0.000000000000000000, 0.000000000000000000, 1.000000000000000000 ) ) ;
#329 = FACE_OUTER_BOUND ( 'NONE', #1078, .T. ) ;
#330 = DIRECTION ( 'NONE',  ( 1.000000000000000000, 0.000000000000000000, 0.000000000000000000 ) ) ;
#331 = DIRECTION ( 'NONE',  ( 0.000000000000000000, -0.000000000000000000, -1.000000000000000000 ) ) ;
#332 = AXIS2_PLACEMENT_3D ( 'NONE', #303, #88, #1283 ) ;
#333 = ORIENTED_EDGE ( 'NONE', *, *, #154, .F. ) ;
#334 = EDGE_CURVE ( 'NONE', #1553, #498, #123, .T. ) ;
#335 = DIRECTION ( 'NONE',  ( 1.000000000000000000, 0.000000000000000000, 0.000000000000000000 ) ) ;
#336 = CARTESIAN_POINT ( 'NONE',  ( 45.00000000000001421, 148.2457351945702726, -3.500000000000000000 ) ) ;
#337 = EDGE_CURVE ( 'NONE', #37, #1256, #117, .T. ) ;
#338 = CARTESIAN_POINT ( 'NONE',  ( 80.00000000000000000, 12.50000000000000355, -3.500000000000000000 ) ) ;
#339 = DIRECTION ( 'NONE',  ( 1.000000000000000000, 0.000000000000000000, 0.000000000000000000 ) ) ;
#340 = DIRECTION ( 'NONE',  ( 0.000000000000000000, 0.000000000000000000, -1.000000000000000000 ) ) ;
#341 = VERTEX_POINT ( 'NONE', #1277 ) ;
#342 = DIRECTION ( 'NONE',  ( 3.469446951953614682E-16, -1.000000000000000000, 0.000000000000000000 ) ) ;
#343 = CARTESIAN_POINT ( 'NONE',  ( 10.00000000000000000, 160.0000000000000000, 3.500000000000000000 ) ) ;
#344 = CARTESIAN_POINT ( 'NONE',  ( 50.00000000000000711, 91.42135623730968064, 3.500000000000000000 ) ) ;
#345 = AXIS2_PLACEMENT_3D ( 'NONE', #1530, #1285, #90 ) ;
#346 = CARTESIAN_POINT ( 'NONE',  ( 37.50000000000001421, 130.0000000000000000, -3.500000000000000000 ) ) ;
#347 = ORIENTED_EDGE ( 'NONE', *, *, #1279, .F. ) ;
#348 = DIRECTION ( 'NONE',  ( 0.000000000000000000, 0.000000000000000000, -1.000000000000000000 ) ) ;
#349 = FACE_BOUND ( 'NONE', #1016, .T. ) ;
#350 = VECTOR ( 'NONE', #588, 1000.000000000000000 ) ;
#351 = CARTESIAN_POINT ( 'NONE',  ( 50.00000000000000000, 50.00000000000000000, -1.500000000000000000 ) ) ;
#352 = EDGE_CURVE ( 'NONE', #577, #426, #1048, .T. ) ;
#353 = CARTESIAN_POINT ( 'NONE',  ( 91.42135623730924010, 50.00000000000003553, 3.500000000000000000 ) ) ;
#354 = EDGE_LOOP ( 'NONE', ( #1514, #635, #870, #505 ) ) ;
#355 = AXIS2_PLACEMENT_3D ( 'NONE', #298, #319, #339 ) ;
#356 = EDGE_CURVE ( 'NONE', #607, #803, #185, .T. ) ;
#357 = ORIENTED_EDGE ( 'NONE', *, *, #337, .T. ) ;
#358 = CARTESIAN_POINT ( 'NONE',  ( 0.000000000000000000, 0.000000000000000000, 3.500000000000000000 ) ) ;
#359 = CARTESIAN_POINT ( 'NONE',  ( 12.50000000000000711, 80.00000000000000000, -3.500000000000000000 ) ) ;
#360 = LINE ( 'NONE', #574, #174 ) ;
#361 = FACE_OUTER_BOUND ( 'NONE', #1450, .T. ) ;
#362 = ADVANCED_FACE ( 'NONE', ( #206 ), #775, .F. ) ;
#363 = ORIENTED_EDGE ( 'NONE', *, *, #746, .T. ) ;
#364 = VERTEX_POINT ( 'NONE', #1395 ) ;
#365 = EDGE_LOOP ( 'NONE', ( #1457, #682, #1330, #139 ) ) ;
#366 = CARTESIAN_POINT ( 'NONE',  ( 10.00000000000000000, 160.0000000000000000, -3.500000000000000000 ) ) ;
#367 = DIRECTION ( 'NONE',  ( 1.000000000000000000, 0.000000000000000000, 0.000000000000000000 ) ) ;
#368 = CARTESIAN_POINT ( 'NONE',  ( 210.0000000000000000, 10.00000000000000888, -3.500000000000000000 ) ) ;
#369 = ORIENTED_EDGE ( 'NONE', *, *, #403, .T. ) ;
#370 = VECTOR ( 'NONE', #909, 1000.000000000000000 ) ;
#371 = ORIENTED_EDGE ( 'NONE', *, *, #1329, .F. ) ;
#372 = UNCERTAINTY_MEASURE_WITH_UNIT (LENGTH_MEASURE( 1.000000000000000082E-05 ), #584, 'distance_accuracy_value', 'NONE');
#373 = CARTESIAN_POINT ( 'NONE',  ( 80.00000000000000000, 12.50000000000000355, 3.500000000000000000 ) ) ;
#374 = DIRECTION ( 'NONE',  ( -0.000000000000000000, -0.000000000000000000, 1.000000000000000000 ) ) ;
#375 = EDGE_CURVE ( 'NONE', #1500, #1365, #684, .T. ) ;
#376 = DIRECTION ( 'NONE',  ( 1.000000000000000000, 0.000000000000000000, 0.000000000000000000 ) ) ;
#377 = MECHANICAL_DESIGN_GEOMETRIC_PRESENTATION_REPRESENTATION (  '', ( #1165 ), #942 ) ;
#378 = EDGE_LOOP ( 'NONE', ( #1438, #1545, #1022, #1409 ) ) ;
#379 = ORIENTED_EDGE ( 'NONE', *, *, #107, .F. ) ;
#380 = CIRCLE ( 'NONE', #1143, 1.650000000000012568 ) ;
#381 = FACE_OUTER_BOUND ( 'NONE', #181, .T. ) ;
#382 = AXIS2_PLACEMENT_3D ( 'NONE', #182, #175, #1053 ) ;
#383 = ADVANCED_FACE ( 'NONE', ( #1157 ), #697, .T. ) ;
#384 = FACE_OUTER_BOUND ( 'NONE', #105, .T. ) ;
#385 = ADVANCED_FACE ( 'NONE', ( #1269 ), #554, .T. ) ;
#386 = CARTESIAN_POINT ( 'NONE',  ( 37.50000000000002132, 80.00000000000000000, -3.500000000000000000 ) ) ;
#387 = ORIENTED_EDGE ( 'NONE', *, *, #301, .T. ) ;
#388 = DIRECTION ( 'NONE',  ( -0.000000000000000000, -0.000000000000000000, 1.000000000000000000 ) ) ;
#389 = CARTESIAN_POINT ( 'NONE',  ( 201.1324865405188405, 50.00000000000003553, 3.500000000000000000 ) ) ;
#390 = DIRECTION ( 'NONE',  ( 0.000000000000000000, 0.000000000000000000, -1.000000000000000000 ) ) ;
#391 = ORIENTED_EDGE ( 'NONE', *, *, #1393, .T. ) ;
#392 = AXIS2_PLACEMENT_3D ( 'NONE', #995, #1247, #1122 ) ;
#393 = AXIS2_PLACEMENT_3D ( 'NONE', #501, #1119, #984 ) ;
#394 = CIRCLE ( 'NONE', #265, 12.50000000000000355 ) ;
#395 = FACE_BOUND ( 'NONE', #164, .T. ) ;
#396 = AXIS2_PLACEMENT_3D ( 'NONE', #1404, #1497, #930 ) ;
#397 = FACE_BOUND ( 'NONE', #599, .T. ) ;
#398 = CARTESIAN_POINT ( 'NONE',  ( 50.00000000000000000, 50.00000000000000000, 3.500000000000000000 ) ) ;
#399 = EDGE_CURVE ( 'NONE', #654, #1385, #1060, .T. ) ;
#400 = ORIENTED_EDGE ( 'NONE', *, *, #1324, .T. ) ;
#401 = EDGE_LOOP ( 'NONE', ( #419, #636, #1566, #643 ) ) ;
#402 = AXIS2_PLACEMENT_3D ( 'NONE', #801, #1335, #126 ) ;
#403 = EDGE_CURVE ( 'NONE', #1526, #891, #934, .T. ) ;
#404 = AXIS2_PLACEMENT_3D ( 'NONE', #967, #857, #610 ) ;
#405 = CARTESIAN_POINT ( 'NONE',  ( 10.00000000000000000, 160.0000000000000000, -1.000000000000000000 ) ) ;
#406 = ORIENTED_EDGE ( 'NONE', *, *, #972, .T. ) ;
#407 = AXIS2_PLACEMENT_3D ( 'NONE', #1408, #811, #80 ) ;
#408 = CARTESIAN_POINT ( 'NONE',  ( 198.2457351945707273, 50.00000000000003553, 3.500000000000000000 ) ) ;
#409 = EDGE_LOOP ( 'NONE', ( #1257, #173, #647, #1008 ) ) ;
#410 = VERTEX_POINT ( 'NONE', #565 ) ;
#411 = ADVANCED_FACE ( 'NONE', ( #816 ), #544, .F. ) ;
#412 = ORIENTED_EDGE ( 'NONE', *, *, #215, .F. ) ;
#413 = LINE ( 'NONE', #1527, #1105 ) ;
#414 = ORIENTED_EDGE ( 'NONE', *, *, #260, .F. ) ;
#415 = VERTEX_POINT ( 'NONE', #85 ) ;
#416 = DIRECTION ( 'NONE',  ( -0.000000000000000000, -0.000000000000000000, 1.000000000000000000 ) ) ;
#417 = ORIENTED_EDGE ( 'NONE', *, *, #841, .F. ) ;
#418 = EDGE_LOOP ( 'NONE', ( #1107, #288, #1389, #666 ) ) ;
#419 = ORIENTED_EDGE ( 'NONE', *, *, #529, .F. ) ;
#420 = DIRECTION ( 'NONE',  ( -0.000000000000000000, -0.000000000000000000, 1.000000000000000000 ) ) ;
#421 = ORIENTED_EDGE ( 'NONE', *, *, #1135, .T. ) ;
#422 = LINE ( 'NONE', #61, #1288 ) ;
#423 = EDGE_CURVE ( 'NONE', #912, #743, #525, .T. ) ;
#424 = DIRECTION ( 'NONE',  ( -1.000000000000000000, 0.000000000000000000, 0.000000000000000000 ) ) ;
#425 = CARTESIAN_POINT ( 'NONE',  ( 37.50000000000001421, 130.0000000000000000, 3.500000000000000000 ) ) ;
#426 = VERTEX_POINT ( 'NONE', #214 ) ;
#427 = DIRECTION ( 'NONE',  ( 0.000000000000000000, 0.000000000000000000, -1.000000000000000000 ) ) ;
#428 = VERTEX_POINT ( 'NONE', #852 ) ;
#429 = LINE ( 'NONE', #1304, #1204 ) ;
#430 = ORIENTED_EDGE ( 'NONE', *, *, #786, .T. ) ;
#431 = EDGE_CURVE ( 'NONE', #724, #719, #839, .T. ) ;
#432 = DIRECTION ( 'NONE',  ( -0.000000000000000000, -1.000000000000000000, -0.000000000000000000 ) ) ;
#433 = CARTESIAN_POINT ( 'NONE',  ( 210.0000000000000000, 10.00000000000000888, -1.000000000000000000 ) ) ;
#434 = VERTEX_POINT ( 'NONE', #464 ) ;
#435 = CARTESIAN_POINT ( 'NONE',  ( 91.42135623730924010, 50.00000000000003553, 3.500000000000000000 ) ) ;
#436 = EDGE_LOOP ( 'NONE', ( #112, #490 ) ) ;
#437 = ORIENTED_EDGE ( 'NONE', *, *, #235, .F. ) ;
#438 = DIRECTION ( 'NONE',  ( 1.000000000000000000, 0.000000000000000000, 0.000000000000000000 ) ) ;
#439 = ORIENTED_EDGE ( 'NONE', *, *, #458, .T. ) ;
#440 = CYLINDRICAL_SURFACE ( 'NONE', #612, 5.000000000000004441 ) ;
#441 = DIRECTION ( 'NONE',  ( 1.000000000000000000, 0.000000000000000000, 0.000000000000000000 ) ) ;
#442 = DIRECTION ( 'NONE',  ( -0.000000000000000000, -0.000000000000000000, 1.000000000000000000 ) ) ;
#443 = EDGE_LOOP ( 'NONE', ( #256, #387, #1377, #217 ) ) ;
#444 = LINE ( 'NONE', #698, #287 ) ;
#445 = VERTEX_POINT ( 'NONE', #1190 ) ;
#446 = ADVANCED_FACE ( 'NONE', ( #329 ), #1563, .F. ) ;
#447 = CARTESIAN_POINT ( 'NONE',  ( 14.00000000000000178, 10.00000000000000000, -3.500000000000000000 ) ) ;
#448 = AXIS2_PLACEMENT_3D ( 'NONE', #433, #289, #424 ) ;
#449 = DIRECTION ( 'NONE',  ( 0.000000000000000000, 0.000000000000000000, -1.000000000000000000 ) ) ;
#450 = AXIS2_PLACEMENT_3D ( 'NONE', #567, #1281, #300 ) ;
#451 = DIRECTION ( 'NONE',  ( 0.000000000000000000, 0.000000000000000000, -1.000000000000000000 ) ) ;
#452 = LINE ( 'NONE', #338, #843 ) ;
#453 = DIRECTION ( 'NONE',  ( -1.000000000000000000, 0.000000000000000000, 0.000000000000000000 ) ) ;
#454 = DIRECTION ( 'NONE',  ( 1.000000000000000000, 0.000000000000000000, 0.000000000000000000 ) ) ;
#455 = ADVANCED_FACE ( 'NONE', ( #228 ), #477, .F. ) ;
#456 = ORIENTED_EDGE ( 'NONE', *, *, #1258, .T. ) ;
#457 = CIRCLE ( 'NONE', #1425, 12.49999999999999645 ) ;
#458 = EDGE_CURVE ( 'NONE', #279, #931, #591, .T. ) ;
#459 = CARTESIAN_POINT ( 'NONE',  ( 0.000000000000000000, 171.3397459621555186, -3.500000000000000000 ) ) ;
#460 = LINE ( 'NONE', #836, #1225 ) ;
#461 = CIRCLE ( 'NONE', #130, 2.099999999999997868 ) ;
#462 = LINE ( 'NONE', #1296, #614 ) ;
#463 = AXIS2_PLACEMENT_3D ( 'NONE', #1246, #745, #1126 ) ;
#464 = CARTESIAN_POINT ( 'NONE',  ( 0.000000000000000000, 0.000000000000000000, -3.500000000000000000 ) ) ;
#465 = DIRECTION ( 'NONE',  ( 1.000000000000000000, 0.000000000000000000, 0.000000000000000000 ) ) ;
#466 = DIRECTION ( 'NONE',  ( 1.000000000000000000, 0.000000000000000000, 0.000000000000000000 ) ) ;
#467 = VECTOR ( 'NONE', #936, 1000.000000000000000 ) ;
#468 = EDGE_LOOP ( 'NONE', ( #922, #524, #818, #1503, #369, #15, #309, #412, #430, #87, #799, #805, #1032 ) ) ;
#469 = CARTESIAN_POINT ( 'NONE',  ( 198.2457351945707273, 45.00000000000004263, 3.500000000000000000 ) ) ;
#470 = CYLINDRICAL_SURFACE ( 'NONE', #660, 2.099999999999990763 ) ;
#471 = CARTESIAN_POINT ( 'NONE',  ( 10.00000000000000000, 160.0000000000000000, 3.500000000000000000 ) ) ;
#472 = ORIENTED_EDGE ( 'NONE', *, *, #946, .T. ) ;
#473 = ORIENTED_EDGE ( 'NONE', *, *, #521, .T. ) ;
#474 = CARTESIAN_POINT ( 'NONE',  ( 193.2589838486224778, 40.00000000000003553, 3.500000000000000000 ) ) ;
#475 = LINE ( 'NONE', #978, #294 ) ;
#476 = AXIS2_PLACEMENT_3D ( 'NONE', #1013, #1512, #910 ) ;
#477 = PLANE ( 'NONE',  #777 ) ;
#478 = CIRCLE ( 'NONE', #1062, 2.099999999999997868 ) ;
#479 = AXIS2_PLACEMENT_3D ( 'NONE', #223, #1310, #1558 ) ;
#480 = FACE_OUTER_BOUND ( 'NONE', #401, .T. ) ;
#481 = ORIENTED_EDGE ( 'NONE', *, *, #260, .T. ) ;
#482 = VECTOR ( 'NONE', #1436, 1000.000000000000000 ) ;
#483 = DIRECTION ( 'NONE',  ( -0.000000000000000000, -0.000000000000000000, 1.000000000000000000 ) ) ;
#484 = LINE ( 'NONE', #969, #251 ) ;
#485 = CIRCLE ( 'NONE', #1550, 1.649999999999998579 ) ;
#486 = EDGE_CURVE ( 'NONE', #1139, #1463, #284, .T. ) ;
#487 = PRESENTATION_STYLE_ASSIGNMENT (( #970 ) ) ;
#488 = CIRCLE ( 'NONE', #1496, 1.650000000000012568 ) ;
#489 = DIRECTION ( 'NONE',  ( -0.000000000000000000, -0.000000000000000000, 1.000000000000000000 ) ) ;
#490 = ORIENTED_EDGE ( 'NONE', *, *, #1120, .T. ) ;
#491 = ORIENTED_EDGE ( 'NONE', *, *, #702, .F. ) ;
#492 = MANIFOLD_SOLID_BREP ( '\X2\52079664\X0\-\X2\62c94f38\X0\4', #1318 ) ;
#493 = AXIS2_PLACEMENT_3D ( 'NONE', #28, #1378, #520 ) ;
#494 = CARTESIAN_POINT ( 'NONE',  ( 80.00000000000000000, 37.50000000000000000, 3.500000000000000000 ) ) ;
#495 = LINE ( 'NONE', #359, #512 ) ;
#496 = CARTESIAN_POINT ( 'NONE',  ( 202.5758622134929112, 47.50000000000002842, 3.500000000000000000 ) ) ;
#497 = CARTESIAN_POINT ( 'NONE',  ( 40.00000000000000711, 145.3589838486221595, 3.500000000000000000 ) ) ;
#498 = VERTEX_POINT ( 'NONE', #1540 ) ;
#499 = ORIENTED_EDGE ( 'NONE', *, *, #1254, .T. ) ;
#500 = EDGE_CURVE ( 'NONE', #533, #415, #1140, .T. ) ;
#501 = CARTESIAN_POINT ( 'NONE',  ( 55.00000000000000711, 93.49242404917514193, -3.500000000000000000 ) ) ;
#502 = CARTESIAN_POINT ( 'NONE',  ( 180.0000000000000000, 37.50000000000002132, 3.500000000000000000 ) ) ;
#503 = FACE_OUTER_BOUND ( 'NONE', #1354, .T. ) ;
#504 = COLOUR_RGB ( '',0.7921568627450980005, 0.8196078431372548767, 0.9333333333333333481 ) ;
#505 = ORIENTED_EDGE ( 'NONE', *, *, #277, .T. ) ;
#506 = EDGE_CURVE ( 'NONE', #1282, #1405, #360, .T. ) ;
#507 = FACE_OUTER_BOUND ( 'NONE', #49, .T. ) ;
#508 = EDGE_CURVE ( 'NONE', #498, #724, #452, .T. ) ;
#509 = CARTESIAN_POINT ( 'NONE',  ( 5.999999999999998224, 160.0000000000000000, -1.000000000000000000 ) ) ;
#510 = CYLINDRICAL_SURFACE ( 'NONE', #320, 12.49999999999999645 ) ;
#511 = ORIENTED_EDGE ( 'NONE', *, *, #622, .F. ) ;
#512 = VECTOR ( 'NONE', #1074, 1000.000000000000000 ) ;
#513 = CARTESIAN_POINT ( 'NONE',  ( 37.50000000000001421, 130.0000000000000000, -3.500000000000000000 ) ) ;
#514 = CIRCLE ( 'NONE', #332, 20.50000000000000355 ) ;
#515 = DIRECTION ( 'NONE',  ( -0.000000000000000000, -0.000000000000000000, 1.000000000000000000 ) ) ;
#516 = DIRECTION ( 'NONE',  ( 0.000000000000000000, 0.000000000000000000, -1.000000000000000000 ) ) ;
#517 = VERTEX_POINT ( 'NONE', #830 ) ;
#518 = EDGE_LOOP ( 'NONE', ( #1108, #40, #1492, #234 ) ) ;
#519 = CARTESIAN_POINT ( 'NONE',  ( 37.50000000000001421, 130.0000000000000000, 3.500000000000000000 ) ) ;
#520 = DIRECTION ( 'NONE',  ( -1.000000000000000000, 0.000000000000000000, 0.000000000000000000 ) ) ;
#521 = EDGE_CURVE ( 'NONE', #557, #662, #1039, .T. ) ;
#522 = CARTESIAN_POINT ( 'NONE',  ( 50.00000000000000000, 151.1324865405183857, -3.500000000000000000 ) ) ;
#523 = EDGE_CURVE ( 'NONE', #662, #557, #485, .T. ) ;
#524 = ORIENTED_EDGE ( 'NONE', *, *, #1308, .T. ) ;
#525 = CIRCLE ( 'NONE', #476, 5.000000000000004441 ) ;
#526 = AXIS2_PLACEMENT_3D ( 'NONE', #940, #1544, #454 ) ;
#527 = DIRECTION ( 'NONE',  ( -0.000000000000000000, -0.000000000000000000, 1.000000000000000000 ) ) ;
#528 = CARTESIAN_POINT ( 'NONE',  ( 47.50000000000003553, 152.5758622134924565, -3.500000000000000000 ) ) ;
#529 = EDGE_CURVE ( 'NONE', #426, #76, #532, .T. ) ;
#530 = DIRECTION ( 'NONE',  ( -1.000000000000000000, 0.000000000000000000, 0.000000000000000000 ) ) ;
#531 = ORIENTED_EDGE ( 'NONE', *, *, #1397, .T. ) ;
#532 = CIRCLE ( 'NONE', #1574, 5.000000000000004441 ) ;
#533 = VERTEX_POINT ( 'NONE', #1082 ) ;
#534 = CIRCLE ( 'NONE', #463, 4.000000000000001776 ) ;
#535 = CARTESIAN_POINT ( 'NONE',  ( 0.000000000000000000, 0.000000000000000000, -3.500000000000000000 ) ) ;
#536 = ORIENTED_EDGE ( 'NONE', *, *, #1251, .F. ) ;
#537 = LINE ( 'NONE', #1532, #1569 ) ;
#538 = ORIENTED_EDGE ( 'NONE', *, *, #1023, .F. ) ;
#539 = VERTEX_POINT ( 'NONE', #1327 ) ;
#540 = VERTEX_POINT ( 'NONE', #1211 ) ;
#541 = LINE ( 'NONE', #661, #78 ) ;
#542 = ORIENTED_EDGE ( 'NONE', *, *, #1068, .F. ) ;
#543 = DIRECTION ( 'NONE',  ( -0.7071067811865440200, 0.7071067811865511255, -0.000000000000000000 ) ) ;
#544 = PLANE ( 'NONE',  #1214 ) ;
#545 = DIRECTION ( 'NONE',  ( -1.387778780781445676E-16, 1.000000000000000000, -0.000000000000000000 ) ) ;
#546 = VERTEX_POINT ( 'NONE', #496 ) ;
#547 = ADVANCED_FACE ( 'NONE', ( #127 ), #5, .F. ) ;
#548 = AXIS2_PLACEMENT_3D ( 'NONE', #366, #1226, #1109 ) ;
#549 = VECTOR ( 'NONE', #489, 1000.000000000000000 ) ;
#550 = CARTESIAN_POINT ( 'NONE',  ( 29.50000000000000355, 50.00000000000000000, -1.500000000000000000 ) ) ;
#551 = ORIENTED_EDGE ( 'NONE', *, *, #1164, .T. ) ;
#552 = EDGE_CURVE ( 'NONE', #9, #1526, #231, .T. ) ;
#553 = DIRECTION ( 'NONE',  ( -1.000000000000000000, -0.000000000000000000, -0.000000000000000000 ) ) ;
#554 = PLANE ( 'NONE',  #1005 ) ;
#555 = ORIENTED_EDGE ( 'NONE', *, *, #1208, .T. ) ;
#556 = CARTESIAN_POINT ( 'NONE',  ( 10.00000000000000000, 160.0000000000000000, -1.000000000000000000 ) ) ;
#557 = VERTEX_POINT ( 'NONE', #701 ) ;
#558 = AXIS2_PLACEMENT_3D ( 'NONE', #108, #721, #571 ) ;
#559 = AXIS2_PLACEMENT_3D ( 'NONE', #727, #589, #1446 ) ;
#560 = CARTESIAN_POINT ( 'NONE',  ( 37.50000000000001421, 130.0000000000000000, -3.500000000000000000 ) ) ;
#561 = ORIENTED_EDGE ( 'NONE', *, *, #1235, .F. ) ;
#562 = PLANE ( 'NONE',  #1098 ) ;
#563 = CARTESIAN_POINT ( 'NONE',  ( 8.350000000000001421, 10.00000000000000000, 3.500000000000000000 ) ) ;
#564 = AXIS2_PLACEMENT_3D ( 'NONE', #709, #1523, #465 ) ;
#565 = CARTESIAN_POINT ( 'NONE',  ( 11.64999999999999858, 10.00000000000000000, 3.500000000000000000 ) ) ;
#566 = VERTEX_POINT ( 'NONE', #1080 ) ;
#567 = CARTESIAN_POINT ( 'NONE',  ( 55.00000000000000711, 93.49242404917514193, 3.500000000000000000 ) ) ;
#568 = ORIENTED_EDGE ( 'NONE', *, *, #352, .T. ) ;
#569 = LINE ( 'NONE', #578, #1373 ) ;
#570 = ORIENTED_EDGE ( 'NONE', *, *, #1189, .F. ) ;
#571 = DIRECTION ( 'NONE',  ( 1.000000000000000000, 1.908195823574488297E-16, 0.000000000000000000 ) ) ;
#572 = CARTESIAN_POINT ( 'NONE',  ( 11.64999999999999858, 160.0000000000000000, 3.500000000000000000 ) ) ;
#573 = EDGE_CURVE ( 'NONE', #19, #931, #461, .T. ) ;
#574 = CARTESIAN_POINT ( 'NONE',  ( 37.50000000000001421, 130.0000000000000000, -3.500000000000000000 ) ) ;
#575 = FACE_OUTER_BOUND ( 'NONE', #974, .T. ) ;
#576 = ADVANCED_FACE ( 'NONE', ( #1312 ), #1073, .F. ) ;
#577 = VERTEX_POINT ( 'NONE', #1064 ) ;
#578 = CARTESIAN_POINT ( 'NONE',  ( 225.6698729810778445, 7.499999999999985789, 3.500000000000000000 ) ) ;
#579 = VECTOR ( 'NONE', #138, 1000.000000000000000 ) ;
#580 = DIRECTION ( 'NONE',  ( -1.000000000000000000, 0.000000000000000000, 0.000000000000000000 ) ) ;
#581 = AXIS2_PLACEMENT_3D ( 'NONE', #695, #317, #815 ) ;
#582 = DIRECTION ( 'NONE',  ( -0.000000000000000000, -0.000000000000000000, 1.000000000000000000 ) ) ;
#583 =( NAMED_UNIT ( * ) PLANE_ANGLE_UNIT ( ) SI_UNIT ( $, .RADIAN. ) );
#584 =( LENGTH_UNIT ( ) NAMED_UNIT ( * ) SI_UNIT ( .MILLI., .METRE. ) );
#585 = ADVANCED_FACE ( 'NONE', ( #89 ), #1325, .F. ) ;
#586 = DIRECTION ( 'NONE',  ( -0.000000000000000000, -0.000000000000000000, 1.000000000000000000 ) ) ;
#587 = ORIENTED_EDGE ( 'NONE', *, *, #74, .F. ) ;
#588 = DIRECTION ( 'NONE',  ( 0.000000000000000000, 0.000000000000000000, -1.000000000000000000 ) ) ;
#589 = DIRECTION ( 'NONE',  ( -0.000000000000000000, -0.000000000000000000, 1.000000000000000000 ) ) ;
#590 = CIRCLE ( 'NONE', #177, 2.099999999999997868 ) ;
#591 = LINE ( 'NONE', #948, #482 ) ;
#592 = CARTESIAN_POINT ( 'NONE',  ( 22.90000000000000213, 25.00000000000000000, 3.500000000000000000 ) ) ;
#593 = EDGE_LOOP ( 'NONE', ( #132, #276 ) ) ;
#594 = CARTESIAN_POINT ( 'NONE',  ( 14.00000000000000178, 10.00000000000000000, -1.000000000000000000 ) ) ;
#595 = ADVANCED_FACE ( 'NONE', ( #1547 ), #1202, .T. ) ;
#596 = DIRECTION ( 'NONE',  ( 0.000000000000000000, 0.000000000000000000, -1.000000000000000000 ) ) ;
#597 = DIRECTION ( 'NONE',  ( -1.000000000000000000, -8.673617379884027583E-16, 0.000000000000000000 ) ) ;
#598 = FACE_OUTER_BOUND ( 'NONE', #159, .T. ) ;
#599 = EDGE_LOOP ( 'NONE', ( #201, #379 ) ) ;
#600 = ADVANCED_FACE ( 'NONE', ( #953 ), #315, .F. ) ;
#601 = LINE ( 'NONE', #148, #992 ) ;
#602 = CARTESIAN_POINT ( 'NONE',  ( 50.00000000000000711, 93.49242404917514193, 3.500000000000000000 ) ) ;
#603 = CIRCLE ( 'NONE', #241, 4.000000000000000888 ) ;
#604 = AXIS2_PLACEMENT_3D ( 'NONE', #140, #1356, #1479 ) ;
#605 = CIRCLE ( 'NONE', #680, 4.999999999999997335 ) ;
#606 = LINE ( 'NONE', #1437, #882 ) ;
#607 = VERTEX_POINT ( 'NONE', #325 ) ;
#608 = DIRECTION ( 'NONE',  ( 1.000000000000000000, 0.000000000000000000, 0.000000000000000000 ) ) ;
#609 = ORIENTED_EDGE ( 'NONE', *, *, #900, .T. ) ;
#610 = DIRECTION ( 'NONE',  ( -1.000000000000000000, 0.000000000000000000, 0.000000000000000000 ) ) ;
#611 = FACE_BOUND ( 'NONE', #1086, .T. ) ;
#612 = AXIS2_PLACEMENT_3D ( 'NONE', #1319, #928, #226 ) ;
#613 = CARTESIAN_POINT ( 'NONE',  ( 10.00000000000000000, 10.00000000000000000, -1.000000000000000000 ) ) ;
#614 = VECTOR ( 'NONE', #553, 1000.000000000000000 ) ;
#615 = DIRECTION ( 'NONE',  ( -1.000000000000000000, -2.081668171172169006E-16, -0.000000000000000000 ) ) ;
#616 = EDGE_CURVE ( 'NONE', #37, #1042, #98, .T. ) ;
#617 = ORIENTED_EDGE ( 'NONE', *, *, #431, .F. ) ;
#618 = EDGE_LOOP ( 'NONE', ( #748, #242, #951, #624, #65 ) ) ;
#619 = UNCERTAINTY_MEASURE_WITH_UNIT (LENGTH_MEASURE( 1.000000000000000082E-05 ), #1448, 'distance_accuracy_value', 'NONE');
#620 = DIRECTION ( 'NONE',  ( 1.000000000000000000, 0.000000000000000000, 0.000000000000000000 ) ) ;
#621 = DIRECTION ( 'NONE',  ( 1.000000000000000000, 0.000000000000000000, 0.000000000000000000 ) ) ;
#622 = EDGE_CURVE ( 'NONE', #1311, #1264, #460, .T. ) ;
#623 = CARTESIAN_POINT ( 'NONE',  ( 89.95689014324199206, 51.46446609406731199, -3.500000000000000000 ) ) ;
#624 = ORIENTED_EDGE ( 'NONE', *, *, #1305, .T. ) ;
#625 = ADVANCED_FACE ( 'NONE', ( #218 ), #562, .F. ) ;
#626 = CARTESIAN_POINT ( 'NONE',  ( 202.5758622134929112, 47.50000000000002842, -3.500000000000000000 ) ) ;
#627 = CARTESIAN_POINT ( 'NONE',  ( 208.3499999999999659, 10.00000000000000888, 3.500000000000000000 ) ) ;
#628 = LINE ( 'NONE', #648, #166 ) ;
#629 = EDGE_LOOP ( 'NONE', ( #1509, #587, #249, #176 ) ) ;
#630 = ORIENTED_EDGE ( 'NONE', *, *, #783, .F. ) ;
#631 = CARTESIAN_POINT ( 'NONE',  ( 210.0000000000000000, 10.00000000000000888, 3.500000000000000000 ) ) ;
#632 = CARTESIAN_POINT ( 'NONE',  ( 14.00000000000000178, 160.0000000000000000, -1.000000000000000000 ) ) ;
#633 = ORIENTED_EDGE ( 'NONE', *, *, #1015, .F. ) ;
#634 = DIRECTION ( 'NONE',  ( -1.000000000000000000, 1.249000902703300004E-14, 0.000000000000000000 ) ) ;
#635 = ORIENTED_EDGE ( 'NONE', *, *, #500, .F. ) ;
#636 = ORIENTED_EDGE ( 'NONE', *, *, #352, .F. ) ;
#637 = ADVANCED_FACE ( 'NONE', ( #70 ), #440, .F. ) ;
#638 = DIRECTION ( 'NONE',  ( 0.000000000000000000, 0.000000000000000000, 1.000000000000000000 ) ) ;
#639 = LINE ( 'NONE', #141, #1396 ) ;
#640 = EDGE_CURVE ( 'NONE', #428, #1463, #1306, .T. ) ;
#641 = LINE ( 'NONE', #386, #579 ) ;
#642 = ORIENTED_EDGE ( 'NONE', *, *, #521, .F. ) ;
#643 = ORIENTED_EDGE ( 'NONE', *, *, #1510, .F. ) ;
#644 = DIRECTION ( 'NONE',  ( -0.000000000000000000, -0.000000000000000000, 1.000000000000000000 ) ) ;
#645 = EDGE_CURVE ( 'NONE', #1160, #426, #1422, .T. ) ;
#646 = CARTESIAN_POINT ( 'NONE',  ( 221.3397459621556607, 4.999999999999997335, -3.500000000000000000 ) ) ;
#647 = ORIENTED_EDGE ( 'NONE', *, *, #786, .F. ) ;
#648 = CARTESIAN_POINT ( 'NONE',  ( 11.64999999999999858, 160.0000000000000000, 3.500000000000000000 ) ) ;
#649 = EDGE_LOOP ( 'NONE', ( #1059, #1402 ) ) ;
#650 = CIRCLE ( 'NONE', #1085, 1.649999999999998579 ) ;
#651 = AXIS2_PLACEMENT_3D ( 'NONE', #1036, #328, #1168 ) ;
#652 = ORIENTED_EDGE ( 'NONE', *, *, #1272, .F. ) ;
#653 = FACE_BOUND ( 'NONE', #1144, .T. ) ;
#654 = VERTEX_POINT ( 'NONE', #474 ) ;
#655 = CARTESIAN_POINT ( 'NONE',  ( 4.999999999999999112, 171.3397459621555754, 3.500000000000000000 ) ) ;
#656 = ORIENTED_EDGE ( 'NONE', *, *, #147, .T. ) ;
#657 = AXIS2_PLACEMENT_3D ( 'NONE', #513, #124, #1570 ) ;
#658 = EDGE_CURVE ( 'NONE', #1311, #1291, #961, .T. ) ;
#659 = ORIENTED_EDGE ( 'NONE', *, *, #523, .F. ) ;
#660 = AXIS2_PLACEMENT_3D ( 'NONE', #722, #1320, #367 ) ;
#661 = CARTESIAN_POINT ( 'NONE',  ( 201.1324865405188405, 50.00000000000003553, -3.500000000000000000 ) ) ;
#662 = VERTEX_POINT ( 'NONE', #202 ) ;
#663 = CARTESIAN_POINT ( 'NONE',  ( 210.0000000000000000, 10.00000000000000888, -1.000000000000000000 ) ) ;
#664 = DIRECTION ( 'NONE',  ( 1.000000000000000000, 0.000000000000000000, 0.000000000000000000 ) ) ;
#665 = ADVANCED_FACE ( 'NONE', ( #694 ), #937, .F. ) ;
#666 = ORIENTED_EDGE ( 'NONE', *, *, #616, .F. ) ;
#667 = ORIENTED_EDGE ( 'NONE', *, *, #39, .F. ) ;
#668 = EDGE_CURVE ( 'NONE', #428, #1040, #1298, .T. ) ;
#669 = DIRECTION ( 'NONE',  ( -1.000000000000000000, -1.162077131796373312E-16, 0.000000000000000000 ) ) ;
#670 = VERTEX_POINT ( 'NONE', #114 ) ;
#671 = DIRECTION ( 'NONE',  ( -1.000000000000000000, 0.000000000000000000, 0.000000000000000000 ) ) ;
#672 = CARTESIAN_POINT ( 'NONE',  ( 211.6500000000000057, 10.00000000000000888, 3.500000000000000000 ) ) ;
#673 = FACE_OUTER_BOUND ( 'NONE', #629, .T. ) ;
#674 = EDGE_LOOP ( 'NONE', ( #122, #693, #1250, #290 ) ) ;
#675 = DIRECTION ( 'NONE',  ( -0.000000000000000000, -0.000000000000000000, -1.000000000000000000 ) ) ;
#676 = EDGE_LOOP ( 'NONE', ( #250, #902, #609, #536 ) ) ;
#677 = ORIENTED_EDGE ( 'NONE', *, *, #1046, .F. ) ;
#678 = VECTOR ( 'NONE', #171, 1000.000000000000000 ) ;
#679 = VECTOR ( 'NONE', #1003, 1000.000000000000000 ) ;
#680 = AXIS2_PLACEMENT_3D ( 'NONE', #229, #853, #1573 ) ;
#681 = CARTESIAN_POINT ( 'NONE',  ( 47.50000000000003553, 152.5758622134924565, 3.500000000000000000 ) ) ;
#682 = ORIENTED_EDGE ( 'NONE', *, *, #1542, .F. ) ;
#683 = DIRECTION ( 'NONE',  ( -0.000000000000000000, -0.000000000000000000, 1.000000000000000000 ) ) ;
#684 = LINE ( 'NONE', #1263, #678 ) ;
#685 = APPLICATION_PROTOCOL_DEFINITION ( 'draft international standard', 'automotive_design', 1998, #792 ) ;
#686 = ORIENTED_EDGE ( 'NONE', *, *, #783, .T. ) ;
#687 = LINE ( 'NONE', #435, #1487 ) ;
#688 = ORIENTED_EDGE ( 'NONE', *, *, #981, .F. ) ;
#689 = AXIS2_PLACEMENT_3D ( 'NONE', #1219, #1057, #1455 ) ;
#690 = VECTOR ( 'NONE', #1556, 1000.000000000000000 ) ;
#691 = FACE_OUTER_BOUND ( 'NONE', #52, .T. ) ;
#692 = ADVANCED_FACE ( 'NONE', ( #381 ), #850, .F. ) ;
#693 = ORIENTED_EDGE ( 'NONE', *, *, #125, .F. ) ;
#694 = FACE_OUTER_BOUND ( 'NONE', #776, .T. ) ;
#695 = CARTESIAN_POINT ( 'NONE',  ( 4.999999999999999112, 171.3397459621555754, 3.500000000000000000 ) ) ;
#696 = EDGE_CURVE ( 'NONE', #341, #323, #601, .T. ) ;
#697 = CYLINDRICAL_SURFACE ( 'NONE', #958, 5.000000000000000000 ) ;
#698 = CARTESIAN_POINT ( 'NONE',  ( 8.350000000000001421, 10.00000000000000000, 3.500000000000000000 ) ) ;
#699 = ORIENTED_EDGE ( 'NONE', *, *, #285, .F. ) ;
#700 = FACE_OUTER_BOUND ( 'NONE', #1265, .T. ) ;
#701 = CARTESIAN_POINT ( 'NONE',  ( 11.64999999999999858, 160.0000000000000000, -1.000000000000000444 ) ) ;
#702 = EDGE_CURVE ( 'NONE', #313, #1553, #16, .T. ) ;
#703 = CARTESIAN_POINT ( 'NONE',  ( 70.50000000000000000, 50.00000000000000000, 3.500000000000000000 ) ) ;
#704 = DIRECTION ( 'NONE',  ( -1.000000000000000000, 0.000000000000000000, 0.000000000000000000 ) ) ;
#705 = VERTEX_POINT ( 'NONE', #11 ) ;
#706 = DIRECTION ( 'NONE',  ( -2.081668171172169006E-16, 1.000000000000000000, 0.000000000000000000 ) ) ;
#707 = DIRECTION ( 'NONE',  ( -1.000000000000000000, 0.000000000000000000, 0.000000000000000000 ) ) ;
#708 = CARTESIAN_POINT ( 'NONE',  ( 10.00000000000000000, 160.0000000000000000, -1.000000000000000444 ) ) ;
#709 = CARTESIAN_POINT ( 'NONE',  ( 25.00000000000000000, 130.0000000000000000, -3.500000000000000000 ) ) ;
#710 = CARTESIAN_POINT ( 'NONE',  ( 225.6698729810778445, 7.499999999999992895, 3.500000000000000000 ) ) ;
#711 = EDGE_LOOP ( 'NONE', ( #1355, #230 ) ) ;
#712 = ADVANCED_FACE ( 'NONE', ( #1089 ), #726, .F. ) ;
#713 = CARTESIAN_POINT ( 'NONE',  ( 80.00000000000000000, 37.50000000000000000, -3.500000000000000000 ) ) ;
#714 = DIRECTION ( 'NONE',  ( -1.000000000000000000, 0.000000000000000000, 0.000000000000000000 ) ) ;
#715 = AXIS2_PLACEMENT_3D ( 'NONE', #1361, #1259, #167 ) ;
#716 = CARTESIAN_POINT ( 'NONE',  ( 10.00000000000000000, 160.0000000000000000, -1.000000000000000444 ) ) ;
#717 = CARTESIAN_POINT ( 'NONE',  ( 193.2589838486224778, 40.00000000000003553, 3.500000000000000000 ) ) ;
#718 = EDGE_CURVE ( 'NONE', #410, #1017, #1519, .T. ) ;
#719 = VERTEX_POINT ( 'NONE', #1460 ) ;
#720 = ORIENTED_EDGE ( 'NONE', *, *, #1090, .F. ) ;
#721 = DIRECTION ( 'NONE',  ( 1.908195823574488297E-16, -1.000000000000000000, 0.000000000000000000 ) ) ;
#722 = CARTESIAN_POINT ( 'NONE',  ( 195.3589838486224721, 40.00000000000003553, 3.500000000000000000 ) ) ;
#723 = DIRECTION ( 'NONE',  ( -0.000000000000000000, -0.000000000000000000, 1.000000000000000000 ) ) ;
#724 = VERTEX_POINT ( 'NONE', #373 ) ;
#725 = ORIENTED_EDGE ( 'NONE', *, *, #237, .T. ) ;
#726 = PLANE ( 'NONE',  #657 ) ;
#727 = CARTESIAN_POINT ( 'NONE',  ( 40.00000000000000711, 145.3589838486221595, 3.500000000000000000 ) ) ;
#728 = VECTOR ( 'NONE', #442, 1000.000000000000000 ) ;
#729 = EDGE_CURVE ( 'NONE', #1160, #434, #1452, .T. ) ;
#730 = CARTESIAN_POINT ( 'NONE',  ( 10.00000000000000000, 10.00000000000000000, -3.500000000000000000 ) ) ;
#731 = CIRCLE ( 'NONE', #145, 12.50000000000001066 ) ;
#732 = DIRECTION ( 'NONE',  ( 0.000000000000000000, 0.000000000000000000, 1.000000000000000000 ) ) ;
#733 = ORIENTED_EDGE ( 'NONE', *, *, #14, .F. ) ;
#734 = VECTOR ( 'NONE', #615, 1000.000000000000000 ) ;
#735 = EDGE_LOOP ( 'NONE', ( #1044, #787, #511, #210 ) ) ;
#736 = DIRECTION ( 'NONE',  ( -1.000000000000000000, -2.081668171172169006E-16, -0.000000000000000000 ) ) ;
#737 = EDGE_CURVE ( 'NONE', #1559, #1500, #890, .T. ) ;
#738 = FACE_BOUND ( 'NONE', #778, .T. ) ;
#739 = VECTOR ( 'NONE', #1295, 1000.000000000000000 ) ;
#740 = EDGE_CURVE ( 'NONE', #364, #323, #1302, .T. ) ;
#741 = DIRECTION ( 'NONE',  ( 1.000000000000000000, 0.000000000000000000, 0.000000000000000000 ) ) ;
#742 = VERTEX_POINT ( 'NONE', #1334 ) ;
#743 = VERTEX_POINT ( 'NONE', #626 ) ;
#744 = CARTESIAN_POINT ( 'NONE',  ( 211.6500000000000057, 10.00000000000000888, 3.500000000000000000 ) ) ;
#745 = DIRECTION ( 'NONE',  ( 0.000000000000000000, 0.000000000000000000, -1.000000000000000000 ) ) ;
#746 = EDGE_CURVE ( 'NONE', #773, #724, #457, .T. ) ;
#747 = CARTESIAN_POINT ( 'NONE',  ( 198.2457351945707273, 45.00000000000004263, 3.500000000000000000 ) ) ;
#748 = ORIENTED_EDGE ( 'NONE', *, *, #334, .T. ) ;
#749 = DIRECTION ( 'NONE',  ( -1.000000000000000000, 0.000000000000000000, 0.000000000000000000 ) ) ;
#750 = LINE ( 'NONE', #509, #1270 ) ;
#751 = CIRCLE ( 'NONE', #935, 1.650000000000012568 ) ;
#752 = CYLINDRICAL_SURFACE ( 'NONE', #1363, 20.50000000000000355 ) ;
#753 = AXIS2_PLACEMENT_3D ( 'NONE', #1221, #340, #1199 ) ;
#754 = ORIENTED_EDGE ( 'NONE', *, *, #327, .F. ) ;
#755 = VERTEX_POINT ( 'NONE', #2 ) ;
#756 = PRODUCT_RELATED_PRODUCT_CATEGORY ( 'part', '', ( #1488 ) ) ;
#757 = CARTESIAN_POINT ( 'NONE',  ( 0.000000000000000000, 180.0000000000000000, -3.500000000000000000 ) ) ;
#758 = DIRECTION ( 'NONE',  ( 0.4999999999999980571, -0.8660254037844397068, 0.000000000000000000 ) ) ;
#759 = AXIS2_PLACEMENT_3D ( 'NONE', #469, #1538, #580 ) ;
#760 = CARTESIAN_POINT ( 'NONE',  ( 29.50000000000000355, 50.00000000000000000, 3.500000000000000000 ) ) ;
#761 = VECTOR ( 'NONE', #1081, 1000.000000000000000 ) ;
#762 = ORIENTED_EDGE ( 'NONE', *, *, #900, .F. ) ;
#763 = ORIENTED_EDGE ( 'NONE', *, *, #1313, .F. ) ;
#764 = ORIENTED_EDGE ( 'NONE', *, *, #1164, .F. ) ;
#765 = VECTOR ( 'NONE', #790, 1000.000000000000000 ) ;
#766 = CARTESIAN_POINT ( 'NONE',  ( 7.500000000000012434, 175.6698729810777593, 3.500000000000000000 ) ) ;
#767 = CARTESIAN_POINT ( 'NONE',  ( 12.50000000000000533, 130.0000000000000000, -3.500000000000000000 ) ) ;
#768 = PRODUCT_DEFINITION_SHAPE ( 'NONE', 'NONE',  #1037 ) ;
#769 = DIRECTION ( 'NONE',  ( -1.000000000000000000, 0.000000000000000000, 0.000000000000000000 ) ) ;
#770 = EDGE_LOOP ( 'NONE', ( #542, #1193, #1069, #95 ) ) ;
#771 = ORIENTED_EDGE ( 'NONE', *, *, #1192, .T. ) ;
#772 = DIRECTION ( 'NONE',  ( 0.000000000000000000, 0.000000000000000000, 1.000000000000000000 ) ) ;
#773 = VERTEX_POINT ( 'NONE', #494 ) ;
#774 = ADVANCED_FACE ( 'NONE', ( #507 ), #977, .F. ) ;
#775 = CYLINDRICAL_SURFACE ( 'NONE', #448, 4.000000000000003553 ) ;
#776 = EDGE_LOOP ( 'NONE', ( #633, #196, #555, #48 ) ) ;
#777 = AXIS2_PLACEMENT_3D ( 'NONE', #344, #91, #846 ) ;
#778 = EDGE_LOOP ( 'NONE', ( #1184, #1167 ) ) ;
#779 = CIRCLE ( 'NONE', #1467, 2.099999999999997868 ) ;
#780 = ORIENTED_EDGE ( 'NONE', *, *, #356, .F. ) ;
#781 = DIRECTION ( 'NONE',  ( 1.162077131796373312E-16, -1.000000000000000000, 0.000000000000000000 ) ) ;
#782 = EDGE_LOOP ( 'NONE', ( #896, #1222 ) ) ;
#783 = EDGE_CURVE ( 'NONE', #1458, #982, #1185, .T. ) ;
#784 = FACE_OUTER_BOUND ( 'NONE', #593, .T. ) ;
#785 = CARTESIAN_POINT ( 'NONE',  ( 197.4589838486224664, 40.00000000000003553, 3.500000000000000000 ) ) ;
#786 = EDGE_CURVE ( 'NONE', #190, #517, #243, .T. ) ;
#787 = ORIENTED_EDGE ( 'NONE', *, *, #1231, .F. ) ;
#788 = ORIENTED_EDGE ( 'NONE', *, *, #128, .F. ) ;
#789 = EDGE_LOOP ( 'NONE', ( #763, #1151, #1346, #686 ) ) ;
#790 = DIRECTION ( 'NONE',  ( -0.000000000000000000, -0.000000000000000000, 1.000000000000000000 ) ) ;
#791 = ORIENTED_EDGE ( 'NONE', *, *, #838, .F. ) ;
#792 = APPLICATION_CONTEXT ( 'automotive_design' ) ;
#793 = DIRECTION ( 'NONE',  ( -0.8660254037844363761, 0.5000000000000041078, -0.000000000000000000 ) ) ;
#794 = CARTESIAN_POINT ( 'NONE',  ( 206.0000000000000000, 10.00000000000000888, -3.500000000000000000 ) ) ;
#795 = CARTESIAN_POINT ( 'NONE',  ( 80.00000000000000000, 37.50000000000000000, -3.500000000000000000 ) ) ;
#796 = ORIENTED_EDGE ( 'NONE', *, *, #1254, .F. ) ;
#797 = LINE ( 'NONE', #1534, #679 ) ;
#798 = CYLINDRICAL_SURFACE ( 'NONE', #1498, 1.650000000000012568 ) ;
#799 = ORIENTED_EDGE ( 'NONE', *, *, #1489, .T. ) ;
#800 = ORIENTED_EDGE ( 'NONE', *, *, #696, .T. ) ;
#801 = CARTESIAN_POINT ( 'NONE',  ( 210.0000000000000000, 10.00000000000000888, -1.000000000000000000 ) ) ;
#802 = CARTESIAN_POINT ( 'NONE',  ( 50.00000000000000000, 50.00000000000000000, -1.500000000000000000 ) ) ;
#803 = VERTEX_POINT ( 'NONE', #744 ) ;
#804 = DIRECTION ( 'NONE',  ( 0.000000000000000000, 0.000000000000000000, -1.000000000000000000 ) ) ;
#805 = ORIENTED_EDGE ( 'NONE', *, *, #1094, .F. ) ;
#806 = DIRECTION ( 'NONE',  ( -0.4999999999999980016, 0.8660254037844397068, -0.000000000000000000 ) ) ;
#807 = ADVANCED_FACE ( 'NONE', ( #1468 ), #1233, .F. ) ;
#808 = ORIENTED_EDGE ( 'NONE', *, *, #1441, .T. ) ;
#809 = AXIS2_PLACEMENT_3D ( 'NONE', #904, #1380, #664 ) ;
#810 = CIRCLE ( 'NONE', #1567, 2.099999999999990763 ) ;
#811 = DIRECTION ( 'NONE',  ( -0.000000000000000000, -0.000000000000000000, 1.000000000000000000 ) ) ;
#812 = ORIENTED_EDGE ( 'NONE', *, *, #523, .T. ) ;
#813 = CARTESIAN_POINT ( 'NONE',  ( 12.50000000000000533, 130.0000000000000000, -3.500000000000000000 ) ) ;
#814 = AXIS2_PLACEMENT_3D ( 'NONE', #368, #157, #530 ) ;
#815 = DIRECTION ( 'NONE',  ( -1.000000000000000000, 2.220446049250313081E-14, 0.000000000000000000 ) ) ;
#816 = FACE_OUTER_BOUND ( 'NONE', #996, .T. ) ;
#817 = LINE ( 'NONE', #1299, #987 ) ;
#818 = ORIENTED_EDGE ( 'NONE', *, *, #946, .F. ) ;
#819 = AXIS2_PLACEMENT_3D ( 'NONE', #613, #1104, #979 ) ;
#820 = EDGE_CURVE ( 'NONE', #1400, #933, #93, .T. ) ;
#821 = CIRCLE ( 'NONE', #21, 5.000000000000004441 ) ;
#822 = CARTESIAN_POINT ( 'NONE',  ( 197.4589838486224664, 40.00000000000003553, 3.500000000000000000 ) ) ;
#823 = CARTESIAN_POINT ( 'NONE',  ( 0.000000000000000000, 0.000000000000000000, 3.500000000000000000 ) ) ;
#824 = FACE_OUTER_BOUND ( 'NONE', #965, .T. ) ;
#825 = DIRECTION ( 'NONE',  ( -1.000000000000000000, 0.000000000000000000, 0.000000000000000000 ) ) ;
#826 = DIRECTION ( 'NONE',  ( 1.000000000000000000, 0.000000000000000000, 0.000000000000000000 ) ) ;
#827 = ORIENTED_EDGE ( 'NONE', *, *, #1431, .T. ) ;
#828 = CARTESIAN_POINT ( 'NONE',  ( 25.00000000000000000, 25.00000000000000000, 3.500000000000000000 ) ) ;
#829 = DIRECTION ( 'NONE',  ( 1.000000000000000000, 0.000000000000000000, 0.000000000000000000 ) ) ;
#830 = CARTESIAN_POINT ( 'NONE',  ( 51.46446609406724804, 89.95689014324243260, -3.500000000000000000 ) ) ;
#831 = APPLICATION_PROTOCOL_DEFINITION ( 'draft international standard', 'automotive_design', 1998, #152 ) ;
#832 = EDGE_CURVE ( 'NONE', #705, #803, #751, .T. ) ;
#833 = DIRECTION ( 'NONE',  ( -0.000000000000000000, -0.000000000000000000, 1.000000000000000000 ) ) ;
#834 = ORIENTED_EDGE ( 'NONE', *, *, #1231, .T. ) ;
#835 = CIRCLE ( 'NONE', #146, 1.649999999999998579 ) ;
#836 = CARTESIAN_POINT ( 'NONE',  ( 12.50000000000000533, 130.0000000000000000, -3.500000000000000000 ) ) ;
#837 = FACE_BOUND ( 'NONE', #875, .T. ) ;
#838 = EDGE_CURVE ( 'NONE', #341, #180, #779, .T. ) ;
#839 = LINE ( 'NONE', #1309, #860 ) ;
#840 = LINE ( 'NONE', #1322, #734 ) ;
#841 = EDGE_CURVE ( 'NONE', #445, #1112, #810, .T. ) ;
#842 = ORIENTED_EDGE ( 'NONE', *, *, #508, .F. ) ;
#843 = VECTOR ( 'NONE', #1549, 1000.000000000000000 ) ;
#844 = DIRECTION ( 'NONE',  ( -0.000000000000000000, -0.000000000000000000, 1.000000000000000000 ) ) ;
#845 = CARTESIAN_POINT ( 'NONE',  ( 50.00000000000000711, 91.42135623730968064, 3.500000000000000000 ) ) ;
#846 = DIRECTION ( 'NONE',  ( 0.7071067811865440200, -0.7071067811865511255, 0.000000000000000000 ) ) ;
#847 = CYLINDRICAL_SURFACE ( 'NONE', #316, 1.649999999999998579 ) ;
#848 = ORIENTED_EDGE ( 'NONE', *, *, #1113, .F. ) ;
#849 = ORIENTED_EDGE ( 'NONE', *, *, #1235, .T. ) ;
#850 = CYLINDRICAL_SURFACE ( 'NONE', #326, 2.099999999999997868 ) ;
#851 = CARTESIAN_POINT ( 'NONE',  ( 5.999999999999999112, 10.00000000000000000, -3.500000000000000000 ) ) ;
#852 = CARTESIAN_POINT ( 'NONE',  ( 14.00000000000000178, 10.00000000000000000, -1.000000000000000000 ) ) ;
#853 = DIRECTION ( 'NONE',  ( 0.000000000000000000, 0.000000000000000000, -1.000000000000000000 ) ) ;
#854 = ORIENTED_EDGE ( 'NONE', *, *, #1272, .T. ) ;
#855 = ORIENTED_EDGE ( 'NONE', *, *, #39, .T. ) ;
#856 = ADVANCED_FACE ( 'NONE', ( #1129 ), #1010, .F. ) ;
#857 = DIRECTION ( 'NONE',  ( -0.000000000000000000, -0.000000000000000000, 1.000000000000000000 ) ) ;
#858 = EDGE_CURVE ( 'NONE', #1132, #190, #26, .T. ) ;
#859 = LINE ( 'NONE', #115, #690 ) ;
#860 = VECTOR ( 'NONE', #100, 1000.000000000000000 ) ;
#861 = CIRCLE ( 'NONE', #581, 5.000000000000000000 ) ;
#862 = FACE_OUTER_BOUND ( 'NONE', #418, .T. ) ;
#863 = EDGE_LOOP ( 'NONE', ( #1284, #1398, #1332, #257 ) ) ;
#864 = EDGE_CURVE ( 'NONE', #662, #670, #64, .T. ) ;
#865 = CARTESIAN_POINT ( 'NONE',  ( 0.000000000000000000, 0.000000000000000000, 3.500000000000000000 ) ) ;
#866 = DIRECTION ( 'NONE',  ( -1.000000000000000000, 0.000000000000000000, -0.000000000000000000 ) ) ;
#867 = AXIS2_PLACEMENT_3D ( 'NONE', #232, #596, #1571 ) ;
#868 = DIRECTION ( 'NONE',  ( 1.000000000000000000, 0.000000000000000000, 0.000000000000000000 ) ) ;
#869 = ORIENTED_EDGE ( 'NONE', *, *, #1189, .T. ) ;
#870 = ORIENTED_EDGE ( 'NONE', *, *, #1113, .T. ) ;
#871 = DIRECTION ( 'NONE',  ( -0.000000000000000000, -0.000000000000000000, -1.000000000000000000 ) ) ;
#872 = PLANE ( 'NONE',  #133 ) ;
#873 = DIRECTION ( 'NONE',  ( -0.000000000000000000, -0.000000000000000000, 1.000000000000000000 ) ) ;
#874 = EDGE_CURVE ( 'NONE', #540, #158, #687, .T. ) ;
#875 = EDGE_LOOP ( 'NONE', ( #275, #1054 ) ) ;
#876 = DIRECTION ( 'NONE',  ( 0.000000000000000000, 1.000000000000000000, 0.000000000000000000 ) ) ;
#877 = CARTESIAN_POINT ( 'NONE',  ( 25.00000000000000000, 25.00000000000000000, -3.500000000000000000 ) ) ;
#878 = CIRCLE ( 'NONE', #392, 2.099999999999990763 ) ;
#879 = ADVANCED_FACE ( 'NONE', ( #1290, #395 ), #1416, .T. ) ;
#880 = AXIS2_PLACEMENT_3D ( 'NONE', #1114, #258, #1239 ) ;
#881 = DIRECTION ( 'NONE',  ( -1.000000000000000000, 0.000000000000000000, 0.000000000000000000 ) ) ;
#882 = VECTOR ( 'NONE', #586, 1000.000000000000000 ) ;
#883 = ORIENTED_EDGE ( 'NONE', *, *, #1469, .T. ) ;
#884 = VERTEX_POINT ( 'NONE', #886 ) ;
#885 = CIRCLE ( 'NONE', #1485, 20.50000000000000355 ) ;
#886 = CARTESIAN_POINT ( 'NONE',  ( 50.00000000000000000, 148.2457351945702726, -3.500000000000000000 ) ) ;
#887 = FACE_BOUND ( 'NONE', #618, .T. ) ;
#888 = CARTESIAN_POINT ( 'NONE',  ( 50.00000000000000000, 50.00000000000000000, -1.500000000000000000 ) ) ;
#889 = AXIS2_PLACEMENT_3D ( 'NONE', #895, #772, #17 ) ;
#890 = CIRCLE ( 'NONE', #404, 4.999999999999997335 ) ;
#891 = VERTEX_POINT ( 'NONE', #1369 ) ;
#892 = ORIENTED_EDGE ( 'NONE', *, *, #1046, .T. ) ;
#893 =( GEOMETRIC_REPRESENTATION_CONTEXT ( 3 ) GLOBAL_UNCERTAINTY_ASSIGNED_CONTEXT ( ( #372 ) ) GLOBAL_UNIT_ASSIGNED_CONTEXT ( ( #584, #222, #207 ) ) REPRESENTATION_CONTEXT ( 'NONE', 'WORKASPACE' ) );
#894 = ADVANCED_FACE ( 'NONE', ( #322 ), #272, .F. ) ;
#895 = CARTESIAN_POINT ( 'NONE',  ( 25.00000000000000355, 80.00000000000000000, -3.500000000000000000 ) ) ;
#896 = ORIENTED_EDGE ( 'NONE', *, *, #14, .T. ) ;
#897 = LINE ( 'NONE', #408, #1292 ) ;
#898 = ORIENTED_EDGE ( 'NONE', *, *, #1489, .F. ) ;
#899 = ORIENTED_EDGE ( 'NONE', *, *, #952, .F. ) ;
#900 = EDGE_CURVE ( 'NONE', #539, #1237, #731, .T. ) ;
#901 = FACE_OUTER_BOUND ( 'NONE', #1052, .T. ) ;
#902 = ORIENTED_EDGE ( 'NONE', *, *, #1090, .T. ) ;
#903 = EDGE_CURVE ( 'NONE', #76, #546, #817, .T. ) ;
#904 = CARTESIAN_POINT ( 'NONE',  ( 80.00000000000000000, 25.00000000000000000, -3.500000000000000000 ) ) ;
#905 = ORIENTED_EDGE ( 'NONE', *, *, #1376, .T. ) ;
#906 = VERTEX_POINT ( 'NONE', #519 ) ;
#907 = LINE ( 'NONE', #550, #467 ) ;
#908 = ORIENTED_EDGE ( 'NONE', *, *, #919, .T. ) ;
#909 = DIRECTION ( 'NONE',  ( -0.000000000000000000, -0.000000000000000000, -1.000000000000000000 ) ) ;
#910 = DIRECTION ( 'NONE',  ( -1.000000000000000000, 0.000000000000000000, 0.000000000000000000 ) ) ;
#911 = CARTESIAN_POINT ( 'NONE',  ( 45.00000000000001421, 148.2457351945702726, 3.500000000000000000 ) ) ;
#912 = VERTEX_POINT ( 'NONE', #913 ) ;
#913 = CARTESIAN_POINT ( 'NONE',  ( 198.2457351945707273, 50.00000000000003553, -3.500000000000000000 ) ) ;
#914 = EDGE_LOOP ( 'NONE', ( #417, #855, #1575, #754 ) ) ;
#915 = DIRECTION ( 'NONE',  ( 1.000000000000000000, 0.000000000000000000, 0.000000000000000000 ) ) ;
#916 = ORIENTED_EDGE ( 'NONE', *, *, #1072, .F. ) ;
#917 = ORIENTED_EDGE ( 'NONE', *, *, #1343, .F. ) ;
#918 = CARTESIAN_POINT ( 'NONE',  ( 206.0000000000000000, 10.00000000000000888, -1.000000000000000000 ) ) ;
#919 = EDGE_CURVE ( 'NONE', #891, #1392, #208, .T. ) ;
#920 = DIRECTION ( 'NONE',  ( 1.000000000000000000, 1.908195823574488297E-16, 0.000000000000000000 ) ) ;
#921 = CYLINDRICAL_SURFACE ( 'NONE', #564, 12.50000000000000355 ) ;
#922 = ORIENTED_EDGE ( 'NONE', *, *, #1397, .F. ) ;
#923 = CARTESIAN_POINT ( 'NONE',  ( 10.00000000000000000, 160.0000000000000000, 3.500000000000000000 ) ) ;
#924 = ADVANCED_FACE ( 'NONE', ( #77 ), #197, .F. ) ;
#925 = VERTEX_POINT ( 'NONE', #1252 ) ;
#926 = CYLINDRICAL_SURFACE ( 'NONE', #407, 12.50000000000001066 ) ;
#927 = EDGE_LOOP ( 'NONE', ( #1232, #1001, #898, #437 ) ) ;
#928 = DIRECTION ( 'NONE',  ( 0.000000000000000000, 0.000000000000000000, 1.000000000000000000 ) ) ;
#929 = DIRECTION ( 'NONE',  ( 0.000000000000000000, 0.000000000000000000, 1.000000000000000000 ) ) ;
#930 = DIRECTION ( 'NONE',  ( -1.000000000000000000, 0.000000000000000000, 0.000000000000000000 ) ) ;
#931 = VERTEX_POINT ( 'NONE', #160 ) ;
#932 = CARTESIAN_POINT ( 'NONE',  ( 10.00000000000000000, 160.0000000000000000, -1.000000000000000000 ) ) ;
#933 = VERTEX_POINT ( 'NONE', #1051 ) ;
#934 = CIRCLE ( 'NONE', #1261, 5.000000000000000000 ) ;
#935 = AXIS2_PLACEMENT_3D ( 'NONE', #631, #20, #266 ) ;
#936 = DIRECTION ( 'NONE',  ( -0.000000000000000000, -0.000000000000000000, 1.000000000000000000 ) ) ;
#937 = PLANE ( 'NONE',  #1426 ) ;
#938 = DIRECTION ( 'NONE',  ( 1.000000000000000000, 0.000000000000000000, 0.000000000000000000 ) ) ;
#939 = DIRECTION ( 'NONE',  ( -0.000000000000000000, -0.000000000000000000, 1.000000000000000000 ) ) ;
#940 = CARTESIAN_POINT ( 'NONE',  ( 25.00000000000000355, 80.00000000000000000, -3.500000000000000000 ) ) ;
#941 = ORIENTED_EDGE ( 'NONE', *, *, #737, .T. ) ;
#942 =( GEOMETRIC_REPRESENTATION_CONTEXT ( 3 ) GLOBAL_UNCERTAINTY_ASSIGNED_CONTEXT ( ( #619 ) ) GLOBAL_UNIT_ASSIGNED_CONTEXT ( ( #1448, #583, #1424 ) ) REPRESENTATION_CONTEXT ( 'NONE', 'WORKASPACE' ) );
#943 = CIRCLE ( 'NONE', #1014, 1.649999999999998579 ) ;
#944 = FACE_OUTER_BOUND ( 'NONE', #1171, .T. ) ;
#945 = DIRECTION ( 'NONE',  ( 3.469446951953614189E-16, -1.000000000000000000, 0.000000000000000000 ) ) ;
#946 = EDGE_CURVE ( 'NONE', #434, #577, #797, .T. ) ;
#947 = DIRECTION ( 'NONE',  ( 1.000000000000000000, 0.000000000000000000, 0.000000000000000000 ) ) ;
#948 = CARTESIAN_POINT ( 'NONE',  ( 27.09999999999999787, 25.00000000000000000, 3.500000000000000000 ) ) ;
#949 = CARTESIAN_POINT ( 'NONE',  ( 50.00000000000000000, 148.2457351945702726, 3.500000000000000000 ) ) ;
#950 = CARTESIAN_POINT ( 'NONE',  ( 5.999999999999998224, 160.0000000000000000, -1.000000000000000000 ) ) ;
#951 = ORIENTED_EDGE ( 'NONE', *, *, #975, .T. ) ;
#952 = EDGE_CURVE ( 'NONE', #1400, #1017, #444, .T. ) ;
#953 = FACE_OUTER_BOUND ( 'NONE', #365, .T. ) ;
#954 = CYLINDRICAL_SURFACE ( 'NONE', #559, 2.099999999999997868 ) ;
#955 = ADVANCED_FACE ( 'NONE', ( #575 ), #1058, .F. ) ;
#956 = LINE ( 'NONE', #346, #1340 ) ;
#957 = ORIENTED_EDGE ( 'NONE', *, *, #718, .F. ) ;
#958 = AXIS2_PLACEMENT_3D ( 'NONE', #655, #1142, #62 ) ;
#959 = VECTOR ( 'NONE', #793, 1000.000000000000000 ) ;
#960 = AXIS2_PLACEMENT_3D ( 'NONE', #497, #1106, #94 ) ;
#961 = LINE ( 'NONE', #813, #739 ) ;
#962 = PLANE ( 'NONE',  #867 ) ;
#963 = SURFACE_STYLE_FILL_AREA ( #1572 ) ;
#964 = DIRECTION ( 'NONE',  ( -0.000000000000000000, -0.000000000000000000, 1.000000000000000000 ) ) ;
#965 = EDGE_LOOP ( 'NONE', ( #1430, #1482, #656, #1443 ) ) ;
#966 = AXIS2_PLACEMENT_3D ( 'NONE', #1341, #388, #1474 ) ;
#967 = CARTESIAN_POINT ( 'NONE',  ( 45.00000000000001421, 148.2457351945702726, 3.500000000000000000 ) ) ;
#968 = AXIS2_PLACEMENT_3D ( 'NONE', #405, #1480, #253 ) ;
#969 = CARTESIAN_POINT ( 'NONE',  ( 93.49242404917474403, 50.00000000000003553, 3.500000000000000000 ) ) ;
#970 = SURFACE_STYLE_USAGE ( .BOTH. , #1557 ) ;
#971 = AXIS2_PLACEMENT_3D ( 'NONE', #57, #1147, #51 ) ;
#972 = EDGE_CURVE ( 'NONE', #1365, #891, #1428, .T. ) ;
#973 = FACE_OUTER_BOUND ( 'NONE', #443, .T. ) ;
#974 = EDGE_LOOP ( 'NONE', ( #1152, #1136, #1200, #834 ) ) ;
#975 = EDGE_CURVE ( 'NONE', #283, #269, #192, .T. ) ;
#976 = ORIENTED_EDGE ( 'NONE', *, *, #399, .F. ) ;
#977 = PLANE ( 'NONE',  #1097 ) ;
#978 = CARTESIAN_POINT ( 'NONE',  ( 37.90000000000001279, 145.3589838486221595, 3.500000000000000000 ) ) ;
#979 = DIRECTION ( 'NONE',  ( -1.000000000000000000, 0.000000000000000000, 0.000000000000000000 ) ) ;
#980 = PLANE ( 'NONE',  #1161 ) ;
#981 = EDGE_CURVE ( 'NONE', #1112, #445, #264, .T. ) ;
#982 = VERTEX_POINT ( 'NONE', #178 ) ;
#983 = ORIENTED_EDGE ( 'NONE', *, *, #1009, .T. ) ;
#984 = DIRECTION ( 'NONE',  ( -1.000000000000000000, 0.000000000000000000, 0.000000000000000000 ) ) ;
#985 = CARTESIAN_POINT ( 'NONE',  ( 10.00000000000000000, 160.0000000000000000, 3.500000000000000000 ) ) ;
#986 = VECTOR ( 'NONE', #1505, 1000.000000000000000 ) ;
#987 = VECTOR ( 'NONE', #806, 1000.000000000000227 ) ;
#988 = CYLINDRICAL_SURFACE ( 'NONE', #1419, 4.000000000000001776 ) ;
#989 = ORIENTED_EDGE ( 'NONE', *, *, #486, .T. ) ;
#990 = CARTESIAN_POINT ( 'NONE',  ( 80.00000000000000000, 37.50000000000000000, -3.500000000000000000 ) ) ;
#991 = DIRECTION ( 'NONE',  ( -0.000000000000000000, -0.000000000000000000, 1.000000000000000000 ) ) ;
#992 = VECTOR ( 'NONE', #1217, 1000.000000000000000 ) ;
#993 = EDGE_CURVE ( 'NONE', #1040, #1139, #1276, .T. ) ;
#994 = VECTOR ( 'NONE', #99, 1000.000000000000000 ) ;
#995 = CARTESIAN_POINT ( 'NONE',  ( 195.3589838486224721, 40.00000000000003553, 3.500000000000000000 ) ) ;
#996 = EDGE_LOOP ( 'NONE', ( #1383, #1478, #406, #908 ) ) ;
#997 = DIRECTION ( 'NONE',  ( 0.000000000000000000, 0.000000000000000000, 1.000000000000000000 ) ) ;
#998 = ADVANCED_FACE ( 'NONE', ( #824 ), #1047, .F. ) ;
#999 = CARTESIAN_POINT ( 'NONE',  ( 29.50000000000000355, 50.00000000000000000, -1.500000000000000000 ) ) ;
#1000 = LINE ( 'NONE', #1372, #1287 ) ;
#1001 = ORIENTED_EDGE ( 'NONE', *, *, #1215, .F. ) ;
#1002 = VERTEX_POINT ( 'NONE', #1521 ) ;
#1003 = DIRECTION ( 'NONE',  ( 1.000000000000000000, 0.000000000000000000, 0.000000000000000000 ) ) ;
#1004 = FACE_BOUND ( 'NONE', #1301, .T. ) ;
#1005 = AXIS2_PLACEMENT_3D ( 'NONE', #179, #75, #318 ) ;
#1006 = VECTOR ( 'NONE', #644, 1000.000000000000000 ) ;
#1007 = DIRECTION ( 'NONE',  ( -0.000000000000000000, -0.000000000000000000, 1.000000000000000000 ) ) ;
#1008 = ORIENTED_EDGE ( 'NONE', *, *, #858, .F. ) ;
#1009 = EDGE_CURVE ( 'NONE', #55, #517, #422, .T. ) ;
#1010 = CYLINDRICAL_SURFACE ( 'NONE', #168, 4.000000000000001776 ) ;
#1011 = DIRECTION ( 'NONE',  ( 1.000000000000000000, 0.000000000000000000, 0.000000000000000000 ) ) ;
#1012 = AXIS2_PLACEMENT_3D ( 'NONE', #828, #1554, #335 ) ;
#1013 = CARTESIAN_POINT ( 'NONE',  ( 198.2457351945707273, 45.00000000000004263, -3.500000000000000000 ) ) ;
#1014 = AXIS2_PLACEMENT_3D ( 'NONE', #985, #1210, #621 ) ;
#1015 = EDGE_CURVE ( 'NONE', #9, #1160, #1027, .T. ) ;
#1016 = EDGE_LOOP ( 'NONE', ( #957, #1345 ) ) ;
#1017 = VERTEX_POINT ( 'NONE', #563 ) ;
#1018 = EDGE_CURVE ( 'NONE', #323, #364, #1159, .T. ) ;
#1019 = DIRECTION ( 'NONE',  ( -1.000000000000000000, 0.000000000000000000, 0.000000000000000000 ) ) ;
#1020 = ORIENTED_EDGE ( 'NONE', *, *, #107, .T. ) ;
#1021 = DIRECTION ( 'NONE',  ( -1.000000000000000000, 0.000000000000000000, 0.000000000000000000 ) ) ;
#1022 = ORIENTED_EDGE ( 'NONE', *, *, #255, .T. ) ;
#1023 = EDGE_CURVE ( 'NONE', #931, #19, #478, .T. ) ;
#1024 = ORIENTED_EDGE ( 'NONE', *, *, #903, .F. ) ;
#1025 = DIRECTION ( 'NONE',  ( -0.4999999999999980016, 0.8660254037844397068, -0.000000000000000000 ) ) ;
#1026 = EDGE_LOOP ( 'NONE', ( #1271, #118, #1338, #66 ) ) ;
#1027 = LINE ( 'NONE', #72, #1216 ) ;
#1028 = DIRECTION ( 'NONE',  ( 0.8660254037844363761, -0.5000000000000041078, 0.000000000000000000 ) ) ;
#1029 = DIRECTION ( 'NONE',  ( -0.000000000000000000, -0.000000000000000000, 1.000000000000000000 ) ) ;
#1030 = ORIENTED_EDGE ( 'NONE', *, *, #68, .T. ) ;
#1031 = AXIS2_PLACEMENT_3D ( 'NONE', #233, #732, #826 ) ;
#1032 = ORIENTED_EDGE ( 'NONE', *, *, #423, .T. ) ;
#1033 = DIRECTION ( 'NONE',  ( -1.000000000000000000, -2.775557561562888984E-15, 0.000000000000000000 ) ) ;
#1034 = EDGE_LOOP ( 'NONE', ( #617, #1260, #788, #762, #414 ) ) ;
#1035 = ORIENTED_EDGE ( 'NONE', *, *, #740, .T. ) ;
#1036 = CARTESIAN_POINT ( 'NONE',  ( 180.0000000000000000, 25.00000000000001776, -3.500000000000000000 ) ) ;
#1037 = PRODUCT_DEFINITION ( '鏈', '', #46, #1079 ) ;
#1038 = CARTESIAN_POINT ( 'NONE',  ( 4.999999999999999112, 171.3397459621555754, -3.500000000000000000 ) ) ;
#1039 = CIRCLE ( 'NONE', #101, 1.649999999999998579 ) ;
#1040 = VERTEX_POINT ( 'NONE', #84 ) ;
#1041 = DIRECTION ( 'NONE',  ( -1.000000000000000000, -0.000000000000000000, -0.000000000000000000 ) ) ;
#1042 = VERTEX_POINT ( 'NONE', #703 ) ;
#1043 = CARTESIAN_POINT ( 'NONE',  ( 93.49242404917474403, 55.00000000000003553, -3.500000000000000000 ) ) ;
#1044 = ORIENTED_EDGE ( 'NONE', *, *, #1417, .T. ) ;
#1045 = CARTESIAN_POINT ( 'NONE',  ( 70.50000000000000000, 50.00000000000000000, -1.500000000000000000 ) ) ;
#1046 = EDGE_CURVE ( 'NONE', #1132, #1559, #193, .T. ) ;
#1047 = CYLINDRICAL_SURFACE ( 'NONE', #1414, 1.649999999999998579 ) ;
#1048 = LINE ( 'NONE', #296, #1220 ) ;
#1049 = PRODUCT_CONTEXT ( 'NONE', #152, 'mechanical' ) ;
#1050 = ORIENTED_EDGE ( 'NONE', *, *, #235, .T. ) ;
#1051 = CARTESIAN_POINT ( 'NONE',  ( 11.64999999999999858, 10.00000000000000000, -1.000000000000000444 ) ) ;
#1052 = EDGE_LOOP ( 'NONE', ( #677, #38, #1177, #1533 ) ) ;
#1053 = DIRECTION ( 'NONE',  ( 1.000000000000000000, 0.000000000000000000, 0.000000000000000000 ) ) ;
#1054 = ORIENTED_EDGE ( 'NONE', *, *, #740, .F. ) ;
#1055 = DIRECTION ( 'NONE',  ( 1.000000000000000000, 0.000000000000000000, 0.000000000000000000 ) ) ;
#1056 = FACE_BOUND ( 'NONE', #782, .T. ) ;
#1057 = DIRECTION ( 'NONE',  ( 0.000000000000000000, 0.000000000000000000, -1.000000000000000000 ) ) ;
#1058 = CYLINDRICAL_SURFACE ( 'NONE', #526, 12.50000000000000000 ) ;
#1059 = ORIENTED_EDGE ( 'NONE', *, *, #486, .F. ) ;
#1060 = CIRCLE ( 'NONE', #1158, 2.099999999999990763 ) ;
#1061 = EDGE_CURVE ( 'NONE', #906, #1291, #1262, .T. ) ;
#1062 = AXIS2_PLACEMENT_3D ( 'NONE', #184, #1511, #441 ) ;
#1063 = CARTESIAN_POINT ( 'NONE',  ( 10.00000000000000000, 10.00000000000000000, 3.500000000000000000 ) ) ;
#1064 = CARTESIAN_POINT ( 'NONE',  ( 221.3397459621556607, 0.000000000000000000, -3.500000000000000000 ) ) ;
#1065 = DIRECTION ( 'NONE',  ( 1.000000000000000000, 0.000000000000000000, 0.000000000000000000 ) ) ;
#1066 = FACE_OUTER_BOUND ( 'NONE', #1026, .T. ) ;
#1067 = DIRECTION ( 'NONE',  ( 0.000000000000000000, 0.000000000000000000, -1.000000000000000000 ) ) ;
#1068 = EDGE_CURVE ( 'NONE', #1392, #9, #861, .T. ) ;
#1069 = ORIENTED_EDGE ( 'NONE', *, *, #403, .F. ) ;
#1070 = AXIS2_PLACEMENT_3D ( 'NONE', #1434, #1178, #342 ) ;
#1071 = CIRCLE ( 'NONE', #271, 1.649999999999998579 ) ;
#1072 = EDGE_CURVE ( 'NONE', #415, #533, #1300, .T. ) ;
#1073 = PLANE ( 'NONE',  #1070 ) ;
#1074 = DIRECTION ( 'NONE',  ( -0.000000000000000000, -0.000000000000000000, 1.000000000000000000 ) ) ;
#1075 = AXIS2_PLACEMENT_3D ( 'NONE', #1043, #1186, #1033 ) ;
#1076 = CARTESIAN_POINT ( 'NONE',  ( 221.3397459621556607, 4.999999999999997335, 3.500000000000000000 ) ) ;
#1077 = FACE_OUTER_BOUND ( 'NONE', #183, .T. ) ;
#1078 = EDGE_LOOP ( 'NONE', ( #1418, #1381, #1163, #1267 ) ) ;
#1079 = PRODUCT_DEFINITION_CONTEXT ( 'detailed design', #792, 'design' ) ;
#1080 = CARTESIAN_POINT ( 'NONE',  ( 12.50000000000000711, 80.00000000000000000, 3.500000000000000000 ) ) ;
#1081 = DIRECTION ( 'NONE',  ( -0.000000000000000000, -1.000000000000000000, -0.000000000000000000 ) ) ;
#1082 = CARTESIAN_POINT ( 'NONE',  ( 206.0000000000000000, 10.00000000000000888, -1.000000000000000000 ) ) ;
#1083 = CARTESIAN_POINT ( 'NONE',  ( 210.0000000000000000, 10.00000000000000888, -1.000000000000000000 ) ) ;
#1084 = ORIENTED_EDGE ( 'NONE', *, *, #993, .T. ) ;
#1085 = AXIS2_PLACEMENT_3D ( 'NONE', #150, #873, #142 ) ;
#1086 = EDGE_LOOP ( 'NONE', ( #538, #1317 ) ) ;
#1087 = AXIS2_PLACEMENT_3D ( 'NONE', #1411, #53, #947 ) ;
#1088 = CIRCLE ( 'NONE', #1031, 20.50000000000000355 ) ;
#1089 = FACE_OUTER_BOUND ( 'NONE', #674, .T. ) ;
#1090 = EDGE_CURVE ( 'NONE', #269, #539, #1548, .T. ) ;
#1091 = FACE_BOUND ( 'NONE', #1382, .T. ) ;
#1092 = DIRECTION ( 'NONE',  ( 1.000000000000000000, 0.000000000000000000, 0.000000000000000000 ) ) ;
#1093 = AXIS2_PLACEMENT_3D ( 'NONE', #1230, #13, #376 ) ;
#1094 = EDGE_CURVE ( 'NONE', #912, #79, #462, .T. ) ;
#1095 = LINE ( 'NONE', #7, #60 ) ;
#1096 = ORIENTED_EDGE ( 'NONE', *, *, #622, .T. ) ;
#1097 = AXIS2_PLACEMENT_3D ( 'NONE', #865, #876, #1348 ) ;
#1098 = AXIS2_PLACEMENT_3D ( 'NONE', #713, #706, #1195 ) ;
#1099 = VERTEX_POINT ( 'NONE', #572 ) ;
#1100 = DIRECTION ( 'NONE',  ( 1.000000000000000000, 0.000000000000000000, 0.000000000000000000 ) ) ;
#1101 = AXIS2_PLACEMENT_3D ( 'NONE', #663, #204, #671 ) ;
#1102 = FACE_OUTER_BOUND ( 'NONE', #311, .T. ) ;
#1103 = ADVANCED_FACE ( 'NONE', ( #784, #1056 ), #1268, .T. ) ;
#1104 = DIRECTION ( 'NONE',  ( -0.000000000000000000, -0.000000000000000000, -1.000000000000000000 ) ) ;
#1105 = VECTOR ( 'NONE', #286, 1000.000000000000000 ) ;
#1106 = DIRECTION ( 'NONE',  ( -0.000000000000000000, -0.000000000000000000, 1.000000000000000000 ) ) ;
#1107 = ORIENTED_EDGE ( 'NONE', *, *, #1469, .F. ) ;
#1108 = ORIENTED_EDGE ( 'NONE', *, *, #162, .F. ) ;
#1109 = DIRECTION ( 'NONE',  ( -1.000000000000000000, 0.000000000000000000, 0.000000000000000000 ) ) ;
#1110 = CARTESIAN_POINT ( 'NONE',  ( 0.000000000000000000, 0.000000000000000000, -3.500000000000000000 ) ) ;
#1111 = FACE_OUTER_BOUND ( 'NONE', #914, .T. ) ;
#1112 = VERTEX_POINT ( 'NONE', #295 ) ;
#1113 = EDGE_CURVE ( 'NONE', #533, #299, #1156, .T. ) ;
#1114 = CARTESIAN_POINT ( 'NONE',  ( 10.00000000000000000, 10.00000000000000000, -1.000000000000000444 ) ) ;
#1115 = DIRECTION ( 'NONE',  ( -0.000000000000000000, -0.000000000000000000, 1.000000000000000000 ) ) ;
#1116 = LINE ( 'NONE', #623, #1541 ) ;
#1117 = ORIENTED_EDGE ( 'NONE', *, *, #1015, .T. ) ;
#1118 = ADVANCED_FACE ( 'NONE', ( #1403 ), #305, .F. ) ;
#1119 = DIRECTION ( 'NONE',  ( -0.000000000000000000, -0.000000000000000000, 1.000000000000000000 ) ) ;
#1120 = EDGE_CURVE ( 'NONE', #180, #341, #1, .T. ) ;
#1121 = CARTESIAN_POINT ( 'NONE',  ( 37.50000000000002132, 80.00000000000000000, -3.500000000000000000 ) ) ;
#1122 = DIRECTION ( 'NONE',  ( 1.000000000000000000, 0.000000000000000000, 0.000000000000000000 ) ) ;
#1123 = ORIENTED_EDGE ( 'NONE', *, *, #458, .F. ) ;
#1124 = ORIENTED_EDGE ( 'NONE', *, *, #1023, .T. ) ;
#1125 = CARTESIAN_POINT ( 'NONE',  ( 195.3589838486224721, 40.00000000000003553, -3.500000000000000000 ) ) ;
#1126 = DIRECTION ( 'NONE',  ( -1.000000000000000000, 0.000000000000000000, 0.000000000000000000 ) ) ;
#1127 = CYLINDRICAL_SURFACE ( 'NONE', #1093, 2.099999999999990763 ) ;
#1128 = ORIENTED_EDGE ( 'NONE', *, *, #356, .T. ) ;
#1129 = FACE_OUTER_BOUND ( 'NONE', #789, .T. ) ;
#1130 = DIRECTION ( 'NONE',  ( -0.000000000000000000, -0.000000000000000000, -1.000000000000000000 ) ) ;
#1131 = ADVANCED_FACE ( 'NONE', ( #1102 ), #470, .F. ) ;
#1132 = VERTEX_POINT ( 'NONE', #602 ) ;
#1133 = CIRCLE ( 'NONE', #396, 4.000000000000001776 ) ;
#1134 = DIRECTION ( 'NONE',  ( -0.000000000000000000, -0.000000000000000000, 1.000000000000000000 ) ) ;
#1135 = EDGE_CURVE ( 'NONE', #742, #1244, #4, .T. ) ;
#1136 = ORIENTED_EDGE ( 'NONE', *, *, #172, .F. ) ;
#1137 = ORIENTED_EDGE ( 'NONE', *, *, #285, .T. ) ;
#1138 = FACE_BOUND ( 'NONE', #436, .T. ) ;
#1139 = VERTEX_POINT ( 'NONE', #851 ) ;
#1140 = CIRCLE ( 'NONE', #689, 4.000000000000003553 ) ;
#1141 = EDGE_CURVE ( 'NONE', #1500, #1392, #859, .T. ) ;
#1142 = DIRECTION ( 'NONE',  ( 0.000000000000000000, 0.000000000000000000, -1.000000000000000000 ) ) ;
#1143 = AXIS2_PLACEMENT_3D ( 'NONE', #1357, #515, #267 ) ;
#1144 = EDGE_LOOP ( 'NONE', ( #827, #1483 ) ) ;
#1145 = ORIENTED_EDGE ( 'NONE', *, *, #6, .T. ) ;
#1146 = ADVANCED_BREP_SHAPE_REPRESENTATION ( '\X2\5c0f7a7a95f468075b9a6746ff08\X0\L\X2\6746ff09\X0\', ( #492, #355 ), #893 ) ;
#1147 = DIRECTION ( 'NONE',  ( -0.000000000000000000, -0.000000000000000000, 1.000000000000000000 ) ) ;
#1148 = ORIENTED_EDGE ( 'NONE', *, *, #1313, .T. ) ;
#1149 = DIRECTION ( 'NONE',  ( -1.000000000000000000, 0.000000000000000000, -0.000000000000000000 ) ) ;
#1150 = DIRECTION ( 'NONE',  ( 0.000000000000000000, 0.000000000000000000, -1.000000000000000000 ) ) ;
#1151 = ORIENTED_EDGE ( 'NONE', *, *, #1352, .F. ) ;
#1152 = ORIENTED_EDGE ( 'NONE', *, *, #50, .T. ) ;
#1153 = ADVANCED_FACE ( 'NONE', ( #1342 ), #954, .F. ) ;
#1154 = CYLINDRICAL_SURFACE ( 'NONE', #971, 1.650000000000012568 ) ;
#1155 = ORIENTED_EDGE ( 'NONE', *, *, #975, .F. ) ;
#1156 = LINE ( 'NONE', #918, #44 ) ;
#1157 = FACE_OUTER_BOUND ( 'NONE', #770, .T. ) ;
#1158 = AXIS2_PLACEMENT_3D ( 'NONE', #1180, #416, #45 ) ;
#1159 = CIRCLE ( 'NONE', #345, 2.099999999999997868 ) ;
#1160 = VERTEX_POINT ( 'NONE', #136 ) ;
#1161 = AXIS2_PLACEMENT_3D ( 'NONE', #1083, #1328, #111 ) ;
#1162 = CARTESIAN_POINT ( 'NONE',  ( 50.00000000000000711, 93.49242404917514193, -3.500000000000000000 ) ) ;
#1163 = ORIENTED_EDGE ( 'NONE', *, *, #616, .T. ) ;
#1164 = EDGE_CURVE ( 'NONE', #670, #1099, #943, .T. ) ;
#1165 = STYLED_ITEM ( 'NONE', ( #487 ), #492 ) ;
#1166 = DIRECTION ( 'NONE',  ( 0.000000000000000000, 0.000000000000000000, -1.000000000000000000 ) ) ;
#1167 = ORIENTED_EDGE ( 'NONE', *, *, #23, .F. ) ;
#1168 = DIRECTION ( 'NONE',  ( 1.000000000000000000, 0.000000000000000000, 0.000000000000000000 ) ) ;
#1169 = DIRECTION ( 'NONE',  ( 0.000000000000000000, 0.000000000000000000, -1.000000000000000000 ) ) ;
#1170 = VECTOR ( 'NONE', #871, 1000.000000000000000 ) ;
#1171 = EDGE_LOOP ( 'NONE', ( #899, #733, #725, #1280 ) ) ;
#1172 = DIRECTION ( 'NONE',  ( -1.000000000000000000, 0.000000000000000000, 0.000000000000000000 ) ) ;
#1173 = CIRCLE ( 'NONE', #889, 12.50000000000000000 ) ;
#1174 = ORIENTED_EDGE ( 'NONE', *, *, #573, .T. ) ;
#1175 = AXIS2_PLACEMENT_3D ( 'NONE', #200, #1166, #1019 ) ;
#1176 = CARTESIAN_POINT ( 'NONE',  ( 22.90000000000000213, 25.00000000000000000, 3.500000000000000000 ) ) ;
#1177 = ORIENTED_EDGE ( 'NONE', *, *, #215, .T. ) ;
#1178 = DIRECTION ( 'NONE',  ( -1.000000000000000000, -3.469446951953614682E-16, 0.000000000000000000 ) ) ;
#1179 = CARTESIAN_POINT ( 'NONE',  ( 10.00000000000000000, 10.00000000000000000, 3.500000000000000000 ) ) ;
#1180 = CARTESIAN_POINT ( 'NONE',  ( 195.3589838486224721, 40.00000000000003553, 3.500000000000000000 ) ) ;
#1181 = LINE ( 'NONE', #1513, #3 ) ;
#1182 = ADVANCED_FACE ( 'NONE', ( #247, #1461, #738, #837, #611, #1091, #1218, #349, #109, #1228 ), #962, .F. ) ;
#1183 = CARTESIAN_POINT ( 'NONE',  ( 8.350000000000001421, 160.0000000000000000, 3.500000000000000000 ) ) ;
#1184 = ORIENTED_EDGE ( 'NONE', *, *, #199, .F. ) ;
#1185 = CIRCLE ( 'NONE', #548, 4.000000000000001776 ) ;
#1186 = DIRECTION ( 'NONE',  ( -0.000000000000000000, -0.000000000000000000, 1.000000000000000000 ) ) ;
#1187 = CARTESIAN_POINT ( 'NONE',  ( 25.00000000000000000, 25.00000000000000000, 3.500000000000000000 ) ) ;
#1188 = CARTESIAN_POINT ( 'NONE',  ( 5.999999999999999112, 10.00000000000000000, -1.000000000000000000 ) ) ;
#1189 = EDGE_CURVE ( 'NONE', #1099, #670, #1071, .T. ) ;
#1190 = CARTESIAN_POINT ( 'NONE',  ( 193.2589838486224778, 40.00000000000003553, -3.500000000000000000 ) ) ;
#1191 = CYLINDRICAL_SURFACE ( 'NONE', #960, 2.099999999999997868 ) ;
#1192 = EDGE_CURVE ( 'NONE', #1002, #607, #488, .T. ) ;
#1193 = ORIENTED_EDGE ( 'NONE', *, *, #919, .F. ) ;
#1194 = AXIS2_PLACEMENT_3D ( 'NONE', #730, #1336, #825 ) ;
#1195 = DIRECTION ( 'NONE',  ( -1.000000000000000000, -2.081668171172169006E-16, 0.000000000000000000 ) ) ;
#1196 = CARTESIAN_POINT ( 'NONE',  ( 51.46446609406724804, 89.95689014324243260, 3.500000000000000000 ) ) ;
#1197 = DIRECTION ( 'NONE',  ( -0.000000000000000000, -0.000000000000000000, 1.000000000000000000 ) ) ;
#1198 = LINE ( 'NONE', #425, #1229 ) ;
#1199 = DIRECTION ( 'NONE',  ( -1.000000000000000000, 0.000000000000000000, 0.000000000000000000 ) ) ;
#1200 = ORIENTED_EDGE ( 'NONE', *, *, #1258, .F. ) ;
#1201 = AXIS2_PLACEMENT_3D ( 'NONE', #336, #1440, #707 ) ;
#1202 = CYLINDRICAL_SURFACE ( 'NONE', #759, 5.000000000000004441 ) ;
#1203 = DIRECTION ( 'NONE',  ( -0.000000000000000000, -0.000000000000000000, 1.000000000000000000 ) ) ;
#1204 = VECTOR ( 'NONE', #189, 1000.000000000000000 ) ;
#1205 = DIRECTION ( 'NONE',  ( -1.000000000000000000, 0.000000000000000000, 0.000000000000000000 ) ) ;
#1206 = CARTESIAN_POINT ( 'NONE',  ( 93.49242404917474403, 50.00000000000003553, -3.500000000000000000 ) ) ;
#1207 = ORIENTED_EDGE ( 'NONE', *, *, #1352, .T. ) ;
#1208 = EDGE_CURVE ( 'NONE', #1526, #434, #238, .T. ) ;
#1209 = CARTESIAN_POINT ( 'NONE',  ( 40.00000000000000711, 145.3589838486221595, -3.500000000000000000 ) ) ;
#1210 = DIRECTION ( 'NONE',  ( -0.000000000000000000, -0.000000000000000000, 1.000000000000000000 ) ) ;
#1211 = CARTESIAN_POINT ( 'NONE',  ( 198.2457351945707273, 50.00000000000003553, 3.500000000000000000 ) ) ;
#1212 = CARTESIAN_POINT ( 'NONE',  ( 70.50000000000000000, 50.00000000000000000, -1.500000000000000000 ) ) ;
#1213 = ORIENTED_EDGE ( 'NONE', *, *, #334, .F. ) ;
#1214 = AXIS2_PLACEMENT_3D ( 'NONE', #1297, #1522, #1028 ) ;
#1215 = EDGE_CURVE ( 'NONE', #79, #158, #484, .T. ) ;
#1216 = VECTOR ( 'NONE', #432, 1000.000000000000000 ) ;
#1217 = DIRECTION ( 'NONE',  ( -0.000000000000000000, -0.000000000000000000, 1.000000000000000000 ) ) ;
#1218 = FACE_BOUND ( 'NONE', #1223, .T. ) ;
#1219 = CARTESIAN_POINT ( 'NONE',  ( 210.0000000000000000, 10.00000000000000888, -1.000000000000000000 ) ) ;
#1220 = VECTOR ( 'NONE', #194, 1000.000000000000000 ) ;
#1221 = CARTESIAN_POINT ( 'NONE',  ( 210.0000000000000000, 10.00000000000000888, -3.500000000000000000 ) ) ;
#1222 = ORIENTED_EDGE ( 'NONE', *, *, #820, .T. ) ;
#1223 = EDGE_LOOP ( 'NONE', ( #570, #764 ) ) ;
#1224 = AXIS2_PLACEMENT_3D ( 'NONE', #134, #246, #620 ) ;
#1225 = VECTOR ( 'NONE', #945, 1000.000000000000000 ) ;
#1226 = DIRECTION ( 'NONE',  ( 0.000000000000000000, 0.000000000000000000, -1.000000000000000000 ) ) ;
#1227 = CIRCLE ( 'NONE', #1201, 4.999999999999997335 ) ;
#1228 = FACE_OUTER_BOUND ( 'NONE', #169, .T. ) ;
#1229 = VECTOR ( 'NONE', #545, 1000.000000000000000 ) ;
#1230 = CARTESIAN_POINT ( 'NONE',  ( 195.3589838486224721, 40.00000000000003553, 3.500000000000000000 ) ) ;
#1231 = EDGE_CURVE ( 'NONE', #1264, #566, #495, .T. ) ;
#1232 = ORIENTED_EDGE ( 'NONE', *, *, #1366, .F. ) ;
#1233 = CYLINDRICAL_SURFACE ( 'NONE', #604, 4.000000000000000888 ) ;
#1234 = CARTESIAN_POINT ( 'NONE',  ( 80.00000000000000000, 37.50000000000000000, -3.500000000000000000 ) ) ;
#1235 = EDGE_CURVE ( 'NONE', #180, #364, #475, .T. ) ;
#1236 = DIRECTION ( 'NONE',  ( -1.162077131796373312E-16, 1.000000000000000000, -0.000000000000000000 ) ) ;
#1237 = VERTEX_POINT ( 'NONE', #502 ) ;
#1238 = EDGE_CURVE ( 'NONE', #1365, #884, #1227, .T. ) ;
#1239 = DIRECTION ( 'NONE',  ( -1.000000000000000000, 0.000000000000000000, 0.000000000000000000 ) ) ;
#1240 = DIRECTION ( 'NONE',  ( -0.000000000000000000, -0.000000000000000000, 1.000000000000000000 ) ) ;
#1241 = AXIS2_PLACEMENT_3D ( 'NONE', #923, #527, #310 ) ;
#1242 = CIRCLE ( 'NONE', #479, 12.50000000000000000 ) ;
#1243 = DIRECTION ( 'NONE',  ( 0.000000000000000000, 0.000000000000000000, 1.000000000000000000 ) ) ;
#1244 = VERTEX_POINT ( 'NONE', #1196 ) ;
#1245 = DIRECTION ( 'NONE',  ( 1.000000000000000000, 0.000000000000000000, 0.000000000000000000 ) ) ;
#1246 = CARTESIAN_POINT ( 'NONE',  ( 10.00000000000000000, 160.0000000000000000, -1.000000000000000000 ) ) ;
#1247 = DIRECTION ( 'NONE',  ( -0.000000000000000000, -0.000000000000000000, 1.000000000000000000 ) ) ;
#1248 = VECTOR ( 'NONE', #1293, 1000.000000000000000 ) ;
#1249 = EDGE_LOOP ( 'NONE', ( #1493, #796, #491, #1333 ) ) ;
#1250 = ORIENTED_EDGE ( 'NONE', *, *, #506, .F. ) ;
#1251 = EDGE_CURVE ( 'NONE', #313, #1237, #639, .T. ) ;
#1252 = CARTESIAN_POINT ( 'NONE',  ( 214.0000000000000000, 10.00000000000000888, -3.500000000000000000 ) ) ;
#1253 = FACE_BOUND ( 'NONE', #144, .T. ) ;
#1254 = EDGE_CURVE ( 'NONE', #1553, #773, #278, .T. ) ;
#1255 = CARTESIAN_POINT ( 'NONE',  ( 180.0000000000000000, 25.00000000000001776, 3.500000000000000000 ) ) ;
#1256 = VERTEX_POINT ( 'NONE', #999 ) ;
#1257 = ORIENTED_EDGE ( 'NONE', *, *, #68, .F. ) ;
#1258 = EDGE_CURVE ( 'NONE', #1264, #1282, #1173, .T. ) ;
#1259 = DIRECTION ( 'NONE',  ( 0.000000000000000000, 0.000000000000000000, 1.000000000000000000 ) ) ;
#1260 = ORIENTED_EDGE ( 'NONE', *, *, #746, .F. ) ;
#1261 = AXIS2_PLACEMENT_3D ( 'NONE', #1038, #1150, #1021 ) ;
#1262 = CIRCLE ( 'NONE', #1543, 12.50000000000000355 ) ;
#1263 = CARTESIAN_POINT ( 'NONE',  ( 47.50000000000003553, 152.5758622134924565, 3.500000000000000000 ) ) ;
#1264 = VERTEX_POINT ( 'NONE', #1351 ) ;
#1265 = EDGE_LOOP ( 'NONE', ( #56, #854, #1375, #780 ) ) ;
#1266 = CARTESIAN_POINT ( 'NONE',  ( 7.500000000000010658, 175.6698729810777593, 3.500000000000000000 ) ) ;
#1267 = ORIENTED_EDGE ( 'NONE', *, *, #199, .T. ) ;
#1268 = PLANE ( 'NONE',  #1429 ) ;
#1269 = FACE_OUTER_BOUND ( 'NONE', #270, .T. ) ;
#1270 = VECTOR ( 'NONE', #156, 1000.000000000000000 ) ;
#1271 = ORIENTED_EDGE ( 'NONE', *, *, #1061, .T. ) ;
#1272 = EDGE_CURVE ( 'NONE', #1002, #705, #259, .T. ) ;
#1273 = CIRCLE ( 'NONE', #1075, 5.000000000000004441 ) ;
#1274 = CARTESIAN_POINT ( 'NONE',  ( 180.0000000000000000, 25.00000000000001776, -3.500000000000000000 ) ) ;
#1275 = ORIENTED_EDGE ( 'NONE', *, *, #500, .T. ) ;
#1276 = LINE ( 'NONE', #1188, #370 ) ;
#1277 = CARTESIAN_POINT ( 'NONE',  ( 42.10000000000000853, 145.3589838486221595, -3.500000000000000000 ) ) ;
#1278 = SHAPE_DEFINITION_REPRESENTATION ( #768, #1146 ) ;
#1279 = EDGE_CURVE ( 'NONE', #81, #1458, #750, .T. ) ;
#1280 = ORIENTED_EDGE ( 'NONE', *, *, #718, .T. ) ;
#1281 = DIRECTION ( 'NONE',  ( 0.000000000000000000, 0.000000000000000000, 1.000000000000000000 ) ) ;
#1282 = VERTEX_POINT ( 'NONE', #1121 ) ;
#1283 = DIRECTION ( 'NONE',  ( 1.000000000000000000, 0.000000000000000000, 0.000000000000000000 ) ) ;
#1284 = ORIENTED_EDGE ( 'NONE', *, *, #1417, .F. ) ;
#1285 = DIRECTION ( 'NONE',  ( -0.000000000000000000, -0.000000000000000000, 1.000000000000000000 ) ) ;
#1286 = DIRECTION ( 'NONE',  ( 1.000000000000000000, 0.000000000000000000, 0.000000000000000000 ) ) ;
#1287 = VECTOR ( 'NONE', #1481, 1000.000000000000000 ) ;
#1288 = VECTOR ( 'NONE', #543, 1000.000000000000000 ) ;
#1289 = ORIENTED_EDGE ( 'NONE', *, *, #1501, .F. ) ;
#1290 = FACE_OUTER_BOUND ( 'NONE', #188, .T. ) ;
#1291 = VERTEX_POINT ( 'NONE', #273 ) ;
#1292 = VECTOR ( 'NONE', #1169, 1000.000000000000000 ) ;
#1293 = DIRECTION ( 'NONE',  ( 3.469446951953614189E-16, -1.000000000000000000, 0.000000000000000000 ) ) ;
#1294 = VERTEX_POINT ( 'NONE', #149 ) ;
#1295 = DIRECTION ( 'NONE',  ( -0.000000000000000000, -0.000000000000000000, 1.000000000000000000 ) ) ;
#1296 = CARTESIAN_POINT ( 'NONE',  ( 91.42135623730924010, 50.00000000000003553, -3.500000000000000000 ) ) ;
#1297 = CARTESIAN_POINT ( 'NONE',  ( 0.000000000000000000, 180.0000000000000000, 3.500000000000000000 ) ) ;
#1298 = CIRCLE ( 'NONE', #71, 4.000000000000000888 ) ;
#1299 = CARTESIAN_POINT ( 'NONE',  ( 201.1324865405188405, 50.00000000000003553, 3.500000000000000000 ) ) ;
#1300 = CIRCLE ( 'NONE', #1101, 4.000000000000003553 ) ;
#1301 = EDGE_LOOP ( 'NONE', ( #630, #699 ) ) ;
#1302 = CIRCLE ( 'NONE', #1224, 2.099999999999997868 ) ;
#1303 = AXIS2_PLACEMENT_3D ( 'NONE', #911, #804, #453 ) ;
#1304 = CARTESIAN_POINT ( 'NONE',  ( 214.0000000000000000, 10.00000000000000888, -1.000000000000000000 ) ) ;
#1305 = EDGE_CURVE ( 'NONE', #269, #313, #73, .T. ) ;
#1306 = LINE ( 'NONE', #594, #41 ) ;
#1307 = CARTESIAN_POINT ( 'NONE',  ( 50.00000000000000000, 151.1324865405183857, 3.500000000000000000 ) ) ;
#1308 = EDGE_CURVE ( 'NONE', #58, #577, #821, .T. ) ;
#1309 = CARTESIAN_POINT ( 'NONE',  ( 80.00000000000000000, 12.50000000000000355, 3.500000000000000000 ) ) ;
#1310 = DIRECTION ( 'NONE',  ( 0.000000000000000000, 0.000000000000000000, 1.000000000000000000 ) ) ;
#1311 = VERTEX_POINT ( 'NONE', #767 ) ;
#1312 = FACE_OUTER_BOUND ( 'NONE', #735, .T. ) ;
#1313 = EDGE_CURVE ( 'NONE', #1294, #982, #1476, .T. ) ;
#1314 = DIRECTION ( 'NONE',  ( 1.000000000000000000, 0.000000000000000000, 0.000000000000000000 ) ) ;
#1315 = DIRECTION ( 'NONE',  ( -0.000000000000000000, -0.000000000000000000, 1.000000000000000000 ) ) ;
#1316 = CARTESIAN_POINT ( 'NONE',  ( 89.95689014324199206, 51.46446609406730488, -3.500000000000000000 ) ) ;
#1317 = ORIENTED_EDGE ( 'NONE', *, *, #573, .F. ) ;
#1318 = CLOSED_SHELL ( 'NONE', ( #362, #807, #245, #1420, #224, #1153, #692, #170, #97, #998, #1465, #1459, #1531, #894, #1368, #665, #774, #1350, #104, #455, #1447, #411, #1182, #83, #595, #637, #924, #1560, #383, #1131, #585, #27, #446, #385, #280, #625, #1507, #600, #1535, #712, #955, #576, #879, #856, #1103, #547, #47, #1118 ) ) ;
#1319 = CARTESIAN_POINT ( 'NONE',  ( 93.49242404917474403, 55.00000000000003553, 3.500000000000000000 ) ) ;
#1320 = DIRECTION ( 'NONE',  ( -0.000000000000000000, -0.000000000000000000, 1.000000000000000000 ) ) ;
#1321 = DIRECTION ( 'NONE',  ( -1.387778780781445676E-16, 1.000000000000000000, -0.000000000000000000 ) ) ;
#1322 = CARTESIAN_POINT ( 'NONE',  ( 80.00000000000000000, 37.50000000000000000, 3.500000000000000000 ) ) ;
#1323 = ORIENTED_EDGE ( 'NONE', *, *, #1343, .T. ) ;
#1324 = EDGE_CURVE ( 'NONE', #803, #705, #380, .T. ) ;
#1325 = CYLINDRICAL_SURFACE ( 'NONE', #1012, 2.099999999999997868 ) ;
#1326 = CARTESIAN_POINT ( 'NONE',  ( 40.00000000000000711, 145.3589838486221595, -3.500000000000000000 ) ) ;
#1327 = CARTESIAN_POINT ( 'NONE',  ( 192.5000000000000000, 25.00000000000001776, 3.500000000000000000 ) ) ;
#1328 = DIRECTION ( 'NONE',  ( 0.000000000000000000, 0.000000000000000000, -1.000000000000000000 ) ) ;
#1329 = EDGE_CURVE ( 'NONE', #1464, #279, #590, .T. ) ;
#1330 = ORIENTED_EDGE ( 'NONE', *, *, #308, .F. ) ;
#1331 = DIRECTION ( 'NONE',  ( 0.000000000000000000, 0.000000000000000000, 1.000000000000000000 ) ) ;
#1332 = ORIENTED_EDGE ( 'NONE', *, *, #1555, .F. ) ;
#1333 = ORIENTED_EDGE ( 'NONE', *, *, #1251, .T. ) ;
#1334 = CARTESIAN_POINT ( 'NONE',  ( 89.95689014324199206, 51.46446609406730488, 3.500000000000000000 ) ) ;
#1335 = DIRECTION ( 'NONE',  ( -0.000000000000000000, -0.000000000000000000, -1.000000000000000000 ) ) ;
#1336 = DIRECTION ( 'NONE',  ( 0.000000000000000000, 0.000000000000000000, -1.000000000000000000 ) ) ;
#1337 = DIRECTION ( 'NONE',  ( 0.000000000000000000, -1.000000000000000000, 0.000000000000000000 ) ) ;
#1338 = ORIENTED_EDGE ( 'NONE', *, *, #6, .F. ) ;
#1339 = ORIENTED_EDGE ( 'NONE', *, *, #327, .T. ) ;
#1340 = VECTOR ( 'NONE', #723, 1000.000000000000000 ) ;
#1341 = CARTESIAN_POINT ( 'NONE',  ( 10.00000000000000000, 10.00000000000000000, 3.500000000000000000 ) ) ;
#1342 = FACE_OUTER_BOUND ( 'NONE', #1515, .T. ) ;
#1343 = EDGE_CURVE ( 'NONE', #1294, #81, #1552, .T. ) ;
#1344 = CARTESIAN_POINT ( 'NONE',  ( 80.00000000000000000, 25.00000000000000000, -3.500000000000000000 ) ) ;
#1345 = ORIENTED_EDGE ( 'NONE', *, *, #147, .F. ) ;
#1346 = ORIENTED_EDGE ( 'NONE', *, *, #1279, .T. ) ;
#1347 = VECTOR ( 'NONE', #736, 1000.000000000000000 ) ;
#1348 = DIRECTION ( 'NONE',  ( 0.000000000000000000, -0.000000000000000000, 1.000000000000000000 ) ) ;
#1349 = CIRCLE ( 'NONE', #493, 5.000000000000004441 ) ;
#1350 = ADVANCED_FACE ( 'NONE', ( #384 ), #872, .F. ) ;
#1351 = CARTESIAN_POINT ( 'NONE',  ( 12.50000000000002309, 80.00000000000000000, -3.500000000000000000 ) ) ;
#1352 = EDGE_CURVE ( 'NONE', #81, #1294, #534, .T. ) ;
#1353 = CARTESIAN_POINT ( 'NONE',  ( 10.00000000000000000, 10.00000000000000000, -3.500000000000000000 ) ) ;
#1354 = EDGE_LOOP ( 'NONE', ( #917, #1148, #1137, #347 ) ) ;
#1355 = ORIENTED_EDGE ( 'NONE', *, *, #1324, .F. ) ;
#1356 = DIRECTION ( 'NONE',  ( -0.000000000000000000, -0.000000000000000000, -1.000000000000000000 ) ) ;
#1357 = CARTESIAN_POINT ( 'NONE',  ( 210.0000000000000000, 10.00000000000000888, 3.500000000000000000 ) ) ;
#1358 = DIRECTION ( 'NONE',  ( -0.000000000000000000, -0.000000000000000000, 1.000000000000000000 ) ) ;
#1359 = ORIENTED_EDGE ( 'NONE', *, *, #529, .T. ) ;
#1360 = DIRECTION ( 'NONE',  ( 1.000000000000000000, 0.000000000000000000, 0.000000000000000000 ) ) ;
#1361 = CARTESIAN_POINT ( 'NONE',  ( 180.0000000000000000, 25.00000000000001776, -3.500000000000000000 ) ) ;
#1362 = VECTOR ( 'NONE', #427, 1000.000000000000000 ) ;
#1363 = AXIS2_PLACEMENT_3D ( 'NONE', #888, #1134, #868 ) ;
#1364 = CARTESIAN_POINT ( 'NONE',  ( 93.49242404917474403, 50.00000000000003553, 3.500000000000000000 ) ) ;
#1365 = VERTEX_POINT ( 'NONE', #528 ) ;
#1366 = EDGE_CURVE ( 'NONE', #158, #742, #1349, .T. ) ;
#1367 = ORIENTED_EDGE ( 'NONE', *, *, #137, .F. ) ;
#1368 = ADVANCED_FACE ( 'NONE', ( #1004, #1486, #397, #1253, #887, #161, #1495, #653, #1138 ), #42, .T. ) ;
#1369 = CARTESIAN_POINT ( 'NONE',  ( 7.500000000000010658, 175.6698729810777593, -3.500000000000000000 ) ) ;
#1370 = DIRECTION ( 'NONE',  ( 0.000000000000000000, 0.000000000000000000, -1.000000000000000000 ) ) ;
#1371 = VECTOR ( 'NONE', #991, 1000.000000000000000 ) ;
#1372 = CARTESIAN_POINT ( 'NONE',  ( 11.64999999999999858, 10.00000000000000000, 3.500000000000000000 ) ) ;
#1373 = VECTOR ( 'NONE', #1546, 1000.000000000000000 ) ;
#1374 = ORIENTED_EDGE ( 'NONE', *, *, #640, .F. ) ;
#1375 = ORIENTED_EDGE ( 'NONE', *, *, #832, .T. ) ;
#1376 = EDGE_CURVE ( 'NONE', #1464, #19, #1517, .T. ) ;
#1377 = ORIENTED_EDGE ( 'NONE', *, *, #1094, .T. ) ;
#1378 = DIRECTION ( 'NONE',  ( 0.000000000000000000, 0.000000000000000000, -1.000000000000000000 ) ) ;
#1379 = ORIENTED_EDGE ( 'NONE', *, *, #729, .T. ) ;
#1380 = DIRECTION ( 'NONE',  ( 0.000000000000000000, 0.000000000000000000, 1.000000000000000000 ) ) ;
#1381 = ORIENTED_EDGE ( 'NONE', *, *, #337, .F. ) ;
#1382 = EDGE_LOOP ( 'NONE', ( #333, #976 ) ) ;
#1383 = ORIENTED_EDGE ( 'NONE', *, *, #1141, .F. ) ;
#1384 = LINE ( 'NONE', #292, #1248 ) ;
#1385 = VERTEX_POINT ( 'NONE', #822 ) ;
#1386 = CIRCLE ( 'NONE', #753, 4.000000000000003553 ) ;
#1387 = EDGE_CURVE ( 'NONE', #1256, #262, #907, .T. ) ;
#1388 = CARTESIAN_POINT ( 'NONE',  ( 42.10000000000000853, 145.3589838486221595, 3.500000000000000000 ) ) ;
#1389 = ORIENTED_EDGE ( 'NONE', *, *, #23, .T. ) ;
#1390 = ORIENTED_EDGE ( 'NONE', *, *, #506, .T. ) ;
#1391 = CARTESIAN_POINT ( 'NONE',  ( 8.350000000000001421, 10.00000000000000000, -1.000000000000000444 ) ) ;
#1392 = VERTEX_POINT ( 'NONE', #1266 ) ;
#1393 = EDGE_CURVE ( 'NONE', #415, #925, #429, .T. ) ;
#1394 = DIRECTION ( 'NONE',  ( -1.162077131796373312E-16, 1.000000000000000000, -0.000000000000000000 ) ) ;
#1395 = CARTESIAN_POINT ( 'NONE',  ( 37.90000000000001279, 145.3589838486221595, 3.500000000000000000 ) ) ;
#1396 = VECTOR ( 'NONE', #1240, 1000.000000000000000 ) ;
#1397 = EDGE_CURVE ( 'NONE', #58, #743, #541, .T. ) ;
#1398 = ORIENTED_EDGE ( 'NONE', *, *, #1061, .F. ) ;
#1399 = DIRECTION ( 'NONE',  ( 0.000000000000000000, 0.000000000000000000, -1.000000000000000000 ) ) ;
#1400 = VERTEX_POINT ( 'NONE', #1391 ) ;
#1401 = CYLINDRICAL_SURFACE ( 'NONE', #1453, 12.50000000000001066 ) ;
#1402 = ORIENTED_EDGE ( 'NONE', *, *, #255, .F. ) ;
#1403 = FACE_OUTER_BOUND ( 'NONE', #354, .T. ) ;
#1404 = CARTESIAN_POINT ( 'NONE',  ( 10.00000000000000000, 160.0000000000000000, -3.500000000000000000 ) ) ;
#1405 = VERTEX_POINT ( 'NONE', #560 ) ;
#1406 = DIRECTION ( 'NONE',  ( 1.000000000000000000, 0.000000000000000000, 0.000000000000000000 ) ) ;
#1407 = EDGE_LOOP ( 'NONE', ( #363, #842, #1213, #499 ) ) ;
#1408 = CARTESIAN_POINT ( 'NONE',  ( 180.0000000000000000, 25.00000000000001776, -3.500000000000000000 ) ) ;
#1409 = ORIENTED_EDGE ( 'NONE', *, *, #993, .F. ) ;
#1410 = DIRECTION ( 'NONE',  ( -0.000000000000000000, -0.000000000000000000, -1.000000000000000000 ) ) ;
#1411 = CARTESIAN_POINT ( 'NONE',  ( 195.3589838486224721, 40.00000000000003553, -3.500000000000000000 ) ) ;
#1412 = LINE ( 'NONE', #785, #986 ) ;
#1413 = CIRCLE ( 'NONE', #1490, 5.000000000000004441 ) ;
#1414 = AXIS2_PLACEMENT_3D ( 'NONE', #1179, #582, #1065 ) ;
#1415 = ORIENTED_EDGE ( 'NONE', *, *, #1141, .T. ) ;
#1416 = PLANE ( 'NONE',  #119 ) ;
#1417 = EDGE_CURVE ( 'NONE', #1291, #566, #1384, .T. ) ;
#1418 = ORIENTED_EDGE ( 'NONE', *, *, #1387, .F. ) ;
#1419 = AXIS2_PLACEMENT_3D ( 'NONE', #1471, #274, #18 ) ;
#1420 = ADVANCED_FACE ( 'NONE', ( #312 ), #1401, .F. ) ;
#1421 = CARTESIAN_POINT ( 'NONE',  ( 5.999999999999998224, 160.0000000000000000, -3.500000000000000000 ) ) ;
#1422 = LINE ( 'NONE', #823, #1473 ) ;
#1423 = DIRECTION ( 'NONE',  ( -0.000000000000000000, -0.000000000000000000, -1.000000000000000000 ) ) ;
#1424 =( NAMED_UNIT ( * ) SI_UNIT ( $, .STERADIAN. ) SOLID_ANGLE_UNIT ( ) );
#1425 = AXIS2_PLACEMENT_3D ( 'NONE', #236, #997, #1100 ) ;
#1426 = AXIS2_PLACEMENT_3D ( 'NONE', #82, #1055, #449 ) ;
#1427 = CYLINDRICAL_SURFACE ( 'NONE', #1303, 4.999999999999997335 ) ;
#1428 = LINE ( 'NONE', #757, #959 ) ;
#1429 = AXIS2_PLACEMENT_3D ( 'NONE', #1539, #451, #1149 ) ;
#1430 = ORIENTED_EDGE ( 'NONE', *, *, #820, .F. ) ;
#1431 = EDGE_CURVE ( 'NONE', #279, #1464, #135, .T. ) ;
#1432 = AXIS2_PLACEMENT_3D ( 'NONE', #1537, #669, #781 ) ;
#1433 = CYLINDRICAL_SURFACE ( 'NONE', #106, 1.649999999999998579 ) ;
#1434 = CARTESIAN_POINT ( 'NONE',  ( 12.50000000000000533, 130.0000000000000000, -3.500000000000000000 ) ) ;
#1435 = CARTESIAN_POINT ( 'NONE',  ( 192.5000000000000000, 25.00000000000001776, -3.500000000000000000 ) ) ;
#1436 = DIRECTION ( 'NONE',  ( -0.000000000000000000, -0.000000000000000000, 1.000000000000000000 ) ) ;
#1437 = CARTESIAN_POINT ( 'NONE',  ( 50.00000000000000000, 148.2457351945702726, 3.500000000000000000 ) ) ;
#1438 = ORIENTED_EDGE ( 'NONE', *, *, #668, .F. ) ;
#1439 = DIRECTION ( 'NONE',  ( 1.000000000000000000, 0.000000000000000000, 0.000000000000000000 ) ) ;
#1440 = DIRECTION ( 'NONE',  ( 0.000000000000000000, 0.000000000000000000, -1.000000000000000000 ) ) ;
#1441 = EDGE_CURVE ( 'NONE', #743, #546, #413, .T. ) ;
#1442 = DIRECTION ( 'NONE',  ( -0.000000000000000000, -0.000000000000000000, 1.000000000000000000 ) ) ;
#1443 = ORIENTED_EDGE ( 'NONE', *, *, #237, .F. ) ;
#1444 = AXIS2_PLACEMENT_3D ( 'NONE', #353, #1337, #331 ) ;
#1445 = CARTESIAN_POINT ( 'NONE',  ( 10.00000000000000000, 10.00000000000000000, -1.000000000000000000 ) ) ;
#1446 = DIRECTION ( 'NONE',  ( 1.000000000000000000, 0.000000000000000000, 0.000000000000000000 ) ) ;
#1447 = ADVANCED_FACE ( 'NONE', ( #901 ), #211, .F. ) ;
#1448 =( LENGTH_UNIT ( ) NAMED_UNIT ( * ) SI_UNIT ( .MILLI., .METRE. ) );
#1449 = PLANE ( 'NONE',  #1444 ) ;
#1450 = EDGE_LOOP ( 'NONE', ( #1275, #8 ) ) ;
#1451 = VECTOR ( 'NONE', #1130, 1000.000000000000000 ) ;
#1452 = LINE ( 'NONE', #358, #1170 ) ;
#1453 = AXIS2_PLACEMENT_3D ( 'NONE', #1274, #1502, #438 ) ;
#1454 = DIRECTION ( 'NONE',  ( -0.000000000000000000, -0.000000000000000000, 1.000000000000000000 ) ) ;
#1455 = DIRECTION ( 'NONE',  ( -1.000000000000000000, 0.000000000000000000, 0.000000000000000000 ) ) ;
#1456 = FACE_BOUND ( 'NONE', #165, .T. ) ;
#1457 = ORIENTED_EDGE ( 'NONE', *, *, #431, .T. ) ;
#1458 = VERTEX_POINT ( 'NONE', #1421 ) ;
#1459 = ADVANCED_FACE ( 'NONE', ( #691 ), #1154, .F. ) ;
#1460 = CARTESIAN_POINT ( 'NONE',  ( 180.0000000000000000, 12.50000000000002132, 3.500000000000000000 ) ) ;
#1461 = FACE_BOUND ( 'NONE', #1034, .T. ) ;
#1462 = FACE_OUTER_BOUND ( 'NONE', #1407, .T. ) ;
#1463 = VERTEX_POINT ( 'NONE', #447 ) ;
#1464 = VERTEX_POINT ( 'NONE', #1508 ) ;
#1465 = ADVANCED_FACE ( 'NONE', ( #700 ), #798, .F. ) ;
#1466 = AXIS2_PLACEMENT_3D ( 'NONE', #802, #281, #1286 ) ;
#1467 = AXIS2_PLACEMENT_3D ( 'NONE', #1209, #187, #1245 ) ;
#1468 = FACE_OUTER_BOUND ( 'NONE', #378, .T. ) ;
#1469 = EDGE_CURVE ( 'NONE', #1256, #37, #514, .T. ) ;
#1470 = DIRECTION ( 'NONE',  ( 0.000000000000000000, 0.000000000000000000, -1.000000000000000000 ) ) ;
#1471 = CARTESIAN_POINT ( 'NONE',  ( 10.00000000000000000, 160.0000000000000000, -1.000000000000000000 ) ) ;
#1472 = ORIENTED_EDGE ( 'NONE', *, *, #645, .F. ) ;
#1473 = VECTOR ( 'NONE', #1561, 1000.000000000000000 ) ;
#1474 = DIRECTION ( 'NONE',  ( 1.000000000000000000, 0.000000000000000000, 0.000000000000000000 ) ) ;
#1475 = VECTOR ( 'NONE', #683, 1000.000000000000000 ) ;
#1476 = LINE ( 'NONE', #632, #1451 ) ;
#1477 = DIRECTION ( 'NONE',  ( 1.000000000000000000, 0.000000000000000000, 0.000000000000000000 ) ) ;
#1478 = ORIENTED_EDGE ( 'NONE', *, *, #375, .T. ) ;
#1479 = DIRECTION ( 'NONE',  ( -1.000000000000000000, 0.000000000000000000, 0.000000000000000000 ) ) ;
#1480 = DIRECTION ( 'NONE',  ( 0.000000000000000000, 0.000000000000000000, -1.000000000000000000 ) ) ;
#1481 = DIRECTION ( 'NONE',  ( -0.000000000000000000, -0.000000000000000000, 1.000000000000000000 ) ) ;
#1482 = ORIENTED_EDGE ( 'NONE', *, *, #952, .T. ) ;
#1483 = ORIENTED_EDGE ( 'NONE', *, *, #1329, .T. ) ;
#1484 = DIRECTION ( 'NONE',  ( 1.000000000000000000, 0.000000000000000000, 0.000000000000000000 ) ) ;
#1485 = AXIS2_PLACEMENT_3D ( 'NONE', #398, #1243, #29 ) ;
#1486 = FACE_BOUND ( 'NONE', #649, .T. ) ;
#1487 = VECTOR ( 'NONE', #1041, 1000.000000000000000 ) ;
#1488 = PRODUCT ( '\X2\5c0f7a7a95f468075b9a6746ff08\X0\L\X2\6746ff09\X0\', '\X2\5c0f7a7a95f468075b9a6746ff08\X0\L\X2\6746ff09\X0\', '', ( #1049 ) ) ;
#1489 = EDGE_CURVE ( 'NONE', #55, #79, #1273, .T. ) ;
#1490 = AXIS2_PLACEMENT_3D ( 'NONE', #747, #1358, #634 ) ;
#1491 = CARTESIAN_POINT ( 'NONE',  ( 50.00000000000000711, 93.49242404917514193, -3.500000000000000000 ) ) ;
#1492 = ORIENTED_EDGE ( 'NONE', *, *, #423, .F. ) ;
#1493 = ORIENTED_EDGE ( 'NONE', *, *, #128, .T. ) ;
#1494 = CARTESIAN_POINT ( 'NONE',  ( 180.0000000000000000, 25.00000000000001776, 3.500000000000000000 ) ) ;
#1495 = FACE_BOUND ( 'NONE', #43, .T. ) ;
#1496 = AXIS2_PLACEMENT_3D ( 'NONE', #219, #1562, #714 ) ;
#1497 = DIRECTION ( 'NONE',  ( 0.000000000000000000, 0.000000000000000000, -1.000000000000000000 ) ) ;
#1498 = AXIS2_PLACEMENT_3D ( 'NONE', #324, #420, #915 ) ;
#1499 = ORIENTED_EDGE ( 'NONE', *, *, #645, .T. ) ;
#1500 = VERTEX_POINT ( 'NONE', #681 ) ;
#1501 = EDGE_CURVE ( 'NONE', #1040, #428, #209, .T. ) ;
#1502 = DIRECTION ( 'NONE',  ( -0.000000000000000000, -0.000000000000000000, 1.000000000000000000 ) ) ;
#1503 = ORIENTED_EDGE ( 'NONE', *, *, #1208, .F. ) ;
#1504 = ORIENTED_EDGE ( 'NONE', *, *, #154, .T. ) ;
#1505 = DIRECTION ( 'NONE',  ( -0.000000000000000000, -0.000000000000000000, 1.000000000000000000 ) ) ;
#1506 = ORIENTED_EDGE ( 'NONE', *, *, #137, .T. ) ;
#1507 = ADVANCED_FACE ( 'NONE', ( #67 ), #926, .F. ) ;
#1508 = CARTESIAN_POINT ( 'NONE',  ( 22.90000000000000213, 25.00000000000000000, -3.500000000000000000 ) ) ;
#1509 = ORIENTED_EDGE ( 'NONE', *, *, #737, .F. ) ;
#1510 = EDGE_CURVE ( 'NONE', #76, #58, #569, .T. ) ;
#1511 = DIRECTION ( 'NONE',  ( -0.000000000000000000, -0.000000000000000000, 1.000000000000000000 ) ) ;
#1512 = DIRECTION ( 'NONE',  ( 0.000000000000000000, 0.000000000000000000, -1.000000000000000000 ) ) ;
#1513 = CARTESIAN_POINT ( 'NONE',  ( 180.0000000000000000, 12.50000000000002132, -3.500000000000000000 ) ) ;
#1514 = ORIENTED_EDGE ( 'NONE', *, *, #1393, .F. ) ;
#1515 = EDGE_LOOP ( 'NONE', ( #1520, #849, #1035, #244 ) ) ;
#1516 = ORIENTED_EDGE ( 'NONE', *, *, #1366, .T. ) ;
#1517 = LINE ( 'NONE', #1176, #765 ) ;
#1518 = ORIENTED_EDGE ( 'NONE', *, *, #1431, .F. ) ;
#1519 = CIRCLE ( 'NONE', #966, 1.649999999999998579 ) ;
#1520 = ORIENTED_EDGE ( 'NONE', *, *, #1120, .F. ) ;
#1521 = CARTESIAN_POINT ( 'NONE',  ( 208.3499999999999659, 10.00000000000000888, -1.000000000000000444 ) ) ;
#1522 = DIRECTION ( 'NONE',  ( -0.5000000000000041078, -0.8660254037844363761, 0.000000000000000000 ) ) ;
#1523 = DIRECTION ( 'NONE',  ( -0.000000000000000000, -0.000000000000000000, 1.000000000000000000 ) ) ;
#1524 = EDGE_LOOP ( 'NONE', ( #282, #1050, #983, #63 ) ) ;
#1525 = DIRECTION ( 'NONE',  ( -0.000000000000000000, -0.000000000000000000, 1.000000000000000000 ) ) ;
#1526 = VERTEX_POINT ( 'NONE', #459 ) ;
#1527 = CARTESIAN_POINT ( 'NONE',  ( 202.5758622134929112, 47.50000000000002842, 3.500000000000000000 ) ) ;
#1528 = ORIENTED_EDGE ( 'NONE', *, *, #220, .F. ) ;
#1529 = DIRECTION ( 'NONE',  ( -0.000000000000000000, -0.000000000000000000, 1.000000000000000000 ) ) ;
#1530 = CARTESIAN_POINT ( 'NONE',  ( 40.00000000000000711, 145.3589838486221595, 3.500000000000000000 ) ) ;
#1531 = ADVANCED_FACE ( 'NONE', ( #944 ), #1433, .F. ) ;
#1532 = CARTESIAN_POINT ( 'NONE',  ( 80.00000000000000000, 12.50000000000000355, -3.500000000000000000 ) ) ;
#1533 = ORIENTED_EDGE ( 'NONE', *, *, #74, .T. ) ;
#1534 = CARTESIAN_POINT ( 'NONE',  ( 0.000000000000000000, 0.000000000000000000, -3.500000000000000000 ) ) ;
#1535 = ADVANCED_FACE ( 'NONE', ( #1066 ), #921, .F. ) ;
#1536 = ORIENTED_EDGE ( 'NONE', *, *, #1068, .T. ) ;
#1537 = CARTESIAN_POINT ( 'NONE',  ( 50.00000000000000000, 151.1324865405183857, 3.500000000000000000 ) ) ;
#1538 = DIRECTION ( 'NONE',  ( 0.000000000000000000, 0.000000000000000000, -1.000000000000000000 ) ) ;
#1539 = CARTESIAN_POINT ( 'NONE',  ( 10.00000000000000000, 10.00000000000000000, -1.000000000000000000 ) ) ;
#1540 = CARTESIAN_POINT ( 'NONE',  ( 80.00000000000000000, 12.50000000000000355, -3.500000000000000000 ) ) ;
#1541 = VECTOR ( 'NONE', #516, 1000.000000000000000 ) ;
#1542 = EDGE_CURVE ( 'NONE', #283, #719, #1181, .T. ) ;
#1543 = AXIS2_PLACEMENT_3D ( 'NONE', #213, #929, #938 ) ;
#1544 = DIRECTION ( 'NONE',  ( -0.000000000000000000, -0.000000000000000000, 1.000000000000000000 ) ) ;
#1545 = ORIENTED_EDGE ( 'NONE', *, *, #640, .T. ) ;
#1546 = DIRECTION ( 'NONE',  ( 0.000000000000000000, 0.000000000000000000, -1.000000000000000000 ) ) ;
#1547 = FACE_OUTER_BOUND ( 'NONE', #518, .T. ) ;
#1548 = LINE ( 'NONE', #1435, #1475 ) ;
#1549 = DIRECTION ( 'NONE',  ( -0.000000000000000000, -0.000000000000000000, 1.000000000000000000 ) ) ;
#1550 = AXIS2_PLACEMENT_3D ( 'NONE', #716, #1197, #1205 ) ;
#1551 = CARTESIAN_POINT ( 'NONE',  ( 10.00000000000000000, 10.00000000000000000, -1.000000000000000444 ) ) ;
#1552 = CIRCLE ( 'NONE', #968, 4.000000000000001776 ) ;
#1553 = VERTEX_POINT ( 'NONE', #795 ) ;
#1554 = DIRECTION ( 'NONE',  ( -0.000000000000000000, -0.000000000000000000, 1.000000000000000000 ) ) ;
#1555 = EDGE_CURVE ( 'NONE', #755, #906, #1198, .T. ) ;
#1556 = DIRECTION ( 'NONE',  ( -0.8660254037844363761, 0.5000000000000041078, -0.000000000000000000 ) ) ;
#1557 = SURFACE_SIDE_STYLE ('',( #963 ) ) ;
#1558 = DIRECTION ( 'NONE',  ( 1.000000000000000000, 0.000000000000000000, 0.000000000000000000 ) ) ;
#1559 = VERTEX_POINT ( 'NONE', #949 ) ;
#1560 = ADVANCED_FACE ( 'NONE', ( #673 ), #1427, .T. ) ;
#1561 = DIRECTION ( 'NONE',  ( 1.000000000000000000, 0.000000000000000000, 0.000000000000000000 ) ) ;
#1562 = DIRECTION ( 'NONE',  ( -0.000000000000000000, -0.000000000000000000, 1.000000000000000000 ) ) ;
#1563 = CYLINDRICAL_SURFACE ( 'NONE', #92, 20.50000000000000355 ) ;
#1564 = CARTESIAN_POINT ( 'NONE',  ( 225.6698729810778445, 7.499999999999992895, -3.500000000000000000 ) ) ;
#1565 = AXIS2_PLACEMENT_3D ( 'NONE', #116, #163, #881 ) ;
#1566 = ORIENTED_EDGE ( 'NONE', *, *, #1308, .F. ) ;
#1567 = AXIS2_PLACEMENT_3D ( 'NONE', #1125, #1525, #1484 ) ;
#1568 = ORIENTED_EDGE ( 'NONE', *, *, #1376, .F. ) ;
#1569 = VECTOR ( 'NONE', #920, 1000.000000000000000 ) ;
#1570 = DIRECTION ( 'NONE',  ( -1.387778780781445922E-16, 1.000000000000000000, 0.000000000000000000 ) ) ;
#1571 = DIRECTION ( 'NONE',  ( -1.000000000000000000, 0.000000000000000000, -0.000000000000000000 ) ) ;
#1572 = FILL_AREA_STYLE ('',( #239 ) ) ;
#1573 = DIRECTION ( 'NONE',  ( -1.000000000000000000, 0.000000000000000000, 0.000000000000000000 ) ) ;
#1574 = AXIS2_PLACEMENT_3D ( 'NONE', #1076, #110, #597 ) ;
#1575 = ORIENTED_EDGE ( 'NONE', *, *, #399, .T. ) ;
ENDSEC;
END-ISO-10303-21;
