{"config":{"lang":["en"],"separator":"[\\s\\-]+","pipeline":["stopWordFilter"],"fields":{"title":{"boost":1000.0},"text":{"boost":1.0},"tags":{"boost":1000000.0}}},"docs":[{"location":"","title":"\u4e32\u6d41\u7aef\u53e3\u534f\u8bae","text":"<p>\u4ee5\u4e0b\u662f\u57fa\u4e8e\u8be5JSON\u6570\u636e\u7684\u8bf4\u660e\u6587\u6863\uff1a</p>"},{"location":"#_2","title":"\u4e32\u6d41\u6570\u636e\u8bf4\u660e","text":"<p>\u672c\u6587\u6863\u4ecb\u7ecd\u4e86\u4e00\u4e2aJSON\u683c\u5f0f\u7684\u4e32\u6d41\u6570\u636e\uff0c\u5176\u4e2d\u5305\u542b\u4e86\u4eba\u4f53\u5404\u4e2a\u5173\u8282\u7684\u59ff\u6001\u4fe1\u606f\u548c\u6839\u8282\u70b9\u7684\u4f4d\u7f6e\u4fe1\u606f\u3002\u5ba2\u6237\u7aef\u901a\u8fc7Socket\u8fde\u63a5ServerSocket\uff0c\u63a5\u6536\u5230JSON\u683c\u5f0f\u7684\u6570\u636e\u3002</p>"},{"location":"#_3","title":"\u6570\u636e\u683c\u5f0f","text":"<p>\u6570\u636e\u683c\u5f0f\u4e3aJSON\u683c\u5f0f\uff0c\u5982\u4e0b\u6240\u793a\uff1a</p> <pre><code>{\n    \"deviceList\": [\n      {\n        \"leftLittleFingerUnder\": [0.0, 0.0, 0.0],\n        \"leftLowerLeg\": [0.5283327317267245, 0.9699280975299531, 0.05361260659299393],\n        \"leftThumbMid\": [0.0, 0.0, 0.0],\n        \"actorName\": \"36895272192031866103\",\n        \"rightMiddleFingerMid\": [0.0, 0.0, 0.0],\n        \"deviceId\": \"36895272192031866103\",\n        \"leftToe\": [0.0, 0.0, 0.0],\n        \"crotch\": [167.57347163011366, -83.40422843226828, 168.32318812755344],\n        \"rightForeFingerUnder\": [0.0, 0.0, 0.0],\n        \"leftThumbUnder\": [0.0, 0.0, 0.0],\n        \"rightLowerLeg\": [-0.14184703756515651, -0.3411541341866196, 0.11966295623743685],\n        \"rightMiddleFingerUnder\": [0.0, 0.0, 0.0],\n        \"rightThumbMid\": [0.0, 0.0, 0.0],\n        \"rightForeFingerMid\": [0.0, 0.0, 0.0],\n        \"rightMiddleFingerUp\": [0.0, 0.0, 0.0],\n        \"coordinate\": [-0.701085451990366, 0.9399006068706512, 1.7706798166036606],\n        \"rightThumbUp\": [0.0, 0.0, 0.0],\n        \"leftForeFingerMid\": [0.0, 0.0, 0.0],\n        \"leftLowerArm\": [-4.275193053831556, 6.029475112014665, 0.16694912669166465],\n        \"rightRingFingerMid\": [0.0, 0.0, 0.0],\n        \"waistTwo\": [0.29568526455187555, 35.644963830923615, -0.5573244587306913],\n        \"leftMiddleFingerUnder\": [0.0, 0.0, 0.0],\n        \"leftMiddleFingerMid\": [0.0, 0.0, 0.0],\n        \"rightLittleFingerMid\": [0.0, 0.0, 0.0],\n        \"rightUpperLeg\": [176.6885544428917, 72.91872796381254, -177.95669928739395],\n        \"leftForeFingerUnder\": [0.0, 0.0, 0.0],\n        \"leftRingFingerUnder\": [0.0, 0.0, 0.0],\n        \"leftLittleFingerUp\": [0.0, 0.0, 0.0],\n        \"leftForeFingerUp\": [0.0, 0.0, 0.0],\n        \"bvhRotationOrder\": \"XYZ\",\n        \"rightLowerArm\": [-121.27302739968908, -53.80513365787473, -79.57055095508167],\n        \"leftRingFingerMid\": [0.0, 0.0, 0.0],\n        \"rightForeFingerUp\": [0.0, 0.0, 0.0],\n        \"back\": [0.29551572530026504, 35.6342730205439, -0.5570915211338497],\n        \"rightLittleFingerUp\": [0.0, 0.0, 0.0],\n        \"rightRingFingerUnder\": [0.0, 0.0, 0.0],\n        \"leftShoulder\": [-0.18589438315193915, -0.9052612384769648, -0.5738650285131836],\n        \"head\": [-0.03851023463838937, 0.7913068784451655, -0.7062768447186851],\n        \"leftUpperArm\": [-2.2109214884746184, 0.7886943442852772, -33.677680182697486],\n        \"leftMiddleFingerUp\": [0.0, 0.0, 0.0],\n        \"rightHand\": [116.29463249250328, 50.96926853262847, -78.59930404908181],\n        \"rightFoot\": [0.2060584982674821, 0.8379528867935927, -0.09795635155078423],\n        \"waistOne\": [0.29551572530026504, 35.63427302054393, -0.5570915211338499],\n        \"leftUpperLeg\": [178.28257488310416, 73.86704919190285, -179.49772684666087],\n        \"leftThumbUp\": [0.0, 0.0, 0.0],\n        \"rightUpperArm\": [2.7153986036959346, -0.9532830770749268, 33.639901563359864],\n        \"rightRingFingerUp\": [0.0, 0.0, 0.0],\n        \"rightToe\": [0.0, 0.0, 0.0],\n        \"leftLittleFingerMid\": [0.0, 0.0, 0.0],\n        \"leftRingFingerUp\": [0.0, 0.0, 0.0],\n        \"leftHand\": [34.30087801348577, -36.18378054306241, 10.29834646689235],\n        \"leftFoot\": [-0.3257049210066964, 1.284396122923064, 0.34588575015733],\n        \"rightShoulder\": [-0.1527352626370245, 0.7979215521202965, -0.6612408963735164],\n        \"rightLittleFingerUnder\": [0.0, 0.0, 0.0],\n        \"rightThumbUnder\": [0.0, 0.0, 0.0]\n    }, \n      {\n        \"leftLittleFingerUnder\": [0.0, 0.0, 0.0],\n        \"leftLowerLeg\": [-0.40573345247257264, -18.4634204946525, 0.2511509567285266],\n        \"leftThumbMid\": [0.0, 0.0, 0.0],\n        \"actorName\": \"8780442582114229391\",\n        \"rightMiddleFingerMid\": [0.0, 0.0, 0.0],\n        \"deviceId\": \"8780442582114229391\",\n        \"leftToe\": [0.0, 0.0, 0.0],\n        \"crotch\": [-0.2044930858509223, -39.26269365322497, -0.037041743724933796],\n        \"rightForeFingerUnder\": [0.0, 0.0, 0.0],\n        \"leftThumbUnder\": [0.0, 0.0, 0.0],\n        \"rightLowerLeg\": [-0.1767339587597831, 3.9021207519650063, 0.49314465550116343],\n        \"rightMiddleFingerUnder\": [0.0, 0.0, 0.0],\n        \"rightThumbMid\": [0.0, 0.0, 0.0],\n        \"rightForeFingerMid\": [0.0, 0.0, 0.0],\n        \"rightMiddleFingerUp\": [0.0, 0.0, 0.0],\n        \"coordinate\": [-0.06738789379596713, 0.9254053207114338, 0.06742429733276367],\n        \"rightThumbUp\": [0.0, 0.0, 0.0],\n        \"leftForeFingerMid\": [0.0, 0.0, 0.0],\n        \"leftLowerArm\": [-0.08699000572472954, 0.6863571788756292, 0.11855827980903816],\n        \"rightRingFingerMid\": [0.0, 0.0, 0.0],\n        \"waistTwo\": [-0.015424130073108227, 0.055886741439810775, 0.026696603642111863],\n        \"leftMiddleFingerUnder\": [0.0, 0.0, 0.0],\n        \"leftMiddleFingerMid\": [0.0, 0.0, 0.0],\n        \"rightLittleFingerMid\": [0.0, 0.0, 0.0],\n        \"rightUpperLeg\": [0.42060291176478676, -2.1037899016837187, -0.1868693436966618],\n        \"leftForeFingerUnder\": [0.0, 0.0, 0.0],\n        \"leftRingFingerUnder\": [0.0, 0.0, 0.0],\n        \"leftLittleFingerUp\": [0.0, 0.0, 0.0],\n        \"leftForeFingerUp\": [0.0, 0.0, 0.0],\n        \"bvhRotationOrder\": \"XYZ\",\n        \"rightLowerArm\": [-0.16399108361481987, -0.11848358762031388, -0.03239584056380892],\n        \"leftRingFingerMid\": [0.0, 0.0, 0.0],\n        \"rightForeFingerUp\": [0.0, 0.0, 0.0],\n        \"back\": [-0.015419499853539614, 0.05586997984781864, 0.02668859400377571],\n        \"rightLittleFingerUp\": [0.0, 0.0, 0.0],\n        \"rightRingFingerUnder\": [0.0, 0.0, 0.0],\n        \"leftShoulder\": [0.5305371373965916, -0.4449699181562023, -0.9358010480478481],\n        \"head\": [0.11915716369841646, 0.10442513581288657, -0.11235430434039644],\n        \"leftUpperArm\": [-0.5747730532023467, 0.4200904612748533, -32.76454790349389],\n        \"leftMiddleFingerUp\": [0.0, 0.0, 0.0],\n        \"rightHand\": [-5.839335306133827, -7.834890734098407, 0.25703843613984406],\n        \"rightFoot\": [-0.37335566172713364, -2.4396810057529454, -0.12317384133139211],\n        \"waistOne\": [-0.01541949985353954, 0.05586997984781229, 0.02668859400377569],\n        \"leftUpperLeg\": [0.07023596070865984, 17.845656318012665, 0.11397519757537351],\n        \"leftThumbUp\": [0.0, 0.0, 0.0],\n        \"rightUpperArm\": [0.6870520821370538, -2.0975935038200126, 31.78050481691975],\n        \"rightRingFingerUp\": [0.0, 0.0, 0.0],\n        \"rightToe\": [0.0, 0.0, 0.0],\n        \"leftLittleFingerMid\": [0.0, 0.0, 0.0],\n        \"leftRingFingerUp\": [0.0, 0.0, 0.0],\n        \"leftHand\": [0.3254735259841174, -0.9885952909200776, -0.1923420038814004],\n        \"leftFoot\": [0.329059431216289, 24.35541948578364, 0.029652081491475666],\n        \"rightShoulder\": [-0.5753150002783762, 2.0401497415649117, 1.9198983633224964],\n        \"rightLittleFingerUnder\": [0.0, 0.0, 0.0],\n        \"rightThumbUnder\": [0.0, 0.0, 0.0]\n    