ISO-10303-21;
HEADER;
FILE_DESCRIPTION (( 'STEP AP203' ),
    '1' );
FILE_NAME ('后盖板.STEP',
    '2025-05-08T03:19:43',
    ( 'Windows 用户' ),
    ( '' ),
    'SwSTEP 2.0',
    'SolidWorks 2018',
    '' );
FILE_SCHEMA (( 'CONFIG_CONTROL_DESIGN' ));
ENDSEC;

DATA;
#1 = CARTESIAN_POINT ( 'NONE',  ( -29.99999999999999645, -11.04536101718689700, 4.500000000000000000 ) ) ;
#2 = CARTESIAN_POINT ( 'NONE',  ( 21.02402132504439436, 24.75000000000001421, 0.7358564425545128795 ) ) ;
#3 = DIRECTION ( 'NONE',  ( -0.000000000000000000, -0.000000000000000000, -1.000000000000000000 ) ) ;
#4 = AXIS2_PLACEMENT_3D ( 'NONE', #3760, #2510, #1893 ) ;
#5 = CARTESIAN_POINT ( 'NONE',  ( -29.79583414232466865, 12.04474196411467624, 4.777747568654953980 ) ) ;
#6 = CARTESIAN_POINT ( 'NONE',  ( 0.000000000000000000, 1.040834085586084257E-14, 0.000000000000000000 ) ) ;
#7 = ORIENTED_EDGE ( 'NONE', *, *, #3459, .T. ) ;
#8 = VERTEX_POINT ( 'NONE', #3785 ) ;
#9 = PLANE ( 'NONE',  #3865 ) ;
#10 = ORIENTED_EDGE ( 'NONE', *, *, #3692, .F. ) ;
#11 = VERTEX_POINT ( 'NONE', #1268 ) ;
#12 = CARTESIAN_POINT ( 'NONE',  ( 2.249999999999993783, 0.000000000000000000, 0.000000000000000000 ) ) ;
#13 = CARTESIAN_POINT ( 'NONE',  ( -7.500000000000000000, 0.000000000000000000, 3.500000000000000000 ) ) ;
#14 = CARTESIAN_POINT ( 'NONE',  ( 20.66696653399086259, 24.75000000000001066, 0.6494786004581626360 ) ) ;
#15 = ADVANCED_FACE ( 'NONE', ( #2437 ), #1167, .F. ) ;
#16 = CARTESIAN_POINT ( 'NONE',  ( -21.20535255374715078, -24.62890625000000355, 1.000000000000000000 ) ) ;
#17 = CARTESIAN_POINT ( 'NONE',  ( 29.92223144647000410, -12.46517063472461651, 0.5890274617263941970 ) ) ;
#18 = CALENDAR_DATE ( 2025, 8, 5 ) ;
#19 = DIRECTION ( 'NONE',  ( 1.000000000000000000, 0.000000000000000000, -0.000000000000000000 ) ) ;
#20 = DIRECTION ( 'NONE',  ( -1.000000000000000000, 0.000000000000000000, 0.000000000000000000 ) ) ;
#21 = AXIS2_PLACEMENT_3D ( 'NONE', #1437, #3287, #1127 ) ;
#22 = CARTESIAN_POINT ( 'NONE',  ( 30.00000000000011724, -12.46350777562920520, 0.8078194671764336032 ) ) ;
#23 = EDGE_CURVE ( 'NONE', #3296, #11, #865, .T. ) ;
#24 = CARTESIAN_POINT ( 'NONE',  ( -29.83124769393303666, 12.16292559534648809, 0.2902215835709808789 ) ) ;
#25 = CARTESIAN_POINT ( 'NONE',  ( -20.87911636061257425, -24.24999999999999645, 1.000000000000000000 ) ) ;
#26 = CARTESIAN_POINT ( 'NONE',  ( 20.95643676561353885, 24.54423573359358812, 0.3530960563391425944 ) ) ;
#27 = FACE_OUTER_BOUND ( 'NONE', #3985, .T. ) ;
#28 = DIRECTION ( 'NONE',  ( 0.000000000000000000, -1.000000000000000000, 0.000000000000000000 ) ) ;
#29 = ORIENTED_EDGE ( 'NONE', *, *, #1464, .F. ) ;
#30 = CARTESIAN_POINT ( 'NONE',  ( 26.50000000000000711, 0.000000000000000000, 2.500000000000000000 ) ) ;
#31 = TOROIDAL_SURFACE ( 'NONE', #2898, 31.50000000000000000, 1.000000000000000000 ) ;
#32 = ADVANCED_FACE ( 'NONE', ( #4024 ), #139, .T. ) ;
#33 = CC_DESIGN_PERSON_AND_ORGANIZATION_ASSIGNMENT ( #1282, #1714, ( #3368 ) ) ;
#34 = CARTESIAN_POINT ( 'NONE',  ( 26.70448408804208640, 13.00874166503902352, 0.3802222427401019678 ) ) ;
#35 = FACE_OUTER_BOUND ( 'NONE', #2240, .T. ) ;
#36 = CARTESIAN_POINT ( 'NONE',  ( -20.34192731947419475, -24.33272705900572674, 0.01711455892262337200 ) ) ;
#37 = CARTESIAN_POINT ( 'NONE',  ( -29.49999999999999645, -11.04536101718726648, 0.000000000000000000 ) ) ;
#38 = EDGE_LOOP ( 'NONE', ( #2201, #3461, #1226, #821 ) ) ;
#39 = CARTESIAN_POINT ( 'NONE',  ( -29.49999999999999645, 0.000000000000000000, 0.5000000000000000000 ) ) ;
#40 = CARTESIAN_POINT ( 'NONE',  ( -29.99999999999999645, 0.000000000000000000, 4.500000000000000888 ) ) ;
#41 = DIRECTION ( 'NONE',  ( 0.000000000000000000, 0.000000000000000000, -1.000000000000000000 ) ) ;
#42 = EDGE_LOOP ( 'NONE', ( #3788, #2345, #3018, #1085 ) ) ;
#43 = VERTEX_POINT ( 'NONE', #2840 ) ;
#44 = CARTESIAN_POINT ( 'NONE',  ( 26.00000000000000355, 0.000000000000000000, 0.000000000000000000 ) ) ;
#45 = ORIENTED_EDGE ( 'NONE', *, *, #2197, .F. ) ;
#46 = CARTESIAN_POINT ( 'NONE',  ( -26.50000000000000355, -12.96148139681570832, 1.000000000000000000 ) ) ;
#47 = EDGE_CURVE ( 'NONE', #3662, #52, #725, .T. ) ;
#48 = ORIENTED_EDGE ( 'NONE', *, *, #2587, .T. ) ;
#49 = CARTESIAN_POINT ( 'NONE',  ( 30.00000000000000355, -11.04536101718724339, 0.000000000000000000 ) ) ;
#50 = CARTESIAN_POINT ( 'NONE',  ( -20.90024304931688093, -24.52499410095404997, 0.3054427984872196689 ) ) ;
#51 = ADVANCED_FACE ( 'NONE', ( #2920 ), #1755, .T. ) ;
#52 = VERTEX_POINT ( 'NONE', #2526 ) ;
#53 = ORIENTED_EDGE ( 'NONE', *, *, #970, .T. ) ;
#54 = CARTESIAN_POINT ( 'NONE',  ( 20.84391318504351887, 24.75000000000001066, 4.167354361581808497 ) ) ;
#55 = CARTESIAN_POINT ( 'NONE',  ( -30.00000000000000000, -12.05425820925899139, 4.347099669192866500 ) ) ;
#56 = VERTEX_POINT ( 'NONE', #991 ) ;
#57 = CARTESIAN_POINT ( 'NONE',  ( 26.62897382867899765, 12.99130410733791585, 0.4913269392797597890 ) ) ;
#58 = CARTESIAN_POINT ( 'NONE',  ( -29.99999999999998934, 11.93147760151155623, 0.6129357380208827477 ) ) ;
#59 = EDGE_CURVE ( 'NONE', #897, #2748, #1989, .T. ) ;
#60 = CARTESIAN_POINT ( 'NONE',  ( -20.00000000000000000, 0.000000000000000000, 1.000000000000000000 ) ) ;
#61 = CARTESIAN_POINT ( 'NONE',  ( -21.20535255374715433, 24.62890625000000711, 4.143452595506636804 ) ) ;
#62 = APPROVAL_PERSON_ORGANIZATION ( #938, #3164, #3581 ) ;
#63 = DIRECTION ( 'NONE',  ( -1.000000000000000000, 0.000000000000000000, 0.000000000000000000 ) ) ;
#64 = CARTESIAN_POINT ( 'NONE',  ( -20.51764473358692698, 24.75000000000000355, 0.5716401082596022087 ) ) ;
#65 = ORIENTED_EDGE ( 'NONE', *, *, #2587, .F. ) ;
#66 = CARTESIAN_POINT ( 'NONE',  ( -25.50000000000000355, 0.000000000000000000, 2.500000000000000000 ) ) ;
#67 = CARTESIAN_POINT ( 'NONE',  ( 20.87911636061258136, 24.75000000000001066, 1.000000000000000000 ) ) ;
#68 = FACE_OUTER_BOUND ( 'NONE', #1457, .T. ) ;
#69 = EDGE_CURVE ( 'NONE', #3482, #603, #1254, .T. ) ;
#70 = CARTESIAN_POINT ( 'NONE',  ( -29.96093750000000000, -12.59334046713157740, 4.000000000000000000 ) ) ;
#71 = AXIS2_PLACEMENT_3D ( 'NONE', #841, #1151, #3627 ) ;
#72 = CARTESIAN_POINT ( 'NONE',  ( 30.00000000000000355, -11.92532824032969430, 4.388873773257463640 ) ) ;
#73 = AXIS2_PLACEMENT_3D ( 'NONE', #3474, #3836, #75 ) ;
#74 = DIRECTION ( 'NONE',  ( 1.000000000000000000, 0.000000000000000000, 0.000000000000000000 ) ) ;
#75 = DIRECTION ( 'NONE',  ( 1.000000000000000000, 0.000000000000000000, 0.000000000000000000 ) ) ;
#76 = VECTOR ( 'NONE', #3401, 1000.000000000000000 ) ;
#77 = ORIENTED_EDGE ( 'NONE', *, *, #151, .T. ) ;
#78 = CARTESIAN_POINT ( 'NONE',  ( -29.99999999999999289, 12.13324477444613159, 0.4450926444341357646 ) ) ;
#79 = CARTESIAN_POINT ( 'NONE',  ( -21.20535255374716144, 24.62890625000000711, 1.000000000000000000 ) ) ;
#80 = CIRCLE ( 'NONE', #1904, 56.00000000000000000 ) ;
#81 = CARTESIAN_POINT ( 'NONE',  ( -25.50000000000000355, 0.000000000000000000, 3.500000000000000000 ) ) ;
#82 = DIRECTION ( 'NONE',  ( -0.000000000000000000, 0.000000000000000000, 1.000000000000000000 ) ) ;
#83 = ORIENTED_EDGE ( 'NONE', *, *, #3334, .T. ) ;
#84 = CIRCLE ( 'NONE', #1202, 0.5000000000000004441 ) ;
#85 = VERTEX_POINT ( 'NONE', #2866 ) ;
#86 = TOROIDAL_SURFACE ( 'NONE', #633, 56.00000000000000000, 1.000000000000000000 ) ;
#87 = CARTESIAN_POINT ( 'NONE',  ( 29.96093750000000711, 12.59334046713157917, 4.000000000000000000 ) ) ;
#88 = ORIENTED_EDGE ( 'NONE', *, *, #2169, .T. ) ;
#89 = CARTESIAN_POINT ( 'NONE',  ( 0.000000000000000000, 1.040834085586084257E-14, 2.500000000000000000 ) ) ;
#90 = DIRECTION ( 'NONE',  ( -0.000000000000000000, -0.000000000000000000, 1.000000000000000000 ) ) ;
#91 = DIRECTION ( 'NONE',  ( -0.000000000000000000, -1.000000000000000000, -0.000000000000000000 ) ) ;
#92 = EDGE_LOOP ( 'NONE', ( #2308, #775, #1662, #2056 ) ) ;
#93 = EDGE_CURVE ( 'NONE', #3905, #2541, #1118, .T. ) ;
#94 = CARTESIAN_POINT ( 'NONE',  ( 25.60694076059457913, -8.151368942541822094, 3.495653571644211421 ) ) ;
#95 = CARTESIAN_POINT ( 'NONE',  ( -20.10441493801797108, 24.75000000000000711, 4.500000000000000888 ) ) ;
#96 = AXIS2_PLACEMENT_3D ( 'NONE', #714, #99, #3206 ) ;
#97 = CARTESIAN_POINT ( 'NONE',  ( -20.57704469101289391, 21.85243048746089300, 0.08740734345540134009 ) ) ;
#98 = CARTESIAN_POINT ( 'NONE',  ( -29.99999999999999645, -11.04536101718726826, 0.5000000000000000000 ) ) ;
#99 = DIRECTION ( 'NONE',  ( -0.000000000000000000, -0.000000000000000000, -1.000000000000000000 ) ) ;
#100 = ORIENTED_EDGE ( 'NONE', *, *, #3202, .F. ) ;
#101 = EDGE_LOOP ( 'NONE', ( #783, #272 ) ) ;
#102 = EDGE_CURVE ( 'NONE', #1509, #851, #1558, .T. ) ;
#103 = CARTESIAN_POINT ( 'NONE',  ( 29.83884714896786150, -12.18818584580107078, 4.697786477710687691 ) ) ;
#104 = ORIENTED_EDGE ( 'NONE', *, *, #3597, .T. ) ;
#105 = CARTESIAN_POINT ( 'NONE',  ( -27.00113615681563672, 13.07698605652714718, 0.1237616010893289875 ) ) ;
#106 = ORIENTED_EDGE ( 'NONE', *, *, #466, .T. ) ;
#107 = CARTESIAN_POINT ( 'NONE',  ( 29.50000000000000355, -2.067650203689527644E-15, 4.500000000000000888 ) ) ;
#108 = DIRECTION ( 'NONE',  ( -0.000000000000000000, -0.000000000000000000, -1.000000000000000000 ) ) ;
#109 = ORIENTED_EDGE ( 'NONE', *, *, #2431, .T. ) ;
#110 = CARTESIAN_POINT ( 'NONE',  ( -30.00000000000000355, -11.30180515740364378, 4.500000000000001776 ) ) ;
#111 = CARTESIAN_POINT ( 'NONE',  ( 25.55334489835579603, -8.252606475444371981, 3.500000000000000888 ) ) ;
#112 = CARTESIAN_POINT ( 'NONE',  ( 20.87911636061257781, 24.75000000000001421, 0.9142734733647678302 ) ) ;
#113 = DIRECTION ( 'NONE',  ( -0.000000000000000000, 0.000000000000000000, 1.000000000000000000 ) ) ;
#114 = ADVANCED_FACE ( 'NONE', ( #3348 ), #3778, .T. ) ;
#115 = CARTESIAN_POINT ( 'NONE',  ( -29.96093749999999645, -12.59334046713156496, 1.000000000000002665 ) ) ;
#116 = CARTESIAN_POINT ( 'NONE',  ( 27.50000000000000711, 0.000000000000000000, 0.000000000000000000 ) ) ;
#117 = CIRCLE ( 'NONE', #964, 31.50000000000000000 ) ;
#118 = CYLINDRICAL_SURFACE ( 'NONE', #3637, 0.5000000000000004441 ) ;
#119 = DIRECTION ( 'NONE',  ( -7.008983741320432232E-17, -1.000000000000000000, -0.000000000000000000 ) ) ;
#120 = EDGE_CURVE ( 'NONE', #3988, #1022, #1017, .T. ) ;
#121 = CARTESIAN_POINT ( 'NONE',  ( -29.99999999999999645, 12.05307515861096590, 0.6524045144885004532 ) ) ;
#122 = LINE ( 'NONE', #927, #705 ) ;
#123 = CARTESIAN_POINT ( 'NONE',  ( -20.87911636061267018, 24.75000000000000355, 1.000000000000902167 ) ) ;
#124 = EDGE_CURVE ( 'NONE', #2060, #328, #1125, .T. ) ;
#125 = CARTESIAN_POINT ( 'NONE',  ( -20.49502789300235506, 21.42100420705171615, 0.4611658027730437537 ) ) ;
#126 = CIRCLE ( 'NONE', #1620, 0.5000000000000004441 ) ;
#127 = ORIENTED_EDGE ( 'NONE', *, *, #3396, .F. ) ;
#128 = CARTESIAN_POINT ( 'NONE',  ( -29.99999999999999289, -12.50040649745542609, 1.000000000000001998 ) ) ;
#129 = CARTESIAN_POINT ( 'NONE',  ( -20.44793158013167300, 21.17877710858291351, 2.850663928747939835 ) ) ;
#130 = CIRCLE ( 'NONE', #1148, 54.00000000000000711 ) ;
#131 = CARTESIAN_POINT ( 'NONE',  ( 30.00000000000000355, -12.39959647417749800, 4.066932174976495062 ) ) ;
#132 = CARTESIAN_POINT ( 'NONE',  ( 30.00000000000000355, 12.39959676763724516, 1.000000000000000000 ) ) ;
#133 = TOROIDAL_SURFACE ( 'NONE', #2534, 30.50000000000000355, 1.000000000000000000 ) ;
#134 = AXIS2_PLACEMENT_3D ( 'NONE', #2731, #2119, #2420 ) ;
#135 = CARTESIAN_POINT ( 'NONE',  ( -29.99999999999999645, 12.36526675082185101, 0.8750288438832384275 ) ) ;
#136 = CARTESIAN_POINT ( 'NONE',  ( 21.04608017008977683, 24.57477749643855702, 4.536621461863296290 ) ) ;
#137 = B_SPLINE_CURVE_WITH_KNOTS ( 'NONE', 3,
 ( #2815, #1266, #2177, #3427, #1602, #672, #2524, #2850, #1577, #3749 ),
 .UNSPECIFIED., .F., .F.,
 ( 4, 2, 2, 2, 4 ),
 ( 0.000000000000000000, 0.0003958293023325214796, 0.0007916586046650429592, 0.001187487906997564385, 0.001583317209330085918 ),
 .UNSPECIFIED. ) ;
#138 = CARTESIAN_POINT ( 'NONE',  ( 25.71072271441349955, -7.951576891978635153, 3.478957761414979810 ) ) ;
#139 = TOROIDAL_SURFACE ( 'NONE', #2041, 54.00000000000000711, 1.000000000000000000 ) ;
#140 = CARTESIAN_POINT ( 'NONE',  ( -20.10441493801797463, 24.25000000000000355, 4.500000000000000888 ) ) ;
#141 = ORIENTED_EDGE ( 'NONE', *, *, #3149, .T. ) ;
#142 = CARTESIAN_POINT ( 'NONE',  ( -20.18921767735012907, 24.75000000000000711, 0.5000000000000000000 ) ) ;
#143 = DIRECTION ( 'NONE',  ( 1.000000000000000000, 0.000000000000000000, 0.000000000000000000 ) ) ;
#144 = CARTESIAN_POINT ( 'NONE',  ( -26.50000000000000355, 0.000000000000000000, 1.000000000000000000 ) ) ;
#145 = VERTEX_POINT ( 'NONE', #2324 ) ;
#146 = DIRECTION ( 'NONE',  ( -0.000000000000000000, -0.000000000000000000, -1.000000000000000000 ) ) ;
#147 = DIRECTION ( 'NONE',  ( -1.000000000000000000, 0.000000000000000000, 0.000000000000000000 ) ) ;
#148 = ORIENTED_EDGE ( 'NONE', *, *, #2058, .F. ) ;
#149 = CARTESIAN_POINT ( 'NONE',  ( -20.87911636061258847, 24.25000000000000355, 1.000000000000000000 ) ) ;
#150 = DIRECTION ( 'NONE',  ( -0.000000000000000000, -0.000000000000000000, 1.000000000000000000 ) ) ;
#151 = EDGE_CURVE ( 'NONE', #648, #3561, #1213, .T. ) ;
#152 = CARTESIAN_POINT ( 'NONE',  ( 29.66921942502613163, 11.61996857611700129, 4.936482600598314008 ) ) ;
#153 = CARTESIAN_POINT ( 'NONE',  ( 26.50000000000000711, 0.000000000000000000, 1.000000000000000000 ) ) ;
#154 = ORIENTED_EDGE ( 'NONE', *, *, #500, .T. ) ;
#155 = ORIENTED_EDGE ( 'NONE', *, *, #2169, .F. ) ;
#156 = CARTESIAN_POINT ( 'NONE',  ( -29.99999999999999645, -12.04992786487481560, 0.6511067329659827596 ) ) ;
#157 = CARTESIAN_POINT ( 'NONE',  ( -20.00000000000000000, 0.000000000000000000, 0.000000000000000000 ) ) ;
#158 = AXIS2_PLACEMENT_3D ( 'NONE', #3932, #2695, #2681 ) ;
#159 = ORIENTED_EDGE ( 'NONE', *, *, #2145, .T. ) ;
#160 = ORIENTED_EDGE ( 'NONE', *, *, #3614, .T. ) ;
#161 = AXIS2_PLACEMENT_3D ( 'NONE', #3034, #550, #212 ) ;
#162 = CARTESIAN_POINT ( 'NONE',  ( -20.00000000000000000, 0.000000000000000000, 0.000000000000000000 ) ) ;
#163 = CARTESIAN_POINT ( 'NONE',  ( -25.71180432594052334, 7.951333547950969027, 3.482913572505685895 ) ) ;
#164 = CARTESIAN_POINT ( 'NONE',  ( 26.50000000000000711, 6.224949798994359185, 1.000000000000000000 ) ) ;
#165 = B_SPLINE_CURVE_WITH_KNOTS ( 'NONE', 3,
 ( #1325, #2274, #2888, #3500, #1617, #1923, #1916, #2571, #1013, #3815 ),
 .UNSPECIFIED., .F., .F.,
 ( 4, 2, 2, 2, 4 ),
 ( -9.464072014280473853E-06, 0.0003891380981054785751, 0.0007877402682252376918, 0.001186342438344996754, 0.001584944608464755817 ),
 .UNSPECIFIED. ) ;
#166 = CARTESIAN_POINT ( 'NONE',  ( 20.00000000000000000, 0.000000000000000000, 1.000000000000000000 ) ) ;
#167 = CC_DESIGN_PERSON_AND_ORGANIZATION_ASSIGNMENT ( #1041, #472, ( #842 ) ) ;
#168 = CARTESIAN_POINT ( 'NONE',  ( -20.87911636061259557, -24.75000000000000000, 0.9144299034076103228 ) ) ;
#169 = VECTOR ( 'NONE', #1763, 1000.000000000000000 ) ;
#170 = DATE_TIME_ROLE ( 'classification_date' ) ;
#171 = DIRECTION ( 'NONE',  ( -0.000000000000000000, 0.000000000000000000, 1.000000000000000000 ) ) ;
#172 = LINE ( 'NONE', #2232, #3289 ) ;
#173 = CARTESIAN_POINT ( 'NONE',  ( -20.93184251683927855, -24.74999999999999645, 4.427602381222573769 ) ) ;
#174 = DIRECTION ( 'NONE',  ( -0.000000000000000000, -0.000000000000000000, -1.000000000000000000 ) ) ;
#175 = VECTOR ( 'NONE', #2199, 1000.000000000000000 ) ;
#176 = CARTESIAN_POINT ( 'NONE',  ( -25.60820507371061083, -8.150753145339807659, 3.500000000000000000 ) ) ;
#177 = AXIS2_PLACEMENT_3D ( 'NONE', #679, #3753, #3152 ) ;
#178 = VECTOR ( 'NONE', #108, 1000.000000000000000 ) ;
#179 = DIRECTION ( 'NONE',  ( -0.000000000000000000, -1.000000000000000000, -0.000000000000000000 ) ) ;
#180 = EDGE_LOOP ( 'NONE', ( #402, #382, #342, #1939 ) ) ;
#181 = EDGE_CURVE ( 'NONE', #914, #328, #3651, .T. ) ;
#182 = DIRECTION ( 'NONE',  ( 1.000000000000000000, 0.000000000000000000, 0.000000000000000000 ) ) ;
#183 = LINE ( 'NONE', #735, #1603 ) ;
#184 = CARTESIAN_POINT ( 'NONE',  ( 21.02318727257908648, -24.74999999999998934, 4.265615390216633607 ) ) ;
#185 = ORIENTED_EDGE ( 'NONE', *, *, #3818, .F. ) ;
#186 = CIRCLE ( 'NONE', #1471, 56.00000000000000711 ) ;
#187 = ORIENTED_EDGE ( 'NONE', *, *, #2858, .T. ) ;
#188 = DIRECTION ( 'NONE',  ( 1.000000000000000000, 0.000000000000000000, 0.000000000000000000 ) ) ;
#189 = CARTESIAN_POINT ( 'NONE',  ( -26.50000000000000711, -6.224949798994364514, 2.616055243406204767 ) ) ;
#190 = ORIENTED_EDGE ( 'NONE', *, *, #2665, .F. ) ;
#191 = B_SPLINE_CURVE_WITH_KNOTS ( 'NONE', 3,
 ( #1765, #2398, #1466, #3345, #3643, #3958, #1780, #3944, #856, #1495, #3669, #2122, #1557, #1882, #1540, #1828, #3990, #3081 ),
 .UNSPECIFIED., .F., .F.,
 ( 4, 2, 2, 2, 2, 2, 2, 2, 4 ),
 ( 0.000000000000000000, 0.0002481718434566573209, 0.0004963436869133146419, 0.0009926873738266245133, 0.001489031060739934385, 0.001985374747653244256, 0.002978062121479861397, 0.003474405808393169967, 0.003970749495306477236 ),
 .UNSPECIFIED. ) ;
#192 = CARTESIAN_POINT ( 'NONE',  ( 20.00000000000000000, 0.000000000000000000, 0.000000000000000000 ) ) ;
#193 = CARTESIAN_POINT ( 'NONE',  ( 30.00000000000000711, -11.92779974502384555, 0.6118368016161219725 ) ) ;
#194 = ORIENTED_EDGE ( 'NONE', *, *, #1586, .F. ) ;
#195 = EDGE_CURVE ( 'NONE', #2565, #2448, #541, .T. ) ;
#196 = ORIENTED_EDGE ( 'NONE', *, *, #1782, .F. ) ;
#197 = CARTESIAN_POINT ( 'NONE',  ( 20.00000000000000000, 0.000000000000000000, 1.000000000000000000 ) ) ;
#198 = ORIENTED_EDGE ( 'NONE', *, *, #2556, .T. ) ;
#199 = CARTESIAN_POINT ( 'NONE',  ( -20.63876018006927993, -24.74999999999999645, 4.732638842343763308 ) ) ;
#200 = ADVANCED_FACE ( 'NONE', ( #632 ), #86, .F. ) ;
#201 = ORIENTED_EDGE ( 'NONE', *, *, #447, .T. ) ;
#202 = EDGE_LOOP ( 'NONE', ( #544, #2538 ) ) ;
#203 = DIRECTION ( 'NONE',  ( -1.000000000000000000, 0.000000000000000000, 0.000000000000000000 ) ) ;
#204 = B_SPLINE_CURVE_WITH_KNOTS ( 'NONE', 3,
 ( #2432, #271, #3381, #2460, #2773, #2750, #2134, #562, #1199, #3706, #545, #2107, #2761, #855, #3968, #2720 ),
 .UNSPECIFIED., .F., .F.,
 ( 4, 2, 2, 2, 2, 2, 2, 4 ),
 ( -1.072135294866511606E-05, 0.0009738045348021528557, 0.001958330422552970792, 0.002450593366428381169, 0.002942856310303791981, 0.003435119254179202792, 0.003681250726116908848, 0.003927382198054615338 ),
 .UNSPECIFIED. ) ;
#205 = DIRECTION ( 'NONE',  ( 0.000000000000000000, -0.000000000000000000, 1.000000000000000000 ) ) ;
#206 = ORIENTED_EDGE ( 'NONE', *, *, #1740, .T. ) ;
#207 = CARTESIAN_POINT ( 'NONE',  ( -25.50000000000000355, -12.72792206135784632, 3.500000000000000000 ) ) ;
#208 = EDGE_CURVE ( 'NONE', #2305, #3413, #284, .T. ) ;
#209 = CARTESIAN_POINT ( 'NONE',  ( -20.10441493801796398, -24.24999999999999645, 5.000000000000000000 ) ) ;
#210 = DIRECTION ( 'NONE',  ( -1.000000000000000000, 0.000000000000000000, 0.000000000000000000 ) ) ;
#211 = PERSON_AND_ORGANIZATION_ROLE ( 'design_supplier' ) ;
#212 = DIRECTION ( 'NONE',  ( 1.000000000000000000, -8.881784197001252323E-15, 0.000000000000000000 ) ) ;
#213 = DIRECTION ( 'NONE',  ( 1.000000000000000000, 0.000000000000000000, 0.000000000000000000 ) ) ;
#214 = AXIS2_PLACEMENT_3D ( 'NONE', #1974, #3781, #3463 ) ;
#215 = AXIS2_PLACEMENT_3D ( 'NONE', #1002, #2243, #369 ) ;
#216 = PERSON_AND_ORGANIZATION ( #3920, #1871 ) ;
#217 = CARTESIAN_POINT ( 'NONE',  ( -20.73691500085620731, 24.75000000000000355, 4.299463717390951345 ) ) ;
#218 = DIRECTION ( 'NONE',  ( 1.000000000000000000, 0.000000000000000000, 0.000000000000000000 ) ) ;
#219 = FACE_OUTER_BOUND ( 'NONE', #733, .T. ) ;
#220 = CARTESIAN_POINT ( 'NONE',  ( 30.00000000000000355, 11.55855245565284228, 0.5217932906638167445 ) ) ;
#221 = DIRECTION ( 'NONE',  ( 1.000000000000000000, 0.000000000000000000, 0.000000000000000000 ) ) ;
#222 = ADVANCED_FACE ( 'NONE', ( #2729 ), #1895, .T. ) ;
#223 = LINE ( 'NONE', #2678, #175 ) ;
#224 = DIRECTION ( 'NONE',  ( 0.000000000000000000, 1.000000000000000000, 0.000000000000000000 ) ) ;
#225 = CARTESIAN_POINT ( 'NONE',  ( 25.55334489835579603, 8.252606475444371981, 3.500000000000000888 ) ) ;
#226 = VECTOR ( 'NONE', #3281, 1000.000000000000000 ) ;
#227 = CARTESIAN_POINT ( 'NONE',  ( -20.68977474906387926, -24.45286496257583053, 4.856270352625304376 ) ) ;
#228 = ORIENTED_EDGE ( 'NONE', *, *, #2191, .F. ) ;
#229 = CARTESIAN_POINT ( 'NONE',  ( 20.66613002722397141, -24.74999999999998934, 0.6528655382134447294 ) ) ;
#230 = DIRECTION ( 'NONE',  ( 1.000000000000000000, 0.000000000000000000, 0.000000000000000000 ) ) ;
#231 = CIRCLE ( 'NONE', #1008, 5.000000000000000888 ) ;
#232 = DIRECTION ( 'NONE',  ( 0.000000000000000000, 0.000000000000000000, 1.000000000000000000 ) ) ;
#233 = CARTESIAN_POINT ( 'NONE',  ( 11.00000000000000178, 0.000000000000000000, 1.000000000000000000 ) ) ;
#234 = AXIS2_PLACEMENT_3D ( 'NONE', #487, #2667, #3872 ) ;
#235 = CARTESIAN_POINT ( 'NONE',  ( 0.000000000000000000, 0.000000000000000000, 0.000000000000000000 ) ) ;
#236 = CYLINDRICAL_SURFACE ( 'NONE', #931, 7.500000000000000000 ) ;
#237 = CARTESIAN_POINT ( 'NONE',  ( 20.87911636061258136, 24.25000000000001066, 1.000000000000000000 ) ) ;
#238 = EDGE_CURVE ( 'NONE', #1517, #1503, #3306, .T. ) ;
#239 = DIRECTION ( 'NONE',  ( -1.000000000000000000, 0.000000000000000000, 0.000000000000000000 ) ) ;
#240 = CARTESIAN_POINT ( 'NONE',  ( 26.50000000000000711, 6.224949798994359185, 2.500000000000000000 ) ) ;
#241 = AXIS2_PLACEMENT_3D ( 'NONE', #2723, #2996, #1126 ) ;
#242 = ORIENTED_EDGE ( 'NONE', *, *, #2066, .F. ) ;
#243 = ADVANCED_FACE ( 'NONE', ( #1703 ), #3496, .T. ) ;
#244 = CARTESIAN_POINT ( 'NONE',  ( 29.74166611737319954, 11.86348673549391819, 0.1369943986493877275 ) ) ;
#245 = VERTEX_POINT ( 'NONE', #2091 ) ;
#246 = ORIENTED_EDGE ( 'NONE', *, *, #2276, .F. ) ;
#247 = CARTESIAN_POINT ( 'NONE',  ( 30.00000000000000355, 12.05317048259036739, 0.6524635391737116930 ) ) ;
#248 = ORIENTED_EDGE ( 'NONE', *, *, #1527, .F. ) ;
#249 = DIRECTION ( 'NONE',  ( 1.000000000000000000, 0.000000000000000000, 0.000000000000000000 ) ) ;
#250 = ORIENTED_EDGE ( 'NONE', *, *, #3895, .T. ) ;
#251 = DIRECTION ( 'NONE',  ( 7.008983741320432232E-17, 1.000000000000000000, 0.000000000000000000 ) ) ;
#252 = CARTESIAN_POINT ( 'NONE',  ( 26.38726311699359783, 6.500210946492666508, 2.966788829422695617 ) ) ;
#253 = ORIENTED_EDGE ( 'NONE', *, *, #957, .F. ) ;
#254 = CARTESIAN_POINT ( 'NONE',  ( -20.34340270680844043, -24.33323835178422456, 4.982530846029271210 ) ) ;
#255 = CARTESIAN_POINT ( 'NONE',  ( -20.28311271570832375, -20.36122017113621041, 3.500000000000000444 ) ) ;
#256 = DIRECTION ( 'NONE',  ( -1.000000000000000000, 0.000000000000000000, 0.000000000000000000 ) ) ;
#257 = ORIENTED_EDGE ( 'NONE', *, *, #970, .F. ) ;
#258 = EDGE_CURVE ( 'NONE', #2844, #3119, #2530, .T. ) ;
#259 = CARTESIAN_POINT ( 'NONE',  ( 0.000000000000000000, 1.040834085586084257E-14, 1.000000000000000000 ) ) ;
#260 = PERSON_AND_ORGANIZATION ( #3920, #1871 ) ;
#261 = CARTESIAN_POINT ( 'NONE',  ( -29.99999999999999289, 11.73371889684609570, 4.763870735119622779 ) ) ;
#262 = DIRECTION ( 'NONE',  ( 0.000000000000000000, 1.000000000000000000, 0.000000000000000000 ) ) ;
#263 = CARTESIAN_POINT ( 'NONE',  ( -20.87911636061257425, -24.74999999999999645, 0.000000000000000000 ) ) ;
#264 = FACE_OUTER_BOUND ( 'NONE', #3903, .T. ) ;
#265 = AXIS2_PLACEMENT_3D ( 'NONE', #3534, #2945, #2361 ) ;
#266 = CARTESIAN_POINT ( 'NONE',  ( 20.10441493801796753, -24.24999999999998934, 0.000000000000000000 ) ) ;
#267 = CARTESIAN_POINT ( 'NONE',  ( 20.46185475464040593, 21.25000000000000711, 1.000000000000000000 ) ) ;
#268 = CARTESIAN_POINT ( 'NONE',  ( -29.89869228051505345, -12.38708838513061750, 4.510607407446452832 ) ) ;
#269 = EDGE_CURVE ( 'NONE', #2301, #3670, #486, .T. ) ;
#270 = CIRCLE ( 'NONE', #2755, 9.000000000000000000 ) ;
#271 = CARTESIAN_POINT ( 'NONE',  ( -27.44187975448155470, -3.106869897831094907, -2.858736196983263644E-18 ) ) ;
#272 = ORIENTED_EDGE ( 'NONE', *, *, #1464, .T. ) ;
#273 = LINE ( 'NONE', #144, #1835 ) ;
#274 = CARTESIAN_POINT ( 'NONE',  ( -29.49999999999999645, -11.04536101718726648, 5.000000000000000000 ) ) ;
#275 = CARTESIAN_POINT ( 'NONE',  ( -29.99999999999999645, -12.39959676763724694, 0.9345434042139197928 ) ) ;
#276 = VERTEX_POINT ( 'NONE', #501 ) ;
#277 = CIRCLE ( 'NONE', #1496, 9.999999999999998224 ) ;
#278 = ORIENTED_EDGE ( 'NONE', *, *, #3379, .T. ) ;
#279 = CARTESIAN_POINT ( 'NONE',  ( 30.00000000000000000, 12.50040649745543497, 1.000000000000001110 ) ) ;
#280 = EDGE_CURVE ( 'NONE', #3392, #2206, #1012, .T. ) ;
#281 = VECTOR ( 'NONE', #936, 1000.000000000000000 ) ;
#282 = DIRECTION ( 'NONE',  ( 1.000000000000000000, 0.000000000000000000, 0.000000000000000000 ) ) ;
#283 = EDGE_LOOP ( 'NONE', ( #2576, #104, #1209, #680 ) ) ;
#284 = CIRCLE ( 'NONE', #704, 1.000000000000000000 ) ;
#285 = AXIS2_PLACEMENT_3D ( 'NONE', #2906, #2897, #1378 ) ;
#286 = EDGE_LOOP ( 'NONE', ( #2153, #2786, #1264, #1107 ) ) ;
#287 = CARTESIAN_POINT ( 'NONE',  ( 20.22381764776038438, 24.29168654096656610, 5.000000000000000888 ) ) ;
#288 = DIRECTION ( 'NONE',  ( 0.000000000000000000, 0.000000000000000000, -1.000000000000000000 ) ) ;
#289 = ORIENTED_EDGE ( 'NONE', *, *, #326, .T. ) ;
#290 = VERTEX_POINT ( 'NONE', #2363 ) ;
#291 = CARTESIAN_POINT ( 'NONE',  ( -20.51342378567996505, -21.51659942199433928, 0.3510837970260174967 ) ) ;
#292 = EDGE_LOOP ( 'NONE', ( #2931, #3256, #2785, #148 ) ) ;
#293 = DIRECTION ( 'NONE',  ( 0.000000000000000000, 0.000000000000000000, -1.000000000000000000 ) ) ;
#294 = ORIENTED_EDGE ( 'NONE', *, *, #3895, .F. ) ;
#295 = CARTESIAN_POINT ( 'NONE',  ( 21.20535255374715433, 24.62890625000001421, 1.000000000000000000 ) ) ;
#296 = ADVANCED_FACE ( 'NONE', ( #2972 ), #1456, .F. ) ;
#297 = VERTEX_POINT ( 'NONE', #209 ) ;
#298 = ORIENTED_EDGE ( 'NONE', *, *, #2556, .F. ) ;
#299 = CARTESIAN_POINT ( 'NONE',  ( -30.00000000000000000, 12.36906826475954624, 4.339975259380408623 ) ) ;
#300 = CARTESIAN_POINT ( 'NONE',  ( 29.59812317778686364, -11.37972896665529454, 4.983746927518221348 ) ) ;
#301 = CARTESIAN_POINT ( 'NONE',  ( 26.68922981367781588, -5.736253086557626446, 0.4092280973181799397 ) ) ;
#302 = EDGE_CURVE ( 'NONE', #3804, #3984, #381, .T. ) ;
#303 = CARTESIAN_POINT ( 'NONE',  ( 30.00000000000000355, 12.39959676763724516, 1.000000000000000666 ) ) ;
#304 = DIRECTION ( 'NONE',  ( 1.000000000000000000, 0.000000000000000000, 0.000000000000000000 ) ) ;
#305 = AXIS2_PLACEMENT_3D ( 'NONE', #1970, #390, #1676 ) ;
#306 = LINE ( 'NONE', #2924, #410 ) ;
#307 = CARTESIAN_POINT ( 'NONE',  ( -29.99999999999999289, -11.32276420081581847, 4.916421661437163415 ) ) ;
#308 = EDGE_CURVE ( 'NONE', #2890, #2108, #3886, .T. ) ;
#309 = CARTESIAN_POINT ( 'NONE',  ( 20.89922112054630077, 24.75000000000001066, 0.5146281087211382888 ) ) ;
#310 = CARTESIAN_POINT ( 'NONE',  ( -20.87911636061258847, 24.75000000000000355, 4.000000000000000000 ) ) ;
#311 = AXIS2_PLACEMENT_3D ( 'NONE', #3930, #2059, #2018 ) ;
#312 = TOROIDAL_SURFACE ( 'NONE', #2360, 8.000000000000000000, 1.000000000000000000 ) ;
#313 = CARTESIAN_POINT ( 'NONE',  ( 20.21896427380131200, 24.74999999999943867, 4.960007880864857555 ) ) ;
#314 = VECTOR ( 'NONE', #2707, 1000.000000000000000 ) ;
#315 = EDGE_LOOP ( 'NONE', ( #1525, #1430, #1357, #1221 ) ) ;
#316 = ADVANCED_FACE ( 'NONE', ( #3112 ), #3066, .T. ) ;
#317 = CARTESIAN_POINT ( 'NONE',  ( 29.99999999999988631, 12.46351924468802430, 0.8076635563327172473 ) ) ;
#318 = CARTESIAN_POINT ( 'NONE',  ( -29.99999999999999645, -12.39959676763724516, 5.000000000000000000 ) ) ;
#319 = LINE ( 'NONE', #463, #76 ) ;
#320 = CARTESIAN_POINT ( 'NONE',  ( 29.91742665751057118, -12.44923581874930463, 0.5614859318666717281 ) ) ;
#321 = EDGE_CURVE ( 'NONE', #52, #366, #2287, .T. ) ;
#322 = DIRECTION ( 'NONE',  ( -0.000000000000000000, -0.000000000000000000, -1.000000000000000000 ) ) ;
#323 = CARTESIAN_POINT ( 'NONE',  ( 20.54125001982572485, 24.75000000000001066, 0.1821452608028194808 ) ) ;
#324 = CIRCLE ( 'NONE', #2411, 0.5000000000000000000 ) ;
#325 = CARTESIAN_POINT ( 'NONE',  ( 29.87282059724887873, -12.30120194280002544, 0.3894130772198620138 ) ) ;
#326 = EDGE_CURVE ( 'NONE', #914, #2557, #3977, .T. ) ;
#327 = CIRCLE ( 'NONE', #2329, 6.000000000000001776 ) ;
#328 = VERTEX_POINT ( 'NONE', #1779 ) ;
#329 = CARTESIAN_POINT ( 'NONE',  ( 29.50000000000000355, 11.04536101718727004, 0.000000000000000000 ) ) ;
#330 = CARTESIAN_POINT ( 'NONE',  ( -29.49999999999999289, 12.39959676763726293, 1.000000000000000000 ) ) ;
#331 = ORIENTED_EDGE ( 'NONE', *, *, #3173, .F. ) ;
#332 = EDGE_CURVE ( 'NONE', #276, #3988, #3741, .T. ) ;
#333 =( BOUNDED_SURFACE ( )  B_SPLINE_SURFACE ( 3, 2, ( 
 ( #1867, #3695, #1508 ),
 ( #885, #3982, #1840 ),
 ( #3072, #1856, #2449 ),
 ( #2136, #3058, #3094 ),
 ( #3682, #261, #1820 ),
 ( #5, #588, #2488 ),
 ( #2176, #600, #1543 ),
 ( #3415, #3993, #4017 ),
 ( #622, #299, #2752 ),
 ( #2804, #2776, #3383 ),
 ( #871, #920, #2764 ),
 ( #613, #1203, #3108 ) ),
 .UNSPECIFIED., .F., .F., .F. ) 
 B_SPLINE_SURFACE_WITH_KNOTS ( ( 4, 2, 2, 2, 2, 4 ),
 ( 3, 3 ),
 ( 0.001008446055696982264, 0.001389861523683815978, 0.001771276991670649691, 0.002152692459657483404, 0.002343400193650900260, 0.002534107927644317117 ),
 ( 0.000000000000000000, 1.000000000000000000 ),
 .UNSPECIFIED. ) 
 GEOMETRIC_REPRESENTATION_ITEM ( )  RATIONAL_B_SPLINE_SURFACE ( (
 ( 1.000000000000000000, 0.7071067811865475727, 1.000000000000000000),
 ( 1.000000000000000000, 0.7368680310427521141, 1.000000000000000000),
 ( 1.000000000000000000, 0.7649020750436658078, 1.000000000000000000),
 ( 1.000000000000000000, 0.8183595106426627686, 1.000000000000000000),
 ( 1.000000000000000000, 0.8437884055429940577, 1.000000000000000000),
 ( 1.000000000000000000, 0.8924267773074479049, 1.000000000000000000),
 ( 1.000000000000000000, 0.9161278180224492473, 1.000000000000000000),
 ( 1.000000000000000000, 0.9476976633452852683, 1.000000000000000000),
 ( 1.000000000000000000, 0.9577228570534305208, 1.000000000000000000),
 ( 1.000000000000000000, 0.9740390116810163645, 1.000000000000000000),
 ( 1.000000000000000000, 0.9802769051501789566, 1.000000000000000000),
 ( 1.000000000000000000, 0.9802741963348829968, 1.000000000000000000) ) ) 
 REPRESENTATION_ITEM ( '' )  SURFACE ( )  );
#334 = CARTESIAN_POINT ( 'NONE',  ( 29.83948348951190255, -12.19030428973821678, 0.3037440385466162462 ) ) ;
#335 = EDGE_LOOP ( 'NONE', ( #1991, #3488, #1415, #968 ) ) ;
#336 = CARTESIAN_POINT ( 'NONE',  ( -21.15428779425644734, -24.61159645918936079, 0.6642954258488983355 ) ) ;
#337 = CARTESIAN_POINT ( 'NONE',  ( 26.50000000000000711, -6.224949798994359185, 3.500000000000000000 ) ) ;
#338 = ADVANCED_FACE ( 'NONE', ( #3594 ), #719, .F. ) ;
#339 = ORIENTED_EDGE ( 'NONE', *, *, #850, .F. ) ;
#340 = CARTESIAN_POINT ( 'NONE',  ( 29.50000000000000355, 11.04536101718726471, 5.000000000000000000 ) ) ;
#341 = CARTESIAN_POINT ( 'NONE',  ( 29.96093749999999645, -12.59334046713155431, 4.175768919598780826 ) ) ;
#342 = ORIENTED_EDGE ( 'NONE', *, *, #3434, .F. ) ;
#343 = CARTESIAN_POINT ( 'NONE',  ( 30.00000000000000355, 12.50040615983242098, 4.100723284166173599 ) ) ;
#344 = AXIS2_PLACEMENT_3D ( 'NONE', #826, #1747, #2717 ) ;
#345 = ORIENTED_EDGE ( 'NONE', *, *, #120, .F. ) ;
#346 = CARTESIAN_POINT ( 'NONE',  ( -7.500000000000000000, 0.000000000000000000, 2.500000000000000000 ) ) ;
#347 = DIRECTION ( 'NONE',  ( -0.000000000000000000, 0.000000000000000000, 1.000000000000000000 ) ) ;
#348 = ORIENTED_EDGE ( 'NONE', *, *, #952, .T. ) ;
#349 = ORIENTED_EDGE ( 'NONE', *, *, #882, .T. ) ;
#350 = CARTESIAN_POINT ( 'NONE',  ( 30.00000000000000355, -11.67942467282865593, 0.5514473734438456454 ) ) ;
#351 = ORIENTED_EDGE ( 'NONE', *, *, #280, .F. ) ;
#352 = CARTESIAN_POINT ( 'NONE',  ( -21.02318727257879871, -24.74999999999999645, 0.7343846097832308351 ) ) ;
#353 = VERTEX_POINT ( 'NONE', #2121 ) ;
#354 = DIRECTION ( 'NONE',  ( 1.000000000000000000, -7.008983741320394021E-17, 0.000000000000000000 ) ) ;
#355 = CARTESIAN_POINT ( 'NONE',  ( 20.63803728992251862, 24.75000000000000711, 4.733148368866777922 ) ) ;
#356 = DATE_AND_TIME ( #2017, #2660 ) ;
#357 = EDGE_CURVE ( 'NONE', #1721, #812, #1409, .T. ) ;
#358 = ADVANCED_FACE ( 'NONE', ( #3160 ), #2189, .T. ) ;
#359 = CARTESIAN_POINT ( 'NONE',  ( 27.50000000000000711, 13.19090595827292134, 0.000000000000000000 ) ) ;
#360 = DIRECTION ( 'NONE',  ( 0.000000000000000000, 0.000000000000000000, -1.000000000000000000 ) ) ;
#361 = FACE_OUTER_BOUND ( 'NONE', #909, .T. ) ;
#362 = CARTESIAN_POINT ( 'NONE',  ( 30.00000000000000355, -11.04536101718724339, 0.5000000000000000000 ) ) ;
#363 = AXIS2_PLACEMENT_3D ( 'NONE', #2714, #1488, #3605 ) ;
#364 = FACE_OUTER_BOUND ( 'NONE', #292, .T. ) ;
#365 = DIRECTION ( 'NONE',  ( 0.000000000000000000, 0.000000000000000000, -1.000000000000000000 ) ) ;
#366 = VERTEX_POINT ( 'NONE', #3693 ) ;
#367 = CARTESIAN_POINT ( 'NONE',  ( 21.15481879943666144, 24.61177713183226246, 4.334708782781492964 ) ) ;
#368 = FACE_OUTER_BOUND ( 'NONE', #1134, .T. ) ;
#369 = DIRECTION ( 'NONE',  ( 0.000000000000000000, 0.000000000000000000, -1.000000000000000000 ) ) ;
#370 = CARTESIAN_POINT ( 'NONE',  ( 27.33566645063437051, -3.587438131071504888, 0.01281176262235341791 ) ) ;
#371 = CARTESIAN_POINT ( 'NONE',  ( 0.000000000000000000, 0.000000000000000000, 0.000000000000000000 ) ) ;
#372 = CYLINDRICAL_SURFACE ( 'NONE', #2822, 0.5000000000000004441 ) ;
#373 = CC_DESIGN_DATE_AND_TIME_ASSIGNMENT ( #1781, #3883, ( #1230 ) ) ;
#374 = CARTESIAN_POINT ( 'NONE',  ( 26.88981465005006299, 13.05141153591327097, 0.1971028252143247894 ) ) ;
#375 = CYLINDRICAL_SURFACE ( 'NONE', #1349, 55.00000000000000711 ) ;
#376 = CARTESIAN_POINT ( 'NONE',  ( 29.99999999999989697, -12.36985611482604952, 0.6610809027557290607 ) ) ;
#377 = EDGE_LOOP ( 'NONE', ( #2144, #1275, #793, #1910 ) ) ;
#378 = DIRECTION ( 'NONE',  ( -0.000000000000000000, -0.000000000000000000, 1.000000000000000000 ) ) ;
#379 = DIRECTION ( 'NONE',  ( 1.000000000000000000, 0.000000000000000000, 0.000000000000000000 ) ) ;
#380 = ADVANCED_FACE ( 'NONE', ( #2092, #1351 ), #3056, .F. ) ;
#381 = CIRCLE ( 'NONE', #1043, 5.000000000000000888 ) ;
#382 = ORIENTED_EDGE ( 'NONE', *, *, #1865, .T. ) ;
#383 = CARTESIAN_POINT ( 'NONE',  ( 20.44258744887289581, -24.74999999999997868, 4.467650377142597051 ) ) ;
#384 = VECTOR ( 'NONE', #3853, 1000.000000000000000 ) ;
#385 = CARTESIAN_POINT ( 'NONE',  ( -8.500000000000000000, 0.000000000000000000, 3.500000000000000000 ) ) ;
#386 = ORIENTED_EDGE ( 'NONE', *, *, #2221, .F. ) ;
#387 =( BOUNDED_SURFACE ( )  B_SPLINE_SURFACE ( 3, 2, ( 
 ( #1560, #2187, #3709 ),
 ( #287, #313, #2473 ),
 ( #2791, #908, #1227 ),
 ( #2863, #2514, #1584 ),
 ( #3762, #355, #1897 ),
 ( #2839, #3123, #1251 ),
 ( #1576, #3144, #3798 ),
 ( #367, #646, #54 ),
 ( #3464, #1279, #1304 ),
 ( #1289, #1883, #2548 ) ),
 .UNSPECIFIED., .F., .F., .T. ) 
 B_SPLINE_SURFACE_WITH_KNOTS ( ( 4, 2, 2, 2, 4 ),
 ( 3, 3 ),
 ( 0.002255105736640394386, 0.002506355895241736253, 0.002757606053843078119, 0.003008856212444419986, 0.003260106371045761852 ),
 ( 0.000000000000000000, 1.000000000000000000 ),
 .UNSPECIFIED. ) 
 GEOMETRIC_REPRESENTATION_ITEM ( )  RATIONAL_B_SPLINE_SURFACE ( (
 ( 1.000000000000000000, 0.7071067811865475727, 1.000000000000000000),
 ( 1.000000000000000000, 0.7365719603221637657, 1.000000000000000000),
 ( 1.000000000000000000, 0.7637082849449573496, 1.000000000000000000),
 ( 1.000000000000000000, 0.8144955046678609145, 1.000000000000000000),
 ( 1.000000000000000000, 0.8384658908193947102, 1.000000000000000000),
 ( 1.000000000000000000, 0.8809684106775634849, 1.000000000000000000),
 ( 1.000000000000000000, 0.8999607822334411145, 1.000000000000000000),
 ( 1.000000000000000000, 0.9284285951127891900, 1.000000000000000000),
 ( 1.000000000000000000, 0.9376681301830374071, 1.000000000000000000),
 ( 1.000000000000000000, 0.9374999999999986677, 1.000000000000000000) ) ) 
 REPRESENTATION_ITEM ( '' )  SURFACE ( )  );
#388 = CARTESIAN_POINT ( 'NONE',  ( 27.24002302631672734, 13.13167489826046186, 0.02579659220758626775 ) ) ;
#389 = ORIENTED_EDGE ( 'NONE', *, *, #447, .F. ) ;
#390 = DIRECTION ( 'NONE',  ( -0.000000000000000000, -0.000000000000000000, -1.000000000000000000 ) ) ;
#391 = EDGE_CURVE ( 'NONE', #3309, #3589, #204, .T. ) ;
#392 = EDGE_LOOP ( 'NONE', ( #1214, #3949, #3433, #10 ) ) ;
#393 = DIRECTION ( 'NONE',  ( -1.000000000000000000, 0.000000000000000000, 0.000000000000000000 ) ) ;
#394 = DIRECTION ( 'NONE',  ( 0.000000000000000000, 0.000000000000000000, -1.000000000000000000 ) ) ;
#395 = VERTEX_POINT ( 'NONE', #1528 ) ;
#396 = VERTEX_POINT ( 'NONE', #1177 ) ;
#397 = CARTESIAN_POINT ( 'NONE',  ( -29.99999999999999645, 12.50040639843814105, 0.8983079352397228545 ) ) ;
#398 = CARTESIAN_POINT ( 'NONE',  ( -21.04608017008977683, 24.57477749643855702, 0.4633785381367058198 ) ) ;
#399 = DIRECTION ( 'NONE',  ( 0.000000000000000000, 0.000000000000000000, -1.000000000000000000 ) ) ;
#400 = AXIS2_PLACEMENT_3D ( 'NONE', #3073, #589, #1821 ) ;
#401 = DIRECTION ( 'NONE',  ( -0.000000000000000000, 0.000000000000000000, 1.000000000000000000 ) ) ;
#402 = ORIENTED_EDGE ( 'NONE', *, *, #238, .F. ) ;
#403 = EDGE_LOOP ( 'NONE', ( #3213, #3210, #3941, #100 ) ) ;
#404 = CARTESIAN_POINT ( 'NONE',  ( 21.20535255374715078, -24.62890625000000000, 4.000000000000000000 ) ) ;
#405 = CARTESIAN_POINT ( 'NONE',  ( 20.10441493801797108, -24.74999999999998934, 4.500000000000000888 ) ) ;
#406 = EDGE_CURVE ( 'NONE', #1960, #3850, #3698, .T. ) ;
#407 = ORIENTED_EDGE ( 'NONE', *, *, #3233, .F. ) ;
#408 = CARTESIAN_POINT ( 'NONE',  ( 30.00000000000000355, -12.04992786487490797, 4.348893267033990817 ) ) ;
#409 = CARTESIAN_POINT ( 'NONE',  ( 20.33847919895946177, 24.33171782240659553, -3.978810784302015079E-14 ) ) ;
#410 = VECTOR ( 'NONE', #3203, 1000.000000000000000 ) ;
#411 = CARTESIAN_POINT ( 'NONE',  ( 26.50000000000000711, 0.000000000000000000, 3.500000000000000000 ) ) ;
#412 = CARTESIAN_POINT ( 'NONE',  ( 26.42233851263570443, -6.415785918688637679, 2.897072714594166598 ) ) ;
#413 = CARTESIAN_POINT ( 'NONE',  ( 27.50000000000000711, -2.783882181415012980, 0.000000000000000000 ) ) ;
#414 = CIRCLE ( 'NONE', #134, 5.000000000000000888 ) ;
#415 = EDGE_CURVE ( 'NONE', #2211, #3544, #2870, .T. ) ;
#416 = DIRECTION ( 'NONE',  ( -1.000000000000000000, 0.000000000000000000, 0.000000000000000000 ) ) ;
#417 = CARTESIAN_POINT ( 'NONE',  ( -29.99999999999999645, -12.31120208846599873, 0.6004795166006112739 ) ) ;
#418 = AXIS2_PLACEMENT_3D ( 'NONE', #2077, #3336, #869 ) ;
#419 = VECTOR ( 'NONE', #1999, 1000.000000000000000 ) ;
#420 = CARTESIAN_POINT ( 'NONE',  ( -26.50000000000000355, -6.224949798994363626, 3.500000000000000000 ) ) ;
#421 = AXIS2_PLACEMENT_3D ( 'NONE', #1288, #1613, #2239 ) ;
#422 = CARTESIAN_POINT ( 'NONE',  ( 4.414213562373094035, 0.000000000000000000, 5.000000000000000000 ) ) ;
#423 = CIRCLE ( 'NONE', #3006, 28.50000000000000000 ) ;
#424 = ORIENTED_EDGE ( 'NONE', *, *, #1591, .F. ) ;
#425 = AXIS2_PLACEMENT_3D ( 'NONE', #1436, #224, #3599 ) ;
#426 = CARTESIAN_POINT ( 'NONE',  ( -29.71203409991043998, 11.76402059448095194, 0.1031094909879089055 ) ) ;
#427 = CARTESIAN_POINT ( 'NONE',  ( -30.00000000000000355, -12.27695903386865162, 4.218123721353340905 ) ) ;
#428 = CIRCLE ( 'NONE', #2120, 0.5000000000000004441 ) ;
#429 = DIRECTION ( 'NONE',  ( -1.000000000000000000, 0.000000000000000000, 0.000000000000000000 ) ) ;
#430 = CARTESIAN_POINT ( 'NONE',  ( -29.93860480204922325, 12.51950439522764214, 4.344629253069642871 ) ) ;
#431 = CARTESIAN_POINT ( 'NONE',  ( -20.22354360557506681, -20.08129189154433192, 3.500000000000000000 ) ) ;
#432 = CARTESIAN_POINT ( 'NONE',  ( 30.00000000000000000, -12.50040619033233114, 4.101613516929015546 ) ) ;
#433 = CARTESIAN_POINT ( 'NONE',  ( -26.70446709862812895, 13.00873774446179709, 0.3802451712974070364 ) ) ;
#434 = CARTESIAN_POINT ( 'NONE',  ( 20.87911636061258136, -24.74999999999998934, 0.9143623147221943137 ) ) ;
#435 = CARTESIAN_POINT ( 'NONE',  ( 30.00000000000000355, 11.04536101718727004, 4.500000000000000888 ) ) ;
#436 = CARTESIAN_POINT ( 'NONE',  ( -20.87911636061258847, 24.75000000000000355, 5.000000000000000000 ) ) ;
#437 = ORIENTED_EDGE ( 'NONE', *, *, #3406, .T. ) ;
#438 = EDGE_CURVE ( 'NONE', #328, #2739, #677, .T. ) ;
#439 = CARTESIAN_POINT ( 'NONE',  ( 30.00000000000000711, 11.59945127210805538, 4.817393497474172115 ) ) ;
#440 = ORIENTED_EDGE ( 'NONE', *, *, #3754, .F. ) ;
#441 = AXIS2_PLACEMENT_3D ( 'NONE', #590, #689, #895 ) ;
#442 = CARTESIAN_POINT ( 'NONE',  ( -20.87911636061258847, 24.75000000000000355, 1.000000000000000000 ) ) ;
#443 = ORIENTED_EDGE ( 'NONE', *, *, #1323, .F. ) ;
#444 = CARTESIAN_POINT ( 'NONE',  ( -29.54210019050289660, -11.18932861914713683, 0.000000000000000000 ) ) ;
#445 = CARTESIAN_POINT ( 'NONE',  ( -20.46007228261543887, 21.24085369649727539, 2.643685400794997253 ) ) ;
#446 = ORIENTED_EDGE ( 'NONE', *, *, #2901, .T. ) ;
#447 = EDGE_CURVE ( 'NONE', #2565, #3491, #1210, .T. ) ;
#448 = CARTESIAN_POINT ( 'NONE',  ( -20.99581086363582827, -24.55763403345141782, 4.591035833823108092 ) ) ;
#449 = CARTESIAN_POINT ( 'NONE',  ( 29.93606912241338947, 12.51101490016819717, 4.336953923224596608 ) ) ;
#450 = EDGE_LOOP ( 'NONE', ( #2237, #1836 ) ) ;
#451 = DIRECTION ( 'NONE',  ( -0.000000000000000000, -0.000000000000000000, 1.000000000000000000 ) ) ;
#452 = CARTESIAN_POINT ( 'NONE',  ( -25.91095799831630586, -7.553141157632436098, 3.417656628114708717 ) ) ;
#453 = B_SPLINE_CURVE_WITH_KNOTS ( 'NONE', 3,
 ( #2886, #726, #3244, #1953, #742, #1969, #3497, #3814 ),
 .UNSPECIFIED., .F., .F.,
 ( 4, 2, 2, 4 ),
 ( 0.000000000000000000, 0.0002557299565670583148, 0.0005114599131341166297, 0.001022919826268233259 ),
 .UNSPECIFIED. ) ;
#454 = ORIENTED_EDGE ( 'NONE', *, *, #3459, .F. ) ;
#455 = CARTESIAN_POINT ( 'NONE',  ( 30.00000000000000711, 12.13184485526261724, 4.555868587383542057 ) ) ;
#456 = CARTESIAN_POINT ( 'NONE',  ( -26.50000000000000355, 6.224949798994363626, 2.500000000000000000 ) ) ;
#457 = ORIENTED_EDGE ( 'NONE', *, *, #2457, .F. ) ;
#458 = CARTESIAN_POINT ( 'NONE',  ( -20.62976349557122191, 22.13784071252503338, -3.614007241618344210E-17 ) ) ;
#459 = CARTESIAN_POINT ( 'NONE',  ( -29.99999999999999645, -12.36477183808674596, 0.8741602277906140861 ) ) ;
#460 = CARTESIAN_POINT ( 'NONE',  ( 30.00000000000000355, -12.39959644499119662, 0.9336452818442689816 ) ) ;
#461 = COORDINATED_UNIVERSAL_TIME_OFFSET ( 8, 0, .AHEAD. ) ;
#462 = CARTESIAN_POINT ( 'NONE',  ( -20.87911636061257781, -24.74999999999999645, 4.000000000000000000 ) ) ;
#463 = CARTESIAN_POINT ( 'NONE',  ( 25.50000000000000355, 0.000000000000000000, 3.500000000000000000 ) ) ;
#464 = CYLINDRICAL_SURFACE ( 'NONE', #2648, 29.50000000000000355 ) ;
#465 = DIRECTION ( 'NONE',  ( -0.000000000000000000, 0.000000000000000000, -1.000000000000000000 ) ) ;
#466 = EDGE_CURVE ( 'NONE', #2093, #634, #2779, .T. ) ;
#467 = CARTESIAN_POINT ( 'NONE',  ( -15.00000000000000000, 6.123233995736766282E-16, 2.000000000000000000 ) ) ;
#468 = LINE ( 'NONE', #3511, #2028 ) ;
#469 = CARTESIAN_POINT ( 'NONE',  ( 30.00000000000000355, 11.67942467282867902, 4.448552626556145917 ) ) ;
#470 = DIRECTION ( 'NONE',  ( 0.000000000000000000, -1.000000000000000000, 0.000000000000000000 ) ) ;
#471 = EDGE_CURVE ( 'NONE', #648, #3482, #1114, .T. ) ;
#472 = PERSON_AND_ORGANIZATION_ROLE ( 'design_owner' ) ;
#473 = FACE_OUTER_BOUND ( 'NONE', #694, .T. ) ;
#474 = CARTESIAN_POINT ( 'NONE',  ( -29.91716639743659556, -12.44837307043387753, 0.5601657677458866669 ) ) ;
#475 = CARTESIAN_POINT ( 'NONE',  ( 20.84925887525837851, -24.50755063696096059, 4.739331760831791307 ) ) ;
#476 = AXIS2_PLACEMENT_3D ( 'NONE', #3015, #2730, #218 ) ;
#477 = FACE_OUTER_BOUND ( 'NONE', #3901, .T. ) ;
#478 = ORIENTED_EDGE ( 'NONE', *, *, #1516, .T. ) ;
#479 = CARTESIAN_POINT ( 'NONE',  ( 20.00000000000000000, 0.000000000000000000, 2.500000000000000000 ) ) ;
#480 = DIRECTION ( 'NONE',  ( -0.000000000000000000, -0.000000000000000000, -1.000000000000000000 ) ) ;
#481 = FACE_BOUND ( 'NONE', #101, .T. ) ;
#482 = AXIS2_PLACEMENT_3D ( 'NONE', #2626, #3843, #416 ) ;
#483 = DIRECTION ( 'NONE',  ( -0.000000000000000000, -0.000000000000000000, -1.000000000000000000 ) ) ;
#484 = B_SPLINE_CURVE_WITH_KNOTS ( 'NONE', 3,
 ( #2083, #3061, #551, #832, #2068, #1154, #3632, #1190, #2724, #3328 ),
 .UNSPECIFIED., .F., .F.,
 ( 4, 2, 2, 2, 4 ),
 ( 3.477293960336810757E-18, 0.0004266502771427313880, 0.0008533005542854593065, 0.001279950831428187333, 0.001706601108570915144 ),
 .UNSPECIFIED. ) ;
#485 = CARTESIAN_POINT ( 'NONE',  ( 20.10441493801797108, 24.25000000000001066, 4.500000000000000888 ) ) ;
#486 = CIRCLE ( 'NONE', #3288, 8.999999999999998224 ) ;
#487 = CARTESIAN_POINT ( 'NONE',  ( 20.00000000000000000, 0.000000000000000000, 2.500000000000000000 ) ) ;
#488 = ORIENTED_EDGE ( 'NONE', *, *, #3352, .F. ) ;
#489 = EDGE_CURVE ( 'NONE', #1123, #2369, #1940, .T. ) ;
#490 = DIRECTION ( 'NONE',  ( 1.000000000000000000, 1.156482317317871478E-16, 0.000000000000000000 ) ) ;
#491 = CARTESIAN_POINT ( 'NONE',  ( -26.54448498746573293, 6.113324297582027889, 0.6965513964552708659 ) ) ;
#492 = CARTESIAN_POINT ( 'NONE',  ( 21.04020047480402056, -24.57276337319415660, 4.532267593733737776 ) ) ;
#493 = EDGE_LOOP ( 'NONE', ( #1605, #2632, #2204, #3946 ) ) ;
#494 = ORIENTED_EDGE ( 'NONE', *, *, #3226, .F. ) ;
#495 = CARTESIAN_POINT ( 'NONE',  ( -20.66613002722388615, -24.74999999999999645, 4.347134461786555271 ) ) ;
#496 = ORIENTED_EDGE ( 'NONE', *, *, #2610, .F. ) ;
#497 = DIRECTION ( 'NONE',  ( -0.000000000000000000, 0.000000000000000000, 1.000000000000000000 ) ) ;
#498 = EDGE_LOOP ( 'NONE', ( #3493, #1847, #3761, #3945 ) ) ;
#499 = CARTESIAN_POINT ( 'NONE',  ( 30.00000000000000355, 12.39959676763724516, 5.000000000000000000 ) ) ;
#500 = EDGE_CURVE ( 'NONE', #2570, #2970, #1751, .T. ) ;
#501 = CARTESIAN_POINT ( 'NONE',  ( -27.50000000000000355, 13.19090595827293022, 0.000000000000000000 ) ) ;
#502 = CARTESIAN_POINT ( 'NONE',  ( 2.804469619495837479E-15, -24.24999999999999289, 4.500000000000000888 ) ) ;
#503 = EDGE_LOOP ( 'NONE', ( #2697, #1805, #2593, #349 ) ) ;
#504 = AXIS2_PLACEMENT_3D ( 'NONE', #947, #3730, #612 ) ;
#505 = CARTESIAN_POINT ( 'NONE',  ( 20.34164698418711836, -20.64589189216549059, 3.413410566289354353 ) ) ;
#506 = CARTESIAN_POINT ( 'NONE',  ( -26.50000000000000355, 6.224949798994364514, 0.9158846565498113268 ) ) ;
#507 = CARTESIAN_POINT ( 'NONE',  ( 27.50000000000000711, 0.000000000000000000, 1.000000000000000000 ) ) ;
#508 = EDGE_CURVE ( 'NONE', #2347, #1076, #186, .T. ) ;
#509 = ORIENTED_EDGE ( 'NONE', *, *, #2824, .F. ) ;
#510 = EDGE_LOOP ( 'NONE', ( #2450, #2873, #3747, #3556 ) ) ;
#511 = AXIS2_PLACEMENT_3D ( 'NONE', #3714, #4009, #1534 ) ;
#512 = CARTESIAN_POINT ( 'NONE',  ( 26.50000000000000711, 6.224949798994359185, 3.500000000000000000 ) ) ;
#513 = CARTESIAN_POINT ( 'NONE',  ( -25.71180432594052334, -7.951333547950969027, 3.482913572505685895 ) ) ;
#514 = CARTESIAN_POINT ( 'NONE',  ( 30.00000000000000355, -12.39959676763722918, 1.000000000000000000 ) ) ;
#515 = B_SPLINE_CURVE_WITH_KNOTS ( 'NONE', 3,
 ( #2715, #849, #3025, #1160, #2935, #1493, #1236, #1626, #3688, #267 ),
 .UNSPECIFIED., .F., .F.,
 ( 4, 2, 2, 2, 4 ),
 ( -6.637891781455404880E-06, 0.0008491954089207370783, 0.001277112059271834138, 0.001491070384447382288, 0.001705028709622930438 ),
 .UNSPECIFIED. ) ;
#516 = DIRECTION ( 'NONE',  ( 0.000000000000000000, -1.000000000000000000, 0.000000000000000000 ) ) ;
#517 = CARTESIAN_POINT ( 'NONE',  ( 30.00000000000000000, -12.27558794809860032, 0.7807666398484626180 ) ) ;
#518 = ADVANCED_FACE ( 'NONE', ( #591 ), #3393, .T. ) ;
#519 = TOROIDAL_SURFACE ( 'NONE', #2782, 31.50000000000000000, 1.000000000000000000 ) ;
#520 = CARTESIAN_POINT ( 'NONE',  ( -27.50000000000000355, 2.783882181415024082, 0.000000000000000000 ) ) ;
#521 = CIRCLE ( 'NONE', #2155, 28.50000000000000000 ) ;
#522 = CARTESIAN_POINT ( 'NONE',  ( 20.46185475464040593, 21.25000000000000711, 2.500000000000000000 ) ) ;
#523 = CIRCLE ( 'NONE', #534, 31.50000000000000000 ) ;
#524 = EDGE_CURVE ( 'NONE', #2937, #3855, #2580, .T. ) ;
#525 = CARTESIAN_POINT ( 'NONE',  ( 0.000000000000000000, 1.040834085586084257E-14, 1.000000000000000000 ) ) ;
#526 = CARTESIAN_POINT ( 'NONE',  ( 29.50000000000000355, -11.04536101718724872, 0.000000000000000000 ) ) ;
#527 = AXIS2_PLACEMENT_3D ( 'NONE', #3191, #3832, #2554 ) ;
#528 = VECTOR ( 'NONE', #2710, 999.9999999999998863 ) ;
#529 = ORIENTED_EDGE ( 'NONE', *, *, #2024, .F. ) ;
#530 = EDGE_CURVE ( 'NONE', #2209, #2159, #84, .T. ) ;
#531 = FACE_OUTER_BOUND ( 'NONE', #3132, .T. ) ;
#532 = CARTESIAN_POINT ( 'NONE',  ( -26.50000000000000355, 6.224949798994363626, 1.000000000000000000 ) ) ;
#533 = CARTESIAN_POINT ( 'NONE',  ( 25.62932550099801077, 12.75840177479775051, 3.500000000000000000 ) ) ;
#534 = AXIS2_PLACEMENT_3D ( 'NONE', #542, #2812, #1173 ) ;
#535 = CARTESIAN_POINT ( 'NONE',  ( -20.22354360557504194, 20.08129189154436034, 3.500000000000000000 ) ) ;
#536 = ADVANCED_FACE ( 'NONE', ( #1842 ), #810, .T. ) ;
#537 = VERTEX_POINT ( 'NONE', #2173 ) ;
#538 = CARTESIAN_POINT ( 'NONE',  ( 0.000000000000000000, 0.000000000000000000, 5.000000000000000000 ) ) ;
#539 = CARTESIAN_POINT ( 'NONE',  ( 20.57704387223234477, -21.85242611623242226, 0.08740962247080229230 ) ) ;
#540 = CC_DESIGN_PERSON_AND_ORGANIZATION_ASSIGNMENT ( #1731, #3275, ( #1230 ) ) ;
#541 = LINE ( 'NONE', #2947, #3542 ) ;
#542 = CARTESIAN_POINT ( 'NONE',  ( 0.000000000000000000, 1.040834085586084257E-14, 5.000000000000000000 ) ) ;
#543 = DIRECTION ( 'NONE',  ( -1.000000000000000000, 0.000000000000000000, 0.000000000000000000 ) ) ;
#544 = ORIENTED_EDGE ( 'NONE', *, *, #471, .T. ) ;
#545 = CARTESIAN_POINT ( 'NONE',  ( -26.63648732469568614, -5.876518359261130087, 0.4832123979981922668 ) ) ;
#546 = CARTESIAN_POINT ( 'NONE',  ( -25.50000000000000355, 12.72792206135786763, 3.500000000000000000 ) ) ;
#547 = EDGE_CURVE ( 'NONE', #2748, #1863, #1656, .T. ) ;
#548 = B_SPLINE_CURVE_WITH_KNOTS ( 'NONE', 3,
 ( #2114, #1455, #2713, #2439, #553, #3022, #3635, #1156, #3329, #1472 ),
 .UNSPECIFIED., .F., .F.,
 ( 4, 2, 2, 2, 4 ),
 ( 0.000000000000000000, 0.0003956179769200491594, 0.0007912359538400983187, 0.001186853930760147424, 0.001582471907680196637 ),
 .UNSPECIFIED. ) ;
#549 = ORIENTED_EDGE ( 'NONE', *, *, #357, .T. ) ;
#550 = DIRECTION ( 'NONE',  ( 0.000000000000000000, -0.000000000000000000, -1.000000000000000000 ) ) ;
#551 = CARTESIAN_POINT ( 'NONE',  ( 20.37320198388012216, -24.34358471067130125, 0.02243577566228434350 ) ) ;
#552 = ORIENTED_EDGE ( 'NONE', *, *, #1243, .T. ) ;
#553 = CARTESIAN_POINT ( 'NONE',  ( 26.70448408804208640, -13.00874166503900398, 0.3802222427401019678 ) ) ;
#554 = ORIENTED_EDGE ( 'NONE', *, *, #1851, .F. ) ;
#555 = CARTESIAN_POINT ( 'NONE',  ( 27.50000000000000711, -13.19090595827290180, 0.000000000000000000 ) ) ;
#556 = ORIENTED_EDGE ( 'NONE', *, *, #1569, .T. ) ;
#557 = CARTESIAN_POINT ( 'NONE',  ( 20.46185475464040593, -21.24999999999998934, 1.000000000000000000 ) ) ;
#558 = DIRECTION ( 'NONE',  ( -0.000000000000000000, -0.000000000000000000, -1.000000000000000000 ) ) ;
#559 = DIRECTION ( 'NONE',  ( -1.000000000000000000, 0.000000000000000000, 0.000000000000000000 ) ) ;
#560 = EDGE_LOOP ( 'NONE', ( #2441, #556, #575, #106 ) ) ;
#561 = EDGE_CURVE ( 'NONE', #1517, #1034, #1775, .T. ) ;
#562 = CARTESIAN_POINT ( 'NONE',  ( -26.84538335867500081, -5.297730881425110283, 0.2414196349443955558 ) ) ;
#563 = AXIS2_PLACEMENT_3D ( 'NONE', #3238, #1460, #1773 ) ;
#564 = ORIENTED_EDGE ( 'NONE', *, *, #882, .F. ) ;
#565 = DIRECTION ( 'NONE',  ( 1.000000000000000000, 0.000000000000000000, 0.000000000000000000 ) ) ;
#566 = CARTESIAN_POINT ( 'NONE',  ( 25.50000000000000355, 8.351646544245028281, 3.500000000000000000 ) ) ;
#567 = CARTESIAN_POINT ( 'NONE',  ( 20.22354360557504194, 20.08129189154437810, 3.500000000000000000 ) ) ;
#568 = AXIS2_PLACEMENT_3D ( 'NONE', #371, #2552, #3177 ) ;
#569 = APPROVAL_PERSON_ORGANIZATION ( #216, #1362, #2025 ) ;
#570 = CARTESIAN_POINT ( 'NONE',  ( -20.34164698418711836, -20.64589189216549059, 3.413410566289354353 ) ) ;
#571 = CARTESIAN_POINT ( 'NONE',  ( -20.46185475464040593, -21.24999999999998934, 1.000000000000000000 ) ) ;
#572 = CARTESIAN_POINT ( 'NONE',  ( -29.49999999999999645, 0.000000000000000000, 5.000000000000000000 ) ) ;
#573 = FACE_OUTER_BOUND ( 'NONE', #3663, .T. ) ;
#574 = DIRECTION ( 'NONE',  ( 0.000000000000000000, -0.000000000000000000, -1.000000000000000000 ) ) ;
#575 = ORIENTED_EDGE ( 'NONE', *, *, #3805, .F. ) ;
#576 = LINE ( 'NONE', #746, #3916 ) ;
#577 = CARTESIAN_POINT ( 'NONE',  ( -26.50000000000000355, 12.96148139681572964, 1.000000000000000000 ) ) ;
#578 = CARTESIAN_POINT ( 'NONE',  ( 0.000000000000000000, 0.000000000000000000, 2.500000000000000000 ) ) ;
#579 = FACE_OUTER_BOUND ( 'NONE', #493, .T. ) ;
#580 = CARTESIAN_POINT ( 'NONE',  ( -20.00000000000000000, 0.000000000000000000, 1.000000000000000000 ) ) ;
#581 = CARTESIAN_POINT ( 'NONE',  ( 20.53958932003404314, -24.74999999999998579, 0.2019489973641657998 ) ) ;
#582 = DIRECTION ( 'NONE',  ( 1.000000000000000000, 0.000000000000000000, 0.000000000000000000 ) ) ;
#583 = EDGE_CURVE ( 'NONE', #2209, #1905, #2158, .T. ) ;
#584 = FACE_OUTER_BOUND ( 'NONE', #3313, .T. ) ;
#585 = CARTESIAN_POINT ( 'NONE',  ( -30.00000000000000000, -12.31323785299442797, 4.397456758272227262 ) ) ;
#586 = TOROIDAL_SURFACE ( 'NONE', #2326, 6.000000000000000000, 1.000000000000000000 ) ;
#587 = ORIENTED_EDGE ( 'NONE', *, *, #321, .T. ) ;
#588 = CARTESIAN_POINT ( 'NONE',  ( -29.99999999999999645, 11.99719721578204634, 4.633093481187322560 ) ) ;
#589 = DIRECTION ( 'NONE',  ( -0.000000000000000000, 0.000000000000000000, 1.000000000000000000 ) ) ;
#590 = CARTESIAN_POINT ( 'NONE',  ( 0.000000000000000000, 1.040834085586084257E-14, 2.500000000000000000 ) ) ;
#591 = FACE_OUTER_BOUND ( 'NONE', #1852, .T. ) ;
#592 = ORIENTED_EDGE ( 'NONE', *, *, #308, .T. ) ;
#593 = CARTESIAN_POINT ( 'NONE',  ( -20.87911636061258847, 24.75000000000000355, 4.000000000000000000 ) ) ;
#594 = CARTESIAN_POINT ( 'NONE',  ( -29.54889252929454457, -11.21255599041333895, 1.905824131322174993E-18 ) ) ;
#595 = ORIENTED_EDGE ( 'NONE', *, *, #981, .T. ) ;
#596 = CARTESIAN_POINT ( 'NONE',  ( -29.99999999999999289, -12.50040649745543320, 3.999999999999997335 ) ) ;
#597 = ORIENTED_EDGE ( 'NONE', *, *, #1095, .F. ) ;
#598 = CARTESIAN_POINT ( 'NONE',  ( -20.84428565838464209, 24.75000000000000355, 4.166940141058294245 ) ) ;
#599 = ORIENTED_EDGE ( 'NONE', *, *, #3149, .F. ) ;
#600 = CARTESIAN_POINT ( 'NONE',  ( -29.99999999999999645, 12.12987903187939942, 4.557247726454892955 ) ) ;
#601 = DIRECTION ( 'NONE',  ( 1.000000000000000000, 1.156482317317871478E-16, -0.000000000000000000 ) ) ;
#602 = CARTESIAN_POINT ( 'NONE',  ( 26.50000000000000000, -6.224949798994358297, 0.9158865444048663873 ) ) ;
#603 = VERTEX_POINT ( 'NONE', #2252 ) ;
#604 = EDGE_CURVE ( 'NONE', #2448, #3905, #3301, .T. ) ;
#605 = DIRECTION ( 'NONE',  ( 0.000000000000000000, -1.000000000000000000, 0.000000000000000000 ) ) ;
#606 = ORIENTED_EDGE ( 'NONE', *, *, #208, .T. ) ;
#607 = ORIENTED_EDGE ( 'NONE', *, *, #1144, .T. ) ;
#608 = CARTESIAN_POINT ( 'NONE',  ( -29.66890619505508653, -11.61891398936544562, 4.936763896881164015 ) ) ;
#609 = EDGE_CURVE ( 'NONE', #3618, #2686, #4021, .T. ) ;
#610 = ORIENTED_EDGE ( 'NONE', *, *, #609, .F. ) ;
#611 = DIRECTION ( 'NONE',  ( 1.000000000000000000, 0.000000000000000000, 0.000000000000000000 ) ) ;
#612 = DIRECTION ( 'NONE',  ( 1.000000000000000000, 3.552713678800500929E-15, 0.000000000000000000 ) ) ;
#613 = CARTESIAN_POINT ( 'NONE',  ( -29.96093749999999645, 12.59334046713158806, 3.999999999999998224 ) ) ;
#614 = DIRECTION ( 'NONE',  ( -0.000000000000000000, 0.000000000000000000, 1.000000000000000000 ) ) ;
#615 = CIRCLE ( 'NONE', #1162, 0.5000000000000004441 ) ;
#616 = ADVANCED_FACE ( 'NONE', ( #2482 ), #2865, .T. ) ;
#617 = CARTESIAN_POINT ( 'NONE',  ( -29.96093750000000000, -12.59334046713157740, 1.000000000000000000 ) ) ;
#618 = FACE_OUTER_BOUND ( 'NONE', #2395, .T. ) ;
#619 = CARTESIAN_POINT ( 'NONE',  ( -29.99999999999999645, -12.36526675082176574, 4.124971156116778559 ) ) ;
#620 = EDGE_CURVE ( 'NONE', #2601, #1360, #2627, .T. ) ;
#621 = VECTOR ( 'NONE', #3250, 1000.000000000000000 ) ;
#622 = CARTESIAN_POINT ( 'NONE',  ( -29.91716639743645345, 12.44837307043400365, 4.439834232254372459 ) ) ;
#623 = CARTESIAN_POINT ( 'NONE',  ( 29.50000000000000355, -11.04536101718724872, 5.000000000000000000 ) ) ;
#624 = ORIENTED_EDGE ( 'NONE', *, *, #3033, .T. ) ;
#625 = CYLINDRICAL_SURFACE ( 'NONE', #3655, 8.999999999999998224 ) ;
#626 = CARTESIAN_POINT ( 'NONE',  ( 29.66899786498819225, 11.61922076216115762, 0.06335416955295943009 ) ) ;
#627 = EDGE_CURVE ( 'NONE', #3786, #1514, #3588, .T. ) ;
#628 = VECTOR ( 'NONE', #3580, 1000.000000000000000 ) ;
#629 = EDGE_LOOP ( 'NONE', ( #289, #1647, #2911, #3807 ) ) ;
#630 = CARTESIAN_POINT ( 'NONE',  ( -20.22177537132031944, -24.29097353019960792, -1.301042606982605321E-15 ) ) ;
#631 = ADVANCED_FACE ( 'NONE', ( #1163 ), #770, .F. ) ;
#632 = FACE_OUTER_BOUND ( 'NONE', #874, .T. ) ;
#633 = AXIS2_PLACEMENT_3D ( 'NONE', #766, #724, #2963 ) ;
#634 = VERTEX_POINT ( 'NONE', #2044 ) ;
#635 = CARTESIAN_POINT ( 'NONE',  ( -27.23996930738694999, -13.13166262230464554, 0.02581166879223175531 ) ) ;
#636 = CARTESIAN_POINT ( 'NONE',  ( 20.10441493801797108, -24.24999999999998934, 5.000000000000000000 ) ) ;
#637 = AXIS2_PLACEMENT_3D ( 'NONE', #3710, #2777, #2165 ) ;
#638 = CARTESIAN_POINT ( 'NONE',  ( -29.99999999999999645, 12.39959676763726470, 1.000000000000000000 ) ) ;
#639 = VERTEX_POINT ( 'NONE', #2319 ) ;
#640 = CARTESIAN_POINT ( 'NONE',  ( 29.71175567592783651, -11.76308280760830982, 0.1028947696731572353 ) ) ;
#641 = ORIENTED_EDGE ( 'NONE', *, *, #3936, .F. ) ;
#642 = CARTESIAN_POINT ( 'NONE',  ( -29.59747193636495055, 11.37752203149705288, 0.01595168129588911757 ) ) ;
#643 = CARTESIAN_POINT ( 'NONE',  ( 20.44264268693390818, 24.75000000000001066, 0.5325930749593432711 ) ) ;
#644 = ORIENTED_EDGE ( 'NONE', *, *, #2788, .F. ) ;
#645 = ORIENTED_EDGE ( 'NONE', *, *, #415, .F. ) ;
#646 = CARTESIAN_POINT ( 'NONE',  ( 21.02360600618692743, 24.75000000000001066, 4.264812330766137194 ) ) ;
#647 = CARTESIAN_POINT ( 'NONE',  ( 29.96093750000000711, -12.59334046713156319, 1.000000000000000000 ) ) ;
#648 = VERTEX_POINT ( 'NONE', #422 ) ;
#649 = EDGE_CURVE ( 'NONE', #915, #2060, #277, .T. ) ;
#650 = CARTESIAN_POINT ( 'NONE',  ( 29.96093750000000711, 12.59334046713157917, 5.000000000000000000 ) ) ;
#651 = ADVANCED_FACE ( 'NONE', ( #1057 ), #2774, .T. ) ;
#652 = AXIS2_PLACEMENT_3D ( 'NONE', #578, #3948, #2386 ) ;
#653 = CARTESIAN_POINT ( 'NONE',  ( 30.00000000000000355, -11.04536101718724161, 5.000000000000000888 ) ) ;
#654 = AXIS2_PLACEMENT_3D ( 'NONE', #2893, #3503, #1074 ) ;
#655 = CARTESIAN_POINT ( 'NONE',  ( -20.57511587951530174, -24.41339177783995495, 0.08895182279904126355 ) ) ;
#656 = CARTESIAN_POINT ( 'NONE',  ( 0.000000000000000000, 0.000000000000000000, 5.000000000000000000 ) ) ;
#657 = AXIS2_PLACEMENT_3D ( 'NONE', #2856, #3456, #1607 ) ;
#658 = LINE ( 'NONE', #2693, #3333 ) ;
#659 = CARTESIAN_POINT ( 'NONE',  ( -27.37050144739600199, -13.16145179716222202, 1.905824131322174993E-18 ) ) ;
#660 = CARTESIAN_POINT ( 'NONE',  ( 29.74166611737319244, -11.86348673549389687, 4.863005601350619322 ) ) ;
#661 = FACE_OUTER_BOUND ( 'NONE', #1179, .T. ) ;
#662 = CC_DESIGN_PERSON_AND_ORGANIZATION_ASSIGNMENT ( #2756, #3598, ( #2758 ) ) ;
#663 = CARTESIAN_POINT ( 'NONE',  ( 21.20535255374715078, 24.62890625000002132, 1.000000000000000000 ) ) ;
#664 = DIRECTION ( 'NONE',  ( 0.000000000000000000, 1.000000000000000000, 0.000000000000000000 ) ) ;
#665 = FACE_OUTER_BOUND ( 'NONE', #3603, .T. ) ;
#666 = ORIENTED_EDGE ( 'NONE', *, *, #1175, .F. ) ;
#667 = CARTESIAN_POINT ( 'NONE',  ( -29.99999999999998934, 12.05317048259037627, 4.347536460826287197 ) ) ;
#668 = CARTESIAN_POINT ( 'NONE',  ( -2.249999999999993783, 2.755455298081537382E-16, 5.000000000000000000 ) ) ;
#669 = LINE ( 'NONE', #829, #3878 ) ;
#670 = ADVANCED_FACE ( 'NONE', ( #2335 ), #3265, .F. ) ;
#671 = CARTESIAN_POINT ( 'NONE',  ( -26.88978393123993627, -13.05140447231083733, 0.1971270372640854529 ) ) ;
#672 = CARTESIAN_POINT ( 'NONE',  ( -26.10986975240502517, 12.87088512928272976, 3.303141717156782065 ) ) ;
#673 = FACE_OUTER_BOUND ( 'NONE', #868, .T. ) ;
#674 = DIRECTION ( 'NONE',  ( 1.000000000000000000, 0.000000000000000000, 0.000000000000000000 ) ) ;
#675 = DIRECTION ( 'NONE',  ( 0.000000000000000000, 0.000000000000000000, 1.000000000000000000 ) ) ;
#676 = ORIENTED_EDGE ( 'NONE', *, *, #1243, .F. ) ;
#677 = LINE ( 'NONE', #337, #1553 ) ;
#678 = DIRECTION ( 'NONE',  ( 1.000000000000000000, 0.000000000000000000, 0.000000000000000000 ) ) ;
#679 = CARTESIAN_POINT ( 'NONE',  ( 0.000000000000000000, 1.040834085586084257E-14, 0.000000000000000000 ) ) ;
#680 = ORIENTED_EDGE ( 'NONE', *, *, #893, .T. ) ;
#681 = EDGE_CURVE ( 'NONE', #1673, #366, #1878, .T. ) ;
#682 = CARTESIAN_POINT ( 'NONE',  ( 30.00000000000000355, -12.27555958415226200, 0.7807429406145626194 ) ) ;
#683 = CARTESIAN_POINT ( 'NONE',  ( -20.37086684334045827, 24.34277715248546414, 4.978305668724970268 ) ) ;
#684 = ORIENTED_EDGE ( 'NONE', *, *, #2772, .T. ) ;
#685 = CARTESIAN_POINT ( 'NONE',  ( -20.10441493801797819, 24.25000000000000355, 0.000000000000000000 ) ) ;
#686 = VERTEX_POINT ( 'NONE', #1387 ) ;
#687 = CARTESIAN_POINT ( 'NONE',  ( 0.000000000000000000, -72.30205676561914174, 1.000000000000000000 ) ) ;
#688 = AXIS2_PLACEMENT_3D ( 'NONE', #1735, #2636, #2621 ) ;
#689 = DIRECTION ( 'NONE',  ( -0.000000000000000000, -0.000000000000000000, 1.000000000000000000 ) ) ;
#690 = ADVANCED_FACE ( 'NONE', ( #2676 ), #1298, .T. ) ;
#691 = CARTESIAN_POINT ( 'NONE',  ( 27.50000000000000000, 2.783882181415012980, 0.000000000000000000 ) ) ;
#692 = ORIENTED_EDGE ( 'NONE', *, *, #93, .F. ) ;
#693 = EDGE_CURVE ( 'NONE', #3701, #1896, #1505, .T. ) ;
#694 = EDGE_LOOP ( 'NONE', ( #2194, #3067, #3454, #1766 ) ) ;
#695 = ORIENTED_EDGE ( 'NONE', *, *, #3068, .F. ) ;
#696 = CARTESIAN_POINT ( 'NONE',  ( -20.93161686653445486, -24.75000000000000000, 0.5720513463327507875 ) ) ;
#697 = ORIENTED_EDGE ( 'NONE', *, *, #3721, .F. ) ;
#698 = CARTESIAN_POINT ( 'NONE',  ( 20.10441493801797108, 24.75000000000001066, 4.500000000000000888 ) ) ;
#699 = EDGE_CURVE ( 'NONE', #1721, #3409, #1548, .T. ) ;
#700 = CARTESIAN_POINT ( 'NONE',  ( 27.00117466571576230, 13.07699489447013974, 0.1237388560046280145 ) ) ;
#701 = CARTESIAN_POINT ( 'NONE',  ( 20.57511587951529464, -24.41339177783993719, 4.911048177200963316 ) ) ;
#702 = LINE ( 'NONE', #877, #3817 ) ;
#703 = CARTESIAN_POINT ( 'NONE',  ( 20.00000000000000000, 0.000000000000000000, 3.500000000000000000 ) ) ;
#704 = AXIS2_PLACEMENT_3D ( 'NONE', #2654, #516, #2063 ) ;
#705 = VECTOR ( 'NONE', #898, 1000.000000000000000 ) ;
#706 = CARTESIAN_POINT ( 'NONE',  ( 30.00000000000000355, 11.04536101718727004, 4.500000000000000888 ) ) ;
#707 = CARTESIAN_POINT ( 'NONE',  ( -29.96093753429670770, 12.59334038553595825, 0.8660508058107789786 ) ) ;
#708 = CIRCLE ( 'NONE', #3806, 0.5000000000000004441 ) ;
#709 = CARTESIAN_POINT ( 'NONE',  ( 20.10441493801797108, -24.74999999999998934, 4.500000000000000888 ) ) ;
#710 = CARTESIAN_POINT ( 'NONE',  ( 25.50000000000000355, -8.351646544245028281, 3.500000000000000000 ) ) ;
#711 = DIRECTION ( 'NONE',  ( -1.156482317317873944E-16, 1.000000000000000000, 0.000000000000000000 ) ) ;
#712 = VECTOR ( 'NONE', #1724, 1000.000000000000000 ) ;
#713 = ORIENTED_EDGE ( 'NONE', *, *, #3379, .F. ) ;
#714 = CARTESIAN_POINT ( 'NONE',  ( 0.000000000000000000, 1.040834085586084257E-14, 3.500000000000000000 ) ) ;
#715 = CYLINDRICAL_SURFACE ( 'NONE', #96, 29.50000000000000355 ) ;
#716 = CARTESIAN_POINT ( 'NONE',  ( 30.00000000000000000, -12.50040649745542076, 4.000000000000000000 ) ) ;
#717 = DIRECTION ( 'NONE',  ( -1.000000000000000000, 0.000000000000000000, 0.000000000000000000 ) ) ;
#718 = CARTESIAN_POINT ( 'NONE',  ( 20.10441493801783253, 24.24999999999996092, -1.235990476633475055E-14 ) ) ;
#719 = CYLINDRICAL_SURFACE ( 'NONE', #1128, 29.50000000000000355 ) ;
#720 = VERTEX_POINT ( 'NONE', #791 ) ;
#721 = CARTESIAN_POINT ( 'NONE',  ( -29.79741824774021097, 12.05003766322087522, 0.2248907862810143599 ) ) ;
#722 = CARTESIAN_POINT ( 'NONE',  ( -29.99999999999999645, -12.39959676763724516, 4.000000000000000000 ) ) ;
#723 = EDGE_CURVE ( 'NONE', #2494, #1360, #794, .T. ) ;
#724 = DIRECTION ( 'NONE',  ( 0.000000000000000000, 0.000000000000000000, -1.000000000000000000 ) ) ;
#725 = LINE ( 'NONE', #81, #2045 ) ;
#726 = CARTESIAN_POINT ( 'NONE',  ( -20.87911636061257425, -24.74999999999998934, 4.085637685277806241 ) ) ;
#727 = VERTEX_POINT ( 'NONE', #3251 ) ;
#728 = CARTESIAN_POINT ( 'NONE',  ( 15.00000000000000000, 0.000000000000000000, 2.000000000000000000 ) ) ;
#729 = CARTESIAN_POINT ( 'NONE',  ( -29.99999999999999645, -12.50040619033529232, 0.8983864830710143190 ) ) ;
#730 = CARTESIAN_POINT ( 'NONE',  ( -20.00000000000000000, 0.000000000000000000, 1.000000000000000000 ) ) ;
#731 = EDGE_CURVE ( 'NONE', #145, #1417, #183, .T. ) ;
#732 = DIRECTION ( 'NONE',  ( -0.000000000000000000, -0.000000000000000000, -1.000000000000000000 ) ) ;
#733 = EDGE_LOOP ( 'NONE', ( #478, #817, #440, #1260 ) ) ;
#734 = DIRECTION ( 'NONE',  ( -1.000000000000000000, 0.000000000000000000, 0.000000000000000000 ) ) ;
#735 = CARTESIAN_POINT ( 'NONE',  ( -2.804469619495839451E-15, 24.25000000000000711, 0.000000000000000000 ) ) ;
#736 = ORIENTED_EDGE ( 'NONE', *, *, #2639, .T. ) ;
#737 = EDGE_LOOP ( 'NONE', ( #2190, #922, #1463, #45 ) ) ;
#738 = DIRECTION ( 'NONE',  ( 1.000000000000000000, 0.000000000000000000, 0.000000000000000000 ) ) ;
#739 = DIRECTION ( 'NONE',  ( -1.000000000000000000, 0.000000000000000000, 0.000000000000000000 ) ) ;
#740 = CARTESIAN_POINT ( 'NONE',  ( 30.00000000000000355, 11.30095311660440238, 4.494062299873350597 ) ) ;
#741 = CC_DESIGN_PERSON_AND_ORGANIZATION_ASSIGNMENT ( #260, #211, ( #2758 ) ) ;
#742 = CARTESIAN_POINT ( 'NONE',  ( -20.66767616681280018, -24.74999999999999289, 4.350062672967188959 ) ) ;
#743 = ORIENTED_EDGE ( 'NONE', *, *, #2617, .F. ) ;
#744 = EDGE_LOOP ( 'NONE', ( #2775, #1555, #246, #278 ) ) ;
#745 = CARTESIAN_POINT ( 'NONE',  ( -20.67973710538566223, 22.41870810845568940, 0.000000000000000000 ) ) ;
#746 = CARTESIAN_POINT ( 'NONE',  ( 2.804469619495837873E-15, -24.24999999999999289, 5.000000000000000000 ) ) ;
#747 = CARTESIAN_POINT ( 'NONE',  ( 27.50000000000000711, 0.000000000000000000, 0.000000000000000000 ) ) ;
#748 = CARTESIAN_POINT ( 'NONE',  ( 20.84340909810900300, -24.74999999999998579, 0.8319433641883074992 ) ) ;
#749 = CIRCLE ( 'NONE', #2852, 32.50000000000000000 ) ;
#750 = CARTESIAN_POINT ( 'NONE',  ( -29.54174559213631923, 11.18811601963048119, -2.380064097093978258E-14 ) ) ;
#751 = DIRECTION ( 'NONE',  ( 1.000000000000000000, 0.000000000000000000, 0.000000000000000000 ) ) ;
#752 = CARTESIAN_POINT ( 'NONE',  ( 30.00000000000000355, 12.27555958415227266, 4.219257059385373765 ) ) ;
#753 = TOROIDAL_SURFACE ( 'NONE', #1473, 56.00000000000000711, 1.000000000000000000 ) ;
#754 = EDGE_CURVE ( 'NONE', #2108, #2890, #327, .T. ) ;
#755 = DIRECTION ( 'NONE',  ( 1.000000000000000000, 1.156482317317871478E-16, 0.000000000000000000 ) ) ;
#756 = CARTESIAN_POINT ( 'NONE',  ( -29.99999999999999645, -11.73371889684592695, 0.2361292648800342453 ) ) ;
#757 = FACE_OUTER_BOUND ( 'NONE', #3389, .T. ) ;
#758 = CARTESIAN_POINT ( 'NONE',  ( -20.84363052971858465, -24.74999999999999645, 4.167673011110572645 ) ) ;
#759 = CARTESIAN_POINT ( 'NONE',  ( 30.00000000000000000, -12.12987903187968897, 4.557247726455652348 ) ) ;
#760 = CARTESIAN_POINT ( 'NONE',  ( -26.18850446155489209, 6.960261960729848596, 3.234067787263040117 ) ) ;
#761 = CIRCLE ( 'NONE', #1879, 28.50000000000000000 ) ;
#762 = ORIENTED_EDGE ( 'NONE', *, *, #3727, .F. ) ;
#763 = CARTESIAN_POINT ( 'NONE',  ( -15.00000000000000000, 6.123233995736765296E-16, 2.000000000000000000 ) ) ;
#764 = B_SPLINE_CURVE_WITH_KNOTS ( 'NONE', 3,
 ( #1500, #3365, #2453, #2086, #217, #1487, #3649, #593 ),
 .UNSPECIFIED., .F., .F.,
 ( 4, 2, 2, 4 ),
 ( 3.469446951953614189E-18, 0.0005048801562426467274, 0.0007573202343639690070, 0.001009760312485291286 ),
 .UNSPECIFIED. ) ;
#765 = TOROIDAL_SURFACE ( 'NONE', #652, 8.500000000000000000, 1.000000000000000000 ) ;
#766 = CARTESIAN_POINT ( 'NONE',  ( 0.000000000000000000, 72.30205676561918438, 2.500000000000000000 ) ) ;
#767 = EDGE_CURVE ( 'NONE', #366, #1769, #1700, .T. ) ;
#768 = CARTESIAN_POINT ( 'NONE',  ( 20.22354360557506681, -20.08129189154433192, 3.500000000000000000 ) ) ;
#769 = ADVANCED_FACE ( 'NONE', ( #2525 ), #1651, .T. ) ;
#770 = CONICAL_SURFACE ( 'NONE', #1542, 4.000000000000000000, 0.7853981633974479459 ) ;
#771 = CARTESIAN_POINT ( 'NONE',  ( -29.58436075936679899, -11.33298482963002130, 0.01188309240600769583 ) ) ;
#772 = ORIENTED_EDGE ( 'NONE', *, *, #1954, .T. ) ;
#773 = ORIENTED_EDGE ( 'NONE', *, *, #4001, .F. ) ;
#774 = CARTESIAN_POINT ( 'NONE',  ( 29.50000000000000355, 11.04536101718726471, 5.000000000000000000 ) ) ;
#775 = ORIENTED_EDGE ( 'NONE', *, *, #2366, .F. ) ;
#776 = CARTESIAN_POINT ( 'NONE',  ( 21.20535255374715433, -24.62890624999999289, 1.000000000000000000 ) ) ;
#777 = DIRECTION ( 'NONE',  ( -1.000000000000000000, 0.000000000000000000, 0.000000000000000000 ) ) ;
#778 = CARTESIAN_POINT ( 'NONE',  ( 29.50000000000000355, 11.04536101718726471, 0.000000000000000000 ) ) ;
#779 = CARTESIAN_POINT ( 'NONE',  ( 21.17122122254214744, 24.61733923528093015, 4.283520360785368020 ) ) ;
#780 = ORIENTED_EDGE ( 'NONE', *, *, #1434, .F. ) ;
#781 = EDGE_CURVE ( 'NONE', #1593, #1447, #4015, .T. ) ;
#782 = CARTESIAN_POINT ( 'NONE',  ( 20.64136839188633132, -24.43635668974618724, 4.911050236580416062 ) ) ;
#783 = ORIENTED_EDGE ( 'NONE', *, *, #781, .T. ) ;
#784 = EDGE_LOOP ( 'NONE', ( #592, #1802 ) ) ;
#785 = CARTESIAN_POINT ( 'NONE',  ( -21.20535255374720407, -24.62890625000000711, 4.143077267146543008 ) ) ;
#786 = CARTESIAN_POINT ( 'NONE',  ( 20.87911636061258136, -24.74999999999998934, 4.000000000000000000 ) ) ;
#787 = AXIS2_PLACEMENT_3D ( 'NONE', #3342, #174, #203 ) ;
#788 = ORIENTED_EDGE ( 'NONE', *, *, #1434, .T. ) ;
#789 = CARTESIAN_POINT ( 'NONE',  ( 20.87911635485288997, -24.74999999999998934, 0.9145611990661869362 ) ) ;
#790 = EDGE_LOOP ( 'NONE', ( #743, #1172, #1124, #1798 ) ) ;
#791 = CARTESIAN_POINT ( 'NONE',  ( -29.49999999999999645, -11.04536101718726648, 5.000000000000000000 ) ) ;
#792 = CARTESIAN_POINT ( 'NONE',  ( 30.00000000000000355, 11.04536101718726826, 0.4999999999999995559 ) ) ;
#793 = ORIENTED_EDGE ( 'NONE', *, *, #2161, .T. ) ;
#794 = B_SPLINE_CURVE_WITH_KNOTS ( 'NONE', 3,
 ( #3848, #434, #748, #3280, #3866, #1722, #1707, #2928 ),
 .UNSPECIFIED., .F., .F.,
 ( 4, 2, 2, 4 ),
 ( 0.000000000000000000, 0.0002557299565670548996, 0.0005114599131341097992, 0.001022919826268229139 ),
 .UNSPECIFIED. ) ;
#795 = ORIENTED_EDGE ( 'NONE', *, *, #681, .F. ) ;
#796 = CARTESIAN_POINT ( 'NONE',  ( -20.95647980134593169, -24.54424993961167090, 0.3532556286926271660 ) ) ;
#797 = APPLICATION_CONTEXT ( 'configuration controlled 3d designs of mechanical parts and assemblies' ) ;
#798 = CARTESIAN_POINT ( 'NONE',  ( 20.73261237567932369, -24.74999999999998934, 4.295699379671106932 ) ) ;
#799 = COORDINATED_UNIVERSAL_TIME_OFFSET ( 8, 0, .AHEAD. ) ;
#800 = CARTESIAN_POINT ( 'NONE',  ( -25.50000000000000355, -12.72792206135784632, 3.500000000000000000 ) ) ;
#801 = DIRECTION ( 'NONE',  ( -0.000000000000000000, -0.000000000000000000, -1.000000000000000000 ) ) ;
#802 = CARTESIAN_POINT ( 'NONE',  ( -26.18850446155489209, -6.960261960729848596, 3.234067787263040117 ) ) ;
#803 = FACE_OUTER_BOUND ( 'NONE', #503, .T. ) ;
#804 = DIRECTION ( 'NONE',  ( -0.000000000000000000, 0.000000000000000000, 1.000000000000000000 ) ) ;
#805 = AXIS2_PLACEMENT_3D ( 'NONE', #969, #664, #3166 ) ;
#806 = CARTESIAN_POINT ( 'NONE',  ( -20.66819355967805194, -24.74999999999999289, 0.6502261432740565894 ) ) ;
#807 = EDGE_CURVE ( 'NONE', #2062, #2816, #1746, .T. ) ;
#808 = FACE_OUTER_BOUND ( 'NONE', #2043, .T. ) ;
#809 = FACE_OUTER_BOUND ( 'NONE', #2827, .T. ) ;
#810 =( BOUNDED_SURFACE ( )  B_SPLINE_SURFACE ( 3, 2, ( 
 ( #295, #2801, #3411 ),
 ( #1556, #1881, #3729 ),
 ( #1866, #2, #2498 ),
 ( #2184, #309, #2813 ),
 ( #3422, #1571, #14 ),
 ( #2200, #323, #643 ),
 ( #409, #2264, #3821 ),
 ( #718, #3183, #2878 ) ),
 .UNSPECIFIED., .F., .F., .F. ) 
 B_SPLINE_SURFACE_WITH_KNOTS ( ( 4, 2, 2, 4 ),
 ( 3, 3 ),
 ( 0.002099200977525100646, 0.002352557366278514375, 0.002605913755031928538, 0.003112626532538756430 ),
 ( 0.000000000000000000, 1.000000000000000000 ),
 .UNSPECIFIED. ) 
 GEOMETRIC_REPRESENTATION_ITEM ( )  RATIONAL_B_SPLINE_SURFACE ( (
 ( 1.000000000000000000, 0.9375000000000004441, 1.000000000000000000),
 ( 1.000000000000000000, 0.9375607059656232423, 1.000000000000000000),
 ( 1.000000000000000000, 0.9285283053835264866, 1.000000000000000000),
 ( 1.000000000000000000, 0.8998073606107288569, 1.000000000000000000),
 ( 1.000000000000000000, 0.8808930640205366869, 1.000000000000000000),
 ( 1.000000000000000000, 0.8171526463671492380, 1.000000000000000000),
 ( 1.000000000000000000, 0.7649737391686651788, 1.000000000000000000),
 ( 1.000000000000000000, 0.7071067811865131558, 1.000000000000000000) ) ) 
 REPRESENTATION_ITEM ( '' )  SURFACE ( )  );
#811 = DIRECTION ( 'NONE',  ( -1.000000000000000000, 0.000000000000000000, 0.000000000000000000 ) ) ;
#812 = VERTEX_POINT ( 'NONE', #1117 ) ;
#813 = ADVANCED_FACE ( 'NONE', ( #673 ), #1838, .F. ) ;
#814 = DIRECTION ( 'NONE',  ( -0.000000000000000000, 0.000000000000000000, 1.000000000000000000 ) ) ;
#815 = DIRECTION ( 'NONE',  ( -0.000000000000000000, -0.000000000000000000, -1.000000000000000000 ) ) ;
#816 = VECTOR ( 'NONE', #3013, 1000.000000000000000 ) ;
#817 = ORIENTED_EDGE ( 'NONE', *, *, #2635, .F. ) ;
#818 = CARTESIAN_POINT ( 'NONE',  ( 30.00000000000000355, 12.39959676763724516, 1.000000000000000000 ) ) ;
#819 = B_SPLINE_CURVE_WITH_KNOTS ( 'NONE', 3,
 ( #2364, #2655, #3284, #193, #3255, #1137, #517, #3567, #2006, #3908 ),
 .UNSPECIFIED., .F., .F.,
 ( 4, 2, 2, 2, 4 ),
 ( 0.000000000000000000, 0.0007623969691129127858, 0.001143595453669371672, 0.001334194695947601332, 0.001524793938225830993 ),
 .UNSPECIFIED. ) ;
#820 = DIRECTION ( 'NONE',  ( -0.000000000000000000, 0.000000000000000000, 1.000000000000000000 ) ) ;
#821 = ORIENTED_EDGE ( 'NONE', *, *, #2496, .F. ) ;
#822 = DIRECTION ( 'NONE',  ( 0.000000000000000000, 0.000000000000000000, 1.000000000000000000 ) ) ;
#823 = ORIENTED_EDGE ( 'NONE', *, *, #2377, .T. ) ;
#824 = CARTESIAN_POINT ( 'NONE',  ( -29.99999999999999645, 12.39959676763726470, 4.000000000000000000 ) ) ;
#825 = CARTESIAN_POINT ( 'NONE',  ( 0.000000000000000000, 1.040834085586084257E-14, 1.000000000000000000 ) ) ;
#826 = CARTESIAN_POINT ( 'NONE',  ( -20.00000000000000000, 0.000000000000000000, 0.000000000000000000 ) ) ;
#827 = EDGE_CURVE ( 'NONE', #43, #2890, #1934, .T. ) ;
#828 = CARTESIAN_POINT ( 'NONE',  ( 21.20535255374715078, 24.62890625000002132, 5.000000000000000000 ) ) ;
#829 = CARTESIAN_POINT ( 'NONE',  ( 4.000000000000000000, 0.000000000000000000, 5.000000000000001776 ) ) ;
#830 = ADVANCED_FACE ( 'NONE', ( #2038 ), #2725, .T. ) ;
#831 = ORIENTED_EDGE ( 'NONE', *, *, #649, .F. ) ;
#832 = CARTESIAN_POINT ( 'NONE',  ( 20.62588078835354821, -24.43089814157838191, 0.1105616637228133275 ) ) ;
#833 = AXIS2_PLACEMENT_3D ( 'NONE', #1320, #674, #399 ) ;
#834 = ORIENTED_EDGE ( 'NONE', *, *, #1794, .T. ) ;
#835 = ORIENTED_EDGE ( 'NONE', *, *, #1030, .F. ) ;
#836 = CARTESIAN_POINT ( 'NONE',  ( 20.42817845830166235, 21.07832408302853366, 3.039808790486957957 ) ) ;
#837 = AXIS2_PLACEMENT_3D ( 'NONE', #3660, #1531, #2765 ) ;
#838 = CARTESIAN_POINT ( 'NONE',  ( 20.99581086363579274, -24.55763403345136808, 0.4089641661768183001 ) ) ;
#839 = CARTESIAN_POINT ( 'NONE',  ( -20.00000000000000000, 0.000000000000000000, 1.000000000000000000 ) ) ;
#840 = CARTESIAN_POINT ( 'NONE',  ( 0.000000000000000000, 1.040834085586084257E-14, 2.500000000000000000 ) ) ;
#841 = CARTESIAN_POINT ( 'NONE',  ( 0.000000000000000000, 1.040834085586084257E-14, 5.000000000000000000 ) ) ;
#842 = PRODUCT ( '后盖板', '后盖板', '', ( #2657 ) ) ;
#843 = DIRECTION ( 'NONE',  ( -0.000000000000000000, 0.000000000000000000, 1.000000000000000000 ) ) ;
#844 = CIRCLE ( 'NONE', #344, 8.000000000000000000 ) ;
#845 = ADVANCED_FACE ( 'NONE', ( #1404 ), #586, .T. ) ;
#846 = CARTESIAN_POINT ( 'NONE',  ( -20.44793170819102812, -21.17877776223022224, 2.850662371083944713 ) ) ;
#847 = CARTESIAN_POINT ( 'NONE',  ( 20.51342378567996505, -21.51659942199433928, 0.3510837970260174967 ) ) ;
#848 = FACE_OUTER_BOUND ( 'NONE', #2351, .T. ) ;
#849 = CARTESIAN_POINT ( 'NONE',  ( 20.62976349557108335, 22.13784071252505470, -1.788933584601080344E-15 ) ) ;
#850 = EDGE_CURVE ( 'NONE', #1509, #2206, #2961, .T. ) ;
#851 = VERTEX_POINT ( 'NONE', #1772 ) ;
#852 = CARTESIAN_POINT ( 'NONE',  ( 0.000000000000000000, 0.000000000000000000, 2.500000000000000000 ) ) ;
#853 = AXIS2_PLACEMENT_3D ( 'NONE', #3115, #1889, #1242 ) ;
#854 = FACE_OUTER_BOUND ( 'NONE', #2456, .T. ) ;
#855 = CARTESIAN_POINT ( 'NONE',  ( -26.51108353959401143, -6.197433247033034220, 0.8352752947804081840 ) ) ;
#856 = CARTESIAN_POINT ( 'NONE',  ( 26.84537413388981975, 5.297757767260019790, 0.2414276399975282261 ) ) ;
#857 = ORIENTED_EDGE ( 'NONE', *, *, #583, .T. ) ;
#858 = AXIS2_PLACEMENT_3D ( 'NONE', #107, #2281, #354 ) ;
#859 = VECTOR ( 'NONE', #1841, 1000.000000000000000 ) ;
#860 = CARTESIAN_POINT ( 'NONE',  ( -29.93616480193924545, -12.51133176918622958, 4.336241319076590273 ) ) ;
#861 = DIRECTION ( 'NONE',  ( 0.000000000000000000, -0.000000000000000000, -1.000000000000000000 ) ) ;
#862 = CIRCLE ( 'NONE', #3857, 0.5000000000000004441 ) ;
#863 = CARTESIAN_POINT ( 'NONE',  ( -20.57704387223234477, -21.85242611623242226, 0.08740962247080229230 ) ) ;
#864 = CC_DESIGN_DATE_AND_TIME_ASSIGNMENT ( #356, #170, ( #3368 ) ) ;
#865 = CIRCLE ( 'NONE', #2250, 0.5000000000000004441 ) ;
#866 = DIRECTION ( 'NONE',  ( -0.000000000000000000, 0.000000000000000000, 1.000000000000000000 ) ) ;
#867 = CARTESIAN_POINT ( 'NONE',  ( 30.00000000000000355, 11.04536101718726826, 0.4999999999999995559 ) ) ;
#868 = EDGE_LOOP ( 'NONE', ( #2247, #1111, #2506, #911 ) ) ;
#869 = DIRECTION ( 'NONE',  ( 1.000000000000000000, 0.000000000000000000, 0.000000000000000000 ) ) ;
#870 = VERTEX_POINT ( 'NONE', #3940 ) ;
#871 = CARTESIAN_POINT ( 'NONE',  ( -29.96093760647644899, 12.59334021381243929, 4.133864313585986494 ) ) ;
#872 = CARTESIAN_POINT ( 'NONE',  ( -29.59747193636493989, -11.37752203149703334, 4.984048318704110692 ) ) ;
#873 = CARTESIAN_POINT ( 'NONE',  ( 26.37090592302201841, 12.93157283568131533, 3.008893814174873338 ) ) ;
#874 = EDGE_LOOP ( 'NONE', ( #1071, #2981, #2390, #1420 ) ) ;
#875 = ORIENTED_EDGE ( 'NONE', *, *, #2617, .T. ) ;
#876 = EDGE_CURVE ( 'NONE', #3935, #2062, #1736, .T. ) ;
#877 = CARTESIAN_POINT ( 'NONE',  ( 21.06389090362936756, -24.74999999999998934, 0.5000000000000000000 ) ) ;
#878 = CARTESIAN_POINT ( 'NONE',  ( 20.93184251683920039, -24.74999999999999289, 0.5723976187775065005 ) ) ;
#879 = EDGE_LOOP ( 'NONE', ( #3950, #1157, #3222, #1484 ) ) ;
#880 = CARTESIAN_POINT ( 'NONE',  ( 15.00000000000000000, 0.000000000000000000, 1.000000000000000000 ) ) ;
#881 = ORIENTED_EDGE ( 'NONE', *, *, #649, .T. ) ;
#882 = EDGE_CURVE ( 'NONE', #1863, #1514, #3242, .T. ) ;
#883 = DIRECTION ( 'NONE',  ( 0.000000000000000000, -0.000000000000000000, -1.000000000000000000 ) ) ;
#884 = ORIENTED_EDGE ( 'NONE', *, *, #3625, .T. ) ;
#885 = CARTESIAN_POINT ( 'NONE',  ( -29.54210019050177749, 11.18932861914755605, 5.000000000000000888 ) ) ;
#886 = CARTESIAN_POINT ( 'NONE',  ( -29.87297438443797759, -12.30171276536298919, 4.610081760090815273 ) ) ;
#887 = DIRECTION ( 'NONE',  ( -1.000000000000000000, 0.000000000000000000, 0.000000000000000000 ) ) ;
#888 = ADVANCED_FACE ( 'NONE', ( #3387 ), #375, .T. ) ;
#889 = AXIS2_PLACEMENT_3D ( 'NONE', #2340, #2684, #3909 ) ;
#890 = CARTESIAN_POINT ( 'NONE',  ( 21.06470849954633806, -24.74999999999998579, 0.8662376185231076553 ) ) ;
#891 = CARTESIAN_POINT ( 'NONE',  ( 29.83128930526492439, 12.16306376593749050, 0.2903340753374230032 ) ) ;
#892 = CIRCLE ( 'NONE', #2567, 2.249999999999999556 ) ;
#893 = EDGE_CURVE ( 'NONE', #2211, #2970, #2680, .T. ) ;
#894 = CYLINDRICAL_SURFACE ( 'NONE', #3574, 1.000000000000000000 ) ;
#895 = DIRECTION ( 'NONE',  ( -1.000000000000000000, 0.000000000000000000, 0.000000000000000000 ) ) ;
#896 = LINE ( 'NONE', #512, #3922 ) ;
#897 = VERTEX_POINT ( 'NONE', #2769 ) ;
#898 = DIRECTION ( 'NONE',  ( -0.000000000000000000, -1.000000000000000000, -0.000000000000000000 ) ) ;
#899 = CARTESIAN_POINT ( 'NONE',  ( -29.49999999999999645, -11.04536101718726648, 0.000000000000000000 ) ) ;
#900 = EDGE_CURVE ( 'NONE', #3699, #43, #1890, .T. ) ;
#901 = LINE ( 'NONE', #2434, #528 ) ;
#902 = ORIENTED_EDGE ( 'NONE', *, *, #1666, .T. ) ;
#903 = CARTESIAN_POINT ( 'NONE',  ( 20.87911636061258136, -24.74999999999998934, 5.000000000000000000 ) ) ;
#904 = CIRCLE ( 'NONE', #527, 5.000000000000000888 ) ;
#905 = CARTESIAN_POINT ( 'NONE',  ( -20.73652423415443025, 24.75000000000000355, 4.299831289910571286 ) ) ;
#906 = ADVANCED_FACE ( 'NONE', ( #2384 ), #133, .T. ) ;
#907 = AXIS2_PLACEMENT_3D ( 'NONE', #485, #3271, #2050 ) ;
#908 = CARTESIAN_POINT ( 'NONE',  ( 20.32986981531216131, 24.75000000000001066, 4.912404535830272145 ) ) ;
#909 = EDGE_LOOP ( 'NONE', ( #1025, #228, #644, #294 ) ) ;
#910 = CARTESIAN_POINT ( 'NONE',  ( 26.50000000000000711, -6.224949798994359185, 1.000000000000000000 ) ) ;
#911 = ORIENTED_EDGE ( 'NONE', *, *, #357, .F. ) ;
#912 = CARTESIAN_POINT ( 'NONE',  ( 30.00000000000000355, 11.92532824032971739, 0.6111262267425721095 ) ) ;
#913 = CARTESIAN_POINT ( 'NONE',  ( -20.47049967723540576, -21.29437998288626233, 0.7179747771828525194 ) ) ;
#914 = VERTEX_POINT ( 'NONE', #3723 ) ;
#915 = VERTEX_POINT ( 'NONE', #1823 ) ;
#916 = CARTESIAN_POINT ( 'NONE',  ( -29.99999999999999645, -11.68024835709549869, 4.448445264978334812 ) ) ;
#917 = EDGE_LOOP ( 'NONE', ( #1550, #1321, #3737, #53 ) ) ;
#918 = DIRECTION ( 'NONE',  ( 0.000000000000000000, 0.000000000000000000, -1.000000000000000000 ) ) ;
#919 = CARTESIAN_POINT ( 'NONE',  ( -20.90166573697540642, 24.52552118788936752, 4.701042846294585686 ) ) ;
#920 = CARTESIAN_POINT ( 'NONE',  ( -29.99999999999999289, 12.50040619033641320, 4.101613516929024428 ) ) ;
#921 = DIRECTION ( 'NONE',  ( -1.000000000000000000, 0.000000000000000000, 0.000000000000000000 ) ) ;
#922 = ORIENTED_EDGE ( 'NONE', *, *, #934, .F. ) ;
#923 = VERTEX_POINT ( 'NONE', #1232 ) ;
#924 = EDGE_CURVE ( 'NONE', #1896, #686, #3552, .T. ) ;
#925 = DIRECTION ( 'NONE',  ( 1.000000000000000000, 1.156482317317871478E-16, -0.000000000000000000 ) ) ;
#926 = ADVANCED_FACE ( 'NONE', ( #1206 ), #236, .T. ) ;
#927 = CARTESIAN_POINT ( 'NONE',  ( -26.50000000000000355, 0.000000000000000000, 2.500000000000000000 ) ) ;
#928 = CARTESIAN_POINT ( 'NONE',  ( 30.00000000000000355, -11.04536101718724339, 0.4999999999999995559 ) ) ;
#929 = EDGE_LOOP ( 'NONE', ( #1574, #736, #3167, #1568 ) ) ;
#930 = ORIENTED_EDGE ( 'NONE', *, *, #3818, .T. ) ;
#931 = AXIS2_PLACEMENT_3D ( 'NONE', #2129, #1513, #256 ) ;
#932 =( BOUNDED_SURFACE ( )  B_SPLINE_SURFACE ( 3, 2, ( 
 ( #329, #1219, #1270 ),
 ( #3390, #2156, #2192 ),
 ( #2829, #1231, #3430 ),
 ( #626, #2167, #2796 ),
 ( #1255, #3087, #3766 ),
 ( #1564, #3126, #912 ),
 ( #1551, #956, #3722 ),
 ( #3404, #1845, #3099 ),
 ( #3996, #1888, #940 ),
 ( #4025, #317, #3443 ),
 ( #1860, #2518, #2503 ),
 ( #2181, #279, #303 ) ),
 .UNSPECIFIED., .F., .F., .T. ) 
 B_SPLINE_SURFACE_WITH_KNOTS ( ( 4, 2, 2, 2, 2, 4 ),
 ( 3, 3 ),
 ( 0.001008446055696985083, 0.001389861523683814677, 0.001771276991670644486, 0.002152692459657473863, 0.002343400193650888551, 0.002534107927644303673 ),
 ( 0.000000000000000000, 1.000000000000000000 ),
 .UNSPECIFIED. ) 
 GEOMETRIC_REPRESENTATION_ITEM ( )  RATIONAL_B_SPLINE_SURFACE ( (
 ( 1.000000000000000000, 0.7071067811865475727, 1.000000000000000000),
 ( 1.000000000000000000, 0.7368680310427559998, 1.000000000000000000),
 ( 1.000000000000000000, 0.7649020750436730243, 1.000000000000000000),
 ( 1.000000000000000000, 0.8183595106426553301, 1.000000000000000000),
 ( 1.000000000000000000, 0.8437884055429801800, 1.000000000000000000),
 ( 1.000000000000000000, 0.8924267773074617827, 1.000000000000000000),
 ( 1.000000000000000000, 0.9161278180223360046, 1.000000000000000000),
 ( 1.000000000000000000, 0.9476976633453435550, 1.000000000000000000),
 ( 1.000000000000000000, 0.9577228570534633834, 1.000000000000000000),
 ( 1.000000000000000000, 0.9740390116809839460, 1.000000000000000000),
 ( 1.000000000000000000, 0.9802769051502039366, 1.000000000000000000),
 ( 1.000000000000000000, 0.9802741963348827747, 1.000000000000000000) ) ) 
 REPRESENTATION_ITEM ( '' )  SURFACE ( )  );
#933 = CARTESIAN_POINT ( 'NONE',  ( -29.71203409991044708, -11.76402059448082227, 4.896890509012112425 ) ) ;
#934 = EDGE_CURVE ( 'NONE', #3113, #3855, #3199, .T. ) ;
#935 = CARTESIAN_POINT ( 'NONE',  ( -2.862293735361732889E-15, 24.75000000000000711, 5.000000000000000000 ) ) ;
#936 = DIRECTION ( 'NONE',  ( -1.000000000000000000, -1.156482317317871478E-16, 0.000000000000000000 ) ) ;
#937 = AXIS2_PLACEMENT_3D ( 'NONE', #1946, #1581, #74 ) ;
#938 = PERSON_AND_ORGANIZATION ( #3920, #1871 ) ;
#939 = CARTESIAN_POINT ( 'NONE',  ( -20.46185475464040593, 21.25000000000000711, 1.000000000000000000 ) ) ;
#940 = CARTESIAN_POINT ( 'NONE',  ( 30.00000000000000355, 12.27481605397393949, 0.7800828595519105901 ) ) ;
#941 = DIRECTION ( 'NONE',  ( 0.000000000000000000, 0.000000000000000000, -1.000000000000000000 ) ) ;
#942 = LINE ( 'NONE', #1561, #2513 ) ;
#943 = CARTESIAN_POINT ( 'NONE',  ( 29.54209478221886442, -11.18931012477635889, 0.000000000000000000 ) ) ;
#944 = EDGE_CURVE ( 'NONE', #720, #297, #3974, .T. ) ;
#945 = TOROIDAL_SURFACE ( 'NONE', #400, 54.00000000000000000, 1.000000000000000000 ) ;
#946 = CARTESIAN_POINT ( 'NONE',  ( -20.99551695456034395, -24.55753377901738688, 0.4086012139183641256 ) ) ;
#947 = CARTESIAN_POINT ( 'NONE',  ( 0.000000000000000000, 1.040834085586084257E-14, 0.000000000000000000 ) ) ;
#948 = ADVANCED_FACE ( 'NONE', ( #3884 ), #3154, .T. ) ;
#949 = CARTESIAN_POINT ( 'NONE',  ( 0.000000000000000000, 1.040834085586084257E-14, 3.500000000000000000 ) ) ;
#950 = VECTOR ( 'NONE', #3934, 1000.000000000000000 ) ;
#951 = CARTESIAN_POINT ( 'NONE',  ( 8.500000000000000000, 1.040949779275250140E-15, 2.500000000000000000 ) ) ;
#952 = EDGE_CURVE ( 'NONE', #2868, #1593, #1108, .T. ) ;
#953 = ORIENTED_EDGE ( 'NONE', *, *, #3861, .F. ) ;
#954 = CARTESIAN_POINT ( 'NONE',  ( 20.87911636061258136, -24.24999999999998934, 4.000000000000000000 ) ) ;
#955 = LINE ( 'NONE', #3484, #1696 ) ;
#956 = CARTESIAN_POINT ( 'NONE',  ( 29.99999999999977263, 12.12987903187925198, 0.4427522735448399249 ) ) ;
#957 = EDGE_CURVE ( 'NONE', #3357, #639, #3441, .T. ) ;
#958 = ORIENTED_EDGE ( 'NONE', *, *, #699, .T. ) ;
#959 = CARTESIAN_POINT ( 'NONE',  ( -20.87911636061258136, -24.74999999999999645, 1.000000000000000000 ) ) ;
#960 = ORIENTED_EDGE ( 'NONE', *, *, #731, .F. ) ;
#961 = CARTESIAN_POINT ( 'NONE',  ( -27.00113615681563672, -13.07698605652713475, 0.1237616010893289875 ) ) ;
#962 = CARTESIAN_POINT ( 'NONE',  ( 29.69462180558347342, -11.70557064344457743, 0.08505026361276803171 ) ) ;
#963 = DIRECTION ( 'NONE',  ( -0.000000000000000000, 0.000000000000000000, 1.000000000000000000 ) ) ;
#964 = AXIS2_PLACEMENT_3D ( 'NONE', #2010, #82, #1663 ) ;
#965 = ORIENTED_EDGE ( 'NONE', *, *, #471, .F. ) ;
#966 = CARTESIAN_POINT ( 'NONE',  ( 27.50000000000000711, -2.783882181415012980, 0.000000000000000000 ) ) ;
#967 = ADVANCED_FACE ( 'NONE', ( #1796 ), #3344, .T. ) ;
#968 = ORIENTED_EDGE ( 'NONE', *, *, #3861, .T. ) ;
#969 = CARTESIAN_POINT ( 'NONE',  ( -27.50000000000000355, 0.000000000000000000, 1.000000000000000000 ) ) ;
#970 = EDGE_CURVE ( 'NONE', #1123, #3357, #862, .T. ) ;
#971 = ORIENTED_EDGE ( 'NONE', *, *, #2296, .F. ) ;
#972 = CARTESIAN_POINT ( 'NONE',  ( 30.00000000000000355, -11.04536101718724161, 4.500000000000000888 ) ) ;
#973 = ORIENTED_EDGE ( 'NONE', *, *, #2869, .T. ) ;
#974 = PLANE ( 'NONE',  #937 ) ;
#975 = DIRECTION ( 'NONE',  ( -0.000000000000000000, -0.000000000000000000, 1.000000000000000000 ) ) ;
#976 = CARTESIAN_POINT ( 'NONE',  ( 30.00000000000000355, -12.39959676763722740, 0.9999999999999988898 ) ) ;
#977 = VERTEX_POINT ( 'NONE', #46 ) ;
#978 = CARTESIAN_POINT ( 'NONE',  ( -26.70446709862812895, -13.00873774446177578, 0.3802451712974070364 ) ) ;
#979 = DIRECTION ( 'NONE',  ( -1.224646799147353207E-16, 1.000000000000000000, 0.000000000000000000 ) ) ;
#980 = ORIENTED_EDGE ( 'NONE', *, *, #4020, .T. ) ;
#981 = EDGE_CURVE ( 'NONE', #56, #2922, #3784, .T. ) ;
#982 =( BOUNDED_SURFACE ( )  B_SPLINE_SURFACE ( 3, 2, ( 
 ( #1186, #3354, #1776 ),
 ( #1504, #2393, #630 ),
 ( #3157, #1300, #36 ),
 ( #2544, #3808, #655 ),
 ( #2877, #2860, #2835 ),
 ( #1316, #1274, #3769 ),
 ( #3447, #1637, #50 ),
 ( #1596, #2238, #946 ),
 ( #3796, #696, #3473 ),
 ( #2225, #352, #336 ),
 ( #1624, #1928, #3133 ),
 ( #959, #2521, #2535 ) ),
 .UNSPECIFIED., .F., .F., .T. ) 
 B_SPLINE_SURFACE_WITH_KNOTS ( ( 4, 2, 2, 2, 2, 4 ),
 ( 3, 3 ),
 ( 0.001088176241576477299, 0.001340932425563633569, 0.001593688609550789840, 0.001720066701544367867, 0.001846444793537946110, 0.002099200977525102381 ),
 ( 0.000000000000000000, 1.000000000000000000 ),
 .UNSPECIFIED. ) 
 GEOMETRIC_REPRESENTATION_ITEM ( )  RATIONAL_B_SPLINE_SURFACE ( (
 ( 1.000000000000000000, 0.7071067811865475727, 1.000000000000000000),
 ( 1.000000000000000000, 0.7360931137566549820, 1.000000000000000000),
 ( 1.000000000000000000, 0.7637930109568207282, 1.000000000000000000),
 ( 1.000000000000000000, 0.8148892476662921158, 1.000000000000000000),
 ( 1.000000000000000000, 0.8383440617070724299, 1.000000000000000000),
 ( 1.000000000000000000, 0.8704395954887405029, 1.000000000000000000),
 ( 1.000000000000000000, 0.8803850047658786648, 1.000000000000000000),
 ( 1.000000000000000000, 0.8986753539467998708, 1.000000000000000000),
 ( 1.000000000000000000, 0.9070906924760057111, 1.000000000000000000),
 ( 1.000000000000000000, 0.9283301677553297271, 1.000000000000000000),
 ( 1.000000000000000000, 0.9376224639244091774, 1.000000000000000000),
 ( 1.000000000000000000, 0.9375000000000004441, 1.000000000000000000) ) ) 
 REPRESENTATION_ITEM ( '' )  SURFACE ( )  );
#983 = CARTESIAN_POINT ( 'NONE',  ( 20.67973710538567289, 22.41870810845566453, 0.000000000000000000 ) ) ;
#984 = AXIS2_PLACEMENT_3D ( 'NONE', #3046, #3057, #1479 ) ;
#985 = CARTESIAN_POINT ( 'NONE',  ( -29.99999999999999289, 11.30171898403669140, 4.500000000000000000 ) ) ;
#986 = DIRECTION ( 'NONE',  ( -1.000000000000000000, 0.000000000000000000, 0.000000000000000000 ) ) ;
#987 = ADVANCED_FACE ( 'NONE', ( #481, #35 ), #2233, .T. ) ;
#988 = CYLINDRICAL_SURFACE ( 'NONE', #3961, 1.000000000000000000 ) ;
#989 = CARTESIAN_POINT ( 'NONE',  ( 20.10441493801797108, 24.25000000000001066, 0.000000000000000000 ) ) ;
#990 = CARTESIAN_POINT ( 'NONE',  ( -20.22381764776040924, 24.29168654096656610, 0.000000000000000000 ) ) ;
#991 = CARTESIAN_POINT ( 'NONE',  ( 27.50000000000000711, 13.19090595827292134, 0.000000000000000000 ) ) ;
#992 = CARTESIAN_POINT ( 'NONE',  ( -29.99999999999999645, -11.30171898403668429, 0.4999999999999998890 ) ) ;
#993 = CYLINDRICAL_SURFACE ( 'NONE', #3466, 55.00000000000000000 ) ;
#994 = DIRECTION ( 'NONE',  ( -0.000000000000000000, 0.000000000000000000, 1.000000000000000000 ) ) ;
#995 = DIRECTION ( 'NONE',  ( 1.000000000000000000, 0.000000000000000000, 0.000000000000000000 ) ) ;
#996 = CARTESIAN_POINT ( 'NONE',  ( -11.00000000000000000, 0.000000000000000000, 1.000000000000000000 ) ) ;
#997 = LINE ( 'NONE', #2131, #2133 ) ;
#998 = CARTESIAN_POINT ( 'NONE',  ( 29.89802015772556842, -12.38485760875792607, 4.513121732095116911 ) ) ;
#999 = CARTESIAN_POINT ( 'NONE',  ( -21.20535255374716144, 24.62890625000000711, 4.000000000000000000 ) ) ;
#1000 = VECTOR ( 'NONE', #2279, 1000.000000000000000 ) ;
#1001 = CARTESIAN_POINT ( 'NONE',  ( -29.94885969736997566, 12.55338806884046576, 0.7500576505512823733 ) ) ;
#1002 = CARTESIAN_POINT ( 'NONE',  ( -12.00000000000000000, 0.000000000000000000, 1.000000000000000000 ) ) ;
#1003 = EDGE_CURVE ( 'NONE', #2825, #2686, #2235, .T. ) ;
#1004 = LINE ( 'NONE', #116, #2479 ) ;
#1005 = CARTESIAN_POINT ( 'NONE',  ( 30.00000000000000000, 12.50040649745543675, 4.000000000000001776 ) ) ;
#1006 = DIRECTION ( 'NONE',  ( 0.000000000000000000, -0.000000000000000000, -1.000000000000000000 ) ) ;
#1007 = ORIENTED_EDGE ( 'NONE', *, *, #181, .T. ) ;
#1008 = AXIS2_PLACEMENT_3D ( 'NONE', #730, #2616, #2275 ) ;
#1009 = CARTESIAN_POINT ( 'NONE',  ( -20.66691324496844473, 24.75000000000000711, 0.6494450572850427594 ) ) ;
#1010 = ORIENTED_EDGE ( 'NONE', *, *, #1723, .F. ) ;
#1011 = ADVANCED_FACE ( 'NONE', ( #3486 ), #3062, .F. ) ;
#1012 = CIRCLE ( 'NONE', #907, 0.5000000000000004441 ) ;
#1013 = CARTESIAN_POINT ( 'NONE',  ( 26.50000000000001421, -12.96148139681570477, 2.633857850261801747 ) ) ;
#1014 = CARTESIAN_POINT ( 'NONE',  ( -30.00000000000000000, 12.36542789065609860, 0.8753084117616193316 ) ) ;
#1015 = ORIENTED_EDGE ( 'NONE', *, *, #3077, .F. ) ;
#1016 = EDGE_CURVE ( 'NONE', #3482, #648, #2574, .T. ) ;
#1017 = CIRCLE ( 'NONE', #285, 8.000000000000000000 ) ;
#1018 = DIRECTION ( 'NONE',  ( -0.000000000000000000, -0.000000000000000000, 1.000000000000000000 ) ) ;
#1019 = ORIENTED_EDGE ( 'NONE', *, *, #2665, .T. ) ;
#1020 = DIRECTION ( 'NONE',  ( 1.000000000000000000, 0.000000000000000000, 0.000000000000000000 ) ) ;
#1021 = CARTESIAN_POINT ( 'NONE',  ( -20.32071135235946713, 24.75000000000000355, 4.924485369707910287 ) ) ;
#1022 = VERTEX_POINT ( 'NONE', #2532 ) ;
#1023 = CARTESIAN_POINT ( 'NONE',  ( -29.99999999999999645, 11.92994097881540760, 0.6124454036115356548 ) ) ;
#1024 = CARTESIAN_POINT ( 'NONE',  ( -20.43625442343196141, 24.75000000000000355, 0.5441321451403715592 ) ) ;
#1025 = ORIENTED_EDGE ( 'NONE', *, *, #2672, .T. ) ;
#1026 = CARTESIAN_POINT ( 'NONE',  ( 30.00000000000000355, 12.05176385592534949, 4.348128011147159633 ) ) ;
#1027 = DIRECTION ( 'NONE',  ( 1.000000000000000000, 0.000000000000000000, 0.000000000000000000 ) ) ;
#1028 = CARTESIAN_POINT ( 'NONE',  ( 20.10441493801796398, -24.74999999999998934, 4.500000000000001776 ) ) ;
#1029 = ORIENTED_EDGE ( 'NONE', *, *, #2505, .F. ) ;
#1030 = EDGE_CURVE ( 'NONE', #8, #3765, #2967, .T. ) ;
#1031 = ORIENTED_EDGE ( 'NONE', *, *, #93, .T. ) ;
#1032 = CARTESIAN_POINT ( 'NONE',  ( -26.00000000000000355, 7.347880794884118750E-16, 0.000000000000000000 ) ) ;
#1033 = ORIENTED_EDGE ( 'NONE', *, *, #3352, .T. ) ;
#1034 = VERTEX_POINT ( 'NONE', #2519 ) ;
#1035 = CARTESIAN_POINT ( 'NONE',  ( -20.95643676561353530, 24.54423573359358812, 4.646903943660858793 ) ) ;
#1036 = CARTESIAN_POINT ( 'NONE',  ( -20.64321322807697712, 24.43698985532770962, 0.09014665480481040549 ) ) ;
#1037 = CARTESIAN_POINT ( 'NONE',  ( 30.00000000000000000, 11.99968898487548508, 4.631734799672332592 ) ) ;
#1038 = DIRECTION ( 'NONE',  ( -0.000000000000000000, -0.000000000000000000, -1.000000000000000000 ) ) ;
#1039 = EDGE_CURVE ( 'NONE', #3786, #290, #3252, .T. ) ;
#1040 = CARTESIAN_POINT ( 'NONE',  ( -29.99999999999999645, -11.59875833028599779, 0.1823458798628049549 ) ) ;
#1041 = PERSON_AND_ORGANIZATION ( #3920, #1871 ) ;
#1042 = CARTESIAN_POINT ( 'NONE',  ( 30.00000000000000355, -11.67833703512387800, 4.448711854576866465 ) ) ;
#1043 = AXIS2_PLACEMENT_3D ( 'NONE', #3311, #2666, #2709 ) ;
#1044 = FACE_OUTER_BOUND ( 'NONE', #1112, .T. ) ;
#1045 = CARTESIAN_POINT ( 'NONE',  ( -26.50000000000000355, -12.96148139681570832, 3.500000000000000000 ) ) ;
#1046 = AXIS2_PLACEMENT_3D ( 'NONE', #2409, #2376, #543 ) ;
#1047 = DIRECTION ( 'NONE',  ( -0.000000000000000000, 0.000000000000000000, -1.000000000000000000 ) ) ;
#1048 = LINE ( 'NONE', #3236, #419 ) ;
#1049 = CARTESIAN_POINT ( 'NONE',  ( 20.00000000000000000, 0.000000000000000000, 1.000000000000000000 ) ) ;
#1050 = CARTESIAN_POINT ( 'NONE',  ( 0.000000000000000000, 0.000000000000000000, 3.249999999999999556 ) ) ;
#1051 = TOROIDAL_SURFACE ( 'NONE', #3316, 30.50000000000000355, 1.000000000000000000 ) ;
#1052 = CARTESIAN_POINT ( 'NONE',  ( -21.17052738593573835, -24.61710341888423770, 4.285145817887298314 ) ) ;
#1053 = CARTESIAN_POINT ( 'NONE',  ( 20.10441493801796398, -24.74999999999998579, 5.000000000000000888 ) ) ;
#1054 = CIRCLE ( 'NONE', #1848, 32.50000000000000000 ) ;
#1055 = CARTESIAN_POINT ( 'NONE',  ( -21.06470849954795810, -24.74999999999955236, 4.133762381477030345 ) ) ;
#1056 = CARTESIAN_POINT ( 'NONE',  ( 29.92223144647000765, 12.46517063472463249, 4.410972538273606247 ) ) ;
#1057 = FACE_OUTER_BOUND ( 'NONE', #1369, .T. ) ;
#1058 = CARTESIAN_POINT ( 'NONE',  ( -26.50000000000000355, -12.96148139681570832, 1.000000000000000000 ) ) ;
#1059 = CARTESIAN_POINT ( 'NONE',  ( 0.000000000000000000, 1.040834085586084257E-14, 3.500000000000000000 ) ) ;
#1060 = CARTESIAN_POINT ( 'NONE',  ( 29.99999999999999645, 12.36985611482600689, 4.338919097244130718 ) ) ;
#1061 = VECTOR ( 'NONE', #2978, 1000.000000000000000 ) ;
#1062 = CARTESIAN_POINT ( 'NONE',  ( -21.20535255374716144, 24.62890625000000711, 4.000000000000000000 ) ) ;
#1063 = ORIENTED_EDGE ( 'NONE', *, *, #2843, .F. ) ;
#1064 = AXIS2_PLACEMENT_3D ( 'NONE', #259, #3358, #249 ) ;
#1065 = CARTESIAN_POINT ( 'NONE',  ( 20.46185475464040593, -21.24999999999998934, 1.000000000000000000 ) ) ;
#1066 = CARTESIAN_POINT ( 'NONE',  ( 21.15428779425665695, -24.61159645918939987, 4.335704574150779145 ) ) ;
#1067 = AXIS2_PLACEMENT_3D ( 'NONE', #2836, #3397, #3746 ) ;
#1068 = VERTEX_POINT ( 'NONE', #1649 ) ;
#1069 = CARTESIAN_POINT ( 'NONE',  ( -20.90055036300953972, -24.52509918603753292, 4.694268894985796692 ) ) ;
#1070 = DIRECTION ( 'NONE',  ( 1.000000000000000000, 0.000000000000000000, 0.000000000000000000 ) ) ;
#1071 = ORIENTED_EDGE ( 'NONE', *, *, #1223, .T. ) ;
#1072 = AXIS2_PLACEMENT_3D ( 'NONE', #1401, #3319, #1761 ) ;
#1073 = DIRECTION ( 'NONE',  ( -1.000000000000000000, 0.000000000000000000, 0.000000000000000000 ) ) ;
#1074 = DIRECTION ( 'NONE',  ( 1.000000000000000000, 0.000000000000000000, 0.000000000000000000 ) ) ;
#1075 = VERTEX_POINT ( 'NONE', #928 ) ;
#1076 = VERTEX_POINT ( 'NONE', #431 ) ;
#1077 = B_SPLINE_CURVE_WITH_KNOTS ( 'NONE', 3,
 ( #2900, #3617, #1717, #3277, #2355, #129, #1743, #445, #2314, #2671 ),
 .UNSPECIFIED., .F., .F.,
 ( 4, 2, 2, 2, 4 ),
 ( -6.607598541666468137E-06, 0.0008509356346941368034, 0.001279707251312042944, 0.001494093059620995581, 0.001708478867929948217 ),
 .UNSPECIFIED. ) ;
#1078 = CARTESIAN_POINT ( 'NONE',  ( 30.00000000000000355, 11.55387445731951246, 4.468241296092247516 ) ) ;
#1079 = PRODUCT_RELATED_PRODUCT_CATEGORY ( 'detail', '', ( #842 ) ) ;
#1080 = CARTESIAN_POINT ( 'NONE',  ( -20.10441493801796398, -24.24999999999999645, 0.000000000000000000 ) ) ;
#1081 = ORIENTED_EDGE ( 'NONE', *, *, #3776, .F. ) ;
#1082 = ORIENTED_EDGE ( 'NONE', *, *, #2656, .F. ) ;
#1083 = CARTESIAN_POINT ( 'NONE',  ( 0.000000000000000000, 0.000000000000000000, 0.000000000000000000 ) ) ;
#1084 = CARTESIAN_POINT ( 'NONE',  ( -30.00000000000000000, -11.32434344573244367, 0.08411405904835025926 ) ) ;
#1085 = ORIENTED_EDGE ( 'NONE', *, *, #2485, .T. ) ;
#1086 = CARTESIAN_POINT ( 'NONE',  ( 29.54890024989253305, 11.21258239209862850, 5.000000000000000888 ) ) ;
#1087 = CARTESIAN_POINT ( 'NONE',  ( -2.249999999999999556, 2.755455298081543792E-16, 3.249999999999999556 ) ) ;
#1088 = CARTESIAN_POINT ( 'NONE',  ( -26.50000000000000355, 6.224949798994363626, 2.500000000000000000 ) ) ;
#1089 = APPROVAL_DATE_TIME ( #2315, #3164 ) ;
#1090 = CARTESIAN_POINT ( 'NONE',  ( -26.38726954631022892, -6.500195563466346194, 2.966776379359154170 ) ) ;
#1091 = CARTESIAN_POINT ( 'NONE',  ( 20.64321322807698067, 24.43698985532772028, 4.909853345195190677 ) ) ;
#1092 = CARTESIAN_POINT ( 'NONE',  ( -21.20535255374716144, 24.62890625000000711, 5.000000000000000000 ) ) ;
#1093 = DIRECTION ( 'NONE',  ( 1.000000000000000000, 0.000000000000000000, 0.000000000000000000 ) ) ;
#1094 = FACE_OUTER_BOUND ( 'NONE', #629, .T. ) ;
#1095 = EDGE_CURVE ( 'NONE', #812, #2305, #904, .T. ) ;
#1096 = CARTESIAN_POINT ( 'NONE',  ( -29.83884714896786505, -12.18818584580098197, 0.3022135222892671225 ) ) ;
#1097 = CARTESIAN_POINT ( 'NONE',  ( 20.93161686653431985, -24.74999999999999289, 4.427948653667321821 ) ) ;
#1098 = AXIS2_PLACEMENT_3D ( 'NONE', #3759, #3835, #1073 ) ;
#1099 = FACE_OUTER_BOUND ( 'NONE', #2484, .T. ) ;
#1100 = DIRECTION ( 'NONE',  ( -0.000000000000000000, -0.000000000000000000, -1.000000000000000000 ) ) ;
#1101 = LINE ( 'NONE', #2915, #3728 ) ;
#1102 = AXIS2_PLACEMENT_3D ( 'NONE', #3355, #3394, #3978 ) ;
#1103 = CARTESIAN_POINT ( 'NONE',  ( -21.15481879943667920, 24.61177713183226601, 0.6652912172185243556 ) ) ;
#1104 = B_SPLINE_CURVE_WITH_KNOTS ( 'NONE', 3,
 ( #3205, #1310, #3179, #57, #34, #374, #700, #388, #1336, #359 ),
 .UNSPECIFIED., .F., .F.,
 ( 4, 2, 2, 2, 4 ),
 ( 0.000000000000000000, 0.0003956179769200491594, 0.0007912359538400983187, 0.001186853930760147424, 0.001582471907680196637 ),
 .UNSPECIFIED. ) ;
#1105 = FACE_OUTER_BOUND ( 'NONE', #3613, .T. ) ;
#1106 = CARTESIAN_POINT ( 'NONE',  ( -20.37383265806943200, -24.34406061972882895, 9.035018104045896579E-17 ) ) ;
#1107 = ORIENTED_EDGE ( 'NONE', *, *, #1030, .T. ) ;
#1108 = CIRCLE ( 'NONE', #1566, 1.000000000000000000 ) ;
#1109 = CARTESIAN_POINT ( 'NONE',  ( 30.00000000000001066, -11.30171898403665942, 4.500000000000001776 ) ) ;
#1110 = CARTESIAN_POINT ( 'NONE',  ( 20.81681051952899253, -24.74999999999999289, 4.571381791493159596 ) ) ;
#1111 = ORIENTED_EDGE ( 'NONE', *, *, #2296, .T. ) ;
#1112 = EDGE_LOOP ( 'NONE', ( #3856, #2881, #2008, #1615 ) ) ;
#1113 = CARTESIAN_POINT ( 'NONE',  ( -20.63051025135487038, -24.74999999999999645, 4.369456499733924026 ) ) ;
#1114 = CIRCLE ( 'NONE', #3633, 4.414213562373094035 ) ;
#1115 = ORIENTED_EDGE ( 'NONE', *, *, #59, .T. ) ;
#1116 = DIRECTION ( 'NONE',  ( 1.000000000000000000, 0.000000000000000000, 0.000000000000000000 ) ) ;
#1117 = CARTESIAN_POINT ( 'NONE',  ( -25.00000000000000000, 0.000000000000000000, 1.000000000000000000 ) ) ;
#1118 = CIRCLE ( 'NONE', #2875, 0.5000000000000004441 ) ;
#1119 = CARTESIAN_POINT ( 'NONE',  ( -20.84391318504352597, 24.75000000000000355, 0.8326456384181966097 ) ) ;
#1120 = ORIENTED_EDGE ( 'NONE', *, *, #1959, .F. ) ;
#1121 = EDGE_CURVE ( 'NONE', #3755, #2149, #80, .T. ) ;
#1122 = CARTESIAN_POINT ( 'NONE',  ( -20.73754322589130084, -24.75000000000000000, 0.7013481063990216757 ) ) ;
#1123 = VERTEX_POINT ( 'NONE', #405 ) ;
#1124 = ORIENTED_EDGE ( 'NONE', *, *, #3625, .F. ) ;
#1125 = B_SPLINE_CURVE_WITH_KNOTS ( 'NONE', 3,
 ( #710, #111, #94, #138, #3879, #3871, #1684, #2285, #1660, #2919, #412, #3825, #3227, #2599 ),
 .UNSPECIFIED., .F., .F.,
 ( 4, 2, 2, 2, 2, 2, 4 ),
 ( -6.920605271413219545E-06, 0.0003305574706357315446, 0.0006680355465428763689, 0.001342991698357163741, 0.002017947850171450570, 0.002355425926078595720, 0.002692904001985740436 ),
 .UNSPECIFIED. ) ;
#1126 = DIRECTION ( 'NONE',  ( -1.000000000000000000, 0.000000000000000000, 0.000000000000000000 ) ) ;
#1127 = DIRECTION ( 'NONE',  ( 0.000000000000000000, 0.000000000000000000, 1.000000000000000000 ) ) ;
#1128 = AXIS2_PLACEMENT_3D ( 'NONE', #3989, #3335, #2446 ) ;
#1129 = AXIS2_PLACEMENT_3D ( 'NONE', #3169, #322, #3195 ) ;
#1130 = ORIENTED_EDGE ( 'NONE', *, *, #2269, .F. ) ;
#1131 = ORIENTED_EDGE ( 'NONE', *, *, #3702, .F. ) ;
#1132 = CARTESIAN_POINT ( 'NONE',  ( 0.000000000000000000, 0.000000000000000000, 3.500000000000000000 ) ) ;
#1133 = DIRECTION ( 'NONE',  ( 0.000000000000000000, 0.000000000000000000, 1.000000000000000000 ) ) ;
#1134 = EDGE_LOOP ( 'NONE', ( #2892, #780, #2113, #3794 ) ) ;
#1135 = B_SPLINE_CURVE_WITH_KNOTS ( 'NONE', 3,
 ( #2959, #189, #2336, #2649, #1090, #1389, #802, #2074, #452, #513, #176, #3000 ),
 .UNSPECIFIED., .F., .F.,
 ( 4, 2, 2, 2, 2, 4 ),
 ( 0.000000000000000000, 0.0003422711562395044644, 0.0006845423124790089289, 0.001369084624958015689, 0.002053626937437022341, 0.002738169249916031379 ),
 .UNSPECIFIED. ) ;
#1136 = CARTESIAN_POINT ( 'NONE',  ( 26.50000000000000711, -12.96148139681570122, 3.500000000000000000 ) ) ;
#1137 = CARTESIAN_POINT ( 'NONE',  ( 30.00000000000000000, -12.22110475140611285, 0.7441498279720633047 ) ) ;
#1138 = ORIENTED_EDGE ( 'NONE', *, *, #3033, .F. ) ;
#1139 = CARTESIAN_POINT ( 'NONE',  ( -27.44187975448155470, 3.106869897831098459, 1.905824131322174993E-18 ) ) ;
#1140 = CARTESIAN_POINT ( 'NONE',  ( -20.10441493801797819, 24.25000000000000355, 0.5000000000000000000 ) ) ;
#1141 = CARTESIAN_POINT ( 'NONE',  ( 30.00000000000000355, -12.39959676763722918, 4.000000000000000000 ) ) ;
#1142 = ADVANCED_FACE ( 'NONE', ( #3298 ), #2139, .T. ) ;
#1143 = DIRECTION ( 'NONE',  ( -0.000000000000000000, 0.000000000000000000, 1.000000000000000000 ) ) ;
#1144 = EDGE_CURVE ( 'NONE', #3667, #3765, #2396, .T. ) ;
#1145 = PLANE ( 'NONE',  #2223 ) ;
#1146 = CIRCLE ( 'NONE', #3764, 7.500000000000000000 ) ;
#1147 = DIRECTION ( 'NONE',  ( 0.000000000000000000, 0.000000000000000000, -1.000000000000000000 ) ) ;
#1148 = AXIS2_PLACEMENT_3D ( 'NONE', #2738, #861, #3362 ) ;
#1149 = DIRECTION ( 'NONE',  ( -0.000000000000000000, -0.000000000000000000, -1.000000000000000000 ) ) ;
#1150 = ORIENTED_EDGE ( 'NONE', *, *, #1003, .T. ) ;
#1151 = DIRECTION ( 'NONE',  ( -0.000000000000000000, -0.000000000000000000, -1.000000000000000000 ) ) ;
#1152 = EDGE_CURVE ( 'NONE', #2916, #56, #1004, .T. ) ;
#1153 = CIRCLE ( 'NONE', #1072, 1.000000000000000000 ) ;
#1154 = CARTESIAN_POINT ( 'NONE',  ( 20.95667315207180792, -24.54431528419742392, 0.3536185111002794201 ) ) ;
#1155 = FACE_OUTER_BOUND ( 'NONE', #315, .T. ) ;
#1156 = CARTESIAN_POINT ( 'NONE',  ( 27.24002302631672734, -13.13167489826044232, 0.02579659220758626775 ) ) ;
#1157 = ORIENTED_EDGE ( 'NONE', *, *, #3273, .T. ) ;
#1158 = CARTESIAN_POINT ( 'NONE',  ( 20.10441493801796753, -24.74999999999998934, 0.5000000000000000000 ) ) ;
#1159 = CARTESIAN_POINT ( 'NONE',  ( 20.66691324496844118, 24.75000000000001421, 4.350554942714959239 ) ) ;
#1160 = CARTESIAN_POINT ( 'NONE',  ( 20.51342417587719424, 21.51660145710481586, 0.3510816226445659383 ) ) ;
#1161 = VECTOR ( 'NONE', #3845, 1000.000000000000000 ) ;
#1162 = AXIS2_PLACEMENT_3D ( 'NONE', #2966, #2668, #1394 ) ;
#1163 = FACE_OUTER_BOUND ( 'NONE', #3690, .T. ) ;
#1164 = CARTESIAN_POINT ( 'NONE',  ( 2.249999999999993783, 0.000000000000000000, 5.000000000000000000 ) ) ;
#1165 = DIRECTION ( 'NONE',  ( -0.000000000000000000, -0.000000000000000000, -1.000000000000000000 ) ) ;
#1166 = CARTESIAN_POINT ( 'NONE',  ( 26.10989971597210513, 12.87089211068910011, 3.303118119827488819 ) ) ;
#1167 = CYLINDRICAL_SURFACE ( 'NONE', #1829, 1.000000000000000000 ) ;
#1168 = ORIENTED_EDGE ( 'NONE', *, *, #876, .T. ) ;
#1169 = CARTESIAN_POINT ( 'NONE',  ( -20.43776190449462504, -24.74999999999999645, 4.455426912569434350 ) ) ;
#1170 = CARTESIAN_POINT ( 'NONE',  ( 0.000000000000000000, -72.30205676561914174, 3.500000000000000000 ) ) ;
#1171 = ORIENTED_EDGE ( 'NONE', *, *, #3003, .F. ) ;
#1172 = ORIENTED_EDGE ( 'NONE', *, *, #530, .T. ) ;
#1173 = DIRECTION ( 'NONE',  ( 1.000000000000000000, 0.000000000000000000, 0.000000000000000000 ) ) ;
#1174 = DIRECTION ( 'NONE',  ( 1.000000000000000000, -3.552713678800500929E-15, 0.000000000000000000 ) ) ;
#1175 = EDGE_CURVE ( 'NONE', #3392, #1034, #955, .T. ) ;
#1176 = ORIENTED_EDGE ( 'NONE', *, *, #3936, .T. ) ;
#1177 = CARTESIAN_POINT ( 'NONE',  ( -27.50000000000000355, -13.19090595827291068, 0.000000000000000000 ) ) ;
#1178 = CARTESIAN_POINT ( 'NONE',  ( 20.00000000000000000, 0.000000000000000000, 2.000000000000000000 ) ) ;
#1179 = EDGE_LOOP ( 'NONE', ( #1655, #3207 ) ) ;
#1180 = EDGE_LOOP ( 'NONE', ( #902, #389, #3278, #454 ) ) ;
#1181 = VERTEX_POINT ( 'NONE', #996 ) ;
#1182 = ADVANCED_FACE ( 'NONE', ( #1105 ), #715, .F. ) ;
#1183 = AXIS2_PLACEMENT_3D ( 'NONE', #1406, #2004, #3591 ) ;
#1184 = CARTESIAN_POINT ( 'NONE',  ( 20.90055036300960012, -24.52509918603757555, 0.3057311050142888509 ) ) ;
#1185 = ORIENTED_EDGE ( 'NONE', *, *, #3776, .T. ) ;
#1186 = CARTESIAN_POINT ( 'NONE',  ( -20.10441493801795687, -24.74999999999999645, 0.4999999999999987232 ) ) ;
#1187 = EDGE_CURVE ( 'NONE', #2305, #812, #231, .T. ) ;
#1188 = APPROVAL_DATE_TIME ( #2845, #2828 ) ;
#1189 = DIRECTION ( 'NONE',  ( -1.000000000000000000, 0.000000000000000000, 0.000000000000000000 ) ) ;
#1190 = CARTESIAN_POINT ( 'NONE',  ( 21.17052738593574901, -24.61710341888422349, 0.7148541821127051277 ) ) ;
#1191 = VECTOR ( 'NONE', #150, 1000.000000000000000 ) ;
#1192 = DIRECTION ( 'NONE',  ( -0.000000000000000000, -0.000000000000000000, -1.000000000000000000 ) ) ;
#1193 = CARTESIAN_POINT ( 'NONE',  ( 20.77479861019976326, -24.74999999999998934, 0.3867420204012587681 ) ) ;
#1194 = DIRECTION ( 'NONE',  ( -0.000000000000000000, 0.000000000000000000, 1.000000000000000000 ) ) ;
#1195 = LINE ( 'NONE', #2475, #1390 ) ;
#1196 = EDGE_CURVE ( 'NONE', #3137, #85, #1346, .T. ) ;
#1197 = DIRECTION ( 'NONE',  ( -0.000000000000000000, -1.000000000000000000, -0.000000000000000000 ) ) ;
#1198 = CYLINDRICAL_SURFACE ( 'NONE', #1129, 7.500000000000000000 ) ;
#1199 = CARTESIAN_POINT ( 'NONE',  ( -26.79311564764923048, -5.448315310755321939, 0.2881893619572990506 ) ) ;
#1200 = DIRECTION ( 'NONE',  ( -1.000000000000000000, 0.000000000000000000, 0.000000000000000000 ) ) ;
#1201 = ADVANCED_FACE ( 'NONE', ( #584 ), #2265, .T. ) ;
#1202 = AXIS2_PLACEMENT_3D ( 'NONE', #2486, #1262, #918 ) ;
#1203 = CARTESIAN_POINT ( 'NONE',  ( -29.99999999999999289, 12.50040649745545096, 3.999999999999998224 ) ) ;
#1204 = FACE_OUTER_BOUND ( 'NONE', #1609, .T. ) ;
#1205 = CARTESIAN_POINT ( 'NONE',  ( -20.00000000000000000, 0.000000000000000000, 1.000000000000000000 ) ) ;
#1206 = FACE_OUTER_BOUND ( 'NONE', #3261, .T. ) ;
#1207 = CARTESIAN_POINT ( 'NONE',  ( 20.84363052971873387, -24.74999999999998934, 0.8323269888893410906 ) ) ;
#1208 = CARTESIAN_POINT ( 'NONE',  ( 30.00000000000000355, -12.50040615983027870, 0.8992767158337335864 ) ) ;
#1209 = ORIENTED_EDGE ( 'NONE', *, *, #3406, .F. ) ;
#1210 = CIRCLE ( 'NONE', #3708, 0.5000000000000004441 ) ;
#1211 = CARTESIAN_POINT ( 'NONE',  ( 0.000000000000000000, 1.040834085586084257E-14, 1.000000000000000000 ) ) ;
#1212 = ORIENTED_EDGE ( 'NONE', *, *, #1870, .T. ) ;
#1213 = CIRCLE ( 'NONE', #3010, 1.000000000000000000 ) ;
#1214 = ORIENTED_EDGE ( 'NONE', *, *, #1876, .T. ) ;
#1215 = CARTESIAN_POINT ( 'NONE',  ( 0.000000000000000000, 0.000000000000000000, 4.707106781186547906 ) ) ;
#1216 = CARTESIAN_POINT ( 'NONE',  ( 8.500000000000000000, 1.040949779275250140E-15, 3.500000000000000000 ) ) ;
#1217 = ORIENTED_EDGE ( 'NONE', *, *, #1152, .F. ) ;
#1218 = ADVANCED_FACE ( 'NONE', ( #2185 ), #2429, .T. ) ;
#1219 = CARTESIAN_POINT ( 'NONE',  ( 30.00000000000000355, 11.04536101718727004, 0.000000000000000000 ) ) ;
#1220 = CARTESIAN_POINT ( 'NONE',  ( 29.59812317778685653, 11.37972896665532474, 0.01625307248177840225 ) ) ;
#1221 = ORIENTED_EDGE ( 'NONE', *, *, #3513, .F. ) ;
#1222 = ORIENTED_EDGE ( 'NONE', *, *, #415, .T. ) ;
#1223 = EDGE_CURVE ( 'NONE', #3755, #2937, #1077, .T. ) ;
#1224 = CARTESIAN_POINT ( 'NONE',  ( -20.66696653399086614, 24.75000000000000355, 4.350521399541840140 ) ) ;
#1225 = ORIENTED_EDGE ( 'NONE', *, *, #1003, .F. ) ;
#1226 = ORIENTED_EDGE ( 'NONE', *, *, #1223, .F. ) ;
#1227 = CARTESIAN_POINT ( 'NONE',  ( 20.27265739383156173, 24.75000000000001066, 4.491434664757863793 ) ) ;
#1228 = CARTESIAN_POINT ( 'NONE',  ( -29.54891267351987949, -11.21262487646272454, 5.000000000000019540 ) ) ;
#1229 = CARTESIAN_POINT ( 'NONE',  ( 26.54448323470714044, -6.113328730587679338, 0.6965572120887152385 ) ) ;
#1230 = PRODUCT_DEFINITION ( '未知', '', #2758, #1403 ) ;
#1231 = CARTESIAN_POINT ( 'NONE',  ( 30.00000000000000355, 11.32434344573232465, 0.08411405904834695635 ) ) ;
#1232 = CARTESIAN_POINT ( 'NONE',  ( -20.10441493801797819, 24.75000000000000355, 0.4999999999999995559 ) ) ;
#1233 =( BOUNDED_SURFACE ( )  B_SPLINE_SURFACE ( 3, 2, ( 
 ( #462, #2344, #2358 ),
 ( #2661, #1055, #1996 ),
 ( #758, #3279, #2971 ),
 ( #3900, #173, #1689 ),
 ( #2316, #2984, #448 ),
 ( #495, #2630, #1069 ),
 ( #1113, #1485, #3038 ),
 ( #3620, #199, #227 ),
 ( #1169, #2070, #3939 ),
 ( #3664, #3317, #254 ),
 ( #1770, #1440, #3924 ),
 ( #3647, #2388, #2097 ) ),
 .UNSPECIFIED., .F., .F., .T. ) 
 B_SPLINE_SURFACE_WITH_KNOTS ( ( 4, 2, 2, 2, 2, 4 ),
 ( 3, 3 ),
 ( 0.001242592985364988434, 0.001493387701864373144, 0.001618785060114065390, 0.001744182418363757637, 0.001994977134863142564, 0.002245771851362527056 ),
 ( 0.000000000000000000, 1.000000000000000000 ),
 .UNSPECIFIED. ) 
 GEOMETRIC_REPRESENTATION_ITEM ( )  RATIONAL_B_SPLINE_SURFACE ( (
 ( 1.000000000000000000, 0.9375000000000001110, 1.000000000000000000),
 ( 1.000000000000000000, 0.9376738745073887049, 1.000000000000000000),
 ( 1.000000000000000000, 0.9283529711568258014, 1.000000000000000000),
 ( 1.000000000000000000, 0.9071426659871640874, 1.000000000000000000),
 ( 1.000000000000000000, 0.8987311103604582740, 1.000000000000000000),
 ( 1.000000000000000000, 0.8804446648168897660, 1.000000000000000000),
 ( 1.000000000000000000, 0.8705309043489628529, 1.000000000000000000),
 ( 1.000000000000000000, 0.8386399646637836547, 1.000000000000000000),
 ( 1.000000000000000000, 0.8149489645266189131, 1.000000000000000000),
 ( 1.000000000000000000, 0.7641231362945511973, 1.000000000000000000),
 ( 1.000000000000000000, 0.7365260871200791648, 1.000000000000000000),
 ( 1.000000000000000000, 0.7071067811865475727, 1.000000000000000000) ) ) 
 REPRESENTATION_ITEM ( '' )  SURFACE ( )  );
#1234 = CIRCLE ( 'NONE', #889, 0.5000000000000004441 ) ;
#1235 = CARTESIAN_POINT ( 'NONE',  ( -29.99999999999999645, -11.55294867709917384, 4.468381943702647519 ) ) ;
#1236 = CARTESIAN_POINT ( 'NONE',  ( 20.47049974879018563, 21.29438035075062530, 0.7179736286347893071 ) ) ;
#1237 = ADVANCED_FACE ( 'NONE', ( #531 ), #3343, .T. ) ;
#1238 = FACE_OUTER_BOUND ( 'NONE', #2502, .T. ) ;
#1239 = CARTESIAN_POINT ( 'NONE',  ( -29.49999999999999645, 11.04536101718728780, 5.000000000000000000 ) ) ;
#1240 = CARTESIAN_POINT ( 'NONE',  ( 26.84537413388981975, -5.297757767260019790, 0.2414276399975282261 ) ) ;
#1241 = CIRCLE ( 'NONE', #3732, 28.50000000000000000 ) ;
#1242 = DIRECTION ( 'NONE',  ( 1.000000000000000000, 0.000000000000000000, 0.000000000000000000 ) ) ;
#1243 = EDGE_CURVE ( 'NONE', #1900, #3413, #3929, .T. ) ;
#1244 = LINE ( 'NONE', #1704, #3481 ) ;
#1245 = CARTESIAN_POINT ( 'NONE',  ( 29.89838505299280413, -12.38606864733275970, 0.4882486738966576589 ) ) ;
#1246 = CARTESIAN_POINT ( 'NONE',  ( 0.000000000000000000, -72.30205676561914174, 1.000000000000000000 ) ) ;
#1247 = CARTESIAN_POINT ( 'NONE',  ( 0.000000000000000000, -72.30205676561914174, 3.500000000000000000 ) ) ;
#1248 = VECTOR ( 'NONE', #1453, 1000.000000000000000 ) ;
#1249 = CARTESIAN_POINT ( 'NONE',  ( -21.06470832816883387, 24.75000000000060396, 4.134669475029488339 ) ) ;
#1250 = AXIS2_PLACEMENT_3D ( 'NONE', #235, #2733, #4002 ) ;
#1251 = CARTESIAN_POINT ( 'NONE',  ( 20.66723811406380307, 24.75000000000001066, 4.350346466725715011 ) ) ;
#1252 = EDGE_LOOP ( 'NONE', ( #2205, #3124, #1657, #1007 ) ) ;
#1253 = ADVANCED_FACE ( 'NONE', ( #2771 ), #31, .T. ) ;
#1254 = CIRCLE ( 'NONE', #1679, 1.000000000000000000 ) ;
#1255 = CARTESIAN_POINT ( 'NONE',  ( 29.71138743825551387, 11.76184345385592955, 0.1025763129862966860 ) ) ;
#1256 = CARTESIAN_POINT ( 'NONE',  ( -29.49999999999999645, 12.39959676763726470, 5.000000000000000000 ) ) ;
#1257 = EDGE_LOOP ( 'NONE', ( #958, #3414 ) ) ;
#1258 = ORIENTED_EDGE ( 'NONE', *, *, #1354, .F. ) ;
#1259 = CARTESIAN_POINT ( 'NONE',  ( 30.00000000000000000, -11.99968898487557389, 0.3682652003276968289 ) ) ;
#1260 = ORIENTED_EDGE ( 'NONE', *, *, #1695, .F. ) ;
#1261 = CARTESIAN_POINT ( 'NONE',  ( -29.74152096264321798, 11.86300061458095456, 0.1367874314099846167 ) ) ;
#1262 = DIRECTION ( 'NONE',  ( 0.000000000000000000, -1.000000000000000000, 0.000000000000000000 ) ) ;
#1263 = CARTESIAN_POINT ( 'NONE',  ( -20.10441493801783253, 24.75000000000000711, 5.000000000000061284 ) ) ;
#1264 = ORIENTED_EDGE ( 'NONE', *, *, #1393, .F. ) ;
#1265 = DIRECTION ( 'NONE',  ( 0.000000000000000000, -1.000000000000000000, 0.000000000000000000 ) ) ;
#1266 = CARTESIAN_POINT ( 'NONE',  ( -26.50000000000000000, 12.96148139681572786, 2.633863449735150741 ) ) ;
#1267 = ORIENTED_EDGE ( 'NONE', *, *, #2817, .F. ) ;
#1268 = CARTESIAN_POINT ( 'NONE',  ( -29.99999999999999645, 11.04536101718727714, 4.500000000000000888 ) ) ;
#1269 = ORIENTED_EDGE ( 'NONE', *, *, #1431, .F. ) ;
#1270 = CARTESIAN_POINT ( 'NONE',  ( 30.00000000000000355, 11.04536101718727004, 0.5000000000000000000 ) ) ;
#1271 = CARTESIAN_POINT ( 'NONE',  ( 0.000000000000000000, 0.000000000000000000, 5.000000000000000000 ) ) ;
#1272 = AXIS2_PLACEMENT_3D ( 'NONE', #1800, #1745, #3291 ) ;
#1273 = CARTESIAN_POINT ( 'NONE',  ( -29.99999999999999645, 12.39959676763726470, 4.000000000000000000 ) ) ;
#1274 = CARTESIAN_POINT ( 'NONE',  ( -20.77440331110313565, -24.75000000000000000, 0.3863430788882133982 ) ) ;
#1275 = ORIENTED_EDGE ( 'NONE', *, *, #2869, .F. ) ;
#1276 = DIRECTION ( 'NONE',  ( 1.000000000000000000, 0.000000000000000000, 0.000000000000000000 ) ) ;
#1277 = ADVANCED_FACE ( 'NONE', ( #2522 ), #2818, .T. ) ;
#1278 = AXIS2_PLACEMENT_3D ( 'NONE', #2986, #1771, #1116 ) ;
#1279 = CARTESIAN_POINT ( 'NONE',  ( 21.06470841555298534, 24.75000000000015632, 4.133310124801087504 ) ) ;
#1280 = DIRECTION ( 'NONE',  ( -1.000000000000000000, 0.000000000000000000, 0.000000000000000000 ) ) ;
#1281 = CARTESIAN_POINT ( 'NONE',  ( 29.94867989015725485, 12.55279286903795288, 4.251478067006924100 ) ) ;
#1282 = PERSON_AND_ORGANIZATION ( #3920, #1871 ) ;
#1283 = AXIS2_PLACEMENT_3D ( 'NONE', #3538, #2614, #2909 ) ;
#1284 = DIRECTION ( 'NONE',  ( -7.008983741320432232E-17, -1.000000000000000000, 0.000000000000000000 ) ) ;
#1285 = CIRCLE ( 'NONE', #2930, 32.50000000000000000 ) ;
#1286 = CARTESIAN_POINT ( 'NONE',  ( 30.00000000000000355, -12.31230815609464102, 0.6016043937556667665 ) ) ;
#1287 = CIRCLE ( 'NONE', #2464, 0.5000000000000004441 ) ;
#1288 = CARTESIAN_POINT ( 'NONE',  ( 20.10441493801796753, -24.24999999999998934, 0.5000000000000000000 ) ) ;
#1289 = CARTESIAN_POINT ( 'NONE',  ( 21.20535255374723249, 24.62890625000001066, 3.999999999998194333 ) ) ;
#1290 = TOROIDAL_SURFACE ( 'NONE', #2069, 31.50000000000000000, 1.000000000000000000 ) ;
#1291 = CARTESIAN_POINT ( 'NONE',  ( 0.000000000000000000, 0.000000000000000000, 0.000000000000000000 ) ) ;
#1292 = ORIENTED_EDGE ( 'NONE', *, *, #1095, .T. ) ;
#1293 = FACE_OUTER_BOUND ( 'NONE', #1819, .T. ) ;
#1294 = ADVANCED_FACE ( 'NONE', ( #3782 ), #1451, .F. ) ;
#1295 = CARTESIAN_POINT ( 'NONE',  ( 0.000000000000000000, 1.040834085586084257E-14, 2.500000000000000000 ) ) ;
#1296 = CARTESIAN_POINT ( 'NONE',  ( 0.000000000000000000, 1.040834085586084257E-14, 5.000000000000000000 ) ) ;
#1297 = EDGE_CURVE ( 'NONE', #1759, #2408, #2652, .T. ) ;
#1298 = CYLINDRICAL_SURFACE ( 'NONE', #2954, 0.5000000000000004441 ) ;
#1299 = AXIS2_PLACEMENT_3D ( 'NONE', #1985, #1658, #1693 ) ;
#1300 = CARTESIAN_POINT ( 'NONE',  ( -20.33016662511608885, -24.74999999999999289, 0.08767676802140084158 ) ) ;
#1301 = CARTESIAN_POINT ( 'NONE',  ( 30.00000000000000711, 11.55539428698874360, 4.478718117509919772 ) ) ;
#1302 = ORIENTED_EDGE ( 'NONE', *, *, #1959, .T. ) ;
#1303 = ORIENTED_EDGE ( 'NONE', *, *, #102, .T. ) ;
#1304 = CARTESIAN_POINT ( 'NONE',  ( 20.87911628131965358, 24.75000000000001066, 4.085141143082695159 ) ) ;
#1305 = CARTESIAN_POINT ( 'NONE',  ( -20.34157924866672928, 24.33260550760629215, 0.01713069263507338916 ) ) ;
#1306 = CARTESIAN_POINT ( 'NONE',  ( 29.96093750000000355, 12.59334046713157740, 4.000000000000001776 ) ) ;
#1307 = AXIS2_PLACEMENT_3D ( 'NONE', #2753, #239, #2424 ) ;
#1308 = DIRECTION ( 'NONE',  ( 0.000000000000000000, 0.000000000000000000, -1.000000000000000000 ) ) ;
#1309 = ORIENTED_EDGE ( 'NONE', *, *, #508, .T. ) ;
#1310 = CARTESIAN_POINT ( 'NONE',  ( 26.49999999999999645, 12.96148139681571898, 0.8662074791071893154 ) ) ;
#1311 = ORIENTED_EDGE ( 'NONE', *, *, #1980, .T. ) ;
#1312 = CARTESIAN_POINT ( 'NONE',  ( 20.18780958359685584, -24.74999999999998934, 4.500000001256937665 ) ) ;
#1313 = EDGE_CURVE ( 'NONE', #2601, #2579, #484, .T. ) ;
#1314 = EDGE_LOOP ( 'NONE', ( #2249, #3037, #1410, #109 ) ) ;
#1315 = CARTESIAN_POINT ( 'NONE',  ( 30.00000000000000355, -12.27481605397385778, 4.219917140448103510 ) ) ;
#1316 = CARTESIAN_POINT ( 'NONE',  ( -20.63018160987145322, -24.74999999999999645, 0.6303341266846862467 ) ) ;
#1317 = CARTESIAN_POINT ( 'NONE',  ( -20.10441493801797819, 24.25000000000000355, 5.000000000000000000 ) ) ;
#1318 = ORIENTED_EDGE ( 'NONE', *, *, #1774, .T. ) ;
#1319 = CARTESIAN_POINT ( 'NONE',  ( -21.20535255374716499, 24.62890625000001421, 0.8569793661163599419 ) ) ;
#1320 = CARTESIAN_POINT ( 'NONE',  ( -20.10441493801796042, -24.24999999999999645, 0.5000000000000000000 ) ) ;
#1321 = ORIENTED_EDGE ( 'NONE', *, *, #2824, .T. ) ;
#1322 = ORIENTED_EDGE ( 'NONE', *, *, #2117, .F. ) ;
#1323 = EDGE_CURVE ( 'NONE', #686, #2062, #130, .T. ) ;
#1324 = CARTESIAN_POINT ( 'NONE',  ( -27.50000000000000355, 2.783882181415024082, 0.000000000000000000 ) ) ;
#1325 = CARTESIAN_POINT ( 'NONE',  ( 25.50000000000000355, -12.72792206135783744, 3.500000000000000000 ) ) ;
#1326 = CARTESIAN_POINT ( 'NONE',  ( -29.99999999999999645, 12.05425820925901803, 0.6529003308071331668 ) ) ;
#1327 = CARTESIAN_POINT ( 'NONE',  ( 29.96093750000000355, -12.59334046713155963, 4.000000000000000000 ) ) ;
#1328 = CARTESIAN_POINT ( 'NONE',  ( -29.92227353309966631, 12.46531005552436966, 0.5892557577429861082 ) ) ;
#1329 = FACE_OUTER_BOUND ( 'NONE', #3165, .T. ) ;
#1330 = CARTESIAN_POINT ( 'NONE',  ( -29.96093749999999645, 12.59334046713159516, 1.000000000000000888 ) ) ;
#1331 = CARTESIAN_POINT ( 'NONE',  ( -29.99999999999999645, -11.04536101718726471, 4.500000000000000888 ) ) ;
#1332 = CARTESIAN_POINT ( 'NONE',  ( 29.89838505299260163, 12.38606864733285029, 4.511751326103584425 ) ) ;
#1333 = TOROIDAL_SURFACE ( 'NONE', #3686, 9.999999999999998224, 1.000000000000000000 ) ;
#1334 = CARTESIAN_POINT ( 'NONE',  ( -20.00000000000000000, 0.000000000000000000, 2.000000000000000000 ) ) ;
#1335 = ADVANCED_FACE ( 'NONE', ( #1398 ), #765, .F. ) ;
#1336 = CARTESIAN_POINT ( 'NONE',  ( 27.37141016041161734, 13.16165848194017052, -5.015442563508426416E-34 ) ) ;
#1337 = CARTESIAN_POINT ( 'NONE',  ( 20.10441493801796398, -24.24999999999998934, 5.000000000000000888 ) ) ;
#1338 = FACE_OUTER_BOUND ( 'NONE', #1257, .T. ) ;
#1339 = CARTESIAN_POINT ( 'NONE',  ( 30.00000000000000000, -12.46351924468805983, 4.192336443667220358 ) ) ;
#1340 = CARTESIAN_POINT ( 'NONE',  ( -26.50000000000000711, 12.96148139681573142, 0.8662132193936289415 ) ) ;
#1341 = CARTESIAN_POINT ( 'NONE',  ( 30.00000000000000711, 11.30182122202329431, 4.500000000000000888 ) ) ;
#1342 = CIRCLE ( 'NONE', #3629, 31.50000000000000000 ) ;
#1343 = CARTESIAN_POINT ( 'NONE',  ( -29.99999999999999645, 11.04536101718687213, -1.249000902703301108E-13 ) ) ;
#1344 = CARTESIAN_POINT ( 'NONE',  ( -21.17122122254215100, 24.61733923528092660, 0.7164796392146344228 ) ) ;
#1345 = EDGE_CURVE ( 'NONE', #3618, #3716, #2862, .T. ) ;
#1346 = LINE ( 'NONE', #3525, #1161 ) ;
#1347 = CARTESIAN_POINT ( 'NONE',  ( 4.414213562373094035, 0.000000000000000000, 4.000000000000000000 ) ) ;
#1348 = CARTESIAN_POINT ( 'NONE',  ( 20.44365038746828844, 24.75000000000000711, 0.5329298227991967618 ) ) ;
#1349 = AXIS2_PLACEMENT_3D ( 'NONE', #1170, #801, #2481 ) ;
#1350 = CARTESIAN_POINT ( 'NONE',  ( -20.46363317211161359, 21.25910796357783283, 0.8566165101449958463 ) ) ;
#1351 = FACE_OUTER_BOUND ( 'NONE', #2590, .T. ) ;
#1352 = CARTESIAN_POINT ( 'NONE',  ( -29.99999999999999645, -12.39959676763723628, 1.000000000000001332 ) ) ;
#1353 = VERTEX_POINT ( 'NONE', #3661 ) ;
#1354 = EDGE_CURVE ( 'NONE', #3670, #2739, #3106, .T. ) ;
#1355 = VECTOR ( 'NONE', #2584, 1000.000000000000000 ) ;
#1356 = CARTESIAN_POINT ( 'NONE',  ( 29.99999999999999645, -11.73371889684594116, 4.763870735119566824 ) ) ;
#1357 = ORIENTED_EDGE ( 'NONE', *, *, #561, .F. ) ;
#1358 = CARTESIAN_POINT ( 'NONE',  ( -29.95549606040569657, 12.57534234997754830, 0.8245861245228494063 ) ) ;
#1359 = CARTESIAN_POINT ( 'NONE',  ( -29.99999999999999645, 11.04536101718691832, 0.5000000000000000000 ) ) ;
#1360 = VERTEX_POINT ( 'NONE', #3959 ) ;
#1361 = CARTESIAN_POINT ( 'NONE',  ( 29.83948348951230400, 12.19030428973808533, 4.696255961452940220 ) ) ;
#1362 = APPROVAL ( #3569, '未指定' ) ;
#1363 = CARTESIAN_POINT ( 'NONE',  ( 27.37187209663019516, -3.427494313359289002, 0.007660550257486263559 ) ) ;
#1364 = ORIENTED_EDGE ( 'NONE', *, *, #3805, .T. ) ;
#1365 = CARTESIAN_POINT ( 'NONE',  ( -20.43604334551401180, 24.75000000000000711, 0.5440734644672272635 ) ) ;
#1366 = ORIENTED_EDGE ( 'NONE', *, *, #2276, .T. ) ;
#1367 = CARTESIAN_POINT ( 'NONE',  ( -29.79583414232509853, -12.04474196411476505, 0.2222524313453398681 ) ) ;
#1368 = ORIENTED_EDGE ( 'NONE', *, *, #2245, .F. ) ;
#1369 = EDGE_LOOP ( 'NONE', ( #2985, #3862, #3501, #2677 ) ) ;
#1370 = CARTESIAN_POINT ( 'NONE',  ( 29.87282059724889294, 12.30120194280004498, 4.610586922780137265 ) ) ;
#1371 = ORIENTED_EDGE ( 'NONE', *, *, #604, .F. ) ;
#1372 = CARTESIAN_POINT ( 'NONE',  ( -21.06389090362936045, -24.24999999999999645, 0.000000000000000000 ) ) ;
#1373 = EDGE_LOOP ( 'NONE', ( #1019, #552 ) ) ;
#1374 = CARTESIAN_POINT ( 'NONE',  ( -20.46185475464040593, -21.24999999999998934, 3.500000000000000000 ) ) ;
#1375 = CARTESIAN_POINT ( 'NONE',  ( -29.99999999999999645, 12.00202428952920464, 0.3695350042413678704 ) ) ;
#1376 = DIRECTION ( 'NONE',  ( -1.000000000000000000, 0.000000000000000000, 0.000000000000000000 ) ) ;
#1377 = ORIENTED_EDGE ( 'NONE', *, *, #3027, .T. ) ;
#1378 = DIRECTION ( 'NONE',  ( 1.000000000000000000, 0.000000000000000000, 0.000000000000000000 ) ) ;
#1379 = CARTESIAN_POINT ( 'NONE',  ( 27.43952052131793806, -3.106544077090629408, 0.001252496475929620011 ) ) ;
#1380 = EDGE_CURVE ( 'NONE', #145, #923, #324, .T. ) ;
#1381 = CARTESIAN_POINT ( 'NONE',  ( -20.23902799180567058, -24.29699686145529824, 5.000000000000000000 ) ) ;
#1382 = CARTESIAN_POINT ( 'NONE',  ( 0.000000000000000000, 0.000000000000000000, 5.000000000000001776 ) ) ;
#1383 = SHAPE_DEFINITION_REPRESENTATION ( #1399, #1494 ) ;
#1384 = CARTESIAN_POINT ( 'NONE',  ( 20.46185475464040593, 21.25000000000000711, 2.500000000000000000 ) ) ;
#1385 = LINE ( 'NONE', #1826, #2175 ) ;
#1386 = CARTESIAN_POINT ( 'NONE',  ( 20.10441493801797108, -24.24999999999998934, 0.000000000000000000 ) ) ;
#1387 = CARTESIAN_POINT ( 'NONE',  ( -20.67973710538569065, -22.41870810845564321, 0.000000000000000000 ) ) ;
#1388 = AXIS2_PLACEMENT_3D ( 'NONE', #3499, #113, #2297 ) ;
#1389 = CARTESIAN_POINT ( 'NONE',  ( -26.27393029873733354, -6.766812686549024569, 3.149262379354528463 ) ) ;
#1390 = VECTOR ( 'NONE', #601, 1000.000000000000000 ) ;
#1391 = B_SPLINE_CURVE_WITH_KNOTS ( 'NONE', 3,
 ( #1080, #1106, #2682, #796, #3553, #2979, #3595, #2965 ),
 .UNSPECIFIED., .F., .F.,
 ( 4, 2, 2, 4 ),
 ( 0.000000000000000000, 0.0008511864959998442564, 0.001276779743999765029, 0.001702372991999685911 ),
 .UNSPECIFIED. ) ;
#1392 = DIRECTION ( 'NONE',  ( 0.000000000000000000, 0.000000000000000000, -1.000000000000000000 ) ) ;
#1393 = EDGE_CURVE ( 'NONE', #8, #727, #2088, .T. ) ;
#1394 = DIRECTION ( 'NONE',  ( -1.000000000000000000, 0.000000000000000000, 0.000000000000000000 ) ) ;
#1395 = CIRCLE ( 'NONE', #1438, 29.50000000000000355 ) ;
#1396 = CARTESIAN_POINT ( 'NONE',  ( -29.99999999999999289, -12.36906826475957999, 0.6600247406196712019 ) ) ;
#1397 = DIRECTION ( 'NONE',  ( 0.000000000000000000, -1.000000000000000000, 0.000000000000000000 ) ) ;
#1398 = FACE_OUTER_BOUND ( 'NONE', #2135, .T. ) ;
#1399 = PRODUCT_DEFINITION_SHAPE ( 'NONE', 'NONE',  #1230 ) ;
#1400 = CARTESIAN_POINT ( 'NONE',  ( 29.59801634516817614, 11.37937063805047444, 4.983872658323496019 ) ) ;
#1401 = CARTESIAN_POINT ( 'NONE',  ( 10.00000000000000178, 0.000000000000000000, 2.500000000000000000 ) ) ;
#1402 = CARTESIAN_POINT ( 'NONE',  ( -26.47909200665550600, 6.277176924157109816, 2.723054984720213234 ) ) ;
#1403 = DESIGN_CONTEXT ( 'detailed design', #1728, 'design' ) ;
#1404 = FACE_OUTER_BOUND ( 'NONE', #2103, .T. ) ;
#1405 = PLANE ( 'NONE',  #3382 ) ;
#1406 = CARTESIAN_POINT ( 'NONE',  ( 0.000000000000000000, 1.040834085586084257E-14, 4.000000000000000000 ) ) ;
#1407 = EDGE_CURVE ( 'NONE', #1849, #1618, #1444, .T. ) ;
#1408 = DIRECTION ( 'NONE',  ( 0.000000000000000000, 0.000000000000000000, 1.000000000000000000 ) ) ;
#1409 = LINE ( 'NONE', #2421, #3837 ) ;
#1410 = ORIENTED_EDGE ( 'NONE', *, *, #3827, .T. ) ;
#1411 = APPROVAL_STATUS ( 'not_yet_approved' ) ;
#1412 = CARTESIAN_POINT ( 'NONE',  ( -20.10441493801796398, -24.24999999999999645, 5.000000000000000000 ) ) ;
#1413 = CARTESIAN_POINT ( 'NONE',  ( 0.000000000000000000, 1.040834085586084257E-14, 4.000000000000000000 ) ) ;
#1414 = AXIS2_PLACEMENT_3D ( 'NONE', #1804, #883, #1582 ) ;
#1415 = ORIENTED_EDGE ( 'NONE', *, *, #238, .T. ) ;
#1416 = CARTESIAN_POINT ( 'NONE',  ( 0.000000000000000000, 1.040834085586084257E-14, 3.500000000000000000 ) ) ;
#1417 = VERTEX_POINT ( 'NONE', #3372 ) ;
#1418 = CARTESIAN_POINT ( 'NONE',  ( -25.99847826351362201, -12.84490757249959358, 3.376451039182206237 ) ) ;
#1419 = ORIENTED_EDGE ( 'NONE', *, *, #308, .F. ) ;
#1420 = ORIENTED_EDGE ( 'NONE', *, *, #1121, .F. ) ;
#1421 = CARTESIAN_POINT ( 'NONE',  ( -21.06470850604033629, 24.75000000000000355, 1.000000000001415312 ) ) ;
#1422 = B_SPLINE_CURVE_WITH_KNOTS ( 'NONE', 3,
 ( #2298, #785, #1052, #3276, #2925, #2628, #3540, #3247, #1381, #1412 ),
 .UNSPECIFIED., .F., .F.,
 ( 4, 2, 2, 2, 4 ),
 ( 0.000000000000000000, 0.0004280943773094041094, 0.0008561887546188082189, 0.001284283131928212274, 0.001712377509237616438 ),
 .UNSPECIFIED. ) ;
#1423 = ORIENTED_EDGE ( 'NONE', *, *, #1616, .T. ) ;
#1424 = CARTESIAN_POINT ( 'NONE',  ( 20.42817875919963910, -21.07832560840044778, 3.039806572120651307 ) ) ;
#1425 = CARTESIAN_POINT ( 'NONE',  ( -26.56641975407591971, 6.057609379674548933, 0.6372207063256694060 ) ) ;
#1426 = CARTESIAN_POINT ( 'NONE',  ( 20.87911629906088251, -24.74999999999998934, 4.086346567344172342 ) ) ;
#1427 = ORIENTED_EDGE ( 'NONE', *, *, #47, .F. ) ;
#1428 = ORIENTED_EDGE ( 'NONE', *, *, #3597, .F. ) ;
#1429 = CARTESIAN_POINT ( 'NONE',  ( -25.50000000000000355, 0.000000000000000000, 3.500000000000000000 ) ) ;
#1430 = ORIENTED_EDGE ( 'NONE', *, *, #3906, .F. ) ;
#1431 = EDGE_CURVE ( 'NONE', #2868, #3137, #2962, .T. ) ;
#1432 = CARTESIAN_POINT ( 'NONE',  ( -20.84361540188659845, -24.74999999999999289, 0.8323107759897255820 ) ) ;
#1433 = FACE_OUTER_BOUND ( 'NONE', #1610, .T. ) ;
#1434 = EDGE_CURVE ( 'NONE', #1618, #2040, #3971, .T. ) ;
#1435 = APPROVAL_STATUS ( 'not_yet_approved' ) ;
#1436 = CARTESIAN_POINT ( 'NONE',  ( -25.50000000000000355, 0.000000000000000000, 2.500000000000000000 ) ) ;
#1437 = CARTESIAN_POINT ( 'NONE',  ( -27.50000000000000355, 0.000000000000000000, 1.000000000000000000 ) ) ;
#1438 = AXIS2_PLACEMENT_3D ( 'NONE', #525, #3954, #3421 ) ;
#1439 = CIRCLE ( 'NONE', #3711, 55.00000000000000711 ) ;
#1440 = CARTESIAN_POINT ( 'NONE',  ( -20.21876372514959286, -24.75000000000000000, 4.960077905343311500 ) ) ;
#1441 = LINE ( 'NONE', #1372, #2470 ) ;
#1442 = ORIENTED_EDGE ( 'NONE', *, *, #3118, .T. ) ;
#1443 = CARTESIAN_POINT ( 'NONE',  ( 30.00000000000000355, 12.22184126553436201, 0.7446354765926724850 ) ) ;
#1444 = B_SPLINE_CURVE_WITH_KNOTS ( 'NONE', 3,
 ( #2402, #533, #2095, #3347, #1166, #3339, #873, #3672, #2700, #2551 ),
 .UNSPECIFIED., .F., .F.,
 ( 4, 2, 2, 2, 4 ),
 ( -9.464072014280473853E-06, 0.0003891380981054785751, 0.0007877402682252376918, 0.001186342438344996754, 0.001584944608464755817 ),
 .UNSPECIFIED. ) ;
#1445 = CIRCLE ( 'NONE', #1518, 0.5000000000000004441 ) ;
#1446 = DIRECTION ( 'NONE',  ( -1.000000000000000000, 0.000000000000000000, 0.000000000000000000 ) ) ;
#1447 = VERTEX_POINT ( 'NONE', #1216 ) ;
#1448 = ADVANCED_FACE ( 'NONE', ( #1204 ), #372, .T. ) ;
#1449 = EDGE_CURVE ( 'NONE', #3786, #2096, #2337, .T. ) ;
#1450 = CARTESIAN_POINT ( 'NONE',  ( 20.44793170819102812, -21.17877776223022224, 2.850662371083944713 ) ) ;
#1451 = CONICAL_SURFACE ( 'NONE', #2694, 4.000000000000000000, 0.7853981633974479459 ) ;
#1452 = CARTESIAN_POINT ( 'NONE',  ( -26.99430149189200279, 4.842569014807665440, 0.1356910107250476338 ) ) ;
#1453 = DIRECTION ( 'NONE',  ( 0.000000000000000000, 0.000000000000000000, 1.000000000000000000 ) ) ;
#1454 = EDGE_CURVE ( 'NONE', #3756, #2448, #1930, .T. ) ;
#1455 = CARTESIAN_POINT ( 'NONE',  ( 26.49999999999999645, -12.96148139681569766, 0.8662074791071893154 ) ) ;
#1456 = CYLINDRICAL_SURFACE ( 'NONE', #158, 2.249999999999993783 ) ;
#1457 = EDGE_LOOP ( 'NONE', ( #1468, #2007, #3462, #1839 ) ) ;
#1458 = DIRECTION ( 'NONE',  ( 0.000000000000000000, 0.000000000000000000, -1.000000000000000000 ) ) ;
#1459 = CARTESIAN_POINT ( 'NONE',  ( 20.51738468962732753, 24.75000000000001776, 4.428456296544411863 ) ) ;
#1460 = DIRECTION ( 'NONE',  ( 0.000000000000000000, 0.000000000000000000, -1.000000000000000000 ) ) ;
#1461 = DIRECTION ( 'NONE',  ( 1.000000000000000000, 1.156482317317871478E-16, 0.000000000000000000 ) ) ;
#1462 = DIRECTION ( 'NONE',  ( 0.000000000000000000, 0.000000000000000000, -1.000000000000000000 ) ) ;
#1463 = ORIENTED_EDGE ( 'NONE', *, *, #2573, .F. ) ;
#1464 = EDGE_CURVE ( 'NONE', #1447, #1593, #3535, .T. ) ;
#1465 = CARTESIAN_POINT ( 'NONE',  ( -27.50000000000000355, 0.000000000000000000, 0.000000000000000000 ) ) ;
#1466 = CARTESIAN_POINT ( 'NONE',  ( 26.51108304341877542, 6.197434477117749196, 0.8352788195851712505 ) ) ;
#1467 = AXIS2_PLACEMENT_3D ( 'NONE', #39, #1265, #2814 ) ;
#1468 = ORIENTED_EDGE ( 'NONE', *, *, #4013, .F. ) ;
#1469 = DIRECTION ( 'NONE',  ( 0.000000000000000000, 0.000000000000000000, -1.000000000000000000 ) ) ;
#1470 = CARTESIAN_POINT ( 'NONE',  ( 0.000000000000000000, 0.000000000000000000, 0.000000000000000000 ) ) ;
#1471 = AXIS2_PLACEMENT_3D ( 'NONE', #1247, #3121, #3143 ) ;
#1472 = CARTESIAN_POINT ( 'NONE',  ( 27.50000000000000711, -13.19090595827290180, 0.000000000000000000 ) ) ;
#1473 = AXIS2_PLACEMENT_3D ( 'NONE', #3608, #1462, #559 ) ;
#1474 = ORIENTED_EDGE ( 'NONE', *, *, #321, .F. ) ;
#1475 = CARTESIAN_POINT ( 'NONE',  ( 20.51824091326730581, -24.74999999999998934, 0.5718648080194415062 ) ) ;
#1476 = VERTEX_POINT ( 'NONE', #3719 ) ;
#1477 = CARTESIAN_POINT ( 'NONE',  ( 30.00000000000001066, 12.36522254094958839, 0.8749268778415009162 ) ) ;
#1478 = ORIENTED_EDGE ( 'NONE', *, *, #1489, .T. ) ;
#1479 = DIRECTION ( 'NONE',  ( 1.156482317317873944E-16, -1.000000000000000000, 0.000000000000000000 ) ) ;
#1480 = ORIENTED_EDGE ( 'NONE', *, *, #1824, .T. ) ;
#1481 = ORIENTED_EDGE ( 'NONE', *, *, #3396, .T. ) ;
#1482 = CARTESIAN_POINT ( 'NONE',  ( 0.000000000000000000, -72.30205676561914174, 2.500000000000000000 ) ) ;
#1483 = CARTESIAN_POINT ( 'NONE',  ( 26.27391868357608828, 6.766839492108383425, 3.149276883475559785 ) ) ;
#1484 = ORIENTED_EDGE ( 'NONE', *, *, #952, .F. ) ;
#1485 = CARTESIAN_POINT ( 'NONE',  ( -20.77479861019968865, -24.75000000000000000, 4.613257979598856195 ) ) ;
#1486 = CIRCLE ( 'NONE', #568, 2.249999999999993783 ) ;
#1487 = CARTESIAN_POINT ( 'NONE',  ( -20.84440415020709736, 24.75000000000001421, 4.166679155088487185 ) ) ;
#1488 = DIRECTION ( 'NONE',  ( 0.000000000000000000, -1.000000000000000000, 0.000000000000000000 ) ) ;
#1489 = EDGE_CURVE ( 'NONE', #2491, #634, #1887, .T. ) ;
#1490 = CARTESIAN_POINT ( 'NONE',  ( 20.10441493801797108, 24.75000000000001066, 0.4999999999999995559 ) ) ;
#1491 = TOROIDAL_SURFACE ( 'NONE', #1733, 31.50000000000000000, 1.000000000000000000 ) ;
#1492 = AXIS2_PLACEMENT_3D ( 'NONE', #502, #3611, #2696 ) ;
#1493 = CARTESIAN_POINT ( 'NONE',  ( 20.47566149353727027, 21.32092757460316790, 0.6500385952655258759 ) ) ;
#1494 = ADVANCED_BREP_SHAPE_REPRESENTATION ( '后盖板', ( #3159, #2907 ), #2964 ) ;
#1495 = CARTESIAN_POINT ( 'NONE',  ( 26.94572653205598911, 4.995529303028140689, 0.1652856939805467940 ) ) ;
#1496 = AXIS2_PLACEMENT_3D ( 'NONE', #2334, #451, #2956 ) ;
#1497 = CARTESIAN_POINT ( 'NONE',  ( -29.83124769393303310, -12.16292559534646145, 4.709778416429021952 ) ) ;
#1498 = CARTESIAN_POINT ( 'NONE',  ( 26.00636525710404356, 7.354696783697272977, 3.369763630901887463 ) ) ;
#1499 = CARTESIAN_POINT ( 'NONE',  ( 20.40921417098565982, 20.98241266425526064, 3.149940684920321754 ) ) ;
#1500 = CARTESIAN_POINT ( 'NONE',  ( -20.10441493801797108, 24.75000000000000711, 4.500000000000000888 ) ) ;
#1501 = CYLINDRICAL_SURFACE ( 'NONE', #3228, 0.5000000000000004441 ) ;
#1502 = AXIS2_PLACEMENT_3D ( 'NONE', #2368, #3258, #490 ) ;
#1503 = VERTEX_POINT ( 'NONE', #2766 ) ;
#1504 = CARTESIAN_POINT ( 'NONE',  ( -20.18780958359684874, -24.74999999999999645, 0.4999999987430806536 ) ) ;
#1505 = LINE ( 'NONE', #1374, #3539 ) ;
#1506 = DIRECTION ( 'NONE',  ( 1.000000000000000000, 0.000000000000000000, 0.000000000000000000 ) ) ;
#1507 = B_SPLINE_CURVE_WITH_KNOTS ( 'NONE', 3,
 ( #567, #2997, #3952, #1499, #836, #1785, #1795, #1758, #3673, #522 ),
 .UNSPECIFIED., .F., .F.,
 ( 4, 2, 2, 2, 4 ),
 ( -6.607598541666468137E-06, 0.0008509356346941368034, 0.001279707251312042944, 0.001494093059620995581, 0.001708478867929948217 ),
 .UNSPECIFIED. ) ;
#1508 = CARTESIAN_POINT ( 'NONE',  ( -29.99999999999999645, 11.04536101718727537, 4.500000000000000888 ) ) ;
#1509 = VERTEX_POINT ( 'NONE', #2463 ) ;
#1510 = CARTESIAN_POINT ( 'NONE',  ( 26.42233851263570443, 6.415785918688637679, 2.897072714594166598 ) ) ;
#1511 = ORIENTED_EDGE ( 'NONE', *, *, #3181, .F. ) ;
#1512 = CARTESIAN_POINT ( 'NONE',  ( 21.20535255037404454, -24.62890625290422264, 0.8291224316068074307 ) ) ;
#1513 = DIRECTION ( 'NONE',  ( -0.000000000000000000, -0.000000000000000000, -1.000000000000000000 ) ) ;
#1514 = VERTEX_POINT ( 'NONE', #2138 ) ;
#1515 = ORIENTED_EDGE ( 'NONE', *, *, #1380, .F. ) ;
#1516 = EDGE_CURVE ( 'NONE', #2739, #3897, #3293, .T. ) ;
#1517 = VERTEX_POINT ( 'NONE', #1062 ) ;
#1518 = AXIS2_PLACEMENT_3D ( 'NONE', #149, #205, #3577 ) ;
#1519 = DIRECTION ( 'NONE',  ( 1.224646799147353207E-16, 1.000000000000000000, 0.000000000000000000 ) ) ;
#1520 = CARTESIAN_POINT ( 'NONE',  ( -29.49999999999999645, -11.04536101718726826, 0.5000000000000000000 ) ) ;
#1521 = ORIENTED_EDGE ( 'NONE', *, *, #767, .T. ) ;
#1522 = ORIENTED_EDGE ( 'NONE', *, *, #1774, .F. ) ;
#1523 = AXIS2_PLACEMENT_3D ( 'NONE', #1645, #755, #711 ) ;
#1524 = CARTESIAN_POINT ( 'NONE',  ( 20.21876372514951470, -24.74999999999998579, 0.03992209465657112211 ) ) ;
#1525 = ORIENTED_EDGE ( 'NONE', *, *, #2946, .T. ) ;
#1526 = CARTESIAN_POINT ( 'NONE',  ( -29.54174559213633700, -11.18811601963051672, 5.000000000000023093 ) ) ;
#1527 = EDGE_CURVE ( 'NONE', #2491, #2369, #453, .T. ) ;
#1528 = CARTESIAN_POINT ( 'NONE',  ( 29.96093750000000711, 12.59334046713157917, 4.000000000000000000 ) ) ;
#1529 = ADVANCED_FACE ( 'NONE', ( #2137 ), #1501, .T. ) ;
#1530 = CARTESIAN_POINT ( 'NONE',  ( 20.87911636061258136, 24.25000000000001066, 4.000000000000000000 ) ) ;
#1531 = DIRECTION ( 'NONE',  ( 0.000000000000000000, 0.000000000000000000, -1.000000000000000000 ) ) ;
#1532 = CARTESIAN_POINT ( 'NONE',  ( -30.00000000000001066, -11.55855245565284584, 0.5217932906638163004 ) ) ;
#1533 = CIRCLE ( 'NONE', #2306, 32.50000000000000000 ) ;
#1534 = DIRECTION ( 'NONE',  ( -1.000000000000000000, 0.000000000000000000, 0.000000000000000000 ) ) ;
#1535 = CARTESIAN_POINT ( 'NONE',  ( -20.46185475464040948, -21.24999999999998934, 0.9274833219861454703 ) ) ;
#1536 = FACE_OUTER_BOUND ( 'NONE', #3175, .T. ) ;
#1537 = EDGE_CURVE ( 'NONE', #3119, #395, #1054, .T. ) ;
#1538 =( BOUNDED_SURFACE ( )  B_SPLINE_SURFACE ( 3, 2, ( 
 ( #1744, #2029, #776 ),
 ( #789, #890, #1512 ),
 ( #1207, #2742, #3665 ),
 ( #3987, #878, #3687 ),
 ( #3374, #3039, #838 ),
 ( #229, #3331, #1184 ),
 ( #2416, #1193, #1786 ),
 ( #1475, #2405, #2440 ),
 ( #3076, #581, #3350 ),
 ( #2128, #2757, #2428 ),
 ( #3064, #1524, #2140 ),
 ( #1158, #3676, #266 ) ),
 .UNSPECIFIED., .F., .F., .T. ) 
 B_SPLINE_SURFACE_WITH_KNOTS ( ( 4, 2, 2, 2, 2, 4 ),
 ( 3, 3 ),
 ( 0.001242592985364997541, 0.001493387701864380083, 0.001618785060114071462, 0.001744182418363762841, 0.001994977134863145599, 0.002245771851362528358 ),
 ( 0.000000000000000000, 1.000000000000000000 ),
 .UNSPECIFIED. ) 
 GEOMETRIC_REPRESENTATION_ITEM ( )  RATIONAL_B_SPLINE_SURFACE ( (
 ( 1.000000000000000000, 0.9375000000000004441, 1.000000000000000000),
 ( 1.000000000000000000, 0.9376738745074035819, 1.000000000000000000),
 ( 1.000000000000000000, 0.9283529711568060394, 1.000000000000000000),
 ( 1.000000000000000000, 0.9071426659871725251, 1.000000000000000000),
 ( 1.000000000000000000, 0.8987311103604219698, 1.000000000000000000),
 ( 1.000000000000000000, 0.8804446648169285128, 1.000000000000000000),
 ( 1.000000000000000000, 0.8705309043490401244, 1.000000000000000000),
 ( 1.000000000000000000, 0.8386399646636292227, 1.000000000000000000),
 ( 1.000000000000000000, 0.8149489645264372806, 1.000000000000000000),
 ( 1.000000000000000000, 0.7641231362947330519, 1.000000000000000000),
 ( 1.000000000000000000, 0.7365260871199427184, 1.000000000000000000),
 ( 1.000000000000000000, 0.7071067811865475727, 1.000000000000000000) ) ) 
 REPRESENTATION_ITEM ( '' )  SURFACE ( )  );
#1539 = CARTESIAN_POINT ( 'NONE',  ( -29.99999999999999645, -11.17248575935085775, 4.500000002270814647 ) ) ;
#1540 = CARTESIAN_POINT ( 'NONE',  ( 27.37187209663019516, 3.427494313359289002, 0.007660550257486263559 ) ) ;
#1541 = ORIENTED_EDGE ( 'NONE', *, *, #3827, .F. ) ;
#1542 = AXIS2_PLACEMENT_3D ( 'NONE', #2861, #90, #379 ) ;
#1543 = CARTESIAN_POINT ( 'NONE',  ( -29.99999999999999645, 12.04992786487460599, 4.348893267033487220 ) ) ;
#1544 = LINE ( 'NONE', #3607, #712 ) ;
#1545 = CARTESIAN_POINT ( 'NONE',  ( 29.87318651744994114, -12.30241705528218610, 4.609304572104178988 ) ) ;
#1546 = DIRECTION ( 'NONE',  ( -1.000000000000000000, 0.000000000000000000, 0.000000000000000000 ) ) ;
#1547 = ORIENTED_EDGE ( 'NONE', *, *, #2352, .T. ) ;
#1548 = CIRCLE ( 'NONE', #2123, 5.000000000000000888 ) ;
#1549 = ADVANCED_FACE ( 'NONE', ( #2284 ), #3738, .T. ) ;
#1550 = ORIENTED_EDGE ( 'NONE', *, *, #2995, .F. ) ;
#1551 = CARTESIAN_POINT ( 'NONE',  ( 29.83884714896810664, 12.18818584580096243, 0.3022135222895691031 ) ) ;
#1552 = DIRECTION ( 'NONE',  ( 1.000000000000000000, 0.000000000000000000, 0.000000000000000000 ) ) ;
#1553 = VECTOR ( 'NONE', #1597, 1000.000000000000000 ) ;
#1554 = CARTESIAN_POINT ( 'NONE',  ( -29.94885969736997922, -12.55338806884038405, 4.249942349448759593 ) ) ;
#1555 = ORIENTED_EDGE ( 'NONE', *, *, #3130, .T. ) ;
#1556 = CARTESIAN_POINT ( 'NONE',  ( 21.20535246290559073, 24.62890632821410009, 0.8280566801282183143 ) ) ;
#1557 = CARTESIAN_POINT ( 'NONE',  ( 27.22015596346405175, 4.065298806771690643, 0.03673895486694134238 ) ) ;
#1558 = LINE ( 'NONE', #1899, #1355 ) ;
#1559 = ORIENTED_EDGE ( 'NONE', *, *, #2024, .T. ) ;
#1560 = CARTESIAN_POINT ( 'NONE',  ( 20.10441493801797108, 24.25000000000001066, 5.000000000000000888 ) ) ;
#1561 = CARTESIAN_POINT ( 'NONE',  ( -26.50000000000000355, 0.000000000000000000, 2.500000000000000000 ) ) ;
#1562 = CARTESIAN_POINT ( 'NONE',  ( -29.99999999999999645, -11.04536101718726826, 0.5000000000000000000 ) ) ;
#1563 = VERTEX_POINT ( 'NONE', #95 ) ;
#1564 = CARTESIAN_POINT ( 'NONE',  ( 29.79583414232468641, 12.04474196411466025, 0.2222524313450528477 ) ) ;
#1565 = DIRECTION ( 'NONE',  ( 0.000000000000000000, -0.000000000000000000, -1.000000000000000000 ) ) ;
#1566 = AXIS2_PLACEMENT_3D ( 'NONE', #3457, #2193, #360 ) ;
#1567 = CARTESIAN_POINT ( 'NONE',  ( 30.00000000000000355, -11.59945127210820282, 0.1826065025261047747 ) ) ;
#1568 = ORIENTED_EDGE ( 'NONE', *, *, #1297, .T. ) ;
#1569 = EDGE_CURVE ( 'NONE', #2491, #1960, #2623, .T. ) ;
#1570 = CARTESIAN_POINT ( 'NONE',  ( -26.50000000000000355, 12.96148139681572964, 2.500000000000000000 ) ) ;
#1571 = CARTESIAN_POINT ( 'NONE',  ( 20.81681790790451814, 24.75000000000001066, 0.4234532612983168964 ) ) ;
#1572 = CARTESIAN_POINT ( 'NONE',  ( -21.15535184453006323, 24.61195866155478384, 4.333880335806179041 ) ) ;
#1573 = ADVANCED_FACE ( 'NONE', ( #477 ), #3014, .T. ) ;
#1574 = ORIENTED_EDGE ( 'NONE', *, *, #1641, .F. ) ;
#1575 = ORIENTED_EDGE ( 'NONE', *, *, #3452, .F. ) ;
#1576 = CARTESIAN_POINT ( 'NONE',  ( 21.00190003589032983, 24.55972672576402971, 4.598336859957529832 ) ) ;
#1577 = CARTESIAN_POINT ( 'NONE',  ( -25.62842585081374125, 12.75818974329907540, 3.499999999999999556 ) ) ;
#1578 = DIRECTION ( 'NONE',  ( -1.000000000000000000, 0.000000000000000000, 0.000000000000000000 ) ) ;
#1579 = VECTOR ( 'NONE', #1938, 1000.000000000000000 ) ;
#1580 = CARTESIAN_POINT ( 'NONE',  ( -29.99999999999999645, 12.27616097037311604, 4.218800025493748329 ) ) ;
#1581 = DIRECTION ( 'NONE',  ( -0.000000000000000000, 0.000000000000000000, 1.000000000000000000 ) ) ;
#1582 = DIRECTION ( 'NONE',  ( 1.000000000000000000, -1.776356839400250465E-15, 0.000000000000000000 ) ) ;
#1583 = VECTOR ( 'NONE', #91, 1000.000000000000000 ) ;
#1584 = CARTESIAN_POINT ( 'NONE',  ( 20.43625442343195431, 24.75000000000001066, 4.455867854859682176 ) ) ;
#1585 = DIRECTION ( 'NONE',  ( 1.000000000000000000, -8.881784197001252323E-16, 0.000000000000000000 ) ) ;
#1586 = EDGE_CURVE ( 'NONE', #2445, #851, #2992, .T. ) ;
#1587 = FACE_OUTER_BOUND ( 'NONE', #1623, .T. ) ;
#1588 = DIRECTION ( 'NONE',  ( 1.000000000000000000, 0.000000000000000000, 0.000000000000000000 ) ) ;
#1589 = ADVANCED_FACE ( 'NONE', ( #3689 ), #625, .T. ) ;
#1590 = CARTESIAN_POINT ( 'NONE',  ( 0.000000000000000000, 1.040834085586084257E-14, 3.500000000000000000 ) ) ;
#1591 = EDGE_CURVE ( 'NONE', #3905, #3357, #3609, .T. ) ;
#1592 = LINE ( 'NONE', #2620, #178 ) ;
#1593 = VERTEX_POINT ( 'NONE', #385 ) ;
#1594 = CARTESIAN_POINT ( 'NONE',  ( 30.00000000000000355, -11.17354928033731909, 0.4999999985269993341 ) ) ;
#1595 = AXIS2_PLACEMENT_3D ( 'NONE', #3851, #1639, #738 ) ;
#1596 = CARTESIAN_POINT ( 'NONE',  ( -20.73261237567924198, -24.74999999999999645, 0.7043006203288795231 ) ) ;
#1597 = DIRECTION ( 'NONE',  ( -0.000000000000000000, -0.000000000000000000, -1.000000000000000000 ) ) ;
#1598 = CYLINDRICAL_SURFACE ( 'NONE', #71, 32.50000000000000000 ) ;
#1599 = CARTESIAN_POINT ( 'NONE',  ( -20.33847919895992362, 24.33171782240522418, 5.000000000000040856 ) ) ;
#1600 = EDGE_LOOP ( 'NONE', ( #1606, #2974, #2438, #3070 ) ) ;
#1601 = CARTESIAN_POINT ( 'NONE',  ( 0.000000000000000000, 1.040834085586084257E-14, 2.500000000000000000 ) ) ;
#1602 = CARTESIAN_POINT ( 'NONE',  ( -26.29530952359059626, 12.91403587722695434, 3.120048783905107204 ) ) ;
#1603 = VECTOR ( 'NONE', #3650, 1000.000000000000000 ) ;
#1604 = CARTESIAN_POINT ( 'NONE',  ( 30.00000000000000355, 12.36475490506373731, 4.125739008184699408 ) ) ;
#1605 = ORIENTED_EDGE ( 'NONE', *, *, #1622, .T. ) ;
#1606 = ORIENTED_EDGE ( 'NONE', *, *, #102, .F. ) ;
#1607 = DIRECTION ( 'NONE',  ( 1.000000000000000000, 0.000000000000000000, 0.000000000000000000 ) ) ;
#1608 = DIRECTION ( 'NONE',  ( -1.000000000000000000, 0.000000000000000000, -0.000000000000000000 ) ) ;
#1609 = EDGE_LOOP ( 'NONE', ( #1541, #624, #1575, #154 ) ) ;
#1610 = EDGE_LOOP ( 'NONE', ( #248, #1478, #2350, #1185, #3560, #3519, #488, #1811 ) ) ;
#1611 = CARTESIAN_POINT ( 'NONE',  ( -20.46185475464040593, -21.24999999999998934, 1.000000000000000000 ) ) ;
#1612 = ORIENTED_EDGE ( 'NONE', *, *, #3565, .F. ) ;
#1613 = DIRECTION ( 'NONE',  ( -1.000000000000000000, -0.000000000000000000, -0.000000000000000000 ) ) ;
#1614 = CARTESIAN_POINT ( 'NONE',  ( -20.10441493801797819, 24.25000000000000355, 0.000000000000000000 ) ) ;
#1615 = ORIENTED_EDGE ( 'NONE', *, *, #2009, .F. ) ;
#1616 = EDGE_CURVE ( 'NONE', #2922, #870, #3150, .T. ) ;
#1617 = CARTESIAN_POINT ( 'NONE',  ( 26.10989971597210513, -12.87089211068907701, 3.303118119827488819 ) ) ;
#1618 = VERTEX_POINT ( 'NONE', #3893 ) ;
#1619 = EDGE_LOOP ( 'NONE', ( #127, #345, #3320, #1738 ) ) ;
#1620 = AXIS2_PLACEMENT_3D ( 'NONE', #237, #3980, #1506 ) ;
#1621 = CARTESIAN_POINT ( 'NONE',  ( 30.00000000000000355, -11.30084895546322876, 4.494058457873430612 ) ) ;
#1622 = EDGE_CURVE ( 'NONE', #897, #634, #3917, .T. ) ;
#1623 = EDGE_LOOP ( 'NONE', ( #2602, #1945, #1419, #1815 ) ) ;
#1624 = CARTESIAN_POINT ( 'NONE',  ( -20.87911629906028210, -24.74999999999999645, 0.9136534326558695129 ) ) ;
#1625 = ORIENTED_EDGE ( 'NONE', *, *, #151, .F. ) ;
#1626 = CARTESIAN_POINT ( 'NONE',  ( 20.46363317211160648, 21.25910796357783994, 0.8566165101449957353 ) ) ;
#1627 = AXIS2_PLACEMENT_3D ( 'NONE', #2359, #1458, #3913 ) ;
#1628 = CARTESIAN_POINT ( 'NONE',  ( 21.17088165380306108, 24.61722389788900500, 0.7155856368077493368 ) ) ;
#1629 = CARTESIAN_POINT ( 'NONE',  ( -20.27265739383156884, 24.75000000000000355, 0.5085653352420890227 ) ) ;
#1630 = CARTESIAN_POINT ( 'NONE',  ( -4.414213562373094035, 5.405852509913045454E-16, 4.000000000000000000 ) ) ;
#1631 = ADVANCED_FACE ( 'NONE', ( #3833 ), #2035, .T. ) ;
#1632 = CARTESIAN_POINT ( 'NONE',  ( -29.96093750000000000, 12.59334046713159871, 4.000000000000000000 ) ) ;
#1633 = CARTESIAN_POINT ( 'NONE',  ( -30.00000000000000000, 12.22262369990389885, 0.7451427842615141461 ) ) ;
#1634 = CYLINDRICAL_SURFACE ( 'NONE', #2230, 1.000000000000000000 ) ;
#1635 = CARTESIAN_POINT ( 'NONE',  ( -26.50000000000000355, 0.000000000000000000, 3.500000000000000000 ) ) ;
#1636 = FACE_OUTER_BOUND ( 'NONE', #3353, .T. ) ;
#1637 = CARTESIAN_POINT ( 'NONE',  ( -20.81681051952906714, -24.74999999999999289, 0.4286182085069191183 ) ) ;
#1638 = CARTESIAN_POINT ( 'NONE',  ( 30.00000000000001421, 12.27558794809862341, 4.219233360151535273 ) ) ;
#1639 = DIRECTION ( 'NONE',  ( -0.000000000000000000, 0.000000000000000000, 1.000000000000000000 ) ) ;
#1640 = CIRCLE ( 'NONE', #1964, 6.000000000000000000 ) ;
#1641 = EDGE_CURVE ( 'NONE', #1353, #2408, #3249, .T. ) ;
#1642 = ORIENTED_EDGE ( 'NONE', *, *, #620, .T. ) ;
#1643 = DIRECTION ( 'NONE',  ( 1.224646799147353207E-16, 1.000000000000000000, 0.000000000000000000 ) ) ;
#1644 = AXIS2_PLACEMENT_3D ( 'NONE', #157, #3299, #2342 ) ;
#1645 = CARTESIAN_POINT ( 'NONE',  ( 2.804469619495837873E-15, -24.24999999999999289, 0.5000000000000000000 ) ) ;
#1646 = LINE ( 'NONE', #1972, #1000 ) ;
#1647 = ORIENTED_EDGE ( 'NONE', *, *, #1723, .T. ) ;
#1648 = DIRECTION ( 'NONE',  ( -0.000000000000000000, -0.000000000000000000, -1.000000000000000000 ) ) ;
#1649 = CARTESIAN_POINT ( 'NONE',  ( 25.50000000000000355, -12.72792206135783744, 3.500000000000000000 ) ) ;
#1650 = EDGE_CURVE ( 'NONE', #2748, #2093, #1391, .T. ) ;
#1651 = CYLINDRICAL_SURFACE ( 'NONE', #3981, 0.5000000000000004441 ) ;
#1652 = CARTESIAN_POINT ( 'NONE',  ( 29.79583414232465088, -12.04474196411462650, 4.777747568654972632 ) ) ;
#1653 = EDGE_LOOP ( 'NONE', ( #3554, #3891, #3400, #3445 ) ) ;
#1654 = CARTESIAN_POINT ( 'NONE',  ( -21.04586472312597323, 24.57470406668858587, 4.536849070834535702 ) ) ;
#1655 = ORIENTED_EDGE ( 'NONE', *, *, #2699, .T. ) ;
#1656 = CIRCLE ( 'NONE', #73, 31.50000000000000000 ) ;
#1657 = ORIENTED_EDGE ( 'NONE', *, *, #326, .F. ) ;
#1658 = DIRECTION ( 'NONE',  ( -0.000000000000000000, 0.000000000000000000, 1.000000000000000000 ) ) ;
#1659 = CARTESIAN_POINT ( 'NONE',  ( -20.68892705537087906, 24.45257341517227800, 0.1432802556285716067 ) ) ;
#1660 = CARTESIAN_POINT ( 'NONE',  ( 26.27391868357608828, -6.766839492108383425, 3.149276883475559785 ) ) ;
#1661 = CC_DESIGN_APPROVAL ( #3164, ( #2758 ) ) ;
#1662 = ORIENTED_EDGE ( 'NONE', *, *, #1980, .F. ) ;
#1663 = DIRECTION ( 'NONE',  ( 1.000000000000000000, 0.000000000000000000, 0.000000000000000000 ) ) ;
#1664 = CARTESIAN_POINT ( 'NONE',  ( 0.000000000000000000, 0.000000000000000000, 4.000000000000000000 ) ) ;
#1665 = ORIENTED_EDGE ( 'NONE', *, *, #2197, .T. ) ;
#1666 = EDGE_CURVE ( 'NONE', #1075, #3491, #819, .T. ) ;
#1667 = CARTESIAN_POINT ( 'NONE',  ( -29.96093750000000000, 12.59334046713159871, 1.000000000000000000 ) ) ;
#1668 = EDGE_LOOP ( 'NONE', ( #1302, #2701, #2152, #457, #1958 ) ) ;
#1669 = EDGE_LOOP ( 'NONE', ( #1168, #443, #1715, #1692 ) ) ;
#1670 = CARTESIAN_POINT ( 'NONE',  ( -29.99999999999999645, 11.55294867709908502, 0.5316180562973522594 ) ) ;
#1671 = CARTESIAN_POINT ( 'NONE',  ( 20.87911636061258136, -24.74999999999998934, 4.000000000000000000 ) ) ;
#1672 = ORIENTED_EDGE ( 'NONE', *, *, #3105, .T. ) ;
#1673 = VERTEX_POINT ( 'NONE', #456 ) ;
#1674 = EDGE_CURVE ( 'NONE', #1563, #1034, #428, .T. ) ;
#1675 = CARTESIAN_POINT ( 'NONE',  ( -20.84362786173813831, 24.75000000000000711, 0.8321538480546232242 ) ) ;
#1676 = DIRECTION ( 'NONE',  ( -1.000000000000000000, 0.000000000000000000, 0.000000000000000000 ) ) ;
#1677 = AXIS2_PLACEMENT_3D ( 'NONE', #411, #3214, #1047 ) ;
#1678 = DIRECTION ( 'NONE',  ( 1.000000000000000000, 0.000000000000000000, 0.000000000000000000 ) ) ;
#1679 = AXIS2_PLACEMENT_3D ( 'NONE', #1630, #1643, #2851 ) ;
#1680 = CARTESIAN_POINT ( 'NONE',  ( -26.50000000000000355, 12.96148139681572964, 1.000000000000000000 ) ) ;
#1681 = LOCAL_TIME ( 11, 19, 43.00000000000000000, #2365 ) ;
#1682 = CARTESIAN_POINT ( 'NONE',  ( -30.00000000000000000, 11.59843316265501656, 0.1822020057901017620 ) ) ;
#1683 = CARTESIAN_POINT ( 'NONE',  ( -2.804469619495839451E-15, 24.25000000000000711, 4.500000000000000888 ) ) ;
#1684 = CARTESIAN_POINT ( 'NONE',  ( 26.00636525710404356, -7.354696783697272977, 3.369763630901887463 ) ) ;
#1685 = LINE ( 'NONE', #2295, #1583 ) ;
#1686 = CARTESIAN_POINT ( 'NONE',  ( -29.83128930526491374, 12.16306376593750649, 4.709665924662584935 ) ) ;
#1687 = CARTESIAN_POINT ( 'NONE',  ( -30.00000000000000000, 12.27695903386867116, 0.7818762786466638692 ) ) ;
#1688 = CIRCLE ( 'NONE', #2099, 7.500000000000000000 ) ;
#1689 = CARTESIAN_POINT ( 'NONE',  ( -21.04047767382190415, -24.57285780126413144, 4.531860005303285810 ) ) ;
#1690 = CARTESIAN_POINT ( 'NONE',  ( 30.00000000000000355, -12.39959676763722740, 4.000000000000000000 ) ) ;
#1691 = FACE_BOUND ( 'NONE', #1373, .T. ) ;
#1692 = ORIENTED_EDGE ( 'NONE', *, *, #2352, .F. ) ;
#1693 = DIRECTION ( 'NONE',  ( 1.000000000000000000, 0.000000000000000000, 0.000000000000000000 ) ) ;
#1694 = CARTESIAN_POINT ( 'NONE',  ( 21.20535255374715078, 24.62890625000001776, 4.143020633883638837 ) ) ;
#1695 = EDGE_CURVE ( 'NONE', #2739, #2557, #2722, .T. ) ;
#1696 = VECTOR ( 'NONE', #3816, 1000.000000000000000 ) ;
#1697 = CARTESIAN_POINT ( 'NONE',  ( 30.00000000000000711, 11.18346333191358077, 4.959614998401741914 ) ) ;
#1698 = CARTESIAN_POINT ( 'NONE',  ( 21.20535255374715078, -24.62890624999999645, 4.143246210454884171 ) ) ;
#1699 = DIRECTION ( 'NONE',  ( 1.000000000000000000, 0.000000000000000000, 0.000000000000000000 ) ) ;
#1700 = LINE ( 'NONE', #1429, #816 ) ;
#1701 = CARTESIAN_POINT ( 'NONE',  ( -29.99999999999999289, -12.12987903187959482, 0.4427522735443221724 ) ) ;
#1702 = AXIS2_PLACEMENT_3D ( 'NONE', #3295, #1149, #3626 ) ;
#1703 = FACE_OUTER_BOUND ( 'NONE', #3715, .T. ) ;
#1704 = CARTESIAN_POINT ( 'NONE',  ( 30.00000000000000355, -12.39959676763722918, 5.000000000000000000 ) ) ;
#1705 = ORIENTED_EDGE ( 'NONE', *, *, #2772, .F. ) ;
#1706 = CARTESIAN_POINT ( 'NONE',  ( 20.87911636061258136, -24.74999999999998934, 4.000000000000000000 ) ) ;
#1707 = CARTESIAN_POINT ( 'NONE',  ( 20.27381207490989468, -24.74999999999998934, 0.4999999999999997780 ) ) ;
#1708 = DIRECTION ( 'NONE',  ( -0.000000000000000000, -0.000000000000000000, -1.000000000000000000 ) ) ;
#1709 = CARTESIAN_POINT ( 'NONE',  ( 20.46185475464040593, 21.25000000000000711, 1.000000000000000000 ) ) ;
#1710 = B_SPLINE_CURVE_WITH_KNOTS ( 'NONE', 3,
 ( #3994, #3696, #3361, #860, #3346, #886, #1497, #2151, #3671, #872, #1228, #274 ),
 .UNSPECIFIED., .F., .F.,
 ( 4, 2, 2, 2, 2, 4 ),
 ( 0.000000000000000000, 0.0002637285054914763338, 0.0005274570109829526676, 0.001054914021965909238, 0.001582371032948866026, 0.002109828043931822814 ),
 .UNSPECIFIED. ) ;
#1711 = CARTESIAN_POINT ( 'NONE',  ( 30.00000000000000355, 11.04536101718726471, 4.500000000000000888 ) ) ;
#1712 = DIRECTION ( 'NONE',  ( 1.000000000000000000, 0.000000000000000000, 0.000000000000000000 ) ) ;
#1713 = EDGE_LOOP ( 'NONE', ( #529, #1806, #2838, #201 ) ) ;
#1714 = PERSON_AND_ORGANIZATION_ROLE ( 'classification_officer' ) ;
#1715 = ORIENTED_EDGE ( 'NONE', *, *, #924, .F. ) ;
#1716 = CARTESIAN_POINT ( 'NONE',  ( -29.96093760647645965, -12.59334021381238600, 0.8661356864141825929 ) ) ;
#1717 = CARTESIAN_POINT ( 'NONE',  ( -20.34164598756173703, 20.64588698186877735, 3.413413116797983538 ) ) ;
#1718 = ORIENTED_EDGE ( 'NONE', *, *, #3480, .F. ) ;
#1719 = ORIENTED_EDGE ( 'NONE', *, *, #3614, .F. ) ;
#1720 = DIRECTION ( 'NONE',  ( -0.000000000000000000, -0.000000000000000000, -1.000000000000000000 ) ) ;
#1721 = VERTEX_POINT ( 'NONE', #2022 ) ;
#1722 = CARTESIAN_POINT ( 'NONE',  ( 20.44320845841996714, -24.74999999999999289, 0.5327111133480609828 ) ) ;
#1723 = EDGE_CURVE ( 'NONE', #2557, #3935, #3435, .T. ) ;
#1724 = DIRECTION ( 'NONE',  ( -0.000000000000000000, -0.000000000000000000, -1.000000000000000000 ) ) ;
#1725 = DIRECTION ( 'NONE',  ( -1.156482317317873944E-16, 1.000000000000000000, 0.000000000000000000 ) ) ;
#1726 = EDGE_CURVE ( 'NONE', #3699, #2108, #2330, .T. ) ;
#1727 = ORIENTED_EDGE ( 'NONE', *, *, #850, .T. ) ;
#1728 = APPLICATION_CONTEXT ( 'configuration controlled 3d designs of mechanical parts and assemblies' ) ;
#1729 = DIRECTION ( 'NONE',  ( -1.000000000000000000, 0.000000000000000000, 0.000000000000000000 ) ) ;
#1730 = CARTESIAN_POINT ( 'NONE',  ( 20.63749153320118879, -24.74999999999998934, 4.733642850612863384 ) ) ;
#1731 = PERSON_AND_ORGANIZATION ( #3920, #1871 ) ;
#1732 = DIRECTION ( 'NONE',  ( 0.000000000000000000, 0.000000000000000000, -1.000000000000000000 ) ) ;
#1733 = AXIS2_PLACEMENT_3D ( 'NONE', #1211, #3378, #282 ) ;
#1734 = CIRCLE ( 'NONE', #511, 55.00000000000000000 ) ;
#1735 = CARTESIAN_POINT ( 'NONE',  ( 29.50000000000000355, -11.04536101718724339, 4.500000000000000888 ) ) ;
#1736 = B_SPLINE_CURVE_WITH_KNOTS ( 'NONE', 3,
 ( #557, #2988, #2728, #3914, #2373, #2999, #847, #539, #3024, #3332 ),
 .UNSPECIFIED., .F., .F.,
 ( 4, 2, 2, 2, 4 ),
 ( 0.000000000000000000, 0.0002141888131458637157, 0.0004283776262917274313, 0.0008567552525834560553, 0.001713510505166911677 ),
 .UNSPECIFIED. ) ;
#1737 = CARTESIAN_POINT ( 'NONE',  ( 20.87911636061258136, -24.24999999999998934, 5.000000000000000000 ) ) ;
#1738 = ORIENTED_EDGE ( 'NONE', *, *, #2478, .F. ) ;
#1739 = CARTESIAN_POINT ( 'NONE',  ( 21.17051614213175270, -24.61709965907952480, 4.285255186645061443 ) ) ;
#1740 = EDGE_CURVE ( 'NONE', #2825, #3561, #669, .T. ) ;
#1741 = TOROIDAL_SURFACE ( 'NONE', #3035, 28.50000000000000000, 1.000000000000000000 ) ;
#1742 = CARTESIAN_POINT ( 'NONE',  ( 30.00000000000001066, -12.22184126553434602, 4.255364523407327404 ) ) ;
#1743 = CARTESIAN_POINT ( 'NONE',  ( -20.45314827553852410, 21.20543211603701295, 2.782611316975740046 ) ) ;
#1744 = CARTESIAN_POINT ( 'NONE',  ( 20.87911636061258491, -24.74999999999998934, 1.000000000000000000 ) ) ;
#1745 = DIRECTION ( 'NONE',  ( -0.000000000000000000, -0.000000000000000000, -1.000000000000000000 ) ) ;
#1746 = CIRCLE ( 'NONE', #3359, 30.50000000000000355 ) ;
#1747 = DIRECTION ( 'NONE',  ( 0.000000000000000000, -0.000000000000000000, -1.000000000000000000 ) ) ;
#1748 = EDGE_CURVE ( 'NONE', #2445, #1417, #2231, .T. ) ;
#1749 = ORIENTED_EDGE ( 'NONE', *, *, #1345, .F. ) ;
#1750 = DIRECTION ( 'NONE',  ( -0.000000000000000000, 0.000000000000000000, 1.000000000000000000 ) ) ;
#1751 = CIRCLE ( 'NONE', #4, 0.5000000000000004441 ) ;
#1752 = ORIENTED_EDGE ( 'NONE', *, *, #1865, .F. ) ;
#1753 = AXIS2_PLACEMENT_3D ( 'NONE', #1530, #3733, #1189 ) ;
#1754 = CARTESIAN_POINT ( 'NONE',  ( 30.00000000000000355, -12.39959676763722918, 4.000000000000000000 ) ) ;
#1755 = CYLINDRICAL_SURFACE ( 'NONE', #3082, 32.50000000000000000 ) ;
#1756 = AXIS2_PLACEMENT_3D ( 'NONE', #3587, #1100, #777 ) ;
#1757 = ORIENTED_EDGE ( 'NONE', *, *, #2387, .F. ) ;
#1758 = CARTESIAN_POINT ( 'NONE',  ( 20.46007228261543887, 21.24085369649727539, 2.643685400794997253 ) ) ;
#1759 = VERTEX_POINT ( 'NONE', #1790 ) ;
#1760 = ADVANCED_FACE ( 'NONE', ( #3586 ), #1598, .T. ) ;
#1761 = DIRECTION ( 'NONE',  ( 0.000000000000000000, 0.000000000000000000, -1.000000000000000000 ) ) ;
#1762 = DIRECTION ( 'NONE',  ( 1.000000000000000000, 0.000000000000000000, 0.000000000000000000 ) ) ;
#1763 = DIRECTION ( 'NONE',  ( -0.000000000000000000, -0.000000000000000000, -1.000000000000000000 ) ) ;
#1764 = B_SPLINE_CURVE_WITH_KNOTS ( 'NONE', 3,
 ( #2509, #1892, #642, #3142, #1261, #24, #3545, #1328, #2015, #1358, #2263, #1667 ),
 .UNSPECIFIED., .F., .F.,
 ( 4, 2, 2, 2, 2, 4 ),
 ( 0.000000000000000000, 0.0005171288940756230525, 0.001034257788151246105, 0.001551386682226869049, 0.001809951129264681605, 0.002068515576302493945 ),
 .UNSPECIFIED. ) ;
#1765 = CARTESIAN_POINT ( 'NONE',  ( 26.50000000000000711, 6.224949798994359185, 1.000000000000000000 ) ) ;
#1766 = ORIENTED_EDGE ( 'NONE', *, *, #3233, .T. ) ;
#1767 = ORIENTED_EDGE ( 'NONE', *, *, #876, .F. ) ;
#1768 = APPLICATION_PROTOCOL_DEFINITION ( 'international standard', 'config_control_design', 1994, #797 ) ;
#1769 = VERTEX_POINT ( 'NONE', #546 ) ;
#1770 = CARTESIAN_POINT ( 'NONE',  ( -20.18908592351885289, -24.74999999999999645, 4.499999999665222461 ) ) ;
#1771 = DIRECTION ( 'NONE',  ( -0.000000000000000000, -0.000000000000000000, 1.000000000000000000 ) ) ;
#1772 = CARTESIAN_POINT ( 'NONE',  ( 20.87911636061258136, 24.75000000000001066, 1.000000000000000000 ) ) ;
#1773 = DIRECTION ( 'NONE',  ( -1.000000000000000000, 0.000000000000000000, 0.000000000000000000 ) ) ;
#1774 = EDGE_CURVE ( 'NONE', #3897, #2916, #3059, .T. ) ;
#1775 = B_SPLINE_CURVE_WITH_KNOTS ( 'NONE', 3,
 ( #999, #61, #2904, #1654, #1035, #2578, #1962, #683, #3212, #1317 ),
 .UNSPECIFIED., .F., .F.,
 ( 4, 2, 2, 2, 4 ),
 ( 8.673617379884035472E-19, 0.0004257770683814714511, 0.0008515541367629420348, 0.001277331205144412564, 0.001703108273525883202 ),
 .UNSPECIFIED. ) ;
#1776 = CARTESIAN_POINT ( 'NONE',  ( -20.10441493801795687, -24.24999999999999645, -1.301042606982605321E-15 ) ) ;
#1777 = CARTESIAN_POINT ( 'NONE',  ( -29.96093750000000000, -12.59334046713157740, 5.000000000000000000 ) ) ;
#1778 = AXIS2_PLACEMENT_3D ( 'NONE', #1256, #3468, #3767 ) ;
#1779 = CARTESIAN_POINT ( 'NONE',  ( 26.50000000000000711, -6.224949798994359185, 2.500000000000000000 ) ) ;
#1780 = CARTESIAN_POINT ( 'NONE',  ( 26.68922981367781588, 5.736253086557626446, 0.4092280973181799397 ) ) ;
#1781 = DATE_AND_TIME ( #3088, #1681 ) ;
#1782 = EDGE_CURVE ( 'NONE', #3716, #2825, #3644, .T. ) ;
#1783 = CARTESIAN_POINT ( 'NONE',  ( 0.000000000000000000, 72.30205676561918438, 3.500000000000000000 ) ) ;
#1784 = CIRCLE ( 'NONE', #1809, 0.5000000000000000000 ) ;
#1785 = CARTESIAN_POINT ( 'NONE',  ( 20.44793158013167300, 21.17877710858291351, 2.850663928747939835 ) ) ;
#1786 = CARTESIAN_POINT ( 'NONE',  ( 20.84972783707483046, -24.50771105862647303, 0.2610869848644896685 ) ) ;
#1787 = CIRCLE ( 'NONE', #3388, 3.707106781186546574 ) ;
#1788 = CIRCLE ( 'NONE', #2508, 9.999999999999998224 ) ;
#1789 = DIRECTION ( 'NONE',  ( -0.000000000000000000, -0.000000000000000000, -1.000000000000000000 ) ) ;
#1790 = CARTESIAN_POINT ( 'NONE',  ( 25.50000000000000355, 8.351646544245028281, 3.500000000000000000 ) ) ;
#1791 = ORIENTED_EDGE ( 'NONE', *, *, #1152, .T. ) ;
#1792 = B_SPLINE_CURVE_WITH_KNOTS ( 'NONE', 3,
 ( #3550, #1694, #779, #136, #2960, #1091, #2394, #2430 ),
 .UNSPECIFIED., .F., .F.,
 ( 4, 2, 2, 4 ),
 ( 0.000000000000000000, 0.0004263888523679115338, 0.0008527777047358230675, 0.001705555409471638112 ),
 .UNSPECIFIED. ) ;
#1793 = DIRECTION ( 'NONE',  ( 1.000000000000000000, 0.000000000000000000, 0.000000000000000000 ) ) ;
#1794 = EDGE_CURVE ( 'NONE', #2686, #603, #901, .T. ) ;
#1795 = CARTESIAN_POINT ( 'NONE',  ( 20.45314827553852410, 21.20543211603701295, 2.782611316975740046 ) ) ;
#1796 = FACE_OUTER_BOUND ( 'NONE', #286, .T. ) ;
#1797 = ADVANCED_FACE ( 'NONE', ( #1293 ), #2569, .T. ) ;
#1798 = ORIENTED_EDGE ( 'NONE', *, *, #3470, .T. ) ;
#1799 = DIRECTION ( 'NONE',  ( -0.000000000000000000, -0.000000000000000000, 1.000000000000000000 ) ) ;
#1800 = CARTESIAN_POINT ( 'NONE',  ( 20.00000000000000000, 0.000000000000000000, 3.500000000000000000 ) ) ;
#1801 = CARTESIAN_POINT ( 'NONE',  ( 29.96093750000000711, -12.59334046713156319, 4.000000000000000000 ) ) ;
#1802 = ORIENTED_EDGE ( 'NONE', *, *, #754, .T. ) ;
#1803 = EDGE_CURVE ( 'NONE', #2844, #851, #126, .T. ) ;
#1804 = CARTESIAN_POINT ( 'NONE',  ( 0.000000000000000000, 1.040834085586084257E-14, 4.000000000000000000 ) ) ;
#1805 = ORIENTED_EDGE ( 'NONE', *, *, #1449, .T. ) ;
#1806 = ORIENTED_EDGE ( 'NONE', *, *, #1454, .T. ) ;
#1807 = ORIENTED_EDGE ( 'NONE', *, *, #2656, .T. ) ;
#1808 = CARTESIAN_POINT ( 'NONE',  ( 25.50000000000000355, 0.000000000000000000, 2.500000000000000000 ) ) ;
#1809 = AXIS2_PLACEMENT_3D ( 'NONE', #2047, #2309, #2322 ) ;
#1810 = CARTESIAN_POINT ( 'NONE',  ( -20.45314835661670827, -21.20543253047505772, 2.782610025881871785 ) ) ;
#1811 = ORIENTED_EDGE ( 'NONE', *, *, #489, .T. ) ;
#1812 = CARTESIAN_POINT ( 'NONE',  ( 29.50000000000000355, 11.04536101718726471, 0.000000000000000000 ) ) ;
#1813 = ORIENTED_EDGE ( 'NONE', *, *, #681, .T. ) ;
#1814 = CARTESIAN_POINT ( 'NONE',  ( -29.99999999999999289, -11.73569390045748762, 4.763130217737801431 ) ) ;
#1815 = ORIENTED_EDGE ( 'NONE', *, *, #827, .F. ) ;
#1816 = CARTESIAN_POINT ( 'NONE',  ( -29.49999999999999645, -12.39959676763724516, 5.000000000000000000 ) ) ;
#1817 = DIRECTION ( 'NONE',  ( 0.000000000000000000, 0.000000000000000000, -1.000000000000000000 ) ) ;
#1818 = ADVANCED_FACE ( 'NONE', ( #854 ), #2282, .F. ) ;
#1819 = EDGE_LOOP ( 'NONE', ( #960, #3887, #3863, #2832 ) ) ;
#1820 = CARTESIAN_POINT ( 'NONE',  ( -29.99999999999999645, 11.67833703512391530, 4.448711854576919755 ) ) ;
#1821 = DIRECTION ( 'NONE',  ( 1.000000000000000000, 0.000000000000000000, 0.000000000000000000 ) ) ;
#1822 = CALENDAR_DATE ( 2025, 8, 5 ) ;
#1823 = CARTESIAN_POINT ( 'NONE',  ( 10.00000000000000178, 0.000000000000000000, 3.500000000000000000 ) ) ;
#1824 = EDGE_CURVE ( 'NONE', #2301, #2916, #191, .T. ) ;
#1825 = CIRCLE ( 'NONE', #3135, 0.5000000000000000000 ) ;
#1826 = CARTESIAN_POINT ( 'NONE',  ( -26.50000000000000355, 0.000000000000000000, 1.000000000000000000 ) ) ;
#1827 = DIRECTION ( 'NONE',  ( -0.000000000000000000, -0.000000000000000000, -1.000000000000000000 ) ) ;
#1828 = CARTESIAN_POINT ( 'NONE',  ( 27.43952052131793806, 3.106544077090629408, 0.001252496475929620011 ) ) ;
#1829 = AXIS2_PLACEMENT_3D ( 'NONE', #66, #1952, #2826 ) ;
#1830 = CIRCLE ( 'NONE', #161, 29.50000000000000355 ) ;
#1831 = CARTESIAN_POINT ( 'NONE',  ( 30.00000000000000355, -11.04536101718724339, 4.500000000000000888 ) ) ;
#1832 = VECTOR ( 'NONE', #1708, 1000.000000000000000 ) ;
#1833 = ADVANCED_FACE ( 'NONE', ( #3145 ), #2619, .F. ) ;
#1834 = CARTESIAN_POINT ( 'NONE',  ( -29.96093750000000000, -12.59334046713158095, 0.8242310804012185077 ) ) ;
#1835 = VECTOR ( 'NONE', #3559, 1000.000000000000000 ) ;
#1836 = ORIENTED_EDGE ( 'NONE', *, *, #1345, .T. ) ;
#1837 = CARTESIAN_POINT ( 'NONE',  ( -29.99999999999999645, -12.05307515861094103, 4.347595485511429381 ) ) ;
#1838 = CYLINDRICAL_SURFACE ( 'NONE', #787, 5.000000000000000888 ) ;
#1839 = ORIENTED_EDGE ( 'NONE', *, *, #1313, .T. ) ;
#1840 = CARTESIAN_POINT ( 'NONE',  ( -29.99999999999999645, 11.17356577284759389, 4.500000001292143281 ) ) ;
#1841 = DIRECTION ( 'NONE',  ( -0.000000000000000000, -0.000000000000000000, -1.000000000000000000 ) ) ;
#1842 = FACE_OUTER_BOUND ( 'NONE', #3426, .T. ) ;
#1843 = ORIENTED_EDGE ( 'NONE', *, *, #2528, .F. ) ;
#1844 = DIRECTION ( 'NONE',  ( -0.000000000000000000, 0.000000000000000000, 1.000000000000000000 ) ) ;
#1845 = CARTESIAN_POINT ( 'NONE',  ( 30.00000000000011724, 12.31120208846616570, 0.6004795166003622509 ) ) ;
#1846 = CARTESIAN_POINT ( 'NONE',  ( -29.87318651744994469, -12.30241705528220564, 0.3906954278958273408 ) ) ;
#1847 = ORIENTED_EDGE ( 'NONE', *, *, #2034, .F. ) ;
#1848 = AXIS2_PLACEMENT_3D ( 'NONE', #2257, #1006, #2908 ) ;
#1849 = VERTEX_POINT ( 'NONE', #4016 ) ;
#1850 = CARTESIAN_POINT ( 'NONE',  ( -29.99999999999998934, -11.18236780691358767, 4.959935361102374429 ) ) ;
#1851 = EDGE_CURVE ( 'NONE', #2650, #145, #2673, .T. ) ;
#1852 = EDGE_LOOP ( 'NONE', ( #3659, #2109, #3078, #3147 ) ) ;
#1853 = DIRECTION ( 'NONE',  ( 0.000000000000000000, 0.000000000000000000, 1.000000000000000000 ) ) ;
#1854 = DIRECTION ( 'NONE',  ( -1.000000000000000000, 0.000000000000000000, 0.000000000000000000 ) ) ;
#1855 = ADVANCED_FACE ( 'NONE', ( #27 ), #1963, .T. ) ;
#1856 = CARTESIAN_POINT ( 'NONE',  ( -29.99999999999999289, 11.32434344573233176, 4.915885940951748800 ) ) ;
#1857 = CARTESIAN_POINT ( 'NONE',  ( 29.83128930526492084, -12.16306376593747274, 4.709665924662584047 ) ) ;
#1858 = CARTESIAN_POINT ( 'NONE',  ( 26.56641731117028016, -6.057615611592766847, 0.6372271102464388548 ) ) ;
#1859 = ORIENTED_EDGE ( 'NONE', *, *, #530, .F. ) ;
#1860 = CARTESIAN_POINT ( 'NONE',  ( 29.96093760647713111, 12.59334021381081570, 0.8661356864141955825 ) ) ;
#1861 = CARTESIAN_POINT ( 'NONE',  ( 0.000000000000000000, 1.040834085586084257E-14, 1.000000000000000000 ) ) ;
#1862 = ORIENTED_EDGE ( 'NONE', *, *, #2745, .F. ) ;
#1863 = VERTEX_POINT ( 'NONE', #37 ) ;
#1864 = CARTESIAN_POINT ( 'NONE',  ( -29.96093749999999645, -12.59334046713157385, 3.999999999999996447 ) ) ;
#1865 = EDGE_CURVE ( 'NONE', #1517, #537, #3734, .T. ) ;
#1866 = CARTESIAN_POINT ( 'NONE',  ( 21.15535184452999218, 24.61195866155474476, 0.6661196641936806273 ) ) ;
#1867 = CARTESIAN_POINT ( 'NONE',  ( -29.49999999999999645, 11.04536101718727537, 5.000000000000000888 ) ) ;
#1868 = CARTESIAN_POINT ( 'NONE',  ( 27.50000000000000711, 0.000000000000000000, 1.000000000000000000 ) ) ;
#1869 = CARTESIAN_POINT ( 'NONE',  ( 27.13433569911493848, -4.379597285069480428, 0.06333918415870352925 ) ) ;
#1870 = EDGE_CURVE ( 'NONE', #2922, #3449, #515, .T. ) ;
#1871 = ORGANIZATION ( '未指定', '未指定', '' ) ;
#1872 = ADVANCED_FACE ( 'NONE', ( #3967 ), #2939, .T. ) ;
#1873 = CARTESIAN_POINT ( 'NONE',  ( 2.249999999999999556, 0.000000000000000000, 3.249999999999999556 ) ) ;
#1874 = CARTESIAN_POINT ( 'NONE',  ( 0.000000000000000000, 0.000000000000000000, 3.500000000000000000 ) ) ;
#1875 = CIRCLE ( 'NONE', #265, 0.5000000000000000000 ) ;
#1876 = EDGE_CURVE ( 'NONE', #3750, #11, #1987, .T. ) ;
#1877 = CARTESIAN_POINT ( 'NONE',  ( 30.00000000000000355, -12.22106586941841577, 0.7441243521574308906 ) ) ;
#1878 = B_SPLINE_CURVE_WITH_KNOTS ( 'NONE', 3,
 ( #1088, #3562, #1402, #2647, #3576, #3237, #760, #2016, #3902, #163, #2606, #2346 ),
 .UNSPECIFIED., .F., .F.,
 ( 4, 2, 2, 2, 2, 4 ),
 ( 0.000000000000000000, 0.0003422711562395044644, 0.0006845423124790089289, 0.001369084624958015689, 0.002053626937437022341, 0.002738169249916031379 ),
 .UNSPECIFIED. ) ;
#1879 = AXIS2_PLACEMENT_3D ( 'NONE', #1965, #3224, #1949 ) ;
#1880 = CIRCLE ( 'NONE', #3601, 55.00000000000000711 ) ;
#1881 = CARTESIAN_POINT ( 'NONE',  ( 21.06470832817003114, 24.75000000000001066, 0.8653305249704865698 ) ) ;
#1882 = CARTESIAN_POINT ( 'NONE',  ( 27.33566645063437051, 3.587438131071504888, 0.01281176262235341791 ) ) ;
#1883 = CARTESIAN_POINT ( 'NONE',  ( 21.06470850604033274, 24.75000000000001421, 3.999999999998583800 ) ) ;
#1884 = CIRCLE ( 'NONE', #1595, 30.50000000000000355 ) ;
#1885 = CARTESIAN_POINT ( 'NONE',  ( 29.54889252929455523, -11.21255599041331408, 5.000000000000000000 ) ) ;
#1886 = AXIS2_PLACEMENT_3D ( 'NONE', #6, #2805, #1585 ) ;
#1887 = LINE ( 'NONE', #263, #859 ) ;
#1888 = CARTESIAN_POINT ( 'NONE',  ( 30.00000000000011369, 12.36906826475952670, 0.6600247406196774191 ) ) ;
#1889 = DIRECTION ( 'NONE',  ( -0.000000000000000000, -0.000000000000000000, 1.000000000000000000 ) ) ;
#1890 = CIRCLE ( 'NONE', #3101, 5.000000000000000888 ) ;
#1891 = CARTESIAN_POINT ( 'NONE',  ( -30.00000000000000355, 12.22184126553437977, 4.255364523407327404 ) ) ;
#1892 = CARTESIAN_POINT ( 'NONE',  ( -29.54891267351989015, 11.21262487646274053, -2.018839502309580786E-14 ) ) ;
#1893 = DIRECTION ( 'NONE',  ( 1.000000000000000000, 0.000000000000000000, 0.000000000000000000 ) ) ;
#1894 = ADVANCED_FACE ( 'NONE', ( #665 ), #3951, .T. ) ;
#1895 = CYLINDRICAL_SURFACE ( 'NONE', #1702, 0.5000000000000004441 ) ;
#1896 = VERTEX_POINT ( 'NONE', #1611 ) ;
#1897 = CARTESIAN_POINT ( 'NONE',  ( 20.51764473358677066, 24.75000000000001066, 4.428359891740389465 ) ) ;
#1898 = CARTESIAN_POINT ( 'NONE',  ( 29.96093750000000711, -12.59334046713156319, 4.000000000000000000 ) ) ;
#1899 = CARTESIAN_POINT ( 'NONE',  ( 20.87911636061258136, 24.75000000000001066, 5.000000000000000000 ) ) ;
#1900 = VERTEX_POINT ( 'NONE', #1032 ) ;
#1901 = DIRECTION ( 'NONE',  ( -0.000000000000000000, 0.000000000000000000, 1.000000000000000000 ) ) ;
#1902 = EDGE_LOOP ( 'NONE', ( #2490, #1131, #695, #2292 ) ) ;
#1903 = CARTESIAN_POINT ( 'NONE',  ( 20.10441493801797108, -24.24999999999998934, 4.500000000000000888 ) ) ;
#1904 = AXIS2_PLACEMENT_3D ( 'NONE', #1957, #2604, #1924 ) ;
#1905 = VERTEX_POINT ( 'NONE', #3514 ) ;
#1906 = CARTESIAN_POINT ( 'NONE',  ( 29.58439483253297553, -11.33310154232891165, 0.01187540866698185045 ) ) ;
#1907 = ORIENTED_EDGE ( 'NONE', *, *, #1187, .F. ) ;
#1908 = AXIS2_PLACEMENT_3D ( 'NONE', #192, #820, #2348 ) ;
#1909 = AXIS2_PLACEMENT_3D ( 'NONE', #3151, #3483, #1956 ) ;
#1910 = ORIENTED_EDGE ( 'NONE', *, *, #2377, .F. ) ;
#1911 = DIRECTION ( 'NONE',  ( 0.000000000000000000, 0.000000000000000000, -1.000000000000000000 ) ) ;
#1912 = CARTESIAN_POINT ( 'NONE',  ( 29.83101802581665396, -12.16215894962483368, 0.2897815965999829824 ) ) ;
#1913 = UNCERTAINTY_MEASURE_WITH_UNIT (LENGTH_MEASURE( 1.000000000000000082E-05 ), #2951, 'distance_accuracy_value', 'NONE');
#1914 = ORIENTED_EDGE ( 'NONE', *, *, #1851, .T. ) ;
#1915 = ADVANCED_FACE ( 'NONE', ( #2378 ), #3487, .F. ) ;
#1916 = CARTESIAN_POINT ( 'NONE',  ( 26.37090592302201841, -12.93157283568129401, 3.008893814174873338 ) ) ;
#1917 = APPROVAL_PERSON_ORGANIZATION ( #3675, #2828, #2353 ) ;
#1918 = CARTESIAN_POINT ( 'NONE',  ( 29.58436075936678833, -11.33298482962987919, 4.988116907594008609 ) ) ;
#1919 = CARTESIAN_POINT ( 'NONE',  ( 0.000000000000000000, 1.040834085586084257E-14, 3.500000000000000000 ) ) ;
#1920 = LINE ( 'NONE', #499, #1191 ) ;
#1921 = DIRECTION ( 'NONE',  ( -1.000000000000000000, -3.552713678800500929E-15, 0.000000000000000000 ) ) ;
#1922 = VECTOR ( 'NONE', #2214, 1000.000000000000000 ) ;
#1923 = CARTESIAN_POINT ( 'NONE',  ( 26.29532610070195631, -12.91403972556139301, 3.120026428049893497 ) ) ;
#1924 = DIRECTION ( 'NONE',  ( -1.000000000000000000, 0.000000000000000000, 0.000000000000000000 ) ) ;
#1925 = EDGE_CURVE ( 'NONE', #1759, #915, #1788, .T. ) ;
#1926 = LINE ( 'NONE', #747, #621 ) ;
#1927 = CARTESIAN_POINT ( 'NONE',  ( 30.00000000000000355, -11.59875833028607772, 4.817654120137104812 ) ) ;
#1928 = CARTESIAN_POINT ( 'NONE',  ( -21.06470843581528740, -24.74999999999999645, 0.8647987155020691041 ) ) ;
#1929 = CARTESIAN_POINT ( 'NONE',  ( 30.00000000000000000, 11.92779974502386153, 4.388163198383876917 ) ) ;
#1930 = CIRCLE ( 'NONE', #3568, 0.5000000000000004441 ) ;
#1931 = ADVANCED_FACE ( 'NONE', ( #1155 ), #2084, .T. ) ;
#1932 = CARTESIAN_POINT ( 'NONE',  ( 20.23927802165187373, 24.29708415327218418, -4.707385604365772162E-16 ) ) ;
#1933 = CARTESIAN_POINT ( 'NONE',  ( -20.63803728992268915, 24.75000000000000000, 0.2668516311333411495 ) ) ;
#1934 = CIRCLE ( 'NONE', #363, 1.000000000000000000 ) ;
#1935 = AXIS2_PLACEMENT_3D ( 'NONE', #951, #979, #2489 ) ;
#1936 = CARTESIAN_POINT ( 'NONE',  ( 20.84440415020709736, 24.75000000000001776, 0.8333208449115099281 ) ) ;
#1937 = ORIENTED_EDGE ( 'NONE', *, *, #2718, .T. ) ;
#1938 = DIRECTION ( 'NONE',  ( -0.000000000000000000, -0.000000000000000000, -1.000000000000000000 ) ) ;
#1939 = ORIENTED_EDGE ( 'NONE', *, *, #2215, .T. ) ;
#1940 = LINE ( 'NONE', #3448, #281 ) ;
#1941 = DIRECTION ( 'NONE',  ( -1.000000000000000000, 0.000000000000000000, 0.000000000000000000 ) ) ;
#1942 = CARTESIAN_POINT ( 'NONE',  ( 20.33016662511609240, -24.74999999999998934, 4.912323231978544591 ) ) ;
#1943 = EDGE_LOOP ( 'NONE', ( #2706, #973, #3161, #2932, #3558, #1318, #1791, #595, #1423, #1665, #3260, #3318, #160 ) ) ;
#1944 = DIRECTION ( 'NONE',  ( 0.000000000000000000, 0.000000000000000000, 1.000000000000000000 ) ) ;
#1945 = ORIENTED_EDGE ( 'NONE', *, *, #1726, .T. ) ;
#1946 = CARTESIAN_POINT ( 'NONE',  ( 0.000000000000000000, 0.000000000000000000, 5.000000000000000000 ) ) ;
#1947 = CARTESIAN_POINT ( 'NONE',  ( 30.00000000000000355, 12.39959676763724516, 4.000000000000000000 ) ) ;
#1948 = ORIENTED_EDGE ( 'NONE', *, *, #208, .F. ) ;
#1949 = DIRECTION ( 'NONE',  ( -1.000000000000000000, 0.000000000000000000, 0.000000000000000000 ) ) ;
#1950 = CARTESIAN_POINT ( 'NONE',  ( -20.10441493801797819, 24.75000000000000355, 0.000000000000000000 ) ) ;
#1951 = ORIENTED_EDGE ( 'NONE', *, *, #1650, .T. ) ;
#1952 = DIRECTION ( 'NONE',  ( 0.000000000000000000, 1.000000000000000000, 0.000000000000000000 ) ) ;
#1953 = CARTESIAN_POINT ( 'NONE',  ( -20.73724113122343482, -24.74999999999999645, 4.298911637765344018 ) ) ;
#1954 = EDGE_CURVE ( 'NONE', #2445, #923, #1646, .T. ) ;
#1955 = CARTESIAN_POINT ( 'NONE',  ( -20.51342417587719424, 21.51660145710481586, 0.3510816226445659383 ) ) ;
#1956 = DIRECTION ( 'NONE',  ( 0.000000000000000000, 0.000000000000000000, 1.000000000000000000 ) ) ;
#1957 = CARTESIAN_POINT ( 'NONE',  ( 0.000000000000000000, 72.30205676561918438, 3.500000000000000000 ) ) ;
#1958 = ORIENTED_EDGE ( 'NONE', *, *, #2610, .T. ) ;
#1959 = EDGE_CURVE ( 'NONE', #2936, #3589, #2910, .T. ) ;
#1960 = VERTEX_POINT ( 'NONE', #2914 ) ;
#1961 = ORIENTED_EDGE ( 'NONE', *, *, #547, .F. ) ;
#1962 = CARTESIAN_POINT ( 'NONE',  ( -20.62709493119924886, 24.43131833498488703, 4.889087539670187610 ) ) ;
#1963 =( BOUNDED_SURFACE ( )  B_SPLINE_SURFACE ( 3, 2, ( 
 ( #3134, #2511, #310 ),
 ( #2499, #1249, #3423 ),
 ( #1572, #2146, #598 ),
 ( #3707, #2790, #905 ),
 ( #919, #3092, #1224 ),
 ( #3398, #2802, #2562 ),
 ( #1599, #1021, #2546 ),
 ( #2879, #1263, #3436 ) ),
 .UNSPECIFIED., .F., .F., .T. ) 
 B_SPLINE_SURFACE_WITH_KNOTS ( ( 4, 2, 2, 4 ),
 ( 3, 3 ),
 ( 0.002099200977525127968, 0.002352557366278544299, 0.002605913755031960630, 0.003112626532538793293 ),
 ( 0.000000000000000000, 1.000000000000000000 ),
 .UNSPECIFIED. ) 
 GEOMETRIC_REPRESENTATION_ITEM ( )  RATIONAL_B_SPLINE_SURFACE ( (
 ( 1.000000000000000000, 0.9374999999999995559, 1.000000000000000000),
 ( 1.000000000000000000, 0.9375607059656145825, 1.000000000000000000),
 ( 1.000000000000000000, 0.9285283053835386990, 1.000000000000000000),
 ( 1.000000000000000000, 0.8998073606107122036, 1.000000000000000000),
 ( 1.000000000000000000, 0.8808930640205364648, 1.000000000000000000),
 ( 1.000000000000000000, 0.8171526463671484608, 1.000000000000000000),
 ( 1.000000000000000000, 0.7649737391686620702, 1.000000000000000000),
 ( 1.000000000000000000, 0.7071067811865131558, 1.000000000000000000) ) ) 
 REPRESENTATION_ITEM ( '' )  SURFACE ( )  );
#1964 = AXIS2_PLACEMENT_3D ( 'NONE', #162, #814, #2072 ) ;
#1965 = CARTESIAN_POINT ( 'NONE',  ( 0.000000000000000000, 1.040834085586084257E-14, 3.500000000000000000 ) ) ;
#1966 = VERTEX_POINT ( 'NONE', #2317 ) ;
#1967 = CARTESIAN_POINT ( 'NONE',  ( -20.66723811406366096, 24.75000000000000355, 0.6496535332742849889 ) ) ;
#1968 = CARTESIAN_POINT ( 'NONE',  ( 30.00000000000000000, 12.31230815609471563, 4.398395606244580591 ) ) ;
#1969 = CARTESIAN_POINT ( 'NONE',  ( -20.44320845841995293, -24.74999999999999645, 4.467288886651944679 ) ) ;
#1970 = CARTESIAN_POINT ( 'NONE',  ( 0.000000000000000000, 1.040834085586084257E-14, 5.000000000000000000 ) ) ;
#1971 = FACE_OUTER_BOUND ( 'NONE', #2533, .T. ) ;
#1972 = CARTESIAN_POINT ( 'NONE',  ( -2.862293735361732889E-15, 24.75000000000000711, 0.4999999999999995559 ) ) ;
#1973 = TOROIDAL_SURFACE ( 'NONE', #3188, 8.500000000000000000, 1.000000000000000000 ) ;
#1974 = CARTESIAN_POINT ( 'NONE',  ( 0.000000000000000000, 1.040834085586084257E-14, 4.000000000000000000 ) ) ;
#1975 = CARTESIAN_POINT ( 'NONE',  ( -30.00000000000000000, 12.31323785299444573, 0.6025432417277487573 ) ) ;
#1976 = FACE_OUTER_BOUND ( 'NONE', #3648, .T. ) ;
#1977 = AXIS2_PLACEMENT_3D ( 'NONE', #1470, #3049, #3315 ) ;
#1978 = CARTESIAN_POINT ( 'NONE',  ( 0.000000000000000000, 1.040834085586084257E-14, 1.000000000000000000 ) ) ;
#1979 = CARTESIAN_POINT ( 'NONE',  ( -29.99999999999999645, -12.46351924468796390, 0.8076635563327462242 ) ) ;
#1980 = EDGE_CURVE ( 'NONE', #395, #2159, #3870, .T. ) ;
#1981 = VECTOR ( 'NONE', #470, 1000.000000000000000 ) ;
#1982 = CARTESIAN_POINT ( 'NONE',  ( 29.96093760647740112, -12.59334021381015845, 4.133864313585883465 ) ) ;
#1983 = CARTESIAN_POINT ( 'NONE',  ( 0.000000000000000000, 1.040834085586084257E-14, 4.000000000000000000 ) ) ;
#1984 = CARTESIAN_POINT ( 'NONE',  ( 29.50000000000000355, -2.067650203689528038E-15, 0.4999999999999995559 ) ) ;
#1985 = CARTESIAN_POINT ( 'NONE',  ( 0.000000000000000000, 0.000000000000000000, 0.000000000000000000 ) ) ;
#1986 = CARTESIAN_POINT ( 'NONE',  ( -21.02360600618693098, 24.75000000000000355, 0.7351876692339039954 ) ) ;
#1987 = B_SPLINE_CURVE_WITH_KNOTS ( 'NONE', 3,
 ( #1273, #3742, #2823, #1580, #1891, #667, #2833, #3140, #985, #3446 ),
 .UNSPECIFIED., .F., .F.,
 ( 4, 2, 2, 2, 4 ),
 ( 0.000000000000000000, 0.0001936245075781774477, 0.0003872490151563548954, 0.0007744980303127156455, 0.001548996060625441699 ),
 .UNSPECIFIED. ) ;
#1988 = CARTESIAN_POINT ( 'NONE',  ( 30.00000000000000355, 12.22106586941854367, 4.255875647842762177 ) ) ;
#1989 = CIRCLE ( 'NONE', #833, 0.5000000000000000000 ) ;
#1990 = DIRECTION ( 'NONE',  ( -1.000000000000000000, 0.000000000000000000, 0.000000000000000000 ) ) ;
#1991 = ORIENTED_EDGE ( 'NONE', *, *, #1393, .T. ) ;
#1992 = CARTESIAN_POINT ( 'NONE',  ( -20.73675678602802464, 24.74999999999999645, 0.7005506888486757733 ) ) ;
#1993 = CARTESIAN_POINT ( 'NONE',  ( -29.94868556131159920, -12.55281203245876931, 0.7483204069392540569 ) ) ;
#1994 = CARTESIAN_POINT ( 'NONE',  ( 21.20535251783292807, -24.62890628092193879, 4.172693103365101130 ) ) ;
#1995 = ORIENTED_EDGE ( 'NONE', *, *, #627, .T. ) ;
#1996 = CARTESIAN_POINT ( 'NONE',  ( -21.20535255037471956, -24.62890625290364000, 4.170877568393271950 ) ) ;
#1997 = CARTESIAN_POINT ( 'NONE',  ( 30.00000000000000355, -12.22002045158320449, 4.256560851958234082 ) ) ;
#1998 = ORIENTED_EDGE ( 'NONE', *, *, #693, .T. ) ;
#1999 = DIRECTION ( 'NONE',  ( -0.000000000000000000, -0.000000000000000000, -1.000000000000000000 ) ) ;
#2000 = CARTESIAN_POINT ( 'NONE',  ( 26.50000000000000711, 0.000000000000000000, 3.500000000000000000 ) ) ;
#2001 = ORIENTED_EDGE ( 'NONE', *, *, #2078, .F. ) ;
#2002 = ORIENTED_EDGE ( 'NONE', *, *, #3257, .T. ) ;
#2003 = CARTESIAN_POINT ( 'NONE',  ( -29.91773927310824988, 12.45027225424080619, 0.5629043460894902484 ) ) ;
#2004 = DIRECTION ( 'NONE',  ( -0.000000000000000000, 0.000000000000000000, 1.000000000000000000 ) ) ;
#2005 = CARTESIAN_POINT ( 'NONE',  ( 30.00000000000000355, 11.17354928033725514, 4.500000001472931999 ) ) ;
#2006 = CARTESIAN_POINT ( 'NONE',  ( 30.00000000000001421, -12.39959676763723273, 0.9343380362806763539 ) ) ;
#2007 = ORIENTED_EDGE ( 'NONE', *, *, #723, .T. ) ;
#2008 = ORIENTED_EDGE ( 'NONE', *, *, #1313, .F. ) ;
#2009 = EDGE_CURVE ( 'NONE', #3544, #2601, #1342, .T. ) ;
#2010 = CARTESIAN_POINT ( 'NONE',  ( 0.000000000000000000, 1.040834085586084257E-14, 5.000000000000000000 ) ) ;
#2011 = CARTESIAN_POINT ( 'NONE',  ( -29.99999999999999645, -12.39959647418000266, 0.9330678250235453497 ) ) ;
#2012 = DIRECTION ( 'NONE',  ( -0.000000000000000000, -0.000000000000000000, 1.000000000000000000 ) ) ;
#2013 = CLOSED_SHELL ( 'NONE', ( #845, #3005, #3771, #2938, #4003, #3326, #926, #3789, #1294, #296, #3158, #813, #2837, #2452, #4023, #3122, #2186, #380, #51, #1142, #1760, #651, #2492, #1448, #616, #690, #1529, #222, #3455, #1797, #3612, #358, #2880, #2148, #967, #243, #1631, #3953, #769, #3986, #2246, #1833, #3178, #2781, #631, #888, #3475, #670, #830, #2166, #1011, #3063, #338, #2399, #1589, #1915, #1182, #2529, #987, #1335, #2512, #200, #3047, #2547, #3713, #3751, #15, #1818, #3657, #2819, #3636, #2855, #3731, #1253, #3674, #2065, #1931, #1855, #2085, #3437, #114, #1894, #2595, #1201, #2207, #2415, #3399, #2472, #3970, #2958, #1872, #3419, #2741, #536, #3694, #2803, #1573, #518, #1218, #3139, #316, #906, #3302, #1277, #2703, #3098, #32, #948, #2227, #1549, #1237 ) ) ;
#2014 = CARTESIAN_POINT ( 'NONE',  ( 25.50000000000000355, -8.351646544245028281, 3.500000000000000000 ) ) ;
#2015 = CARTESIAN_POINT ( 'NONE',  ( -29.93616480193924190, 12.51133176918624912, 0.6637586809234103935 ) ) ;
#2016 = CARTESIAN_POINT ( 'NONE',  ( -26.00638883350752195, 7.354646900528361009, 3.369749538187372107 ) ) ;
#2017 = CALENDAR_DATE ( 2025, 8, 5 ) ;
#2018 = DIRECTION ( 'NONE',  ( 1.000000000000000000, 0.000000000000000000, 0.000000000000000000 ) ) ;
#2019 = CARTESIAN_POINT ( 'NONE',  ( -20.89990421167766499, 24.75000000000001066, 0.5157695481740036669 ) ) ;
#2020 = B_SPLINE_CURVE_WITH_KNOTS ( 'NONE', 3,
 ( #1898, #341, #3162, #1545, #1857, #660, #4018, #300, #1885, #623 ),
 .UNSPECIFIED., .F., .F.,
 ( 4, 2, 2, 2, 4 ),
 ( 0.000000000000000000, 0.0005245487961209988840, 0.001049097592241997768, 0.001573646388362996652, 0.002098195184483995536 ),
 .UNSPECIFIED. ) ;
#2021 = CARTESIAN_POINT ( 'NONE',  ( 30.00000000000000355, 11.92770657237038634, 4.388191842902666728 ) ) ;
#2022 = CARTESIAN_POINT ( 'NONE',  ( -25.00000000000000000, 0.000000000000000000, 2.000000000000000000 ) ) ;
#2023 = VECTOR ( 'NONE', #2991, 1000.000000000000000 ) ;
#2024 = EDGE_CURVE ( 'NONE', #3756, #3491, #1244, .T. ) ;
#2025 = APPROVAL_ROLE ( '' ) ;
#2026 = CARTESIAN_POINT ( 'NONE',  ( -29.99999999999999289, -11.04536101718726826, 0.000000000000000000 ) ) ;
#2027 = DIRECTION ( 'NONE',  ( 1.000000000000000000, 0.000000000000000000, 0.000000000000000000 ) ) ;
#2028 = VECTOR ( 'NONE', #2842, 1000.000000000000000 ) ;
#2029 = CARTESIAN_POINT ( 'NONE',  ( 21.06470850604025813, -24.74999999999998934, 1.000000000000000222 ) ) ;
#2030 = DIRECTION ( 'NONE',  ( -1.000000000000000000, 7.008983741320394021E-17, 0.000000000000000000 ) ) ;
#2031 = FACE_BOUND ( 'NONE', #202, .T. ) ;
#2032 = CARTESIAN_POINT ( 'NONE',  ( 21.20535255374715078, -24.62890625000000000, 5.000000000000000000 ) ) ;
#2033 = CARTESIAN_POINT ( 'NONE',  ( 0.000000000000000000, 1.040834085586084257E-14, 1.000000000000000000 ) ) ;
#2034 = EDGE_CURVE ( 'NONE', #977, #3589, #273, .T. ) ;
#2035 = CYLINDRICAL_SURFACE ( 'NONE', #1492, 0.5000000000000004441 ) ;
#2036 = CARTESIAN_POINT ( 'NONE',  ( -20.44258744887288870, -24.74999999999999645, 0.5323496228573995070 ) ) ;
#2037 = CARTESIAN_POINT ( 'NONE',  ( 20.28311271570832375, -20.36122017113621041, 3.500000000000000444 ) ) ;
#2038 = FACE_OUTER_BOUND ( 'NONE', #3528, .T. ) ;
#2039 = CARTESIAN_POINT ( 'NONE',  ( 20.76385132569577507, -24.74999999999998934, 4.266133807511120146 ) ) ;
#2040 = VERTEX_POINT ( 'NONE', #1384 ) ;
#2041 = AXIS2_PLACEMENT_3D ( 'NONE', #687, #963, #2885 ) ;
#2042 = VECTOR ( 'NONE', #3045, 1000.000000000000000 ) ;
#2043 = EDGE_LOOP ( 'NONE', ( #3792, #2480, #1767, #1010 ) ) ;
#2044 = CARTESIAN_POINT ( 'NONE',  ( -20.87911636061257425, -24.74999999999999645, 1.000000000000000000 ) ) ;
#2045 = VECTOR ( 'NONE', #2270, 1000.000000000000000 ) ;
#2046 = DIRECTION ( 'NONE',  ( -1.000000000000000000, 0.000000000000000000, -0.000000000000000000 ) ) ;
#2047 = CARTESIAN_POINT ( 'NONE',  ( 29.50000000000000355, -11.04536101718724339, 0.4999999999999995559 ) ) ;
#2048 = ORIENTED_EDGE ( 'NONE', *, *, #2672, .F. ) ;
#2049 = B_SPLINE_CURVE_WITH_KNOTS ( 'NONE', 3,
 ( #989, #1932, #3171, #3425, #2202, #26, #2228, #1628, #2536, #2213 ),
 .UNSPECIFIED., .F., .F.,
 ( 4, 2, 2, 2, 4 ),
 ( 0.000000000000000000, 0.0004229142677524994087, 0.0008458285355049988173, 0.001268742803257498280, 0.001691657071009997635 ),
 .UNSPECIFIED. ) ;
#2050 = DIRECTION ( 'NONE',  ( 0.000000000000000000, 0.000000000000000000, 1.000000000000000000 ) ) ;
#2051 = VERTEX_POINT ( 'NONE', #2331 ) ;
#2052 = VERTEX_POINT ( 'NONE', #2644 ) ;
#2053 = DIRECTION ( 'NONE',  ( -1.000000000000000000, 0.000000000000000000, 0.000000000000000000 ) ) ;
#2054 = DIRECTION ( 'NONE',  ( -0.000000000000000000, 0.000000000000000000, 1.000000000000000000 ) ) ;
#2055 = CARTESIAN_POINT ( 'NONE',  ( 20.46185475464040593, -21.24999999999998934, 3.500000000000000000 ) ) ;
#2056 = ORIENTED_EDGE ( 'NONE', *, *, #1537, .F. ) ;
#2057 = CARTESIAN_POINT ( 'NONE',  ( 0.000000000000000000, 1.040834085586084257E-14, 0.000000000000000000 ) ) ;
#2058 = EDGE_CURVE ( 'NONE', #2060, #1068, #319, .T. ) ;
#2059 = DIRECTION ( 'NONE',  ( 0.000000000000000000, -0.000000000000000000, -1.000000000000000000 ) ) ;
#2060 = VERTEX_POINT ( 'NONE', #2014 ) ;
#2061 = CARTESIAN_POINT ( 'NONE',  ( -2.249999999999993783, 2.755455298081537382E-16, 0.000000000000000000 ) ) ;
#2062 = VERTEX_POINT ( 'NONE', #3718 ) ;
#2063 = DIRECTION ( 'NONE',  ( 0.000000000000000000, 0.000000000000000000, -1.000000000000000000 ) ) ;
#2064 = CARTESIAN_POINT ( 'NONE',  ( -20.87911636061257425, -24.74999999999999645, 1.000000000000000000 ) ) ;
#2065 = ADVANCED_FACE ( 'NONE', ( #3829 ), #333, .T. ) ;
#2066 = EDGE_CURVE ( 'NONE', #1509, #3119, #3294, .T. ) ;
#2067 =( NAMED_UNIT ( * ) PLANE_ANGLE_UNIT ( ) SI_UNIT ( $, .RADIAN. ) );
#2068 = CARTESIAN_POINT ( 'NONE',  ( 20.74804828620746378, -24.47288443261025037, 0.1782306658685851308 ) ) ;
#2069 = AXIS2_PLACEMENT_3D ( 'NONE', #3043, #2716, #3028 ) ;
#2070 = CARTESIAN_POINT ( 'NONE',  ( -20.53958932003415327, -24.75000000000000000, 4.798051002635683737 ) ) ;
#2071 = CYLINDRICAL_SURFACE ( 'NONE', #2516, 9.000000000000000000 ) ;
#2072 = DIRECTION ( 'NONE',  ( 1.000000000000000000, 0.000000000000000000, 0.000000000000000000 ) ) ;
#2073 = CARTESIAN_POINT ( 'NONE',  ( -20.87911636061257425, -24.24999999999999645, 5.000000000000000000 ) ) ;
#2074 = CARTESIAN_POINT ( 'NONE',  ( -26.00638883350752195, -7.354646900528361009, 3.369749538187372107 ) ) ;
#2075 = CIRCLE ( 'NONE', #1935, 1.000000000000000000 ) ;
#2076 = B_SPLINE_CURVE_WITH_KNOTS ( 'NONE', 3,
 ( #3439, #659, #635, #961, #671, #978, #2242, #2294, #3822, #1058 ),
 .UNSPECIFIED., .F., .F.,
 ( 4, 2, 2, 2, 4 ),
 ( -9.617166668641745843E-06, 0.0003887965459487235215, 0.0007872102585660887804, 0.001185623971183453985, 0.001584037683800819298 ),
 .UNSPECIFIED. ) ;
#2077 = CARTESIAN_POINT ( 'NONE',  ( 20.00000000000000000, 0.000000000000000000, 0.000000000000000000 ) ) ;
#2078 = EDGE_CURVE ( 'NONE', #812, #1900, #3531, .T. ) ;
#2079 = CARTESIAN_POINT ( 'NONE',  ( 20.46185475464040593, -21.24999999999998934, 2.500000000000000000 ) ) ;
#2080 = LINE ( 'NONE', #3563, #1832 ) ;
#2081 = ORIENTED_EDGE ( 'NONE', *, *, #1803, .F. ) ;
#2082 = CARTESIAN_POINT ( 'NONE',  ( -26.51108353959401143, 6.197433247033034220, 0.8352752947804084060 ) ) ;
#2083 = CARTESIAN_POINT ( 'NONE',  ( 20.10441493801797108, -24.24999999999998934, 0.000000000000000000 ) ) ;
#2084 = TOROIDAL_SURFACE ( 'NONE', #3410, 31.50000000000000000, 1.000000000000000000 ) ;
#2085 = ADVANCED_FACE ( 'NONE', ( #2426 ), #387, .T. ) ;
#2086 = CARTESIAN_POINT ( 'NONE',  ( -20.66752296725818283, 24.75000000000001066, 4.350136635311640632 ) ) ;
#2087 = CARTESIAN_POINT ( 'NONE',  ( 20.00000000000000000, 0.000000000000000000, 0.000000000000000000 ) ) ;
#2088 = LINE ( 'NONE', #3973, #1248 ) ;
#2089 = CARTESIAN_POINT ( 'NONE',  ( 30.00000000000001066, 11.92941100404744681, 0.6123585295447093735 ) ) ;
#2090 = EDGE_CURVE ( 'NONE', #353, #914, #3246, .T. ) ;
#2091 = CARTESIAN_POINT ( 'NONE',  ( -26.50000000000000355, -12.96148139681570832, 2.500000000000000000 ) ) ;
#2092 = FACE_BOUND ( 'NONE', #450, .T. ) ;
#2093 = VERTEX_POINT ( 'NONE', #16 ) ;
#2094 = CARTESIAN_POINT ( 'NONE',  ( -26.84538335867499015, 5.297730881425109395, 0.2414196349443963885 ) ) ;
#2095 = CARTESIAN_POINT ( 'NONE',  ( 25.75974420014456356, 12.78902834728792826, 3.474257949561379455 ) ) ;
#2096 = VERTEX_POINT ( 'NONE', #3748 ) ;
#2097 = CARTESIAN_POINT ( 'NONE',  ( -20.10441493801795687, -24.24999999999999645, 5.000000000000000888 ) ) ;
#2098 = ORIENTED_EDGE ( 'NONE', *, *, #3906, .T. ) ;
#2099 = AXIS2_PLACEMENT_3D ( 'NONE', #1291, #2515, #1280 ) ;
#2100 = DIRECTION ( 'NONE',  ( 1.000000000000000000, 0.000000000000000000, 0.000000000000000000 ) ) ;
#2101 = DIRECTION ( 'NONE',  ( 1.000000000000000000, 0.000000000000000000, 0.000000000000000000 ) ) ;
#2102 = ORIENTED_EDGE ( 'NONE', *, *, #3882, .F. ) ;
#2103 = EDGE_LOOP ( 'NONE', ( #597, #3838, #190, #1948 ) ) ;
#2104 = CARTESIAN_POINT ( 'NONE',  ( -20.10441493801795687, -24.74999999999999645, 4.500000000000000888 ) ) ;
#2105 = DIRECTION ( 'NONE',  ( -1.000000000000000000, 0.000000000000000000, 0.000000000000000000 ) ) ;
#2106 = ORIENTED_EDGE ( 'NONE', *, *, #269, .F. ) ;
#2107 = CARTESIAN_POINT ( 'NONE',  ( -26.56641975407593748, -6.057609379674551597, 0.6372207063256696280 ) ) ;
#2108 = VERTEX_POINT ( 'NONE', #2150 ) ;
#2109 = ORIENTED_EDGE ( 'NONE', *, *, #981, .F. ) ;
#2110 = B_SPLINE_CURVE_WITH_KNOTS ( 'NONE', 3,
 ( #709, #2283, #383, #2583, #3840, #2864, #2609, #1671 ),
 .UNSPECIFIED., .F., .F.,
 ( 4, 2, 2, 4 ),
 ( 0.000000000000000000, 0.0005065301348859454480, 0.0007597952023289181178, 0.001013060269771890896 ),
 .UNSPECIFIED. ) ;
#2111 = CARTESIAN_POINT ( 'NONE',  ( 21.20535255374715078, 24.62890625000002132, 4.000000000000000000 ) ) ;
#2112 = DIRECTION ( 'NONE',  ( -0.000000000000000000, 0.000000000000000000, 1.000000000000000000 ) ) ;
#2113 = ORIENTED_EDGE ( 'NONE', *, *, #1407, .F. ) ;
#2114 = CARTESIAN_POINT ( 'NONE',  ( 26.50000000000000711, -12.96148139681570122, 1.000000000000000000 ) ) ;
#2115 = CARTESIAN_POINT ( 'NONE',  ( -20.40921462534815234, -20.98241495393903833, 3.149938245340535126 ) ) ;
#2116 = ORIENTED_EDGE ( 'NONE', *, *, #280, .T. ) ;
#2117 = EDGE_CURVE ( 'NONE', #1417, #2844, #2049, .T. ) ;
#2118 = DIRECTION ( 'NONE',  ( 1.156482317317871478E-16, -1.000000000000000000, 0.000000000000000000 ) ) ;
#2119 = DIRECTION ( 'NONE',  ( 0.000000000000000000, 0.000000000000000000, -1.000000000000000000 ) ) ;
#2120 = AXIS2_PLACEMENT_3D ( 'NONE', #140, #1712, #2338 ) ;
#2121 = CARTESIAN_POINT ( 'NONE',  ( 20.46185475464040593, -21.24999999999998934, 2.500000000000000000 ) ) ;
#2122 = CARTESIAN_POINT ( 'NONE',  ( 27.13433569911493848, 4.379597285069480428, 0.06333918415870352925 ) ) ;
#2123 = AXIS2_PLACEMENT_3D ( 'NONE', #3546, #2293, #147 ) ;
#2124 = DIRECTION ( 'NONE',  ( 0.000000000000000000, 0.000000000000000000, -1.000000000000000000 ) ) ;
#2125 = AXIS2_PLACEMENT_3D ( 'NONE', #197, #843, #2670 ) ;
#2126 = FACE_OUTER_BOUND ( 'NONE', #2789, .T. ) ;
#2127 = CARTESIAN_POINT ( 'NONE',  ( -29.99999999999999645, -12.39959676763724516, 1.000000000000000000 ) ) ;
#2128 = CARTESIAN_POINT ( 'NONE',  ( 20.27394773081097767, -24.74999999999998934, 0.5087345686711823856 ) ) ;
#2129 = CARTESIAN_POINT ( 'NONE',  ( 0.000000000000000000, 0.000000000000000000, 3.500000000000000000 ) ) ;
#2130 = VECTOR ( 'NONE', #251, 1000.000000000000000 ) ;
#2131 = CARTESIAN_POINT ( 'NONE',  ( -27.50000000000000355, 0.000000000000000000, 0.000000000000000000 ) ) ;
#2132 = CARTESIAN_POINT ( 'NONE',  ( -29.99999999999999289, -11.59843316265520841, 4.817797994209952250 ) ) ;
#2133 = VECTOR ( 'NONE', #3322, 1000.000000000000000 ) ;
#2134 = CARTESIAN_POINT ( 'NONE',  ( -26.94573757814620762, -4.995495139462918566, 0.1652783187982387325 ) ) ;
#2135 = EDGE_LOOP ( 'NONE', ( #3938, #1269, #348, #29 ) ) ;
#2136 = CARTESIAN_POINT ( 'NONE',  ( -29.66899786498820291, 11.61922076216117539, 4.936645830447036865 ) ) ;
#2137 = FACE_OUTER_BOUND ( 'NONE', #1713, .T. ) ;
#2138 = CARTESIAN_POINT ( 'NONE',  ( -29.96093750000000000, -12.59334046713157740, 1.000000000000000000 ) ) ;
#2139 = CYLINDRICAL_SURFACE ( 'NONE', #305, 32.50000000000000000 ) ;
#2140 = CARTESIAN_POINT ( 'NONE',  ( 20.22357334041918975, -24.29160124716998226, 0.000000000000000000 ) ) ;
#2141 = CARTESIAN_POINT ( 'NONE',  ( 29.69413957446964503, 11.70394472709340761, 0.08465689891193881045 ) ) ;
#2142 = ORIENTED_EDGE ( 'NONE', *, *, #2980, .F. ) ;
#2143 = CARTESIAN_POINT ( 'NONE',  ( -29.99999999999999645, 11.04536101718727537, 0.5000000000000000000 ) ) ;
#2144 = ORIENTED_EDGE ( 'NONE', *, *, #924, .T. ) ;
#2145 = EDGE_CURVE ( 'NONE', #2149, #1849, #423, .T. ) ;
#2146 = CARTESIAN_POINT ( 'NONE',  ( -21.02402132504454713, 24.75000000000000000, 4.264143557445520649 ) ) ;
#2147 = ORIENTED_EDGE ( 'NONE', *, *, #3181, .T. ) ;
#2148 = ADVANCED_FACE ( 'NONE', ( #809 ), #3340, .T. ) ;
#2149 = VERTEX_POINT ( 'NONE', #2523 ) ;
#2150 = CARTESIAN_POINT ( 'NONE',  ( 14.00000000000000000, 7.347880794884119736E-16, 0.000000000000000000 ) ) ;
#2151 = CARTESIAN_POINT ( 'NONE',  ( -29.74152096264321088, -11.86300061458093502, 4.863212568590016716 ) ) ;
#2152 = ORIENTED_EDGE ( 'NONE', *, *, #2478, .T. ) ;
#2153 = ORIENTED_EDGE ( 'NONE', *, *, #2290, .F. ) ;
#2154 = CARTESIAN_POINT ( 'NONE',  ( -29.99999999999999645, -11.04536101718726471, 4.500000000000000888 ) ) ;
#2155 = AXIS2_PLACEMENT_3D ( 'NONE', #1416, #2687, #811 ) ;
#2156 = CARTESIAN_POINT ( 'NONE',  ( 30.00000000000000711, 11.18347951703838206, 0.04038973466633048737 ) ) ;
#2157 = CARTESIAN_POINT ( 'NONE',  ( 29.87318651744994824, 12.30241705528220386, 0.3906954278958291726 ) ) ;
#2158 = B_SPLINE_CURVE_WITH_KNOTS ( 'NONE', 3,
 ( #706, #1341, #1301, #1929, #3517, #3810, #1638, #2561, #2848, #1947 ),
 .UNSPECIFIED., .F., .F.,
 ( 4, 2, 2, 2, 4 ),
 ( 0.000000000000000000, 0.0007623969691129101837, 0.001143595453669364950, 0.001334194695947592225, 0.001524793938225819717 ),
 .UNSPECIFIED. ) ;
#2159 = VERTEX_POINT ( 'NONE', #340 ) ;
#2160 = CARTESIAN_POINT ( 'NONE',  ( -29.49999999999999645, 11.04536101718727537, 0.5000000000000000000 ) ) ;
#2161 = EDGE_CURVE ( 'NONE', #396, #977, #2076, .T. ) ;
#2162 = ORIENTED_EDGE ( 'NONE', *, *, #1726, .F. ) ;
#2163 = ORIENTED_EDGE ( 'NONE', *, *, #2817, .T. ) ;
#2164 = EDGE_LOOP ( 'NONE', ( #1749, #2596, #3363, #196 ) ) ;
#2165 = DIRECTION ( 'NONE',  ( -1.000000000000000000, 0.000000000000000000, -0.000000000000000000 ) ) ;
#2166 = ADVANCED_FACE ( 'NONE', ( #2474 ), #2307, .F. ) ;
#2167 = CARTESIAN_POINT ( 'NONE',  ( 30.00000000000000355, 11.59875833028610614, 0.1823458798628083966 ) ) ;
#2168 = CARTESIAN_POINT ( 'NONE',  ( -20.47566138080548725, -21.32092699421187731, 0.6500399815109615398 ) ) ;
#2169 = EDGE_CURVE ( 'NONE', #1618, #1966, #1592, .T. ) ;
#2170 = FACE_OUTER_BOUND ( 'NONE', #3263, .T. ) ;
#2171 = CARTESIAN_POINT ( 'NONE',  ( -20.46185475464040593, -21.24999999999998934, 2.500000000000000000 ) ) ;
#2172 = AXIS2_PLACEMENT_3D ( 'NONE', #1635, #393, #1944 ) ;
#2173 = CARTESIAN_POINT ( 'NONE',  ( -20.87911636061258847, 24.75000000000000355, 4.000000000000000000 ) ) ;
#2174 = AXIS2_PLACEMENT_3D ( 'NONE', #2000, #2634, #465 ) ;
#2175 = VECTOR ( 'NONE', #2787, 1000.000000000000000 ) ;
#2176 = CARTESIAN_POINT ( 'NONE',  ( -29.83884714896839441, 12.18818584580089848, 4.697786477710087283 ) ) ;
#2177 = CARTESIAN_POINT ( 'NONE',  ( -26.47317259897689468, 12.95527599407202146, 2.765304586857052271 ) ) ;
#2178 = CARTESIAN_POINT ( 'NONE',  ( 26.63648277511213891, -5.876530281372569497, 0.4832203293349653928 ) ) ;
#2179 = AXIS2_PLACEMENT_3D ( 'NONE', #825, #1143, #3638 ) ;
#2180 = TOROIDAL_SURFACE ( 'NONE', #2179, 30.50000000000000355, 1.000000000000000000 ) ;
#2181 = CARTESIAN_POINT ( 'NONE',  ( 29.96093750000000355, 12.59334046713157562, 1.000000000000001332 ) ) ;
#2182 = VECTOR ( 'NONE', #732, 1000.000000000000000 ) ;
#2183 = CARTESIAN_POINT ( 'NONE',  ( -29.99999999999999645, -12.22194624357945969, 4.255303688358365477 ) ) ;
#2184 = CARTESIAN_POINT ( 'NONE',  ( 21.00107847791267091, 24.55944699221860361, 0.4003374738792104814 ) ) ;
#2185 = FACE_OUTER_BOUND ( 'NONE', #3925, .T. ) ;
#2186 = ADVANCED_FACE ( 'NONE', ( #3642, #4010, #1691, #3384 ), #2582, .F. ) ;
#2187 = CARTESIAN_POINT ( 'NONE',  ( 20.10441493801797108, 24.75000000000001066, 5.000000000000000888 ) ) ;
#2188 = CARTESIAN_POINT ( 'NONE',  ( 0.000000000000000000, 0.000000000000000000, 2.500000000000000000 ) ) ;
#2189 = CYLINDRICAL_SURFACE ( 'NONE', #3412, 0.5000000000000004441 ) ;
#2190 = ORIENTED_EDGE ( 'NONE', *, *, #3928, .T. ) ;
#2191 = EDGE_CURVE ( 'NONE', #1076, #3662, #761, .T. ) ;
#2192 = CARTESIAN_POINT ( 'NONE',  ( 30.00000000000000355, 11.17356577284757257, 0.4999999987076834129 ) ) ;
#2193 = DIRECTION ( 'NONE',  ( -0.000000000000000000, -1.000000000000000000, -0.000000000000000000 ) ) ;
#2194 = ORIENTED_EDGE ( 'NONE', *, *, #2457, .T. ) ;
#2195 = AXIS2_PLACEMENT_3D ( 'NONE', #3923, #2112, #213 ) ;
#2196 = CARTESIAN_POINT ( 'NONE',  ( 30.00000000000000355, -12.05176385592555377, 0.6518719888524787676 ) ) ;
#2197 = EDGE_CURVE ( 'NONE', #870, #276, #1884, .T. ) ;
#2198 = ORIENTED_EDGE ( 'NONE', *, *, #2505, .T. ) ;
#2199 = DIRECTION ( 'NONE',  ( 0.000000000000000000, -1.000000000000000000, 0.000000000000000000 ) ) ;
#2200 = CARTESIAN_POINT ( 'NONE',  ( 20.58207265985847911, 24.41593269160333435, 0.06518624434050858396 ) ) ;
#2201 = ORIENTED_EDGE ( 'NONE', *, *, #3257, .F. ) ;
#2202 = CARTESIAN_POINT ( 'NONE',  ( 20.74532153332118511, 24.47194941742129970, 0.1762666328721889386 ) ) ;
#2203 = CARTESIAN_POINT ( 'NONE',  ( 29.54890024989252950, -11.21258239209859831, -8.131516293641242579E-17 ) ) ;
#2204 = ORIENTED_EDGE ( 'NONE', *, *, #1650, .F. ) ;
#2205 = ORIENTED_EDGE ( 'NONE', *, *, #438, .T. ) ;
#2206 = VERTEX_POINT ( 'NONE', #698 ) ;
#2207 = ADVANCED_FACE ( 'NONE', ( #2719 ), #3880, .T. ) ;
#2208 = DIRECTION ( 'NONE',  ( 0.000000000000000000, 0.000000000000000000, -1.000000000000000000 ) ) ;
#2209 = VERTEX_POINT ( 'NONE', #435 ) ;
#2210 = CARTESIAN_POINT ( 'NONE',  ( 30.00000000000000711, -11.32443954464419811, 0.08413504792055241654 ) ) ;
#2211 = VERTEX_POINT ( 'NONE', #778 ) ;
#2212 = CARTESIAN_POINT ( 'NONE',  ( 29.50000000000000000, -12.39959676763722740, 1.000000000000000000 ) ) ;
#2213 = CARTESIAN_POINT ( 'NONE',  ( 21.20535255374715078, 24.62890625000002132, 1.000000000000000000 ) ) ;
#2214 = DIRECTION ( 'NONE',  ( 0.000000000000000000, 1.000000000000000000, 0.000000000000000000 ) ) ;
#2215 = EDGE_CURVE ( 'NONE', #2052, #1503, #1445, .T. ) ;
#2216 = CARTESIAN_POINT ( 'NONE',  ( 29.96093761706536540, 12.59334018862024784, 4.132709400249167331 ) ) ;
#2217 = CYLINDRICAL_SURFACE ( 'NONE', #1523, 0.5000000000000004441 ) ;
#2218 = DIRECTION ( 'NONE',  ( 1.000000000000000000, 0.000000000000000000, 0.000000000000000000 ) ) ;
#2219 = DIRECTION ( 'NONE',  ( 0.000000000000000000, 0.000000000000000000, 1.000000000000000000 ) ) ;
#2220 = LINE ( 'NONE', #3002, #3235 ) ;
#2221 = EDGE_CURVE ( 'NONE', #3984, #3699, #1544, .T. ) ;
#2222 = CARTESIAN_POINT ( 'NONE',  ( 30.00000000000000355, -12.36475490506372488, 0.8742609918153572135 ) ) ;
#2223 = AXIS2_PLACEMENT_3D ( 'NONE', #3053, #3641, #232 ) ;
#2224 = CIRCLE ( 'NONE', #3492, 55.00000000000000000 ) ;
#2225 = CARTESIAN_POINT ( 'NONE',  ( -20.84354240508937650, -24.74999999999999645, 0.8321477342130619848 ) ) ;
#2226 = DIRECTION ( 'NONE',  ( 0.000000000000000000, -0.000000000000000000, -1.000000000000000000 ) ) ;
#2227 = ADVANCED_FACE ( 'NONE', ( #3102 ), #1051, .T. ) ;
#2228 = CARTESIAN_POINT ( 'NONE',  ( 21.04586472312596612, 24.57470406668860008, 0.4631509291654668514 ) ) ;
#2229 = FACE_OUTER_BOUND ( 'NONE', #3646, .T. ) ;
#2230 = AXIS2_PLACEMENT_3D ( 'NONE', #1808, #2403, #2427 ) ;
#2231 = CIRCLE ( 'NONE', #3377, 0.5000000000000000000 ) ;
#2232 = CARTESIAN_POINT ( 'NONE',  ( 11.00000000000000178, 0.000000000000000000, 3.500000000000000000 ) ) ;
#2233 = PLANE ( 'NONE',  #3725 ) ;
#2234 = EDGE_CURVE ( 'NONE', #43, #3699, #3196, .T. ) ;
#2235 = CIRCLE ( 'NONE', #853, 2.249999999999999556 ) ;
#2236 = CARTESIAN_POINT ( 'NONE',  ( 30.00000000000000355, -11.32434344573229801, 4.915885940951746136 ) ) ;
#2237 = ORIENTED_EDGE ( 'NONE', *, *, #3882, .T. ) ;
#2238 = CARTESIAN_POINT ( 'NONE',  ( -20.89511322568012375, -24.74999999999999645, 0.5211543907444584622 ) ) ;
#2239 = DIRECTION ( 'NONE',  ( 0.000000000000000000, 0.000000000000000000, 1.000000000000000000 ) ) ;
#2240 = EDGE_LOOP ( 'NONE', ( #3071, #2987, #1309, #3075, #3979, #587, #1521, #2638, #2702, #159, #684, #2794, #881 ) ) ;
#2241 = ORIENTED_EDGE ( 'NONE', *, *, #2711, .F. ) ;
#2242 = CARTESIAN_POINT ( 'NONE',  ( -26.62896309628558100, -12.99130162810170752, 0.4913467178333649210 ) ) ;
#2243 = DIRECTION ( 'NONE',  ( 0.000000000000000000, -1.000000000000000000, 0.000000000000000000 ) ) ;
#2244 = CARTESIAN_POINT ( 'NONE',  ( 27.22015596346405175, -4.065298806771690643, 0.03673895486694134238 ) ) ;
#2245 = EDGE_CURVE ( 'NONE', #3905, #2579, #3011, .T. ) ;
#2246 = ADVANCED_FACE ( 'NONE', ( #1338 ), #1405, .T. ) ;
#2247 = ORIENTED_EDGE ( 'NONE', *, *, #3537, .F. ) ;
#2248 = CARTESIAN_POINT ( 'NONE',  ( 20.27290473964233186, -24.74999999999998934, 4.491442727280947622 ) ) ;
#2249 = ORIENTED_EDGE ( 'NONE', *, *, #258, .T. ) ;
#2250 = AXIS2_PLACEMENT_3D ( 'NONE', #2550, #3187, #41 ) ;
#2251 = DIRECTION ( 'NONE',  ( -0.000000000000000000, 0.000000000000000000, 1.000000000000000000 ) ) ;
#2252 = CARTESIAN_POINT ( 'NONE',  ( -3.707106781186546129, 4.539896453677550935E-16, 4.707106781186547906 ) ) ;
#2253 = AXIS2_PLACEMENT_3D ( 'NONE', #2618, #2903, #717 ) ;
#2254 = ORIENTED_EDGE ( 'NONE', *, *, #547, .T. ) ;
#2255 = ORIENTED_EDGE ( 'NONE', *, *, #3312, .F. ) ;
#2256 = CARTESIAN_POINT ( 'NONE',  ( -20.90205330775952675, 24.52565374340989024, 0.2993070274392035102 ) ) ;
#2257 = CARTESIAN_POINT ( 'NONE',  ( 0.000000000000000000, 1.040834085586084257E-14, 4.000000000000000000 ) ) ;
#2258 = EDGE_LOOP ( 'NONE', ( #2487, #2698, #666, #2116 ) ) ;
#2259 = ORIENTED_EDGE ( 'NONE', *, *, #2034, .T. ) ;
#2260 = CARTESIAN_POINT ( 'NONE',  ( 29.96093750000000711, 12.59334046713157917, 1.000000000000000000 ) ) ;
#2261 = CARTESIAN_POINT ( 'NONE',  ( 20.43754857445795636, -24.74999999999998934, 4.455524081858236229 ) ) ;
#2262 = ORIENTED_EDGE ( 'NONE', *, *, #3173, .T. ) ;
#2263 = CARTESIAN_POINT ( 'NONE',  ( -29.96093749999999289, 12.59334046713159339, 0.9120408511711335375 ) ) ;
#2264 = CARTESIAN_POINT ( 'NONE',  ( 20.32071135235910475, 24.75000000000001066, 0.07551463029320150400 ) ) ;
#2265 =( BOUNDED_SURFACE ( )  B_SPLINE_SURFACE ( 3, 2, ( 
 ( #1028, #1053, #1337 ),
 ( #1312, #2299, #3541 ),
 ( #2248, #1942, #3512 ),
 ( #2261, #2572, #701 ),
 ( #2889, #1730, #3899 ),
 ( #3600, #2953, #475 ),
 ( #2659, #1110, #2941 ),
 ( #798, #3885, #3860 ),
 ( #2039, #1097, #492 ),
 ( #2969, #184, #1066 ),
 ( #1426, #3248, #1994 ),
 ( #786, #2371, #2983 ) ),
 .UNSPECIFIED., .F., .F., .T. ) 
 B_SPLINE_SURFACE_WITH_KNOTS ( ( 4, 2, 2, 2, 2, 4 ),
 ( 3, 3 ),
 ( 0.001088176241576487057, 0.001340932425563643761, 0.001593688609550800682, 0.001720066701544379142, 0.001846444793537957603, 0.002099200977525114524 ),
 ( 0.000000000000000000, 1.000000000000000000 ),
 .UNSPECIFIED. ) 
 GEOMETRIC_REPRESENTATION_ITEM ( )  RATIONAL_B_SPLINE_SURFACE ( (
 ( 1.000000000000000000, 0.7071067811865475727, 1.000000000000000000),
 ( 1.000000000000000000, 0.7360931137566527616, 1.000000000000000000),
 ( 1.000000000000000000, 0.7637930109568252801, 1.000000000000000000),
 ( 1.000000000000000000, 0.8148892476662873419, 1.000000000000000000),
 ( 1.000000000000000000, 0.8383440617071429291, 1.000000000000000000),
 ( 1.000000000000000000, 0.8704395954887049758, 1.000000000000000000),
 ( 1.000000000000000000, 0.8803850047658066114, 1.000000000000000000),
 ( 1.000000000000000000, 0.8986753539468728125, 1.000000000000000000),
 ( 1.000000000000000000, 0.9070906924759823964, 1.000000000000000000),
 ( 1.000000000000000000, 0.9283301677553768005, 1.000000000000000000),
 ( 1.000000000000000000, 0.9376224639243749825, 1.000000000000000000),
 ( 1.000000000000000000, 0.9375000000000004441, 1.000000000000000000) ) ) 
 REPRESENTATION_ITEM ( '' )  SURFACE ( )  );
#2266 = COORDINATED_UNIVERSAL_TIME_OFFSET ( 8, 0, .AHEAD. ) ;
#2267 = CARTESIAN_POINT ( 'NONE',  ( -29.99999999999999289, 12.46404783948272410, 0.8090050003619495556 ) ) ;
#2268 = CARTESIAN_POINT ( 'NONE',  ( -20.18925755633357610, 24.75000000000000355, 0.5000000075631757523 ) ) ;
#2269 = EDGE_CURVE ( 'NONE', #2936, #52, #1135, .T. ) ;
#2270 = DIRECTION ( 'NONE',  ( 0.000000000000000000, 1.000000000000000000, 0.000000000000000000 ) ) ;
#2271 = DIRECTION ( 'NONE',  ( 0.000000000000000000, -0.000000000000000000, -1.000000000000000000 ) ) ;
#2272 = FACE_OUTER_BOUND ( 'NONE', #1619, .T. ) ;
#2273 = CARTESIAN_POINT ( 'NONE',  ( -20.46185475464040238, 21.25000000000001776, 0.9274830181860872491 ) ) ;
#2274 = CARTESIAN_POINT ( 'NONE',  ( 25.62932550099801077, -12.75840177479773274, 3.500000000000000000 ) ) ;
#2275 = DIRECTION ( 'NONE',  ( 1.000000000000000000, 0.000000000000000000, 0.000000000000000000 ) ) ;
#2276 = EDGE_CURVE ( 'NONE', #3758, #720, #708, .T. ) ;
#2277 = LINE ( 'NONE', #2055, #2321 ) ;
#2278 = EDGE_LOOP ( 'NONE', ( #2406, #1377, #155, #788 ) ) ;
#2279 = DIRECTION ( 'NONE',  ( -1.000000000000000000, -1.156482317317871478E-16, 0.000000000000000000 ) ) ;
#2280 = CARTESIAN_POINT ( 'NONE',  ( 21.20535255374715078, -24.62890625000000000, 1.000000000000000000 ) ) ;
#2281 = DIRECTION ( 'NONE',  ( -7.008983741320432232E-17, -1.000000000000000000, 0.000000000000000000 ) ) ;
#2282 = TOROIDAL_SURFACE ( 'NONE', #3485, 9.999999999999998224, 1.000000000000000000 ) ;
#2283 = CARTESIAN_POINT ( 'NONE',  ( 20.27380214934731839, -24.74999999999998934, 4.500000000000000888 ) ) ;
#2284 = FACE_OUTER_BOUND ( 'NONE', #3125, .T. ) ;
#2285 = CARTESIAN_POINT ( 'NONE',  ( 26.18848871306095205, -6.960297238298286615, 3.234082992058354478 ) ) ;
#2286 = CARTESIAN_POINT ( 'NONE',  ( 0.000000000000000000, 0.000000000000000000, 4.000000000000000000 ) ) ;
#2287 = CIRCLE ( 'NONE', #3834, 9.999999999999998224 ) ;
#2288 = CARTESIAN_POINT ( 'NONE',  ( -29.99999999999999645, 12.39959676763726470, 1.000000000000000000 ) ) ;
#2289 = ORIENTED_EDGE ( 'NONE', *, *, #827, .T. ) ;
#2290 = EDGE_CURVE ( 'NONE', #3750, #3765, #2080, .T. ) ;
#2291 = DIRECTION ( 'NONE',  ( -0.000000000000000000, 0.000000000000000000, 1.000000000000000000 ) ) ;
#2292 = ORIENTED_EDGE ( 'NONE', *, *, #332, .F. ) ;
#2293 = DIRECTION ( 'NONE',  ( 0.000000000000000000, 0.000000000000000000, -1.000000000000000000 ) ) ;
#2294 = CARTESIAN_POINT ( 'NONE',  ( -26.52679374254181610, -12.96768683574119230, 0.7348528153354586534 ) ) ;
#2295 = CARTESIAN_POINT ( 'NONE',  ( -29.99999999999999645, -12.50000000000000355, 0.5000000000000000000 ) ) ;
#2296 = EDGE_CURVE ( 'NONE', #3409, #2305, #3877, .T. ) ;
#2297 = DIRECTION ( 'NONE',  ( 1.000000000000000000, 0.000000000000000000, 0.000000000000000000 ) ) ;
#2298 = CARTESIAN_POINT ( 'NONE',  ( -21.20535255374715078, -24.62890625000000355, 4.000000000000000000 ) ) ;
#2299 = CARTESIAN_POINT ( 'NONE',  ( 20.21713667234343603, -24.74999999999998934, 4.960645953013400167 ) ) ;
#2300 = ORIENTED_EDGE ( 'NONE', *, *, #1431, .T. ) ;
#2301 = VERTEX_POINT ( 'NONE', #164 ) ;
#2302 = CARTESIAN_POINT ( 'NONE',  ( 30.00000000000000000, -11.99719721578211207, 4.633093481187381180 ) ) ;
#2303 = EDGE_LOOP ( 'NONE', ( #3080, #834, #141, #2404 ) ) ;
#2304 = DIRECTION ( 'NONE',  ( -1.000000000000000000, -1.156482317317871478E-16, 0.000000000000000000 ) ) ;
#2305 = VERTEX_POINT ( 'NONE', #2975 ) ;
#2306 = AXIS2_PLACEMENT_3D ( 'NONE', #2854, #3138, #2218 ) ;
#2307 = PLANE ( 'NONE',  #1677 ) ;
#2308 = ORIENTED_EDGE ( 'NONE', *, *, #3480, .T. ) ;
#2309 = DIRECTION ( 'NONE',  ( -0.000000000000000000, 1.000000000000000000, 0.000000000000000000 ) ) ;
#2310 = B_SPLINE_CURVE_WITH_KNOTS ( 'NONE', 3,
 ( #1632, #3803, #430, #3844, #1686, #2603, #2642, #3557, #2341, #2658 ),
 .UNSPECIFIED., .F., .F.,
 ( 4, 2, 2, 2, 4 ),
 ( 0.000000000000000000, 0.0005245487961210051724, 0.001049097592242010345, 0.001573646388363015517, 0.002098195184484020689 ),
 .UNSPECIFIED. ) ;
#2311 = DIRECTION ( 'NONE',  ( 0.000000000000000000, 0.000000000000000000, 1.000000000000000000 ) ) ;
#2312 = DIRECTION ( 'NONE',  ( -1.000000000000000000, 0.000000000000000000, 0.000000000000000000 ) ) ;
#2313 = DIRECTION ( 'NONE',  ( -0.000000000000000000, -0.000000000000000000, -1.000000000000000000 ) ) ;
#2314 = CARTESIAN_POINT ( 'NONE',  ( -20.46185475464039172, 21.25000000000001066, 2.572670953788342985 ) ) ;
#2315 = DATE_AND_TIME ( #18, #3330 ) ;
#2316 = CARTESIAN_POINT ( 'NONE',  ( -20.73281795730844834, -24.74999999999999645, 4.295517902617899786 ) ) ;
#2317 = CARTESIAN_POINT ( 'NONE',  ( 26.50000000000000711, 12.96148139681572076, 1.000000000000000000 ) ) ;
#2318 = LINE ( 'NONE', #903, #2809 ) ;
#2319 = CARTESIAN_POINT ( 'NONE',  ( 29.50000000000000355, -11.04536101718724872, 5.000000000000000000 ) ) ;
#2320 = CARTESIAN_POINT ( 'NONE',  ( -29.99999999999999645, 11.29944436879102732, 0.5058302495800754972 ) ) ;
#2321 = VECTOR ( 'NONE', #146, 1000.000000000000000 ) ;
#2322 = DIRECTION ( 'NONE',  ( 0.000000000000000000, 0.000000000000000000, 1.000000000000000000 ) ) ;
#2323 = EDGE_CURVE ( 'NONE', #1966, #2301, #223, .T. ) ;
#2324 = CARTESIAN_POINT ( 'NONE',  ( -20.10441493801797819, 24.25000000000000355, 0.000000000000000000 ) ) ;
#2325 = CARTESIAN_POINT ( 'NONE',  ( 21.04595339665901932, -24.57473414919410715, 4.536567011344368794 ) ) ;
#2326 = AXIS2_PLACEMENT_3D ( 'NONE', #839, #497, #230 ) ;
#2327 = DIRECTION ( 'NONE',  ( -0.000000000000000000, -0.000000000000000000, 1.000000000000000000 ) ) ;
#2328 = DIRECTION ( 'NONE',  ( 1.000000000000000000, 1.156482317317871478E-16, -0.000000000000000000 ) ) ;
#2329 = AXIS2_PLACEMENT_3D ( 'NONE', #2087, #3927, #188 ) ;
#2330 = CIRCLE ( 'NONE', #3356, 0.9999999999999991118 ) ;
#2331 = CARTESIAN_POINT ( 'NONE',  ( -26.50000000000000355, 6.224949798994363626, 1.000000000000000000 ) ) ;
#2332 = AXIS2_PLACEMENT_3D ( 'NONE', #1983, #2605, #1020 ) ;
#2333 = CARTESIAN_POINT ( 'NONE',  ( -26.47317259897689468, -12.95527599407199659, 2.765304586857052271 ) ) ;
#2334 = CARTESIAN_POINT ( 'NONE',  ( 20.00000000000000000, 0.000000000000000000, 3.500000000000000000 ) ) ;
#2335 = FACE_OUTER_BOUND ( 'NONE', #1252, .T. ) ;
#2336 = CARTESIAN_POINT ( 'NONE',  ( -26.47909200665550600, -6.277176924157109816, 2.723054984720213234 ) ) ;
#2337 = B_SPLINE_CURVE_WITH_KNOTS ( 'NONE', 3,
 ( #3983, #275, #3174, #3110, #3386, #2867, #2476, #1532, #992, #1562 ),
 .UNSPECIFIED., .F., .F.,
 ( 4, 2, 2, 2, 4 ),
 ( 0.000000000000000000, 0.0001936245075781772851, 0.0003872490151563545702, 0.0007744980303127090319, 0.001548996060625417630 ),
 .UNSPECIFIED. ) ;
#2338 = DIRECTION ( 'NONE',  ( 0.000000000000000000, 0.000000000000000000, -1.000000000000000000 ) ) ;
#2339 = ORIENTED_EDGE ( 'NONE', *, *, #3312, .T. ) ;
#2340 = CARTESIAN_POINT ( 'NONE',  ( 20.87911636061258136, -24.24999999999998934, 1.000000000000000000 ) ) ;
#2341 = CARTESIAN_POINT ( 'NONE',  ( -29.54889252929454457, 11.21255599041334783, 5.000000000000000000 ) ) ;
#2342 = DIRECTION ( 'NONE',  ( 1.000000000000000000, 0.000000000000000000, 0.000000000000000000 ) ) ;
#2343 = VERTEX_POINT ( 'NONE', #792 ) ;
#2344 = CARTESIAN_POINT ( 'NONE',  ( -21.06470850604024037, -24.75000000000000000, 4.000000000000000888 ) ) ;
#2345 = ORIENTED_EDGE ( 'NONE', *, *, #934, .T. ) ;
#2346 = CARTESIAN_POINT ( 'NONE',  ( -25.50000000000000355, 8.351646544245030057, 3.500000000000000000 ) ) ;
#2347 = VERTEX_POINT ( 'NONE', #3652 ) ;
#2348 = DIRECTION ( 'NONE',  ( 1.000000000000000000, 0.000000000000000000, 0.000000000000000000 ) ) ;
#2349 = CARTESIAN_POINT ( 'NONE',  ( -20.27380214934731484, -24.75000000000000000, 0.5000000000000001110 ) ) ;
#2350 = ORIENTED_EDGE ( 'NONE', *, *, #1622, .F. ) ;
#2351 = EDGE_LOOP ( 'NONE', ( #2798, #3324, #1843, #3800 ) ) ;
#2352 = EDGE_CURVE ( 'NONE', #3935, #1896, #1880, .T. ) ;
#2353 = APPROVAL_ROLE ( '' ) ;
#2354 = DIRECTION ( 'NONE',  ( 0.000000000000000000, 1.000000000000000000, -0.000000000000000000 ) ) ;
#2355 = CARTESIAN_POINT ( 'NONE',  ( -20.42817845830166235, 21.07832408302853366, 3.039808790486957957 ) ) ;
#2356 = ORIENTED_EDGE ( 'NONE', *, *, #2692, .F. ) ;
#2357 = ORIENTED_EDGE ( 'NONE', *, *, #2366, .T. ) ;
#2358 = CARTESIAN_POINT ( 'NONE',  ( -21.20535255374715078, -24.62890625000000000, 4.000000000000000000 ) ) ;
#2359 = CARTESIAN_POINT ( 'NONE',  ( 20.00000000000000000, 0.000000000000000000, 2.000000000000000000 ) ) ;
#2360 = AXIS2_PLACEMENT_3D ( 'NONE', #580, #1844, #2465 ) ;
#2361 = DIRECTION ( 'NONE',  ( 0.000000000000000000, 0.000000000000000000, -1.000000000000000000 ) ) ;
#2362 = B_SPLINE_CURVE_WITH_KNOTS ( 'NONE', 3,
 ( #3926, #3888, #2333, #2689, #2955, #3012, #1418, #2391, #3264, #800 ),
 .UNSPECIFIED., .F., .F.,
 ( 4, 2, 2, 2, 4 ),
 ( 0.000000000000000000, 0.0003958293023325214796, 0.0007916586046650429592, 0.001187487906997564385, 0.001583317209330085918 ),
 .UNSPECIFIED. ) ;
#2363 = CARTESIAN_POINT ( 'NONE',  ( -29.99999999999999645, -12.39959676763724516, 4.000000000000000000 ) ) ;
#2364 = CARTESIAN_POINT ( 'NONE',  ( 30.00000000000000355, -11.04536101718724339, 0.4999999999999995559 ) ) ;
#2365 = COORDINATED_UNIVERSAL_TIME_OFFSET ( 8, 0, .AHEAD. ) ;
#2366 = EDGE_CURVE ( 'NONE', #2159, #3392, #523, .T. ) ;
#2367 = B_SPLINE_CURVE_WITH_KNOTS ( 'NONE', 3,
 ( #745, #458, #97, #1955, #125, #3555, #3858, #1350, #2273, #2887 ),
 .UNSPECIFIED., .F., .F.,
 ( 4, 2, 2, 2, 4 ),
 ( -6.637891781454797557E-06, 0.0008491954089207374035, 0.001277112059271834354, 0.001491070384447382288, 0.001705028709622930438 ),
 .UNSPECIFIED. ) ;
#2368 = CARTESIAN_POINT ( 'NONE',  ( 2.862293735361731311E-15, -24.74999999999999289, 5.000000000000000000 ) ) ;
#2369 = VERTEX_POINT ( 'NONE', #2104 ) ;
#2370 = CARTESIAN_POINT ( 'NONE',  ( 30.00000000000001421, -11.92941100404743082, 4.387641470455293735 ) ) ;
#2371 = CARTESIAN_POINT ( 'NONE',  ( 21.06470850604025458, -24.74999999999998934, 4.000000000000000888 ) ) ;
#2372 = VECTOR ( 'NONE', #2354, 1000.000000000000000 ) ;
#2373 = CARTESIAN_POINT ( 'NONE',  ( 20.47566138080548725, -21.32092699421187731, 0.6500399815109615398 ) ) ;
#2374 = TOROIDAL_SURFACE ( 'NONE', #2332, 31.50000000000000000, 1.000000000000000000 ) ;
#2375 = DIRECTION ( 'NONE',  ( -0.000000000000000000, 0.000000000000000000, 1.000000000000000000 ) ) ;
#2376 = DIRECTION ( 'NONE',  ( -0.000000000000000000, -0.000000000000000000, -1.000000000000000000 ) ) ;
#2377 = EDGE_CURVE ( 'NONE', #1896, #977, #1395, .T. ) ;
#2378 = FACE_OUTER_BOUND ( 'NONE', #3407, .T. ) ;
#2379 = DIRECTION ( 'NONE',  ( -1.000000000000000000, 0.000000000000000000, 0.000000000000000000 ) ) ;
#2380 = CARTESIAN_POINT ( 'NONE',  ( 20.95647980134594235, -24.54424993961167445, 4.646744371307370614 ) ) ;
#2381 = VERTEX_POINT ( 'NONE', #1570 ) ;
#2382 = AXIS2_PLACEMENT_3D ( 'NONE', #3360, #1519, #2461 ) ;
#2383 = CARTESIAN_POINT ( 'NONE',  ( 20.46007229916204651, -21.24085378148410541, 2.643684733104489482 ) ) ;
#2384 = FACE_OUTER_BOUND ( 'NONE', #737, .T. ) ;
#2385 = CARTESIAN_POINT ( 'NONE',  ( 30.00000000000000355, -12.27616097037308407, 4.218800025493748329 ) ) ;
#2386 = DIRECTION ( 'NONE',  ( -1.000000000000000000, 0.000000000000000000, 0.000000000000000000 ) ) ;
#2387 = EDGE_CURVE ( 'NONE', #3296, #720, #3292, .T. ) ;
#2388 = CARTESIAN_POINT ( 'NONE',  ( -20.10441493801795687, -24.74999999999999645, 5.000000000000000888 ) ) ;
#2389 = VECTOR ( 'NONE', #975, 1000.000000000000000 ) ;
#2390 = ORIENTED_EDGE ( 'NONE', *, *, #3744, .F. ) ;
#2391 = CARTESIAN_POINT ( 'NONE',  ( -25.75969185125223859, -12.78901607132031160, 3.474272623895543699 ) ) ;
#2392 = CARTESIAN_POINT ( 'NONE',  ( 20.84362786173812765, 24.75000000000001421, 4.167846151945381550 ) ) ;
#2393 = CARTESIAN_POINT ( 'NONE',  ( -20.21713667234338985, -24.74999999999999645, 0.03935404698669202339 ) ) ;
#2394 = CARTESIAN_POINT ( 'NONE',  ( 20.37359302848288678, 24.34397695890869784, 4.999999999999998224 ) ) ;
#2395 = EDGE_LOOP ( 'NONE', ( #3220, #4027, #2841, #386 ) ) ;
#2396 = B_SPLINE_CURVE_WITH_KNOTS ( 'NONE', 3,
 ( #3219, #2591, #3180, #58, #1326, #1633, #1687, #1014, #3231, #2288 ),
 .UNSPECIFIED., .F., .F.,
 ( 4, 2, 2, 2, 4 ),
 ( 0.000000000000000000, 0.0007663902760569219364, 0.001149585414085385398, 0.001341182983099614744, 0.001532780552113844307 ),
 .UNSPECIFIED. ) ;
#2397 =( BOUNDED_SURFACE ( )  B_SPLINE_SURFACE ( 3, 2, ( 
 ( #2615, #2026, #98 ),
 ( #444, #2912, #2940 ),
 ( #771, #1084, #2968 ),
 ( #3230, #1040, #3259 ),
 ( #2952, #756, #3218 ),
 ( #1367, #3524, #3584 ),
 ( #1096, #1701, #156 ),
 ( #3874, #417, #3859 ),
 ( #474, #1396, #3570 ),
 ( #1993, #1979, #459 ),
 ( #1716, #729, #2011 ),
 ( #115, #128, #1352 ) ),
 .UNSPECIFIED., .F., .F., .T. ) 
 B_SPLINE_SURFACE_WITH_KNOTS ( ( 4, 2, 2, 2, 2, 4 ),
 ( 3, 3 ),
 ( 0.001008446055696985300, 0.001389861523683815110, 0.001771276991670645137, 0.002152692459657475164, 0.002343400193650890286, 0.002534107927644304974 ),
 ( 0.000000000000000000, 1.000000000000000000 ),
 .UNSPECIFIED. ) 
 GEOMETRIC_REPRESENTATION_ITEM ( )  RATIONAL_B_SPLINE_SURFACE ( (
 ( 1.000000000000000000, 0.7071067811865475727, 1.000000000000000000),
 ( 1.000000000000000000, 0.7368680310427556668, 1.000000000000000000),
 ( 1.000000000000000000, 0.7649020750436730243, 1.000000000000000000),
 ( 1.000000000000000000, 0.8183595106426553301, 1.000000000000000000),
 ( 1.000000000000000000, 0.8437884055427512520, 1.000000000000000000),
 ( 1.000000000000000000, 0.8924267773076984822, 1.000000000000000000),
 ( 1.000000000000000000, 0.9161278180223063616, 1.000000000000000000),
 ( 1.000000000000000000, 0.9476976633453569887, 1.000000000000000000),
 ( 1.000000000000000000, 0.9577228570534538354, 1.000000000000000000),
 ( 1.000000000000000000, 0.9740390116809961585, 1.000000000000000000),
 ( 1.000000000000000000, 0.9802769051501935005, 1.000000000000000000),
 ( 1.000000000000000000, 0.9802741963348829968, 1.000000000000000000) ) ) 
 REPRESENTATION_ITEM ( '' )  SURFACE ( )  );
#2398 = CARTESIAN_POINT ( 'NONE',  ( 26.50000000000000000, 6.224949798994358297, 0.9158865444048663873 ) ) ;
#2399 = ADVANCED_FACE ( 'NONE', ( #473 ), #1145, .F. ) ;
#2400 = CARTESIAN_POINT ( 'NONE',  ( 20.46185475464040593, -21.24999999999998934, 2.572670612247286659 ) ) ;
#2401 = CARTESIAN_POINT ( 'NONE',  ( -27.13434969559087051, 4.379548273965427008, 0.06333362659803738748 ) ) ;
#2402 = CARTESIAN_POINT ( 'NONE',  ( 25.50000000000000355, 12.72792206135785875, 3.500000000000000000 ) ) ;
#2403 = DIRECTION ( 'NONE',  ( 0.000000000000000000, -1.000000000000000000, 0.000000000000000000 ) ) ;
#2404 = ORIENTED_EDGE ( 'NONE', *, *, #1740, .F. ) ;
#2405 = CARTESIAN_POINT ( 'NONE',  ( 20.63876018006912716, -24.74999999999999289, 0.2673611576559827840 ) ) ;
#2406 = ORIENTED_EDGE ( 'NONE', *, *, #2528, .T. ) ;
#2407 = CARTESIAN_POINT ( 'NONE',  ( 20.27254866874654482, 24.75000000000001776, 4.491445485782201708 ) ) ;
#2408 = VERTEX_POINT ( 'NONE', #2418 ) ;
#2409 = CARTESIAN_POINT ( 'NONE',  ( 20.87911636061258136, 24.25000000000001066, 5.000000000000000000 ) ) ;
#2410 = ORIENTED_EDGE ( 'NONE', *, *, #2444, .T. ) ;
#2411 = AXIS2_PLACEMENT_3D ( 'NONE', #1140, #1793, #2124 ) ;
#2412 = DIRECTION ( 'NONE',  ( 0.7071067811865472397, 0.000000000000000000, 0.7071067811865479058 ) ) ;
#2413 = EDGE_CURVE ( 'NONE', #3309, #396, #997, .T. ) ;
#2414 = CARTESIAN_POINT ( 'NONE',  ( 26.50000000000001066, 6.224949798994360073, 2.616059420097529564 ) ) ;
#2415 = ADVANCED_FACE ( 'NONE', ( #3640 ), #1290, .T. ) ;
#2416 = CARTESIAN_POINT ( 'NONE',  ( 20.63051025135487748, -24.74999999999998934, 0.6305435002660979560 ) ) ;
#2417 = DIRECTION ( 'NONE',  ( -1.000000000000000000, 0.000000000000000000, 0.000000000000000000 ) ) ;
#2418 = CARTESIAN_POINT ( 'NONE',  ( 26.50000000000000711, 6.224949798994359185, 2.500000000000000000 ) ) ;
#2419 = CIRCLE ( 'NONE', #215, 1.000000000000000000 ) ;
#2420 = DIRECTION ( 'NONE',  ( -1.000000000000000000, 0.000000000000000000, 0.000000000000000000 ) ) ;
#2421 = CARTESIAN_POINT ( 'NONE',  ( -25.00000000000000000, 0.000000000000000000, 2.000000000000000000 ) ) ;
#2422 = B_SPLINE_CURVE_WITH_KNOTS ( 'NONE', 3,
 ( #2079, #2400, #2383, #2640, #1450, #1424, #3630, #505, #2037, #768 ),
 .UNSPECIFIED., .F., .F.,
 ( 4, 2, 2, 2, 4 ),
 ( 0.000000000000000000, 0.0002146466482991228858, 0.0004292932965982457715, 0.0008585865931964953377, 0.001717173186392991760 ),
 .UNSPECIFIED. ) ;
#2423 = LINE ( 'NONE', #4005, #2130 ) ;
#2424 = DIRECTION ( 'NONE',  ( 0.000000000000000000, 0.000000000000000000, 1.000000000000000000 ) ) ;
#2425 = CARTESIAN_POINT ( 'NONE',  ( 25.76155824716384046, 7.851853595808762520, 3.466608768111169248 ) ) ;
#2426 = FACE_OUTER_BOUND ( 'NONE', #2973, .T. ) ;
#2427 = DIRECTION ( 'NONE',  ( 0.000000000000000000, 0.000000000000000000, -1.000000000000000000 ) ) ;
#2428 = CARTESIAN_POINT ( 'NONE',  ( 20.34340270680871754, -24.33323835178448036, 0.01746915397085672603 ) ) ;
#2429 = CYLINDRICAL_SURFACE ( 'NONE', #2770, 1.000000000000000000 ) ;
#2430 = CARTESIAN_POINT ( 'NONE',  ( 20.10441493801797108, 24.25000000000001066, 5.000000000000000000 ) ) ;
#2431 = EDGE_CURVE ( 'NONE', #2970, #2844, #3476, .T. ) ;
#2432 = CARTESIAN_POINT ( 'NONE',  ( -27.49999999999999645, -2.783882181415024082, 0.000000000000000000 ) ) ;
#2433 = VECTOR ( 'NONE', #2821, 1000.000000000000000 ) ;
#2434 = CARTESIAN_POINT ( 'NONE',  ( -4.000000000000000000, 4.898587196589412829E-16, 5.000000000000001776 ) ) ;
#2435 = AXIS2_PLACEMENT_3D ( 'NONE', #2847, #378, #3182 ) ;
#2436 = CARTESIAN_POINT ( 'NONE',  ( 25.60694076059457913, 8.151368942541822094, 3.495653571644211421 ) ) ;
#2437 = FACE_OUTER_BOUND ( 'NONE', #2653, .T. ) ;
#2438 = ORIENTED_EDGE ( 'NONE', *, *, #258, .F. ) ;
#2439 = CARTESIAN_POINT ( 'NONE',  ( 26.62897382867899765, -12.99130410733789276, 0.4913269392797597890 ) ) ;
#2440 = CARTESIAN_POINT ( 'NONE',  ( 20.68977474906375491, -24.45286496257554276, 0.1437296473744533454 ) ) ;
#2441 = ORIENTED_EDGE ( 'NONE', *, *, #1489, .F. ) ;
#2442 = ORIENTED_EDGE ( 'NONE', *, *, #4020, .F. ) ;
#2443 = CARTESIAN_POINT ( 'NONE',  ( -29.83993784948997785, -12.19181708137936937, 4.695190909562628079 ) ) ;
#2444 = EDGE_CURVE ( 'NONE', #2868, #1476, #2859, .T. ) ;
#2445 = VERTEX_POINT ( 'NONE', #1490 ) ;
#2446 = DIRECTION ( 'NONE',  ( -1.000000000000000000, 0.000000000000000000, 0.000000000000000000 ) ) ;
#2447 = DIRECTION ( 'NONE',  ( 1.224646799147353207E-16, 1.000000000000000000, 0.000000000000000000 ) ) ;
#2448 = VERTEX_POINT ( 'NONE', #1801 ) ;
#2449 = CARTESIAN_POINT ( 'NONE',  ( -29.99999999999999645, 11.30084895546326429, 4.494058457873432388 ) ) ;
#2450 = ORIENTED_EDGE ( 'NONE', *, *, #3976, .F. ) ;
#2451 = ORIENTED_EDGE ( 'NONE', *, *, #693, .F. ) ;
#2452 = ADVANCED_FACE ( 'NONE', ( #2669 ), #3965, .F. ) ;
#2453 = CARTESIAN_POINT ( 'NONE',  ( -20.44365038746830621, 24.75000000000000000, 4.467070177200803016 ) ) ;
#2454 = CARTESIAN_POINT ( 'NONE',  ( -20.67973710538569065, -22.41870810845564321, 0.000000000000000000 ) ) ;
#2455 = ORIENTED_EDGE ( 'NONE', *, *, #3097, .T. ) ;
#2456 = EDGE_LOOP ( 'NONE', ( #2646, #2356, #3272, #831 ) ) ;
#2457 = EDGE_CURVE ( 'NONE', #1673, #2051, #3685, .T. ) ;
#2458 = CARTESIAN_POINT ( 'NONE',  ( -29.99999999999999645, -12.27645308011866732, 4.218547845562835796 ) ) ;
#2459 = AXIS2_PLACEMENT_3D ( 'NONE', #1178, #3, #1854 ) ;
#2460 = CARTESIAN_POINT ( 'NONE',  ( -27.22017097084505721, -4.065242193223363998, 0.03673457055033788748 ) ) ;
#2461 = DIRECTION ( 'NONE',  ( -1.000000000000000000, 1.224646799147352468E-16, 0.000000000000000000 ) ) ;
#2462 = CARTESIAN_POINT ( 'NONE',  ( 7.500000000000000000, 9.184850993605147944E-16, 2.500000000000000000 ) ) ;
#2463 = CARTESIAN_POINT ( 'NONE',  ( 20.87911636061258136, 24.75000000000001066, 4.000000000000000000 ) ) ;
#2464 = AXIS2_PLACEMENT_3D ( 'NONE', #3752, #19, #2208 ) ;
#2465 = DIRECTION ( 'NONE',  ( 1.000000000000000000, 0.000000000000000000, 0.000000000000000000 ) ) ;
#2466 = CARTESIAN_POINT ( 'NONE',  ( 25.50000000000000355, 0.000000000000000000, 2.500000000000000000 ) ) ;
#2467 = DIRECTION ( 'NONE',  ( 0.000000000000000000, -0.000000000000000000, -1.000000000000000000 ) ) ;
#2468 = CYLINDRICAL_SURFACE ( 'NONE', #1909, 0.5000000000000004441 ) ;
#2469 = CARTESIAN_POINT ( 'NONE',  ( -29.49999999999986855, -11.04536101718685082, 4.999999999999999112 ) ) ;
#2470 = VECTOR ( 'NONE', #2304, 1000.000000000000000 ) ;
#2471 = DIRECTION ( 'NONE',  ( 1.000000000000000000, 0.000000000000000000, 0.000000000000000000 ) ) ;
#2472 = ADVANCED_FACE ( 'NONE', ( #579 ), #982, .T. ) ;
#2473 = CARTESIAN_POINT ( 'NONE',  ( 20.18925755633356900, 24.75000000000001066, 4.499999992436793050 ) ) ;
#2474 = FACE_OUTER_BOUND ( 'NONE', #2834, .T. ) ;
#2475 = CARTESIAN_POINT ( 'NONE',  ( 21.06389090362936756, 24.75000000000001066, 4.500000000000000888 ) ) ;
#2476 = CARTESIAN_POINT ( 'NONE',  ( -29.99999999999999289, -11.92941100404744503, 0.6123585295447087073 ) ) ;
#2477 = ORIENTED_EDGE ( 'NONE', *, *, #3054, .F. ) ;
#2478 = EDGE_CURVE ( 'NONE', #1181, #2051, #2811, .T. ) ;
#2479 = VECTOR ( 'NONE', #2872, 1000.000000000000000 ) ;
#2480 = ORIENTED_EDGE ( 'NONE', *, *, #807, .F. ) ;
#2481 = DIRECTION ( 'NONE',  ( -1.000000000000000000, 0.000000000000000000, 0.000000000000000000 ) ) ;
#2482 = FACE_OUTER_BOUND ( 'NONE', #790, .T. ) ;
#2483 = CARTESIAN_POINT ( 'NONE',  ( -29.99999999999999645, -12.13324477444611560, 4.554907355565920746 ) ) ;
#2484 = EDGE_LOOP ( 'NONE', ( #3532, #875, #2477, #1559, #2929, #2262, #1428, #3619 ) ) ;
#2485 = EDGE_CURVE ( 'NONE', #2937, #2381, #2957, .T. ) ;
#2486 = CARTESIAN_POINT ( 'NONE',  ( 29.50000000000000355, 11.04536101718727004, 4.500000000000000888 ) ) ;
#2487 = ORIENTED_EDGE ( 'NONE', *, *, #3105, .F. ) ;
#2488 = CARTESIAN_POINT ( 'NONE',  ( -29.99999999999999645, 11.92532824032973338, 4.388873773257408573 ) ) ;
#2489 = DIRECTION ( 'NONE',  ( -1.000000000000000000, -1.224646799147352468E-16, 0.000000000000000000 ) ) ;
#2490 = ORIENTED_EDGE ( 'NONE', *, *, #2573, .T. ) ;
#2491 = VERTEX_POINT ( 'NONE', #2560 ) ;
#2492 = ADVANCED_FACE ( 'NONE', ( #2031, #3823 ), #974, .T. ) ;
#2493 = DIRECTION ( 'NONE',  ( 0.000000000000000000, 0.000000000000000000, 1.000000000000000000 ) ) ;
#2494 = VERTEX_POINT ( 'NONE', #3780 ) ;
#2495 = CARTESIAN_POINT ( 'NONE',  ( -29.99999999999999645, -12.39959676763724339, 3.999999999999998224 ) ) ;
#2496 = EDGE_CURVE ( 'NONE', #1769, #3755, #1241, .T. ) ;
#2497 = ORIENTED_EDGE ( 'NONE', *, *, #3434, .T. ) ;
#2498 = CARTESIAN_POINT ( 'NONE',  ( 20.84428565838463854, 24.75000000000001066, 0.8330598589416670086 ) ) ;
#2499 = CARTESIAN_POINT ( 'NONE',  ( -21.20535246290468834, 24.62890632821487102, 4.171943319871884270 ) ) ;
#2500 = EDGE_LOOP ( 'NONE', ( #1937, #1547, #2451, #3615 ) ) ;
#2501 = ORIENTED_EDGE ( 'NONE', *, *, #2980, .T. ) ;
#2502 = EDGE_LOOP ( 'NONE', ( #1719, #1481, #773, #2663 ) ) ;
#2503 = CARTESIAN_POINT ( 'NONE',  ( 30.00000000000000355, 12.39959647417827071, 0.9330678250235361348 ) ) ;
#2504 = DIRECTION ( 'NONE',  ( 1.000000000000000000, 0.000000000000000000, 0.000000000000000000 ) ) ;
#2505 = EDGE_CURVE ( 'NONE', #2650, #8, #1764, .T. ) ;
#2506 = ORIENTED_EDGE ( 'NONE', *, *, #1187, .T. ) ;
#2507 = DATE_AND_TIME ( #2607, #3136 ) ;
#2508 = AXIS2_PLACEMENT_3D ( 'NONE', #703, #1018, #2891 ) ;
#2509 = CARTESIAN_POINT ( 'NONE',  ( -29.49999999999999645, 11.04536101718728780, 0.000000000000000000 ) ) ;
#2510 = DIRECTION ( 'NONE',  ( 0.000000000000000000, 0.000000000000000000, 1.000000000000000000 ) ) ;
#2511 = CARTESIAN_POINT ( 'NONE',  ( -21.06470850604024747, 24.75000000000000355, 3.999999999999999556 ) ) ;
#2512 = ADVANCED_FACE ( 'NONE', ( #3007 ), #3527, .F. ) ;
#2513 = VECTOR ( 'NONE', #3416, 1000.000000000000000 ) ;
#2514 = CARTESIAN_POINT ( 'NONE',  ( 20.53772504155991996, 24.75000000000001776, 4.799204221577327623 ) ) ;
#2515 = DIRECTION ( 'NONE',  ( 0.000000000000000000, 0.000000000000000000, -1.000000000000000000 ) ) ;
#2516 = AXIS2_PLACEMENT_3D ( 'NONE', #3114, #1192, #3364 ) ;
#2517 = TOROIDAL_SURFACE ( 'NONE', #2125, 6.000000000000000000, 1.000000000000000000 ) ;
#2518 = CARTESIAN_POINT ( 'NONE',  ( 30.00000000000000355, 12.50040619033344313, 0.8983864830710514005 ) ) ;
#2519 = CARTESIAN_POINT ( 'NONE',  ( -20.10441493801797819, 24.25000000000000355, 5.000000000000000000 ) ) ;
#2520 = CARTESIAN_POINT ( 'NONE',  ( 29.66921942502656151, -11.61996857611719491, 0.06351739940182066224 ) ) ;
#2521 = CARTESIAN_POINT ( 'NONE',  ( -21.06470850604025458, -24.74999999999999645, 1.000000000000000222 ) ) ;
#2522 = FACE_OUTER_BOUND ( 'NONE', #1902, .T. ) ;
#2523 = CARTESIAN_POINT ( 'NONE',  ( 20.22354360557504194, 20.08129189154437810, 3.500000000000000000 ) ) ;
#2524 = CARTESIAN_POINT ( 'NONE',  ( -25.99847826351362201, 12.84490757249961490, 3.376451039182206237 ) ) ;
#2525 = FACE_OUTER_BOUND ( 'NONE', #560, .T. ) ;
#2526 = CARTESIAN_POINT ( 'NONE',  ( -25.50000000000000355, -8.351646544245030057, 3.500000000000000000 ) ) ;
#2527 = EDGE_LOOP ( 'NONE', ( #331, #7, #645, #437 ) ) ;
#2528 = EDGE_CURVE ( 'NONE', #2040, #3449, #1048, .T. ) ;
#2529 = ADVANCED_FACE ( 'NONE', ( #1976 ), #1198, .T. ) ;
#2530 = LINE ( 'NONE', #828, #2783 ) ;
#2531 = DIRECTION ( 'NONE',  ( -1.000000000000000000, 7.008983741320432232E-17, 0.000000000000000000 ) ) ;
#2532 = CARTESIAN_POINT ( 'NONE',  ( -12.00000000000000000, 0.000000000000000000, 0.000000000000000000 ) ) ;
#2533 = EDGE_LOOP ( 'NONE', ( #1951, #185, #564, #1961 ) ) ;
#2534 = AXIS2_PLACEMENT_3D ( 'NONE', #1861, #1194, #1552 ) ;
#2535 = CARTESIAN_POINT ( 'NONE',  ( -21.20535255374715078, -24.62890625000000000, 1.000000000000000000 ) ) ;
#2536 = CARTESIAN_POINT ( 'NONE',  ( 21.20535255374714723, 24.62890625000001421, 0.8565474044933635289 ) ) ;
#2537 = CARTESIAN_POINT ( 'NONE',  ( 20.10441493801797108, 24.25000000000001066, 5.000000000000000000 ) ) ;
#2538 = ORIENTED_EDGE ( 'NONE', *, *, #1016, .T. ) ;
#2539 = DIRECTION ( 'NONE',  ( 0.000000000000000000, 0.000000000000000000, -1.000000000000000000 ) ) ;
#2540 = CC_DESIGN_APPROVAL ( #1362, ( #1230 ) ) ;
#2541 = VERTEX_POINT ( 'NONE', #1706 ) ;
#2542 = ORIENTED_EDGE ( 'NONE', *, *, #2323, .F. ) ;
#2543 = CARTESIAN_POINT ( 'NONE',  ( 30.00000000000000000, -12.13184485526269540, 0.4441314126159767728 ) ) ;
#2544 = CARTESIAN_POINT ( 'NONE',  ( -20.43754857445795281, -24.74999999999999645, 0.5444759181418004079 ) ) ;
#2545 = ORIENTED_EDGE ( 'NONE', *, *, #2896, .F. ) ;
#2546 = CARTESIAN_POINT ( 'NONE',  ( -20.27076646509809876, 24.75000000000000355, 4.499999995398701991 ) ) ;
#2547 = ADVANCED_FACE ( 'NONE', ( #368 ), #1741, .F. ) ;
#2548 = CARTESIAN_POINT ( 'NONE',  ( 20.87911636061265597, 24.75000000000001066, 3.999999999999097167 ) ) ;
#2549 = CARTESIAN_POINT ( 'NONE',  ( -20.10441493801797819, 24.75000000000000355, 0.5000000000000000000 ) ) ;
#2550 = CARTESIAN_POINT ( 'NONE',  ( -29.49999999999999645, 11.04536101718727714, 4.500000000000000888 ) ) ;
#2551 = CARTESIAN_POINT ( 'NONE',  ( 26.50000000000000711, 12.96148139681572076, 2.500000000000000000 ) ) ;
#2552 = DIRECTION ( 'NONE',  ( -0.000000000000000000, 0.000000000000000000, 1.000000000000000000 ) ) ;
#2553 = CARTESIAN_POINT ( 'NONE',  ( -20.46185475464040593, 21.25000000000000711, 2.500000000000000000 ) ) ;
#2554 = DIRECTION ( 'NONE',  ( 1.000000000000000000, 0.000000000000000000, 0.000000000000000000 ) ) ;
#2555 = CIRCLE ( 'NONE', #482, 29.50000000000000355 ) ;
#2556 = EDGE_CURVE ( 'NONE', #2601, #2748, #1441, .T. ) ;
#2557 = VERTEX_POINT ( 'NONE', #2577 ) ;
#2558 = CARTESIAN_POINT ( 'NONE',  ( 30.00000000000000000, -11.18346333191377084, 0.04038500159817175889 ) ) ;
#2559 = CIRCLE ( 'NONE', #837, 7.500000000000000000 ) ;
#2560 = CARTESIAN_POINT ( 'NONE',  ( -20.87911636061257425, -24.74999999999999645, 4.000000000000000000 ) ) ;
#2561 = CARTESIAN_POINT ( 'NONE',  ( 30.00000000000001066, 12.36476491769956354, 4.125722468458961067 ) ) ;
#2562 = CARTESIAN_POINT ( 'NONE',  ( -20.44264268693390818, 24.75000000000000355, 4.467406925040646293 ) ) ;
#2563 = CARTESIAN_POINT ( 'NONE',  ( -29.99999999999999645, 11.73569390045750893, 0.2368697822621975702 ) ) ;
#2564 = VECTOR ( 'NONE', #3516, 1000.000000000000000 ) ;
#2565 = VERTEX_POINT ( 'NONE', #2633 ) ;
#2566 = DIRECTION ( 'NONE',  ( -1.000000000000000000, 0.000000000000000000, 0.000000000000000000 ) ) ;
#2567 = AXIS2_PLACEMENT_3D ( 'NONE', #1050, #2327, #1699 ) ;
#2568 = CARTESIAN_POINT ( 'NONE',  ( 20.66752296725817217, 24.75000000000001421, 0.6498633646883587023 ) ) ;
#2569 = CYLINDRICAL_SURFACE ( 'NONE', #984, 0.5000000000000004441 ) ;
#2570 = VERTEX_POINT ( 'NONE', #132 ) ;
#2571 = CARTESIAN_POINT ( 'NONE',  ( 26.47317495991171299, -12.95527653992258621, 2.765293306099375847 ) ) ;
#2572 = CARTESIAN_POINT ( 'NONE',  ( 20.53930432189808997, -24.74999999999999289, 4.798268115336771444 ) ) ;
#2573 = EDGE_CURVE ( 'NONE', #276, #3113, #2708, .T. ) ;
#2574 = CIRCLE ( 'NONE', #3998, 4.414213562373094035 ) ;
#2575 = CARTESIAN_POINT ( 'NONE',  ( 29.96093750000000355, 12.59334046713157917, 4.088115182347675791 ) ) ;
#2576 = ORIENTED_EDGE ( 'NONE', *, *, #500, .F. ) ;
#2577 = CARTESIAN_POINT ( 'NONE',  ( 26.50000000000000711, -12.96148139681570122, 1.000000000000000000 ) ) ;
#2578 = CARTESIAN_POINT ( 'NONE',  ( -20.74532153332118511, 24.47194941742129615, 4.823733367127811533 ) ) ;
#2579 = VERTEX_POINT ( 'NONE', #2280 ) ;
#2580 = LINE ( 'NONE', #3770, #3204 ) ;
#2581 = ORIENTED_EDGE ( 'NONE', *, *, #2215, .F. ) ;
#2582 = PLANE ( 'NONE',  #1299 ) ;
#2583 = CARTESIAN_POINT ( 'NONE',  ( 20.66819355967805194, -24.74999999999999645, 4.349773856725940746 ) ) ;
#2584 = DIRECTION ( 'NONE',  ( 0.000000000000000000, 0.000000000000000000, -1.000000000000000000 ) ) ;
#2585 = CARTESIAN_POINT ( 'NONE',  ( 29.50000000000000355, -12.39959676763722918, 5.000000000000000000 ) ) ;
#2586 = ORIENTED_EDGE ( 'NONE', *, *, #3130, .F. ) ;
#2587 = EDGE_CURVE ( 'NONE', #245, #977, #3055, .T. ) ;
#2588 = CARTESIAN_POINT ( 'NONE',  ( -20.10441493801797819, 24.75000000000000355, 0.4999999999999995559 ) ) ;
#2589 = CARTESIAN_POINT ( 'NONE',  ( 0.000000000000000000, 72.30205676561918438, 1.000000000000000000 ) ) ;
#2590 = EDGE_LOOP ( 'NONE', ( #3809, #2147 ) ) ;
#2591 = CARTESIAN_POINT ( 'NONE',  ( -30.00000000000000355, 11.30180515740365443, 0.5000000000000001110 ) ) ;
#2592 = AXIS2_PLACEMENT_3D ( 'NONE', #1601, #3773, #1921 ) ;
#2593 = ORIENTED_EDGE ( 'NONE', *, *, #3118, .F. ) ;
#2594 = CARTESIAN_POINT ( 'NONE',  ( 30.00000000000000355, -12.31120208846592234, 4.399520483399403936 ) ) ;
#2595 = ADVANCED_FACE ( 'NONE', ( #2229 ), #2374, .T. ) ;
#2596 = ORIENTED_EDGE ( 'NONE', *, *, #609, .T. ) ;
#2597 = CARTESIAN_POINT ( 'NONE',  ( -20.00000000000000000, 0.000000000000000000, 2.500000000000000000 ) ) ;
#2598 = CARTESIAN_POINT ( 'NONE',  ( -30.00000000000000000, -12.39959676763724339, 4.065207882297284137 ) ) ;
#2599 = CARTESIAN_POINT ( 'NONE',  ( 26.50000000000000711, -6.224949798994359185, 2.500000000000000000 ) ) ;
#2600 = CARTESIAN_POINT ( 'NONE',  ( -20.00000000000000000, 0.000000000000000000, 3.500000000000000000 ) ) ;
#2601 = VERTEX_POINT ( 'NONE', #1386 ) ;
#2602 = ORIENTED_EDGE ( 'NONE', *, *, #900, .F. ) ;
#2603 = CARTESIAN_POINT ( 'NONE',  ( -29.74166611737319244, 11.86348673549393062, 4.863005601350619322 ) ) ;
#2604 = DIRECTION ( 'NONE',  ( -0.000000000000000000, -0.000000000000000000, 1.000000000000000000 ) ) ;
#2605 = DIRECTION ( 'NONE',  ( -0.000000000000000000, 0.000000000000000000, 1.000000000000000000 ) ) ;
#2606 = CARTESIAN_POINT ( 'NONE',  ( -25.60820507371061083, 8.150753145339807659, 3.500000000000000000 ) ) ;
#2607 = CALENDAR_DATE ( 2025, 8, 5 ) ;
#2608 = CARTESIAN_POINT ( 'NONE',  ( -29.83993784948988193, 12.19181708137933562, 0.3048090904372105503 ) ) ;
#2609 = CARTESIAN_POINT ( 'NONE',  ( 20.87911636061260268, -24.74999999999998934, 4.085570096592390676 ) ) ;
#2610 = EDGE_CURVE ( 'NONE', #1673, #2936, #2767, .T. ) ;
#2611 = CARTESIAN_POINT ( 'NONE',  ( 29.91742665751060315, 12.44923581874933127, 4.438514068133224022 ) ) ;
#2612 = FACE_OUTER_BOUND ( 'NONE', #2258, .T. ) ;
#2613 = AXIS2_PLACEMENT_3D ( 'NONE', #3995, #2793, #1546 ) ;
#2614 = DIRECTION ( 'NONE',  ( 0.000000000000000000, 0.000000000000000000, -1.000000000000000000 ) ) ;
#2615 = CARTESIAN_POINT ( 'NONE',  ( -29.49999999999999645, -11.04536101718726826, 0.000000000000000000 ) ) ;
#2616 = DIRECTION ( 'NONE',  ( 0.000000000000000000, -0.000000000000000000, -1.000000000000000000 ) ) ;
#2617 = EDGE_CURVE ( 'NONE', #2209, #3129, #1101, .T. ) ;
#2618 = CARTESIAN_POINT ( 'NONE',  ( -20.00000000000000000, 0.000000000000000000, 2.500000000000000000 ) ) ;
#2619 = CYLINDRICAL_SURFACE ( 'NONE', #2459, 5.000000000000000888 ) ;
#2620 = CARTESIAN_POINT ( 'NONE',  ( 26.50000000000000711, 12.96148139681572076, 3.500000000000000000 ) ) ;
#2621 = DIRECTION ( 'NONE',  ( 0.000000000000000000, 0.000000000000000000, 1.000000000000000000 ) ) ;
#2622 = B_SPLINE_CURVE_WITH_KNOTS ( 'NONE', 3,
 ( #1754, #3327, #2982, #2385, #1742, #3910, #2370, #3019, #1109, #3898 ),
 .UNSPECIFIED., .F., .F.,
 ( 4, 2, 2, 2, 4 ),
 ( 0.000000000000000000, 0.0001936245075781810256, 0.0003872490151563620512, 0.0007744980303127207413, 0.001548996060625432809 ),
 .UNSPECIFIED. ) ;
#2623 = CIRCLE ( 'NONE', #2977, 0.5000000000000004441 ) ;
#2624 = CARTESIAN_POINT ( 'NONE',  ( 29.58439483253341251, 11.33310154232915323, 4.988124591332881330 ) ) ;
#2625 = CARTESIAN_POINT ( 'NONE',  ( 27.47069897571622477, -2.946714785400556647, 6.882142696441180625E-19 ) ) ;
#2626 = CARTESIAN_POINT ( 'NONE',  ( 0.000000000000000000, 1.040834085586084257E-14, 2.500000000000000000 ) ) ;
#2627 = CIRCLE ( 'NONE', #421, 0.5000000000000000000 ) ;
#2628 = CARTESIAN_POINT ( 'NONE',  ( -20.74804828620744956, -24.47288443261025748, 4.821769334131417395 ) ) ;
#2629 = DIRECTION ( 'NONE',  ( 1.000000000000000000, 0.000000000000000000, 0.000000000000000000 ) ) ;
#2630 = CARTESIAN_POINT ( 'NONE',  ( -20.81706479075369032, -24.74999999999999645, 4.571114391017685463 ) ) ;
#2631 = CARTESIAN_POINT ( 'NONE',  ( 29.83101802581665396, 12.16215894962484789, 4.710218403400010523 ) ) ;
#2632 = ORIENTED_EDGE ( 'NONE', *, *, #466, .F. ) ;
#2633 = CARTESIAN_POINT ( 'NONE',  ( 29.96093750000000711, -12.59334046713156319, 1.000000000000000000 ) ) ;
#2634 = DIRECTION ( 'NONE',  ( 1.000000000000000000, 0.000000000000000000, -0.000000000000000000 ) ) ;
#2635 = EDGE_CURVE ( 'NONE', #2816, #3897, #1926, .T. ) ;
#2636 = DIRECTION ( 'NONE',  ( 0.000000000000000000, 1.000000000000000000, 0.000000000000000000 ) ) ;
#2637 = CARTESIAN_POINT ( 'NONE',  ( 20.10441493801797108, -24.24999999999998934, 5.000000000000000000 ) ) ;
#2638 = ORIENTED_EDGE ( 'NONE', *, *, #2496, .T. ) ;
#2639 = EDGE_CURVE ( 'NONE', #1353, #915, #1153, .T. ) ;
#2640 = CARTESIAN_POINT ( 'NONE',  ( 20.45314835661670827, -21.20543253047505772, 2.782610025881871785 ) ) ;
#2641 = ORIENTED_EDGE ( 'NONE', *, *, #1748, .F. ) ;
#2642 = CARTESIAN_POINT ( 'NONE',  ( -29.69413957446964503, 11.70394472709341827, 4.915343101088064159 ) ) ;
#2643 = EDGE_LOOP ( 'NONE', ( #610, #2102, #3894, #1150 ) ) ;
#2644 = CARTESIAN_POINT ( 'NONE',  ( -20.87911636061258847, 24.75000000000000355, 1.000000000000000000 ) ) ;
#2645 = ORIENTED_EDGE ( 'NONE', *, *, #957, .T. ) ;
#2646 = ORIENTED_EDGE ( 'NONE', *, *, #2639, .F. ) ;
#2647 = CARTESIAN_POINT ( 'NONE',  ( -26.42234309453644769, 6.415774810017969898, 2.897061581705102196 ) ) ;
#2648 = AXIS2_PLACEMENT_3D ( 'NONE', #1059, #3852, #1376 ) ;
#2649 = CARTESIAN_POINT ( 'NONE',  ( -26.42234309453644769, -6.415774810017969898, 2.897061581705102196 ) ) ;
#2650 = VERTEX_POINT ( 'NONE', #3621 ) ;
#2651 = CARTESIAN_POINT ( 'NONE',  ( -4.414213562373094035, 5.405852509913045454E-16, 5.000000000000000000 ) ) ;
#2652 = B_SPLINE_CURVE_WITH_KNOTS ( 'NONE', 3,
 ( #566, #225, #2436, #3020, #2425, #3009, #1498, #2754, #1483, #252, #1510, #3645, #2414, #240 ),
 .UNSPECIFIED., .F., .F.,
 ( 4, 2, 2, 2, 2, 2, 4 ),
 ( -6.920605271413219545E-06, 0.0003305574706357315446, 0.0006680355465428763689, 0.001342991698357163741, 0.002017947850171450570, 0.002355425926078595720, 0.002692904001985740436 ),
 .UNSPECIFIED. ) ;
#2653 = EDGE_LOOP ( 'NONE', ( #2683, #1427, #2048, #1267 ) ) ;
#2654 = CARTESIAN_POINT ( 'NONE',  ( -14.00000000000000000, 0.000000000000000000, 1.000000000000000000 ) ) ;
#2655 = CARTESIAN_POINT ( 'NONE',  ( 30.00000000000000711, -11.30182122202326411, 0.4999999999999996669 ) ) ;
#2656 = EDGE_CURVE ( 'NONE', #2408, #2301, #896, .T. ) ;
#2657 = MECHANICAL_CONTEXT ( 'NONE', #797, 'mechanical' ) ;
#2658 = CARTESIAN_POINT ( 'NONE',  ( -29.49999999999999645, 11.04536101718728780, 5.000000000000000000 ) ) ;
#2659 = CARTESIAN_POINT ( 'NONE',  ( 20.66591471642668054, -24.74999999999998934, 4.347278614126096841 ) ) ;
#2660 = LOCAL_TIME ( 11, 19, 43.00000000000000000, #461 ) ;
#2661 = CARTESIAN_POINT ( 'NONE',  ( -20.87911635485406947, -24.74999999999999645, 4.085438800933893333 ) ) ;
#2662 = FACE_OUTER_BOUND ( 'NONE', #744, .T. ) ;
#2663 = ORIENTED_EDGE ( 'NONE', *, *, #391, .F. ) ;
#2664 = CIRCLE ( 'NONE', #241, 0.5000000000000004441 ) ;
#2665 = EDGE_CURVE ( 'NONE', #3413, #1900, #1640, .T. ) ;
#2666 = DIRECTION ( 'NONE',  ( 0.000000000000000000, 0.000000000000000000, -1.000000000000000000 ) ) ;
#2667 = DIRECTION ( 'NONE',  ( 0.000000000000000000, 0.000000000000000000, -1.000000000000000000 ) ) ;
#2668 = DIRECTION ( 'NONE',  ( 0.000000000000000000, 0.000000000000000000, -1.000000000000000000 ) ) ;
#2669 = FACE_OUTER_BOUND ( 'NONE', #3656, .T. ) ;
#2670 = DIRECTION ( 'NONE',  ( 1.000000000000000000, 0.000000000000000000, 0.000000000000000000 ) ) ;
#2671 = CARTESIAN_POINT ( 'NONE',  ( -20.46185475464040593, 21.25000000000000711, 2.500000000000000000 ) ) ;
#2672 = EDGE_CURVE ( 'NONE', #245, #3662, #2362, .T. ) ;
#2673 = CIRCLE ( 'NONE', #504, 31.50000000000000000 ) ;
#2674 = ORIENTED_EDGE ( 'NONE', *, *, #3526, .T. ) ;
#2675 = CARTESIAN_POINT ( 'NONE',  ( 20.18921767735012196, 24.75000000000001421, 4.500000000000000888 ) ) ;
#2676 = FACE_OUTER_BOUND ( 'NONE', #2527, .T. ) ;
#2677 = ORIENTED_EDGE ( 'NONE', *, *, #3658, .T. ) ;
#2678 = CARTESIAN_POINT ( 'NONE',  ( 26.50000000000000711, 0.000000000000000000, 1.000000000000000000 ) ) ;
#2679 = CARTESIAN_POINT ( 'NONE',  ( -21.20535255374724315, 24.62890625000000355, 1.000000000001804112 ) ) ;
#2680 = B_SPLINE_CURVE_WITH_KNOTS ( 'NONE', 3,
 ( #1812, #3700, #1220, #2141, #244, #891, #2157, #3375, #3391, #3065 ),
 .UNSPECIFIED., .F., .F.,
 ( 4, 2, 2, 2, 4 ),
 ( 3.472760932840085991E-18, 0.0005220473677744801250, 0.001044094735548956781, 0.001566142103323433545, 0.002088189471097910092 ),
 .UNSPECIFIED. ) ;
#2681 = DIRECTION ( 'NONE',  ( 1.000000000000000000, 0.000000000000000000, 0.000000000000000000 ) ) ;
#2682 = CARTESIAN_POINT ( 'NONE',  ( -20.64136839188632067, -24.43635668974619435, 0.08894976341958077404 ) ) ;
#2683 = ORIENTED_EDGE ( 'NONE', *, *, #2269, .T. ) ;
#2684 = DIRECTION ( 'NONE',  ( 0.000000000000000000, 0.000000000000000000, 1.000000000000000000 ) ) ;
#2685 = CARTESIAN_POINT ( 'NONE',  ( -20.00000000000000000, 0.000000000000000000, 1.000000000000000000 ) ) ;
#2686 = VERTEX_POINT ( 'NONE', #1087 ) ;
#2687 = DIRECTION ( 'NONE',  ( 0.000000000000000000, 0.000000000000000000, -1.000000000000000000 ) ) ;
#2688 = ORIENTED_EDGE ( 'NONE', *, *, #3680, .T. ) ;
#2689 = CARTESIAN_POINT ( 'NONE',  ( -26.37089544951757247, -12.93157040679214020, 3.008913103797111965 ) ) ;
#2690 = CARTESIAN_POINT ( 'NONE',  ( 20.10441493801797108, 24.75000000000001066, 4.500000000000000888 ) ) ;
#2691 = ORIENTED_EDGE ( 'NONE', *, *, #1196, .F. ) ;
#2692 = EDGE_CURVE ( 'NONE', #328, #1353, #270, .T. ) ;
#2693 = CARTESIAN_POINT ( 'NONE',  ( 26.50000000000000711, 0.000000000000000000, 2.500000000000000000 ) ) ;
#2694 = AXIS2_PLACEMENT_3D ( 'NONE', #1382, #2012, #143 ) ;
#2695 = DIRECTION ( 'NONE',  ( -0.000000000000000000, -0.000000000000000000, 1.000000000000000000 ) ) ;
#2696 = DIRECTION ( 'NONE',  ( 1.156482317317873944E-16, -1.000000000000000000, 0.000000000000000000 ) ) ;
#2697 = ORIENTED_EDGE ( 'NONE', *, *, #627, .F. ) ;
#2698 = ORIENTED_EDGE ( 'NONE', *, *, #1674, .T. ) ;
#2699 = EDGE_CURVE ( 'NONE', #3984, #3804, #4007, .T. ) ;
#2700 = CARTESIAN_POINT ( 'NONE',  ( 26.50000000000001421, 12.96148139681572076, 2.633857850261801747 ) ) ;
#2701 = ORIENTED_EDGE ( 'NONE', *, *, #4001, .T. ) ;
#2702 = ORIENTED_EDGE ( 'NONE', *, *, #1121, .T. ) ;
#2703 = ADVANCED_FACE ( 'NONE', ( #808 ), #2180, .T. ) ;
#2704 = DIRECTION ( 'NONE',  ( -1.000000000000000000, 0.000000000000000000, 0.000000000000000000 ) ) ;
#2705 = CARTESIAN_POINT ( 'NONE',  ( 20.87911636061258136, 24.75000000000001066, 4.085759908030243359 ) ) ;
#2706 = ORIENTED_EDGE ( 'NONE', *, *, #2413, .T. ) ;
#2707 = DIRECTION ( 'NONE',  ( -0.000000000000000000, -1.000000000000000000, -0.000000000000000000 ) ) ;
#2708 = B_SPLINE_CURVE_WITH_KNOTS ( 'NONE', 3,
 ( #3847, #2943, #3211, #105, #3223, #433, #3530, #2927, #1340, #1680 ),
 .UNSPECIFIED., .F., .F.,
 ( 4, 2, 2, 2, 4 ),
 ( -9.617166668641745843E-06, 0.0003887965459487235215, 0.0007872102585660887804, 0.001185623971183453985, 0.001584037683800819298 ),
 .UNSPECIFIED. ) ;
#2709 = DIRECTION ( 'NONE',  ( -1.000000000000000000, 0.000000000000000000, 0.000000000000000000 ) ) ;
#2710 = DIRECTION ( 'NONE',  ( -0.7071067811865472397, 8.659560562354930393E-17, 0.7071067811865479058 ) ) ;
#2711 = EDGE_CURVE ( 'NONE', #3561, #603, #3096, .T. ) ;
#2712 = B_SPLINE_CURVE_WITH_KNOTS ( 'NONE', 3,
 ( #1331, #110, #3186, #3506, #55, #3495, #427, #2918, #2598, #722 ),
 .UNSPECIFIED., .F., .F.,
 ( 4, 2, 2, 2, 4 ),
 ( 0.000000000000000000, 0.0007663902760569157565, 0.001149585414085371304, 0.001341182983099599782, 0.001532780552113828043 ),
 .UNSPECIFIED. ) ;
#2713 = CARTESIAN_POINT ( 'NONE',  ( 26.52679616150681952, -12.96768739622842226, 0.7348412502466604712 ) ) ;
#2714 = CARTESIAN_POINT ( 'NONE',  ( 26.00000000000000355, 0.000000000000000000, 1.000000000000000000 ) ) ;
#2715 = CARTESIAN_POINT ( 'NONE',  ( 20.67973710538567289, 22.41870810845566453, 0.000000000000000000 ) ) ;
#2716 = DIRECTION ( 'NONE',  ( -0.000000000000000000, 0.000000000000000000, 1.000000000000000000 ) ) ;
#2717 = DIRECTION ( 'NONE',  ( 1.000000000000000000, 0.000000000000000000, 0.000000000000000000 ) ) ;
#2718 = EDGE_CURVE ( 'NONE', #353, #3935, #2277, .T. ) ;
#2719 = FACE_OUTER_BOUND ( 'NONE', #3266, .T. ) ;
#2720 = CARTESIAN_POINT ( 'NONE',  ( -26.50000000000000355, -6.224949798994363626, 1.000000000000000000 ) ) ;
#2721 = ORIENTED_EDGE ( 'NONE', *, *, #508, .F. ) ;
#2722 = LINE ( 'NONE', #153, #1981 ) ;
#2723 = CARTESIAN_POINT ( 'NONE',  ( 29.50000000000000000, 12.39959676763724516, 4.000000000000000000 ) ) ;
#2724 = CARTESIAN_POINT ( 'NONE',  ( 21.20535255374720407, -24.62890625000000000, 0.8569227328534583243 ) ) ;
#2725 = CYLINDRICAL_SURFACE ( 'NONE', #1272, 9.000000000000000000 ) ;
#2726 = AXIS2_PLACEMENT_3D ( 'NONE', #1520, #262, #2737 ) ;
#2727 = CARTESIAN_POINT ( 'NONE',  ( -20.46007229916204651, -21.24085378148410541, 2.643684733104489482 ) ) ;
#2728 = CARTESIAN_POINT ( 'NONE',  ( 20.46363315736683575, -21.25910788813638419, 0.8566171040737288189 ) ) ;
#2729 = FACE_OUTER_BOUND ( 'NONE', #180, .T. ) ;
#2730 = DIRECTION ( 'NONE',  ( -0.000000000000000000, 0.000000000000000000, 1.000000000000000000 ) ) ;
#2731 = CARTESIAN_POINT ( 'NONE',  ( -20.00000000000000000, 0.000000000000000000, 2.000000000000000000 ) ) ;
#2732 = ORIENTED_EDGE ( 'NONE', *, *, #3565, .T. ) ;
#2733 = DIRECTION ( 'NONE',  ( -0.000000000000000000, 0.000000000000000000, 1.000000000000000000 ) ) ;
#2734 = DIRECTION ( 'NONE',  ( 0.000000000000000000, 0.000000000000000000, 1.000000000000000000 ) ) ;
#2735 = EDGE_LOOP ( 'NONE', ( #1364, #3551, #2674, #930 ) ) ;
#2736 = B_SPLINE_CURVE_WITH_KNOTS ( 'NONE', 3,
 ( #442, #3828, #1675, #1992, #1009, #3217, #1365, #3229, #142, #2588 ),
 .UNSPECIFIED., .F., .F.,
 ( 4, 2, 2, 2, 4 ),
 ( 0.000000000000000000, 0.0002545048051749316262, 0.0005090096103498632524, 0.0007635144155247948787, 0.001018019220699726505 ),
 .UNSPECIFIED. ) ;
#2737 = DIRECTION ( 'NONE',  ( 0.000000000000000000, 0.000000000000000000, 1.000000000000000000 ) ) ;
#2738 = CARTESIAN_POINT ( 'NONE',  ( 0.000000000000000000, -72.30205676561914174, 0.000000000000000000 ) ) ;
#2739 = VERTEX_POINT ( 'NONE', #3604 ) ;
#2740 = ORIENTED_EDGE ( 'NONE', *, *, #3283, .T. ) ;
#2741 = ADVANCED_FACE ( 'NONE', ( #68 ), #1538, .T. ) ;
#2742 = CARTESIAN_POINT ( 'NONE',  ( 21.02329051548222338, -24.74999999999998934, 0.7346731573062734721 ) ) ;
#2743 = ORIENTED_EDGE ( 'NONE', *, *, #699, .F. ) ;
#2744 = CARTESIAN_POINT ( 'NONE',  ( -20.46363315736683575, -21.25910788813638419, 0.8566171040737288189 ) ) ;
#2745 = EDGE_CURVE ( 'NONE', #1563, #537, #764, .T. ) ;
#2746 = EDGE_LOOP ( 'NONE', ( #1138, #1311, #1859, #857 ) ) ;
#2747 = CARTESIAN_POINT ( 'NONE',  ( 30.00000000000000711, 11.30171898403668074, 0.4999999999999998890 ) ) ;
#2748 = VERTEX_POINT ( 'NONE', #3304 ) ;
#2749 = AXIS2_PLACEMENT_3D ( 'NONE', #2831, #3127, #304 ) ;
#2750 = CARTESIAN_POINT ( 'NONE',  ( -26.99430149189199568, -4.842569014807663663, 0.1356910107250471342 ) ) ;
#2751 = ORIENTED_EDGE ( 'NONE', *, *, #1674, .F. ) ;
#2752 = CARTESIAN_POINT ( 'NONE',  ( -29.99999999999999645, 12.27481605397407272, 4.219917140448225190 ) ) ;
#2753 = CARTESIAN_POINT ( 'NONE',  ( -29.99999999999999645, 0.000000000000000000, 5.000000000000000000 ) ) ;
#2754 = CARTESIAN_POINT ( 'NONE',  ( 26.18848871306095205, 6.960297238298286615, 3.234082992058354478 ) ) ;
#2755 = AXIS2_PLACEMENT_3D ( 'NONE', #479, #1732, #2704 ) ;
#2756 = PERSON_AND_ORGANIZATION ( #3920, #1871 ) ;
#2757 = CARTESIAN_POINT ( 'NONE',  ( 20.33154842082672076, -24.74999999999999289, 0.08836505546408246481 ) ) ;
#2758 = PRODUCT_DEFINITION_FORMATION_WITH_SPECIFIED_SOURCE ( '任何', '', #842, .NOT_KNOWN. ) ;
#2759 = TOROIDAL_SURFACE ( 'NONE', #3813, 28.50000000000000000, 1.000000000000000000 ) ;
#2760 = CARTESIAN_POINT ( 'NONE',  ( -30.00000000000010658, -12.37079838066085991, 4.337782344096018150 ) ) ;
#2761 = CARTESIAN_POINT ( 'NONE',  ( -26.54448498746573293, -6.113324297582027000, 0.6965513964552708659 ) ) ;
#2762 = CARTESIAN_POINT ( 'NONE',  ( 14.00000000000000000, 7.347880794884119736E-16, 1.000000000000000000 ) ) ;
#2763 = LINE ( 'NONE', #40, #1922 ) ;
#2764 = CARTESIAN_POINT ( 'NONE',  ( -29.99999999999999645, 12.39959647418025845, 4.066932174976572334 ) ) ;
#2765 = DIRECTION ( 'NONE',  ( -1.000000000000000000, 0.000000000000000000, 0.000000000000000000 ) ) ;
#2766 = CARTESIAN_POINT ( 'NONE',  ( -21.20535255374716144, 24.62890625000000711, 1.000000000000000000 ) ) ;
#2767 = CIRCLE ( 'NONE', #2253, 8.999999999999998224 ) ;
#2768 = DIRECTION ( 'NONE',  ( 0.000000000000000000, -1.000000000000000000, 0.000000000000000000 ) ) ;
#2769 = CARTESIAN_POINT ( 'NONE',  ( -20.10441493801795687, -24.74999999999999289, 0.5000000000000000000 ) ) ;
#2770 = AXIS2_PLACEMENT_3D ( 'NONE', #507, #1397, #3585 ) ;
#2771 = FACE_OUTER_BOUND ( 'NONE', #3842, .T. ) ;
#2772 = EDGE_CURVE ( 'NONE', #1849, #1759, #3189, .T. ) ;
#2773 = CARTESIAN_POINT ( 'NONE',  ( -27.13434969559087406, -4.379548273965423455, 0.06333362659803699890 ) ) ;
#2774 = CYLINDRICAL_SURFACE ( 'NONE', #1756, 32.50000000000000000 ) ;
#2775 = ORIENTED_EDGE ( 'NONE', *, *, #4028, .F. ) ;
#2776 = CARTESIAN_POINT ( 'NONE',  ( -29.99999999999999645, 12.46351924468804384, 4.192336443667203483 ) ) ;
#2777 = DIRECTION ( 'NONE',  ( 0.000000000000000000, 0.000000000000000000, -1.000000000000000000 ) ) ;
#2778 = CARTESIAN_POINT ( 'NONE',  ( 0.000000000000000000, 0.000000000000000000, 2.500000000000000000 ) ) ;
#2779 = CIRCLE ( 'NONE', #3489, 0.5000000000000004441 ) ;
#2780 = ORIENTED_EDGE ( 'NONE', *, *, #944, .T. ) ;
#2781 = ADVANCED_FACE ( 'NONE', ( #3337 ), #3376, .F. ) ;
#2782 = AXIS2_PLACEMENT_3D ( 'NONE', #1978, #3245, #2899 ) ;
#2783 = VECTOR ( 'NONE', #1408, 1000.000000000000000 ) ;
#2784 = CARTESIAN_POINT ( 'NONE',  ( -29.74166611737319599, -11.86348673549391641, 0.1369943986493867005 ) ) ;
#2785 = ORIENTED_EDGE ( 'NONE', *, *, #2858, .F. ) ;
#2786 = ORIENTED_EDGE ( 'NONE', *, *, #3692, .T. ) ;
#2787 = DIRECTION ( 'NONE',  ( 0.000000000000000000, 1.000000000000000000, 0.000000000000000000 ) ) ;
#2788 = EDGE_CURVE ( 'NONE', #3701, #1076, #3270, .T. ) ;
#2789 = EDGE_LOOP ( 'NONE', ( #3274, #1612, #3505, #1705 ) ) ;
#2790 = CARTESIAN_POINT ( 'NONE',  ( -20.89922112054615866, 24.75000000000000355, 4.485371891278834511 ) ) ;
#2791 = CARTESIAN_POINT ( 'NONE',  ( 20.34157924866672928, 24.33260550760630636, 4.982869307364925504 ) ) ;
#2792 = PLANE ( 'NONE',  #637 ) ;
#2793 = DIRECTION ( 'NONE',  ( -0.000000000000000000, -0.000000000000000000, 1.000000000000000000 ) ) ;
#2794 = ORIENTED_EDGE ( 'NONE', *, *, #1925, .T. ) ;
#2795 = ORIENTED_EDGE ( 'NONE', *, *, #1591, .T. ) ;
#2796 = CARTESIAN_POINT ( 'NONE',  ( 30.00000000000000355, 11.55321638960331931, 0.5316770888528595806 ) ) ;
#2797 = CARTESIAN_POINT ( 'NONE',  ( -29.59812317778685298, -11.37972896665531941, 0.01625307248177932859 ) ) ;
#2798 = ORIENTED_EDGE ( 'NONE', *, *, #524, .T. ) ;
#2799 = EDGE_CURVE ( 'NONE', #2040, #2937, #1734, .T. ) ;
#2800 = CARTESIAN_POINT ( 'NONE',  ( -29.99999999999999289, -12.50040639843811974, 4.101692064760230849 ) ) ;
#2801 = CARTESIAN_POINT ( 'NONE',  ( 21.06470850604025813, 24.75000000000001066, 1.000000000000000222 ) ) ;
#2802 = CARTESIAN_POINT ( 'NONE',  ( -20.54125001982573195, 24.75000000000001066, 4.817854739197160008 ) ) ;
#2803 = ADVANCED_FACE ( 'NONE', ( #3472 ), #932, .T. ) ;
#2804 = CARTESIAN_POINT ( 'NONE',  ( -29.94868556131173420, 12.55281203245869293, 4.251679593060523565 ) ) ;
#2805 = DIRECTION ( 'NONE',  ( 0.000000000000000000, -0.000000000000000000, -1.000000000000000000 ) ) ;
#2806 = CARTESIAN_POINT ( 'NONE',  ( 26.79310744807367328, -5.448338536358620310, 0.2881976004126626245 ) ) ;
#2807 = CARTESIAN_POINT ( 'NONE',  ( 25.00000000000000000, 6.123233995736765296E-16, 2.000000000000000000 ) ) ;
#2808 = DIRECTION ( 'NONE',  ( 0.000000000000000000, 0.000000000000000000, -1.000000000000000000 ) ) ;
#2809 = VECTOR ( 'NONE', #3831, 1000.000000000000000 ) ;
#2810 = DIRECTION ( 'NONE',  ( -1.000000000000000000, 0.000000000000000000, 0.000000000000000000 ) ) ;
#2811 = CIRCLE ( 'NONE', #3515, 9.000000000000000000 ) ;
#2812 = DIRECTION ( 'NONE',  ( -0.000000000000000000, 0.000000000000000000, 1.000000000000000000 ) ) ;
#2813 = CARTESIAN_POINT ( 'NONE',  ( 20.73652423415442669, 24.75000000000001066, 0.7001687100894652405 ) ) ;
#2814 = DIRECTION ( 'NONE',  ( 0.000000000000000000, 0.000000000000000000, -1.000000000000000000 ) ) ;
#2815 = CARTESIAN_POINT ( 'NONE',  ( -26.50000000000000355, 12.96148139681572964, 2.500000000000000000 ) ) ;
#2816 = VERTEX_POINT ( 'NONE', #555 ) ;
#2817 = EDGE_CURVE ( 'NONE', #2936, #245, #122, .T. ) ;
#2818 = CYLINDRICAL_SURFACE ( 'NONE', #21, 1.000000000000000000 ) ;
#2819 = ADVANCED_FACE ( 'NONE', ( #364 ), #894, .F. ) ;
#2820 = CARTESIAN_POINT ( 'NONE',  ( 30.00000000000000355, -2.102695122396130015E-15, 5.000000000000000000 ) ) ;
#2821 = DIRECTION ( 'NONE',  ( 0.000000000000000000, 0.000000000000000000, 1.000000000000000000 ) ) ;
#2822 = AXIS2_PLACEMENT_3D ( 'NONE', #3684, #3086, #887 ) ;
#2823 = CARTESIAN_POINT ( 'NONE',  ( -29.99999999999999289, 12.36522254094960260, 4.125073122158500638 ) ) ;
#2824 = EDGE_CURVE ( 'NONE', #297, #2369, #1287, .T. ) ;
#2825 = VERTEX_POINT ( 'NONE', #1873 ) ;
#2826 = DIRECTION ( 'NONE',  ( 0.000000000000000000, 0.000000000000000000, 1.000000000000000000 ) ) ;
#2827 = EDGE_LOOP ( 'NONE', ( #3021, #2688, #3083, #1442 ) ) ;
#2828 = APPROVAL ( #1435, '未指定' ) ;
#2829 = CARTESIAN_POINT ( 'NONE',  ( 29.58436075936680609, 11.33298482962991294, 0.01188309240599708452 ) ) ;
#2830 = ORIENTED_EDGE ( 'NONE', *, *, #1039, .F. ) ;
#2831 = CARTESIAN_POINT ( 'NONE',  ( 0.000000000000000000, 1.040834085586084257E-14, 1.000000000000000000 ) ) ;
#2832 = ORIENTED_EDGE ( 'NONE', *, *, #1748, .T. ) ;
#2833 = CARTESIAN_POINT ( 'NONE',  ( -29.99999999999999645, 11.92941100404746102, 4.387641470455288406 ) ) ;
#2834 = EDGE_LOOP ( 'NONE', ( #88, #3103, #1082, #2732 ) ) ;
#2835 = CARTESIAN_POINT ( 'NONE',  ( -20.68831283859248771, -24.45236292180750581, 0.1428080675697530888 ) ) ;
#2836 = CARTESIAN_POINT ( 'NONE',  ( 0.000000000000000000, 1.040834085586084257E-14, 1.000000000000000000 ) ) ;
#2837 = ADVANCED_FACE ( 'NONE', ( #1099 ), #9, .F. ) ;
#2838 = ORIENTED_EDGE ( 'NONE', *, *, #195, .F. ) ;
#2839 = CARTESIAN_POINT ( 'NONE',  ( 20.90205330775977899, 24.52565374341000748, 4.700692972560587712 ) ) ;
#2840 = CARTESIAN_POINT ( 'NONE',  ( 25.00000000000000000, 6.123233995736765296E-16, 1.000000000000000000 ) ) ;
#2841 = ORIENTED_EDGE ( 'NONE', *, *, #2234, .T. ) ;
#2842 = DIRECTION ( 'NONE',  ( -0.000000000000000000, -0.000000000000000000, -1.000000000000000000 ) ) ;
#2843 = EDGE_CURVE ( 'NONE', #1353, #3670, #172, .T. ) ;
#2844 = VERTEX_POINT ( 'NONE', #663 ) ;
#2845 = DATE_AND_TIME ( #1822, #3467 ) ;
#2846 = CARTESIAN_POINT ( 'NONE',  ( 29.50000000000000355, -11.04536101718724161, 5.000000000000000888 ) ) ;
#2847 = CARTESIAN_POINT ( 'NONE',  ( 0.000000000000000000, 1.040834085586084257E-14, 2.500000000000000000 ) ) ;
#2848 = CARTESIAN_POINT ( 'NONE',  ( 30.00000000000001066, 12.39959676763725227, 4.065661963719326089 ) ) ;
#2849 = FACE_OUTER_BOUND ( 'NONE', #92, .T. ) ;
#2850 = CARTESIAN_POINT ( 'NONE',  ( -25.75969185125223859, 12.78901607132033114, 3.474272623895543699 ) ) ;
#2851 = DIRECTION ( 'NONE',  ( -1.000000000000000000, 1.224646799147353454E-16, 0.000000000000000000 ) ) ;
#2852 = AXIS2_PLACEMENT_3D ( 'NONE', #3429, #994, #1588 ) ;
#2853 = FACE_OUTER_BOUND ( 'NONE', #3498, .T. ) ;
#2854 = CARTESIAN_POINT ( 'NONE',  ( 0.000000000000000000, 1.040834085586084257E-14, 1.000000000000000000 ) ) ;
#2855 = ADVANCED_FACE ( 'NONE', ( #3428 ), #3875, .F. ) ;
#2856 = CARTESIAN_POINT ( 'NONE',  ( 0.000000000000000000, 1.040834085586084257E-14, 0.000000000000000000 ) ) ;
#2857 = DIRECTION ( 'NONE',  ( -0.000000000000000000, 0.000000000000000000, 1.000000000000000000 ) ) ;
#2858 = EDGE_CURVE ( 'NONE', #1068, #914, #165, .T. ) ;
#2859 = LINE ( 'NONE', #13, #3193 ) ;
#2860 = CARTESIAN_POINT ( 'NONE',  ( -20.63749153320117102, -24.74999999999999645, 0.2663571493871123574 ) ) ;
#2861 = CARTESIAN_POINT ( 'NONE',  ( 0.000000000000000000, 0.000000000000000000, 5.000000000000001776 ) ) ;
#2862 = CIRCLE ( 'NONE', #1977, 2.249999999999993783 ) ;
#2863 = CARTESIAN_POINT ( 'NONE',  ( 20.57328071678400150, 24.41275809316784517, 4.911735731869986132 ) ) ;
#2864 = CARTESIAN_POINT ( 'NONE',  ( 20.84361540188659845, -24.74999999999998934, 4.167689224010270088 ) ) ;
#2865 = CYLINDRICAL_SURFACE ( 'NONE', #858, 0.5000000000000004441 ) ;
#2866 = CARTESIAN_POINT ( 'NONE',  ( 7.500000000000000000, 9.184850993605147944E-16, 0.000000000000000000 ) ) ;
#2867 = CARTESIAN_POINT ( 'NONE',  ( -30.00000000000000000, -12.05317048259036561, 0.6524635391737134693 ) ) ;
#2868 = VERTEX_POINT ( 'NONE', #346 ) ;
#2869 = EDGE_CURVE ( 'NONE', #396, #686, #3093, .T. ) ;
#2870 = LINE ( 'NONE', #3069, #2042 ) ;
#2871 = DIRECTION ( 'NONE',  ( 0.000000000000000000, 0.000000000000000000, -1.000000000000000000 ) ) ;
#2872 = DIRECTION ( 'NONE',  ( -0.000000000000000000, 1.000000000000000000, -0.000000000000000000 ) ) ;
#2873 = ORIENTED_EDGE ( 'NONE', *, *, #2699, .F. ) ;
#2874 = CARTESIAN_POINT ( 'NONE',  ( 29.99999999999999645, -11.73484975440049460, 0.2365633976031293328 ) ) ;
#2875 = AXIS2_PLACEMENT_3D ( 'NONE', #954, #2539, #3763 ) ;
#2876 = ORIENTED_EDGE ( 'NONE', *, *, #1569, .F. ) ;
#2877 = CARTESIAN_POINT ( 'NONE',  ( -20.51721376679899578, -24.74999999999999645, 0.5714040195837467584 ) ) ;
#2878 = CARTESIAN_POINT ( 'NONE',  ( 20.10441493801787161, 24.75000000000001066, 0.4999999999999876765 ) ) ;
#2879 = CARTESIAN_POINT ( 'NONE',  ( -20.10441493801783253, 24.24999999999995737, 5.000000000000013323 ) ) ;
#2880 = ADVANCED_FACE ( 'NONE', ( #2853 ), #2468, .T. ) ;
#2881 = ORIENTED_EDGE ( 'NONE', *, *, #3658, .F. ) ;
#2882 = CARTESIAN_POINT ( 'NONE',  ( -29.66890619505509719, 11.61891398936536213, 0.06323610311882860158 ) ) ;
#2883 = DIRECTION ( 'NONE',  ( 0.000000000000000000, 0.000000000000000000, -1.000000000000000000 ) ) ;
#2884 = ORIENTED_EDGE ( 'NONE', *, *, #1516, .F. ) ;
#2885 = DIRECTION ( 'NONE',  ( 1.000000000000000000, 0.000000000000000000, 0.000000000000000000 ) ) ;
#2886 = CARTESIAN_POINT ( 'NONE',  ( -20.87911636061257425, -24.74999999999999645, 4.000000000000000000 ) ) ;
#2887 = CARTESIAN_POINT ( 'NONE',  ( -20.46185475464040593, 21.25000000000000711, 1.000000000000000000 ) ) ;
#2888 = CARTESIAN_POINT ( 'NONE',  ( 25.75974420014456356, -12.78902834728790872, 3.474257949561379455 ) ) ;
#2889 = CARTESIAN_POINT ( 'NONE',  ( 20.51721376679900644, -24.74999999999998934, 4.428595980416260680 ) ) ;
#2890 = VERTEX_POINT ( 'NONE', #44 ) ;
#2891 = DIRECTION ( 'NONE',  ( -1.000000000000000000, -2.664535259100375697E-15, 0.000000000000000000 ) ) ;
#2892 = ORIENTED_EDGE ( 'NONE', *, *, #3744, .T. ) ;
#2893 = CARTESIAN_POINT ( 'NONE',  ( -29.49999999999999645, -12.39959676763724516, 1.000000000000000000 ) ) ;
#2894 = CARTESIAN_POINT ( 'NONE',  ( -29.99999999999999645, 12.39959676763726293, 1.000000000000000444 ) ) ;
#2895 = CARTESIAN_POINT ( 'NONE',  ( -20.57328071678402281, 24.41275809316784873, 0.08826426813002324900 ) ) ;
#2896 = EDGE_CURVE ( 'NONE', #3855, #3449, #2224, .T. ) ;
#2897 = DIRECTION ( 'NONE',  ( 0.000000000000000000, -0.000000000000000000, -1.000000000000000000 ) ) ;
#2898 = AXIS2_PLACEMENT_3D ( 'NONE', #1413, #171, #2629 ) ;
#2899 = DIRECTION ( 'NONE',  ( 1.000000000000000000, 0.000000000000000000, 0.000000000000000000 ) ) ;
#2900 = CARTESIAN_POINT ( 'NONE',  ( -20.22354360557504194, 20.08129189154436034, 3.500000000000000000 ) ) ;
#2901 = EDGE_CURVE ( 'NONE', #1966, #56, #1104, .T. ) ;
#2902 = CARTESIAN_POINT ( 'NONE',  ( 29.71138743825554940, -11.76184345385591890, 4.897423687013683136 ) ) ;
#2903 = DIRECTION ( 'NONE',  ( 0.000000000000000000, 0.000000000000000000, -1.000000000000000000 ) ) ;
#2904 = CARTESIAN_POINT ( 'NONE',  ( -21.17088165380306464, 24.61722389788899790, 4.284414363192254882 ) ) ;
#2905 = ORIENTED_EDGE ( 'NONE', *, *, #2234, .F. ) ;
#2906 = CARTESIAN_POINT ( 'NONE',  ( -20.00000000000000000, 0.000000000000000000, 0.000000000000000000 ) ) ;
#2907 = AXIS2_PLACEMENT_3D ( 'NONE', #1083, #822, #182 ) ;
#2908 = DIRECTION ( 'NONE',  ( 1.000000000000000000, 1.776356839400250465E-15, 0.000000000000000000 ) ) ;
#2909 = DIRECTION ( 'NONE',  ( -1.000000000000000000, 0.000000000000000000, 0.000000000000000000 ) ) ;
#2910 = LINE ( 'NONE', #420, #2182 ) ;
#2911 = ORIENTED_EDGE ( 'NONE', *, *, #2718, .F. ) ;
#2912 = CARTESIAN_POINT ( 'NONE',  ( -29.99999999999999289, -11.18347951703791132, 0.04038973466768231574 ) ) ;
#2913 = DIRECTION ( 'NONE',  ( 1.000000000000000000, 0.000000000000000000, 0.000000000000000000 ) ) ;
#2914 = CARTESIAN_POINT ( 'NONE',  ( -21.20535255374715078, -24.62890625000000355, 4.000000000000000000 ) ) ;
#2915 = CARTESIAN_POINT ( 'NONE',  ( 30.00000000000000355, -12.49999999999998934, 4.500000000000000888 ) ) ;
#2916 = VERTEX_POINT ( 'NONE', #691 ) ;
#2917 = CARTESIAN_POINT ( 'NONE',  ( -29.89869228051510319, 12.38708838513067256, 0.4893925925536325439 ) ) ;
#2918 = CARTESIAN_POINT ( 'NONE',  ( -30.00000000000000355, -12.36542789065608083, 4.124691588238384554 ) ) ;
#2919 = CARTESIAN_POINT ( 'NONE',  ( 26.38726311699359783, -6.500210946492666508, 2.966788829422695617 ) ) ;
#2920 = FACE_OUTER_BOUND ( 'NONE', #1314, .T. ) ;
#2921 = DIRECTION ( 'NONE',  ( 1.000000000000000000, 0.000000000000000000, 0.000000000000000000 ) ) ;
#2922 = VERTEX_POINT ( 'NONE', #983 ) ;
#2923 = EDGE_CURVE ( 'NONE', #2381, #3113, #468, .T. ) ;
#2924 = CARTESIAN_POINT ( 'NONE',  ( 25.00000000000000000, 6.123233995736766282E-16, 2.000000000000000000 ) ) ;
#2925 = CARTESIAN_POINT ( 'NONE',  ( -20.95667315207179726, -24.54431528419743813, 4.646381488899721468 ) ) ;
#2926 = ORIENTED_EDGE ( 'NONE', *, *, #2995, .T. ) ;
#2927 = CARTESIAN_POINT ( 'NONE',  ( -26.52679374254181610, 12.96768683574121361, 0.7348528153354586534 ) ) ;
#2928 = CARTESIAN_POINT ( 'NONE',  ( 20.10441493801796753, -24.74999999999998934, 0.5000000000000000000 ) ) ;
#2929 = ORIENTED_EDGE ( 'NONE', *, *, #1666, .F. ) ;
#2930 = AXIS2_PLACEMENT_3D ( 'NONE', #3955, #574, #1174 ) ;
#2931 = ORIENTED_EDGE ( 'NONE', *, *, #124, .T. ) ;
#2932 = ORIENTED_EDGE ( 'NONE', *, *, #807, .T. ) ;
#2933 = CARTESIAN_POINT ( 'NONE',  ( -29.58389159860463735, 11.33139489621706097, 0.01166050863608905815 ) ) ;
#2934 = B_SPLINE_CURVE_WITH_KNOTS ( 'NONE', 3,
 ( #520, #1139, #3937, #3314, #2401, #1452, #3631, #2094, #3286, #3338, #3947, #1425, #491, #2082, #506, #532 ),
 .UNSPECIFIED., .F., .F.,
 ( 4, 2, 2, 2, 2, 2, 2, 4 ),
 ( -1.072135294866511606E-05, 0.0009738045348021535062, 0.001958330422552972093, 0.002450593366428381169, 0.002942856310303790680, 0.003435119254179200190, 0.003681250726116905812, 0.003927382198054611868 ),
 .UNSPECIFIED. ) ;
#2935 = CARTESIAN_POINT ( 'NONE',  ( 20.49502789300235506, 21.42100420705171615, 0.4611658027730436427 ) ) ;
#2936 = VERTEX_POINT ( 'NONE', #3791 ) ;
#2937 = VERTEX_POINT ( 'NONE', #2553 ) ;
#2938 = ADVANCED_FACE ( 'NONE', ( #757 ), #3681, .T. ) ;
#2939 =( BOUNDED_SURFACE ( )  B_SPLINE_SURFACE ( 3, 2, ( 
 ( #4006, #3370, #976 ),
 ( #3783, #1208, #460 ),
 ( #3779, #22, #2222 ),
 ( #320, #376, #682 ),
 ( #1245, #1286, #1877 ),
 ( #334, #2543, #2196 ),
 ( #3131, #1259, #3757 ),
 ( #640, #2874, #350 ),
 ( #2520, #1567, #3117 ),
 ( #1906, #2210, #3420 ),
 ( #943, #2558, #1594 ),
 ( #3471, #49, #362 ) ),
 .UNSPECIFIED., .F., .F., .T. ) 
 B_SPLINE_SURFACE_WITH_KNOTS ( ( 4, 2, 2, 2, 2, 4 ),
 ( 3, 3 ),
 ( 0.002750769764594419159, 0.002942687565573962917, 0.003134605366553506675, 0.003518440968512594625, 0.003902276570471682575, 0.004286112172430770091 ),
 ( 0.000000000000000000, 1.000000000000000000 ),
 .UNSPECIFIED. ) 
 GEOMETRIC_REPRESENTATION_ITEM ( )  RATIONAL_B_SPLINE_SURFACE ( (
 ( 1.000000000000000000, 0.9802741963348827747, 1.000000000000000000),
 ( 1.000000000000000000, 0.9803193797973924761, 1.000000000000000000),
 ( 1.000000000000000000, 0.9740355190702845167, 1.000000000000000000),
 ( 1.000000000000000000, 0.9578581362160785151, 1.000000000000000000),
 ( 1.000000000000000000, 0.9478895942033115363, 1.000000000000000000),
 ( 1.000000000000000000, 0.9164727182497713898, 1.000000000000000000),
 ( 1.000000000000000000, 0.8928875722683253802, 1.000000000000000000),
 ( 1.000000000000000000, 0.8440100366997238535, 1.000000000000000000),
 ( 1.000000000000000000, 0.8184967140609015201, 1.000000000000000000),
 ( 1.000000000000000000, 0.7649263232601647422, 1.000000000000000000),
 ( 1.000000000000000000, 0.7368643160743657550, 1.000000000000000000),
 ( 1.000000000000000000, 0.7071067811865475727, 1.000000000000000000) ) ) 
 REPRESENTATION_ITEM ( '' )  SURFACE ( )  );
#2940 = CARTESIAN_POINT ( 'NONE',  ( -29.99999999999999645, -11.17356577284749797, 0.4999999987076834129 ) ) ;
#2941 = CARTESIAN_POINT ( 'NONE',  ( 20.90024304931684185, -24.52499410095392562, 4.694557201512910005 ) ) ;
#2942 = DIRECTION ( 'NONE',  ( 0.000000000000000000, -0.000000000000000000, -1.000000000000000000 ) ) ;
#2943 = CARTESIAN_POINT ( 'NONE',  ( -27.37050144739600199, 13.16145179716223979, 1.905824131322174993E-18 ) ) ;
#2944 = DIRECTION ( 'NONE',  ( 7.008983741320432232E-17, 1.000000000000000000, 0.000000000000000000 ) ) ;
#2945 = DIRECTION ( 'NONE',  ( 0.000000000000000000, -1.000000000000000000, 0.000000000000000000 ) ) ;
#2946 = EDGE_CURVE ( 'NONE', #727, #3296, #2310, .T. ) ;
#2947 = CARTESIAN_POINT ( 'NONE',  ( 29.96093750000000711, -12.59334046713156319, 5.000000000000000000 ) ) ;
#2948 = CARTESIAN_POINT ( 'NONE',  ( 21.20535255374715078, -24.62890625000000000, 4.000000000000000000 ) ) ;
#2949 = TOROIDAL_SURFACE ( 'NONE', #3267, 31.50000000000000000, 1.000000000000000000 ) ;
#2950 = AXIS2_PLACEMENT_3D ( 'NONE', #2685, #2054, #2027 ) ;
#2951 =( LENGTH_UNIT ( ) NAMED_UNIT ( * ) SI_UNIT ( .MILLI., .METRE. ) );
#2952 = CARTESIAN_POINT ( 'NONE',  ( -29.71138743825510176, -11.76184345385583185, 0.1025763129860282480 ) ) ;
#2953 = CARTESIAN_POINT ( 'NONE',  ( 20.77440331110314631, -24.74999999999999289, 4.613656921111797260 ) ) ;
#2954 = AXIS2_PLACEMENT_3D ( 'NONE', #1984, #2944, #2030 ) ;
#2955 = CARTESIAN_POINT ( 'NONE',  ( -26.29530952359059626, -12.91403587722693480, 3.120048783905107204 ) ) ;
#2956 = DIRECTION ( 'NONE',  ( -1.000000000000000000, 0.000000000000000000, 0.000000000000000000 ) ) ;
#2957 = CIRCLE ( 'NONE', #2435, 29.50000000000000355 ) ;
#2958 = ADVANCED_FACE ( 'NONE', ( #803 ), #2397, .T. ) ;
#2959 = CARTESIAN_POINT ( 'NONE',  ( -26.50000000000000355, -6.224949798994363626, 2.500000000000000000 ) ) ;
#2960 = CARTESIAN_POINT ( 'NONE',  ( 20.95676529166178526, 24.54434693688648750, 4.646328645993439643 ) ) ;
#2961 = B_SPLINE_CURVE_WITH_KNOTS ( 'NONE', 3,
 ( #3963, #2705, #2392, #3321, #1159, #1459, #3639, #2407, #2675, #2690 ),
 .UNSPECIFIED., .F., .F.,
 ( 4, 2, 2, 2, 4 ),
 ( 0.000000000000000000, 0.0002545048051749307589, 0.0005090096103498615177, 0.0007635144155247922766, 0.001018019220699723035 ),
 .UNSPECIFIED. ) ;
#2962 = CIRCLE ( 'NONE', #3153, 7.500000000000000000 ) ;
#2963 = DIRECTION ( 'NONE',  ( -1.000000000000000000, 0.000000000000000000, 0.000000000000000000 ) ) ;
#2964 =( GEOMETRIC_REPRESENTATION_CONTEXT ( 3 ) GLOBAL_UNCERTAINTY_ASSIGNED_CONTEXT ( ( #1913 ) ) GLOBAL_UNIT_ASSIGNED_CONTEXT ( ( #2951, #2067, #3297 ) ) REPRESENTATION_CONTEXT ( 'NONE', 'WORKASPACE' ) );
#2965 = CARTESIAN_POINT ( 'NONE',  ( -21.20535255374715078, -24.62890625000000355, 1.000000000000000000 ) ) ;
#2966 = CARTESIAN_POINT ( 'NONE',  ( -29.49999999999999289, -12.39959676763724339, 4.000000000000000000 ) ) ;
#2967 = CIRCLE ( 'NONE', #3931, 0.5000000000000004441 ) ;
#2968 = CARTESIAN_POINT ( 'NONE',  ( -29.99999999999999645, -11.30084895546336554, 0.5059415421266110213 ) ) ;
#2969 = CARTESIAN_POINT ( 'NONE',  ( 20.84354240508952927, -24.74999999999998934, 4.167852265786886612 ) ) ;
#2970 = VERTEX_POINT ( 'NONE', #2260 ) ;
#2971 = CARTESIAN_POINT ( 'NONE',  ( -21.15441425048127044, -24.61163935140577053, 4.335346066903650097 ) ) ;
#2972 = FACE_OUTER_BOUND ( 'NONE', #2164, .T. ) ;
#2973 = EDGE_LOOP ( 'NONE', ( #1727, #351, #1718, #242 ) ) ;
#2974 = ORIENTED_EDGE ( 'NONE', *, *, #2066, .T. ) ;
#2975 = CARTESIAN_POINT ( 'NONE',  ( -15.00000000000000000, 6.123233995736765296E-16, 1.000000000000000000 ) ) ;
#2976 = ORIENTED_EDGE ( 'NONE', *, *, #1175, .T. ) ;
#2977 = AXIS2_PLACEMENT_3D ( 'NONE', #3826, #2271, #429 ) ;
#2978 = DIRECTION ( 'NONE',  ( -0.000000000000000000, -0.000000000000000000, -1.000000000000000000 ) ) ;
#2979 = CARTESIAN_POINT ( 'NONE',  ( -21.17051614213175981, -24.61709965907952480, 0.7147448133549351157 ) ) ;
#2980 = EDGE_CURVE ( 'NONE', #1960, #297, #1422, .T. ) ;
#2981 = ORIENTED_EDGE ( 'NONE', *, *, #2799, .F. ) ;
#2982 = CARTESIAN_POINT ( 'NONE',  ( 30.00000000000001066, -12.36522254094957418, 4.125073122158503303 ) ) ;
#2983 = CARTESIAN_POINT ( 'NONE',  ( 21.20535255374715078, -24.62890624999999289, 4.000000000000000000 ) ) ;
#2984 = CARTESIAN_POINT ( 'NONE',  ( -20.89535338827278466, -24.74999999999999645, 4.478529168969567209 ) ) ;
#2985 = ORIENTED_EDGE ( 'NONE', *, *, #195, .T. ) ;
#2986 = CARTESIAN_POINT ( 'NONE',  ( 0.000000000000000000, 0.000000000000000000, 4.707106781186547906 ) ) ;
#2987 = ORIENTED_EDGE ( 'NONE', *, *, #3727, .T. ) ;
#2988 = CARTESIAN_POINT ( 'NONE',  ( 20.46185475464040948, -21.24999999999998934, 0.9274833219861454703 ) ) ;
#2989 = AXIS2_PLACEMENT_3D ( 'NONE', #1334, #2313, #3190 ) ;
#2990 = ORIENTED_EDGE ( 'NONE', *, *, #69, .T. ) ;
#2991 = DIRECTION ( 'NONE',  ( -0.000000000000000000, -0.000000000000000000, 1.000000000000000000 ) ) ;
#2992 = B_SPLINE_CURVE_WITH_KNOTS ( 'NONE', 3,
 ( #3201, #3216, #1348, #2568, #3521, #1936, #112, #67 ),
 .UNSPECIFIED., .F., .F.,
 ( 4, 2, 2, 4 ),
 ( 0.000000000000000000, 0.0005048801562426471611, 0.0007573202343639707417, 0.001009760312485294322 ),
 .UNSPECIFIED. ) ;
#2993 = ORIENTED_EDGE ( 'NONE', *, *, #3202, .T. ) ;
#2994 = CARTESIAN_POINT ( 'NONE',  ( 20.37383265806943911, -24.34406061972880408, 4.999999999999997335 ) ) ;
#2995 = EDGE_CURVE ( 'NONE', #297, #3357, #576, .T. ) ;
#2996 = DIRECTION ( 'NONE',  ( 0.000000000000000000, 0.000000000000000000, -1.000000000000000000 ) ) ;
#2997 = CARTESIAN_POINT ( 'NONE',  ( 20.28304032694299508, 20.36088000048680868, 3.500000000000000000 ) ) ;
#2998 = VECTOR ( 'NONE', #675, 1000.000000000000000 ) ;
#2999 = CARTESIAN_POINT ( 'NONE',  ( 20.49502763166936603, -21.42100285229379253, 0.4611677778263747474 ) ) ;
#3000 = CARTESIAN_POINT ( 'NONE',  ( -25.50000000000000355, -8.351646544245030057, 3.500000000000000000 ) ) ;
#3001 = FACE_OUTER_BOUND ( 'NONE', #403, .T. ) ;
#3002 = CARTESIAN_POINT ( 'NONE',  ( 29.50000000000000355, 12.50000000000000533, 5.000000000000000000 ) ) ;
#3003 = EDGE_CURVE ( 'NONE', #3701, #353, #1439, .T. ) ;
#3004 = CARTESIAN_POINT ( 'NONE',  ( 0.000000000000000000, 72.30205676561918438, 0.000000000000000000 ) ) ;
#3005 = ADVANCED_FACE ( 'NONE', ( #1587 ), #2517, .T. ) ;
#3006 = AXIS2_PLACEMENT_3D ( 'NONE', #949, #1911, #63 ) ;
#3007 = FACE_OUTER_BOUND ( 'NONE', #38, .T. ) ;
#3008 = CARTESIAN_POINT ( 'NONE',  ( -29.49999999999999645, 12.50000000000002487, 0.000000000000000000 ) ) ;
#3009 = CARTESIAN_POINT ( 'NONE',  ( 25.91093023299048070, 7.553198328236337744, 3.417669468060060112 ) ) ;
#3010 = AXIS2_PLACEMENT_3D ( 'NONE', #1347, #3520, #1392 ) ;
#3011 = LINE ( 'NONE', #2032, #226 ) ;
#3012 = CARTESIAN_POINT ( 'NONE',  ( -26.10986975240502517, -12.87088512928270667, 3.303141717156782065 ) ) ;
#3013 = DIRECTION ( 'NONE',  ( 0.000000000000000000, 1.000000000000000000, 0.000000000000000000 ) ) ;
#3014 = TOROIDAL_SURFACE ( 'NONE', #3432, 4.414213562373094035, 1.000000000000000000 ) ;
#3015 = CARTESIAN_POINT ( 'NONE',  ( 0.000000000000000000, 1.040834085586084257E-14, 1.000000000000000000 ) ) ;
#3016 = DIRECTION ( 'NONE',  ( -0.000000000000000000, -0.000000000000000000, 1.000000000000000000 ) ) ;
#3017 = CARTESIAN_POINT ( 'NONE',  ( 20.10441493801797108, 24.25000000000001066, 0.4999999999999995559 ) ) ;
#3018 = ORIENTED_EDGE ( 'NONE', *, *, #524, .F. ) ;
#3019 = CARTESIAN_POINT ( 'NONE',  ( 30.00000000000001066, -11.55855245565281919, 4.478206709336184588 ) ) ;
#3020 = CARTESIAN_POINT ( 'NONE',  ( 25.71072271441349955, 7.951576891978635153, 3.478957761414979810 ) ) ;
#3021 = ORIENTED_EDGE ( 'NONE', *, *, #3334, .F. ) ;
#3022 = CARTESIAN_POINT ( 'NONE',  ( 26.88981465005006299, -13.05141153591324432, 0.1971028252143247894 ) ) ;
#3023 = CARTESIAN_POINT ( 'NONE',  ( 25.50000000000000355, 0.000000000000000000, 3.500000000000000000 ) ) ;
#3024 = CARTESIAN_POINT ( 'NONE',  ( 20.62970966118107441, -22.13753814633154349, 2.032879073410320814E-17 ) ) ;
#3025 = CARTESIAN_POINT ( 'NONE',  ( 20.57704469101289746, 21.85243048746089656, 0.08740734345540117356 ) ) ;
#3026 = EDGE_LOOP ( 'NONE', ( #2455, #1914, #3705, #2993, #1222, #3846, #198, #2254 ) ) ;
#3027 = EDGE_CURVE ( 'NONE', #3449, #1966, #1830, .T. ) ;
#3028 = DIRECTION ( 'NONE',  ( 1.000000000000000000, 0.000000000000000000, 0.000000000000000000 ) ) ;
#3029 = DIRECTION ( 'NONE',  ( 0.000000000000000000, 0.000000000000000000, -1.000000000000000000 ) ) ;
#3030 = AXIS2_PLACEMENT_3D ( 'NONE', #1049, #3802, #2921 ) ;
#3031 = ORIENTED_EDGE ( 'NONE', *, *, #754, .F. ) ;
#3032 = ORIENTED_EDGE ( 'NONE', *, *, #4013, .T. ) ;
#3033 = EDGE_CURVE ( 'NONE', #395, #1905, #2664, .T. ) ;
#3034 = CARTESIAN_POINT ( 'NONE',  ( 0.000000000000000000, 1.040834085586084257E-14, 1.000000000000000000 ) ) ;
#3035 = AXIS2_PLACEMENT_3D ( 'NONE', #89, #394, #734 ) ;
#3036 = ORIENTED_EDGE ( 'NONE', *, *, #1616, .F. ) ;
#3037 = ORIENTED_EDGE ( 'NONE', *, *, #1537, .T. ) ;
#3038 = CARTESIAN_POINT ( 'NONE',  ( -20.84972783707474875, -24.50771105862634158, 4.738913015135636009 ) ) ;
#3039 = CARTESIAN_POINT ( 'NONE',  ( 20.89535338827271715, -24.74999999999999289, 0.5214708310303983740 ) ) ;
#3040 = DIRECTION ( 'NONE',  ( -1.000000000000000000, 0.000000000000000000, 0.000000000000000000 ) ) ;
#3041 = ORIENTED_EDGE ( 'NONE', *, *, #4028, .T. ) ;
#3042 = CC_DESIGN_SECURITY_CLASSIFICATION ( #3368, ( #2758 ) ) ;
#3043 = CARTESIAN_POINT ( 'NONE',  ( 0.000000000000000000, 1.040834085586084257E-14, 1.000000000000000000 ) ) ;
#3044 = CARTESIAN_POINT ( 'NONE',  ( 3.707106781186546129, 0.000000000000000000, 4.707106781186547906 ) ) ;
#3045 = DIRECTION ( 'NONE',  ( -7.008983741320432232E-17, -1.000000000000000000, -0.000000000000000000 ) ) ;
#3046 = CARTESIAN_POINT ( 'NONE',  ( -2.804469619495839056E-15, 24.25000000000000711, 0.4999999999999995559 ) ) ;
#3047 = ADVANCED_FACE ( 'NONE', ( #1636 ), #3141, .F. ) ;
#3048 = PLANE ( 'NONE',  #1307 ) ;
#3049 = DIRECTION ( 'NONE',  ( -0.000000000000000000, 0.000000000000000000, 1.000000000000000000 ) ) ;
#3050 = CYLINDRICAL_SURFACE ( 'NONE', #1046, 0.5000000000000004441 ) ;
#3051 = CARTESIAN_POINT ( 'NONE',  ( -20.62970966118107441, -22.13753814633154349, 2.032879073410320814E-17 ) ) ;
#3052 = TOROIDAL_SURFACE ( 'NONE', #3548, 8.000000000000000000, 1.000000000000000000 ) ;
#3053 = CARTESIAN_POINT ( 'NONE',  ( -26.50000000000000355, 0.000000000000000000, 3.500000000000000000 ) ) ;
#3054 = EDGE_CURVE ( 'NONE', #3756, #3129, #2622, .T. ) ;
#3055 = LINE ( 'NONE', #1045, #2564 ) ;
#3056 = PLANE ( 'NONE',  #1250 ) ;
#3057 = DIRECTION ( 'NONE',  ( -1.000000000000000000, -1.156482317317871478E-16, 0.000000000000000000 ) ) ;
#3058 = CARTESIAN_POINT ( 'NONE',  ( -29.99999999999998934, 11.59875833028611325, 4.817654120137106588 ) ) ;
#3059 = CIRCLE ( 'NONE', #418, 8.000000000000000000 ) ;
#3060 = CARTESIAN_POINT ( 'NONE',  ( 20.00000000000000000, 0.000000000000000000, 2.000000000000000000 ) ) ;
#3061 = CARTESIAN_POINT ( 'NONE',  ( 20.23902799180568479, -24.29699686145528759, 9.529120656610875733E-18 ) ) ;
#3062 = CYLINDRICAL_SURFACE ( 'NONE', #3592, 29.50000000000000355 ) ;
#3063 = ADVANCED_FACE ( 'NONE', ( #848 ), #993, .T. ) ;
#3064 = CARTESIAN_POINT ( 'NONE',  ( 20.18908592351875697, -24.74999999999998934, 0.5000000003347641053 ) ) ;
#3065 = CARTESIAN_POINT ( 'NONE',  ( 29.96093750000000711, 12.59334046713157917, 1.000000000000000000 ) ) ;
#3066 = TOROIDAL_SURFACE ( 'NONE', #3209, 8.000000000000000000, 1.000000000000000000 ) ;
#3067 = ORIENTED_EDGE ( 'NONE', *, *, #3702, .T. ) ;
#3068 = EDGE_CURVE ( 'NONE', #3988, #2051, #2934, .T. ) ;
#3069 = CARTESIAN_POINT ( 'NONE',  ( 29.50000000000000355, -2.067650203689527644E-15, 0.000000000000000000 ) ) ;
#3070 = ORIENTED_EDGE ( 'NONE', *, *, #1803, .T. ) ;
#3071 = ORIENTED_EDGE ( 'NONE', *, *, #2058, .T. ) ;
#3072 = CARTESIAN_POINT ( 'NONE',  ( -29.58436075936678122, 11.33298482962991294, 4.988116907594010385 ) ) ;
#3073 = CARTESIAN_POINT ( 'NONE',  ( 0.000000000000000000, 72.30205676561918438, 1.000000000000000000 ) ) ;
#3074 = ORIENTED_EDGE ( 'NONE', *, *, #561, .T. ) ;
#3075 = ORIENTED_EDGE ( 'NONE', *, *, #2191, .T. ) ;
#3076 = CARTESIAN_POINT ( 'NONE',  ( 20.43776190449449004, -24.74999999999998934, 0.5445730874306247138 ) ) ;
#3077 = EDGE_CURVE ( 'NONE', #1476, #85, #2559, .T. ) ;
#3078 = ORIENTED_EDGE ( 'NONE', *, *, #2901, .F. ) ;
#3079 = CARTESIAN_POINT ( 'NONE',  ( -29.49999999999999645, 12.39959676763726470, 4.000000000000000000 ) ) ;
#3080 = ORIENTED_EDGE ( 'NONE', *, *, #3956, .F. ) ;
#3081 = CARTESIAN_POINT ( 'NONE',  ( 27.50000000000000000, 2.783882181415012980, 0.000000000000000000 ) ) ;
#3082 = AXIS2_PLACEMENT_3D ( 'NONE', #3478, #3801, #2566 ) ;
#3083 = ORIENTED_EDGE ( 'NONE', *, *, #3097, .F. ) ;
#3084 = ORIENTED_EDGE ( 'NONE', *, *, #944, .F. ) ;
#3085 = DIRECTION ( 'NONE',  ( -1.000000000000000000, 0.000000000000000000, 0.000000000000000000 ) ) ;
#3086 = DIRECTION ( 'NONE',  ( -0.000000000000000000, -0.000000000000000000, -1.000000000000000000 ) ) ;
#3087 = CARTESIAN_POINT ( 'NONE',  ( 30.00000000000000355, 11.73371889684596248, 0.2361292648803332006 ) ) ;
#3088 = CALENDAR_DATE ( 2025, 8, 5 ) ;
#3089 = CARTESIAN_POINT ( 'NONE',  ( -29.99999999999999645, -11.92994097881549642, 4.387554596388464567 ) ) ;
#3090 = DIRECTION ( 'NONE',  ( 0.000000000000000000, 0.000000000000000000, 1.000000000000000000 ) ) ;
#3091 = ORIENTED_EDGE ( 'NONE', *, *, #1641, .T. ) ;
#3092 = CARTESIAN_POINT ( 'NONE',  ( -20.81681790790451814, 24.75000000000000355, 4.576546738701693151 ) ) ;
#3093 = CIRCLE ( 'NONE', #657, 30.50000000000000355 ) ;
#3094 = CARTESIAN_POINT ( 'NONE',  ( -29.99999999999999645, 11.55321638960333175, 4.468322911147100562 ) ) ;
#3095 = CARTESIAN_POINT ( 'NONE',  ( 26.51108304341877542, -6.197434477117749196, 0.8352788195851712505 ) ) ;
#3096 = CIRCLE ( 'NONE', #1278, 3.707106781186546574 ) ;
#3097 = EDGE_CURVE ( 'NONE', #1863, #2650, #4004, .T. ) ;
#3098 = ADVANCED_FACE ( 'NONE', ( #2272 ), #3052, .T. ) ;
#3099 = CARTESIAN_POINT ( 'NONE',  ( 30.00000000000000355, 12.22002045158339101, 0.7434391480416379094 ) ) ;
#3100 = CARTESIAN_POINT ( 'NONE',  ( -29.93860480204921259, -12.51950439522761016, 0.6553707469303711175 ) ) ;
#3101 = AXIS2_PLACEMENT_3D ( 'NONE', #3405, #2467, #582 ) ;
#3102 = FACE_OUTER_BOUND ( 'NONE', #377, .T. ) ;
#3103 = ORIENTED_EDGE ( 'NONE', *, *, #2323, .T. ) ;
#3104 = CARTESIAN_POINT ( 'NONE',  ( -29.58389159860465156, -11.33139489621693130, 4.988339491363919187 ) ) ;
#3105 = EDGE_CURVE ( 'NONE', #1563, #2206, #1195, .T. ) ;
#3106 = CIRCLE ( 'NONE', #2195, 8.999999999999998224 ) ;
#3107 = AXIS2_PLACEMENT_3D ( 'NONE', #935, #2118, #1461 ) ;
#3108 = CARTESIAN_POINT ( 'NONE',  ( -29.99999999999999645, 12.39959676763725760, 3.999999999999999112 ) ) ;
#3109 = DIRECTION ( 'NONE',  ( 0.000000000000000000, 0.000000000000000000, -1.000000000000000000 ) ) ;
#3110 = CARTESIAN_POINT ( 'NONE',  ( -30.00000000000000355, -12.27616097037310539, 0.7811999745062505607 ) ) ;
#3111 =( BOUNDED_SURFACE ( )  B_SPLINE_SURFACE ( 3, 2, ( 
 ( #1, #3717, #2469 ),
 ( #1539, #1850, #1526 ),
 ( #4012, #307, #3104 ),
 ( #1235, #2132, #608 ),
 ( #916, #1814, #933 ),
 ( #3089, #3691, #3408 ),
 ( #1837, #2483, #2443 ),
 ( #2183, #585, #268 ),
 ( #2458, #2760, #4000 ),
 ( #619, #3369, #1554 ),
 ( #3704, #2800, #3726 ),
 ( #2495, #596, #1864 ) ),
 .UNSPECIFIED., .F., .F., .T. ) 
 B_SPLINE_SURFACE_WITH_KNOTS ( ( 4, 2, 2, 2, 2, 4 ),
 ( 3, 3 ),
 ( 0.001222434444039941642, 0.001604518274178564057, 0.001986602104317186472, 0.002368685934455808887, 0.002559727849525119878, 0.002750769764594431302 ),
 ( 0.000000000000000000, 1.000000000000000000 ),
 .UNSPECIFIED. ) 
 GEOMETRIC_REPRESENTATION_ITEM ( )  RATIONAL_B_SPLINE_SURFACE ( (
 ( 1.000000000000000000, 0.7071067811864591990, 1.000000000000000000),
 ( 1.000000000000000000, 0.7366180164123962149, 1.000000000000000000),
 ( 1.000000000000000000, 0.7645997213500973499, 1.000000000000000000),
 ( 1.000000000000000000, 0.8183075997901821941, 1.000000000000000000),
 ( 1.000000000000000000, 0.8441787987585598341, 1.000000000000000000),
 ( 1.000000000000000000, 0.8933207538460785635, 1.000000000000000000),
 ( 1.000000000000000000, 0.9167192801538051050, 1.000000000000000000),
 ( 1.000000000000000000, 0.9480513268492203327, 1.000000000000000000),
 ( 1.000000000000000000, 0.9580209910270830465, 1.000000000000000000),
 ( 1.000000000000000000, 0.9741275387077480419, 1.000000000000000000),
 ( 1.000000000000000000, 0.9802363875129488369, 1.000000000000000000),
 ( 1.000000000000000000, 0.9802741963348827747, 1.000000000000000000) ) ) 
 REPRESENTATION_ITEM ( '' )  SURFACE ( )  );
#3112 = FACE_OUTER_BOUND ( 'NONE', #3797, .T. ) ;
#3113 = VERTEX_POINT ( 'NONE', #577 ) ;
#3114 = CARTESIAN_POINT ( 'NONE',  ( 20.00000000000000000, 0.000000000000000000, 3.500000000000000000 ) ) ;
#3115 = CARTESIAN_POINT ( 'NONE',  ( 0.000000000000000000, 0.000000000000000000, 3.249999999999999556 ) ) ;
#3116 = ORIENTED_EDGE ( 'NONE', *, *, #1586, .T. ) ;
#3117 = CARTESIAN_POINT ( 'NONE',  ( 30.00000000000000355, -11.55387445731960305, 0.5317587039077592559 ) ) ;
#3118 = EDGE_CURVE ( 'NONE', #1863, #2096, #3964, .T. ) ;
#3119 = VERTEX_POINT ( 'NONE', #2111 ) ;
#3120 = CARTESIAN_POINT ( 'NONE',  ( -26.50000000000000355, 6.224949798994363626, 3.500000000000000000 ) ) ;
#3121 = DIRECTION ( 'NONE',  ( -0.000000000000000000, -0.000000000000000000, 1.000000000000000000 ) ) ;
#3122 = ADVANCED_FACE ( 'NONE', ( #3775 ), #3048, .T. ) ;
#3123 = CARTESIAN_POINT ( 'NONE',  ( 20.81713768350871874, 24.75000000000001066, 4.576221021978571279 ) ) ;
#3124 = ORIENTED_EDGE ( 'NONE', *, *, #1695, .T. ) ;
#3125 = EDGE_LOOP ( 'NONE', ( #2162, #2905, #2289, #3031 ) ) ;
#3126 = CARTESIAN_POINT ( 'NONE',  ( 30.00000000000000355, 11.99719721578213161, 0.3669065188127192956 ) ) ;
#3127 = DIRECTION ( 'NONE',  ( 0.000000000000000000, -0.000000000000000000, -1.000000000000000000 ) ) ;
#3128 = ORIENTED_EDGE ( 'NONE', *, *, #23, .T. ) ;
#3129 = VERTEX_POINT ( 'NONE', #1831 ) ;
#3130 = EDGE_CURVE ( 'NONE', #3850, #720, #1710, .T. ) ;
#3131 = CARTESIAN_POINT ( 'NONE',  ( 29.79665097609163027, -12.04747254877979756, 0.2236162914095853882 ) ) ;
#3132 = EDGE_LOOP ( 'NONE', ( #2001, #1907, #606, #676 ) ) ;
#3133 = CARTESIAN_POINT ( 'NONE',  ( -21.20535251783266162, -24.62890628092217682, 0.8273068966351404541 ) ) ;
#3134 = CARTESIAN_POINT ( 'NONE',  ( -21.20535255374715788, 24.62890625000000355, 4.000000000000000000 ) ) ;
#3135 = AXIS2_PLACEMENT_3D ( 'NONE', #2160, #1197, #3679 ) ;
#3136 = LOCAL_TIME ( 11, 19, 43.00000000000000000, #799 ) ;
#3137 = VERTEX_POINT ( 'NONE', #2462 ) ;
#3138 = DIRECTION ( 'NONE',  ( -0.000000000000000000, 0.000000000000000000, 1.000000000000000000 ) ) ;
#3139 = ADVANCED_FACE ( 'NONE', ( #1536 ), #945, .T. ) ;
#3140 = CARTESIAN_POINT ( 'NONE',  ( -30.00000000000000355, 11.55855245565285294, 4.478206709336183700 ) ) ;
#3141 = CYLINDRICAL_SURFACE ( 'NONE', #425, 1.000000000000000000 ) ;
#3142 = CARTESIAN_POINT ( 'NONE',  ( -29.69356342953489403, 11.70200708226779973, 0.08408594153705890861 ) ) ;
#3143 = DIRECTION ( 'NONE',  ( -1.000000000000000000, 9.912705577010324563E-16, 0.000000000000000000 ) ) ;
#3144 = CARTESIAN_POINT ( 'NONE',  ( 20.89990421167765078, 24.75000000000001066, 4.484230451825936825 ) ) ;
#3145 = FACE_OUTER_BOUND ( 'NONE', #510, .T. ) ;
#3146 = CARTESIAN_POINT ( 'NONE',  ( 29.93606912241339657, -12.51101490016818296, 0.6630460767754036144 ) ) ;
#3147 = ORIENTED_EDGE ( 'NONE', *, *, #3027, .F. ) ;
#3148 = CARTESIAN_POINT ( 'NONE',  ( 30.00000000000000355, 12.39959644499300140, 4.066354718155698045 ) ) ;
#3149 = EDGE_CURVE ( 'NONE', #603, #3561, #1787, .T. ) ;
#3150 = CIRCLE ( 'NONE', #3176, 54.00000000000000000 ) ;
#3151 = CARTESIAN_POINT ( 'NONE',  ( -29.49999999999999645, 0.000000000000000000, 4.500000000000000888 ) ) ;
#3152 = DIRECTION ( 'NONE',  ( 1.000000000000000000, 0.000000000000000000, 0.000000000000000000 ) ) ;
#3153 = AXIS2_PLACEMENT_3D ( 'NONE', #2778, #288, #921 ) ;
#3154 = CYLINDRICAL_SURFACE ( 'NONE', #805, 1.000000000000000000 ) ;
#3155 = CARTESIAN_POINT ( 'NONE',  ( 29.54210019050141156, -11.18932861914764842, 5.000000000000000888 ) ) ;
#3156 = AXIS2_PLACEMENT_3D ( 'NONE', #1132, #3622, #3040 ) ;
#3157 = CARTESIAN_POINT ( 'NONE',  ( -20.27290473964232831, -24.74999999999999645, 0.5085572727190159625 ) ) ;
#3158 = ADVANCED_FACE ( 'NONE', ( #618 ), #3240, .F. ) ;
#3159 = MANIFOLD_SOLID_BREP ( '圆角4', #2013 ) ;
#3160 = FACE_OUTER_BOUND ( 'NONE', #3508, .T. ) ;
#3161 = ORIENTED_EDGE ( 'NONE', *, *, #1323, .T. ) ;
#3162 = CARTESIAN_POINT ( 'NONE',  ( 29.93860480204922325, -12.51950439522760306, 4.344629253069637542 ) ) ;
#3163 = EDGE_LOOP ( 'NONE', ( #3564, #2721, #2442, #1171 ) ) ;
#3164 = APPROVAL ( #1411, '未指定' ) ;
#3165 = EDGE_LOOP ( 'NONE', ( #971, #2743, #549, #1292 ) ) ;
#3166 = DIRECTION ( 'NONE',  ( 0.000000000000000000, 0.000000000000000000, 1.000000000000000000 ) ) ;
#3167 = ORIENTED_EDGE ( 'NONE', *, *, #1925, .F. ) ;
#3168 = CARTESIAN_POINT ( 'NONE',  ( 30.00000000000000711, -11.18347951703832699, 4.959610265333492585 ) ) ;
#3169 = CARTESIAN_POINT ( 'NONE',  ( 0.000000000000000000, 0.000000000000000000, 3.500000000000000000 ) ) ;
#3170 = ORIENTED_EDGE ( 'NONE', *, *, #3680, .F. ) ;
#3171 = CARTESIAN_POINT ( 'NONE',  ( 20.37086684334045117, 24.34277715248546770, 0.02169433127502969766 ) ) ;
#3172 = CARTESIAN_POINT ( 'NONE',  ( -20.21896427380135464, 24.74999999999943867, 0.03999211913504537030 ) ) ;
#3173 = EDGE_CURVE ( 'NONE', #1075, #2343, #2423, .T. ) ;
#3174 = CARTESIAN_POINT ( 'NONE',  ( -29.99999999999999645, -12.36522254094959017, 0.8749268778414995840 ) ) ;
#3175 = EDGE_LOOP ( 'NONE', ( #1212, #2545, #3743, #3036 ) ) ;
#3176 = AXIS2_PLACEMENT_3D ( 'NONE', #3004, #3881, #1093 ) ;
#3177 = DIRECTION ( 'NONE',  ( 1.000000000000000000, 0.000000000000000000, 0.000000000000000000 ) ) ;
#3178 = ADVANCED_FACE ( 'NONE', ( #661 ), #2792, .T. ) ;
#3179 = CARTESIAN_POINT ( 'NONE',  ( 26.52679616150681952, 12.96768739622844535, 0.7348412502466604712 ) ) ;
#3180 = CARTESIAN_POINT ( 'NONE',  ( -29.99999999999999645, 11.55795850961494153, 0.5215041991036675206 ) ) ;
#3181 = EDGE_CURVE ( 'NONE', #85, #1476, #1688, .T. ) ;
#3182 = DIRECTION ( 'NONE',  ( -1.000000000000000000, 0.000000000000000000, 0.000000000000000000 ) ) ;
#3183 = CARTESIAN_POINT ( 'NONE',  ( 20.10441493801783253, 24.75000000000001066, -6.093216209368534919E-14 ) ) ;
#3184 = LINE ( 'NONE', #3787, #2998 ) ;
#3185 = CARTESIAN_POINT ( 'NONE',  ( -29.99999999999999645, 11.68024835709563192, 0.5515547350216648548 ) ) ;
#3186 = CARTESIAN_POINT ( 'NONE',  ( -29.99999999999999289, -11.55795850961492377, 4.478495800896331147 ) ) ;
#3187 = DIRECTION ( 'NONE',  ( 0.000000000000000000, -1.000000000000000000, 0.000000000000000000 ) ) ;
#3188 = AXIS2_PLACEMENT_3D ( 'NONE', #2188, #2883, #739 ) ;
#3189 = LINE ( 'NONE', #3023, #3820 ) ;
#3190 = DIRECTION ( 'NONE',  ( -1.000000000000000000, 0.000000000000000000, 0.000000000000000000 ) ) ;
#3191 = CARTESIAN_POINT ( 'NONE',  ( -20.00000000000000000, 0.000000000000000000, 1.000000000000000000 ) ) ;
#3192 = EDGE_CURVE ( 'NONE', #3544, #2565, #3892, .T. ) ;
#3193 = VECTOR ( 'NONE', #558, 1000.000000000000000 ) ;
#3194 = CARTESIAN_POINT ( 'NONE',  ( 29.94868556131159565, -12.55281203245885813, 4.251679593060663898 ) ) ;
#3195 = DIRECTION ( 'NONE',  ( -1.000000000000000000, 0.000000000000000000, 0.000000000000000000 ) ) ;
#3196 = CIRCLE ( 'NONE', #311, 5.000000000000000888 ) ;
#3197 = ORIENTED_EDGE ( 'NONE', *, *, #1876, .F. ) ;
#3198 = CARTESIAN_POINT ( 'NONE',  ( -29.99999999999999289, 12.50040649745545451, 1.000000000000000666 ) ) ;
#3199 = CIRCLE ( 'NONE', #2749, 29.50000000000000355 ) ;
#3200 = CARTESIAN_POINT ( 'NONE',  ( 29.99999999999999645, 11.73484975440063138, 4.763436602396830644 ) ) ;
#3201 = CARTESIAN_POINT ( 'NONE',  ( 20.10441493801797108, 24.75000000000001066, 0.4999999999999995559 ) ) ;
#3202 = EDGE_CURVE ( 'NONE', #1417, #2211, #3578, .T. ) ;
#3203 = DIRECTION ( 'NONE',  ( -0.000000000000000000, -0.000000000000000000, -1.000000000000000000 ) ) ;
#3204 = VECTOR ( 'NONE', #4014, 1000.000000000000000 ) ;
#3205 = CARTESIAN_POINT ( 'NONE',  ( 26.50000000000000711, 12.96148139681572076, 1.000000000000000000 ) ) ;
#3206 = DIRECTION ( 'NONE',  ( -1.000000000000000000, 0.000000000000000000, 0.000000000000000000 ) ) ;
#3207 = ORIENTED_EDGE ( 'NONE', *, *, #302, .T. ) ;
#3208 = CARTESIAN_POINT ( 'NONE',  ( 30.00000000000000355, -12.36477183808672464, 4.125839772209334733 ) ) ;
#3209 = AXIS2_PLACEMENT_3D ( 'NONE', #3918, #3593, #3610 ) ;
#3210 = ORIENTED_EDGE ( 'NONE', *, *, #2431, .F. ) ;
#3211 = CARTESIAN_POINT ( 'NONE',  ( -27.23996930738694999, 13.13166262230466508, 0.02581166879223175531 ) ) ;
#3212 = CARTESIAN_POINT ( 'NONE',  ( -20.23927802165188794, 24.29708415327219129, 5.000000000000000000 ) ) ;
#3213 = ORIENTED_EDGE ( 'NONE', *, *, #2117, .T. ) ;
#3214 = DIRECTION ( 'NONE',  ( 1.000000000000000000, 0.000000000000000000, -0.000000000000000000 ) ) ;
#3215 = CARTESIAN_POINT ( 'NONE',  ( -20.37359302848290099, 24.34397695890869429, 1.807003620809157622E-17 ) ) ;
#3216 = CARTESIAN_POINT ( 'NONE',  ( 20.27396266321875018, 24.75000000000000355, 0.4999999999999994449 ) ) ;
#3217 = CARTESIAN_POINT ( 'NONE',  ( -20.51738468962733464, 24.75000000000000355, 0.5715437034555873597 ) ) ;
#3218 = CARTESIAN_POINT ( 'NONE',  ( -29.99999999999999645, -11.67833703512390109, 0.5512881454230854628 ) ) ;
#3219 = CARTESIAN_POINT ( 'NONE',  ( -29.99999999999999645, 11.04536101718727537, 0.5000000000000000000 ) ) ;
#3220 = ORIENTED_EDGE ( 'NONE', *, *, #302, .F. ) ;
#3221 = CARTESIAN_POINT ( 'NONE',  ( 0.000000000000000000, 1.040834085586084257E-14, 4.000000000000000000 ) ) ;
#3222 = ORIENTED_EDGE ( 'NONE', *, *, #781, .F. ) ;
#3223 = CARTESIAN_POINT ( 'NONE',  ( -26.88978393123993627, 13.05140447231085687, 0.1971270372640854529 ) ) ;
#3224 = DIRECTION ( 'NONE',  ( 0.000000000000000000, 0.000000000000000000, -1.000000000000000000 ) ) ;
#3225 = CARTESIAN_POINT ( 'NONE',  ( -27.49999999999999645, -2.783882181415024082, 0.000000000000000000 ) ) ;
#3226 = EDGE_CURVE ( 'NONE', #3758, #11, #2763, .T. ) ;
#3227 = CARTESIAN_POINT ( 'NONE',  ( 26.50000000000001066, -6.224949798994360073, 2.616059420097529564 ) ) ;
#3228 = AXIS2_PLACEMENT_3D ( 'NONE', #2585, #1038, #1990 ) ;
#3229 = CARTESIAN_POINT ( 'NONE',  ( -20.27254866874655193, 24.75000000000000355, 0.5085545142177999578 ) ) ;
#3230 = CARTESIAN_POINT ( 'NONE',  ( -29.66899786498818514, -11.61922076216104927, 0.06335416955294827235 ) ) ;
#3231 = CARTESIAN_POINT ( 'NONE',  ( -30.00000000000000355, 12.39959676763726293, 0.9347921177027170847 ) ) ;
#3232 = LINE ( 'NONE', #650, #1579 ) ;
#3233 = EDGE_CURVE ( 'NONE', #2381, #1673, #942, .T. ) ;
#3234 = CARTESIAN_POINT ( 'NONE',  ( 30.00000000000000355, -12.36906826475944854, 4.339975259380367767 ) ) ;
#3235 = VECTOR ( 'NONE', #3624, 1000.000000000000000 ) ;
#3236 = CARTESIAN_POINT ( 'NONE',  ( 20.46185475464040593, 21.25000000000000711, 3.500000000000000000 ) ) ;
#3237 = CARTESIAN_POINT ( 'NONE',  ( -26.27393029873733354, 6.766812686549024569, 3.149262379354528463 ) ) ;
#3238 = CARTESIAN_POINT ( 'NONE',  ( -20.87911636061259202, 24.25000000000000711, 4.000000000000000000 ) ) ;
#3239 = CARTESIAN_POINT ( 'NONE',  ( -29.49999999999986855, 11.04536101718687213, 0.000000000000000000 ) ) ;
#3240 = CYLINDRICAL_SURFACE ( 'NONE', #4008, 5.000000000000000888 ) ;
#3241 = DIRECTION ( 'NONE',  ( 1.000000000000000000, 1.156482317317871478E-16, 0.000000000000000000 ) ) ;
#3242 = B_SPLINE_CURVE_WITH_KNOTS ( 'NONE', 3,
 ( #899, #594, #2797, #3366, #2784, #3351, #1846, #3100, #1834, #617 ),
 .UNSPECIFIED., .F., .F.,
 ( 4, 2, 2, 2, 4 ),
 ( 1.736380466420042610E-18, 0.0005220473677744782819, 0.001044094735548954829, 0.001566142103323431376, 0.002088189471097907923 ),
 .UNSPECIFIED. ) ;
#3243 = CARTESIAN_POINT ( 'NONE',  ( 29.79665097609161251, 12.04747254877980822, 4.776383708590428157 ) ) ;
#3244 = CARTESIAN_POINT ( 'NONE',  ( -20.84340909810899589, -24.74999999999999645, 4.168056635811696609 ) ) ;
#3245 = DIRECTION ( 'NONE',  ( -0.000000000000000000, 0.000000000000000000, 1.000000000000000000 ) ) ;
#3246 = CIRCLE ( 'NONE', #2592, 29.50000000000000355 ) ;
#3247 = CARTESIAN_POINT ( 'NONE',  ( -20.37320198388011150, -24.34358471067129059, 4.977564224337716503 ) ) ;
#3248 = CARTESIAN_POINT ( 'NONE',  ( 21.06470843581603347, -24.75000000000014211, 4.135201284498045027 ) ) ;
#3249 = CIRCLE ( 'NONE', #234, 9.000000000000000000 ) ;
#3250 = DIRECTION ( 'NONE',  ( -0.000000000000000000, 1.000000000000000000, -0.000000000000000000 ) ) ;
#3251 = CARTESIAN_POINT ( 'NONE',  ( -29.96093750000000000, 12.59334046713159871, 4.000000000000000000 ) ) ;
#3252 = LINE ( 'NONE', #318, #2433 ) ;
#3253 = CARTESIAN_POINT ( 'NONE',  ( -21.00190003589033338, 24.55972672576401195, 0.4016631400424401366 ) ) ;
#3254 = CARTESIAN_POINT ( 'NONE',  ( 29.54209478221876495, 11.18931012477614928, 5.000000000000000888 ) ) ;
#3255 = CARTESIAN_POINT ( 'NONE',  ( 30.00000000000001421, -12.05183177980890541, 0.6519004277512702172 ) ) ;
#3256 = ORIENTED_EDGE ( 'NONE', *, *, #181, .F. ) ;
#3257 = EDGE_CURVE ( 'NONE', #2381, #1769, #137, .T. ) ;
#3258 = DIRECTION ( 'NONE',  ( 1.156482317317871478E-16, -1.000000000000000000, 0.000000000000000000 ) ) ;
#3259 = CARTESIAN_POINT ( 'NONE',  ( -29.99999999999999645, -11.55321638960321096, 0.5316770888528593586 ) ) ;
#3260 = ORIENTED_EDGE ( 'NONE', *, *, #332, .T. ) ;
#3261 = EDGE_LOOP ( 'NONE', ( #2300, #3703, #1015, #3442 ) ) ;
#3262 = CARTESIAN_POINT ( 'NONE',  ( 0.000000000000000000, 1.040834085586084257E-14, 0.000000000000000000 ) ) ;
#3263 = EDGE_LOOP ( 'NONE', ( #1081, #1115, #298, #1642 ) ) ;
#3264 = CARTESIAN_POINT ( 'NONE',  ( -25.62842585081374125, -12.75818974329905231, 3.499999999999999556 ) ) ;
#3265 = PLANE ( 'NONE',  #2174 ) ;
#3266 = EDGE_LOOP ( 'NONE', ( #607, #835, #1029, #3170 ) ) ;
#3267 = AXIS2_PLACEMENT_3D ( 'NONE', #2033, #804, #751 ) ;
#3268 = DIRECTION ( 'NONE',  ( 0.000000000000000000, 1.000000000000000000, -0.000000000000000000 ) ) ;
#3269 = CARTESIAN_POINT ( 'NONE',  ( -21.20535250748531197, 24.62890628983167929, 0.8297177574711480652 ) ) ;
#3270 = B_SPLINE_CURVE_WITH_KNOTS ( 'NONE', 3,
 ( #3975, #3341, #2727, #1810, #846, #3962, #2115, #570, #255, #3739 ),
 .UNSPECIFIED., .F., .F.,
 ( 4, 2, 2, 2, 4 ),
 ( 0.000000000000000000, 0.0002146466482991228858, 0.0004292932965982457715, 0.0008585865931964953377, 0.001717173186392991760 ),
 .UNSPECIFIED. ) ;
#3271 = DIRECTION ( 'NONE',  ( -1.000000000000000000, 0.000000000000000000, 0.000000000000000000 ) ) ;
#3272 = ORIENTED_EDGE ( 'NONE', *, *, #124, .F. ) ;
#3273 = EDGE_CURVE ( 'NONE', #3137, #1447, #2075, .T. ) ;
#3274 = ORIENTED_EDGE ( 'NONE', *, *, #1407, .T. ) ;
#3275 = PERSON_AND_ORGANIZATION_ROLE ( 'creator' ) ;
#3276 = CARTESIAN_POINT ( 'NONE',  ( -21.04617558854756965, -24.57480978397133597, 4.536205248912509091 ) ) ;
#3277 = CARTESIAN_POINT ( 'NONE',  ( -20.40921417098565982, 20.98241266425526064, 3.149940684920321754 ) ) ;
#3278 = ORIENTED_EDGE ( 'NONE', *, *, #3192, .F. ) ;
#3279 = CARTESIAN_POINT ( 'NONE',  ( -21.02329051548207417, -24.74999999999999289, 4.265326842693569986 ) ) ;
#3280 = CARTESIAN_POINT ( 'NONE',  ( 20.73724113122343127, -24.74999999999998579, 0.7010883622346593125 ) ) ;
#3281 = DIRECTION ( 'NONE',  ( -0.000000000000000000, -0.000000000000000000, -1.000000000000000000 ) ) ;
#3282 = CARTESIAN_POINT ( 'NONE',  ( -20.87911628131863395, 24.75000000000000355, 0.9148588569173117246 ) ) ;
#3283 = EDGE_CURVE ( 'NONE', #2448, #639, #2020, .T. ) ;
#3284 = CARTESIAN_POINT ( 'NONE',  ( 30.00000000000001421, -11.55539428698871873, 0.5212818824900776749 ) ) ;
#3285 = APPLICATION_PROTOCOL_DEFINITION ( 'international standard', 'config_control_design', 1994, #1728 ) ;
#3286 = CARTESIAN_POINT ( 'NONE',  ( -26.79311564764922693, 5.448315310755322827, 0.2881893619572997722 ) ) ;
#3287 = DIRECTION ( 'NONE',  ( 0.000000000000000000, 1.000000000000000000, 0.000000000000000000 ) ) ;
#3288 = AXIS2_PLACEMENT_3D ( 'NONE', #166, #1750, #221 ) ;
#3289 = VECTOR ( 'NONE', #1648, 1000.000000000000000 ) ;
#3290 = AXIS2_PLACEMENT_3D ( 'NONE', #1295, #2871, #1941 ) ;
#3291 = DIRECTION ( 'NONE',  ( -1.000000000000000000, 0.000000000000000000, 0.000000000000000000 ) ) ;
#3292 = LINE ( 'NONE', #572, #314 ) ;
#3293 = B_SPLINE_CURVE_WITH_KNOTS ( 'NONE', 3,
 ( #910, #602, #3095, #1229, #1858, #2178, #301, #2806, #1240, #3417, #3736, #1869, #2244, #370, #1363, #1379, #2625, #413 ),
 .UNSPECIFIED., .F., .F.,
 ( 4, 2, 2, 2, 2, 2, 2, 2, 4 ),
 ( 0.000000000000000000, 0.0002481718434566573209, 0.0004963436869133146419, 0.0009926873738266245133, 0.001489031060739934385, 0.001985374747653244256, 0.002978062121479861397, 0.003474405808393169967, 0.003970749495306477236 ),
 .UNSPECIFIED. ) ;
#3294 = CIRCLE ( 'NONE', #1753, 0.5000000000000004441 ) ;
#3295 = CARTESIAN_POINT ( 'NONE',  ( -20.87911636061258847, 24.25000000000000355, 5.000000000000000000 ) ) ;
#3296 = VERTEX_POINT ( 'NONE', #1239 ) ;
#3297 =( NAMED_UNIT ( * ) SI_UNIT ( $, .STERADIAN. ) SOLID_ANGLE_UNIT ( ) );
#3298 = FACE_OUTER_BOUND ( 'NONE', #335, .T. ) ;
#3299 = DIRECTION ( 'NONE',  ( -0.000000000000000000, 0.000000000000000000, 1.000000000000000000 ) ) ;
#3300 = ORIENTED_EDGE ( 'NONE', *, *, #1039, .T. ) ;
#3301 = CIRCLE ( 'NONE', #214, 32.50000000000000000 ) ;
#3302 = ADVANCED_FACE ( 'NONE', ( #219 ), #988, .T. ) ;
#3303 = ORIENTED_EDGE ( 'NONE', *, *, #2387, .T. ) ;
#3304 = CARTESIAN_POINT ( 'NONE',  ( -20.10441493801796398, -24.24999999999999645, 0.000000000000000000 ) ) ;
#3305 = DIRECTION ( 'NONE',  ( -0.000000000000000000, 0.000000000000000000, 1.000000000000000000 ) ) ;
#3306 = LINE ( 'NONE', #1092, #1061 ) ;
#3307 = DIRECTION ( 'NONE',  ( 0.000000000000000000, 0.000000000000000000, -1.000000000000000000 ) ) ;
#3308 = DIRECTION ( 'NONE',  ( -0.000000000000000000, 1.000000000000000000, -0.000000000000000000 ) ) ;
#3309 = VERTEX_POINT ( 'NONE', #3225 ) ;
#3310 = AXIS2_PLACEMENT_3D ( 'NONE', #3431, #2857, #3444 ) ;
#3311 = CARTESIAN_POINT ( 'NONE',  ( 20.00000000000000000, 0.000000000000000000, 2.000000000000000000 ) ) ;
#3312 = EDGE_CURVE ( 'NONE', #145, #1503, #3579, .T. ) ;
#3313 = EDGE_LOOP ( 'NONE', ( #692, #2795, #257, #1033 ) ) ;
#3314 = CARTESIAN_POINT ( 'NONE',  ( -27.22017097084505721, 4.065242193223364886, 0.03673457055033811647 ) ) ;
#3315 = DIRECTION ( 'NONE',  ( 1.000000000000000000, 0.000000000000000000, 0.000000000000000000 ) ) ;
#3316 = AXIS2_PLACEMENT_3D ( 'NONE', #3623, #2375, #1762 ) ;
#3317 = CARTESIAN_POINT ( 'NONE',  ( -20.33154842082652891, -24.74999999999998934, 4.911634944536106495 ) ) ;
#3318 = ORIENTED_EDGE ( 'NONE', *, *, #120, .T. ) ;
#3319 = DIRECTION ( 'NONE',  ( -0.000000000000000000, -1.000000000000000000, -0.000000000000000000 ) ) ;
#3320 = ORIENTED_EDGE ( 'NONE', *, *, #3068, .T. ) ;
#3321 = CARTESIAN_POINT ( 'NONE',  ( 20.73675678602801753, 24.75000000000000711, 4.299449311151327890 ) ) ;
#3322 = DIRECTION ( 'NONE',  ( -0.000000000000000000, -1.000000000000000000, -0.000000000000000000 ) ) ;
#3323 = CARTESIAN_POINT ( 'NONE',  ( -26.50000000000000355, -6.224949798994363626, 1.000000000000000000 ) ) ;
#3324 = ORIENTED_EDGE ( 'NONE', *, *, #2896, .T. ) ;
#3325 = CARTESIAN_POINT ( 'NONE',  ( 20.00000000000000000, 0.000000000000000000, 2.500000000000000000 ) ) ;
#3326 = ADVANCED_FACE ( 'NONE', ( #3424 ), #1973, .F. ) ;
#3327 = CARTESIAN_POINT ( 'NONE',  ( 29.99999999999999645, -12.39959676763722562, 4.065456595786081984 ) ) ;
#3328 = CARTESIAN_POINT ( 'NONE',  ( 21.20535255374715078, -24.62890625000000000, 1.000000000000000000 ) ) ;
#3329 = CARTESIAN_POINT ( 'NONE',  ( 27.37141016041161734, -13.16165848194014742, -5.015442563508426416E-34 ) ) ;
#3330 = LOCAL_TIME ( 11, 19, 43.00000000000000000, #2266 ) ;
#3331 = CARTESIAN_POINT ( 'NONE',  ( 20.81706479075377558, -24.74999999999998934, 0.4288856089823621098 ) ) ;
#3332 = CARTESIAN_POINT ( 'NONE',  ( 20.67973710538569065, -22.41870810845564321, 0.000000000000000000 ) ) ;
#3333 = VECTOR ( 'NONE', #3308, 1000.000000000000000 ) ;
#3334 = EDGE_CURVE ( 'NONE', #3667, #2096, #1685, .T. ) ;
#3335 = DIRECTION ( 'NONE',  ( -0.000000000000000000, -0.000000000000000000, -1.000000000000000000 ) ) ;
#3336 = DIRECTION ( 'NONE',  ( 0.000000000000000000, -0.000000000000000000, -1.000000000000000000 ) ) ;
#3337 = FACE_OUTER_BOUND ( 'NONE', #2643, .T. ) ;
#3338 = CARTESIAN_POINT ( 'NONE',  ( -26.68923560277913865, 5.736237540094026421, 0.4092200373843044581 ) ) ;
#3339 = CARTESIAN_POINT ( 'NONE',  ( 26.29532610070195631, 12.91403972556141433, 3.120026428049893497 ) ) ;
#3340 = CYLINDRICAL_SURFACE ( 'NONE', #1467, 0.5000000000000000000 ) ;
#3341 = CARTESIAN_POINT ( 'NONE',  ( -20.46185475464040593, -21.24999999999998934, 2.572670612247286659 ) ) ;
#3342 = CARTESIAN_POINT ( 'NONE',  ( -20.00000000000000000, 0.000000000000000000, 2.000000000000000000 ) ) ;
#3343 = TOROIDAL_SURFACE ( 'NONE', #2950, 6.000000000000000000, 1.000000000000000000 ) ;
#3344 = CYLINDRICAL_SURFACE ( 'NONE', #1778, 0.5000000000000004441 ) ;
#3345 = CARTESIAN_POINT ( 'NONE',  ( 26.54448323470714044, 6.113328730587679338, 0.6965572120887152385 ) ) ;
#3346 = CARTESIAN_POINT ( 'NONE',  ( -29.92227353309965920, -12.46531005552435012, 4.410744242257014669 ) ) ;
#3347 = CARTESIAN_POINT ( 'NONE',  ( 25.99851580907760962, 12.84491633765406959, 3.376428884674605779 ) ) ;
#3348 = FACE_OUTER_BOUND ( 'NONE', #2746, .T. ) ;
#3349 = ORIENTED_EDGE ( 'NONE', *, *, #1824, .F. ) ;
#3350 = CARTESIAN_POINT ( 'NONE',  ( 20.57541986057811201, -24.41349599801139192, 0.08914615823275574835 ) ) ;
#3351 = CARTESIAN_POINT ( 'NONE',  ( -29.83128930526491729, -12.16306376593749050, 0.2903340753374222261 ) ) ;
#3352 = EDGE_CURVE ( 'NONE', #1123, #2541, #2110, .T. ) ;
#3353 = EDGE_LOOP ( 'NONE', ( #2002, #3668, #795, #407 ) ) ;
#3354 = CARTESIAN_POINT ( 'NONE',  ( -20.10441493801795687, -24.74999999999999645, -1.301042606982605321E-15 ) ) ;
#3355 = CARTESIAN_POINT ( 'NONE',  ( 0.000000000000000000, 1.040834085586084257E-14, 1.000000000000000000 ) ) ;
#3356 = AXIS2_PLACEMENT_3D ( 'NONE', #2762, #2447, #3969 ) ;
#3357 = VERTEX_POINT ( 'NONE', #636 ) ;
#3358 = DIRECTION ( 'NONE',  ( 0.000000000000000000, -0.000000000000000000, -1.000000000000000000 ) ) ;
#3359 = AXIS2_PLACEMENT_3D ( 'NONE', #2057, #3305, #2101 ) ;
#3360 = CARTESIAN_POINT ( 'NONE',  ( -26.00000000000000355, 7.347880794884119736E-16, 1.000000000000000000 ) ) ;
#3361 = CARTESIAN_POINT ( 'NONE',  ( -29.95549606040569657, -12.57534234997752343, 4.175413875477151038 ) ) ;
#3362 = DIRECTION ( 'NONE',  ( 1.000000000000000000, 7.709882115452475208E-16, 0.000000000000000000 ) ) ;
#3363 = ORIENTED_EDGE ( 'NONE', *, *, #3956, .T. ) ;
#3364 = DIRECTION ( 'NONE',  ( -1.000000000000000000, 0.000000000000000000, 0.000000000000000000 ) ) ;
#3365 = CARTESIAN_POINT ( 'NONE',  ( -20.27396266321876084, 24.74999999999999645, 4.499999999999999112 ) ) ;
#3366 = CARTESIAN_POINT ( 'NONE',  ( -29.69413957446964503, -11.70394472709340228, 0.08465689891193936556 ) ) ;
#3367 = ORIENTED_EDGE ( 'NONE', *, *, #1527, .T. ) ;
#3368 = SECURITY_CLASSIFICATION ( '', '', #3921 ) ;
#3369 = CARTESIAN_POINT ( 'NONE',  ( -29.99999999999988276, -12.46404783948269923, 4.190994999638123275 ) ) ;
#3370 = CARTESIAN_POINT ( 'NONE',  ( 30.00000000000000000, -12.50040649745542076, 0.9999999999999982236 ) ) ;
#3371 = DIRECTION ( 'NONE',  ( 1.000000000000000000, 0.000000000000000000, 0.000000000000000000 ) ) ;
#3372 = CARTESIAN_POINT ( 'NONE',  ( 20.10441493801797108, 24.25000000000001066, 0.000000000000000000 ) ) ;
#3373 = FACE_OUTER_BOUND ( 'NONE', #1600, .T. ) ;
#3374 = CARTESIAN_POINT ( 'NONE',  ( 20.73281795730837729, -24.74999999999998934, 0.7044820973821080967 ) ) ;
#3375 = CARTESIAN_POINT ( 'NONE',  ( 29.93860480204923036, 12.51950439522761016, 0.6553707469303720057 ) ) ;
#3376 = CYLINDRICAL_SURFACE ( 'NONE', #3438, 2.249999999999993783 ) ;
#3377 = AXIS2_PLACEMENT_3D ( 'NONE', #3017, #1200, #2734 ) ;
#3378 = DIRECTION ( 'NONE',  ( -0.000000000000000000, 0.000000000000000000, 1.000000000000000000 ) ) ;
#3379 = EDGE_CURVE ( 'NONE', #3758, #290, #2712, .T. ) ;
#3380 = VECTOR ( 'NONE', #3745, 1000.000000000000000 ) ;
#3381 = CARTESIAN_POINT ( 'NONE',  ( -27.37418604915540143, -3.428079150478093862, 0.004833972191817265812 ) ) ;
#3382 = AXIS2_PLACEMENT_3D ( 'NONE', #3889, #3307, #2046 ) ;
#3383 = CARTESIAN_POINT ( 'NONE',  ( -29.99999999999999645, 12.36477183808660385, 4.125839772209229039 ) ) ;
#3384 = FACE_OUTER_BOUND ( 'NONE', #3026, .T. ) ;
#3385 = DIRECTION ( 'NONE',  ( -0.000000000000000000, -0.000000000000000000, 1.000000000000000000 ) ) ;
#3386 = CARTESIAN_POINT ( 'NONE',  ( -30.00000000000000000, -12.22184126553436379, 0.7446354765926748165 ) ) ;
#3387 = FACE_OUTER_BOUND ( 'NONE', #2500, .T. ) ;
#3388 = AXIS2_PLACEMENT_3D ( 'NONE', #1215, #3385, #565 ) ;
#3389 = EDGE_LOOP ( 'NONE', ( #3992, #2990, #2241, #1625 ) ) ;
#3390 = CARTESIAN_POINT ( 'NONE',  ( 29.54210019050149683, 11.18932861914764310, 0.000000000000000000 ) ) ;
#3391 = CARTESIAN_POINT ( 'NONE',  ( 29.96093750000000355, 12.59334046713158095, 0.8242310804012182857 ) ) ;
#3392 = VERTEX_POINT ( 'NONE', #2537 ) ;
#3393 = TOROIDAL_SURFACE ( 'NONE', #1067, 30.50000000000000355, 1.000000000000000000 ) ;
#3394 = DIRECTION ( 'NONE',  ( -0.000000000000000000, 0.000000000000000000, 1.000000000000000000 ) ) ;
#3395 = ORIENTED_EDGE ( 'NONE', *, *, #2290, .T. ) ;
#3396 = EDGE_CURVE ( 'NONE', #1022, #1181, #2419, .T. ) ;
#3397 = DIRECTION ( 'NONE',  ( -0.000000000000000000, 0.000000000000000000, 1.000000000000000000 ) ) ;
#3398 = CARTESIAN_POINT ( 'NONE',  ( -20.58207265985848977, 24.41593269160333435, 4.934813755659483547 ) ) ;
#3399 = ADVANCED_FACE ( 'NONE', ( #3772 ), #3523, .T. ) ;
#3400 = ORIENTED_EDGE ( 'NONE', *, *, #1354, .T. ) ;
#3401 = DIRECTION ( 'NONE',  ( 0.000000000000000000, -1.000000000000000000, 0.000000000000000000 ) ) ;
#3402 = EDGE_LOOP ( 'NONE', ( #3303, #2780, #2926, #2645, #884, #2357, #2976, #2098 ) ) ;
#3403 = ORIENTED_EDGE ( 'NONE', *, *, #269, .T. ) ;
#3404 = CARTESIAN_POINT ( 'NONE',  ( 29.89802015772545118, 12.38485760875800246, 0.4868782679047592432 ) ) ;
#3405 = CARTESIAN_POINT ( 'NONE',  ( 20.00000000000000000, 0.000000000000000000, 1.000000000000000000 ) ) ;
#3406 = EDGE_CURVE ( 'NONE', #2211, #2343, #1875, .T. ) ;
#3407 = EDGE_LOOP ( 'NONE', ( #48, #2259, #1120, #2163 ) ) ;
#3408 = CARTESIAN_POINT ( 'NONE',  ( -29.79741824774020387, -12.05003766322096048, 4.775109213718964796 ) ) ;
#3409 = VERTEX_POINT ( 'NONE', #763 ) ;
#3410 = AXIS2_PLACEMENT_3D ( 'NONE', #3221, #2291, #1678 ) ;
#3411 = CARTESIAN_POINT ( 'NONE',  ( 20.87911636061258491, 24.75000000000001066, 1.000000000000000000 ) ) ;
#3412 = AXIS2_PLACEMENT_3D ( 'NONE', #1816, #1827, #3957 ) ;
#3413 = VERTEX_POINT ( 'NONE', #3904 ) ;
#3414 = ORIENTED_EDGE ( 'NONE', *, *, #3537, .T. ) ;
#3415 = CARTESIAN_POINT ( 'NONE',  ( -29.89802015772529131, 12.38485760875806463, 4.513121732095414451 ) ) ;
#3416 = DIRECTION ( 'NONE',  ( -0.000000000000000000, -1.000000000000000000, -0.000000000000000000 ) ) ;
#3417 = CARTESIAN_POINT ( 'NONE',  ( 26.94572653205598911, -4.995529303028140689, 0.1652856939805467940 ) ) ;
#3418 = AXIS2_PLACEMENT_3D ( 'NONE', #3079, #293, #2810 ) ;
#3419 = ADVANCED_FACE ( 'NONE', ( #1044 ), #2949, .T. ) ;
#3420 = CARTESIAN_POINT ( 'NONE',  ( 30.00000000000000355, -11.30095311660426916, 0.5059377001266420759 ) ) ;
#3421 = DIRECTION ( 'NONE',  ( 1.000000000000000000, -3.552713678800500929E-15, 0.000000000000000000 ) ) ;
#3422 = CARTESIAN_POINT ( 'NONE',  ( 20.90166573697540642, 24.52552118788937818, 0.2989571537054198647 ) ) ;
#3423 = CARTESIAN_POINT ( 'NONE',  ( -20.87911620488507225, 24.75000000000000355, 4.085971679613324525 ) ) ;
#3424 = FACE_OUTER_BOUND ( 'NONE', #879, .T. ) ;
#3425 = CARTESIAN_POINT ( 'NONE',  ( 20.62709493119924531, 24.43131833498487993, 0.1109124603298107803 ) ) ;
#3426 = EDGE_LOOP ( 'NONE', ( #3116, #2081, #1322, #2641 ) ) ;
#3427 = CARTESIAN_POINT ( 'NONE',  ( -26.37089544951757247, 12.93157040679215974, 3.008913103797111965 ) ) ;
#3428 = FACE_OUTER_BOUND ( 'NONE', #3583, .T. ) ;
#3429 = CARTESIAN_POINT ( 'NONE',  ( 0.000000000000000000, 1.040834085586084257E-14, 1.000000000000000000 ) ) ;
#3430 = CARTESIAN_POINT ( 'NONE',  ( 30.00000000000000355, 11.30084895546325541, 0.5059415421266112434 ) ) ;
#3431 = CARTESIAN_POINT ( 'NONE',  ( 0.000000000000000000, 1.040834085586084257E-14, 5.000000000000000000 ) ) ;
#3432 = AXIS2_PLACEMENT_3D ( 'NONE', #2286, #401, #1027 ) ;
#3433 = ORIENTED_EDGE ( 'NONE', *, *, #2946, .F. ) ;
#3434 = EDGE_CURVE ( 'NONE', #2052, #537, #3678, .T. ) ;
#3435 = CIRCLE ( 'NONE', #1064, 29.50000000000000355 ) ;
#3436 = CARTESIAN_POINT ( 'NONE',  ( -20.10441493801787161, 24.75000000000000355, 4.500000000000012434 ) ) ;
#3437 = ADVANCED_FACE ( 'NONE', ( #2849 ), #3873, .T. ) ;
#3438 = AXIS2_PLACEMENT_3D ( 'NONE', #538, #1799, #2100 ) ;
#3439 = CARTESIAN_POINT ( 'NONE',  ( -27.50000000000000355, -13.19090595827291068, 0.000000000000000000 ) ) ;
#3440 = CARTESIAN_POINT ( 'NONE',  ( 29.59801634516816904, -11.37937063805044602, 0.01612734167650380426 ) ) ;
#3441 = CIRCLE ( 'NONE', #3510, 31.50000000000000000 ) ;
#3442 = ORIENTED_EDGE ( 'NONE', *, *, #2444, .F. ) ;
#3443 = CARTESIAN_POINT ( 'NONE',  ( 30.00000000000000355, 12.36477183808669267, 0.8741602277906372898 ) ) ;
#3444 = DIRECTION ( 'NONE',  ( 1.000000000000000000, 0.000000000000000000, 0.000000000000000000 ) ) ;
#3445 = ORIENTED_EDGE ( 'NONE', *, *, #438, .F. ) ;
#3446 = CARTESIAN_POINT ( 'NONE',  ( -29.99999999999999645, 11.04536101718727714, 4.500000000000000888 ) ) ;
#3447 = CARTESIAN_POINT ( 'NONE',  ( -20.66591471642674449, -24.74999999999999645, 0.6527213858739079333 ) ) ;
#3448 = CARTESIAN_POINT ( 'NONE',  ( 2.862293735361731311E-15, -24.74999999999999289, 4.500000000000000888 ) ) ;
#3449 = VERTEX_POINT ( 'NONE', #1709 ) ;
#3450 = CARTESIAN_POINT ( 'NONE',  ( 29.95553265198384452, -12.57546356402502319, 0.8248073962608327703 ) ) ;
#3451 = ORIENTED_EDGE ( 'NONE', *, *, #406, .F. ) ;
#3452 = EDGE_CURVE ( 'NONE', #2570, #1905, #1920, .T. ) ;
#3453 = CARTESIAN_POINT ( 'NONE',  ( 30.00000000000000355, 12.46350777562926915, 4.192180532823694961 ) ) ;
#3454 = ORIENTED_EDGE ( 'NONE', *, *, #2923, .F. ) ;
#3455 = ADVANCED_FACE ( 'NONE', ( #2612 ), #118, .T. ) ;
#3456 = DIRECTION ( 'NONE',  ( -0.000000000000000000, 0.000000000000000000, 1.000000000000000000 ) ) ;
#3457 = CARTESIAN_POINT ( 'NONE',  ( -8.500000000000000000, 0.000000000000000000, 2.500000000000000000 ) ) ;
#3458 = ORIENTED_EDGE ( 'NONE', *, *, #3054, .T. ) ;
#3459 = EDGE_CURVE ( 'NONE', #1075, #3544, #1784, .T. ) ;
#3460 = CARTESIAN_POINT ( 'NONE',  ( 30.00000000000000355, -11.17356577284756547, 4.500000001292143281 ) ) ;
#3461 = ORIENTED_EDGE ( 'NONE', *, *, #2485, .F. ) ;
#3462 = ORIENTED_EDGE ( 'NONE', *, *, #620, .F. ) ;
#3463 = DIRECTION ( 'NONE',  ( 1.000000000000000000, 0.000000000000000000, 0.000000000000000000 ) ) ;
#3464 = CARTESIAN_POINT ( 'NONE',  ( 21.20535250748555356, 24.62890628983146613, 4.170282242528842609 ) ) ;
#3465 = CARTESIAN_POINT ( 'NONE',  ( -20.95676529166179236, 24.54434693688648395, 0.3536713540065607453 ) ) ;
#3466 = AXIS2_PLACEMENT_3D ( 'NONE', #1783, #1165, #2053 ) ;
#3467 = LOCAL_TIME ( 11, 19, 43.00000000000000000, #3571 ) ;
#3468 = DIRECTION ( 'NONE',  ( -0.000000000000000000, -0.000000000000000000, -1.000000000000000000 ) ) ;
#3469 = CIRCLE ( 'NONE', #688, 0.5000000000000004441 ) ;
#3470 = EDGE_CURVE ( 'NONE', #639, #3129, #3469, .T. ) ;
#3471 = CARTESIAN_POINT ( 'NONE',  ( 29.50000000000000355, -11.04536101718724339, 0.000000000000000000 ) ) ;
#3472 = FACE_OUTER_BOUND ( 'NONE', #283, .T. ) ;
#3473 = CARTESIAN_POINT ( 'NONE',  ( -21.04020047480411648, -24.57276337319418857, 0.4677324062664219850 ) ) ;
#3474 = CARTESIAN_POINT ( 'NONE',  ( 0.000000000000000000, 1.040834085586084257E-14, 0.000000000000000000 ) ) ;
#3475 = ADVANCED_FACE ( 'NONE', ( #1094 ), #464, .F. ) ;
#3476 = CIRCLE ( 'NONE', #476, 32.50000000000000000 ) ;
#3477 = CARTESIAN_POINT ( 'NONE',  ( -20.32986981531216841, 24.75000000000000000, 0.08759546416969173077 ) ) ;
#3478 = CARTESIAN_POINT ( 'NONE',  ( 0.000000000000000000, 1.040834085586084257E-14, 5.000000000000000000 ) ) ;
#3479 = DIRECTION ( 'NONE',  ( -1.000000000000000000, 0.000000000000000000, 0.000000000000000000 ) ) ;
#3480 = EDGE_CURVE ( 'NONE', #3119, #3392, #1792, .T. ) ;
#3481 = VECTOR ( 'NONE', #3573, 1000.000000000000000 ) ;
#3482 = VERTEX_POINT ( 'NONE', #2651 ) ;
#3483 = DIRECTION ( 'NONE',  ( 0.000000000000000000, 1.000000000000000000, 0.000000000000000000 ) ) ;
#3484 = CARTESIAN_POINT ( 'NONE',  ( -21.06389090362937466, 24.25000000000000355, 5.000000000000000000 ) ) ;
#3485 = AXIS2_PLACEMENT_3D ( 'NONE', #3325, #1817, #210 ) ;
#3486 = FACE_OUTER_BOUND ( 'NONE', #2278, .T. ) ;
#3487 = PLANE ( 'NONE',  #2172 ) ;
#3488 = ORIENTED_EDGE ( 'NONE', *, *, #3513, .T. ) ;
#3489 = AXIS2_PLACEMENT_3D ( 'NONE', #25, #1853, #611 ) ;
#3490 = DIRECTION ( 'NONE',  ( 1.000000000000000000, 0.000000000000000000, 0.000000000000000000 ) ) ;
#3491 = VERTEX_POINT ( 'NONE', #514 ) ;
#3492 = AXIS2_PLACEMENT_3D ( 'NONE', #2589, #3777, #995 ) ;
#3493 = ORIENTED_EDGE ( 'NONE', *, *, #391, .T. ) ;
#3494 = CARTESIAN_POINT ( 'NONE',  ( -29.99999999999999645, 12.39959667313423530, 0.9330253887084679620 ) ) ;
#3495 = CARTESIAN_POINT ( 'NONE',  ( -29.99999999999999289, -12.22262369990386865, 4.254857215738486964 ) ) ;
#3496 = CYLINDRICAL_SURFACE ( 'NONE', #3911, 0.5000000000000004441 ) ;
#3497 = CARTESIAN_POINT ( 'NONE',  ( -20.27381207490988757, -24.74999999999999645, 4.500000000000000888 ) ) ;
#3498 = EDGE_LOOP ( 'NONE', ( #494, #1366, #1757, #3128 ) ) ;
#3499 = CARTESIAN_POINT ( 'NONE',  ( -20.00000000000000000, 0.000000000000000000, 1.000000000000000000 ) ) ;
#3500 = CARTESIAN_POINT ( 'NONE',  ( 25.99851580907760962, -12.84491633765405005, 3.376428884674605779 ) ) ;
#3501 = ORIENTED_EDGE ( 'NONE', *, *, #2245, .T. ) ;
#3502 = ORIENTED_EDGE ( 'NONE', *, *, #3226, .T. ) ;
#3503 = DIRECTION ( 'NONE',  ( 0.000000000000000000, 0.000000000000000000, 1.000000000000000000 ) ) ;
#3504 = ORIENTED_EDGE ( 'NONE', *, *, #69, .F. ) ;
#3505 = ORIENTED_EDGE ( 'NONE', *, *, #1297, .F. ) ;
#3506 = CARTESIAN_POINT ( 'NONE',  ( -29.99999999999998934, -11.93147760151153491, 4.387064261979117141 ) ) ;
#3507 = CARTESIAN_POINT ( 'NONE',  ( 30.00000000000000355, 11.32443954464450364, 4.915864952079108896 ) ) ;
#3508 = EDGE_LOOP ( 'NONE', ( #3991, #3041, #2830, #1995 ) ) ;
#3509 = ORIENTED_EDGE ( 'NONE', *, *, #1144, .F. ) ;
#3510 = AXIS2_PLACEMENT_3D ( 'NONE', #1296, #347, #2504 ) ;
#3511 = CARTESIAN_POINT ( 'NONE',  ( -26.50000000000000355, 12.96148139681572964, 3.500000000000000000 ) ) ;
#3512 = CARTESIAN_POINT ( 'NONE',  ( 20.34192731947420896, -24.33272705900573030, 4.982885441077371524 ) ) ;
#3513 = EDGE_CURVE ( 'NONE', #727, #1517, #1285, .T. ) ;
#3514 = CARTESIAN_POINT ( 'NONE',  ( 30.00000000000000355, 12.39959676763724516, 4.000000000000000000 ) ) ;
#3515 = AXIS2_PLACEMENT_3D ( 'NONE', #60, #2251, #3490 ) ;
#3516 = DIRECTION ( 'NONE',  ( -0.000000000000000000, -0.000000000000000000, -1.000000000000000000 ) ) ;
#3517 = CARTESIAN_POINT ( 'NONE',  ( 30.00000000000000355, 12.05183177980891784, 4.348099572248730560 ) ) ;
#3518 = CARTESIAN_POINT ( 'NONE',  ( -30.00000000000000000, 11.32276420081606716, 0.08357833856277903373 ) ) ;
#3519 = ORIENTED_EDGE ( 'NONE', *, *, #3721, .T. ) ;
#3520 = DIRECTION ( 'NONE',  ( 0.000000000000000000, -1.000000000000000000, 0.000000000000000000 ) ) ;
#3521 = CARTESIAN_POINT ( 'NONE',  ( 20.73691500085620731, 24.75000000000001421, 0.7005362826090465456 ) ) ;
#3522 = FACE_OUTER_BOUND ( 'NONE', #1653, .T. ) ;
#3523 =( BOUNDED_SURFACE ( )  B_SPLINE_SURFACE ( 3, 2, ( 
 ( #1614, #1950, #2549 ),
 ( #990, #3172, #2268 ),
 ( #1305, #3477, #1629 ),
 ( #2895, #3799, #1024 ),
 ( #1659, #1933, #64 ),
 ( #2256, #3824, #1967 ),
 ( #3253, #2019, #3890 ),
 ( #1103, #1986, #1119 ),
 ( #3269, #3869, #3282 ),
 ( #2679, #1421, #123 ) ),
 .UNSPECIFIED., .F., .F., .T. ) 
 B_SPLINE_SURFACE_WITH_KNOTS ( ( 4, 2, 2, 2, 4 ),
 ( 3, 3 ),
 ( 0.002255105736640401325, 0.002506355895241741891, 0.002757606053843082890, 0.003008856212444423455, 0.003260106371045764020 ),
 ( 0.000000000000000000, 1.000000000000000000 ),
 .UNSPECIFIED. ) 
 GEOMETRIC_REPRESENTATION_ITEM ( )  RATIONAL_B_SPLINE_SURFACE ( (
 ( 1.000000000000000000, 0.7071067811865475727, 1.000000000000000000),
 ( 1.000000000000000000, 0.7365719603221657641, 1.000000000000000000),
 ( 1.000000000000000000, 0.7637082849449527977, 1.000000000000000000),
 ( 1.000000000000000000, 0.8144955046678654664, 1.000000000000000000),
 ( 1.000000000000000000, 0.8384658908194815297, 1.000000000000000000),
 ( 1.000000000000000000, 0.8809684106774722245, 1.000000000000000000),
 ( 1.000000000000000000, 0.8999607822334313445, 1.000000000000000000),
 ( 1.000000000000000000, 0.9284285951127980718, 1.000000000000000000),
 ( 1.000000000000000000, 0.9376681301830298576, 1.000000000000000000),
 ( 1.000000000000000000, 0.9374999999999995559, 1.000000000000000000) ) ) 
 REPRESENTATION_ITEM ( '' )  SURFACE ( )  );
#3524 = CARTESIAN_POINT ( 'NONE',  ( -29.99999999999999645, -11.99719721578209786, 0.3669065188129875255 ) ) ;
#3525 = CARTESIAN_POINT ( 'NONE',  ( 7.500000000000000000, 9.184850993605147944E-16, 3.500000000000000000 ) ) ;
#3526 = EDGE_CURVE ( 'NONE', #3850, #1514, #3575, .T. ) ;
#3527 = TOROIDAL_SURFACE ( 'NONE', #1098, 28.50000000000000000, 1.000000000000000000 ) ;
#3528 = EDGE_LOOP ( 'NONE', ( #1063, #3091, #1807, #3403 ) ) ;
#3529 = CARTESIAN_POINT ( 'NONE',  ( 29.95553265198382675, 12.57546356402503562, 4.175192603739167119 ) ) ;
#3530 = CARTESIAN_POINT ( 'NONE',  ( -26.62896309628558100, 12.99130162810172884, 0.4913467178333649210 ) ) ;
#3531 = CIRCLE ( 'NONE', #2382, 1.000000000000000888 ) ;
#3532 = ORIENTED_EDGE ( 'NONE', *, *, #583, .F. ) ;
#3533 = CARTESIAN_POINT ( 'NONE',  ( -29.99999999999999645, 11.17248575935079558, 0.4999999977293098641 ) ) ;
#3534 = CARTESIAN_POINT ( 'NONE',  ( 29.50000000000000355, 11.04536101718726826, 0.5000000000000000000 ) ) ;
#3535 = CIRCLE ( 'NONE', #2613, 8.500000000000000000 ) ;
#3536 = CARTESIAN_POINT ( 'NONE',  ( 30.00000000000000355, 11.04536101718726648, 5.000000000000000888 ) ) ;
#3537 = EDGE_CURVE ( 'NONE', #3409, #1721, #414, .T. ) ;
#3538 = CARTESIAN_POINT ( 'NONE',  ( 20.00000000000000000, 0.000000000000000000, 2.500000000000000000 ) ) ;
#3539 = VECTOR ( 'NONE', #480, 1000.000000000000000 ) ;
#3540 = CARTESIAN_POINT ( 'NONE',  ( -20.62588078835354111, -24.43089814157838902, 4.889438336277188490 ) ) ;
#3541 = CARTESIAN_POINT ( 'NONE',  ( 20.22177537132032654, -24.29097353019960082, 5.000000000000000888 ) ) ;
#3542 = VECTOR ( 'NONE', #2311, 1000.000000000000000 ) ;
#3543 = CARTESIAN_POINT ( 'NONE',  ( 30.00000000000000355, -11.55321638960329622, 4.468322911147098786 ) ) ;
#3544 = VERTEX_POINT ( 'NONE', #526 ) ;
#3545 = CARTESIAN_POINT ( 'NONE',  ( -29.87297438443797759, 12.30171276536301228, 0.3899182399091829510 ) ) ;
#3546 = CARTESIAN_POINT ( 'NONE',  ( -20.00000000000000000, 0.000000000000000000, 2.000000000000000000 ) ) ;
#3547 = EDGE_LOOP ( 'NONE', ( #713, #3502, #3197, #3395, #3509, #83, #4022, #3300 ) ) ;
#3548 = AXIS2_PLACEMENT_3D ( 'NONE', #1205, #614, #3371 ) ;
#3549 = CARTESIAN_POINT ( 'NONE',  ( -29.99999999999999645, 12.27645308011863889, 0.7814521544371395567 ) ) ;
#3550 = CARTESIAN_POINT ( 'NONE',  ( 21.20535255374715078, 24.62890625000002132, 4.000000000000000000 ) ) ;
#3551 = ORIENTED_EDGE ( 'NONE', *, *, #406, .T. ) ;
#3552 = B_SPLINE_CURVE_WITH_KNOTS ( 'NONE', 3,
 ( #571, #1535, #2744, #913, #2168, #3997, #291, #863, #3051, #2454 ),
 .UNSPECIFIED., .F., .F.,
 ( 4, 2, 2, 2, 4 ),
 ( 0.000000000000000000, 0.0002141888131458637157, 0.0004283776262917274313, 0.0008567552525834560553, 0.001713510505166911677 ),
 .UNSPECIFIED. ) ;
#3553 = CARTESIAN_POINT ( 'NONE',  ( -21.04595339665901577, -24.57473414919410715, 0.4634329886556265432 ) ) ;
#3554 = ORIENTED_EDGE ( 'NONE', *, *, #2692, .T. ) ;
#3555 = CARTESIAN_POINT ( 'NONE',  ( -20.47566149353727027, 21.32092757460316435, 0.6500385952655260979 ) ) ;
#3556 = ORIENTED_EDGE ( 'NONE', *, *, #900, .T. ) ;
#3557 = CARTESIAN_POINT ( 'NONE',  ( -29.59812317778684942, 11.37972896665533007, 4.983746927518223124 ) ) ;
#3558 = ORIENTED_EDGE ( 'NONE', *, *, #2635, .T. ) ;
#3559 = DIRECTION ( 'NONE',  ( 0.000000000000000000, 1.000000000000000000, 0.000000000000000000 ) ) ;
#3560 = ORIENTED_EDGE ( 'NONE', *, *, #723, .F. ) ;
#3561 = VERTEX_POINT ( 'NONE', #3044 ) ;
#3562 = CARTESIAN_POINT ( 'NONE',  ( -26.50000000000000711, 6.224949798994364514, 2.616055243406204767 ) ) ;
#3563 = CARTESIAN_POINT ( 'NONE',  ( -29.99999999999999645, 12.39959676763726470, 0.000000000000000000 ) ) ;
#3564 = ORIENTED_EDGE ( 'NONE', *, *, #2788, .T. ) ;
#3565 = EDGE_CURVE ( 'NONE', #2408, #1618, #658, .T. ) ;
#3566 = CARTESIAN_POINT ( 'NONE',  ( 29.50000000000000355, 11.04536101718726471, 5.000000000000000888 ) ) ;
#3567 = CARTESIAN_POINT ( 'NONE',  ( 30.00000000000001776, -12.36476491769955111, 0.8742775315410356018 ) ) ;
#3568 = AXIS2_PLACEMENT_3D ( 'NONE', #4019, #1308, #3479 ) ;
#3569 = APPROVAL_STATUS ( 'not_yet_approved' ) ;
#3570 = CARTESIAN_POINT ( 'NONE',  ( -29.99999999999999645, -12.27481605397387909, 0.7800828595519510023 ) ) ;
#3571 = COORDINATED_UNIVERSAL_TIME_OFFSET ( 8, 0, .AHEAD. ) ;
#3572 = EDGE_CURVE ( 'NONE', #3137, #2868, #1146, .T. ) ;
#3573 = DIRECTION ( 'NONE',  ( 0.000000000000000000, 0.000000000000000000, -1.000000000000000000 ) ) ;
#3574 = AXIS2_PLACEMENT_3D ( 'NONE', #2466, #605, #2808 ) ;
#3575 = LINE ( 'NONE', #1777, #169 ) ;
#3576 = CARTESIAN_POINT ( 'NONE',  ( -26.38726954631022892, 6.500195563466346194, 2.966776379359154170 ) ) ;
#3577 = DIRECTION ( 'NONE',  ( 1.000000000000000000, 0.000000000000000000, 0.000000000000000000 ) ) ;
#3578 = CIRCLE ( 'NONE', #1886, 31.50000000000000000 ) ;
#3579 = B_SPLINE_CURVE_WITH_KNOTS ( 'NONE', 3,
 ( #685, #3215, #1036, #3465, #398, #1344, #1319, #79 ),
 .UNSPECIFIED., .F., .F.,
 ( 4, 2, 2, 4 ),
 ( 0.000000000000000000, 0.0008516698744493774852, 0.001277504811674070023, 0.001703339748898762560 ),
 .UNSPECIFIED. ) ;
#3580 = DIRECTION ( 'NONE',  ( -0.000000000000000000, -0.000000000000000000, -1.000000000000000000 ) ) ;
#3581 = APPROVAL_ROLE ( '' ) ;
#3582 = VECTOR ( 'NONE', #483, 1000.000000000000000 ) ;
#3583 = EDGE_LOOP ( 'NONE', ( #187, #3697, #980, #762 ) ) ;
#3584 = CARTESIAN_POINT ( 'NONE',  ( -29.99999999999999645, -11.92532824032971739, 0.6111262267425972006 ) ) ;
#3585 = DIRECTION ( 'NONE',  ( 0.000000000000000000, 0.000000000000000000, -1.000000000000000000 ) ) ;
#3586 = FACE_OUTER_BOUND ( 'NONE', #2735, .T. ) ;
#3587 = CARTESIAN_POINT ( 'NONE',  ( 0.000000000000000000, 1.040834085586084257E-14, 5.000000000000000000 ) ) ;
#3588 = CIRCLE ( 'NONE', #654, 0.5000000000000004441 ) ;
#3589 = VERTEX_POINT ( 'NONE', #3323 ) ;
#3590 = DIRECTION ( 'NONE',  ( 0.000000000000000000, 0.000000000000000000, -1.000000000000000000 ) ) ;
#3591 = DIRECTION ( 'NONE',  ( 1.000000000000000000, 0.000000000000000000, 0.000000000000000000 ) ) ;
#3592 = AXIS2_PLACEMENT_3D ( 'NONE', #1590, #4026, #20 ) ;
#3593 = DIRECTION ( 'NONE',  ( -0.000000000000000000, 0.000000000000000000, 1.000000000000000000 ) ) ;
#3594 = FACE_OUTER_BOUND ( 'NONE', #42, .T. ) ;
#3595 = CARTESIAN_POINT ( 'NONE',  ( -21.20535255374714723, -24.62890625000000000, 0.8567537895451157182 ) ) ;
#3596 = ORIENTED_EDGE ( 'NONE', *, *, #3470, .F. ) ;
#3597 = EDGE_CURVE ( 'NONE', #2570, #2343, #3616, .T. ) ;
#3598 = PERSON_AND_ORGANIZATION_ROLE ( 'creator' ) ;
#3599 = DIRECTION ( 'NONE',  ( 0.000000000000000000, 0.000000000000000000, 1.000000000000000000 ) ) ;
#3600 = CARTESIAN_POINT ( 'NONE',  ( 20.63018160987146388, -24.74999999999998934, 4.369665873315313753 ) ) ;
#3601 = AXIS2_PLACEMENT_3D ( 'NONE', #1246, #866, #3666 ) ;
#3602 = ORIENTED_EDGE ( 'NONE', *, *, #2711, .T. ) ;
#3603 = EDGE_LOOP ( 'NONE', ( #3458, #3596, #4011, #3606 ) ) ;
#3604 = CARTESIAN_POINT ( 'NONE',  ( 26.50000000000000711, -6.224949798994359185, 1.000000000000000000 ) ) ;
#3605 = DIRECTION ( 'NONE',  ( 0.000000000000000000, 0.000000000000000000, -1.000000000000000000 ) ) ;
#3606 = ORIENTED_EDGE ( 'NONE', *, *, #1454, .F. ) ;
#3607 = CARTESIAN_POINT ( 'NONE',  ( 15.00000000000000000, 0.000000000000000000, 2.000000000000000000 ) ) ;
#3608 = CARTESIAN_POINT ( 'NONE',  ( 0.000000000000000000, -72.30205676561914174, 2.500000000000000000 ) ) ;
#3609 = B_SPLINE_CURVE_WITH_KNOTS ( 'NONE', 3,
 ( #2948, #1698, #1739, #2325, #2380, #782, #2994, #2637 ),
 .UNSPECIFIED., .F., .F.,
 ( 4, 2, 2, 4 ),
 ( 0.000000000000000000, 0.0004290107835705334505, 0.0008580215671410669010, 0.001716043134282139873 ),
 .UNSPECIFIED. ) ;
#3610 = DIRECTION ( 'NONE',  ( 1.000000000000000000, 0.000000000000000000, 0.000000000000000000 ) ) ;
#3611 = DIRECTION ( 'NONE',  ( -1.000000000000000000, -1.156482317317871478E-16, 0.000000000000000000 ) ) ;
#3612 = ADVANCED_FACE ( 'NONE', ( #3373 ), #3050, .T. ) ;
#3613 = EDGE_LOOP ( 'NONE', ( #1998, #823, #65, #250 ) ) ;
#3614 = EDGE_CURVE ( 'NONE', #1022, #3309, #844, .T. ) ;
#3615 = ORIENTED_EDGE ( 'NONE', *, *, #3003, .T. ) ;
#3616 = B_SPLINE_CURVE_WITH_KNOTS ( 'NONE', 3,
 ( #818, #3942, #1477, #3966, #1443, #247, #2089, #220, #2747, #867 ),
 .UNSPECIFIED., .F., .F.,
 ( 4, 2, 2, 2, 4 ),
 ( 0.000000000000000000, 0.0001936245075781775019, 0.0003872490151563550038, 0.0007744980303127100077, 0.001548996060625420015 ),
 .UNSPECIFIED. ) ;
#3617 = CARTESIAN_POINT ( 'NONE',  ( -20.28304032694299508, 20.36088000048680868, 3.500000000000002665 ) ) ;
#3618 = VERTEX_POINT ( 'NONE', #2061 ) ;
#3619 = ORIENTED_EDGE ( 'NONE', *, *, #3452, .T. ) ;
#3620 = CARTESIAN_POINT ( 'NONE',  ( -20.51824091326729516, -24.74999999999999645, 4.428135191980518748 ) ) ;
#3621 = CARTESIAN_POINT ( 'NONE',  ( -29.49999999999999645, 11.04536101718728780, 0.000000000000000000 ) ) ;
#3622 = DIRECTION ( 'NONE',  ( -0.000000000000000000, -0.000000000000000000, 1.000000000000000000 ) ) ;
#3623 = CARTESIAN_POINT ( 'NONE',  ( 0.000000000000000000, 1.040834085586084257E-14, 1.000000000000000000 ) ) ;
#3624 = DIRECTION ( 'NONE',  ( 7.008983741320432232E-17, 1.000000000000000000, 0.000000000000000000 ) ) ;
#3625 = EDGE_CURVE ( 'NONE', #639, #2159, #2220, .T. ) ;
#3626 = DIRECTION ( 'NONE',  ( -1.000000000000000000, 0.000000000000000000, 0.000000000000000000 ) ) ;
#3627 = DIRECTION ( 'NONE',  ( -1.000000000000000000, 0.000000000000000000, 0.000000000000000000 ) ) ;
#3628 = CIRCLE ( 'NONE', #1388, 9.000000000000000000 ) ;
#3629 = AXIS2_PLACEMENT_3D ( 'NONE', #3262, #2942, #1070 ) ;
#3630 = CARTESIAN_POINT ( 'NONE',  ( 20.40921462534815234, -20.98241495393903833, 3.149938245340535126 ) ) ;
#3631 = CARTESIAN_POINT ( 'NONE',  ( -26.94573757814620762, 4.995495139462923007, 0.1652783187982393154 ) ) ;
#3632 = CARTESIAN_POINT ( 'NONE',  ( 21.04617558854759096, -24.57480978397133597, 0.4637947510874939616 ) ) ;
#3633 = AXIS2_PLACEMENT_3D ( 'NONE', #656, #2226, #1276 ) ;
#3634 = CIRCLE ( 'NONE', #1102, 32.50000000000000000 ) ;
#3635 = CARTESIAN_POINT ( 'NONE',  ( 27.00117466571576230, -13.07699489447011842, 0.1237388560046280145 ) ) ;
#3636 = ADVANCED_FACE ( 'NONE', ( #3724 ), #753, .F. ) ;
#3637 = AXIS2_PLACEMENT_3D ( 'NONE', #1683, #3241, #1725 ) ;
#3638 = DIRECTION ( 'NONE',  ( 1.000000000000000000, 0.000000000000000000, 0.000000000000000000 ) ) ;
#3639 = CARTESIAN_POINT ( 'NONE',  ( 20.43604334551399404, 24.75000000000001421, 4.455926535532776178 ) ) ;
#3640 = FACE_OUTER_BOUND ( 'NONE', #3654, .T. ) ;
#3641 = DIRECTION ( 'NONE',  ( -1.000000000000000000, 0.000000000000000000, 0.000000000000000000 ) ) ;
#3642 = FACE_BOUND ( 'NONE', #1943, .T. ) ;
#3643 = CARTESIAN_POINT ( 'NONE',  ( 26.56641731117028016, 6.057615611592766847, 0.6372271102464388548 ) ) ;
#3644 = LINE ( 'NONE', #1164, #950 ) ;
#3645 = CARTESIAN_POINT ( 'NONE',  ( 26.47909046152334867, 6.277180779532035793, 2.723062638557464332 ) ) ;
#3646 = EDGE_LOOP ( 'NONE', ( #2740, #253, #424, #1371 ) ) ;
#3647 = CARTESIAN_POINT ( 'NONE',  ( -20.10441493801795687, -24.74999999999999645, 4.500000000000000888 ) ) ;
#3648 = EDGE_LOOP ( 'NONE', ( #2691, #3830, #2410, #1511 ) ) ;
#3649 = CARTESIAN_POINT ( 'NONE',  ( -20.87911636061258847, 24.75000000000000000, 4.085726526635233391 ) ) ;
#3650 = DIRECTION ( 'NONE',  ( 1.000000000000000000, 1.156482317317871478E-16, -0.000000000000000000 ) ) ;
#3651 = LINE ( 'NONE', #30, #384 ) ;
#3652 = CARTESIAN_POINT ( 'NONE',  ( 20.22354360557506681, -20.08129189154433192, 3.500000000000000000 ) ) ;
#3653 = DIRECTION ( 'NONE',  ( -1.000000000000000000, 0.000000000000000000, 0.000000000000000000 ) ) ;
#3654 = EDGE_LOOP ( 'NONE', ( #2198, #953, #2255, #554 ) ) ;
#3655 = AXIS2_PLACEMENT_3D ( 'NONE', #2600, #3854, #2312 ) ;
#3656 = EDGE_LOOP ( 'NONE', ( #1862, #1672, #339, #1303, #194, #772, #641, #2497 ) ) ;
#3657 = ADVANCED_FACE ( 'NONE', ( #361 ), #2759, .F. ) ;
#3658 = EDGE_CURVE ( 'NONE', #2579, #2565, #3634, .T. ) ;
#3659 = ORIENTED_EDGE ( 'NONE', *, *, #1870, .F. ) ;
#3660 = CARTESIAN_POINT ( 'NONE',  ( 0.000000000000000000, 0.000000000000000000, 0.000000000000000000 ) ) ;
#3661 = CARTESIAN_POINT ( 'NONE',  ( 11.00000000000000178, 0.000000000000000000, 2.500000000000000000 ) ) ;
#3662 = VERTEX_POINT ( 'NONE', #207 ) ;
#3663 = EDGE_LOOP ( 'NONE', ( #1813, #1474, #1130, #496 ) ) ;
#3664 = CARTESIAN_POINT ( 'NONE',  ( -20.27394773081082135, -24.74999999999999645, 4.491265431328758773 ) ) ;
#3665 = CARTESIAN_POINT ( 'NONE',  ( 21.15441425048133084, -24.61163935140565329, 0.6646539330962524250 ) ) ;
#3666 = DIRECTION ( 'NONE',  ( 1.000000000000000000, 0.000000000000000000, 0.000000000000000000 ) ) ;
#3667 = VERTEX_POINT ( 'NONE', #2143 ) ;
#3668 = ORIENTED_EDGE ( 'NONE', *, *, #767, .F. ) ;
#3669 = CARTESIAN_POINT ( 'NONE',  ( 26.99428963090764455, 4.842606860447247641, 0.1356979759302583410 ) ) ;
#3670 = VERTEX_POINT ( 'NONE', #233 ) ;
#3671 = CARTESIAN_POINT ( 'NONE',  ( -29.69356342953489758, -11.70200708226778374, 4.915914058462941050 ) ) ;
#3672 = CARTESIAN_POINT ( 'NONE',  ( 26.47317495991171299, 12.95527653992260397, 2.765293306099375847 ) ) ;
#3673 = CARTESIAN_POINT ( 'NONE',  ( 20.46185475464039172, 21.25000000000001066, 2.572670953788342985 ) ) ;
#3674 = ADVANCED_FACE ( 'NONE', ( #2662 ), #3111, .T. ) ;
#3675 = PERSON_AND_ORGANIZATION ( #3920, #1871 ) ;
#3676 = CARTESIAN_POINT ( 'NONE',  ( 20.10441493801796753, -24.74999999999998579, 0.000000000000000000 ) ) ;
#3677 = DIRECTION ( 'NONE',  ( -1.000000000000000000, 0.000000000000000000, 0.000000000000000000 ) ) ;
#3678 = LINE ( 'NONE', #436, #2023 ) ;
#3679 = DIRECTION ( 'NONE',  ( 0.000000000000000000, 0.000000000000000000, -1.000000000000000000 ) ) ;
#3680 = EDGE_CURVE ( 'NONE', #3667, #2650, #1825, .T. ) ;
#3681 = TOROIDAL_SURFACE ( 'NONE', #3912, 4.414213562373094035, 1.000000000000000000 ) ;
#3682 = CARTESIAN_POINT ( 'NONE',  ( -29.71138743825551742, 11.76184345385594909, 4.897423687013699123 ) ) ;
#3683 = CARTESIAN_POINT ( 'NONE',  ( 29.50000000000000355, -11.04536101718724872, 0.000000000000000000 ) ) ;
#3684 = CARTESIAN_POINT ( 'NONE',  ( 29.50000000000000355, 12.39959676763724516, 5.000000000000000000 ) ) ;
#3685 = LINE ( 'NONE', #3120, #3380 ) ;
#3686 = AXIS2_PLACEMENT_3D ( 'NONE', #2597, #3590, #3677 ) ;
#3687 = CARTESIAN_POINT ( 'NONE',  ( 21.04047767382188638, -24.57285780126418118, 0.4681399946967634285 ) ) ;
#3688 = CARTESIAN_POINT ( 'NONE',  ( 20.46185475464039882, 21.25000000000001421, 0.9274830181860872491 ) ) ;
#3689 = FACE_OUTER_BOUND ( 'NONE', #1668, .T. ) ;
#3690 = EDGE_LOOP ( 'NONE', ( #3849, #1225, #206, #3602 ) ) ;
#3691 = CARTESIAN_POINT ( 'NONE',  ( -29.99999999999999289, -12.00202428952918154, 4.630464995758631908 ) ) ;
#3692 = EDGE_CURVE ( 'NONE', #3750, #727, #3960, .T. ) ;
#3693 = CARTESIAN_POINT ( 'NONE',  ( -25.50000000000000355, 8.351646544245030057, 3.500000000000000000 ) ) ;
#3694 = ADVANCED_FACE ( 'NONE', ( #3001 ), #1491, .T. ) ;
#3695 = CARTESIAN_POINT ( 'NONE',  ( -29.99999999999999289, 11.04536101718727537, 5.000000000000000888 ) ) ;
#3696 = CARTESIAN_POINT ( 'NONE',  ( -29.96093750000000355, -12.59334046713157740, 4.087959148828868017 ) ) ;
#3697 = ORIENTED_EDGE ( 'NONE', *, *, #2090, .F. ) ;
#3698 = CIRCLE ( 'NONE', #1414, 32.50000000000000000 ) ;
#3699 = VERTEX_POINT ( 'NONE', #880 ) ;
#3700 = CARTESIAN_POINT ( 'NONE',  ( 29.54889252929454813, 11.21255599041333895, 5.717472393966525748E-18 ) ) ;
#3701 = VERTEX_POINT ( 'NONE', #2171 ) ;
#3702 = EDGE_CURVE ( 'NONE', #2051, #3113, #1385, .T. ) ;
#3703 = ORIENTED_EDGE ( 'NONE', *, *, #1196, .T. ) ;
#3704 = CARTESIAN_POINT ( 'NONE',  ( -29.99999999999999645, -12.39959667313421399, 4.066974611291524155 ) ) ;
#3705 = ORIENTED_EDGE ( 'NONE', *, *, #731, .T. ) ;
#3706 = CARTESIAN_POINT ( 'NONE',  ( -26.68923560277913154, -5.736237540094024645, 0.4092200373843036809 ) ) ;
#3707 = CARTESIAN_POINT ( 'NONE',  ( -21.00107847791261406, 24.55944699221854677, 4.599662526120932959 ) ) ;
#3708 = AXIS2_PLACEMENT_3D ( 'NONE', #2212, #3090, #2471 ) ;
#3709 = CARTESIAN_POINT ( 'NONE',  ( 20.10441493801797108, 24.75000000000001066, 4.500000000000000888 ) ) ;
#3710 = CARTESIAN_POINT ( 'NONE',  ( 20.00000000000000000, 0.000000000000000000, 2.000000000000000000 ) ) ;
#3711 = AXIS2_PLACEMENT_3D ( 'NONE', #1482, #1469, #1729 ) ;
#3712 = EDGE_LOOP ( 'NONE', ( #2581, #1176, #1515, #2339 ) ) ;
#3713 = ADVANCED_FACE ( 'NONE', ( #573 ), #1333, .F. ) ;
#3714 = CARTESIAN_POINT ( 'NONE',  ( 0.000000000000000000, 72.30205676561918438, 2.500000000000000000 ) ) ;
#3715 = EDGE_LOOP ( 'NONE', ( #1368, #1031, #697, #3032 ) ) ;
#3716 = VERTEX_POINT ( 'NONE', #12 ) ;
#3717 = CARTESIAN_POINT ( 'NONE',  ( -29.99999999999999645, -11.04536101718685082, 5.000000000000124345 ) ) ;
#3718 = CARTESIAN_POINT ( 'NONE',  ( 20.67973710538569065, -22.41870810845564321, 0.000000000000000000 ) ) ;
#3719 = CARTESIAN_POINT ( 'NONE',  ( -7.500000000000000000, 0.000000000000000000, 0.000000000000000000 ) ) ;
#3720 = CYLINDRICAL_SURFACE ( 'NONE', #2989, 5.000000000000000888 ) ;
#3721 = EDGE_CURVE ( 'NONE', #2494, #2541, #2318, .T. ) ;
#3722 = CARTESIAN_POINT ( 'NONE',  ( 30.00000000000000355, 12.04992786487459000, 0.6511067329662703074 ) ) ;
#3723 = CARTESIAN_POINT ( 'NONE',  ( 26.50000000000000711, -12.96148139681570122, 2.500000000000000000 ) ) ;
#3724 = FACE_OUTER_BOUND ( 'NONE', #3163, .T. ) ;
#3725 = AXIS2_PLACEMENT_3D ( 'NONE', #1874, #941, #1608 ) ;
#3726 = CARTESIAN_POINT ( 'NONE',  ( -29.96093753429670770, -12.59334038553593871, 4.133949194189198373 ) ) ;
#3727 = EDGE_CURVE ( 'NONE', #1068, #2347, #521, .T. ) ;
#3728 = VECTOR ( 'NONE', #119, 1000.000000000000000 ) ;
#3729 = CARTESIAN_POINT ( 'NONE',  ( 20.87911620488626241, 24.75000000000001066, 0.9140283203867017869 ) ) ;
#3730 = DIRECTION ( 'NONE',  ( 0.000000000000000000, -0.000000000000000000, -1.000000000000000000 ) ) ;
#3731 = ADVANCED_FACE ( 'NONE', ( #264 ), #1233, .T. ) ;
#3732 = AXIS2_PLACEMENT_3D ( 'NONE', #1919, #365, #986 ) ;
#3733 = DIRECTION ( 'NONE',  ( 0.000000000000000000, 0.000000000000000000, -1.000000000000000000 ) ) ;
#3734 = CIRCLE ( 'NONE', #563, 0.5000000000000004441 ) ;
#3735 = CARTESIAN_POINT ( 'NONE',  ( 29.74153617893829704, -11.86305042057736969, 0.1368608157109989509 ) ) ;
#3736 = CARTESIAN_POINT ( 'NONE',  ( 26.99428963090764455, -4.842606860447247641, 0.1356979759302583410 ) ) ;
#3737 = ORIENTED_EDGE ( 'NONE', *, *, #489, .F. ) ;
#3738 = TOROIDAL_SURFACE ( 'NONE', #3030, 6.000000000000000000, 1.000000000000000000 ) ;
#3739 = CARTESIAN_POINT ( 'NONE',  ( -20.22354360557506681, -20.08129189154433192, 3.500000000000000000 ) ) ;
#3740 = DIRECTION ( 'NONE',  ( 1.000000000000000000, 0.000000000000000000, 0.000000000000000000 ) ) ;
#3741 = LINE ( 'NONE', #1465, #3933 ) ;
#3742 = CARTESIAN_POINT ( 'NONE',  ( -30.00000000000000000, 12.39959676763726826, 4.065456595786081984 ) ) ;
#3743 = ORIENTED_EDGE ( 'NONE', *, *, #3928, .F. ) ;
#3744 = EDGE_CURVE ( 'NONE', #2149, #2040, #1507, .T. ) ;
#3745 = DIRECTION ( 'NONE',  ( -0.000000000000000000, -0.000000000000000000, -1.000000000000000000 ) ) ;
#3746 = DIRECTION ( 'NONE',  ( 1.000000000000000000, 0.000000000000000000, 0.000000000000000000 ) ) ;
#3747 = ORIENTED_EDGE ( 'NONE', *, *, #2221, .T. ) ;
#3748 = CARTESIAN_POINT ( 'NONE',  ( -29.99999999999999645, -11.04536101718726826, 0.5000000000000000000 ) ) ;
#3749 = CARTESIAN_POINT ( 'NONE',  ( -25.50000000000000355, 12.72792206135786763, 3.500000000000000000 ) ) ;
#3750 = VERTEX_POINT ( 'NONE', #824 ) ;
#3751 = ADVANCED_FACE ( 'NONE', ( #2126 ), #1634, .F. ) ;
#3752 = CARTESIAN_POINT ( 'NONE',  ( -20.10441493801795687, -24.24999999999999645, 4.500000000000000888 ) ) ;
#3753 = DIRECTION ( 'NONE',  ( -0.000000000000000000, 0.000000000000000000, 1.000000000000000000 ) ) ;
#3754 = EDGE_CURVE ( 'NONE', #2557, #2816, #548, .T. ) ;
#3755 = VERTEX_POINT ( 'NONE', #535 ) ;
#3756 = VERTEX_POINT ( 'NONE', #1141 ) ;
#3757 = CARTESIAN_POINT ( 'NONE',  ( 30.00000000000000355, -11.92770657237036858, 0.6118081570973394889 ) ) ;
#3758 = VERTEX_POINT ( 'NONE', #2154 ) ;
#3759 = CARTESIAN_POINT ( 'NONE',  ( 0.000000000000000000, 1.040834085586084257E-14, 2.500000000000000000 ) ) ;
#3760 = CARTESIAN_POINT ( 'NONE',  ( 29.50000000000000355, 12.39959676763724516, 1.000000000000000000 ) ) ;
#3761 = ORIENTED_EDGE ( 'NONE', *, *, #2161, .F. ) ;
#3762 = CARTESIAN_POINT ( 'NONE',  ( 20.68892705537061261, 24.45257341517217853, 4.856719744371623015 ) ) ;
#3763 = DIRECTION ( 'NONE',  ( -1.000000000000000000, 0.000000000000000000, 0.000000000000000000 ) ) ;
#3764 = AXIS2_PLACEMENT_3D ( 'NONE', #852, #1147, #2105 ) ;
#3765 = VERTEX_POINT ( 'NONE', #638 ) ;
#3766 = CARTESIAN_POINT ( 'NONE',  ( 30.00000000000000355, 11.67833703512390109, 0.5512881454231018941 ) ) ;
#3767 = DIRECTION ( 'NONE',  ( -1.000000000000000000, 0.000000000000000000, 0.000000000000000000 ) ) ;
#3768 = APPROVAL_DATE_TIME ( #2507, #1362 ) ;
#3769 = CARTESIAN_POINT ( 'NONE',  ( -20.84925887525835364, -24.50755063696102098, 0.2606682391682411670 ) ) ;
#3770 = CARTESIAN_POINT ( 'NONE',  ( -20.46185475464040593, 21.25000000000000711, 3.500000000000000000 ) ) ;
#3771 = ADVANCED_FACE ( 'NONE', ( #1238 ), #312, .T. ) ;
#3772 = FACE_OUTER_BOUND ( 'NONE', #3712, .T. ) ;
#3773 = DIRECTION ( 'NONE',  ( -0.000000000000000000, -0.000000000000000000, 1.000000000000000000 ) ) ;
#3774 = CARTESIAN_POINT ( 'NONE',  ( 29.96093750000001066, -12.59334046713156496, 0.9118848176523252080 ) ) ;
#3775 = FACE_OUTER_BOUND ( 'NONE', #3547, .T. ) ;
#3776 = EDGE_CURVE ( 'NONE', #897, #1360, #702, .T. ) ;
#3777 = DIRECTION ( 'NONE',  ( -0.000000000000000000, 0.000000000000000000, 1.000000000000000000 ) ) ;
#3778 =( BOUNDED_SURFACE ( )  B_SPLINE_SURFACE ( 3, 2, ( 
 ( #1306, #1005, #3812 ),
 ( #2216, #343, #3148 ),
 ( #1281, #3453, #1604 ),
 ( #2611, #1060, #752 ),
 ( #1332, #1968, #1988 ),
 ( #1361, #455, #1026 ),
 ( #3243, #1037, #2021 ),
 ( #3841, #3200, #469 ),
 ( #152, #439, #1078 ),
 ( #2624, #3507, #740 ),
 ( #3254, #1697, #2005 ),
 ( #3566, #3536, #1711 ) ),
 .UNSPECIFIED., .F., .F., .F. ) 
 B_SPLINE_SURFACE_WITH_KNOTS ( ( 4, 2, 2, 2, 2, 4 ),
 ( 3, 3 ),
 ( 0.002750769764594428700, 0.002942687565573971157, 0.003134605366553513614, 0.003518440968512598094, 0.003902276570471682575, 0.004286112172430767489 ),
 ( 0.000000000000000000, 1.000000000000000000 ),
 .UNSPECIFIED. ) 
 GEOMETRIC_REPRESENTATION_ITEM ( )  RATIONAL_B_SPLINE_SURFACE ( (
 ( 1.000000000000000000, 0.9802741963348827747, 1.000000000000000000),
 ( 1.000000000000000000, 0.9803193797973998036, 1.000000000000000000),
 ( 1.000000000000000000, 0.9740355190702738586, 1.000000000000000000),
 ( 1.000000000000000000, 0.9578581362160893953, 1.000000000000000000),
 ( 1.000000000000000000, 0.9478895942032637967, 1.000000000000000000),
 ( 1.000000000000000000, 0.9164727182498630942, 1.000000000000000000),
 ( 1.000000000000000000, 0.8928875722683125016, 1.000000000000000000),
 ( 1.000000000000000000, 0.8440100366997396186, 1.000000000000000000),
 ( 1.000000000000000000, 0.8184967140606281832, 1.000000000000000000),
 ( 1.000000000000000000, 0.7649263232604422980, 1.000000000000000000),
 ( 1.000000000000000000, 0.7368643160741563669, 1.000000000000000000),
 ( 1.000000000000000000, 0.7071067811865475727, 1.000000000000000000) ) ) 
 REPRESENTATION_ITEM ( '' )  SURFACE ( )  );
#3779 = CARTESIAN_POINT ( 'NONE',  ( 29.94867989015728682, -12.55279286903795644, 0.7485219329931714904 ) ) ;
#3780 = CARTESIAN_POINT ( 'NONE',  ( 20.87911636061258136, -24.74999999999998934, 1.000000000000000000 ) ) ;
#3781 = DIRECTION ( 'NONE',  ( 0.000000000000000000, -0.000000000000000000, -1.000000000000000000 ) ) ;
#3782 = FACE_OUTER_BOUND ( 'NONE', #2303, .T. ) ;
#3783 = CARTESIAN_POINT ( 'NONE',  ( 29.96093761706600134, -12.59334018861871307, 0.8672905997507691644 ) ) ;
#3784 = CIRCLE ( 'NONE', #177, 30.50000000000000355 ) ;
#3785 = CARTESIAN_POINT ( 'NONE',  ( -29.96093750000000000, 12.59334046713159871, 1.000000000000000000 ) ) ;
#3786 = VERTEX_POINT ( 'NONE', #2127 ) ;
#3787 = CARTESIAN_POINT ( 'NONE',  ( -21.20535255374715078, -24.62890625000000355, 5.000000000000000000 ) ) ;
#3788 = ORIENTED_EDGE ( 'NONE', *, *, #2923, .T. ) ;
#3789 = ADVANCED_FACE ( 'NONE', ( #3522 ), #2071, .T. ) ;
#3790 = CC_DESIGN_APPROVAL ( #2828, ( #3368 ) ) ;
#3791 = CARTESIAN_POINT ( 'NONE',  ( -26.50000000000000355, -6.224949798994363626, 2.500000000000000000 ) ) ;
#3792 = ORIENTED_EDGE ( 'NONE', *, *, #3754, .T. ) ;
#3793 = ORIENTED_EDGE ( 'NONE', *, *, #2745, .T. ) ;
#3794 = ORIENTED_EDGE ( 'NONE', *, *, #2145, .F. ) ;
#3795 = CARTESIAN_POINT ( 'NONE',  ( 29.66899786498821001, -11.61922076216113986, 4.936645830447035088 ) ) ;
#3796 = CARTESIAN_POINT ( 'NONE',  ( -20.76385132569584258, -24.74999999999999645, 0.7338661924889043897 ) ) ;
#3797 = EDGE_LOOP ( 'NONE', ( #1480, #1522, #2884, #1258, #2106 ) ) ;
#3798 = CARTESIAN_POINT ( 'NONE',  ( 20.73709823642226269, 24.75000000000001066, 4.299168459787702901 ) ) ;
#3799 = CARTESIAN_POINT ( 'NONE',  ( -20.53772504155992351, 24.75000000000000711, 0.2007957784227141773 ) ) ;
#3800 = ORIENTED_EDGE ( 'NONE', *, *, #2799, .T. ) ;
#3801 = DIRECTION ( 'NONE',  ( -0.000000000000000000, -0.000000000000000000, -1.000000000000000000 ) ) ;
#3802 = DIRECTION ( 'NONE',  ( -0.000000000000000000, 0.000000000000000000, 1.000000000000000000 ) ) ;
#3803 = CARTESIAN_POINT ( 'NONE',  ( -29.96093749999999645, 12.59334046713160049, 4.175768919598786155 ) ) ;
#3804 = VERTEX_POINT ( 'NONE', #2807 ) ;
#3805 = EDGE_CURVE ( 'NONE', #2093, #1960, #3184, .T. ) ;
#3806 = AXIS2_PLACEMENT_3D ( 'NONE', #3915, #3268, #1133 ) ;
#3807 = ORIENTED_EDGE ( 'NONE', *, *, #2090, .T. ) ;
#3808 = CARTESIAN_POINT ( 'NONE',  ( -20.53930432189808997, -24.74999999999999645, 0.2017318846632794038 ) ) ;
#3809 = ORIENTED_EDGE ( 'NONE', *, *, #3077, .T. ) ;
#3810 = CARTESIAN_POINT ( 'NONE',  ( 30.00000000000001066, 12.22110475140612884, 4.255850172027935585 ) ) ;
#3811 = CARTESIAN_POINT ( 'NONE',  ( -29.99999999999999289, 11.18236780691331056, 0.04006463889810250867 ) ) ;
#3812 = CARTESIAN_POINT ( 'NONE',  ( 30.00000000000000355, 12.39959676763724516, 4.000000000000000888 ) ) ;
#3813 = AXIS2_PLACEMENT_3D ( 'NONE', #840, #3029, #3653 ) ;
#3814 = CARTESIAN_POINT ( 'NONE',  ( -20.10441493801795687, -24.74999999999999645, 4.500000000000000888 ) ) ;
#3815 = CARTESIAN_POINT ( 'NONE',  ( 26.50000000000000711, -12.96148139681570122, 2.500000000000000000 ) ) ;
#3816 = DIRECTION ( 'NONE',  ( -1.000000000000000000, -1.156482317317871478E-16, 0.000000000000000000 ) ) ;
#3817 = VECTOR ( 'NONE', #925, 1000.000000000000000 ) ;
#3818 = EDGE_CURVE ( 'NONE', #1514, #2093, #1533, .T. ) ;
#3819 = CARTESIAN_POINT ( 'NONE',  ( 29.91716639743661332, -12.44837307043374786, 4.439834232254202817 ) ) ;
#3820 = VECTOR ( 'NONE', #2768, 1000.000000000000000 ) ;
#3821 = CARTESIAN_POINT ( 'NONE',  ( 20.27076646509808455, 24.75000000000001066, 0.5000000046011632282 ) ) ;
#3822 = CARTESIAN_POINT ( 'NONE',  ( -26.50000000000000711, -12.96148139681571010, 0.8662132193936289415 ) ) ;
#3823 = FACE_OUTER_BOUND ( 'NONE', #3402, .T. ) ;
#3824 = CARTESIAN_POINT ( 'NONE',  ( -20.81713768350859795, 24.75000000000000355, 0.4237789780213178648 ) ) ;
#3825 = CARTESIAN_POINT ( 'NONE',  ( 26.47909046152334867, -6.277180779532035793, 2.723062638557464332 ) ) ;
#3826 = CARTESIAN_POINT ( 'NONE',  ( -20.87911636061257425, -24.24999999999999645, 4.000000000000000000 ) ) ;
#3827 = EDGE_CURVE ( 'NONE', #395, #2970, #3232, .T. ) ;
#3828 = CARTESIAN_POINT ( 'NONE',  ( -20.87911636061259202, 24.75000000000000000, 0.9142400919697568629 ) ) ;
#3829 = FACE_OUTER_BOUND ( 'NONE', #392, .T. ) ;
#3830 = ORIENTED_EDGE ( 'NONE', *, *, #3572, .T. ) ;
#3831 = DIRECTION ( 'NONE',  ( 0.000000000000000000, 0.000000000000000000, 1.000000000000000000 ) ) ;
#3832 = DIRECTION ( 'NONE',  ( 0.000000000000000000, -0.000000000000000000, -1.000000000000000000 ) ) ;
#3833 = FACE_OUTER_BOUND ( 'NONE', #917, .T. ) ;
#3834 = AXIS2_PLACEMENT_3D ( 'NONE', #3907, #3016, #1446 ) ;
#3835 = DIRECTION ( 'NONE',  ( 0.000000000000000000, 0.000000000000000000, -1.000000000000000000 ) ) ;
#3836 = DIRECTION ( 'NONE',  ( 0.000000000000000000, -0.000000000000000000, -1.000000000000000000 ) ) ;
#3837 = VECTOR ( 'NONE', #1789, 1000.000000000000000 ) ;
#3838 = ORIENTED_EDGE ( 'NONE', *, *, #2078, .T. ) ;
#3839 = CARTESIAN_POINT ( 'NONE',  ( -29.99999999999999645, 12.22194624357948811, 0.7446963116416693840 ) ) ;
#3840 = CARTESIAN_POINT ( 'NONE',  ( 20.73754322589129728, -24.74999999999998934, 4.298651893600974105 ) ) ;
#3841 = CARTESIAN_POINT ( 'NONE',  ( 29.71175567592786138, 11.76308280760834002, 4.897105230326825875 ) ) ;
#3842 = EDGE_LOOP ( 'NONE', ( #2501, #3084, #2586, #3451 ) ) ;
#3843 = DIRECTION ( 'NONE',  ( -0.000000000000000000, -0.000000000000000000, 1.000000000000000000 ) ) ;
#3844 = CARTESIAN_POINT ( 'NONE',  ( -29.87318651744993758, 12.30241705528222163, 4.609304572104182540 ) ) ;
#3845 = DIRECTION ( 'NONE',  ( -0.000000000000000000, -0.000000000000000000, -1.000000000000000000 ) ) ;
#3846 = ORIENTED_EDGE ( 'NONE', *, *, #2009, .T. ) ;
#3847 = CARTESIAN_POINT ( 'NONE',  ( -27.50000000000000355, 13.19090595827293022, 0.000000000000000000 ) ) ;
#3848 = CARTESIAN_POINT ( 'NONE',  ( 20.87911636061258136, -24.74999999999998934, 1.000000000000000000 ) ) ;
#3849 = ORIENTED_EDGE ( 'NONE', *, *, #1794, .F. ) ;
#3850 = VERTEX_POINT ( 'NONE', #70 ) ;
#3851 = CARTESIAN_POINT ( 'NONE',  ( 0.000000000000000000, 1.040834085586084257E-14, 0.000000000000000000 ) ) ;
#3852 = DIRECTION ( 'NONE',  ( -0.000000000000000000, -0.000000000000000000, -1.000000000000000000 ) ) ;
#3853 = DIRECTION ( 'NONE',  ( -0.000000000000000000, 1.000000000000000000, -0.000000000000000000 ) ) ;
#3854 = DIRECTION ( 'NONE',  ( -0.000000000000000000, -0.000000000000000000, -1.000000000000000000 ) ) ;
#3855 = VERTEX_POINT ( 'NONE', #939 ) ;
#3856 = ORIENTED_EDGE ( 'NONE', *, *, #3192, .T. ) ;
#3857 = AXIS2_PLACEMENT_3D ( 'NONE', #1903, #1578, #2493 ) ;
#3858 = CARTESIAN_POINT ( 'NONE',  ( -20.47049974879019629, 21.29438035075062174, 0.7179736286347893071 ) ) ;
#3859 = CARTESIAN_POINT ( 'NONE',  ( -29.99999999999999645, -12.22002045158328087, 0.7434391480417806841 ) ) ;
#3860 = CARTESIAN_POINT ( 'NONE',  ( 20.99551695456039369, -24.55753377901749701, 4.591398786081492212 ) ) ;
#3861 = EDGE_CURVE ( 'NONE', #1503, #8, #749, .T. ) ;
#3862 = ORIENTED_EDGE ( 'NONE', *, *, #604, .T. ) ;
#3863 = ORIENTED_EDGE ( 'NONE', *, *, #1954, .F. ) ;
#3864 = CARTESIAN_POINT ( 'NONE',  ( 29.74153617893829704, 11.86305042057739279, 4.863139184288998607 ) ) ;
#3865 = AXIS2_PLACEMENT_3D ( 'NONE', #2820, #2531, #1284 ) ;
#3866 = CARTESIAN_POINT ( 'NONE',  ( 20.66767616681280728, -24.74999999999999289, 0.6499373270328177021 ) ) ;
#3867 = TOROIDAL_SURFACE ( 'NONE', #1283, 9.999999999999998224, 1.000000000000000000 ) ;
#3868 = CARTESIAN_POINT ( 'NONE',  ( -29.99999999999999645, 12.37079838066088833, 0.6622176559038993604 ) ) ;
#3869 = CARTESIAN_POINT ( 'NONE',  ( -21.06470841555388063, 24.75000000000000355, 0.8666898751988767469 ) ) ;
#3870 = B_SPLINE_CURVE_WITH_KNOTS ( 'NONE', 3,
 ( #87, #2575, #3529, #449, #1056, #1370, #2631, #3864, #3876, #1400, #1086, #774 ),
 .UNSPECIFIED., .F., .F.,
 ( 4, 2, 2, 2, 2, 4 ),
 ( 0.000000000000000000, 0.0002627124385888821327, 0.0005254248771777642654, 0.001050849754355532217, 0.001576274631533300385, 0.002101699508711068337 ),
 .UNSPECIFIED. ) ;
#3871 = CARTESIAN_POINT ( 'NONE',  ( 25.91093023299048070, -7.553198328236337744, 3.417669468060060112 ) ) ;
#3872 = DIRECTION ( 'NONE',  ( -1.000000000000000000, 0.000000000000000000, 0.000000000000000000 ) ) ;
#3873 = TOROIDAL_SURFACE ( 'NONE', #1183, 31.50000000000000000, 1.000000000000000000 ) ;
#3874 = CARTESIAN_POINT ( 'NONE',  ( -29.89802015772555777, -12.38485760875799890, 0.4868782679049091233 ) ) ;
#3875 = TOROIDAL_SURFACE ( 'NONE', #3290, 28.50000000000000000, 1.000000000000000000 ) ;
#3876 = CARTESIAN_POINT ( 'NONE',  ( 29.69462180558349118, 11.70557064344460763, 4.914949736387231205 ) ) ;
#3877 = LINE ( 'NONE', #467, #3582 ) ;
#3878 = VECTOR ( 'NONE', #2412, 999.9999999999998863 ) ;
#3879 = CARTESIAN_POINT ( 'NONE',  ( 25.76155824716384046, -7.851853595808762520, 3.466608768111169248 ) ) ;
#3880 =( BOUNDED_SURFACE ( )  B_SPLINE_SURFACE ( 3, 2, ( 
 ( #1359, #1343, #3239 ),
 ( #3533, #3811, #750 ),
 ( #2320, #3518, #2933 ),
 ( #1670, #1682, #2882 ),
 ( #3185, #2563, #426 ),
 ( #1023, #1375, #721 ),
 ( #121, #78, #2608 ),
 ( #3839, #1975, #2917 ),
 ( #3549, #3868, #2003 ),
 ( #135, #2267, #1001 ),
 ( #3494, #397, #707 ),
 ( #2894, #3198, #1330 ) ),
 .UNSPECIFIED., .F., .F., .T. ) 
 B_SPLINE_SURFACE_WITH_KNOTS ( ( 4, 2, 2, 2, 2, 4 ),
 ( 3, 3 ),
 ( 0.001222434444039962676, 0.001604518274178586175, 0.001986602104317209891, 0.002368685934455833607, 0.002559727849525145031, 0.002750769764594456889 ),
 ( 0.000000000000000000, 1.000000000000000000 ),
 .UNSPECIFIED. ) 
 GEOMETRIC_REPRESENTATION_ITEM ( )  RATIONAL_B_SPLINE_SURFACE ( (
 ( 1.000000000000000000, 0.7071067811864591990, 1.000000000000000000),
 ( 1.000000000000000000, 0.7366180164124015439, 1.000000000000000000),
 ( 1.000000000000000000, 0.7645997213500901335, 1.000000000000000000),
 ( 1.000000000000000000, 0.8183075997901894105, 1.000000000000000000),
 ( 1.000000000000000000, 0.8441787987585526176, 1.000000000000000000),
 ( 1.000000000000000000, 0.8933207538460857799, 1.000000000000000000),
 ( 1.000000000000000000, 0.9167192801537701330, 1.000000000000000000),
 ( 1.000000000000000000, 0.9480513268492387624, 1.000000000000000000),
 ( 1.000000000000000000, 0.9580209910270831575, 1.000000000000000000),
 ( 1.000000000000000000, 0.9741275387077481529, 1.000000000000000000),
 ( 1.000000000000000000, 0.9802363875129493920, 1.000000000000000000),
 ( 1.000000000000000000, 0.9802741963348827747, 1.000000000000000000) ) ) 
 REPRESENTATION_ITEM ( '' )  SURFACE ( )  );
#3881 = DIRECTION ( 'NONE',  ( 0.000000000000000000, -0.000000000000000000, -1.000000000000000000 ) ) ;
#3882 = EDGE_CURVE ( 'NONE', #3716, #3618, #1486, .T. ) ;
#3883 = DATE_TIME_ROLE ( 'creation_date' ) ;
#3884 = FACE_OUTER_BOUND ( 'NONE', #498, .T. ) ;
#3885 = CARTESIAN_POINT ( 'NONE',  ( 20.89511322568020191, -24.74999999999999289, 4.478845609255459159 ) ) ;
#3886 = CIRCLE ( 'NONE', #1908, 6.000000000000001776 ) ;
#3887 = ORIENTED_EDGE ( 'NONE', *, *, #1380, .T. ) ;
#3888 = CARTESIAN_POINT ( 'NONE',  ( -26.50000000000000000, -12.96148139681570655, 2.633863449735150741 ) ) ;
#3889 = CARTESIAN_POINT ( 'NONE',  ( -20.00000000000000000, 0.000000000000000000, 2.000000000000000000 ) ) ;
#3890 = CARTESIAN_POINT ( 'NONE',  ( -20.73709823642227335, 24.75000000000000355, 0.7008315402122845539 ) ) ;
#3891 = ORIENTED_EDGE ( 'NONE', *, *, #2843, .T. ) ;
#3892 = B_SPLINE_CURVE_WITH_KNOTS ( 'NONE', 3,
 ( #3683, #2203, #3440, #962, #3735, #1912, #325, #17, #3146, #3450, #3774, #647 ),
 .UNSPECIFIED., .F., .F.,
 ( 4, 2, 2, 2, 2, 4 ),
 ( 0.000000000000000000, 0.0005208666486410784948, 0.001041733297282156990, 0.001562599945923235593, 0.001823033270243777388, 0.002083466594564319183 ),
 .UNSPECIFIED. ) ;
#3893 = CARTESIAN_POINT ( 'NONE',  ( 26.50000000000000711, 12.96148139681572076, 2.500000000000000000 ) ) ;
#3894 = ORIENTED_EDGE ( 'NONE', *, *, #1782, .T. ) ;
#3895 = EDGE_CURVE ( 'NONE', #245, #3701, #2555, .T. ) ;
#3896 = PLANE ( 'NONE',  #1502 ) ;
#3897 = VERTEX_POINT ( 'NONE', #966 ) ;
#3898 = CARTESIAN_POINT ( 'NONE',  ( 30.00000000000000355, -11.04536101718724339, 4.500000000000000888 ) ) ;
#3899 = CARTESIAN_POINT ( 'NONE',  ( 20.68831283859246994, -24.45236292180761950, 4.857191932430191983 ) ) ;
#3900 = CARTESIAN_POINT ( 'NONE',  ( -20.76404505467638728, -24.74999999999999645, 4.265930013822270439 ) ) ;
#3901 = EDGE_LOOP ( 'NONE', ( #3504, #965, #77, #599 ) ) ;
#3902 = CARTESIAN_POINT ( 'NONE',  ( -25.91095799831630586, 7.553141157632436098, 3.417656628114708717 ) ) ;
#3903 = EDGE_LOOP ( 'NONE', ( #3367, #509, #2142, #2876 ) ) ;
#3904 = CARTESIAN_POINT ( 'NONE',  ( -14.00000000000000000, 0.000000000000000000, 0.000000000000000000 ) ) ;
#3905 = VERTEX_POINT ( 'NONE', #404 ) ;
#3906 = EDGE_CURVE ( 'NONE', #1034, #3296, #117, .T. ) ;
#3907 = CARTESIAN_POINT ( 'NONE',  ( -20.00000000000000000, 0.000000000000000000, 3.500000000000000000 ) ) ;
#3908 = CARTESIAN_POINT ( 'NONE',  ( 30.00000000000000355, -12.39959676763722918, 1.000000000000000000 ) ) ;
#3909 = DIRECTION ( 'NONE',  ( 1.000000000000000000, 0.000000000000000000, 0.000000000000000000 ) ) ;
#3910 = CARTESIAN_POINT ( 'NONE',  ( 30.00000000000000000, -12.05317048259034252, 4.347536460826288085 ) ) ;
#3911 = AXIS2_PLACEMENT_3D ( 'NONE', #1737, #3943, #2379 ) ;
#3912 = AXIS2_PLACEMENT_3D ( 'NONE', #1664, #1901, #678 ) ;
#3913 = DIRECTION ( 'NONE',  ( -1.000000000000000000, 0.000000000000000000, 0.000000000000000000 ) ) ;
#3914 = CARTESIAN_POINT ( 'NONE',  ( 20.47049967723540576, -21.29437998288626233, 0.7179747771828525194 ) ) ;
#3915 = CARTESIAN_POINT ( 'NONE',  ( -29.49999999999999645, -11.04536101718726471, 4.500000000000000888 ) ) ;
#3916 = VECTOR ( 'NONE', #2328, 1000.000000000000000 ) ;
#3917 = B_SPLINE_CURVE_WITH_KNOTS ( 'NONE', 3,
 ( #3919, #2349, #2036, #806, #1122, #1432, #168, #2064 ),
 .UNSPECIFIED., .F., .F.,
 ( 4, 2, 2, 4 ),
 ( 3.484660190605997793E-18, 0.0005065301348859531459, 0.0007597952023289232136, 0.001013060269771893281 ),
 .UNSPECIFIED. ) ;
#3918 = CARTESIAN_POINT ( 'NONE',  ( 20.00000000000000000, 0.000000000000000000, 1.000000000000000000 ) ) ;
#3919 = CARTESIAN_POINT ( 'NONE',  ( -20.10441493801795687, -24.74999999999999289, 0.5000000000000000000 ) ) ;
#3920 = PERSON ( '未指定', '未指定', '未指定', ('未指定'), ('未指定'), ('未指定') ) ;
#3921 = SECURITY_CLASSIFICATION_LEVEL ( 'unclassified' ) ;
#3922 = VECTOR ( 'NONE', #1720, 1000.000000000000000 ) ;
#3923 = CARTESIAN_POINT ( 'NONE',  ( 20.00000000000000000, 0.000000000000000000, 1.000000000000000000 ) ) ;
#3924 = CARTESIAN_POINT ( 'NONE',  ( -20.22357334041942423, -24.29160124717007108, 5.000000000000000888 ) ) ;
#3925 = EDGE_LOOP ( 'NONE', ( #446, #1217, #3349, #2542 ) ) ;
#3926 = CARTESIAN_POINT ( 'NONE',  ( -26.50000000000000355, -12.96148139681570832, 2.500000000000000000 ) ) ;
#3927 = DIRECTION ( 'NONE',  ( -0.000000000000000000, 0.000000000000000000, 1.000000000000000000 ) ) ;
#3928 = EDGE_CURVE ( 'NONE', #870, #3855, #2367, .T. ) ;
#3929 = CIRCLE ( 'NONE', #1644, 6.000000000000000000 ) ;
#3930 = CARTESIAN_POINT ( 'NONE',  ( 20.00000000000000000, 0.000000000000000000, 1.000000000000000000 ) ) ;
#3931 = AXIS2_PLACEMENT_3D ( 'NONE', #330, #2219, #2913 ) ;
#3932 = CARTESIAN_POINT ( 'NONE',  ( 0.000000000000000000, 0.000000000000000000, 5.000000000000000000 ) ) ;
#3933 = VECTOR ( 'NONE', #179, 1000.000000000000000 ) ;
#3934 = DIRECTION ( 'NONE',  ( -0.000000000000000000, -0.000000000000000000, 1.000000000000000000 ) ) ;
#3935 = VERTEX_POINT ( 'NONE', #1065 ) ;
#3936 = EDGE_CURVE ( 'NONE', #2052, #923, #2736, .T. ) ;
#3937 = CARTESIAN_POINT ( 'NONE',  ( -27.37418604915540854, 3.428079150478097858, 0.004833972191817499132 ) ) ;
#3938 = ORIENTED_EDGE ( 'NONE', *, *, #3273, .F. ) ;
#3939 = CARTESIAN_POINT ( 'NONE',  ( -20.57541986057837136, -24.41349599801166192, 4.910853841767117700 ) ) ;
#3940 = CARTESIAN_POINT ( 'NONE',  ( -20.67973710538566223, 22.41870810845568940, 0.000000000000000000 ) ) ;
#3941 = ORIENTED_EDGE ( 'NONE', *, *, #893, .F. ) ;
#3942 = CARTESIAN_POINT ( 'NONE',  ( 30.00000000000000000, 12.39959676763724339, 0.9345434042139182385 ) ) ;
#3943 = DIRECTION ( 'NONE',  ( -0.000000000000000000, -0.000000000000000000, -1.000000000000000000 ) ) ;
#3944 = CARTESIAN_POINT ( 'NONE',  ( 26.79310744807367328, 5.448338536358620310, 0.2881976004126626245 ) ) ;
#3945 = ORIENTED_EDGE ( 'NONE', *, *, #2413, .F. ) ;
#3946 = ORIENTED_EDGE ( 'NONE', *, *, #59, .F. ) ;
#3947 = CARTESIAN_POINT ( 'NONE',  ( -26.63648732469570390, 5.876518359261132751, 0.4832123979981928219 ) ) ;
#3948 = DIRECTION ( 'NONE',  ( 0.000000000000000000, 0.000000000000000000, -1.000000000000000000 ) ) ;
#3949 = ORIENTED_EDGE ( 'NONE', *, *, #23, .F. ) ;
#3950 = ORIENTED_EDGE ( 'NONE', *, *, #3572, .F. ) ;
#3951 =( BOUNDED_SURFACE ( )  B_SPLINE_SURFACE ( 3, 2, ( 
 ( #2846, #653, #972 ),
 ( #3155, #3168, #3460 ),
 ( #1918, #2236, #1621 ),
 ( #3795, #1927, #3543 ),
 ( #2902, #1356, #1042 ),
 ( #1652, #2302, #72 ),
 ( #103, #759, #408 ),
 ( #998, #2594, #1997 ),
 ( #3819, #3234, #1315 ),
 ( #3194, #1339, #3208 ),
 ( #1982, #432, #131 ),
 ( #1327, #716, #1690 ) ),
 .UNSPECIFIED., .F., .F., .T. ) 
 B_SPLINE_SURFACE_WITH_KNOTS ( ( 4, 2, 2, 2, 2, 4 ),
 ( 3, 3 ),
 ( 0.001008446055696982048, 0.001389861523683813809, 0.001771276991670645787, 0.002152692459657477766, 0.002343400193650893755, 0.002534107927644309744 ),
 ( 0.000000000000000000, 1.000000000000000000 ),
 .UNSPECIFIED. ) 
 GEOMETRIC_REPRESENTATION_ITEM ( )  RATIONAL_B_SPLINE_SURFACE ( (
 ( 1.000000000000000000, 0.7071067811865475727, 1.000000000000000000),
 ( 1.000000000000000000, 0.7368680310427556668, 1.000000000000000000),
 ( 1.000000000000000000, 0.7649020750436659188, 1.000000000000000000),
 ( 1.000000000000000000, 0.8183595106426626575, 1.000000000000000000),
 ( 1.000000000000000000, 0.8437884055429868413, 1.000000000000000000),
 ( 1.000000000000000000, 0.8924267773074546772, 1.000000000000000000),
 ( 1.000000000000000000, 0.9161278180223129119, 1.000000000000000000),
 ( 1.000000000000000000, 0.9476976633453529919, 1.000000000000000000),
 ( 1.000000000000000000, 0.9577228570534715990, 1.000000000000000000),
 ( 1.000000000000000000, 0.9740390116809777288, 1.000000000000000000),
 ( 1.000000000000000000, 0.9802769051502079334, 1.000000000000000000),
 ( 1.000000000000000000, 0.9802741963348827747, 1.000000000000000000) ) ) 
 REPRESENTATION_ITEM ( '' )  SURFACE ( )  );
#3952 = CARTESIAN_POINT ( 'NONE',  ( 20.34164598756173703, 20.64588698186877735, 3.413413116797983538 ) ) ;
#3953 = ADVANCED_FACE ( 'NONE', ( #2170 ), #2217, .T. ) ;
#3954 = DIRECTION ( 'NONE',  ( 0.000000000000000000, -0.000000000000000000, -1.000000000000000000 ) ) ;
#3955 = CARTESIAN_POINT ( 'NONE',  ( 0.000000000000000000, 1.040834085586084257E-14, 4.000000000000000000 ) ) ;
#3956 = EDGE_CURVE ( 'NONE', #2686, #2825, #892, .T. ) ;
#3957 = DIRECTION ( 'NONE',  ( -1.000000000000000000, 0.000000000000000000, 0.000000000000000000 ) ) ;
#3958 = CARTESIAN_POINT ( 'NONE',  ( 26.63648277511213891, 5.876530281372569497, 0.4832203293349653928 ) ) ;
#3959 = CARTESIAN_POINT ( 'NONE',  ( 20.10441493801796753, -24.74999999999998934, 0.5000000000000000000 ) ) ;
#3960 = CIRCLE ( 'NONE', #3418, 0.5000000000000004441 ) ;
#3961 = AXIS2_PLACEMENT_3D ( 'NONE', #1868, #28, #3109 ) ;
#3962 = CARTESIAN_POINT ( 'NONE',  ( -20.42817875919963910, -21.07832560840044778, 3.039806572120651307 ) ) ;
#3963 = CARTESIAN_POINT ( 'NONE',  ( 20.87911636061258136, 24.75000000000001066, 4.000000000000000000 ) ) ;
#3964 = CIRCLE ( 'NONE', #2726, 0.5000000000000000000 ) ;
#3965 = PLANE ( 'NONE',  #3107 ) ;
#3966 = CARTESIAN_POINT ( 'NONE',  ( 30.00000000000000000, 12.27616097037310183, 0.7811999745062511158 ) ) ;
#3967 = FACE_OUTER_BOUND ( 'NONE', #1180, .T. ) ;
#3968 = CARTESIAN_POINT ( 'NONE',  ( -26.50000000000000000, -6.224949798994365402, 0.9158846565498111048 ) ) ;
#3969 = DIRECTION ( 'NONE',  ( -1.000000000000000000, 1.224646799147354440E-16, 0.000000000000000000 ) ) ;
#3970 = ADVANCED_FACE ( 'NONE', ( #1971 ), #519, .T. ) ;
#3971 = CIRCLE ( 'NONE', #441, 29.50000000000000355 ) ;
#3972 = DIRECTION ( 'NONE',  ( -0.000000000000000000, -0.000000000000000000, -1.000000000000000000 ) ) ;
#3973 = CARTESIAN_POINT ( 'NONE',  ( -29.96093750000000000, 12.59334046713159871, 5.000000000000000000 ) ) ;
#3974 = CIRCLE ( 'NONE', #3310, 31.50000000000000000 ) ;
#3975 = CARTESIAN_POINT ( 'NONE',  ( -20.46185475464040593, -21.24999999999998934, 2.500000000000000000 ) ) ;
#3976 = EDGE_CURVE ( 'NONE', #3804, #43, #306, .T. ) ;
#3977 = LINE ( 'NONE', #1136, #628 ) ;
#3978 = DIRECTION ( 'NONE',  ( 1.000000000000000000, 0.000000000000000000, 0.000000000000000000 ) ) ;
#3979 = ORIENTED_EDGE ( 'NONE', *, *, #47, .T. ) ;
#3980 = DIRECTION ( 'NONE',  ( 0.000000000000000000, 0.000000000000000000, 1.000000000000000000 ) ) ;
#3981 = AXIS2_PLACEMENT_3D ( 'NONE', #2073, #815, #2417 ) ;
#3982 = CARTESIAN_POINT ( 'NONE',  ( -29.99999999999999289, 11.18347951703823284, 4.959610265333069812 ) ) ;
#3983 = CARTESIAN_POINT ( 'NONE',  ( -29.99999999999999645, -12.39959676763724516, 1.000000000000000000 ) ) ;
#3984 = VERTEX_POINT ( 'NONE', #728 ) ;
#3985 = EDGE_LOOP ( 'NONE', ( #1752, #3074, #2751, #3793 ) ) ;
#3986 = ADVANCED_FACE ( 'NONE', ( #1329 ), #3720, .F. ) ;
#3987 = CARTESIAN_POINT ( 'NONE',  ( 20.76404505467631623, -24.74999999999998934, 0.7340699861777739699 ) ) ;
#3988 = VERTEX_POINT ( 'NONE', #1324 ) ;
#3989 = CARTESIAN_POINT ( 'NONE',  ( 0.000000000000000000, 1.040834085586084257E-14, 3.500000000000000000 ) ) ;
#3990 = CARTESIAN_POINT ( 'NONE',  ( 27.47069897571622477, 2.946714785400556647, 6.882142696441180625E-19 ) ) ;
#3991 = ORIENTED_EDGE ( 'NONE', *, *, #3526, .F. ) ;
#3992 = ORIENTED_EDGE ( 'NONE', *, *, #1016, .F. ) ;
#3993 = CARTESIAN_POINT ( 'NONE',  ( -29.99999999999999289, 12.31120208846613195, 4.399520483399760096 ) ) ;
#3994 = CARTESIAN_POINT ( 'NONE',  ( -29.96093750000000000, -12.59334046713157740, 4.000000000000000000 ) ) ;
#3995 = CARTESIAN_POINT ( 'NONE',  ( 0.000000000000000000, 0.000000000000000000, 3.500000000000000000 ) ) ;
#3996 = CARTESIAN_POINT ( 'NONE',  ( 29.91716639743659201, 12.44837307043387575, 0.5601657677458493634 ) ) ;
#3997 = CARTESIAN_POINT ( 'NONE',  ( -20.49502763166936603, -21.42100285229379253, 0.4611677778263747474 ) ) ;
#3998 = AXIS2_PLACEMENT_3D ( 'NONE', #1271, #1565, #3740 ) ;
#3999 = FACE_OUTER_BOUND ( 'NONE', #929, .T. ) ;
#4000 = CARTESIAN_POINT ( 'NONE',  ( -29.91773927310824632, -12.45027225424083106, 4.437095653910457571 ) ) ;
#4001 = EDGE_CURVE ( 'NONE', #3589, #1181, #3628, .T. ) ;
#4002 = DIRECTION ( 'NONE',  ( 1.000000000000000000, 0.000000000000000000, 0.000000000000000000 ) ) ;
#4003 = ADVANCED_FACE ( 'NONE', ( #3999 ), #3867, .F. ) ;
#4004 = LINE ( 'NONE', #3008, #2372 ) ;
#4005 = CARTESIAN_POINT ( 'NONE',  ( 30.00000000000000355, -2.102695122396130015E-15, 0.4999999999999995559 ) ) ;
#4006 = CARTESIAN_POINT ( 'NONE',  ( 29.96093750000000355, -12.59334046713155963, 0.9999999999999978906 ) ) ;
#4007 = CIRCLE ( 'NONE', #1627, 5.000000000000000888 ) ;
#4008 = AXIS2_PLACEMENT_3D ( 'NONE', #3060, #3972, #3085 ) ;
#4009 = DIRECTION ( 'NONE',  ( 0.000000000000000000, 0.000000000000000000, -1.000000000000000000 ) ) ;
#4010 = FACE_BOUND ( 'NONE', #784, .T. ) ;
#4011 = ORIENTED_EDGE ( 'NONE', *, *, #3283, .F. ) ;
#4012 = CARTESIAN_POINT ( 'NONE',  ( -29.99999999999999645, -11.29944436879089409, 4.494169750419924725 ) ) ;
#4013 = EDGE_CURVE ( 'NONE', #2494, #2579, #1234, .T. ) ;
#4014 = DIRECTION ( 'NONE',  ( -0.000000000000000000, -0.000000000000000000, -1.000000000000000000 ) ) ;
#4015 = CIRCLE ( 'NONE', #3156, 8.500000000000000000 ) ;
#4016 = CARTESIAN_POINT ( 'NONE',  ( 25.50000000000000355, 12.72792206135785875, 3.500000000000000000 ) ) ;
#4017 = CARTESIAN_POINT ( 'NONE',  ( -29.99999999999999645, 12.22002045158340700, 4.256560851958485436 ) ) ;
#4018 = CARTESIAN_POINT ( 'NONE',  ( 29.69413957446965213, -11.70394472709338274, 4.915343101088062383 ) ) ;
#4019 = CARTESIAN_POINT ( 'NONE',  ( 29.50000000000000355, -12.39959676763722918, 4.000000000000000000 ) ) ;
#4020 = EDGE_CURVE ( 'NONE', #353, #2347, #2422, .T. ) ;
#4021 = LINE ( 'NONE', #668, #2389 ) ;
#4022 = ORIENTED_EDGE ( 'NONE', *, *, #1449, .F. ) ;
#4023 = ADVANCED_FACE ( 'NONE', ( #1433 ), #3896, .T. ) ;
#4024 = FACE_OUTER_BOUND ( 'NONE', #1669, .T. ) ;
#4025 = CARTESIAN_POINT ( 'NONE',  ( 29.94868556131160986, 12.55281203245877464, 0.7483204069392590529 ) ) ;
#4026 = DIRECTION ( 'NONE',  ( -0.000000000000000000, -0.000000000000000000, -1.000000000000000000 ) ) ;
#4027 = ORIENTED_EDGE ( 'NONE', *, *, #3976, .T. ) ;
#4028 = EDGE_CURVE ( 'NONE', #3850, #290, #615, .T. ) ;
ENDSEC;
END-ISO-10303-21;
